blockNumber,timeStamp,hash,nonce,blockHash,from,contractAddress,to,value,tokenName,tokenSymbol,tokenDecimal,transactionIndex,gas,gasPrice,gasUsed,cumulativeGasUsed,input,methodId,functionName,confirmations
13693123,1637976234,0xb4a76fa7e11d1a9660e098234d785bcdfc6d24de5fdf8013edfc39a681cd1e15,0,0x54bc8b24772ff0f8b4f807e966c1997fa7266703d4aa8d2ead78cd3607b9d05e,0x0000000000000000000000000000000000000000,0xe460f3e0adc58357ea5e3ac1d839611dee826354,0xbeadea03174167364bace137cf4ff85f62fc09d4,500000000000000000000000000,Boba Token,BOBA,18,10,2936802,135000000000,2936802,4639722,deprecated,0x60806040,"atInversebrah(int248 a, uint48[] b, uint32 c, bytes20[] d, bytes30[] e)",11368531
13693123,1637976234,0xb4a76fa7e11d1a9660e098234d785bcdfc6d24de5fdf8013edfc39a681cd1e15,0,0x54bc8b24772ff0f8b4f807e966c1997fa7266703d4aa8d2ead78cd3607b9d05e,0x0000000000000000000000000000000000000000,0xe460f3e0adc58357ea5e3ac1d839611dee826354,0x98d586664fe72119e870b6071f396f03955166c0,0,Boba Token,BOBA,18,10,2936802,135000000000,2936802,4639722,deprecated,0x60806040,"atInversebrah(int248 a, uint48[] b, uint32 c, bytes20[] d, bytes30[] e)",11368531
13693123,1637976234,0xb4a76fa7e11d1a9660e098234d785bcdfc6d24de5fdf8013edfc39a681cd1e15,0,0x54bc8b24772ff0f8b4f807e966c1997fa7266703d4aa8d2ead78cd3607b9d05e,0x0000000000000000000000000000000000000000,0xe460f3e0adc58357ea5e3ac1d839611dee826354,0x98d586664fe72119e870b6071f396f03955166c0,0,Boba Token,BOBA,18,10,2936802,135000000000,2936802,4639722,deprecated,0x60806040,"atInversebrah(int248 a, uint48[] b, uint32 c, bytes20[] d, bytes30[] e)",11368531
13693123,1637976234,0xb4a76fa7e11d1a9660e098234d785bcdfc6d24de5fdf8013edfc39a681cd1e15,0,0x54bc8b24772ff0f8b4f807e966c1997fa7266703d4aa8d2ead78cd3607b9d05e,0x0000000000000000000000000000000000000000,0xe460f3e0adc58357ea5e3ac1d839611dee826354,0x98d586664fe72119e870b6071f396f03955166c0,0,Boba Token,BOBA,18,10,2936802,135000000000,2936802,4639722,deprecated,0x60806040,"atInversebrah(int248 a, uint48[] b, uint32 c, bytes20[] d, bytes30[] e)",11368531
13693123,1637976234,0xb4a76fa7e11d1a9660e098234d785bcdfc6d24de5fdf8013edfc39a681cd1e15,0,0x54bc8b24772ff0f8b4f807e966c1997fa7266703d4aa8d2ead78cd3607b9d05e,0x0000000000000000000000000000000000000000,0xe460f3e0adc58357ea5e3ac1d839611dee826354,0x98d586664fe72119e870b6071f396f03955166c0,0,Boba Token,BOBA,18,10,2936802,135000000000,2936802,4639722,deprecated,0x60806040,"atInversebrah(int248 a, uint48[] b, uint32 c, bytes20[] d, bytes30[] e)",11368531
13693123,1637976234,0xb4a76fa7e11d1a9660e098234d785bcdfc6d24de5fdf8013edfc39a681cd1e15,0,0x54bc8b24772ff0f8b4f807e966c1997fa7266703d4aa8d2ead78cd3607b9d05e,0x0000000000000000000000000000000000000000,0xe460f3e0adc58357ea5e3ac1d839611dee826354,0xdc1664458d2f0b6090bea60a8793a4e66c2f1c00,0,Boba Token,BOBA,18,10,2936802,135000000000,2936802,4639722,deprecated,0x60806040,"atInversebrah(int248 a, uint48[] b, uint32 c, bytes20[] d, bytes30[] e)",11368531
13693123,1637976234,0xb4a76fa7e11d1a9660e098234d785bcdfc6d24de5fdf8013edfc39a681cd1e15,0,0x54bc8b24772ff0f8b4f807e966c1997fa7266703d4aa8d2ead78cd3607b9d05e,0x0000000000000000000000000000000000000000,0xe460f3e0adc58357ea5e3ac1d839611dee826354,0xdc1664458d2f0b6090bea60a8793a4e66c2f1c00,0,Boba Token,BOBA,18,10,2936802,135000000000,2936802,4639722,deprecated,0x60806040,"atInversebrah(int248 a, uint48[] b, uint32 c, bytes20[] d, bytes30[] e)",11368531
13693123,1637976234,0xb4a76fa7e11d1a9660e098234d785bcdfc6d24de5fdf8013edfc39a681cd1e15,0,0x54bc8b24772ff0f8b4f807e966c1997fa7266703d4aa8d2ead78cd3607b9d05e,0x0000000000000000000000000000000000000000,0xe460f3e0adc58357ea5e3ac1d839611dee826354,0xdc1664458d2f0b6090bea60a8793a4e66c2f1c00,0,Boba Token,BOBA,18,10,2936802,135000000000,2936802,4639722,deprecated,0x60806040,"atInversebrah(int248 a, uint48[] b, uint32 c, bytes20[] d, bytes30[] e)",11368531
13693123,1637976234,0xb4a76fa7e11d1a9660e098234d785bcdfc6d24de5fdf8013edfc39a681cd1e15,0,0x54bc8b24772ff0f8b4f807e966c1997fa7266703d4aa8d2ead78cd3607b9d05e,0x0000000000000000000000000000000000000000,0xe460f3e0adc58357ea5e3ac1d839611dee826354,0xdc1664458d2f0b6090bea60a8793a4e66c2f1c00,0,Boba Token,BOBA,18,10,2936802,135000000000,2936802,4639722,deprecated,0x60806040,"atInversebrah(int248 a, uint48[] b, uint32 c, bytes20[] d, bytes30[] e)",11368531
13693123,1637976234,0xb4a76fa7e11d1a9660e098234d785bcdfc6d24de5fdf8013edfc39a681cd1e15,0,0x54bc8b24772ff0f8b4f807e966c1997fa7266703d4aa8d2ead78cd3607b9d05e,0x0000000000000000000000000000000000000000,0xe460f3e0adc58357ea5e3ac1d839611dee826354,0xdc1664458d2f0b6090bea60a8793a4e66c2f1c00,0,Boba Token,BOBA,18,10,2936802,135000000000,2936802,4639722,deprecated,0x60806040,"atInversebrah(int248 a, uint48[] b, uint32 c, bytes20[] d, bytes30[] e)",11368531
13693123,1637976234,0xb4a76fa7e11d1a9660e098234d785bcdfc6d24de5fdf8013edfc39a681cd1e15,0,0x54bc8b24772ff0f8b4f807e966c1997fa7266703d4aa8d2ead78cd3607b9d05e,0x0000000000000000000000000000000000000000,0xe460f3e0adc58357ea5e3ac1d839611dee826354,0x23735750a6ed0119e778d9bb969137df8cc8c3d1,0,Boba Token,BOBA,18,10,2936802,135000000000,2936802,4639722,deprecated,0x60806040,"atInversebrah(int248 a, uint48[] b, uint32 c, bytes20[] d, bytes30[] e)",11368531
13693123,1637976234,0xb4a76fa7e11d1a9660e098234d785bcdfc6d24de5fdf8013edfc39a681cd1e15,0,0x54bc8b24772ff0f8b4f807e966c1997fa7266703d4aa8d2ead78cd3607b9d05e,0x0000000000000000000000000000000000000000,0xe460f3e0adc58357ea5e3ac1d839611dee826354,0x23735750a6ed0119e778d9bb969137df8cc8c3d1,0,Boba Token,BOBA,18,10,2936802,135000000000,2936802,4639722,deprecated,0x60806040,"atInversebrah(int248 a, uint48[] b, uint32 c, bytes20[] d, bytes30[] e)",11368531
13693123,1637976234,0xb4a76fa7e11d1a9660e098234d785bcdfc6d24de5fdf8013edfc39a681cd1e15,0,0x54bc8b24772ff0f8b4f807e966c1997fa7266703d4aa8d2ead78cd3607b9d05e,0x0000000000000000000000000000000000000000,0xe460f3e0adc58357ea5e3ac1d839611dee826354,0x23735750a6ed0119e778d9bb969137df8cc8c3d1,0,Boba Token,BOBA,18,10,2936802,135000000000,2936802,4639722,deprecated,0x60806040,"atInversebrah(int248 a, uint48[] b, uint32 c, bytes20[] d, bytes30[] e)",11368531
13693123,1637976234,0xb4a76fa7e11d1a9660e098234d785bcdfc6d24de5fdf8013edfc39a681cd1e15,0,0x54bc8b24772ff0f8b4f807e966c1997fa7266703d4aa8d2ead78cd3607b9d05e,0x0000000000000000000000000000000000000000,0xe460f3e0adc58357ea5e3ac1d839611dee826354,0x23735750a6ed0119e778d9bb969137df8cc8c3d1,0,Boba Token,BOBA,18,10,2936802,135000000000,2936802,4639722,deprecated,0x60806040,"atInversebrah(int248 a, uint48[] b, uint32 c, bytes20[] d, bytes30[] e)",11368531
13693123,1637976234,0xb4a76fa7e11d1a9660e098234d785bcdfc6d24de5fdf8013edfc39a681cd1e15,0,0x54bc8b24772ff0f8b4f807e966c1997fa7266703d4aa8d2ead78cd3607b9d05e,0x0000000000000000000000000000000000000000,0xe460f3e0adc58357ea5e3ac1d839611dee826354,0x23735750a6ed0119e778d9bb969137df8cc8c3d1,0,Boba Token,BOBA,18,10,2936802,135000000000,2936802,4639722,deprecated,0x60806040,"atInversebrah(int248 a, uint48[] b, uint32 c, bytes20[] d, bytes30[] e)",11368531
13693140,1637976454,0xbd637829d21f6303f8243c02c8ad4c36ed6c7628e3a2cd676b57ad5173283cd5,2,0x02b512c617def65f794405c96c3f86a0c02d3d299352d938bbfe4d7f2351e3f5,0xbeadea03174167364bace137cf4ff85f62fc09d4,0xe460f3e0adc58357ea5e3ac1d839611dee826354,0xd6224fe5795006cc35d5a7968e9efac9ad9d1421,10000000000000000000000000,Boba Token,BOBA,18,129,3034207,115000000000,2716691,13463296,deprecated,0xf305d719,"addLiquidityETH(address token, uint256 amountTokenDesired, uint256 amountTokenMin, uint256 amountETHMin, address to, uint256 deadline)",11368514
13693151,1637976659,0x80657e5ad2662930f374602339fc1eccc70ae58be2e3a1e4cadc6d141ba18d35,3,0x5972dd88133e1dd4aa1701b1ab2a1ce4578bdd1c53e437a391dc3c394e707d49,0xbeadea03174167364bace137cf4ff85f62fc09d4,0xe460f3e0adc58357ea5e3ac1d839611dee826354,0xdc1664458d2f0b6090bea60a8793a4e66c2f1c00,73320613713625798742149738,Boba Token,BOBA,18,199,84937,115000000000,56625,10257448,deprecated,0xa9059cbb,"transfer(address _to, uint256 _value)",11368503
13693156,1637976742,0x26e16432aeb96c63b3cf285a702f337a235d69ce9c2a04b33dbbbd6116c2f6c7,4,0x0e4904de07ab0c396272234e359445542423b435e71e2e88caf94dc393b5a6c1,0xbeadea03174167364bace137cf4ff85f62fc09d4,0xe460f3e0adc58357ea5e3ac1d839611dee826354,0xf977814e90da44bfa03b6295a0616a897441acec,10816485183840880000000000,Boba Token,BOBA,18,13,100000,135000000000,56625,717426,deprecated,0xa9059cbb,"transfer(address _to, uint256 _value)",11368498
13693162,1637976850,0x4e2ffcd403531371b9bfc8124925737910b9d6e8a247dc723998c23893422f7b,5,0x41317939a572165f22b53afacfcf525f292239b05e69a75b9e7001e960b21822,0xbeadea03174167364bace137cf4ff85f62fc09d4,0xe460f3e0adc58357ea5e3ac1d839611dee826354,0x28c6c06298d514db089934071355e5743bf21d60,4454670619379879086397500,Boba Token,BOBA,18,115,84955,135000000000,56637,5946586,deprecated,0xa9059cbb,"transfer(address _to, uint256 _value)",11368492
13693163,1637976865,0xa6490993b5f10f94c3670e245fae2c3788fc829bddd9ef964054cc5c90c59ff1,6,0x3c49c0134de239ed6b373f81501a276080a7165e3773dc30f228d688f0590ed6,0xbeadea03174167364bace137cf4ff85f62fc09d4,0xe460f3e0adc58357ea5e3ac1d839611dee826354,0xe9f7ecae3a53d2a67105292894676b00d1fab785,2902555173298591700000000,Boba Token,BOBA,18,85,84919,132000000000,56613,5432546,deprecated,0xa9059cbb,"transfer(address _to, uint256 _value)",11368491
13693163,1637976865,0xf172c4e52b7e256a2bfeadec9ef8d73d87295998f4338a5aa5c6ff3797315db3,7,0x3c49c0134de239ed6b373f81501a276080a7165e3773dc30f228d688f0590ed6,0xbeadea03174167364bace137cf4ff85f62fc09d4,0xe460f3e0adc58357ea5e3ac1d839611dee826354,0x23735750a6ed0119e778d9bb969137df8cc8c3d1,23076475137660378778987601,Boba Token,BOBA,18,88,84955,131000000000,56637,5575941,deprecated,0xa9059cbb,"transfer(address _to, uint256 _value)",11368491
13693168,1637976930,0x3dd3ed89180d38dde2ddfe9b8091ee0149d6b1feadc44b17152b34c03a948912,8,0x02d66b6526aacbdbaf6c14b2c4b8e87722267896559693bdffe9cd38722d930b,0xd6224fe5795006cc35d5a7968e9efac9ad9d1421,0xe460f3e0adc58357ea5e3ac1d839611dee826354,0xdc1664458d2f0b6090bea60a8793a4e66c2f1c00,83038357498160393233496,Boba Token,BOBA,18,72,183488,121000000000,140974,4560247,deprecated,0x7ff36ab5,"swapExactETHForTokens(uint256 amountOutMin, address[] path, address to, uint256 deadline)",11368486
13693174,1637977002,0x330ab3f0ba7d8918111f0cf850edc25c63d059b1260f29a3abab8e82db84ca05,9,0xb9d40f2b8e09c80bbce654bfc67c74fa484fe925a0e2f38791f7353c49675a19,0xd6224fe5795006cc35d5a7968e9efac9ad9d1421,0xe460f3e0adc58357ea5e3ac1d839611dee826354,0x98d586664fe72119e870b6071f396f03955166c0,104843115864817279761947,Boba Token,BOBA,18,78,164393,110000000000,123886,8716850,deprecated,0x7ff36ab5,"swapExactETHForTokens(uint256 amountOutMin, address[] path, address to, uint256 deadline)",11368480
13693175,1637977017,0xa08d63a55a5944b37b3a5874ab5caceebb8b56f9e57d16f542c4cfb2b8596be5,10,0xe4b716dedecd66eb9272a4c85e1392653f5ee3be0c5b000133f9bb26fb87b6c2,0xd6224fe5795006cc35d5a7968e9efac9ad9d1421,0xe460f3e0adc58357ea5e3ac1d839611dee826354,0x23735750a6ed0119e778d9bb969137df8cc8c3d1,133800953294672804724357,Boba Token,BOBA,18,51,145284,121000000000,106786,3332075,deprecated,0x7ff36ab5,"swapExactETHForTokens(uint256 amountOutMin, address[] path, address to, uint256 deadline)",11368479
13693176,1637977030,0x0726ec2d4a52949cc6eac8eda91e310b20f5d30f7c8599b2750f0ecbf40806e5,11,0x5008b5e1c8cbceb910ce84ad3bf24c6798159913644efb243362b17b35edc9be,0xbeadea03174167364bace137cf4ff85f62fc09d4,0xe460f3e0adc58357ea5e3ac1d839611dee826354,0x2faf487a4414fe77e2327f0bf4ae2a264a776ad2,16848478059892000000000000,Boba Token,BOBA,18,81,100000,122000000000,56625,5436383,deprecated,0xa9059cbb,"transfer(address _to, uint256 _value)",11368478
13693194,1637977208,0x8a052a02e31432203dc368340f04a60a7acfb96bdd5397ce8732ecea4ff9339f,12,0xd9983fbe7f138f1465bf3eea2b7a88628819d4b5610395e08c76db347e66b0bd,0xbeadea03174167364bace137cf4ff85f62fc09d4,0xe460f3e0adc58357ea5e3ac1d839611dee826354,0x98d586664fe72119e870b6071f396f03955166c0,358580722112302471692465161,Boba Token,BOBA,18,142,59323,125000000000,34749,10833274,deprecated,0xa9059cbb,"transfer(address _to, uint256 _value)",11368460
13693194,1637977208,0xcf315f867629902b9242d59415a9252c6ffe3b0707c5007dafcd6ffd5ef23250,13,0xd9983fbe7f138f1465bf3eea2b7a88628819d4b5610395e08c76db347e66b0bd,0xd6224fe5795006cc35d5a7968e9efac9ad9d1421,0xe460f3e0adc58357ea5e3ac1d839611dee826354,0x9790e2f55c718a3c3d701542072d7c1d3d2e3f5f,462353384206972600000000,Boba Token,BOBA,18,252,171447,108000000000,131277,17923739,deprecated,0xfb3bdb41,"swapETHForExactTokens(uint256 amountOut, address[] path, address to, uint256 deadline)",11368460
13693194,1637977208,0xe5fb66048875f5d7282e3297d48713eccf9ef22c18b6285502c6d99ae76f571d,14,0xd9983fbe7f138f1465bf3eea2b7a88628819d4b5610395e08c76db347e66b0bd,0xd6224fe5795006cc35d5a7968e9efac9ad9d1421,0xe460f3e0adc58357ea5e3ac1d839611dee826354,0x7ab0a00f34d575ae535d9d1e45950aff6f5f63e0,207388644015386299953864,Boba Token,BOBA,18,253,164393,121000000000,113470,18037209,deprecated,0x7ff36ab5,"swapExactETHForTokens(uint256 amountOutMin, address[] path, address to, uint256 deadline)",11368460
13693221,1637977651,0x08ece598587190515e1f27b8153f2e12a1de43ceb6a12aff89343c0b9e06761c,23,0xfda802844246f445ca665fa310a419c10fac598f5d3bbc82a4750b9d5fc21dad,0xd6224fe5795006cc35d5a7968e9efac9ad9d1421,0xe460f3e0adc58357ea5e3ac1d839611dee826354,0x5181153740f19afbfad3f3f15df81c334bcbdf21,17737661308041741334255,Boba Token,BOBA,18,170,179338,100278506259,123886,17903881,deprecated,0x7ff36ab5,"swapExactETHForTokens(uint256 amountOutMin, address[] path, address to, uint256 deadline)",11368433
13693256,1637978058,0xae57aa6731f3ac426f76b734834e586e15421de3570340837e9f19a2db2c729c,15,0xcd06077d53303e05027f13ba4dd2fa01f6890704ccfa3bc823339eae4763690d,0xd6224fe5795006cc35d5a7968e9efac9ad9d1421,0xe460f3e0adc58357ea5e3ac1d839611dee826354,0x9d812d692277f2fcdd74750c8449bf630e055a46,51467456392600000000000,Boba Token,BOBA,18,57,171447,111000000000,131277,3179943,deprecated,0xfb3bdb41,"swapETHForExactTokens(uint256 amountOut, address[] path, address to, uint256 deadline)",11368398
13693260,1637978098,0x028dcf3a351e5d84a74cf62d9d5b2f0b11d6f45085323eaece7da5c8ef44863a,16,0x4c1fdaa976a861abbc38f52bc11462c9c9fe9098dfaff751bfda09e2e097b8e1,0xd6224fe5795006cc35d5a7968e9efac9ad9d1421,0xe460f3e0adc58357ea5e3ac1d839611dee826354,0x0ff44943e24534a8c5c043e395d7f1348cb6d4a4,184791246017205355925653,Boba Token,BOBA,18,181,164393,85000000000,123886,11879219,deprecated,0x7ff36ab5,"swapExactETHForTokens(uint256 amountOutMin, address[] path, address to, uint256 deadline)",11368394
13693260,1637978098,0x61f264ab6d0d1796b79678d71e2a34c845915812dd63586f9e14a5684df7b6aa,17,0x4c1fdaa976a861abbc38f52bc11462c9c9fe9098dfaff751bfda09e2e097b8e1,0xd6224fe5795006cc35d5a7968e9efac9ad9d1421,0xe460f3e0adc58357ea5e3ac1d839611dee826354,0xdbfc4549b325b6f00013a3861b87aab6696fdbee,635842000000000000000000,Boba Token,BOBA,18,182,171420,100000000000,120837,12000056,deprecated,0xfb3bdb41,"swapETHForExactTokens(uint256 amountOut, address[] path, address to, uint256 deadline)",11368394
13693260,1637978098,0xbbb0b1d73c7c33dc7887558d5e9bc084eee787af53f0c8d12f6894e9ccd41767,18,0x4c1fdaa976a861abbc38f52bc11462c9c9fe9098dfaff751bfda09e2e097b8e1,0xd6224fe5795006cc35d5a7968e9efac9ad9d1421,0xe460f3e0adc58357ea5e3ac1d839611dee826354,0x4a0db64b612d5f64b2e7dcbaa9ceda7f12a4e18a,141232402746043954839641,Boba Token,BOBA,18,183,164393,111000000000,113470,12113526,deprecated,0x7ff36ab5,"swapExactETHForTokens(uint256 amountOutMin, address[] path, address to, uint256 deadline)",11368394
13693260,1637978098,0x330a6e657d40a23d6e8c90a6891f0d19db82635d9c2e38a35d6315fd65a4fd70,19,0x4c1fdaa976a861abbc38f52bc11462c9c9fe9098dfaff751bfda09e2e097b8e1,0xd6224fe5795006cc35d5a7968e9efac9ad9d1421,0xe460f3e0adc58357ea5e3ac1d839611dee826354,0xce2cc46682e9c6d5f174af598fb4931a9c0be68e,251900000000000000000000,Boba Token,BOBA,18,184,171433,111000000000,120849,12234375,deprecated,0xfb3bdb41,"swapETHForExactTokens(uint256 amountOut, address[] path, address to, uint256 deadline)",11368394
13693260,1637978098,0xfbc4eb5d79a923110ba3e300da9a8abe43ad7b49b558b71646b4e2b56692d17e,20,0x4c1fdaa976a861abbc38f52bc11462c9c9fe9098dfaff751bfda09e2e097b8e1,0xd6224fe5795006cc35d5a7968e9efac9ad9d1421,0xe460f3e0adc58357ea5e3ac1d839611dee826354,0xb15bfc3c04a726dc6df1bd8d658e1a1e43a9af33,801370000000000000000,Boba Token,BOBA,18,185,171420,111000000000,120837,12355212,deprecated,0xfb3bdb41,"swapETHForExactTokens(uint256 amountOut, address[] path, address to, uint256 deadline)",11368394
13693262,1637978155,0xf60941345e1f083ad9fa8cebdd3b592ef210f65a92c6091dc93302b81191df29,21,0x23a44353208a34e687a1e4e2d69d75644b365f7e97e60e365327a370a1859383,0xd6224fe5795006cc35d5a7968e9efac9ad9d1421,0xe460f3e0adc58357ea5e3ac1d839611dee826354,0x742d35cc6634c0532925a3b844bc454e4438f44e,747213571710000000000000,Boba Token,BOBA,18,190,159989,101000000000,131277,12472758,deprecated,0xfb3bdb41,"swapETHForExactTokens(uint256 amountOut, address[] path, address to, uint256 deadline)",11368392
13693264,1637978193,0x4c4a549ef109e4dd3950b67ac8d8a0b6d6d5c9155cbc7eed71a757b1e49e34be,22,0x3414b9775016e1a423b50d6c4bd6679d3e6b5ac541e80bfcecc161f11771e761,0xd6224fe5795006cc35d5a7968e9efac9ad9d1421,0xe460f3e0adc58357ea5e3ac1d839611dee826354,0xb9424fa9bc8c5524c38558146a1b864ea21124b0,619296799999000000000000,Boba Token,BOBA,18,23,159989,111000000000,131277,1401012,deprecated,0xfb3bdb41,"swapETHForExactTokens(uint256 amountOut, address[] path, address to, uint256 deadline)",11368390
13693270,1637978255,0xb6c76203a7915a52bcb072741f66cd5756bd61ba640cb0bbe3a281c5f79c6f3f,23,0xe55986ea6d154ebeb8be38ff4f2306a2b3785eb78d22d7d65440d410fa84e0af,0xd6224fe5795006cc35d5a7968e9efac9ad9d1421,0xe460f3e0adc58357ea5e3ac1d839611dee826354,0x86e284421664840cb65c5b918da59c01ed8fa666,554910000000000000000000,Boba Token,BOBA,18,62,159976,111000000000,131265,3439677,deprecated,0xfb3bdb41,"swapETHForExactTokens(uint256 amountOut, address[] path, address to, uint256 deadline)",11368384
13693270,1637978255,0x531b97060e3af2b04bb1b8205e106bafe489b41ed3c86e2b7d4df16d4ae8803d,24,0xe55986ea6d154ebeb8be38ff4f2306a2b3785eb78d22d7d65440d410fa84e0af,0xd6224fe5795006cc35d5a7968e9efac9ad9d1421,0xe460f3e0adc58357ea5e3ac1d839611dee826354,0xa910f92acdaf488fa6ef02174fb86208ad7722ba,398733094776890000000000,Boba Token,BOBA,18,63,171447,111000000000,120861,3560538,deprecated,0xfb3bdb41,"swapETHForExactTokens(uint256 amountOut, address[] path, address to, uint256 deadline)",11368384
13693273,1637978321,0x497e2d55a7c2c5bcb6dababb89c1b35da99d7ea0098d8959c9e2c35e1d041e4e,25,0xd598206f2c60f3f17a0e9c941a21ffa9395143a7461c74e1b08a28171a900cd1,0xd6224fe5795006cc35d5a7968e9efac9ad9d1421,0xe460f3e0adc58357ea5e3ac1d839611dee826354,0x523507fc9b69073f086544e97e32106f824d1f6d,312516500000000000000000,Boba Token,BOBA,18,66,171433,111000000000,131265,4670174,deprecated,0xfb3bdb41,"swapETHForExactTokens(uint256 amountOut, address[] path, address to, uint256 deadline)",11368381
13693274,1637978350,0xbb532db8658a1fa20f5d297def5986f4c336c07fd0bc5ee26c4ceebe6ff0fbf3,26,0x32758999abc512e1f771c1f98f81c0d4ed477c0ef2687fc342ba281a694842ec,0xd6224fe5795006cc35d5a7968e9efac9ad9d1421,0xe460f3e0adc58357ea5e3ac1d839611dee826354,0xe3031c1bfaa7825813c562cbdcc69d96fcad2087,297303492661520000000000,Boba Token,BOBA,18,40,159989,111000000000,131277,3185367,deprecated,0xfb3bdb41,"swapETHForExactTokens(uint256 amountOut, address[] path, address to, uint256 deadline)",11368380
13693283,1637978426,0xb1d40eaa7b74a8466b4963f73382f929d588402f9c8abaf1e0a05210e8f3eac0,27,0xa830d8c296f64267e8c60b1de2ac98247eaf48c55e9170e0561888a25f0c4dac,0xd6224fe5795006cc35d5a7968e9efac9ad9d1421,0xe460f3e0adc58357ea5e3ac1d839611dee826354,0xa699f841f2573675e7ce7a6dd58d1eed4d147a26,276767040033759600000000,Boba Token,BOBA,18,813,171447,115000000000,131277,23696980,deprecated,0xfb3bdb41,"swapETHForExactTokens(uint256 amountOut, address[] path, address to, uint256 deadline)",11368371
13693331,1637979028,0x5362cc974b690a77c1559deab3b3c61a146479ceb267171a98da29c28c184c8b,28,0x6b9836eeea9fe8b4dfc6c79324d2d78a56ac5442b35b98832194cd3ddbb2db0d,0xd6224fe5795006cc35d5a7968e9efac9ad9d1421,0xe460f3e0adc58357ea5e3ac1d839611dee826354,0x1e2fcfd26d36183f1a5d90f0e6296915b02bcb40,221430000000000000000000,Boba Token,BOBA,18,51,159976,158510000000,131265,3990477,deprecated,0xfb3bdb41,"swapETHForExactTokens(uint256 amountOut, address[] path, address to, uint256 deadline)",11368323
13693333,1637979047,0x835707071345d904bc85338294950872a73716a2c0bdbaddf98e7361e6978103,29,0x091581f90052bc66935a983d94318ce0eee8dd011ac5218c86bbd89b70c75386,0xd6224fe5795006cc35d5a7968e9efac9ad9d1421,0xe460f3e0adc58357ea5e3ac1d839611dee826354,0x75e89d5979e4f6fba9f97c104c2f0afb3f1dcb88,183865246254331365000000,Boba Token,BOBA,18,69,171460,131000000000,131289,3562958,deprecated,0xfb3bdb41,"swapETHForExactTokens(uint256 amountOut, address[] path, address to, uint256 deadline)",11368321
13693346,1637979128,0x2abd66b106408d8203af3b9d868c242c89ba9917d7f233e59a63749ca91e3288,30,0xbee05819e496e300f953589b8c49a927dd2c432932cdf8981a438fdc60899f1a,0xd6224fe5795006cc35d5a7968e9efac9ad9d1421,0xe460f3e0adc58357ea5e3ac1d839611dee826354,0x167a9333bf582556f35bd4d16a7e80e191aa6476,181230000000000000000000,Boba Token,BOBA,18,120,171433,141000000000,131265,7965217,deprecated,0xfb3bdb41,"swapETHForExactTokens(uint256 amountOut, address[] path, address to, uint256 deadline)",11368308
13693355,1637979310,0x86f9414fab6dd3ca8beeeabc113af9be4e21dd0819a73c13b37f83d8ffd4bf54,31,0x9577740af0dbce5172af7040d1472742f4caeae6343509f8edb328170ec01488,0xd6224fe5795006cc35d5a7968e9efac9ad9d1421,0xe460f3e0adc58357ea5e3ac1d839611dee826354,0x4a529f9983c7554eacabf6a6e75ab94380682220,143682032237500000000000,Boba Token,BOBA,18,102,159989,131000000000,131277,8189293,deprecated,0xfb3bdb41,"swapETHForExactTokens(uint256 amountOut, address[] path, address to, uint256 deadline)",11368299
13693355,1637979310,0x2c66fe3d059ac058edc9cbc00b8688777625ac0c1100e3c940ce1d1b6239efb7,32,0x9577740af0dbce5172af7040d1472742f4caeae6343509f8edb328170ec01488,0xd6224fe5795006cc35d5a7968e9efac9ad9d1421,0xe460f3e0adc58357ea5e3ac1d839611dee826354,0x17fb18e234f2ce638ad1eac37966a3092996c366,134465000000000000000000,Boba Token,BOBA,18,103,159976,150000000000,120849,8310142,deprecated,0xfb3bdb41,"swapETHForExactTokens(uint256 amountOut, address[] path, address to, uint256 deadline)",11368299
13693355,1637979310,0xbd18b6a7a45605f941c8552b684017942ed51940e2b83df2499998c1cb88954c,33,0x9577740af0dbce5172af7040d1472742f4caeae6343509f8edb328170ec01488,0xd6224fe5795006cc35d5a7968e9efac9ad9d1421,0xe460f3e0adc58357ea5e3ac1d839611dee826354,0x876eabf441b2ee5b5b0554fd502a8e0600950cfa,110929812451004941029000,Boba Token,BOBA,18,104,171447,161000000000,120861,8431003,deprecated,0xfb3bdb41,"swapETHForExactTokens(uint256 amountOut, address[] path, address to, uint256 deadline)",11368299
13693363,1637979368,0x2f688e2c4a56b0c3b2857e5704b2799be90b6955042f6f22740a251861978ba0,34,0xab1de8051c7bf7343f975ea4b3805244bfdba390bff13afae2acd88f85f06b5f,0xd6224fe5795006cc35d5a7968e9efac9ad9d1421,0xe460f3e0adc58357ea5e3ac1d839611dee826354,0x605c6af3193082d1bf6b2ea60257f2f55a6c7ff3,97028054115000000000000,Boba Token,BOBA,18,27,171447,151000000000,131277,1263859,deprecated,0xfb3bdb41,"swapETHForExactTokens(uint256 amountOut, address[] path, address to, uint256 deadline)",11368291
13693378,1637979494,0xc3c26b651c9efb491048d5b1abc85405368ea42a4e52e537b9115e8e4a8c7906,35,0xed231f8daf0fb19dece6e6ca7b5a35b49877bfde0947943a316b49064b6f6b91,0xd6224fe5795006cc35d5a7968e9efac9ad9d1421,0xe460f3e0adc58357ea5e3ac1d839611dee826354,0xd94fd74537ef5477d7cf81b9a43380395e872882,92117251980673935682000,Boba Token,BOBA,18,57,171460,155000000000,131289,3991761,deprecated,0xfb3bdb41,"swapETHForExactTokens(uint256 amountOut, address[] path, address to, uint256 deadline)",11368276
13693378,1637979494,0x3a70dc8f5a030fce5328556db67d2a30a1eb5613dc0c2ad046ce91163909f924,36,0xed231f8daf0fb19dece6e6ca7b5a35b49877bfde0947943a316b49064b6f6b91,0xd6224fe5795006cc35d5a7968e9efac9ad9d1421,0xe460f3e0adc58357ea5e3ac1d839611dee826354,0xf3e36ad56aa85abdacc18c02d19509ae4f7d5899,77275500650000000000000,Boba Token,BOBA,18,58,171433,155000000000,120849,4112610,deprecated,0xfb3bdb41,"swapETHForExactTokens(uint256 amountOut, address[] path, address to, uint256 deadline)",11368276
13693379,1637979533,0x77f1642f271984678f1f1cceba1cd0aa729f3ece801ee2024eccac094a54364a,37,0xc30e01ba63ec582c444e39800f0c825d4bc857f6bd684fc9c0bf684846f1f36f,0xd6224fe5795006cc35d5a7968e9efac9ad9d1421,0xe460f3e0adc58357ea5e3ac1d839611dee826354,0xb716ac9a25ba7c9d412567c6302d39120bce0030,62774526890000000000000,Boba Token,BOBA,18,34,171433,141000000000,131265,2539935,deprecated,0xfb3bdb41,"swapETHForExactTokens(uint256 amountOut, address[] path, address to, uint256 deadline)",11368275
13693380,1637979547,0xb43d4856a24cd400386100bf227ddefade68220bc4eb432974aecc2eac55e079,38,0x929f0aaa1c30013af0dfecba7cd744680ed87dd5f2cc92eee402600ac57703cf,0xd6224fe5795006cc35d5a7968e9efac9ad9d1421,0xe460f3e0adc58357ea5e3ac1d839611dee826354,0xcf3517077d04d9ae8afbf36998f1d7f7c2409eb3,60547094950500000000000,Boba Token,BOBA,18,23,171447,138000000000,131277,1570319,deprecated,0xfb3bdb41,"swapETHForExactTokens(uint256 amountOut, address[] path, address to, uint256 deadline)",11368274
13693381,1637979565,0xaf573aeb78af3f823f93e766407b0bdacb6385acadf01017645ca3bb31dae1d4,39,0xffa90b8201727994b9f09f6a99254936a303991503224aada56a2d5d95d248e8,0xd6224fe5795006cc35d5a7968e9efac9ad9d1421,0xe460f3e0adc58357ea5e3ac1d839611dee826354,0x0b597f1bf4b7fbb4acd62e544608f8e15aaf71ba,55217000000000000000000,Boba Token,BOBA,18,63,171433,141000000000,131265,4086929,deprecated,0xfb3bdb41,"swapETHForExactTokens(uint256 amountOut, address[] path, address to, uint256 deadline)",11368273
13693382,1637979583,0x675991e00f28f87396d22f519f8eba3fe1e3be6a66045a10447ef4be18a10edd,40,0x4e6f409e1fe0630f94b9ed19d3af1ee722144cba3c9b6da7b954717c12779049,0xd6224fe5795006cc35d5a7968e9efac9ad9d1421,0xe460f3e0adc58357ea5e3ac1d839611dee826354,0x1a26ef6575b7bbb864d984d9255c069f6c361a14,54456325986767368000000,Boba Token,BOBA,18,87,171447,141000000000,131277,5928405,deprecated,0xfb3bdb41,"swapETHForExactTokens(uint256 amountOut, address[] path, address to, uint256 deadline)",11368272
13693382,1637979583,0x3b31d5dcad299a090f8e83c38ea9921a88fcf9cff15943a6c3186bf3df167a94,41,0x4e6f409e1fe0630f94b9ed19d3af1ee722144cba3c9b6da7b954717c12779049,0xd6224fe5795006cc35d5a7968e9efac9ad9d1421,0xe460f3e0adc58357ea5e3ac1d839611dee826354,0xfe4575b12ae3e027a7d6240bdcd9f5bddf379366,54395500000000000000000,Boba Token,BOBA,18,122,171433,131000000000,120849,7601609,deprecated,0xfb3bdb41,"swapETHForExactTokens(uint256 amountOut, address[] path, address to, uint256 deadline)",11368272
13693385,1637979647,0x6b052ca62ffaf934338866d8c36079d457ce39fc8e7a0cd6d76204adc32afdec,42,0xabb787dd70f71be76d721c4178ac7af253f45f43cdbee3f2d48d9f9cd6a24f32,0xd6224fe5795006cc35d5a7968e9efac9ad9d1421,0xe460f3e0adc58357ea5e3ac1d839611dee826354,0x903f53d4c4936e504cfd840825d5f7dc908ac890,53017013000000000000000,Boba Token,BOBA,18,133,171447,131000000000,131277,5178771,deprecated,0xfb3bdb41,"swapETHForExactTokens(uint256 amountOut, address[] path, address to, uint256 deadline)",11368269
13693393,1637979731,0xeca5bffa743d227acd6c6c62791f4c822f110e5f7772325d8d14191a69a4b604,43,0xa169c2994b83da2d39cdb3eb51ebd74f766543e2121a4b42d1723db79e6cecb4,0xd6224fe5795006cc35d5a7968e9efac9ad9d1421,0xe460f3e0adc58357ea5e3ac1d839611dee826354,0x969a5be17b7cbdb20f7e9684d929bc9157385b24,47536076230000000000000,Boba Token,BOBA,18,58,171447,143000000000,131277,4445145,deprecated,0xfb3bdb41,"swapETHForExactTokens(uint256 amountOut, address[] path, address to, uint256 deadline)",11368261
13693393,1637979731,0x9524242aca628adbb9a6bc303d76473c0778b5209384b5af1962d363f23335ad,44,0xa169c2994b83da2d39cdb3eb51ebd74f766543e2121a4b42d1723db79e6cecb4,0xd6224fe5795006cc35d5a7968e9efac9ad9d1421,0xe460f3e0adc58357ea5e3ac1d839611dee826354,0x6e43a1b2c93c9ede62c0c413cb8a3a638fdc7029,46990709300000000000000,Boba Token,BOBA,18,133,159989,121000000000,120861,8847163,deprecated,0xfb3bdb41,"swapETHForExactTokens(uint256 amountOut, address[] path, address to, uint256 deadline)",11368261
13693395,1637979760,0x9bd3796cee1103cd0cc2c1384f16b5e8d2e1e2c51036494d46522f3b7429c463,45,0xa7972c21a0765ce3ee7be71798952a0ec7ae8fe44d25e96c13cf0a951609bdb6,0xd6224fe5795006cc35d5a7968e9efac9ad9d1421,0xe460f3e0adc58357ea5e3ac1d839611dee826354,0x632a0d9741f79f5452013286f5eceb69e20398e8,46527429480000000000000,Boba Token,BOBA,18,34,159989,121000000000,131277,2534260,deprecated,0xfb3bdb41,"swapETHForExactTokens(uint256 amountOut, address[] path, address to, uint256 deadline)",11368259
13693396,1637979768,0x54bada5cf56e21d272f1d100eac5ace6a0838b4efcf7d026c74dba65105c312b,46,0x9bde75ed2d6bb7517c41bc270d9295837762fc037c0304736536d6c96fb11230,0xd6224fe5795006cc35d5a7968e9efac9ad9d1421,0xe460f3e0adc58357ea5e3ac1d839611dee826354,0x431a304c4a05c613818da782b019843451629c2f,45995500000000000000000,Boba Token,BOBA,18,223,159976,111000000000,131265,16540721,deprecated,0xfb3bdb41,"swapETHForExactTokens(uint256 amountOut, address[] path, address to, uint256 deadline)",11368258
13693402,1637979840,0x7fa9a6e32998aa02d61c98a8d7b09836650c18b205d848f56b9d1a54dea1e968,47,0x1a680c67bed5ff601e2a7faa9472ab727669e4eab924cc8b95edf0cfcd9d84fe,0xd6224fe5795006cc35d5a7968e9efac9ad9d1421,0xe460f3e0adc58357ea5e3ac1d839611dee826354,0xc8dad752bde723ed29d077c2cdea6e1cb0775ced,42891090769385000000000,Boba Token,BOBA,18,63,159989,111000000000,131277,5342925,deprecated,0xfb3bdb41,"swapETHForExactTokens(uint256 amountOut, address[] path, address to, uint256 deadline)",11368252
13693411,1637979964,0x6effb45de7bbe9863d0393fdeefd4643510b1bdc8cc56e5c4dd032e96438e5e8,48,0x93304a18249a5a2e9fb0e8222e900b8408a370e4cfed6621e6f70433eb45a8ed,0xd6224fe5795006cc35d5a7968e9efac9ad9d1421,0xe460f3e0adc58357ea5e3ac1d839611dee826354,0xed6f59a318626859132488c6e281967ab66e90df,42464940360000000000000,Boba Token,BOBA,18,285,159989,111000000000,131277,17918114,deprecated,0xfb3bdb41,"swapETHForExactTokens(uint256 amountOut, address[] path, address to, uint256 deadline)",11368243
13693411,1637979964,0xfdbd44002bd6f3a5a167c68e3d589f69b354aec25ff1a9e26a739a7344d4a2b1,49,0x93304a18249a5a2e9fb0e8222e900b8408a370e4cfed6621e6f70433eb45a8ed,0xd6224fe5795006cc35d5a7968e9efac9ad9d1421,0xe460f3e0adc58357ea5e3ac1d839611dee826354,0x616116777efa63666436e9d132899467fb9a3d41,36365769659426442033140,Boba Token,BOBA,18,286,171460,118000000000,120873,18038987,deprecated,0xfb3bdb41,"swapETHForExactTokens(uint256 amountOut, address[] path, address to, uint256 deadline)",11368243
13693411,1637979964,0x48acc95a30274983e5be71405cd5d66cf3f3b4ad138d3279e84c075157ae6362,50,0x93304a18249a5a2e9fb0e8222e900b8408a370e4cfed6621e6f70433eb45a8ed,0xd6224fe5795006cc35d5a7968e9efac9ad9d1421,0xe460f3e0adc58357ea5e3ac1d839611dee826354,0x3a7937851d67ee2f51c959663749093dc87d9c9a,35000000000000000000000,Boba Token,BOBA,18,287,171433,124000000000,120849,18159836,deprecated,0xfb3bdb41,"swapETHForExactTokens(uint256 amountOut, address[] path, address to, uint256 deadline)",11368243
13693411,1637979964,0xddc4344050c5669fd1c4db41b563f235db80ee934e204e6e9272abc22d70d659,51,0x93304a18249a5a2e9fb0e8222e900b8408a370e4cfed6621e6f70433eb45a8ed,0xd6224fe5795006cc35d5a7968e9efac9ad9d1421,0xe460f3e0adc58357ea5e3ac1d839611dee826354,0x3be9b561353f0cee2663cd9311d17ee202de5a9a,31638183740000000000000,Boba Token,BOBA,18,288,171433,131000000000,120849,18280685,deprecated,0xfb3bdb41,"swapETHForExactTokens(uint256 amountOut, address[] path, address to, uint256 deadline)",11368243
13693411,1637979964,0x05ed79da2555e6a2e706ad85b7ff0929e4176970fdb0a4426229b4a5cf57b322,52,0x93304a18249a5a2e9fb0e8222e900b8408a370e4cfed6621e6f70433eb45a8ed,0xd6224fe5795006cc35d5a7968e9efac9ad9d1421,0xe460f3e0adc58357ea5e3ac1d839611dee826354,0x24875ed1d51d2bef852a8f9e6d1f34941abad3f1,30000000000000000000000,Boba Token,BOBA,18,289,171433,135000000000,120849,18401534,deprecated,0xfb3bdb41,"swapETHForExactTokens(uint256 amountOut, address[] path, address to, uint256 deadline)",11368243
13693411,1637979964,0xbff2043273cf2352926d23263aa6c4d0619e4cd2158a5d33156129881a1c1ab3,53,0x93304a18249a5a2e9fb0e8222e900b8408a370e4cfed6621e6f70433eb45a8ed,0xd6224fe5795006cc35d5a7968e9efac9ad9d1421,0xe460f3e0adc58357ea5e3ac1d839611dee826354,0x15aa88c991e7f59d3340da4a5e4eca6c3e338f03,29993416422200000000000,Boba Token,BOBA,18,290,159989,126000000000,120861,18522395,deprecated,0xfb3bdb41,"swapETHForExactTokens(uint256 amountOut, address[] path, address to, uint256 deadline)",11368243
13693413,1637980007,0x5e9fe343ab602705595d8a731809c39cdbf3dac42c3cd6ccb036a085f80d2cee,54,0xfe17a82add69639606603ad1a1c73343fbb1f445a6ba36b8ccc103a1c8219297,0xd6224fe5795006cc35d5a7968e9efac9ad9d1421,0xe460f3e0adc58357ea5e3ac1d839611dee826354,0x86db2486a9a5364bc89d631d36045002dcf84c8d,28037116813410000000000,Boba Token,BOBA,18,13,159989,126000000000,131277,925581,deprecated,0xfb3bdb41,"swapETHForExactTokens(uint256 amountOut, address[] path, address to, uint256 deadline)",11368241
13693416,1637980051,0x2de159eb94dab407227a6e14cb8aed448010b81cb640b61ca66bbe9ef80394f6,55,0x19893bb870bb08efbe735a690541b0feafeafa8c4ea718321e8ed38a791507bb,0xd6224fe5795006cc35d5a7968e9efac9ad9d1421,0xe460f3e0adc58357ea5e3ac1d839611dee826354,0x1c7ab57ee2f31eba2d14e66e4920d4c00cbb98a5,7696570398260000000000,Boba Token,BOBA,18,193,171447,131000000000,131277,8951089,deprecated,0xfb3bdb41,"swapETHForExactTokens(uint256 amountOut, address[] path, address to, uint256 deadline)",11368238
13693417,1637980075,0xf79fc33d5ea5928478330a59cfafc810180c8d14fc97e814155fc3907b571956,52,0x29723cbbf1051014755f3e045a82e428ca61a594b062c84dd6959bf04e403193,0xd6224fe5795006cc35d5a7968e9efac9ad9d1421,0xe460f3e0adc58357ea5e3ac1d839611dee826354,0x530dd3cb96d7564fdd712cb4e9d7838523825aa0,3267305984122217396656,Boba Token,BOBA,18,165,166626,126387112293,123874,11504966,deprecated,0x7ff36ab5,"swapExactETHForTokens(uint256 amountOutMin, address[] path, address to, uint256 deadline)",11368237
13693418,1637980092,0xf83e8fbd1285f9639b7eb152547b3628127544f896992560eeba765ad36d7f4f,56,0xeb33d4ddbbb8d2f79ebbe47b58ba6a5766ad29f3e71993aa01d8529d71799aaa,0xd6224fe5795006cc35d5a7968e9efac9ad9d1421,0xe460f3e0adc58357ea5e3ac1d839611dee826354,0x62bdc07203ae08ca04bd16c2d6abd39834b4e065,3416967084000000000000,Boba Token,BOBA,18,29,171433,126000000000,131265,2868621,deprecated,0xfb3bdb41,"swapETHForExactTokens(uint256 amountOut, address[] path, address to, uint256 deadline)",11368236
13693421,1637980103,0x9af7be99e76a4cf430c1f47848ce9127eb5fab4e93092d878f3acfc63f16e855,57,0x702271ab3d075c20c4f447d3de2c3f521ebf3e9a8339fb5bee36eb074204a570,0xd6224fe5795006cc35d5a7968e9efac9ad9d1421,0xe460f3e0adc58357ea5e3ac1d839611dee826354,0xa848266987bd89795f119e3173a1f13814dac8e1,9773524909863905993919,Boba Token,BOBA,18,39,164393,131000000000,123886,1863893,deprecated,0x7ff36ab5,"swapExactETHForTokens(uint256 amountOutMin, address[] path, address to, uint256 deadline)",11368233
13693425,1637980132,0xc4104a955381ec6b0bd3a17d1883cec8c99673f7a51a588b92d7147906eeac60,58,0x4aa9fdd6a9be470ab56fc6788d5c9091f4d8803cd2284060de98f9e0cba274a3,0xd6224fe5795006cc35d5a7968e9efac9ad9d1421,0xe460f3e0adc58357ea5e3ac1d839611dee826354,0x4933046ecc8196496dd12fe3086e19d24666ea54,5234504039000000000000,Boba Token,BOBA,18,59,171447,116000000000,131277,2772199,deprecated,0xfb3bdb41,"swapETHForExactTokens(uint256 amountOut, address[] path, address to, uint256 deadline)",11368229
13693426,1637980135,0x0771bbc54bfa228790627a978b77642fbb96e514cb40671db5f54e844abe81e5,59,0x530a89aab961396d95abc9c5c65b0c7e909611753fb390924463c06d5e3556c5,0xd6224fe5795006cc35d5a7968e9efac9ad9d1421,0xe460f3e0adc58357ea5e3ac1d839611dee826354,0x71fad6dcd05705a08fc2db3515d538561edd5502,7409069780743000000000,Boba Token,BOBA,18,29,171447,132000000000,131277,2457795,deprecated,0xfb3bdb41,"swapETHForExactTokens(uint256 amountOut, address[] path, address to, uint256 deadline)",11368228
13693427,1637980158,0x7c5e4d26691d41793a053833159bec9edc4163f1b06241e505fad18f530a5d3f,60,0x026ab8e483ab295c34c83a64e0b6582c2e857d9f01760df18a4b7710569ea263,0xd6224fe5795006cc35d5a7968e9efac9ad9d1421,0xe460f3e0adc58357ea5e3ac1d839611dee826354,0xae95d2ce0c08127472b2199ae210fca17dc214e7,849080429437484600883,Boba Token,BOBA,18,60,164380,125000000000,123874,3765687,deprecated,0x7ff36ab5,"swapExactETHForTokens(uint256 amountOutMin, address[] path, address to, uint256 deadline)",11368227
13693428,1637980174,0x0f87ac975c002bcf1a9b5dcd5dc728bb90382ee5d9ac3115fb683149223e4f44,61,0xc952694b481fbaa3be23554d0181c872bf562b9316078fe47f54519a514f5412,0xd6224fe5795006cc35d5a7968e9efac9ad9d1421,0xe460f3e0adc58357ea5e3ac1d839611dee826354,0x3ece37676191df02778f27c0e4907888a7e85bb5,8317985056920000000000,Boba Token,BOBA,18,48,171447,143000000000,131277,5819568,deprecated,0xfb3bdb41,"swapETHForExactTokens(uint256 amountOut, address[] path, address to, uint256 deadline)",11368226
13693428,1637980174,0xcd236d1d21c9ed4e92d989b197afd191803d61a935705221119dd32abda7a765,62,0xc952694b481fbaa3be23554d0181c872bf562b9316078fe47f54519a514f5412,0xd6224fe5795006cc35d5a7968e9efac9ad9d1421,0xe460f3e0adc58357ea5e3ac1d839611dee826354,0xadbae4ab677e530b19bf3c10d19fd4b39dca4172,21518057956810000000000,Boba Token,BOBA,18,87,171447,131000000000,120861,7801638,deprecated,0xfb3bdb41,"swapETHForExactTokens(uint256 amountOut, address[] path, address to, uint256 deadline)",11368226
13693430,1637980222,0x5ffaaeb0ea0e9f08883cceae6e04664e55f5ae8c696eb8c98748d08cda84ff60,63,0x3cde716553c8a405b30c208a1fd6308a491272d337867ee45ea8f1e51a1df50c,0xd6224fe5795006cc35d5a7968e9efac9ad9d1421,0xe460f3e0adc58357ea5e3ac1d839611dee826354,0x4ea2f709e074cc2f0a41247f4a18eeec4a226409,4653684887792736090707,Boba Token,BOBA,18,78,164380,131000000000,123874,4392336,deprecated,0x7ff36ab5,"swapExactETHForTokens(uint256 amountOutMin, address[] path, address to, uint256 deadline)",11368224
13693430,1637980222,0x3cfd32e2d63fadce6b75ac1963ad82640812a128e5cb6bad30b700c24a1c73e9,64,0x3cde716553c8a405b30c208a1fd6308a491272d337867ee45ea8f1e51a1df50c,0xd6224fe5795006cc35d5a7968e9efac9ad9d1421,0xe460f3e0adc58357ea5e3ac1d839611dee826354,0x02b7db0b68c4c0f005e31cd27e17e39540a45b32,6708050132283057964161,Boba Token,BOBA,18,79,164393,134000000000,113470,4505806,deprecated,0x7ff36ab5,"swapExactETHForTokens(uint256 amountOutMin, address[] path, address to, uint256 deadline)",11368224
13693445,1637980358,0xf552709b499a7dc35017907f747a0692032d1fcf9635a8a047ddeceeb480eaac,65,0xbbe641bfc3a400ed2df16476952b1536d63e6e20b768db39795ee0f6d7ab211a,0xd6224fe5795006cc35d5a7968e9efac9ad9d1421,0xe460f3e0adc58357ea5e3ac1d839611dee826354,0x690f0581ececcf8389c223170778cd9d029606f2,2473056795682000000000,Boba Token,BOBA,18,60,171433,121000000000,131265,5473206,deprecated,0xfb3bdb41,"swapETHForExactTokens(uint256 amountOut, address[] path, address to, uint256 deadline)",11368209
13693470,1637980661,0x32ab9823e3c1bdd981dcdfe72342a65c20b555a371c486ac677bdb3630e79d29,66,0xf446180ee6acb3afe4ed255055f2be0c41b6b01a829e66f7a3c625c8368acf14,0xd6224fe5795006cc35d5a7968e9efac9ad9d1421,0xe460f3e0adc58357ea5e3ac1d839611dee826354,0x765fd7bc874911c7add141f276fd28b2b5341275,7950068536200000000000,Boba Token,BOBA,18,182,171447,125000000000,131277,7245747,deprecated,0xfb3bdb41,"swapETHForExactTokens(uint256 amountOut, address[] path, address to, uint256 deadline)",11368184
13693476,1637980738,0x729645021c0fd499169a69a8dad79ea649c959ca53cd5fb16dd42de9b56111c5,67,0xc2ccfc46c466bb6aee8e1ef1cebf26e50c1f882a3ecc6238b8d754ce3840cfe2,0xd6224fe5795006cc35d5a7968e9efac9ad9d1421,0xe460f3e0adc58357ea5e3ac1d839611dee826354,0xfe78fa483daba058c02db8506636bf247773d605,8940945472500000000000,Boba Token,BOBA,18,64,171447,121000000000,131277,4590574,deprecated,0xfb3bdb41,"swapETHForExactTokens(uint256 amountOut, address[] path, address to, uint256 deadline)",11368178
13693476,1637980738,0x9e007f77430787e1fc9060a8192d8fa007d9b8b3a8197b710b86ac63600b6692,68,0xc2ccfc46c466bb6aee8e1ef1cebf26e50c1f882a3ecc6238b8d754ce3840cfe2,0xd6224fe5795006cc35d5a7968e9efac9ad9d1421,0xe460f3e0adc58357ea5e3ac1d839611dee826354,0x3a3ee61f7c6e1994a2001762250a5e17b2061b6d,10392000000000000000000,Boba Token,BOBA,18,79,159963,111000000000,120837,6144056,deprecated,0xfb3bdb41,"swapETHForExactTokens(uint256 amountOut, address[] path, address to, uint256 deadline)",11368178
13693479,1637980767,0xa214eb0040eccd8eb94676d7c7b73882c27210849d6be2dfcf84b7f09826e6a2,69,0x25be12a117d6a6cca93343d01816922cacefa5d8124115ec22576b457245c897,0xd6224fe5795006cc35d5a7968e9efac9ad9d1421,0xe460f3e0adc58357ea5e3ac1d839611dee826354,0x1fbb748e151692792fd00a99c489361e0e2af3fb,7490043956245000000000,Boba Token,BOBA,18,41,171447,125000000000,131277,2008533,deprecated,0xfb3bdb41,"swapETHForExactTokens(uint256 amountOut, address[] path, address to, uint256 deadline)",11368175
13693480,1637980784,0x6dc24993f4d07072f3bd2b29753945d1d98b6d58113af1be6e275465847c244d,70,0x177c9be66ca62c02eba1bba6b15521ff9215ca7d620a8e32ca59fdd837909464,0xd6224fe5795006cc35d5a7968e9efac9ad9d1421,0xe460f3e0adc58357ea5e3ac1d839611dee826354,0xf2ef5636b38ecf46324ac97957a514beda674d7d,5394065649000000000000,Boba Token,BOBA,18,119,171447,111000000000,131277,9344134,deprecated,0xfb3bdb41,"swapETHForExactTokens(uint256 amountOut, address[] path, address to, uint256 deadline)",11368174
13693480,1637980784,0x522d3d4aa75bd8e93e24f05771e3b47d61213156c1f4edd6f64ea39fc9687594,71,0x177c9be66ca62c02eba1bba6b15521ff9215ca7d620a8e32ca59fdd837909464,0xd6224fe5795006cc35d5a7968e9efac9ad9d1421,0xe460f3e0adc58357ea5e3ac1d839611dee826354,0x0f7c98ee1e18be38e19390dca97a4442850fc3df,7648026284500000000000,Boba Token,BOBA,18,120,159989,115000000000,120861,9464995,deprecated,0xfb3bdb41,"swapETHForExactTokens(uint256 amountOut, address[] path, address to, uint256 deadline)",11368174
13693480,1637980784,0xd60a49caaf865c59325199731d342c3ae29834d2184f7a741fec471df0a026fb,72,0x177c9be66ca62c02eba1bba6b15521ff9215ca7d620a8e32ca59fdd837909464,0xd6224fe5795006cc35d5a7968e9efac9ad9d1421,0xe460f3e0adc58357ea5e3ac1d839611dee826354,0x58fdb42279118fb1b37a86dc12c6d163317c4aa9,8943004369264500000000,Boba Token,BOBA,18,121,159989,121000000000,120861,9585856,deprecated,0xfb3bdb41,"swapETHForExactTokens(uint256 amountOut, address[] path, address to, uint256 deadline)",11368174
13693484,1637980835,0xce33dc87c30f325e466c47b755582d7961e2558f1faf741455270e4ef6cd0898,73,0xf55b48884ffa304ed4a9defff25bfcfc29aac4be13851ef3afd4b0ee415888be,0xd6224fe5795006cc35d5a7968e9efac9ad9d1421,0xe460f3e0adc58357ea5e3ac1d839611dee826354,0xf6b6f07862a02c85628b3a9688beae07fea9c863,5000000000000000000000,Boba Token,BOBA,18,40,159976,116000000000,131265,4202514,deprecated,0xfb3bdb41,"swapETHForExactTokens(uint256 amountOut, address[] path, address to, uint256 deadline)",11368170
13693486,1637980852,0xda06b37b79a69bd918165424ebcd24fd7c03659d0400be7bf040814559a75bd5,74,0xa5114af6a8f2f2b0af94d1a5bd456db9e5df596ee3661443e839128406b3f313,0xd6224fe5795006cc35d5a7968e9efac9ad9d1421,0xe460f3e0adc58357ea5e3ac1d839611dee826354,0xa2906e6cdfcc2af200f4c1b68bd8f9b7fbf3fdba,7965079365800000000000,Boba Token,BOBA,18,42,171433,117000000000,131265,2757600,deprecated,0xfb3bdb41,"swapETHForExactTokens(uint256 amountOut, address[] path, address to, uint256 deadline)",11368168
13693486,1637980852,0x4acfaa7d61c7472e2019c75b8010687652d180ae42604322f7a091f706566aa3,75,0xa5114af6a8f2f2b0af94d1a5bd456db9e5df596ee3661443e839128406b3f313,0xd6224fe5795006cc35d5a7968e9efac9ad9d1421,0xe460f3e0adc58357ea5e3ac1d839611dee826354,0x029f29b3a51a9b11229819a7a83f12cf03a76c4f,12735310453719262371274,Boba Token,BOBA,18,43,164393,121000000000,113470,2871070,deprecated,0x7ff36ab5,"swapExactETHForTokens(uint256 amountOutMin, address[] path, address to, uint256 deadline)",11368168
13693486,1637980852,0xd48a0220b74d8e3c782506afa14db3209fc0419b8a16b0563bb486a5a945b433,76,0xa5114af6a8f2f2b0af94d1a5bd456db9e5df596ee3661443e839128406b3f313,0xd6224fe5795006cc35d5a7968e9efac9ad9d1421,0xe460f3e0adc58357ea5e3ac1d839611dee826354,0x5abade91ed4b6d11b666280cacb3e4a32898f39b,3463068978674903900000,Boba Token,BOBA,18,110,171447,97000000000,120861,7795410,deprecated,0xfb3bdb41,"swapETHForExactTokens(uint256 amountOut, address[] path, address to, uint256 deadline)",11368168
13693492,1637980883,0xc72a5d93e25591eb41d7f8f651d2512ccda837efdb6337795325ba0f09114414,77,0x4ac31cf9140fe8e3fb06cf9014722bcf79390b75b8b5d895ece30463441bfcff,0xd6224fe5795006cc35d5a7968e9efac9ad9d1421,0xe460f3e0adc58357ea5e3ac1d839611dee826354,0x5555763613a12d8f3e73be831dff8598089d3dca,6573800145177640250402,Boba Token,BOBA,18,32,152740,121000000000,123874,2949871,deprecated,0x7ff36ab5,"swapExactETHForTokens(uint256 amountOutMin, address[] path, address to, uint256 deadline)",11368162
13693493,1637980895,0x63652e3fa14a73ecc102083282ae19fde761b3247d3b34ffac4871bee2503b82,78,0x340f48df12e09c8e6a26c61120e080dc5d3e0136d612850a517ca464a29a8412,0xd6224fe5795006cc35d5a7968e9efac9ad9d1421,0xe460f3e0adc58357ea5e3ac1d839611dee826354,0x278d708ccf7613c4db126d9ba2796ebce01e95ea,1373572335493613635248,Boba Token,BOBA,18,44,164380,116000000000,123874,2783588,deprecated,0x7ff36ab5,"swapExactETHForTokens(uint256 amountOutMin, address[] path, address to, uint256 deadline)",11368161
13693493,1637980895,0x628eecaec06272ca4e06e271b946c1cec1fc8bab07fb45445587954662fce345,79,0x340f48df12e09c8e6a26c61120e080dc5d3e0136d612850a517ca464a29a8412,0xd6224fe5795006cc35d5a7968e9efac9ad9d1421,0xe460f3e0adc58357ea5e3ac1d839611dee826354,0x5663791605ec9a6489fdb819242a4df769f2d248,3719069940000000000000,Boba Token,BOBA,18,45,159976,121000000000,120849,2904437,deprecated,0xfb3bdb41,"swapETHForExactTokens(uint256 amountOut, address[] path, address to, uint256 deadline)",11368161
13693494,1637980924,0x2f6047b5f79ae92c781b8a94fff1cba084b51c339d4bae9cf9a8e04a2d6a569c,80,0xf5ea45c3900558e60c67a3ecb1b7d68aa32a3835450b6a098da5d5fe1b1f9b31,0xd6224fe5795006cc35d5a7968e9efac9ad9d1421,0xe460f3e0adc58357ea5e3ac1d839611dee826354,0x2cb86d919332d0369c66a2d5982419266f5e490f,4504731801423204035223,Boba Token,BOBA,18,9,152740,117000000000,123874,1701194,deprecated,0x7ff36ab5,"swapExactETHForTokens(uint256 amountOutMin, address[] path, address to, uint256 deadline)",11368160
13693498,1637980963,0x2ed646e89aa9aeaa4a823a0b14bf340484eccf248c924b6fd0184f99793d303f,81,0x9a923b54353402418dd15639378e00dfa0f6f67cf5e9e69127f4bcdab4fb50ea,0xd6224fe5795006cc35d5a7968e9efac9ad9d1421,0xe460f3e0adc58357ea5e3ac1d839611dee826354,0xeb053f961dece9b6715a2af5adc062814f92f59d,5556592728842602598993,Boba Token,BOBA,18,99,152740,115000000000,123874,7450939,deprecated,0x7ff36ab5,"swapExactETHForTokens(uint256 amountOutMin, address[] path, address to, uint256 deadline)",11368156
13693498,1637980963,0x2835f5a4b5f544a3b6d3d96dedc5d55399c7ea3af63736eaf2b95a6f5948a69e,82,0x9a923b54353402418dd15639378e00dfa0f6f67cf5e9e69127f4bcdab4fb50ea,0xd6224fe5795006cc35d5a7968e9efac9ad9d1421,0xe460f3e0adc58357ea5e3ac1d839611dee826354,0xa4a17cc52b8c0498b8e54a851b64388ab6213bf2,6470056749356000000000,Boba Token,BOBA,18,100,171447,117000000000,120861,7571800,deprecated,0xfb3bdb41,"swapETHForExactTokens(uint256 amountOut, address[] path, address to, uint256 deadline)",11368156
13693498,1637980963,0x26d46f87f16558400f9de6132c2ab987965e6eaf294694020c70191a6f1aa335,305,0x9a923b54353402418dd15639378e00dfa0f6f67cf5e9e69127f4bcdab4fb50ea,0xd6224fe5795006cc35d5a7968e9efac9ad9d1421,0xe460f3e0adc58357ea5e3ac1d839611dee826354,0x878ecba9db0b1a31c485461a786105c78c1d37f7,2569915460580162564528,Boba Token,BOBA,18,219,179324,94600000000,113458,13709923,deprecated,0x7ff36ab5,"swapExactETHForTokens(uint256 amountOutMin, address[] path, address to, uint256 deadline)",11368156
13693500,1637981010,0x9e91da7ffbf0b16648bcba130c87ce40199ded15b9e3f9e1012dd773541e71e5,83,0x2cdd624e134be03c2c2ed8fb75b541650d468525475814918da046587918274e,0xd6224fe5795006cc35d5a7968e9efac9ad9d1421,0xe460f3e0adc58357ea5e3ac1d839611dee826354,0x1eea6382f133c6fc4d40c28d19f4b628e918a0d2,9781549910920595527584,Boba Token,BOBA,18,13,164393,117000000000,123886,959428,deprecated,0x7ff36ab5,"swapExactETHForTokens(uint256 amountOutMin, address[] path, address to, uint256 deadline)",11368154
13693502,1637981061,0xaaf5d6d904d0f16736b153cdbb44e02ccaa568438ce4d96a40deefad71a1b131,84,0xda2c7c33f2940b90fd413cc2cd016e2af4f2260b0cc41d19bd2846ded1397436,0xd6224fe5795006cc35d5a7968e9efac9ad9d1421,0xe460f3e0adc58357ea5e3ac1d839611dee826354,0xf1aa99c69715f423086008eb9d06dc1e35cc504d,6344519791183848728501,Boba Token,BOBA,18,109,152740,116000000000,123874,8240202,deprecated,0x7ff36ab5,"swapExactETHForTokens(uint256 amountOutMin, address[] path, address to, uint256 deadline)",11368152
13693504,1637981110,0xea080fa8b29cf7a72ae0bffc13edfec0397924d3e3cec5bb18bec38ffb242dc6,85,0xddfec55572a64b46a8f86e7c9cfbf17c5dde22c1b18307f08009ee22febb0021,0xd6224fe5795006cc35d5a7968e9efac9ad9d1421,0xe460f3e0adc58357ea5e3ac1d839611dee826354,0x0c54fccd2e384b4bb6f2e405bf5cbc15a017aafb,31196415539135269510276,Boba Token,BOBA,18,22,152753,116000000000,123886,1492433,deprecated,0x7ff36ab5,"swapExactETHForTokens(uint256 amountOutMin, address[] path, address to, uint256 deadline)",11368150
13693504,1637981110,0x97271f42d20674ad7007ee49b56dd65a28e6d11b198701e028eb4f86013012ff,86,0xddfec55572a64b46a8f86e7c9cfbf17c5dde22c1b18307f08009ee22febb0021,0xd6224fe5795006cc35d5a7968e9efac9ad9d1421,0xe460f3e0adc58357ea5e3ac1d839611dee826354,0x7bbf69e26fddc5382478d89825735f6879c80948,1190367054057543710280,Boba Token,BOBA,18,26,152740,115000000000,113458,1752260,deprecated,0x7ff36ab5,"swapExactETHForTokens(uint256 amountOutMin, address[] path, address to, uint256 deadline)",11368150
13693513,1637981227,0x3946d62a50a1b8f31d284ab60313695917a59dc0d389b11735d7f5a6da1d9c41,87,0xe89ff2411199f3afec899abdbdde049519d4f1b2bf82a002852c55800ab07915,0xd6224fe5795006cc35d5a7968e9efac9ad9d1421,0xe460f3e0adc58357ea5e3ac1d839611dee826354,0xd1324ada7e026211d0cacd90cae5777e340de948,2341905768300000000000,Boba Token,BOBA,18,60,171433,121000000000,131265,3740296,deprecated,0xfb3bdb41,"swapETHForExactTokens(uint256 amountOut, address[] path, address to, uint256 deadline)",11368141
13693520,1637981294,0xa2f4ef29fbecfaa1f3f4ab89d196ea308386f591bba1c4bc2c593a04220b4e81,88,0xd7b1e470dba2f38830e7d0b8103efea6a1fcaaf3bb770ae15c36d7626c575d5c,0xd6224fe5795006cc35d5a7968e9efac9ad9d1421,0xe460f3e0adc58357ea5e3ac1d839611dee826354,0x7bbf69e26fddc5382478d89825735f6879c80948,4100000679630000000000,Boba Token,BOBA,18,61,152623,116000000000,114165,4041502,deprecated,0xfb3bdb41,"swapETHForExactTokens(uint256 amountOut, address[] path, address to, uint256 deadline)",11368134
13693521,1637981323,0xe0cf1f4e7d2f1a508e1167ca6b9ca96270c06118995fd494e2ba4f22dea2733a,89,0x599e8ec88417a00bc386e8f1d33848bc05da1ea87379942b1ea33025ee9170e6,0xd6224fe5795006cc35d5a7968e9efac9ad9d1421,0xe460f3e0adc58357ea5e3ac1d839611dee826354,0xd758df30fd3ab299802529589d5cdb797af4c1b6,7248035987200000000000,Boba Token,BOBA,18,57,171433,117000000000,131265,3283157,deprecated,0xfb3bdb41,"swapETHForExactTokens(uint256 amountOut, address[] path, address to, uint256 deadline)",11368133
13693527,1637981404,0xc3bacc9e9bd9a0b2dc9f054391e0ef91b702c0facbd6efdc09314b8fab0518ab,90,0xb54ea4ad9a1d15da129b1bdfd5df4cf450de1cf36f2ac79471ca9197a4d5aea3,0xd6224fe5795006cc35d5a7968e9efac9ad9d1421,0xe460f3e0adc58357ea5e3ac1d839611dee826354,0xb309c072e5b10dc8e6724452f6dab6928feea1eb,4527746963560000000000,Boba Token,BOBA,18,39,159976,117000000000,131265,3278356,deprecated,0xfb3bdb41,"swapETHForExactTokens(uint256 amountOut, address[] path, address to, uint256 deadline)",11368127
13693527,1637981404,0x0371e138510b096710000c4f8e9b77d970d66e6005c2380afc246287c1386d7b,91,0xb54ea4ad9a1d15da129b1bdfd5df4cf450de1cf36f2ac79471ca9197a4d5aea3,0xd6224fe5795006cc35d5a7968e9efac9ad9d1421,0xe460f3e0adc58357ea5e3ac1d839611dee826354,0xbaf547935ac43004f6926140512fcaefcfd534c5,7651661679722124232480,Boba Token,BOBA,18,40,152753,117000000000,113470,3391826,deprecated,0x7ff36ab5,"swapExactETHForTokens(uint256 amountOutMin, address[] path, address to, uint256 deadline)",11368127
13693527,1637981404,0xa86b14354727f3e517fdd70aeb23321f3b83ce911c65e90aee662536f6db1c66,92,0xb54ea4ad9a1d15da129b1bdfd5df4cf450de1cf36f2ac79471ca9197a4d5aea3,0xd6224fe5795006cc35d5a7968e9efac9ad9d1421,0xe460f3e0adc58357ea5e3ac1d839611dee826354,0xab1a4140475581783f4013fcfcb948d457dca16b,34091000000000000000000,Boba Token,BOBA,18,41,171433,117000000000,120849,3512675,deprecated,0xfb3bdb41,"swapETHForExactTokens(uint256 amountOut, address[] path, address to, uint256 deadline)",11368127
13693534,1637981480,0x5a0a6c6419639e7960002b7e323d47ebb7f99c60845bb86f7e45f97f2f5b3ecd,93,0x313578cc1ff22bfcacd43dbbfa32655716839eee3ace6b11131be7bc70d774a0,0xd6224fe5795006cc35d5a7968e9efac9ad9d1421,0xe460f3e0adc58357ea5e3ac1d839611dee826354,0x6c930ad34078271b0844f52bd910ac1f3f816184,2800000000000000000000,Boba Token,BOBA,18,54,171420,121000000000,131253,3652186,deprecated,0xfb3bdb41,"swapETHForExactTokens(uint256 amountOut, address[] path, address to, uint256 deadline)",11368120
13693537,1637981545,0xa1f875be51a75c1f35631f840f8bdd2a498021a08ab3a547d0146166005746c2,94,0xeefa1379dd7988924d78d6daadf48f3445c0976a648d69fa573b04e754f1baa8,0xd6224fe5795006cc35d5a7968e9efac9ad9d1421,0xe460f3e0adc58357ea5e3ac1d839611dee826354,0x0e5069514a3dd613350bab01b58fd850058e5ca4,5421006780400000000000,Boba Token,BOBA,18,87,171447,111000000000,131277,5429919,deprecated,0xfb3bdb41,"swapETHForExactTokens(uint256 amountOut, address[] path, address to, uint256 deadline)",11368117
13693541,1637981592,0xd01f4d9c2f6bb597ae7d0ce08802bfb4a8047d2335f6e89951730b86885e771d,95,0xf5fb891ef46243c74ad4be3c777a8bafdaaf0ecb7d23f0a5923a2d664fa3c5b2,0xd6224fe5795006cc35d5a7968e9efac9ad9d1421,0xe460f3e0adc58357ea5e3ac1d839611dee826354,0x72a53cdbbcc1b9efa39c834a540550e23463aacb,3107298270000000000000,Boba Token,BOBA,18,33,171433,116000000000,131265,2035649,deprecated,0xfb3bdb41,"swapETHForExactTokens(uint256 amountOut, address[] path, address to, uint256 deadline)",11368113
13693541,1637981592,0x7ee6503ea643fc621d80a8b1ea3b743f897743ec8297ae57b03d73b092be1f0c,96,0xf5fb891ef46243c74ad4be3c777a8bafdaaf0ecb7d23f0a5923a2d664fa3c5b2,0xd6224fe5795006cc35d5a7968e9efac9ad9d1421,0xe460f3e0adc58357ea5e3ac1d839611dee826354,0x66fe7081bc672837ea63d37c8b8949b43d6ca636,2182972390539538395097,Boba Token,BOBA,18,34,164380,117000000000,113458,2149107,deprecated,0x7ff36ab5,"swapExactETHForTokens(uint256 amountOutMin, address[] path, address to, uint256 deadline)",11368113
13693549,1637981701,0x32f99267c38176dc7e27bf59df0b49522cce8c8fb73021b3948baf01d865b03a,97,0x3241af4b66aab875b79d021fb13126648d7bcac53e5639d0808120309be1161f,0xd6224fe5795006cc35d5a7968e9efac9ad9d1421,0xe460f3e0adc58357ea5e3ac1d839611dee826354,0x1406899696adb2fa7a95ea68e80d4f9c82fcdedd,3148875670490000000000,Boba Token,BOBA,18,191,171433,95000000000,131265,13419509,deprecated,0xfb3bdb41,"swapETHForExactTokens(uint256 amountOut, address[] path, address to, uint256 deadline)",11368105
13693549,1637981701,0x4508f8dfcc4f17d4b6a1ddf3734f237b751431ec319e8d9da756640b18b04f3b,98,0x3241af4b66aab875b79d021fb13126648d7bcac53e5639d0808120309be1161f,0xd6224fe5795006cc35d5a7968e9efac9ad9d1421,0xe460f3e0adc58357ea5e3ac1d839611dee826354,0xf28d22c8b25ff8fa961e305bba701918ddc3339a,1893549052674509096743,Boba Token,BOBA,18,192,164380,118000000000,113458,13532967,deprecated,0x7ff36ab5,"swapExactETHForTokens(uint256 amountOutMin, address[] path, address to, uint256 deadline)",11368105
13693550,1637981714,0x00e38000ea893c4a58c1a361e4f1425a034e54eb7752b4551f2bc74354403dec,99,0xedc40353620725517b4cdc25f5f63f647cfa96d33262aa0ea683737bcac813e4,0xd6224fe5795006cc35d5a7968e9efac9ad9d1421,0xe460f3e0adc58357ea5e3ac1d839611dee826354,0xc1cae0a347db30cf2cbbd80127fe2182804f8a9e,2153059754000000000000,Boba Token,BOBA,18,31,171433,116000000000,131265,2260270,deprecated,0xfb3bdb41,"swapETHForExactTokens(uint256 amountOut, address[] path, address to, uint256 deadline)",11368104
13693551,1637981719,0xc45cf31b27827996ee815e2a596ecc28c6bd5106d80955776578b205edb2a622,100,0x537ea2d6b556c0c09653cd6a25f4a74938d2d56c8b7cc10ddbce43111b9642a2,0xd6224fe5795006cc35d5a7968e9efac9ad9d1421,0xe460f3e0adc58357ea5e3ac1d839611dee826354,0x99c1406452470cfce0fadd355c41077593680e76,3418005786975300000000,Boba Token,BOBA,18,71,159976,117000000000,131265,5972406,deprecated,0xfb3bdb41,"swapETHForExactTokens(uint256 amountOut, address[] path, address to, uint256 deadline)",11368103
13693553,1637981757,0xf030047d5d54cfa16435c7b351c1134f9762ee080492f7dbc0cbe5039d36ffbf,101,0xe15cab7beaefbdfc299b50407f0c88891be33c0f785d67be29401f6aeeec8529,0xd6224fe5795006cc35d5a7968e9efac9ad9d1421,0xe460f3e0adc58357ea5e3ac1d839611dee826354,0x31987132665ae1cbbb64b73f728cc81340486cef,4660097562793947160144,Boba Token,BOBA,18,51,152740,121000000000,123874,3304771,deprecated,0x7ff36ab5,"swapExactETHForTokens(uint256 amountOutMin, address[] path, address to, uint256 deadline)",11368101
13693555,1637981773,0x83e38d0b08bad3fd09e38809bb3d3508baf8bc7487907d127dd57506c78c5b1b,102,0x29600869cc19e1b947d97bfe41b9faa2c3780f8e5e8bebca362ecb05e5ffe686,0xd6224fe5795006cc35d5a7968e9efac9ad9d1421,0xe460f3e0adc58357ea5e3ac1d839611dee826354,0x5ee8e72d606779a6f3cd8bba1c6bd4818b8bad0f,2763653850814032374242,Boba Token,BOBA,18,97,164380,121000000000,123874,7224446,deprecated,0x7ff36ab5,"swapExactETHForTokens(uint256 amountOutMin, address[] path, address to, uint256 deadline)",11368099
13693559,1637981869,0x1ea2ea2d87ea0157b4e62c4c2f863466b889046b5d08037fd9acd4858ae53408,103,0xb1729651550959001dbe6abc28bdf0b0d038657eef5016d12c2ccda15dc1dcb9,0xd6224fe5795006cc35d5a7968e9efac9ad9d1421,0xe460f3e0adc58357ea5e3ac1d839611dee826354,0x09eab02d34393d2ac666fd9525443dba9713b155,1094264417803064833312,Boba Token,BOBA,18,28,164380,121000000000,123874,2733083,deprecated,0x7ff36ab5,"swapExactETHForTokens(uint256 amountOutMin, address[] path, address to, uint256 deadline)",11368095
13693559,1637981869,0x2e7de168840c1d296ab13d8e3103ed610fbfc5cd63fd9dde375b469164dc7c02,104,0xb1729651550959001dbe6abc28bdf0b0d038657eef5016d12c2ccda15dc1dcb9,0xd6224fe5795006cc35d5a7968e9efac9ad9d1421,0xe460f3e0adc58357ea5e3ac1d839611dee826354,0x2d7af085f2256f114c8a9f540969f0e0ab1c2e5e,2166000000000000000000,Boba Token,BOBA,18,29,171420,121000000000,120837,2853920,deprecated,0xfb3bdb41,"swapETHForExactTokens(uint256 amountOut, address[] path, address to, uint256 deadline)",11368095
13693560,1637981877,0x8b8d3e971f75ab21fc1020a0c74eb1669a5802b16fd9c85dacc9317371fcd90c,105,0x4fd5aed377fa72927fc1db1901587295a04cf4f5e59967a828abb7f5431b3016,0xd6224fe5795006cc35d5a7968e9efac9ad9d1421,0xe460f3e0adc58357ea5e3ac1d839611dee826354,0xe1474359c74e78fa8387d9cb58f393693e378de3,1709500000000000000000,Boba Token,BOBA,18,46,171420,115000000000,131253,2220526,deprecated,0xfb3bdb41,"swapETHForExactTokens(uint256 amountOut, address[] path, address to, uint256 deadline)",11368094
13693562,1637981885,0xc1241513385acdcf584be7ae1dfa98931f92f1e45e797ffb10e35011989d9978,106,0xa12ba55e5a19c177c1c45f2963cecbdcf44611b16db9f728345e47de6d9a7c0c,0xd6224fe5795006cc35d5a7968e9efac9ad9d1421,0xe460f3e0adc58357ea5e3ac1d839611dee826354,0x6feb9b158262aac3e01549692fd3723a7d29c93e,4324089574000000000000,Boba Token,BOBA,18,9,159976,121000000000,131265,2235974,deprecated,0xfb3bdb41,"swapETHForExactTokens(uint256 amountOut, address[] path, address to, uint256 deadline)",11368092
13693563,1637981892,0x5625060e65e3ad5c1073ad78d1f552a39cccc03ec2fd167343c32060fd797462,107,0x736fca459f9351e259dada631065e4975f4d1174816e2d8f59a5c97b6e1b7f18,0xd6224fe5795006cc35d5a7968e9efac9ad9d1421,0xe460f3e0adc58357ea5e3ac1d839611dee826354,0xfd54ea5842fefc9e0df4ede3b4bb9950d4ede13e,6804575723714487442867,Boba Token,BOBA,18,95,152740,115000000000,123874,6203229,deprecated,0x7ff36ab5,"swapExactETHForTokens(uint256 amountOutMin, address[] path, address to, uint256 deadline)",11368091
13693565,1637981918,0xb89f8014f88d54f27f0281ba34344e33d37ca56f10f8ff449c58eedbc2050892,108,0x782c4ab9dd8fb3bf6731b53f7663dfa6bb07a07c333779dc8824a0fbff3c1d28,0xd6224fe5795006cc35d5a7968e9efac9ad9d1421,0xe460f3e0adc58357ea5e3ac1d839611dee826354,0x127f19e9e3dac0f00f2e7f2affe2ccf972062df0,10000000000000000000000,Boba Token,BOBA,18,24,159976,121000000000,131265,1459294,deprecated,0xfb3bdb41,"swapETHForExactTokens(uint256 amountOut, address[] path, address to, uint256 deadline)",11368089
13693567,1637981949,0x18b4a6cc7f678a23df93016893c95c4f6f1b949ed664261220670a5585dbb88b,109,0x97275e4993fb15b584fe8772f8b30f90483751f00a97f3ccb829b0fcc34b69ab,0xd6224fe5795006cc35d5a7968e9efac9ad9d1421,0xe460f3e0adc58357ea5e3ac1d839611dee826354,0x1c17622cfa9b6fd2043a76dfc39a5b5a109aa708,3372485777225339421531,Boba Token,BOBA,18,84,164380,121000000000,123874,6058076,deprecated,0x7ff36ab5,"swapExactETHForTokens(uint256 amountOutMin, address[] path, address to, uint256 deadline)",11368087
13693569,1637981993,0x16b0d675f90f6b798b4da5453cf589383bcfed14f1a00c7c0bd14f7889e29dbb,110,0x9391f68677a17773c49311ebf3067c900f9613f2b5f4574a248ab409e2fc3235,0xd6224fe5795006cc35d5a7968e9efac9ad9d1421,0xe460f3e0adc58357ea5e3ac1d839611dee826354,0x500a746c9a44f68fe6aa86a92e7b3af4f322ae66,4536058644138166799615,Boba Token,BOBA,18,73,152740,121000000000,123874,4043511,deprecated,0x7ff36ab5,"swapExactETHForTokens(uint256 amountOutMin, address[] path, address to, uint256 deadline)",11368085
13693573,1637982030,0x24cc727c883bd2032cd2b987d8f2859abd665253778f3fd34c6ca0d037b73461,111,0xc564c1d0de13b47b34fb5cf5380edbe975c56361208ef427cc77910f21bcccf8,0xd6224fe5795006cc35d5a7968e9efac9ad9d1421,0xe460f3e0adc58357ea5e3ac1d839611dee826354,0x19184ab45c40c2920b0e0e31413b9434abd243ed,6118847659620000000000,Boba Token,BOBA,18,37,171447,121000000000,131277,2078479,deprecated,0xfb3bdb41,"swapETHForExactTokens(uint256 amountOut, address[] path, address to, uint256 deadline)",11368081
13693575,1637982068,0xb5f976dbe0a910d58848d4ccb804345f5d4704899b9f9751770a087748ae09eb,112,0x57874eacaf664296715ed567387fa0213a0b793fe61cc07e4e983380bd638a80,0xd6224fe5795006cc35d5a7968e9efac9ad9d1421,0xe460f3e0adc58357ea5e3ac1d839611dee826354,0x59c14389245bb657db0c9857c7dfc791fddc28c9,10823212999044724315363,Boba Token,BOBA,18,34,164393,125000000000,123886,2077270,deprecated,0x7ff36ab5,"swapExactETHForTokens(uint256 amountOutMin, address[] path, address to, uint256 deadline)",11368079
13693585,1637982155,0x1b794b4254a426082dcd24ef99b238665cec8836963edfe2f2a4476cabbe5415,113,0xf26c3e73c7a473fb77ae22d83589194dd59d6914e22507c749973c366198f57f,0xd6224fe5795006cc35d5a7968e9efac9ad9d1421,0xe460f3e0adc58357ea5e3ac1d839611dee826354,0xd6bc559a59b24a58a82f274555d152d67f15a7a6,6975184812392389146832,Boba Token,BOBA,18,242,164380,115000000000,123874,15602198,deprecated,0x7ff36ab5,"swapExactETHForTokens(uint256 amountOutMin, address[] path, address to, uint256 deadline)",11368069
13693585,1637982155,0x77bb1f2c27f42f0101d6c7d0ae74072e2f7b36518a18ed843907d47c5c66f7a4,114,0xf26c3e73c7a473fb77ae22d83589194dd59d6914e22507c749973c366198f57f,0xd6224fe5795006cc35d5a7968e9efac9ad9d1421,0xe460f3e0adc58357ea5e3ac1d839611dee826354,0x8cf23cd535a240eb0ab8667d24eedbd9eccd5cba,5427846375520000000000,Boba Token,BOBA,18,244,171447,115000000000,120861,15774855,deprecated,0xfb3bdb41,"swapETHForExactTokens(uint256 amountOut, address[] path, address to, uint256 deadline)",11368069
13693585,1637982155,0xfb6bcfd667b89af5252286425ce7b625e634da779b62c468ac62f7ae2a721ab7,115,0xf26c3e73c7a473fb77ae22d83589194dd59d6914e22507c749973c366198f57f,0xd6224fe5795006cc35d5a7968e9efac9ad9d1421,0xe460f3e0adc58357ea5e3ac1d839611dee826354,0x187e3534f461d7c59a7d6899a983a5305b48f93f,3417097300000000000000,Boba Token,BOBA,18,267,171433,111000000000,120849,17464908,deprecated,0xfb3bdb41,"swapETHForExactTokens(uint256 amountOut, address[] path, address to, uint256 deadline)",11368069
13693585,1637982155,0x0df75799eb40c65e8d3568946107e03bc5faa74261b3358f40f3567b86239829,116,0xf26c3e73c7a473fb77ae22d83589194dd59d6914e22507c749973c366198f57f,0xd6224fe5795006cc35d5a7968e9efac9ad9d1421,0xe460f3e0adc58357ea5e3ac1d839611dee826354,0xf4fa62dd4e815f12d9c54d7ec32031fb69cc78cf,5427059743650000000000,Boba Token,BOBA,18,268,171447,111000000000,120861,17585769,deprecated,0xfb3bdb41,"swapETHForExactTokens(uint256 amountOut, address[] path, address to, uint256 deadline)",11368069
13693586,1637982235,0x99080e7c54e808cd0f1d17713302a0a437490602b0a0044e65832916759f9646,117,0x00116eb8b377e1052903315d1765b0cea5259f3e1f36d607897c00fa95c1476e,0xd6224fe5795006cc35d5a7968e9efac9ad9d1421,0xe460f3e0adc58357ea5e3ac1d839611dee826354,0x06fed18718975d9e178e0c0fea35c18eac794c3f,4556727493234474679415,Boba Token,BOBA,18,65,164380,111000000000,123874,4210114,deprecated,0x7ff36ab5,"swapExactETHForTokens(uint256 amountOutMin, address[] path, address to, uint256 deadline)",11368068
13693597,1637982380,0x73c7865d7535ede1ae7af5408885e21bf2125e0a1c92f8a44ca5abd2186aecb1,118,0x9e2a5b65387d74479c24c26e3a700a2ab70c10d12b05c54084a627b9e3871c75,0xd6224fe5795006cc35d5a7968e9efac9ad9d1421,0xe460f3e0adc58357ea5e3ac1d839611dee826354,0xcfe763ec6db64e7e61099efcec986dc90e567fb1,25923270258722574241326,Boba Token,BOBA,18,75,164393,125000000000,123886,4285915,deprecated,0x7ff36ab5,"swapExactETHForTokens(uint256 amountOutMin, address[] path, address to, uint256 deadline)",11368057
13693603,1637982466,0x9358edf39fd8c264a5b04fa08416be40474a7d3a69e460657d2aeb534009b200,119,0x46fe0a5c71c4ea7d2c9df4515d1c8bb406558981c5e203be7171e803e7670727,0xd6224fe5795006cc35d5a7968e9efac9ad9d1421,0xe460f3e0adc58357ea5e3ac1d839611dee826354,0x198ad6c547d20d70f2f656a4f48e6c7cfb7b4325,8096345624984790463345,Boba Token,BOBA,18,48,152753,113000000000,123886,3820873,deprecated,0x7ff36ab5,"swapExactETHForTokens(uint256 amountOutMin, address[] path, address to, uint256 deadline)",11368051
13693651,1637983115,0x0443a527f4c8858a4302d867a39f1fe5d53c2825bd551249bfc2050408e23e1d,120,0xa1116eb596dadc4b09b33b0d08709fb2235a45191465d6f274c790efad299989,0xd6224fe5795006cc35d5a7968e9efac9ad9d1421,0xe460f3e0adc58357ea5e3ac1d839611dee826354,0x29fee42319a41775679a244c4804784eb133e79d,19136695478946804045425,Boba Token,BOBA,18,99,164393,111000000000,123886,7008429,deprecated,0x7ff36ab5,"swapExactETHForTokens(uint256 amountOutMin, address[] path, address to, uint256 deadline)",11368003
13693651,1637983115,0x8cabe73771f2285a7f553db8c398433feb0388f10a3c46dc494f83ab81bcebca,121,0xa1116eb596dadc4b09b33b0d08709fb2235a45191465d6f274c790efad299989,0xd6224fe5795006cc35d5a7968e9efac9ad9d1421,0xe460f3e0adc58357ea5e3ac1d839611dee826354,0x4c5510d9e13089cbd198e44ac0877fb3bd30a8ac,5593968141496254259869,Boba Token,BOBA,18,100,164380,122183882366,113458,7121887,deprecated,0x7ff36ab5,"swapExactETHForTokens(uint256 amountOutMin, address[] path, address to, uint256 deadline)",11368003
13693654,1637983158,0xee6c0f352dc6a2b57634e27a816311159647b351d1e24bd03a160f8d892ddf0b,122,0x00e1cbf3ea693aea6ed8b1a42d7df3df51e5b0fd98d36c3d4a648d287b95666f,0xd6224fe5795006cc35d5a7968e9efac9ad9d1421,0xe460f3e0adc58357ea5e3ac1d839611dee826354,0x6d6960bfe10ec91a262fd647543165562b5717cb,32265944941830237669661,Boba Token,BOBA,18,51,164393,131000000000,123886,5712422,deprecated,0x7ff36ab5,"swapExactETHForTokens(uint256 amountOutMin, address[] path, address to, uint256 deadline)",11368000
13693655,1637983178,0xf1d2f06d51dd4adb7b74f53a4f277fb28876ae3661a7144b6146a1b0238467f9,123,0xa95d8a573d668e0b67db95ae95781a6536db72d779c67ae192738ded3ac2e2a7,0xd6224fe5795006cc35d5a7968e9efac9ad9d1421,0xe460f3e0adc58357ea5e3ac1d839611dee826354,0x6568ed91c05ebb30b32d5bc360fa172cf76b5ca3,5153092836010000000000,Boba Token,BOBA,18,104,159989,131000000000,131277,7287812,deprecated,0xfb3bdb41,"swapETHForExactTokens(uint256 amountOut, address[] path, address to, uint256 deadline)",11367999
13693655,1637983178,0xb98dd6d59ce19266111056b964f1efec652f36515db45017d36150eaccc0d9ed,124,0xa95d8a573d668e0b67db95ae95781a6536db72d779c67ae192738ded3ac2e2a7,0xd6224fe5795006cc35d5a7968e9efac9ad9d1421,0xe460f3e0adc58357ea5e3ac1d839611dee826354,0x4ae958b4de0e6f21d51e73625fb9d5e0c3b0985f,4033613113262408165183,Boba Token,BOBA,18,105,152740,131000000000,113458,7401270,deprecated,0x7ff36ab5,"swapExactETHForTokens(uint256 amountOutMin, address[] path, address to, uint256 deadline)",11367999
13693658,1637983241,0x3924cec47505215c5a3463d5c682b2ec6a487e584a5a6baf6b912b3939a220af,125,0xb7cc14ea9e8fc1a40a547950aaf7585910bea39b4c953148e6ce959340ea9a29,0xd6224fe5795006cc35d5a7968e9efac9ad9d1421,0xe460f3e0adc58357ea5e3ac1d839611dee826354,0x771589dae107f0bf610b643a31c6774731402e31,2575000000000000000000,Boba Token,BOBA,18,229,159963,125000000000,131253,19809406,deprecated,0xfb3bdb41,"swapETHForExactTokens(uint256 amountOut, address[] path, address to, uint256 deadline)",11367996
13693658,1637983241,0x953e754a3f4a2911c434ab6be3e09b71c115c446ab99b198cfd2c3d9752f7d9e,126,0xb7cc14ea9e8fc1a40a547950aaf7585910bea39b4c953148e6ce959340ea9a29,0xd6224fe5795006cc35d5a7968e9efac9ad9d1421,0xe460f3e0adc58357ea5e3ac1d839611dee826354,0x0d43a6191825026d661bd46538b13c99dfada0d4,4668885905259135209916,Boba Token,BOBA,18,230,152740,131000000000,113458,19922864,deprecated,0x7ff36ab5,"swapExactETHForTokens(uint256 amountOutMin, address[] path, address to, uint256 deadline)",11367996
13693658,1637983241,0x8bc30bd035989213ce55e5625e1439ea6f069337cf71aee691afbf77df92981d,127,0xb7cc14ea9e8fc1a40a547950aaf7585910bea39b4c953148e6ce959340ea9a29,0xd6224fe5795006cc35d5a7968e9efac9ad9d1421,0xe460f3e0adc58357ea5e3ac1d839611dee826354,0x1f77687df949341a0fd8f69a3b557a26e13efc8f,6358095627000000000000,Boba Token,BOBA,18,231,159989,131000000000,120861,20043725,deprecated,0xfb3bdb41,"swapETHForExactTokens(uint256 amountOut, address[] path, address to, uint256 deadline)",11367996
13693661,1637983271,0x48abb7b6cbad547c5a5019e6b2e08ac4927f3f379a21f73b4873f50136ac5c08,128,0x8e98c65a3a4e409e476e47ba95b4a3893beb1ccc88c44e038d5c4bfe1b9f891a,0xd6224fe5795006cc35d5a7968e9efac9ad9d1421,0xe460f3e0adc58357ea5e3ac1d839611dee826354,0x14d55038be0680c8ec4b83b8803fe15e752b5137,4871757233385744798670,Boba Token,BOBA,18,21,164380,135000000000,123874,2487840,deprecated,0x7ff36ab5,"swapExactETHForTokens(uint256 amountOutMin, address[] path, address to, uint256 deadline)",11367993
13693664,1637983312,0xc454ac40d47f4fa827d33fbed7309d8e2d2d4962edadfbf6025cc96341d726e9,129,0xe376cad88b5e80fdcceb40f431116361b272c69a2515bfc0f3371f726a383158,0xd6224fe5795006cc35d5a7968e9efac9ad9d1421,0xe460f3e0adc58357ea5e3ac1d839611dee826354,0x0802ff5d17a4fe0721f3c009fa643c95e8ee267e,7516000000000000000000,Boba Token,BOBA,18,23,159976,135000000000,131265,1906782,deprecated,0xfb3bdb41,"swapETHForExactTokens(uint256 amountOut, address[] path, address to, uint256 deadline)",11367990
13693664,1637983312,0xdde826cb398be97bcf777e7fda7bb6ce27a9b40f286390e58d71ce5401f0acbd,130,0xe376cad88b5e80fdcceb40f431116361b272c69a2515bfc0f3371f726a383158,0xd6224fe5795006cc35d5a7968e9efac9ad9d1421,0xe460f3e0adc58357ea5e3ac1d839611dee826354,0x473a465367c347b9668b69dac81026bc66675f4a,18326684857800817233753,Boba Token,BOBA,18,24,164393,131000000000,113470,2020252,deprecated,0x7ff36ab5,"swapExactETHForTokens(uint256 amountOutMin, address[] path, address to, uint256 deadline)",11367990
13693664,1637983312,0x31d16da4cd8290299650dd3180748ff286913fd6ae2090e308d70753d3f024b7,131,0xe376cad88b5e80fdcceb40f431116361b272c69a2515bfc0f3371f726a383158,0xd6224fe5795006cc35d5a7968e9efac9ad9d1421,0xe460f3e0adc58357ea5e3ac1d839611dee826354,0xf317738e662fa6360b672738bc5298dabe5ce1a6,3263091084361300000000,Boba Token,BOBA,18,25,159976,131000000000,120849,2141101,deprecated,0xfb3bdb41,"swapETHForExactTokens(uint256 amountOut, address[] path, address to, uint256 deadline)",11367990
13693664,1637983312,0x78f48f49189d037b0dfda6b05fc4fe3a1ffe60b1c45f2833adfe9263c04ce9be,132,0xe376cad88b5e80fdcceb40f431116361b272c69a2515bfc0f3371f726a383158,0xd6224fe5795006cc35d5a7968e9efac9ad9d1421,0xe460f3e0adc58357ea5e3ac1d839611dee826354,0x970f71fe4d517d01c4dd64da6d13aa99d2aa5938,2509150000000000000000,Boba Token,BOBA,18,26,159963,135000000000,120837,2261938,deprecated,0xfb3bdb41,"swapETHForExactTokens(uint256 amountOut, address[] path, address to, uint256 deadline)",11367990
13693668,1637983375,0x4c5e7baa87e99bcdac8eda34956adf678c2592f2639351b61736fb9b50635840,133,0xaf27c4636467aaad91463d5d73ea3a645ca342c3b2336f0d9bf277e53e29460f,0xd6224fe5795006cc35d5a7968e9efac9ad9d1421,0xe460f3e0adc58357ea5e3ac1d839611dee826354,0xaddca3f94037337482bd282995e3ec61816e5655,6109000000000000000000,Boba Token,BOBA,18,68,171433,135000000000,131265,5477987,deprecated,0xfb3bdb41,"swapETHForExactTokens(uint256 amountOut, address[] path, address to, uint256 deadline)",11367986
13693668,1637983375,0xe72f49750f51f5a3f9c32f68b5b46370df2ecf5d4a76bff2900f8e13798570dd,134,0xaf27c4636467aaad91463d5d73ea3a645ca342c3b2336f0d9bf277e53e29460f,0xd6224fe5795006cc35d5a7968e9efac9ad9d1421,0xe460f3e0adc58357ea5e3ac1d839611dee826354,0x879a04ff1814f8ead14a10ac4c391934b372ad24,8433000000000000000000,Boba Token,BOBA,18,70,159976,135000000000,120849,5619836,deprecated,0xfb3bdb41,"swapETHForExactTokens(uint256 amountOut, address[] path, address to, uint256 deadline)",11367986
13693670,1637983411,0xc4ee8c10abefc67de1e48d1c2b874f7b3f795a3b6258eafcf6924455114d6b01,135,0x5d7d6f2575e2d35f22ef173d9ea381bb80a626557293aa3afe019059664cb09f,0xd6224fe5795006cc35d5a7968e9efac9ad9d1421,0xe460f3e0adc58357ea5e3ac1d839611dee826354,0x12c390b0dfcc301a5cd703ac4ab8c08b3c759507,3828252512215435002633,Boba Token,BOBA,18,7,164380,131000000000,123874,367626,deprecated,0x7ff36ab5,"swapExactETHForTokens(uint256 amountOutMin, address[] path, address to, uint256 deadline)",11367984
13693670,1637983411,0xe6be3ed2e2c8f653ef98ca68f7c831f842aedf03dfca428f78109967d0945b89,136,0x5d7d6f2575e2d35f22ef173d9ea381bb80a626557293aa3afe019059664cb09f,0xd6224fe5795006cc35d5a7968e9efac9ad9d1421,0xe460f3e0adc58357ea5e3ac1d839611dee826354,0x93d63db12b073c85afbd34cbca11fc69095d9b98,7538000000000000000000,Boba Token,BOBA,18,8,171433,135000000000,120849,488475,deprecated,0xfb3bdb41,"swapETHForExactTokens(uint256 amountOut, address[] path, address to, uint256 deadline)",11367984
13693671,1637983413,0x9b2efdeca78060f08cf41c5a7cc751d2ca59ecc7c8473449127f458a609828a7,137,0xabaf0800dde341b32215caa0b75356996b5bd3978012cf5f62e0012c720c6be2,0xd6224fe5795006cc35d5a7968e9efac9ad9d1421,0xe460f3e0adc58357ea5e3ac1d839611dee826354,0xee8ad6769fe89ecb8fee0d981ad709e08e6d1c06,10000000000000000000000,Boba Token,BOBA,18,23,171433,136000000000,131265,2328270,deprecated,0xfb3bdb41,"swapETHForExactTokens(uint256 amountOut, address[] path, address to, uint256 deadline)",11367983
13693671,1637983413,0x3f8866ea5c0806513f04309a4e872abf08ce5864d6fdf17fb56e44cc9700818c,138,0xabaf0800dde341b32215caa0b75356996b5bd3978012cf5f62e0012c720c6be2,0xd6224fe5795006cc35d5a7968e9efac9ad9d1421,0xe460f3e0adc58357ea5e3ac1d839611dee826354,0xbb546a2da90bc049c5752e420836ace1d087a470,21461827990230959696829,Boba Token,BOBA,18,24,164393,136000000000,113470,2441740,deprecated,0x7ff36ab5,"swapExactETHForTokens(uint256 amountOutMin, address[] path, address to, uint256 deadline)",11367983
13693672,1637983421,0x166edced8a831d23a49ab87fccdaca362a005f6b40af3b2c545d6982cc3ba3de,139,0xb64716cbe0d6f4b1d34aefbfacfc660a5dae3714395e48eafe2324064ea3fe50,0xd6224fe5795006cc35d5a7968e9efac9ad9d1421,0xe460f3e0adc58357ea5e3ac1d839611dee826354,0x0b4b8670390cb2d2f7001c8fdc4e7f0f239331f2,21094329601800000000000,Boba Token,BOBA,18,20,171433,137000000000,131265,1930739,deprecated,0xfb3bdb41,"swapETHForExactTokens(uint256 amountOut, address[] path, address to, uint256 deadline)",11367982
13693673,1637983428,0x843f032997b9490c44eeb8728dec2bea1258fa96f58c46cdf013861a913cbaa9,140,0x96d00850ca4f7b97146fba23928d6258ed4b8b23da4145fc0bf0973ebdfabbd1,0xd6224fe5795006cc35d5a7968e9efac9ad9d1421,0xe460f3e0adc58357ea5e3ac1d839611dee826354,0xf1e80f772987c2c86a0e0fb793322752c88dd16c,1093439870200000000000,Boba Token,BOBA,18,54,159976,137000000000,131265,5403770,deprecated,0xfb3bdb41,"swapETHForExactTokens(uint256 amountOut, address[] path, address to, uint256 deadline)",11367981
13693676,1637983464,0x0719c5b9fa7871fafca8104d95eaf5c9099975f117edfe43a041d1f5680861cd,141,0x5b26cc2d5ed14a53225205168efef5ea64a7f2aa1eb64e2a3fde547ce6b6e584,0xd6224fe5795006cc35d5a7968e9efac9ad9d1421,0xe460f3e0adc58357ea5e3ac1d839611dee826354,0x999344f7d101dbd5efc9fe41c9aea2ab8dd1f4af,2894569767441226412145,Boba Token,BOBA,18,77,152740,136000000000,123874,5109013,deprecated,0x7ff36ab5,"swapExactETHForTokens(uint256 amountOutMin, address[] path, address to, uint256 deadline)",11367978
13693677,1637983486,0x286761c578646825ca7c9251c8f39effb1b98a8fd2cdd51fcb0c3c354541a290,142,0x66e081199f4c7c31561f954b72551a13b2cf441ccc6a510aa589de251bdfb0c8,0xd6224fe5795006cc35d5a7968e9efac9ad9d1421,0xe460f3e0adc58357ea5e3ac1d839611dee826354,0xeca9a3e50dc533d4018da824d63d822c378aa976,5140013481500000000000,Boba Token,BOBA,18,53,159989,137000000000,131277,3720042,deprecated,0xfb3bdb41,"swapETHForExactTokens(uint256 amountOut, address[] path, address to, uint256 deadline)",11367977
13693679,1637983518,0x1550fc64d90da2f00626e31eda2ae809ed66c762828a52b8c7b774277f43bea3,143,0x435c7f5bb1e2c8dce99d38c18d16e67a6251a9f6890709e4084e48789332911a,0xd6224fe5795006cc35d5a7968e9efac9ad9d1421,0xe460f3e0adc58357ea5e3ac1d839611dee826354,0x8f8b87875a48c742efd64c2a7f466b600b856d4c,7019031498070000000000,Boba Token,BOBA,18,27,159989,137000000000,131277,1964833,deprecated,0xfb3bdb41,"swapETHForExactTokens(uint256 amountOut, address[] path, address to, uint256 deadline)",11367975
13693679,1637983518,0xab6f26aa557588225531d10673c487a90c42da90f2ca4d8b0ac2372d3473cdbd,144,0x435c7f5bb1e2c8dce99d38c18d16e67a6251a9f6890709e4084e48789332911a,0xd6224fe5795006cc35d5a7968e9efac9ad9d1421,0xe460f3e0adc58357ea5e3ac1d839611dee826354,0x88696c4985f64ea1ebfb9e46c1b47197f7a244ab,4402469042886517161570,Boba Token,BOBA,18,28,164380,141000000000,113458,2078291,deprecated,0x7ff36ab5,"swapExactETHForTokens(uint256 amountOutMin, address[] path, address to, uint256 deadline)",11367975
13693679,1637983518,0x05c0a4df9b4c480548e6fbaa4cf26aeff637253f1c23ade41a5f6df55c3f5962,145,0x435c7f5bb1e2c8dce99d38c18d16e67a6251a9f6890709e4084e48789332911a,0xd6224fe5795006cc35d5a7968e9efac9ad9d1421,0xe460f3e0adc58357ea5e3ac1d839611dee826354,0xcdc6530ff7eacca616cba2a432d592407d398f3d,2500000000000000000000,Boba Token,BOBA,18,29,171420,137000000000,120837,2199128,deprecated,0xfb3bdb41,"swapETHForExactTokens(uint256 amountOut, address[] path, address to, uint256 deadline)",11367975
13693683,1637983549,0xd6752be343e7ec4e189dd53c69833059e5756b18cf094fa63dec620a3a237ff1,146,0x267362257bd7c0577b81e86e12db24571dc92316c0b74679aa7c89cf9c14d61e,0xd6224fe5795006cc35d5a7968e9efac9ad9d1421,0xe460f3e0adc58357ea5e3ac1d839611dee826354,0xaa759dfffb47c0c6093ffa082fe7dab91adf5fea,4233890612500416307754,Boba Token,BOBA,18,61,164380,127000000000,123874,5625596,deprecated,0x7ff36ab5,"swapExactETHForTokens(uint256 amountOutMin, address[] path, address to, uint256 deadline)",11367971
13693683,1637983549,0x14cf3ef6959a9a990e6a60564c357c9f26838b2daab96e6a70dcb081af64143c,147,0x267362257bd7c0577b81e86e12db24571dc92316c0b74679aa7c89cf9c14d61e,0xd6224fe5795006cc35d5a7968e9efac9ad9d1421,0xe460f3e0adc58357ea5e3ac1d839611dee826354,0x68ea913a3caad9f917ba458897284364d33456e3,3095187046201114895505,Boba Token,BOBA,18,62,152740,141000000000,113458,5739054,deprecated,0x7ff36ab5,"swapExactETHForTokens(uint256 amountOutMin, address[] path, address to, uint256 deadline)",11367971
13693684,1637983574,0x81e721304d914bee01c4a81661a3f2838034b487e17d21edd1ff8e5f32f24248,148,0x48e1cea04ef6bb001c8905de54adc0b1d89c1811b14d2cf13d1837a30be9555e,0xd6224fe5795006cc35d5a7968e9efac9ad9d1421,0xe460f3e0adc58357ea5e3ac1d839611dee826354,0x93ea05af1aff2856d6477c9a744a31df1d159b7f,5402450000000000000000,Boba Token,BOBA,18,26,171433,125000000000,131265,2364719,deprecated,0xfb3bdb41,"swapETHForExactTokens(uint256 amountOut, address[] path, address to, uint256 deadline)",11367970
13693688,1637983627,0x16a6f8bced0fa41fc97e713dae613ce9c13432f689ba506e3a5d242431690c9c,149,0xb5480d8790e9ba4b2530a802f70afa699c0365f1131d734bb8c488ac08fe8c56,0xd6224fe5795006cc35d5a7968e9efac9ad9d1421,0xe460f3e0adc58357ea5e3ac1d839611dee826354,0xcb33844b365c53d3462271cee9b719b6fc8ba06a,10000000000000000000000,Boba Token,BOBA,18,6,171433,125000000000,131265,640370,deprecated,0xfb3bdb41,"swapETHForExactTokens(uint256 amountOut, address[] path, address to, uint256 deadline)",11367966
13693689,1637983633,0x90968219393a2aa0f4fda7d94f4bb425a33b1c85ab5acb7c7411e0ebf30a3ad5,150,0x8447caa6ac33b45119f8aadbbec405581e64b49d2ae4b94db745a3e40355bb63,0xd6224fe5795006cc35d5a7968e9efac9ad9d1421,0xe460f3e0adc58357ea5e3ac1d839611dee826354,0x42bf105f6832be4c0c13f7e258786dfa7cf65c66,3210000000000000000000,Boba Token,BOBA,18,17,171420,131000000000,131253,1235614,deprecated,0xfb3bdb41,"swapETHForExactTokens(uint256 amountOut, address[] path, address to, uint256 deadline)",11367965
13693692,1637983641,0xfb8a9e082587a4119c022e4d6ce4493de5a18f7a96d18d915e1ffbde88a0a542,151,0x6450a7e43e6dbdf90e0e10c1a2d6f411e63bf87c7292ff773589030cb991394f,0xd6224fe5795006cc35d5a7968e9efac9ad9d1421,0xe460f3e0adc58357ea5e3ac1d839611dee826354,0x3317ad9eda6942b5a7be5ba83346c0ea82c3c26c,9763880398694789619812,Boba Token,BOBA,18,65,164393,120000000000,123886,5584888,deprecated,0x7ff36ab5,"swapExactETHForTokens(uint256 amountOutMin, address[] path, address to, uint256 deadline)",11367962
13693698,1637983731,0x0b2c58abee72718353d578c5ad0c1dcf0d81c52dfe35e41ea36188e3e4d25162,152,0x6ca4d9655190481f0cef8c70d4ce8a2f2f5b9e6f330e00fa1d72dc9a34e61a53,0xd6224fe5795006cc35d5a7968e9efac9ad9d1421,0xe460f3e0adc58357ea5e3ac1d839611dee826354,0xde21f729137c5af1b01d73af1dc21effa2b8a0d6,23001502503343461351032,Boba Token,BOBA,18,21,164393,125000000000,123886,1925716,deprecated,0x7ff36ab5,"swapExactETHForTokens(uint256 amountOutMin, address[] path, address to, uint256 deadline)",11367956
13693720,1637983987,0x74a6d10c3d911a302ab753fb43bd4a37ed710b68791a051183bb59f42e181ffa,153,0x60e49d7d50a32d52095a8d4f2582e58bf018ec436ddbd7398bdd59a16bef5677,0xd6224fe5795006cc35d5a7968e9efac9ad9d1421,0xe460f3e0adc58357ea5e3ac1d839611dee826354,0x154a8cc94737431d72326f360c0f701f8a81bbac,756395299685487700032,Boba Token,BOBA,18,38,164380,115000000000,123874,2346041,deprecated,0x7ff36ab5,"swapExactETHForTokens(uint256 amountOutMin, address[] path, address to, uint256 deadline)",11367934
13693722,1637984033,0xf5b31bf48a359cc782d1d479393e5c5ec237675fe67670690144b2be51bfa4c0,154,0x142bf6307605934a5f9f7909f7dc2d0b1deffc759dbb464aae7062c055ebe341,0xd6224fe5795006cc35d5a7968e9efac9ad9d1421,0xe460f3e0adc58357ea5e3ac1d839611dee826354,0x338f3ec014d7edacb98506881d1e18dc00980fdc,2279687474568290396164,Boba Token,BOBA,18,8,164367,125000000000,123862,699013,deprecated,0x7ff36ab5,"swapExactETHForTokens(uint256 amountOutMin, address[] path, address to, uint256 deadline)",11367932
13693723,1637984046,0xf10bbd51516bffa64684104ed961064ac470e1848eb6e3f73375b318c4e9c94e,155,0x0a394c8e1a306015e9743ae429542316c519b5c4d70951a0183779693c357e57,0xd6224fe5795006cc35d5a7968e9efac9ad9d1421,0xe460f3e0adc58357ea5e3ac1d839611dee826354,0x00584363400c0b874277edd8cb16bc58b4b00ae2,1094000000000000000000,Boba Token,BOBA,18,74,171407,121000000000,131241,5681830,deprecated,0xfb3bdb41,"swapETHForExactTokens(uint256 amountOut, address[] path, address to, uint256 deadline)",11367931
13693723,1637984046,0x6ee6a884c39a190d7c58964924321903af0c6ae96ac0330b11aaf3154324cfe5,156,0x0a394c8e1a306015e9743ae429542316c519b5c4d70951a0183779693c357e57,0xd6224fe5795006cc35d5a7968e9efac9ad9d1421,0xe460f3e0adc58357ea5e3ac1d839611dee826354,0xaa1ff19f5d6acda4afd238d8fc0d722efdf16214,1893172291322657156656,Boba Token,BOBA,18,110,152740,111000000000,113458,8034126,deprecated,0x7ff36ab5,"swapExactETHForTokens(uint256 amountOutMin, address[] path, address to, uint256 deadline)",11367931
13693730,1637984108,0x158128d5e373554eeb5ce6779443284a88920622e38c934af8bff883a04e8fbf,157,0x8571eff921f74634861b19cbb5f4908f16aebc1e63817cbd05299a4dd53d1716,0xd6224fe5795006cc35d5a7968e9efac9ad9d1421,0xe460f3e0adc58357ea5e3ac1d839611dee826354,0xb4ad3a44356240a21ed4cf2e2a9e8632d0351430,3316230947840000000000,Boba Token,BOBA,18,254,171420,98000000000,131253,17246712,deprecated,0xfb3bdb41,"swapETHForExactTokens(uint256 amountOut, address[] path, address to, uint256 deadline)",11367924
13693731,1637984161,0x6e6ddd6352902afb11b7bc8e8d1e1bb3802a7ec9b803eea942e15d809725267b,158,0x58c844d6a3fe9b8384e4f791677a3f7ae687eb34f404382c4afbbeb47b263f06,0xd6224fe5795006cc35d5a7968e9efac9ad9d1421,0xe460f3e0adc58357ea5e3ac1d839611dee826354,0xf9d9b59590327d7633c74aeb728541477cde5c12,513032490876100000000,Boba Token,BOBA,18,68,171433,115000000000,131265,7975869,deprecated,0xfb3bdb41,"swapETHForExactTokens(uint256 amountOut, address[] path, address to, uint256 deadline)",11367923
13693732,1637984189,0x643469746bae0d49811ff586eb50d4580dd0d39986f893e43338ca4e8b6a027b,159,0x848565903574067a84cf8618f443c7c1b9dcaaa1def0f00ccb517021a631aaed,0xd6224fe5795006cc35d5a7968e9efac9ad9d1421,0xe460f3e0adc58357ea5e3ac1d839611dee826354,0x1ec6cc6d34e5d50b135257f2a216831f3ed51544,2399099587717723735561,Boba Token,BOBA,18,171,152740,115000000000,123874,10117307,deprecated,0x7ff36ab5,"swapExactETHForTokens(uint256 amountOutMin, address[] path, address to, uint256 deadline)",11367922
13693735,1637984250,0xfcad727ea1b0b2a76e3377b21516b63ffe348732bac9b7b2a59238a0429b301f,160,0x1a719a72536e1e748004ce790c4ce85eec60174e4c4579fb3182f3c915b44430,0xd6224fe5795006cc35d5a7968e9efac9ad9d1421,0xe460f3e0adc58357ea5e3ac1d839611dee826354,0xabc38177643fd205c3f3e256dfc1e7ad4024808d,710439601846100000000,Boba Token,BOBA,18,48,159976,131000000000,131265,4220298,deprecated,0xfb3bdb41,"swapETHForExactTokens(uint256 amountOut, address[] path, address to, uint256 deadline)",11367919
13693735,1637984250,0x815366946249d782c4fc6f2cc02712e1822947149dfdc16342fc18d3c2922d36,161,0x1a719a72536e1e748004ce790c4ce85eec60174e4c4579fb3182f3c915b44430,0xd6224fe5795006cc35d5a7968e9efac9ad9d1421,0xe460f3e0adc58357ea5e3ac1d839611dee826354,0x63c4c1481f619f6911ad9b3a0dba492203e4db92,2261250000000000000000,Boba Token,BOBA,18,79,159963,115000000000,120837,6073459,deprecated,0xfb3bdb41,"swapETHForExactTokens(uint256 amountOut, address[] path, address to, uint256 deadline)",11367919
13693737,1637984287,0xeacd6869ece24321fcfff7299a96ff68c9fcbc33d1754d9025201a5717fb6d89,162,0xff3c7ae94e0b00e479cd021e6f6d5d7ab01235c271eb53c82820ce9ae776e4dc,0xd6224fe5795006cc35d5a7968e9efac9ad9d1421,0xe460f3e0adc58357ea5e3ac1d839611dee826354,0xa65247ea1ea6d1f4e923bc40f0094b2af7895349,1973294068230000000000,Boba Token,BOBA,18,82,159976,115000000000,131265,6753331,deprecated,0xfb3bdb41,"swapETHForExactTokens(uint256 amountOut, address[] path, address to, uint256 deadline)",11367917
13693737,1637984287,0x16c39e4877a5d7058ba75efc296957b607fe67081949604aef4bc252fe8d62c0,163,0xff3c7ae94e0b00e479cd021e6f6d5d7ab01235c271eb53c82820ce9ae776e4dc,0xd6224fe5795006cc35d5a7968e9efac9ad9d1421,0xe460f3e0adc58357ea5e3ac1d839611dee826354,0xfbc65ad4caa09b36161d5220820466130b280374,2141031984600000000000,Boba Token,BOBA,18,106,159976,111000000000,120849,8311255,deprecated,0xfb3bdb41,"swapETHForExactTokens(uint256 amountOut, address[] path, address to, uint256 deadline)",11367917
13693739,1637984313,0x19ce14c8c176e308e16c47e991bc6ebb0e7537d29a08cd79f0c0c9730b04dfa0,164,0x9b1e0c3c55bef2715ead1207fc485728089a1da1c234451354c02efc3d37d263,0xd6224fe5795006cc35d5a7968e9efac9ad9d1421,0xe460f3e0adc58357ea5e3ac1d839611dee826354,0xfbc65ad4caa09b36161d5220820466130b280374,2019104673295600000000,Boba Token,BOBA,18,82,152623,131000000000,114165,5212923,deprecated,0xfb3bdb41,"swapETHForExactTokens(uint256 amountOut, address[] path, address to, uint256 deadline)",11367915
13693745,1637984373,0x787c21c9b534ac10afc7d2f79390a2daa7827876642d8924a2ed90a691c15075,165,0x0c46705395a3658df128b9179454a9c8fec8f80d6afaa12b7eb328282a80a661,0xd6224fe5795006cc35d5a7968e9efac9ad9d1421,0xe460f3e0adc58357ea5e3ac1d839611dee826354,0xb0b4cb6c2abcf38f333b01157e084819ca001144,2407206506892572855752,Boba Token,BOBA,18,16,164367,131000000000,123862,1084315,deprecated,0x7ff36ab5,"swapExactETHForTokens(uint256 amountOutMin, address[] path, address to, uint256 deadline)",11367909
13693746,1637984376,0x6a113c853416c81464c1d87ff7479c3dad0454638675479693eed4b2e94375b7,166,0xef767c47577c4747027c932651798c4ed83d4dd961ecf12eb0f8ed461080eea4,0xd6224fe5795006cc35d5a7968e9efac9ad9d1421,0xe460f3e0adc58357ea5e3ac1d839611dee826354,0xf7f49fa303a76d58f7199a46267ed1f6efe424fa,919814349204409043695,Boba Token,BOBA,18,10,164380,135000000000,123874,1209150,deprecated,0x7ff36ab5,"swapExactETHForTokens(uint256 amountOutMin, address[] path, address to, uint256 deadline)",11367908
13693753,1637984487,0xc2fb9b6223b2123e0cc87eb24b85a172c4c83e03050d80d028ec061ead01393b,59,0xd514aa68c680639252f8938724044eed79cb2885916de75bbd3cd401b299c68b,0xd6224fe5795006cc35d5a7968e9efac9ad9d1421,0xe460f3e0adc58357ea5e3ac1d839611dee826354,0x54685653007828207d6b3840d1742c420de02119,3669452442935382608502,Boba Token,BOBA,18,63,138700,111371196009,120505,6057194,deprecated,0x38ed1739,"swapExactTokensForTokens(uint256 amountIn, uint256 amountOutMin, address[] path, address to, uint256 deadline)",11367901
13693769,1637984622,0xcb91a6b91529bbe760ac9b9343b87e9981ec6a49fc003d6311f34af257836477,167,0x6b5facdfa2c02f6c64e8ca5212fd11931156f89d21663241278b6eba73eef383,0xd6224fe5795006cc35d5a7968e9efac9ad9d1421,0xe460f3e0adc58357ea5e3ac1d839611dee826354,0x7a250d5630b4cf539739df2c5dacb4c659f2488d,429636196085785490397413,Boba Token,BOBA,18,63,310871,110000000000,224438,3096411,deprecated,0xded9382a,"removeLiquidityETHWithPermit(address token, uint256 liquidity, uint256 amountTokenMin, uint256 amountETHMin, address to, uint256 deadline, bool approveMax, uint8 v, bytes32 r, bytes32 s)",11367885
13693769,1637984622,0xcb91a6b91529bbe760ac9b9343b87e9981ec6a49fc003d6311f34af257836477,167,0x6b5facdfa2c02f6c64e8ca5212fd11931156f89d21663241278b6eba73eef383,0x7a250d5630b4cf539739df2c5dacb4c659f2488d,0xe460f3e0adc58357ea5e3ac1d839611dee826354,0xbeadea03174167364bace137cf4ff85f62fc09d4,429636196085785490397413,Boba Token,BOBA,18,63,310871,110000000000,224438,3096411,deprecated,0xded9382a,"removeLiquidityETHWithPermit(address token, uint256 liquidity, uint256 amountTokenMin, uint256 amountETHMin, address to, uint256 deadline, bool approveMax, uint8 v, bytes32 r, bytes32 s)",11367885
13693771,1637984687,0x4f0854e8f8b56f8ea1836b34e97abf08a1d1aadae164df4fe608eb7f6f597989,168,0x904c9a182a7f267483ca131a531b9a07f3ee4c074b0166180cfe848dd3facd60,0xd6224fe5795006cc35d5a7968e9efac9ad9d1421,0xe460f3e0adc58357ea5e3ac1d839611dee826354,0x46020205abd2cd506e135d8f36db5c48d1c0183e,472027948570000000000,Boba Token,BOBA,18,61,159976,111000000000,131265,3466946,deprecated,0xfb3bdb41,"swapETHForExactTokens(uint256 amountOut, address[] path, address to, uint256 deadline)",11367883
13693774,1637984748,0x5eedc2d6a2578533fbb51fc4e9a13316ea3dc47fc9e554ffffe67b58040db3eb,169,0xa43d71e72d0a6d9143b9afc40463ae7c15718438a598ca91d02b2d80767195b5,0xd6224fe5795006cc35d5a7968e9efac9ad9d1421,0xe460f3e0adc58357ea5e3ac1d839611dee826354,0x67053e9d7584974282801e76b0594ecafae11f84,683029485721000000000,Boba Token,BOBA,18,35,171433,111000000000,131265,1959516,deprecated,0xfb3bdb41,"swapETHForExactTokens(uint256 amountOut, address[] path, address to, uint256 deadline)",11367880
13693774,1637984748,0x93a13e95cdbaa30d3bd62eda5b43a8f26d842d49e4a7c4d568d7b8dada7c673f,170,0xa43d71e72d0a6d9143b9afc40463ae7c15718438a598ca91d02b2d80767195b5,0xd6224fe5795006cc35d5a7968e9efac9ad9d1421,0xe460f3e0adc58357ea5e3ac1d839611dee826354,0x47e8350f650adfd900f14f6e9275eecd6c48abf2,2279242697749525910167,Boba Token,BOBA,18,36,164367,111000000000,113446,2072962,deprecated,0x7ff36ab5,"swapExactETHForTokens(uint256 amountOutMin, address[] path, address to, uint256 deadline)",11367880
13693774,1637984748,0x0f4c837a1d2157d19f5345c75e94202b667806b4ed231850380b42d9827eb16e,171,0xa43d71e72d0a6d9143b9afc40463ae7c15718438a598ca91d02b2d80767195b5,0xd6224fe5795006cc35d5a7968e9efac9ad9d1421,0xe460f3e0adc58357ea5e3ac1d839611dee826354,0x999a6f5a922c9a4776869d1f1c7f5fcd4b636a6d,1491032579090802970413,Boba Token,BOBA,18,37,152740,111000000000,113458,2186420,deprecated,0x7ff36ab5,"swapExactETHForTokens(uint256 amountOutMin, address[] path, address to, uint256 deadline)",11367880
13693774,1637984748,0x55aa7f7f388d30d6c5c77ca5c5f800bb3e58869e29f275f2122cd7ec311b0e3d,172,0xa43d71e72d0a6d9143b9afc40463ae7c15718438a598ca91d02b2d80767195b5,0xd6224fe5795006cc35d5a7968e9efac9ad9d1421,0xe460f3e0adc58357ea5e3ac1d839611dee826354,0xc15b22bfa6266a30ad992f7751f2808447ae6247,2000000000000000000000,Boba Token,BOBA,18,38,171420,111000000000,120837,2307257,deprecated,0xfb3bdb41,"swapETHForExactTokens(uint256 amountOut, address[] path, address to, uint256 deadline)",11367880
13693775,1637984756,0xd6fac722e692151cfeca61e728fb43dd41fa9af7b5bb25ed2435c02ca4c56ef3,173,0x9fa9ac8d6f34aee764449ee01896d588d6dc39248cb22b087214bd5723144ac7,0xd6224fe5795006cc35d5a7968e9efac9ad9d1421,0xe460f3e0adc58357ea5e3ac1d839611dee826354,0xf76dbc5d9a7465ecec49700054bf27f88cf9ad05,1035028064305765535426,Boba Token,BOBA,18,20,164367,115000000000,123862,1048392,deprecated,0x7ff36ab5,"swapExactETHForTokens(uint256 amountOutMin, address[] path, address to, uint256 deadline)",11367879
13693780,1637984809,0x96275196dfa5cf14875bf9dec997b8252536d42e2ca9b039a0a63853fa87f0ab,174,0x0c7585e03e94087ce7d82369e322561d4dae389326dd52bf5b8689fa17c59bc6,0xd6224fe5795006cc35d5a7968e9efac9ad9d1421,0xe460f3e0adc58357ea5e3ac1d839611dee826354,0xddd8c32d7ea023413dedd6018b7cba43742a4e7b,1952485572532036379686,Boba Token,BOBA,18,51,164380,115000000000,123874,3432627,deprecated,0x7ff36ab5,"swapExactETHForTokens(uint256 amountOutMin, address[] path, address to, uint256 deadline)",11367874
13693781,1637984820,0x45e3af33a307efac3893816da28c88899df1e45bfa370b9636f325f936495f70,175,0xa2f05f4b27ddd0469cee7eb020a19201b3f1ad05edc77cfd8abb92de5443ed26,0xd6224fe5795006cc35d5a7968e9efac9ad9d1421,0xe460f3e0adc58357ea5e3ac1d839611dee826354,0x41b9faeed6caff639d1da708a9899821b950aeed,2454842833015146926375,Boba Token,BOBA,18,57,152740,115000000000,123874,3818508,deprecated,0x7ff36ab5,"swapExactETHForTokens(uint256 amountOutMin, address[] path, address to, uint256 deadline)",11367873
13693781,1637984820,0x81bf20403eba5306024a496c2a80e62998efcdc528ecdfc7fcbc911899c66500,176,0xa2f05f4b27ddd0469cee7eb020a19201b3f1ad05edc77cfd8abb92de5443ed26,0xd6224fe5795006cc35d5a7968e9efac9ad9d1421,0xe460f3e0adc58357ea5e3ac1d839611dee826354,0xa040e70e576b239aa699c4d5f42ae431611ce6c7,3015000000000000000000,Boba Token,BOBA,18,58,171420,115000000000,120837,3939345,deprecated,0xfb3bdb41,"swapETHForExactTokens(uint256 amountOut, address[] path, address to, uint256 deadline)",11367873
13693781,1637984820,0x1f41d94af31ffaee761f4904f3fc0569f814cd8e237f3a3b0051a4d8fcdcb3d2,177,0xa2f05f4b27ddd0469cee7eb020a19201b3f1ad05edc77cfd8abb92de5443ed26,0xd6224fe5795006cc35d5a7968e9efac9ad9d1421,0xe460f3e0adc58357ea5e3ac1d839611dee826354,0x3b8cbbd549f6ef1ddeacb719c8c3898ee8785750,1784796639598143597239,Boba Token,BOBA,18,59,164380,115000000000,113458,4052803,deprecated,0x7ff36ab5,"swapExactETHForTokens(uint256 amountOutMin, address[] path, address to, uint256 deadline)",11367873
13693782,1637984848,0x18dd436aac6836b5f351689a4ab0ff6797e924e6ac743c6ae9304ec034cf28d8,178,0x3dc047de09ea09bb9127dfcc3a12ea6cdf77b6e721af1d7bb689df8be13f1c8d,0xd6224fe5795006cc35d5a7968e9efac9ad9d1421,0xe460f3e0adc58357ea5e3ac1d839611dee826354,0xbc60aa031a9f34bd7992c99eae5e2c4dd1b5dbc3,3554612344384834454536,Boba Token,BOBA,18,63,152740,111000000000,123874,3902702,deprecated,0x7ff36ab5,"swapExactETHForTokens(uint256 amountOutMin, address[] path, address to, uint256 deadline)",11367872
13693782,1637984848,0x2db8b434a531ad3454a71e098b90ec212f9d238520ed240c3086a5575707742f,179,0x3dc047de09ea09bb9127dfcc3a12ea6cdf77b6e721af1d7bb689df8be13f1c8d,0xd6224fe5795006cc35d5a7968e9efac9ad9d1421,0xe460f3e0adc58357ea5e3ac1d839611dee826354,0xbc60aa031a9f34bd7992c99eae5e2c4dd1b5dbc3,1769850149720285511896,Boba Token,BOBA,18,64,152727,115000000000,96346,3999048,deprecated,0x7ff36ab5,"swapExactETHForTokens(uint256 amountOutMin, address[] path, address to, uint256 deadline)",11367872
13693790,1637984943,0xc026289320936b55b9afd3cbcf04a4c6810ff5ea349498fec89ce28eea49cf29,180,0x41db3a941320c337ad0af19e70e27b84bfe748bf1c6de9e0afa737fd2a7defbf,0xd6224fe5795006cc35d5a7968e9efac9ad9d1421,0xe460f3e0adc58357ea5e3ac1d839611dee826354,0xf35a6bd6e0459a4b53a27862c51a2a7292b383d1,2015346208146100000000,Boba Token,BOBA,18,30,171433,115000000000,131265,1549796,deprecated,0xfb3bdb41,"swapETHForExactTokens(uint256 amountOut, address[] path, address to, uint256 deadline)",11367864
13693791,1637984956,0xcd298e72a5488161ef852a4cffa0d0a7765bcacc22a718a243348498dad63500,181,0xbf3f06c2e99371c11d0f4ce3d5a139ae0415d22e57c8c4993e3683c2d2ebb9f8,0xd6224fe5795006cc35d5a7968e9efac9ad9d1421,0xe460f3e0adc58357ea5e3ac1d839611dee826354,0xf1e28ef29611fb33f8cd3e5d2a41b728bed5bb16,4634290348710300000000,Boba Token,BOBA,18,71,171433,99000000000,131265,5106131,deprecated,0xfb3bdb41,"swapETHForExactTokens(uint256 amountOut, address[] path, address to, uint256 deadline)",11367863
13693796,1637984996,0xf3b2cb90836e8302aa3553834c42f17f74541816b85b017d775ebd656611b7a6,182,0xfd452094998a7da4b7fe5f6b431b4b319eaed96283d23f8b5dc54abeeaa88086,0xd6224fe5795006cc35d5a7968e9efac9ad9d1421,0xe460f3e0adc58357ea5e3ac1d839611dee826354,0xe293390d7651234c6dfb1f41a47358b9377c004f,34031802806843462537474,Boba Token,BOBA,18,26,152740,115000000000,123874,2727762,deprecated,0x7ff36ab5,"swapExactETHForTokens(uint256 amountOutMin, address[] path, address to, uint256 deadline)",11367858
13693801,1637985059,0x49bbe4cbdbe4bb80088e6aaeb0fc2d1ad9248133c311ef312fe9a457dfe48784,183,0x0f061a7ca800288b38ff252a363ddf949d2d9bb37913747bd434fff94d84b04c,0xd6224fe5795006cc35d5a7968e9efac9ad9d1421,0xe460f3e0adc58357ea5e3ac1d839611dee826354,0xf1e28ef29611fb33f8cd3e5d2a41b728bed5bb16,6586370362588072705163,Boba Token,BOBA,18,71,145271,111000000000,106774,5311495,deprecated,0x7ff36ab5,"swapExactETHForTokens(uint256 amountOutMin, address[] path, address to, uint256 deadline)",11367853
13693801,1637985059,0xbc4060cb4b466644abb2fcf71b28c08944a9096507f38266b67bfd6842ded0ec,184,0x0f061a7ca800288b38ff252a363ddf949d2d9bb37913747bd434fff94d84b04c,0xd6224fe5795006cc35d5a7968e9efac9ad9d1421,0xe460f3e0adc58357ea5e3ac1d839611dee826354,0xcffad3200574698b78f32232aa9d63eabd290703,436094587260000000000,Boba Token,BOBA,18,72,171433,111000000000,120849,5432344,deprecated,0xfb3bdb41,"swapETHForExactTokens(uint256 amountOut, address[] path, address to, uint256 deadline)",11367853
13693803,1637985098,0xac6db89b2ecc2ffc111dae8b5b2e77a04b6f26d3ef96b5cc72df8241e08c6073,185,0x555c9502500f27d00d1ce37d5d090fb6515f4b7782182fc7999db3145b02522d,0xd6224fe5795006cc35d5a7968e9efac9ad9d1421,0xe460f3e0adc58357ea5e3ac1d839611dee826354,0x0a60e164aa897ef76779164dff6e36161980c6fb,1590065939298881606332,Boba Token,BOBA,18,26,164380,115000000000,123874,2125445,deprecated,0x7ff36ab5,"swapExactETHForTokens(uint256 amountOutMin, address[] path, address to, uint256 deadline)",11367851
13693807,1637985123,0x8b88794bfda43c5256f36b4132fb2018672e5d0e8e9c431fcb02ce81eec3f96f,186,0x2e83ac59ec347e69e8557eb844da1194275d10b9b85a359f21a8332e6ed91129,0xd6224fe5795006cc35d5a7968e9efac9ad9d1421,0xe460f3e0adc58357ea5e3ac1d839611dee826354,0x7ae920bef29c849415635b1b97f1ceb33dca89b6,2154043908610000000000,Boba Token,BOBA,18,11,171433,115000000000,131265,1000704,deprecated,0xfb3bdb41,"swapETHForExactTokens(uint256 amountOut, address[] path, address to, uint256 deadline)",11367847
13693809,1637985173,0x944b4bb0b4fd81041b67041a3676eb812ae640a0e0418b799c7320445e2eeee0,187,0x4bb3b2fe684f7252bdbd3b6b86e452d8494a4f1b8bcfdf8ec3896b57c673acd6,0xd6224fe5795006cc35d5a7968e9efac9ad9d1421,0xe460f3e0adc58357ea5e3ac1d839611dee826354,0x179456bf16752fe5eb8789148e5c98eb39d87fe5,4189957526835221855978,Boba Token,BOBA,18,54,164380,115000000000,123874,4575629,deprecated,0x7ff36ab5,"swapExactETHForTokens(uint256 amountOutMin, address[] path, address to, uint256 deadline)",11367845
13693809,1637985173,0xba59b37201db5e4aff62bd6cde4116ab43c6233873e4c60d0b24a95cc26118c8,188,0x4bb3b2fe684f7252bdbd3b6b86e452d8494a4f1b8bcfdf8ec3896b57c673acd6,0xd6224fe5795006cc35d5a7968e9efac9ad9d1421,0xe460f3e0adc58357ea5e3ac1d839611dee826354,0x97e11052b331ca29a8a453a7c1a24e0fc9914656,5021918394000000000000,Boba Token,BOBA,18,55,159989,115000000000,120861,4696490,deprecated,0xfb3bdb41,"swapETHForExactTokens(uint256 amountOut, address[] path, address to, uint256 deadline)",11367845
13693811,1637985217,0x933aef4026ea5795117fd81b4fc27313d695b1272e0e51ee11648eeb68a52576,189,0xd801d5e560c1ee650e369b4348ed5b0f1d930a6a709433c6c245f5ba8a01bf92,0xd6224fe5795006cc35d5a7968e9efac9ad9d1421,0xe460f3e0adc58357ea5e3ac1d839611dee826354,0x6e3aa85db95bba36276a37ed93b12b7ab0782afb,9535289429578192493805,Boba Token,BOBA,18,9,152753,115000000000,123886,596374,deprecated,0x7ff36ab5,"swapExactETHForTokens(uint256 amountOutMin, address[] path, address to, uint256 deadline)",11367843
13693811,1637985217,0xfe5af59d69afc741d4894cacadf29a39ae957bf1c866c54cd9a8478819bbd7f5,190,0xd801d5e560c1ee650e369b4348ed5b0f1d930a6a709433c6c245f5ba8a01bf92,0xd6224fe5795006cc35d5a7968e9efac9ad9d1421,0xe460f3e0adc58357ea5e3ac1d839611dee826354,0x15150d0397bd1de3ea72231fbf6cd88c360e7eec,5000000000000000000000,Boba Token,BOBA,18,10,159976,115000000000,120849,717223,deprecated,0xfb3bdb41,"swapETHForExactTokens(uint256 amountOut, address[] path, address to, uint256 deadline)",11367843
13693816,1637985244,0x284a6ee52d96e49a3bc005fbef5c7f5c08473112e6045e69813e04dd22519f3a,191,0xb915900cec443a4bedf8da533f76292b82e8455901f6d115574292dbca5a6b7a,0xd6224fe5795006cc35d5a7968e9efac9ad9d1421,0xe460f3e0adc58357ea5e3ac1d839611dee826354,0x960e018de0656ae472527241b25145f0695e0eb0,1619685373880901905651,Boba Token,BOBA,18,40,164380,115000000000,123874,3730366,deprecated,0x7ff36ab5,"swapExactETHForTokens(uint256 amountOutMin, address[] path, address to, uint256 deadline)",11367838
13693819,1637985272,0x9ac55826ce887730ba4d362e0bfd113c7dcb97b439b1e13d2487bd1cf24bc65a,192,0x73b209f12c9333a414eebd42810b6b21e6b09daf33d15c7fffdfb7598ab11c1c,0xd6224fe5795006cc35d5a7968e9efac9ad9d1421,0xe460f3e0adc58357ea5e3ac1d839611dee826354,0xf58b7aeda1a855f7c3cb0d8d35f386777dace099,96245870154452834500,Boba Token,BOBA,18,18,171447,115000000000,131277,1891526,deprecated,0xfb3bdb41,"swapETHForExactTokens(uint256 amountOut, address[] path, address to, uint256 deadline)",11367835
13693820,1637985277,0xf5036a272fd024e0c94531aafda3d47835076c07b3fa6f6138994a5aa3796107,193,0xcde5932b7bb7e78c87583b09243152c9572856c642338e8b5bbc99fe6a51a10e,0xd6224fe5795006cc35d5a7968e9efac9ad9d1421,0xe460f3e0adc58357ea5e3ac1d839611dee826354,0xbe74c1e1a2243b1969d5d42817ed00ff242b492c,2166746326067402837973,Boba Token,BOBA,18,57,152727,115000000000,123862,5270211,deprecated,0x7ff36ab5,"swapExactETHForTokens(uint256 amountOutMin, address[] path, address to, uint256 deadline)",11367834
13693821,1637985302,0x7848528f72da49147e56a34f8301c23b08e023fadb4cb9403849874befb8f14c,194,0x0d1e28a2e7a8341a885b0387aad7baebd62045970a422b3491b932ca4b690b21,0xd6224fe5795006cc35d5a7968e9efac9ad9d1421,0xe460f3e0adc58357ea5e3ac1d839611dee826354,0x0aaef7bbc21c627f14cad904e283e199ca2b72cc,4150000000000000000000,Boba Token,BOBA,18,96,159963,115000000000,131253,3791969,deprecated,0xfb3bdb41,"swapETHForExactTokens(uint256 amountOut, address[] path, address to, uint256 deadline)",11367833
13693822,1637985322,0xa624848a9a6e9e30f832fae4f277c18cccbd785f505fc7d37c88b951d84360b2,195,0x62ac06d1fce040a0cbbaecc6ed052479c80a3d5424dcd3ae43c8112dba82bab9,0xd6224fe5795006cc35d5a7968e9efac9ad9d1421,0xe460f3e0adc58357ea5e3ac1d839611dee826354,0x69420b919ce287750e582ae5696aca4e55f2615b,2532396501972454333674,Boba Token,BOBA,18,2,152740,115000000000,123874,216895,deprecated,0x7ff36ab5,"swapExactETHForTokens(uint256 amountOutMin, address[] path, address to, uint256 deadline)",11367832
13693824,1637985331,0x58d547c80521b15cddee386b025398caedd43c872eb9acc45afd178840a01404,196,0xd25151be87d02cd4f242dc68107f723ff84a04b8700ae82fd0d1778f76992f83,0xd6224fe5795006cc35d5a7968e9efac9ad9d1421,0xe460f3e0adc58357ea5e3ac1d839611dee826354,0x37582978b1aba3a076d398ef624bf680816aaa39,1426000000000000000000,Boba Token,BOBA,18,18,159963,115000000000,131253,1828193,deprecated,0xfb3bdb41,"swapETHForExactTokens(uint256 amountOut, address[] path, address to, uint256 deadline)",11367830
13693824,1637985331,0x4aa0044457cc065aa66e521f6689df6b7762f6293c3569f58d576d66d6f960f2,197,0xd25151be87d02cd4f242dc68107f723ff84a04b8700ae82fd0d1778f76992f83,0xd6224fe5795006cc35d5a7968e9efac9ad9d1421,0xe460f3e0adc58357ea5e3ac1d839611dee826354,0x108a8b7200d044bbbe95bef6f671baec5473e05f,2194916857653798077143,Boba Token,BOBA,18,19,152727,115000000000,113446,1941639,deprecated,0x7ff36ab5,"swapExactETHForTokens(uint256 amountOutMin, address[] path, address to, uint256 deadline)",11367830
13693824,1637985331,0xc92e95b76bcee1ecd25b66145257d5c49a503dc27ce3964ba720386ca538e006,198,0xd25151be87d02cd4f242dc68107f723ff84a04b8700ae82fd0d1778f76992f83,0xd6224fe5795006cc35d5a7968e9efac9ad9d1421,0xe460f3e0adc58357ea5e3ac1d839611dee826354,0xdeadafacf5a088a60a6a9f7286d283f2fd4f2d2f,2636014048657370642557,Boba Token,BOBA,18,20,152740,115000000000,113458,2055097,deprecated,0x7ff36ab5,"swapExactETHForTokens(uint256 amountOutMin, address[] path, address to, uint256 deadline)",11367830
13693836,1637985421,0x146d5d1a818f599bd6a9b6d690bf4cb2c361baf51ab31fec81691c6e67c28d24,199,0xe296bd2c0735e3736db5a8c9e07d72c3364d2e655dc41aeb999a2d46a6b6a5be,0xd6224fe5795006cc35d5a7968e9efac9ad9d1421,0xe460f3e0adc58357ea5e3ac1d839611dee826354,0x7ca2b8b8a6c81cbd6d69267bc7854273d048294d,8448143085167976583897,Boba Token,BOBA,18,54,164393,115000000000,123886,2382637,deprecated,0x7ff36ab5,"swapExactETHForTokens(uint256 amountOutMin, address[] path, address to, uint256 deadline)",11367818
13693840,1637985455,0x84a8d951985f60ef46d1c1f24bce83c905283930b121dbe2548c5c3b194b7d9e,200,0xdc00a66500dccff72131d13853f6485e949a0925169584fa1e0db989c2ad37b1,0xd6224fe5795006cc35d5a7968e9efac9ad9d1421,0xe460f3e0adc58357ea5e3ac1d839611dee826354,0x4bed23c363f51c4ff842eb0c1cded2010e4491a5,2500000000000000000000,Boba Token,BOBA,18,23,171420,111000000000,131253,2423437,deprecated,0xfb3bdb41,"swapETHForExactTokens(uint256 amountOut, address[] path, address to, uint256 deadline)",11367814
13693840,1637985455,0xb4a266961e487241a5f388e7e22c4497c4d57fbfc52340ebd026016584283b06,1758,0xdc00a66500dccff72131d13853f6485e949a0925169584fa1e0db989c2ad37b1,0xd6224fe5795006cc35d5a7968e9efac9ad9d1421,0xe460f3e0adc58357ea5e3ac1d839611dee826354,0xe323cf1ca53ddb43e838093016559ea6af78af26,1346299815090040540281,Boba Token,BOBA,18,73,266000,102000000000,200856,4396162,deprecated,0x0f3b31b2,"multiplexMultiHopSellTokenForToken(address[] tokens,tuple[] calls,uint256 sellAmount,uint256 minBuyAmount)",11367814
13693850,1637985613,0x91f1ae21b81ce98ab14ca22eb360ae3a4a6828470490feed0ec3133b4b5750c3,201,0xea7403f30284684ac6371d7e3e42cc021d7d1b9b406c8afb78df3f747af329ce,0xd6224fe5795006cc35d5a7968e9efac9ad9d1421,0xe460f3e0adc58357ea5e3ac1d839611dee826354,0xc7470938797c97c32020995559d3927af6e03e6f,1874434974435680755118,Boba Token,BOBA,18,51,164380,115000000000,123874,5681110,deprecated,0x7ff36ab5,"swapExactETHForTokens(uint256 amountOutMin, address[] path, address to, uint256 deadline)",11367804
13693851,1637985639,0xafe902dbc9a3293620d98def0dffdcc10261cde1526337f63ec80e0f0353500d,202,0x91dc947d8f26c177ef139694109b145e8fcbd05f19065cba2c9148ace40306b2,0xd6224fe5795006cc35d5a7968e9efac9ad9d1421,0xe460f3e0adc58357ea5e3ac1d839611dee826354,0x603edb412f516a6acdc8cde42198d30fbab1cb4a,2413461038400000000000,Boba Token,BOBA,18,64,171433,115000000000,131265,5897991,deprecated,0xfb3bdb41,"swapETHForExactTokens(uint256 amountOut, address[] path, address to, uint256 deadline)",11367803
13693854,1637985691,0xaac3d7ec04c5c302d5389e4dfa1ce783b00385a7a3e67baacf2e29be1c6262b8,203,0x7349688aae9102f5ab00db32e4e30cbda02a19bc6c9dc7f9d29552a4e6e23e65,0xd6224fe5795006cc35d5a7968e9efac9ad9d1421,0xe460f3e0adc58357ea5e3ac1d839611dee826354,0x5136a9a5d077ae4247c7706b577f77153c32a01c,1432342087130000000000,Boba Token,BOBA,18,7,171433,115000000000,131265,713124,deprecated,0xfb3bdb41,"swapETHForExactTokens(uint256 amountOut, address[] path, address to, uint256 deadline)",11367800
13693856,1637985699,0xcaa96de9b4ab53b489f4bc2510a2034d2b2aa53a51c7b6da7f758b95d5a85c56,204,0x56621fa41992bceac283ce14728c4440c43d13df7dc0ea6fce7af96df489d925,0xd6224fe5795006cc35d5a7968e9efac9ad9d1421,0xe460f3e0adc58357ea5e3ac1d839611dee826354,0x79ddc7ef99dd2e8ad4af2e8618062262c0f9b2a9,2146500000000000000000,Boba Token,BOBA,18,44,171420,115000000000,131253,3034566,deprecated,0xfb3bdb41,"swapETHForExactTokens(uint256 amountOut, address[] path, address to, uint256 deadline)",11367798
13693856,1637985699,0xb2e9d44162d2b711d8f33d5627685397b579d0418715b5bfa5b86ac2e9cbdfc0,205,0x56621fa41992bceac283ce14728c4440c43d13df7dc0ea6fce7af96df489d925,0xd6224fe5795006cc35d5a7968e9efac9ad9d1421,0xe460f3e0adc58357ea5e3ac1d839611dee826354,0x0ccf9350fa72c87642f5ecd0b2474a16a4384944,2842602006588388571043,Boba Token,BOBA,18,45,152740,116000000000,113458,3148024,deprecated,0x7ff36ab5,"swapExactETHForTokens(uint256 amountOutMin, address[] path, address to, uint256 deadline)",11367798
13693856,1637985699,0xacb7c9bc3d145b4655896d2017b1e7d322c13a4ebdd8dbde07cb8b53e164d623,206,0x56621fa41992bceac283ce14728c4440c43d13df7dc0ea6fce7af96df489d925,0xd6224fe5795006cc35d5a7968e9efac9ad9d1421,0xe460f3e0adc58357ea5e3ac1d839611dee826354,0x4da722c67fbeafe65b90a237beeac240c446cf58,3115000000000000000000,Boba Token,BOBA,18,46,159963,115000000000,120837,3268861,deprecated,0xfb3bdb41,"swapETHForExactTokens(uint256 amountOut, address[] path, address to, uint256 deadline)",11367798
13693856,1637985699,0x8cc8b4dd0c24adf8bf319b00500c0a8596fe27e46998b9b2295f50f9f12bdf2d,207,0x56621fa41992bceac283ce14728c4440c43d13df7dc0ea6fce7af96df489d925,0xd6224fe5795006cc35d5a7968e9efac9ad9d1421,0xe460f3e0adc58357ea5e3ac1d839611dee826354,0x4c97766a5abb07221a66ed2bc93f8afcfb7cb71a,1323042958976200000000,Boba Token,BOBA,18,47,159976,115000000000,120849,3389710,deprecated,0xfb3bdb41,"swapETHForExactTokens(uint256 amountOut, address[] path, address to, uint256 deadline)",11367798
13693856,1637985699,0x0f872c337edfe26beada5614fdc461ee7d91ac706e289c7708337c22a2eaf6cf,208,0x56621fa41992bceac283ce14728c4440c43d13df7dc0ea6fce7af96df489d925,0xd6224fe5795006cc35d5a7968e9efac9ad9d1421,0xe460f3e0adc58357ea5e3ac1d839611dee826354,0x332c03000f036da05b587e86ef9fd6d21d61a143,2500000000000000000000,Boba Token,BOBA,18,48,171407,115000000000,120825,3510535,deprecated,0xfb3bdb41,"swapETHForExactTokens(uint256 amountOut, address[] path, address to, uint256 deadline)",11367798
13693856,1637985699,0x165b4a32df222e655e57726164582296d9a6f6f868cd1fd3a55e0de1679100de,209,0x56621fa41992bceac283ce14728c4440c43d13df7dc0ea6fce7af96df489d925,0xd6224fe5795006cc35d5a7968e9efac9ad9d1421,0xe460f3e0adc58357ea5e3ac1d839611dee826354,0x0e9e16a1a827a228236796843d0dc6d99e9354c6,3125000000000000000000,Boba Token,BOBA,18,49,171420,115000000000,120837,3631372,deprecated,0xfb3bdb41,"swapETHForExactTokens(uint256 amountOut, address[] path, address to, uint256 deadline)",11367798
13693857,1637985722,0x49f05f906ae4b4f2b991781ae9c38f6321da57f7f8412c3d4b0a63142e64743c,210,0x660d05f6fccf66eeaa259a25943c4a143d275b76533936282b4ba604be070614,0xd6224fe5795006cc35d5a7968e9efac9ad9d1421,0xe460f3e0adc58357ea5e3ac1d839611dee826354,0x700e728d8d492dd7a2b717a8a36309e90101e05d,1789245610959367067955,Boba Token,BOBA,18,21,164380,115000000000,123874,2190423,deprecated,0x7ff36ab5,"swapExactETHForTokens(uint256 amountOutMin, address[] path, address to, uint256 deadline)",11367797
13693858,1637985729,0xa8b62bc3c27b04d478735f60ad1ef1167a91067295ad0baf3c71ab8d7852e373,211,0x09c48600a50c8dff6d9e869ca4ed64ad2771ec5bb859d77492d6b9d57eb4aecc,0xd6224fe5795006cc35d5a7968e9efac9ad9d1421,0xe460f3e0adc58357ea5e3ac1d839611dee826354,0x425240bba92d6d49012531b16e9cbc3266e011e1,2736441027250073907002,Boba Token,BOBA,18,62,164380,115000000000,123874,5580505,deprecated,0x7ff36ab5,"swapExactETHForTokens(uint256 amountOutMin, address[] path, address to, uint256 deadline)",11367796
13693861,1637985769,0x61b4a2a99833637addca41cfa31e239cc7982b2dd4fb22ceeadfba162ff61fe9,212,0x4b673d3089e06b43b620f0e73d96e86f50e89ba1c53a7954f58192497f29f2c1,0xd6224fe5795006cc35d5a7968e9efac9ad9d1421,0xe460f3e0adc58357ea5e3ac1d839611dee826354,0x802c14d22792ba156ad5e979c7307ee6c4ab2aa7,4234643710800000000000,Boba Token,BOBA,18,58,171433,115000000000,131265,3972143,deprecated,0xfb3bdb41,"swapETHForExactTokens(uint256 amountOut, address[] path, address to, uint256 deadline)",11367793
13693861,1637985769,0x8f9fc949f089e0f52fb1861a274f2450331e08d2ff56e3747c9034f018138da3,213,0x4b673d3089e06b43b620f0e73d96e86f50e89ba1c53a7954f58192497f29f2c1,0xd6224fe5795006cc35d5a7968e9efac9ad9d1421,0xe460f3e0adc58357ea5e3ac1d839611dee826354,0x7202209d55d6db36ebed9b7e4081e4e4a8362c26,2125000000000000000000,Boba Token,BOBA,18,61,171420,111000000000,120837,4171187,deprecated,0xfb3bdb41,"swapETHForExactTokens(uint256 amountOut, address[] path, address to, uint256 deadline)",11367793
13693863,1637985819,0xef15af196463cee68eb8d83de134ff2b33baa0489d2ee7b0e1800b1777656e07,214,0x07f8fd1e3a1b56d49142e1560c70bdd224e2e7733f6c472c5b16ff4d261bb6a3,0xd6224fe5795006cc35d5a7968e9efac9ad9d1421,0xe460f3e0adc58357ea5e3ac1d839611dee826354,0x61f1230db5d1709a021358bac7541374df4b5dd2,2896727176440758282965,Boba Token,BOBA,18,39,152727,111000000000,123862,2550343,deprecated,0x7ff36ab5,"swapExactETHForTokens(uint256 amountOutMin, address[] path, address to, uint256 deadline)",11367791
13693864,1637985829,0x49256ef6b64e7992c110f2876c22d4da903e6ad5045896a8147f81e7d6b2926a,215,0x67ca1ac4fbb20e6e32bb7d7f96c0370d74a260dc4a25ffe38079ffa2de8e671f,0xd6224fe5795006cc35d5a7968e9efac9ad9d1421,0xe460f3e0adc58357ea5e3ac1d839611dee826354,0x09c0fd31831f2b5175633ed6fab51c8a37a05ec3,1082959407737133728833,Boba Token,BOBA,18,34,164380,111000000000,123874,1951452,deprecated,0x7ff36ab5,"swapExactETHForTokens(uint256 amountOutMin, address[] path, address to, uint256 deadline)",11367790
13693864,1637985829,0xf0f855844a653019f840b9bf3104879453252a90a6f7175017ba665da20cba53,216,0x67ca1ac4fbb20e6e32bb7d7f96c0370d74a260dc4a25ffe38079ffa2de8e671f,0xd6224fe5795006cc35d5a7968e9efac9ad9d1421,0xe460f3e0adc58357ea5e3ac1d839611dee826354,0x89dfeef62c823932c9076b8d6a315021156e3515,1209324980613000000000,Boba Token,BOBA,18,35,159976,111000000000,120849,2072301,deprecated,0xfb3bdb41,"swapETHForExactTokens(uint256 amountOut, address[] path, address to, uint256 deadline)",11367790
13693865,1637985854,0xb9d16cf0414f3d1757a072a3e20f47d59bc53dbb2531037be7620f69af17a40c,217,0xb7eab963c0ca410f85d501ed680de3232839a141bbddbfc571911cf1674d6470,0xd6224fe5795006cc35d5a7968e9efac9ad9d1421,0xe460f3e0adc58357ea5e3ac1d839611dee826354,0x15967114d89c4c7e2218be941a50863d3f804b28,1911131313591090305529,Boba Token,BOBA,18,48,152740,115000000000,123874,4809276,deprecated,0x7ff36ab5,"swapExactETHForTokens(uint256 amountOutMin, address[] path, address to, uint256 deadline)",11367789
13693866,1637985874,0xdc0e858a0e1f4cc283a6e9225934a127d8b76701152734c0e0b7f4ee235d41ce,218,0xae5144c1f73592db5abce602066f3896c37b9aca63e245d54d2f56520d277886,0xd6224fe5795006cc35d5a7968e9efac9ad9d1421,0xe460f3e0adc58357ea5e3ac1d839611dee826354,0x4c25055fc42e6cbb866b9863dd0f57b831d685d4,2183240586719000000000,Boba Token,BOBA,18,45,159976,115000000000,131265,3999516,deprecated,0xfb3bdb41,"swapETHForExactTokens(uint256 amountOut, address[] path, address to, uint256 deadline)",11367788
13693868,1637985909,0x3ebd42d0ecbfb26769e6b700955f6995cd88107064eb766c235a26165ad0a3da,219,0x2bc97d630f80e2cf9072e36c830111b5ea355d78ea4a8af2edb81981e5fb6404,0xd6224fe5795006cc35d5a7968e9efac9ad9d1421,0xe460f3e0adc58357ea5e3ac1d839611dee826354,0xdb306e5c24cd28a02b50c6f893d46a3572835195,1750095767380000000000,Boba Token,BOBA,18,68,159976,115000000000,131265,3486845,deprecated,0xfb3bdb41,"swapETHForExactTokens(uint256 amountOut, address[] path, address to, uint256 deadline)",11367786
13693881,1637986129,0xda8d40ee98e6974b1bb01e40773fa78ce1c86664062b4664226c0cead059f94e,220,0x5d330544f52bb0ba8b158062979f4dba1bf6d35b8d20d69a897574784eca0e33,0xd6224fe5795006cc35d5a7968e9efac9ad9d1421,0xe460f3e0adc58357ea5e3ac1d839611dee826354,0x850d85fc693f3694fd7ff081592333b8def393a6,10665789663031724787697,Boba Token,BOBA,18,144,164393,118000000000,123886,10595666,deprecated,0x7ff36ab5,"swapExactETHForTokens(uint256 amountOutMin, address[] path, address to, uint256 deadline)",11367773
13693881,1637986129,0x10cdbff5c01077d8ad141940f315f52780286a458c4159178bd88a348dfc9c2f,221,0x5d330544f52bb0ba8b158062979f4dba1bf6d35b8d20d69a897574784eca0e33,0xd6224fe5795006cc35d5a7968e9efac9ad9d1421,0xe460f3e0adc58357ea5e3ac1d839611dee826354,0xe69239137c993e36f0dd10475bf312f5f3b9165d,3260069867928000000000,Boba Token,BOBA,18,145,171433,118000000000,120849,10716515,deprecated,0xfb3bdb41,"swapETHForExactTokens(uint256 amountOut, address[] path, address to, uint256 deadline)",11367773
13693881,1637986129,0x07ef4a5cfd0c4a88a05a4a513eb83ce666a51893412a66fbfe6dda09d6f2b611,222,0x5d330544f52bb0ba8b158062979f4dba1bf6d35b8d20d69a897574784eca0e33,0xd6224fe5795006cc35d5a7968e9efac9ad9d1421,0xe460f3e0adc58357ea5e3ac1d839611dee826354,0x7b8ca4099417c86fd679b7b4e7035c7afbcc378a,2121087050000000000000,Boba Token,BOBA,18,146,171433,118000000000,120849,10837364,deprecated,0xfb3bdb41,"swapETHForExactTokens(uint256 amountOut, address[] path, address to, uint256 deadline)",11367773
13693889,1637986213,0xdf093b242b85d1fe84b8620a690b3f5d86a873ce1f3af15df8c5de5a0ae4ae7a,223,0xca3464c7d6e6f827e2374ab6324383fbb1746059a9dbf590404f6136c77ce7b7,0xd6224fe5795006cc35d5a7968e9efac9ad9d1421,0xe460f3e0adc58357ea5e3ac1d839611dee826354,0x28c0095fd01e784fb034a566b11000ee2095ef64,1349087496365000000000,Boba Token,BOBA,18,38,171420,125000000000,131253,5509006,deprecated,0xfb3bdb41,"swapETHForExactTokens(uint256 amountOut, address[] path, address to, uint256 deadline)",11367765
13693902,1637986351,0xd890daa9ad39b8612b5a57fa3bdbe95fb54c59d0cd084dd516b669a21bd2712d,224,0x30a3a9358f30a3275daaf2fb62e85677eabc0a81d1f138570579b4c9bf89ac7b,0xd6224fe5795006cc35d5a7968e9efac9ad9d1421,0xe460f3e0adc58357ea5e3ac1d839611dee826354,0x23b922a832b63831fbf04c7a1941943b88b3d0d6,2194523807859105975504,Boba Token,BOBA,18,78,164380,145000000000,123874,4530151,deprecated,0x7ff36ab5,"swapExactETHForTokens(uint256 amountOutMin, address[] path, address to, uint256 deadline)",11367752
13693905,1637986389,0x2b7c07a9966ccd6aea979f21ebb4f9c0bb6765b28badb5a3cf82c00166d0d95c,225,0xe33b14eef4863af5f30cc8f433fe69a0f4b0faf6a32ad00bc40694ff4eb6d95e,0xd6224fe5795006cc35d5a7968e9efac9ad9d1421,0xe460f3e0adc58357ea5e3ac1d839611dee826354,0xf330478fc27dc89bf1405cbc398fdc67dde4d936,1431256933000000000000,Boba Token,BOBA,18,72,171433,160000000000,131265,5207209,deprecated,0xfb3bdb41,"swapETHForExactTokens(uint256 amountOut, address[] path, address to, uint256 deadline)",11367749
13693910,1637986438,0x183befb0acc008e5d7497611fddc6ef5fa9eaed267fa8c35b5a8ce19208a17c8,226,0xc76877addf7ab9d69d7d23c2b4045d98b8d129b53f2fb147580d5232eca0598c,0xd6224fe5795006cc35d5a7968e9efac9ad9d1421,0xe460f3e0adc58357ea5e3ac1d839611dee826354,0x49d01c029d4e68698bb2e12d0eb1664dff24ea2c,2150000000000000000000,Boba Token,BOBA,18,96,171420,165000000000,131253,8182788,deprecated,0xfb3bdb41,"swapETHForExactTokens(uint256 amountOut, address[] path, address to, uint256 deadline)",11367744
13693910,1637986438,0x8752f79e377a43118835e177fa803dd9cb67c09b1e5971d8de3755f2d32e85c9,227,0xc76877addf7ab9d69d7d23c2b4045d98b8d129b53f2fb147580d5232eca0598c,0xd6224fe5795006cc35d5a7968e9efac9ad9d1421,0xe460f3e0adc58357ea5e3ac1d839611dee826354,0xbe23cbb62064b8b1550ae5ada59c39d45b1e2081,3430931286035304525843,Boba Token,BOBA,18,219,164380,141000000000,113458,17518180,deprecated,0x7ff36ab5,"swapExactETHForTokens(uint256 amountOutMin, address[] path, address to, uint256 deadline)",11367744
13693910,1637986438,0xdc8ec399b285dab13e9641d5ab6a9b5e926083173e1900bed0bc482a9717db18,228,0xc76877addf7ab9d69d7d23c2b4045d98b8d129b53f2fb147580d5232eca0598c,0xd6224fe5795006cc35d5a7968e9efac9ad9d1421,0xe460f3e0adc58357ea5e3ac1d839611dee826354,0x850d85fc693f3694fd7ff081592333b8def393a6,12998005677335028416839,Boba Token,BOBA,18,220,145284,142000000000,96370,17614550,deprecated,0x7ff36ab5,"swapExactETHForTokens(uint256 amountOutMin, address[] path, address to, uint256 deadline)",11367744
13693912,1637986535,0x27382454f5a45f33645cb690730c7f30e81fba927544785c35743f6ace81df2d,229,0x2abe3de72b367cd861be2d1bd868b73aa87cda51bffeee51ae58c15597b40f97,0xd6224fe5795006cc35d5a7968e9efac9ad9d1421,0xe460f3e0adc58357ea5e3ac1d839611dee826354,0xc52e083f3f8a168a2f0a938ccfdb83a3455f6fde,1361068793000000000000,Boba Token,BOBA,18,81,171433,141000000000,131265,6224635,deprecated,0xfb3bdb41,"swapETHForExactTokens(uint256 amountOut, address[] path, address to, uint256 deadline)",11367742
13693914,1637986564,0xe28ae0679af5f14bd802d919777d2675219181d18749f8e4a3866cc38e40e9f9,230,0x74e344450f975a5a4a748b6e460a0a6fda5a1d5153a3bf5ee3665ba7880f2dff,0xd6224fe5795006cc35d5a7968e9efac9ad9d1421,0xe460f3e0adc58357ea5e3ac1d839611dee826354,0x5bb4fdbc9dd62ff5317fbd0c17a07cbddf82db14,1608525134799997431951,Boba Token,BOBA,18,70,164380,141000000000,123874,4688462,deprecated,0x7ff36ab5,"swapExactETHForTokens(uint256 amountOutMin, address[] path, address to, uint256 deadline)",11367740
13693914,1637986564,0x437f0bfd6a4d959f04e2dcdf894a78e5b061d4f473a84df53224e6e5adebbe4a,231,0x74e344450f975a5a4a748b6e460a0a6fda5a1d5153a3bf5ee3665ba7880f2dff,0xd6224fe5795006cc35d5a7968e9efac9ad9d1421,0xe460f3e0adc58357ea5e3ac1d839611dee826354,0xc8abed2bcd497b76ed48dd1bb56c62c522c32232,1275716791896399112885,Boba Token,BOBA,18,71,152740,141000000000,113458,4801920,deprecated,0x7ff36ab5,"swapExactETHForTokens(uint256 amountOutMin, address[] path, address to, uint256 deadline)",11367740
13693920,1637986610,0x0a6beb2ec62faf5379a292313710fda2fec7cd9e7ed89b930ca8ebdeb0822d46,232,0x6227c5f283e64f084c4043e6645b25afca02b4b03f4836a4651af105b8678178,0xd6224fe5795006cc35d5a7968e9efac9ad9d1421,0xe460f3e0adc58357ea5e3ac1d839611dee826354,0xedeba8c580cec8dd7f22825ae4384861b4fa04e3,2321009088567930000000,Boba Token,BOBA,18,237,159989,141000000000,131277,13699272,deprecated,0xfb3bdb41,"swapETHForExactTokens(uint256 amountOut, address[] path, address to, uint256 deadline)",11367734
13693920,1637986610,0x3e227462f0832e8f88749e4f9b0afd7eb48721c89ea29940a8bb051e4c2bb586,233,0x6227c5f283e64f084c4043e6645b25afca02b4b03f4836a4651af105b8678178,0xd6224fe5795006cc35d5a7968e9efac9ad9d1421,0xe460f3e0adc58357ea5e3ac1d839611dee826354,0xdccc15d1153a6ade7e6aed44d34679b82c7845ca,3134000689736800000000,Boba Token,BOBA,18,238,171433,141000000000,120849,13820121,deprecated,0xfb3bdb41,"swapETHForExactTokens(uint256 amountOut, address[] path, address to, uint256 deadline)",11367734
13693920,1637986610,0x0704085dacc7237a0ff49ddd3158fcafa15623c392134fe442f2c1d20cd6faef,234,0x6227c5f283e64f084c4043e6645b25afca02b4b03f4836a4651af105b8678178,0xd6224fe5795006cc35d5a7968e9efac9ad9d1421,0xe460f3e0adc58357ea5e3ac1d839611dee826354,0xb4c6f5477598f72432860bd4e2742d2e216e8bd7,2519356854700000000000,Boba Token,BOBA,18,239,171433,141000000000,120849,13940970,deprecated,0xfb3bdb41,"swapETHForExactTokens(uint256 amountOut, address[] path, address to, uint256 deadline)",11367734
13693925,1637986669,0xc9cc88be0b8c0ccb690ee76be473ac85155c167d32416dc16d2263133c16f057,235,0xe43f9fa7ce165bc465571fd0f0d7570433522fba46e59b8d87d0693ac95a63bc,0xd6224fe5795006cc35d5a7968e9efac9ad9d1421,0xe460f3e0adc58357ea5e3ac1d839611dee826354,0xf5f3436a05b5ced2490dae07b86eb5bbd02782aa,3735554287544596919157,Boba Token,BOBA,18,59,164380,141000000000,123874,4546096,deprecated,0x7ff36ab5,"swapExactETHForTokens(uint256 amountOutMin, address[] path, address to, uint256 deadline)",11367729
13693927,1637986690,0xf2f7cc75d0b85ccadbf885efc6da4f42d9d74dbdfdc8b60d54fba3bf46d56441,236,0xe5bd28c522c70702ff91f3b0b104ea7182ae578d5915db62ffd1ae7988ae524f,0xd6224fe5795006cc35d5a7968e9efac9ad9d1421,0xe460f3e0adc58357ea5e3ac1d839611dee826354,0xecb3769168f4fddeb4cfcdc4ac8dd6c53c24bd55,1600479749730332417031,Boba Token,BOBA,18,80,152740,141000000000,123874,9109897,deprecated,0x7ff36ab5,"swapExactETHForTokens(uint256 amountOutMin, address[] path, address to, uint256 deadline)",11367727
13693929,1637986722,0xa0c057f511f6dea2c60654993cb5028255895a9f342ac82525f62502c8cada4a,237,0x54a46fadc537a81d90707cec763223a1bcc765acdfc6975cd37c7d296fdcd5cc,0xd6224fe5795006cc35d5a7968e9efac9ad9d1421,0xe460f3e0adc58357ea5e3ac1d839611dee826354,0x0a60e164aa897ef76779164dff6e36161980c6fb,1025000000000000000000,Boba Token,BOBA,18,153,152610,141000000000,114153,13489666,deprecated,0xfb3bdb41,"swapETHForExactTokens(uint256 amountOut, address[] path, address to, uint256 deadline)",11367725
13693929,1637986722,0x9d52cf9625393fc3ccb45fe8b8cee1c447f695fb478269633fcdc4f78245e650,238,0x54a46fadc537a81d90707cec763223a1bcc765acdfc6975cd37c7d296fdcd5cc,0xd6224fe5795006cc35d5a7968e9efac9ad9d1421,0xe460f3e0adc58357ea5e3ac1d839611dee826354,0xf2ef5636b38ecf46324ac97957a514beda674d7d,3700316281401722693075,Boba Token,BOBA,18,154,145271,141000000000,96358,13586024,deprecated,0x7ff36ab5,"swapExactETHForTokens(uint256 amountOutMin, address[] path, address to, uint256 deadline)",11367725
13693929,1637986722,0x9f692808c4a4f73784e351cd86fff29185329a4751e0717717076c2a0af6ef92,239,0x54a46fadc537a81d90707cec763223a1bcc765acdfc6975cd37c7d296fdcd5cc,0xd6224fe5795006cc35d5a7968e9efac9ad9d1421,0xe460f3e0adc58357ea5e3ac1d839611dee826354,0x0c3d9a1d9a1cb01d982eed355a6dc457d165febb,2515000000000000000000,Boba Token,BOBA,18,155,171420,141000000000,120837,13706861,deprecated,0xfb3bdb41,"swapETHForExactTokens(uint256 amountOut, address[] path, address to, uint256 deadline)",11367725
13693929,1637986722,0x8d89c3b2365fa97fce48f8926c1ddfc3b6411c87da4f21a428c31e8b409fa1f9,240,0x54a46fadc537a81d90707cec763223a1bcc765acdfc6975cd37c7d296fdcd5cc,0xd6224fe5795006cc35d5a7968e9efac9ad9d1421,0xe460f3e0adc58357ea5e3ac1d839611dee826354,0x0a471798f7f609a0b7fac97051e57be1c434fdef,1574815982156706998654,Boba Token,BOBA,18,157,164380,141000000000,113458,13841319,deprecated,0x7ff36ab5,"swapExactETHForTokens(uint256 amountOutMin, address[] path, address to, uint256 deadline)",11367725
13693929,1637986722,0xf86561d5986d471b86aae2d71cbe51423303b33af9bfb21ba36ba5636eae2633,241,0x54a46fadc537a81d90707cec763223a1bcc765acdfc6975cd37c7d296fdcd5cc,0xd6224fe5795006cc35d5a7968e9efac9ad9d1421,0xe460f3e0adc58357ea5e3ac1d839611dee826354,0x46e2c1d5ba29e282be1c608ca15d1565eab5e187,1220824099554919723735,Boba Token,BOBA,18,159,164380,141000000000,113458,13975777,deprecated,0x7ff36ab5,"swapExactETHForTokens(uint256 amountOutMin, address[] path, address to, uint256 deadline)",11367725
13693934,1637986813,0x5299ef66e32bd88ff993fc9e2c80b197a95a145df09e648e4486558d6bce2b12,242,0x1e287417f68844d399d729bc051b9180341693eb1ee481931ba7005c413da25d,0xd6224fe5795006cc35d5a7968e9efac9ad9d1421,0xe460f3e0adc58357ea5e3ac1d839611dee826354,0x18f9ad1c2a9d9884b3506f96dc0b271c78ba522c,4257833717737228772125,Boba Token,BOBA,18,6,152740,141000000000,123874,1107514,deprecated,0x7ff36ab5,"swapExactETHForTokens(uint256 amountOutMin, address[] path, address to, uint256 deadline)",11367720
13693936,1637986822,0x7d5a5b1c5dc847e0c0eee12e65e1c8ba24c2a4008f827e15b4078d032bae844a,243,0xde5a89eba4b185baddd9f9e93ed17aab4c45df7a44c18cb2ac3d26db35f2d3d6,0xd6224fe5795006cc35d5a7968e9efac9ad9d1421,0xe460f3e0adc58357ea5e3ac1d839611dee826354,0xcef3fe4013a08545a753af1de45b5e965ca622fc,688818425230906199354,Boba Token,BOBA,18,92,164380,141000000000,123874,5484770,deprecated,0x7ff36ab5,"swapExactETHForTokens(uint256 amountOutMin, address[] path, address to, uint256 deadline)",11367718
13693937,1637986837,0xd739437d2248731492ca4735910d64ec127f015c6116c0f8d8e3884eadb19ff9,244,0xe8252ac6fafc750c7c0abbd5f50ee1b317131e5caca4449eb363d6e8e347e46b,0xd6224fe5795006cc35d5a7968e9efac9ad9d1421,0xe460f3e0adc58357ea5e3ac1d839611dee826354,0x0a665938c6a857afd2e3e0776c003a6561724021,793000589476284500000,Boba Token,BOBA,18,113,171433,135000000000,131265,6123879,deprecated,0xfb3bdb41,"swapETHForExactTokens(uint256 amountOut, address[] path, address to, uint256 deadline)",11367717
13693939,1637986866,0xf9199ea718ea634130c2d71a62baac7d4e8f649228525323a6d439619f8cca68,245,0xb7d0deb2b2db8979f66cd655931f5be4c371fdd67def0c5702244fdcdc84fe61,0xd6224fe5795006cc35d5a7968e9efac9ad9d1421,0xe460f3e0adc58357ea5e3ac1d839611dee826354,0x2ebd5bd5053d17705102f101fad034e3beb8f424,1164175371445402555388,Boba Token,BOBA,18,34,152740,141000000000,123874,2456515,deprecated,0x7ff36ab5,"swapExactETHForTokens(uint256 amountOutMin, address[] path, address to, uint256 deadline)",11367715
13693941,1637986882,0x0e3d5452c636f5c2a174ae18c398b22c7ae49471f7955d090f5412bab6110320,246,0xcb0b6b49be44dfb7ce0a7f1b24a74b63abcde3824c871d3cc126993532509abb,0xd6224fe5795006cc35d5a7968e9efac9ad9d1421,0xe460f3e0adc58357ea5e3ac1d839611dee826354,0x1ef7d375b5325a8aaa3c0dc6667c147f41e63a1d,1521641486694087046028,Boba Token,BOBA,18,61,152740,141000000000,123874,5929787,deprecated,0x7ff36ab5,"swapExactETHForTokens(uint256 amountOutMin, address[] path, address to, uint256 deadline)",11367713
13693945,1637986957,0x2a7e8b0cc809f50a63d52e54fc7a96b9b81618c4843e1c04abbcc87beb0a4232,61,0x3ae7ecfeceaa7b98c5331121fdebf5eaf851d3d9c8b4daceec950a6b2b3e617e,0xd6224fe5795006cc35d5a7968e9efac9ad9d1421,0xe460f3e0adc58357ea5e3ac1d839611dee826354,0x54685653007828207d6b3840d1742c420de02119,2394346851085571124794,Boba Token,BOBA,18,162,130552,144824618813,103405,9645432,deprecated,0x38ed1739,"swapExactTokensForTokens(uint256 amountIn, uint256 amountOutMin, address[] path, address to, uint256 deadline)",11367709
13693951,1637987071,0xfb0f456fdb33add833269866e6ca7a7282e9f6b4014e378da41d34eea1adaa84,247,0x620ff53bdcf03306188af6848ba4785aead23fd543da5be222b6d1dfbec99fbe,0xd6224fe5795006cc35d5a7968e9efac9ad9d1421,0xe460f3e0adc58357ea5e3ac1d839611dee826354,0x850d85fc693f3694fd7ff081592333b8def393a6,9468474303951638403937,Boba Token,BOBA,18,97,145284,136000000000,106786,6109895,deprecated,0x7ff36ab5,"swapExactETHForTokens(uint256 amountOutMin, address[] path, address to, uint256 deadline)",11367703
13693951,1637987071,0x979a2d85270b2380c33f65f8e00950b8e106134a93ecc43a6e29d233487624ee,248,0x620ff53bdcf03306188af6848ba4785aead23fd543da5be222b6d1dfbec99fbe,0xbeadea03174167364bace137cf4ff85f62fc09d4,0xe460f3e0adc58357ea5e3ac1d839611dee826354,0x876eabf441b2ee5b5b0554fd502a8e0600950cfa,429636196085785490397413,Boba Token,BOBA,18,98,100000,141000000000,34713,6144608,deprecated,0xa9059cbb,"transfer(address _to, uint256 _value)",11367703
13693959,1637987181,0x862a459f4427ac8b966adbcf64a832e2b9ab58b04e17749fbe88a3cb411f4714,249,0xf300c83b746c7b7bc9613a3dc49e2717867eca1afd70b6873f2fcb02f5ae3236,0xd6224fe5795006cc35d5a7968e9efac9ad9d1421,0xe460f3e0adc58357ea5e3ac1d839611dee826354,0x850d85fc693f3694fd7ff081592333b8def393a6,4669836286721106971503,Boba Token,BOBA,18,5,145258,154000000000,106762,368801,deprecated,0x7ff36ab5,"swapExactETHForTokens(uint256 amountOutMin, address[] path, address to, uint256 deadline)",11367695
13693962,1637987203,0xa36626c9877e8a0c5d9317966e8e3ffeaf721f795e8dd461b6e03b7abe256640,250,0x470f87d356ab980cfc8271bf2ca75d9570533bd9f7ff2e135e2aded78ec9ec65,0xd6224fe5795006cc35d5a7968e9efac9ad9d1421,0xe460f3e0adc58357ea5e3ac1d839611dee826354,0x850d85fc693f3694fd7ff081592333b8def393a6,2319073009794618153039,Boba Token,BOBA,18,151,145271,150000000000,106774,9849826,deprecated,0x7ff36ab5,"swapExactETHForTokens(uint256 amountOutMin, address[] path, address to, uint256 deadline)",11367692
13693962,1637987203,0x0d6fe8b60c0da4c4a558eb5ae013217b825f9acf636e2c5f2263c257afbe7b6e,251,0x470f87d356ab980cfc8271bf2ca75d9570533bd9f7ff2e135e2aded78ec9ec65,0xd6224fe5795006cc35d5a7968e9efac9ad9d1421,0xe460f3e0adc58357ea5e3ac1d839611dee826354,0xee7ad10fbf6bae8f53a7af42c78659a49ae3abdf,1155606566082380195105,Boba Token,BOBA,18,152,164380,151000000000,113458,9963284,deprecated,0x7ff36ab5,"swapExactETHForTokens(uint256 amountOutMin, address[] path, address to, uint256 deadline)",11367692
13693962,1637987203,0x6c25cfba130074cd5805eb86af06945a4b47c369732d1c5a12d9076b0ebbefcc,252,0x470f87d356ab980cfc8271bf2ca75d9570533bd9f7ff2e135e2aded78ec9ec65,0xd6224fe5795006cc35d5a7968e9efac9ad9d1421,0xe460f3e0adc58357ea5e3ac1d839611dee826354,0x893926735a9614a5ff1856b4b43ab691d0cb35e5,814267463705389861850,Boba Token,BOBA,18,179,152740,141000000000,113458,11548385,deprecated,0x7ff36ab5,"swapExactETHForTokens(uint256 amountOutMin, address[] path, address to, uint256 deadline)",11367692
13693963,1637987265,0x6ddaedb499188b6a42870200f803c91f96a86a8ff827a7040b5b30605b5621e1,253,0x991b767dcaf623ce5aa7d4f6a77bb9cd77ddef3937c0d6f0a30bc250f3b893b9,0xd6224fe5795006cc35d5a7968e9efac9ad9d1421,0xe460f3e0adc58357ea5e3ac1d839611dee826354,0x50bbc5a6aec6c9b637bded595e4e9ecca7d78fc1,1250000000000000000000,Boba Token,BOBA,18,24,171420,131000000000,131253,1352547,deprecated,0xfb3bdb41,"swapETHForExactTokens(uint256 amountOut, address[] path, address to, uint256 deadline)",11367691
13694089,1637988941,0xb141f2f020e22c2eaa74b5037cae07b41d271b1d11afd7a82186574deda16773,254,0x3fc24ecb45ccc1eb813271e6fc14bb594fb956eeea8961269ad72ed11e97b6c1,0xd6224fe5795006cc35d5a7968e9efac9ad9d1421,0xe460f3e0adc58357ea5e3ac1d839611dee826354,0x2a75657b16e6b8769220ace5289f63e41a249307,22486809615099180328421,Boba Token,BOBA,18,82,164393,136000000000,123886,5219603,deprecated,0x7ff36ab5,"swapExactETHForTokens(uint256 amountOutMin, address[] path, address to, uint256 deadline)",11367565
13694096,1637989062,0x4fdbedd1caf84e9963b17634f88df40265bcc61494600eeda808e2857e851620,255,0x9a4ff4729eb04345f779609ca097a598ef5224f5adae21eece03aebc5b987a98,0xd6224fe5795006cc35d5a7968e9efac9ad9d1421,0xe460f3e0adc58357ea5e3ac1d839611dee826354,0x2a75657b16e6b8769220ace5289f63e41a249307,10875553692065236006693,Boba Token,BOBA,18,110,145284,125000000000,106786,4584979,deprecated,0x7ff36ab5,"swapExactETHForTokens(uint256 amountOutMin, address[] path, address to, uint256 deadline)",11367558
13694103,1637989134,0x9fe373fbba6ce16b52eb1b1c6749fce6780a348b1ff6cdb37b1be68778630497,257,0x941f3d8c4617508d02d37dd06d7bb022db10b8025d81a7ccc8b0bed1991c2e00,0xd6224fe5795006cc35d5a7968e9efac9ad9d1421,0xe460f3e0adc58357ea5e3ac1d839611dee826354,0xac865be46c22e653e0cc1a9f154a4dcf3d98dfd5,4284083074042364144538,Boba Token,BOBA,18,77,164380,131000000000,123874,3316767,deprecated,0x7ff36ab5,"swapExactETHForTokens(uint256 amountOutMin, address[] path, address to, uint256 deadline)",11367551
13694106,1637989204,0xbd2efae67fbe62fc488b9fe1f720d6ecf18893caf9612539bf9221fd81055116,258,0x38adad8bb91f805b7cddd8657aab15764dce10813389d3a33495a843215ee4b1,0xd6224fe5795006cc35d5a7968e9efac9ad9d1421,0xe460f3e0adc58357ea5e3ac1d839611dee826354,0xa83d740706c50a3bf20a392819553dd322894386,8457597483622463914735,Boba Token,BOBA,18,214,164393,131000000000,123886,11701078,deprecated,0x7ff36ab5,"swapExactETHForTokens(uint256 amountOutMin, address[] path, address to, uint256 deadline)",11367548
13694118,1637989350,0x29b6d5391eb930fa7f8b777cfe278388f03ece0d1c1fa3420ed4fcd534c913e6,259,0x2af63dfecabd6d245c528a144b69d871a549a8d7bc692c0d84f4dbcd35a667d5,0xd6224fe5795006cc35d5a7968e9efac9ad9d1421,0xe460f3e0adc58357ea5e3ac1d839611dee826354,0x2a75657b16e6b8769220ace5289f63e41a249307,5870595630340112735477,Boba Token,BOBA,18,99,145271,133000000000,106774,4686401,deprecated,0x7ff36ab5,"swapExactETHForTokens(uint256 amountOutMin, address[] path, address to, uint256 deadline)",11367536
13694140,1637989673,0x7e6bfdd197c0a3b67eb4cf015ca51a06036ed6ffb33ac48478f850903d66a183,1,0x09466ead3276f0d3d96e38d9ac350ffb8360c9a48814124161401a15d755c513,0xd6224fe5795006cc35d5a7968e9efac9ad9d1421,0xe460f3e0adc58357ea5e3ac1d839611dee826354,0xcc2e0e7de8825840e8b50310b035454e73011674,910377911507871826756,Boba Token,BOBA,18,46,203560,100582924775,125528,3549587,deprecated,0xd9627aa4,"sellToUniswap(address[] tokens, uint256 sellAmount, uint256 minBuyAmount, bool isSushi)",11367514
13694580,1637995380,0x277c39f3695aa5e758312b30e903fd070918c1f979c014a929ffc43ac12791fd,260,0x61d3cbb9f3b3f6695170b21130431a838afdc9819df44d61b3db61b5c3932ced,0xd6224fe5795006cc35d5a7968e9efac9ad9d1421,0xe460f3e0adc58357ea5e3ac1d839611dee826354,0x7a250d5630b4cf539739df2c5dacb4c659f2488d,387535723556755278645141,Boba Token,BOBA,18,8,292061,125000000000,210758,1750525,deprecated,0xded9382a,"removeLiquidityETHWithPermit(address token, uint256 liquidity, uint256 amountTokenMin, uint256 amountETHMin, address to, uint256 deadline, bool approveMax, uint8 v, bytes32 r, bytes32 s)",11367074
13694580,1637995380,0x277c39f3695aa5e758312b30e903fd070918c1f979c014a929ffc43ac12791fd,260,0x61d3cbb9f3b3f6695170b21130431a838afdc9819df44d61b3db61b5c3932ced,0x7a250d5630b4cf539739df2c5dacb4c659f2488d,0xe460f3e0adc58357ea5e3ac1d839611dee826354,0xbeadea03174167364bace137cf4ff85f62fc09d4,387535723556755278645141,Boba Token,BOBA,18,8,292061,125000000000,210758,1750525,deprecated,0xded9382a,"removeLiquidityETHWithPermit(address token, uint256 liquidity, uint256 amountTokenMin, uint256 amountETHMin, address to, uint256 deadline, bool approveMax, uint8 v, bytes32 r, bytes32 s)",11367074
13694631,1637996245,0x0a0430c455e209b16cd196563e961bd3e9c4d1e6c01c4b7f9cf9be1d5f2dd90b,261,0x242aeeb911c450100881121d28498f45f922c51b38f95891464776ae818ad09c,0xd6224fe5795006cc35d5a7968e9efac9ad9d1421,0xe460f3e0adc58357ea5e3ac1d839611dee826354,0x67b426d6353a9c9689217ae0d40ee1c2bb3145f5,2648551685768785757343,Boba Token,BOBA,18,178,164380,138000000000,123874,13447189,deprecated,0x7ff36ab5,"swapExactETHForTokens(uint256 amountOutMin, address[] path, address to, uint256 deadline)",11367023
13694631,1637996245,0x4dae82a1f86c84bb5db94b9ceab0947a3cbbe3dc74ab2b9b18be7263196e7af0,262,0x242aeeb911c450100881121d28498f45f922c51b38f95891464776ae818ad09c,0xd6224fe5795006cc35d5a7968e9efac9ad9d1421,0xe460f3e0adc58357ea5e3ac1d839611dee826354,0xaef26e276cb0adaee9efeb2923972ede06e6e98b,5743075659638000000000,Boba Token,BOBA,18,179,171447,145000000000,120861,13568050,deprecated,0xfb3bdb41,"swapETHForExactTokens(uint256 amountOut, address[] path, address to, uint256 deadline)",11367023
13694631,1637996245,0x3bc85a00a5aa40fab3e56949f8e021dd0baff2e14ed995dd9d84b4c992af1138,263,0x242aeeb911c450100881121d28498f45f922c51b38f95891464776ae818ad09c,0xd6224fe5795006cc35d5a7968e9efac9ad9d1421,0xe460f3e0adc58357ea5e3ac1d839611dee826354,0xf4faca935238f1f12ce0e5499a567946b8556a0b,227924280340255428368,Boba Token,BOBA,18,180,164380,140000000000,113458,13681508,deprecated,0x7ff36ab5,"swapExactETHForTokens(uint256 amountOutMin, address[] path, address to, uint256 deadline)",11367023
13694693,1637997102,0xf36453c6280860a7eef01b87c7968103d641bd847b4c1fac5d566151436a892e,264,0x8de9bab9ba90385a57904bea2a329fc571d4fe881c3e9cf21e2753a5a282ffbb,0xd6224fe5795006cc35d5a7968e9efac9ad9d1421,0xe460f3e0adc58357ea5e3ac1d839611dee826354,0x7a61a0ed364e599ae4748d1ebe74bf236dd27b09,7913732795802580298341,Boba Token,BOBA,18,47,164393,110000000000,123886,2453366,deprecated,0x7ff36ab5,"swapExactETHForTokens(uint256 amountOutMin, address[] path, address to, uint256 deadline)",11366961
13694694,1637997117,0xf41dddbc37d8f572f4600a64150f81e0e585c0fa9300f76d0914ef9dd7277e88,265,0x9079dbcf676820d25061a562159844b7f505d0d3720e5f65692d6946c145ac60,0xd6224fe5795006cc35d5a7968e9efac9ad9d1421,0xe460f3e0adc58357ea5e3ac1d839611dee826354,0xf13ac6a72cc24ecf68450c1e7f5d352710e3b0e2,11468369950703186582961,Boba Token,BOBA,18,92,164393,103000000000,123886,6419869,deprecated,0x7ff36ab5,"swapExactETHForTokens(uint256 amountOutMin, address[] path, address to, uint256 deadline)",11366960
13694695,1637997143,0x2bdebaee1fe1ecf20a78e10ce9f6f42277d507ed92b8511b73054684fa424431,266,0x0e9d28169c7529db9703aeb2a48ead015db3316c9f9b3b40f958c18e49454d55,0xd6224fe5795006cc35d5a7968e9efac9ad9d1421,0xe460f3e0adc58357ea5e3ac1d839611dee826354,0xae6ae4daa32d9b1af31460573a8e075fdbb11ea8,18800000000000000000000,Boba Token,BOBA,18,74,159976,110000000000,131265,3979089,deprecated,0xfb3bdb41,"swapETHForExactTokens(uint256 amountOut, address[] path, address to, uint256 deadline)",11366959
13694699,1637997159,0x8806b50c17b2072f1a578cc49603180771e91f590c947390082ecb58811ad92b,267,0xcf0ae4ac0199a43665ecbd706d1f7173da7a9cbf2e64d28fe5c318256f7f7866,0xd6224fe5795006cc35d5a7968e9efac9ad9d1421,0xe460f3e0adc58357ea5e3ac1d839611dee826354,0x72a53cdbbcc1b9efa39c834a540550e23463aacb,6724825125822424564368,Boba Token,BOBA,18,161,145271,115000000000,106774,10139133,deprecated,0x7ff36ab5,"swapExactETHForTokens(uint256 amountOutMin, address[] path, address to, uint256 deadline)",11366955
13694701,1637997216,0xdca4142106bae8ede34fb3885649f58b32800b4122bb0e63b65a78bea79ccb5d,268,0x5397a74070200fd74d829b1fed288148147ecdd84eeb63edcbf4143fbc3b7f86,0xd6224fe5795006cc35d5a7968e9efac9ad9d1421,0xe460f3e0adc58357ea5e3ac1d839611dee826354,0x3fd446ea49f90530e81564c70711a332bd085ddd,8595000000000000000000,Boba Token,BOBA,18,61,159976,117000000000,131265,3797243,deprecated,0xfb3bdb41,"swapETHForExactTokens(uint256 amountOut, address[] path, address to, uint256 deadline)",11366953
13694702,1637997244,0x5fc2da36d837c7c056d3df7f702fff69a48f6674920938fde875e5471608eacd,269,0xaae06a52bb884e8e63aa15aeb6b85daff37fda62f8a832e11de870c5b658fb97,0xd6224fe5795006cc35d5a7968e9efac9ad9d1421,0xe460f3e0adc58357ea5e3ac1d839611dee826354,0x33c640cccc076b9787e08cfa5f5c255ac252140d,2218826661846254647888,Boba Token,BOBA,18,117,164380,117000000000,123874,6308420,deprecated,0x7ff36ab5,"swapExactETHForTokens(uint256 amountOutMin, address[] path, address to, uint256 deadline)",11366952
13694727,1637997528,0xdc6883dd104f5a2e7c4a236ef9132a360168ab6e1935270a4a8f60b99e27b96d,270,0x7bf200527ab8af9ebb24aa94acafaa5c6a58688b944655c6072a3504db38c948,0xd6224fe5795006cc35d5a7968e9efac9ad9d1421,0xe460f3e0adc58357ea5e3ac1d839611dee826354,0x33c640cccc076b9787e08cfa5f5c255ac252140d,30741580488887008724972,Boba Token,BOBA,18,61,145284,110000000000,106786,3170172,deprecated,0x7ff36ab5,"swapExactETHForTokens(uint256 amountOutMin, address[] path, address to, uint256 deadline)",11366927
13694731,1637997582,0xcc626f5ac2d932d32c52d2befadfebcb1a832f97903ef4ce635ebf459b0c0843,271,0x4be1d2758117fe63284681eb78d0505e176b87a0545d40fe8dc9ea8ad9d85bc3,0xd6224fe5795006cc35d5a7968e9efac9ad9d1421,0xe460f3e0adc58357ea5e3ac1d839611dee826354,0x11e6bf5a0a7e921f19f24e49a1f6a9b7d415a677,11294723969176321209190,Boba Token,BOBA,18,70,164393,114000000000,123886,3673283,deprecated,0x7ff36ab5,"swapExactETHForTokens(uint256 amountOutMin, address[] path, address to, uint256 deadline)",11366923
13694735,1637997636,0xda4f3fd0ce249ba1df99e00a249acacf0500cfa35e725d475291ddaeaa99533c,273,0x9c91f1077b04b7646ae3fef609b10d3661b425e4e833eb843fc725a87d3ce755,0xd6224fe5795006cc35d5a7968e9efac9ad9d1421,0xe460f3e0adc58357ea5e3ac1d839611dee826354,0x76bbe7cea169061d8ed7ba956041396939946f4d,2077110502246899356416,Boba Token,BOBA,18,92,152740,111000000000,123874,4512037,deprecated,0x7ff36ab5,"swapExactETHForTokens(uint256 amountOutMin, address[] path, address to, uint256 deadline)",11366919
13694735,1637997636,0x5ff1ab911a209ef6f92e320cde2fbffb4f76717024a5e9c4fe1c1758da928cee,274,0x9c91f1077b04b7646ae3fef609b10d3661b425e4e833eb843fc725a87d3ce755,0xd6224fe5795006cc35d5a7968e9efac9ad9d1421,0xe460f3e0adc58357ea5e3ac1d839611dee826354,0x35033281e75236dd7bf10311c4ea52ab63a7d932,1049069000000000000000,Boba Token,BOBA,18,93,171433,110000000000,120849,4632886,deprecated,0xfb3bdb41,"swapETHForExactTokens(uint256 amountOut, address[] path, address to, uint256 deadline)",11366919
13694741,1637997730,0xa8202a1cc73bd527a3a5ad4859aeb9bb2aa60b00710e540a024e0f40d3151210,275,0xd681929ad85423eed6f68479e84f53471bc3626a36cf48f0cee77381e4afde8e,0xd6224fe5795006cc35d5a7968e9efac9ad9d1421,0xe460f3e0adc58357ea5e3ac1d839611dee826354,0x5d53102455f561a4863d95e95ca6ce72eecdb15b,1160888328288981689980,Boba Token,BOBA,18,42,152740,105000000000,123874,3538417,deprecated,0x7ff36ab5,"swapExactETHForTokens(uint256 amountOutMin, address[] path, address to, uint256 deadline)",11366913
13694743,1637997751,0xe41cb54ded8d2fbfaf2a87a14de63eb4d9dbf967c4f4e95d7aeb4873fc28d747,276,0x7e56906b1ff21ed92e9b5995ba5e0f46100c81103d2e831cbf27823956a22630,0xd6224fe5795006cc35d5a7968e9efac9ad9d1421,0xe460f3e0adc58357ea5e3ac1d839611dee826354,0x5d53102455f561a4863d95e95ca6ce72eecdb15b,2460000000000000000000,Boba Token,BOBA,18,73,171420,102000000000,114153,4198209,deprecated,0xfb3bdb41,"swapETHForExactTokens(uint256 amountOut, address[] path, address to, uint256 deadline)",11366911
13694743,1637997751,0xa035b04a9ee39405e6b32a2bc507d3292d491532290b0bbfd666c77d617572ed,277,0x7e56906b1ff21ed92e9b5995ba5e0f46100c81103d2e831cbf27823956a22630,0xd6224fe5795006cc35d5a7968e9efac9ad9d1421,0xe460f3e0adc58357ea5e3ac1d839611dee826354,0xfef19520967f5dfcc7ff31ecf032d2a656cb9c16,1401807120718873391067,Boba Token,BOBA,18,74,152740,112000000000,113458,4311667,deprecated,0x7ff36ab5,"swapExactETHForTokens(uint256 amountOutMin, address[] path, address to, uint256 deadline)",11366911
13694759,1637997914,0xec7821d31baca675b1181e0651b90c6e31122e8306ea8a4682abd84d8c9034f2,278,0x090211f10aa1399843f8d2569bcabdc97a00e5ee29b1e4ba8b0483d6f71cfb1b,0xd6224fe5795006cc35d5a7968e9efac9ad9d1421,0xe460f3e0adc58357ea5e3ac1d839611dee826354,0x8e4f1bb82f70fb9eb58ae406428dc6ea17a8b109,3261957094000000000000,Boba Token,BOBA,18,210,171433,85000000000,131265,11899277,deprecated,0xfb3bdb41,"swapETHForExactTokens(uint256 amountOut, address[] path, address to, uint256 deadline)",11366895
13694765,1637998035,0xd90f8306d4fb6b2fcd8836355e42cd16a44736cb40d217c170793d4eb190941b,279,0x1bd335a78a10e73e7cd41fd28d1d977d268c99b9ec4b31a4c976748e432f4f0f,0xd6224fe5795006cc35d5a7968e9efac9ad9d1421,0xe460f3e0adc58357ea5e3ac1d839611dee826354,0x78a614ffcdc4c1a322e766eb108828988529c8db,2468597380000000000000,Boba Token,BOBA,18,15,159976,106000000000,131265,602853,deprecated,0xfb3bdb41,"swapETHForExactTokens(uint256 amountOut, address[] path, address to, uint256 deadline)",11366889
13694765,1637998035,0x44f1c7ada36149847e3f9a4be79cd9a667165ae89524467e7e7ee0f61664d905,280,0x1bd335a78a10e73e7cd41fd28d1d977d268c99b9ec4b31a4c976748e432f4f0f,0xd6224fe5795006cc35d5a7968e9efac9ad9d1421,0xe460f3e0adc58357ea5e3ac1d839611dee826354,0x7392cd56b7985b4a8025ffead2632e09889f1185,795597284654200000000,Boba Token,BOBA,18,16,171433,115000000000,120849,723702,deprecated,0xfb3bdb41,"swapETHForExactTokens(uint256 amountOut, address[] path, address to, uint256 deadline)",11366889
13694766,1637998040,0xd16553fbe8469b293370363642e4d12f1a74cbe66a6dc4a69dd1add0d1b429e2,281,0xc26dc602af5cabcd644303fb644dbb1824beeef172648ad1cc4523644333bd3e,0xd6224fe5795006cc35d5a7968e9efac9ad9d1421,0xe460f3e0adc58357ea5e3ac1d839611dee826354,0x9a1989946ae4249aac19ac7a038d24aab03c3d8c,8476906950000000000000,Boba Token,BOBA,18,6,171447,115000000000,131277,816146,deprecated,0xfb3bdb41,"swapETHForExactTokens(uint256 amountOut, address[] path, address to, uint256 deadline)",11366888
13694768,1637998046,0xc4708d188bac303ede987fd448eddd92bd92092ae2ea4b4bc81d47a7bce9e3d2,282,0xf2cfef0fbb11d465397a65541ad2276b5d7ecce5b9e02823fe6a574c562f8d6c,0xd6224fe5795006cc35d5a7968e9efac9ad9d1421,0xe460f3e0adc58357ea5e3ac1d839611dee826354,0xad6eaa735d9df3d7696fd03984379dae02ed8862,3465052498700000000000,Boba Token,BOBA,18,96,171433,98000000000,131265,7308603,deprecated,0xfb3bdb41,"swapETHForExactTokens(uint256 amountOut, address[] path, address to, uint256 deadline)",11366886
13694768,1637998046,0x14081097dbb5a541492fad0d865ddfc4d8fd41ca1273af2258aefd2ad33ea095,283,0xf2cfef0fbb11d465397a65541ad2276b5d7ecce5b9e02823fe6a574c562f8d6c,0xd6224fe5795006cc35d5a7968e9efac9ad9d1421,0xe460f3e0adc58357ea5e3ac1d839611dee826354,0x53743ac55e434f8aa5097f038b13193497d54d42,3040605565681362253611,Boba Token,BOBA,18,97,164380,111000000000,113458,7422061,deprecated,0x7ff36ab5,"swapExactETHForTokens(uint256 amountOutMin, address[] path, address to, uint256 deadline)",11366886
13694771,1637998114,0x8e24602d0985616b07661d59e93a84d878ab867f5498ff8214dd259bd8126fac,284,0x40daafaeff6f500f8300a3538a0106672ead00224cbc5b571602904583f77d2e,0xd6224fe5795006cc35d5a7968e9efac9ad9d1421,0xe460f3e0adc58357ea5e3ac1d839611dee826354,0xf265faa1fe24e94f955321d9966e932732e3eb65,1474333222339584250680,Boba Token,BOBA,18,25,164380,110000000000,123874,2099551,deprecated,0x7ff36ab5,"swapExactETHForTokens(uint256 amountOutMin, address[] path, address to, uint256 deadline)",11366883
13694775,1637998153,0x6d754ffaf431789341056655d539c26b965648e25da3bf70d618548d632c3185,285,0x6e57d72e540b743fc3007c40e48d5dafdd878985964d4be116115c1231626d70,0xd6224fe5795006cc35d5a7968e9efac9ad9d1421,0xe460f3e0adc58357ea5e3ac1d839611dee826354,0x7b521d0d16b0b68dc49f09f5900eeeb9011c68fc,962134410312773914231,Boba Token,BOBA,18,17,152740,110000000000,123874,936097,deprecated,0x7ff36ab5,"swapExactETHForTokens(uint256 amountOutMin, address[] path, address to, uint256 deadline)",11366879
13694777,1637998173,0xd0f3a7bba8d20ef203fb4cee421e1245ceb5066fa5dd60cee21fa543ed19111a,286,0xdac989042b35095b578676554522f980695370c219e3ff22a474f6351a60737f,0xd6224fe5795006cc35d5a7968e9efac9ad9d1421,0xe460f3e0adc58357ea5e3ac1d839611dee826354,0x8e4f1bb82f70fb9eb58ae406428dc6ea17a8b109,7262026300409187319726,Boba Token,BOBA,18,30,145284,115000000000,106786,2007126,deprecated,0x7ff36ab5,"swapExactETHForTokens(uint256 amountOutMin, address[] path, address to, uint256 deadline)",11366877
13694778,1637998194,0x49fed797ebddb32c204689fba7fbf5c9a33307ea72791606dddf8d4f04af4562,287,0xd64ae429ec7fa721667dd541439edc365bce94184f7cc3686897fe31ad454ec9,0xd6224fe5795006cc35d5a7968e9efac9ad9d1421,0xe460f3e0adc58357ea5e3ac1d839611dee826354,0x0e54147eecbc7ebc945b3a59aee7124ff70c6c95,941069480000000000000,Boba Token,BOBA,18,3,159976,111000000000,131265,217944,deprecated,0xfb3bdb41,"swapETHForExactTokens(uint256 amountOut, address[] path, address to, uint256 deadline)",11366876
13694782,1637998208,0x9b0a1072eab78ac7ace73f73cf8d2b6028e7ef5598cdb13b7bfb6f7a894db506,288,0xecc76e77a7f69cbd71ec7efa151b36aac4d07b54c02f5d37cca54da2a120c687,0xd6224fe5795006cc35d5a7968e9efac9ad9d1421,0xe460f3e0adc58357ea5e3ac1d839611dee826354,0x7a753830e6939f464bd37f465edcd153594e6068,1906764044555940927520,Boba Token,BOBA,18,112,164380,106000000000,123874,5112301,deprecated,0x7ff36ab5,"swapExactETHForTokens(uint256 amountOutMin, address[] path, address to, uint256 deadline)",11366872
13694782,1637998208,0x5cf4e43c615b2cb7b5288a90fcb0a586943d2772c019edb86221e555bb2e247a,289,0xecc76e77a7f69cbd71ec7efa151b36aac4d07b54c02f5d37cca54da2a120c687,0xd6224fe5795006cc35d5a7968e9efac9ad9d1421,0xe460f3e0adc58357ea5e3ac1d839611dee826354,0x342dff5a11d4d1c6c48df0ee320be514cd4f3c8a,1141421569773855163944,Boba Token,BOBA,18,113,164380,111000000000,113458,5225759,deprecated,0x7ff36ab5,"swapExactETHForTokens(uint256 amountOutMin, address[] path, address to, uint256 deadline)",11366872
13694782,1637998208,0xd3867184ae86dc9c5ae826195ff4300892766c92ce845b010676a13c3e259656,290,0xecc76e77a7f69cbd71ec7efa151b36aac4d07b54c02f5d37cca54da2a120c687,0xd6224fe5795006cc35d5a7968e9efac9ad9d1421,0xe460f3e0adc58357ea5e3ac1d839611dee826354,0x8e4f1bb82f70fb9eb58ae406428dc6ea17a8b109,8972713679717113012447,Boba Token,BOBA,18,114,145284,111000000000,96370,5322129,deprecated,0x7ff36ab5,"swapExactETHForTokens(uint256 amountOutMin, address[] path, address to, uint256 deadline)",11366872
13694795,1637998421,0x95c440bbb404dac0ac566e0bbbeccb436f952b0174a2ccacda32ff101e13cb6b,291,0x893d6ecc5c82f10c01243de74cf71c86d0acb565765a72d86ecdf9809c9be68e,0xd6224fe5795006cc35d5a7968e9efac9ad9d1421,0xe460f3e0adc58357ea5e3ac1d839611dee826354,0xca8fa8f0b631ecdb18cda619c4fc9d197c8affca,452059676300000000000,Boba Token,BOBA,18,56,171433,110000000000,131265,4290817,deprecated,0xfb3bdb41,"swapETHForExactTokens(uint256 amountOut, address[] path, address to, uint256 deadline)",11366859
13694808,1637998580,0xb2834ea8773e8e9c48f188a4d94eab189dfde21d7f9e77e8ebcc7ebad4f5d1cf,292,0x8ed1ee8bf079fc9ff0338cc36d6c828f411c501a28c4763f0a296b207cfe2cf5,0xd6224fe5795006cc35d5a7968e9efac9ad9d1421,0xe460f3e0adc58357ea5e3ac1d839611dee826354,0xa205fd7344656c72fdc645b72faf5a3de0b3e825,65000000000000000000000,Boba Token,BOBA,18,53,171433,110000000000,131265,3252871,deprecated,0xfb3bdb41,"swapETHForExactTokens(uint256 amountOut, address[] path, address to, uint256 deadline)",11366846
13694812,1637998658,0x0e95ba3e4d42c03a57fb257f8f43ba7ff99adbc729d9514e558e29c27d92c4f0,293,0xa3680fa8d967cf2fb2d6ff85959f8fe0477b3a482993784788b9335624f2a66d,0xd6224fe5795006cc35d5a7968e9efac9ad9d1421,0xe460f3e0adc58357ea5e3ac1d839611dee826354,0xee5b5b923ffce93a870b3104b7ca09c3db80047a,3854038217341244767534,Boba Token,BOBA,18,33,164380,112000000000,123874,1849386,deprecated,0x7ff36ab5,"swapExactETHForTokens(uint256 amountOutMin, address[] path, address to, uint256 deadline)",11366842
13694816,1637998708,0x4d78554df04ba428b79dc1544e0959c88ca6df154701666bc97ab02efa39ad72,294,0x49a80734d21b22ee86616c8be8c562bb692957a0507802e3e3307b4e1550c541,0xd6224fe5795006cc35d5a7968e9efac9ad9d1421,0xe460f3e0adc58357ea5e3ac1d839611dee826354,0x4f76ff660dc5e37b098de28e6ec32978e4b5beb6,2988793435251007447868,Boba Token,BOBA,18,59,164380,110000000000,123874,4101597,deprecated,0x7ff36ab5,"swapExactETHForTokens(uint256 amountOutMin, address[] path, address to, uint256 deadline)",11366838
13694822,1637998786,0x2fc75362470b81001a0e5af8a3055c24909b4b71b6aedb5bb0f45180ff07978a,296,0x630dac347ec6f010c813300a677e255fdfe88e2e65c7e5f90df513a5635b3d41,0xd6224fe5795006cc35d5a7968e9efac9ad9d1421,0xe460f3e0adc58357ea5e3ac1d839611dee826354,0x7a250d5630b4cf539739df2c5dacb4c659f2488d,122609910134899977049703,Boba Token,BOBA,18,28,273237,118000000000,197068,3933471,deprecated,0xded9382a,"removeLiquidityETHWithPermit(address token, uint256 liquidity, uint256 amountTokenMin, uint256 amountETHMin, address to, uint256 deadline, bool approveMax, uint8 v, bytes32 r, bytes32 s)",11366832
13694822,1637998786,0x2fc75362470b81001a0e5af8a3055c24909b4b71b6aedb5bb0f45180ff07978a,296,0x630dac347ec6f010c813300a677e255fdfe88e2e65c7e5f90df513a5635b3d41,0x7a250d5630b4cf539739df2c5dacb4c659f2488d,0xe460f3e0adc58357ea5e3ac1d839611dee826354,0xbeadea03174167364bace137cf4ff85f62fc09d4,122609910134899977049703,Boba Token,BOBA,18,28,273237,118000000000,197068,3933471,deprecated,0xded9382a,"removeLiquidityETHWithPermit(address token, uint256 liquidity, uint256 amountTokenMin, uint256 amountETHMin, address to, uint256 deadline, bool approveMax, uint8 v, bytes32 r, bytes32 s)",11366832
13694827,1637998850,0x62652311f084ac86f44b4fc38578552b67d79f13c59a552c6464d7bfef83a106,297,0x221ce6def421ae604abf7d02689b49461e5cf3fc82da3e79a9356c8ea16f0831,0xd6224fe5795006cc35d5a7968e9efac9ad9d1421,0xe460f3e0adc58357ea5e3ac1d839611dee826354,0xa1a45e91164cdab8fa596809a9b24f8d4fdbe0f3,648063952568000000000,Boba Token,BOBA,18,84,171433,111000000000,131265,5116982,deprecated,0xfb3bdb41,"swapETHForExactTokens(uint256 amountOut, address[] path, address to, uint256 deadline)",11366827
13694829,1637998917,0x593a300690e7fe933896fa7e2afe41075404d6175e578c516327f76563419aa4,298,0xf422c8219b338d9d56dcc28f72499482d7d73704f81fc76837b7adbc064ad5a1,0xd6224fe5795006cc35d5a7968e9efac9ad9d1421,0xe460f3e0adc58357ea5e3ac1d839611dee826354,0xa205fd7344656c72fdc645b72faf5a3de0b3e825,16451362094548206377110,Boba Token,BOBA,18,11,145284,115000000000,106786,520878,deprecated,0x7ff36ab5,"swapExactETHForTokens(uint256 amountOutMin, address[] path, address to, uint256 deadline)",11366825
13694833,1637998955,0xbbf661ed7e96e1b959b17d403a44bcaafb51bdc2a553176034bd660a94962926,299,0xc9be67a730ce0bdfef5ad2a486eb078ab262cc45f1c42c2c178f81acd4f57893,0xd6224fe5795006cc35d5a7968e9efac9ad9d1421,0xe460f3e0adc58357ea5e3ac1d839611dee826354,0xee5b5b923ffce93a870b3104b7ca09c3db80047a,6238395951595346846070,Boba Token,BOBA,18,77,145284,115000000000,106786,3164272,deprecated,0x7ff36ab5,"swapExactETHForTokens(uint256 amountOutMin, address[] path, address to, uint256 deadline)",11366821
13694836,1637999015,0x7aa961c830c404ea5d87e648821893396eea1832c3f87ceab9fc8ec39d574864,70,0xccde9b107b58f3b6c80582462917a17d31550415dc2e62f98e7bf5df1ded74f4,0xd6224fe5795006cc35d5a7968e9efac9ad9d1421,0xe460f3e0adc58357ea5e3ac1d839611dee826354,0x48e3f4323829a84aad645c960852b352fd1d7699,60344991766976964933,Boba Token,BOBA,18,112,179324,103466901372,123874,6466448,deprecated,0x7ff36ab5,"swapExactETHForTokens(uint256 amountOutMin, address[] path, address to, uint256 deadline)",11366818
13694838,1637999045,0x1f7a30de9bd596eae6c7548b4f660f685afb8404d923ef910a971de9c1dcf476,300,0x2e65acf9eeb52329e3a6296ee9c84d26cd3e163cd45fc706386753199f1339d8,0xd6224fe5795006cc35d5a7968e9efac9ad9d1421,0xe460f3e0adc58357ea5e3ac1d839611dee826354,0x4f76ff660dc5e37b098de28e6ec32978e4b5beb6,9377218428390468250274,Boba Token,BOBA,18,11,133645,121000000000,106786,1246991,deprecated,0x7ff36ab5,"swapExactETHForTokens(uint256 amountOutMin, address[] path, address to, uint256 deadline)",11366816
13694838,1637999045,0xc81158aa52ece9274214b78dfeaaf084b1a095db4e1de1f2219090577c8ee50e,301,0x2e65acf9eeb52329e3a6296ee9c84d26cd3e163cd45fc706386753199f1339d8,0xd6224fe5795006cc35d5a7968e9efac9ad9d1421,0xe460f3e0adc58357ea5e3ac1d839611dee826354,0xa205fd7344656c72fdc645b72faf5a3de0b3e825,5400000000000000000000,Boba Token,BOBA,18,12,152623,116000000000,103749,1350740,deprecated,0xfb3bdb41,"swapETHForExactTokens(uint256 amountOut, address[] path, address to, uint256 deadline)",11366816
13694839,1637999055,0x962adb5d5c9bc3607ca974dfe3ad0957586979ef6567ef2617291a13354d2a57,302,0xf14cbef52dfeb692c815cc495df66f212a70a06adac6b01299ace231e348641d,0xd6224fe5795006cc35d5a7968e9efac9ad9d1421,0xe460f3e0adc58357ea5e3ac1d839611dee826354,0xa205fd7344656c72fdc645b72faf5a3de0b3e825,3063921088640490706533,Boba Token,BOBA,18,45,133632,116000000000,106774,3615413,deprecated,0x7ff36ab5,"swapExactETHForTokens(uint256 amountOutMin, address[] path, address to, uint256 deadline)",11366815
13694850,1637999162,0x0cc30de26300abef9709c1e76e9d13e2c2e2ecfb1cb43f19090e78315426eef7,303,0x367f9d344108a52f9112b53c631ab01b648e090dedba46c4a56cc3dddd0cc2d0,0xd6224fe5795006cc35d5a7968e9efac9ad9d1421,0xe460f3e0adc58357ea5e3ac1d839611dee826354,0xcad47a00e4c3d6aba274a2ecfd885af993d6cc22,1005300513751359662156,Boba Token,BOBA,18,52,164367,113000000000,123862,4604611,deprecated,0x7ff36ab5,"swapExactETHForTokens(uint256 amountOutMin, address[] path, address to, uint256 deadline)",11366804
13694850,1637999162,0xa28f7d2de5e30cf49d10c9dc4305bb1556cec0bcff3d911cf391feb458520c19,304,0x367f9d344108a52f9112b53c631ab01b648e090dedba46c4a56cc3dddd0cc2d0,0xd6224fe5795006cc35d5a7968e9efac9ad9d1421,0xe460f3e0adc58357ea5e3ac1d839611dee826354,0x4b5057b2c87ec9e7c047fb00c0e406dff2fdacad,4281815041516281267675,Boba Token,BOBA,18,53,164367,116000000000,113446,4718057,deprecated,0x7ff36ab5,"swapExactETHForTokens(uint256 amountOutMin, address[] path, address to, uint256 deadline)",11366804
13694851,1637999215,0xad4acee4abdd952ffbe4f20d2fbbec1d4ee34ac4872998ddf849898124ac7222,305,0x6097130c3504d99dd4d293e5cd4389518751828a30385bd6a67148405de302a5,0xd6224fe5795006cc35d5a7968e9efac9ad9d1421,0xe460f3e0adc58357ea5e3ac1d839611dee826354,0xd3019915a2dd19fc3db60155ae7e71a6378a882d,5639000000000000000000,Boba Token,BOBA,18,39,171433,110000000000,131265,3461888,deprecated,0xfb3bdb41,"swapETHForExactTokens(uint256 amountOut, address[] path, address to, uint256 deadline)",11366803
13694864,1637999409,0xc93594058c837ae0f44c4f80af73b496224f011482f6245955f3589bc1750c00,306,0x34b76455daf2365c782364c450a5783ba8946e888720b3ced9a07272ced979ea,0xd6224fe5795006cc35d5a7968e9efac9ad9d1421,0xe460f3e0adc58357ea5e3ac1d839611dee826354,0x9c5083dd4838e120dbeac44c052179692aa5dac5,12410214419977816638434,Boba Token,BOBA,18,112,164393,141600000000,123886,5243935,deprecated,0x7ff36ab5,"swapExactETHForTokens(uint256 amountOutMin, address[] path, address to, uint256 deadline)",11366790
13695054,1638001892,0x1eb01dc246faa2804bbc56b3ad15036263594fc2f02e09f748e99b330508f633,307,0x9de116a455de1caddfe671ccb084416b9dd79236160860b1a16dd0972e5d5842,0xd6224fe5795006cc35d5a7968e9efac9ad9d1421,0xe460f3e0adc58357ea5e3ac1d839611dee826354,0x9c5083dd4838e120dbeac44c052179692aa5dac5,8039092216117778256662,Boba Token,BOBA,18,11,145284,112000000000,106786,821686,deprecated,0x7ff36ab5,"swapExactETHForTokens(uint256 amountOutMin, address[] path, address to, uint256 deadline)",11366600
13695057,1638001936,0x9256d3b1503ad5ca8508c90e80574e99d22a5f55cadde9ec179156906bfd66c5,308,0xe3bf23119976afdb2ed3efd749c8f2a51febd0ef11d7b409d8a8171bef4d4073,0xd6224fe5795006cc35d5a7968e9efac9ad9d1421,0xe460f3e0adc58357ea5e3ac1d839611dee826354,0x9c5083dd4838e120dbeac44c052179692aa5dac5,2056443912273008442832,Boba Token,BOBA,18,22,145271,115000000000,106774,1678033,deprecated,0x7ff36ab5,"swapExactETHForTokens(uint256 amountOutMin, address[] path, address to, uint256 deadline)",11366597
13695072,1638002169,0xa4f17a4c1b38be230f367ff02dcee7e23fa9da14362f990a476b2df42d55822e,309,0xd1c555bf7d9738b9ce531bec4876eb29c12da562b06c1175078632da38cbc760,0xd6224fe5795006cc35d5a7968e9efac9ad9d1421,0xe460f3e0adc58357ea5e3ac1d839611dee826354,0x9c5083dd4838e120dbeac44c052179692aa5dac5,3308707057294022194996,Boba Token,BOBA,18,42,145271,115000000000,106774,2472305,deprecated,0x7ff36ab5,"swapExactETHForTokens(uint256 amountOutMin, address[] path, address to, uint256 deadline)",11366582
13695073,1638002185,0xa0956e6d36d360b707e6d01a092ff3ff2f2855601e25ac8c8a70f58f1b2b8c68,310,0xfdba7bbbbbcb31389da6ff05b0d643e146f35782d0daebc97a7e5ca885dff3b2,0xd6224fe5795006cc35d5a7968e9efac9ad9d1421,0xe460f3e0adc58357ea5e3ac1d839611dee826354,0xf434edf6b19e7310a7bea05ad3df6c086fd3a98e,644604658773559398755,Boba Token,BOBA,18,48,164380,111000000000,123874,2399486,deprecated,0x7ff36ab5,"swapExactETHForTokens(uint256 amountOutMin, address[] path, address to, uint256 deadline)",11366581
13695076,1638002219,0xd185f4b4c45bef28a0022d05a7c8a9184eaf0a342b5c95a6dda4e04a6891d9f5,72,0xd26e4cf31b338c040235a8985142723da1870751a2c072b53213757926e409b8,0xd6224fe5795006cc35d5a7968e9efac9ad9d1421,0xe460f3e0adc58357ea5e3ac1d839611dee826354,0x48e3f4323829a84aad645c960852b352fd1d7699,76978767638238202369,Boba Token,BOBA,18,66,145780,99448818379,106774,4494488,deprecated,0x7ff36ab5,"swapExactETHForTokens(uint256 amountOutMin, address[] path, address to, uint256 deadline)",11366578
13695089,1638002411,0xbf516bbf429203144c225d175923932fc2d71fae626bb077eb2f7a5c6aab3d94,311,0xa22f796910ad242a01ac244bed8d0652e24e192f6599cd7c80b43e2ecd26ca80,0xd6224fe5795006cc35d5a7968e9efac9ad9d1421,0xe460f3e0adc58357ea5e3ac1d839611dee826354,0xf434edf6b19e7310a7bea05ad3df6c086fd3a98e,828868144029996079919,Boba Token,BOBA,18,46,145271,115000000000,106774,2967293,deprecated,0x7ff36ab5,"swapExactETHForTokens(uint256 amountOutMin, address[] path, address to, uint256 deadline)",11366565
13695350,1638005917,0xd5d571b5329c8b9c8b5c36567d5fde5499454177ffe8892200b6b49e3b68baff,20,0x6e9a955954d9e4635c31c29afb12d055587a366d1e30aaa2fbc233fb018a1565,0xd6224fe5795006cc35d5a7968e9efac9ad9d1421,0xe460f3e0adc58357ea5e3ac1d839611dee826354,0x0d3820a1d5a36871b0a7a6742d3546ae3b1d3410,13691049443544357376,Boba Token,BOBA,18,199,248226,74352454979,198461,16023748,deprecated,0x38ed1739,"swapExactTokensForTokens(uint256 amountIn, uint256 amountOutMin, address[] path, address to, uint256 deadline)",11366304
13697171,1638031471,0x57f4561f1e8168d1c82a120e92b7e20c5f7e6f68dbf91ba244fae17809b849d9,312,0x04b44a3e7fabc5fda369d9ed1ee59cae1ed46ce04105d05d89f9a6dcfaaefc84,0xd6224fe5795006cc35d5a7968e9efac9ad9d1421,0xe460f3e0adc58357ea5e3ac1d839611dee826354,0x7a250d5630b4cf539739df2c5dacb4c659f2488d,148160096533632006602723,Boba Token,BOBA,18,4,273237,130000000000,197068,593027,deprecated,0xded9382a,"removeLiquidityETHWithPermit(address token, uint256 liquidity, uint256 amountTokenMin, uint256 amountETHMin, address to, uint256 deadline, bool approveMax, uint8 v, bytes32 r, bytes32 s)",11364483
13697171,1638031471,0x57f4561f1e8168d1c82a120e92b7e20c5f7e6f68dbf91ba244fae17809b849d9,312,0x04b44a3e7fabc5fda369d9ed1ee59cae1ed46ce04105d05d89f9a6dcfaaefc84,0x7a250d5630b4cf539739df2c5dacb4c659f2488d,0xe460f3e0adc58357ea5e3ac1d839611dee826354,0xbeadea03174167364bace137cf4ff85f62fc09d4,148160096533632006602723,Boba Token,BOBA,18,4,273237,130000000000,197068,593027,deprecated,0xded9382a,"removeLiquidityETHWithPermit(address token, uint256 liquidity, uint256 amountTokenMin, uint256 amountETHMin, address to, uint256 deadline, bool approveMax, uint8 v, bytes32 r, bytes32 s)",11364483
