blockNumber,timeStamp,hash,nonce,blockHash,from,contractAddress,to,value,tokenName,tokenSymbol,tokenDecimal,transactionIndex,gas,gasPrice,gasUsed,cumulativeGasUsed,input,methodId,functionName,confirmations
12629673,1623634116,0x4286941df83dd8905680c3ca0a3826fffc6b8a04ab48ff02e2356fb1f67eb766,0,0x8cf11020f77add8082951fb24325974b151c5c8506d6009f3e9816c5c9cc926c,0x0000000000000000000000000000000000000000,0x23dbf11ddc9a9aa56a673e67e302b86e3d25a97f,0x17c033f127d82b6a9448bf37257d04b8713a143b,51268000000000000000000,Wizard Shiba 🧙‍♂️🦮,🧙‍♂️WIZ🧙‍♂️,18,118,2890635,16000000000,2890635,9061884,deprecated,0x60806040,"atInversebrah(int248 a, uint48[] b, uint32 c, bytes20[] d, bytes30[] e)",12431997
12629684,1623634323,0x129af2bb7677560b52728807af62370577034d8c9659051df5bc39ec83efaaa5,1,0xfaae0eefdd2302442f9264ed53bf4798ea421d67231505c69ebf88e7110e0108,0x0000000000000000000000000000000000000000,0x23dbf11ddc9a9aa56a673e67e302b86e3d25a97f,0x17c033f127d82b6a9448bf37257d04b8713a143b,2999948732000000000000000000,Wizard Shiba 🧙‍♂️🦮,🧙‍♂️WIZ🧙‍♂️,18,68,55099,16000000000,36733,6330598,deprecated,0x4e6ec247,"_mint(address _to, uint256 _amount)",12431986
12629696,1623634421,0x23f0fe9edd1b81caebc129b84e48a2caaf00ed90adb1453b7b8d8a28ab05e067,3,0x8cd5c019bb80ae64aeed5b312b566904b9ffb6b4865b3f646f05ef1af5a4b9bb,0x17c033f127d82b6a9448bf37257d04b8713a143b,0x23dbf11ddc9a9aa56a673e67e302b86e3d25a97f,0x92dedef59251bd701a4691524eb2f350f5cc93b5,1500000000000000000000000000,Wizard Shiba 🧙‍♂️🦮,🧙‍♂️WIZ🧙‍♂️,18,55,3310396,23000000000,2716980,5773963,deprecated,0xf305d719,"addLiquidityETH(address token, uint256 amountTokenDesired, uint256 amountTokenMin, uint256 amountETHMin, address to, uint256 deadline)",12431974
12629714,1623634632,0x04bd5c36008f3fb9e875765142953c4ba57a5117ff0bfcc94f7cadd8e697fc42,5,0x35a1056d36c1183c08e619b3dd79faa638c7e23f90d8c66394cc2630cace3d28,0x17c033f127d82b6a9448bf37257d04b8713a143b,0x23dbf11ddc9a9aa56a673e67e302b86e3d25a97f,0x000000000000000000000000000000000000dead,1500000000000000000000000000,Wizard Shiba 🧙‍♂️🦮,🧙‍♂️WIZ🧙‍♂️,18,93,84595,13000000000,41397,8036185,deprecated,0xa9059cbb,"transfer(address _to, uint256 _value)",12431956
12629723,1623634699,0xfcf7cc5add4d79a4e355a1f9cd18b9ccbd327c89a2b3f17763069293641d598e,720,0xa7d82cae98ff4d74b4dad1b2dba8705bca87346517a62309275b70af4a908436,0x92dedef59251bd701a4691524eb2f350f5cc93b5,0x23dbf11ddc9a9aa56a673e67e302b86e3d25a97f,0xf3e20c2a7a5ae14c84cd7798193d9bd7e1cd8821,10939111516553654782393344,Wizard Shiba 🧙‍♂️🦮,🧙‍♂️WIZ🧙‍♂️,18,42,221128,28000000000,158168,2752946,deprecated,0x7ff36ab5,"swapExactETHForTokens(uint256 amountOutMin, address[] path, address to, uint256 deadline)",12431947
12629734,1623634861,0xe58c90b37c3972642be0fcf02d28343ceb0e06d305c8ed96f0b7f00d3d8ddb3d,68,0xf731cba7704d34cd8af50a0b864ff89e54d1fb9084cdb179f999a96a40f9eff3,0x92dedef59251bd701a4691524eb2f350f5cc93b5,0x23dbf11ddc9a9aa56a673e67e302b86e3d25a97f,0x08791de0489ef5bed2eb9e7e46ce8f492c7aa25a,30000000000000000000000000,Wizard Shiba 🧙‍♂️🦮,🧙‍♂️WIZ🧙‍♂️,18,34,171510,13000000000,131335,1510037,deprecated,0xfb3bdb41,"swapETHForExactTokens(uint256 amountOut, address[] path, address to, uint256 deadline)",12431936
12629736,1623634874,0x27e81379b0d3c402ceb3e5907de132a35fc9ebc5309e90e22cb89def2858e045,69,0xd533288cd95f9c1360d60fa02588bff745a42417e64b650d1bb58d0116e2ed1b,0x92dedef59251bd701a4691524eb2f350f5cc93b5,0x23dbf11ddc9a9aa56a673e67e302b86e3d25a97f,0x562680a4dc50ed2f14d75bf31f494cfe0b8d10a1,50000000000000000000000000,Wizard Shiba 🧙‍♂️🦮,🧙‍♂️WIZ🧙‍♂️,18,167,171510,13000000000,131335,10302089,deprecated,0xfb3bdb41,"swapETHForExactTokens(uint256 amountOut, address[] path, address to, uint256 deadline)",12431934
12629739,1623634928,0x44ce1f8112acb3daa9dfceb90b70cde27ee7769753430264f6771fccb7521957,519,0x98a23606e0e4fc4b46a086b91d65994cee1979eff8b456f164c86003d4218703,0x92dedef59251bd701a4691524eb2f350f5cc93b5,0x23dbf11ddc9a9aa56a673e67e302b86e3d25a97f,0x7c23c1dea4040c45d6d4138c21ca8395b43f5b4e,2772259482548865960306631,Wizard Shiba 🧙‍♂️🦮,🧙‍♂️WIZ🧙‍♂️,18,20,166738,20000000000,123968,1429362,deprecated,0x7ff36ab5,"swapExactETHForTokens(uint256 amountOutMin, address[] path, address to, uint256 deadline)",12431931
12629739,1623634928,0xb87e65eb456c16bd8a2e1e48e92762e781af222dc411397d210f946936f1c66e,70,0x98a23606e0e4fc4b46a086b91d65994cee1979eff8b456f164c86003d4218703,0x92dedef59251bd701a4691524eb2f350f5cc93b5,0x23dbf11ddc9a9aa56a673e67e302b86e3d25a97f,0x40be6b7653d24c29c50f89732c26a5a8bb1b2f4f,52600000000000000000000000,Wizard Shiba 🧙‍♂️🦮,🧙‍♂️WIZ🧙‍♂️,18,44,171510,13000000000,120919,4062317,deprecated,0xfb3bdb41,"swapETHForExactTokens(uint256 amountOut, address[] path, address to, uint256 deadline)",12431931
12629739,1623634928,0x8262fc3db5a1da1c90075e1224cb813bbf02c00677ea4f94cbd27ebb22ce9aef,71,0x98a23606e0e4fc4b46a086b91d65994cee1979eff8b456f164c86003d4218703,0x92dedef59251bd701a4691524eb2f350f5cc93b5,0x23dbf11ddc9a9aa56a673e67e302b86e3d25a97f,0x9dd80697c85de40890d355a38cec7a8d3dc9d71a,35900000000000000000000000,Wizard Shiba 🧙‍♂️🦮,🧙‍♂️WIZ🧙‍♂️,18,45,171524,13000000000,120931,4183248,deprecated,0xfb3bdb41,"swapETHForExactTokens(uint256 amountOut, address[] path, address to, uint256 deadline)",12431931
12629739,1623634928,0x0ded2d95581f9361d4d738611fb41bad74977f624d82003cf50589eebe2d80ac,72,0x98a23606e0e4fc4b46a086b91d65994cee1979eff8b456f164c86003d4218703,0x92dedef59251bd701a4691524eb2f350f5cc93b5,0x23dbf11ddc9a9aa56a673e67e302b86e3d25a97f,0x3b31c4ae1dbd80dba70f45f29d289216810c07c7,41600000000000000000000000,Wizard Shiba 🧙‍♂️🦮,🧙‍♂️WIZ🧙‍♂️,18,46,171510,14000000000,120919,4304167,deprecated,0xfb3bdb41,"swapETHForExactTokens(uint256 amountOut, address[] path, address to, uint256 deadline)",12431931
12629739,1623634928,0x5c0b6d6abd67cae0c97579df3dc5a3945620ff891b94cf8258587ad81df29d12,73,0x98a23606e0e4fc4b46a086b91d65994cee1979eff8b456f164c86003d4218703,0x92dedef59251bd701a4691524eb2f350f5cc93b5,0x23dbf11ddc9a9aa56a673e67e302b86e3d25a97f,0x779e37624422ff2f0011ea46aa58b9d2e653c7cc,63500000000000000000000000,Wizard Shiba 🧙‍♂️🦮,🧙‍♂️WIZ🧙‍♂️,18,47,160053,14000000000,120919,4425086,deprecated,0xfb3bdb41,"swapETHForExactTokens(uint256 amountOut, address[] path, address to, uint256 deadline)",12431931
12629739,1623634928,0x10b35ee08bac2cc6deb587727b4d51aec231703e95f1962111c688b559315b71,74,0x98a23606e0e4fc4b46a086b91d65994cee1979eff8b456f164c86003d4218703,0x92dedef59251bd701a4691524eb2f350f5cc93b5,0x23dbf11ddc9a9aa56a673e67e302b86e3d25a97f,0x442747e725d0e1d1fe46c3635f8e01253b6d1ec7,34100000000000000000000000,Wizard Shiba 🧙‍♂️🦮,🧙‍♂️WIZ🧙‍♂️,18,48,160066,14000000000,120931,4546017,deprecated,0xfb3bdb41,"swapETHForExactTokens(uint256 amountOut, address[] path, address to, uint256 deadline)",12431931
12629739,1623634928,0x523e2d0e671ff797e3d24d4db5ebd79990110ff8abf71aa05e386f58134d3240,75,0x98a23606e0e4fc4b46a086b91d65994cee1979eff8b456f164c86003d4218703,0x92dedef59251bd701a4691524eb2f350f5cc93b5,0x23dbf11ddc9a9aa56a673e67e302b86e3d25a97f,0x1d9b521c3c504dd7c3fb6ce906cd22830e3819e2,65800000000000000000000000,Wizard Shiba 🧙‍♂️🦮,🧙‍♂️WIZ🧙‍♂️,18,49,171510,14000000000,120919,4666936,deprecated,0xfb3bdb41,"swapETHForExactTokens(uint256 amountOut, address[] path, address to, uint256 deadline)",12431931
12629741,1623634973,0x6665ebf404496fba5ef2f9b7dbeb0dcc7fdf29299bc850c13c806b3f114c2832,76,0x93dd01c96b2c08ddcc57b1e9c4e62c27ed25a5b5d704df888a40ab52e52f3ceb,0x92dedef59251bd701a4691524eb2f350f5cc93b5,0x23dbf11ddc9a9aa56a673e67e302b86e3d25a97f,0xdea35e5fd5768db241d4766fb9602af33946c37e,32500000000000000000000000,Wizard Shiba 🧙‍♂️🦮,🧙‍♂️WIZ🧙‍♂️,18,156,160053,21000000000,131335,3837705,deprecated,0xfb3bdb41,"swapETHForExactTokens(uint256 amountOut, address[] path, address to, uint256 deadline)",12431929
12629742,1623634980,0xafa54c5d82b3b51195f0ea0c3fa4255f9429f59e7c9f6f2f7e6cde4afb850113,77,0x07c9b7c08929641a16d73b7125d4115a86d182300db4ec5a63ac09e23c50eb99,0x92dedef59251bd701a4691524eb2f350f5cc93b5,0x23dbf11ddc9a9aa56a673e67e302b86e3d25a97f,0x9ab395b049105b5ac305d961b3a059e12273b3dc,43600000000000000000000000,Wizard Shiba 🧙‍♂️🦮,🧙‍♂️WIZ🧙‍♂️,18,54,171497,15000000000,131323,4788500,deprecated,0xfb3bdb41,"swapETHForExactTokens(uint256 amountOut, address[] path, address to, uint256 deadline)",12431928
12629745,1623635023,0x9f27aa99d33c8118117fe3a6712a1a99bf8332a5f682ed4c042698cd38d27431,78,0x8f948664dfda3223a1808d8548ad4dd089b4b8f9bf981ba8216253075fe64e7d,0x92dedef59251bd701a4691524eb2f350f5cc93b5,0x23dbf11ddc9a9aa56a673e67e302b86e3d25a97f,0x6f8fffdd641a9228e1b69c35f6e29a60aae2d3f1,61700000000000000000000000,Wizard Shiba 🧙‍♂️🦮,🧙‍♂️WIZ🧙‍♂️,18,17,160066,18000000000,131347,2589625,deprecated,0xfb3bdb41,"swapETHForExactTokens(uint256 amountOut, address[] path, address to, uint256 deadline)",12431925
12629746,1623635035,0x7ba8804bec76a0570d0e323adddb7d4014aa2a43b0404cc1354ea0adc9cbc49a,79,0xe8dfc792be82ffe3611e64b6f2b5dee490b4f5b97d2d8d9bc10671ed4a86b11e,0x92dedef59251bd701a4691524eb2f350f5cc93b5,0x23dbf11ddc9a9aa56a673e67e302b86e3d25a97f,0x8c939e5b625cdc7eed62284eb3924669716a02d2,29800000000000000000000000,Wizard Shiba 🧙‍♂️🦮,🧙‍♂️WIZ🧙‍♂️,18,72,171510,15000000000,131335,6056011,deprecated,0xfb3bdb41,"swapETHForExactTokens(uint256 amountOut, address[] path, address to, uint256 deadline)",12431924
12629746,1623635035,0xc3e970d62d2c342854aab976bdd94189454d3b3454389868347c18f5269ac152,80,0xe8dfc792be82ffe3611e64b6f2b5dee490b4f5b97d2d8d9bc10671ed4a86b11e,0x92dedef59251bd701a4691524eb2f350f5cc93b5,0x23dbf11ddc9a9aa56a673e67e302b86e3d25a97f,0x49aae367e9ab8a6830f5fbceb6acb81a24de1425,44200000000000000000000000,Wizard Shiba 🧙‍♂️🦮,🧙‍♂️WIZ🧙‍♂️,18,73,160053,18000000000,120919,6176930,deprecated,0xfb3bdb41,"swapETHForExactTokens(uint256 amountOut, address[] path, address to, uint256 deadline)",12431924
12629747,1623635057,0xd07fa1a23a1da52d04beab9d8bfc51f28a426f19cdbf3d50baedc02bd6810f6d,81,0x6e996464427b33cab322b91cbc91fb16f69e581ba1181d0b4731cd11bb2e2482,0x92dedef59251bd701a4691524eb2f350f5cc93b5,0x23dbf11ddc9a9aa56a673e67e302b86e3d25a97f,0x987f5f4a6fc6a46fdf58d1e1770564818a81e559,28900000000000000000000000,Wizard Shiba 🧙‍♂️🦮,🧙‍♂️WIZ🧙‍♂️,18,96,160066,16000000000,131347,8330829,deprecated,0xfb3bdb41,"swapETHForExactTokens(uint256 amountOut, address[] path, address to, uint256 deadline)",12431923
12629748,1623635101,0xb9e85a86d59ab7150424724d672739159992a5e6335d14780228dae1395d6bde,82,0xde5ca904f85e5cbb4b316d9f32c57fab4ebc307c6a1cea3d786a2844db8aa9e8,0x92dedef59251bd701a4691524eb2f350f5cc93b5,0x23dbf11ddc9a9aa56a673e67e302b86e3d25a97f,0x714a9c1a3b6ee1a5a3261a55d512482589167800,38800000000000000000000000,Wizard Shiba 🧙‍♂️🦮,🧙‍♂️WIZ🧙‍♂️,18,288,160040,13000000000,131323,14695941,deprecated,0xfb3bdb41,"swapETHForExactTokens(uint256 amountOut, address[] path, address to, uint256 deadline)",12431922
12629750,1623635126,0x8b380e0951142167a15916b4c157990a1397451eeafd9fe1e0d2511e9a29fe14,83,0x170a0b4197be4128b762b8b387b9b1f133372801ea2085261511cbac726630a0,0x92dedef59251bd701a4691524eb2f350f5cc93b5,0x23dbf11ddc9a9aa56a673e67e302b86e3d25a97f,0xedfda531b7c7994cf0c9732e1abb37da99f2f1b4,41600000000000000000000000,Wizard Shiba 🧙‍♂️🦮,🧙‍♂️WIZ🧙‍♂️,18,130,160053,13000000000,131335,10479583,deprecated,0xfb3bdb41,"swapETHForExactTokens(uint256 amountOut, address[] path, address to, uint256 deadline)",12431920
12629750,1623635126,0x3256d4b8d27d1d4aaedfc4a08d888ce1531b86a9f5d71ac11956d764f15ef3bf,84,0x170a0b4197be4128b762b8b387b9b1f133372801ea2085261511cbac726630a0,0x92dedef59251bd701a4691524eb2f350f5cc93b5,0x23dbf11ddc9a9aa56a673e67e302b86e3d25a97f,0x24b27dcd4b2da3e094a6e41f98a2bdf5dfa72aa8,31100000000000000000000000,Wizard Shiba 🧙‍♂️🦮,🧙‍♂️WIZ🧙‍♂️,18,132,160066,13000000000,120931,10621514,deprecated,0xfb3bdb41,"swapETHForExactTokens(uint256 amountOut, address[] path, address to, uint256 deadline)",12431920
12629750,1623635126,0x5b123de4894e615ab760bb40b872f9fff1a04eb3b494f08609d17ab15f7d6a30,85,0x170a0b4197be4128b762b8b387b9b1f133372801ea2085261511cbac726630a0,0x92dedef59251bd701a4691524eb2f350f5cc93b5,0x23dbf11ddc9a9aa56a673e67e302b86e3d25a97f,0x5c7558d15ce3aabf0e36c56ea089d84e83128724,28700000000000000000000000,Wizard Shiba 🧙‍♂️🦮,🧙‍♂️WIZ🧙‍♂️,18,134,160066,13000000000,120931,11140047,deprecated,0xfb3bdb41,"swapETHForExactTokens(uint256 amountOut, address[] path, address to, uint256 deadline)",12431920
12629751,1623635136,0x1b136ca72aa4a88332647eb54b747e3ab309116511cab00ab72aafcaabf07eb7,87,0xcd873db7cd01d7314441bce3dcf7c567b6f0f955ab35ba4c211b851bc96ac412,0x92dedef59251bd701a4691524eb2f350f5cc93b5,0x23dbf11ddc9a9aa56a673e67e302b86e3d25a97f,0x3fb7845f1fea97f81a15fcf157bb2db646c9fd57,8700000000000000000000000,Wizard Shiba 🧙‍♂️🦮,🧙‍♂️WIZ🧙‍♂️,18,110,160066,16000000000,131347,8823242,deprecated,0xfb3bdb41,"swapETHForExactTokens(uint256 amountOut, address[] path, address to, uint256 deadline)",12431919
12629751,1623635136,0x8210533cde7f70801c907a03b15b0fe5fe44de1f0fd2f886526ddeb489b3ea59,88,0xcd873db7cd01d7314441bce3dcf7c567b6f0f955ab35ba4c211b851bc96ac412,0x92dedef59251bd701a4691524eb2f350f5cc93b5,0x23dbf11ddc9a9aa56a673e67e302b86e3d25a97f,0xb02a67ac76b13467a5af9614447fcb24091c839e,9900000000000000000000000,Wizard Shiba 🧙‍♂️🦮,🧙‍♂️WIZ🧙‍♂️,18,114,160066,16000000000,120931,9196307,deprecated,0xfb3bdb41,"swapETHForExactTokens(uint256 amountOut, address[] path, address to, uint256 deadline)",12431919
12629752,1623635170,0xec18a7e3ae4d264f3d59fbd4ff7185832d61f2c9f8e9d76005c22c7a044180c6,97,0x66978afb78413faf2a52b7b2f2d888818c506c5a3ccd081d9551e21ffb110ad4,0x92dedef59251bd701a4691524eb2f350f5cc93b5,0x23dbf11ddc9a9aa56a673e67e302b86e3d25a97f,0x05595205de9a303b4031796f0e9a00982cfeacd9,1417930448737379264987584,Wizard Shiba 🧙‍♂️🦮,🧙‍♂️WIZ🧙‍♂️,18,36,166724,12100000000,123956,2731903,deprecated,0x7ff36ab5,"swapExactETHForTokens(uint256 amountOutMin, address[] path, address to, uint256 deadline)",12431918
12629753,1623635173,0x4305f4a5fcc0e29bd370c78639123756ee2b5d4c6365e275a2ba0c21428f2a1f,89,0x334f2080a54831446dec13fdf3c527c0fd58494bad22ef205581c363676e171a,0x92dedef59251bd701a4691524eb2f350f5cc93b5,0x23dbf11ddc9a9aa56a673e67e302b86e3d25a97f,0xf15e5aee08b17ff28d99c0825bfd293fb52c5d2e,8940000000000000000000000,Wizard Shiba 🧙‍♂️🦮,🧙‍♂️WIZ🧙‍♂️,18,37,160053,16000000000,131335,2665943,deprecated,0xfb3bdb41,"swapETHForExactTokens(uint256 amountOut, address[] path, address to, uint256 deadline)",12431917
12629755,1623635226,0xf27da776d01c8ff8af69a22e1a91647c322a42c81b11cce81dc23b9e32924288,90,0x271b4c0b83f45e6baea0d6dc49b1f509d8f661f827ab48833c9a787eddcd3bd4,0x92dedef59251bd701a4691524eb2f350f5cc93b5,0x23dbf11ddc9a9aa56a673e67e302b86e3d25a97f,0xa551f776842e40958c490bcab2089ac940d584bd,7780000000000000000000000,Wizard Shiba 🧙‍♂️🦮,🧙‍♂️WIZ🧙‍♂️,18,108,160066,16000000000,131347,7212586,deprecated,0xfb3bdb41,"swapETHForExactTokens(uint256 amountOut, address[] path, address to, uint256 deadline)",12431915
12629755,1623635226,0x94ab50f5b11da1e04f28d3b1c4b083dd262ef2d518b89067c573a89a022db6a2,91,0x271b4c0b83f45e6baea0d6dc49b1f509d8f661f827ab48833c9a787eddcd3bd4,0x92dedef59251bd701a4691524eb2f350f5cc93b5,0x23dbf11ddc9a9aa56a673e67e302b86e3d25a97f,0xb90a59f77315f6ffa221e3320dacfbe32d72487c,5690000000000000000000000,Wizard Shiba 🧙‍♂️🦮,🧙‍♂️WIZ🧙‍♂️,18,123,160066,16000000000,120931,12105688,deprecated,0xfb3bdb41,"swapETHForExactTokens(uint256 amountOut, address[] path, address to, uint256 deadline)",12431915
12629755,1623635226,0x1574a7dfe265c1cecceec9e2279f9141439e6acbc7e1add64a5478eed5f5e777,92,0x271b4c0b83f45e6baea0d6dc49b1f509d8f661f827ab48833c9a787eddcd3bd4,0x92dedef59251bd701a4691524eb2f350f5cc93b5,0x23dbf11ddc9a9aa56a673e67e302b86e3d25a97f,0x78eb17dfb5b8ced5f71578863330ada3d6afeb20,9990000000000000000000000,Wizard Shiba 🧙‍♂️🦮,🧙‍♂️WIZ🧙‍♂️,18,132,160066,16000000000,120931,13305701,deprecated,0xfb3bdb41,"swapETHForExactTokens(uint256 amountOut, address[] path, address to, uint256 deadline)",12431915
12629755,1623635226,0xb115aba40971be15e54dc52e13a90226ed83626fe643a7a4dc86f34ccdefa8b5,93,0x271b4c0b83f45e6baea0d6dc49b1f509d8f661f827ab48833c9a787eddcd3bd4,0x92dedef59251bd701a4691524eb2f350f5cc93b5,0x23dbf11ddc9a9aa56a673e67e302b86e3d25a97f,0xccd44f5fd885632e220d0db047c69ed2d37c6c48,8970000000000000000000000,Wizard Shiba 🧙‍♂️🦮,🧙‍♂️WIZ🧙‍♂️,18,138,160066,16000000000,120931,14189202,deprecated,0xfb3bdb41,"swapETHForExactTokens(uint256 amountOut, address[] path, address to, uint256 deadline)",12431915
12629757,1623635320,0xbc1f2d43b2de1bac85e0fca4aad52501546d6bfa275727c0904633aec7e0add8,94,0x3c0d7f36ee96e487b1afe8f83010269f85989c2c125c63bbd16b5848c7acf882,0x92dedef59251bd701a4691524eb2f350f5cc93b5,0x23dbf11ddc9a9aa56a673e67e302b86e3d25a97f,0xf299878a9be5b56427b930a1ec84d6d06f70ae87,7960000000000000000000000,Wizard Shiba 🧙‍♂️🦮,🧙‍♂️WIZ🧙‍♂️,18,35,160053,31000000000,131335,2125872,deprecated,0xfb3bdb41,"swapETHForExactTokens(uint256 amountOut, address[] path, address to, uint256 deadline)",12431913
12629757,1623635320,0x2ce481afd78c18832b7c59ed295f9910d55648c576ac318db73cf884a781dd2c,95,0x3c0d7f36ee96e487b1afe8f83010269f85989c2c125c63bbd16b5848c7acf882,0x92dedef59251bd701a4691524eb2f350f5cc93b5,0x23dbf11ddc9a9aa56a673e67e302b86e3d25a97f,0xf675aae532dbdb39232c64517b228b52935decf4,6850000000000000000000000,Wizard Shiba 🧙‍♂️🦮,🧙‍♂️WIZ🧙‍♂️,18,196,160066,16000000000,120931,14328752,deprecated,0xfb3bdb41,"swapETHForExactTokens(uint256 amountOut, address[] path, address to, uint256 deadline)",12431913
12629759,1623635390,0x004103c437efeace6b685f001bf0145eb1e92ad438ad3ca1626f19fdff6a5119,96,0x7b38cafba7ded795b8ece01fcced821e4c7bae02ad50ad09047421a74e9cbfbf,0x92dedef59251bd701a4691524eb2f350f5cc93b5,0x23dbf11ddc9a9aa56a673e67e302b86e3d25a97f,0x54dab1f1fd38d3559ec9f3513bf5a1128d6b00ff,7730000000000000000000000,Wizard Shiba 🧙‍♂️🦮,🧙‍♂️WIZ🧙‍♂️,18,47,171510,16000000000,131335,5778281,deprecated,0xfb3bdb41,"swapETHForExactTokens(uint256 amountOut, address[] path, address to, uint256 deadline)",12431911
12629759,1623635390,0xf355a8b059e963373ce949f5beaf64a56ce89365cb045491ca3bd5aee0f4f04e,97,0x7b38cafba7ded795b8ece01fcced821e4c7bae02ad50ad09047421a74e9cbfbf,0x92dedef59251bd701a4691524eb2f350f5cc93b5,0x23dbf11ddc9a9aa56a673e67e302b86e3d25a97f,0x07834f8d6638bb0796dac4547730481e5a919a8e,8090000000000000000000000,Wizard Shiba 🧙‍♂️🦮,🧙‍♂️WIZ🧙‍♂️,18,48,160066,31000000000,120931,5899212,deprecated,0xfb3bdb41,"swapETHForExactTokens(uint256 amountOut, address[] path, address to, uint256 deadline)",12431911
12629759,1623635390,0x6ccc1db72756fec851880f6583150a51decfa09344f7ddfe74f53a29d12ef9c5,98,0x7b38cafba7ded795b8ece01fcced821e4c7bae02ad50ad09047421a74e9cbfbf,0x92dedef59251bd701a4691524eb2f350f5cc93b5,0x23dbf11ddc9a9aa56a673e67e302b86e3d25a97f,0x18c7d0f1668a44b2bab66079e444fc078678591f,6990000000000000000000000,Wizard Shiba 🧙‍♂️🦮,🧙‍♂️WIZ🧙‍♂️,18,49,160066,31000000000,120931,6020143,deprecated,0xfb3bdb41,"swapETHForExactTokens(uint256 amountOut, address[] path, address to, uint256 deadline)",12431911
12629759,1623635390,0xeb88a88806f5392cd999c4591340cdeb771e80d8e80067adcfd53c8b9a76186e,99,0x7b38cafba7ded795b8ece01fcced821e4c7bae02ad50ad09047421a74e9cbfbf,0x92dedef59251bd701a4691524eb2f350f5cc93b5,0x23dbf11ddc9a9aa56a673e67e302b86e3d25a97f,0x68d75eb30de0a0b05eebffeb1515a005aef24edf,7990000000000000000000000,Wizard Shiba 🧙‍♂️🦮,🧙‍♂️WIZ🧙‍♂️,18,51,160066,16000000000,120931,6194822,deprecated,0xfb3bdb41,"swapETHForExactTokens(uint256 amountOut, address[] path, address to, uint256 deadline)",12431911
12629759,1623635390,0x01ac2035807aa3dc03217b475c6bcb75eccb8e499570d74b2431426dbb2eb0c1,100,0x7b38cafba7ded795b8ece01fcced821e4c7bae02ad50ad09047421a74e9cbfbf,0x92dedef59251bd701a4691524eb2f350f5cc93b5,0x23dbf11ddc9a9aa56a673e67e302b86e3d25a97f,0x39bf57c33e3e3540bf6fc2562578587a31abab3e,16250000000000000000000000,Wizard Shiba 🧙‍♂️🦮,🧙‍♂️WIZ🧙‍♂️,18,52,171524,16000000000,120931,6315753,deprecated,0xfb3bdb41,"swapETHForExactTokens(uint256 amountOut, address[] path, address to, uint256 deadline)",12431911
12629762,1623635408,0x58256cb244fda62462178ae35d5579c275d00b14a688c6516f0198ec28c5897a,101,0x9b818a4d8e759314452d109981ab14030a67721f2e4a29c245487321be294b28,0x92dedef59251bd701a4691524eb2f350f5cc93b5,0x23dbf11ddc9a9aa56a673e67e302b86e3d25a97f,0x3961e573cb484489c30d84db930b5e9c13d8f17b,11870000000000000000000000,Wizard Shiba 🧙‍♂️🦮,🧙‍♂️WIZ🧙‍♂️,18,85,171524,16000000000,131347,4782402,deprecated,0xfb3bdb41,"swapETHForExactTokens(uint256 amountOut, address[] path, address to, uint256 deadline)",12431908
12629766,1623635503,0x23151696268f9f7ddb0a0be9501b5836cec4442c373f1aa61da09721e370dc27,102,0x840701b71c7bca4c18f8e4fc8ec8202ba6bab2b7d949a6b3221f53534c3965c3,0x92dedef59251bd701a4691524eb2f350f5cc93b5,0x23dbf11ddc9a9aa56a673e67e302b86e3d25a97f,0x6def23f1c9e896b16aef955a3dbddc972d95f726,13260000000000000000000000,Wizard Shiba 🧙‍♂️🦮,🧙‍♂️WIZ🧙‍♂️,18,42,171524,17000000000,131347,2561348,deprecated,0xfb3bdb41,"swapETHForExactTokens(uint256 amountOut, address[] path, address to, uint256 deadline)",12431904
12629766,1623635503,0xaad6f8a07cd75ea77a60509ddc01dd91e30bf33d0e8947eb6fa53d9b53f6037b,103,0x840701b71c7bca4c18f8e4fc8ec8202ba6bab2b7d949a6b3221f53534c3965c3,0x92dedef59251bd701a4691524eb2f350f5cc93b5,0x23dbf11ddc9a9aa56a673e67e302b86e3d25a97f,0x73bc03611aa3bfa83591290edaf0fb4a86e26a9e,10900000000000000000000000,Wizard Shiba 🧙‍♂️🦮,🧙‍♂️WIZ🧙‍♂️,18,45,171524,17000000000,120931,2824002,deprecated,0xfb3bdb41,"swapETHForExactTokens(uint256 amountOut, address[] path, address to, uint256 deadline)",12431904
12629766,1623635503,0xbcd1742bbfe354d56b947b7a36e390300a1ae5710d47fef86f44a1b3c6bced67,104,0x840701b71c7bca4c18f8e4fc8ec8202ba6bab2b7d949a6b3221f53534c3965c3,0x92dedef59251bd701a4691524eb2f350f5cc93b5,0x23dbf11ddc9a9aa56a673e67e302b86e3d25a97f,0x0313cfdf1d2116b0523468a4a89660762c7db5c0,10470000000000000000000000,Wizard Shiba 🧙‍♂️🦮,🧙‍♂️WIZ🧙‍♂️,18,48,171524,17000000000,120931,6421206,deprecated,0xfb3bdb41,"swapETHForExactTokens(uint256 amountOut, address[] path, address to, uint256 deadline)",12431904
12629766,1623635503,0x13bec78c49e646a23b5c07307979d99b63feca46dbe947f3b820170dfcba4990,105,0x840701b71c7bca4c18f8e4fc8ec8202ba6bab2b7d949a6b3221f53534c3965c3,0x92dedef59251bd701a4691524eb2f350f5cc93b5,0x23dbf11ddc9a9aa56a673e67e302b86e3d25a97f,0x1c0a31fe38a25abae792012701204160316029ee,10220000000000000000000000,Wizard Shiba 🧙‍♂️🦮,🧙‍♂️WIZ🧙‍♂️,18,52,171524,17000000000,120931,6851445,deprecated,0xfb3bdb41,"swapETHForExactTokens(uint256 amountOut, address[] path, address to, uint256 deadline)",12431904
12629766,1623635503,0x8897347d40fb67a50b56bc82bfbd25ec20074eca4cc731b43c2a57aab442f8df,106,0x840701b71c7bca4c18f8e4fc8ec8202ba6bab2b7d949a6b3221f53534c3965c3,0x92dedef59251bd701a4691524eb2f350f5cc93b5,0x23dbf11ddc9a9aa56a673e67e302b86e3d25a97f,0x7ce96bc30ae8a149c4583105f1b5065a485454f4,10530000000000000000000000,Wizard Shiba 🧙‍♂️🦮,🧙‍♂️WIZ🧙‍♂️,18,59,171524,17000000000,120931,7670584,deprecated,0xfb3bdb41,"swapETHForExactTokens(uint256 amountOut, address[] path, address to, uint256 deadline)",12431904
12629766,1623635503,0x401de33ba0973ce8fd41a9438289ebb1fa91abbbcb92fbe92f86a73f16f2bf39,107,0x840701b71c7bca4c18f8e4fc8ec8202ba6bab2b7d949a6b3221f53534c3965c3,0x92dedef59251bd701a4691524eb2f350f5cc93b5,0x23dbf11ddc9a9aa56a673e67e302b86e3d25a97f,0x99ddc55713cd123ea8609c7ffc49bf45d91f4b24,8970000000000000000000000,Wizard Shiba 🧙‍♂️🦮,🧙‍♂️WIZ🧙‍♂️,18,61,171524,17000000000,120931,7843077,deprecated,0xfb3bdb41,"swapETHForExactTokens(uint256 amountOut, address[] path, address to, uint256 deadline)",12431904
12629767,1623635516,0xd22339da600c72bbcdbd68cd46f343be6667534c18c662458881b9c36d837f32,108,0x9b2d3d2b9797df8adae03815c0470138ec23c553abb42f1f4c469ce590393c1f,0x92dedef59251bd701a4691524eb2f350f5cc93b5,0x23dbf11ddc9a9aa56a673e67e302b86e3d25a97f,0x631cb264b8ee38d70ff0bcad9c7f33743de66ce2,6890000000000000000000000,Wizard Shiba 🧙‍♂️🦮,🧙‍♂️WIZ🧙‍♂️,18,52,171524,17000000000,131347,4588478,deprecated,0xfb3bdb41,"swapETHForExactTokens(uint256 amountOut, address[] path, address to, uint256 deadline)",12431903
12629767,1623635516,0x1b304eb29581f5b81703e7df93a3e753829abc2df1af4da8698a28a90b91945f,109,0x9b2d3d2b9797df8adae03815c0470138ec23c553abb42f1f4c469ce590393c1f,0x92dedef59251bd701a4691524eb2f350f5cc93b5,0x23dbf11ddc9a9aa56a673e67e302b86e3d25a97f,0x457837059b572408fd979a057dc07224749d4f9a,8840000000000000000000000,Wizard Shiba 🧙‍♂️🦮,🧙‍♂️WIZ🧙‍♂️,18,54,160053,17000000000,120919,4910502,deprecated,0xfb3bdb41,"swapETHForExactTokens(uint256 amountOut, address[] path, address to, uint256 deadline)",12431903
12629768,1623635531,0x159aa242c4a9f385ad4eb106eb0ea780b45cfbefe17b20e742dde047792d3dd8,110,0xca7578dc363cd0af650e6cfe71d9412add3d5b7597e323f776b2718d6529700d,0x92dedef59251bd701a4691524eb2f350f5cc93b5,0x23dbf11ddc9a9aa56a673e67e302b86e3d25a97f,0xeffc0f63bd99a7f72361f30a165d2930171a2588,7680000000000000000000000,Wizard Shiba 🧙‍♂️🦮,🧙‍♂️WIZ🧙‍♂️,18,177,160053,17000000000,131335,9590824,deprecated,0xfb3bdb41,"swapETHForExactTokens(uint256 amountOut, address[] path, address to, uint256 deadline)",12431902
12629768,1623635531,0xa88fec9f72fd99aaab264b3b328a3a7ea9c2246f6a2eb7713a2a2299848de64d,111,0xca7578dc363cd0af650e6cfe71d9412add3d5b7597e323f776b2718d6529700d,0x92dedef59251bd701a4691524eb2f350f5cc93b5,0x23dbf11ddc9a9aa56a673e67e302b86e3d25a97f,0x9eac02ad4b114ef1eb6e9549aa17423a810209a6,9380000000000000000000000,Wizard Shiba 🧙‍♂️🦮,🧙‍♂️WIZ🧙‍♂️,18,178,160066,20000000000,120931,9711755,deprecated,0xfb3bdb41,"swapETHForExactTokens(uint256 amountOut, address[] path, address to, uint256 deadline)",12431902
12629769,1623635555,0x0fd2818f01e375ca85ca56bf391f35fe658f131973a2eb1338634b5a09b1ff16,112,0xfd8a880802fe79900a014415879c79c4e771a7311fc0d10111e6ac262c089dbe,0x92dedef59251bd701a4691524eb2f350f5cc93b5,0x23dbf11ddc9a9aa56a673e67e302b86e3d25a97f,0x3ddbdeda178654efc9cbf5f1af1009f8e3298fc3,7680000000000000000000000,Wizard Shiba 🧙‍♂️🦮,🧙‍♂️WIZ🧙‍♂️,18,20,160053,20000000000,131335,1115191,deprecated,0xfb3bdb41,"swapETHForExactTokens(uint256 amountOut, address[] path, address to, uint256 deadline)",12431901
12629770,1623635564,0x924936d3c7344bc8edf8011698f3048c53655d6b0f9d6bec30e3c250ace36105,113,0xbb58adb9dd6aced4f8c0d77efe889ebd037ab8c49ed9d0d9e702c3575b7ea22d,0x92dedef59251bd701a4691524eb2f350f5cc93b5,0x23dbf11ddc9a9aa56a673e67e302b86e3d25a97f,0x26bc25b105aba97c9339f240c535d2e95bcb6826,8810000000000000000000000,Wizard Shiba 🧙‍♂️🦮,🧙‍♂️WIZ🧙‍♂️,18,18,160066,20000000000,131347,1204141,deprecated,0xfb3bdb41,"swapETHForExactTokens(uint256 amountOut, address[] path, address to, uint256 deadline)",12431900
12629770,1623635564,0x2b33b422fe4f5f7917be112250f4f6b544945003e8cb2bbf09b13c8dadd763ca,114,0xbb58adb9dd6aced4f8c0d77efe889ebd037ab8c49ed9d0d9e702c3575b7ea22d,0x92dedef59251bd701a4691524eb2f350f5cc93b5,0x23dbf11ddc9a9aa56a673e67e302b86e3d25a97f,0x06b899d7b92fc3139c1d8bf9762142de4a5ed875,6630000000000000000000000,Wizard Shiba 🧙‍♂️🦮,🧙‍♂️WIZ🧙‍♂️,18,23,160066,20000000000,120931,1915206,deprecated,0xfb3bdb41,"swapETHForExactTokens(uint256 amountOut, address[] path, address to, uint256 deadline)",12431900
12629776,1623635623,0x31a720f55a325a17d86b7296baccf43389aa7f88e09d55b69bb2ee6155af048a,40,0x53cb249c9dd88c72868c1a93068fa4ac05c289a74f704df2f29574f6d29eb0be,0x92dedef59251bd701a4691524eb2f350f5cc93b5,0x23dbf11ddc9a9aa56a673e67e302b86e3d25a97f,0x04ae70de8719e4b93e082fad29b2e6fddeb61740,1578012343674543818911665,Wizard Shiba 🧙‍♂️🦮,🧙‍♂️WIZ🧙‍♂️,18,117,179437,13000000000,123968,9793260,deprecated,0x7ff36ab5,"swapExactETHForTokens(uint256 amountOutMin, address[] path, address to, uint256 deadline)",12431894
12629780,1623635643,0xa7168578bb21de7ae121ba90e5f59248733a5f7de0b5e5129036dea1f3312d53,115,0x49cc4044b0cedda3177ed2b45ee31019c1dc4608b3f74ed158fc785852617185,0x92dedef59251bd701a4691524eb2f350f5cc93b5,0x23dbf11ddc9a9aa56a673e67e302b86e3d25a97f,0xb2197558da56d35709797c08418d5b238326a29c,8970000000000000000000000,Wizard Shiba 🧙‍♂️🦮,🧙‍♂️WIZ🧙‍♂️,18,88,171524,14000000000,131347,5444160,deprecated,0xfb3bdb41,"swapETHForExactTokens(uint256 amountOut, address[] path, address to, uint256 deadline)",12431890
12629785,1623635737,0xf1cad16ca8905b01931c9c73b81019fbda5184f238cefd556e46d37521c4c249,116,0x4955789283672117698041a08337141364f2e5de59a22665e74c92c7580227e9,0x92dedef59251bd701a4691524eb2f350f5cc93b5,0x23dbf11ddc9a9aa56a673e67e302b86e3d25a97f,0x504c11bdbe6e29b46e23e9a15d9c8d2e2e795709,3830000000000000000000000,Wizard Shiba 🧙‍♂️🦮,🧙‍♂️WIZ🧙‍♂️,18,63,171524,14000000000,131347,6778970,deprecated,0xfb3bdb41,"swapETHForExactTokens(uint256 amountOut, address[] path, address to, uint256 deadline)",12431885
12629785,1623635737,0x3d4a23839f90edaff11cfb98e4693ccea8b139b9effe5bfadbc88590718b2907,117,0x4955789283672117698041a08337141364f2e5de59a22665e74c92c7580227e9,0x92dedef59251bd701a4691524eb2f350f5cc93b5,0x23dbf11ddc9a9aa56a673e67e302b86e3d25a97f,0x02500fc3935a62eaa818fcaae1c741a1e7867b86,6890000000000000000000000,Wizard Shiba 🧙‍♂️🦮,🧙‍♂️WIZ🧙‍♂️,18,72,160066,14000000000,120931,8019764,deprecated,0xfb3bdb41,"swapETHForExactTokens(uint256 amountOut, address[] path, address to, uint256 deadline)",12431885
12629785,1623635737,0x4995f06686a5a69891ad366b8c969da6f3554aeb859a1728497a983718b0d2a6,118,0x4955789283672117698041a08337141364f2e5de59a22665e74c92c7580227e9,0x92dedef59251bd701a4691524eb2f350f5cc93b5,0x23dbf11ddc9a9aa56a673e67e302b86e3d25a97f,0xb8e7aec562674410e1e4cb4d169d15ec262d2ea5,9420000000000000000000000,Wizard Shiba 🧙‍♂️🦮,🧙‍♂️WIZ🧙‍♂️,18,73,160066,14000000000,120931,8140695,deprecated,0xfb3bdb41,"swapETHForExactTokens(uint256 amountOut, address[] path, address to, uint256 deadline)",12431885
12629786,1623635741,0x713e15f6ea973708c395538924b8b3ca75cb7e01189a9be8acfcb15696535180,119,0x1bb376b53af6d8de7ea5c764b572297d546bcb16816f48bbfb6517638a17e8cd,0x92dedef59251bd701a4691524eb2f350f5cc93b5,0x23dbf11ddc9a9aa56a673e67e302b86e3d25a97f,0xf8d76dff2e70ff13dc0c328e73b9cdcf2fce959c,7650000000000000000000000,Wizard Shiba 🧙‍♂️🦮,🧙‍♂️WIZ🧙‍♂️,18,52,171524,14000000000,131347,5162824,deprecated,0xfb3bdb41,"swapETHForExactTokens(uint256 amountOut, address[] path, address to, uint256 deadline)",12431884
12629786,1623635741,0x9870d5cd1ab1f88f3d2d4162d6841f24e58c29d70c42df76b5d8430f2871566c,120,0x1bb376b53af6d8de7ea5c764b572297d546bcb16816f48bbfb6517638a17e8cd,0x92dedef59251bd701a4691524eb2f350f5cc93b5,0x23dbf11ddc9a9aa56a673e67e302b86e3d25a97f,0xf69b936ed9a8d7b0ba3e767af1c2f27593e5d86c,3780000000000000000000000,Wizard Shiba 🧙‍♂️🦮,🧙‍♂️WIZ🧙‍♂️,18,53,171524,14000000000,120931,5283755,deprecated,0xfb3bdb41,"swapETHForExactTokens(uint256 amountOut, address[] path, address to, uint256 deadline)",12431884
12629789,1623635762,0xf0933953f490a41dbb978a48d22097c405df5169f8eec63d7192b9129865dc32,121,0x26e766cade443005876d0005a657d29c61ceb9d0236b1baee58a20305f945fcb,0x92dedef59251bd701a4691524eb2f350f5cc93b5,0x23dbf11ddc9a9aa56a673e67e302b86e3d25a97f,0x305666304b78f4c1488a6d0b187a3d3091f9b9bb,4810000000000000000000000,Wizard Shiba 🧙‍♂️🦮,🧙‍♂️WIZ🧙‍♂️,18,53,171524,14000000000,131347,4016165,deprecated,0xfb3bdb41,"swapETHForExactTokens(uint256 amountOut, address[] path, address to, uint256 deadline)",12431881
12629789,1623635762,0x1d5021c541c4d29bfa14df6f1c01382c722c8a8adbfa651fdeb8361636bcb93c,122,0x26e766cade443005876d0005a657d29c61ceb9d0236b1baee58a20305f945fcb,0x92dedef59251bd701a4691524eb2f350f5cc93b5,0x23dbf11ddc9a9aa56a673e67e302b86e3d25a97f,0xc57d131b7fed93ba67f8be710a1b99a9943b65fb,7950000000000000000000000,Wizard Shiba 🧙‍♂️🦮,🧙‍♂️WIZ🧙‍♂️,18,54,171524,14000000000,120931,4137096,deprecated,0xfb3bdb41,"swapETHForExactTokens(uint256 amountOut, address[] path, address to, uint256 deadline)",12431881
12629789,1623635762,0xbc1534edd2faa9e55215c25f4798f790afe5716e2a50f266ce616b3d396158a4,123,0x26e766cade443005876d0005a657d29c61ceb9d0236b1baee58a20305f945fcb,0x92dedef59251bd701a4691524eb2f350f5cc93b5,0x23dbf11ddc9a9aa56a673e67e302b86e3d25a97f,0xffea7546dfb63dd47b3f38ebec7ebc0fe160c340,4870000000000000000000000,Wizard Shiba 🧙‍♂️🦮,🧙‍♂️WIZ🧙‍♂️,18,55,171524,14000000000,120931,4258027,deprecated,0xfb3bdb41,"swapETHForExactTokens(uint256 amountOut, address[] path, address to, uint256 deadline)",12431881
12629789,1623635762,0xb8a6a6049123eebd4c3af014881f88623f72f68f710e9573588f4eebcf9026e5,124,0x26e766cade443005876d0005a657d29c61ceb9d0236b1baee58a20305f945fcb,0x92dedef59251bd701a4691524eb2f350f5cc93b5,0x23dbf11ddc9a9aa56a673e67e302b86e3d25a97f,0x205b7b1daee38c4744c6f0b782e27bca286c23db,5930000000000000000000000,Wizard Shiba 🧙‍♂️🦮,🧙‍♂️WIZ🧙‍♂️,18,56,171524,15000000000,120931,4378958,deprecated,0xfb3bdb41,"swapETHForExactTokens(uint256 amountOut, address[] path, address to, uint256 deadline)",12431881
12629791,1623635782,0xec22cd2000395b5b8b10a37b5f3e1038dcae6fb55acf45f54bd92f52dd4d1b87,125,0x28f53d461ad1bdfe8cf48a888dc2a75f41bdcd822c923eb726561a1a0a818316,0x92dedef59251bd701a4691524eb2f350f5cc93b5,0x23dbf11ddc9a9aa56a673e67e302b86e3d25a97f,0x02500fc3935a62eaa818fcaae1c741a1e7867b86,7890000000000000000000000,Wizard Shiba 🧙‍♂️🦮,🧙‍♂️WIZ🧙‍♂️,18,106,141256,15000000000,114247,7442258,deprecated,0xfb3bdb41,"swapETHForExactTokens(uint256 amountOut, address[] path, address to, uint256 deadline)",12431879
12629791,1623635782,0xd8634f636e202a4854415cd0da7e374c1e1b09e568dfe820aefe37be272ddd38,126,0x28f53d461ad1bdfe8cf48a888dc2a75f41bdcd822c923eb726561a1a0a818316,0x92dedef59251bd701a4691524eb2f350f5cc93b5,0x23dbf11ddc9a9aa56a673e67e302b86e3d25a97f,0x6e1963bcac827a2d73aab6493121f34249312bd0,9760000000000000000000000,Wizard Shiba 🧙‍♂️🦮,🧙‍♂️WIZ🧙‍♂️,18,107,160053,31000000000,120919,7563177,deprecated,0xfb3bdb41,"swapETHForExactTokens(uint256 amountOut, address[] path, address to, uint256 deadline)",12431879
12629791,1623635782,0x2f912fc0c4cec2c525de60e7118077dd5ab8f69bbadf45e961c03e77e5827410,127,0x28f53d461ad1bdfe8cf48a888dc2a75f41bdcd822c923eb726561a1a0a818316,0x92dedef59251bd701a4691524eb2f350f5cc93b5,0x23dbf11ddc9a9aa56a673e67e302b86e3d25a97f,0xf0d44934d4e7c1b19981f9b6363a341408e94488,4550000000000000000000000,Wizard Shiba 🧙‍♂️🦮,🧙‍♂️WIZ🧙‍♂️,18,118,171524,15000000000,120931,8137249,deprecated,0xfb3bdb41,"swapETHForExactTokens(uint256 amountOut, address[] path, address to, uint256 deadline)",12431879
12629792,1623635805,0x9e9bb7efd23696885d45af05392617d8bbbd9bec0bd7351601be4cbf433e15af,128,0x1d0b9ce0faa306110350d627cd2273080c46f84538027c7009fc85a9dea20cb6,0x92dedef59251bd701a4691524eb2f350f5cc93b5,0x23dbf11ddc9a9aa56a673e67e302b86e3d25a97f,0x97b98954290f1f36cee399f1f75c1c3d3b89a3af,5810000000000000000000000,Wizard Shiba 🧙‍♂️🦮,🧙‍♂️WIZ🧙‍♂️,18,89,171524,15000000000,131347,6422529,deprecated,0xfb3bdb41,"swapETHForExactTokens(uint256 amountOut, address[] path, address to, uint256 deadline)",12431878
12629792,1623635805,0xf2624f96ba48fe78f80276b5cd4eef1fe6cef6b2fdd133e1385ac99688907181,129,0x1d0b9ce0faa306110350d627cd2273080c46f84538027c7009fc85a9dea20cb6,0x92dedef59251bd701a4691524eb2f350f5cc93b5,0x23dbf11ddc9a9aa56a673e67e302b86e3d25a97f,0x0b1393fd488f0cba8d15706b760a871c77f86390,7790000000000000000000000,Wizard Shiba 🧙‍♂️🦮,🧙‍♂️WIZ🧙‍♂️,18,99,160066,15000000000,120931,6994322,deprecated,0xfb3bdb41,"swapETHForExactTokens(uint256 amountOut, address[] path, address to, uint256 deadline)",12431878
12629793,1623635816,0xcdc3e72b4b952bc7d64ff72b700470c27039c4515128e6a5aeb185d732e3dae0,130,0x85a303d31d48b6089e2178d142ec0ed471b3aa63db0375aa066460c052ccf122,0x92dedef59251bd701a4691524eb2f350f5cc93b5,0x23dbf11ddc9a9aa56a673e67e302b86e3d25a97f,0x8e87709d7897ff757bb5d7fdd8f684ed13fd0564,4680000000000000000000000,Wizard Shiba 🧙‍♂️🦮,🧙‍♂️WIZ🧙‍♂️,18,45,160053,15000000000,131335,3454160,deprecated,0xfb3bdb41,"swapETHForExactTokens(uint256 amountOut, address[] path, address to, uint256 deadline)",12431877
12629794,1623635824,0xbb5820c64dc0f77bbb7b08ef70b72dd3caea952d79d3d73ca2775d7f020574ce,131,0x40cc98ee9992c8297dbfc72347eca5b8e7f4c10b8c8a6e1aee64733114bbcfd0,0x92dedef59251bd701a4691524eb2f350f5cc93b5,0x23dbf11ddc9a9aa56a673e67e302b86e3d25a97f,0x49c9d4724b6509882c722dcf905ebe4615cbb2d4,5970000000000000000000000,Wizard Shiba 🧙‍♂️🦮,🧙‍♂️WIZ🧙‍♂️,18,37,160066,15000000000,131347,2894059,deprecated,0xfb3bdb41,"swapETHForExactTokens(uint256 amountOut, address[] path, address to, uint256 deadline)",12431876
12629795,1623635833,0xb761051f224125638a060f694184d1cf0d9bc801e9dc2ca783d2e3c69a4c6166,132,0xdcc46d98225efd65cce3b4d8bdcd6e16b28aa950ea6472579d957b88b2f7e100,0x92dedef59251bd701a4691524eb2f350f5cc93b5,0x23dbf11ddc9a9aa56a673e67e302b86e3d25a97f,0xb93ed1ebf7182cdacffcd83364beecda9cfc04ef,4590000000000000000000000,Wizard Shiba 🧙‍♂️🦮,🧙‍♂️WIZ🧙‍♂️,18,39,160066,15000000000,131347,2951843,deprecated,0xfb3bdb41,"swapETHForExactTokens(uint256 amountOut, address[] path, address to, uint256 deadline)",12431875
12629799,1623635887,0xdc075140629caf7dead1219a082215906d59608ebd22d9ca56a1d4705e69390f,133,0xf4264eb8c6733f88cbd0d4cb156ba76b6a9ebce91d596165ece2b8f660fb2a75,0x92dedef59251bd701a4691524eb2f350f5cc93b5,0x23dbf11ddc9a9aa56a673e67e302b86e3d25a97f,0x5af4c5144d595c920a7ff114fc0f3ef6aba0ec12,8430000000000000000000000,Wizard Shiba 🧙‍♂️🦮,🧙‍♂️WIZ🧙‍♂️,18,79,160066,15000000000,131347,7239869,deprecated,0xfb3bdb41,"swapETHForExactTokens(uint256 amountOut, address[] path, address to, uint256 deadline)",12431871
12629799,1623635887,0x2b30d2fb0878f88d865755841cc19d384f1abcc59103611c5f5721979ac401cb,134,0xf4264eb8c6733f88cbd0d4cb156ba76b6a9ebce91d596165ece2b8f660fb2a75,0x92dedef59251bd701a4691524eb2f350f5cc93b5,0x23dbf11ddc9a9aa56a673e67e302b86e3d25a97f,0xe356fe28b7b6b015a3b2bb4419dbdf2777d7420b,4450000000000000000000000,Wizard Shiba 🧙‍♂️🦮,🧙‍♂️WIZ🧙‍♂️,18,80,160066,15000000000,120931,7360800,deprecated,0xfb3bdb41,"swapETHForExactTokens(uint256 amountOut, address[] path, address to, uint256 deadline)",12431871
12629799,1623635887,0x7d02a55bfb99559e766518e2c7cde663e0d7511fbe38bcf51364b94242692101,135,0xf4264eb8c6733f88cbd0d4cb156ba76b6a9ebce91d596165ece2b8f660fb2a75,0x92dedef59251bd701a4691524eb2f350f5cc93b5,0x23dbf11ddc9a9aa56a673e67e302b86e3d25a97f,0x26e768522d39cbe5f4a3e0012ec97837507f88c4,7620000000000000000000000,Wizard Shiba 🧙‍♂️🦮,🧙‍♂️WIZ🧙‍♂️,18,81,171524,15000000000,120931,7481731,deprecated,0xfb3bdb41,"swapETHForExactTokens(uint256 amountOut, address[] path, address to, uint256 deadline)",12431871
12629799,1623635887,0x76fd60083f594a949484a9f33f452b994e84b06b552de65953e573af361e6d9c,136,0xf4264eb8c6733f88cbd0d4cb156ba76b6a9ebce91d596165ece2b8f660fb2a75,0x92dedef59251bd701a4691524eb2f350f5cc93b5,0x23dbf11ddc9a9aa56a673e67e302b86e3d25a97f,0xa9276b86e04058b70cd43916e8e666bc3ad5bc9a,3880000000000000000000000,Wizard Shiba 🧙‍♂️🦮,🧙‍♂️WIZ🧙‍♂️,18,87,171510,15000000000,120919,8045822,deprecated,0xfb3bdb41,"swapETHForExactTokens(uint256 amountOut, address[] path, address to, uint256 deadline)",12431871
12629799,1623635887,0xa16f849f3d3be13c7f3d9774b5316bd274b8341410e7b19d56eee37e0e3258da,50,0xf4264eb8c6733f88cbd0d4cb156ba76b6a9ebce91d596165ece2b8f660fb2a75,0x92dedef59251bd701a4691524eb2f350f5cc93b5,0x23dbf11ddc9a9aa56a673e67e302b86e3d25a97f,0xf8216a86f4efc7e40ff9c8d5d7682086bfe9ad45,781801018154243061090616,Wizard Shiba 🧙‍♂️🦮,🧙‍♂️WIZ🧙‍♂️,18,109,179422,15000000000,113540,9247716,deprecated,0x7ff36ab5,"swapExactETHForTokens(uint256 amountOutMin, address[] path, address to, uint256 deadline)",12431871
12629801,1623635916,0x9f46676b788309734e7e13b419f6142cb0611585cbaac4cc318b746292bebbaf,137,0x83cb808912703e057a38890f03f84465a6b47d84ba245230a376b581b36142a4,0x92dedef59251bd701a4691524eb2f350f5cc93b5,0x23dbf11ddc9a9aa56a673e67e302b86e3d25a97f,0x9e64e525da3ec2b9749a42347afbfa56f64fb90c,6730000000000000000000000,Wizard Shiba 🧙‍♂️🦮,🧙‍♂️WIZ🧙‍♂️,18,86,171524,15000000000,131347,5124750,deprecated,0xfb3bdb41,"swapETHForExactTokens(uint256 amountOut, address[] path, address to, uint256 deadline)",12431869
12629802,1623635950,0x428edf73b378f3016c707da27816db2379ea3c89526a086033e28d7dc332c8e4,138,0xee6ee3477e9ec7f0c8b75db4c774c6427b02755f0cb0140f12d8bfc554a26f5c,0x92dedef59251bd701a4691524eb2f350f5cc93b5,0x23dbf11ddc9a9aa56a673e67e302b86e3d25a97f,0x866414ff2aa48acf3e07ff997daffa97703198d2,5690000000000000000000000,Wizard Shiba 🧙‍♂️🦮,🧙‍♂️WIZ🧙‍♂️,18,33,171524,31000000000,131347,2458221,deprecated,0xfb3bdb41,"swapETHForExactTokens(uint256 amountOut, address[] path, address to, uint256 deadline)",12431868
12629804,1623636012,0xac6d8093b208cbaad95c1276f058bc6d6cd63d102628b1597e81a5ddf61d5115,139,0xba87a41a4d4698486e3442da57d7b500ce522deda3779beecf196b6dbbeefa0d,0x92dedef59251bd701a4691524eb2f350f5cc93b5,0x23dbf11ddc9a9aa56a673e67e302b86e3d25a97f,0x0408e27894a6ab3cf81bee0fcd8431bd8f6e54f2,3360000000000000000000000,Wizard Shiba 🧙‍♂️🦮,🧙‍♂️WIZ🧙‍♂️,18,103,171510,15000000000,131335,10417476,deprecated,0xfb3bdb41,"swapETHForExactTokens(uint256 amountOut, address[] path, address to, uint256 deadline)",12431866
12629804,1623636012,0x3b0ff10511dcacbca2a3555e0ee66576587d73bad461bc5f5b624ca9eb423a7f,140,0xba87a41a4d4698486e3442da57d7b500ce522deda3779beecf196b6dbbeefa0d,0x92dedef59251bd701a4691524eb2f350f5cc93b5,0x23dbf11ddc9a9aa56a673e67e302b86e3d25a97f,0x7f9a1aa7f5dfaa39ff7fad626094bb893f00dbba,4190000000000000000000000,Wizard Shiba 🧙‍♂️🦮,🧙‍♂️WIZ🧙‍♂️,18,104,171510,15000000000,120919,10538395,deprecated,0xfb3bdb41,"swapETHForExactTokens(uint256 amountOut, address[] path, address to, uint256 deadline)",12431866
12629804,1623636012,0x925f1cc632994e0e101855525e45af5024aa5ad2db9e59a56e5884138801260a,141,0xba87a41a4d4698486e3442da57d7b500ce522deda3779beecf196b6dbbeefa0d,0x92dedef59251bd701a4691524eb2f350f5cc93b5,0x23dbf11ddc9a9aa56a673e67e302b86e3d25a97f,0x24af272dc1aae01ff6a0151fb5fca3f100c5b29b,5580000000000000000000000,Wizard Shiba 🧙‍♂️🦮,🧙‍♂️WIZ🧙‍♂️,18,105,171510,15000000000,120919,10659314,deprecated,0xfb3bdb41,"swapETHForExactTokens(uint256 amountOut, address[] path, address to, uint256 deadline)",12431866
12629804,1623636012,0x52bd02ec6dd7e7beb5c4788d42e026861f4f02bcddeed6cf194f96cbaf2e3ab2,142,0xba87a41a4d4698486e3442da57d7b500ce522deda3779beecf196b6dbbeefa0d,0x92dedef59251bd701a4691524eb2f350f5cc93b5,0x23dbf11ddc9a9aa56a673e67e302b86e3d25a97f,0xc5315be96491f3acadeccbff16fa4e47c007e8d5,7160000000000000000000000,Wizard Shiba 🧙‍♂️🦮,🧙‍♂️WIZ🧙‍♂️,18,106,171510,15000000000,120919,10780233,deprecated,0xfb3bdb41,"swapETHForExactTokens(uint256 amountOut, address[] path, address to, uint256 deadline)",12431866
12629804,1623636012,0x78b611537567589d2a95469e05a64724aa4d75740178c7b1e302961619e36096,143,0xba87a41a4d4698486e3442da57d7b500ce522deda3779beecf196b6dbbeefa0d,0x92dedef59251bd701a4691524eb2f350f5cc93b5,0x23dbf11ddc9a9aa56a673e67e302b86e3d25a97f,0xa1f79ef31be0d019c5187718a9380440266e213e,4740000000000000000000000,Wizard Shiba 🧙‍♂️🦮,🧙‍♂️WIZ🧙‍♂️,18,107,171524,15000000000,120931,10901164,deprecated,0xfb3bdb41,"swapETHForExactTokens(uint256 amountOut, address[] path, address to, uint256 deadline)",12431866
12629804,1623636012,0x9d51b67d6247cc4291cbe24dfb7b59cdf414df416f28f3402471391a697107fa,144,0xba87a41a4d4698486e3442da57d7b500ce522deda3779beecf196b6dbbeefa0d,0x92dedef59251bd701a4691524eb2f350f5cc93b5,0x23dbf11ddc9a9aa56a673e67e302b86e3d25a97f,0x3d49728454920b65ddc1e6ae75e35e5a306679b7,3890000000000000000000000,Wizard Shiba 🧙‍♂️🦮,🧙‍♂️WIZ🧙‍♂️,18,108,171524,15000000000,120931,11022095,deprecated,0xfb3bdb41,"swapETHForExactTokens(uint256 amountOut, address[] path, address to, uint256 deadline)",12431866
12629804,1623636012,0x8f28a496d30249b487cb4ebedb6b7761676144047e05291dcbaad3d190db9db5,145,0xba87a41a4d4698486e3442da57d7b500ce522deda3779beecf196b6dbbeefa0d,0x92dedef59251bd701a4691524eb2f350f5cc93b5,0x23dbf11ddc9a9aa56a673e67e302b86e3d25a97f,0xc25e850f6cede52809014d4eecca402eb47bdc28,4150000000000000000000000,Wizard Shiba 🧙‍♂️🦮,🧙‍♂️WIZ🧙‍♂️,18,109,160066,15000000000,120931,11143026,deprecated,0xfb3bdb41,"swapETHForExactTokens(uint256 amountOut, address[] path, address to, uint256 deadline)",12431866
12629806,1623636020,0xbd757b7311e85751a63b6d2b7e5d4e10edeeb6d703662a440b2bf2f08c9374f6,146,0x09a6e8600a3bb177965f4f5968f03000c350db51748c27a9013aa68ccf7db014,0x92dedef59251bd701a4691524eb2f350f5cc93b5,0x23dbf11ddc9a9aa56a673e67e302b86e3d25a97f,0x667335ce63638f5897bc8c583a08f8be9ee8ac36,6760000000000000000000000,Wizard Shiba 🧙‍♂️🦮,🧙‍♂️WIZ🧙‍♂️,18,105,160053,31000000000,131335,6200877,deprecated,0xfb3bdb41,"swapETHForExactTokens(uint256 amountOut, address[] path, address to, uint256 deadline)",12431864
12629810,1623636150,0xbb2f7ddb1297fe919b2de1fd3e5d4a2d216791eb244b939563453aedc91f5fec,147,0x12d4b8cbb566b9d326c11b47187bb2cf233405ba04541c8fbb5c1c96f3e03014,0x92dedef59251bd701a4691524eb2f350f5cc93b5,0x23dbf11ddc9a9aa56a673e67e302b86e3d25a97f,0x3bd3ce01c82a12d7cff7c85a9e8bb27ae42fb548,8360000000000000000000000,Wizard Shiba 🧙‍♂️🦮,🧙‍♂️WIZ🧙‍♂️,18,180,160053,31000000000,131335,6615848,deprecated,0xfb3bdb41,"swapETHForExactTokens(uint256 amountOut, address[] path, address to, uint256 deadline)",12431860
12629810,1623636150,0xce35e18316324e4021ff64951c5dcee642399d79e4f692b20c4611f6b5e775f1,148,0x12d4b8cbb566b9d326c11b47187bb2cf233405ba04541c8fbb5c1c96f3e03014,0x92dedef59251bd701a4691524eb2f350f5cc93b5,0x23dbf11ddc9a9aa56a673e67e302b86e3d25a97f,0x84ddec6f22beeed2168a1adea345c1e7d7aab557,3250000000000000000000000,Wizard Shiba 🧙‍♂️🦮,🧙‍♂️WIZ🧙‍♂️,18,313,171524,22000000000,120931,13890711,deprecated,0xfb3bdb41,"swapETHForExactTokens(uint256 amountOut, address[] path, address to, uint256 deadline)",12431860
12629810,1623636150,0x86dc9c66872127193376ea5484bfe38755e287852fc63adfdbfda368fe957f0e,149,0x12d4b8cbb566b9d326c11b47187bb2cf233405ba04541c8fbb5c1c96f3e03014,0x92dedef59251bd701a4691524eb2f350f5cc93b5,0x23dbf11ddc9a9aa56a673e67e302b86e3d25a97f,0x11f942248fda45faed12f7dd71be18c11786095a,2750000000000000000000000,Wizard Shiba 🧙‍♂️🦮,🧙‍♂️WIZ🧙‍♂️,18,314,171524,22000000000,120931,14011642,deprecated,0xfb3bdb41,"swapETHForExactTokens(uint256 amountOut, address[] path, address to, uint256 deadline)",12431860
12629810,1623636150,0xb023f7c3564222eeb6aa82f75447138ef59e38b2554e839e8a060df5ad47ec68,150,0x12d4b8cbb566b9d326c11b47187bb2cf233405ba04541c8fbb5c1c96f3e03014,0x92dedef59251bd701a4691524eb2f350f5cc93b5,0x23dbf11ddc9a9aa56a673e67e302b86e3d25a97f,0x769b13ddc75139587800c31aac0fc3746c74b4e0,1880000000000000000000000,Wizard Shiba 🧙‍♂️🦮,🧙‍♂️WIZ🧙‍♂️,18,315,171497,22000000000,120907,14132549,deprecated,0xfb3bdb41,"swapETHForExactTokens(uint256 amountOut, address[] path, address to, uint256 deadline)",12431860
12629810,1623636150,0xf0eabce16581f200c659bbcbd25500f24561a820458d3c86af2d1cb827131641,151,0x12d4b8cbb566b9d326c11b47187bb2cf233405ba04541c8fbb5c1c96f3e03014,0x92dedef59251bd701a4691524eb2f350f5cc93b5,0x23dbf11ddc9a9aa56a673e67e302b86e3d25a97f,0xcfd090de8cc555a48b5e742325d88c5937b9074c,4170000000000000000000000,Wizard Shiba 🧙‍♂️🦮,🧙‍♂️WIZ🧙‍♂️,18,316,171524,22000000000,120931,14253480,deprecated,0xfb3bdb41,"swapETHForExactTokens(uint256 amountOut, address[] path, address to, uint256 deadline)",12431860
12629810,1623636150,0x42e7fe8b5e445f3a811d9ca39ccb5279f3a5664c7233743ddf1eb075db2617b2,152,0x12d4b8cbb566b9d326c11b47187bb2cf233405ba04541c8fbb5c1c96f3e03014,0x92dedef59251bd701a4691524eb2f350f5cc93b5,0x23dbf11ddc9a9aa56a673e67e302b86e3d25a97f,0xfb4955934485c645173ab63a75b72a1a83ef183d,3590000000000000000000000,Wizard Shiba 🧙‍♂️🦮,🧙‍♂️WIZ🧙‍♂️,18,322,171524,22000000000,120931,14956787,deprecated,0xfb3bdb41,"swapETHForExactTokens(uint256 amountOut, address[] path, address to, uint256 deadline)",12431860
12629811,1623636215,0xa50a746feb60b43cb9a72105ed4711ad457651788f7e05a63cc56b05bfbb84c4,153,0x168a0e91b6c4fb09e73b8b37bb5dd191b1c39cb78b0e0882759d43add40da19a,0x92dedef59251bd701a4691524eb2f350f5cc93b5,0x23dbf11ddc9a9aa56a673e67e302b86e3d25a97f,0x19f9b366d1b82d071ed9f65a01d35baa3f485cf4,4620000000000000000000000,Wizard Shiba 🧙‍♂️🦮,🧙‍♂️WIZ🧙‍♂️,18,80,171524,22000000000,131347,6166174,deprecated,0xfb3bdb41,"swapETHForExactTokens(uint256 amountOut, address[] path, address to, uint256 deadline)",12431859
12629811,1623636215,0xa25907b5b42a31f3aa05f6a10eaa8e4485b4d876c89def5ce7171a499f5edccc,154,0x168a0e91b6c4fb09e73b8b37bb5dd191b1c39cb78b0e0882759d43add40da19a,0x92dedef59251bd701a4691524eb2f350f5cc93b5,0x23dbf11ddc9a9aa56a673e67e302b86e3d25a97f,0xf8905baf83728e2e7a53bfc1dae345212fa315a1,3990000000000000000000000,Wizard Shiba 🧙‍♂️🦮,🧙‍♂️WIZ🧙‍♂️,18,85,171524,22000000000,120931,6575780,deprecated,0xfb3bdb41,"swapETHForExactTokens(uint256 amountOut, address[] path, address to, uint256 deadline)",12431859
12629811,1623636215,0x44e61451eeddb4cc505a546a30a884e4b71d7d846239ce83ba5e96cff036557a,155,0x168a0e91b6c4fb09e73b8b37bb5dd191b1c39cb78b0e0882759d43add40da19a,0x92dedef59251bd701a4691524eb2f350f5cc93b5,0x23dbf11ddc9a9aa56a673e67e302b86e3d25a97f,0xe356fe28b7b6b015a3b2bb4419dbdf2777d7420b,2670000000000000000000000,Wizard Shiba 🧙‍♂️🦮,🧙‍♂️WIZ🧙‍♂️,18,86,152714,31000000000,103831,6679611,deprecated,0xfb3bdb41,"swapETHForExactTokens(uint256 amountOut, address[] path, address to, uint256 deadline)",12431859
12629811,1623636215,0xf7cb1a768e0377a278bab2e6ecb8e875591dc265f60462d38b5fe6f8d0d8a8ad,156,0x168a0e91b6c4fb09e73b8b37bb5dd191b1c39cb78b0e0882759d43add40da19a,0x92dedef59251bd701a4691524eb2f350f5cc93b5,0x23dbf11ddc9a9aa56a673e67e302b86e3d25a97f,0x02500fc3935a62eaa818fcaae1c741a1e7867b86,4550000000000000000000000,Wizard Shiba 🧙‍♂️🦮,🧙‍♂️WIZ🧙‍♂️,18,87,152714,27000000000,103831,6783442,deprecated,0xfb3bdb41,"swapETHForExactTokens(uint256 amountOut, address[] path, address to, uint256 deadline)",12431859
12629811,1623636215,0x8799d60fee937510e03d7d1a46240ce6476e120bae420f84070c2d26f53912ea,157,0x168a0e91b6c4fb09e73b8b37bb5dd191b1c39cb78b0e0882759d43add40da19a,0x92dedef59251bd701a4691524eb2f350f5cc93b5,0x23dbf11ddc9a9aa56a673e67e302b86e3d25a97f,0xc5179801dadecdf23c9ce46c7eba407069466c5b,1950000000000000000000000,Wizard Shiba 🧙‍♂️🦮,🧙‍♂️WIZ🧙‍♂️,18,95,171524,22000000000,120931,7529788,deprecated,0xfb3bdb41,"swapETHForExactTokens(uint256 amountOut, address[] path, address to, uint256 deadline)",12431859
12629813,1623636242,0x171d8c825166c13c2df27688632341dc2a14b43a994d901e2cb7399703bf9db7,158,0xdda48a36c2afdea706cbfd2dd51a3b3e3f8f933074a7c351e0682f4ca6012307,0x92dedef59251bd701a4691524eb2f350f5cc93b5,0x23dbf11ddc9a9aa56a673e67e302b86e3d25a97f,0x516e294c526ba1e0f7c9a986446ef8664a94d326,3250000000000000000000000,Wizard Shiba 🧙‍♂️🦮,🧙‍♂️WIZ🧙‍♂️,18,35,160066,26000000000,131347,2397013,deprecated,0xfb3bdb41,"swapETHForExactTokens(uint256 amountOut, address[] path, address to, uint256 deadline)",12431857
12629814,1623636269,0x1277da4a4254db9c54317a86d97075f63ba9d3b7c324790db7b880570dfba917,1691,0xf645ae439c12c32bf9efb9a1482e002ed29f1fa4fcd94668b2493c860bbab301,0x92dedef59251bd701a4691524eb2f350f5cc93b5,0x23dbf11ddc9a9aa56a673e67e302b86e3d25a97f,0xc7b333dd05577c5242d2cb7535dd413e534dd327,1943939913741937281161886,Wizard Shiba 🧙‍♂️🦮,🧙‍♂️WIZ🧙‍♂️,18,35,179437,35000000000,123968,2406048,deprecated,0x7ff36ab5,"swapExactETHForTokens(uint256 amountOutMin, address[] path, address to, uint256 deadline)",12431856
12629814,1623636269,0xd798f462149ba2cb55261e2639fc426b04ecd718116ae7dc8ddd74ce1a13988d,1696,0xf645ae439c12c32bf9efb9a1482e002ed29f1fa4fcd94668b2493c860bbab301,0x92dedef59251bd701a4691524eb2f350f5cc93b5,0x23dbf11ddc9a9aa56a673e67e302b86e3d25a97f,0x6db0924bc39878f43ef60ad38d392668eb878b95,2280118646043491052120095,Wizard Shiba 🧙‍♂️🦮,🧙‍♂️WIZ🧙‍♂️,18,54,220647,30000000000,186061,3231555,deprecated,0x38ed1739,"swapExactTokensForTokens(uint256 amountIn, uint256 amountOutMin, address[] path, address to, uint256 deadline)",12431856
12629815,1623636299,0x1aa6d74e3577d70b5bfef5f73239291d84e635c8d8b8da544b9b2e54ab5d2a60,159,0xb7cb848ea8866d1411e017bceb5209f73b8b7c8a6c43a8083f507d48b0543492,0x92dedef59251bd701a4691524eb2f350f5cc93b5,0x23dbf11ddc9a9aa56a673e67e302b86e3d25a97f,0x5cf3e2e6bb325e6b4b5bff2e71b1c4d1ea4fd0a4,6150000000000000000000000,Wizard Shiba 🧙‍♂️🦮,🧙‍♂️WIZ🧙‍♂️,18,49,171524,27000000000,131347,2081164,deprecated,0xfb3bdb41,"swapETHForExactTokens(uint256 amountOut, address[] path, address to, uint256 deadline)",12431855
12629815,1623636299,0x726e1d824be77e5d3a4443e0548a16e2e9965994044bdf743cab8a924cabf56e,160,0xb7cb848ea8866d1411e017bceb5209f73b8b7c8a6c43a8083f507d48b0543492,0x92dedef59251bd701a4691524eb2f350f5cc93b5,0x23dbf11ddc9a9aa56a673e67e302b86e3d25a97f,0x050694fdb59eda56439963b1beb2d664e106f9bf,3840000000000000000000000,Wizard Shiba 🧙‍♂️🦮,🧙‍♂️WIZ🧙‍♂️,18,276,171510,22000000000,120919,9593118,deprecated,0xfb3bdb41,"swapETHForExactTokens(uint256 amountOut, address[] path, address to, uint256 deadline)",12431855
12629815,1623636299,0x86d1e68af50788535dc339b36f831a45e94c464c4f9295f04beaa1830b2aa5ac,161,0xb7cb848ea8866d1411e017bceb5209f73b8b7c8a6c43a8083f507d48b0543492,0x92dedef59251bd701a4691524eb2f350f5cc93b5,0x23dbf11ddc9a9aa56a673e67e302b86e3d25a97f,0xabdf37688c157eb38eb0918c6880e2bca8e3e96d,2570000000000000000000000,Wizard Shiba 🧙‍♂️🦮,🧙‍♂️WIZ🧙‍♂️,18,277,171524,22000000000,120931,9714049,deprecated,0xfb3bdb41,"swapETHForExactTokens(uint256 amountOut, address[] path, address to, uint256 deadline)",12431855
12629815,1623636299,0x7bfecf2c8808d46cabbf6b2ca31baaf9b5e8d294e5c0534adcd10f875d5601f9,162,0xb7cb848ea8866d1411e017bceb5209f73b8b7c8a6c43a8083f507d48b0543492,0x92dedef59251bd701a4691524eb2f350f5cc93b5,0x23dbf11ddc9a9aa56a673e67e302b86e3d25a97f,0xa6d658c47dff16b93cf91a27237428688fe86208,2790000000000000000000000,Wizard Shiba 🧙‍♂️🦮,🧙‍♂️WIZ🧙‍♂️,18,278,160066,22000000000,120931,9834980,deprecated,0xfb3bdb41,"swapETHForExactTokens(uint256 amountOut, address[] path, address to, uint256 deadline)",12431855
12629817,1623636348,0x34614de77838e6381b8af0530184bce243c8ed440162e4b528619dfff2f89440,163,0x3775adfc0c795701e34ce13d54adbe14b818a2dea97a3b9012a161eb711ee915,0x92dedef59251bd701a4691524eb2f350f5cc93b5,0x23dbf11ddc9a9aa56a673e67e302b86e3d25a97f,0x0c5d494889ab10589adafe8f2023739a57bbf320,2960000000000000000000000,Wizard Shiba 🧙‍♂️🦮,🧙‍♂️WIZ🧙‍♂️,18,72,160053,21000000000,131335,4602526,deprecated,0xfb3bdb41,"swapETHForExactTokens(uint256 amountOut, address[] path, address to, uint256 deadline)",12431853
12629817,1623636348,0x310b9143e5b86648623b9c14bf83ea5d36fc20104c9d2967e4a3cbca967e1ee8,164,0x3775adfc0c795701e34ce13d54adbe14b818a2dea97a3b9012a161eb711ee915,0x92dedef59251bd701a4691524eb2f350f5cc93b5,0x23dbf11ddc9a9aa56a673e67e302b86e3d25a97f,0x3ddd02178297e2f55d5cd3f503586bf6165a2d7b,3410000000000000000000000,Wizard Shiba 🧙‍♂️🦮,🧙‍♂️WIZ🧙‍♂️,18,73,160066,21000000000,120931,4723457,deprecated,0xfb3bdb41,"swapETHForExactTokens(uint256 amountOut, address[] path, address to, uint256 deadline)",12431853
12629817,1623636348,0xa34757485830d3e990b8df4aeaa2eef482a2ad33211126c0e034ea72faec6b98,165,0x3775adfc0c795701e34ce13d54adbe14b818a2dea97a3b9012a161eb711ee915,0x92dedef59251bd701a4691524eb2f350f5cc93b5,0x23dbf11ddc9a9aa56a673e67e302b86e3d25a97f,0xf78f1ee8413aa6b77ee2c516f7680846c5828a6a,2880000000000000000000000,Wizard Shiba 🧙‍♂️🦮,🧙‍♂️WIZ🧙‍♂️,18,74,160053,21000000000,120919,4844376,deprecated,0xfb3bdb41,"swapETHForExactTokens(uint256 amountOut, address[] path, address to, uint256 deadline)",12431853
12629817,1623636348,0x1fabfdb08a6f5a79ee16bc285d7fda7278f21b30587a8a808cf07bd305d2d887,166,0x3775adfc0c795701e34ce13d54adbe14b818a2dea97a3b9012a161eb711ee915,0x92dedef59251bd701a4691524eb2f350f5cc93b5,0x23dbf11ddc9a9aa56a673e67e302b86e3d25a97f,0x27dab182116ee0cc095da84de58bafaa0862650d,3410000000000000000000000,Wizard Shiba 🧙‍♂️🦮,🧙‍♂️WIZ🧙‍♂️,18,75,160066,21000000000,120931,4965307,deprecated,0xfb3bdb41,"swapETHForExactTokens(uint256 amountOut, address[] path, address to, uint256 deadline)",12431853
12629817,1623636348,0x6d879c340d7282c0351270a94ac1c0905909edeb752a6a7a4a878bb0e5bba493,167,0x3775adfc0c795701e34ce13d54adbe14b818a2dea97a3b9012a161eb711ee915,0x92dedef59251bd701a4691524eb2f350f5cc93b5,0x23dbf11ddc9a9aa56a673e67e302b86e3d25a97f,0xead65f5b9d99f2ddddb2b65e4a80a0e632155230,2932000000000000000000000,Wizard Shiba 🧙‍♂️🦮,🧙‍♂️WIZ🧙‍♂️,18,76,160066,24000000000,120931,5086238,deprecated,0xfb3bdb41,"swapETHForExactTokens(uint256 amountOut, address[] path, address to, uint256 deadline)",12431853
12629817,1623636348,0xa23c2fc470440c835826de48394d9e2cde079ee150f7e53a283f8600439ea093,168,0x3775adfc0c795701e34ce13d54adbe14b818a2dea97a3b9012a161eb711ee915,0x92dedef59251bd701a4691524eb2f350f5cc93b5,0x23dbf11ddc9a9aa56a673e67e302b86e3d25a97f,0x70f5a6ebc69087996ce5eb94b799e15994beae10,1231000000000000000000000,Wizard Shiba 🧙‍♂️🦮,🧙‍♂️WIZ🧙‍♂️,18,101,171524,19000000000,120931,7045207,deprecated,0xfb3bdb41,"swapETHForExactTokens(uint256 amountOut, address[] path, address to, uint256 deadline)",12431853
12629819,1623636375,0x9d7e0b2f6aed5dbc2956c45c8201fbd850ffa8898b150b078319b7a65b4e4d5a,169,0x885d070d7d301ec8cbf6c9cafe627b734ff6bbcccab9bc7620c3c6a53e074f45,0x92dedef59251bd701a4691524eb2f350f5cc93b5,0x23dbf11ddc9a9aa56a673e67e302b86e3d25a97f,0xe02c6335784789bd6fe898bf111f3c903d67635d,1415000000000000000000000,Wizard Shiba 🧙‍♂️🦮,🧙‍♂️WIZ🧙‍♂️,18,51,171524,19000000000,131347,4170764,deprecated,0xfb3bdb41,"swapETHForExactTokens(uint256 amountOut, address[] path, address to, uint256 deadline)",12431851
12629819,1623636375,0x3f7f99e9dea0539e9239c563d9801831bf1a5d97a9baec4031fcededa004b2d6,170,0x885d070d7d301ec8cbf6c9cafe627b734ff6bbcccab9bc7620c3c6a53e074f45,0x92dedef59251bd701a4691524eb2f350f5cc93b5,0x23dbf11ddc9a9aa56a673e67e302b86e3d25a97f,0x513c433ead4c438f0d848b94666dcc03567e5b46,1680000000000000000000000,Wizard Shiba 🧙‍♂️🦮,🧙‍♂️WIZ🧙‍♂️,18,55,171510,19000000000,120919,4408100,deprecated,0xfb3bdb41,"swapETHForExactTokens(uint256 amountOut, address[] path, address to, uint256 deadline)",12431851
12629820,1623636390,0x61aaabc95975fb1f1b4af425e195a0d4ba2330ce418c3ffdea51eea4d211a7d6,171,0x65c9ac1223b2b59941038155330f1a7b29364af299f48b3801940240b918b068,0x92dedef59251bd701a4691524eb2f350f5cc93b5,0x23dbf11ddc9a9aa56a673e67e302b86e3d25a97f,0x094bbf656c07e1723ed56f2dd56b6f65769045f6,2420000000000000000000000,Wizard Shiba 🧙‍♂️🦮,🧙‍♂️WIZ🧙‍♂️,18,68,160053,19000000000,131335,4686491,deprecated,0xfb3bdb41,"swapETHForExactTokens(uint256 amountOut, address[] path, address to, uint256 deadline)",12431850
12629820,1623636390,0x6c5248a3f52de260f64f45bc9d4157245b31b9fc45d026b4141632189de78091,172,0x65c9ac1223b2b59941038155330f1a7b29364af299f48b3801940240b918b068,0x92dedef59251bd701a4691524eb2f350f5cc93b5,0x23dbf11ddc9a9aa56a673e67e302b86e3d25a97f,0x15d865f7f6a8e506140a496d4eca0bc613bf062b,3410000000000000000000000,Wizard Shiba 🧙‍♂️🦮,🧙‍♂️WIZ🧙‍♂️,18,74,160066,19000000000,120931,5384586,deprecated,0xfb3bdb41,"swapETHForExactTokens(uint256 amountOut, address[] path, address to, uint256 deadline)",12431850
12629822,1623636413,0x19af0d4a05fd3a0bba86bfbe415929e017da064fab7d4d42586362d3b10f39f8,173,0x3df0ec52b5e1d8b9e0140edcba047162718901761714fdbcb31089f5f7c9f6ad,0x92dedef59251bd701a4691524eb2f350f5cc93b5,0x23dbf11ddc9a9aa56a673e67e302b86e3d25a97f,0xd71e6774302885377e5c7503995065cdd12e93d1,1880000000000000000000000,Wizard Shiba 🧙‍♂️🦮,🧙‍♂️WIZ🧙‍♂️,18,31,160053,19000000000,131335,2692208,deprecated,0xfb3bdb41,"swapETHForExactTokens(uint256 amountOut, address[] path, address to, uint256 deadline)",12431848
12629823,1623636428,0x9b36d9a11f0a3e6a7fe8f53790b79f829bc17480c79990f99b1b1b3155e510cf,174,0x3f557c01704237733b221bc4dfd2a568960e925d0fd5bf87a6561958f7aee39c,0x92dedef59251bd701a4691524eb2f350f5cc93b5,0x23dbf11ddc9a9aa56a673e67e302b86e3d25a97f,0xd6a91be8d038d55335756a1cf3924b8825e968d2,2610000000000000000000000,Wizard Shiba 🧙‍♂️🦮,🧙‍♂️WIZ🧙‍♂️,18,55,171524,19000000000,131347,4421878,deprecated,0xfb3bdb41,"swapETHForExactTokens(uint256 amountOut, address[] path, address to, uint256 deadline)",12431847
12629824,1623636439,0x33a9905b6f369c9c322eeaad001748ba596fb8e5684d06125a0099718a833a2c,175,0x39c10767f8a9364b0b2955f34907588cbc3d4f4bfd31e20b9237472b7559b640,0x92dedef59251bd701a4691524eb2f350f5cc93b5,0x23dbf11ddc9a9aa56a673e67e302b86e3d25a97f,0x8861adac3da81e3e4645813e78e6983f3e6000c4,1960000000000000000000000,Wizard Shiba 🧙‍♂️🦮,🧙‍♂️WIZ🧙‍♂️,18,6,160040,22000000000,131323,572901,deprecated,0xfb3bdb41,"swapETHForExactTokens(uint256 amountOut, address[] path, address to, uint256 deadline)",12431846
12629844,1623636679,0xbe90abab7ff359f889aaae2cd70c6eb9e8ff50658dbec4203d4092c3776b62f1,176,0x5f4f58b01b997dc008cc0942628d63b67e021ff91080ffdd3967c74bec392cdb,0x92dedef59251bd701a4691524eb2f350f5cc93b5,0x23dbf11ddc9a9aa56a673e67e302b86e3d25a97f,0x58c8ff99c94007674c19ced6c69aa202386fdcc6,1000000000000000000000000,Wizard Shiba 🧙‍♂️🦮,🧙‍♂️WIZ🧙‍♂️,18,5,171497,17000000000,131323,633408,deprecated,0xfb3bdb41,"swapETHForExactTokens(uint256 amountOut, address[] path, address to, uint256 deadline)",12431826
12629845,1623636685,0x36360835fc3c600ea6391d04c6d3a05718799c7060b199dc28ff577635707bd7,177,0x7865c80320ad1aa355b8a1d0395dc2efd398b3961d6b04bded6af052a32ca6fa,0x92dedef59251bd701a4691524eb2f350f5cc93b5,0x23dbf11ddc9a9aa56a673e67e302b86e3d25a97f,0x562680a4dc50ed2f14d75bf31f494cfe0b8d10a1,800000000000000000000000,Wizard Shiba 🧙‍♂️🦮,🧙‍♂️WIZ🧙‍♂️,18,65,152687,17000000000,114223,4714116,deprecated,0xfb3bdb41,"swapETHForExactTokens(uint256 amountOut, address[] path, address to, uint256 deadline)",12431825
12629847,1623636717,0x0caf06d1868d64c5bb1a29cb181c8df7a68e488a700e972a193b5df5fbe0c578,178,0x45c4ecd0847749d5533fe12a7c08eb85308a031bf71649553e8e21dcc6d8f7d8,0x92dedef59251bd701a4691524eb2f350f5cc93b5,0x23dbf11ddc9a9aa56a673e67e302b86e3d25a97f,0x2dc475d5e8d64dd76a97af905fe3d1eb947d5c8f,937000000000000000000000,Wizard Shiba 🧙‍♂️🦮,🧙‍♂️WIZ🧙‍♂️,18,157,171510,17000000000,131335,10781778,deprecated,0xfb3bdb41,"swapETHForExactTokens(uint256 amountOut, address[] path, address to, uint256 deadline)",12431823
12629847,1623636717,0x21b89deafe048ed68a2744d584aab8f409301a2e736ee4049e6365144b047962,179,0x45c4ecd0847749d5533fe12a7c08eb85308a031bf71649553e8e21dcc6d8f7d8,0x92dedef59251bd701a4691524eb2f350f5cc93b5,0x23dbf11ddc9a9aa56a673e67e302b86e3d25a97f,0xfa8a0a8640dabf44aa66a79d85d9e3053a1a3e20,887000000000000000000000,Wizard Shiba 🧙‍♂️🦮,🧙‍♂️WIZ🧙‍♂️,18,168,171510,17000000000,120919,11386169,deprecated,0xfb3bdb41,"swapETHForExactTokens(uint256 amountOut, address[] path, address to, uint256 deadline)",12431823
12629848,1623636752,0xdbbb6a357590ac17282f69adf554de2665595e86126d7d916e47f218440c7854,180,0xd58c434d8e1b59468b92e22b4ff2b6a7b41c693e387f80396eba50e7210f6588,0x92dedef59251bd701a4691524eb2f350f5cc93b5,0x23dbf11ddc9a9aa56a673e67e302b86e3d25a97f,0x91abf88deebeb183793c1fe3348e6a788f903312,893000000000000000000000,Wizard Shiba 🧙‍♂️🦮,🧙‍♂️WIZ🧙‍♂️,18,50,160053,17000000000,131335,4301443,deprecated,0xfb3bdb41,"swapETHForExactTokens(uint256 amountOut, address[] path, address to, uint256 deadline)",12431822
12629848,1623636752,0x2f986e157e899a779e0061228dc17ca77a1e4ff3bf7e3f02d93e5e42f7ad2aba,181,0xd58c434d8e1b59468b92e22b4ff2b6a7b41c693e387f80396eba50e7210f6588,0x92dedef59251bd701a4691524eb2f350f5cc93b5,0x23dbf11ddc9a9aa56a673e67e302b86e3d25a97f,0xc24987b972140e390009f50aafb439e163429bc6,980000000000000000000000,Wizard Shiba 🧙‍♂️🦮,🧙‍♂️WIZ🧙‍♂️,18,55,160040,17000000000,120907,4594208,deprecated,0xfb3bdb41,"swapETHForExactTokens(uint256 amountOut, address[] path, address to, uint256 deadline)",12431822
12629851,1623636823,0x188d7808225fdc0dc8ae6d4bc522da855c448d6297139f9add7f5f4800edcf6c,182,0x64f34fcb5410cf544476af62f2ca102b339779833ad07f7e0529dbd29b92a96c,0x92dedef59251bd701a4691524eb2f350f5cc93b5,0x23dbf11ddc9a9aa56a673e67e302b86e3d25a97f,0x6cc8dcbca746a6e4fdefb98e1d0df903b107fd21,768000000000000000000000,Wizard Shiba 🧙‍♂️🦮,🧙‍♂️WIZ🧙‍♂️,18,96,160040,17000000000,131323,6120857,deprecated,0xfb3bdb41,"swapETHForExactTokens(uint256 amountOut, address[] path, address to, uint256 deadline)",12431819
12629851,1623636823,0xb96d2590f46d8091a48c7213b7c9a23d43fb562731bfc485ed7114ca5e431d0b,183,0x64f34fcb5410cf544476af62f2ca102b339779833ad07f7e0529dbd29b92a96c,0x92dedef59251bd701a4691524eb2f350f5cc93b5,0x23dbf11ddc9a9aa56a673e67e302b86e3d25a97f,0x802c14d22792ba156ad5e979c7307ee6c4ab2aa7,874000000000000000000000,Wizard Shiba 🧙‍♂️🦮,🧙‍♂️WIZ🧙‍♂️,18,104,171510,17000000000,120919,6757321,deprecated,0xfb3bdb41,"swapETHForExactTokens(uint256 amountOut, address[] path, address to, uint256 deadline)",12431819
12629851,1623636823,0x01021c2f7ea561ad077e15c16a45eee9c4d1438e0b9cf831b9dc5559d9e729de,184,0x64f34fcb5410cf544476af62f2ca102b339779833ad07f7e0529dbd29b92a96c,0x92dedef59251bd701a4691524eb2f350f5cc93b5,0x23dbf11ddc9a9aa56a673e67e302b86e3d25a97f,0x3ff8e05ee0de3e9ded73069644b9daeeba01549f,933000000000000000000000,Wizard Shiba 🧙‍♂️🦮,🧙‍♂️WIZ🧙‍♂️,18,111,171510,17000000000,120919,7209970,deprecated,0xfb3bdb41,"swapETHForExactTokens(uint256 amountOut, address[] path, address to, uint256 deadline)",12431819
12629851,1623636823,0x68eaccb3d408e80258f8d18d660d10723927ca95ea29ea147f8e5872ffbca68a,185,0x64f34fcb5410cf544476af62f2ca102b339779833ad07f7e0529dbd29b92a96c,0x92dedef59251bd701a4691524eb2f350f5cc93b5,0x23dbf11ddc9a9aa56a673e67e302b86e3d25a97f,0xf12b09deb8897f4f0e7772cb927914404265c088,961000000000000000000000,Wizard Shiba 🧙‍♂️🦮,🧙‍♂️WIZ🧙‍♂️,18,126,171510,17000000000,120919,7937921,deprecated,0xfb3bdb41,"swapETHForExactTokens(uint256 amountOut, address[] path, address to, uint256 deadline)",12431819
12629851,1623636823,0xe15d7554e76f3063cd8491f1c590417a273ebc4437f5dde3e421991c6c0ca399,186,0x64f34fcb5410cf544476af62f2ca102b339779833ad07f7e0529dbd29b92a96c,0x92dedef59251bd701a4691524eb2f350f5cc93b5,0x23dbf11ddc9a9aa56a673e67e302b86e3d25a97f,0x390f56d797d2c08da8ba9dc4baea0116e5cb34d0,895000000000000000000000,Wizard Shiba 🧙‍♂️🦮,🧙‍♂️WIZ🧙‍♂️,18,145,171510,17000000000,120919,9077330,deprecated,0xfb3bdb41,"swapETHForExactTokens(uint256 amountOut, address[] path, address to, uint256 deadline)",12431819
12629851,1623636823,0xa1c56e01771b2702a00162f86b54ef663864181afa268c423f4b3bfe152e6e8a,187,0x64f34fcb5410cf544476af62f2ca102b339779833ad07f7e0529dbd29b92a96c,0x92dedef59251bd701a4691524eb2f350f5cc93b5,0x23dbf11ddc9a9aa56a673e67e302b86e3d25a97f,0xac38d6bb41e834841439d62c8a24c8ab6456fee6,799000000000000000000000,Wizard Shiba 🧙‍♂️🦮,🧙‍♂️WIZ🧙‍♂️,18,154,171510,17000000000,120919,10028351,deprecated,0xfb3bdb41,"swapETHForExactTokens(uint256 amountOut, address[] path, address to, uint256 deadline)",12431819
12629853,1623636832,0x8aaad51131020b63f40550e57b98ee3b7ddc17d2f1b42c5122707b29ef225ece,188,0x68c94be690d34c94580298d53cc1ff78b10d8d8cfa248b6c8e31874c787fb052,0x92dedef59251bd701a4691524eb2f350f5cc93b5,0x23dbf11ddc9a9aa56a673e67e302b86e3d25a97f,0x0bdd8849a197e5702dc8cca3cbf94615963d224e,907000000000000000000000,Wizard Shiba 🧙‍♂️🦮,🧙‍♂️WIZ🧙‍♂️,18,347,171510,18000000000,131335,7806508,deprecated,0xfb3bdb41,"swapETHForExactTokens(uint256 amountOut, address[] path, address to, uint256 deadline)",12431817
12629855,1623636843,0x977595091273f7b420348609f8ac9b71589726c6d7853f6ec70c8f74bca68c8d,189,0x3cd832f556516c35b4bd494af7012da777acd8251bdf9663de0d5443e7fbc7cd,0x92dedef59251bd701a4691524eb2f350f5cc93b5,0x23dbf11ddc9a9aa56a673e67e302b86e3d25a97f,0x53d7a43830e57f52ebe6c69e77863451258ed381,917000000000000000000000,Wizard Shiba 🧙‍♂️🦮,🧙‍♂️WIZ🧙‍♂️,18,145,171510,18000000000,131335,6855347,deprecated,0xfb3bdb41,"swapETHForExactTokens(uint256 amountOut, address[] path, address to, uint256 deadline)",12431815
12629855,1623636843,0xd692ff3ecd3df5daa5fe21ecade6e534c9a3868818102b3f4d9cef7ea7bcdd8b,190,0x3cd832f556516c35b4bd494af7012da777acd8251bdf9663de0d5443e7fbc7cd,0x92dedef59251bd701a4691524eb2f350f5cc93b5,0x23dbf11ddc9a9aa56a673e67e302b86e3d25a97f,0x38cbb8cef3088de2b7f9fbc932a600e823991097,385000000000000000000000,Wizard Shiba 🧙‍♂️🦮,🧙‍♂️WIZ🧙‍♂️,18,149,171497,18000000000,120907,7049363,deprecated,0xfb3bdb41,"swapETHForExactTokens(uint256 amountOut, address[] path, address to, uint256 deadline)",12431815
12629858,1623636886,0x7a3700b282ba9346ec46a5f1097b7c53572c2681c23ad00856b4302d1c6c0bb3,191,0xde059002dca4f94b38473a7b6490f928bf2a3a893661a29f816923c70bcdc96e,0x92dedef59251bd701a4691524eb2f350f5cc93b5,0x23dbf11ddc9a9aa56a673e67e302b86e3d25a97f,0x495e8f0d5da404d43784ec0d9469da24b3231662,877000000000000000000000,Wizard Shiba 🧙‍♂️🦮,🧙‍♂️WIZ🧙‍♂️,18,61,171510,18000000000,131335,4707352,deprecated,0xfb3bdb41,"swapETHForExactTokens(uint256 amountOut, address[] path, address to, uint256 deadline)",12431812
12629858,1623636886,0x78a3098a74c159ead4c49797479311a0a7ca97156fb030e8d235e80a46be8667,192,0xde059002dca4f94b38473a7b6490f928bf2a3a893661a29f816923c70bcdc96e,0x92dedef59251bd701a4691524eb2f350f5cc93b5,0x23dbf11ddc9a9aa56a673e67e302b86e3d25a97f,0x8b3042b0bb1d3ca4cb0857df46f26f79c6f6948e,693000000000000000000000,Wizard Shiba 🧙‍♂️🦮,🧙‍♂️WIZ🧙‍♂️,18,62,171510,18000000000,120919,4828271,deprecated,0xfb3bdb41,"swapETHForExactTokens(uint256 amountOut, address[] path, address to, uint256 deadline)",12431812
12629858,1623636886,0x48ec7303925f6ddf77fa9fca1504449e9f02dc58feb11c80cc69168fecf502b7,193,0xde059002dca4f94b38473a7b6490f928bf2a3a893661a29f816923c70bcdc96e,0x92dedef59251bd701a4691524eb2f350f5cc93b5,0x23dbf11ddc9a9aa56a673e67e302b86e3d25a97f,0x3815f89682c7f42fa8a5b1bc5ec8d1c953300c96,766000000000000000000000,Wizard Shiba 🧙‍♂️🦮,🧙‍♂️WIZ🧙‍♂️,18,63,171510,18000000000,120919,4949190,deprecated,0xfb3bdb41,"swapETHForExactTokens(uint256 amountOut, address[] path, address to, uint256 deadline)",12431812
12629859,1623636903,0x8d9bb41690046b5c513aba1f71fb671e95ec2a454dfe7df14d41e8aa3f028fef,194,0xf0f5e12441f8ae202adb35efa9ca29e8aa0e3488545d0757dab0a4174c3e643f,0x92dedef59251bd701a4691524eb2f350f5cc93b5,0x23dbf11ddc9a9aa56a673e67e302b86e3d25a97f,0x136687953025404e1226864d41eee79e8df1a48b,589000000000000000000000,Wizard Shiba 🧙‍♂️🦮,🧙‍♂️WIZ🧙‍♂️,18,240,160053,18000000000,131335,13113297,deprecated,0xfb3bdb41,"swapETHForExactTokens(uint256 amountOut, address[] path, address to, uint256 deadline)",12431811
12629860,1623636933,0x7b0b0716c34a6bf1e918d8c5a67506e0a5c284dd515b423ddfb2700b6c50b0ae,195,0x60bc1b8b0cb3b998e24768c72d8a091b3a05dffcd9a9c3257c18f53d316b2b75,0x92dedef59251bd701a4691524eb2f350f5cc93b5,0x23dbf11ddc9a9aa56a673e67e302b86e3d25a97f,0xd9b2a347d91186e5fec92a88ee3e3b4581bf8f11,895000000000000000000000,Wizard Shiba 🧙‍♂️🦮,🧙‍♂️WIZ🧙‍♂️,18,74,171510,18000000000,131335,4817082,deprecated,0xfb3bdb41,"swapETHForExactTokens(uint256 amountOut, address[] path, address to, uint256 deadline)",12431810
12629863,1623636964,0x9f64f46ba14f7ad894369b80d3aa175d5ce7476881a1d231036c570d9713ba72,834,0x6dfc64428757a1cf0e7b3e2b34c26a04e71fdc626f9f6349093e9bdac54074bd,0x92dedef59251bd701a4691524eb2f350f5cc93b5,0x23dbf11ddc9a9aa56a673e67e302b86e3d25a97f,0x3c9f50c9d4be35c734290b95f563d4dd621e240c,493844483123718412283461,Wizard Shiba 🧙‍♂️🦮,🧙‍♂️WIZ🧙‍♂️,18,166,179422,19000000000,123956,10356753,deprecated,0x7ff36ab5,"swapExactETHForTokens(uint256 amountOutMin, address[] path, address to, uint256 deadline)",12431807
12629863,1623636964,0x92d4aa8ac0eabd5590460eef020fc2991ce4e13ab4eec4b70a19ffc9e794f982,196,0x6dfc64428757a1cf0e7b3e2b34c26a04e71fdc626f9f6349093e9bdac54074bd,0x92dedef59251bd701a4691524eb2f350f5cc93b5,0x23dbf11ddc9a9aa56a673e67e302b86e3d25a97f,0xdead000000000000000042069420694206942069,795000000000000000000000,Wizard Shiba 🧙‍♂️🦮,🧙‍♂️WIZ🧙‍♂️,18,176,171405,19000000000,120823,10871777,deprecated,0xfb3bdb41,"swapETHForExactTokens(uint256 amountOut, address[] path, address to, uint256 deadline)",12431807
12629865,1623637032,0x7dd8a88c21ee0193671757bdd2687eb632d71b2125d1134e97f68450db76298c,197,0x66720dbd199c8be100b5d45e558752d215c34f826c850f22b3d90ca61b13dcd6,0x92dedef59251bd701a4691524eb2f350f5cc93b5,0x23dbf11ddc9a9aa56a673e67e302b86e3d25a97f,0x1406899696adb2fa7a95ea68e80d4f9c82fcdedd,895000000000000000000000,Wizard Shiba 🧙‍♂️🦮,🧙‍♂️WIZ🧙‍♂️,18,91,160053,19000000000,131335,6407428,deprecated,0xfb3bdb41,"swapETHForExactTokens(uint256 amountOut, address[] path, address to, uint256 deadline)",12431805
12629865,1623637032,0xde14fa8208519474279c811d29e66a52ab56c11e72abf4d1daf27d1c428af1be,198,0x66720dbd199c8be100b5d45e558752d215c34f826c850f22b3d90ca61b13dcd6,0x92dedef59251bd701a4691524eb2f350f5cc93b5,0x23dbf11ddc9a9aa56a673e67e302b86e3d25a97f,0x2d7af085f2256f114c8a9f540969f0e0ab1c2e5e,998000000000000000000000,Wizard Shiba 🧙‍♂️🦮,🧙‍♂️WIZ🧙‍♂️,18,93,171510,19000000000,120919,6713424,deprecated,0xfb3bdb41,"swapETHForExactTokens(uint256 amountOut, address[] path, address to, uint256 deadline)",12431805
12629865,1623637032,0x68a7881fcd2f13546845c2dd83234825be1cd5d949dc69dd0deb7ec5ada614c2,199,0x66720dbd199c8be100b5d45e558752d215c34f826c850f22b3d90ca61b13dcd6,0x92dedef59251bd701a4691524eb2f350f5cc93b5,0x23dbf11ddc9a9aa56a673e67e302b86e3d25a97f,0x34189c75cbb13bdb4f5953cda6c3045cfca84a9e,795000000000000000000000,Wizard Shiba 🧙‍♂️🦮,🧙‍♂️WIZ🧙‍♂️,18,98,171510,19000000000,120919,7291377,deprecated,0xfb3bdb41,"swapETHForExactTokens(uint256 amountOut, address[] path, address to, uint256 deadline)",12431805
12629866,1623637052,0x1b4560b38587fd573bbf25b1dd14160d99a6f9304db75f76ca02343c39073aff,200,0x243914274454dd31b591d278b852bff02e4d696e8ff73c6dda9f799e1bc8c5d9,0x92dedef59251bd701a4691524eb2f350f5cc93b5,0x23dbf11ddc9a9aa56a673e67e302b86e3d25a97f,0x0e5069514a3dd613350bab01b58fd850058e5ca4,843000000000000000000000,Wizard Shiba 🧙‍♂️🦮,🧙‍♂️WIZ🧙‍♂️,18,44,160053,19000000000,131335,3256756,deprecated,0xfb3bdb41,"swapETHForExactTokens(uint256 amountOut, address[] path, address to, uint256 deadline)",12431804
12629867,1623637063,0x5c4b71a19981486c2f8c68946979cd6e39439b3e9e5ca64f0791641799f128ce,201,0xf55dac59ba11d1da8ca8b164047869f606a20942193bdff48207c06cd71ae4ff,0x92dedef59251bd701a4691524eb2f350f5cc93b5,0x23dbf11ddc9a9aa56a673e67e302b86e3d25a97f,0x72a53cdbbcc1b9efa39c834a540550e23463aacb,694000000000000000000000,Wizard Shiba 🧙‍♂️🦮,🧙‍♂️WIZ🧙‍♂️,18,28,160053,19000000000,131335,2340136,deprecated,0xfb3bdb41,"swapETHForExactTokens(uint256 amountOut, address[] path, address to, uint256 deadline)",12431803
12629868,1623637073,0x9e52a85b3cddc9bfa3d97e4ffab25a5bbf41d86e9b92c1244b783196c1d44ef4,202,0xf44fdfd71061888c3a8443c27676d394acef7f5a025e07b831b77657350f0da9,0x92dedef59251bd701a4691524eb2f350f5cc93b5,0x23dbf11ddc9a9aa56a673e67e302b86e3d25a97f,0x86904e32b0d7a8e1ab4dc4a02bae7ff93e9a2d33,619000000000000000000000,Wizard Shiba 🧙‍♂️🦮,🧙‍♂️WIZ🧙‍♂️,18,40,160053,19000000000,131335,2497709,deprecated,0xfb3bdb41,"swapETHForExactTokens(uint256 amountOut, address[] path, address to, uint256 deadline)",12431802
12629870,1623637086,0x44f6d3ef2abd23b96899c83be474e45c8a90cf9a44be1984d08d0d9503674a8f,203,0xc353e85041c43cbf6ddfb1cdded11f47708f1cd87076395d3e812ad2127ebe06,0x92dedef59251bd701a4691524eb2f350f5cc93b5,0x23dbf11ddc9a9aa56a673e67e302b86e3d25a97f,0x8f00d514ea1cda9c20fa4a5b09c3e1f44e329b45,633000000000000000000000,Wizard Shiba 🧙‍♂️🦮,🧙‍♂️WIZ🧙‍♂️,18,11,160040,19000000000,131323,1526520,deprecated,0xfb3bdb41,"swapETHForExactTokens(uint256 amountOut, address[] path, address to, uint256 deadline)",12431800
12629871,1623637088,0xf7e254339d2ea6f5ce9b29403296d09e5dc3b9972261aab02ddc30809a0c7fba,204,0x3ef139a2ac0beaf74723677084309989f2e1a0763407ff919279e74e8788a6a6,0x92dedef59251bd701a4691524eb2f350f5cc93b5,0x23dbf11ddc9a9aa56a673e67e302b86e3d25a97f,0xef0bbbe9893d5de2f8cc25a8b2139052771546c7,599000000000000000000000,Wizard Shiba 🧙‍♂️🦮,🧙‍♂️WIZ🧙‍♂️,18,32,171510,19000000000,131335,2807085,deprecated,0xfb3bdb41,"swapETHForExactTokens(uint256 amountOut, address[] path, address to, uint256 deadline)",12431799
12629872,1623637101,0x249979afdeb2c0a32eeb3faa88b6b997f2804bd137e94942ae863040112103f5,205,0xf8a7c982a1c89f12040ef3bc5fdf98a1fc156df16069a40cc6841a87798ee376,0x92dedef59251bd701a4691524eb2f350f5cc93b5,0x23dbf11ddc9a9aa56a673e67e302b86e3d25a97f,0x051e6c1579333d52424f955adde7de2561672ded,797000000000000000000000,Wizard Shiba 🧙‍♂️🦮,🧙‍♂️WIZ🧙‍♂️,18,146,160053,18000000000,131335,11475762,deprecated,0xfb3bdb41,"swapETHForExactTokens(uint256 amountOut, address[] path, address to, uint256 deadline)",12431798
12629872,1623637101,0xd9c41e5a750e16f4841828d1c533638539521f9ecb657b584a1d4a20232edb96,206,0xf8a7c982a1c89f12040ef3bc5fdf98a1fc156df16069a40cc6841a87798ee376,0x92dedef59251bd701a4691524eb2f350f5cc93b5,0x23dbf11ddc9a9aa56a673e67e302b86e3d25a97f,0xb3f923eabaf178fc1bd8e13902fc5c61d3ddef5b,693000000000000000000000,Wizard Shiba 🧙‍♂️🦮,🧙‍♂️WIZ🧙‍♂️,18,152,160053,18000000000,120919,11797497,deprecated,0xfb3bdb41,"swapETHForExactTokens(uint256 amountOut, address[] path, address to, uint256 deadline)",12431798
12629872,1623637101,0xebfa723346b874f8c291d66171198aa16ce278fdb40a73f97803ec1f19510a16,207,0xf8a7c982a1c89f12040ef3bc5fdf98a1fc156df16069a40cc6841a87798ee376,0x92dedef59251bd701a4691524eb2f350f5cc93b5,0x23dbf11ddc9a9aa56a673e67e302b86e3d25a97f,0x924cd9b60f4173dcdd5254ddd38c4f9cab68fe6b,388000000000000000000000,Wizard Shiba 🧙‍♂️🦮,🧙‍♂️WIZ🧙‍♂️,18,154,160053,18000000000,120919,11938608,deprecated,0xfb3bdb41,"swapETHForExactTokens(uint256 amountOut, address[] path, address to, uint256 deadline)",12431798
12629873,1623637128,0x9723e9e25d24e8bab7ecbd52fba3df938b2c64c8ec055b1deb3bb7e358a236f7,208,0x943b827c82505215c6e91f81ea7a92ba1e481adb835c66478f88f5a40efad47c,0x92dedef59251bd701a4691524eb2f350f5cc93b5,0x23dbf11ddc9a9aa56a673e67e302b86e3d25a97f,0xd6216fc19db775df9774a6e33526131da7d19a2c,317000000000000000000000,Wizard Shiba 🧙‍♂️🦮,🧙‍♂️WIZ🧙‍♂️,18,117,160053,18000000000,131335,8913377,deprecated,0xfb3bdb41,"swapETHForExactTokens(uint256 amountOut, address[] path, address to, uint256 deadline)",12431797
12629873,1623637128,0x7e778480b92012661a6dd33fe2835e653ad641d47e7b049cc62cddc935617ee0,209,0x943b827c82505215c6e91f81ea7a92ba1e481adb835c66478f88f5a40efad47c,0x92dedef59251bd701a4691524eb2f350f5cc93b5,0x23dbf11ddc9a9aa56a673e67e302b86e3d25a97f,0x3507e4978e0eb83315d20df86ca0b976c0e40ccb,651000000000000000000000,Wizard Shiba 🧙‍♂️🦮,🧙‍♂️WIZ🧙‍♂️,18,119,160053,18000000000,120919,9205775,deprecated,0xfb3bdb41,"swapETHForExactTokens(uint256 amountOut, address[] path, address to, uint256 deadline)",12431797
12629876,1623637189,0xfae22d86fbd24795dddd582626c1f14426e898566c5f3706ce079c0a75051055,210,0xd15ceedb176680c21c23adf74d0bc65b6e4f1723c865b77e150ded78737f70a9,0x92dedef59251bd701a4691524eb2f350f5cc93b5,0x23dbf11ddc9a9aa56a673e67e302b86e3d25a97f,0xe8d8a02601f54acb6fb69537be1f1d7cc76ccd8c,784000000000000000000000,Wizard Shiba 🧙‍♂️🦮,🧙‍♂️WIZ🧙‍♂️,18,39,160040,18000000000,131323,4228559,deprecated,0xfb3bdb41,"swapETHForExactTokens(uint256 amountOut, address[] path, address to, uint256 deadline)",12431794
12629876,1623637189,0x9339f6935b908b297478d5b69248c9eafc2fd4cb90ea514c0485f11993d5e6c1,211,0xd15ceedb176680c21c23adf74d0bc65b6e4f1723c865b77e150ded78737f70a9,0x92dedef59251bd701a4691524eb2f350f5cc93b5,0x23dbf11ddc9a9aa56a673e67e302b86e3d25a97f,0x187e3534f461d7c59a7d6899a983a5305b48f93f,579000000000000000000000,Wizard Shiba 🧙‍♂️🦮,🧙‍♂️WIZ🧙‍♂️,18,40,160053,18000000000,120919,4349478,deprecated,0xfb3bdb41,"swapETHForExactTokens(uint256 amountOut, address[] path, address to, uint256 deadline)",12431794
12629876,1623637189,0x3423ef0f3c85721d43c97ff1c888da90b64ae4db39626e0510098e53801c0f1f,212,0xd15ceedb176680c21c23adf74d0bc65b6e4f1723c865b77e150ded78737f70a9,0x92dedef59251bd701a4691524eb2f350f5cc93b5,0x23dbf11ddc9a9aa56a673e67e302b86e3d25a97f,0x02b4f693253ee09bd2ad79cbb6776434529b12a7,831000000000000000000000,Wizard Shiba 🧙‍♂️🦮,🧙‍♂️WIZ🧙‍♂️,18,42,160053,18000000000,120919,4608751,deprecated,0xfb3bdb41,"swapETHForExactTokens(uint256 amountOut, address[] path, address to, uint256 deadline)",12431794
12629877,1623637193,0x10f881f6869ccc0b9210c70aeecb86d50982b07161178d9d257881fa65aa7d5b,213,0x27b62483a6fe0a9da5958a8a5cd6ea7ee03296cdc64e392d131186e71f736067,0x92dedef59251bd701a4691524eb2f350f5cc93b5,0x23dbf11ddc9a9aa56a673e67e302b86e3d25a97f,0x593065a46a507dc0da5146020efc1476067aab8c,469000000000000000000000,Wizard Shiba 🧙‍♂️🦮,🧙‍♂️WIZ🧙‍♂️,18,12,160053,18000000000,131335,1028587,deprecated,0xfb3bdb41,"swapETHForExactTokens(uint256 amountOut, address[] path, address to, uint256 deadline)",12431793
12629877,1623637193,0xea4dab33dbf8221bfc1e4a3426b51696a533a7c0faba1ec5604b9ddc09b2cfd0,214,0x27b62483a6fe0a9da5958a8a5cd6ea7ee03296cdc64e392d131186e71f736067,0x92dedef59251bd701a4691524eb2f350f5cc93b5,0x23dbf11ddc9a9aa56a673e67e302b86e3d25a97f,0x19184ab45c40c2920b0e0e31413b9434abd243ed,784000000000000000000000,Wizard Shiba 🧙‍♂️🦮,🧙‍♂️WIZ🧙‍♂️,18,14,160040,18000000000,120907,1245745,deprecated,0xfb3bdb41,"swapETHForExactTokens(uint256 amountOut, address[] path, address to, uint256 deadline)",12431793
12629877,1623637193,0x437343b9177a00f82376ed06071073f14180e6b5a2317964fe3888ec0f66e071,215,0x27b62483a6fe0a9da5958a8a5cd6ea7ee03296cdc64e392d131186e71f736067,0x92dedef59251bd701a4691524eb2f350f5cc93b5,0x23dbf11ddc9a9aa56a673e67e302b86e3d25a97f,0xd6bc559a59b24a58a82f274555d152d67f15a7a6,592000000000000000000000,Wizard Shiba 🧙‍♂️🦮,🧙‍♂️WIZ🧙‍♂️,18,15,160040,19000000000,120907,1366652,deprecated,0xfb3bdb41,"swapETHForExactTokens(uint256 amountOut, address[] path, address to, uint256 deadline)",12431793
12629877,1623637193,0x54b3498d0131693e04c696a1a82cb5c77b098bebe591a226d3565f808dbc5837,216,0x27b62483a6fe0a9da5958a8a5cd6ea7ee03296cdc64e392d131186e71f736067,0x92dedef59251bd701a4691524eb2f350f5cc93b5,0x23dbf11ddc9a9aa56a673e67e302b86e3d25a97f,0xd9b2a347d91186e5fec92a88ee3e3b4581bf8f11,489000000000000000000000,Wizard Shiba 🧙‍♂️🦮,🧙‍♂️WIZ🧙‍♂️,18,16,152700,19000000000,103819,1470471,deprecated,0xfb3bdb41,"swapETHForExactTokens(uint256 amountOut, address[] path, address to, uint256 deadline)",12431793
12629879,1623637202,0x6bbe8eba76bf0239a626a72556b3a3b8da0c27ce3ba517b3f3119451af66b413,217,0x4d6db1da33766b69206953598e0727508e34b5de96b06156bdf69ce42cfb051f,0x92dedef59251bd701a4691524eb2f350f5cc93b5,0x23dbf11ddc9a9aa56a673e67e302b86e3d25a97f,0x0b925b1dc9b9b9709092bbccbfb32f14db81981d,666000000000000000000000,Wizard Shiba 🧙‍♂️🦮,🧙‍♂️WIZ🧙‍♂️,18,123,160053,19000000000,131335,8362693,deprecated,0xfb3bdb41,"swapETHForExactTokens(uint256 amountOut, address[] path, address to, uint256 deadline)",12431791
12629879,1623637202,0xa3382a7c21fb27d90c36df5d34e20dc01282ed830993f664755897eb886d9ac2,218,0x4d6db1da33766b69206953598e0727508e34b5de96b06156bdf69ce42cfb051f,0x92dedef59251bd701a4691524eb2f350f5cc93b5,0x23dbf11ddc9a9aa56a673e67e302b86e3d25a97f,0x918800e018a0eeea672740f88a60091c7d327a79,789000000000000000000000,Wizard Shiba 🧙‍♂️🦮,🧙‍♂️WIZ🧙‍♂️,18,129,171497,19000000000,120907,9027885,deprecated,0xfb3bdb41,"swapETHForExactTokens(uint256 amountOut, address[] path, address to, uint256 deadline)",12431791
12629879,1623637202,0xbfec0cedaba1e2b9c8925d693900d012ef8809a76eb1a02c928ffb282c66ceed,219,0x4d6db1da33766b69206953598e0727508e34b5de96b06156bdf69ce42cfb051f,0x92dedef59251bd701a4691524eb2f350f5cc93b5,0x23dbf11ddc9a9aa56a673e67e302b86e3d25a97f,0xab2b6c7786be4f8fd06e69836f953f881fd4516b,931000000000000000000000,Wizard Shiba 🧙‍♂️🦮,🧙‍♂️WIZ🧙‍♂️,18,133,171510,19000000000,120919,9524233,deprecated,0xfb3bdb41,"swapETHForExactTokens(uint256 amountOut, address[] path, address to, uint256 deadline)",12431791
12629879,1623637202,0xb1f393f34048bbf018c2c860b2ffff43fce74bb9c2fc60c37fd404ce8fc4f5be,220,0x4d6db1da33766b69206953598e0727508e34b5de96b06156bdf69ce42cfb051f,0x92dedef59251bd701a4691524eb2f350f5cc93b5,0x23dbf11ddc9a9aa56a673e67e302b86e3d25a97f,0xd62edf19a2995d3b67f4a1fc53584ef8ce19f115,999000000000000000000000,Wizard Shiba 🧙‍♂️🦮,🧙‍♂️WIZ🧙‍♂️,18,137,171510,19000000000,120919,9957157,deprecated,0xfb3bdb41,"swapETHForExactTokens(uint256 amountOut, address[] path, address to, uint256 deadline)",12431791
12629879,1623637202,0x5875cc85611c96f54479f8bc079ffac5a830ff92f0e4c5025bf8e8af167f7c52,221,0x4d6db1da33766b69206953598e0727508e34b5de96b06156bdf69ce42cfb051f,0x92dedef59251bd701a4691524eb2f350f5cc93b5,0x23dbf11ddc9a9aa56a673e67e302b86e3d25a97f,0x6cc8dcbca746a6e4fdefb98e1d0df903b107fd21,500000000000000000000000,Wizard Shiba 🧙‍♂️🦮,🧙‍♂️WIZ🧙‍♂️,18,139,152700,19000000000,103819,10082908,deprecated,0xfb3bdb41,"swapETHForExactTokens(uint256 amountOut, address[] path, address to, uint256 deadline)",12431791
12629879,1623637202,0xa6a49f16ba54ddb57ca51acdab704573a115c91388c57ca7819da144cb8b5799,222,0x4d6db1da33766b69206953598e0727508e34b5de96b06156bdf69ce42cfb051f,0x92dedef59251bd701a4691524eb2f350f5cc93b5,0x23dbf11ddc9a9aa56a673e67e302b86e3d25a97f,0x1e615ad14822b150b309be81b0e2de689655acd7,781000000000000000000000,Wizard Shiba 🧙‍♂️🦮,🧙‍♂️WIZ🧙‍♂️,18,143,171510,19000000000,120919,10317308,deprecated,0xfb3bdb41,"swapETHForExactTokens(uint256 amountOut, address[] path, address to, uint256 deadline)",12431791
12629880,1623637248,0x1c49e907a8e50ecc1a1fea40612838c59bceaba2c5f07135c2c0cc0ee52adc15,223,0xf1ab53f8c15ee58ce0f95697db06bf72ad65e625163fb524d972c91a778f0304,0x92dedef59251bd701a4691524eb2f350f5cc93b5,0x23dbf11ddc9a9aa56a673e67e302b86e3d25a97f,0x38b78904a6b44f63eb81d98937fc6614870cfbb9,593000000000000000000000,Wizard Shiba 🧙‍♂️🦮,🧙‍♂️WIZ🧙‍♂️,18,36,171510,19000000000,131335,2966657,deprecated,0xfb3bdb41,"swapETHForExactTokens(uint256 amountOut, address[] path, address to, uint256 deadline)",12431790
12629881,1623637260,0x032fb794ac36ca0846eb488690a485cfaddba843406a87067d379f0135c2a4a9,224,0x159ab8b70cf14920fe712b12cce2d57a060e3cf03d49494e6ccb6282b9f92ae8,0x92dedef59251bd701a4691524eb2f350f5cc93b5,0x23dbf11ddc9a9aa56a673e67e302b86e3d25a97f,0xa929022c9107643515f5c777ce9a910f0d1e490c,487000000000000000000000,Wizard Shiba 🧙‍♂️🦮,🧙‍♂️WIZ🧙‍♂️,18,29,160053,19000000000,131335,1832610,deprecated,0xfb3bdb41,"swapETHForExactTokens(uint256 amountOut, address[] path, address to, uint256 deadline)",12431789
12629883,1623637269,0xe1e9ee37486cfa4d0c7d7a69a0b6c6cfd3ab71cbb8cc8d1db406391ea303a0ed,225,0xe00e783312b8c560690ebb84d159abc62db2ac94d090831c02ebbb42c0908109,0x92dedef59251bd701a4691524eb2f350f5cc93b5,0x23dbf11ddc9a9aa56a673e67e302b86e3d25a97f,0x3462a62d95ecef081abc383965a338c940fc635c,666000000000000000000000,Wizard Shiba 🧙‍♂️🦮,🧙‍♂️WIZ🧙‍♂️,18,9,160053,19000000000,131335,613005,deprecated,0xfb3bdb41,"swapETHForExactTokens(uint256 amountOut, address[] path, address to, uint256 deadline)",12431787
12629887,1623637295,0x3e9ce2f9a30f1509150f964d782df008103514297271143faaa037e6ae6f5171,226,0xb86c5befdba87f8da9e2d68b4c920d96deb47c6a5f79e62fc81d882381ec2ecd,0x92dedef59251bd701a4691524eb2f350f5cc93b5,0x23dbf11ddc9a9aa56a673e67e302b86e3d25a97f,0xcabbd8bb4c27983e6a1348ee3d87ac7d71f0198a,981000000000000000000000,Wizard Shiba 🧙‍♂️🦮,🧙‍♂️WIZ🧙‍♂️,18,61,171510,19000000000,131335,3888986,deprecated,0xfb3bdb41,"swapETHForExactTokens(uint256 amountOut, address[] path, address to, uint256 deadline)",12431783
12629887,1623637295,0x26e876ded3a3c6e56ec2f94fc792a456d74bc5a1b1cdb2da71e67dbceebe8d8f,227,0xb86c5befdba87f8da9e2d68b4c920d96deb47c6a5f79e62fc81d882381ec2ecd,0x92dedef59251bd701a4691524eb2f350f5cc93b5,0x23dbf11ddc9a9aa56a673e67e302b86e3d25a97f,0x583017fee9af9c8c73bb07b5fea1775bebc4965c,593000000000000000000000,Wizard Shiba 🧙‍♂️🦮,🧙‍♂️WIZ🧙‍♂️,18,62,160053,19000000000,120919,4009905,deprecated,0xfb3bdb41,"swapETHForExactTokens(uint256 amountOut, address[] path, address to, uint256 deadline)",12431783
12629887,1623637295,0xf91df8a6917ece4738a7fb8076b908270cda457db1edb75a5d941aec31d8d102,228,0xb86c5befdba87f8da9e2d68b4c920d96deb47c6a5f79e62fc81d882381ec2ecd,0x92dedef59251bd701a4691524eb2f350f5cc93b5,0x23dbf11ddc9a9aa56a673e67e302b86e3d25a97f,0x562680a4dc50ed2f14d75bf31f494cfe0b8d10a1,469000000000000000000000,Wizard Shiba 🧙‍♂️🦮,🧙‍♂️WIZ🧙‍♂️,18,63,152700,19000000000,103819,4113724,deprecated,0xfb3bdb41,"swapETHForExactTokens(uint256 amountOut, address[] path, address to, uint256 deadline)",12431783
12629887,1623637295,0xbef5e5ead0ffe1cbed42c3a8336feb377ab2f96ecc6bc8780325bf89a4b3c225,229,0xb86c5befdba87f8da9e2d68b4c920d96deb47c6a5f79e62fc81d882381ec2ecd,0x92dedef59251bd701a4691524eb2f350f5cc93b5,0x23dbf11ddc9a9aa56a673e67e302b86e3d25a97f,0x8f7e763680a5315f19116ed8c24d67936a99c48c,779000000000000000000000,Wizard Shiba 🧙‍♂️🦮,🧙‍♂️WIZ🧙‍♂️,18,64,171510,19000000000,120919,4234643,deprecated,0xfb3bdb41,"swapETHForExactTokens(uint256 amountOut, address[] path, address to, uint256 deadline)",12431783
12629887,1623637295,0x05d487d9dd381214dbbaaaefa5b21b9acc4c0011cc07d159a6fd09feb7fe91b3,230,0xb86c5befdba87f8da9e2d68b4c920d96deb47c6a5f79e62fc81d882381ec2ecd,0x92dedef59251bd701a4691524eb2f350f5cc93b5,0x23dbf11ddc9a9aa56a673e67e302b86e3d25a97f,0x2fd3708fb7b4da9912c32c4b477888220a721213,781000000000000000000000,Wizard Shiba 🧙‍♂️🦮,🧙‍♂️WIZ🧙‍♂️,18,68,171510,19000000000,120919,4796804,deprecated,0xfb3bdb41,"swapETHForExactTokens(uint256 amountOut, address[] path, address to, uint256 deadline)",12431783
12629887,1623637295,0x9ab7c2c2229484b003bb06dc1925973f0f616ff9f71588a91f328a8522370b6a,1422,0xb86c5befdba87f8da9e2d68b4c920d96deb47c6a5f79e62fc81d882381ec2ecd,0x92dedef59251bd701a4691524eb2f350f5cc93b5,0x23dbf11ddc9a9aa56a673e67e302b86e3d25a97f,0xaf779d1eddb59f1035480dd377d8187c865c20da,31701411377458050439946,Wizard Shiba 🧙‍♂️🦮,🧙‍♂️WIZ🧙‍♂️,18,70,261709,19000000000,200096,5104170,deprecated,0x5c11d795,"swapExactTokensForTokensSupportingFeeOnTransferTokens(uint256 amountIn, uint256 amountOutMin, address[] path, address to, uint256 deadline)",12431783
12629889,1623637315,0xe35477f7fb6e92ce6b9aabc5ff674876317849110a077bc30f7366197dc15365,231,0xfa994ab59fccdf328c115b8535511dd5d23fdbff09ad8f8d8492449530aa08ab,0x92dedef59251bd701a4691524eb2f350f5cc93b5,0x23dbf11ddc9a9aa56a673e67e302b86e3d25a97f,0x176066996850702a18158b4230f2b224dea2ca39,578000000000000000000000,Wizard Shiba 🧙‍♂️🦮,🧙‍♂️WIZ🧙‍♂️,18,11,171510,19000000000,131335,943475,deprecated,0xfb3bdb41,"swapETHForExactTokens(uint256 amountOut, address[] path, address to, uint256 deadline)",12431781
12629890,1623637317,0xbfa08e9daa98752e0dcdce5dbccd09d09ca83e78c2a068c24369395b2314cb55,232,0xa01ae595d56c61df22385c1d6ba0feadc3ab4160291bff8e5d9c7e4607636e4d,0x92dedef59251bd701a4691524eb2f350f5cc93b5,0x23dbf11ddc9a9aa56a673e67e302b86e3d25a97f,0x725447349f94c577bc28d18dc915e4f0b24b2807,478000000000000000000000,Wizard Shiba 🧙‍♂️🦮,🧙‍♂️WIZ🧙‍♂️,18,43,160053,19000000000,131335,4298248,deprecated,0xfb3bdb41,"swapETHForExactTokens(uint256 amountOut, address[] path, address to, uint256 deadline)",12431780
12629891,1623637331,0xa0087d36725d948f0f05e805c61bdbf79ddbb92bcf897b760445994ec5abe2e6,233,0xf13b7cf1511c39e2399fdcb18b8a9de75f2128dcd91fadb3fb3c40232b42b19d,0x92dedef59251bd701a4691524eb2f350f5cc93b5,0x23dbf11ddc9a9aa56a673e67e302b86e3d25a97f,0x9e7b5dc79e712532406b1b74fa84a25d16ef45e4,689000000000000000000000,Wizard Shiba 🧙‍♂️🦮,🧙‍♂️WIZ🧙‍♂️,18,23,160053,19000000000,131335,2093888,deprecated,0xfb3bdb41,"swapETHForExactTokens(uint256 amountOut, address[] path, address to, uint256 deadline)",12431779
12629897,1623637381,0xfb6d76e9486988f66fe4c5609afd473aec7319fd17ba84cb70c200a7e2e38de9,181,0xd88c29fc07739b74b7f199a1e9691ff4ce9cd9fddb601663e0cb68fd2317de02,0x92dedef59251bd701a4691524eb2f350f5cc93b5,0x23dbf11ddc9a9aa56a673e67e302b86e3d25a97f,0xf085d3a4cb6639ed5e552c2d5d7549edaeab50fd,14065558491662018886158,Wizard Shiba 🧙‍♂️🦮,🧙‍♂️WIZ🧙‍♂️,18,65,179422,20000000000,123956,3233149,deprecated,0x7ff36ab5,"swapExactETHForTokens(uint256 amountOutMin, address[] path, address to, uint256 deadline)",12431773
12629904,1623637516,0xe310c94dc16908c4b99620ee133635bf6277b7453d555d866f7c7c34ee5539eb,234,0x97905e3ebdebd9e262ccf47937a4a6ecf13ea698c33b779801b108e9ccd61216,0x92dedef59251bd701a4691524eb2f350f5cc93b5,0x23dbf11ddc9a9aa56a673e67e302b86e3d25a97f,0x29ca2b4b97ed72df40740a6b1cc41815e8d1f248,553000000000000000000000,Wizard Shiba 🧙‍♂️🦮,🧙‍♂️WIZ🧙‍♂️,18,146,171510,17000000000,131335,7395884,deprecated,0xfb3bdb41,"swapETHForExactTokens(uint256 amountOut, address[] path, address to, uint256 deadline)",12431766
12629904,1623637516,0x8381b4337022e82e989c5453a2d70fe4a5c323102bd92f82fc2158ed98f768f0,235,0x97905e3ebdebd9e262ccf47937a4a6ecf13ea698c33b779801b108e9ccd61216,0x92dedef59251bd701a4691524eb2f350f5cc93b5,0x23dbf11ddc9a9aa56a673e67e302b86e3d25a97f,0xa4efdd15c691e98713a81be2b243bcf4d2b04a69,463000000000000000000000,Wizard Shiba 🧙‍♂️🦮,🧙‍♂️WIZ🧙‍♂️,18,153,171510,17000000000,120919,8032504,deprecated,0xfb3bdb41,"swapETHForExactTokens(uint256 amountOut, address[] path, address to, uint256 deadline)",12431766
12629905,1623637555,0x10c0a9b32e52936699caa75f91c8a40a6254dcb8b2842c9dd4926c27a76b7f1f,236,0xd5d7a40d5166fe286c001bf636338b29960e7c892212404d615c17a4754ca4f7,0x92dedef59251bd701a4691524eb2f350f5cc93b5,0x23dbf11ddc9a9aa56a673e67e302b86e3d25a97f,0x2d5304ba4f2c6eff5d53cecf64af89818a416cb9,764000000000000000000000,Wizard Shiba 🧙‍♂️🦮,🧙‍♂️WIZ🧙‍♂️,18,10,171510,17000000000,131335,729210,deprecated,0xfb3bdb41,"swapETHForExactTokens(uint256 amountOut, address[] path, address to, uint256 deadline)",12431765
12629906,1623637556,0xbd56e9bdd1be4dd293dd3d27aea2635a72c0e1c338d58ec244265a02f4c6a783,237,0x7311a448f2558fa6db2fd0e1ca86016beda6a1334421f76fdd5591eada562bd5,0x92dedef59251bd701a4691524eb2f350f5cc93b5,0x23dbf11ddc9a9aa56a673e67e302b86e3d25a97f,0x94b72e712bfb3ef89dc4979800d2146bbf6b5deb,569000000000000000000000,Wizard Shiba 🧙‍♂️🦮,🧙‍♂️WIZ🧙‍♂️,18,31,160040,17000000000,131323,1782469,deprecated,0xfb3bdb41,"swapETHForExactTokens(uint256 amountOut, address[] path, address to, uint256 deadline)",12431764
12629907,1623637569,0xf58f4a3a829688b33c121e22b2863042c5693a2cfd2750a0f0777ff1ab4d7500,238,0x2378ac188abcea3c253df993d6fb83418a5f40f07cae8885bb05efdfa49c547b,0x92dedef59251bd701a4691524eb2f350f5cc93b5,0x23dbf11ddc9a9aa56a673e67e302b86e3d25a97f,0xa63d372ebf96368d267ac10b0cc5c720cf8d774a,762000000000000000000000,Wizard Shiba 🧙‍♂️🦮,🧙‍♂️WIZ🧙‍♂️,18,43,160053,17000000000,131335,2539413,deprecated,0xfb3bdb41,"swapETHForExactTokens(uint256 amountOut, address[] path, address to, uint256 deadline)",12431763
12629908,1623637579,0xfb6e302cdb377d5af95e5c4b1d0e9b2af16f7235122f04db3d9a5a3047060a4e,239,0xe9139311c809c6ab75876dd7e1e1ac21d59609579075dd1f5d0204837c8f32bd,0x92dedef59251bd701a4691524eb2f350f5cc93b5,0x23dbf11ddc9a9aa56a673e67e302b86e3d25a97f,0x3ebe58d19b8b561f1f33e6981ab3eb331809172a,581000000000000000000000,Wizard Shiba 🧙‍♂️🦮,🧙‍♂️WIZ🧙‍♂️,18,21,160053,17000000000,131335,1715311,deprecated,0xfb3bdb41,"swapETHForExactTokens(uint256 amountOut, address[] path, address to, uint256 deadline)",12431762
12629909,1623637587,0xb684cc360b618f3be17d2a0bd3c3dcce85bdad106e44b3effcdd56e83126557e,240,0xb7d7aec2e2d89531c94b9b83cf8a77030f5172729449245bfe08b0d342d81e3d,0x92dedef59251bd701a4691524eb2f350f5cc93b5,0x23dbf11ddc9a9aa56a673e67e302b86e3d25a97f,0xc9a5c12cc2244293e2831205478cf2e6e87ce0e0,666000000000000000000000,Wizard Shiba 🧙‍♂️🦮,🧙‍♂️WIZ🧙‍♂️,18,67,160053,17000000000,131335,2832403,deprecated,0xfb3bdb41,"swapETHForExactTokens(uint256 amountOut, address[] path, address to, uint256 deadline)",12431761
12629909,1623637587,0x5e9ce3d2e0bfda6386525b4f878973961bd841a971c0d77cc02302d1c45fc11f,241,0xb7d7aec2e2d89531c94b9b83cf8a77030f5172729449245bfe08b0d342d81e3d,0x92dedef59251bd701a4691524eb2f350f5cc93b5,0x23dbf11ddc9a9aa56a673e67e302b86e3d25a97f,0xa159c68748539f7cd0c0d33e214d186bb2bf016f,459000000000000000000000,Wizard Shiba 🧙‍♂️🦮,🧙‍♂️WIZ🧙‍♂️,18,78,160053,17000000000,120919,3578251,deprecated,0xfb3bdb41,"swapETHForExactTokens(uint256 amountOut, address[] path, address to, uint256 deadline)",12431761
12629910,1623637609,0x7927470de5934c3ed95c3fe7871ac6b6ecb338654c279fb6d98d7e0322c7ea3e,242,0x4ce7736bef0cd82d8ea98a5b3e737767296526358476512fb5ddede8922aebea,0x92dedef59251bd701a4691524eb2f350f5cc93b5,0x23dbf11ddc9a9aa56a673e67e302b86e3d25a97f,0xe2d29ffcd470d92d11bc8e2427ef3c89b3d01d61,564000000000000000000000,Wizard Shiba 🧙‍♂️🦮,🧙‍♂️WIZ🧙‍♂️,18,42,160053,17000000000,131335,3039569,deprecated,0xfb3bdb41,"swapETHForExactTokens(uint256 amountOut, address[] path, address to, uint256 deadline)",12431760
12629910,1623637609,0x3156e4404766b0033698d54c565a966f872688a61d4d022fd90a09ab19ba689c,243,0x4ce7736bef0cd82d8ea98a5b3e737767296526358476512fb5ddede8922aebea,0x92dedef59251bd701a4691524eb2f350f5cc93b5,0x23dbf11ddc9a9aa56a673e67e302b86e3d25a97f,0x21bbc06fe31b4c01ecf835d3508f249e315d4946,783000000000000000000000,Wizard Shiba 🧙‍♂️🦮,🧙‍♂️WIZ🧙‍♂️,18,49,160053,17000000000,120919,3638934,deprecated,0xfb3bdb41,"swapETHForExactTokens(uint256 amountOut, address[] path, address to, uint256 deadline)",12431760
12629913,1623637637,0x3139eddb2b5ea98f3c96742cdc25c1c0586a3c911e581b59136baadc08dc294e,244,0x65688b38147ae03d5043699078642a41cf2141c187d211d54e7e19e12dfce65f,0x92dedef59251bd701a4691524eb2f350f5cc93b5,0x23dbf11ddc9a9aa56a673e67e302b86e3d25a97f,0x5b1d99858c2f9d15c509b041185f6b082a002f23,288000000000000000000000,Wizard Shiba 🧙‍♂️🦮,🧙‍♂️WIZ🧙‍♂️,18,7,160026,17000000000,131311,640369,deprecated,0xfb3bdb41,"swapETHForExactTokens(uint256 amountOut, address[] path, address to, uint256 deadline)",12431757
12629915,1623637654,0xba6ab42db4a82b06931db80f683126b21d579f25ea4a40057b54d0dce12fa5d8,245,0x228a0212036b30310223505767f7da19967d0068253a59ef2cd108d3c5618590,0x92dedef59251bd701a4691524eb2f350f5cc93b5,0x23dbf11ddc9a9aa56a673e67e302b86e3d25a97f,0xd5890a8e2ffa61737a56e1d077a25338f62bb9e7,413000000000000000000000,Wizard Shiba 🧙‍♂️🦮,🧙‍♂️WIZ🧙‍♂️,18,42,160053,17000000000,131335,2427156,deprecated,0xfb3bdb41,"swapETHForExactTokens(uint256 amountOut, address[] path, address to, uint256 deadline)",12431755
12629915,1623637654,0x268b7b6236fd32efed694708733fdb075ab8192d942d11980ff99d07f5b29f00,246,0x228a0212036b30310223505767f7da19967d0068253a59ef2cd108d3c5618590,0x92dedef59251bd701a4691524eb2f350f5cc93b5,0x23dbf11ddc9a9aa56a673e67e302b86e3d25a97f,0x2a1740642bdf716223d75d57fc9d534fc1041325,784000000000000000000000,Wizard Shiba 🧙‍♂️🦮,🧙‍♂️WIZ🧙‍♂️,18,43,171497,17000000000,120907,2548063,deprecated,0xfb3bdb41,"swapETHForExactTokens(uint256 amountOut, address[] path, address to, uint256 deadline)",12431755
12629917,1623637660,0x1eb4cf9df1dae26a839804ddd37e76ce40ac7e141fe4ff81801c5eb3ab195dde,247,0xeb624b687537334236f02e221bc815270b8b6350799a63aae7eab35efdf22ff7,0x92dedef59251bd701a4691524eb2f350f5cc93b5,0x23dbf11ddc9a9aa56a673e67e302b86e3d25a97f,0x75b1f81d4c3b271cd6414aa43ce0bed09e4a0aae,388000000000000000000000,Wizard Shiba 🧙‍♂️🦮,🧙‍♂️WIZ🧙‍♂️,18,10,160053,17000000000,131335,723571,deprecated,0xfb3bdb41,"swapETHForExactTokens(uint256 amountOut, address[] path, address to, uint256 deadline)",12431753
12629917,1623637660,0xe897f30e26e7e27b366bf65d1c3de31eeb5178633a35b3a8ccdb64e60f92509f,248,0xeb624b687537334236f02e221bc815270b8b6350799a63aae7eab35efdf22ff7,0x92dedef59251bd701a4691524eb2f350f5cc93b5,0x23dbf11ddc9a9aa56a673e67e302b86e3d25a97f,0x8e1e2eb707151c7634042797a8f8fbfaef16aa05,789000000000000000000000,Wizard Shiba 🧙‍♂️🦮,🧙‍♂️WIZ🧙‍♂️,18,11,160053,17000000000,120919,844490,deprecated,0xfb3bdb41,"swapETHForExactTokens(uint256 amountOut, address[] path, address to, uint256 deadline)",12431753
12629918,1623637662,0x07cc1dbb4f357e288c204ed04cf613f244e54b995b5be447284ce5f8327d67e3,249,0xf5037544701dad397b805811ec1ff12c2691cb61c2d7b64a62ae5030bb87c36e,0x92dedef59251bd701a4691524eb2f350f5cc93b5,0x23dbf11ddc9a9aa56a673e67e302b86e3d25a97f,0x9c0b4985cc0e549e66705f48ab06988ae5f2bbc7,683000000000000000000000,Wizard Shiba 🧙‍♂️🦮,🧙‍♂️WIZ🧙‍♂️,18,26,171510,17000000000,131335,2395135,deprecated,0xfb3bdb41,"swapETHForExactTokens(uint256 amountOut, address[] path, address to, uint256 deadline)",12431752
12629921,1623637691,0x032686c7d1af11e132f157a172fb20d3f3832c4cae2c6af909ea055c2e832b99,250,0x9bef6871d7f7cd308bbca126acfd0fcc1d82a9beffa1cc4f4189469beb3d0416,0x92dedef59251bd701a4691524eb2f350f5cc93b5,0x23dbf11ddc9a9aa56a673e67e302b86e3d25a97f,0xe8dc687d1cc70c4243a361177a5b73b9f2a270ca,445000000000000000000000,Wizard Shiba 🧙‍♂️🦮,🧙‍♂️WIZ🧙‍♂️,18,223,160053,17000000000,131335,12590095,deprecated,0xfb3bdb41,"swapETHForExactTokens(uint256 amountOut, address[] path, address to, uint256 deadline)",12431749
12629922,1623637754,0x32d88bbdf3656342b28dfe71e266358f4839fe9dd092c3d2bd862336b9d932c9,251,0x745b46453e690cb260624bf018b8265e01811b28b7978d626831d43f47a7d669,0x92dedef59251bd701a4691524eb2f350f5cc93b5,0x23dbf11ddc9a9aa56a673e67e302b86e3d25a97f,0x2ea88d3ab922bdc989f8cec210385932b5517ca3,783000000000000000000000,Wizard Shiba 🧙‍♂️🦮,🧙‍♂️WIZ🧙‍♂️,18,143,171510,15000000000,131335,12926047,deprecated,0xfb3bdb41,"swapETHForExactTokens(uint256 amountOut, address[] path, address to, uint256 deadline)",12431748
12629922,1623637754,0x4ba849e6d1780b18d5c7a00e5e12dca7d2f767fb9341e2083b08757740a670e4,252,0x745b46453e690cb260624bf018b8265e01811b28b7978d626831d43f47a7d669,0x92dedef59251bd701a4691524eb2f350f5cc93b5,0x23dbf11ddc9a9aa56a673e67e302b86e3d25a97f,0x438b660cf5e52e3a7c170b9695cf702d49906662,355000000000000000000000,Wizard Shiba 🧙‍♂️🦮,🧙‍♂️WIZ🧙‍♂️,18,145,171510,15000000000,120919,13074904,deprecated,0xfb3bdb41,"swapETHForExactTokens(uint256 amountOut, address[] path, address to, uint256 deadline)",12431748
12629922,1623637754,0x10adda083cbef3bf19c0d1d90c2e541ae26d7ad3fbf3bdd422969ec970c2d7e7,253,0x745b46453e690cb260624bf018b8265e01811b28b7978d626831d43f47a7d669,0x92dedef59251bd701a4691524eb2f350f5cc93b5,0x23dbf11ddc9a9aa56a673e67e302b86e3d25a97f,0x527b74eaf25b763d0d99a57ebf1a1192cd23b7a7,683000000000000000000000,Wizard Shiba 🧙‍♂️🦮,🧙‍♂️WIZ🧙‍♂️,18,152,171510,15000000000,120919,13622611,deprecated,0xfb3bdb41,"swapETHForExactTokens(uint256 amountOut, address[] path, address to, uint256 deadline)",12431748
12629922,1623637754,0xef14057f86f8ebe2f5ec789e5b156aa587dc97d57be5bcc3e98599f7bdb27788,254,0x745b46453e690cb260624bf018b8265e01811b28b7978d626831d43f47a7d669,0x92dedef59251bd701a4691524eb2f350f5cc93b5,0x23dbf11ddc9a9aa56a673e67e302b86e3d25a97f,0x59bf205fcd134df5dccb81e76bd68472b99b0402,592000000000000000000000,Wizard Shiba 🧙‍♂️🦮,🧙‍♂️WIZ🧙‍♂️,18,166,171497,15000000000,120907,14593242,deprecated,0xfb3bdb41,"swapETHForExactTokens(uint256 amountOut, address[] path, address to, uint256 deadline)",12431748
12629922,1623637754,0xbf556ae29057221291ea461006cccfdec3a21e3741343210e65ee6e3db6c5f60,255,0x745b46453e690cb260624bf018b8265e01811b28b7978d626831d43f47a7d669,0x92dedef59251bd701a4691524eb2f350f5cc93b5,0x23dbf11ddc9a9aa56a673e67e302b86e3d25a97f,0x0fe739a61e76128b2978460239bcae504e4bdbaa,778000000000000000000000,Wizard Shiba 🧙‍♂️🦮,🧙‍♂️WIZ🧙‍♂️,18,171,171510,15000000000,120919,14933372,deprecated,0xfb3bdb41,"swapETHForExactTokens(uint256 amountOut, address[] path, address to, uint256 deadline)",12431748
12629923,1623637769,0xa7cc0e180da054061b709ba3d1b74d0ab7ab70e4033762c806bc2fc6cfeea587,256,0xcf6d5666f8ece31e65d73011212ddd57e9707f8de35dad1258282e8e62db753d,0x92dedef59251bd701a4691524eb2f350f5cc93b5,0x23dbf11ddc9a9aa56a673e67e302b86e3d25a97f,0xca0bdf4f137d3fa0fca450743669faa21ad94732,415000000000000000000000,Wizard Shiba 🧙‍♂️🦮,🧙‍♂️WIZ🧙‍♂️,18,20,171510,15000000000,131335,2555246,deprecated,0xfb3bdb41,"swapETHForExactTokens(uint256 amountOut, address[] path, address to, uint256 deadline)",12431747
12629923,1623637769,0x7ab618650a6959845f8e7b2be6a8aa8645dd3465ce6093f6339151ba0243f9a4,257,0xcf6d5666f8ece31e65d73011212ddd57e9707f8de35dad1258282e8e62db753d,0x92dedef59251bd701a4691524eb2f350f5cc93b5,0x23dbf11ddc9a9aa56a673e67e302b86e3d25a97f,0xd461d3ea392609f17f187145d8bbac8172c8aa28,461000000000000000000000,Wizard Shiba 🧙‍♂️🦮,🧙‍♂️WIZ🧙‍♂️,18,26,171510,15000000000,120919,3499363,deprecated,0xfb3bdb41,"swapETHForExactTokens(uint256 amountOut, address[] path, address to, uint256 deadline)",12431747
12629923,1623637769,0xd7b79a299a77c2b13988b031c0bfef9b4558c11381364b7e43bce50a662eb937,258,0xcf6d5666f8ece31e65d73011212ddd57e9707f8de35dad1258282e8e62db753d,0x92dedef59251bd701a4691524eb2f350f5cc93b5,0x23dbf11ddc9a9aa56a673e67e302b86e3d25a97f,0x78860fbab73d21817d7ef5bef4573a3155dd11d2,399000000000000000000000,Wizard Shiba 🧙‍♂️🦮,🧙‍♂️WIZ🧙‍♂️,18,32,160053,15000000000,120919,3858687,deprecated,0xfb3bdb41,"swapETHForExactTokens(uint256 amountOut, address[] path, address to, uint256 deadline)",12431747
12629924,1623637778,0x06a0dabc1909378bed08e5d0f9ed744486619d17ca338676689405959319c29b,259,0x8228be6996f28a5e9d5d32bd4bbd0ac8990b8a4c3d6f7b2bc5f335a67f3074ce,0x92dedef59251bd701a4691524eb2f350f5cc93b5,0x23dbf11ddc9a9aa56a673e67e302b86e3d25a97f,0x46f77e99d46b57b8e5435f56db720b746631dc94,536000000000000000000000,Wizard Shiba 🧙‍♂️🦮,🧙‍♂️WIZ🧙‍♂️,18,58,160040,19000000000,131323,3703885,deprecated,0xfb3bdb41,"swapETHForExactTokens(uint256 amountOut, address[] path, address to, uint256 deadline)",12431746
12629924,1623637778,0xbe81c1f545e4db15c2bd77a8fb2f6ad25b079957d08b558c8185b3991ee195ba,260,0x8228be6996f28a5e9d5d32bd4bbd0ac8990b8a4c3d6f7b2bc5f335a67f3074ce,0x92dedef59251bd701a4691524eb2f350f5cc93b5,0x23dbf11ddc9a9aa56a673e67e302b86e3d25a97f,0x707f2df0544bf03b4a74bd2e6cf8d047c4440552,779000000000000000000000,Wizard Shiba 🧙‍♂️🦮,🧙‍♂️WIZ🧙‍♂️,18,59,160053,19000000000,120919,3824804,deprecated,0xfb3bdb41,"swapETHForExactTokens(uint256 amountOut, address[] path, address to, uint256 deadline)",12431746
12629924,1623637778,0x2176ebb1404437c8942304f3f18ee09d249f9ae204c07690602dc2d7ca5673fa,261,0x8228be6996f28a5e9d5d32bd4bbd0ac8990b8a4c3d6f7b2bc5f335a67f3074ce,0x92dedef59251bd701a4691524eb2f350f5cc93b5,0x23dbf11ddc9a9aa56a673e67e302b86e3d25a97f,0x8a71a81f119d85f0750c50d3abf724817b8c7b6b,356000000000000000000000,Wizard Shiba 🧙‍♂️🦮,🧙‍♂️WIZ🧙‍♂️,18,63,160053,19000000000,120919,4304055,deprecated,0xfb3bdb41,"swapETHForExactTokens(uint256 amountOut, address[] path, address to, uint256 deadline)",12431746
12629924,1623637778,0xf6b7a62ecc1079bdd472e1dc5d5c58417943d3839c05b277c91e5bba01cb3a05,262,0x8228be6996f28a5e9d5d32bd4bbd0ac8990b8a4c3d6f7b2bc5f335a67f3074ce,0x92dedef59251bd701a4691524eb2f350f5cc93b5,0x23dbf11ddc9a9aa56a673e67e302b86e3d25a97f,0x06265bb046a3708ddd85fbf01ade00f9627a2ea8,468000000000000000000000,Wizard Shiba 🧙‍♂️🦮,🧙‍♂️WIZ🧙‍♂️,18,65,160040,19000000000,120907,4597018,deprecated,0xfb3bdb41,"swapETHForExactTokens(uint256 amountOut, address[] path, address to, uint256 deadline)",12431746
12629925,1623637808,0xfb365a68b26727be7f3081b8cdec7f500562fe7d07bdbd0e7ba5043bd9ac9db1,263,0x1c2cb99428980bec5f614349c23112fd0f4e04e59ac83f8a777754bbb5155db4,0x92dedef59251bd701a4691524eb2f350f5cc93b5,0x23dbf11ddc9a9aa56a673e67e302b86e3d25a97f,0x19b927168996f0179fb1b57e8d27778e532f958a,388000000000000000000000,Wizard Shiba 🧙‍♂️🦮,🧙‍♂️WIZ🧙‍♂️,18,60,160053,19000000000,131335,3355700,deprecated,0xfb3bdb41,"swapETHForExactTokens(uint256 amountOut, address[] path, address to, uint256 deadline)",12431745
12629926,1623637813,0x3ff2be30fec46b617b11d4bb07a6291d029fe47520ac8b4f572b8d91ff91efd2,68,0x3bc423230ad080474accb1f9f91208f1f70a3648b5d99549fffbb41488ae1667,0x92dedef59251bd701a4691524eb2f350f5cc93b5,0x23dbf11ddc9a9aa56a673e67e302b86e3d25a97f,0x0929fb7fa926504d54410fca772b5cde0f1b64d2,32718856001802381287257,Wizard Shiba 🧙‍♂️🦮,🧙‍♂️WIZ🧙‍♂️,18,178,166724,14300000000,123956,11820268,deprecated,0x7ff36ab5,"swapExactETHForTokens(uint256 amountOutMin, address[] path, address to, uint256 deadline)",12431744
12629928,1623637847,0xc4957bd7fc396a528d5e5f92633cb33043b575dc7cf68e93ce13813acea33951,264,0xc8a54ccf95064909af7cfdcd33bc676eb4c9aa6cc7cd14cbd93bf9515779c423,0x92dedef59251bd701a4691524eb2f350f5cc93b5,0x23dbf11ddc9a9aa56a673e67e302b86e3d25a97f,0xadba4b17bd3d8193fb31a5b41dfe4d9689ddde78,458000000000000000000000,Wizard Shiba 🧙‍♂️🦮,🧙‍♂️WIZ🧙‍♂️,18,47,160040,19000000000,131323,2706200,deprecated,0xfb3bdb41,"swapETHForExactTokens(uint256 amountOut, address[] path, address to, uint256 deadline)",12431742
12629931,1623637894,0x15d474de122a780d48a57cbc85769235fa879ecf3c5c4cc6e84c82e28d5c2689,265,0xf4c0406a747946acf28cdac11ba5d991b5ed494d43186c353fbd634e920d091c,0x92dedef59251bd701a4691524eb2f350f5cc93b5,0x23dbf11ddc9a9aa56a673e67e302b86e3d25a97f,0x5c552c3c7d39e69678c42341fd4de65fc09734b9,711000000000000000000000,Wizard Shiba 🧙‍♂️🦮,🧙‍♂️WIZ🧙‍♂️,18,21,160053,19000000000,131335,1737250,deprecated,0xfb3bdb41,"swapETHForExactTokens(uint256 amountOut, address[] path, address to, uint256 deadline)",12431739
12629931,1623637894,0x007b8564c256ef09f68d1faf8750ee9f9c36ca5bec922360a2a938c4c8377243,266,0xf4c0406a747946acf28cdac11ba5d991b5ed494d43186c353fbd634e920d091c,0x92dedef59251bd701a4691524eb2f350f5cc93b5,0x23dbf11ddc9a9aa56a673e67e302b86e3d25a97f,0xb620cb571778f22829709c54f27656810ebd6436,435000000000000000000000,Wizard Shiba 🧙‍♂️🦮,🧙‍♂️WIZ🧙‍♂️,18,22,160053,19000000000,120919,1858169,deprecated,0xfb3bdb41,"swapETHForExactTokens(uint256 amountOut, address[] path, address to, uint256 deadline)",12431739
12629931,1623637894,0xe36a8369dcc670538600f1e5aa7f4c0d1eee3642fdcaa8173bac9b4a0ec59f5e,267,0xf4c0406a747946acf28cdac11ba5d991b5ed494d43186c353fbd634e920d091c,0x92dedef59251bd701a4691524eb2f350f5cc93b5,0x23dbf11ddc9a9aa56a673e67e302b86e3d25a97f,0x13e417222b3eb10bd1ee1087c8dbe536f330fa49,683000000000000000000000,Wizard Shiba 🧙‍♂️🦮,🧙‍♂️WIZ🧙‍♂️,18,24,160053,18000000000,120919,2000088,deprecated,0xfb3bdb41,"swapETHForExactTokens(uint256 amountOut, address[] path, address to, uint256 deadline)",12431739
12629931,1623637894,0x935bf5ae1eb968828b474cd2d8552cc3c2d943c79dff00c096ebcee8a0baa2f4,268,0xf4c0406a747946acf28cdac11ba5d991b5ed494d43186c353fbd634e920d091c,0x92dedef59251bd701a4691524eb2f350f5cc93b5,0x23dbf11ddc9a9aa56a673e67e302b86e3d25a97f,0x8e9cf047f6501b0d27d72e84cf0d97503fa0e02a,876000000000000000000000,Wizard Shiba 🧙‍♂️🦮,🧙‍♂️WIZ🧙‍♂️,18,25,171510,18000000000,120919,2121007,deprecated,0xfb3bdb41,"swapETHForExactTokens(uint256 amountOut, address[] path, address to, uint256 deadline)",12431739
12629931,1623637894,0xc360fe0a18c9204c4dd90cf29c2878c84737391dd3aacfeff9fdd7ee1307c9b0,269,0xf4c0406a747946acf28cdac11ba5d991b5ed494d43186c353fbd634e920d091c,0x92dedef59251bd701a4691524eb2f350f5cc93b5,0x23dbf11ddc9a9aa56a673e67e302b86e3d25a97f,0xb3492745ddf18463ce4b6cc6f87ee71c4904a9b6,500000000000000000000000,Wizard Shiba 🧙‍♂️🦮,🧙‍♂️WIZ🧙‍♂️,18,26,171510,18000000000,120919,2241926,deprecated,0xfb3bdb41,"swapETHForExactTokens(uint256 amountOut, address[] path, address to, uint256 deadline)",12431739
12629957,1623638303,0x63c1eff19dcc7e67e736fcfc080c6cb4a341702b1a2e737e133c045eee412e42,51,0x4b3b3cba2a84387e4b4f73aef3fcb79d00a701b215bd59c4807ce398a4291d50,0x92dedef59251bd701a4691524eb2f350f5cc93b5,0x23dbf11ddc9a9aa56a673e67e302b86e3d25a97f,0x4ca3aecf694b92c31445e7f0c77938a0ccdef786,11195406058974677302019,Wizard Shiba 🧙‍♂️🦮,🧙‍♂️WIZ🧙‍♂️,18,161,179422,13000001459,123956,14580566,deprecated,0x7ff36ab5,"swapExactETHForTokens(uint256 amountOutMin, address[] path, address to, uint256 deadline)",12431713
12629998,1623638746,0x63c165731b8775956b047877ff45f31038f35835cc06accc9a190b840cf558e7,33,0x6e1923b72657e52ce478fe01a0a0376401b7826591ceafbaf75c98fbb47116cd,0x92dedef59251bd701a4691524eb2f350f5cc93b5,0x23dbf11ddc9a9aa56a673e67e302b86e3d25a97f,0x6d2c508b3b74d74cc453d23f182e87862ad878c6,10271565719631992204238,Wizard Shiba 🧙‍♂️🦮,🧙‍♂️WIZ🧙‍♂️,18,199,164470,7500000000,123956,13284611,deprecated,0x7ff36ab5,"swapExactETHForTokens(uint256 amountOutMin, address[] path, address to, uint256 deadline)",12431672
12630002,1623638878,0x0681704a5d118063b2b061699356f4bd58b891ceb499ef372448dccdc2269b9b,501,0x214d269671ff67fb93b818561b1673725769d4697da43b78ae5eac30e999c5f6,0x92dedef59251bd701a4691524eb2f350f5cc93b5,0x23dbf11ddc9a9aa56a673e67e302b86e3d25a97f,0xf76a0bbd40bd8c64905ce1ef625644949d0d0995,10269828322654752111190,Wizard Shiba 🧙‍♂️🦮,🧙‍♂️WIZ🧙‍♂️,18,142,277874,13200000000,123956,12073263,deprecated,0x7ff36ab5,"swapExactETHForTokens(uint256 amountOutMin, address[] path, address to, uint256 deadline)",12431668
12630028,1623639188,0xecd5fa69cfff8d30a309da7461825879ddccef7cecc7d3b78b9702b9b7740316,837,0x5d56db0b5d7c482f19ce662f0d171ae3d40e26ee4d20b39f01362aeaa289478d,0x92dedef59251bd701a4691524eb2f350f5cc93b5,0x23dbf11ddc9a9aa56a673e67e302b86e3d25a97f,0x3c9f50c9d4be35c734290b95f563d4dd621e240c,493844483123718412283461,Wizard Shiba 🧙‍♂️🦮,🧙‍♂️WIZ🧙‍♂️,18,143,166611,15000000000,114259,7705437,deprecated,0xfb3bdb41,"swapETHForExactTokens(uint256 amountOut, address[] path, address to, uint256 deadline)",12431642
12630029,1623639223,0xa9ad49d1b0f98031954a074b2803c8189aade17d07b29950e58c2335755baff3,28,0x08ebeac4cd9a7c7315ce3a5a5b74125ea3545d10b39c7cdc7d62b9701dad4870,0x92dedef59251bd701a4691524eb2f350f5cc93b5,0x23dbf11ddc9a9aa56a673e67e302b86e3d25a97f,0x4dd1d9f5a065b5127ef2b89dc6dd3ee17449de47,40728686199106223379778,Wizard Shiba 🧙‍♂️🦮,🧙‍♂️WIZ🧙‍♂️,18,29,179422,15400000000,123956,2100679,deprecated,0x7ff36ab5,"swapExactETHForTokens(uint256 amountOutMin, address[] path, address to, uint256 deadline)",12431641
12630065,1623639926,0x4a8ebc7123c856d4f5ed79665a10e619cc4b5314da4cdabeb896f62ac988a998,184,0x1f8fa21695842dd1a92aa87285106883b4c664825639ae548a1a1fa747c5cb8a,0x92dedef59251bd701a4691524eb2f350f5cc93b5,0x23dbf11ddc9a9aa56a673e67e302b86e3d25a97f,0xb36e273050c0a95236f400b2d7fe93e527444cdd,101701865796930607203186,Wizard Shiba 🧙‍♂️🦮,🧙‍♂️WIZ🧙‍♂️,18,99,299014,14300000001,123944,5966025,deprecated,0x7ff36ab5,"swapExactETHForTokens(uint256 amountOutMin, address[] path, address to, uint256 deadline)",12431605
12630134,1623640716,0xee353a85d19a2bce986808e909e06c8a16626eff515250a9f3ed3f28a237e61a,306,0x03d44eb827681562294759f5b48ec8092b037daa46e9c0a2ca9be2b24d1ca735,0x92dedef59251bd701a4691524eb2f350f5cc93b5,0x23dbf11ddc9a9aa56a673e67e302b86e3d25a97f,0x3d9fe7337f067dd52d1dc8cb45490b1ad6c2f65b,202891483058619184594179,Wizard Shiba 🧙‍♂️🦮,🧙‍♂️WIZ🧙‍♂️,18,70,154842,13000000000,125518,4579989,deprecated,0xd9627aa4,"sellToUniswap(address[] tokens, uint256 sellAmount, uint256 minBuyAmount, bool isSushi)",12431536
12630197,1623641482,0x49619c79a6b8984e2157abd1d9cf296bda3bb2f432a88ebfbd910dc9d7c2402d,270,0x3e63a404a3405ff8a5e305dd586d2641a4d36d36e2447002122cb49e28bf2bcc,0x92dedef59251bd701a4691524eb2f350f5cc93b5,0x23dbf11ddc9a9aa56a673e67e302b86e3d25a97f,0xef0ca53a4cf48dffb51a49d11c3c5a22471b5308,362000000000000000000000,Wizard Shiba 🧙‍♂️🦮,🧙‍♂️WIZ🧙‍♂️,18,206,171510,12000000000,131335,14116413,deprecated,0xfb3bdb41,"swapETHForExactTokens(uint256 amountOut, address[] path, address to, uint256 deadline)",12431473
12630197,1623641482,0x84cdb353d25589f7e999dd311ae39ebffa694af585fc1081b35f96f3590ff5c6,271,0x3e63a404a3405ff8a5e305dd586d2641a4d36d36e2447002122cb49e28bf2bcc,0x92dedef59251bd701a4691524eb2f350f5cc93b5,0x23dbf11ddc9a9aa56a673e67e302b86e3d25a97f,0x68d729701dbaa95f97fdbe85798de3a997b88b35,482000000000000000000000,Wizard Shiba 🧙‍♂️🦮,🧙‍♂️WIZ🧙‍♂️,18,209,171510,12000000000,120919,14325347,deprecated,0xfb3bdb41,"swapETHForExactTokens(uint256 amountOut, address[] path, address to, uint256 deadline)",12431473
12630197,1623641482,0xf6b70cd82d224da631b097f493f18c7bb5566f2b98e42f74487dfec1b582d11a,272,0x3e63a404a3405ff8a5e305dd586d2641a4d36d36e2447002122cb49e28bf2bcc,0x92dedef59251bd701a4691524eb2f350f5cc93b5,0x23dbf11ddc9a9aa56a673e67e302b86e3d25a97f,0x61c2ef52beb76c3165068d469f4bde8646bf4ffa,665000000000000000000000,Wizard Shiba 🧙‍♂️🦮,🧙‍♂️WIZ🧙‍♂️,18,211,171510,12000000000,120919,14498050,deprecated,0xfb3bdb41,"swapETHForExactTokens(uint256 amountOut, address[] path, address to, uint256 deadline)",12431473
12630197,1623641482,0xcf1ea232c139957a869be80f958541c36b736727476356cba86bd13df465315f,273,0x3e63a404a3405ff8a5e305dd586d2641a4d36d36e2447002122cb49e28bf2bcc,0x92dedef59251bd701a4691524eb2f350f5cc93b5,0x23dbf11ddc9a9aa56a673e67e302b86e3d25a97f,0x16dee2917f54343d3f1daaeae46acaf78be6aa87,345000000000000000000000,Wizard Shiba 🧙‍♂️🦮,🧙‍♂️WIZ🧙‍♂️,18,214,171510,12000000000,120919,14671090,deprecated,0xfb3bdb41,"swapETHForExactTokens(uint256 amountOut, address[] path, address to, uint256 deadline)",12431473
12630198,1623641517,0x34a16884159fbc1b6c7e22d5ae1c9c13c4817fb5e4eb50e9cd25f2fdd372dd88,274,0x4cee9c6586f85bef52b6095f4f37317c949361f442768866f1b4089eafaa63a0,0x92dedef59251bd701a4691524eb2f350f5cc93b5,0x23dbf11ddc9a9aa56a673e67e302b86e3d25a97f,0x218c6dc0fa48c1c67658e919722d9566fc431ba6,641000000000000000000000,Wizard Shiba 🧙‍♂️🦮,🧙‍♂️WIZ🧙‍♂️,18,25,171510,12000000000,131335,3359622,deprecated,0xfb3bdb41,"swapETHForExactTokens(uint256 amountOut, address[] path, address to, uint256 deadline)",12431472
12630199,1623641522,0x32eb51f2bab7234b977ee70fd402e5063ae25406e69d7b763759712b0f1f3adc,275,0x6f6417055628a6c29143633dd76c9f7bc0b63dc78f0151bce50815834b4d852a,0x92dedef59251bd701a4691524eb2f350f5cc93b5,0x23dbf11ddc9a9aa56a673e67e302b86e3d25a97f,0xb5c63de24208ede3aa15d6ec2053b3e537ef04bb,406000000000000000000000,Wizard Shiba 🧙‍♂️🦮,🧙‍♂️WIZ🧙‍♂️,18,109,160053,12000000000,131335,5231432,deprecated,0xfb3bdb41,"swapETHForExactTokens(uint256 amountOut, address[] path, address to, uint256 deadline)",12431471
12630200,1623641530,0xbe9cc89cb2fb4224fc7c43433f126f7f77dc591d596b07a94f75e7e2cb807b5d,276,0xbf3c9c14820635b4fe3f1a742ad0a4a4e16622a3cc9a4162c7f479cb5786633b,0x92dedef59251bd701a4691524eb2f350f5cc93b5,0x23dbf11ddc9a9aa56a673e67e302b86e3d25a97f,0xafa234e08f981ddccd4920436bd947e5e71fa29e,250000000000000000000000,Wizard Shiba 🧙‍♂️🦮,🧙‍♂️WIZ🧙‍♂️,18,135,160053,12000000000,131335,7365952,deprecated,0xfb3bdb41,"swapETHForExactTokens(uint256 amountOut, address[] path, address to, uint256 deadline)",12431470
12630201,1623641550,0x3b7d6f5861fd17db286af801cc2e6808a2626b0855f4d79b1ab3ddd04986713c,277,0xb362bc721dddeecd3b6b3e5284ba43b6aef08d25efaed815e342976d3a8b8d49,0x92dedef59251bd701a4691524eb2f350f5cc93b5,0x23dbf11ddc9a9aa56a673e67e302b86e3d25a97f,0x9f2678bb8ecd50b65714816b4dcd5fa24d67f978,454000000000000000000000,Wizard Shiba 🧙‍♂️🦮,🧙‍♂️WIZ🧙‍♂️,18,207,160053,12000000000,131335,8812715,deprecated,0xfb3bdb41,"swapETHForExactTokens(uint256 amountOut, address[] path, address to, uint256 deadline)",12431469
12630201,1623641550,0xc7115df6e7b575b4ab64e91d067621f53f54b166a4f6ae677a846cfaa4d4e9a0,278,0xb362bc721dddeecd3b6b3e5284ba43b6aef08d25efaed815e342976d3a8b8d49,0x92dedef59251bd701a4691524eb2f350f5cc93b5,0x23dbf11ddc9a9aa56a673e67e302b86e3d25a97f,0xe270d27fd1e1eb42857b297ebe5fec5b66ae81e0,337000000000000000000000,Wizard Shiba 🧙‍♂️🦮,🧙‍♂️WIZ🧙‍♂️,18,212,160053,12000000000,120919,9062272,deprecated,0xfb3bdb41,"swapETHForExactTokens(uint256 amountOut, address[] path, address to, uint256 deadline)",12431469
12630202,1623641567,0x80f1b3e4d5eaa68e21f723701d46afc9f3c0b6b92633eb733e4855b3c8d02892,279,0x30570002fbfaa16fb81b100cd20a1dca16415db267de295207517aa8615950c0,0x92dedef59251bd701a4691524eb2f350f5cc93b5,0x23dbf11ddc9a9aa56a673e67e302b86e3d25a97f,0xb2fd74bff2f61237ed8d2023e16e83c587e7a197,415000000000000000000000,Wizard Shiba 🧙‍♂️🦮,🧙‍♂️WIZ🧙‍♂️,18,161,160053,12000000000,131335,9441384,deprecated,0xfb3bdb41,"swapETHForExactTokens(uint256 amountOut, address[] path, address to, uint256 deadline)",12431468
12630202,1623641567,0xf8a0754aafa21cb19f208615cb417769883cc2f21f6ec7e8165eb5889ada924a,280,0x30570002fbfaa16fb81b100cd20a1dca16415db267de295207517aa8615950c0,0x92dedef59251bd701a4691524eb2f350f5cc93b5,0x23dbf11ddc9a9aa56a673e67e302b86e3d25a97f,0xc38a3325f70f5ec5578aec346801c611750d71a3,686000000000000000000000,Wizard Shiba 🧙‍♂️🦮,🧙‍♂️WIZ🧙‍♂️,18,166,160053,12000000000,120919,9852811,deprecated,0xfb3bdb41,"swapETHForExactTokens(uint256 amountOut, address[] path, address to, uint256 deadline)",12431468
12630202,1623641567,0xd9bd6767334272c38e0f1037cde706bb1dc8e06b0345b5e38afc204382732972,281,0x30570002fbfaa16fb81b100cd20a1dca16415db267de295207517aa8615950c0,0x92dedef59251bd701a4691524eb2f350f5cc93b5,0x23dbf11ddc9a9aa56a673e67e302b86e3d25a97f,0xfb8578ba5ba33c0aadafe1b0454fab15417ee74a,399000000000000000000000,Wizard Shiba 🧙‍♂️🦮,🧙‍♂️WIZ🧙‍♂️,18,168,160053,12000000000,120919,10084067,deprecated,0xfb3bdb41,"swapETHForExactTokens(uint256 amountOut, address[] path, address to, uint256 deadline)",12431468
12630203,1623641593,0x50c705bf794c4efa5ece1ae23902895ff1e462fca477c6f36326c2afd1c2a89a,282,0x0a681048ea3c465e82eb13b9e376a5681632bc5b99b6b2637271427bcaf3666b,0x92dedef59251bd701a4691524eb2f350f5cc93b5,0x23dbf11ddc9a9aa56a673e67e302b86e3d25a97f,0x1bb5aeb65c919a3c99fb2e3cc69488a839efc147,415000000000000000000000,Wizard Shiba 🧙‍♂️🦮,🧙‍♂️WIZ🧙‍♂️,18,66,160053,12000000000,131335,3063756,deprecated,0xfb3bdb41,"swapETHForExactTokens(uint256 amountOut, address[] path, address to, uint256 deadline)",12431467
12630206,1623641620,0xc63145641fd664ee9c30554dc0b0eb1e0889d2587ad15bb76c2846a63fb28022,283,0x207c02db1734418bd4d26041a245df13f204a655f11e88943e9034787ecc0262,0x92dedef59251bd701a4691524eb2f350f5cc93b5,0x23dbf11ddc9a9aa56a673e67e302b86e3d25a97f,0x42080ad90b8bd2e817c58b7adb3beed809397e02,387000000000000000000000,Wizard Shiba 🧙‍♂️🦮,🧙‍♂️WIZ🧙‍♂️,18,34,160053,12000000000,131335,4236966,deprecated,0xfb3bdb41,"swapETHForExactTokens(uint256 amountOut, address[] path, address to, uint256 deadline)",12431464
12630207,1623641628,0x9140369febc000e8121397ed13aa4c0fed09e721c759bb97489e9801d32af3e9,284,0x0cc6eb42bdd8cc0551ab115c45d98ee5e1b02de6b6fbd523045ad512716a3a2e,0x92dedef59251bd701a4691524eb2f350f5cc93b5,0x23dbf11ddc9a9aa56a673e67e302b86e3d25a97f,0x1958ceffdf59f4b44160b69ac696a6e8ebd7cb52,296000000000000000000000,Wizard Shiba 🧙‍♂️🦮,🧙‍♂️WIZ🧙‍♂️,18,281,171497,12000000000,131323,9249753,deprecated,0xfb3bdb41,"swapETHForExactTokens(uint256 amountOut, address[] path, address to, uint256 deadline)",12431463
12630208,1623641639,0x0340198627bde0b68594b2243e0dddda38624d97a609d73aa18f31c55708d2f2,285,0xa396d496b680e72ddae918a2952121209ddec6ff97b5b3d0d243df727ffdc78a,0x92dedef59251bd701a4691524eb2f350f5cc93b5,0x23dbf11ddc9a9aa56a673e67e302b86e3d25a97f,0x1ae2b7d361c4fffc735f6a8c53d2460a7d3d134e,413000000000000000000000,Wizard Shiba 🧙‍♂️🦮,🧙‍♂️WIZ🧙‍♂️,18,83,171510,12000000000,131335,5491137,deprecated,0xfb3bdb41,"swapETHForExactTokens(uint256 amountOut, address[] path, address to, uint256 deadline)",12431462
12630208,1623641639,0xef4644bc7786841cca93f403893bd994d7888f12975c78e96bdf213cb2b6cb5e,286,0xa396d496b680e72ddae918a2952121209ddec6ff97b5b3d0d243df727ffdc78a,0x92dedef59251bd701a4691524eb2f350f5cc93b5,0x23dbf11ddc9a9aa56a673e67e302b86e3d25a97f,0x1827a88dca6bbe2fa33c6268d4883cb4fcc1094f,376000000000000000000000,Wizard Shiba 🧙‍♂️🦮,🧙‍♂️WIZ🧙‍♂️,18,84,160026,12000000000,120895,5612032,deprecated,0xfb3bdb41,"swapETHForExactTokens(uint256 amountOut, address[] path, address to, uint256 deadline)",12431462
12630210,1623641685,0x2c621a09a090b51ee9f8641fe9cd4a098a3ce33da7edd6b8edd682b8f89b5a70,287,0x4bc669702d5f4fcdc8ae4296fba6328c2172a12b0ff8b1b0c4cf1a32a4907d59,0x92dedef59251bd701a4691524eb2f350f5cc93b5,0x23dbf11ddc9a9aa56a673e67e302b86e3d25a97f,0x423586a789541af29046e786709d4aa87d272821,629000000000000000000000,Wizard Shiba 🧙‍♂️🦮,🧙‍♂️WIZ🧙‍♂️,18,145,160053,13000000000,131335,10181895,deprecated,0xfb3bdb41,"swapETHForExactTokens(uint256 amountOut, address[] path, address to, uint256 deadline)",12431460
12630210,1623641685,0x2eed972c7db18fa4ac0620159c0f979ad51f141617712d44c5d26fda78766bbe,288,0x4bc669702d5f4fcdc8ae4296fba6328c2172a12b0ff8b1b0c4cf1a32a4907d59,0x92dedef59251bd701a4691524eb2f350f5cc93b5,0x23dbf11ddc9a9aa56a673e67e302b86e3d25a97f,0xc917decc0a56a1efce1a66acc19ad4884c7fe16d,718000000000000000000000,Wizard Shiba 🧙‍♂️🦮,🧙‍♂️WIZ🧙‍♂️,18,147,160053,13000000000,120919,10366023,deprecated,0xfb3bdb41,"swapETHForExactTokens(uint256 amountOut, address[] path, address to, uint256 deadline)",12431460
12630210,1623641685,0xbec33ccd5cb880bac87d8a0f3577f36431356d44f8fb4d281ae2ce23709e9c4b,289,0x4bc669702d5f4fcdc8ae4296fba6328c2172a12b0ff8b1b0c4cf1a32a4907d59,0x92dedef59251bd701a4691524eb2f350f5cc93b5,0x23dbf11ddc9a9aa56a673e67e302b86e3d25a97f,0x8dc3f619839b8df1f54a4a05a2b8eb143d5c7d44,444000000000000000000000,Wizard Shiba 🧙‍♂️🦮,🧙‍♂️WIZ🧙‍♂️,18,148,160053,13000000000,120919,10486942,deprecated,0xfb3bdb41,"swapETHForExactTokens(uint256 amountOut, address[] path, address to, uint256 deadline)",12431460
12630210,1623641685,0x57333d1ae49efe594b46848ad5efa3a622cef2367bfe208050391d18e3f9a236,290,0x4bc669702d5f4fcdc8ae4296fba6328c2172a12b0ff8b1b0c4cf1a32a4907d59,0x92dedef59251bd701a4691524eb2f350f5cc93b5,0x23dbf11ddc9a9aa56a673e67e302b86e3d25a97f,0x933c3c9928203e0f472efb356bd286b8631046e9,418000000000000000000000,Wizard Shiba 🧙‍♂️🦮,🧙‍♂️WIZ🧙‍♂️,18,149,160053,13000000000,120919,10607861,deprecated,0xfb3bdb41,"swapETHForExactTokens(uint256 amountOut, address[] path, address to, uint256 deadline)",12431460
12630210,1623641685,0xa8811013029a3f22f5a89f5e60664b0fc3b35dddcb60902e51415703c3c1fec6,291,0x4bc669702d5f4fcdc8ae4296fba6328c2172a12b0ff8b1b0c4cf1a32a4907d59,0x92dedef59251bd701a4691524eb2f350f5cc93b5,0x23dbf11ddc9a9aa56a673e67e302b86e3d25a97f,0x3bb5401d7266dfffafeaa041b7c2df13fe4e1d8b,647000000000000000000000,Wizard Shiba 🧙‍♂️🦮,🧙‍♂️WIZ🧙‍♂️,18,150,160053,13000000000,120919,10728780,deprecated,0xfb3bdb41,"swapETHForExactTokens(uint256 amountOut, address[] path, address to, uint256 deadline)",12431460
12630210,1623641685,0x95d7129846ddc35ba201f5209d178042f84a0af9760ec57b295d21c6193ab2eb,292,0x4bc669702d5f4fcdc8ae4296fba6328c2172a12b0ff8b1b0c4cf1a32a4907d59,0x92dedef59251bd701a4691524eb2f350f5cc93b5,0x23dbf11ddc9a9aa56a673e67e302b86e3d25a97f,0x49c9d4724b6509882c722dcf905ebe4615cbb2d4,348000000000000000000000,Wizard Shiba 🧙‍♂️🦮,🧙‍♂️WIZ🧙‍♂️,18,151,141243,13000000000,103819,10832599,deprecated,0xfb3bdb41,"swapETHForExactTokens(uint256 amountOut, address[] path, address to, uint256 deadline)",12431460
12630210,1623641685,0xe770dfb1686cbb093ba7956af39b6ffc2920772ae6b6d431cd893a752bcd7202,293,0x4bc669702d5f4fcdc8ae4296fba6328c2172a12b0ff8b1b0c4cf1a32a4907d59,0x92dedef59251bd701a4691524eb2f350f5cc93b5,0x23dbf11ddc9a9aa56a673e67e302b86e3d25a97f,0x0b1393fd488f0cba8d15706b760a871c77f86390,516000000000000000000000,Wizard Shiba 🧙‍♂️🦮,🧙‍♂️WIZ🧙‍♂️,18,159,152700,13000000000,103819,11415994,deprecated,0xfb3bdb41,"swapETHForExactTokens(uint256 amountOut, address[] path, address to, uint256 deadline)",12431460
12630212,1623641743,0xefe0438cddee66942c4213d58602183b7bd0dea49072a62e1662e1a8028c414e,294,0x7191c6e56e1d2fd77739d8e23043308c8119ac0f9615368abaf86a0ad38a6552,0x92dedef59251bd701a4691524eb2f350f5cc93b5,0x23dbf11ddc9a9aa56a673e67e302b86e3d25a97f,0x70a96ea5a3f8f0c4fc0fa010149cfed06b898456,539000000000000000000000,Wizard Shiba 🧙‍♂️🦮,🧙‍♂️WIZ🧙‍♂️,18,20,171510,19300000000,131335,740933,deprecated,0xfb3bdb41,"swapETHForExactTokens(uint256 amountOut, address[] path, address to, uint256 deadline)",12431458
12630213,1623641757,0xccd1969573f68b4e1f42e17ce076d918ff71a3d261a34332505e5fb8a49c397d,295,0x97da3850014716a6e6621cbcc7604a2826b015cb992686d7c790814d1e5c3424,0x92dedef59251bd701a4691524eb2f350f5cc93b5,0x23dbf11ddc9a9aa56a673e67e302b86e3d25a97f,0x2c1bdede8786a33ffd35b7ad889cb4085f8c2a1c,614000000000000000000000,Wizard Shiba 🧙‍♂️🦮,🧙‍♂️WIZ🧙‍♂️,18,212,171510,13000000000,131335,11933144,deprecated,0xfb3bdb41,"swapETHForExactTokens(uint256 amountOut, address[] path, address to, uint256 deadline)",12431457
12630214,1623641811,0x1f7c3e22e81d41ccf968ac070df692ea037866fa52a8af75ecc3f1ad060fc4c9,296,0x4a4f557eb3751e3fbffd5156802766de56f7d08d9cd942323b94ae5be69c5910,0x92dedef59251bd701a4691524eb2f350f5cc93b5,0x23dbf11ddc9a9aa56a673e67e302b86e3d25a97f,0xbb817cf5571a56f19325c7841f6142a70c13496e,344000000000000000000000,Wizard Shiba 🧙‍♂️🦮,🧙‍♂️WIZ🧙‍♂️,18,188,171497,12000000000,131323,12536216,deprecated,0xfb3bdb41,"swapETHForExactTokens(uint256 amountOut, address[] path, address to, uint256 deadline)",12431456
12630214,1623641811,0x7e98e7fbb2d0793ac9cbf73f3b88386343324c07b6c4b42899b4dc904888c27e,297,0x4a4f557eb3751e3fbffd5156802766de56f7d08d9cd942323b94ae5be69c5910,0x92dedef59251bd701a4691524eb2f350f5cc93b5,0x23dbf11ddc9a9aa56a673e67e302b86e3d25a97f,0xab07671170a866eab7312bc0bd18ddb2294fd220,516000000000000000000000,Wizard Shiba 🧙‍♂️🦮,🧙‍♂️WIZ🧙‍♂️,18,196,160053,12000000000,120919,14040378,deprecated,0xfb3bdb41,"swapETHForExactTokens(uint256 amountOut, address[] path, address to, uint256 deadline)",12431456
12630215,1623641852,0xa2c10d48f82e261a3d3e24cf3ceb1806643d58f6757a815c7f92d252250fba22,298,0x80efb4026ec6592ccaae67c7afd30bd0cdd7bb8c133562383c912e4fa887ebeb,0x92dedef59251bd701a4691524eb2f350f5cc93b5,0x23dbf11ddc9a9aa56a673e67e302b86e3d25a97f,0x29ca2b4b97ed72df40740a6b1cc41815e8d1f248,761000000000000000000000,Wizard Shiba 🧙‍♂️🦮,🧙‍♂️WIZ🧙‍♂️,18,58,141243,15000000000,114235,3945172,deprecated,0xfb3bdb41,"swapETHForExactTokens(uint256 amountOut, address[] path, address to, uint256 deadline)",12431455
12630221,1623641903,0xe95cd7afaa3c46d748b40ade3063ca11a0d158a0b3b4633d1c534fe91c7aeaf3,299,0xfb7e9f0c76fc24a8d1b096d59af66502a1a643c8de66e811c45bda7e4fdf478f,0x92dedef59251bd701a4691524eb2f350f5cc93b5,0x23dbf11ddc9a9aa56a673e67e302b86e3d25a97f,0xef038696fdc2811467f1ce1e4ce436ae81f7eb79,451000000000000000000000,Wizard Shiba 🧙‍♂️🦮,🧙‍♂️WIZ🧙‍♂️,18,58,171510,16000000000,131335,2831391,deprecated,0xfb3bdb41,"swapETHForExactTokens(uint256 amountOut, address[] path, address to, uint256 deadline)",12431449
12630221,1623641903,0x86c9da6d304504293013faca6477a2af6aae0c89c22f8c126087f7a114e898a2,300,0xfb7e9f0c76fc24a8d1b096d59af66502a1a643c8de66e811c45bda7e4fdf478f,0x92dedef59251bd701a4691524eb2f350f5cc93b5,0x23dbf11ddc9a9aa56a673e67e302b86e3d25a97f,0x9b07b9765750b888c3f8d75e063b3b3db93233ed,381000000000000000000000,Wizard Shiba 🧙‍♂️🦮,🧙‍♂️WIZ🧙‍♂️,18,59,171510,16000000000,120919,2952310,deprecated,0xfb3bdb41,"swapETHForExactTokens(uint256 amountOut, address[] path, address to, uint256 deadline)",12431449
12630221,1623641903,0xb09221fe800fc9044a05f8863ea355db8bce10c965400cd7f44c8313f993ec81,301,0xfb7e9f0c76fc24a8d1b096d59af66502a1a643c8de66e811c45bda7e4fdf478f,0x92dedef59251bd701a4691524eb2f350f5cc93b5,0x23dbf11ddc9a9aa56a673e67e302b86e3d25a97f,0xb93ed1ebf7182cdacffcd83364beecda9cfc04ef,567000000000000000000000,Wizard Shiba 🧙‍♂️🦮,🧙‍♂️WIZ🧙‍♂️,18,60,152700,16000000000,103819,3056129,deprecated,0xfb3bdb41,"swapETHForExactTokens(uint256 amountOut, address[] path, address to, uint256 deadline)",12431449
12630221,1623641903,0x94415efdf0a481d7e0f822f70d8c31829da7eb448f554c965d9b4b5ac3376458,302,0xfb7e9f0c76fc24a8d1b096d59af66502a1a643c8de66e811c45bda7e4fdf478f,0x92dedef59251bd701a4691524eb2f350f5cc93b5,0x23dbf11ddc9a9aa56a673e67e302b86e3d25a97f,0x6faa1f0a8be85bd7b5183c7a69808fd377c03734,814000000000000000000000,Wizard Shiba 🧙‍♂️🦮,🧙‍♂️WIZ🧙‍♂️,18,62,171510,16000000000,120919,3208157,deprecated,0xfb3bdb41,"swapETHForExactTokens(uint256 amountOut, address[] path, address to, uint256 deadline)",12431449
12630222,1623641915,0x31ed4489938faaf037062272208981da761c8720019fb6f8eaf238139ab33563,303,0xe60c12fd1d454e7cc7e7b5556cde2785efbafec2219e041057e18bf3dd1d682c,0x92dedef59251bd701a4691524eb2f350f5cc93b5,0x23dbf11ddc9a9aa56a673e67e302b86e3d25a97f,0x448d9930487bed6aaed00501e86ec919f3de5972,382000000000000000000000,Wizard Shiba 🧙‍♂️🦮,🧙‍♂️WIZ🧙‍♂️,18,170,160053,16000000000,131335,11143501,deprecated,0xfb3bdb41,"swapETHForExactTokens(uint256 amountOut, address[] path, address to, uint256 deadline)",12431448
12630222,1623641915,0x16f79066c282a62840cb40cbb22f6a42fef9296565010abc0a4f818222dd6217,304,0xe60c12fd1d454e7cc7e7b5556cde2785efbafec2219e041057e18bf3dd1d682c,0x92dedef59251bd701a4691524eb2f350f5cc93b5,0x23dbf11ddc9a9aa56a673e67e302b86e3d25a97f,0xeb23ccad8131cd225016215a21453556d0888d26,194000000000000000000000,Wizard Shiba 🧙‍♂️🦮,🧙‍♂️WIZ🧙‍♂️,18,173,160053,16000000000,120919,11447322,deprecated,0xfb3bdb41,"swapETHForExactTokens(uint256 amountOut, address[] path, address to, uint256 deadline)",12431448
12630222,1623641915,0x9c16d278918c3c00ef60203c412440e4acfdef23d018453c8c2a394c62a3438a,305,0xe60c12fd1d454e7cc7e7b5556cde2785efbafec2219e041057e18bf3dd1d682c,0x92dedef59251bd701a4691524eb2f350f5cc93b5,0x23dbf11ddc9a9aa56a673e67e302b86e3d25a97f,0xed4488d8b10359996676f4266bab4de077f68a62,659000000000000000000000,Wizard Shiba 🧙‍♂️🦮,🧙‍♂️WIZ🧙‍♂️,18,179,160053,16000000000,120919,12203488,deprecated,0xfb3bdb41,"swapETHForExactTokens(uint256 amountOut, address[] path, address to, uint256 deadline)",12431448
12630222,1623641915,0x2a976c7ec03996191ab4d32886d4447a82c93e2f08e5d7a57bf998919ea92366,306,0xe60c12fd1d454e7cc7e7b5556cde2785efbafec2219e041057e18bf3dd1d682c,0x92dedef59251bd701a4691524eb2f350f5cc93b5,0x23dbf11ddc9a9aa56a673e67e302b86e3d25a97f,0x011ea68c15f4a8316da45c1e7844311cdd0ba149,342000000000000000000000,Wizard Shiba 🧙‍♂️🦮,🧙‍♂️WIZ🧙‍♂️,18,184,160053,16000000000,120919,12612960,deprecated,0xfb3bdb41,"swapETHForExactTokens(uint256 amountOut, address[] path, address to, uint256 deadline)",12431448
12630224,1623641970,0x56b65788e66718936b92b308400298c6a8e99026a88686501187b5a10f0e2314,307,0xe42b828a4149f4dc529a57adbfaa72bd4c7a5983be12c66c5e6bd491bc94a46e,0x92dedef59251bd701a4691524eb2f350f5cc93b5,0x23dbf11ddc9a9aa56a673e67e302b86e3d25a97f,0x3751111e652797ffbd6438c754e9c5b35c80404b,199000000000000000000000,Wizard Shiba 🧙‍♂️🦮,🧙‍♂️WIZ🧙‍♂️,18,43,160053,16000000000,131335,3408063,deprecated,0xfb3bdb41,"swapETHForExactTokens(uint256 amountOut, address[] path, address to, uint256 deadline)",12431446
12630225,1623641981,0x78373b5d500b1660d45b62f034c7870ce32baa523adb456853a72928b08f1088,308,0xbb60205c008ba1a06714da03ab34f5503c2fa26563c39dcd2644069b96731484,0x92dedef59251bd701a4691524eb2f350f5cc93b5,0x23dbf11ddc9a9aa56a673e67e302b86e3d25a97f,0x01e29157461efd5e6ddee78a9501ac6087fd0bc0,315000000000000000000000,Wizard Shiba 🧙‍♂️🦮,🧙‍♂️WIZ🧙‍♂️,18,90,171510,16000000000,131335,5069944,deprecated,0xfb3bdb41,"swapETHForExactTokens(uint256 amountOut, address[] path, address to, uint256 deadline)",12431445
12630225,1623641981,0x2788b3f4c848f6e5a36ae0a8a960e70a57580170e65dfbb4c0176cf3d21e73ff,309,0xbb60205c008ba1a06714da03ab34f5503c2fa26563c39dcd2644069b96731484,0x92dedef59251bd701a4691524eb2f350f5cc93b5,0x23dbf11ddc9a9aa56a673e67e302b86e3d25a97f,0xada4389661b5aa5756636ca7d3c051c3d04edabb,541000000000000000000000,Wizard Shiba 🧙‍♂️🦮,🧙‍♂️WIZ🧙‍♂️,18,91,160053,16000000000,120919,5190863,deprecated,0xfb3bdb41,"swapETHForExactTokens(uint256 amountOut, address[] path, address to, uint256 deadline)",12431445
12630225,1623641981,0x58eeac7453e1d0f0d8a9fd2fe5a7272c7f22384f5bc829aa3f9fa648812594a1,310,0xbb60205c008ba1a06714da03ab34f5503c2fa26563c39dcd2644069b96731484,0x92dedef59251bd701a4691524eb2f350f5cc93b5,0x23dbf11ddc9a9aa56a673e67e302b86e3d25a97f,0xa4efdd15c691e98713a81be2b243bcf4d2b04a69,497000000000000000000000,Wizard Shiba 🧙‍♂️🦮,🧙‍♂️WIZ🧙‍♂️,18,97,141243,16000000000,103819,5750197,deprecated,0xfb3bdb41,"swapETHForExactTokens(uint256 amountOut, address[] path, address to, uint256 deadline)",12431445
12630226,1623642003,0x42b20222de8fb944836347d8795d98e8f8953a8b6ed848410f66e26231ef721a,311,0xa242fb7160ff3f571ba37d5fdb2c9c8ce6a1b2a992be5b5bd904fdf5df4f6f08,0x92dedef59251bd701a4691524eb2f350f5cc93b5,0x23dbf11ddc9a9aa56a673e67e302b86e3d25a97f,0xb66e54ba13d5dc3a0575d6f054da605af7f154ad,313000000000000000000000,Wizard Shiba 🧙‍♂️🦮,🧙‍♂️WIZ🧙‍♂️,18,26,160053,16000000000,131335,2708973,deprecated,0xfb3bdb41,"swapETHForExactTokens(uint256 amountOut, address[] path, address to, uint256 deadline)",12431444
12630227,1623642009,0xb41ae93658d9442397bbb25bdde5e43cc836fe4118ac97292c52bce772a64379,312,0x8a6765bded9edb24b299ceab101ea9736bc7bc7f129588fba2e2a0e84bd07e43,0x92dedef59251bd701a4691524eb2f350f5cc93b5,0x23dbf11ddc9a9aa56a673e67e302b86e3d25a97f,0x30558138c3a58834a9e1ca67527147b3ae4cdd9d,575000000000000000000000,Wizard Shiba 🧙‍♂️🦮,🧙‍♂️WIZ🧙‍♂️,18,60,160053,16000000000,131335,4407924,deprecated,0xfb3bdb41,"swapETHForExactTokens(uint256 amountOut, address[] path, address to, uint256 deadline)",12431443
12630227,1623642009,0x4e111e1e5857f03e3c09cc93c1dc6603c1c35270eb5dcfa6eab75b1b9c79392f,313,0x8a6765bded9edb24b299ceab101ea9736bc7bc7f129588fba2e2a0e84bd07e43,0x92dedef59251bd701a4691524eb2f350f5cc93b5,0x23dbf11ddc9a9aa56a673e67e302b86e3d25a97f,0x5b049c3bef543a181a720dcc6febc9afdab5d377,337000000000000000000000,Wizard Shiba 🧙‍♂️🦮,🧙‍♂️WIZ🧙‍♂️,18,63,160053,16000000000,120919,4613846,deprecated,0xfb3bdb41,"swapETHForExactTokens(uint256 amountOut, address[] path, address to, uint256 deadline)",12431443
12630228,1623642030,0x3bff8a05bca0ae8378a1463bae39adf4d1db95584b687e45398e14a7cf64dd8f,314,0xacb15fd56843fc1d7b418e4321b2c8d40757c1f2feadcf3bf2b2c7a54d517519,0x92dedef59251bd701a4691524eb2f350f5cc93b5,0x23dbf11ddc9a9aa56a673e67e302b86e3d25a97f,0x2d5304ba4f2c6eff5d53cecf64af89818a416cb9,447000000000000000000000,Wizard Shiba 🧙‍♂️🦮,🧙‍♂️WIZ🧙‍♂️,18,63,141243,16000000000,114235,2702235,deprecated,0xfb3bdb41,"swapETHForExactTokens(uint256 amountOut, address[] path, address to, uint256 deadline)",12431442
12630229,1623642050,0x37e092edc0b2afb152ce3d114bc7997d3f553be0d3d05bed70f4d362deb788f9,315,0xa33dd3f54be26c53e3b310a05e319435307db5f08e2eca40f3278ad612720d5c,0x92dedef59251bd701a4691524eb2f350f5cc93b5,0x23dbf11ddc9a9aa56a673e67e302b86e3d25a97f,0x402330b7dcb0647c29ae1d4159b2a7d3ca6e8567,214000000000000000000000,Wizard Shiba 🧙‍♂️🦮,🧙‍♂️WIZ🧙‍♂️,18,57,160053,14000000000,131335,3658394,deprecated,0xfb3bdb41,"swapETHForExactTokens(uint256 amountOut, address[] path, address to, uint256 deadline)",12431441
12630229,1623642050,0xb88e4e48da9ed11f72c8c5a24c0fa6583365e9aa14dbab351b987bbdd8f580ad,316,0xa33dd3f54be26c53e3b310a05e319435307db5f08e2eca40f3278ad612720d5c,0x92dedef59251bd701a4691524eb2f350f5cc93b5,0x23dbf11ddc9a9aa56a673e67e302b86e3d25a97f,0xdda079334b9a6cb2bf5a62db1e1aa6fed64bf80e,611000000000000000000000,Wizard Shiba 🧙‍♂️🦮,🧙‍♂️WIZ🧙‍♂️,18,60,160053,14000000000,120919,3959014,deprecated,0xfb3bdb41,"swapETHForExactTokens(uint256 amountOut, address[] path, address to, uint256 deadline)",12431441
12630229,1623642050,0xc0fe41d3ba140ad97a6f399c02178b938c18ad730e5b523acad41c143807386b,42,0xa33dd3f54be26c53e3b310a05e319435307db5f08e2eca40f3278ad612720d5c,0x92dedef59251bd701a4691524eb2f350f5cc93b5,0x23dbf11ddc9a9aa56a673e67e302b86e3d25a97f,0xadbeb5804494a90a73cdcc2d7b41a45d3cbc40cf,339636788241215982077331,Wizard Shiba 🧙‍♂️🦮,🧙‍♂️WIZ🧙‍♂️,18,130,166724,11000000000,113540,9846536,deprecated,0x7ff36ab5,"swapExactETHForTokens(uint256 amountOutMin, address[] path, address to, uint256 deadline)",12431441
12630230,1623642066,0x3ce5a7169575dcb2c524499b5d7bdcf67cf5f1cc9842d2138c641e30fce5f54a,317,0xf0aef49b455b4c696435cddf558acb3ee153f815baaadfa47b776cca10e7311d,0x92dedef59251bd701a4691524eb2f350f5cc93b5,0x23dbf11ddc9a9aa56a673e67e302b86e3d25a97f,0x47944c1a9899deb665da58e6f42f7b2043c78dc3,314000000000000000000000,Wizard Shiba 🧙‍♂️🦮,🧙‍♂️WIZ🧙‍♂️,18,11,160053,14000000000,131335,546674,deprecated,0xfb3bdb41,"swapETHForExactTokens(uint256 amountOut, address[] path, address to, uint256 deadline)",12431440
12630231,1623642073,0xea1301229ae48e421f36f784f65eda3255e1687c877d9964a513f322c629ca54,318,0xbb3eac103fe77d6cdd54801bc97582f877add21d666b4570544e41db7755efde,0x92dedef59251bd701a4691524eb2f350f5cc93b5,0x23dbf11ddc9a9aa56a673e67e302b86e3d25a97f,0xc0fa8e099dcc61ca512486b67ea5ab88c62bfcba,297000000000000000000000,Wizard Shiba 🧙‍♂️🦮,🧙‍♂️WIZ🧙‍♂️,18,41,160053,14000000000,131335,4636400,deprecated,0xfb3bdb41,"swapETHForExactTokens(uint256 amountOut, address[] path, address to, uint256 deadline)",12431439
12630232,1623642080,0x9a7dd67a0447d228043214a8397d97e907cface0066a18170fd2df055f5f70ef,319,0x45c0d62312bc567e3bd253e96f667995554289ed4d65352e7243adea6889024e,0x92dedef59251bd701a4691524eb2f350f5cc93b5,0x23dbf11ddc9a9aa56a673e67e302b86e3d25a97f,0xee011ab70b1f269b711c88f9d18ab306149ebcbb,345000000000000000000000,Wizard Shiba 🧙‍♂️🦮,🧙‍♂️WIZ🧙‍♂️,18,42,160053,14000000000,131335,3137466,deprecated,0xfb3bdb41,"swapETHForExactTokens(uint256 amountOut, address[] path, address to, uint256 deadline)",12431438
12630233,1623642090,0x03355e9fd268766a38003082046aa4cad6ee4e6ee595003c3ca4326908516b3a,320,0x5fcaad40d42e826316a3f71cff9858809944b2dcb311926bbc1a38581a4971dd,0x92dedef59251bd701a4691524eb2f350f5cc93b5,0x23dbf11ddc9a9aa56a673e67e302b86e3d25a97f,0x13927d028379b125f611e9975fa67e7d898401b8,525000000000000000000000,Wizard Shiba 🧙‍♂️🦮,🧙‍♂️WIZ🧙‍♂️,18,181,160053,14000000000,131335,8987843,deprecated,0xfb3bdb41,"swapETHForExactTokens(uint256 amountOut, address[] path, address to, uint256 deadline)",12431437
12630235,1623642157,0x256e5185b9aa9e012e7f550ec9f0caaea32188a3737746e8fe88efe56a876b95,321,0x3793c58755ce6ccd815579c518f613b2456196f85519b2d1a96b7edc9fb7ece8,0x92dedef59251bd701a4691524eb2f350f5cc93b5,0x23dbf11ddc9a9aa56a673e67e302b86e3d25a97f,0x3ab0b53a0f4c7435d9b601647ed28d50732a09f6,388000000000000000000000,Wizard Shiba 🧙‍♂️🦮,🧙‍♂️WIZ🧙‍♂️,18,25,160053,14000000000,131335,1324908,deprecated,0xfb3bdb41,"swapETHForExactTokens(uint256 amountOut, address[] path, address to, uint256 deadline)",12431435
12630237,1623642168,0x080574c6c6858de289a36debf50cd376285ce294ba3dda28987eac952cdeb227,322,0x8cd115d957ddbc49412f78cef1a10b6b2a0a79df778798d944f307e942945862,0x92dedef59251bd701a4691524eb2f350f5cc93b5,0x23dbf11ddc9a9aa56a673e67e302b86e3d25a97f,0xce24fa0769c3792dfb637e07166edbfc2082f0f3,292000000000000000000000,Wizard Shiba 🧙‍♂️🦮,🧙‍♂️WIZ🧙‍♂️,18,73,160053,14000000000,131335,3914550,deprecated,0xfb3bdb41,"swapETHForExactTokens(uint256 amountOut, address[] path, address to, uint256 deadline)",12431433
12630237,1623642168,0xbaa2a7031f40395c1e05d3be4a1377fc68082a3c21813a459f9592dd66e497ce,323,0x8cd115d957ddbc49412f78cef1a10b6b2a0a79df778798d944f307e942945862,0x92dedef59251bd701a4691524eb2f350f5cc93b5,0x23dbf11ddc9a9aa56a673e67e302b86e3d25a97f,0x632ee829059eec23bbd71e149c5a16afe9f3fe6f,318000000000000000000000,Wizard Shiba 🧙‍♂️🦮,🧙‍♂️WIZ🧙‍♂️,18,75,160053,14000000000,120919,4056469,deprecated,0xfb3bdb41,"swapETHForExactTokens(uint256 amountOut, address[] path, address to, uint256 deadline)",12431433
12630237,1623642168,0x97ea73534c82dae7336537a0d30b8f9509883ebcb1ac823fa6ee5028342c7f0a,324,0x8cd115d957ddbc49412f78cef1a10b6b2a0a79df778798d944f307e942945862,0x92dedef59251bd701a4691524eb2f350f5cc93b5,0x23dbf11ddc9a9aa56a673e67e302b86e3d25a97f,0x2fcfdecb0889ce743fa793bb8c70411a71fca4e9,428000000000000000000000,Wizard Shiba 🧙‍♂️🦮,🧙‍♂️WIZ🧙‍♂️,18,77,160053,14000000000,120919,4382577,deprecated,0xfb3bdb41,"swapETHForExactTokens(uint256 amountOut, address[] path, address to, uint256 deadline)",12431433
12630237,1623642168,0x41422a43562a3854679fc359e435b90fd9c1632b021619c0fdaf88d7862f07c4,325,0x8cd115d957ddbc49412f78cef1a10b6b2a0a79df778798d944f307e942945862,0x92dedef59251bd701a4691524eb2f350f5cc93b5,0x23dbf11ddc9a9aa56a673e67e302b86e3d25a97f,0x91ef92c83a9fc1a13ff69e4397f03a3acdb8106b,246000000000000000000000,Wizard Shiba 🧙‍♂️🦮,🧙‍♂️WIZ🧙‍♂️,18,78,160053,14000000000,120919,4503496,deprecated,0xfb3bdb41,"swapETHForExactTokens(uint256 amountOut, address[] path, address to, uint256 deadline)",12431433
12630237,1623642168,0xab5eae0738c502c71f96ec290528aeee7a91f3c5fd261ace84151808ae99446c,326,0x8cd115d957ddbc49412f78cef1a10b6b2a0a79df778798d944f307e942945862,0x92dedef59251bd701a4691524eb2f350f5cc93b5,0x23dbf11ddc9a9aa56a673e67e302b86e3d25a97f,0x5f7425396747897f91b68149915826afc2c14c16,311000000000000000000000,Wizard Shiba 🧙‍♂️🦮,🧙‍♂️WIZ🧙‍♂️,18,79,160053,14000000000,120919,4624415,deprecated,0xfb3bdb41,"swapETHForExactTokens(uint256 amountOut, address[] path, address to, uint256 deadline)",12431433
12630239,1623642194,0x85da1e9799f56ffef73d9ea75b3186871d3a98df84a9c20fd65ac740af932c39,327,0x92c21de972ca66b74e5118d0587d48a5665c58dde887ae22332a27836c0dc1c2,0x92dedef59251bd701a4691524eb2f350f5cc93b5,0x23dbf11ddc9a9aa56a673e67e302b86e3d25a97f,0x7a8be766c269dc3bb7cbf5d65c17180d1465038b,179000000000000000000000,Wizard Shiba 🧙‍♂️🦮,🧙‍♂️WIZ🧙‍♂️,18,67,171510,15000000000,131335,4795813,deprecated,0xfb3bdb41,"swapETHForExactTokens(uint256 amountOut, address[] path, address to, uint256 deadline)",12431431
12630239,1623642194,0x3feb376da600dd135757b1ce4e0b80e11bd75ea4ef84067d8209a11b8326cf0f,328,0x92c21de972ca66b74e5118d0587d48a5665c58dde887ae22332a27836c0dc1c2,0x92dedef59251bd701a4691524eb2f350f5cc93b5,0x23dbf11ddc9a9aa56a673e67e302b86e3d25a97f,0x1cc287b808747b6438d5d50beb4c7ca50f3f8c1d,411000000000000000000000,Wizard Shiba 🧙‍♂️🦮,🧙‍♂️WIZ🧙‍♂️,18,69,171510,15000000000,120919,4977031,deprecated,0xfb3bdb41,"swapETHForExactTokens(uint256 amountOut, address[] path, address to, uint256 deadline)",12431431
12630241,1623642221,0x7505e309bb29f623f835ac35473e627e2eca8dad0acd0706114881e86f6c50ac,329,0x715a9d0c47f5d6e302f0836f579e98b927e1f1619740506503616cac84619c19,0x92dedef59251bd701a4691524eb2f350f5cc93b5,0x23dbf11ddc9a9aa56a673e67e302b86e3d25a97f,0x0e9005c4494003637aaa4e8d127e74fe2f9d9b00,285000000000000000000000,Wizard Shiba 🧙‍♂️🦮,🧙‍♂️WIZ🧙‍♂️,18,73,171497,15000000000,131323,4949814,deprecated,0xfb3bdb41,"swapETHForExactTokens(uint256 amountOut, address[] path, address to, uint256 deadline)",12431429
12630241,1623642221,0x9033ef8b9037f3a1b040d87e604d5c0ad15762f52af743b276f2a22faab6f2a8,330,0x715a9d0c47f5d6e302f0836f579e98b927e1f1619740506503616cac84619c19,0x92dedef59251bd701a4691524eb2f350f5cc93b5,0x23dbf11ddc9a9aa56a673e67e302b86e3d25a97f,0x8ee36fb6cc8b4d052eec9329cfdd9ff2c44f809b,415000000000000000000000,Wizard Shiba 🧙‍♂️🦮,🧙‍♂️WIZ🧙‍♂️,18,78,171510,15000000000,120919,5473326,deprecated,0xfb3bdb41,"swapETHForExactTokens(uint256 amountOut, address[] path, address to, uint256 deadline)",12431429
12630243,1623642260,0x1d9773a370579616e077928424f6509d4fbde934bb48ff7ab324abc91859e2cb,331,0x142fabafa2375f99ce2071b9143c2a07808cd43db7a8a06fcbc543812049d563,0x92dedef59251bd701a4691524eb2f350f5cc93b5,0x23dbf11ddc9a9aa56a673e67e302b86e3d25a97f,0x38deba1c38405215d786b660ce78c17cb12f96dc,377000000000000000000000,Wizard Shiba 🧙‍♂️🦮,🧙‍♂️WIZ🧙‍♂️,18,34,160040,15000000000,131323,2878604,deprecated,0xfb3bdb41,"swapETHForExactTokens(uint256 amountOut, address[] path, address to, uint256 deadline)",12431427
12630244,1623642267,0xea3b2a41cc98670abbc19b07a59a43b39faa801aa840c6d38444dfc1a960afa3,332,0x7dae063cf6c95287dc47039f817bfc88dde80d7803167c51ac108289049e6133,0x92dedef59251bd701a4691524eb2f350f5cc93b5,0x23dbf11ddc9a9aa56a673e67e302b86e3d25a97f,0xf17ea21b15de9de07e518defe4c8269849646316,279000000000000000000000,Wizard Shiba 🧙‍♂️🦮,🧙‍♂️WIZ🧙‍♂️,18,55,160053,15000000000,131335,3751381,deprecated,0xfb3bdb41,"swapETHForExactTokens(uint256 amountOut, address[] path, address to, uint256 deadline)",12431426
12630246,1623642311,0xe558a4154e2c1db1f134259344cdb56d6199b0780f905534f6b00c1941f6900a,333,0x4343f3d8d78622f4eaf65f1a27566635b257b34d268c1760e0de0a768b8a227a,0x92dedef59251bd701a4691524eb2f350f5cc93b5,0x23dbf11ddc9a9aa56a673e67e302b86e3d25a97f,0xffc273c412aa86eceddf71eb51ed34bac0fc745f,316000000000000000000000,Wizard Shiba 🧙‍♂️🦮,🧙‍♂️WIZ🧙‍♂️,18,379,160053,14000000000,131335,11335044,deprecated,0xfb3bdb41,"swapETHForExactTokens(uint256 amountOut, address[] path, address to, uint256 deadline)",12431424
12630247,1623642332,0x860671d971e46eaeaf2dd80d747334e1c9eaf7e3c5333154b9f573f3c125903e,334,0x8767ea9caae4df0d77fb46aca022a007722170185a451e39737d62c1e77715f3,0x92dedef59251bd701a4691524eb2f350f5cc93b5,0x23dbf11ddc9a9aa56a673e67e302b86e3d25a97f,0x1677eb7d702357aa483ea880f94504c688017818,529000000000000000000000,Wizard Shiba 🧙‍♂️🦮,🧙‍♂️WIZ🧙‍♂️,18,80,160053,14000000000,131335,5271557,deprecated,0xfb3bdb41,"swapETHForExactTokens(uint256 amountOut, address[] path, address to, uint256 deadline)",12431423
12630247,1623642332,0x23ebb203288efb44187f7865eae5d3fb8ab7fa77a9fe70a911235e9970e7e1b7,335,0x8767ea9caae4df0d77fb46aca022a007722170185a451e39737d62c1e77715f3,0x92dedef59251bd701a4691524eb2f350f5cc93b5,0x23dbf11ddc9a9aa56a673e67e302b86e3d25a97f,0x6589b57ba8079011cfde133251db2943572efa69,451000000000000000000000,Wizard Shiba 🧙‍♂️🦮,🧙‍♂️WIZ🧙‍♂️,18,83,171510,14000000000,120919,5589887,deprecated,0xfb3bdb41,"swapETHForExactTokens(uint256 amountOut, address[] path, address to, uint256 deadline)",12431423
12630248,1623642348,0xc2a9157532d799219c3249538e2fa6fdc6c4c2b2658100b41e8fd1b64d31789a,336,0x4a7caebaf616f9553c2e45e9c2fb263f30de08eefc2f2228e0b22ebe11f8e616,0x92dedef59251bd701a4691524eb2f350f5cc93b5,0x23dbf11ddc9a9aa56a673e67e302b86e3d25a97f,0x76626217251e0ebe87f9eede4fca821dde74f3f5,399000000000000000000000,Wizard Shiba 🧙‍♂️🦮,🧙‍♂️WIZ🧙‍♂️,18,59,171510,14000000000,131335,4542585,deprecated,0xfb3bdb41,"swapETHForExactTokens(uint256 amountOut, address[] path, address to, uint256 deadline)",12431422
12630248,1623642348,0x248310ee5ffaca0da55528cd93e1d297582f03ee45cf33712490bd763fcac89a,337,0x4a7caebaf616f9553c2e45e9c2fb263f30de08eefc2f2228e0b22ebe11f8e616,0x92dedef59251bd701a4691524eb2f350f5cc93b5,0x23dbf11ddc9a9aa56a673e67e302b86e3d25a97f,0x2b26500f421d53cfa4ffcb8e0b9e14e0ba35ffcd,251000000000000000000000,Wizard Shiba 🧙‍♂️🦮,🧙‍♂️WIZ🧙‍♂️,18,60,171510,14000000000,120919,4663504,deprecated,0xfb3bdb41,"swapETHForExactTokens(uint256 amountOut, address[] path, address to, uint256 deadline)",12431422
12630248,1623642348,0x7c9c085d69f0e0829b5ac20314ba09cc85e00699f5a1dff197407f88a7ea4254,338,0x4a7caebaf616f9553c2e45e9c2fb263f30de08eefc2f2228e0b22ebe11f8e616,0x92dedef59251bd701a4691524eb2f350f5cc93b5,0x23dbf11ddc9a9aa56a673e67e302b86e3d25a97f,0x93fbf1e1d5eae5985b1293d1ae7969d3e3ae77bd,383000000000000000000000,Wizard Shiba 🧙‍♂️🦮,🧙‍♂️WIZ🧙‍♂️,18,61,160053,14000000000,120919,4784423,deprecated,0xfb3bdb41,"swapETHForExactTokens(uint256 amountOut, address[] path, address to, uint256 deadline)",12431422
12630248,1623642348,0x4321a8fa8e75b5e96517648778f92e1b71aaeafb3a110dfb9378f85b8c96faeb,339,0x4a7caebaf616f9553c2e45e9c2fb263f30de08eefc2f2228e0b22ebe11f8e616,0x92dedef59251bd701a4691524eb2f350f5cc93b5,0x23dbf11ddc9a9aa56a673e67e302b86e3d25a97f,0xf133d6ead59c5c2e435fab3fa8435938a0dec1c2,271000000000000000000000,Wizard Shiba 🧙‍♂️🦮,🧙‍♂️WIZ🧙‍♂️,18,62,160053,14000000000,120919,4905342,deprecated,0xfb3bdb41,"swapETHForExactTokens(uint256 amountOut, address[] path, address to, uint256 deadline)",12431422
12630250,1623642366,0xd4a7ab3da63fce89ca385eb87a8b50db9f16696ab551be83b2eb577cf59e999d,340,0x8390aab67a38b8f7942c1ab2901e86a431c6b0ae647489a645e90efb0e628aff,0x92dedef59251bd701a4691524eb2f350f5cc93b5,0x23dbf11ddc9a9aa56a673e67e302b86e3d25a97f,0xcb3b48b18628a8e3e21e23c13d41165f7c3898d5,445000000000000000000000,Wizard Shiba 🧙‍♂️🦮,🧙‍♂️WIZ🧙‍♂️,18,33,160053,16000000000,131335,2057938,deprecated,0xfb3bdb41,"swapETHForExactTokens(uint256 amountOut, address[] path, address to, uint256 deadline)",12431420
12630251,1623642381,0xb59cc97c8f2e04b2461919d2153b7ea5c7ef3f395a3ecedf6faf0657cd41afa9,341,0x608ff2ee8de369ddc5d34497ed27978461f79b856d01dd8ea833207648e27397,0x92dedef59251bd701a4691524eb2f350f5cc93b5,0x23dbf11ddc9a9aa56a673e67e302b86e3d25a97f,0xabc0464548f349d37a56217327c7474b5a37286c,133000000000000000000000,Wizard Shiba 🧙‍♂️🦮,🧙‍♂️WIZ🧙‍♂️,18,83,171510,16000000000,131335,4707729,deprecated,0xfb3bdb41,"swapETHForExactTokens(uint256 amountOut, address[] path, address to, uint256 deadline)",12431419
12630251,1623642381,0xfb549cb36507d7ff9bdaee31f8424fbae5a90cdf004689d25bd77d62047f01fe,342,0x608ff2ee8de369ddc5d34497ed27978461f79b856d01dd8ea833207648e27397,0x92dedef59251bd701a4691524eb2f350f5cc93b5,0x23dbf11ddc9a9aa56a673e67e302b86e3d25a97f,0xd4bee18597221d4e1ac1b170ba12d67de4c1a3b9,314000000000000000000000,Wizard Shiba 🧙‍♂️🦮,🧙‍♂️WIZ🧙‍♂️,18,88,160053,16000000000,120919,5194003,deprecated,0xfb3bdb41,"swapETHForExactTokens(uint256 amountOut, address[] path, address to, uint256 deadline)",12431419
12630257,1623642442,0x39920f208a8e96ea7dfdf6cb2cffe9c098e1cf9051faf38726e38219009d3eca,343,0x53872aaf6ca5e717870341252d4d0855aea7231a1c235ccffd6efebeaddd646e,0x92dedef59251bd701a4691524eb2f350f5cc93b5,0x23dbf11ddc9a9aa56a673e67e302b86e3d25a97f,0x68f58627b0eea6d7b9d144918b4972002bbf1a44,297000000000000000000000,Wizard Shiba 🧙‍♂️🦮,🧙‍♂️WIZ🧙‍♂️,18,30,160040,16000000000,131323,1627296,deprecated,0xfb3bdb41,"swapETHForExactTokens(uint256 amountOut, address[] path, address to, uint256 deadline)",12431413
12630257,1623642442,0xc2e895968b6b0f1a9a187fa3b6b0729d14a122b34de4ccbe4d80769c296f0ede,344,0x53872aaf6ca5e717870341252d4d0855aea7231a1c235ccffd6efebeaddd646e,0x92dedef59251bd701a4691524eb2f350f5cc93b5,0x23dbf11ddc9a9aa56a673e67e302b86e3d25a97f,0x1fae4f2e467a5f588fbd448568ddd9d610d70a36,338000000000000000000000,Wizard Shiba 🧙‍♂️🦮,🧙‍♂️WIZ🧙‍♂️,18,31,160053,16000000000,120919,1748215,deprecated,0xfb3bdb41,"swapETHForExactTokens(uint256 amountOut, address[] path, address to, uint256 deadline)",12431413
12630261,1623642473,0x31e53d2885b36e95cb10e28b82c0bb26ba5851f44e098ac09c37a25ca0df7ac0,99,0x195bb2d317ff3019d0f6c0776510fe84eaee18a6814c0bd71bf23d0bcfc6397b,0x92dedef59251bd701a4691524eb2f350f5cc93b5,0x23dbf11ddc9a9aa56a673e67e302b86e3d25a97f,0xd4f1271034ac5715b1f13f608fa407ddc87799af,220319628939738338122927,Wizard Shiba 🧙‍♂️🦮,🧙‍♂️WIZ🧙‍♂️,18,207,179422,8800000000,123956,13442972,deprecated,0x7ff36ab5,"swapExactETHForTokens(uint256 amountOutMin, address[] path, address to, uint256 deadline)",12431409
12630268,1623642587,0x656260e54c6f2aeacdc61f8fe137c8d7f94564f07edb025ecf5f24b4b39a1467,345,0xea3205be9ebdc42e57d7a6a80612142f35b6a7b96ab5e5b14eaa8e1d17069a6a,0x92dedef59251bd701a4691524eb2f350f5cc93b5,0x23dbf11ddc9a9aa56a673e67e302b86e3d25a97f,0x2c19aa92f517e342c5c62c690bf46f1a69be1372,274000000000000000000000,Wizard Shiba 🧙‍♂️🦮,🧙‍♂️WIZ🧙‍♂️,18,119,171510,12000000000,131335,7727001,deprecated,0xfb3bdb41,"swapETHForExactTokens(uint256 amountOut, address[] path, address to, uint256 deadline)",12431402
12630268,1623642587,0x92d37ffed4feaf4bae3e478371fa90e092fa7726c247e8282efedcbe8ab2016e,346,0xea3205be9ebdc42e57d7a6a80612142f35b6a7b96ab5e5b14eaa8e1d17069a6a,0x92dedef59251bd701a4691524eb2f350f5cc93b5,0x23dbf11ddc9a9aa56a673e67e302b86e3d25a97f,0x5537212a3e30d199cb4042879d8fe31b006b4cd7,475000000000000000000000,Wizard Shiba 🧙‍♂️🦮,🧙‍♂️WIZ🧙‍♂️,18,120,171497,12000000000,120907,7847908,deprecated,0xfb3bdb41,"swapETHForExactTokens(uint256 amountOut, address[] path, address to, uint256 deadline)",12431402
12630268,1623642587,0xadb6d22ad1a93e81665ab7bec46abf282c555c7945779d3031efadcd6f7d9fd4,347,0xea3205be9ebdc42e57d7a6a80612142f35b6a7b96ab5e5b14eaa8e1d17069a6a,0x92dedef59251bd701a4691524eb2f350f5cc93b5,0x23dbf11ddc9a9aa56a673e67e302b86e3d25a97f,0x1f699a983aceee749bec3f652a7ccc22a5332cd8,682000000000000000000000,Wizard Shiba 🧙‍♂️🦮,🧙‍♂️WIZ🧙‍♂️,18,121,171510,12000000000,120919,7968827,deprecated,0xfb3bdb41,"swapETHForExactTokens(uint256 amountOut, address[] path, address to, uint256 deadline)",12431402
12630268,1623642587,0xca97d5d65eb141d3e4b993e04fd87741c68690192209bf1bf117ebc47cd68d6a,348,0xea3205be9ebdc42e57d7a6a80612142f35b6a7b96ab5e5b14eaa8e1d17069a6a,0x92dedef59251bd701a4691524eb2f350f5cc93b5,0x23dbf11ddc9a9aa56a673e67e302b86e3d25a97f,0x8f55ee85d465d08b464272d07aa7d6a87161324b,338000000000000000000000,Wizard Shiba 🧙‍♂️🦮,🧙‍♂️WIZ🧙‍♂️,18,130,171510,12000000000,120919,8558942,deprecated,0xfb3bdb41,"swapETHForExactTokens(uint256 amountOut, address[] path, address to, uint256 deadline)",12431402
12630269,1623642612,0x10907496d194fc583ff222aaa8066e4fef47da66cae8c77752826afa8c081274,349,0x05ae9913447cef8803d9e6bc7c3781e51895856c56f6b1222d6d747d33d8bf5e,0x92dedef59251bd701a4691524eb2f350f5cc93b5,0x23dbf11ddc9a9aa56a673e67e302b86e3d25a97f,0xf330478fc27dc89bf1405cbc398fdc67dde4d936,413000000000000000000000,Wizard Shiba 🧙‍♂️🦮,🧙‍♂️WIZ🧙‍♂️,18,125,160053,12000000000,131335,9766152,deprecated,0xfb3bdb41,"swapETHForExactTokens(uint256 amountOut, address[] path, address to, uint256 deadline)",12431401
12630270,1623642633,0x221fc8e14b73d887affd4acf3560d4ea1b56ecfce92945792fc853734345378f,350,0xf00af7ef5e572f9c1f53bc29b1a536d841e6ceb7d70e05714dc05fc8652c7bca,0x92dedef59251bd701a4691524eb2f350f5cc93b5,0x23dbf11ddc9a9aa56a673e67e302b86e3d25a97f,0x0b098a35389f266f0f0c728f49d60af385ab32ff,294000000000000000000000,Wizard Shiba 🧙‍♂️🦮,🧙‍♂️WIZ🧙‍♂️,18,159,160053,13000000000,131335,7201245,deprecated,0xfb3bdb41,"swapETHForExactTokens(uint256 amountOut, address[] path, address to, uint256 deadline)",12431400
12630270,1623642633,0x667555ad82abf595e27f4dff07c0f29862d6cf7e0a4aa99acd0bb4b3739d5f34,351,0xf00af7ef5e572f9c1f53bc29b1a536d841e6ceb7d70e05714dc05fc8652c7bca,0x92dedef59251bd701a4691524eb2f350f5cc93b5,0x23dbf11ddc9a9aa56a673e67e302b86e3d25a97f,0xa0fad79fb48640e8a5e2458e7e31011690d35262,389000000000000000000000,Wizard Shiba 🧙‍♂️🦮,🧙‍♂️WIZ🧙‍♂️,18,163,160053,13000000000,120919,7586638,deprecated,0xfb3bdb41,"swapETHForExactTokens(uint256 amountOut, address[] path, address to, uint256 deadline)",12431400
12630270,1623642633,0xb00783edb2423175b953361baa923dc0873b36e390e16de75abc20c97876c044,352,0xf00af7ef5e572f9c1f53bc29b1a536d841e6ceb7d70e05714dc05fc8652c7bca,0x92dedef59251bd701a4691524eb2f350f5cc93b5,0x23dbf11ddc9a9aa56a673e67e302b86e3d25a97f,0x3a7d9c9fea7b00a46635d1124da59ff213ee731d,415000000000000000000000,Wizard Shiba 🧙‍♂️🦮,🧙‍♂️WIZ🧙‍♂️,18,168,160040,13000000000,120907,8367961,deprecated,0xfb3bdb41,"swapETHForExactTokens(uint256 amountOut, address[] path, address to, uint256 deadline)",12431400
12630272,1623642666,0x0637b04cd1b2b7e388606da52dbc477024c112ee4d11859c8ec99cd7f510c904,353,0x0eac99d3dc662c0e6f7b021a9514a2516bcbdf8ee4c2971e6de63c88f6af701f,0x92dedef59251bd701a4691524eb2f350f5cc93b5,0x23dbf11ddc9a9aa56a673e67e302b86e3d25a97f,0x3d28432c1c686ca5993c9391691c90335ccc854d,200000000000000000000000,Wizard Shiba 🧙‍♂️🦮,🧙‍♂️WIZ🧙‍♂️,18,42,160040,13000000000,131323,1850000,deprecated,0xfb3bdb41,"swapETHForExactTokens(uint256 amountOut, address[] path, address to, uint256 deadline)",12431398
12630277,1623642732,0xc13e328227b4f91ad85956d8e94f974c8ab82cccd6f8ceb093a4efaf68e8c998,354,0x7ede2ccf0cc6e3f72a932d5184c97ac8b84902488346bbc7682cb986cceee1c4,0x92dedef59251bd701a4691524eb2f350f5cc93b5,0x23dbf11ddc9a9aa56a673e67e302b86e3d25a97f,0x0a7ef8dba6c2f9a14a021f8bb6d886a202d050e8,312000000000000000000000,Wizard Shiba 🧙‍♂️🦮,🧙‍♂️WIZ🧙‍♂️,18,47,171497,13000000000,131323,2775633,deprecated,0xfb3bdb41,"swapETHForExactTokens(uint256 amountOut, address[] path, address to, uint256 deadline)",12431393
12630277,1623642732,0xcc1e7c4cd2ac251fe812cf0bdd4482a0c2e117845f32c7b922ac205b0b1475c9,355,0x7ede2ccf0cc6e3f72a932d5184c97ac8b84902488346bbc7682cb986cceee1c4,0x92dedef59251bd701a4691524eb2f350f5cc93b5,0x23dbf11ddc9a9aa56a673e67e302b86e3d25a97f,0xd387087cf0da363a5557ac703db32e7819d14306,345000000000000000000000,Wizard Shiba 🧙‍♂️🦮,🧙‍♂️WIZ🧙‍♂️,18,48,171510,13000000000,120919,2896552,deprecated,0xfb3bdb41,"swapETHForExactTokens(uint256 amountOut, address[] path, address to, uint256 deadline)",12431393
12630279,1623642747,0x6d34c1e2cfe511501691db7e627e1da7cd8b947b1d2104d19d9e0becd72f0835,356,0x5b42b4e91b2d28e1b7311f2d8754e78b2ca0144c4dcac706033a71a09a800487,0x92dedef59251bd701a4691524eb2f350f5cc93b5,0x23dbf11ddc9a9aa56a673e67e302b86e3d25a97f,0x243fa62a4361ea8c8eb865e53ebe0526c2dc4fa4,517000000000000000000000,Wizard Shiba 🧙‍♂️🦮,🧙‍♂️WIZ🧙‍♂️,18,59,171510,13000000000,131335,3133279,deprecated,0xfb3bdb41,"swapETHForExactTokens(uint256 amountOut, address[] path, address to, uint256 deadline)",12431391
12630279,1623642747,0x66b1383e60f8412fac4d39308d5f5378ff2655db8d004ee9f44fd45f4ab35f62,357,0x5b42b4e91b2d28e1b7311f2d8754e78b2ca0144c4dcac706033a71a09a800487,0x92dedef59251bd701a4691524eb2f350f5cc93b5,0x23dbf11ddc9a9aa56a673e67e302b86e3d25a97f,0x7a3cad0826e88eaf2f7f10e33e2bdab374ffc496,143000000000000000000000,Wizard Shiba 🧙‍♂️🦮,🧙‍♂️WIZ🧙‍♂️,18,60,171510,14000000000,120919,3254198,deprecated,0xfb3bdb41,"swapETHForExactTokens(uint256 amountOut, address[] path, address to, uint256 deadline)",12431391
12630279,1623642747,0x00f9f48f5e2596406a35f76f35af3472a6200008b493a1198ff6678ed50076c3,358,0x5b42b4e91b2d28e1b7311f2d8754e78b2ca0144c4dcac706033a71a09a800487,0x92dedef59251bd701a4691524eb2f350f5cc93b5,0x23dbf11ddc9a9aa56a673e67e302b86e3d25a97f,0x0d2f56049c06c3a5e28331bd988dff30cf9cb8c9,313000000000000000000000,Wizard Shiba 🧙‍♂️🦮,🧙‍♂️WIZ🧙‍♂️,18,61,171510,14000000000,120919,3375117,deprecated,0xfb3bdb41,"swapETHForExactTokens(uint256 amountOut, address[] path, address to, uint256 deadline)",12431391
12630281,1623642760,0x40eec107ef43309117b88ab28951e5c5a4644e1f13f8fad5f8cacf41cc33b975,359,0x3375824c0d397655b6f15dbcebace14948a7c88e0c5b4e72e0b46fd1d5c5e427,0x92dedef59251bd701a4691524eb2f350f5cc93b5,0x23dbf11ddc9a9aa56a673e67e302b86e3d25a97f,0xfe6e8346c1a3c46220b6523f5ff0a2320be2022c,115000000000000000000000,Wizard Shiba 🧙‍♂️🦮,🧙‍♂️WIZ🧙‍♂️,18,148,171510,14000000000,131335,8241180,deprecated,0xfb3bdb41,"swapETHForExactTokens(uint256 amountOut, address[] path, address to, uint256 deadline)",12431389
12630284,1623642807,0xaf6fcd02bcf65671ec7a0e3f353213d68a38f370e2c89038bcd007325d1442e2,360,0x2dae7e41c4766e13df1cb645da6dff12746f6e217e8f6081ccda0570297058ab,0x92dedef59251bd701a4691524eb2f350f5cc93b5,0x23dbf11ddc9a9aa56a673e67e302b86e3d25a97f,0x53da6fa1e8ca11eb7f0f9a379acb0f31d1384a9f,115000000000000000000000,Wizard Shiba 🧙‍♂️🦮,🧙‍♂️WIZ🧙‍♂️,18,95,171510,12000000000,131335,5960270,deprecated,0xfb3bdb41,"swapETHForExactTokens(uint256 amountOut, address[] path, address to, uint256 deadline)",12431386
12630284,1623642807,0x9f381ce3ec93e991c12648fe6108507c2529c2a5941cb09ba65606e38eb72366,361,0x2dae7e41c4766e13df1cb645da6dff12746f6e217e8f6081ccda0570297058ab,0x92dedef59251bd701a4691524eb2f350f5cc93b5,0x23dbf11ddc9a9aa56a673e67e302b86e3d25a97f,0xfd95f86715d6cbd3d8396c1be1ab1ea1d90cb3aa,375000000000000000000000,Wizard Shiba 🧙‍♂️🦮,🧙‍♂️WIZ🧙‍♂️,18,100,171510,12000000000,120919,6909555,deprecated,0xfb3bdb41,"swapETHForExactTokens(uint256 amountOut, address[] path, address to, uint256 deadline)",12431386
12630288,1623642860,0x0d878fb605da8217e328ec487c2c65ccaf5bf7d4678a4969bedc7d5717dcf2f9,362,0x4e51248f7e4ba8eb0f36e5166c6cc27edc4c18b86b6ec2469f10b5274da742a9,0x92dedef59251bd701a4691524eb2f350f5cc93b5,0x23dbf11ddc9a9aa56a673e67e302b86e3d25a97f,0x03446bb350421d70bd5bec5995f447dea1922ff9,281000000000000000000000,Wizard Shiba 🧙‍♂️🦮,🧙‍♂️WIZ🧙‍♂️,18,112,171510,12000000000,131335,11319061,deprecated,0xfb3bdb41,"swapETHForExactTokens(uint256 amountOut, address[] path, address to, uint256 deadline)",12431382
12630288,1623642860,0x362fb8502656ce978634c65c703178ed8ae4b45d01affb0ad7259a2df07c46a6,363,0x4e51248f7e4ba8eb0f36e5166c6cc27edc4c18b86b6ec2469f10b5274da742a9,0x92dedef59251bd701a4691524eb2f350f5cc93b5,0x23dbf11ddc9a9aa56a673e67e302b86e3d25a97f,0xb4b4f5b12e7a711fdc663e6a0c435e4a00a61b4f,373000000000000000000000,Wizard Shiba 🧙‍♂️🦮,🧙‍♂️WIZ🧙‍♂️,18,113,171497,12000000000,120907,11439968,deprecated,0xfb3bdb41,"swapETHForExactTokens(uint256 amountOut, address[] path, address to, uint256 deadline)",12431382
12630288,1623642860,0x78a0f79b804a186e6efd94e0b94f18b480b1995bd914426844a606e55c0ab798,364,0x4e51248f7e4ba8eb0f36e5166c6cc27edc4c18b86b6ec2469f10b5274da742a9,0x92dedef59251bd701a4691524eb2f350f5cc93b5,0x23dbf11ddc9a9aa56a673e67e302b86e3d25a97f,0x2641315929b335bd77df9f4ed7819d663f5e162c,169000000000000000000000,Wizard Shiba 🧙‍♂️🦮,🧙‍♂️WIZ🧙‍♂️,18,114,171510,12000000000,120919,11560887,deprecated,0xfb3bdb41,"swapETHForExactTokens(uint256 amountOut, address[] path, address to, uint256 deadline)",12431382
12630298,1623643003,0x4e5d09aa5fd9723e45d93670a18e50511479b7f72693153d6328d515e8ede841,365,0x4b776b224e82f3e96376cbeec45b7e10fcef31e50d33ff2f772d647df23e3581,0x92dedef59251bd701a4691524eb2f350f5cc93b5,0x23dbf11ddc9a9aa56a673e67e302b86e3d25a97f,0x1ffa62dbec4e6765a18a3056279e9bc5d812d118,213000000000000000000000,Wizard Shiba 🧙‍♂️🦮,🧙‍♂️WIZ🧙‍♂️,18,69,171510,14000000000,131335,4678644,deprecated,0xfb3bdb41,"swapETHForExactTokens(uint256 amountOut, address[] path, address to, uint256 deadline)",12431372
12630300,1623643049,0x741010e811ef7613ebbb68f496be5ac168c81c7838504fa1fbde5e7babb71e5c,366,0x554bdf764962041b648f2f3d8212e5a0289991fd65fb874167662227c118d3cf,0x92dedef59251bd701a4691524eb2f350f5cc93b5,0x23dbf11ddc9a9aa56a673e67e302b86e3d25a97f,0xbec5c6a5ded7d51b51fcea8053bc4b715a7294fb,227000000000000000000000,Wizard Shiba 🧙‍♂️🦮,🧙‍♂️WIZ🧙‍♂️,18,37,171510,14000000000,131335,2195361,deprecated,0xfb3bdb41,"swapETHForExactTokens(uint256 amountOut, address[] path, address to, uint256 deadline)",12431370
12630300,1623643049,0x64393d05c0a07d705d297c38ce4bb0614fdb57649ba0e680c2a6a75d020775c9,367,0x554bdf764962041b648f2f3d8212e5a0289991fd65fb874167662227c118d3cf,0x92dedef59251bd701a4691524eb2f350f5cc93b5,0x23dbf11ddc9a9aa56a673e67e302b86e3d25a97f,0xe2e54cb8a263dc973e8f5bef2ca90ae04189f529,292000000000000000000000,Wizard Shiba 🧙‍♂️🦮,🧙‍♂️WIZ🧙‍♂️,18,38,171510,14000000000,120919,2316280,deprecated,0xfb3bdb41,"swapETHForExactTokens(uint256 amountOut, address[] path, address to, uint256 deadline)",12431370
12630300,1623643049,0xe6dd644ca4206a819200e68bea9a8936474e93180129e5ce7a20110f692ef370,368,0x554bdf764962041b648f2f3d8212e5a0289991fd65fb874167662227c118d3cf,0x92dedef59251bd701a4691524eb2f350f5cc93b5,0x23dbf11ddc9a9aa56a673e67e302b86e3d25a97f,0x73ddff8564c137686ef1e3eee69870b3debb0fb0,314000000000000000000000,Wizard Shiba 🧙‍♂️🦮,🧙‍♂️WIZ🧙‍♂️,18,39,171510,14000000000,120919,2437199,deprecated,0xfb3bdb41,"swapETHForExactTokens(uint256 amountOut, address[] path, address to, uint256 deadline)",12431370
12630301,1623643058,0xb49c2e901b3d3d3c1711f6d04ac34d76b611ab385daca360a20baf923acfbfc0,369,0x3b00a2bbb80667ea920b28254de6478578b9365ed7b0048fac61f8044a048cf5,0x92dedef59251bd701a4691524eb2f350f5cc93b5,0x23dbf11ddc9a9aa56a673e67e302b86e3d25a97f,0x9d250ff2c425fdd09e988faee07b77ebdc5bf816,183000000000000000000000,Wizard Shiba 🧙‍♂️🦮,🧙‍♂️WIZ🧙‍♂️,18,29,160053,14000000000,131335,3563636,deprecated,0xfb3bdb41,"swapETHForExactTokens(uint256 amountOut, address[] path, address to, uint256 deadline)",12431369
12630301,1623643058,0x4a5fb5a1a2d071500114d4b286f1d5e4257b8440d973211d477c492c35a60d0c,370,0x3b00a2bbb80667ea920b28254de6478578b9365ed7b0048fac61f8044a048cf5,0x92dedef59251bd701a4691524eb2f350f5cc93b5,0x23dbf11ddc9a9aa56a673e67e302b86e3d25a97f,0x6455d7f6b78ede5efb74f546ea203ba4b6f2f0b6,275000000000000000000000,Wizard Shiba 🧙‍♂️🦮,🧙‍♂️WIZ🧙‍♂️,18,30,160053,14000000000,120919,3684555,deprecated,0xfb3bdb41,"swapETHForExactTokens(uint256 amountOut, address[] path, address to, uint256 deadline)",12431369
12630302,1623643072,0x72472fc9028b6794e8502e322b8e4fed37b03779f5186b83e6eda94fd1ddf22b,70,0x2f5f6c2460624dd9975411a095958b9f4f090729f12d9ac352fb194418cbd9ba,0x92dedef59251bd701a4691524eb2f350f5cc93b5,0x23dbf11ddc9a9aa56a673e67e302b86e3d25a97f,0x0929fb7fa926504d54410fca772b5cde0f1b64d2,90828992732391582031437,Wizard Shiba 🧙‍♂️🦮,🧙‍♂️WIZ🧙‍♂️,18,90,158576,8800000000,106856,11195226,deprecated,0x7ff36ab5,"swapExactETHForTokens(uint256 amountOutMin, address[] path, address to, uint256 deadline)",12431368
12630303,1623643074,0xd4b2b792bbe10c0be06fb171688832e63db671bcb02030f40137e9cb5410ca8d,371,0xde4e400a80699e87cb672e048b8f859395f57e35a758e2938f609c15e283ef17,0x92dedef59251bd701a4691524eb2f350f5cc93b5,0x23dbf11ddc9a9aa56a673e67e302b86e3d25a97f,0xb5a306052c20e02a2c72c5b8cad02514faca8ad7,341000000000000000000000,Wizard Shiba 🧙‍♂️🦮,🧙‍♂️WIZ🧙‍♂️,18,39,171510,14000000000,131335,3311361,deprecated,0xfb3bdb41,"swapETHForExactTokens(uint256 amountOut, address[] path, address to, uint256 deadline)",12431367
12630303,1623643074,0x81e8cb3ecec65932a80a641755912209b082c2bb537e906e5025099af2d15e21,372,0xde4e400a80699e87cb672e048b8f859395f57e35a758e2938f609c15e283ef17,0x92dedef59251bd701a4691524eb2f350f5cc93b5,0x23dbf11ddc9a9aa56a673e67e302b86e3d25a97f,0x14781b75f698b66acebc9abc2ff89343991eded1,115000000000000000000000,Wizard Shiba 🧙‍♂️🦮,🧙‍♂️WIZ🧙‍♂️,18,40,160053,14000000000,120919,3432280,deprecated,0xfb3bdb41,"swapETHForExactTokens(uint256 amountOut, address[] path, address to, uint256 deadline)",12431367
12630304,1623643088,0x13b6358a72fac483afddaf5324b069487561a469897ad2c14da23c9b5113b66c,373,0x4e0087c214d79be821779a8305c43b08228f146120c6db6ae3a61c3ac4a5ce58,0x92dedef59251bd701a4691524eb2f350f5cc93b5,0x23dbf11ddc9a9aa56a673e67e302b86e3d25a97f,0x4ad230890e71797e3e0580deb33dafea841c0744,213000000000000000000000,Wizard Shiba 🧙‍♂️🦮,🧙‍♂️WIZ🧙‍♂️,18,99,160053,12000000000,131335,6327693,deprecated,0xfb3bdb41,"swapETHForExactTokens(uint256 amountOut, address[] path, address to, uint256 deadline)",12431366
12630313,1623643257,0xc59cbfa98760e2cb606ffb53f60ed80c2e8fcb337d7db6035a4bea23ae8e4a88,374,0x45f9c203ff7c6ea3b2c3edbc33dd545274ef16ef3ec19574ee12ab7529ae2476,0x92dedef59251bd701a4691524eb2f350f5cc93b5,0x23dbf11ddc9a9aa56a673e67e302b86e3d25a97f,0x44bb3f276284af4da32505222f54d2fd8fe64c1c,244000000000000000000000,Wizard Shiba 🧙‍♂️🦮,🧙‍♂️WIZ🧙‍♂️,18,113,171510,12000000000,131335,10103328,deprecated,0xfb3bdb41,"swapETHForExactTokens(uint256 amountOut, address[] path, address to, uint256 deadline)",12431357
12630313,1623643257,0xd45cf86e2ebf89450a867d8d958d7ed720f20d7372d6c9957d0aa048908deec5,375,0x45f9c203ff7c6ea3b2c3edbc33dd545274ef16ef3ec19574ee12ab7529ae2476,0x92dedef59251bd701a4691524eb2f350f5cc93b5,0x23dbf11ddc9a9aa56a673e67e302b86e3d25a97f,0x255b66adaee92fe29be1f40d43df7e44ec6484f2,319000000000000000000000,Wizard Shiba 🧙‍♂️🦮,🧙‍♂️WIZ🧙‍♂️,18,118,171510,12000000000,120919,10393037,deprecated,0xfb3bdb41,"swapETHForExactTokens(uint256 amountOut, address[] path, address to, uint256 deadline)",12431357
12630313,1623643257,0x748100a992750d46587670b3671b32f6e444a08960e21d2519a6e11f61e4eb6c,376,0x45f9c203ff7c6ea3b2c3edbc33dd545274ef16ef3ec19574ee12ab7529ae2476,0x92dedef59251bd701a4691524eb2f350f5cc93b5,0x23dbf11ddc9a9aa56a673e67e302b86e3d25a97f,0x7e8da24e166df2ac47dc228c542720c059a2123c,211000000000000000000000,Wizard Shiba 🧙‍♂️🦮,🧙‍♂️WIZ🧙‍♂️,18,119,171510,12000000000,120919,10513956,deprecated,0xfb3bdb41,"swapETHForExactTokens(uint256 amountOut, address[] path, address to, uint256 deadline)",12431357
12630313,1623643257,0x67f07bd38995c8148244965c59e8ab1c26b6ce13c08c42ad2a64b21556e8c49c,377,0x45f9c203ff7c6ea3b2c3edbc33dd545274ef16ef3ec19574ee12ab7529ae2476,0x92dedef59251bd701a4691524eb2f350f5cc93b5,0x23dbf11ddc9a9aa56a673e67e302b86e3d25a97f,0x4894fc7884e182c3341107909f705053e17638b5,179000000000000000000000,Wizard Shiba 🧙‍♂️🦮,🧙‍♂️WIZ🧙‍♂️,18,146,171510,12000000000,120919,13320134,deprecated,0xfb3bdb41,"swapETHForExactTokens(uint256 amountOut, address[] path, address to, uint256 deadline)",12431357
12630313,1623643257,0x655333552dc06fa39cfe93af88cae437115b1641dca832bd99f5ad8f8c04321a,378,0x45f9c203ff7c6ea3b2c3edbc33dd545274ef16ef3ec19574ee12ab7529ae2476,0x92dedef59251bd701a4691524eb2f350f5cc93b5,0x23dbf11ddc9a9aa56a673e67e302b86e3d25a97f,0xf653113e4b91aecca73d65e9745cab25bf7b9251,200000000000000000000000,Wizard Shiba 🧙‍♂️🦮,🧙‍♂️WIZ🧙‍♂️,18,151,171497,12000000000,120907,13909135,deprecated,0xfb3bdb41,"swapETHForExactTokens(uint256 amountOut, address[] path, address to, uint256 deadline)",12431357
12630314,1623643271,0x25bb47e719d81ff04c00d79aa637128400aa5473ff09d7a56ca2a0b59bff25d4,379,0x61e0a77a610d1aa3b7a0cce643c50647def084b575f923f963392d5aa0ff6ac3,0x92dedef59251bd701a4691524eb2f350f5cc93b5,0x23dbf11ddc9a9aa56a673e67e302b86e3d25a97f,0x17065deca035fde908f7afbf73a44e42ad8503ce,100000000000000000000000,Wizard Shiba 🧙‍♂️🦮,🧙‍♂️WIZ🧙‍♂️,18,205,171510,18200000000,131335,9486731,deprecated,0xfb3bdb41,"swapETHForExactTokens(uint256 amountOut, address[] path, address to, uint256 deadline)",12431356
12630316,1623643357,0x9cb425d52b3289565eed48a28426ad2fc2c8f8c7eb192ff001280c79d151cdd5,380,0x036a4e51d90a21a1129f037d8a156c37b0bc3c1ac7c319d5622a5089993819db,0x92dedef59251bd701a4691524eb2f350f5cc93b5,0x23dbf11ddc9a9aa56a673e67e302b86e3d25a97f,0x1d84c748967fe9883473054e6017450d133c4158,195000000000000000000000,Wizard Shiba 🧙‍♂️🦮,🧙‍♂️WIZ🧙‍♂️,18,67,171510,19200000000,131335,2914325,deprecated,0xfb3bdb41,"swapETHForExactTokens(uint256 amountOut, address[] path, address to, uint256 deadline)",12431354
12630316,1623643357,0x7c78a78731b68e126b00f5a4ad557a149045c8b3c81344779feb81689e1c2717,381,0x036a4e51d90a21a1129f037d8a156c37b0bc3c1ac7c319d5622a5089993819db,0x92dedef59251bd701a4691524eb2f350f5cc93b5,0x23dbf11ddc9a9aa56a673e67e302b86e3d25a97f,0x33f44fd977d387a296ada134513c310b9c518759,341000000000000000000000,Wizard Shiba 🧙‍♂️🦮,🧙‍♂️WIZ🧙‍♂️,18,161,171510,12000000000,120919,9930027,deprecated,0xfb3bdb41,"swapETHForExactTokens(uint256 amountOut, address[] path, address to, uint256 deadline)",12431354
12630316,1623643357,0x114ae64a1894e10a6490b77fcf34e5dc9ba21ac5d0f8be89bd8f50ad2a144533,382,0x036a4e51d90a21a1129f037d8a156c37b0bc3c1ac7c319d5622a5089993819db,0x92dedef59251bd701a4691524eb2f350f5cc93b5,0x23dbf11ddc9a9aa56a673e67e302b86e3d25a97f,0xb2424405dc0bda481daaf60491eb88148e64a7a8,178000000000000000000000,Wizard Shiba 🧙‍♂️🦮,🧙‍♂️WIZ🧙‍♂️,18,162,171510,12000000000,120919,10050946,deprecated,0xfb3bdb41,"swapETHForExactTokens(uint256 amountOut, address[] path, address to, uint256 deadline)",12431354
12630316,1623643357,0x9e0f3c647713d785f4f0f5356d9b27b5415a73d0958bace4681c55d69ccb688f,383,0x036a4e51d90a21a1129f037d8a156c37b0bc3c1ac7c319d5622a5089993819db,0x92dedef59251bd701a4691524eb2f350f5cc93b5,0x23dbf11ddc9a9aa56a673e67e302b86e3d25a97f,0xfb58ae224c27ef794cbe4d3fb9c040e2d580ca3f,183000000000000000000000,Wizard Shiba 🧙‍♂️🦮,🧙‍♂️WIZ🧙‍♂️,18,163,171510,12000000000,120919,10171865,deprecated,0xfb3bdb41,"swapETHForExactTokens(uint256 amountOut, address[] path, address to, uint256 deadline)",12431354
12630316,1623643357,0x97b11cb63dda453dd2031d2297873f3faa74b3ba0fd7dd10424262b9d5af58a8,384,0x036a4e51d90a21a1129f037d8a156c37b0bc3c1ac7c319d5622a5089993819db,0x92dedef59251bd701a4691524eb2f350f5cc93b5,0x23dbf11ddc9a9aa56a673e67e302b86e3d25a97f,0x442747e725d0e1d1fe46c3635f8e01253b6d1ec7,192000000000000000000000,Wizard Shiba 🧙‍♂️🦮,🧙‍♂️WIZ🧙‍♂️,18,164,152687,17000000000,103807,10275672,deprecated,0xfb3bdb41,"swapETHForExactTokens(uint256 amountOut, address[] path, address to, uint256 deadline)",12431354
12630316,1623643357,0x6983ceee0d46ca76d6672b18b7e0a52ca9486d9a568a0530db4b19b0cf9c96e5,385,0x036a4e51d90a21a1129f037d8a156c37b0bc3c1ac7c319d5622a5089993819db,0x92dedef59251bd701a4691524eb2f350f5cc93b5,0x23dbf11ddc9a9aa56a673e67e302b86e3d25a97f,0xae5747574d618733ad5efd9dcb1c1047b999d0b0,127000000000000000000000,Wizard Shiba 🧙‍♂️🦮,🧙‍♂️WIZ🧙‍♂️,18,165,171510,17000000000,120919,10396591,deprecated,0xfb3bdb41,"swapETHForExactTokens(uint256 amountOut, address[] path, address to, uint256 deadline)",12431354
12630316,1623643357,0x68be5247ab0616bad129205367af904333ef14ac935c5ea77054367b49e761fa,386,0x036a4e51d90a21a1129f037d8a156c37b0bc3c1ac7c319d5622a5089993819db,0x92dedef59251bd701a4691524eb2f350f5cc93b5,0x23dbf11ddc9a9aa56a673e67e302b86e3d25a97f,0x2d1a8ea4eab73ffea4b01ba64b0e6a765adf3335,125000000000000000000000,Wizard Shiba 🧙‍♂️🦮,🧙‍♂️WIZ🧙‍♂️,18,166,171510,17000000000,120919,10517510,deprecated,0xfb3bdb41,"swapETHForExactTokens(uint256 amountOut, address[] path, address to, uint256 deadline)",12431354
12630316,1623643357,0xa7ff568354db00c51cd2452b7ccb87ce8d553d836da47ba18dd8ccfa0eaa85e1,387,0x036a4e51d90a21a1129f037d8a156c37b0bc3c1ac7c319d5622a5089993819db,0x92dedef59251bd701a4691524eb2f350f5cc93b5,0x23dbf11ddc9a9aa56a673e67e302b86e3d25a97f,0x412e1046009250ffffc66d618f94e83b96199c39,229000000000000000000000,Wizard Shiba 🧙‍♂️🦮,🧙‍♂️WIZ🧙‍♂️,18,167,160026,17000000000,120895,10638405,deprecated,0xfb3bdb41,"swapETHForExactTokens(uint256 amountOut, address[] path, address to, uint256 deadline)",12431354
12630316,1623643357,0x07eab7d0cd61e9ea1477bc898ac762653f73c35b2b0281b4f3569d820cd2b825,388,0x036a4e51d90a21a1129f037d8a156c37b0bc3c1ac7c319d5622a5089993819db,0x92dedef59251bd701a4691524eb2f350f5cc93b5,0x23dbf11ddc9a9aa56a673e67e302b86e3d25a97f,0xf8efb27526f8109b1fb9baaf6f87ee4f4d11ace3,265000000000000000000000,Wizard Shiba 🧙‍♂️🦮,🧙‍♂️WIZ🧙‍♂️,18,168,160053,17000000000,120919,10759324,deprecated,0xfb3bdb41,"swapETHForExactTokens(uint256 amountOut, address[] path, address to, uint256 deadline)",12431354
12630316,1623643357,0xec7d5027ebd8ec861730eea071a61dfaa8cf6715d0b58e34900674f069a546bf,389,0x036a4e51d90a21a1129f037d8a156c37b0bc3c1ac7c319d5622a5089993819db,0x92dedef59251bd701a4691524eb2f350f5cc93b5,0x23dbf11ddc9a9aa56a673e67e302b86e3d25a97f,0x14444009f94785cc9b6f387eb24081808bfef084,211000000000000000000000,Wizard Shiba 🧙‍♂️🦮,🧙‍♂️WIZ🧙‍♂️,18,169,160053,17000000000,120919,10880243,deprecated,0xfb3bdb41,"swapETHForExactTokens(uint256 amountOut, address[] path, address to, uint256 deadline)",12431354
12630316,1623643357,0xbb551846e6b266c6ba166555f724d1df5ed768aa272f5fa8095627c4cc6db337,390,0x036a4e51d90a21a1129f037d8a156c37b0bc3c1ac7c319d5622a5089993819db,0x92dedef59251bd701a4691524eb2f350f5cc93b5,0x23dbf11ddc9a9aa56a673e67e302b86e3d25a97f,0x4bea976f3fd74935bba444e58388a4f6b205dab1,317000000000000000000000,Wizard Shiba 🧙‍♂️🦮,🧙‍♂️WIZ🧙‍♂️,18,170,160053,17000000000,120919,11001162,deprecated,0xfb3bdb41,"swapETHForExactTokens(uint256 amountOut, address[] path, address to, uint256 deadline)",12431354
12630317,1623643366,0x9a60424cbb38ab3e8816b2d3245b53dfbfef10650f1b6fb3d86e509615fd1b8a,391,0xe66d5d9bd69f3c1456687c37d5b85e7ed66ff70435c2308ca5c2798fcd62b9a1,0x92dedef59251bd701a4691524eb2f350f5cc93b5,0x23dbf11ddc9a9aa56a673e67e302b86e3d25a97f,0x0e153ea5f891cf417b3032bfacfb00f99c90a552,241000000000000000000000,Wizard Shiba 🧙‍♂️🦮,🧙‍♂️WIZ🧙‍♂️,18,60,160040,23700000000,131323,2632083,deprecated,0xfb3bdb41,"swapETHForExactTokens(uint256 amountOut, address[] path, address to, uint256 deadline)",12431353
12630319,1623643428,0xa388ad110122e5e9d9e533cf4c614d26da7f5f5331c62cef4f0ee16edc83951f,392,0xbdbac4d3cca42695caedeafc0a5bdbacfb23bad62d6cab707a7473206bbf56c1,0x92dedef59251bd701a4691524eb2f350f5cc93b5,0x23dbf11ddc9a9aa56a673e67e302b86e3d25a97f,0x998f7031147311ba0c2966b0e54646c02bfa4ff9,119000000000000000000000,Wizard Shiba 🧙‍♂️🦮,🧙‍♂️WIZ🧙‍♂️,18,82,160040,17000000000,131323,2198923,deprecated,0xfb3bdb41,"swapETHForExactTokens(uint256 amountOut, address[] path, address to, uint256 deadline)",12431351
12630320,1623643429,0x519e2a8419e8795a55a496abc762ae5bb8bd581b697d519ae51b8fd55b6b7f13,393,0x57bb26c34749934ac5ab3935f2019179f9dff2be605b2c277c82fd7e33542b5f,0x92dedef59251bd701a4691524eb2f350f5cc93b5,0x23dbf11ddc9a9aa56a673e67e302b86e3d25a97f,0x88dafb26a7e1cf4c269473f3bc7b1fbf72caa4ab,132000000000000000000000,Wizard Shiba 🧙‍♂️🦮,🧙‍♂️WIZ🧙‍♂️,18,28,160053,21000000000,131335,1492892,deprecated,0xfb3bdb41,"swapETHForExactTokens(uint256 amountOut, address[] path, address to, uint256 deadline)",12431350
12630320,1623643429,0x2031f5e30619b231aea99b63a78ff1157930858f0997e93c0f6f11d09f29b37c,187,0x57bb26c34749934ac5ab3935f2019179f9dff2be605b2c277c82fd7e33542b5f,0x92dedef59251bd701a4691524eb2f350f5cc93b5,0x23dbf11ddc9a9aa56a673e67e302b86e3d25a97f,0xb36e273050c0a95236f400b2d7fe93e527444cdd,80225865703441264168441,Wizard Shiba 🧙‍♂️🦮,🧙‍♂️WIZ🧙‍♂️,18,70,243108,12100000000,96428,3955054,deprecated,0x7ff36ab5,"swapExactETHForTokens(uint256 amountOutMin, address[] path, address to, uint256 deadline)",12431350
12630323,1623643466,0x4f4304f65fd27b39d6f7314ecf6c9d39cb11083e9d68da899e8a69bc5749c06c,394,0xd2fa36af33a243e0103206e6bc04bc932296066ea923cc64e9f9a6e6386bf891,0x92dedef59251bd701a4691524eb2f350f5cc93b5,0x23dbf11ddc9a9aa56a673e67e302b86e3d25a97f,0x78f28534affeb8a5ea521b70c99ae044e94bc08e,299000000000000000000000,Wizard Shiba 🧙‍♂️🦮,🧙‍♂️WIZ🧙‍♂️,18,29,160053,17000000000,131335,1484453,deprecated,0xfb3bdb41,"swapETHForExactTokens(uint256 amountOut, address[] path, address to, uint256 deadline)",12431347
12630323,1623643466,0x075a771f895a69b7ec22c757710a93b67f4220dcfb54195147476295bf1a13f0,395,0xd2fa36af33a243e0103206e6bc04bc932296066ea923cc64e9f9a6e6386bf891,0x92dedef59251bd701a4691524eb2f350f5cc93b5,0x23dbf11ddc9a9aa56a673e67e302b86e3d25a97f,0xe7a30af77c5444b23fa45281c56040bebdba9479,213000000000000000000000,Wizard Shiba 🧙‍♂️🦮,🧙‍♂️WIZ🧙‍♂️,18,30,160053,17000000000,120919,1605372,deprecated,0xfb3bdb41,"swapETHForExactTokens(uint256 amountOut, address[] path, address to, uint256 deadline)",12431347
12630323,1623643466,0x3d9084eb144f42a69961dc4a2714d0b18a75303babc5f992b801e403bbf1dcee,396,0xd2fa36af33a243e0103206e6bc04bc932296066ea923cc64e9f9a6e6386bf891,0x92dedef59251bd701a4691524eb2f350f5cc93b5,0x23dbf11ddc9a9aa56a673e67e302b86e3d25a97f,0xa1175a219dac539f2291377f77afd786d20e5882,176000000000000000000000,Wizard Shiba 🧙‍♂️🦮,🧙‍♂️WIZ🧙‍♂️,18,31,171497,17000000000,120907,1726279,deprecated,0xfb3bdb41,"swapETHForExactTokens(uint256 amountOut, address[] path, address to, uint256 deadline)",12431347
12630324,1623643482,0x5e5116167fad0b57e60a223d7ebfe01ab7e33234dfc68b18383a5cd965419925,397,0x613559d2345bb2de58283cb68ea89191f33bd226f09da096a627fdff1fe0abb7,0x92dedef59251bd701a4691524eb2f350f5cc93b5,0x23dbf11ddc9a9aa56a673e67e302b86e3d25a97f,0xf48e6b70f2ed64fe5c8e95066f4aa34a9e93072c,138000000000000000000000,Wizard Shiba 🧙‍♂️🦮,🧙‍♂️WIZ🧙‍♂️,18,9,171510,17000000000,131335,888901,deprecated,0xfb3bdb41,"swapETHForExactTokens(uint256 amountOut, address[] path, address to, uint256 deadline)",12431346
12630327,1623643494,0x7e4c1ba25a74f527ab35d4bd2313b2ab68b85baf3fcf8f81ea152e69474c3a95,398,0x213372978a88687c8eb5ae6a1b1dee3339904823e1c4d7c4c7ae6c688b81d78c,0x92dedef59251bd701a4691524eb2f350f5cc93b5,0x23dbf11ddc9a9aa56a673e67e302b86e3d25a97f,0x63a7950087df420d877b026f2d66f6ee2e046616,169000000000000000000000,Wizard Shiba 🧙‍♂️🦮,🧙‍♂️WIZ🧙‍♂️,18,29,160040,17000000000,131323,1579067,deprecated,0xfb3bdb41,"swapETHForExactTokens(uint256 amountOut, address[] path, address to, uint256 deadline)",12431343
12630327,1623643494,0xfac1ebc76ac3918e587a019665b5d96963b92d6e733238ee805a1d94fe51aaab,399,0x213372978a88687c8eb5ae6a1b1dee3339904823e1c4d7c4c7ae6c688b81d78c,0x92dedef59251bd701a4691524eb2f350f5cc93b5,0x23dbf11ddc9a9aa56a673e67e302b86e3d25a97f,0xd3396cb34cf1987b798ae014e0340ca5741c03e4,133000000000000000000000,Wizard Shiba 🧙‍♂️🦮,🧙‍♂️WIZ🧙‍♂️,18,62,171510,13000000000,120919,3309994,deprecated,0xfb3bdb41,"swapETHForExactTokens(uint256 amountOut, address[] path, address to, uint256 deadline)",12431343
12630328,1623643506,0xfb18b4b707731b1dd9b40752c4747159ffccb50d22b7943b29438904bfbb9d29,400,0x0d8ffe4a0a7078e9dd122e15d18232648b688b345e11dd87299d1f3bb7f1dae3,0x92dedef59251bd701a4691524eb2f350f5cc93b5,0x23dbf11ddc9a9aa56a673e67e302b86e3d25a97f,0xf82b8278a8356aa0989ffa03bb6468f4591547c2,117000000000000000000000,Wizard Shiba 🧙‍♂️🦮,🧙‍♂️WIZ🧙‍♂️,18,67,160053,13000000000,131335,5425446,deprecated,0xfb3bdb41,"swapETHForExactTokens(uint256 amountOut, address[] path, address to, uint256 deadline)",12431342
12630331,1623643522,0xb6de2484ab3564fbb25376efe7b7bda2d419e1e2d17afc8dd715ea413857fb48,401,0xd79772abc3c57994c9c01d1b22e52e00b50655d4b595401bf7893f75670ab263,0x92dedef59251bd701a4691524eb2f350f5cc93b5,0x23dbf11ddc9a9aa56a673e67e302b86e3d25a97f,0xe7072803b6983888dbc2f0fe98dfe894b324d54e,145000000000000000000000,Wizard Shiba 🧙‍♂️🦮,🧙‍♂️WIZ🧙‍♂️,18,60,171510,13000000000,131335,3284883,deprecated,0xfb3bdb41,"swapETHForExactTokens(uint256 amountOut, address[] path, address to, uint256 deadline)",12431339
12630338,1623643682,0xce5e20ab7ca73c1bc9ad45c7f3a21f327a813ad99ead3ad983380e1bae22d646,402,0x745041133d9a0dfebd8082f96b9b83fbdf24e1caeccec746cf8c436500a34ea3,0x92dedef59251bd701a4691524eb2f350f5cc93b5,0x23dbf11ddc9a9aa56a673e67e302b86e3d25a97f,0x6a5a64914be4bbd99931a1b95b01b2f4938087a5,241000000000000000000000,Wizard Shiba 🧙‍♂️🦮,🧙‍♂️WIZ🧙‍♂️,18,64,171510,15000000000,131335,3936548,deprecated,0xfb3bdb41,"swapETHForExactTokens(uint256 amountOut, address[] path, address to, uint256 deadline)",12431332
12630340,1623643725,0x100e1e2856e697fe51d5794ace67b4697808c4bd319061065afa5b42da75026e,403,0x2aa4ecb21ce9840a44403d8468209407428c65e13f8756eac685920567b806f9,0x92dedef59251bd701a4691524eb2f350f5cc93b5,0x23dbf11ddc9a9aa56a673e67e302b86e3d25a97f,0x9e8e97c4c1656076872ae171290e574e40be1119,162000000000000000000000,Wizard Shiba 🧙‍♂️🦮,🧙‍♂️WIZ🧙‍♂️,18,62,171510,15000000000,131335,3378915,deprecated,0xfb3bdb41,"swapETHForExactTokens(uint256 amountOut, address[] path, address to, uint256 deadline)",12431330
12630340,1623643725,0xe3d6f8ef32c3d5046b6e30ba2f3a862c1a7bb42486db1916d1f31e804e7da752,404,0x2aa4ecb21ce9840a44403d8468209407428c65e13f8756eac685920567b806f9,0x92dedef59251bd701a4691524eb2f350f5cc93b5,0x23dbf11ddc9a9aa56a673e67e302b86e3d25a97f,0x44966ed4ac2dec2f316e9c99667931ee1402f47e,179000000000000000000000,Wizard Shiba 🧙‍♂️🦮,🧙‍♂️WIZ🧙‍♂️,18,63,171510,15000000000,120919,3499834,deprecated,0xfb3bdb41,"swapETHForExactTokens(uint256 amountOut, address[] path, address to, uint256 deadline)",12431330
12630340,1623643725,0x1d050c7bc4516602e42699288b322623363caf66175e44766e855539eafb0765,405,0x2aa4ecb21ce9840a44403d8468209407428c65e13f8756eac685920567b806f9,0x92dedef59251bd701a4691524eb2f350f5cc93b5,0x23dbf11ddc9a9aa56a673e67e302b86e3d25a97f,0x21efc05398e9d1a489144b4b49154808c07a19da,146000000000000000000000,Wizard Shiba 🧙‍♂️🦮,🧙‍♂️WIZ🧙‍♂️,18,67,171510,15000000000,120919,3732163,deprecated,0xfb3bdb41,"swapETHForExactTokens(uint256 amountOut, address[] path, address to, uint256 deadline)",12431330
12630343,1623643781,0x4734bb7b6552d0359bf19735a2fe17268b87b1f450f712cfce2999d1de5a78f8,406,0xbdfbe947f4c1e13322771cd527514b5651d137671b69b86a95e7b18470b46f7a,0x92dedef59251bd701a4691524eb2f350f5cc93b5,0x23dbf11ddc9a9aa56a673e67e302b86e3d25a97f,0x2fd3708fb7b4da9912c32c4b477888220a721213,137000000000000000000000,Wizard Shiba 🧙‍♂️🦮,🧙‍♂️WIZ🧙‍♂️,18,128,152700,15000000000,114235,6993773,deprecated,0xfb3bdb41,"swapETHForExactTokens(uint256 amountOut, address[] path, address to, uint256 deadline)",12431327
12630343,1623643781,0x781b2c68e51a0074c92808e6570aeb76066f9fe1a40400e97c548e1f514d30ac,407,0xbdfbe947f4c1e13322771cd527514b5651d137671b69b86a95e7b18470b46f7a,0x92dedef59251bd701a4691524eb2f350f5cc93b5,0x23dbf11ddc9a9aa56a673e67e302b86e3d25a97f,0x1791d5ebbdfd565f136e60a3c43269b148f92b44,143000000000000000000000,Wizard Shiba 🧙‍♂️🦮,🧙‍♂️WIZ🧙‍♂️,18,147,160053,14000000000,120919,8779661,deprecated,0xfb3bdb41,"swapETHForExactTokens(uint256 amountOut, address[] path, address to, uint256 deadline)",12431327
12630343,1623643781,0x5d7b0d17d449841b6c34bd87e8c93ac400280a3849bcabfd2453cbaab0982c72,408,0xbdfbe947f4c1e13322771cd527514b5651d137671b69b86a95e7b18470b46f7a,0x92dedef59251bd701a4691524eb2f350f5cc93b5,0x23dbf11ddc9a9aa56a673e67e302b86e3d25a97f,0xad21510e16c2d8dec438388afc3a888468b944ae,124000000000000000000000,Wizard Shiba 🧙‍♂️🦮,🧙‍♂️WIZ🧙‍♂️,18,156,171510,14000000000,120919,9679482,deprecated,0xfb3bdb41,"swapETHForExactTokens(uint256 amountOut, address[] path, address to, uint256 deadline)",12431327
12630343,1623643781,0xf7d7cd9febf4f8a0704eeed906ea2a21db80b8927958de7c159b90b2d5889a91,409,0xbdfbe947f4c1e13322771cd527514b5651d137671b69b86a95e7b18470b46f7a,0x92dedef59251bd701a4691524eb2f350f5cc93b5,0x23dbf11ddc9a9aa56a673e67e302b86e3d25a97f,0x4db86950ced884020c39a1dd3c851cae627b8ed8,146000000000000000000000,Wizard Shiba 🧙‍♂️🦮,🧙‍♂️WIZ🧙‍♂️,18,173,171510,14000000000,120919,10812804,deprecated,0xfb3bdb41,"swapETHForExactTokens(uint256 amountOut, address[] path, address to, uint256 deadline)",12431327
12630346,1623643822,0xf695ba9c6904f83af67b741ece2c3ae8edba120287ffa9f0b87eadede846cb89,410,0xeda1cb53f0d22d09aac397be2f14f502287b7e1739c67ce62fe1792e78989356,0x92dedef59251bd701a4691524eb2f350f5cc93b5,0x23dbf11ddc9a9aa56a673e67e302b86e3d25a97f,0xf90a2ca9d601a357356d5caa69dbe05ed0aec029,181000000000000000000000,Wizard Shiba 🧙‍♂️🦮,🧙‍♂️WIZ🧙‍♂️,18,85,160053,14000000000,131335,4766544,deprecated,0xfb3bdb41,"swapETHForExactTokens(uint256 amountOut, address[] path, address to, uint256 deadline)",12431324
12630346,1623643822,0x6c0b52f232129440075dad74c9ab8b227f4f4868667101faf1ec87d6087411f6,411,0xeda1cb53f0d22d09aac397be2f14f502287b7e1739c67ce62fe1792e78989356,0x92dedef59251bd701a4691524eb2f350f5cc93b5,0x23dbf11ddc9a9aa56a673e67e302b86e3d25a97f,0x988dc52bfbdcb76067519aa56f4b86f4ecd16476,199000000000000000000000,Wizard Shiba 🧙‍♂️🦮,🧙‍♂️WIZ🧙‍♂️,18,93,171510,14000000000,120919,5527249,deprecated,0xfb3bdb41,"swapETHForExactTokens(uint256 amountOut, address[] path, address to, uint256 deadline)",12431324
12630352,1623643889,0x2b3942cb3ae2b4f148279612e85eadf8f47402e754b1e7522b080e368d4475c7,412,0xd69e19e48a4823504dae0265618644a97f97f0221f11e4e4b75a49da9c909f73,0x92dedef59251bd701a4691524eb2f350f5cc93b5,0x23dbf11ddc9a9aa56a673e67e302b86e3d25a97f,0x13021a4e6c9083a6cd63c3f7d7483db8e5781c70,133000000000000000000000,Wizard Shiba 🧙‍♂️🦮,🧙‍♂️WIZ🧙‍♂️,18,147,171510,13000000000,131335,9763006,deprecated,0xfb3bdb41,"swapETHForExactTokens(uint256 amountOut, address[] path, address to, uint256 deadline)",12431318
12630352,1623643889,0xaa2a745a7e730ab2e74371ecba4c1033fe035a895de1fa600d2d007d138101d0,413,0xd69e19e48a4823504dae0265618644a97f97f0221f11e4e4b75a49da9c909f73,0x92dedef59251bd701a4691524eb2f350f5cc93b5,0x23dbf11ddc9a9aa56a673e67e302b86e3d25a97f,0x562680a4dc50ed2f14d75bf31f494cfe0b8d10a1,146000000000000000000000,Wizard Shiba 🧙‍♂️🦮,🧙‍♂️WIZ🧙‍♂️,18,150,152700,13000000000,103819,10380299,deprecated,0xfb3bdb41,"swapETHForExactTokens(uint256 amountOut, address[] path, address to, uint256 deadline)",12431318
12630353,1623643919,0x6587799cde73acfbd569e09bea9e1bc0e60ad28160eb460223a6fbb102a6bf0c,414,0xe867994bda974c95a2ba44352d774e0d64c72677b7aab7d069d95e6c068871ce,0x92dedef59251bd701a4691524eb2f350f5cc93b5,0x23dbf11ddc9a9aa56a673e67e302b86e3d25a97f,0x4cacacf393cfefe5949736f56e3317bfedcb8b17,159000000000000000000000,Wizard Shiba 🧙‍♂️🦮,🧙‍♂️WIZ🧙‍♂️,18,120,160053,13000000000,131335,6809052,deprecated,0xfb3bdb41,"swapETHForExactTokens(uint256 amountOut, address[] path, address to, uint256 deadline)",12431317
12630355,1623643950,0xa9ca60427c1155c7b8cb0b4938841ebe978dc27e051efd157a79f512cbf59a4b,415,0x19d7fe9f7791b9e400246dc4513fe404f3285a8461ca4cf3a5fed41db46301ca,0x92dedef59251bd701a4691524eb2f350f5cc93b5,0x23dbf11ddc9a9aa56a673e67e302b86e3d25a97f,0x11ce93e2e306f25221562014923d55aee867f53c,166000000000000000000000,Wizard Shiba 🧙‍♂️🦮,🧙‍♂️WIZ🧙‍♂️,18,232,171510,13000000000,131335,13000786,deprecated,0xfb3bdb41,"swapETHForExactTokens(uint256 amountOut, address[] path, address to, uint256 deadline)",12431315
12630355,1623643950,0x24267fa0f1972ac18feb9898fcaf69a0e95104ed5b35fa0bb02e316a641fdea7,416,0x19d7fe9f7791b9e400246dc4513fe404f3285a8461ca4cf3a5fed41db46301ca,0x92dedef59251bd701a4691524eb2f350f5cc93b5,0x23dbf11ddc9a9aa56a673e67e302b86e3d25a97f,0x75039f2f8bd4cfba74fd363f83157fc869e5348b,129000000000000000000000,Wizard Shiba 🧙‍♂️🦮,🧙‍♂️WIZ🧙‍♂️,18,233,171510,14000000000,120919,13121705,deprecated,0xfb3bdb41,"swapETHForExactTokens(uint256 amountOut, address[] path, address to, uint256 deadline)",12431315
12630356,1623643990,0x1d80e74ddfe23653c341cbed8302685ac75ac814574eb5f3a30ead8c6c289d3d,417,0x0bee6f4b168b118d6003a21d3007b1d495b590473d30e0b5e925baa2c6cee8a5,0x92dedef59251bd701a4691524eb2f350f5cc93b5,0x23dbf11ddc9a9aa56a673e67e302b86e3d25a97f,0x44f979afcc29d19f71cfc04a31e4754b36f6df85,144000000000000000000000,Wizard Shiba 🧙‍♂️🦮,🧙‍♂️WIZ🧙‍♂️,18,71,160040,14000000000,131323,5454120,deprecated,0xfb3bdb41,"swapETHForExactTokens(uint256 amountOut, address[] path, address to, uint256 deadline)",12431314
12630360,1623644094,0x7bba91c78c7757f353d03ee71973361c7ad0769a6fce0102bd83a80a044e8b27,418,0xeecb52df23b5c3aede2c7e61ba44b5c4be4f6a4bb7672946105b511ed4e7bd4d,0x92dedef59251bd701a4691524eb2f350f5cc93b5,0x23dbf11ddc9a9aa56a673e67e302b86e3d25a97f,0xb8a22e6eee016b0581532118475db6b24fed6eee,139000000000000000000000,Wizard Shiba 🧙‍♂️🦮,🧙‍♂️WIZ🧙‍♂️,18,197,171510,14000000000,131335,12521928,deprecated,0xfb3bdb41,"swapETHForExactTokens(uint256 amountOut, address[] path, address to, uint256 deadline)",12431310
12630360,1623644094,0x55ec9438879aceb264c2caf5ba398b3d3e0e66ac490069df1d547e2546afeaec,419,0xeecb52df23b5c3aede2c7e61ba44b5c4be4f6a4bb7672946105b511ed4e7bd4d,0x92dedef59251bd701a4691524eb2f350f5cc93b5,0x23dbf11ddc9a9aa56a673e67e302b86e3d25a97f,0x879a04ff1814f8ead14a10ac4c391934b372ad24,232000000000000000000000,Wizard Shiba 🧙‍♂️🦮,🧙‍♂️WIZ🧙‍♂️,18,207,171497,14000000000,120907,13471728,deprecated,0xfb3bdb41,"swapETHForExactTokens(uint256 amountOut, address[] path, address to, uint256 deadline)",12431310
12630360,1623644094,0x4191da491b6c339d6530092451f81b9daabf5e5be40dff8fe5639dbef962f672,420,0xeecb52df23b5c3aede2c7e61ba44b5c4be4f6a4bb7672946105b511ed4e7bd4d,0x92dedef59251bd701a4691524eb2f350f5cc93b5,0x23dbf11ddc9a9aa56a673e67e302b86e3d25a97f,0x087252515e08d1594c401ec9de9d1e8b7f6b2211,249000000000000000000000,Wizard Shiba 🧙‍♂️🦮,🧙‍♂️WIZ🧙‍♂️,18,208,171510,15000000000,120919,13592647,deprecated,0xfb3bdb41,"swapETHForExactTokens(uint256 amountOut, address[] path, address to, uint256 deadline)",12431310
12630360,1623644094,0x1814e72a498f65cb00a02e96bd5aeac2f267ae0e5dc9d04f3eb55996395237b0,421,0xeecb52df23b5c3aede2c7e61ba44b5c4be4f6a4bb7672946105b511ed4e7bd4d,0x92dedef59251bd701a4691524eb2f350f5cc93b5,0x23dbf11ddc9a9aa56a673e67e302b86e3d25a97f,0xbc2d9a1c530006c51f708478961bead35746cc0f,213000000000000000000000,Wizard Shiba 🧙‍♂️🦮,🧙‍♂️WIZ🧙‍♂️,18,209,171497,15000000000,120907,13713554,deprecated,0xfb3bdb41,"swapETHForExactTokens(uint256 amountOut, address[] path, address to, uint256 deadline)",12431310
12630360,1623644094,0xa29d1031bd1797c233370709ca8d6b284be0cbd0f85136e0e32010429b567529,422,0xeecb52df23b5c3aede2c7e61ba44b5c4be4f6a4bb7672946105b511ed4e7bd4d,0x92dedef59251bd701a4691524eb2f350f5cc93b5,0x23dbf11ddc9a9aa56a673e67e302b86e3d25a97f,0x2acdb44596e2b6ffbbf62614c9aad9cd04980248,217000000000000000000000,Wizard Shiba 🧙‍♂️🦮,🧙‍♂️WIZ🧙‍♂️,18,210,171510,15000000000,120919,13834473,deprecated,0xfb3bdb41,"swapETHForExactTokens(uint256 amountOut, address[] path, address to, uint256 deadline)",12431310
12630360,1623644094,0xefdd5217a0ac41be7ff26c4574eb58243233ba5d7c51f7c7314ddb6a2fac182e,423,0xeecb52df23b5c3aede2c7e61ba44b5c4be4f6a4bb7672946105b511ed4e7bd4d,0x92dedef59251bd701a4691524eb2f350f5cc93b5,0x23dbf11ddc9a9aa56a673e67e302b86e3d25a97f,0x0e87a48c2f0846e49dc51b912aeac64dc6535eb0,324000000000000000000000,Wizard Shiba 🧙‍♂️🦮,🧙‍♂️WIZ🧙‍♂️,18,211,171510,15000000000,120919,13955392,deprecated,0xfb3bdb41,"swapETHForExactTokens(uint256 amountOut, address[] path, address to, uint256 deadline)",12431310
12630360,1623644094,0x4ad60c4b8662e29b10fb66d5db3aa9f37cc4842541f02019aa3f0341478756b4,424,0xeecb52df23b5c3aede2c7e61ba44b5c4be4f6a4bb7672946105b511ed4e7bd4d,0x92dedef59251bd701a4691524eb2f350f5cc93b5,0x23dbf11ddc9a9aa56a673e67e302b86e3d25a97f,0xaaf5a23658c6b8261ca68cf55a8dcb778f68c1f8,117000000000000000000000,Wizard Shiba 🧙‍♂️🦮,🧙‍♂️WIZ🧙‍♂️,18,212,171510,15000000000,120919,14076311,deprecated,0xfb3bdb41,"swapETHForExactTokens(uint256 amountOut, address[] path, address to, uint256 deadline)",12431310
12630362,1623644134,0x83f569c244edf9e56a1fa6f86b540ade19a2d101385a4f0612a2ab1d0e180ec1,425,0x4f7f8d5026443ee6a04a55194025948e6d1fabb0a8b8cf8479dd41c7b24a8e1d,0x92dedef59251bd701a4691524eb2f350f5cc93b5,0x23dbf11ddc9a9aa56a673e67e302b86e3d25a97f,0x1e968022858b582ad46c9504f5da65f923a7bd6d,137000000000000000000000,Wizard Shiba 🧙‍♂️🦮,🧙‍♂️WIZ🧙‍♂️,18,21,160053,15000000000,131335,1137632,deprecated,0xfb3bdb41,"swapETHForExactTokens(uint256 amountOut, address[] path, address to, uint256 deadline)",12431308
12630363,1623644142,0x9530c893033cf3726a58b42953f245a8f311e59092f2d6698f0bd77ce543189d,426,0x6c2e69755b4a9c5cc6beff0160a1095dd57105e32d4851b48020cd6323a3327f,0x92dedef59251bd701a4691524eb2f350f5cc93b5,0x23dbf11ddc9a9aa56a673e67e302b86e3d25a97f,0x38ab300217c13c754ef3333e06ce9a1e5f8358e2,145000000000000000000000,Wizard Shiba 🧙‍♂️🦮,🧙‍♂️WIZ🧙‍♂️,18,18,171510,17000000000,131335,1562246,deprecated,0xfb3bdb41,"swapETHForExactTokens(uint256 amountOut, address[] path, address to, uint256 deadline)",12431307
12630366,1623644157,0xb53f325fe01023bcfdb0ad90b157af49a05408cf872a5abf3a62d4647cb60eac,427,0x4141f038ca105b6b68a06cfcfd4e9119c3e98b880d55e089445d3a9f3016d434,0x92dedef59251bd701a4691524eb2f350f5cc93b5,0x23dbf11ddc9a9aa56a673e67e302b86e3d25a97f,0x07487159a60b029a4d54ce2a710923441f19bc90,168000000000000000000000,Wizard Shiba 🧙‍♂️🦮,🧙‍♂️WIZ🧙‍♂️,18,90,160040,17000000000,131323,5271652,deprecated,0xfb3bdb41,"swapETHForExactTokens(uint256 amountOut, address[] path, address to, uint256 deadline)",12431304
12630366,1623644157,0x0a5080b338a6949d698b619bc7b8f5596b146283568c6b0756d9fdbe7c0ac0e4,428,0x4141f038ca105b6b68a06cfcfd4e9119c3e98b880d55e089445d3a9f3016d434,0x92dedef59251bd701a4691524eb2f350f5cc93b5,0x23dbf11ddc9a9aa56a673e67e302b86e3d25a97f,0xda76c003ee8a8306d6cf37c6c3cb5c3f7ed4754e,173000000000000000000000,Wizard Shiba 🧙‍♂️🦮,🧙‍♂️WIZ🧙‍♂️,18,102,171510,17000000000,120919,6520399,deprecated,0xfb3bdb41,"swapETHForExactTokens(uint256 amountOut, address[] path, address to, uint256 deadline)",12431304
12630366,1623644157,0x790531d8db765f3bc7cb9cf292d5237c1723afdad739c3708904dcf2398311c7,429,0x4141f038ca105b6b68a06cfcfd4e9119c3e98b880d55e089445d3a9f3016d434,0x92dedef59251bd701a4691524eb2f350f5cc93b5,0x23dbf11ddc9a9aa56a673e67e302b86e3d25a97f,0xfdf04a9e7abc434066ce2b2c68eb848e397961ff,148000000000000000000000,Wizard Shiba 🧙‍♂️🦮,🧙‍♂️WIZ🧙‍♂️,18,108,171510,17000000000,120919,7262265,deprecated,0xfb3bdb41,"swapETHForExactTokens(uint256 amountOut, address[] path, address to, uint256 deadline)",12431304
12630366,1623644157,0x8274eaa126f03f761ab18c2717e764cce1d7c313bb5a684d7a2441dbe43c7c57,430,0x4141f038ca105b6b68a06cfcfd4e9119c3e98b880d55e089445d3a9f3016d434,0x92dedef59251bd701a4691524eb2f350f5cc93b5,0x23dbf11ddc9a9aa56a673e67e302b86e3d25a97f,0x556000ae8c77c17d175baf3cd7cb0e90de3f593f,154000000000000000000000,Wizard Shiba 🧙‍♂️🦮,🧙‍♂️WIZ🧙‍♂️,18,111,171497,17000000000,120907,7434045,deprecated,0xfb3bdb41,"swapETHForExactTokens(uint256 amountOut, address[] path, address to, uint256 deadline)",12431304
12630367,1623644194,0xe646c5dc022037e8c9dd3a25313a325b153a7c3e77405c9fab6d34fbae36eeab,431,0xc179e7211e71baf8a3859334dda2b38c729a5d02af783e45821aef8cd135eb58,0x92dedef59251bd701a4691524eb2f350f5cc93b5,0x23dbf11ddc9a9aa56a673e67e302b86e3d25a97f,0x0b1238d259ab6f271161f97a6ac8d4aa21bd922e,241000000000000000000000,Wizard Shiba 🧙‍♂️🦮,🧙‍♂️WIZ🧙‍♂️,18,23,171510,17000000000,131335,1336628,deprecated,0xfb3bdb41,"swapETHForExactTokens(uint256 amountOut, address[] path, address to, uint256 deadline)",12431303
12630371,1623644229,0x22ee7d88712685dc42bbdc4e1b136544800476ed406c9ce98a05e58f721ddad5,432,0x9a14591667fa78e07a91499fe322217b2c33a42040070df31d491f732dce494d,0x92dedef59251bd701a4691524eb2f350f5cc93b5,0x23dbf11ddc9a9aa56a673e67e302b86e3d25a97f,0xa4ac35e0266d81d1f8fa234d878ea98566b70f8f,233000000000000000000000,Wizard Shiba 🧙‍♂️🦮,🧙‍♂️WIZ🧙‍♂️,18,60,160053,17000000000,131335,2590312,deprecated,0xfb3bdb41,"swapETHForExactTokens(uint256 amountOut, address[] path, address to, uint256 deadline)",12431299
12630371,1623644229,0x66a36b78a5e3a419403b0590ac3411cd234df81d0daf2f6f2fc88dbc4cf49cd7,433,0x9a14591667fa78e07a91499fe322217b2c33a42040070df31d491f732dce494d,0x92dedef59251bd701a4691524eb2f350f5cc93b5,0x23dbf11ddc9a9aa56a673e67e302b86e3d25a97f,0x5bf098645ce377643541a650dfbfe6474172205b,273000000000000000000000,Wizard Shiba 🧙‍♂️🦮,🧙‍♂️WIZ🧙‍♂️,18,61,160053,17000000000,120919,2711231,deprecated,0xfb3bdb41,"swapETHForExactTokens(uint256 amountOut, address[] path, address to, uint256 deadline)",12431299
12630372,1623644252,0x7aa2647becf783ca0b1ebe21e1ebf46473f81e33917cfdbabff5e09dd55cbe60,434,0x2b0ba1a78967023801308db238a9732ff2dac64578138d07df23f13549ff1f2a,0x92dedef59251bd701a4691524eb2f350f5cc93b5,0x23dbf11ddc9a9aa56a673e67e302b86e3d25a97f,0xf623e1dacdb25b8cbce4675b1b67b3db66d2e607,243000000000000000000000,Wizard Shiba 🧙‍♂️🦮,🧙‍♂️WIZ🧙‍♂️,18,220,171510,15000000000,131335,7543610,deprecated,0xfb3bdb41,"swapETHForExactTokens(uint256 amountOut, address[] path, address to, uint256 deadline)",12431298
12630372,1623644252,0x3f8d257bbb293582d7d5dcb18675d4e2366db2cb13416245294ec08f2929f462,435,0x2b0ba1a78967023801308db238a9732ff2dac64578138d07df23f13549ff1f2a,0x92dedef59251bd701a4691524eb2f350f5cc93b5,0x23dbf11ddc9a9aa56a673e67e302b86e3d25a97f,0xc908ffe5581abb7fb0e9e2e74989f75de696e3ac,473000000000000000000000,Wizard Shiba 🧙‍♂️🦮,🧙‍♂️WIZ🧙‍♂️,18,221,171510,15000000000,120919,7664529,deprecated,0xfb3bdb41,"swapETHForExactTokens(uint256 amountOut, address[] path, address to, uint256 deadline)",12431298
12630372,1623644252,0x12a88131da1817c30c8727b06e0069dd8b71c5c09871981d8127a1b88685fbbc,436,0x2b0ba1a78967023801308db238a9732ff2dac64578138d07df23f13549ff1f2a,0x92dedef59251bd701a4691524eb2f350f5cc93b5,0x23dbf11ddc9a9aa56a673e67e302b86e3d25a97f,0x12949651a3a7cf952a06fc7f97e13e40f377db9c,381000000000000000000000,Wizard Shiba 🧙‍♂️🦮,🧙‍♂️WIZ🧙‍♂️,18,222,171510,15000000000,120919,7785448,deprecated,0xfb3bdb41,"swapETHForExactTokens(uint256 amountOut, address[] path, address to, uint256 deadline)",12431298
12630372,1623644252,0x2ae9fcbf33152ed6824a68fec1f8608c6b8ffbcebefd4e480b97ab66c70045e6,437,0x2b0ba1a78967023801308db238a9732ff2dac64578138d07df23f13549ff1f2a,0x92dedef59251bd701a4691524eb2f350f5cc93b5,0x23dbf11ddc9a9aa56a673e67e302b86e3d25a97f,0x1c3be8dfc5f6b3cdc78255134820cc5f5cca2f1d,299000000000000000000000,Wizard Shiba 🧙‍♂️🦮,🧙‍♂️WIZ🧙‍♂️,18,223,171510,15000000000,120919,7906367,deprecated,0xfb3bdb41,"swapETHForExactTokens(uint256 amountOut, address[] path, address to, uint256 deadline)",12431298
12630372,1623644252,0x49fd97d7c7b839862dcfe1ef3a848aab314edb164eeac1bcd2c206f44df39973,438,0x2b0ba1a78967023801308db238a9732ff2dac64578138d07df23f13549ff1f2a,0x92dedef59251bd701a4691524eb2f350f5cc93b5,0x23dbf11ddc9a9aa56a673e67e302b86e3d25a97f,0xf5d8fe42b8217fa0cd70fc4400ad0d19514fe946,216000000000000000000000,Wizard Shiba 🧙‍♂️🦮,🧙‍♂️WIZ🧙‍♂️,18,224,160026,15000000000,120895,8027262,deprecated,0xfb3bdb41,"swapETHForExactTokens(uint256 amountOut, address[] path, address to, uint256 deadline)",12431298
12630376,1623644333,0x8f0c626a5c552506b0bd293fed877fe439b4d071f0b758d4fa9914ec72e206f0,144,0xcba745638bfb7186f21f5cd645d10cd4dd7359107e24828b7a2d1c00a3ae33af,0x92dedef59251bd701a4691524eb2f350f5cc93b5,0x23dbf11ddc9a9aa56a673e67e302b86e3d25a97f,0x9792f1b6011f28bbae146bf4966325f51fefadd8,314116157954464147407,Wizard Shiba 🧙‍♂️🦮,🧙‍♂️WIZ🧙‍♂️,18,70,179408,12100000000,123944,3697963,deprecated,0x7ff36ab5,"swapExactETHForTokens(uint256 amountOutMin, address[] path, address to, uint256 deadline)",12431294
12630383,1623644416,0x8c2e7679e58562b862004559977f3dd0b5388e1e56bb55a243208a194e8f3e05,439,0xbcc009db35665686a046c2a74a8127ac2900a040f0c4f92723dd146421af1071,0x92dedef59251bd701a4691524eb2f350f5cc93b5,0x23dbf11ddc9a9aa56a673e67e302b86e3d25a97f,0x2671663ff57fdb0ee8a8613286802ae4d1c72428,341000000000000000000000,Wizard Shiba 🧙‍♂️🦮,🧙‍♂️WIZ🧙‍♂️,18,129,171510,14000000000,131335,8131188,deprecated,0xfb3bdb41,"swapETHForExactTokens(uint256 amountOut, address[] path, address to, uint256 deadline)",12431287
12630383,1623644416,0x6bbb879f4d6cbcf5d9e21f13345a17d57fd3af95725bf4c0430933a94a97174f,440,0xbcc009db35665686a046c2a74a8127ac2900a040f0c4f92723dd146421af1071,0x92dedef59251bd701a4691524eb2f350f5cc93b5,0x23dbf11ddc9a9aa56a673e67e302b86e3d25a97f,0x331626d097cc466f6544257c2dc18f60f6382414,445000000000000000000000,Wizard Shiba 🧙‍♂️🦮,🧙‍♂️WIZ🧙‍♂️,18,130,171510,14000000000,120919,8252107,deprecated,0xfb3bdb41,"swapETHForExactTokens(uint256 amountOut, address[] path, address to, uint256 deadline)",12431287
12630383,1623644416,0x2d046992cf2a4f012d9c125bb3c926f2959eb457985136a4d3532b4330b9c81e,441,0xbcc009db35665686a046c2a74a8127ac2900a040f0c4f92723dd146421af1071,0x92dedef59251bd701a4691524eb2f350f5cc93b5,0x23dbf11ddc9a9aa56a673e67e302b86e3d25a97f,0x15ddce5c4e5d6c1a87820a6cce79c14074f3c047,214000000000000000000000,Wizard Shiba 🧙‍♂️🦮,🧙‍♂️WIZ🧙‍♂️,18,131,171510,14000000000,120919,8373026,deprecated,0xfb3bdb41,"swapETHForExactTokens(uint256 amountOut, address[] path, address to, uint256 deadline)",12431287
12630387,1623644446,0x7661dc2188bd23a9700b5807bce49e7cad40a09c5e48b2f6f4accbc6c28a0c75,442,0xd51d92f1848ee1ff38d77acc19bcc583768f4c817eddc1aa799a29fcb0c574c1,0x92dedef59251bd701a4691524eb2f350f5cc93b5,0x23dbf11ddc9a9aa56a673e67e302b86e3d25a97f,0x15ddce5c4e5d6c1a87820a6cce79c14074f3c047,248000000000000000000000,Wizard Shiba 🧙‍♂️🦮,🧙‍♂️WIZ🧙‍♂️,18,142,171497,14000000000,114223,9013258,deprecated,0xfb3bdb41,"swapETHForExactTokens(uint256 amountOut, address[] path, address to, uint256 deadline)",12431283
12630387,1623644446,0xb76596778419573094a19718ed1cd95fd4e85efa998df76d098df0388cee03bf,443,0xd51d92f1848ee1ff38d77acc19bcc583768f4c817eddc1aa799a29fcb0c574c1,0x92dedef59251bd701a4691524eb2f350f5cc93b5,0x23dbf11ddc9a9aa56a673e67e302b86e3d25a97f,0x2962af5d6c0c60cec60ea7cd4789a616ef7de1df,331000000000000000000000,Wizard Shiba 🧙‍♂️🦮,🧙‍♂️WIZ🧙‍♂️,18,143,160053,14000000000,120919,9134177,deprecated,0xfb3bdb41,"swapETHForExactTokens(uint256 amountOut, address[] path, address to, uint256 deadline)",12431283
12630387,1623644446,0x306c8eb2ceac8a2e0556a078d5d23f5b814103d97418a212bf5131c04d2b5a11,444,0xd51d92f1848ee1ff38d77acc19bcc583768f4c817eddc1aa799a29fcb0c574c1,0x92dedef59251bd701a4691524eb2f350f5cc93b5,0x23dbf11ddc9a9aa56a673e67e302b86e3d25a97f,0xdff924b54f88ee9fdc507c038f5e35e762fb9282,213000000000000000000000,Wizard Shiba 🧙‍♂️🦮,🧙‍♂️WIZ🧙‍♂️,18,148,171510,14000000000,120919,9678551,deprecated,0xfb3bdb41,"swapETHForExactTokens(uint256 amountOut, address[] path, address to, uint256 deadline)",12431283
12630387,1623644446,0x9258b15854483639ec2f75ecf146adf6ff8673ab474d9764e3792782954e2b85,445,0xd51d92f1848ee1ff38d77acc19bcc583768f4c817eddc1aa799a29fcb0c574c1,0x92dedef59251bd701a4691524eb2f350f5cc93b5,0x23dbf11ddc9a9aa56a673e67e302b86e3d25a97f,0x7be16e1b4d1685d9cd68182a8e29e51b74ae0d95,118000000000000000000000,Wizard Shiba 🧙‍♂️🦮,🧙‍♂️WIZ🧙‍♂️,18,179,171510,14000000000,120919,12968275,deprecated,0xfb3bdb41,"swapETHForExactTokens(uint256 amountOut, address[] path, address to, uint256 deadline)",12431283
12630389,1623644478,0x5ab08de31e99ec6dac533f96f86e78afc662acb0cca1519137d9ce7d25d647e0,446,0xf9d8abcb57f2d38380a57e630cdeaefbb4afdd4459f360063bc9372ed08e64a7,0x92dedef59251bd701a4691524eb2f350f5cc93b5,0x23dbf11ddc9a9aa56a673e67e302b86e3d25a97f,0x0ee5c691db6c1c9843ae04c206f5d26d69d93132,126000000000000000000000,Wizard Shiba 🧙‍♂️🦮,🧙‍♂️WIZ🧙‍♂️,18,37,171510,15000000000,131335,2968402,deprecated,0xfb3bdb41,"swapETHForExactTokens(uint256 amountOut, address[] path, address to, uint256 deadline)",12431281
12630390,1623644482,0x0ec5bed40815bd910d659f2686045dfa60ab9fe476ef049bc159551404dfad66,447,0x947469b6d7de7c81694d1120ac2b0bc21e1596ea11c59ff30aaa44c1bf98bf7e,0x92dedef59251bd701a4691524eb2f350f5cc93b5,0x23dbf11ddc9a9aa56a673e67e302b86e3d25a97f,0x9ee482b1a5a4f5247f89a9d9d88e3a920e8d7943,148000000000000000000000,Wizard Shiba 🧙‍♂️🦮,🧙‍♂️WIZ🧙‍♂️,18,70,171510,15000000000,131335,4565099,deprecated,0xfb3bdb41,"swapETHForExactTokens(uint256 amountOut, address[] path, address to, uint256 deadline)",12431280
12630394,1623644509,0x9fad0db2ef1c554d8dc9cbc980f684b190e0df08dc1b6612c2550196a86f4180,448,0xab15d81d1260e737b5943003eb465ee93177703d662d8ce264a2b0c15f2c7cbb,0x92dedef59251bd701a4691524eb2f350f5cc93b5,0x23dbf11ddc9a9aa56a673e67e302b86e3d25a97f,0xa5418eeaf91cf0193e55ff5d56e3af68729bca0c,215000000000000000000000,Wizard Shiba 🧙‍♂️🦮,🧙‍♂️WIZ🧙‍♂️,18,123,160053,15000000000,131335,8237624,deprecated,0xfb3bdb41,"swapETHForExactTokens(uint256 amountOut, address[] path, address to, uint256 deadline)",12431276
12630395,1623644544,0x6138585b9161d75c99d11712ce4657fc3db1b5c5ae514f8e933f9661c4c1a463,449,0xa141106969c16676692739b9fe28a159b739a118acbd233d96cafd0e16b3310e,0x92dedef59251bd701a4691524eb2f350f5cc93b5,0x23dbf11ddc9a9aa56a673e67e302b86e3d25a97f,0x304522f8d476151e1c5fb36afb5f3ccd9b9b5d62,268000000000000000000000,Wizard Shiba 🧙‍♂️🦮,🧙‍♂️WIZ🧙‍♂️,18,72,171510,15000000000,131335,4808508,deprecated,0xfb3bdb41,"swapETHForExactTokens(uint256 amountOut, address[] path, address to, uint256 deadline)",12431275
12630395,1623644544,0x0df173923c591ca16659b5197c8764ace847ba9d4158ca745234878592b90c65,450,0xa141106969c16676692739b9fe28a159b739a118acbd233d96cafd0e16b3310e,0x92dedef59251bd701a4691524eb2f350f5cc93b5,0x23dbf11ddc9a9aa56a673e67e302b86e3d25a97f,0x61b3af9d9d860c4fc5fd0902c6137a3b2e32a520,113000000000000000000000,Wizard Shiba 🧙‍♂️🦮,🧙‍♂️WIZ🧙‍♂️,18,73,171510,15000000000,120919,4929427,deprecated,0xfb3bdb41,"swapETHForExactTokens(uint256 amountOut, address[] path, address to, uint256 deadline)",12431275
12630398,1623644578,0x07c5ac27a2a5bf8dc81c87fc9cfeecd9fa78c81dc2cb9ee48fe62d5d0249ecde,451,0x4be9d0e6438a13c66d24a4aebe008c607cfe5e61a8469e552d0ea66ebf1d6245,0x92dedef59251bd701a4691524eb2f350f5cc93b5,0x23dbf11ddc9a9aa56a673e67e302b86e3d25a97f,0x0635963f8322eb7afe497ea3e9b6d3f8c862289a,139000000000000000000000,Wizard Shiba 🧙‍♂️🦮,🧙‍♂️WIZ🧙‍♂️,18,47,171510,15000000000,131335,2829629,deprecated,0xfb3bdb41,"swapETHForExactTokens(uint256 amountOut, address[] path, address to, uint256 deadline)",12431272
12630398,1623644578,0x6c87547b6fd89a34dacf413a084527edbc5294346e7c6935a0b2c7fbdf08312d,452,0x4be9d0e6438a13c66d24a4aebe008c607cfe5e61a8469e552d0ea66ebf1d6245,0x92dedef59251bd701a4691524eb2f350f5cc93b5,0x23dbf11ddc9a9aa56a673e67e302b86e3d25a97f,0x3cb431081f4d9e012f6e2671973aa3a7cb3c90b9,147000000000000000000000,Wizard Shiba 🧙‍♂️🦮,🧙‍♂️WIZ🧙‍♂️,18,88,171510,13000000000,120919,5656911,deprecated,0xfb3bdb41,"swapETHForExactTokens(uint256 amountOut, address[] path, address to, uint256 deadline)",12431272
12630398,1623644578,0xcf39035fc2b3078c413b2339850e86927d74f198fd85123b96cb90887b5d5a45,453,0x4be9d0e6438a13c66d24a4aebe008c607cfe5e61a8469e552d0ea66ebf1d6245,0x92dedef59251bd701a4691524eb2f350f5cc93b5,0x23dbf11ddc9a9aa56a673e67e302b86e3d25a97f,0xb20160ca83acc3e6786b475e0e3f5a29664db6de,167000000000000000000000,Wizard Shiba 🧙‍♂️🦮,🧙‍♂️WIZ🧙‍♂️,18,89,160053,13000000000,120919,5777830,deprecated,0xfb3bdb41,"swapETHForExactTokens(uint256 amountOut, address[] path, address to, uint256 deadline)",12431272
12630398,1623644578,0x9266d9e5c90dcbb6315829996f1b1cd8720bb81e0d21e4fc5558d2de55636de8,454,0x4be9d0e6438a13c66d24a4aebe008c607cfe5e61a8469e552d0ea66ebf1d6245,0x92dedef59251bd701a4691524eb2f350f5cc93b5,0x23dbf11ddc9a9aa56a673e67e302b86e3d25a97f,0x81e3854ff33db7146ed1714dc706a70ae8fc998e,125000000000000000000000,Wizard Shiba 🧙‍♂️🦮,🧙‍♂️WIZ🧙‍♂️,18,90,160053,13000000000,120919,5898749,deprecated,0xfb3bdb41,"swapETHForExactTokens(uint256 amountOut, address[] path, address to, uint256 deadline)",12431272
12630398,1623644578,0x868873ffb1610c90d1aa5bfec8c2ae10b0ebc8d53864834a5cd402ab634626a0,455,0x4be9d0e6438a13c66d24a4aebe008c607cfe5e61a8469e552d0ea66ebf1d6245,0x92dedef59251bd701a4691524eb2f350f5cc93b5,0x23dbf11ddc9a9aa56a673e67e302b86e3d25a97f,0xd105609e711ce3771215045864f2cf0fae91a70e,188000000000000000000000,Wizard Shiba 🧙‍♂️🦮,🧙‍♂️WIZ🧙‍♂️,18,91,160053,13000000000,120919,6019668,deprecated,0xfb3bdb41,"swapETHForExactTokens(uint256 amountOut, address[] path, address to, uint256 deadline)",12431272
12630398,1623644578,0x456cb5f938073233e9c3e72efd786c2379a24a04feaf8a8d4c9714a3f6a4d9ac,456,0x4be9d0e6438a13c66d24a4aebe008c607cfe5e61a8469e552d0ea66ebf1d6245,0x92dedef59251bd701a4691524eb2f350f5cc93b5,0x23dbf11ddc9a9aa56a673e67e302b86e3d25a97f,0x8d476c9a286030a757e951f140bdddd0d29f1995,344000000000000000000000,Wizard Shiba 🧙‍♂️🦮,🧙‍♂️WIZ🧙‍♂️,18,92,171497,13000000000,120907,6140575,deprecated,0xfb3bdb41,"swapETHForExactTokens(uint256 amountOut, address[] path, address to, uint256 deadline)",12431272
12630401,1623644601,0xb6aec3e39b6620de8310a96ffe2541d304ccd1407c24d4e819fe21486e78ffd9,457,0xc5694ab1fa5fcaf5a8bf574701e35478e66fb27ada92c33443cc2e247f371adb,0x92dedef59251bd701a4691524eb2f350f5cc93b5,0x23dbf11ddc9a9aa56a673e67e302b86e3d25a97f,0xa307f705028b59c7645d0a99b7c1a0c80f44e38e,251000000000000000000000,Wizard Shiba 🧙‍♂️🦮,🧙‍♂️WIZ🧙‍♂️,18,77,171510,13000000000,131335,6591061,deprecated,0xfb3bdb41,"swapETHForExactTokens(uint256 amountOut, address[] path, address to, uint256 deadline)",12431269
12630404,1623644667,0xb532942736b63ac6fff689f14abdb297c8d01d1ad79a35f5358c4fe7d9a889fe,458,0xa485c2738baa0bd63e5905bae6480db18cd8bc2b706a5661e278286127abe6ca,0x92dedef59251bd701a4691524eb2f350f5cc93b5,0x23dbf11ddc9a9aa56a673e67e302b86e3d25a97f,0xf1da4c8228aa25e1280a9e04432c8c34b2572ada,165000000000000000000000,Wizard Shiba 🧙‍♂️🦮,🧙‍♂️WIZ🧙‍♂️,18,62,171497,14000000000,131323,3531852,deprecated,0xfb3bdb41,"swapETHForExactTokens(uint256 amountOut, address[] path, address to, uint256 deadline)",12431266
12630408,1623644726,0x37b988b05137a6794ebc2004ef9b5950b31bddd820854a99f14a67fe358b0943,459,0xbbb07f4cad6b6408139a6a4a92fc08742d71738e2dfb8572efbccde8b5b32319,0x92dedef59251bd701a4691524eb2f350f5cc93b5,0x23dbf11ddc9a9aa56a673e67e302b86e3d25a97f,0xbe7d2b4f8c2f320e6314b53d41841a056addda7b,231000000000000000000000,Wizard Shiba 🧙‍♂️🦮,🧙‍♂️WIZ🧙‍♂️,18,165,160053,14000000000,131335,7571591,deprecated,0xfb3bdb41,"swapETHForExactTokens(uint256 amountOut, address[] path, address to, uint256 deadline)",12431262
12630410,1623644760,0xf1330211898b63a11e9f01609a340e6cbac20cb9e1ba5ecf52dd424e127b1ff6,460,0x657e869e19d1c4eb9da3fbcc01ae2cded06052c96daf4e60a07ecf17ef60d85a,0x92dedef59251bd701a4691524eb2f350f5cc93b5,0x23dbf11ddc9a9aa56a673e67e302b86e3d25a97f,0xf0074a2f7198f3f4d48b6dc67e2cc8213b30cc21,148000000000000000000000,Wizard Shiba 🧙‍♂️🦮,🧙‍♂️WIZ🧙‍♂️,18,14,171510,14000000000,131335,1058126,deprecated,0xfb3bdb41,"swapETHForExactTokens(uint256 amountOut, address[] path, address to, uint256 deadline)",12431260
12630410,1623644760,0xdbab1690befabadd24223aeb71b439514884c4258a3e52b91043cf14b9a2a7be,461,0x657e869e19d1c4eb9da3fbcc01ae2cded06052c96daf4e60a07ecf17ef60d85a,0x92dedef59251bd701a4691524eb2f350f5cc93b5,0x23dbf11ddc9a9aa56a673e67e302b86e3d25a97f,0x678b4e32f36a9997a94cf42636c2e9bf54c2a7dc,355000000000000000000000,Wizard Shiba 🧙‍♂️🦮,🧙‍♂️WIZ🧙‍♂️,18,16,171510,14000000000,120919,1340920,deprecated,0xfb3bdb41,"swapETHForExactTokens(uint256 amountOut, address[] path, address to, uint256 deadline)",12431260
12630412,1623644772,0x7b4872cefb1fd673e82a92ea411494c4ee3c14320806b69af3af394576ee6175,462,0xe5c3b12168d0b471f8f6c195dd21d767cfd5dc9761637668aec780e2168a0302,0x92dedef59251bd701a4691524eb2f350f5cc93b5,0x23dbf11ddc9a9aa56a673e67e302b86e3d25a97f,0x9cc2f5cb9883cc7fc21c9ba5d2ea989d16039c6e,87000000000000000000000,Wizard Shiba 🧙‍♂️🦮,🧙‍♂️WIZ🧙‍♂️,18,34,171510,14000000000,131335,2404777,deprecated,0xfb3bdb41,"swapETHForExactTokens(uint256 amountOut, address[] path, address to, uint256 deadline)",12431258
12630412,1623644772,0x48f75f4d019ba008931ce5101fb969bd6cee6bdb156c0e2fb66a240cb835b3f9,463,0xe5c3b12168d0b471f8f6c195dd21d767cfd5dc9761637668aec780e2168a0302,0x92dedef59251bd701a4691524eb2f350f5cc93b5,0x23dbf11ddc9a9aa56a673e67e302b86e3d25a97f,0x039f7ca5862940b3233383f54577cd4d95e32f2d,98200000000000000000000,Wizard Shiba 🧙‍♂️🦮,🧙‍♂️WIZ🧙‍♂️,18,35,171510,14000000000,120919,2525696,deprecated,0xfb3bdb41,"swapETHForExactTokens(uint256 amountOut, address[] path, address to, uint256 deadline)",12431258
12630412,1623644772,0xd4d572e33ab90716adf5488e11726f1c57bbb3277f64f16fdd4dc6be624a4d1d,464,0xe5c3b12168d0b471f8f6c195dd21d767cfd5dc9761637668aec780e2168a0302,0x92dedef59251bd701a4691524eb2f350f5cc93b5,0x23dbf11ddc9a9aa56a673e67e302b86e3d25a97f,0x7e73f6ad28e145fc0a4c665194f2f38e1263c9d3,91400000000000000000000,Wizard Shiba 🧙‍♂️🦮,🧙‍♂️WIZ🧙‍♂️,18,36,160053,14000000000,120919,2646615,deprecated,0xfb3bdb41,"swapETHForExactTokens(uint256 amountOut, address[] path, address to, uint256 deadline)",12431258
12630415,1623644797,0xefb4711d82a93979d5aa104c9afa45bf58ee9c29f7fb4916df362f65e0e0db08,465,0xaf89cb5db4b7af96ac0ccd2eca4437b1eee8a304159301b39899ffdc56e57622,0x92dedef59251bd701a4691524eb2f350f5cc93b5,0x23dbf11ddc9a9aa56a673e67e302b86e3d25a97f,0xcf1a9c27afd87a549be1bff597ec4d591a52a6d0,93300000000000000000000,Wizard Shiba 🧙‍♂️🦮,🧙‍♂️WIZ🧙‍♂️,18,72,160053,14000000000,131335,4657758,deprecated,0xfb3bdb41,"swapETHForExactTokens(uint256 amountOut, address[] path, address to, uint256 deadline)",12431255
12630415,1623644797,0x092aceec84d1a5aa86b1572f36c1a4221691dbcedeae75ccd141afa2a8dd881f,466,0xaf89cb5db4b7af96ac0ccd2eca4437b1eee8a304159301b39899ffdc56e57622,0x92dedef59251bd701a4691524eb2f350f5cc93b5,0x23dbf11ddc9a9aa56a673e67e302b86e3d25a97f,0xf6aa84e8ad859b3c033bfc325db51f91798aa1ba,77800000000000000000000,Wizard Shiba 🧙‍♂️🦮,🧙‍♂️WIZ🧙‍♂️,18,76,171510,14000000000,120919,5422569,deprecated,0xfb3bdb41,"swapETHForExactTokens(uint256 amountOut, address[] path, address to, uint256 deadline)",12431255
12630416,1623644801,0x1d33f6828e6fad09f1f2445f6f4625d361bb96d07526dad74534c65a797c94d8,467,0xf3e94cce73de2d0d2fadeb821a4a2451cb897d688726c52853675ec2cc01ce22,0x92dedef59251bd701a4691524eb2f350f5cc93b5,0x23dbf11ddc9a9aa56a673e67e302b86e3d25a97f,0x82a8c565b048a4d59c5cf0c615ba4b6629ff583d,90100000000000000000000,Wizard Shiba 🧙‍♂️🦮,🧙‍♂️WIZ🧙‍♂️,18,162,160053,14000000000,131335,10935481,deprecated,0xfb3bdb41,"swapETHForExactTokens(uint256 amountOut, address[] path, address to, uint256 deadline)",12431254
12630420,1623644880,0xfd007caaebcb1c364c1b5149e06d2fb698fb7a5dea5513c7bb7f39322b68be96,468,0x87da47b56579b94f1416b0580529a36dad3ec047701078ddeb34f58b087011cf,0x92dedef59251bd701a4691524eb2f350f5cc93b5,0x23dbf11ddc9a9aa56a673e67e302b86e3d25a97f,0x45f8f5b9f54dba7deeeb452b768e9e467ec06482,87800000000000000000000,Wizard Shiba 🧙‍♂️🦮,🧙‍♂️WIZ🧙‍♂️,18,84,171510,14000000000,131335,4793762,deprecated,0xfb3bdb41,"swapETHForExactTokens(uint256 amountOut, address[] path, address to, uint256 deadline)",12431250
12630421,1623644904,0xdd2b477c56be073f21b5c6a9242d64da1f007681fc952af2639e4d49cc8e5c04,469,0xc8112713b55d5d1355d76face7d425ee3fb4b7bd4ec1c6b0880bf71eaadc91ea,0x92dedef59251bd701a4691524eb2f350f5cc93b5,0x23dbf11ddc9a9aa56a673e67e302b86e3d25a97f,0x705cf78b9bd9ee562c42c5fcc58e2e6cd0fc64aa,99900000000000000000000,Wizard Shiba 🧙‍♂️🦮,🧙‍♂️WIZ🧙‍♂️,18,69,160040,14000000000,131323,7105899,deprecated,0xfb3bdb41,"swapETHForExactTokens(uint256 amountOut, address[] path, address to, uint256 deadline)",12431249
12630421,1623644904,0x10f1841740fb430820bb91ad9b271e904370f57b8a25d996f1cb8649a2ffe977,470,0xc8112713b55d5d1355d76face7d425ee3fb4b7bd4ec1c6b0880bf71eaadc91ea,0x92dedef59251bd701a4691524eb2f350f5cc93b5,0x23dbf11ddc9a9aa56a673e67e302b86e3d25a97f,0xbad407f09daec0a68fd227aba7ade79c32a0cb6e,89200000000000000000000,Wizard Shiba 🧙‍♂️🦮,🧙‍♂️WIZ🧙‍♂️,18,74,160053,14000000000,120919,7851043,deprecated,0xfb3bdb41,"swapETHForExactTokens(uint256 amountOut, address[] path, address to, uint256 deadline)",12431249
12630422,1623644928,0x81b81d16e7baa2f5d065ad9c596a209f36198184f76e5504eb09b5c7ff4389a2,471,0x6f37e82204bdc2db14717a0ee7f90f263d7ba721019c43496405fe9934d46b65,0x92dedef59251bd701a4691524eb2f350f5cc93b5,0x23dbf11ddc9a9aa56a673e67e302b86e3d25a97f,0x2bc5a03e5c5bb9a0842194176489e35c771e43cb,82500000000000000000000,Wizard Shiba 🧙‍♂️🦮,🧙‍♂️WIZ🧙‍♂️,18,33,160053,14000000000,131335,2845457,deprecated,0xfb3bdb41,"swapETHForExactTokens(uint256 amountOut, address[] path, address to, uint256 deadline)",12431248
12630426,1623644967,0x0b88031c8eb63937a0106e4f92b2f23109ca7811da8b085bba09003beb37c354,472,0x73df1a5c411da67cb4be1a1a03d6e0ef936dd4829672fd2db326581a2b8331ae,0x92dedef59251bd701a4691524eb2f350f5cc93b5,0x23dbf11ddc9a9aa56a673e67e302b86e3d25a97f,0xc14c43fb61794e803916e3c66fc963f77d7ac095,88300000000000000000000,Wizard Shiba 🧙‍♂️🦮,🧙‍♂️WIZ🧙‍♂️,18,40,160053,14000000000,131335,2074012,deprecated,0xfb3bdb41,"swapETHForExactTokens(uint256 amountOut, address[] path, address to, uint256 deadline)",12431244
12630426,1623644967,0xef12b5a2dcb3d553bacd86f11760c812918596038fa2a3a41af400a752faee91,473,0x73df1a5c411da67cb4be1a1a03d6e0ef936dd4829672fd2db326581a2b8331ae,0x92dedef59251bd701a4691524eb2f350f5cc93b5,0x23dbf11ddc9a9aa56a673e67e302b86e3d25a97f,0x1be78eaaf029930b9558cf58a6f7ee6aa7bb0848,99100000000000000000000,Wizard Shiba 🧙‍♂️🦮,🧙‍♂️WIZ🧙‍♂️,18,41,171510,14000000000,120919,2194931,deprecated,0xfb3bdb41,"swapETHForExactTokens(uint256 amountOut, address[] path, address to, uint256 deadline)",12431244
12630427,1623644982,0xc14b88b85b8d21e56a5896c8387723e0df288625f5eeb8c10152992eba134bcf,474,0x3a1d4aa099a4409974e64e33ff2b872f2b2614cb1df5ee131ef299cfc18ec213,0x92dedef59251bd701a4691524eb2f350f5cc93b5,0x23dbf11ddc9a9aa56a673e67e302b86e3d25a97f,0xacd3f3835a3dd7865560953eb745d5f8dba6ce33,121800000000000000000000,Wizard Shiba 🧙‍♂️🦮,🧙‍♂️WIZ🧙‍♂️,18,25,171510,14000000000,131335,5158506,deprecated,0xfb3bdb41,"swapETHForExactTokens(uint256 amountOut, address[] path, address to, uint256 deadline)",12431243
12630427,1623644982,0xb6ed82460ba528c744b01d602ba85334c74596785ec57d5116558a85657f9060,475,0x3a1d4aa099a4409974e64e33ff2b872f2b2614cb1df5ee131ef299cfc18ec213,0x92dedef59251bd701a4691524eb2f350f5cc93b5,0x23dbf11ddc9a9aa56a673e67e302b86e3d25a97f,0x6a5fc62f90b9f80ed2b27eabd2f24c94394663f3,117700000000000000000000,Wizard Shiba 🧙‍♂️🦮,🧙‍♂️WIZ🧙‍♂️,18,34,171510,13000000000,120919,5967885,deprecated,0xfb3bdb41,"swapETHForExactTokens(uint256 amountOut, address[] path, address to, uint256 deadline)",12431243
12630427,1623644982,0x58cd9e1cd8e952fb268d127d2448a5797f420a30273e613a92308263df84ff3e,476,0x3a1d4aa099a4409974e64e33ff2b872f2b2614cb1df5ee131ef299cfc18ec213,0x92dedef59251bd701a4691524eb2f350f5cc93b5,0x23dbf11ddc9a9aa56a673e67e302b86e3d25a97f,0x8ba9b5a254a9d9a4c96c5460b1b617fa5e84e78a,134800000000000000000000,Wizard Shiba 🧙‍♂️🦮,🧙‍♂️WIZ🧙‍♂️,18,35,171510,13000000000,120919,6088804,deprecated,0xfb3bdb41,"swapETHForExactTokens(uint256 amountOut, address[] path, address to, uint256 deadline)",12431243
12630428,1623644997,0xa5c0ed0d089f8bc17e734b0671c9de503de7d93cf28e8ea14339dc1e4a4760bc,477,0xd2aa34e15d216ccd0e8c58890224af69d6c6a261d7df9e0256dc07040c04d564,0x92dedef59251bd701a4691524eb2f350f5cc93b5,0x23dbf11ddc9a9aa56a673e67e302b86e3d25a97f,0xffc2279bb61e1b382cb19947a915bba0ac6091e3,125000000000000000000000,Wizard Shiba 🧙‍♂️🦮,🧙‍♂️WIZ🧙‍♂️,18,24,160053,13000000000,131335,1312357,deprecated,0xfb3bdb41,"swapETHForExactTokens(uint256 amountOut, address[] path, address to, uint256 deadline)",12431242
12630434,1623645064,0x0330d8cbaef16ff644780328cecfcdc2e61d16d26f2e5084a3f2b2e62c496c8f,478,0xa39ea3ced69e5017f7fedcf3a0d3392502c0f07ed1e3fdb87f7aeaadbadf593e,0x92dedef59251bd701a4691524eb2f350f5cc93b5,0x23dbf11ddc9a9aa56a673e67e302b86e3d25a97f,0xdc7735a6738849f2a1c38ebeb7f41c3bb739a46c,139000000000000000000000,Wizard Shiba 🧙‍♂️🦮,🧙‍♂️WIZ🧙‍♂️,18,47,171510,13000000000,131335,3023898,deprecated,0xfb3bdb41,"swapETHForExactTokens(uint256 amountOut, address[] path, address to, uint256 deadline)",12431236
12630435,1623645078,0xce3f530baa428468367cb5b89639562ae313c036114f133e3e75e940980a30a7,479,0x896e89bd21446558eaac1a12001f05bef3ab3d0370fcb999d89573b9073455da,0x92dedef59251bd701a4691524eb2f350f5cc93b5,0x23dbf11ddc9a9aa56a673e67e302b86e3d25a97f,0x987b4d5f7ee2825866dd082dc3616da73269a715,144000000000000000000000,Wizard Shiba 🧙‍♂️🦮,🧙‍♂️WIZ🧙‍♂️,18,97,171497,13000000000,131323,6146214,deprecated,0xfb3bdb41,"swapETHForExactTokens(uint256 amountOut, address[] path, address to, uint256 deadline)",12431235
12630435,1623645078,0x0643e2cdfe9ce62f026fad7d9eb37c95a2d6c1aef3df7c104d4cd018ddc3f982,480,0x896e89bd21446558eaac1a12001f05bef3ab3d0370fcb999d89573b9073455da,0x92dedef59251bd701a4691524eb2f350f5cc93b5,0x23dbf11ddc9a9aa56a673e67e302b86e3d25a97f,0xc9e9a33340759e9c6a52eb92cf97103af50c5a4f,157000000000000000000000,Wizard Shiba 🧙‍♂️🦮,🧙‍♂️WIZ🧙‍♂️,18,98,171510,13000000000,120919,6267133,deprecated,0xfb3bdb41,"swapETHForExactTokens(uint256 amountOut, address[] path, address to, uint256 deadline)",12431235
12630435,1623645078,0xc57519a81ef8fc72469053aeb399f01e220dbd6b512c9f05bf0d593a2eb2fe2d,481,0x896e89bd21446558eaac1a12001f05bef3ab3d0370fcb999d89573b9073455da,0x92dedef59251bd701a4691524eb2f350f5cc93b5,0x23dbf11ddc9a9aa56a673e67e302b86e3d25a97f,0xab351f6acdae357f81bade9a5628f19f8cd9ac81,178000000000000000000000,Wizard Shiba 🧙‍♂️🦮,🧙‍♂️WIZ🧙‍♂️,18,112,171510,12000000000,120919,7680835,deprecated,0xfb3bdb41,"swapETHForExactTokens(uint256 amountOut, address[] path, address to, uint256 deadline)",12431235
12630435,1623645078,0x725c55c6d1cff844070641869291c1ae7a11457bafc9dbb49d832ad7470531dd,482,0x896e89bd21446558eaac1a12001f05bef3ab3d0370fcb999d89573b9073455da,0x92dedef59251bd701a4691524eb2f350f5cc93b5,0x23dbf11ddc9a9aa56a673e67e302b86e3d25a97f,0x3cf8ae92054d8af90ffa8c26acf0c019613390a1,193000000000000000000000,Wizard Shiba 🧙‍♂️🦮,🧙‍♂️WIZ🧙‍♂️,18,113,171510,12000000000,120919,7801754,deprecated,0xfb3bdb41,"swapETHForExactTokens(uint256 amountOut, address[] path, address to, uint256 deadline)",12431235
12630437,1623645108,0xd2bdf8c4d8909253c5ad74eff8edc34b2bf644c06df6cac2b520c979a67717fe,483,0x2b343f3f6c0eb310ec0a3dc2858552df56533b7cae23955ebf8396fc5cfc27a8,0x92dedef59251bd701a4691524eb2f350f5cc93b5,0x23dbf11ddc9a9aa56a673e67e302b86e3d25a97f,0x0e9005c4494003637aaa4e8d127e74fe2f9d9b00,232000000000000000000000,Wizard Shiba 🧙‍♂️🦮,🧙‍♂️WIZ🧙‍♂️,18,8,152674,12000000000,114211,853464,deprecated,0xfb3bdb41,"swapETHForExactTokens(uint256 amountOut, address[] path, address to, uint256 deadline)",12431233
12630437,1623645108,0x85eb2848930090d700d5aa17d02cc7c0098536da38a42b969a47ecd8ef03be92,484,0x2b343f3f6c0eb310ec0a3dc2858552df56533b7cae23955ebf8396fc5cfc27a8,0x92dedef59251bd701a4691524eb2f350f5cc93b5,0x23dbf11ddc9a9aa56a673e67e302b86e3d25a97f,0x4fc2c5fe5289b9d0d9e930bc4dcf41b968eb1f39,311000000000000000000000,Wizard Shiba 🧙‍♂️🦮,🧙‍♂️WIZ🧙‍♂️,18,9,171510,12000000000,120919,974383,deprecated,0xfb3bdb41,"swapETHForExactTokens(uint256 amountOut, address[] path, address to, uint256 deadline)",12431233
12630438,1623645117,0x5f8ca3966ffdaeee3ae82c544b5fda4898c120b34a3bf35f0b9a3d3ae960eb65,485,0x3f1e16f09b12a7fe94ced881da7f8f18c235d10f8c9c8cb05478609f394a249c,0x92dedef59251bd701a4691524eb2f350f5cc93b5,0x23dbf11ddc9a9aa56a673e67e302b86e3d25a97f,0x64a0d10202f92b6e18e0bb4fdc5b82266cdc3bad,241000000000000000000000,Wizard Shiba 🧙‍♂️🦮,🧙‍♂️WIZ🧙‍♂️,18,82,160053,12000000000,131335,4615006,deprecated,0xfb3bdb41,"swapETHForExactTokens(uint256 amountOut, address[] path, address to, uint256 deadline)",12431232
12630438,1623645117,0xdd4f014c172f8eadec65b343b823ca5a2d716f3a22f1d8a15b3c06ef6f4f7703,486,0x3f1e16f09b12a7fe94ced881da7f8f18c235d10f8c9c8cb05478609f394a249c,0x92dedef59251bd701a4691524eb2f350f5cc93b5,0x23dbf11ddc9a9aa56a673e67e302b86e3d25a97f,0x8b720e83c2b2b43186cec029d0af21671ca7b312,186000000000000000000000,Wizard Shiba 🧙‍♂️🦮,🧙‍♂️WIZ🧙‍♂️,18,83,160053,12000000000,120919,4735925,deprecated,0xfb3bdb41,"swapETHForExactTokens(uint256 amountOut, address[] path, address to, uint256 deadline)",12431232
12630441,1623645132,0x28907b754596bf36fc0ec07a0cb42c36aaa0752d073a6ab00a22e03a0b6df217,487,0xd492bbe8f052557b9f222ba068a9cfc90629a498f13788d1b99de0c3c617c569,0x92dedef59251bd701a4691524eb2f350f5cc93b5,0x23dbf11ddc9a9aa56a673e67e302b86e3d25a97f,0x4b50ea327fe2799563c9bf2b3fed607afd8ae0fa,153000000000000000000000,Wizard Shiba 🧙‍♂️🦮,🧙‍♂️WIZ🧙‍♂️,18,37,171510,13000000000,131335,2358052,deprecated,0xfb3bdb41,"swapETHForExactTokens(uint256 amountOut, address[] path, address to, uint256 deadline)",12431229
12630468,1623645547,0x0a17b8acbf1a666e291e492a016a980225a13eeeb7544bff6f5bb4360ae5fe0f,6,0x39c4ed0545ae13b0955f0ae7c779970eaa4569d672d0e31f95c3a86ccbd66c15,0x92dedef59251bd701a4691524eb2f350f5cc93b5,0x23dbf11ddc9a9aa56a673e67e302b86e3d25a97f,0x83fd924ac7ec76bfdd31e1fcfe109eec5d8e885a,49218793582735679609565,Wizard Shiba 🧙‍♂️🦮,🧙‍♂️WIZ🧙‍♂️,18,82,179422,12100000000,123956,6101545,deprecated,0x7ff36ab5,"swapExactETHForTokens(uint256 amountOutMin, address[] path, address to, uint256 deadline)",12431202
12630626,1623647630,0xdeb8f8307e6429cfa9983a28a4f773220418f9cacbbfd2ec56992a4c7a622487,17,0x8146cc8607527bfae68cb4d61161a026f4a84afec5ff9e638b9413bf44765cc0,0x92dedef59251bd701a4691524eb2f350f5cc93b5,0x23dbf11ddc9a9aa56a673e67e302b86e3d25a97f,0xf7b14d18aedb6df087180372c792817db36efea4,9895182200245687623780,Wizard Shiba 🧙‍♂️🦮,🧙‍♂️WIZ🧙‍♂️,18,106,179422,9900000000,123956,11621580,deprecated,0x7ff36ab5,"swapExactETHForTokens(uint256 amountOutMin, address[] path, address to, uint256 deadline)",12431044
12630694,1623648340,0x47837aa53475b7d86cf1d0683f7ad76db8373609051aa2a4346836d3fbac46da,243,0x3f14b81fdf80577c7e771062adaea5b5e50736417d8c2e9d1cc815362fb95229,0x92dedef59251bd701a4691524eb2f350f5cc93b5,0x23dbf11ddc9a9aa56a673e67e302b86e3d25a97f,0x74b931693aa7495233e4e87f9d3ac176e0f59b19,119129809512705243388921,Wizard Shiba 🧙‍♂️🦮,🧙‍♂️WIZ🧙‍♂️,18,131,179422,17000000000,123956,4194670,deprecated,0x7ff36ab5,"swapExactETHForTokens(uint256 amountOutMin, address[] path, address to, uint256 deadline)",12430976
12630948,1623651986,0xcb5fa0bcdcce7207d8f7ff078c9fdd797e764071d6d34858b23420a7f5740a23,7,0x63e3446f2aa14e947401088819aedb228d928c724cce70497a856b3d7a31b327,0x0000000000000000000000000000000000000000,0x23dbf11ddc9a9aa56a673e67e302b86e3d25a97f,0x17c033f127d82b6a9448bf37257d04b8713a143b,1000000000000000000000000000000000,Wizard Shiba 🧙‍♂️🦮,🧙‍♂️WIZ🧙‍♂️,18,253,80749,15000000000,53833,12325394,deprecated,0x4e6ec247,"_mint(address _to, uint256 _amount)",12430722
12630953,1623652139,0x7620736d1fb771818e7e922177f3fa9c1e985a0e70f18d2639d9c0d034a32851,8,0xdde3843e77ec5d93fc52d75d423b6a404c39da835bead632a80949fbfedd757e,0x17c033f127d82b6a9448bf37257d04b8713a143b,0x23dbf11ddc9a9aa56a673e67e302b86e3d25a97f,0x92dedef59251bd701a4691524eb2f350f5cc93b5,85561103065294422033683092,Wizard Shiba 🧙‍♂️🦮,🧙‍♂️WIZ🧙‍♂️,18,84,162292,23000000000,122957,4829551,deprecated,0x4a25d94a,"swapTokensForExactETH(uint256 amountOut, uint256 amountInMax, address[] path, address to, uint256 deadline)",12430717
12630957,1623652228,0xe9658eb0666030a643703a14e1ef8fee0ce2070d503d1b65d5a9365cf0319cf6,9,0x23a18cedd9f9c44f8aad23780a47f8611e40b2cd725ff25ad6ae1fe84e9197a6,0x17c033f127d82b6a9448bf37257d04b8713a143b,0x23dbf11ddc9a9aa56a673e67e302b86e3d25a97f,0x92dedef59251bd701a4691524eb2f350f5cc93b5,14620554358484632685109098940450,Wizard Shiba 🧙‍♂️🦮,🧙‍♂️WIZ🧙‍♂️,18,17,162332,19000000000,122993,716781,deprecated,0x4a25d94a,"swapTokensForExactETH(uint256 amountOut, uint256 amountInMax, address[] path, address to, uint256 deadline)",12430713
12632192,1623668661,0xa33e6b8ccd3773795f7aa6797bf8d4eaa2acdb07d0006330e0b9646c8dc0be68,67,0x5ee9dc30b753f9974b7299da70a9e19f8e2fdb83631217dee8e1fb5cf11bee9e,0x92dedef59251bd701a4691524eb2f350f5cc93b5,0x23dbf11ddc9a9aa56a673e67e302b86e3d25a97f,0x0c23dead771c659d3efa686762780aa8d5cbacd0,131479019169296679765569086352,Wizard Shiba 🧙‍♂️🦮,🧙‍♂️WIZ🧙‍♂️,18,36,179466,11000000000,123992,3048023,deprecated,0x7ff36ab5,"swapExactETHForTokens(uint256 amountOutMin, address[] path, address to, uint256 deadline)",12429478
12644856,1623838012,0xce4858084f11298b4e0c6eab050fa2a26c383f084d2f80e9773d653a452b5abb,42,0x985b029ea22d4e2b9e1700a34ac5ed3089f9a5e5ce1285b0f166197bb5615c92,0x92dedef59251bd701a4691524eb2f350f5cc93b5,0x23dbf11ddc9a9aa56a673e67e302b86e3d25a97f,0x8facc925c7bcd61e66878417a402d8d1d72277dc,1316193169085741594942062852315,Wizard Shiba 🧙‍♂️🦮,🧙‍♂️WIZ🧙‍♂️,18,86,179466,10000000000,123992,12994893,deprecated,0x7ff36ab5,"swapExactETHForTokens(uint256 amountOutMin, address[] path, address to, uint256 deadline)",12416814
12664842,1624106257,0x3b5dc6db43f8f40965e467d63a84b0fae7dea080da610f5cd92fe44a54e1264e,118,0x6b597dea405dd6d4409ed6da8aa9b5eb86a1b2e875b4cb14789dc8199de479cb,0x92dedef59251bd701a4691524eb2f350f5cc93b5,0x23dbf11ddc9a9aa56a673e67e302b86e3d25a97f,0x6d178c67bf5670a93fac2f8906ce512a9233e662,1938494326342908859728227026977,Wizard Shiba 🧙‍♂️🦮,🧙‍♂️WIZ🧙‍♂️,18,75,179466,10000001459,123992,8064385,deprecated,0x7ff36ab5,"swapExactETHForTokens(uint256 amountOutMin, address[] path, address to, uint256 deadline)",12396828
12700976,1624592877,0x716f63bdaa3cc32a5cf2874bf956bc91741d766c6fd9e25f660eaf49106706a8,2267,0x3996d99e6f9286a760b9e87e86a0aada7d8288e94cecd9e8be087de2d0b554f3,0x92dedef59251bd701a4691524eb2f350f5cc93b5,0x23dbf11ddc9a9aa56a673e67e302b86e3d25a97f,0xdce13f0395a117641dde42206777cd342c5f0ff6,10053914062629726191564222481567,Wizard Shiba 🧙‍♂️🦮,🧙‍♂️WIZ🧙‍♂️,18,125,179466,11000000000,123992,9851644,deprecated,0x7ff36ab5,"swapExactETHForTokens(uint256 amountOutMin, address[] path, address to, uint256 deadline)",12360694
12702391,1624612225,0x82de82df073bf322d5200898ac3a2ba1473cb8ea51a3a1c2593a027aa821703b,27,0x4a4bf74e5bc9200f5720ee11c1b4ef916aabd5513adadd3bb52af7266927cb2e,0x92dedef59251bd701a4691524eb2f350f5cc93b5,0x23dbf11ddc9a9aa56a673e67e302b86e3d25a97f,0x0cfc076f852ee53e4599f9135ec7004a1deb3589,10000000000000000000000000000,Wizard Shiba 🧙‍♂️🦮,🧙‍♂️WIZ🧙‍♂️,18,220,222934,15000000000,177385,11681575,deprecated,0x8803dbee,"swapTokensForExactTokens(uint256 amountOut, uint256 amountInMax, address[] path, address to, uint256 deadline)",12359279
12768392,1625500170,0xef728d3ad76ecb7a238c46b048a5043301337d25c1967d2ba5f76f305aecb1cc,0,0x6e46187ad95a8c3a7bb3793ba35277eed921fa0dd8e54c1b411d87b6fb06b32f,0x92dedef59251bd701a4691524eb2f350f5cc93b5,0x23dbf11ddc9a9aa56a673e67e302b86e3d25a97f,0x5b0721912851aeddd98811b1156c62fd9d58a31b,172598573751084915567723993075,Wizard Shiba 🧙‍♂️🦮,🧙‍♂️WIZ🧙‍♂️,18,109,179466,12100000000,123992,9801808,deprecated,0x7ff36ab5,"swapExactETHForTokens(uint256 amountOutMin, address[] path, address to, uint256 deadline)",12293278
12768446,1625500815,0x3a8ef6421ed5ee122912776186b9887e191c2d9564f97c05a0d7b0b4d2362c70,1,0xb10a25f41b5932fa92dc564a9b40aaef2b96dd6d1b4d4dd400c50c9fdc9cf529,0x92dedef59251bd701a4691524eb2f350f5cc93b5,0x23dbf11ddc9a9aa56a673e67e302b86e3d25a97f,0x5b0721912851aeddd98811b1156c62fd9d58a31b,138071621362280367428656290567,Wizard Shiba 🧙‍♂️🦮,🧙‍♂️WIZ🧙‍♂️,18,121,158619,10000000000,106892,11481826,deprecated,0x7ff36ab5,"swapExactETHForTokens(uint256 amountOutMin, address[] path, address to, uint256 deadline)",12293224
12809957,1626059243,0x28cc1cbfa1b8de0916f711fa88506a224c421324b861b2d9a88804f39a6f53a9,150,0x4437900675a73cb80698a23e858bb42a34005329af5945b0b80a2ce62f11b37f,0x92dedef59251bd701a4691524eb2f350f5cc93b5,0x23dbf11ddc9a9aa56a673e67e302b86e3d25a97f,0x56c6f63226ade6c7e9b0d393cc6ac7572d99819d,100000000000000000000000000000,Wizard Shiba 🧙‍♂️🦮,🧙‍♂️WIZ🧙‍♂️,18,82,187131,13000000000,131359,7594583,deprecated,0xfb3bdb41,"swapETHForExactTokens(uint256 amountOut, address[] path, address to, uint256 deadline)",12251713
12823704,1626246399,0x6426bf8c1433c764218ab832be66d3fd1534dc1ca95f9fc52cce984c98501eb7,31,0xf8f14dc7c2e260951cc32d27654f5e8dc8ebabab2a2f2980859d573a4a4e68ab,0x92dedef59251bd701a4691524eb2f350f5cc93b5,0x23dbf11ddc9a9aa56a673e67e302b86e3d25a97f,0x29deec0682ef83a72cdd32a879d0977567e8a81f,111891749711423847910978756931,Wizard Shiba 🧙‍♂️🦮,🧙‍♂️WIZ🧙‍♂️,18,54,179466,19000000000,123992,14178863,deprecated,0x7ff36ab5,"swapExactETHForTokens(uint256 amountOutMin, address[] path, address to, uint256 deadline)",12237966
12911069,1627429758,0x356b52ec2bdc3cc74d19b26c734774fce677e260ba522a210801633fc83a0db2,81,0xf034b23f24239a864d209dd8aae81893ac68b4230cca0aa4e438f6d7a4931965,0x92dedef59251bd701a4691524eb2f350f5cc93b5,0x23dbf11ddc9a9aa56a673e67e302b86e3d25a97f,0xa225326bed9e4981500821293e7370fccc906bb9,76269224247815358273210895475,Wizard Shiba 🧙‍♂️🦮,🧙‍♂️WIZ🧙‍♂️,18,40,179437,23000000000,123968,5602796,deprecated,0x7ff36ab5,"swapExactETHForTokens(uint256 amountOutMin, address[] path, address to, uint256 deadline)",12150601
12913099,1627456947,0x3eb5c8d19f100a7da8531c1e45deb18f417ef931cc4d45ce0861573bb00abfe7,130,0x07b4dd14c2833a1ff49178f87c788b62b25a67cc45b8d55215beb3d1ffe85f77,0x92dedef59251bd701a4691524eb2f350f5cc93b5,0x23dbf11ddc9a9aa56a673e67e302b86e3d25a97f,0x5a829e37108e3c00303177976b51cd3798305842,25698392057881751406611891825,Wizard Shiba 🧙‍♂️🦮,🧙‍♂️WIZ🧙‍♂️,18,152,179437,22220000000,123968,12635076,deprecated,0x7ff36ab5,"swapExactETHForTokens(uint256 amountOutMin, address[] path, address to, uint256 deadline)",12148571
12913236,1627458771,0xedc62b86c3c240b9834d2cd15a3cf9ce1bce9048faa3cd9791b207d04984b921,214,0x9077b9adb7b1bdd955bd1b06c5fc3abf2b9b315cc8abbac32c9b368757fc3893,0x92dedef59251bd701a4691524eb2f350f5cc93b5,0x23dbf11ddc9a9aa56a673e67e302b86e3d25a97f,0xe8a301d24956ee07d294482ed0d87d8b91be4ea9,63281061762289572043973230979,Wizard Shiba 🧙‍♂️🦮,🧙‍♂️WIZ🧙‍♂️,18,94,179451,34000000000,123980,4736112,deprecated,0x7ff36ab5,"swapExactETHForTokens(uint256 amountOutMin, address[] path, address to, uint256 deadline)",12148434
13545841,1635968636,0xae31af52f80b90df19a0ab4a15e5567628ef914aa79ceab4c0a72eebf1052084,14,0xa00ffdad2f40401fb29d0b1373a90bef06e1d1105274f66faf16bb40e3582fbc,0x92dedef59251bd701a4691524eb2f350f5cc93b5,0x23dbf11ddc9a9aa56a673e67e302b86e3d25a97f,0xa408ddd1bea8f798449e79c0e8a25d8b301e526b,15467638886919828205204502642,Wizard Shiba 🧙‍♂️🦮,🧙‍♂️WIZ🧙‍♂️,18,294,179451,156127853877,123980,19753380,deprecated,0x7ff36ab5,"swapExactETHForTokens(uint256 amountOutMin, address[] path, address to, uint256 deadline)",11515829
15325886,1660292016,0xc7d167a6f46a07979e845d73b0bf29bddd85e1d7ca26b9ef687992544023b41f,260,0xa322098f022bd8c35fef58b126be74e3395ee1da3d9e468e02f12a7de13d552c,0x92dedef59251bd701a4691524eb2f350f5cc93b5,0x23dbf11ddc9a9aa56a673e67e302b86e3d25a97f,0xa3ddf356fa36d9fdb9f70b858c6cb778ec942fa2,70112968541165257480787922262,Wizard Shiba 🧙‍♂️🦮,🧙‍♂️WIZ🧙‍♂️,18,147,186462,12136622125,129877,11529081,deprecated,0x5ae401dc,"multicall(uint256 deadline, bytes[] data)",9735784
