blockNumber,timeStamp,hash,nonce,blockHash,from,contractAddress,to,value,tokenName,tokenSymbol,tokenDecimal,transactionIndex,gas,gasPrice,gasUsed,cumulativeGasUsed,input,methodId,functionName,confirmations
12504795,1621962857,0x77d419522b4150c9c215a10ffc5ac693dbd2c50c9819c9f5bf46f6c98fe1695e,0,0x5dc3631bd52b0f5d1be8b842c7868dd9fc65a68ef1d0ebb24227b425c4c25c2f,0x0000000000000000000000000000000000000000,0x85ba591b3444ed01b5d7f8cebdb897494709bbdc,0xb56430bb083b3af810802540ed9970ebd014fc57,155000000000000000000000,Dopex Governance Token,DPX,18,298,2890477,58000000000,2890477,14666251,deprecated,0x60806040,"atInversebrah(int248 a, uint48[] b, uint32 c, bytes20[] d, bytes30[] e)",12556906
12504816,1621963176,0x0ec13e03017567f533166eef3f810dda6f6b2754bd64e855fccc80f0e364fbf0,3,0x57379a685509a7bab95a7f052e08f544e0a8126579e0ce8b0d98bb4d6f53af6b,0xb56430bb083b3af810802540ed9970ebd014fc57,0x85ba591b3444ed01b5d7f8cebdb897494709bbdc,0x7fb842f1e807dca0e34c771be70295ac30599923,55000000000000000000000,Dopex Governance Token,DPX,18,95,3033785,63000000000,2716314,11988007,deprecated,0xf305d719,"addLiquidityETH(address token, uint256 amountTokenDesired, uint256 amountTokenMin, uint256 amountETHMin, address to, uint256 deadline)",12556885
12504829,1621963312,0x611f5b7615c685bb43902b109a14a81ad0873c95713f334c9787702101255e50,4,0xcfcfe7c5a2f91705c1951ddf7eb7e21de15c90805d9e62918f259594adc30923,0xb56430bb083b3af810802540ed9970ebd014fc57,0x85ba591b3444ed01b5d7f8cebdb897494709bbdc,0x000000000000000000000000000000000000dead,50000000000000000000000,Dopex Governance Token,DPX,18,86,84577,58000000000,56385,6485924,deprecated,0xa9059cbb,"transfer(address _to, uint256 _value)",12556872
12504837,1621963413,0x90cadeb3c06160ed9190e270b32b6322bfa80c7caf7a75d2a491f00d8d649357,6,0x9d8dd8649f3e3730d0a9db8b28268fa7a0995665b274c8cba3c4a9b9c427c056,0xb56430bb083b3af810802540ed9970ebd014fc57,0x85ba591b3444ed01b5d7f8cebdb897494709bbdc,0xbe0eb53f46cd790cd13851d5eff43d12404d33e8,5000000000000000000000,Dopex Governance Token,DPX,18,314,84901,58000000000,56601,12036133,deprecated,0xa9059cbb,"transfer(address _to, uint256 _value)",12556864
12504838,1621963436,0x266d0c652f70d9910797e5232cd434dd4de06b9260048769602050f2a56c99fc,7,0xd1a6c63b1fcd87009699ebe54b2cb8dcfe166e29b880336c9b625205afa96819,0xb56430bb083b3af810802540ed9970ebd014fc57,0x85ba591b3444ed01b5d7f8cebdb897494709bbdc,0xf977814e90da44bfa03b6295a0616a897441acec,5000000000000000000000,Dopex Governance Token,DPX,18,45,84901,59000000000,56601,2839798,deprecated,0xa9059cbb,"transfer(address _to, uint256 _value)",12556863
12504840,1621963450,0x9f4838ad96c714be50307948989780e626768bc449d192f23754aae0e24aa050,8,0x22257a15255a8cec11e2ef1678e5b080453ba3b993b87228bff83e40388caa6d,0xb56430bb083b3af810802540ed9970ebd014fc57,0x85ba591b3444ed01b5d7f8cebdb897494709bbdc,0xa910f92acdaf488fa6ef02174fb86208ad7722ba,5000000000000000000000,Dopex Governance Token,DPX,18,44,84901,59000000000,56601,3066537,deprecated,0xa9059cbb,"transfer(address _to, uint256 _value)",12556861
12504841,1621963453,0x269e2106ef3d4265ad6dc9120fabf3952ca07bf9dc8b7f635955deb10466cfcb,9,0x0dc8b35c85d5bdd137448a289056fadd5f87a10ab9dfc05528efc9321bc7938b,0xb56430bb083b3af810802540ed9970ebd014fc57,0x85ba591b3444ed01b5d7f8cebdb897494709bbdc,0xdc76cd25977e0a5ae17155770273ad58648900d3,5000000000000000000000,Dopex Governance Token,DPX,18,156,84883,59000000000,56589,8084890,deprecated,0xa9059cbb,"transfer(address _to, uint256 _value)",12556860
12504844,1621963508,0xd692e8f0181aab40b6ce8b50453bad04d61a0c1c698741637fc0407a6dd19187,11,0x332fdcd150a73454f922ba957f06abad462c0b589958ef136ee40399d6212c6b,0x7fb842f1e807dca0e34c771be70295ac30599923,0x85ba591b3444ed01b5d7f8cebdb897494709bbdc,0xc54e1d8a9653526e52ed2b87d38e2d2027d5ce2f,56034537550128233678,Dopex Governance Token,DPX,18,56,202675,58000000000,158144,5230813,deprecated,0x7ff36ab5,"swapExactETHForTokens(uint256 amountOutMin, address[] path, address to, uint256 deadline)",12556857
12504844,1621963508,0x283ed5fa271e54400378b5ac7abcc38b8a5e83f71b3ca8eff5ce90118d6e7e51,12,0x332fdcd150a73454f922ba957f06abad462c0b589958ef136ee40399d6212c6b,0x7fb842f1e807dca0e34c771be70295ac30599923,0x85ba591b3444ed01b5d7f8cebdb897494709bbdc,0x9b5ea8c719e29a5bd0959faf79c9e5c8206d0499,144627819000822701639,Dopex Governance Token,DPX,18,57,202675,58000000000,113528,5344341,deprecated,0x7ff36ab5,"swapExactETHForTokens(uint256 amountOutMin, address[] path, address to, uint256 deadline)",12556857
12504844,1621963508,0x553ef53c3d22b8db7576c5b48642336d54b0ff3d917865a5c2a5e0ca78519bdf,13,0x332fdcd150a73454f922ba957f06abad462c0b589958ef136ee40399d6212c6b,0x7fb842f1e807dca0e34c771be70295ac30599923,0x85ba591b3444ed01b5d7f8cebdb897494709bbdc,0x7ee09c11d6dc9684d6d5a4c6d333e5b9e336bb6c,53553118072665109571,Dopex Governance Token,DPX,18,58,202675,58000000000,113528,5457869,deprecated,0x7ff36ab5,"swapExactETHForTokens(uint256 amountOutMin, address[] path, address to, uint256 deadline)",12556857
12504844,1621963508,0x5490cd2128f0096367bcb2df1881546eb7ffbb32d55a29c6a4e13e5106980b6d,14,0x332fdcd150a73454f922ba957f06abad462c0b589958ef136ee40399d6212c6b,0x7fb842f1e807dca0e34c771be70295ac30599923,0x85ba591b3444ed01b5d7f8cebdb897494709bbdc,0x5921c191fe58175b1fb8943ed3f17345e615ff02,37181149482286538807,Dopex Governance Token,DPX,18,59,202675,58000000000,113528,5571397,deprecated,0x7ff36ab5,"swapExactETHForTokens(uint256 amountOutMin, address[] path, address to, uint256 deadline)",12556857
12504844,1621963508,0x382fcfb077503b8286fe2ba5e9e954bd46ac3df6f7b384d71f0a0b31e0e80d88,15,0x332fdcd150a73454f922ba957f06abad462c0b589958ef136ee40399d6212c6b,0x7fb842f1e807dca0e34c771be70295ac30599923,0x85ba591b3444ed01b5d7f8cebdb897494709bbdc,0x3505b95dbc8dbd895614f34ee8633ecbbaf35dc6,145225382603858526227,Dopex Governance Token,DPX,18,60,202675,58000000000,113528,5684925,deprecated,0x7ff36ab5,"swapExactETHForTokens(uint256 amountOutMin, address[] path, address to, uint256 deadline)",12556857
12504844,1621963508,0xb68a4aa29b645cfdcc084b4ec928a82317897a29a84a7e6e33c14802d7d3c9f1,16,0x332fdcd150a73454f922ba957f06abad462c0b589958ef136ee40399d6212c6b,0x7fb842f1e807dca0e34c771be70295ac30599923,0x85ba591b3444ed01b5d7f8cebdb897494709bbdc,0x7d274c4e4155de1848421e4c750b122414a32ef1,88446616185765246164,Dopex Governance Token,DPX,18,61,202675,58000000000,113528,5798453,deprecated,0x7ff36ab5,"swapExactETHForTokens(uint256 amountOutMin, address[] path, address to, uint256 deadline)",12556857
12504846,1621963524,0xeef475867f2383456c56f9ac4e01d993a95db370781c3d81f10d38507f1c80d5,17,0x7753c9b1e9ff08804edc092fa89db4deda5ce6167a44f06f7f8e9e268a9e5e36,0x7fb842f1e807dca0e34c771be70295ac30599923,0x85ba591b3444ed01b5d7f8cebdb897494709bbdc,0xe787deec0be77db98a1294193e2c1600c8a8687d,163800943884401348539,Dopex Governance Token,DPX,18,119,202661,58000000000,123932,7467956,deprecated,0x7ff36ab5,"swapExactETHForTokens(uint256 amountOutMin, address[] path, address to, uint256 deadline)",12556855
12504846,1621963524,0x337110ff8e6225955426c49346c73349d97728c8f88b4a3f5d7be0ea9adfb62d,18,0x7753c9b1e9ff08804edc092fa89db4deda5ce6167a44f06f7f8e9e268a9e5e36,0x7fb842f1e807dca0e34c771be70295ac30599923,0x85ba591b3444ed01b5d7f8cebdb897494709bbdc,0x034a5f8678455ea078021e7a5b34ab7ef210674e,133589128303602041069,Dopex Governance Token,DPX,18,120,202675,58000000000,113528,7581484,deprecated,0x7ff36ab5,"swapExactETHForTokens(uint256 amountOutMin, address[] path, address to, uint256 deadline)",12556855
12504849,1621963568,0xb2cb01428ee77228597d4ca92f9e813aae0592129795008529c5e3aea5dbe48a,19,0x6eb0b7ed72fa953cb73b4810400ca0a384f2dea7eef0ce4ed8db9bc4bfa1ecab,0x7fb842f1e807dca0e34c771be70295ac30599923,0x85ba591b3444ed01b5d7f8cebdb897494709bbdc,0xef764bac8a438e7e498c2e5fccf0f174c3e3f8db,57097358472720825560,Dopex Governance Token,DPX,18,150,202675,56000000000,123944,10129912,deprecated,0x7ff36ab5,"swapExactETHForTokens(uint256 amountOutMin, address[] path, address to, uint256 deadline)",12556852
12504851,1621963587,0x3f286391bd941ff29e4286cd1bda729581afdac7a2880ee459180fa6624d6742,20,0x3ec3416e4ce68b1992d17e62d2d2f3e0302ca69cc1e6cf4ebb81df8a373b2dc4,0x7fb842f1e807dca0e34c771be70295ac30599923,0x85ba591b3444ed01b5d7f8cebdb897494709bbdc,0x148e2ed011a9eaaa200795f62889d68153eeacde,161654425007885670583,Dopex Governance Token,DPX,18,82,164457,56000000000,123944,4957792,deprecated,0x7ff36ab5,"swapExactETHForTokens(uint256 amountOutMin, address[] path, address to, uint256 deadline)",12556850
12504851,1621963587,0x0227f753ef482c60474583631f086f73ce6b5618f76e1e5f60569bd50407d4ef,21,0x3ec3416e4ce68b1992d17e62d2d2f3e0302ca69cc1e6cf4ebb81df8a373b2dc4,0x7fb842f1e807dca0e34c771be70295ac30599923,0x85ba591b3444ed01b5d7f8cebdb897494709bbdc,0x00b3230e7215e3dfb85f576326630ad24e89848e,131603662653309844592,Dopex Governance Token,DPX,18,83,164444,56000000000,113516,5071308,deprecated,0x7ff36ab5,"swapExactETHForTokens(uint256 amountOutMin, address[] path, address to, uint256 deadline)",12556850
12504854,1621963639,0xf0d3fac036bf409246a9597ef279f25cd7f9bad06f546cd4350f48dbd53d274b,67,0x4fddb6aaad58285fe1faf32ada48409a1e6492357fb0b31e291fdd9526d48194,0x7fb842f1e807dca0e34c771be70295ac30599923,0x85ba591b3444ed01b5d7f8cebdb897494709bbdc,0x6cc5ae64063345725fa2c921b560b04b4c673e39,49445234525333259411,Dopex Governance Token,DPX,18,192,255964,48400000000,205725,13983184,deprecated,0x5c11d795,"swapExactTokensForTokensSupportingFeeOnTransferTokens(uint256 amountIn, uint256 amountOutMin, address[] path, address to, uint256 deadline)",12556847
12504860,1621963714,0x8e67dbd5cbf45be7bcc19d2fcdf788e8035ad65bb3250ed579a4083a4559d9b4,22,0x15b6d0babbe6291437427b538df4a86dba93f1ebd96d877433163f2c155ba0fa,0x7fb842f1e807dca0e34c771be70295ac30599923,0x85ba591b3444ed01b5d7f8cebdb897494709bbdc,0xbcfd5dbec5f49230210e0be85cee183097e840aa,70914984967155437693,Dopex Governance Token,DPX,18,101,164457,54000000000,123944,6119597,deprecated,0x7ff36ab5,"swapExactETHForTokens(uint256 amountOutMin, address[] path, address to, uint256 deadline)",12556841
12504860,1621963714,0xb8c22186878f488ee8f7995dc402bc4f87f78c013596e89461f183a51c092fd9,122,0x15b6d0babbe6291437427b538df4a86dba93f1ebd96d877433163f2c155ba0fa,0x7fb842f1e807dca0e34c771be70295ac30599923,0x85ba591b3444ed01b5d7f8cebdb897494709bbdc,0x2d55b23233fdda1e9722a6c0d8cadd8a61683b37,102038107266567020851,Dopex Governance Token,DPX,18,170,221649,46000000000,165898,13343419,deprecated,0x38ed1739,"swapExactTokensForTokens(uint256 amountIn, uint256 amountOutMin, address[] path, address to, uint256 deadline)",12556841
12504863,1621963788,0xc7ffbfc2ddbc4db6200d3760473e536bce0fc99508d1993acd1f31c1a2795ec5,23,0x3a55f0a1a7f2079fa5f8d8faf4c7d8fc7059c0b1d0962332787f7ffa748771c9,0x7fb842f1e807dca0e34c771be70295ac30599923,0x85ba591b3444ed01b5d7f8cebdb897494709bbdc,0x99bcea6bb0403927fb3c038163478d5b42082fd9,86182062030464510508,Dopex Governance Token,DPX,18,103,164457,54000000000,123944,10132565,deprecated,0x7ff36ab5,"swapExactETHForTokens(uint256 amountOutMin, address[] path, address to, uint256 deadline)",12556838
12504863,1621963788,0x243652e67361650c66ad9baaad637cc900e4308a1453f872b27213dda1e45184,24,0x3a55f0a1a7f2079fa5f8d8faf4c7d8fc7059c0b1d0962332787f7ffa748771c9,0x7fb842f1e807dca0e34c771be70295ac30599923,0x85ba591b3444ed01b5d7f8cebdb897494709bbdc,0x9afd4f7ad03a03d306b41a4604ea2928cff78fd1,160942479617734295297,Dopex Governance Token,DPX,18,104,152817,54000000000,113528,10246093,deprecated,0x7ff36ab5,"swapExactETHForTokens(uint256 amountOutMin, address[] path, address to, uint256 deadline)",12556838
12504863,1621963788,0xbc61a9d15cce5623973c06878e4b35e46414b5cc27f01a1dfc8ee524006a7a60,25,0x3a55f0a1a7f2079fa5f8d8faf4c7d8fc7059c0b1d0962332787f7ffa748771c9,0x7fb842f1e807dca0e34c771be70295ac30599923,0x85ba591b3444ed01b5d7f8cebdb897494709bbdc,0x4c8133051b300ccd66b6b35c5a0af15b6a97012a,135875031114848235667,Dopex Governance Token,DPX,18,105,152817,54000000000,113528,10359621,deprecated,0x7ff36ab5,"swapExactETHForTokens(uint256 amountOutMin, address[] path, address to, uint256 deadline)",12556838
12504865,1621963809,0xf8714fe6b8d64e565f5862c96f0920d7480735d6c8a789ed784d7f78b5d92e06,26,0x479a4d25a286149c3fcebbd378d75a036e65b2856df7631114a979b6a374aef3,0x7fb842f1e807dca0e34c771be70295ac30599923,0x85ba591b3444ed01b5d7f8cebdb897494709bbdc,0x97e813b9a81d097e60a5e6311bc9a475199b67ae,97084956997239584366,Dopex Governance Token,DPX,18,81,164457,54000000000,123944,4120000,deprecated,0x7ff36ab5,"swapExactETHForTokens(uint256 amountOutMin, address[] path, address to, uint256 deadline)",12556836
12504865,1621963809,0x02f5f01f4582a74836205d46643453f514828158cff98ec510c005c38a19bd3f,27,0x479a4d25a286149c3fcebbd378d75a036e65b2856df7631114a979b6a374aef3,0x7fb842f1e807dca0e34c771be70295ac30599923,0x85ba591b3444ed01b5d7f8cebdb897494709bbdc,0xdc7d0d897e1b7998c780d16b3c08482a74e71f33,176651440557839664031,Dopex Governance Token,DPX,18,82,164457,54000000000,113528,4233528,deprecated,0x7ff36ab5,"swapExactETHForTokens(uint256 amountOutMin, address[] path, address to, uint256 deadline)",12556836
12504866,1621963825,0x88ed45fb27a22f96fcbedc82e1efe1b09946881162b8f9c3f456c19745b7eaff,28,0x7c005b444b2c9cf93691e414fdb740056d9cc08f7d023b65c592232effb3efdd,0x7fb842f1e807dca0e34c771be70295ac30599923,0x85ba591b3444ed01b5d7f8cebdb897494709bbdc,0xf88c6f6b080d2a43743d34920d15d9232db40cb8,96066798842238744375,Dopex Governance Token,DPX,18,74,164457,54000000000,123944,4137625,deprecated,0x7ff36ab5,"swapExactETHForTokens(uint256 amountOutMin, address[] path, address to, uint256 deadline)",12556835
12504866,1621963825,0x994e679a58f392568d3e62d1b545a23e4e674512e7daa6a3ef3bab96d26fbbf1,29,0x7c005b444b2c9cf93691e414fdb740056d9cc08f7d023b65c592232effb3efdd,0x7fb842f1e807dca0e34c771be70295ac30599923,0x85ba591b3444ed01b5d7f8cebdb897494709bbdc,0x2bdded18e2ca464355091266b7616956944ee7ee,49775558986670225580,Dopex Governance Token,DPX,18,76,164457,54000000000,113528,4301790,deprecated,0x7ff36ab5,"swapExactETHForTokens(uint256 amountOutMin, address[] path, address to, uint256 deadline)",12556835
12504866,1621963825,0xcfae3977b0bcdf4eab12812a9e78f14b68c7f6bdfd27bb2f3096b32538210976,30,0x7c005b444b2c9cf93691e414fdb740056d9cc08f7d023b65c592232effb3efdd,0x7fb842f1e807dca0e34c771be70295ac30599923,0x85ba591b3444ed01b5d7f8cebdb897494709bbdc,0x8c7ff00cf353b0236cbb259df12e1d3478d633e3,34044556061782182970,Dopex Governance Token,DPX,18,92,164457,51000000000,113528,5535274,deprecated,0x7ff36ab5,"swapExactETHForTokens(uint256 amountOutMin, address[] path, address to, uint256 deadline)",12556835
12504866,1621963825,0x5dc6fac5a54a43feea0c42b2eb10eb742d6b4f80812e4c5a2a113a9c8e8b741f,31,0x7c005b444b2c9cf93691e414fdb740056d9cc08f7d023b65c592232effb3efdd,0x7fb842f1e807dca0e34c771be70295ac30599923,0x85ba591b3444ed01b5d7f8cebdb897494709bbdc,0x54df1f98a749d6badf3575da99bba55cca505cf7,47478660619632115281,Dopex Governance Token,DPX,18,93,164457,51000000000,113528,5648802,deprecated,0x7ff36ab5,"swapExactETHForTokens(uint256 amountOutMin, address[] path, address to, uint256 deadline)",12556835
12504866,1621963825,0xa6eac8bb196963537409f17b35c2ad9d86968a0b71331b8d3bed6c55fe8e33ca,32,0x7c005b444b2c9cf93691e414fdb740056d9cc08f7d023b65c592232effb3efdd,0x7fb842f1e807dca0e34c771be70295ac30599923,0x85ba591b3444ed01b5d7f8cebdb897494709bbdc,0x145b8d0fe270b7bc4c362ecfa12e5f97e6788c48,37710528585306700654,Dopex Governance Token,DPX,18,94,164457,51000000000,113528,5762330,deprecated,0x7ff36ab5,"swapExactETHForTokens(uint256 amountOutMin, address[] path, address to, uint256 deadline)",12556835
12504868,1621963858,0xb51c71608fd083d0eb91a483d679aa294adf1019bea109432ad67ad48fd97678,33,0x8b55fd9f00a4655a8b82937b68d8f7c69fd28df3ff9e9cb2f4eeaeab3784cb07,0x7fb842f1e807dca0e34c771be70295ac30599923,0x85ba591b3444ed01b5d7f8cebdb897494709bbdc,0xdd709cae362972cb3b92dcead77127f7b8d58202,145293019106592353390,Dopex Governance Token,DPX,18,87,164457,51000000000,123944,6057202,deprecated,0x7ff36ab5,"swapExactETHForTokens(uint256 amountOutMin, address[] path, address to, uint256 deadline)",12556833
12504868,1621963858,0xf372961401052d476f220fcd3e485eae2525cc41ad0664b23e2169c0a0ad963e,34,0x8b55fd9f00a4655a8b82937b68d8f7c69fd28df3ff9e9cb2f4eeaeab3784cb07,0x7fb842f1e807dca0e34c771be70295ac30599923,0x85ba591b3444ed01b5d7f8cebdb897494709bbdc,0xd628f7c481c7dd87f674870bec5d7a311fb1d9a2,495513570094435608938,Dopex Governance Token,DPX,18,88,152817,51000000000,113528,6170730,deprecated,0x7ff36ab5,"swapExactETHForTokens(uint256 amountOutMin, address[] path, address to, uint256 deadline)",12556833
12504869,1621963868,0x57da4a9adbc50aeb130771dfae6e0b4ff9603ba19e898178c40a01225d8d87a1,35,0x3673309667cdd7b399cc01576c152ed123c8c2fd57c360d251fd7a4144ee7c63,0x7fb842f1e807dca0e34c771be70295ac30599923,0x85ba591b3444ed01b5d7f8cebdb897494709bbdc,0x82fb2f4b37ca02510b2ed67bdfc2701392bb62b5,169322236848767307007,Dopex Governance Token,DPX,18,116,152817,51000000000,123944,5830197,deprecated,0x7ff36ab5,"swapExactETHForTokens(uint256 amountOutMin, address[] path, address to, uint256 deadline)",12556832
12504873,1621963891,0xdabb4334fdf8762c150c39d745cf0cfaed9038dc831d28e47cd98db7c27588b0,36,0x6e12e6d91ca2a7c6a2ffdc36d5610144b1e7a7288fa6d50598182a67c60e10b0,0x7fb842f1e807dca0e34c771be70295ac30599923,0x85ba591b3444ed01b5d7f8cebdb897494709bbdc,0x3ae67a9cfaddac5d8434df5c96c3e42e163f46e1,140568185289143043852,Dopex Governance Token,DPX,18,231,152817,52000000000,123944,14893020,deprecated,0x7ff36ab5,"swapExactETHForTokens(uint256 amountOutMin, address[] path, address to, uint256 deadline)",12556828
12504874,1621963916,0xa680f35c56edae878fe37bbb2f10970acb7e109ad0ab6fa8c38b038875c46f9e,37,0x72c905b468763d8c949c0fa4ba814a72625a95a375daf5ca99f40f1901d83338,0x7fb842f1e807dca0e34c771be70295ac30599923,0x85ba591b3444ed01b5d7f8cebdb897494709bbdc,0x57757e3d981446d585af0d9ae4d7df6d64647806,81587009036516311701,Dopex Governance Token,DPX,18,103,164457,52000000000,123944,8744561,deprecated,0x7ff36ab5,"swapExactETHForTokens(uint256 amountOutMin, address[] path, address to, uint256 deadline)",12556827
12504874,1621963916,0x2be0cde8e6a08651e96effb70d56b084e0159cd58b9f06e786cf1ebe97c4a854,38,0x72c905b468763d8c949c0fa4ba814a72625a95a375daf5ca99f40f1901d83338,0x7fb842f1e807dca0e34c771be70295ac30599923,0x85ba591b3444ed01b5d7f8cebdb897494709bbdc,0x2c21fa2903d4f8839e8fd6b041c2adf19dbf6540,147083202735757835050,Dopex Governance Token,DPX,18,105,164457,52000000000,113528,8895337,deprecated,0x7ff36ab5,"swapExactETHForTokens(uint256 amountOutMin, address[] path, address to, uint256 deadline)",12556827
12504874,1621963916,0xc1547b7de66f132069d25ede4587a9cb8c41fa12eb1c8d74644722ed544d2257,39,0x72c905b468763d8c949c0fa4ba814a72625a95a375daf5ca99f40f1901d83338,0x7fb842f1e807dca0e34c771be70295ac30599923,0x85ba591b3444ed01b5d7f8cebdb897494709bbdc,0xf7f8e8461dd7d27a2b1c439372d171e38e6d71ae,86132652303923467992,Dopex Governance Token,DPX,18,107,164457,52000000000,113528,9029865,deprecated,0x7ff36ab5,"swapExactETHForTokens(uint256 amountOutMin, address[] path, address to, uint256 deadline)",12556827
12504875,1621963930,0x1107ee7ab20c0a7a7adc97d473bf079485e0ab298cf31b2f62b8089892a5cd8e,40,0xff80fbb701c9f335f1f681821789292839a3cb20cfa047990996426b848274ed,0x7fb842f1e807dca0e34c771be70295ac30599923,0x85ba591b3444ed01b5d7f8cebdb897494709bbdc,0xa5f7a39e55d7878bc5bd754ee5d6bd7a7662355b,117678729845104904807,Dopex Governance Token,DPX,18,113,152817,52000000000,123944,9446072,deprecated,0x7ff36ab5,"swapExactETHForTokens(uint256 amountOutMin, address[] path, address to, uint256 deadline)",12556826
12504878,1621963989,0xb7fb9d829ebbcb334ba83c2104d7abde96c01e8785e74f221efd264f62b10e32,41,0xf9911a9ed218f6bb87d379099b0494138e34a2432378405b58d6221e6ddf5c03,0x7fb842f1e807dca0e34c771be70295ac30599923,0x85ba591b3444ed01b5d7f8cebdb897494709bbdc,0x485773ab2c5b060380a4c826c08cde45b00f8792,167312620991112448019,Dopex Governance Token,DPX,18,46,152817,51000000000,123944,6339602,deprecated,0x7ff36ab5,"swapExactETHForTokens(uint256 amountOutMin, address[] path, address to, uint256 deadline)",12556823
12504880,1621964035,0xaa3a9ddab2cca108d92b5b1744b61fcf3b71677a3d96cae9105a4d2492587c61,42,0xd211459e3cde2126b307e169259755ae12ba03e39912443c81beae9046dcca0a,0x7fb842f1e807dca0e34c771be70295ac30599923,0x85ba591b3444ed01b5d7f8cebdb897494709bbdc,0xea3ec2a08fee18ff4798c2d4725ded433d94151d,128509202191809593817,Dopex Governance Token,DPX,18,185,164457,51000000000,123944,11318740,deprecated,0x7ff36ab5,"swapExactETHForTokens(uint256 amountOutMin, address[] path, address to, uint256 deadline)",12556821
12504882,1621964079,0x65aad5b4065805a8cc8bd0a3dacff87648cbfe95b2d295a9cb45923477167608,43,0xb5864c8a35fa492172f39fc396b4542635c62dbccd724df30c4d4af9fad20cce,0x7fb842f1e807dca0e34c771be70295ac30599923,0x85ba591b3444ed01b5d7f8cebdb897494709bbdc,0xf2855ef7c734ec1f965915daafe668450e4b8212,145645018979908427456,Dopex Governance Token,DPX,18,132,164457,51000000000,123944,8518352,deprecated,0x7ff36ab5,"swapExactETHForTokens(uint256 amountOutMin, address[] path, address to, uint256 deadline)",12556819
12504882,1621964079,0x2c292d95d935a3e4c335002df0b2a128a71e8343124dda1174304ffc83e67342,44,0xb5864c8a35fa492172f39fc396b4542635c62dbccd724df30c4d4af9fad20cce,0x7fb842f1e807dca0e34c771be70295ac30599923,0x85ba591b3444ed01b5d7f8cebdb897494709bbdc,0xee8ad6769fe89ecb8fee0d981ad709e08e6d1c06,92823808569638004609,Dopex Governance Token,DPX,18,148,164457,51000000000,113528,10159444,deprecated,0x7ff36ab5,"swapExactETHForTokens(uint256 amountOutMin, address[] path, address to, uint256 deadline)",12556819
12504885,1621964187,0x2dba924ccacaea2ccd3f21c61cdd2ecae629327c27361341c80c3e96bbc10f42,45,0xf09465282cb837de0ec93a52cbab318522f41e991fc72294a7af78fce266af03,0x7fb842f1e807dca0e34c771be70295ac30599923,0x85ba591b3444ed01b5d7f8cebdb897494709bbdc,0x88de80e477639e9698b1489fc0d7f2f4806e801a,142038137388359370174,Dopex Governance Token,DPX,18,115,152817,70000000000,123944,3490024,deprecated,0x7ff36ab5,"swapExactETHForTokens(uint256 amountOutMin, address[] path, address to, uint256 deadline)",12556816
12504889,1621964232,0xa58f5372ff69f456db91f93ca29bf99e159b76bce9b1c5874367bdfa53f6e6ab,46,0x423c5e7b0b33e39642596921606e6e1b7452f75f5330db5f7845474b1e2a3968,0x7fb842f1e807dca0e34c771be70295ac30599923,0x85ba591b3444ed01b5d7f8cebdb897494709bbdc,0x99f900f51808972921c0749efa3cb343847572a6,114898531062027693560,Dopex Governance Token,DPX,18,134,152804,51000000000,123932,10895650,deprecated,0x7ff36ab5,"swapExactETHForTokens(uint256 amountOutMin, address[] path, address to, uint256 deadline)",12556812
12504889,1621964232,0x9f83373e26a3d183473086ab71ff78eb39b61e38b21e34256729a380cd61363f,47,0x423c5e7b0b33e39642596921606e6e1b7452f75f5330db5f7845474b1e2a3968,0x7fb842f1e807dca0e34c771be70295ac30599923,0x85ba591b3444ed01b5d7f8cebdb897494709bbdc,0x7740df2338488d64eb4ea98ef10d891d09c89d28,211382786654867398563,Dopex Governance Token,DPX,18,135,164457,58000000000,113528,11009178,deprecated,0x7ff36ab5,"swapExactETHForTokens(uint256 amountOutMin, address[] path, address to, uint256 deadline)",12556812
12504889,1621964232,0x9aaf91f11f8dcfcc4a63738a95732fecff1408805df7a907937d95cbb69c607e,48,0x423c5e7b0b33e39642596921606e6e1b7452f75f5330db5f7845474b1e2a3968,0x7fb842f1e807dca0e34c771be70295ac30599923,0x85ba591b3444ed01b5d7f8cebdb897494709bbdc,0xf0d6c1acb38ea90f5d2d89ea82afecfad48cc56a,300255407907011357456,Dopex Governance Token,DPX,18,136,152817,58000000000,113528,11122706,deprecated,0x7ff36ab5,"swapExactETHForTokens(uint256 amountOutMin, address[] path, address to, uint256 deadline)",12556812
12504889,1621964232,0xb132f59d5a6158f4a1e6fb9a636b528f1e99163878a9dccc98b4d5ea72aaa79d,49,0x423c5e7b0b33e39642596921606e6e1b7452f75f5330db5f7845474b1e2a3968,0x7fb842f1e807dca0e34c771be70295ac30599923,0x85ba591b3444ed01b5d7f8cebdb897494709bbdc,0xd8f3041749beab4f66ecea7f9c5a68b4c15d6b5e,225454290613106987331,Dopex Governance Token,DPX,18,137,152817,58000000000,113528,11236234,deprecated,0x7ff36ab5,"swapExactETHForTokens(uint256 amountOutMin, address[] path, address to, uint256 deadline)",12556812
12504889,1621964232,0x81fef4f128212f0d16857bae6ba8d1a3df34c39615dd591017499da4857e1f4e,50,0x423c5e7b0b33e39642596921606e6e1b7452f75f5330db5f7845474b1e2a3968,0x7fb842f1e807dca0e34c771be70295ac30599923,0x85ba591b3444ed01b5d7f8cebdb897494709bbdc,0x2bf792ffe8803585f74e06907900c2dc2c29adcb,88690839792080596478,Dopex Governance Token,DPX,18,138,164444,58000000000,113516,11349750,deprecated,0x7ff36ab5,"swapExactETHForTokens(uint256 amountOutMin, address[] path, address to, uint256 deadline)",12556812
12504889,1621964232,0x259e9ba14a5008f3c5148aaf4eb0b5313294512783b5c5241bd2f50d254af010,51,0x423c5e7b0b33e39642596921606e6e1b7452f75f5330db5f7845474b1e2a3968,0x7fb842f1e807dca0e34c771be70295ac30599923,0x85ba591b3444ed01b5d7f8cebdb897494709bbdc,0x36d16b34d383e7980a77ed91f1d2c7070d3bdaab,156052265093215249334,Dopex Governance Token,DPX,18,139,152817,58000000000,113528,11463278,deprecated,0x7ff36ab5,"swapExactETHForTokens(uint256 amountOutMin, address[] path, address to, uint256 deadline)",12556812
12504889,1621964232,0x940fc49617e02326f615e1e2126ed8004f84ede2836f46a45fb573ba1abff356,52,0x423c5e7b0b33e39642596921606e6e1b7452f75f5330db5f7845474b1e2a3968,0x7fb842f1e807dca0e34c771be70295ac30599923,0x85ba591b3444ed01b5d7f8cebdb897494709bbdc,0x48d93dabf29aa5d86424a90ee60f419f1837649f,124054596175493246063,Dopex Governance Token,DPX,18,140,152817,58000000000,113528,11576806,deprecated,0x7ff36ab5,"swapExactETHForTokens(uint256 amountOutMin, address[] path, address to, uint256 deadline)",12556812
12504889,1621964232,0x4705ee7bd3b3113cf9ca2b4e2d72d18b282b72c5ac507f8f02c4fe1e4173db2f,53,0x423c5e7b0b33e39642596921606e6e1b7452f75f5330db5f7845474b1e2a3968,0x7fb842f1e807dca0e34c771be70295ac30599923,0x85ba591b3444ed01b5d7f8cebdb897494709bbdc,0x06057832e31e7969cde67d983cfbf5271b37da96,154544272368051678602,Dopex Governance Token,DPX,18,141,152817,58000000000,113528,11690334,deprecated,0x7ff36ab5,"swapExactETHForTokens(uint256 amountOutMin, address[] path, address to, uint256 deadline)",12556812
12504889,1621964232,0xf5a30961291f064376479ea676e1223b12f561e930040c4bdf0f37f7f8d1088f,54,0x423c5e7b0b33e39642596921606e6e1b7452f75f5330db5f7845474b1e2a3968,0x7fb842f1e807dca0e34c771be70295ac30599923,0x85ba591b3444ed01b5d7f8cebdb897494709bbdc,0x97960149fc611508748de01202974d372a677632,138043518805387537225,Dopex Governance Token,DPX,18,142,152817,58000000000,113528,11803862,deprecated,0x7ff36ab5,"swapExactETHForTokens(uint256 amountOutMin, address[] path, address to, uint256 deadline)",12556812
12504889,1621964232,0xf5e9d276407e32b618d5de5b4fc1d0874edc8c1d0f1a215c9177e6fa70a7d4e9,55,0x423c5e7b0b33e39642596921606e6e1b7452f75f5330db5f7845474b1e2a3968,0x7fb842f1e807dca0e34c771be70295ac30599923,0x85ba591b3444ed01b5d7f8cebdb897494709bbdc,0xf93d4ec4cadec63a68fe13ad5bb1abed44ebb81c,119846347862106682270,Dopex Governance Token,DPX,18,143,152817,66000000000,113528,11917390,deprecated,0x7ff36ab5,"swapExactETHForTokens(uint256 amountOutMin, address[] path, address to, uint256 deadline)",12556812
12504889,1621964232,0xf8e0de62cdf93996fd93a033381b930d6c6800c8728de9562aa1d1149dd5eb49,56,0x423c5e7b0b33e39642596921606e6e1b7452f75f5330db5f7845474b1e2a3968,0x7fb842f1e807dca0e34c771be70295ac30599923,0x85ba591b3444ed01b5d7f8cebdb897494709bbdc,0x691ce62a208b195accf54c39a98f1112c90046d1,65143440565592980259,Dopex Governance Token,DPX,18,144,164444,66000000000,113516,12030906,deprecated,0x7ff36ab5,"swapExactETHForTokens(uint256 amountOutMin, address[] path, address to, uint256 deadline)",12556812
12504889,1621964232,0xad7b236f11f1b2116fc029c4cd3acc9242aa7a3d3e6c3fb2ae20f6f99f5ac2db,57,0x423c5e7b0b33e39642596921606e6e1b7452f75f5330db5f7845474b1e2a3968,0x7fb842f1e807dca0e34c771be70295ac30599923,0x85ba591b3444ed01b5d7f8cebdb897494709bbdc,0xdbf66494751f9bb52feab916c87763585775bf10,129129074981195716197,Dopex Governance Token,DPX,18,145,164457,66000000000,113528,12144434,deprecated,0x7ff36ab5,"swapExactETHForTokens(uint256 amountOutMin, address[] path, address to, uint256 deadline)",12556812
12504889,1621964232,0xf59330aca5dd3a0acf4f319016b78f48a99e285de95ce08104291fc981d494b0,58,0x423c5e7b0b33e39642596921606e6e1b7452f75f5330db5f7845474b1e2a3968,0x7fb842f1e807dca0e34c771be70295ac30599923,0x85ba591b3444ed01b5d7f8cebdb897494709bbdc,0x003f35595dce3187b4fff2b5a2c4303f7158208a,196318716002987756098,Dopex Governance Token,DPX,18,146,164444,62000000000,113516,12257950,deprecated,0x7ff36ab5,"swapExactETHForTokens(uint256 amountOutMin, address[] path, address to, uint256 deadline)",12556812
12504889,1621964232,0xb5aa7785d71b8dc4ad8993d32228b7988e1ae136e955dbe50dd02054290806c5,59,0x423c5e7b0b33e39642596921606e6e1b7452f75f5330db5f7845474b1e2a3968,0x7fb842f1e807dca0e34c771be70295ac30599923,0x85ba591b3444ed01b5d7f8cebdb897494709bbdc,0x5063e2474f6846d31480e1f4b7697ab98522d242,150130727736148180850,Dopex Governance Token,DPX,18,147,164457,62000000000,113528,12371478,deprecated,0x7ff36ab5,"swapExactETHForTokens(uint256 amountOutMin, address[] path, address to, uint256 deadline)",12556812
12504893,1621964261,0x4d7bd5dd54941c7e4151c43a0fed2079eab4014790bff347b8d82f355d116d1b,60,0xb3fcc2919810441ace8cab5058fc849a65443b0edc653c75f2a59cd902fdeb1d,0x7fb842f1e807dca0e34c771be70295ac30599923,0x85ba591b3444ed01b5d7f8cebdb897494709bbdc,0x3205389af4ffccaf3eb713db63adcfbedc68fcfa,170329989475625755121,Dopex Governance Token,DPX,18,75,164457,62000000000,123944,5630390,deprecated,0x7ff36ab5,"swapExactETHForTokens(uint256 amountOutMin, address[] path, address to, uint256 deadline)",12556808
12504893,1621964261,0xd1b68c7ed75380dba894a8181a061cad2fff685fbd616fda6b895f360a732d7a,61,0xb3fcc2919810441ace8cab5058fc849a65443b0edc653c75f2a59cd902fdeb1d,0x7fb842f1e807dca0e34c771be70295ac30599923,0x85ba591b3444ed01b5d7f8cebdb897494709bbdc,0x0c9e711d278bc09823a05ab101d6e48ee6950b68,105348977425462318078,Dopex Governance Token,DPX,18,76,152817,62000000000,113528,5743918,deprecated,0x7ff36ab5,"swapExactETHForTokens(uint256 amountOutMin, address[] path, address to, uint256 deadline)",12556808
12504895,1621964308,0x428352095d9cb0712bd0ebcf53edd71dcd833c3a4b94a515cd4b5d67815f2c66,62,0x903c40bf6538d9dfcdc6b5f44bc85543fe10f72392e70db7a2f94b83ee213498,0x7fb842f1e807dca0e34c771be70295ac30599923,0x85ba591b3444ed01b5d7f8cebdb897494709bbdc,0xd683b78e988ba4bdb9fa0e2012c4c36b7cc96aad,78668082846344031095,Dopex Governance Token,DPX,18,207,164457,62000000000,123944,14842343,deprecated,0x7ff36ab5,"swapExactETHForTokens(uint256 amountOutMin, address[] path, address to, uint256 deadline)",12556806
12504897,1621964368,0xde0f1d474358b002931cb5a1d77bb860130eda674b77029768eb42141fcf840a,63,0xdcdc1a98159784a2c1d4a4971684b8d48839139237f88727714a741778efd442,0x7fb842f1e807dca0e34c771be70295ac30599923,0x85ba591b3444ed01b5d7f8cebdb897494709bbdc,0x99fd1378ca799ed6772fe7bcdc9b30b389518962,146238785989025587207,Dopex Governance Token,DPX,18,90,152817,56000000000,123944,6448549,deprecated,0x7ff36ab5,"swapExactETHForTokens(uint256 amountOutMin, address[] path, address to, uint256 deadline)",12556804
12504898,1621964374,0x2d925cdeeb7d7686726947943b234ebcec3c6b39d3e2c648b0bb993b4447b379,64,0x83909d55f2828654d0d0c6170e5f116e88dd6d1112723b6ae5f48812f0473a80,0x7fb842f1e807dca0e34c771be70295ac30599923,0x85ba591b3444ed01b5d7f8cebdb897494709bbdc,0x558553d54183a8542f7832742e7b4ba9c33aa1e6,41139012680012906274,Dopex Governance Token,DPX,18,44,164457,56000000000,123944,2640905,deprecated,0x7ff36ab5,"swapExactETHForTokens(uint256 amountOutMin, address[] path, address to, uint256 deadline)",12556803
12504900,1621964420,0x54b335cb72f0debf938a3c94decfb94a2f32629c44dedb31ce4897a9297edf1c,65,0x0c622490d6ad8cc607b278debdf1e71f39f0eab86b5733c9499a257ddc80c584,0x7fb842f1e807dca0e34c771be70295ac30599923,0x85ba591b3444ed01b5d7f8cebdb897494709bbdc,0x7d411873898ab53ee8260273ee9232213524ad62,126700880365137346321,Dopex Governance Token,DPX,18,189,164457,56000000000,123944,13025863,deprecated,0x7ff36ab5,"swapExactETHForTokens(uint256 amountOutMin, address[] path, address to, uint256 deadline)",12556801
12504901,1621964425,0xfedab470393f77c47342162ae42e05b208e9c5b8174c09b030cbbfcc796d37f5,66,0x761ee7f4a3b89ef6ed2be7a271ee59b9178683a31ba734fbd99a9aeca0b3505b,0x7fb842f1e807dca0e34c771be70295ac30599923,0x85ba591b3444ed01b5d7f8cebdb897494709bbdc,0xbcd5000f5c522856e710c5d274bb672b2f2eefbf,73904741597528894441,Dopex Governance Token,DPX,18,190,164444,56000000000,123932,12350770,deprecated,0x7ff36ab5,"swapExactETHForTokens(uint256 amountOutMin, address[] path, address to, uint256 deadline)",12556800
12504901,1621964425,0x2fb7e3138c2fe6cdcc3d2120c33dfbf775b69a13c0a379c9bfd91935c73874eb,67,0x761ee7f4a3b89ef6ed2be7a271ee59b9178683a31ba734fbd99a9aeca0b3505b,0x7fb842f1e807dca0e34c771be70295ac30599923,0x85ba591b3444ed01b5d7f8cebdb897494709bbdc,0x6f812f43ce8c2d3dfa44726c2fdc40a39470f941,107300283751126656552,Dopex Governance Token,DPX,18,191,164457,56000000000,113528,12464298,deprecated,0x7ff36ab5,"swapExactETHForTokens(uint256 amountOutMin, address[] path, address to, uint256 deadline)",12556800
12504901,1621964425,0x5239c469e9e2481749369b3c07f5750bd77f53c0e08916a3b7cb43fa0193b131,68,0x761ee7f4a3b89ef6ed2be7a271ee59b9178683a31ba734fbd99a9aeca0b3505b,0x7fb842f1e807dca0e34c771be70295ac30599923,0x85ba591b3444ed01b5d7f8cebdb897494709bbdc,0x321d184b32c6b85b8d664e19d606bf5da7182328,81213955048108685686,Dopex Governance Token,DPX,18,194,152817,56000000000,113528,12625532,deprecated,0x7ff36ab5,"swapExactETHForTokens(uint256 amountOutMin, address[] path, address to, uint256 deadline)",12556800
12504902,1621964451,0x64bb3e6c89331318ef8e00a2d0270dbd7147d77f532af80bb8f81c6580dce160,69,0x3488e0088dba2cb16b80544b16ce82c4466510dd7d9f145e4ae8f261b2a4829f,0x7fb842f1e807dca0e34c771be70295ac30599923,0x85ba591b3444ed01b5d7f8cebdb897494709bbdc,0xe92d1a43df510f82c66382592a047d288f85226f,122413132830540897485,Dopex Governance Token,DPX,18,35,152804,63000000000,123932,2501828,deprecated,0x7ff36ab5,"swapExactETHForTokens(uint256 amountOutMin, address[] path, address to, uint256 deadline)",12556799
12504903,1621964456,0xf7a5e9918316e035463e4f66c0701ab853452ae17c764db46492a4158c09ddce,70,0xcca72e24eb7392ff78ad0cd51cbde006e570632c156d54ab5d547eb6f840f181,0x7fb842f1e807dca0e34c771be70295ac30599923,0x85ba591b3444ed01b5d7f8cebdb897494709bbdc,0xcfc50541c3deaf725ce738ef87ace2ad778ba0c5,76995945393809677301,Dopex Governance Token,DPX,18,64,152804,63000000000,123932,4067382,deprecated,0x7ff36ab5,"swapExactETHForTokens(uint256 amountOutMin, address[] path, address to, uint256 deadline)",12556798
12504903,1621964456,0x7dc0fee14a68bda83551630e6677862583427a455d22a802ca5430f21722c5d5,71,0xcca72e24eb7392ff78ad0cd51cbde006e570632c156d54ab5d547eb6f840f181,0x7fb842f1e807dca0e34c771be70295ac30599923,0x85ba591b3444ed01b5d7f8cebdb897494709bbdc,0xc32304513fbc519c5e6ee209a0c9437513c4fb94,74888975933268825827,Dopex Governance Token,DPX,18,67,152817,63000000000,113528,4222910,deprecated,0x7ff36ab5,"swapExactETHForTokens(uint256 amountOutMin, address[] path, address to, uint256 deadline)",12556798
12504903,1621964456,0x345d68ef3cd7671b6685a5418a59b0932d910ed0d815b7cf6fb4285b145546bc,72,0xcca72e24eb7392ff78ad0cd51cbde006e570632c156d54ab5d547eb6f840f181,0x7fb842f1e807dca0e34c771be70295ac30599923,0x85ba591b3444ed01b5d7f8cebdb897494709bbdc,0xa5fec37d68171781fb3f93702a30905ef75dd22e,261240777223015993702,Dopex Governance Token,DPX,18,68,152817,63000000000,113528,4336438,deprecated,0x7ff36ab5,"swapExactETHForTokens(uint256 amountOutMin, address[] path, address to, uint256 deadline)",12556798
12504903,1621964456,0x9daf9bab52cc58a597f7a7d4a05353f4c97192368e3dad27b0b8d126ddda0641,73,0xcca72e24eb7392ff78ad0cd51cbde006e570632c156d54ab5d547eb6f840f181,0x7fb842f1e807dca0e34c771be70295ac30599923,0x85ba591b3444ed01b5d7f8cebdb897494709bbdc,0xf0b145a02139f91f998d093f2a12b9ecf2ef5405,121903272140111924750,Dopex Governance Token,DPX,18,69,152817,63000000000,113528,4449966,deprecated,0x7ff36ab5,"swapExactETHForTokens(uint256 amountOutMin, address[] path, address to, uint256 deadline)",12556798
12504903,1621964456,0x114cf25d40b4f2cf5853a725b06e8fa27facfe3df4d3be87fbb6595e98e38d77,74,0xcca72e24eb7392ff78ad0cd51cbde006e570632c156d54ab5d547eb6f840f181,0x7fb842f1e807dca0e34c771be70295ac30599923,0x85ba591b3444ed01b5d7f8cebdb897494709bbdc,0xf92660595bbf1c76071f262e186bd2182815c613,163403624449458233806,Dopex Governance Token,DPX,18,76,152817,63000000000,113528,7590850,deprecated,0x7ff36ab5,"swapExactETHForTokens(uint256 amountOutMin, address[] path, address to, uint256 deadline)",12556798
12504903,1621964456,0x98c11790628a702188fc2d00ab1a8cb07ed4ab05be1d2a3113e66fc4cbbc1261,75,0xcca72e24eb7392ff78ad0cd51cbde006e570632c156d54ab5d547eb6f840f181,0x7fb842f1e807dca0e34c771be70295ac30599923,0x85ba591b3444ed01b5d7f8cebdb897494709bbdc,0x3b22edd2ed9dedb04ca680270f21c29030388290,117472738457366934592,Dopex Governance Token,DPX,18,77,152817,63000000000,113528,7704378,deprecated,0x7ff36ab5,"swapExactETHForTokens(uint256 amountOutMin, address[] path, address to, uint256 deadline)",12556798
12504903,1621964456,0x9c8047f4da913677f2c02fa0d8e0dbbc0c22b30dba784119d04f32ffef78b8b4,76,0xcca72e24eb7392ff78ad0cd51cbde006e570632c156d54ab5d547eb6f840f181,0x7fb842f1e807dca0e34c771be70295ac30599923,0x85ba591b3444ed01b5d7f8cebdb897494709bbdc,0x5177b16c99590d9085d34cdd23d4633754a126a9,137586113708254101891,Dopex Governance Token,DPX,18,78,152817,63000000000,113528,7817906,deprecated,0x7ff36ab5,"swapExactETHForTokens(uint256 amountOutMin, address[] path, address to, uint256 deadline)",12556798
12504907,1621964507,0x34c3f6b1cb6f3c5bfc3f50c555618ae32d4dab627d41a46762983e2e60f528e8,77,0x57d83e315b666c371ab5f6e7383112b74e6574a8d1d15c197dd23fefce1ecac9,0x7fb842f1e807dca0e34c771be70295ac30599923,0x85ba591b3444ed01b5d7f8cebdb897494709bbdc,0xa8207755df9a64c5ad734266fd34a5134d2528a1,227824249865835806041,Dopex Governance Token,DPX,18,121,152817,60000000000,123944,7793146,deprecated,0x7ff36ab5,"swapExactETHForTokens(uint256 amountOutMin, address[] path, address to, uint256 deadline)",12556794
12504909,1621964533,0xfb5042d0ad016052739cc88a41e4d784bea5038f7f23591a3ade6843b4dada7f,78,0x3c4ddcacdb755778ab9de26845731c88c9df600b8632f5281152ada817e2ee27,0x7fb842f1e807dca0e34c771be70295ac30599923,0x85ba591b3444ed01b5d7f8cebdb897494709bbdc,0x87b6b4c7f3dec6fa73a5cf832dd520d51d4183ff,129333578251855327414,Dopex Governance Token,DPX,18,29,164457,60000000000,123944,1461329,deprecated,0x7ff36ab5,"swapExactETHForTokens(uint256 amountOutMin, address[] path, address to, uint256 deadline)",12556792
12504911,1621964592,0xb35065b2ed99e55c11dae52a0f90a1bd7d040cb2cf03a5a7fac04d2061fb58a1,79,0x1a859e69feb50fe88c20e0a77b80800dad4a6cdf0188a6c2c899a7d00d79f888,0x7fb842f1e807dca0e34c771be70295ac30599923,0x85ba591b3444ed01b5d7f8cebdb897494709bbdc,0x2620dc6875aace6531efb2feef0e3f4d0a16c599,76127178134811471151,Dopex Governance Token,DPX,18,145,152817,59000000000,123944,10399333,deprecated,0x7ff36ab5,"swapExactETHForTokens(uint256 amountOutMin, address[] path, address to, uint256 deadline)",12556790
12504914,1621964680,0xc6fc01afe8487a52deb5bb56fe161a433f18c191f6a7fcca28da529dec106c47,80,0x1d24b89ddf2fd2759a7701048b7f4cc865d34a0bda815b56a794b75f5c929a60,0x7fb842f1e807dca0e34c771be70295ac30599923,0x85ba591b3444ed01b5d7f8cebdb897494709bbdc,0x2620dc6875aace6531efb2feef0e3f4d0a16c599,138289684983070035431,Dopex Governance Token,DPX,18,180,152817,59000000000,106844,13471716,deprecated,0x7ff36ab5,"swapExactETHForTokens(uint256 amountOutMin, address[] path, address to, uint256 deadline)",12556787
12504914,1621964680,0x95025b760bf5dc95c932ed0866075926f9b3473735290e87979bcfb40169d8d5,81,0x1d24b89ddf2fd2759a7701048b7f4cc865d34a0bda815b56a794b75f5c929a60,0x7fb842f1e807dca0e34c771be70295ac30599923,0x85ba591b3444ed01b5d7f8cebdb897494709bbdc,0x2620dc6875aace6531efb2feef0e3f4d0a16c599,95097949577973199003,Dopex Governance Token,DPX,18,183,133709,59000000000,96428,13864066,deprecated,0x7ff36ab5,"swapExactETHForTokens(uint256 amountOutMin, address[] path, address to, uint256 deadline)",12556787
12504915,1621964682,0x18ac3aae5d50899023c75f881ee2ee13a9e427b216277d2df7d8414400ae2d4b,82,0x7c4b96f5a085e52e4ab78f32381da4e30ca05d0046df208608ef348d8e3f7dfe,0x7fb842f1e807dca0e34c771be70295ac30599923,0x85ba591b3444ed01b5d7f8cebdb897494709bbdc,0x805197344c4f5d990cfbc23e032631aef0a6987a,123461534149627831960,Dopex Governance Token,DPX,18,114,152817,64000000000,123944,7087100,deprecated,0x7ff36ab5,"swapExactETHForTokens(uint256 amountOutMin, address[] path, address to, uint256 deadline)",12556786
12504915,1621964682,0xf3e18883d68f139c8e52d46cbba678b14cee6412814d4f5e112171876a880e18,83,0x7c4b96f5a085e52e4ab78f32381da4e30ca05d0046df208608ef348d8e3f7dfe,0x7fb842f1e807dca0e34c771be70295ac30599923,0x85ba591b3444ed01b5d7f8cebdb897494709bbdc,0xf99d187a98a4ed59680ed7d439527cb755e32778,74915424934960342860,Dopex Governance Token,DPX,18,117,152817,64000000000,113528,7242628,deprecated,0x7ff36ab5,"swapExactETHForTokens(uint256 amountOutMin, address[] path, address to, uint256 deadline)",12556786
12504915,1621964682,0xfc0b815a072e6c38409276ec5cdea6ec20cc5e9f64d5f9a0a74bbeb96e1e7005,84,0x7c4b96f5a085e52e4ab78f32381da4e30ca05d0046df208608ef348d8e3f7dfe,0x7fb842f1e807dca0e34c771be70295ac30599923,0x85ba591b3444ed01b5d7f8cebdb897494709bbdc,0x653d63e4f2d7112a19f5eb993890a3f27b48ada5,113251503871318386937,Dopex Governance Token,DPX,18,118,152817,64000000000,113528,7356156,deprecated,0x7ff36ab5,"swapExactETHForTokens(uint256 amountOutMin, address[] path, address to, uint256 deadline)",12556786
12504915,1621964682,0x30667ed089b86f9b64ec43531afa6f702daf9551a019cd9d9d0bc71675d00878,85,0x7c4b96f5a085e52e4ab78f32381da4e30ca05d0046df208608ef348d8e3f7dfe,0x7fb842f1e807dca0e34c771be70295ac30599923,0x85ba591b3444ed01b5d7f8cebdb897494709bbdc,0x52f400e432e51c111af26b615121c9fd8e283e22,243868973975591834348,Dopex Governance Token,DPX,18,121,152804,64000000000,113516,7553881,deprecated,0x7ff36ab5,"swapExactETHForTokens(uint256 amountOutMin, address[] path, address to, uint256 deadline)",12556786
12504916,1621964709,0x261b93e3e11bb0149ba3360922fd8f8e86b0db1a73563a5d555afce31d12d637,86,0x7f3e4cff7376da358e7f759f88072d4cab8fbdfebc7818dabeeffea51d65929d,0x7fb842f1e807dca0e34c771be70295ac30599923,0x85ba591b3444ed01b5d7f8cebdb897494709bbdc,0x375f95fb45811ace248adc5baee5228d91ffca50,153759559319374505154,Dopex Governance Token,DPX,18,267,164457,64000000000,123944,13627267,deprecated,0x7ff36ab5,"swapExactETHForTokens(uint256 amountOutMin, address[] path, address to, uint256 deadline)",12556785
12504916,1621964709,0x1eaed97cb093453bb64cc0b9e570b979b13de5f61eb2a2f8e442b928fd69e1ea,87,0x7f3e4cff7376da358e7f759f88072d4cab8fbdfebc7818dabeeffea51d65929d,0x7fb842f1e807dca0e34c771be70295ac30599923,0x85ba591b3444ed01b5d7f8cebdb897494709bbdc,0x473869d211a9364b13806b97882f741acc444295,104593098294574010922,Dopex Governance Token,DPX,18,269,164457,64000000000,113528,13761795,deprecated,0x7ff36ab5,"swapExactETHForTokens(uint256 amountOutMin, address[] path, address to, uint256 deadline)",12556785
12504917,1621964726,0xd20a4f2cb19bcc2c91893a89fbdd36a40a9b9768424416daa4a22864f8361790,88,0x4029c0822c9fe2fe7e52923466470db71ad053c89d0393bac3dbc64139243ebb,0x7fb842f1e807dca0e34c771be70295ac30599923,0x85ba591b3444ed01b5d7f8cebdb897494709bbdc,0x25599dcbd434af9a17d52444f71c92987fa97cfc,86218045948890946136,Dopex Governance Token,DPX,18,173,152817,64000000000,123944,12306496,deprecated,0x7ff36ab5,"swapExactETHForTokens(uint256 amountOutMin, address[] path, address to, uint256 deadline)",12556784
12504917,1621964726,0xc186c2620c024d38ee612eea39de4ba9af782bfff4e3c0d4d7e0c74a971f2324,89,0x4029c0822c9fe2fe7e52923466470db71ad053c89d0393bac3dbc64139243ebb,0x7fb842f1e807dca0e34c771be70295ac30599923,0x85ba591b3444ed01b5d7f8cebdb897494709bbdc,0x87c35beeabc4a0434154d516de89773fe53477ce,163560824076289179244,Dopex Governance Token,DPX,18,175,152817,64000000000,113528,12454754,deprecated,0x7ff36ab5,"swapExactETHForTokens(uint256 amountOutMin, address[] path, address to, uint256 deadline)",12556784
12504919,1621964763,0x3484daf76faeca74d9794000df27df87e50ea7e1b9e0707e21c01fd8f50d8f4f,90,0x2623c2b71514e303be095016f462f9e9b5e00a37363688827b601dc4de519a52,0x7fb842f1e807dca0e34c771be70295ac30599923,0x85ba591b3444ed01b5d7f8cebdb897494709bbdc,0x882b60447ca91125c4778fabaea957983a1ac66f,107693853213665703924,Dopex Governance Token,DPX,18,180,152817,66000000000,123944,11008592,deprecated,0x7ff36ab5,"swapExactETHForTokens(uint256 amountOutMin, address[] path, address to, uint256 deadline)",12556782
12504919,1621964763,0xa4bd84eb078fd2b6412b1e3216eb597ee114604f97f8015429f09d61e28ea272,91,0x2623c2b71514e303be095016f462f9e9b5e00a37363688827b601dc4de519a52,0x7fb842f1e807dca0e34c771be70295ac30599923,0x85ba591b3444ed01b5d7f8cebdb897494709bbdc,0x0eb4add4ba497357546da7f5d12d39587ca24606,16205262326867889770,Dopex Governance Token,DPX,18,181,152804,66000000000,113516,11122108,deprecated,0x7ff36ab5,"swapExactETHForTokens(uint256 amountOutMin, address[] path, address to, uint256 deadline)",12556782
12504919,1621964763,0xb95fbadf00e31f667b8266cf6388927c8f5b1cc8a08261e5efa42ae999dad81f,92,0x2623c2b71514e303be095016f462f9e9b5e00a37363688827b601dc4de519a52,0x7fb842f1e807dca0e34c771be70295ac30599923,0x85ba591b3444ed01b5d7f8cebdb897494709bbdc,0x675938d86a6a4651b6dbba7529117fb0b557ccf2,53954518273970917876,Dopex Governance Token,DPX,18,182,152817,66000000000,113528,11235636,deprecated,0x7ff36ab5,"swapExactETHForTokens(uint256 amountOutMin, address[] path, address to, uint256 deadline)",12556782
12504919,1621964763,0x4eefa029d1b5d97a0cc078c50aea47bf8f6668a45bdd3df99abc522f990d0f3e,93,0x2623c2b71514e303be095016f462f9e9b5e00a37363688827b601dc4de519a52,0x7fb842f1e807dca0e34c771be70295ac30599923,0x85ba591b3444ed01b5d7f8cebdb897494709bbdc,0xd460db3e36e4f76c034a6fe59bec845fea0bb7d8,24595016592181925351,Dopex Governance Token,DPX,18,190,164444,66000000000,113516,13602853,deprecated,0x7ff36ab5,"swapExactETHForTokens(uint256 amountOutMin, address[] path, address to, uint256 deadline)",12556782
12504919,1621964763,0xf451fc94fbf9276cc5bf3ebda0c7a7c575fbc2ab198163eb0badda55023d4fde,94,0x2623c2b71514e303be095016f462f9e9b5e00a37363688827b601dc4de519a52,0x7fb842f1e807dca0e34c771be70295ac30599923,0x85ba591b3444ed01b5d7f8cebdb897494709bbdc,0xa0019248a3e80225c9c552c5796ea890bbbd3ce0,30834161737670148048,Dopex Governance Token,DPX,18,195,164457,66000000000,113528,14174742,deprecated,0x7ff36ab5,"swapExactETHForTokens(uint256 amountOutMin, address[] path, address to, uint256 deadline)",12556782
12504920,1621964824,0xd9d56a7b7727e3a29439c1c01afabd75c2386493d043afd2cfafcfac0cefef70,95,0xfac45e643a25dbf5ec956263eeca70fefb0afcbc45209301528458c996e334b2,0x7fb842f1e807dca0e34c771be70295ac30599923,0x85ba591b3444ed01b5d7f8cebdb897494709bbdc,0x31bc74806e7d7ab8571d94b2dafa5d6734a6d1e9,125075100364884921727,Dopex Governance Token,DPX,18,193,164457,64000000000,123944,13384072,deprecated,0x7ff36ab5,"swapExactETHForTokens(uint256 amountOutMin, address[] path, address to, uint256 deadline)",12556781
12504920,1621964824,0xc28c43094237c67dcab7b81c3cfa0d80361457794cf710f63de810b4c1fc4991,96,0xfac45e643a25dbf5ec956263eeca70fefb0afcbc45209301528458c996e334b2,0x7fb842f1e807dca0e34c771be70295ac30599923,0x85ba591b3444ed01b5d7f8cebdb897494709bbdc,0x73faf4be6cb43489b8f6e8a4ed3ccd804eb18586,17603091971569053408,Dopex Governance Token,DPX,18,217,164444,64000000000,113516,14638088,deprecated,0x7ff36ab5,"swapExactETHForTokens(uint256 amountOutMin, address[] path, address to, uint256 deadline)",12556781
12504921,1621964832,0xf7b876c386ca46a4037028d98f8e63d3b03c244bdb52205192943d73f7dc2dfa,97,0x2230fb2dd4109e538a17281e8dd9a64f22a018a8c5a43951f92bcf8e8c2e8e28,0x7fb842f1e807dca0e34c771be70295ac30599923,0x85ba591b3444ed01b5d7f8cebdb897494709bbdc,0xd85a7a3c5f08e3e709c233e133ce1335fbbf5518,26684985554075262479,Dopex Governance Token,DPX,18,203,164444,64000000000,123932,14940216,deprecated,0x7ff36ab5,"swapExactETHForTokens(uint256 amountOutMin, address[] path, address to, uint256 deadline)",12556780
12504923,1621964872,0x2b35e9e6495c9e906f8429aca22b16006cfd461baf9a577563582a0d8b0707f6,68,0x9786e0abffe915cf4f75fb2f4adb424f004e3ef32a81bd9f357d2c87547a0f05,0x7fb842f1e807dca0e34c771be70295ac30599923,0x85ba591b3444ed01b5d7f8cebdb897494709bbdc,0x6cc5ae64063345725fa2c921b560b04b4c673e39,100691906325926513931,Dopex Governance Token,DPX,18,36,222482,60500000000,188675,3328065,deprecated,0x5c11d795,"swapExactTokensForTokensSupportingFeeOnTransferTokens(uint256 amountIn, uint256 amountOutMin, address[] path, address to, uint256 deadline)",12556778
12504924,1621964874,0x0cb9e5a26c88fefc6cbca79ed87300213d7b5b5c4260afb1f2474722bb538809,98,0xad4d1e6d7295874cbc7bf7b387600171ae1985b178b00c2526d8b297fffd2e25,0x7fb842f1e807dca0e34c771be70295ac30599923,0x85ba591b3444ed01b5d7f8cebdb897494709bbdc,0xa021ca2f5ec4dc539655718bca4fca5d0015163b,117575217611215353246,Dopex Governance Token,DPX,18,30,152804,64000000000,123932,1942992,deprecated,0x7ff36ab5,"swapExactETHForTokens(uint256 amountOutMin, address[] path, address to, uint256 deadline)",12556777
12504924,1621964874,0x722e5c012df1d98cf62b9396b470c38addc987f2ca8ee2642c723b042305adca,99,0xad4d1e6d7295874cbc7bf7b387600171ae1985b178b00c2526d8b297fffd2e25,0x7fb842f1e807dca0e34c771be70295ac30599923,0x85ba591b3444ed01b5d7f8cebdb897494709bbdc,0x6d5a76289a95425aa4aa9368967fc042c027fe35,65049214828042719815,Dopex Governance Token,DPX,18,31,152817,64000000000,113528,2056520,deprecated,0x7ff36ab5,"swapExactETHForTokens(uint256 amountOutMin, address[] path, address to, uint256 deadline)",12556777
12504924,1621964874,0xdd00e6654256b0eac0388a56f484a7b8d21d4dc014f2d005deb0b8e93245ccc2,100,0xad4d1e6d7295874cbc7bf7b387600171ae1985b178b00c2526d8b297fffd2e25,0x7fb842f1e807dca0e34c771be70295ac30599923,0x85ba591b3444ed01b5d7f8cebdb897494709bbdc,0xe0d4a5684a46089f9c027efe9cb3a5a4be1f6bdb,122891085909863797114,Dopex Governance Token,DPX,18,32,152817,64000000000,113528,2170048,deprecated,0x7ff36ab5,"swapExactETHForTokens(uint256 amountOutMin, address[] path, address to, uint256 deadline)",12556777
12504924,1621964874,0x7af4a4dfb09e56f6a35c99e6d2f1ab3cac1b2607cdfd2e2ab4fd508096c3e600,101,0xad4d1e6d7295874cbc7bf7b387600171ae1985b178b00c2526d8b297fffd2e25,0x7fb842f1e807dca0e34c771be70295ac30599923,0x85ba591b3444ed01b5d7f8cebdb897494709bbdc,0x498efb1bd2b816a60301ab258e59ed5399efe338,170211041337134726979,Dopex Governance Token,DPX,18,33,152817,67000000000,113528,2283576,deprecated,0x7ff36ab5,"swapExactETHForTokens(uint256 amountOutMin, address[] path, address to, uint256 deadline)",12556777
12504925,1621964881,0xeef314167fed8e247074ae0be3b2c9518d9e4357d4d0f03ee6b7aeb774339daa,102,0xbd0d6bf2a25fd0ec160f2c2bd87f45cbd76193404a7610e8c4b57c822b137039,0x7fb842f1e807dca0e34c771be70295ac30599923,0x85ba591b3444ed01b5d7f8cebdb897494709bbdc,0xc61dc85904c0806c0c43beda410e0abc96b46a8d,110198434590823919960,Dopex Governance Token,DPX,18,30,152817,67000000000,123944,2311066,deprecated,0x7ff36ab5,"swapExactETHForTokens(uint256 amountOutMin, address[] path, address to, uint256 deadline)",12556776
12504927,1621964892,0xc3642813ade5be3222d3258c322832d5bea9ba3fb32bacb40aa94be7044bcf1d,103,0x7fa2a3ccc97abbb7a9a8aaa6effcd78e22898c951c3cc2ef80f7f22f3228f0b4,0x7fb842f1e807dca0e34c771be70295ac30599923,0x85ba591b3444ed01b5d7f8cebdb897494709bbdc,0x40706b5a9ee83b6acb4d6eeebbe81d530893ecf4,96298643458783576907,Dopex Governance Token,DPX,18,42,152817,67000000000,123944,2541339,deprecated,0x7ff36ab5,"swapExactETHForTokens(uint256 amountOutMin, address[] path, address to, uint256 deadline)",12556774
12504932,1621964969,0x73f865f3b10ed3ebd3fd030050b80f0319a30fcde4f8f62ba6f5730c1b509fa5,104,0xddd482cd0e4a69ddb85209fb76de28182bab687c5e25ab0856f16d4d4d2140d3,0x7fb842f1e807dca0e34c771be70295ac30599923,0x85ba591b3444ed01b5d7f8cebdb897494709bbdc,0xedcc13d25e23032b61d30c298334f92d7c0ba84e,54473945619086490472,Dopex Governance Token,DPX,18,16,164457,67000000000,123944,1220121,deprecated,0x7ff36ab5,"swapExactETHForTokens(uint256 amountOutMin, address[] path, address to, uint256 deadline)",12556769
12504933,1621964972,0x16cbfd00040da463320d20936083c9a80b36b5e2816eede034dae9ba1e714d7e,105,0x3dd5099c5db7064503bdd0b6ce39cdc153a69c7c42dffe1886472506c0508ec8,0x7fb842f1e807dca0e34c771be70295ac30599923,0x85ba591b3444ed01b5d7f8cebdb897494709bbdc,0x9a4a3290ec6fa126dc9058ce738a0fd72fc86212,105208180944763016783,Dopex Governance Token,DPX,18,30,164457,67000000000,123944,2191236,deprecated,0x7ff36ab5,"swapExactETHForTokens(uint256 amountOutMin, address[] path, address to, uint256 deadline)",12556768
12504933,1621964972,0xd3db7265ad8e0f66d233e415d37318d884c7355a91af2db53478b37a3a36512a,106,0x3dd5099c5db7064503bdd0b6ce39cdc153a69c7c42dffe1886472506c0508ec8,0x7fb842f1e807dca0e34c771be70295ac30599923,0x85ba591b3444ed01b5d7f8cebdb897494709bbdc,0xe3e182bc39951f99af86d8cd0c42a4b7c4cd93f7,154336429149196669767,Dopex Governance Token,DPX,18,31,164457,67000000000,113528,2304764,deprecated,0x7ff36ab5,"swapExactETHForTokens(uint256 amountOutMin, address[] path, address to, uint256 deadline)",12556768
12504936,1621964990,0xada585d01654a1127f900c7c1f2039459739bdec1de2acec700b746996f0b0de,107,0x6ec0da87bdb7c8ebc2039dba2c16b7e7fa623a94f0034f60b2e808915eaf3b0c,0x7fb842f1e807dca0e34c771be70295ac30599923,0x85ba591b3444ed01b5d7f8cebdb897494709bbdc,0x3a2839250072f936f1a1be79a367e18557fb4a2c,67031781451359008347,Dopex Governance Token,DPX,18,89,164444,58000000000,123932,6547408,deprecated,0x7ff36ab5,"swapExactETHForTokens(uint256 amountOutMin, address[] path, address to, uint256 deadline)",12556765
12504936,1621964990,0xe40014b4899bdf6e0bf9c02d84ceb5af75487e0906094c0c9dd24a7f5971906e,108,0x6ec0da87bdb7c8ebc2039dba2c16b7e7fa623a94f0034f60b2e808915eaf3b0c,0x7fb842f1e807dca0e34c771be70295ac30599923,0x85ba591b3444ed01b5d7f8cebdb897494709bbdc,0x6c3e007377effd74afe237ce3b0aeef969b63c91,101421545486592664389,Dopex Governance Token,DPX,18,90,152804,58000000000,113516,6660924,deprecated,0x7ff36ab5,"swapExactETHForTokens(uint256 amountOutMin, address[] path, address to, uint256 deadline)",12556765
12504937,1621964999,0x498f20a73e2bb19a2a68d090256ca9d4668bac96f414945cd930a85436efb8d8,109,0x119b9de34703eee07b421d9980aa4a004685a29a374391d9f57f03797b50938f,0x7fb842f1e807dca0e34c771be70295ac30599923,0x85ba591b3444ed01b5d7f8cebdb897494709bbdc,0xa25a9b7c73158b3b34215925796ce6aa8100c13a,61960464132589723979,Dopex Governance Token,DPX,18,134,152804,58000000000,123932,8328399,deprecated,0x7ff36ab5,"swapExactETHForTokens(uint256 amountOutMin, address[] path, address to, uint256 deadline)",12556764
12504939,1621965014,0xf2e5e2bbf9f9493bf798f4e550bdb3fac44705dec5fbdc45049a1044240dad7c,110,0xb502e6daba4d70e7c15505b62d867fe9715824b2fc31446c81eeeb3d3426844a,0x7fb842f1e807dca0e34c771be70295ac30599923,0x85ba591b3444ed01b5d7f8cebdb897494709bbdc,0x4f96f50edb37a19216d87693e5db241e31bd3735,71489312048276096573,Dopex Governance Token,DPX,18,185,164457,58000000000,123944,11225748,deprecated,0x7ff36ab5,"swapExactETHForTokens(uint256 amountOutMin, address[] path, address to, uint256 deadline)",12556762
12504940,1621965033,0xc83c327782a18ec090f7fb16114e93b2eb0beb1a7a2a12f57b564a484dd5ae3b,111,0x08c17ad1c0f674508a3d5de9310f32ac20fa2e22a6f46364004fed5163b9a22c,0x7fb842f1e807dca0e34c771be70295ac30599923,0x85ba591b3444ed01b5d7f8cebdb897494709bbdc,0xe8b4ec3cd3d21b35b4fe55ad987e50d3b72ef11b,187600181775857620685,Dopex Governance Token,DPX,18,79,164457,58000000000,123944,5183321,deprecated,0x7ff36ab5,"swapExactETHForTokens(uint256 amountOutMin, address[] path, address to, uint256 deadline)",12556761
12504943,1621965093,0x9974a0e4e89b679b6a14f8f4105715bb0b609aa6800dfe6bde4861c3b16a43bc,112,0x75b9d407ef7224dd39bda6bc3e4275d955aed0f1b771f3aed8b27031e4daf051,0x7fb842f1e807dca0e34c771be70295ac30599923,0x85ba591b3444ed01b5d7f8cebdb897494709bbdc,0x9aef7c447f6bc8d010b22aff52d5b67785ed942c,116015725173620902564,Dopex Governance Token,DPX,18,244,152817,62000000000,123944,13113176,deprecated,0x7ff36ab5,"swapExactETHForTokens(uint256 amountOutMin, address[] path, address to, uint256 deadline)",12556758
12504946,1621965132,0x3fa5eeeecba85e23456127cfce429152df0d43285e881a65c95291bc067a1659,113,0x74aa8e92058f3c05bece8cede33d0f7daa0a3e7572830a00c293132eaa4ad25e,0x7fb842f1e807dca0e34c771be70295ac30599923,0x85ba591b3444ed01b5d7f8cebdb897494709bbdc,0xe987767226b681939d07749ed192870f9101a1d1,136213702146200003120,Dopex Governance Token,DPX,18,72,164457,62000000000,123944,5183874,deprecated,0x7ff36ab5,"swapExactETHForTokens(uint256 amountOutMin, address[] path, address to, uint256 deadline)",12556755
12504952,1621965242,0x1dacf8552966d967cc580e1c190d7676781217a4a636e8e06a2bb5905e34c685,114,0xaae9e85fa84b9b033150c56905a34c7ef63485daf75e709b064c7ad1ca1c1720,0x7fb842f1e807dca0e34c771be70295ac30599923,0x85ba591b3444ed01b5d7f8cebdb897494709bbdc,0x765b4fbdc7740a8d4c0a69fcdf600ea99f3f1efc,81516521241431075045,Dopex Governance Token,DPX,18,155,164457,62000000000,123944,12108312,deprecated,0x7ff36ab5,"swapExactETHForTokens(uint256 amountOutMin, address[] path, address to, uint256 deadline)",12556749
12504952,1621965242,0x0ea08964e10c38548053299f7eba3481b7f34531d65dadfdf05ccf76e733f462,115,0xaae9e85fa84b9b033150c56905a34c7ef63485daf75e709b064c7ad1ca1c1720,0x7fb842f1e807dca0e34c771be70295ac30599923,0x85ba591b3444ed01b5d7f8cebdb897494709bbdc,0xfcc5c883aeb32fc31debdb8218bb457ba9741a48,798274437673593709676,Dopex Governance Token,DPX,18,156,152817,65000000000,113528,12221840,deprecated,0x7ff36ab5,"swapExactETHForTokens(uint256 amountOutMin, address[] path, address to, uint256 deadline)",12556749
12504952,1621965242,0xc3e4fbf858acde0902b4c5247c8b0602f1510b26e131c24ece6b2fe0e1ab4cdf,116,0xaae9e85fa84b9b033150c56905a34c7ef63485daf75e709b064c7ad1ca1c1720,0x7fb842f1e807dca0e34c771be70295ac30599923,0x85ba591b3444ed01b5d7f8cebdb897494709bbdc,0x7fe17a82283b49abdb3ddee80a783651e0de1a67,219694939271811659539,Dopex Governance Token,DPX,18,157,164457,65000000000,113528,12335368,deprecated,0x7ff36ab5,"swapExactETHForTokens(uint256 amountOutMin, address[] path, address to, uint256 deadline)",12556749
12504952,1621965242,0xca5423012b6b564bea3a8bbbcbfbfbec710d0f08ac89808ea157954090803212,117,0xaae9e85fa84b9b033150c56905a34c7ef63485daf75e709b064c7ad1ca1c1720,0x7fb842f1e807dca0e34c771be70295ac30599923,0x85ba591b3444ed01b5d7f8cebdb897494709bbdc,0x8f9be4310f9abb0e5843cc6363908c9b01dfeb3f,93559742176043054467,Dopex Governance Token,DPX,18,158,152817,65000000000,113528,12448896,deprecated,0x7ff36ab5,"swapExactETHForTokens(uint256 amountOutMin, address[] path, address to, uint256 deadline)",12556749
12504952,1621965242,0x22666d19404e1338c735d882a326d4ef380cd7e569210c61821f0b6b24e040bd,118,0xaae9e85fa84b9b033150c56905a34c7ef63485daf75e709b064c7ad1ca1c1720,0x7fb842f1e807dca0e34c771be70295ac30599923,0x85ba591b3444ed01b5d7f8cebdb897494709bbdc,0xcd5b1e9a0db0a31f7c46fe2e4a3d204e61f6dfc1,30834004778026853095,Dopex Governance Token,DPX,18,159,164457,65000000000,113528,12562424,deprecated,0x7ff36ab5,"swapExactETHForTokens(uint256 amountOutMin, address[] path, address to, uint256 deadline)",12556749
12504952,1621965242,0xbe2c49b4c6e79e42faddd7acd9e893e8b2d37e6665d96a223e3cdf4dd8cba395,119,0xaae9e85fa84b9b033150c56905a34c7ef63485daf75e709b064c7ad1ca1c1720,0x7fb842f1e807dca0e34c771be70295ac30599923,0x85ba591b3444ed01b5d7f8cebdb897494709bbdc,0x34fda2da413044a8414584ef4af698e6d844551b,63065778090545608701,Dopex Governance Token,DPX,18,160,164444,65000000000,113516,12675940,deprecated,0x7ff36ab5,"swapExactETHForTokens(uint256 amountOutMin, address[] path, address to, uint256 deadline)",12556749
12504953,1621965253,0xffcbd1c8d6a36e0c1cba26843a679590ea6800622e49fbbff07ea978c90d96fc,120,0x2fc181c30b7fa599da9569fd6f30fea49c34c3b86dcf35d9d918d1dcb26b3477,0x7fb842f1e807dca0e34c771be70295ac30599923,0x85ba591b3444ed01b5d7f8cebdb897494709bbdc,0xfd72fac7d08f9912e5d02091417304d5a0072e2b,91460653216652808771,Dopex Governance Token,DPX,18,208,164457,64000000000,123944,5743287,deprecated,0x7ff36ab5,"swapExactETHForTokens(uint256 amountOutMin, address[] path, address to, uint256 deadline)",12556748
12504954,1621965259,0x089f2104d1cbc584e4d073c519614a1ed65401f50eea149c3cdfac136a9c7368,121,0x195de2410d634fd39175d4f0677a79b9f57937872f530f190055c9140fc39085,0x7fb842f1e807dca0e34c771be70295ac30599923,0x85ba591b3444ed01b5d7f8cebdb897494709bbdc,0xd9518342a44e7dfdcd363f28f1ad19e568e2eb85,108623255370617027787,Dopex Governance Token,DPX,18,44,164457,64000000000,123944,3482661,deprecated,0x7ff36ab5,"swapExactETHForTokens(uint256 amountOutMin, address[] path, address to, uint256 deadline)",12556747
12504954,1621965259,0x456213c657c3e4ccc0fef53a70da3b2820ea236a91ef6a4e7abfb9f2459bfa01,122,0x195de2410d634fd39175d4f0677a79b9f57937872f530f190055c9140fc39085,0x7fb842f1e807dca0e34c771be70295ac30599923,0x85ba591b3444ed01b5d7f8cebdb897494709bbdc,0xb49822f67a14648425d128f61572d0c833709ecb,90568031887159058390,Dopex Governance Token,DPX,18,46,164457,64000000000,113528,3741457,deprecated,0x7ff36ab5,"swapExactETHForTokens(uint256 amountOutMin, address[] path, address to, uint256 deadline)",12556747
12504956,1621965266,0xc72afeae5d9c04adbc339ad0204474219497c231a33324556d42646d1b867f4c,123,0x0eb179ade42399509a7106028be804d77dcad55d353051e0e8f76b07e2bd0082,0x7fb842f1e807dca0e34c771be70295ac30599923,0x85ba591b3444ed01b5d7f8cebdb897494709bbdc,0x702a39a9d7d84c6b269efaa024dff4037499bba9,81030375608973328065,Dopex Governance Token,DPX,18,80,164457,64000000000,123944,4142090,deprecated,0x7ff36ab5,"swapExactETHForTokens(uint256 amountOutMin, address[] path, address to, uint256 deadline)",12556745
12504957,1621965273,0x7fb2337f9594752bfaa95194e54c7989f9498251e51a3c0ee9c7a7e094ec2e7a,124,0xcda0ae2592cdf340b7bc6266680e565e9e59ead8e88ce85aad20870820a6c578,0x7fb842f1e807dca0e34c771be70295ac30599923,0x85ba591b3444ed01b5d7f8cebdb897494709bbdc,0x0a0b05e2b91bbea1791d98ebd0e0b112df1d0631,58672935679347172514,Dopex Governance Token,DPX,18,232,152817,64000000000,123944,6241033,deprecated,0x7ff36ab5,"swapExactETHForTokens(uint256 amountOutMin, address[] path, address to, uint256 deadline)",12556744
12504957,1621965273,0xf9a7a24e32cdfb5af1185a27b0155a82618de0c753696265fbc2bb60ce984e41,125,0xcda0ae2592cdf340b7bc6266680e565e9e59ead8e88ce85aad20870820a6c578,0x7fb842f1e807dca0e34c771be70295ac30599923,0x85ba591b3444ed01b5d7f8cebdb897494709bbdc,0x7d6543ebc28dfbfb0ee9da803434fe7e7e3f5fc0,79590608972692775828,Dopex Governance Token,DPX,18,233,164457,64000000000,113528,6354561,deprecated,0x7ff36ab5,"swapExactETHForTokens(uint256 amountOutMin, address[] path, address to, uint256 deadline)",12556744
12504959,1621965284,0xdf5bd06e1eaea26f19c13a23d85e7036de627152d4ba101eff4d81f69ace17e3,126,0x21f4244e7740bb7d68b62caad781817281b3e6c7df4ed79a1df0ffeeb7e8fd44,0x7fb842f1e807dca0e34c771be70295ac30599923,0x85ba591b3444ed01b5d7f8cebdb897494709bbdc,0x4f89e886b7281db8ded9b604cece932063dfdcdc,55050930035690211603,Dopex Governance Token,DPX,18,43,152817,63000000000,123944,3179476,deprecated,0x7ff36ab5,"swapExactETHForTokens(uint256 amountOutMin, address[] path, address to, uint256 deadline)",12556742
12504963,1621965307,0x91de11e50109169ad84f1cfc343e1757c21ff26c4a93322d503624cede2acd42,127,0x88622bd301a76768602b76ffb5be0b46a21214344da7e6d9532d9d6311603e6c,0x7fb842f1e807dca0e34c771be70295ac30599923,0x85ba591b3444ed01b5d7f8cebdb897494709bbdc,0x41df100e4c99a2998cf9421f06323a0b0b7335c1,90973516205296582724,Dopex Governance Token,DPX,18,71,164457,65000000000,123944,4204095,deprecated,0x7ff36ab5,"swapExactETHForTokens(uint256 amountOutMin, address[] path, address to, uint256 deadline)",12556738
12504969,1621965351,0x00a4e6396fc6cd566cded630539c884feedb5328b1bb73945517eb6513a073d2,128,0xd3852e07f74d07ce6b17eff6fb452a0e02726404cccec96c55d7d50f90a8ce4c,0x7fb842f1e807dca0e34c771be70295ac30599923,0x85ba591b3444ed01b5d7f8cebdb897494709bbdc,0xcaf80cfacbef94d37de091093822f2a862adc47f,118172089236461055540,Dopex Governance Token,DPX,18,69,164457,65000000000,123944,3526404,deprecated,0x7ff36ab5,"swapExactETHForTokens(uint256 amountOutMin, address[] path, address to, uint256 deadline)",12556732
12504973,1621965418,0xe9628413f42e49741d4a71b5d72bef9a482ac8c2b65e5e6303ee84e0cd874489,129,0x5d2d3295fae6102e8ab868281d669c60b5bdaa077277c6683ada15e1b3aeb430,0x7fb842f1e807dca0e34c771be70295ac30599923,0x85ba591b3444ed01b5d7f8cebdb897494709bbdc,0x7499c6c5d844fca62b7204ede460a66f649e6885,166371246538031166197,Dopex Governance Token,DPX,18,81,152817,53000000000,123944,6495792,deprecated,0x7ff36ab5,"swapExactETHForTokens(uint256 amountOutMin, address[] path, address to, uint256 deadline)",12556728
12504973,1621965418,0x236ed282ca2c8c7859687461c5b0f75003f30cd84220b7e7a0f0c082622347b6,130,0x5d2d3295fae6102e8ab868281d669c60b5bdaa077277c6683ada15e1b3aeb430,0x7fb842f1e807dca0e34c771be70295ac30599923,0x85ba591b3444ed01b5d7f8cebdb897494709bbdc,0xc24da173a250e9ca5c54870639ebe5f88be5102d,136062678932212102561,Dopex Governance Token,DPX,18,82,152817,53000000000,113528,6609320,deprecated,0x7ff36ab5,"swapExactETHForTokens(uint256 amountOutMin, address[] path, address to, uint256 deadline)",12556728
12504974,1621965423,0x0041cbde3bda7d4385a1ba7340a8e3ef03d8bb74b14fe441781f7f8763d63acd,131,0x1f0a2394a0dd94ac5ed75ac0c5952a36b88f605c1479b4090796b09b6999713f,0x7fb842f1e807dca0e34c771be70295ac30599923,0x85ba591b3444ed01b5d7f8cebdb897494709bbdc,0x8db0401f6de4addbe50ede7b1460852ae837dbdd,57445528863493547565,Dopex Governance Token,DPX,18,228,164457,53000000000,123944,14213455,deprecated,0x7ff36ab5,"swapExactETHForTokens(uint256 amountOutMin, address[] path, address to, uint256 deadline)",12556727
12504974,1621965423,0x5e251bfe6b1dbf164dc450d5129a5cd4ae602ce2f274a77f24e9385823d242c3,132,0x1f0a2394a0dd94ac5ed75ac0c5952a36b88f605c1479b4090796b09b6999713f,0x7fb842f1e807dca0e34c771be70295ac30599923,0x85ba591b3444ed01b5d7f8cebdb897494709bbdc,0xdafbed6fc9a5783983994aa7748ff79729caf1e9,88431010286798563681,Dopex Governance Token,DPX,18,230,164457,53000000000,113528,14347983,deprecated,0x7ff36ab5,"swapExactETHForTokens(uint256 amountOutMin, address[] path, address to, uint256 deadline)",12556727
12504974,1621965423,0x19aa9bbb377f59922498658c59180b3b89535ed8567d19baab5297d4d1d0f0e4,133,0x1f0a2394a0dd94ac5ed75ac0c5952a36b88f605c1479b4090796b09b6999713f,0x7fb842f1e807dca0e34c771be70295ac30599923,0x85ba591b3444ed01b5d7f8cebdb897494709bbdc,0xf60228e28badeefa4650331787387b17424e7676,224859044325386219352,Dopex Governance Token,DPX,18,235,164457,53000000000,113528,14762635,deprecated,0x7ff36ab5,"swapExactETHForTokens(uint256 amountOutMin, address[] path, address to, uint256 deadline)",12556727
12504978,1621965529,0x6c133e23d0fffa20f3da5802491bbbe492d7353d9ffef648ccb43d479b03c8cf,134,0x18f721f0b5d517f8a32cc560161e36accc1ea9a8b026281161ab83fb0f1b41b4,0x7fb842f1e807dca0e34c771be70295ac30599923,0x85ba591b3444ed01b5d7f8cebdb897494709bbdc,0xabee5597eb23afde43f0b6654cd60ab8329556c7,85592934838083165050,Dopex Governance Token,DPX,18,195,164457,53000000000,123944,13906798,deprecated,0x7ff36ab5,"swapExactETHForTokens(uint256 amountOutMin, address[] path, address to, uint256 deadline)",12556723
12504978,1621965529,0x2b638c3adfa2d293bff350fb0f4c9f50f250f8a7d5daed7a500484d36c30d7fe,135,0x18f721f0b5d517f8a32cc560161e36accc1ea9a8b026281161ab83fb0f1b41b4,0x7fb842f1e807dca0e34c771be70295ac30599923,0x85ba591b3444ed01b5d7f8cebdb897494709bbdc,0x29b1a45b122bec76c18ca8f139d25dd797e8ac22,188390433833686983334,Dopex Governance Token,DPX,18,196,152817,53000000000,113528,14020326,deprecated,0x7ff36ab5,"swapExactETHForTokens(uint256 amountOutMin, address[] path, address to, uint256 deadline)",12556723
12504978,1621965529,0x272078f09d48835b2f05b3b99f9299e3d792732facdaecae6ec3c2402a991aa2,136,0x18f721f0b5d517f8a32cc560161e36accc1ea9a8b026281161ab83fb0f1b41b4,0x7fb842f1e807dca0e34c771be70295ac30599923,0x85ba591b3444ed01b5d7f8cebdb897494709bbdc,0x1b1d046a1001fd6fd4d11f204c7464989d621d92,74698620237840329845,Dopex Governance Token,DPX,18,197,152817,54000000000,113528,14133854,deprecated,0x7ff36ab5,"swapExactETHForTokens(uint256 amountOutMin, address[] path, address to, uint256 deadline)",12556723
12504978,1621965529,0xf8da9db7a9bbba4ae28caab7f38ac654569d8b59ad17fb14d5cf790dc29f8202,137,0x18f721f0b5d517f8a32cc560161e36accc1ea9a8b026281161ab83fb0f1b41b4,0x7fb842f1e807dca0e34c771be70295ac30599923,0x85ba591b3444ed01b5d7f8cebdb897494709bbdc,0x2117c37a65ad3c0489682386f7d81d4c6d08b3c8,129228724709994058454,Dopex Governance Token,DPX,18,198,152804,54000000000,113516,14247370,deprecated,0x7ff36ab5,"swapExactETHForTokens(uint256 amountOutMin, address[] path, address to, uint256 deadline)",12556723
12504978,1621965529,0x02a7266057b83bea55819d04e2622a313d3154896b949c9d78c461550eab85c8,138,0x18f721f0b5d517f8a32cc560161e36accc1ea9a8b026281161ab83fb0f1b41b4,0x7fb842f1e807dca0e34c771be70295ac30599923,0x85ba591b3444ed01b5d7f8cebdb897494709bbdc,0x4862733b5fddfd35f35ea8ccf08f5045e57388b3,75599053233001114305,Dopex Governance Token,DPX,18,199,164457,54000000000,113528,14360898,deprecated,0x7ff36ab5,"swapExactETHForTokens(uint256 amountOutMin, address[] path, address to, uint256 deadline)",12556723
12504978,1621965529,0x219f60df1931ce120417315493c92a1e025a45fe8381c1e08627c9aaf2af32a9,139,0x18f721f0b5d517f8a32cc560161e36accc1ea9a8b026281161ab83fb0f1b41b4,0x7fb842f1e807dca0e34c771be70295ac30599923,0x85ba591b3444ed01b5d7f8cebdb897494709bbdc,0x198ad6c547d20d70f2f656a4f48e6c7cfb7b4325,55200421216950846230,Dopex Governance Token,DPX,18,200,164457,54000000000,113528,14474426,deprecated,0x7ff36ab5,"swapExactETHForTokens(uint256 amountOutMin, address[] path, address to, uint256 deadline)",12556723
12504980,1621965581,0xac0b75c6d07e29915b3f55a85fc9102aa3e26b459a42581664a9453b84f64cf5,140,0xef4bcf95954f56620312792a330be11733b5e60a1e1357503dd83a4d0dd1ada8,0x7fb842f1e807dca0e34c771be70295ac30599923,0x85ba591b3444ed01b5d7f8cebdb897494709bbdc,0xbd9f549645e4d8eae78f94c3a1f3a03f5bc46bd4,96786991763095723780,Dopex Governance Token,DPX,18,118,164457,54000000000,123944,10494903,deprecated,0x7ff36ab5,"swapExactETHForTokens(uint256 amountOutMin, address[] path, address to, uint256 deadline)",12556721
12504980,1621965581,0xc05d61867c893305c147ede58dbdbf546b3efe02744c74b4d5f0087aa06b74af,141,0xef4bcf95954f56620312792a330be11733b5e60a1e1357503dd83a4d0dd1ada8,0x7fb842f1e807dca0e34c771be70295ac30599923,0x85ba591b3444ed01b5d7f8cebdb897494709bbdc,0x67e8472cbfae3824f5e2e57fdcdcefd2409c6305,69115288776656210605,Dopex Governance Token,DPX,18,126,164457,54000000000,113528,10787282,deprecated,0x7ff36ab5,"swapExactETHForTokens(uint256 amountOutMin, address[] path, address to, uint256 deadline)",12556721
12504980,1621965581,0xe732b563d54b13d13ae88ef44183752aefe2bfd94b2c52584d8594d7b3b155a7,142,0xef4bcf95954f56620312792a330be11733b5e60a1e1357503dd83a4d0dd1ada8,0x7fb842f1e807dca0e34c771be70295ac30599923,0x85ba591b3444ed01b5d7f8cebdb897494709bbdc,0xca6dc73b9a12d86a949703784614956c351b06d8,96236908241935122790,Dopex Governance Token,DPX,18,138,164457,54000000000,113528,11202931,deprecated,0x7ff36ab5,"swapExactETHForTokens(uint256 amountOutMin, address[] path, address to, uint256 deadline)",12556721
12504980,1621965581,0x0ca52b8454f43934d26b49de6042eaaa48e64a35311d29d5dbea0297dab27c5e,143,0xef4bcf95954f56620312792a330be11733b5e60a1e1357503dd83a4d0dd1ada8,0x7fb842f1e807dca0e34c771be70295ac30599923,0x85ba591b3444ed01b5d7f8cebdb897494709bbdc,0xb64e8d85c11caa280a15bd6bf8731c0cff6db2b0,158791586733733453659,Dopex Governance Token,DPX,18,139,164457,59000000000,113528,11316459,deprecated,0x7ff36ab5,"swapExactETHForTokens(uint256 amountOutMin, address[] path, address to, uint256 deadline)",12556721
12504984,1621965592,0x120c6f5941b5f8f3457a1b3ae882c37ec07440718902040e5f9006f941f065ca,144,0x96bf558419d843fe148f2dc274e5a6d39645d4737c1fb8c60b73260bd831e878,0x7fb842f1e807dca0e34c771be70295ac30599923,0x85ba591b3444ed01b5d7f8cebdb897494709bbdc,0xf30026fe8a2c0d01b70b1949ceaf2e09efd8b4a5,44823315444495265023,Dopex Governance Token,DPX,18,41,164444,59000000000,123932,3669427,deprecated,0x7ff36ab5,"swapExactETHForTokens(uint256 amountOutMin, address[] path, address to, uint256 deadline)",12556717
12504985,1621965600,0xa44b40d34407f4a9e21b950b1fc41fcbb8360de529e5581ade596a8deb5124b2,145,0x7d75285d5ce353f904d637d15678eea99a6070767dc6e1e474b7d16c08e3b9c8,0x7fb842f1e807dca0e34c771be70295ac30599923,0x85ba591b3444ed01b5d7f8cebdb897494709bbdc,0x39415255619783a2e71fcf7d8f708a951d92e1b6,94926850006919973448,Dopex Governance Token,DPX,18,193,164457,59000000000,123944,14088877,deprecated,0x7ff36ab5,"swapExactETHForTokens(uint256 amountOutMin, address[] path, address to, uint256 deadline)",12556716
12504987,1621965621,0x0d056e3a7cda29cfd9fac7764cd7bd1483d79f63fa204b05a31cab9c14e31aab,146,0x2b25c21f9922128b5b0d0ea0b44f4f89d1567893e28a3512a93e411184e77378,0x7fb842f1e807dca0e34c771be70295ac30599923,0x85ba591b3444ed01b5d7f8cebdb897494709bbdc,0xfb205916582c0fe14850090d7392ab5d0a1d29f1,53380204828661750704,Dopex Governance Token,DPX,18,31,152817,59000000000,123944,2510255,deprecated,0x7ff36ab5,"swapExactETHForTokens(uint256 amountOutMin, address[] path, address to, uint256 deadline)",12556714
12504988,1621965625,0x1b10fbbb722a4c7a8900ce0b293b1fbd84602641031078f6b9bcfad516e1a912,147,0xc5e287ffc32c95b19b3a0111bb3266793c6eb4803698d918d8233bc303e8ce8f,0x7fb842f1e807dca0e34c771be70295ac30599923,0x85ba591b3444ed01b5d7f8cebdb897494709bbdc,0x9ed629bc305c5731d43de27cbbe8f77976893c2b,137986429194191169469,Dopex Governance Token,DPX,18,88,152817,59000000000,123944,6658057,deprecated,0x7ff36ab5,"swapExactETHForTokens(uint256 amountOutMin, address[] path, address to, uint256 deadline)",12556713
12504989,1621965635,0xfe8658723630c28daa56de75025ef1e2ea21380eea91874455da88e5f14dead3,148,0x6abb7e25c4a13ff3e0b6a5d71742ff5da1798d2e5de189df02e1aa2dc60ca206,0x7fb842f1e807dca0e34c771be70295ac30599923,0x85ba591b3444ed01b5d7f8cebdb897494709bbdc,0x1f2091d9d5d79d0b0d4752cd458c08920e80e814,94040986200175997582,Dopex Governance Token,DPX,18,117,152817,59000000000,123944,7080707,deprecated,0x7ff36ab5,"swapExactETHForTokens(uint256 amountOutMin, address[] path, address to, uint256 deadline)",12556712
12504990,1621965651,0xbf3048e680a35c1d2b2608624a26790835809071470043b11932d63b9cddd564,149,0xb7304d12ddba316593f2326b6474c1865d2b2ee15c072133b784833638da2afe,0x7fb842f1e807dca0e34c771be70295ac30599923,0x85ba591b3444ed01b5d7f8cebdb897494709bbdc,0x1f2091d9d5d79d0b0d4752cd458c08920e80e814,46352341901120215296,Dopex Governance Token,DPX,18,77,152817,59000000000,106844,6083432,deprecated,0x7ff36ab5,"swapExactETHForTokens(uint256 amountOutMin, address[] path, address to, uint256 deadline)",12556711
12504992,1621965657,0xc5593eef173717d92814a1d750d5963b0c14476a9502fc2708b5f3adb2e0befa,150,0xd2cce1c07fd29daace5fef8f0389a466beb9e7e9e8ea86e9494619d2426c3051,0x7fb842f1e807dca0e34c771be70295ac30599923,0x85ba591b3444ed01b5d7f8cebdb897494709bbdc,0x469deb39c6415d943b09cfca3a4f9494a84f9d61,118915060639358011099,Dopex Governance Token,DPX,18,108,152817,61000000000,123944,6706476,deprecated,0x7ff36ab5,"swapExactETHForTokens(uint256 amountOutMin, address[] path, address to, uint256 deadline)",12556709
12504993,1621965672,0x44693d18fc8fefe37b7df3467cfb5b4f780ddd07bbff7a17957ebe294048307d,151,0x3be9397003920af1806e9b8155c2d89bda62617ee68e9f49fd202027dc7c0569,0x7fb842f1e807dca0e34c771be70295ac30599923,0x85ba591b3444ed01b5d7f8cebdb897494709bbdc,0x9db49649d1d237138e7689d013348a906f20a742,74794591593398922782,Dopex Governance Token,DPX,18,66,152817,61000000000,123944,3728951,deprecated,0x7ff36ab5,"swapExactETHForTokens(uint256 amountOutMin, address[] path, address to, uint256 deadline)",12556708
12504993,1621965672,0xc2c8583010280e8a1cb2f33fffc0bd80ca5a5474b2c32cd85478f55663128c88,152,0x3be9397003920af1806e9b8155c2d89bda62617ee68e9f49fd202027dc7c0569,0x7fb842f1e807dca0e34c771be70295ac30599923,0x85ba591b3444ed01b5d7f8cebdb897494709bbdc,0xdc162eb6648547b15700a3c5d2ee86ac3b4248e1,38116201079342497869,Dopex Governance Token,DPX,18,67,164444,61000000000,113516,3842467,deprecated,0x7ff36ab5,"swapExactETHForTokens(uint256 amountOutMin, address[] path, address to, uint256 deadline)",12556708
12504993,1621965672,0xd278c3dd1ef893f426bd81cc0776e9f85375f024be406fc748b0b85c1b3a3c6a,153,0x3be9397003920af1806e9b8155c2d89bda62617ee68e9f49fd202027dc7c0569,0x7fb842f1e807dca0e34c771be70295ac30599923,0x85ba591b3444ed01b5d7f8cebdb897494709bbdc,0x0cdf00bc7e1e59f2d46dd92baa56e01aa95c5943,76981194296194513802,Dopex Governance Token,DPX,18,68,152804,61000000000,113516,3955983,deprecated,0x7ff36ab5,"swapExactETHForTokens(uint256 amountOutMin, address[] path, address to, uint256 deadline)",12556708
12504993,1621965672,0x4e4dbe29faabaccf5970367dd4a956ab0a1ffd6d18625725533b7d001392d7ee,154,0x3be9397003920af1806e9b8155c2d89bda62617ee68e9f49fd202027dc7c0569,0x7fb842f1e807dca0e34c771be70295ac30599923,0x85ba591b3444ed01b5d7f8cebdb897494709bbdc,0xc0819e1e01204bcb9cb5a0a3be826afedad6edef,92009436576070076573,Dopex Governance Token,DPX,18,69,152817,61000000000,113528,4069511,deprecated,0x7ff36ab5,"swapExactETHForTokens(uint256 amountOutMin, address[] path, address to, uint256 deadline)",12556708
12504995,1621965692,0xdbfa7b31e5a58cf2dabf7991f7c54d8bd54bc20f83cdfd7620fdf5445206b8e8,155,0x259f3bed095bf05784fcf9cb9e56a58d665fb2b8940fc7a94801b225de6c3f31,0x7fb842f1e807dca0e34c771be70295ac30599923,0x85ba591b3444ed01b5d7f8cebdb897494709bbdc,0xd9b012a168fb6c1b71c24db8cee1a256b3caa2a2,115875119690848824238,Dopex Governance Token,DPX,18,102,164457,61000000000,123944,8078449,deprecated,0x7ff36ab5,"swapExactETHForTokens(uint256 amountOutMin, address[] path, address to, uint256 deadline)",12556706
12504995,1621965692,0x2e24f1343af4632a62abcef7470d4368ed78c52703e0329648cf38f666e821ac,156,0x259f3bed095bf05784fcf9cb9e56a58d665fb2b8940fc7a94801b225de6c3f31,0x7fb842f1e807dca0e34c771be70295ac30599923,0x85ba591b3444ed01b5d7f8cebdb897494709bbdc,0x7d10f6dade3ca5be47e6048da2ad74d0a3abe520,102302401273580960227,Dopex Governance Token,DPX,18,103,164457,61000000000,113528,8191977,deprecated,0x7ff36ab5,"swapExactETHForTokens(uint256 amountOutMin, address[] path, address to, uint256 deadline)",12556706
12504998,1621965744,0xa41839c2c083f753f8332c286ab829550fd8f471657015919c36cd6ea73f5f22,157,0xd4267206926cf634e0d39a69188f4758f241de5aa517ef27e4d92b04527e8c8f,0x7fb842f1e807dca0e34c771be70295ac30599923,0x85ba591b3444ed01b5d7f8cebdb897494709bbdc,0xc7b9543c3cc05f74009ec07b9ca1361d64ccadf5,78016199794939636040,Dopex Governance Token,DPX,18,178,152804,53000000000,123932,11827721,deprecated,0x7ff36ab5,"swapExactETHForTokens(uint256 amountOutMin, address[] path, address to, uint256 deadline)",12556703
12504998,1621965744,0xcfd7fdc006dfeab78e7000d71f5b2bd2807e97fa967d4ddba617e6d0da0fa267,158,0xd4267206926cf634e0d39a69188f4758f241de5aa517ef27e4d92b04527e8c8f,0x7fb842f1e807dca0e34c771be70295ac30599923,0x85ba591b3444ed01b5d7f8cebdb897494709bbdc,0x79dbd1baf124edd4205b2aba56c29bf3914c8ed0,44581999444291757277,Dopex Governance Token,DPX,18,179,152817,53000000000,113528,11941249,deprecated,0x7ff36ab5,"swapExactETHForTokens(uint256 amountOutMin, address[] path, address to, uint256 deadline)",12556703
12504998,1621965744,0x8eb6b3dcd31ffd198b3c7ac2b94fc4857eda81be9a6fd09792858399fa4040a5,159,0xd4267206926cf634e0d39a69188f4758f241de5aa517ef27e4d92b04527e8c8f,0x7fb842f1e807dca0e34c771be70295ac30599923,0x85ba591b3444ed01b5d7f8cebdb897494709bbdc,0xd6216fc19db775df9774a6e33526131da7d19a2c,77758735256767258063,Dopex Governance Token,DPX,18,180,152817,53000000000,113528,12054777,deprecated,0x7ff36ab5,"swapExactETHForTokens(uint256 amountOutMin, address[] path, address to, uint256 deadline)",12556703
12504998,1621965744,0x842c7945c67b242c3c66eb5107fe5ed9209bc227038bc44a0f25cb6d6758baa1,160,0xd4267206926cf634e0d39a69188f4758f241de5aa517ef27e4d92b04527e8c8f,0x7fb842f1e807dca0e34c771be70295ac30599923,0x85ba591b3444ed01b5d7f8cebdb897494709bbdc,0x8e04af7f7c76daa9ab429b1340e0327b5b835748,64684192222309852693,Dopex Governance Token,DPX,18,182,152817,53000000000,113528,12214856,deprecated,0x7ff36ab5,"swapExactETHForTokens(uint256 amountOutMin, address[] path, address to, uint256 deadline)",12556703
12504998,1621965744,0x09ff8f0bfd1fa2b877716312f64d07a3f12ad2e01908471e022a696d53c78b74,161,0xd4267206926cf634e0d39a69188f4758f241de5aa517ef27e4d92b04527e8c8f,0x7fb842f1e807dca0e34c771be70295ac30599923,0x85ba591b3444ed01b5d7f8cebdb897494709bbdc,0x1b7a52a8902d07571d4eb862c0c9e6fa00f7459d,118836212235023340257,Dopex Governance Token,DPX,18,185,164444,53000000000,113516,12675739,deprecated,0x7ff36ab5,"swapExactETHForTokens(uint256 amountOutMin, address[] path, address to, uint256 deadline)",12556703
12505002,1621965816,0x4a76f95c773703fcb2c84ea812755f6d5e9c0d3d9f39a2be36187869216a744e,162,0x6014432d0e28de9c45a513125ec57ff85ee5f6b0d8aa2f5e0be58c7ea9fc00a8,0x7fb842f1e807dca0e34c771be70295ac30599923,0x85ba591b3444ed01b5d7f8cebdb897494709bbdc,0xc6b3d5bc8562d531cf3e963f1083097ce3cec4bc,98664116585272960041,Dopex Governance Token,DPX,18,313,164457,53000000000,123944,10009311,deprecated,0x7ff36ab5,"swapExactETHForTokens(uint256 amountOutMin, address[] path, address to, uint256 deadline)",12556699
12505002,1621965816,0x8fdc8f1b1a5652d35bc29c3487c3eb6fe9cc2a0543e02ebbe6f8e11428bed12f,163,0x6014432d0e28de9c45a513125ec57ff85ee5f6b0d8aa2f5e0be58c7ea9fc00a8,0x7fb842f1e807dca0e34c771be70295ac30599923,0x85ba591b3444ed01b5d7f8cebdb897494709bbdc,0xf7b10d603907658f690da534e9b7dbc4dab3e2d6,63899578323445510392,Dopex Governance Token,DPX,18,314,152817,53000000000,113528,10122839,deprecated,0x7ff36ab5,"swapExactETHForTokens(uint256 amountOutMin, address[] path, address to, uint256 deadline)",12556699
12505002,1621965816,0x84892be7d128f8ed4e3647fe4362785dbabd3565083b0edb3224ac4e913f4411,164,0x6014432d0e28de9c45a513125ec57ff85ee5f6b0d8aa2f5e0be58c7ea9fc00a8,0x7fb842f1e807dca0e34c771be70295ac30599923,0x85ba591b3444ed01b5d7f8cebdb897494709bbdc,0xad9f9194c68bd83250a534a7da574687e1f102ff,168895640871634581859,Dopex Governance Token,DPX,18,315,164457,63000000000,113528,10236367,deprecated,0x7ff36ab5,"swapExactETHForTokens(uint256 amountOutMin, address[] path, address to, uint256 deadline)",12556699
12505002,1621965816,0x5a23cba7e1711167afd2c8b795406af43f00d8e6023e0527f958a25f271e5777,165,0x6014432d0e28de9c45a513125ec57ff85ee5f6b0d8aa2f5e0be58c7ea9fc00a8,0x7fb842f1e807dca0e34c771be70295ac30599923,0x85ba591b3444ed01b5d7f8cebdb897494709bbdc,0xf1fb5dea21337feb46963c29d04a95f6ca8b71e6,122850362583425852571,Dopex Governance Token,DPX,18,316,164457,63000000000,113528,10349895,deprecated,0x7ff36ab5,"swapExactETHForTokens(uint256 amountOutMin, address[] path, address to, uint256 deadline)",12556699
12505004,1621965839,0x7d63c0181181e03339a1386c1b761881fb7725740734cfd3c1660acf85ce077f,166,0xbb23a4ba5656e982beda72f1a3f30ef0e0f7f6799351587814f9247b93b98ae9,0x7fb842f1e807dca0e34c771be70295ac30599923,0x85ba591b3444ed01b5d7f8cebdb897494709bbdc,0x65c684f163d59e83baeacae6e0c8bf1bf55f6d99,28161693246641157937,Dopex Governance Token,DPX,18,127,164457,63000000000,123944,8175144,deprecated,0x7ff36ab5,"swapExactETHForTokens(uint256 amountOutMin, address[] path, address to, uint256 deadline)",12556697
12505011,1621965910,0x76358cdcb5fa3e35cd1e9365e52f02daffa2cc02f20fd916e69771ed2f079006,167,0xfd2aeb6724c53e7cac901837426d4832445c4a4a9ecd6b1af60108e620e3659d,0x7fb842f1e807dca0e34c771be70295ac30599923,0x85ba591b3444ed01b5d7f8cebdb897494709bbdc,0x9f93df42c59c2a638a714d4a0d4beede40e7750b,84317229938287441179,Dopex Governance Token,DPX,18,71,164457,62000000000,123944,3337986,deprecated,0x7ff36ab5,"swapExactETHForTokens(uint256 amountOutMin, address[] path, address to, uint256 deadline)",12556690
12505011,1621965910,0xe56ccf105c20e81d2e8b2309b81c01301a2ad02fa8e622d8e4b011902dd5d66f,168,0xfd2aeb6724c53e7cac901837426d4832445c4a4a9ecd6b1af60108e620e3659d,0x7fb842f1e807dca0e34c771be70295ac30599923,0x85ba591b3444ed01b5d7f8cebdb897494709bbdc,0x5ed3e0892f293d8aebb526bd7ec6a094f913f7f0,126256300271868640333,Dopex Governance Token,DPX,18,72,164457,62000000000,113528,3451514,deprecated,0x7ff36ab5,"swapExactETHForTokens(uint256 amountOutMin, address[] path, address to, uint256 deadline)",12556690
12505011,1621965910,0x8330be0326edf17b21316aef35cd6138d9345fb0612f512a980b4fa28d5cc641,169,0xfd2aeb6724c53e7cac901837426d4832445c4a4a9ecd6b1af60108e620e3659d,0x7fb842f1e807dca0e34c771be70295ac30599923,0x85ba591b3444ed01b5d7f8cebdb897494709bbdc,0xae73ad7ad5c7f5ff598eb193a80f5b1d4930a3ea,40676941277694779682,Dopex Governance Token,DPX,18,73,164457,62000000000,113528,3565042,deprecated,0x7ff36ab5,"swapExactETHForTokens(uint256 amountOutMin, address[] path, address to, uint256 deadline)",12556690
12505012,1621965918,0x370e7b04e537199a8d185f198e7c09eddd97948aa9d28310907d37808fba354e,170,0xe33d7658a9199f446f0589c7dd45ff41f3ab7cd731734fd264ea2a83a86ee94b,0x7fb842f1e807dca0e34c771be70295ac30599923,0x85ba591b3444ed01b5d7f8cebdb897494709bbdc,0x32b21cf35bb38b2304914bb256da77f12b9ae825,23735177556497725061,Dopex Governance Token,DPX,18,69,164444,62000000000,123932,2543402,deprecated,0x7ff36ab5,"swapExactETHForTokens(uint256 amountOutMin, address[] path, address to, uint256 deadline)",12556689
12505016,1621965958,0xf6fa1551afb5a924ed99854a8660ce492c9ab92f84ac8d96ed31f112c4df8c6a,171,0x7d3f260faa3b6220ed63060a75d9badc46d373a063cb88a9642ff9e380db5b85,0x7fb842f1e807dca0e34c771be70295ac30599923,0x85ba591b3444ed01b5d7f8cebdb897494709bbdc,0x21c30d17d9e61ce139dfd2a3d167c5752246b938,68509463142296802419,Dopex Governance Token,DPX,18,69,164457,62000000000,123944,3900085,deprecated,0x7ff36ab5,"swapExactETHForTokens(uint256 amountOutMin, address[] path, address to, uint256 deadline)",12556685
12505016,1621965958,0x5c0e5851eb220f1346110046c2094008093ed9c0378f07dd50dad6258d7d02a9,172,0x7d3f260faa3b6220ed63060a75d9badc46d373a063cb88a9642ff9e380db5b85,0x7fb842f1e807dca0e34c771be70295ac30599923,0x85ba591b3444ed01b5d7f8cebdb897494709bbdc,0x8d224e6ed387ab13a2b4e17af326713e9a9a1215,36315506338451119742,Dopex Governance Token,DPX,18,70,152817,62000000000,113528,4013613,deprecated,0x7ff36ab5,"swapExactETHForTokens(uint256 amountOutMin, address[] path, address to, uint256 deadline)",12556685
12505016,1621965958,0x1a479c0f5f378198b88fba98f634c25f9e6ce50598d64957b686fa7dff897870,173,0x7d3f260faa3b6220ed63060a75d9badc46d373a063cb88a9642ff9e380db5b85,0x7fb842f1e807dca0e34c771be70295ac30599923,0x85ba591b3444ed01b5d7f8cebdb897494709bbdc,0xd793744223489017cae09521db61b1ad93f73ed8,113190927921569334573,Dopex Governance Token,DPX,18,71,152817,62000000000,113528,4127141,deprecated,0x7ff36ab5,"swapExactETHForTokens(uint256 amountOutMin, address[] path, address to, uint256 deadline)",12556685
12505016,1621965958,0x303f6ec6791ade210fe3244cbfdfd6b0e3fadf278fe0ede93311710291492aad,174,0x7d3f260faa3b6220ed63060a75d9badc46d373a063cb88a9642ff9e380db5b85,0x7fb842f1e807dca0e34c771be70295ac30599923,0x85ba591b3444ed01b5d7f8cebdb897494709bbdc,0xbc90b3ce40fc3ed921d910f3e046c65954fff7cb,155019977190924975596,Dopex Governance Token,DPX,18,165,164457,54000000000,113528,8847252,deprecated,0x7ff36ab5,"swapExactETHForTokens(uint256 amountOutMin, address[] path, address to, uint256 deadline)",12556685
12505018,1621965990,0xfa98304f4fd259be4e3cb664138fe21344bfc3b9c7edc394b3375bb088afe924,175,0x5c08377697057c863397152366972991021acd020f41ab6d1e674a8fc929054c,0x7fb842f1e807dca0e34c771be70295ac30599923,0x85ba591b3444ed01b5d7f8cebdb897494709bbdc,0x4e60be84870fe6ae350b563a121042396abe1eaf,66290590463163145147,Dopex Governance Token,DPX,18,97,164457,54000000000,123944,7904552,deprecated,0x7ff36ab5,"swapExactETHForTokens(uint256 amountOutMin, address[] path, address to, uint256 deadline)",12556683
12505018,1621965990,0x9acbfeef4188ae44dae80b91da575f8c9e793bce683165989b9998e5d2561f96,176,0x5c08377697057c863397152366972991021acd020f41ab6d1e674a8fc929054c,0x7fb842f1e807dca0e34c771be70295ac30599923,0x85ba591b3444ed01b5d7f8cebdb897494709bbdc,0xbbd78233f019e3774baa601b613cea31bbddd4bf,97949098970925954098,Dopex Governance Token,DPX,18,98,164457,54000000000,113528,8018080,deprecated,0x7ff36ab5,"swapExactETHForTokens(uint256 amountOutMin, address[] path, address to, uint256 deadline)",12556683
12505019,1621965995,0x6b8a196bb44c53ed6d030e4266d62268c6979608007ccd7154e082064f273d1c,77,0xdcffe5d5a170805ad7db6d74482350f530f5409d31fa074990f51e3f41213bbd,0x7fb842f1e807dca0e34c771be70295ac30599923,0x85ba591b3444ed01b5d7f8cebdb897494709bbdc,0xabbea9019304ba0ece791d03cbf55bd56d253ce9,39702169387800022489,Dopex Governance Token,DPX,18,146,164457,45250000337,123944,14665703,deprecated,0x7ff36ab5,"swapExactETHForTokens(uint256 amountOutMin, address[] path, address to, uint256 deadline)",12556682
12505020,1621966004,0xe8d573c54156145e03f52973678e705d0d4b269c09dabc2c3b74f3c536583722,245,0x5b129f7de46d6f5db6970e19cdbecdc427f67e0e356687f2a741f73b4ab195ae,0x7fb842f1e807dca0e34c771be70295ac30599923,0x85ba591b3444ed01b5d7f8cebdb897494709bbdc,0x883fb0f3031b688e8bb8c62072ed79c11be9091c,686467313274280230164,Dopex Governance Token,DPX,18,93,166710,66000000000,123944,5519682,deprecated,0x7ff36ab5,"swapExactETHForTokens(uint256 amountOutMin, address[] path, address to, uint256 deadline)",12556681
12505020,1621966004,0x60d66530f83ef3f1c308a5dcb775271234f7cda9bb9e206c583d1c88df557aed,177,0x5b129f7de46d6f5db6970e19cdbecdc427f67e0e356687f2a741f73b4ab195ae,0x7fb842f1e807dca0e34c771be70295ac30599923,0x85ba591b3444ed01b5d7f8cebdb897494709bbdc,0x8873e590a918b4b72517c84c7f9e6201c79a1ace,44538603285040363149,Dopex Governance Token,DPX,18,286,152817,54000000000,113528,14862682,deprecated,0x7ff36ab5,"swapExactETHForTokens(uint256 amountOutMin, address[] path, address to, uint256 deadline)",12556681
12505029,1621966092,0x108c2bda658edde2fc7619b66946a71f3a67667cd6b07feea3d9c89a64492e89,178,0xf577fcaa2b6fb5909e58ff3c9a0570962e68e8b2006a7a353b68af094555dd96,0x7fb842f1e807dca0e34c771be70295ac30599923,0x85ba591b3444ed01b5d7f8cebdb897494709bbdc,0xf0f17b61f2f66cfeea93f6ac7f3f229b31adc335,77083985830172796749,Dopex Governance Token,DPX,18,113,164457,54000000000,123944,5772438,deprecated,0x7ff36ab5,"swapExactETHForTokens(uint256 amountOutMin, address[] path, address to, uint256 deadline)",12556672
12505029,1621966092,0xfd4be0d08584b58c9c2e07a08b91799233f6a37c93eebeb1b3f4719ff4d16ff2,179,0xf577fcaa2b6fb5909e58ff3c9a0570962e68e8b2006a7a353b68af094555dd96,0x7fb842f1e807dca0e34c771be70295ac30599923,0x85ba591b3444ed01b5d7f8cebdb897494709bbdc,0x27cc4d6bc95b55a3a981bf1f1c7261cda7bb0931,61006271910964686544,Dopex Governance Token,DPX,18,114,152817,54000000000,113528,5885966,deprecated,0x7ff36ab5,"swapExactETHForTokens(uint256 amountOutMin, address[] path, address to, uint256 deadline)",12556672
12505029,1621966092,0xb2ec98640ed1255734c561fce40dcc7988ecb104d7d6d359621cea6356344206,180,0xf577fcaa2b6fb5909e58ff3c9a0570962e68e8b2006a7a353b68af094555dd96,0x7fb842f1e807dca0e34c771be70295ac30599923,0x85ba591b3444ed01b5d7f8cebdb897494709bbdc,0x083fc10ce7e97cafbae0fe332a9c4384c5f54e45,43252349942950287693,Dopex Governance Token,DPX,18,116,152817,54000000000,113528,6133823,deprecated,0x7ff36ab5,"swapExactETHForTokens(uint256 amountOutMin, address[] path, address to, uint256 deadline)",12556672
12505030,1621966099,0x4250407c634981aaca80dff225583a7154a3e90532d5c24137ad9916076e87e2,181,0xc5f85baf05191e94513c1a4738dd0af05b0ce4a2ab7f73810b440de0ff9ebe37,0x7fb842f1e807dca0e34c771be70295ac30599923,0x85ba591b3444ed01b5d7f8cebdb897494709bbdc,0x635b230c3fdf6a466bb6dc3b9b51a8ceb0659b67,100771004717048835952,Dopex Governance Token,DPX,18,45,152817,61000000000,123944,2270426,deprecated,0x7ff36ab5,"swapExactETHForTokens(uint256 amountOutMin, address[] path, address to, uint256 deadline)",12556671
12505030,1621966099,0xed1286a668b0dba419d76b7e9ff0db461172c549a08671b61bc9cef8e4d7b492,182,0xc5f85baf05191e94513c1a4738dd0af05b0ce4a2ab7f73810b440de0ff9ebe37,0x7fb842f1e807dca0e34c771be70295ac30599923,0x85ba591b3444ed01b5d7f8cebdb897494709bbdc,0x6061a574230d149ddfaf7e7527a7d4b6e03d6f8e,71269369845773785213,Dopex Governance Token,DPX,18,47,152817,61000000000,113528,2536708,deprecated,0x7ff36ab5,"swapExactETHForTokens(uint256 amountOutMin, address[] path, address to, uint256 deadline)",12556671
12505032,1621966116,0xed2ad90f5412e5c6d9c0413ba334c4d0d406443b50b15248b809ed0ae482c819,183,0xe39a323549779408ea52b0b089a5fb188b1a7b210f00fc7653dabf876ace66e5,0x7fb842f1e807dca0e34c771be70295ac30599923,0x85ba591b3444ed01b5d7f8cebdb897494709bbdc,0xc546e5c769503fbab1326d9bb94ba200fe2d835f,13278499879869035194,Dopex Governance Token,DPX,18,63,164431,61000000000,123920,3804014,deprecated,0x7ff36ab5,"swapExactETHForTokens(uint256 amountOutMin, address[] path, address to, uint256 deadline)",12556669
12505032,1621966116,0x186e4b86c8dd85cbae976a23def0e484144c2463f8f9a4d11809ee3d62edc978,184,0xe39a323549779408ea52b0b089a5fb188b1a7b210f00fc7653dabf876ace66e5,0x7fb842f1e807dca0e34c771be70295ac30599923,0x85ba591b3444ed01b5d7f8cebdb897494709bbdc,0x7a16ff8270133f063aab6c9977183d9e72835428,41151849327879817633,Dopex Governance Token,DPX,18,64,164457,61000000000,113528,3917542,deprecated,0x7ff36ab5,"swapExactETHForTokens(uint256 amountOutMin, address[] path, address to, uint256 deadline)",12556669
12505033,1621966129,0xf3a13dd055f491e584b6466cbacd35bb046dbf978668e1e8f14bee5bfaae0f14,185,0x4463d8c3a67fbef8807c63f2bd822cecba690dbb20eb5103ed697b25ac1fa402,0x7fb842f1e807dca0e34c771be70295ac30599923,0x85ba591b3444ed01b5d7f8cebdb897494709bbdc,0x9d178b45abd8744dcba3f35a6845e4a10abfa99d,51426298735958557472,Dopex Governance Token,DPX,18,147,164457,61000000000,123944,6440906,deprecated,0x7ff36ab5,"swapExactETHForTokens(uint256 amountOutMin, address[] path, address to, uint256 deadline)",12556668
12505033,1621966129,0x5912dbfd1f3f3d2b877153ee9b937ae8b203bb4bba78922cdec9720e09e1a0b8,186,0x4463d8c3a67fbef8807c63f2bd822cecba690dbb20eb5103ed697b25ac1fa402,0x7fb842f1e807dca0e34c771be70295ac30599923,0x85ba591b3444ed01b5d7f8cebdb897494709bbdc,0x0548f59fee79f8832c299e01dca5c76f034f558e,99330151073927347711,Dopex Governance Token,DPX,18,149,164457,61000000000,113528,6600986,deprecated,0x7ff36ab5,"swapExactETHForTokens(uint256 amountOutMin, address[] path, address to, uint256 deadline)",12556668
12505038,1621966213,0x7b15c98fec62e2874bcc735a7a3ec052bcc5e60f376a17cdad3a4fc6c2c7e60f,187,0x1d52c4550690a55805018211381d40a23791c896eeff7cbc2fa9913ef392e0ce,0x7fb842f1e807dca0e34c771be70295ac30599923,0x85ba591b3444ed01b5d7f8cebdb897494709bbdc,0x37a08c61dee9de8e4a2f10cb49b2016e35a780b7,81102015932592158423,Dopex Governance Token,DPX,18,60,164457,61000000000,123944,2865750,deprecated,0x7ff36ab5,"swapExactETHForTokens(uint256 amountOutMin, address[] path, address to, uint256 deadline)",12556663
12505038,1621966213,0xfc0f484daa09c80f15141f01a765992b80b6c1b623b5c35ec6a3dfb32552516c,188,0x1d52c4550690a55805018211381d40a23791c896eeff7cbc2fa9913ef392e0ce,0x7fb842f1e807dca0e34c771be70295ac30599923,0x85ba591b3444ed01b5d7f8cebdb897494709bbdc,0xb4473cfeedc9a0e94612c6ce883677b63f830db8,54842688472569620154,Dopex Governance Token,DPX,18,124,152817,54000000000,113528,9053481,deprecated,0x7ff36ab5,"swapExactETHForTokens(uint256 amountOutMin, address[] path, address to, uint256 deadline)",12556663
12505038,1621966213,0x0f54982f445ee41afaf499d0da1ea56f6c72ae532e35448c86f14c6c7e1ef960,189,0x1d52c4550690a55805018211381d40a23791c896eeff7cbc2fa9913ef392e0ce,0x7fb842f1e807dca0e34c771be70295ac30599923,0x85ba591b3444ed01b5d7f8cebdb897494709bbdc,0x985cb8d1db2db971071aacf6222df421538332d7,42641966243036319784,Dopex Governance Token,DPX,18,125,164457,54000000000,113528,9167009,deprecated,0x7ff36ab5,"swapExactETHForTokens(uint256 amountOutMin, address[] path, address to, uint256 deadline)",12556663
12505038,1621966213,0xbdb6a6f943e2eb4f0ac72dabc735b25e65742088604d137e01c5f500ffb15bb6,190,0x1d52c4550690a55805018211381d40a23791c896eeff7cbc2fa9913ef392e0ce,0x7fb842f1e807dca0e34c771be70295ac30599923,0x85ba591b3444ed01b5d7f8cebdb897494709bbdc,0xc8482e19c3fcd56b499d376ab1aad069442ba0cb,104634786726554889556,Dopex Governance Token,DPX,18,126,152804,54000000000,113516,9280525,deprecated,0x7ff36ab5,"swapExactETHForTokens(uint256 amountOutMin, address[] path, address to, uint256 deadline)",12556663
12505038,1621966213,0x595f0bd83709a778c7bdfbb5d1ccd7bf079fbbe74f3f10e11e147546392347a1,191,0x1d52c4550690a55805018211381d40a23791c896eeff7cbc2fa9913ef392e0ce,0x7fb842f1e807dca0e34c771be70295ac30599923,0x85ba591b3444ed01b5d7f8cebdb897494709bbdc,0x6621295a7fadd3ab78ae6915502bd50fdd5a1491,138997195959145575885,Dopex Governance Token,DPX,18,127,152817,54000000000,113528,9394053,deprecated,0x7ff36ab5,"swapExactETHForTokens(uint256 amountOutMin, address[] path, address to, uint256 deadline)",12556663
12505038,1621966213,0xc1461c2af5d01fb20d022d012b067a7b2714dd582750aa7c51ce1e7853789ecf,192,0x1d52c4550690a55805018211381d40a23791c896eeff7cbc2fa9913ef392e0ce,0x7fb842f1e807dca0e34c771be70295ac30599923,0x85ba591b3444ed01b5d7f8cebdb897494709bbdc,0xc9ab8328252ac17ea465fcde80093ad110e17da7,168079455814422918354,Dopex Governance Token,DPX,18,128,152817,54000000000,113528,9507581,deprecated,0x7ff36ab5,"swapExactETHForTokens(uint256 amountOutMin, address[] path, address to, uint256 deadline)",12556663
12505038,1621966213,0xec0b5c75c9a92fa0c04618550ef3453def258c764f329435787a74f652d2dd88,193,0x1d52c4550690a55805018211381d40a23791c896eeff7cbc2fa9913ef392e0ce,0x7fb842f1e807dca0e34c771be70295ac30599923,0x85ba591b3444ed01b5d7f8cebdb897494709bbdc,0x8f3ddf567bff663d61a12a5d5f42f2e6f220f89c,80963028092854757345,Dopex Governance Token,DPX,18,129,152817,54000000000,113528,9621109,deprecated,0x7ff36ab5,"swapExactETHForTokens(uint256 amountOutMin, address[] path, address to, uint256 deadline)",12556663
12505038,1621966213,0xf108c6d0df031c088165c7db87010cbca3306d406f5686a725b68d507a7e58ac,194,0x1d52c4550690a55805018211381d40a23791c896eeff7cbc2fa9913ef392e0ce,0x7fb842f1e807dca0e34c771be70295ac30599923,0x85ba591b3444ed01b5d7f8cebdb897494709bbdc,0x600b8a34ec1cfd8b8af78cfc49708419a16ea2e8,51311141549413755262,Dopex Governance Token,DPX,18,130,152817,54000000000,113528,9734637,deprecated,0x7ff36ab5,"swapExactETHForTokens(uint256 amountOutMin, address[] path, address to, uint256 deadline)",12556663
12505038,1621966213,0x27232f31ca753ebe974b8c7f06f88cb84619fcba1799bc6ca846f96470a06102,195,0x1d52c4550690a55805018211381d40a23791c896eeff7cbc2fa9913ef392e0ce,0x7fb842f1e807dca0e34c771be70295ac30599923,0x85ba591b3444ed01b5d7f8cebdb897494709bbdc,0xae653682dee958914a82c9628de794dcbbee3d04,106595074629952331735,Dopex Governance Token,DPX,18,131,152817,54000000000,113528,9848165,deprecated,0x7ff36ab5,"swapExactETHForTokens(uint256 amountOutMin, address[] path, address to, uint256 deadline)",12556663
12505038,1621966213,0x2da6548ec3f6608d0956a0fcd40643d948006b8ecff75c470bd06e47af5637d2,196,0x1d52c4550690a55805018211381d40a23791c896eeff7cbc2fa9913ef392e0ce,0x7fb842f1e807dca0e34c771be70295ac30599923,0x85ba591b3444ed01b5d7f8cebdb897494709bbdc,0x22fa8cc33a42320385cbd3690ed60a021891cb32,79156879028003216526,Dopex Governance Token,DPX,18,132,164457,57000000000,113528,9961693,deprecated,0x7ff36ab5,"swapExactETHForTokens(uint256 amountOutMin, address[] path, address to, uint256 deadline)",12556663
12505038,1621966213,0xc9ee0fe0f04bca81f70f5d919ab006a02c542b41aef17b548704001ba668d402,197,0x1d52c4550690a55805018211381d40a23791c896eeff7cbc2fa9913ef392e0ce,0x7fb842f1e807dca0e34c771be70295ac30599923,0x85ba591b3444ed01b5d7f8cebdb897494709bbdc,0xd6ecd81da53570376a56247e867d6da3b4d27983,56322880319762969130,Dopex Governance Token,DPX,18,133,164457,57000000000,113528,10075221,deprecated,0x7ff36ab5,"swapExactETHForTokens(uint256 amountOutMin, address[] path, address to, uint256 deadline)",12556663
12505043,1621966260,0xc91c3cca8459c6a55483ea30161fa752e423d3bcdb1a6dc4bb966d6e20aec1f2,198,0x81a3b898d2d586ef0fc2ff8c8244d9bb0f1dc5f8fc313f27482c688d086fe347,0x7fb842f1e807dca0e34c771be70295ac30599923,0x85ba591b3444ed01b5d7f8cebdb897494709bbdc,0xc9ffbc03bdba99cb30461d8753e73188e31b5e4e,40716356406464136640,Dopex Governance Token,DPX,18,120,164457,57000000000,123944,6548672,deprecated,0x7ff36ab5,"swapExactETHForTokens(uint256 amountOutMin, address[] path, address to, uint256 deadline)",12556658
12505043,1621966260,0xf219bafa80abc9900b3c99bba7b2dedc5db010ef905d231777c2c4e75821a994,199,0x81a3b898d2d586ef0fc2ff8c8244d9bb0f1dc5f8fc313f27482c688d086fe347,0x7fb842f1e807dca0e34c771be70295ac30599923,0x85ba591b3444ed01b5d7f8cebdb897494709bbdc,0x211b6a1137bf539b2750e02b9e525cf5757a35ae,65526928169596332439,Dopex Governance Token,DPX,18,121,164457,57000000000,113528,6662200,deprecated,0x7ff36ab5,"swapExactETHForTokens(uint256 amountOutMin, address[] path, address to, uint256 deadline)",12556658
12505043,1621966260,0x173c39c2f238b870bfd894d27770d465c384159247d7c108693001cf11aea122,200,0x81a3b898d2d586ef0fc2ff8c8244d9bb0f1dc5f8fc313f27482c688d086fe347,0x7fb842f1e807dca0e34c771be70295ac30599923,0x85ba591b3444ed01b5d7f8cebdb897494709bbdc,0x789146f9bcf06008d18b785912410f93b26c2340,92671562661561855452,Dopex Governance Token,DPX,18,122,152817,57000000000,113528,6775728,deprecated,0x7ff36ab5,"swapExactETHForTokens(uint256 amountOutMin, address[] path, address to, uint256 deadline)",12556658
12505043,1621966260,0xd6552960c73b35901258b90971d40cd5486731575368b0f680153139869260e3,201,0x81a3b898d2d586ef0fc2ff8c8244d9bb0f1dc5f8fc313f27482c688d086fe347,0x7fb842f1e807dca0e34c771be70295ac30599923,0x85ba591b3444ed01b5d7f8cebdb897494709bbdc,0x8e4a4ebb5d1f689afaabce37eec80ba50b0748d1,131074662325540148715,Dopex Governance Token,DPX,18,123,152817,57000000000,113528,6889256,deprecated,0x7ff36ab5,"swapExactETHForTokens(uint256 amountOutMin, address[] path, address to, uint256 deadline)",12556658
12505043,1621966260,0x679db5055c796194fa2cfa0aee48109c8a7f9c1b5cd011dc6db813b0657ef2f6,202,0x81a3b898d2d586ef0fc2ff8c8244d9bb0f1dc5f8fc313f27482c688d086fe347,0x7fb842f1e807dca0e34c771be70295ac30599923,0x85ba591b3444ed01b5d7f8cebdb897494709bbdc,0xba681f15a7bacb49ccf4a6577f2b522869db90d8,71149559614656297067,Dopex Governance Token,DPX,18,124,164457,57000000000,113528,7002784,deprecated,0x7ff36ab5,"swapExactETHForTokens(uint256 amountOutMin, address[] path, address to, uint256 deadline)",12556658
12505043,1621966260,0x0587df8ee33047166291d13f920fee86885ead2f82af52171e89620b299bef2a,203,0x81a3b898d2d586ef0fc2ff8c8244d9bb0f1dc5f8fc313f27482c688d086fe347,0x7fb842f1e807dca0e34c771be70295ac30599923,0x85ba591b3444ed01b5d7f8cebdb897494709bbdc,0x02500fc3935a62eaa818fcaae1c741a1e7867b86,55906474527236146681,Dopex Governance Token,DPX,18,125,164457,57000000000,113528,7116312,deprecated,0x7ff36ab5,"swapExactETHForTokens(uint256 amountOutMin, address[] path, address to, uint256 deadline)",12556658
12505048,1621966302,0x50e47af212b366df94dd20e073b541a14be59cfc5f882f34512602cf898dcda8,204,0xfce131c1d28bd18ac2e6d4f48f2923df2843daee9b906f794ab7851ad8dd3ea3,0x7fb842f1e807dca0e34c771be70295ac30599923,0x85ba591b3444ed01b5d7f8cebdb897494709bbdc,0x74a86e072456db65cbfe4951a60d4ce607bb06f6,34677900548344556143,Dopex Governance Token,DPX,18,144,164457,57000000000,123944,9748163,deprecated,0x7ff36ab5,"swapExactETHForTokens(uint256 amountOutMin, address[] path, address to, uint256 deadline)",12556653
12505049,1621966331,0xd745eeb464fe2c09a25730fe869f1a0bb3fa9c21164a80f2454a10a3c75f9ff2,205,0x7155ba1d5b35343681e669735befc866c6dee1cfdf896abec3445fd9973c183c,0x7fb842f1e807dca0e34c771be70295ac30599923,0x85ba591b3444ed01b5d7f8cebdb897494709bbdc,0x85c447d3fc7d42b1167c7fa6ee50fdd961512b4e,111919665992895724707,Dopex Governance Token,DPX,18,125,152817,48000000000,123944,8377305,deprecated,0x7ff36ab5,"swapExactETHForTokens(uint256 amountOutMin, address[] path, address to, uint256 deadline)",12556652
12505054,1621966369,0xfdf6a45eaf08ac55c72251610f7989b9f570b7a9c45c810d2870d4f1d94665a3,206,0xda4bd910001505c1c7a577437973d25e36c32e62d9a6f8edadce931f7180a92f,0x7fb842f1e807dca0e34c771be70295ac30599923,0x85ba591b3444ed01b5d7f8cebdb897494709bbdc,0xe3786bf25e15013fdda09dbe881529d44b9ca239,23138608303565660227,Dopex Governance Token,DPX,18,198,164444,47000000000,123932,9152785,deprecated,0x7ff36ab5,"swapExactETHForTokens(uint256 amountOutMin, address[] path, address to, uint256 deadline)",12556647
12505057,1621966417,0xed2d5b63221ced03d7ea85909dfba4b95969c6ad0b70c8306d1b13e1b6da01d6,207,0x5b56168ae2cebff8efa35e3c88d8676656b8d0e7be019075035d0abae7ea8876,0x7fb842f1e807dca0e34c771be70295ac30599923,0x85ba591b3444ed01b5d7f8cebdb897494709bbdc,0x4ec7cdf61405758f5ced5e454c0b4b0f4f043df0,50526290470117055692,Dopex Governance Token,DPX,18,295,164457,47000000000,123944,12865875,deprecated,0x7ff36ab5,"swapExactETHForTokens(uint256 amountOutMin, address[] path, address to, uint256 deadline)",12556644
12505057,1621966417,0xa54b59d95fe13c7df5df16bd2468ea45173d79038b418333de16bc7249dd477c,208,0x5b56168ae2cebff8efa35e3c88d8676656b8d0e7be019075035d0abae7ea8876,0x7fb842f1e807dca0e34c771be70295ac30599923,0x85ba591b3444ed01b5d7f8cebdb897494709bbdc,0x0b795953f7b693b123cc3bd31887b6b7ea0fd61c,24499244006596428087,Dopex Governance Token,DPX,18,296,164444,47000000000,113516,12979391,deprecated,0x7ff36ab5,"swapExactETHForTokens(uint256 amountOutMin, address[] path, address to, uint256 deadline)",12556644
12505060,1621966444,0x2998ed0ad2ed3cef43a69224665d0fe91d937be977c5e1e207ec89950ec54d4e,209,0x513fd94d977ec7ee5ebe3373fd7169dfe1858745c06fbfddd1034547b090f426,0x7fb842f1e807dca0e34c771be70295ac30599923,0x85ba591b3444ed01b5d7f8cebdb897494709bbdc,0xbbfb6566ad064c233af6314aeb1eee4c26a5f921,52056678931780401900,Dopex Governance Token,DPX,18,68,152817,47000000000,123944,4695898,deprecated,0x7ff36ab5,"swapExactETHForTokens(uint256 amountOutMin, address[] path, address to, uint256 deadline)",12556641
12505060,1621966444,0x27aec67fc60e02748871c3e22ff55ae8ea4dff61d81e5e33efb112d7835de235,210,0x513fd94d977ec7ee5ebe3373fd7169dfe1858745c06fbfddd1034547b090f426,0x7fb842f1e807dca0e34c771be70295ac30599923,0x85ba591b3444ed01b5d7f8cebdb897494709bbdc,0x2af17a3fc90de53481d8df0c4f652f240ba0af03,48870859551033971201,Dopex Governance Token,DPX,18,69,164457,47000000000,113528,4809426,deprecated,0x7ff36ab5,"swapExactETHForTokens(uint256 amountOutMin, address[] path, address to, uint256 deadline)",12556641
12505060,1621966444,0x1cd14a59ed941973927cc925794aadbab2b486c541ad987c9f5d4bdb59d4a027,211,0x513fd94d977ec7ee5ebe3373fd7169dfe1858745c06fbfddd1034547b090f426,0x7fb842f1e807dca0e34c771be70295ac30599923,0x85ba591b3444ed01b5d7f8cebdb897494709bbdc,0xace59367ab502c8e6694f8152dd539519467042b,19507615938839037066,Dopex Governance Token,DPX,18,70,164444,47000000000,113516,4922942,deprecated,0x7ff36ab5,"swapExactETHForTokens(uint256 amountOutMin, address[] path, address to, uint256 deadline)",12556641
12505060,1621966444,0x352747e988a28398dd2696bd03b564a19540f1241bff2aeb7f015498f3f2d8a5,212,0x513fd94d977ec7ee5ebe3373fd7169dfe1858745c06fbfddd1034547b090f426,0x7fb842f1e807dca0e34c771be70295ac30599923,0x85ba591b3444ed01b5d7f8cebdb897494709bbdc,0xb290d9501e87311379b586d5220dd0ea84ad8f96,58672231961907801152,Dopex Governance Token,DPX,18,71,164457,47000000000,113528,5036470,deprecated,0x7ff36ab5,"swapExactETHForTokens(uint256 amountOutMin, address[] path, address to, uint256 deadline)",12556641
12505060,1621966444,0xab5ad8d4114f8bf3c4444e4983d2f1437616fc942c32875b1c127dd532a620e0,213,0x513fd94d977ec7ee5ebe3373fd7169dfe1858745c06fbfddd1034547b090f426,0x7fb842f1e807dca0e34c771be70295ac30599923,0x85ba591b3444ed01b5d7f8cebdb897494709bbdc,0x711cd20bf6b436ced327a8c65a14491aa04c2ca1,52687320742675994955,Dopex Governance Token,DPX,18,73,164444,47000000000,113516,5432938,deprecated,0x7ff36ab5,"swapExactETHForTokens(uint256 amountOutMin, address[] path, address to, uint256 deadline)",12556641
12505063,1621966498,0x8357990fa071b2494794bdbb732fb02c546bb8e072e378c9418e2b7ffd0e467c,214,0xcfab3b328e03ee92b73fdfe1dd3f23b8b7bfbb81d52795795f0470f22b447bd6,0x7fb842f1e807dca0e34c771be70295ac30599923,0x85ba591b3444ed01b5d7f8cebdb897494709bbdc,0x30c13f332300eba61c4fc5943c55624c6e508408,38372566761052448721,Dopex Governance Token,DPX,18,48,152804,53000000000,123932,3813609,deprecated,0x7ff36ab5,"swapExactETHForTokens(uint256 amountOutMin, address[] path, address to, uint256 deadline)",12556638
12505063,1621966498,0xaf62554cb6dd92844cb3694f02be3b18c19eee50a55824c3b310a11cd4beae6d,215,0xcfab3b328e03ee92b73fdfe1dd3f23b8b7bfbb81d52795795f0470f22b447bd6,0x7fb842f1e807dca0e34c771be70295ac30599923,0x85ba591b3444ed01b5d7f8cebdb897494709bbdc,0xe0cdb30bba9eb7fb0ad09d7bc8f7d32e72a93b22,44379349316185623189,Dopex Governance Token,DPX,18,50,164457,53000000000,113528,3948137,deprecated,0x7ff36ab5,"swapExactETHForTokens(uint256 amountOutMin, address[] path, address to, uint256 deadline)",12556638
12505069,1621966614,0x9b7f8c2764c2f17d4f0b80efeec487fe99ae56120779c6b6e7bfa025ec72d6b3,216,0xe2c0a38173442e0304fe44e29166411c3ffbaa2232de9919de2e24b596db8f68,0x7fb842f1e807dca0e34c771be70295ac30599923,0x85ba591b3444ed01b5d7f8cebdb897494709bbdc,0x478304bf0e8a8a442f4773878537e51739cddc6f,31849618152653035184,Dopex Governance Token,DPX,18,73,152817,53000000000,123944,5827561,deprecated,0x7ff36ab5,"swapExactETHForTokens(uint256 amountOutMin, address[] path, address to, uint256 deadline)",12556632
12505069,1621966614,0x17f509ed314d9d75ae305e461f0c0eeb6be35a3015b88eff5e647fd691f6d348,217,0xe2c0a38173442e0304fe44e29166411c3ffbaa2232de9919de2e24b596db8f68,0x7fb842f1e807dca0e34c771be70295ac30599923,0x85ba591b3444ed01b5d7f8cebdb897494709bbdc,0xb1b711ce721e4c05c6b87d531b9336b98bbb869e,62200461446991811562,Dopex Governance Token,DPX,18,74,152817,53000000000,113528,5941089,deprecated,0x7ff36ab5,"swapExactETHForTokens(uint256 amountOutMin, address[] path, address to, uint256 deadline)",12556632
12505069,1621966614,0x3d748bde3f10aa8f294fc55f48de61d13d0c88ef79cdfe82ac93a24b51e7c574,218,0xe2c0a38173442e0304fe44e29166411c3ffbaa2232de9919de2e24b596db8f68,0x7fb842f1e807dca0e34c771be70295ac30599923,0x85ba591b3444ed01b5d7f8cebdb897494709bbdc,0x14ce500a86f1e3ace039571e657783e069643617,41054338739517200489,Dopex Governance Token,DPX,18,75,152817,53000000000,113528,6054617,deprecated,0x7ff36ab5,"swapExactETHForTokens(uint256 amountOutMin, address[] path, address to, uint256 deadline)",12556632
12505069,1621966614,0xdff56f329f8a8fd9718218392bc358a50fb8de4dd67ace88b1f9f87974214d0c,219,0xe2c0a38173442e0304fe44e29166411c3ffbaa2232de9919de2e24b596db8f68,0x7fb842f1e807dca0e34c771be70295ac30599923,0x85ba591b3444ed01b5d7f8cebdb897494709bbdc,0xbe5affbce0e00fe6da7f8df664a5df4c86a8dbf2,35639919008958262877,Dopex Governance Token,DPX,18,76,164457,53000000000,113528,6168145,deprecated,0x7ff36ab5,"swapExactETHForTokens(uint256 amountOutMin, address[] path, address to, uint256 deadline)",12556632
12505069,1621966614,0x0e6af61c2f2de9b605f6630a9b77836ae812b7b1ae45acfdbdd8b8b7ff55bcd8,220,0xe2c0a38173442e0304fe44e29166411c3ffbaa2232de9919de2e24b596db8f68,0x7fb842f1e807dca0e34c771be70295ac30599923,0x85ba591b3444ed01b5d7f8cebdb897494709bbdc,0x5c7c6d069ba232718f37c27a9549b547c359e31c,80169795003533178927,Dopex Governance Token,DPX,18,77,164457,53000000000,113528,6281673,deprecated,0x7ff36ab5,"swapExactETHForTokens(uint256 amountOutMin, address[] path, address to, uint256 deadline)",12556632
12505069,1621966614,0xeac0620dd17a393b5a70aadc0923f89589c2cfa67aeca9eda58b47e21f67fab7,221,0xe2c0a38173442e0304fe44e29166411c3ffbaa2232de9919de2e24b596db8f68,0x7fb842f1e807dca0e34c771be70295ac30599923,0x85ba591b3444ed01b5d7f8cebdb897494709bbdc,0x5bdbecc6e6292aaf2882d6ed503be926e128a5bf,61650977040288308668,Dopex Governance Token,DPX,18,101,164457,52000000000,113528,8904493,deprecated,0x7ff36ab5,"swapExactETHForTokens(uint256 amountOutMin, address[] path, address to, uint256 deadline)",12556632
12505069,1621966614,0xc4ff180a2ba5882313446d52bc34c6f383b05f52db2b2265ba1d02586d1b4ea4,222,0xe2c0a38173442e0304fe44e29166411c3ffbaa2232de9919de2e24b596db8f68,0x7fb842f1e807dca0e34c771be70295ac30599923,0x85ba591b3444ed01b5d7f8cebdb897494709bbdc,0x8a53501ad6450330e6f5397af182bfefbc159799,33029097879019866762,Dopex Governance Token,DPX,18,102,152817,52000000000,113528,9018021,deprecated,0x7ff36ab5,"swapExactETHForTokens(uint256 amountOutMin, address[] path, address to, uint256 deadline)",12556632
12505069,1621966614,0xd94dcf1f4b8d578053670fffff9882e14bc9c43670f8678849be6302e2df351c,223,0xe2c0a38173442e0304fe44e29166411c3ffbaa2232de9919de2e24b596db8f68,0x7fb842f1e807dca0e34c771be70295ac30599923,0x85ba591b3444ed01b5d7f8cebdb897494709bbdc,0xf2f3007b098f82074f8b8bfde08c685329cd6076,47079149667061336132,Dopex Governance Token,DPX,18,103,164444,52000000000,113516,9131537,deprecated,0x7ff36ab5,"swapExactETHForTokens(uint256 amountOutMin, address[] path, address to, uint256 deadline)",12556632
12505069,1621966614,0x41a174b4cdbe9748bd1700ee7f9e55fe7524cbb400d8ebf4d68c620e173c9342,224,0xe2c0a38173442e0304fe44e29166411c3ffbaa2232de9919de2e24b596db8f68,0x7fb842f1e807dca0e34c771be70295ac30599923,0x85ba591b3444ed01b5d7f8cebdb897494709bbdc,0x65633f221b891603e9c6a4581f49426d179de5f6,57353555796526825283,Dopex Governance Token,DPX,18,104,164457,52000000000,113528,9245065,deprecated,0x7ff36ab5,"swapExactETHForTokens(uint256 amountOutMin, address[] path, address to, uint256 deadline)",12556632
12505069,1621966614,0x20844d68dfc91b8387e50d776f8573e72a67110d44290ba83d8f82d57deb3532,225,0xe2c0a38173442e0304fe44e29166411c3ffbaa2232de9919de2e24b596db8f68,0x7fb842f1e807dca0e34c771be70295ac30599923,0x85ba591b3444ed01b5d7f8cebdb897494709bbdc,0x71c55d2305128cf9d5a0ab927539da07ce47ec0f,10299142485607136799,Dopex Governance Token,DPX,18,105,164444,52000000000,113516,9358581,deprecated,0x7ff36ab5,"swapExactETHForTokens(uint256 amountOutMin, address[] path, address to, uint256 deadline)",12556632
12505069,1621966614,0xe5c39d3e6c93c9c2894d4e59e8602f5dd15321a0e6127e40283cd329397e6615,226,0xe2c0a38173442e0304fe44e29166411c3ffbaa2232de9919de2e24b596db8f68,0x7fb842f1e807dca0e34c771be70295ac30599923,0x85ba591b3444ed01b5d7f8cebdb897494709bbdc,0xbce0d3b7269a18eb979460520f0c1257b8c406c6,32669885065696069070,Dopex Governance Token,DPX,18,106,164457,52000000000,113528,9472109,deprecated,0x7ff36ab5,"swapExactETHForTokens(uint256 amountOutMin, address[] path, address to, uint256 deadline)",12556632
12505069,1621966614,0xdd662e977c73e52040b594ee0ce69fc96beaf7343da1306a9c07c1eb8563afeb,227,0xe2c0a38173442e0304fe44e29166411c3ffbaa2232de9919de2e24b596db8f68,0x7fb842f1e807dca0e34c771be70295ac30599923,0x85ba591b3444ed01b5d7f8cebdb897494709bbdc,0x7ac7398fbf5b495bc4e7683600586c6bfd84e80c,53117151490556945919,Dopex Governance Token,DPX,18,107,164444,52000000000,113516,9585625,deprecated,0x7ff36ab5,"swapExactETHForTokens(uint256 amountOutMin, address[] path, address to, uint256 deadline)",12556632
12505069,1621966614,0x1aa4559edf5f5661d90c62af4659be004bc0c43e4613ef1083457e93d3a1c2e7,228,0xe2c0a38173442e0304fe44e29166411c3ffbaa2232de9919de2e24b596db8f68,0x7fb842f1e807dca0e34c771be70295ac30599923,0x85ba591b3444ed01b5d7f8cebdb897494709bbdc,0xe7d4a074fd56564893515ee76e5dc43f1c298d0f,63236371941503535833,Dopex Governance Token,DPX,18,109,164457,52000000000,113528,9753508,deprecated,0x7ff36ab5,"swapExactETHForTokens(uint256 amountOutMin, address[] path, address to, uint256 deadline)",12556632
12505071,1621966644,0x3427e3af9e854ac12a2dc74ab9a4e7a870e1ce7bd7135cb488a53fadac470a44,229,0xeb2175ca29d90572ea78c67f4cb3d85964064a6067ee90b9f230bc1cb1535862,0x7fb842f1e807dca0e34c771be70295ac30599923,0x85ba591b3444ed01b5d7f8cebdb897494709bbdc,0x273ba31c706b9d9fdae1fd999183bfa865895be9,33074279816779766898,Dopex Governance Token,DPX,18,52,164457,46000000000,123944,3298523,deprecated,0x7ff36ab5,"swapExactETHForTokens(uint256 amountOutMin, address[] path, address to, uint256 deadline)",12556630
12505071,1621966644,0x01200a6064dfb9882488413cdcd6b799c1f69cf96a1f274e9681e289741d438f,230,0xeb2175ca29d90572ea78c67f4cb3d85964064a6067ee90b9f230bc1cb1535862,0x7fb842f1e807dca0e34c771be70295ac30599923,0x85ba591b3444ed01b5d7f8cebdb897494709bbdc,0x965b813b302dfccdf6c2f676d59d7d3c960d3582,44952991135327369424,Dopex Governance Token,DPX,18,55,164457,46000000000,113528,3834714,deprecated,0x7ff36ab5,"swapExactETHForTokens(uint256 amountOutMin, address[] path, address to, uint256 deadline)",12556630
12505071,1621966644,0x7554dfb1de62ab42b14cd447183d39a12fd81b3dee34879254e7d802694b3909,231,0xeb2175ca29d90572ea78c67f4cb3d85964064a6067ee90b9f230bc1cb1535862,0x7fb842f1e807dca0e34c771be70295ac30599923,0x85ba591b3444ed01b5d7f8cebdb897494709bbdc,0xf6853c77a2452576eae5af424975a101ffc47308,68928116962002281239,Dopex Governance Token,DPX,18,58,164457,46000000000,113528,3990242,deprecated,0x7ff36ab5,"swapExactETHForTokens(uint256 amountOutMin, address[] path, address to, uint256 deadline)",12556630
12505071,1621966644,0x8c3be766765d811820104f120ec5135cb15d7e74465c18b23679ad598ad2bb3d,232,0xeb2175ca29d90572ea78c67f4cb3d85964064a6067ee90b9f230bc1cb1535862,0x7fb842f1e807dca0e34c771be70295ac30599923,0x85ba591b3444ed01b5d7f8cebdb897494709bbdc,0x18b7f95442ec71442f45f480c4f56633c323d991,28737999712770439298,Dopex Governance Token,DPX,18,59,164457,46000000000,113528,4103770,deprecated,0x7ff36ab5,"swapExactETHForTokens(uint256 amountOutMin, address[] path, address to, uint256 deadline)",12556630
12505073,1621966664,0x9fa6d84eda9e38f67335edb488d8eec4c868b0bf8c93b5047c19148dcc9df3cb,233,0xae10115a7d5556b5c6be6faceeec6a0e57f9958bbf1413a55dbf40375b509fc6,0x7fb842f1e807dca0e34c771be70295ac30599923,0x85ba591b3444ed01b5d7f8cebdb897494709bbdc,0x6fdabcd4c1b926310f5a8c4c00efefba3c8dbef4,82656411196030614730,Dopex Governance Token,DPX,18,112,152804,46000000000,123932,8990325,deprecated,0x7ff36ab5,"swapExactETHForTokens(uint256 amountOutMin, address[] path, address to, uint256 deadline)",12556628
12505074,1621966679,0xdb9652efc478cb6e3063b387f0225b2f7d12016969680cddb89362021f71ceb6,234,0x8f39c9011074bc937d0ed3fc0596250a074344c7f287ffc89397f62b9a21d0d7,0x7fb842f1e807dca0e34c771be70295ac30599923,0x85ba591b3444ed01b5d7f8cebdb897494709bbdc,0xf1228c34651348f12d05d138896dc6d2e946f970,68285857395744119661,Dopex Governance Token,DPX,18,69,152817,55000000000,123944,4437670,deprecated,0x7ff36ab5,"swapExactETHForTokens(uint256 amountOutMin, address[] path, address to, uint256 deadline)",12556627
12505074,1621966679,0xe909591c0df5b8627d4de3e7ccbd8f38238980fa5e2fb22103398b211614f325,235,0x8f39c9011074bc937d0ed3fc0596250a074344c7f287ffc89397f62b9a21d0d7,0x7fb842f1e807dca0e34c771be70295ac30599923,0x85ba591b3444ed01b5d7f8cebdb897494709bbdc,0x6555e1cc97d3cba6eaddebbcd7ca51d75771e0b8,51677014672588977521,Dopex Governance Token,DPX,18,70,152817,55000000000,113528,4551198,deprecated,0x7ff36ab5,"swapExactETHForTokens(uint256 amountOutMin, address[] path, address to, uint256 deadline)",12556627
12505077,1621966800,0x9cce5afda06b2fc5858fd0ffca310ee68f93ad848258995c11bb9e2af5a674cb,236,0x89ce841d44e544aefb378857c74693bd373682e1f76da41a35484c58bbb32452,0x7fb842f1e807dca0e34c771be70295ac30599923,0x85ba591b3444ed01b5d7f8cebdb897494709bbdc,0x4deb3edd991cfd2fcdaa6dcfe5f1743f6e7d16a6,32302512407525847401,Dopex Governance Token,DPX,18,45,152817,55000000000,123944,4551309,deprecated,0x7ff36ab5,"swapExactETHForTokens(uint256 amountOutMin, address[] path, address to, uint256 deadline)",12556624
12505077,1621966800,0x23eec69688ffa19c924f9c0a79d55fabecfc6bd8567dab34418ba76dbf7c6a07,237,0x89ce841d44e544aefb378857c74693bd373682e1f76da41a35484c58bbb32452,0x7fb842f1e807dca0e34c771be70295ac30599923,0x85ba591b3444ed01b5d7f8cebdb897494709bbdc,0x03d15cd9eedecbec37bae097c98d53438ad83e84,64254677738753344031,Dopex Governance Token,DPX,18,46,152817,55000000000,113528,4664837,deprecated,0x7ff36ab5,"swapExactETHForTokens(uint256 amountOutMin, address[] path, address to, uint256 deadline)",12556624
12505077,1621966800,0x94795c83693858b6d71b41c7667c1d444bda0a2c0849154cdea63fde99dfd0bd,238,0x89ce841d44e544aefb378857c74693bd373682e1f76da41a35484c58bbb32452,0x7fb842f1e807dca0e34c771be70295ac30599923,0x85ba591b3444ed01b5d7f8cebdb897494709bbdc,0x1f4ce32ea4ab217fb01b4840e03e44cd9aac7f4e,49290165129946180997,Dopex Governance Token,DPX,18,47,152817,55000000000,113528,4778365,deprecated,0x7ff36ab5,"swapExactETHForTokens(uint256 amountOutMin, address[] path, address to, uint256 deadline)",12556624
12505077,1621966800,0x460c810bf5fe42821e13beb110d755ec638866648e1135ddf02c7f52ad789384,239,0x89ce841d44e544aefb378857c74693bd373682e1f76da41a35484c58bbb32452,0x7fb842f1e807dca0e34c771be70295ac30599923,0x85ba591b3444ed01b5d7f8cebdb897494709bbdc,0x34cae1d9e2d014b7b9e6295c66c554d7e79713d3,67966521764725457620,Dopex Governance Token,DPX,18,48,164457,55000000000,113528,4891893,deprecated,0x7ff36ab5,"swapExactETHForTokens(uint256 amountOutMin, address[] path, address to, uint256 deadline)",12556624
12505077,1621966800,0xa716e1d01c45b0cd622de5c8a13ff2f7dea5eafddebbc97e9f0dfe0acf1a33a9,240,0x89ce841d44e544aefb378857c74693bd373682e1f76da41a35484c58bbb32452,0x7fb842f1e807dca0e34c771be70295ac30599923,0x85ba591b3444ed01b5d7f8cebdb897494709bbdc,0x59ce4a2ac5bc3f5f225439b2993b86b42f6d3e9f,43019826958998911445,Dopex Governance Token,DPX,18,51,164457,55000000000,113528,5072530,deprecated,0x7ff36ab5,"swapExactETHForTokens(uint256 amountOutMin, address[] path, address to, uint256 deadline)",12556624
12505077,1621966800,0xb42e2a1b6a7abec813c5312b40eb73fc6fc9e91b1f691e928cdbe89ac6b7861c,241,0x89ce841d44e544aefb378857c74693bd373682e1f76da41a35484c58bbb32452,0x7fb842f1e807dca0e34c771be70295ac30599923,0x85ba591b3444ed01b5d7f8cebdb897494709bbdc,0x36cc7b13029b5dee4034745fb4f24034f3f2ffc6,57807013426625446523,Dopex Governance Token,DPX,18,121,164457,51000000000,113528,10751719,deprecated,0x7ff36ab5,"swapExactETHForTokens(uint256 amountOutMin, address[] path, address to, uint256 deadline)",12556624
12505077,1621966800,0xa73b488eef6e992309dc21ea8bb995c9b8206b79795e635ab90985e3095d267b,242,0x89ce841d44e544aefb378857c74693bd373682e1f76da41a35484c58bbb32452,0x7fb842f1e807dca0e34c771be70295ac30599923,0x85ba591b3444ed01b5d7f8cebdb897494709bbdc,0x896b94f4f27f12369698c302e2049cae86936bbb,36431892443307778830,Dopex Governance Token,DPX,18,126,164457,51000000000,113528,11073001,deprecated,0x7ff36ab5,"swapExactETHForTokens(uint256 amountOutMin, address[] path, address to, uint256 deadline)",12556624
12505077,1621966800,0xb8389dc19db9cfebf9119d7cc8cdd5f718b68c58668a1e9685df562f23014a5a,243,0x89ce841d44e544aefb378857c74693bd373682e1f76da41a35484c58bbb32452,0x7fb842f1e807dca0e34c771be70295ac30599923,0x85ba591b3444ed01b5d7f8cebdb897494709bbdc,0x6a04941de896e4215eeb8e6eb1b72ad2904d2402,80607148513310575024,Dopex Governance Token,DPX,18,128,164457,51000000000,113528,11207529,deprecated,0x7ff36ab5,"swapExactETHForTokens(uint256 amountOutMin, address[] path, address to, uint256 deadline)",12556624
12505077,1621966800,0x9ed2227f13172831d35e2a9dbc1d6e2ac0e7705758a2664ec38b2bcbea50627e,244,0x89ce841d44e544aefb378857c74693bd373682e1f76da41a35484c58bbb32452,0x7fb842f1e807dca0e34c771be70295ac30599923,0x85ba591b3444ed01b5d7f8cebdb897494709bbdc,0xff18298382948028f9d93c4e32be1382204022c8,25178357014576190448,Dopex Governance Token,DPX,18,131,164444,51000000000,113516,11537772,deprecated,0x7ff36ab5,"swapExactETHForTokens(uint256 amountOutMin, address[] path, address to, uint256 deadline)",12556624
12505077,1621966800,0x42e4abf4069fa9573c2fc6e926eab6ac0510ae3f987b54920dbb9c49de53d828,245,0x89ce841d44e544aefb378857c74693bd373682e1f76da41a35484c58bbb32452,0x7fb842f1e807dca0e34c771be70295ac30599923,0x85ba591b3444ed01b5d7f8cebdb897494709bbdc,0xe6f6f9492098aad009faa3f9b84f35c0b6ee7f3c,113804210749753660869,Dopex Governance Token,DPX,18,136,164457,51000000000,113528,11749879,deprecated,0x7ff36ab5,"swapExactETHForTokens(uint256 amountOutMin, address[] path, address to, uint256 deadline)",12556624
12505077,1621966800,0xa89f15276aea3850c5bbb9799471452fc00c20c4854c17f3148430093eadce26,246,0x89ce841d44e544aefb378857c74693bd373682e1f76da41a35484c58bbb32452,0x7fb842f1e807dca0e34c771be70295ac30599923,0x85ba591b3444ed01b5d7f8cebdb897494709bbdc,0x47f11a2c7564ebffecf695e5028e016c61530aa5,173691771814072255240,Dopex Governance Token,DPX,18,139,164457,51000000000,113528,12017924,deprecated,0x7ff36ab5,"swapExactETHForTokens(uint256 amountOutMin, address[] path, address to, uint256 deadline)",12556624
12505079,1621966807,0x77e5db9fe262a496dc2f1cf05706332f484e09e4d4c75d94b908dd350d29e6ab,247,0x1253b9022af1162f3393b854b62b29acea88ad51d58dbb201c8a0eaffa055bc8,0x7fb842f1e807dca0e34c771be70295ac30599923,0x85ba591b3444ed01b5d7f8cebdb897494709bbdc,0x9605b695121c73ae103b3b887d7da9c3c04ca300,128843387315158041691,Dopex Governance Token,DPX,18,274,152804,51000000000,123932,9677424,deprecated,0x7ff36ab5,"swapExactETHForTokens(uint256 amountOutMin, address[] path, address to, uint256 deadline)",12556622
12505082,1621966841,0x7d5f2e635a0aa199962c4ae5bbd7cdcb249c28072bcf71dec269bfeefd4cc8f0,248,0x198b5f5ff27144ef91990be4a9859b2458ac3381769228a815c4c105c62f5dad,0x7fb842f1e807dca0e34c771be70295ac30599923,0x85ba591b3444ed01b5d7f8cebdb897494709bbdc,0x447f95026107aaed7472a0470931e689f51e0e42,60680577436080744760,Dopex Governance Token,DPX,18,46,164457,51000000000,123944,3548695,deprecated,0x7ff36ab5,"swapExactETHForTokens(uint256 amountOutMin, address[] path, address to, uint256 deadline)",12556619
12505084,1621966875,0x33cfd3f5aeb7fdd3942e23f8d3e0fb9ad3ededb1a8d87aad7f7657b88d7e554c,249,0x6b180c7fd2ae2ad9b9e9f4ab46fd195bdcd308ccc6f127cbcb62ba25ec8e7762,0x7fb842f1e807dca0e34c771be70295ac30599923,0x85ba591b3444ed01b5d7f8cebdb897494709bbdc,0xfb2092014888542b0fd52d6e88928fb780491d30,49293019551012625459,Dopex Governance Token,DPX,18,74,152817,58000000000,123944,5022756,deprecated,0x7ff36ab5,"swapExactETHForTokens(uint256 amountOutMin, address[] path, address to, uint256 deadline)",12556617
12505084,1621966875,0x5864c60f16527034e9fab8487591491276b0b87361ca3fdc2f09a1292e28be68,250,0x6b180c7fd2ae2ad9b9e9f4ab46fd195bdcd308ccc6f127cbcb62ba25ec8e7762,0x7fb842f1e807dca0e34c771be70295ac30599923,0x85ba591b3444ed01b5d7f8cebdb897494709bbdc,0xe3f892174190b3f0fa502eb84c8208c7c0998c50,59558596401025305546,Dopex Governance Token,DPX,18,75,164457,58000000000,113528,5136284,deprecated,0x7ff36ab5,"swapExactETHForTokens(uint256 amountOutMin, address[] path, address to, uint256 deadline)",12556617
12505084,1621966875,0x2494ffd55b7e88c149a2d71d60f775a9eb5caa56d734ecb5f720ca2e8b3a5b05,251,0x6b180c7fd2ae2ad9b9e9f4ab46fd195bdcd308ccc6f127cbcb62ba25ec8e7762,0x7fb842f1e807dca0e34c771be70295ac30599923,0x85ba591b3444ed01b5d7f8cebdb897494709bbdc,0x3be73b2ecb27438a8984d089e0e15c1aa1a416a7,46502391319019967714,Dopex Governance Token,DPX,18,77,152817,58000000000,113528,5296364,deprecated,0x7ff36ab5,"swapExactETHForTokens(uint256 amountOutMin, address[] path, address to, uint256 deadline)",12556617
12505090,1621966906,0xdaad324b6f048897db91f9a9d03ab3d27c09e40131da99228f44da2c16c88149,252,0x655a47be02e4c4de998a7d2dd7208961760d37b2ae5de1e04e3fa0e4199684f3,0x7fb842f1e807dca0e34c771be70295ac30599923,0x85ba591b3444ed01b5d7f8cebdb897494709bbdc,0x00f9a199e11b7cb8edee90d636c6b23fa3036ce7,22722472605531547617,Dopex Governance Token,DPX,18,196,152791,58000000000,123920,11750988,deprecated,0x7ff36ab5,"swapExactETHForTokens(uint256 amountOutMin, address[] path, address to, uint256 deadline)",12556611
12505090,1621966906,0xa07e2d183a17aa02024e7a23d4f15e13ea59904bd47d9a4345fdbc94804a9075,253,0x655a47be02e4c4de998a7d2dd7208961760d37b2ae5de1e04e3fa0e4199684f3,0x7fb842f1e807dca0e34c771be70295ac30599923,0x85ba591b3444ed01b5d7f8cebdb897494709bbdc,0x48fe56b756ef2717d1db4050ef648ad4b72f55b9,54628028534282581115,Dopex Governance Token,DPX,18,197,152817,58000000000,113528,11864516,deprecated,0x7ff36ab5,"swapExactETHForTokens(uint256 amountOutMin, address[] path, address to, uint256 deadline)",12556611
12505090,1621966906,0xc9618a1030de6132af0673686099668eb0b2313a71e1bde7e73bec4e52f64c2b,254,0x655a47be02e4c4de998a7d2dd7208961760d37b2ae5de1e04e3fa0e4199684f3,0x7fb842f1e807dca0e34c771be70295ac30599923,0x85ba591b3444ed01b5d7f8cebdb897494709bbdc,0xdf281cc1b3d564784b1e8dfacba11ab60ca47958,33565782648772606664,Dopex Governance Token,DPX,18,198,152817,58000000000,113528,11978044,deprecated,0x7ff36ab5,"swapExactETHForTokens(uint256 amountOutMin, address[] path, address to, uint256 deadline)",12556611
12505090,1621966906,0xc74b49c52eb8f84b2eda9cfd8b43655e3853fe4dc3cf91e3382c66c067e6f775,255,0x655a47be02e4c4de998a7d2dd7208961760d37b2ae5de1e04e3fa0e4199684f3,0x7fb842f1e807dca0e34c771be70295ac30599923,0x85ba591b3444ed01b5d7f8cebdb897494709bbdc,0xd3ae3c8eef6b04d1c7a74364b1658bba611e7447,47670807180177980900,Dopex Governance Token,DPX,18,201,164457,58000000000,113528,12153790,deprecated,0x7ff36ab5,"swapExactETHForTokens(uint256 amountOutMin, address[] path, address to, uint256 deadline)",12556611
12505092,1621966947,0x3fd2d36f6ff180f3b86ec345eecfd3360c331bccf77791c051498805fbd484b1,57,0x4bc4a6814e76bb2634f182fb6e2fe8bab225dcc48d21b1b55433523123655717,0x7fb842f1e807dca0e34c771be70295ac30599923,0x85ba591b3444ed01b5d7f8cebdb897494709bbdc,0xa0971b6a7e348c4bed0e65ff5c891230ccf045fc,16703454958700523587,Dopex Governance Token,DPX,18,111,179394,43000000000,123932,12655468,deprecated,0x7ff36ab5,"swapExactETHForTokens(uint256 amountOutMin, address[] path, address to, uint256 deadline)",12556609
12505109,1621967173,0x32c3351fe62ef5f4a5d859549725437a61a408466fafd4303a7445e354306cdc,6,0x59c16adb598ef8481084d850796b4a8977c99b5e5b3dac699797f1eb1b6bbd55,0x7fb842f1e807dca0e34c771be70295ac30599923,0x85ba591b3444ed01b5d7f8cebdb897494709bbdc,0x68849b5098bab524a0425bc23c81a42f549d5d12,13349528353558436043,Dopex Governance Token,DPX,18,69,179394,45000000000,123932,6333349,deprecated,0x7ff36ab5,"swapExactETHForTokens(uint256 amountOutMin, address[] path, address to, uint256 deadline)",12556592
12505109,1621967173,0x38a0a1afaae7b456ed5a7f30217b24ce3504da71f2da1a0076d6fbbe818d7842,256,0x59c16adb598ef8481084d850796b4a8977c99b5e5b3dac699797f1eb1b6bbd55,0x7fb842f1e807dca0e34c771be70295ac30599923,0x85ba591b3444ed01b5d7f8cebdb897494709bbdc,0x9eb0b7d74bd5739648726fc15c81de1cbc9b0800,50215843404560879345,Dopex Governance Token,DPX,18,82,164444,45000000000,113516,7687469,deprecated,0x7ff36ab5,"swapExactETHForTokens(uint256 amountOutMin, address[] path, address to, uint256 deadline)",12556592
12505109,1621967173,0x7de024c3fee4e7e56a006d74bd10877529b287e3174fe05aec283e8fd9669f8f,257,0x59c16adb598ef8481084d850796b4a8977c99b5e5b3dac699797f1eb1b6bbd55,0x7fb842f1e807dca0e34c771be70295ac30599923,0x85ba591b3444ed01b5d7f8cebdb897494709bbdc,0xbee81b34196e68cf62421dd9fe188623729fb3cf,49536269143537143409,Dopex Governance Token,DPX,18,83,164457,45000000000,113528,7800997,deprecated,0x7ff36ab5,"swapExactETHForTokens(uint256 amountOutMin, address[] path, address to, uint256 deadline)",12556592
12505109,1621967173,0xda55e41aa39891194497d9f022c614f40cd28fa082a72a8cf828a38f417800a1,258,0x59c16adb598ef8481084d850796b4a8977c99b5e5b3dac699797f1eb1b6bbd55,0x7fb842f1e807dca0e34c771be70295ac30599923,0x85ba591b3444ed01b5d7f8cebdb897494709bbdc,0xd0d036e733d9263652585828f7994ad04ec82c5c,32851751973067383934,Dopex Governance Token,DPX,18,92,164457,45000000000,113528,8358148,deprecated,0x7ff36ab5,"swapExactETHForTokens(uint256 amountOutMin, address[] path, address to, uint256 deadline)",12556592
12505109,1621967173,0x498070a8336b115b7a2d593abfda678b33dfa8885846891b399abf385f7149e8,259,0x59c16adb598ef8481084d850796b4a8977c99b5e5b3dac699797f1eb1b6bbd55,0x7fb842f1e807dca0e34c771be70295ac30599923,0x85ba591b3444ed01b5d7f8cebdb897494709bbdc,0x5306574c94d5da5a9446be59221273d973f22542,12256615835168083796,Dopex Governance Token,DPX,18,93,164444,45000000000,113516,8471664,deprecated,0x7ff36ab5,"swapExactETHForTokens(uint256 amountOutMin, address[] path, address to, uint256 deadline)",12556592
12505109,1621967173,0xcf38e16ce8b268907706bac36cc860b072f76b55d3291f05389af5c93c1999d8,260,0x59c16adb598ef8481084d850796b4a8977c99b5e5b3dac699797f1eb1b6bbd55,0x7fb842f1e807dca0e34c771be70295ac30599923,0x85ba591b3444ed01b5d7f8cebdb897494709bbdc,0x971aaf9a24feeb6eda62e4f39437552af19b2171,27365916732527329004,Dopex Governance Token,DPX,18,94,164457,45000000000,113528,8585192,deprecated,0x7ff36ab5,"swapExactETHForTokens(uint256 amountOutMin, address[] path, address to, uint256 deadline)",12556592
12505109,1621967173,0xe691945cef8e7db9789e6dd7974ebc10d7e9a0d6c8858c557f5041fb191e91bd,261,0x59c16adb598ef8481084d850796b4a8977c99b5e5b3dac699797f1eb1b6bbd55,0x7fb842f1e807dca0e34c771be70295ac30599923,0x85ba591b3444ed01b5d7f8cebdb897494709bbdc,0x11e6a572bd495d9f45935768e42e84410c2dc031,42235879661964875867,Dopex Governance Token,DPX,18,95,164444,45000000000,113516,8698708,deprecated,0x7ff36ab5,"swapExactETHForTokens(uint256 amountOutMin, address[] path, address to, uint256 deadline)",12556592
12505109,1621967173,0xda946e2e67930ce19a4012c46346316743e0fd98c6adadd7e390144b1a3bd77c,262,0x59c16adb598ef8481084d850796b4a8977c99b5e5b3dac699797f1eb1b6bbd55,0x7fb842f1e807dca0e34c771be70295ac30599923,0x85ba591b3444ed01b5d7f8cebdb897494709bbdc,0x7a39608107dc014d4bbd7a5f01d3fba5dff6d042,58115754045891479415,Dopex Governance Token,DPX,18,96,164457,45000000000,113528,8812236,deprecated,0x7ff36ab5,"swapExactETHForTokens(uint256 amountOutMin, address[] path, address to, uint256 deadline)",12556592
12505109,1621967173,0x6d856af1a7980f9d1a203094e17805fdd490091005a3d184d341a9a24d572302,263,0x59c16adb598ef8481084d850796b4a8977c99b5e5b3dac699797f1eb1b6bbd55,0x7fb842f1e807dca0e34c771be70295ac30599923,0x85ba591b3444ed01b5d7f8cebdb897494709bbdc,0x372140e9705d6b6f1cf76c28d103637b01e804d9,48889822683514746954,Dopex Governance Token,DPX,18,100,164457,45000000000,113528,9131294,deprecated,0x7ff36ab5,"swapExactETHForTokens(uint256 amountOutMin, address[] path, address to, uint256 deadline)",12556592
12505109,1621967173,0x95a059dc7aafe28d1e077a76c34eb892882ee0ca8a72b1dfa3c3eb7ea2834855,264,0x59c16adb598ef8481084d850796b4a8977c99b5e5b3dac699797f1eb1b6bbd55,0x7fb842f1e807dca0e34c771be70295ac30599923,0x85ba591b3444ed01b5d7f8cebdb897494709bbdc,0x399b282c17f8ed9f542c2376917947d6b79e2cc6,32415726388192622822,Dopex Governance Token,DPX,18,101,164457,59000000000,113528,9244822,deprecated,0x7ff36ab5,"swapExactETHForTokens(uint256 amountOutMin, address[] path, address to, uint256 deadline)",12556592
12505109,1621967173,0x9b5616feb3374e918a8e33aa7523a1906fd2afc1dca3f8f76c843e54cc626612,265,0x59c16adb598ef8481084d850796b4a8977c99b5e5b3dac699797f1eb1b6bbd55,0x7fb842f1e807dca0e34c771be70295ac30599923,0x85ba591b3444ed01b5d7f8cebdb897494709bbdc,0xc429430245dfb39ef1b6c16d7e69ed242a99d352,57003985982050243891,Dopex Governance Token,DPX,18,102,164457,59000000000,113528,9358350,deprecated,0x7ff36ab5,"swapExactETHForTokens(uint256 amountOutMin, address[] path, address to, uint256 deadline)",12556592
12505109,1621967173,0xf2e47151d3fcb8d63d65ba38c7625bb32ec21c14e6808ff6bf397f82549dc542,266,0x59c16adb598ef8481084d850796b4a8977c99b5e5b3dac699797f1eb1b6bbd55,0x7fb842f1e807dca0e34c771be70295ac30599923,0x85ba591b3444ed01b5d7f8cebdb897494709bbdc,0xf07f2b6c340d8d303615710451c11e93fe56774d,65062939077878534265,Dopex Governance Token,DPX,18,103,164457,59000000000,113528,9471878,deprecated,0x7ff36ab5,"swapExactETHForTokens(uint256 amountOutMin, address[] path, address to, uint256 deadline)",12556592
12505109,1621967173,0xf926ede86334865bdd83e0930ab4e94e77635319fbff10ddd704be66511c373c,267,0x59c16adb598ef8481084d850796b4a8977c99b5e5b3dac699797f1eb1b6bbd55,0x7fb842f1e807dca0e34c771be70295ac30599923,0x85ba591b3444ed01b5d7f8cebdb897494709bbdc,0xe5d0ef77aed07c302634dc370537126a2cd26590,40345358652262172319,Dopex Governance Token,DPX,18,104,164457,59000000000,113528,9585406,deprecated,0x7ff36ab5,"swapExactETHForTokens(uint256 amountOutMin, address[] path, address to, uint256 deadline)",12556592
12505114,1621967191,0x86b4be68cd8680730aab840ee20ba2a77184b9d2bea44faff241e8cbc91cd1ef,268,0x342a0ad6d035ca5ac94187eea9fcbf354946dbebe969e73c41d3acef5ae51771,0x7fb842f1e807dca0e34c771be70295ac30599923,0x85ba591b3444ed01b5d7f8cebdb897494709bbdc,0x4d1d758f0966c6e6de873958e62788300c13f60e,28675538935656536978,Dopex Governance Token,DPX,18,79,164457,59000000000,123944,3346883,deprecated,0x7ff36ab5,"swapExactETHForTokens(uint256 amountOutMin, address[] path, address to, uint256 deadline)",12556587
12505117,1621967229,0x6275830cf10699e528ed3444afc0de4cc8b8594c0252a46a9538be6ecfa41b95,269,0xbd5c987bb0a797b14f25e6addfde8dc2618772edd4173a4d0313b1e407338e6b,0x7fb842f1e807dca0e34c771be70295ac30599923,0x85ba591b3444ed01b5d7f8cebdb897494709bbdc,0x24434ebf296c2f9cd59b14412aae5c4ca1d5aad2,39244647908849760133,Dopex Governance Token,DPX,18,156,164457,59000000000,123944,8894899,deprecated,0x7ff36ab5,"swapExactETHForTokens(uint256 amountOutMin, address[] path, address to, uint256 deadline)",12556584
12505117,1621967229,0xd0713e3dc52bd64cfb2657b01ba639b1d07704a7320a7c3a6690310c22f41d02,270,0xbd5c987bb0a797b14f25e6addfde8dc2618772edd4173a4d0313b1e407338e6b,0x7fb842f1e807dca0e34c771be70295ac30599923,0x85ba591b3444ed01b5d7f8cebdb897494709bbdc,0x042ed37d32b88ab6b1c2e7b8a400dcdc728050bc,56840593312751545658,Dopex Governance Token,DPX,18,159,164444,59000000000,113516,9145566,deprecated,0x7ff36ab5,"swapExactETHForTokens(uint256 amountOutMin, address[] path, address to, uint256 deadline)",12556584
12505118,1621967246,0x54266d6a35c7f02b9e4a1e70e19442d206711307d46d4fbd23aed6f873908461,271,0x9c8c28a53a28989d00120ac644222bfa6020da80bd966de2340712ab4d6bfb5b,0x7fb842f1e807dca0e34c771be70295ac30599923,0x85ba591b3444ed01b5d7f8cebdb897494709bbdc,0x460eebde20336aa615370f4b7b7a916e5656d4e6,66249397899184478837,Dopex Governance Token,DPX,18,35,152817,59000000000,123944,1970088,deprecated,0x7ff36ab5,"swapExactETHForTokens(uint256 amountOutMin, address[] path, address to, uint256 deadline)",12556583
12505118,1621967246,0x0c8c83963125e969c2326956387c3eb71c8558d36bef6c80f5758c6b891a0ec7,272,0x9c8c28a53a28989d00120ac644222bfa6020da80bd966de2340712ab4d6bfb5b,0x7fb842f1e807dca0e34c771be70295ac30599923,0x85ba591b3444ed01b5d7f8cebdb897494709bbdc,0x5592248bc03df37fb570c3a89d76c9787ceca4d1,32494679716733816802,Dopex Governance Token,DPX,18,93,164457,57000000000,113528,5841561,deprecated,0x7ff36ab5,"swapExactETHForTokens(uint256 amountOutMin, address[] path, address to, uint256 deadline)",12556583
12505118,1621967246,0xb9a7c6f62450d181aa1ecb624fcbe9b23c09963d0ed3ab215bec4e9f77baca98,273,0x9c8c28a53a28989d00120ac644222bfa6020da80bd966de2340712ab4d6bfb5b,0x7fb842f1e807dca0e34c771be70295ac30599923,0x85ba591b3444ed01b5d7f8cebdb897494709bbdc,0x537bf75de19f3d229e3a9018ee1a23c0c9c7d39c,63647376940088300882,Dopex Governance Token,DPX,18,185,164457,53000000000,113528,14162506,deprecated,0x7ff36ab5,"swapExactETHForTokens(uint256 amountOutMin, address[] path, address to, uint256 deadline)",12556583
12505118,1621967246,0x3f49b65737402f33d274ea66e845c33881586f3e5de1db259f1283c3ee2e3580,274,0x9c8c28a53a28989d00120ac644222bfa6020da80bd966de2340712ab4d6bfb5b,0x7fb842f1e807dca0e34c771be70295ac30599923,0x85ba591b3444ed01b5d7f8cebdb897494709bbdc,0xd6fd705ee0b31a9300d3e2154bcce777270cbb6f,55317943991002396378,Dopex Governance Token,DPX,18,186,164444,53000000000,113516,14276022,deprecated,0x7ff36ab5,"swapExactETHForTokens(uint256 amountOutMin, address[] path, address to, uint256 deadline)",12556583
12505125,1621967276,0x53a29d54d14f1f5bc5bca86f9e92746cf0b170a5dc1ef4ec2b66a6ebd7be86b1,275,0xc4ff99f983da558804be169fd6f4b1447035e358f26f693edc2bec00697aa66d,0x7fb842f1e807dca0e34c771be70295ac30599923,0x85ba591b3444ed01b5d7f8cebdb897494709bbdc,0xe5dbff893e6120c0d013fb046cd755990e4be9a9,29492501622364821282,Dopex Governance Token,DPX,18,62,164457,53000000000,123944,3858318,deprecated,0x7ff36ab5,"swapExactETHForTokens(uint256 amountOutMin, address[] path, address to, uint256 deadline)",12556576
12505125,1621967276,0xde38e7933b39c60f3dc9ecb8e57380db43d09cccf402263c21ab25fd49de7324,276,0xc4ff99f983da558804be169fd6f4b1447035e358f26f693edc2bec00697aa66d,0x7fb842f1e807dca0e34c771be70295ac30599923,0x85ba591b3444ed01b5d7f8cebdb897494709bbdc,0x6595732468a241312bc307f327ba0d64f02b3c20,50372536773081088033,Dopex Governance Token,DPX,18,63,152817,53000000000,113528,3971846,deprecated,0x7ff36ab5,"swapExactETHForTokens(uint256 amountOutMin, address[] path, address to, uint256 deadline)",12556576
12505125,1621967276,0x2f958997fd451da92cd08a12451d1c5e76f259587e2dc036691b0004d98c599e,277,0xc4ff99f983da558804be169fd6f4b1447035e358f26f693edc2bec00697aa66d,0x7fb842f1e807dca0e34c771be70295ac30599923,0x85ba591b3444ed01b5d7f8cebdb897494709bbdc,0xadd5333b5922ced2563ad634ffcc3e2f8704a0fc,13163248190467434090,Dopex Governance Token,DPX,18,64,164444,53000000000,113516,4085362,deprecated,0x7ff36ab5,"swapExactETHForTokens(uint256 amountOutMin, address[] path, address to, uint256 deadline)",12556576
12505125,1621967276,0x142750e970aad39410a6e3f879eca7559280e30edb177e614e6e07c96d1d8120,278,0xc4ff99f983da558804be169fd6f4b1447035e358f26f693edc2bec00697aa66d,0x7fb842f1e807dca0e34c771be70295ac30599923,0x85ba591b3444ed01b5d7f8cebdb897494709bbdc,0xeb9105815280f533be51bf076fa008f165d03262,12750578467448390796,Dopex Governance Token,DPX,18,65,164444,53000000000,113516,4198878,deprecated,0x7ff36ab5,"swapExactETHForTokens(uint256 amountOutMin, address[] path, address to, uint256 deadline)",12556576
12505126,1621967287,0x3b63aca717661d2a2046d7d12a86d81d9ac30d98ac88f8c77feeb81e17bfb884,279,0x6c9e4f29110b9885621d824abeccc289d4e1e8712bb29bb3afdd296b663d5285,0x7fb842f1e807dca0e34c771be70295ac30599923,0x85ba591b3444ed01b5d7f8cebdb897494709bbdc,0x9b9db057331a2d70745755d0e458a46c38b948c5,12265575912478706652,Dopex Governance Token,DPX,18,85,164444,53000000000,123932,5044155,deprecated,0x7ff36ab5,"swapExactETHForTokens(uint256 amountOutMin, address[] path, address to, uint256 deadline)",12556575
12505126,1621967287,0x23a7a764351d12e01d53042247721c88e5f32512bd8e96fe4ff81a799cc811e3,280,0x6c9e4f29110b9885621d824abeccc289d4e1e8712bb29bb3afdd296b663d5285,0x7fb842f1e807dca0e34c771be70295ac30599923,0x85ba591b3444ed01b5d7f8cebdb897494709bbdc,0xa18e9f2f9df9acb358579662be21a5ef3e9e3b1c,40001825536072630544,Dopex Governance Token,DPX,18,109,152817,51000000000,113528,7815209,deprecated,0x7ff36ab5,"swapExactETHForTokens(uint256 amountOutMin, address[] path, address to, uint256 deadline)",12556575
12505127,1621967299,0xe7a108c3990314f8b7e47a4ebfd0a652be0cd55ec47589e624084e75d1e2e6e8,7684,0x10586fb14d259a7e14cdff169b8bf4adb69a29f0e8364fc3942c992df6148953,0x7fb842f1e807dca0e34c771be70295ac30599923,0x85ba591b3444ed01b5d7f8cebdb897494709bbdc,0xc4cc364706fe781fb00a47badb297af36a482cc1,116382796668076716056,Dopex Governance Token,DPX,18,148,166710,51000000000,123944,8644900,deprecated,0x7ff36ab5,"swapExactETHForTokens(uint256 amountOutMin, address[] path, address to, uint256 deadline)",12556574
12505130,1621967334,0x6575ae207194fadf259d9ee1d23d387338695d7d6e96e60d9483258bae05a3d5,281,0x34a533c998c19a966f33845fbdc66f5f9241677451add54a2df53b1791ebc6b6,0x7fb842f1e807dca0e34c771be70295ac30599923,0x85ba591b3444ed01b5d7f8cebdb897494709bbdc,0x2326d4fb2737666dda96bd6314e3d4418246cfe8,57365607002198572195,Dopex Governance Token,DPX,18,62,152817,51000000000,123944,4205988,deprecated,0x7ff36ab5,"swapExactETHForTokens(uint256 amountOutMin, address[] path, address to, uint256 deadline)",12556571
12505131,1621967344,0xcb3332e6f949e053ef6279cb1bc1faef435e3b99291125c449379e81dc96d184,282,0xa6052c25275c4151f1205715f5768a338855761cf056205f9b3b745df18e8cde,0x7fb842f1e807dca0e34c771be70295ac30599923,0x85ba591b3444ed01b5d7f8cebdb897494709bbdc,0x00290ffc9e9d19bda7b25c6e44d8adf55dfbf2dd,29939478259606651728,Dopex Governance Token,DPX,18,33,152804,51000000000,123932,4214905,deprecated,0x7ff36ab5,"swapExactETHForTokens(uint256 amountOutMin, address[] path, address to, uint256 deadline)",12556570
12505133,1621967360,0x9fc02f263f858c87d1758ec338fe35e6276938718f8e28f841850d62cd71e801,283,0xde2d66e566021101981acd06c3e379cfa5b81cee667fcf3da1573fc1b53c4ac7,0x7fb842f1e807dca0e34c771be70295ac30599923,0x85ba591b3444ed01b5d7f8cebdb897494709bbdc,0xc02ad7b9a9121fc849196e844dc869d2250df3a6,40731798734334145946,Dopex Governance Token,DPX,18,14,164457,51000000000,123944,666914,deprecated,0x7ff36ab5,"swapExactETHForTokens(uint256 amountOutMin, address[] path, address to, uint256 deadline)",12556568
12505134,1621967363,0x509caa1f970ad265991bdf4d287643fb90ffe14420f3ff72139ee42b9615865f,284,0xf5b15b975553ae7ea44b7096119026479b07b62be6d448a26a4975ad4f911e63,0x7fb842f1e807dca0e34c771be70295ac30599923,0x85ba591b3444ed01b5d7f8cebdb897494709bbdc,0xc25e850f6cede52809014d4eecca402eb47bdc28,55669104727533880064,Dopex Governance Token,DPX,18,46,164457,51000000000,123944,4421959,deprecated,0x7ff36ab5,"swapExactETHForTokens(uint256 amountOutMin, address[] path, address to, uint256 deadline)",12556567
12505137,1621967378,0xd77fd99350cfaf680a6dfccd282cf71ce3a41dd544272b25e81e6d99d045f63c,285,0x803b50318b802853c549cbfedebc56d0c4dd3273203f4ca181c8633a932c87d4,0x7fb842f1e807dca0e34c771be70295ac30599923,0x85ba591b3444ed01b5d7f8cebdb897494709bbdc,0x4348a4da5f399b135c7cdb566540b280d6ad93bf,32873766851039707011,Dopex Governance Token,DPX,18,68,152817,51000000000,123944,4541986,deprecated,0x7ff36ab5,"swapExactETHForTokens(uint256 amountOutMin, address[] path, address to, uint256 deadline)",12556564
12505140,1621967403,0x834601aa9145eb0c593f819d305bd0b94e4b98eec0abf5e718e989a3233d49bd,286,0xb1378808b2754e6f168bdaaacd6702cc9efe294aa70b33dcc1f90ad73c832037,0x7fb842f1e807dca0e34c771be70295ac30599923,0x85ba591b3444ed01b5d7f8cebdb897494709bbdc,0x88a0a8c581b5f2c4c8413e07e62a0d1314f1b0ff,26621222881279821741,Dopex Governance Token,DPX,18,98,152804,49000000000,123932,7292661,deprecated,0x7ff36ab5,"swapExactETHForTokens(uint256 amountOutMin, address[] path, address to, uint256 deadline)",12556561
12505142,1621967442,0x9b049e914ec945ed50185f043f632188551cba139ab6bdcd3e317266aa623060,287,0xc541db75248502027b0e1bf132b3636c09b3cfe67bbd9070ab6f83157494b13f,0x7fb842f1e807dca0e34c771be70295ac30599923,0x85ba591b3444ed01b5d7f8cebdb897494709bbdc,0x726cdc837384a7deb8bbea64beba2e7b4d7346c0,48731176446931519309,Dopex Governance Token,DPX,18,174,152817,49000000000,123944,10883698,deprecated,0x7ff36ab5,"swapExactETHForTokens(uint256 amountOutMin, address[] path, address to, uint256 deadline)",12556559
12505142,1621967442,0x0be675701c0ec07d5c3a0ef6554bd55e2259258e3a28702969b6a28f3389b205,288,0xc541db75248502027b0e1bf132b3636c09b3cfe67bbd9070ab6f83157494b13f,0x7fb842f1e807dca0e34c771be70295ac30599923,0x85ba591b3444ed01b5d7f8cebdb897494709bbdc,0x6dc5351381b082fe5e1ca6e5c3666a7f6a4d9c03,68253010836649976825,Dopex Governance Token,DPX,18,178,164457,49000000000,113528,11239767,deprecated,0x7ff36ab5,"swapExactETHForTokens(uint256 amountOutMin, address[] path, address to, uint256 deadline)",12556559
12505143,1621967468,0xe2a1c4382976ef602635d186f7158a128a5efb3674eeb30f194f7135bf115b50,289,0x742eba4b31828fc0248270cf08a0b8034a5a9e26a4e1820d6aa3728bcfd391c4,0x7fb842f1e807dca0e34c771be70295ac30599923,0x85ba591b3444ed01b5d7f8cebdb897494709bbdc,0x3efc491e56285b2337bb4f58f5b6cf12bc4810d9,41395841373731297768,Dopex Governance Token,DPX,18,112,152817,49000000000,123944,14062207,deprecated,0x7ff36ab5,"swapExactETHForTokens(uint256 amountOutMin, address[] path, address to, uint256 deadline)",12556558
12505144,1621967476,0x2d050be6af040b39107f4522197509023640d157781bd885923bdad7e498e481,290,0xf51bc1e2dfe1f695fdd2618c0e869195e947ed29816b376255d608e567a1f52d,0x7fb842f1e807dca0e34c771be70295ac30599923,0x85ba591b3444ed01b5d7f8cebdb897494709bbdc,0x205b80f02b472b2fdf311ad782be2ad2342670ea,84367310650112946008,Dopex Governance Token,DPX,18,187,164457,49000000000,123944,13205345,deprecated,0x7ff36ab5,"swapExactETHForTokens(uint256 amountOutMin, address[] path, address to, uint256 deadline)",12556557
12505144,1621967476,0x69d466110f0b23ff6b04630548695e1e02a3698689f1006c581bfb3cb7bed76b,291,0xf51bc1e2dfe1f695fdd2618c0e869195e947ed29816b376255d608e567a1f52d,0x7fb842f1e807dca0e34c771be70295ac30599923,0x85ba591b3444ed01b5d7f8cebdb897494709bbdc,0x75b5c0868a68dccd4a5e762254e669e4d9a4d4e5,29632046766943556283,Dopex Governance Token,DPX,18,189,152817,49000000000,113528,13339873,deprecated,0x7ff36ab5,"swapExactETHForTokens(uint256 amountOutMin, address[] path, address to, uint256 deadline)",12556557
12505144,1621967476,0x6c58d59d1c4039c3568740ba965071b833e872bfe41a48a287fe2182633251e3,292,0xf51bc1e2dfe1f695fdd2618c0e869195e947ed29816b376255d608e567a1f52d,0x7fb842f1e807dca0e34c771be70295ac30599923,0x85ba591b3444ed01b5d7f8cebdb897494709bbdc,0xe3017d50df837058991010361a714ff95f2ae9a0,67569301746861775675,Dopex Governance Token,DPX,18,193,152817,49000000000,113528,13813232,deprecated,0x7ff36ab5,"swapExactETHForTokens(uint256 amountOutMin, address[] path, address to, uint256 deadline)",12556557
12505152,1621967640,0xf291d15e2f4813dcd3353d1c7203df30d63f6d79e0e9aba1945a1131b6355f46,293,0x18aeabb2fd9ebc29450782a55e936b63ed1acc2b505cce607979edf6c2844459,0x7fb842f1e807dca0e34c771be70295ac30599923,0x85ba591b3444ed01b5d7f8cebdb897494709bbdc,0x28ed88c5f72c4e6dfc704f4cc71a4b7756bc4dbc,96887073622182433414,Dopex Governance Token,DPX,18,31,164457,59000000000,123944,1842287,deprecated,0x7ff36ab5,"swapExactETHForTokens(uint256 amountOutMin, address[] path, address to, uint256 deadline)",12556549
12505153,1621967659,0x97e41f012821fed15983acb2014a19f077398c5fa22ebf0dca3bad6e91fbd35b,294,0x18b739987d57a78ade04561c33ef05ffe18a46d28a1200372a6db15d4ca2a0f5,0x7fb842f1e807dca0e34c771be70295ac30599923,0x85ba591b3444ed01b5d7f8cebdb897494709bbdc,0x4fbf0c05e0f6f8653b7ee7cffe06b2b9633c74b2,50117047361471489148,Dopex Governance Token,DPX,18,110,152817,42000000000,123944,7431182,deprecated,0x7ff36ab5,"swapExactETHForTokens(uint256 amountOutMin, address[] path, address to, uint256 deadline)",12556548
12505153,1621967659,0x3aaad564290c1d6b9e0df70cd69fb352458430b8152dbf870a82409a1a553062,295,0x18b739987d57a78ade04561c33ef05ffe18a46d28a1200372a6db15d4ca2a0f5,0x7fb842f1e807dca0e34c771be70295ac30599923,0x85ba591b3444ed01b5d7f8cebdb897494709bbdc,0x7c6907713318d8aff06b03d1696019f18ccab75f,29130930789189445494,Dopex Governance Token,DPX,18,114,152817,42000000000,113528,7627916,deprecated,0x7ff36ab5,"swapExactETHForTokens(uint256 amountOutMin, address[] path, address to, uint256 deadline)",12556548
12505153,1621967659,0xa6edddebae91991237c84e7568bd36eac5b21b80a06bed9d1ad769bee1e74324,296,0x18b739987d57a78ade04561c33ef05ffe18a46d28a1200372a6db15d4ca2a0f5,0x7fb842f1e807dca0e34c771be70295ac30599923,0x85ba591b3444ed01b5d7f8cebdb897494709bbdc,0xeb7ae9d125442a5b4ed57fe7c4cbc87512b02ada,60806161627488614920,Dopex Governance Token,DPX,18,115,152817,42000000000,113528,7741444,deprecated,0x7ff36ab5,"swapExactETHForTokens(uint256 amountOutMin, address[] path, address to, uint256 deadline)",12556548
12505153,1621967659,0x022bccb26bc32d38ba2196664fb3d192c7398f2ae79f278ad83ed9034e038aa0,297,0x18b739987d57a78ade04561c33ef05ffe18a46d28a1200372a6db15d4ca2a0f5,0x7fb842f1e807dca0e34c771be70295ac30599923,0x85ba591b3444ed01b5d7f8cebdb897494709bbdc,0x81a388757eeb1e6352ce6a2d8fb258ae4d787e3e,49792080601365985428,Dopex Governance Token,DPX,18,116,152817,55000000000,113528,7854972,deprecated,0x7ff36ab5,"swapExactETHForTokens(uint256 amountOutMin, address[] path, address to, uint256 deadline)",12556548
12505153,1621967659,0xe074fb2514eff283004f477608515854d324a5d6c289992b945ebb2249e179cf,298,0x18b739987d57a78ade04561c33ef05ffe18a46d28a1200372a6db15d4ca2a0f5,0x7fb842f1e807dca0e34c771be70295ac30599923,0x85ba591b3444ed01b5d7f8cebdb897494709bbdc,0x556bd626535022cb854e297ada4f46807da54b2c,37144225412001586387,Dopex Governance Token,DPX,18,117,152817,55000000000,113528,7968500,deprecated,0x7ff36ab5,"swapExactETHForTokens(uint256 amountOutMin, address[] path, address to, uint256 deadline)",12556548
12505153,1621967659,0x83e3bd040940c9f8d38ad9ffb8678bdf67fdb5282d26148793ee6510efed0c88,299,0x18b739987d57a78ade04561c33ef05ffe18a46d28a1200372a6db15d4ca2a0f5,0x7fb842f1e807dca0e34c771be70295ac30599923,0x85ba591b3444ed01b5d7f8cebdb897494709bbdc,0x077b89835d729283bdcce39840df5b063bc1159f,28583720342237026152,Dopex Governance Token,DPX,18,118,152817,55000000000,113528,8082028,deprecated,0x7ff36ab5,"swapExactETHForTokens(uint256 amountOutMin, address[] path, address to, uint256 deadline)",12556548
12505153,1621967659,0x31a7faaa6e04a4162520ead56c43759bcf37d8d880a0c0ce6fcf17b52f57bc9d,300,0x18b739987d57a78ade04561c33ef05ffe18a46d28a1200372a6db15d4ca2a0f5,0x7fb842f1e807dca0e34c771be70295ac30599923,0x85ba591b3444ed01b5d7f8cebdb897494709bbdc,0x4045be3792184a2ed24d65775a308b9c220c767d,60920115450844570420,Dopex Governance Token,DPX,18,119,152817,55000000000,113528,8195556,deprecated,0x7ff36ab5,"swapExactETHForTokens(uint256 amountOutMin, address[] path, address to, uint256 deadline)",12556548
12505153,1621967659,0x24315ff75eef377e6d01a7715dd83f0bf244016ac1a73cf89f7837d138d82630,301,0x18b739987d57a78ade04561c33ef05ffe18a46d28a1200372a6db15d4ca2a0f5,0x7fb842f1e807dca0e34c771be70295ac30599923,0x85ba591b3444ed01b5d7f8cebdb897494709bbdc,0x5fee43884eb99fbc2dd76a090ef742db12051478,36922652339304361984,Dopex Governance Token,DPX,18,120,164444,55000000000,113516,8309072,deprecated,0x7ff36ab5,"swapExactETHForTokens(uint256 amountOutMin, address[] path, address to, uint256 deadline)",12556548
12505153,1621967659,0x3d01e3fb6be58912745862f288aab0e9adb639374207d2579c38c63e2a4e2043,302,0x18b739987d57a78ade04561c33ef05ffe18a46d28a1200372a6db15d4ca2a0f5,0x7fb842f1e807dca0e34c771be70295ac30599923,0x85ba591b3444ed01b5d7f8cebdb897494709bbdc,0x2534d237de522f3077a031ebaf68950ddedaba68,28361427107533666046,Dopex Governance Token,DPX,18,121,164457,55000000000,113528,8422600,deprecated,0x7ff36ab5,"swapExactETHForTokens(uint256 amountOutMin, address[] path, address to, uint256 deadline)",12556548
12505153,1621967659,0x229323f072a413dffcd68751b2e8ffe4f8e18d48c66a2c841fc9e8fd55198695,303,0x18b739987d57a78ade04561c33ef05ffe18a46d28a1200372a6db15d4ca2a0f5,0x7fb842f1e807dca0e34c771be70295ac30599923,0x85ba591b3444ed01b5d7f8cebdb897494709bbdc,0x82b8b659a4a98f69cb7899e1a07089ea3b90a894,50425289259746631143,Dopex Governance Token,DPX,18,122,164457,55000000000,113528,8536128,deprecated,0x7ff36ab5,"swapExactETHForTokens(uint256 amountOutMin, address[] path, address to, uint256 deadline)",12556548
12505153,1621967659,0x7467f21314ca5cc01887723e1a4a9d4ea07e5dd5644b7747fbf9d473e24a5db7,304,0x18b739987d57a78ade04561c33ef05ffe18a46d28a1200372a6db15d4ca2a0f5,0x7fb842f1e807dca0e34c771be70295ac30599923,0x85ba591b3444ed01b5d7f8cebdb897494709bbdc,0xce3bd76a757350c85839988079a2a0acf27ec8f4,71320708346555122167,Dopex Governance Token,DPX,18,123,164457,55000000000,113528,8649656,deprecated,0x7ff36ab5,"swapExactETHForTokens(uint256 amountOutMin, address[] path, address to, uint256 deadline)",12556548
12505153,1621967659,0x7ae1fbac6f3ec1cd3aeac6f9910705b2be31b65e613fda240891173aec590066,305,0x18b739987d57a78ade04561c33ef05ffe18a46d28a1200372a6db15d4ca2a0f5,0x7fb842f1e807dca0e34c771be70295ac30599923,0x85ba591b3444ed01b5d7f8cebdb897494709bbdc,0xb2f5b7009a21a6af46582f31325ad9aaea0c0bd2,28023601311673970542,Dopex Governance Token,DPX,18,124,164444,54000000000,113516,8763172,deprecated,0x7ff36ab5,"swapExactETHForTokens(uint256 amountOutMin, address[] path, address to, uint256 deadline)",12556548
12505154,1621967671,0xae90a41e59f9550a4d566b1ec7626592a855c2865491f3642e8126fddc9c5cb2,306,0xc8a8598e3600135c80e91aa72851365e249ff9280d85c2b5d4e9d9f505a5d994,0x7fb842f1e807dca0e34c771be70295ac30599923,0x85ba591b3444ed01b5d7f8cebdb897494709bbdc,0x7fbaf24be5fb8eaefa5add9af3f7052d3ff52e40,48428359379091090702,Dopex Governance Token,DPX,18,68,164457,54000000000,123944,7443373,deprecated,0x7ff36ab5,"swapExactETHForTokens(uint256 amountOutMin, address[] path, address to, uint256 deadline)",12556547
12505154,1621967671,0xebc377319f5dc529cbc935d8720592a1a09450d9069f83630bec9b4ff60b340c,307,0xc8a8598e3600135c80e91aa72851365e249ff9280d85c2b5d4e9d9f505a5d994,0x7fb842f1e807dca0e34c771be70295ac30599923,0x85ba591b3444ed01b5d7f8cebdb897494709bbdc,0xa44109a4817393be7456ca341c68a8de7ae6b353,39077898087854175498,Dopex Governance Token,DPX,18,72,164457,54000000000,113528,7657900,deprecated,0x7ff36ab5,"swapExactETHForTokens(uint256 amountOutMin, address[] path, address to, uint256 deadline)",12556547
12505155,1621967696,0xa6186f6dc4d29b470b21b2ff6270ca2f76a65474101891d919e91854497a2eca,308,0xb582503a70ad102511d196db8c769619177440f6ce784dacb9b12cacf52f5391,0x7fb842f1e807dca0e34c771be70295ac30599923,0x85ba591b3444ed01b5d7f8cebdb897494709bbdc,0xb51d93791e19d8cf1fdf1851aa97e7695a9135c0,67814642548910983741,Dopex Governance Token,DPX,18,49,164457,54000000000,123944,3971227,deprecated,0x7ff36ab5,"swapExactETHForTokens(uint256 amountOutMin, address[] path, address to, uint256 deadline)",12556546
12505156,1621967703,0x018ef6d49f2f19c00586ddae19fdfc528185867c998217d438ba9eafc2696f6b,309,0x9b4d819a545592f89570c9f38a0009415ba3b7d255454948a67916d6729b0fcb,0x7fb842f1e807dca0e34c771be70295ac30599923,0x85ba591b3444ed01b5d7f8cebdb897494709bbdc,0x8f5d46fcadeca93356b70f40858219bb1fbf6088,39180856921510986472,Dopex Governance Token,DPX,18,26,164457,54000000000,123944,2211590,deprecated,0x7ff36ab5,"swapExactETHForTokens(uint256 amountOutMin, address[] path, address to, uint256 deadline)",12556545
12505161,1621967773,0xe43fcf2f87a98b69f6f52e2627ea698f9a94ca9b7f36ae74ba063d7f51deb9d2,310,0xa556c0f1d482e16298b622cf0e98d977fae3dc97963c9dab693b9cf76d11a6c4,0x7fb842f1e807dca0e34c771be70295ac30599923,0x85ba591b3444ed01b5d7f8cebdb897494709bbdc,0xc1d1b12bce4a73310f268d49efab95eb2a679609,53346963973411070801,Dopex Governance Token,DPX,18,143,152817,54000000000,123944,10651192,deprecated,0x7ff36ab5,"swapExactETHForTokens(uint256 amountOutMin, address[] path, address to, uint256 deadline)",12556540
12505161,1621967773,0xe27dbe0b61db8758111d0044918483afa90cbb54c59e87c545733310129d93ec,311,0xa556c0f1d482e16298b622cf0e98d977fae3dc97963c9dab693b9cf76d11a6c4,0x7fb842f1e807dca0e34c771be70295ac30599923,0x85ba591b3444ed01b5d7f8cebdb897494709bbdc,0x988abfbb8743cc440e7ff7da6d2f4c60e301501f,34828529846574101080,Dopex Governance Token,DPX,18,144,152817,54000000000,113528,10764720,deprecated,0x7ff36ab5,"swapExactETHForTokens(uint256 amountOutMin, address[] path, address to, uint256 deadline)",12556540
12505165,1621967876,0x68df56aaec8f209c4ffc29258a437946fab5e09a1c138d6240bd9f3e21eb8373,312,0x315f2c50a2e8b17df344eb1cb5b49d90321845404df2ce83e89f55d5842766d8,0x7fb842f1e807dca0e34c771be70295ac30599923,0x85ba591b3444ed01b5d7f8cebdb897494709bbdc,0xe3786bf25e15013fdda09dbe881529d44b9ca239,24266968610633109921,Dopex Governance Token,DPX,18,97,145335,48000000000,106832,7238288,deprecated,0x7ff36ab5,"swapExactETHForTokens(uint256 amountOutMin, address[] path, address to, uint256 deadline)",12556536
12505165,1621967876,0x851633aa104a31f16a31bd7ecba16c672445172aa5caac89c893c26940c1cb78,313,0x315f2c50a2e8b17df344eb1cb5b49d90321845404df2ce83e89f55d5842766d8,0x7fb842f1e807dca0e34c771be70295ac30599923,0x85ba591b3444ed01b5d7f8cebdb897494709bbdc,0x24434ebf296c2f9cd59b14412aae5c4ca1d5aad2,31929269502965737009,Dopex Governance Token,DPX,18,100,145348,48000000000,96428,7651016,deprecated,0x7ff36ab5,"swapExactETHForTokens(uint256 amountOutMin, address[] path, address to, uint256 deadline)",12556536
12505165,1621967876,0xc50233d5055562742e128493fd266fe7f3ff04bf44aa84ddc1ee8e5f15756e89,314,0x315f2c50a2e8b17df344eb1cb5b49d90321845404df2ce83e89f55d5842766d8,0x7fb842f1e807dca0e34c771be70295ac30599923,0x85ba591b3444ed01b5d7f8cebdb897494709bbdc,0x765fd7bc874911c7add141f276fd28b2b5341275,15018891866718733049,Dopex Governance Token,DPX,18,101,164444,50000000000,113516,7764532,deprecated,0x7ff36ab5,"swapExactETHForTokens(uint256 amountOutMin, address[] path, address to, uint256 deadline)",12556536
12505165,1621967876,0x120edb9ba651c148e2ff5c9c2c57b254a5de5d9c5d3ecc8b8b766df203f26929,315,0x315f2c50a2e8b17df344eb1cb5b49d90321845404df2ce83e89f55d5842766d8,0x7fb842f1e807dca0e34c771be70295ac30599923,0x85ba591b3444ed01b5d7f8cebdb897494709bbdc,0x7abe0ce388281d2acf297cb089caef3819b13448,12320853141158923194,Dopex Governance Token,DPX,18,111,164444,48000000000,113516,8919603,deprecated,0x7ff36ab5,"swapExactETHForTokens(uint256 amountOutMin, address[] path, address to, uint256 deadline)",12556536
12505166,1621967880,0xabd6b13e4dfae2075a123e3c23122a37a43912755874919f98a02eeb94316a39,316,0x25e04f01943bbbb698408cad1bcbffb404bc743df0120580b7bc90c495f6ddc6,0x7fb842f1e807dca0e34c771be70295ac30599923,0x85ba591b3444ed01b5d7f8cebdb897494709bbdc,0xd85a7a3c5f08e3e709c233e133ce1335fbbf5518,9089163283677460882,Dopex Governance Token,DPX,18,12,145335,55000000000,106832,904309,deprecated,0x7ff36ab5,"swapExactETHForTokens(uint256 amountOutMin, address[] path, address to, uint256 deadline)",12556535
12505168,1621967887,0x507a40d85d856d04ed72a1a50eaf8667f8f6dec01dad499dad2bfdc80a39c347,175,0xde4ac614a4d5c421b2b1b77e847f2d8b32b4b63a52fe54da9d1c29884d405a31,0x7fb842f1e807dca0e34c771be70295ac30599923,0x85ba591b3444ed01b5d7f8cebdb897494709bbdc,0x7266c14071febb0072c81bd6cbd5a09d06d41124,6908756581239783486,Dopex Governance Token,DPX,18,143,179379,53000000000,123920,8916397,deprecated,0x7ff36ab5,"swapExactETHForTokens(uint256 amountOutMin, address[] path, address to, uint256 deadline)",12556533
12505171,1621967918,0x952381a40d24615c6c8529649597724d38b86e2287b58cbe1696630b2eb1c3b2,317,0xf92c780c7e58bea2972458efe64ecde7482645e29245e92413d517f307cab7ef,0x7fb842f1e807dca0e34c771be70295ac30599923,0x85ba591b3444ed01b5d7f8cebdb897494709bbdc,0x7939001612795afa125a245e1683f8559c7f8db1,29067307778320840023,Dopex Governance Token,DPX,18,53,152804,55000000000,123932,3957519,deprecated,0x7ff36ab5,"swapExactETHForTokens(uint256 amountOutMin, address[] path, address to, uint256 deadline)",12556530
12505172,1621967925,0xcc9600f37c7ca23d6807697da6a32d095a4c03eb4a19cca526ed3229b445648e,318,0x9442d5ade22081417cf4ae81a86a694a587c83b9b767bf78dc6bcc1ef8ba2f3f,0x7fb842f1e807dca0e34c771be70295ac30599923,0x85ba591b3444ed01b5d7f8cebdb897494709bbdc,0x6e3aa85db95bba36276a37ed93b12b7ab0782afb,22721661163450797325,Dopex Governance Token,DPX,18,116,152804,55000000000,123932,9108231,deprecated,0x7ff36ab5,"swapExactETHForTokens(uint256 amountOutMin, address[] path, address to, uint256 deadline)",12556529
12505178,1621967986,0xc5e5034e56291f0b15037a8a5c07cb0c46ea98b34a4267a2b4a70e36e36b4d19,319,0x782361982c409626f15956645d0387972783f3a98606cc9cbc9e2a263a9322c1,0x7fb842f1e807dca0e34c771be70295ac30599923,0x85ba591b3444ed01b5d7f8cebdb897494709bbdc,0x9c5083dd4838e120dbeac44c052179692aa5dac5,34362750484733477562,Dopex Governance Token,DPX,18,100,152817,55000000000,123944,6347088,deprecated,0x7ff36ab5,"swapExactETHForTokens(uint256 amountOutMin, address[] path, address to, uint256 deadline)",12556523
12505179,1621968016,0x111ef8d34796023961b9a87a309a55e0bf4992efd329ab8ecccd67edcf196e7e,320,0x4b1ef386308187adc1a18afc319147d39a1c828f977fb1798c00f90dc0056ca4,0x7fb842f1e807dca0e34c771be70295ac30599923,0x85ba591b3444ed01b5d7f8cebdb897494709bbdc,0x22fa8cc33a42320385cbd3690ed60a021891cb32,27572371015996566662,Dopex Governance Token,DPX,18,11,133709,54000000000,106844,836142,deprecated,0x7ff36ab5,"swapExactETHForTokens(uint256 amountOutMin, address[] path, address to, uint256 deadline)",12556522
12505181,1621968057,0xcc29559db477d1bf6126ef10f7a661a2e8b455bd67c0d77aecadcf299b224bb0,321,0xe0354e91dbd7f7a59ed51a31ecc9db60dbb345b81a93f1e6c7ef08cb5a6919f4,0x7fb842f1e807dca0e34c771be70295ac30599923,0x85ba591b3444ed01b5d7f8cebdb897494709bbdc,0x1df4f5cbf823923a6585017df2d94d2ba69e75ca,14578890056412115380,Dopex Governance Token,DPX,18,59,152804,60000000000,123932,3525651,deprecated,0x7ff36ab5,"swapExactETHForTokens(uint256 amountOutMin, address[] path, address to, uint256 deadline)",12556520
12505183,1621968098,0xa41aae8aecc1e7e8c568bda2950903c124fbc0bbc3edfe9e87e5fa1f084f306e,322,0x12a8a463f34f2c25c31ba2040632ff8a3015f3ee0876c9a9628a7dcad4de6f6f,0x7fb842f1e807dca0e34c771be70295ac30599923,0x85ba591b3444ed01b5d7f8cebdb897494709bbdc,0x99fd1378ca799ed6772fe7bcdc9b30b389518962,27344562240625955806,Dopex Governance Token,DPX,18,91,133709,50000000000,106844,6849487,deprecated,0x7ff36ab5,"swapExactETHForTokens(uint256 amountOutMin, address[] path, address to, uint256 deadline)",12556518
12505184,1621968101,0xa854b808a9b692732d2e3ff4e11f6d07032b205656ffbcd14f5131fe6978180c,323,0x36d172582420a683b2d38f2e8d8d2600f63821435c591e4a6fbdc032feecc600,0x7fb842f1e807dca0e34c771be70295ac30599923,0x85ba591b3444ed01b5d7f8cebdb897494709bbdc,0xa0f75491720835b36edc92d06ddc468d201e9b73,34689823479483548387,Dopex Governance Token,DPX,18,159,152817,50000000000,123944,11915565,deprecated,0x7ff36ab5,"swapExactETHForTokens(uint256 amountOutMin, address[] path, address to, uint256 deadline)",12556517
12505185,1621968121,0x4eeff5da160c2323f7cb56be734a15d793ff52ea3da08ab1d39364fc2829e4f3,3,0x8a7e38cdce7c8d26459bd22b63df42173cf4ebc500bab3fc6abb33fbf4ca446e,0x7fb842f1e807dca0e34c771be70295ac30599923,0x85ba591b3444ed01b5d7f8cebdb897494709bbdc,0xfdb5885cd19451e8256d161e16320bd6201f4886,38517073356067152046,Dopex Governance Token,DPX,18,84,248184,56000000000,218043,5002936,deprecated,0x5c11d795,"swapExactTokensForTokensSupportingFeeOnTransferTokens(uint256 amountIn, uint256 amountOutMin, address[] path, address to, uint256 deadline)",12556516
12505192,1621968176,0x84fd2a031260abf780c72e242d8311ba2bc73e0a7d11c09885864a4bbb1771ab,324,0xdd6acc75ba8510f20fef17c6399b7d5048ddcedf1351919215a514a58c29e77a,0x7fb842f1e807dca0e34c771be70295ac30599923,0x85ba591b3444ed01b5d7f8cebdb897494709bbdc,0x48cacf075c7c056c84efd8f92a020ff5c29120f5,19770004686092210904,Dopex Governance Token,DPX,18,101,152804,56000000000,123932,3708493,deprecated,0x7ff36ab5,"swapExactETHForTokens(uint256 amountOutMin, address[] path, address to, uint256 deadline)",12556509
12505194,1621968183,0x968e7dee558c19fe03cfab83425ed2d4e6fbca21bbf3080f168cf6558fad6f1d,325,0xd64b85f6f04aacce51b96a2735edb6a1f38e21dc41fce8fa6fb80ccd81cd8d95,0x7fb842f1e807dca0e34c771be70295ac30599923,0x85ba591b3444ed01b5d7f8cebdb897494709bbdc,0x09d4083ffd20d21acb9118465ad7c52ac8b548f7,47419282650517860676,Dopex Governance Token,DPX,18,82,152817,53000000000,123944,4930245,deprecated,0x7ff36ab5,"swapExactETHForTokens(uint256 amountOutMin, address[] path, address to, uint256 deadline)",12556507
12505197,1621968235,0xa83df6bc40d9e29985792d2476de0e71518e3cbbf18b4be4fe2ba48b529fffe6,326,0x7c5bebd419f401fbb36e16a6c77ecceb2f55abfb12ab07969da021505f6acea6,0x7fb842f1e807dca0e34c771be70295ac30599923,0x85ba591b3444ed01b5d7f8cebdb897494709bbdc,0x50664ede715e131f584d3e7eaabd7818bb20a068,40500449433507023374,Dopex Governance Token,DPX,18,207,164457,46000000000,123944,12705419,deprecated,0x7ff36ab5,"swapExactETHForTokens(uint256 amountOutMin, address[] path, address to, uint256 deadline)",12556504
12505202,1621968325,0x4325bba186d3fb89833af206a70c710a9706dd9365c988c8e7d0c271a525e265,2,0xb05fdf45f30527382779983e9fad42a7156acfff0f2679241470fbaa1da9fc4d,0x7fb842f1e807dca0e34c771be70295ac30599923,0x85ba591b3444ed01b5d7f8cebdb897494709bbdc,0x310d5c8ee1512d5092ee4377061ae82e48973689,54025118482251199224,Dopex Governance Token,DPX,18,88,164457,48000000000,123944,5369753,deprecated,0x7ff36ab5,"swapExactETHForTokens(uint256 amountOutMin, address[] path, address to, uint256 deadline)",12556499
12505202,1621968325,0xba059df81ae6ca53ea2faa2ba56db87b3a70e133cdf9ac21d505837c99043bd5,3,0xb05fdf45f30527382779983e9fad42a7156acfff0f2679241470fbaa1da9fc4d,0x7fb842f1e807dca0e34c771be70295ac30599923,0x85ba591b3444ed01b5d7f8cebdb897494709bbdc,0x3f3e305c4ad49271ebda489dd43d2c8f027d2d41,36000430626855748231,Dopex Governance Token,DPX,18,89,164457,48000000000,113528,5483281,deprecated,0x7ff36ab5,"swapExactETHForTokens(uint256 amountOutMin, address[] path, address to, uint256 deadline)",12556499
12505202,1621968325,0x7ca97ce51303379a6d6f9267278d821b87cadcf955e4c571e561f2dab3d49404,4,0xb05fdf45f30527382779983e9fad42a7156acfff0f2679241470fbaa1da9fc4d,0x7fb842f1e807dca0e34c771be70295ac30599923,0x85ba591b3444ed01b5d7f8cebdb897494709bbdc,0xf1c1cdf8a84a5e042eb2213623adaec37fe21eb6,55698277862625411302,Dopex Governance Token,DPX,18,90,164457,48000000000,113528,5596809,deprecated,0x7ff36ab5,"swapExactETHForTokens(uint256 amountOutMin, address[] path, address to, uint256 deadline)",12556499
12505202,1621968325,0x838ef34f4acb7de8fdbeceb0767c209f33b52a5ba9d7fe6b0d3837e018bafab3,5,0xb05fdf45f30527382779983e9fad42a7156acfff0f2679241470fbaa1da9fc4d,0x7fb842f1e807dca0e34c771be70295ac30599923,0x85ba591b3444ed01b5d7f8cebdb897494709bbdc,0x108a8b7200d044bbbe95bef6f671baec5473e05f,36556148387507649198,Dopex Governance Token,DPX,18,92,164444,48000000000,113516,5741748,deprecated,0x7ff36ab5,"swapExactETHForTokens(uint256 amountOutMin, address[] path, address to, uint256 deadline)",12556499
12505203,1621968340,0xff63b49d6ea853dd3b577d05cd4755156e24f873e9b648cfe8ede58e79985462,6,0x686ed11d97f76dbcf3b4e044f0da32a36966946422bb1a88025783b53bf4c172,0x7fb842f1e807dca0e34c771be70295ac30599923,0x85ba591b3444ed01b5d7f8cebdb897494709bbdc,0x275d767b951c96e081fd8f7ca6888cd7b8fca43d,55138978455476530640,Dopex Governance Token,DPX,18,104,164457,50000000000,123944,6247793,deprecated,0x7ff36ab5,"swapExactETHForTokens(uint256 amountOutMin, address[] path, address to, uint256 deadline)",12556498
12505204,1621968350,0x91d5d524a1743a429a6f7381bcfbf01eb6e684fab4f43b1d396c64b51f2ac05e,7,0xe3f7b73e1932aee7a0a849e2c36ae664ce61a4bca800dcb93d8c44090866f986,0x7fb842f1e807dca0e34c771be70295ac30599923,0x85ba591b3444ed01b5d7f8cebdb897494709bbdc,0x9ed629bc305c5731d43de27cbbe8f77976893c2b,47889014019046805037,Dopex Governance Token,DPX,18,59,145348,50000000000,106844,2543009,deprecated,0x7ff36ab5,"swapExactETHForTokens(uint256 amountOutMin, address[] path, address to, uint256 deadline)",12556497
12505204,1621968350,0x7348cd405087504bac3c409edf3dfd218faeac093b7ecabfceeb8b6e62c12046,8,0xe3f7b73e1932aee7a0a849e2c36ae664ce61a4bca800dcb93d8c44090866f986,0x7fb842f1e807dca0e34c771be70295ac30599923,0x85ba591b3444ed01b5d7f8cebdb897494709bbdc,0x0548f59fee79f8832c299e01dca5c76f034f558e,26166520950272193110,Dopex Governance Token,DPX,18,60,145335,50000000000,96416,2639425,deprecated,0x7ff36ab5,"swapExactETHForTokens(uint256 amountOutMin, address[] path, address to, uint256 deadline)",12556497
12505207,1621968390,0x1798561fadc08910be9c641b17745ca16f29f909e51bdb23e663860e199f5f8a,9,0x4227b97c8efd360134ceab8a58a162f73991688348d8c7accd1eeeb210e4a999,0x7fb842f1e807dca0e34c771be70295ac30599923,0x85ba591b3444ed01b5d7f8cebdb897494709bbdc,0x7a8edc710ddeadddb0b539de83f3a306a621e823,54635557342397970300,Dopex Governance Token,DPX,18,103,152817,50000000000,123944,9487960,deprecated,0x7ff36ab5,"swapExactETHForTokens(uint256 amountOutMin, address[] path, address to, uint256 deadline)",12556494
12505207,1621968390,0x6dfd18b6e38580d74f9de45bb82d2482006e6bf8f5b3dd267c55463dcfa082b8,10,0x4227b97c8efd360134ceab8a58a162f73991688348d8c7accd1eeeb210e4a999,0x7fb842f1e807dca0e34c771be70295ac30599923,0x85ba591b3444ed01b5d7f8cebdb897494709bbdc,0x2ee555c9006a9dc4674f01e0d4dfc58e013708f0,26043226591151903444,Dopex Governance Token,DPX,18,106,152791,50000000000,113504,9653561,deprecated,0x7ff36ab5,"swapExactETHForTokens(uint256 amountOutMin, address[] path, address to, uint256 deadline)",12556494
12505207,1621968390,0xb6761ef66a0779840aeabe366165f4c3792d7caaa13c360aff77b3369e52f377,11,0x4227b97c8efd360134ceab8a58a162f73991688348d8c7accd1eeeb210e4a999,0x7fb842f1e807dca0e34c771be70295ac30599923,0x85ba591b3444ed01b5d7f8cebdb897494709bbdc,0x97e813b9a81d097e60a5e6311bc9a475199b67ae,39898872699780657977,Dopex Governance Token,DPX,18,110,133709,50000000000,96428,9843316,deprecated,0x7ff36ab5,"swapExactETHForTokens(uint256 amountOutMin, address[] path, address to, uint256 deadline)",12556494
12505212,1621968510,0xe8a2acfe6cd907673b1e15b46fc105b016885b3bc1294f1e442377799042781b,12,0xdb51c91512505e03e4145b1245c8e1cc3f873efa41d45456db34e8b9cabe847f,0x7fb842f1e807dca0e34c771be70295ac30599923,0x85ba591b3444ed01b5d7f8cebdb897494709bbdc,0x2bdded18e2ca464355091266b7616956944ee7ee,70507140453881803464,Dopex Governance Token,DPX,18,248,145348,50000000000,106844,12851579,deprecated,0x7ff36ab5,"swapExactETHForTokens(uint256 amountOutMin, address[] path, address to, uint256 deadline)",12556489
12505215,1621968564,0xb537910e49a4b848019a7024393a810828547b9a94b723308b17542d7ef36adf,13,0x3c435c1aafcdffd599eacebce8447df85cf090ccbb1b8f6b35a24d2f6dff3c7b,0x7fb842f1e807dca0e34c771be70295ac30599923,0x85ba591b3444ed01b5d7f8cebdb897494709bbdc,0xc33d98e88682c883fe32b8f6620660692092d39f,32970269522498583248,Dopex Governance Token,DPX,18,18,164457,46000000000,123944,995931,deprecated,0x7ff36ab5,"swapExactETHForTokens(uint256 amountOutMin, address[] path, address to, uint256 deadline)",12556486
12505215,1621968564,0xf86ca7c268e08b55abebfbdf7ce6678b245707670260d82bb22f3a8e8e08899c,14,0x3c435c1aafcdffd599eacebce8447df85cf090ccbb1b8f6b35a24d2f6dff3c7b,0x7fb842f1e807dca0e34c771be70295ac30599923,0x85ba591b3444ed01b5d7f8cebdb897494709bbdc,0xee2826453a4fd5afeb7ceffeef3ffa2320081268,25722296861488623724,Dopex Governance Token,DPX,18,23,152804,46000000000,113516,2156986,deprecated,0x7ff36ab5,"swapExactETHForTokens(uint256 amountOutMin, address[] path, address to, uint256 deadline)",12556486
12505215,1621968564,0x516fab80b683fc8d4b465ab7d94195143d682b71ac584caeaef0a9aa7cf7779c,15,0x3c435c1aafcdffd599eacebce8447df85cf090ccbb1b8f6b35a24d2f6dff3c7b,0x7fb842f1e807dca0e34c771be70295ac30599923,0x85ba591b3444ed01b5d7f8cebdb897494709bbdc,0x9b5ea8c719e29a5bd0959faf79c9e5c8206d0499,44686680581843506357,Dopex Governance Token,DPX,18,25,145348,46000000000,96428,2302126,deprecated,0x7ff36ab5,"swapExactETHForTokens(uint256 amountOutMin, address[] path, address to, uint256 deadline)",12556486
12505215,1621968564,0xb0bb0e7caacd8ee9fe19821d9d3c361a7bbfe1967df130dba396a61360d63ff8,16,0x3c435c1aafcdffd599eacebce8447df85cf090ccbb1b8f6b35a24d2f6dff3c7b,0x7fb842f1e807dca0e34c771be70295ac30599923,0x85ba591b3444ed01b5d7f8cebdb897494709bbdc,0x7ee09c11d6dc9684d6d5a4c6d333e5b9e336bb6c,31957674116167555256,Dopex Governance Token,DPX,18,26,145348,47000000000,96428,2398554,deprecated,0x7ff36ab5,"swapExactETHForTokens(uint256 amountOutMin, address[] path, address to, uint256 deadline)",12556486
12505215,1621968564,0x46396d50c6de00bb11bc92e943dad940e4703d01797134d2805386ebedea9164,17,0x3c435c1aafcdffd599eacebce8447df85cf090ccbb1b8f6b35a24d2f6dff3c7b,0x7fb842f1e807dca0e34c771be70295ac30599923,0x85ba591b3444ed01b5d7f8cebdb897494709bbdc,0x5921c191fe58175b1fb8943ed3f17345e615ff02,25531848539524827867,Dopex Governance Token,DPX,18,27,145335,47000000000,96416,2494970,deprecated,0x7ff36ab5,"swapExactETHForTokens(uint256 amountOutMin, address[] path, address to, uint256 deadline)",12556486
12505215,1621968564,0x37d4c420e887acd932e328c46af09679a750b52f99fdc61bcd8cb0f7757f17e9,18,0x3c435c1aafcdffd599eacebce8447df85cf090ccbb1b8f6b35a24d2f6dff3c7b,0x7fb842f1e807dca0e34c771be70295ac30599923,0x85ba591b3444ed01b5d7f8cebdb897494709bbdc,0x3505b95dbc8dbd895614f34ee8633ecbbaf35dc6,34405335732692110065,Dopex Governance Token,DPX,18,28,145348,47000000000,96428,2591398,deprecated,0x7ff36ab5,"swapExactETHForTokens(uint256 amountOutMin, address[] path, address to, uint256 deadline)",12556486
12505217,1621968571,0x1c34995a122c93f844143af6ec8fd8b56970a8020f381652ac117b1013589579,19,0xdf8be5510961a54e19559d28b7f153265d008800b61a8606e2c61ae6cd6625eb,0x7fb842f1e807dca0e34c771be70295ac30599923,0x85ba591b3444ed01b5d7f8cebdb897494709bbdc,0x7d274c4e4155de1848421e4c750b122414a32ef1,21374125322392669429,Dopex Governance Token,DPX,18,144,145335,47000000000,106832,14679848,deprecated,0x7ff36ab5,"swapExactETHForTokens(uint256 amountOutMin, address[] path, address to, uint256 deadline)",12556484
12505263,1621969427,0x986128463fd99d839aed6d42e003852a91f4c6493a4e01487222eb70790d8d58,327,0xf0964041e1a5b5dbf6c67029e2778f40b8eb7c0877d943d6348994ef11715273,0x0000000000000000000000000000000000000000,0x85ba591b3444ed01b5d7f8cebdb897494709bbdc,0x8ac7de95ff8d0ee72e0b54f781ab2e18f27108fb,25000000000000000000000,Dopex Governance Token,DPX,18,148,55063,55000000000,36709,9284939,deprecated,0x4e6ec247,"_mint(address _to, uint256 _amount)",12556438
12505265,1621969444,0xd94d9f495d86016d73af7dfaea58c7f29cc3a8d4779f18b0949686e02b8739f9,328,0x03869db33c2fb6c3cb9e30a0d8f0e052262c8661c573dc0a4d4b42bf2063ce3b,0x0000000000000000000000000000000000000000,0x85ba591b3444ed01b5d7f8cebdb897494709bbdc,0x55c536da641436e81d7e3f83d1b1346de20e7a71,25000000000000000000000,Dopex Governance Token,DPX,18,100,55063,57000000000,36709,6669586,deprecated,0x4e6ec247,"_mint(address _to, uint256 _amount)",12556436
12505267,1621969463,0x243c597442c9f6b70187cdbab1c251d183748bb5567436d4dc37e1fdd83c9f5e,329,0x5ad00fc28cddb6c96973c92593d76f84d7dbae64344b353019c4cb7a94159339,0x0000000000000000000000000000000000000000,0x85ba591b3444ed01b5d7f8cebdb897494709bbdc,0x2d407ddb06311396fe14d4b49da5f0471447d45c,50000000000000000000000,Dopex Governance Token,DPX,18,22,55063,70000000000,36709,1571731,deprecated,0x4e6ec247,"_mint(address _to, uint256 _amount)",12556434
12505272,1621969522,0xd8483dbca8b1c2b5f5152b02c715d99be60da97b9bcf6ee5c7e8fbebe8bba2be,330,0xc0159367bb195ddc82fb5f42275cf2c605dc4cc56de0f49548573e1223a76c6b,0xb56430bb083b3af810802540ed9970ebd014fc57,0x85ba591b3444ed01b5d7f8cebdb897494709bbdc,0x2d407ddb06311396fe14d4b49da5f0471447d45c,50000000000000000000000,Dopex Governance Token,DPX,18,42,84901,63000000000,56601,3087568,deprecated,0xa9059cbb,"transfer(address _to, uint256 _value)",12556429
12505279,1621969621,0x02c3359473e8070eba9e15176e2002683cb5734c84f4becf78dbf86cca21d254,331,0xb6fc06d2d1b734916535b53c2006765741fbac349d3cffd335f51c978ce5edf7,0x7fb842f1e807dca0e34c771be70295ac30599923,0x85ba591b3444ed01b5d7f8cebdb897494709bbdc,0x2d407ddb06311396fe14d4b49da5f0471447d45c,25529932616778067058,Dopex Governance Token,DPX,18,24,164444,60000000000,106832,1184897,deprecated,0x7ff36ab5,"swapExactETHForTokens(uint256 amountOutMin, address[] path, address to, uint256 deadline)",12556422
12505282,1621969714,0xf7daf8b64d977f00c34f22b5af9d99eb249423c041811ad976aa2bbc6f653bad,20,0x665f7a331120c90862056e319963d4c798e4a38a590b57c00de4e82193a7752f,0x7fb842f1e807dca0e34c771be70295ac30599923,0x85ba591b3444ed01b5d7f8cebdb897494709bbdc,0x2d407ddb06311396fe14d4b49da5f0471447d45c,63610597026996288021,Dopex Governance Token,DPX,18,197,133709,55000000000,106844,14742964,deprecated,0x7ff36ab5,"swapExactETHForTokens(uint256 amountOutMin, address[] path, address to, uint256 deadline)",12556419
12505286,1621969743,0x78beb251a71c8698dc09034d518d1f6476b95c8f01dc731194f3fe30d790e5e8,21,0xf2af2a9d3fb520ea86ccb60d956bb3e40e7f5045a319c4b22255bc23e5470141,0x7fb842f1e807dca0e34c771be70295ac30599923,0x85ba591b3444ed01b5d7f8cebdb897494709bbdc,0x20017a30d3156d4005bda08c40acda0a6ae209b1,11385154770789526874,Dopex Governance Token,DPX,18,242,164444,53000000000,123932,14931746,deprecated,0x7ff36ab5,"swapExactETHForTokens(uint256 amountOutMin, address[] path, address to, uint256 deadline)",12556415
12505289,1621969780,0xddf33d7e4a6d8d95e0df9bdd32ea9000be70d8844fb14f042c6a8123fa93e2a7,22,0xa5a7024211dea5fea3189149149d21308df811c3d1ea42e403ae1808b6e0c8dc,0x7fb842f1e807dca0e34c771be70295ac30599923,0x85ba591b3444ed01b5d7f8cebdb897494709bbdc,0x6f812f43ce8c2d3dfa44726c2fdc40a39470f941,12037845421531398927,Dopex Governance Token,DPX,18,56,145335,64000000000,106832,5818440,deprecated,0x7ff36ab5,"swapExactETHForTokens(uint256 amountOutMin, address[] path, address to, uint256 deadline)",12556412
12505291,1621969817,0x4460f7ad30eee2ad6b0f3ae78cf91684f8a0210d9dc19affea7ccf8c295d52a8,23,0xf9e60090ce7e0e2406440e92ff5837e6bfda594c4ff414da3013f3b1e8dea6e6,0x7fb842f1e807dca0e34c771be70295ac30599923,0x85ba591b3444ed01b5d7f8cebdb897494709bbdc,0xf7411a3f727b36f56ff3a871163c21e56d672656,22654978525782245617,Dopex Governance Token,DPX,18,34,164444,63000000000,123932,2534053,deprecated,0x7ff36ab5,"swapExactETHForTokens(uint256 amountOutMin, address[] path, address to, uint256 deadline)",12556410
12505292,1621969829,0xfe4b27c2eda7002ffd66a9862bbd935e48433780ebca8578450a3d1ad313ba0f,24,0x72b41705885dc9c400baf8ffd31dac6dd1fa1d384ddd55dbf8f2c0fdb4057838,0x7fb842f1e807dca0e34c771be70295ac30599923,0x85ba591b3444ed01b5d7f8cebdb897494709bbdc,0xdbc46c788f7249251fa6b49303babcb1c519f608,25897000969174972484,Dopex Governance Token,DPX,18,42,164444,65000000000,123932,2521617,deprecated,0x7ff36ab5,"swapExactETHForTokens(uint256 amountOutMin, address[] path, address to, uint256 deadline)",12556409
12505292,1621969829,0x41e7f84e3c7eaf84d091cc3585e267cfaf371209eeb8f1dcd18d23d841cd1345,25,0x72b41705885dc9c400baf8ffd31dac6dd1fa1d384ddd55dbf8f2c0fdb4057838,0x7fb842f1e807dca0e34c771be70295ac30599923,0x85ba591b3444ed01b5d7f8cebdb897494709bbdc,0x532f2be5392c5094dd89893c20aeea3b9a3f2db6,18920304024488900128,Dopex Governance Token,DPX,18,46,164444,64000000000,113516,2831987,deprecated,0x7ff36ab5,"swapExactETHForTokens(uint256 amountOutMin, address[] path, address to, uint256 deadline)",12556409
12505292,1621969829,0x1237328492bb56adefb06f51f57a4a62e9ff0844b384f4a78cd1e167ff8cf660,26,0x72b41705885dc9c400baf8ffd31dac6dd1fa1d384ddd55dbf8f2c0fdb4057838,0x7fb842f1e807dca0e34c771be70295ac30599923,0x85ba591b3444ed01b5d7f8cebdb897494709bbdc,0xba681f15a7bacb49ccf4a6577f2b522869db90d8,25811908272800294890,Dopex Governance Token,DPX,18,47,145335,64000000000,96416,2928403,deprecated,0x7ff36ab5,"swapExactETHForTokens(uint256 amountOutMin, address[] path, address to, uint256 deadline)",12556409
12505292,1621969829,0x60b8b5372b58d2b44d1aa7780b2c7c01beb7815bae28e5cb94c4607fc33ed3d6,27,0x72b41705885dc9c400baf8ffd31dac6dd1fa1d384ddd55dbf8f2c0fdb4057838,0x7fb842f1e807dca0e34c771be70295ac30599923,0x85ba591b3444ed01b5d7f8cebdb897494709bbdc,0x32b9f064cc3c219a61d875e26565cdce5859e0e9,23222119483025924652,Dopex Governance Token,DPX,18,51,164444,63000000000,113516,3176772,deprecated,0x7ff36ab5,"swapExactETHForTokens(uint256 amountOutMin, address[] path, address to, uint256 deadline)",12556409
12505292,1621969829,0x7f9673d0acaf6381393b828a08c9485e90f8548df4b3d54fbab0e28b0bd98b6e,28,0x72b41705885dc9c400baf8ffd31dac6dd1fa1d384ddd55dbf8f2c0fdb4057838,0x7fb842f1e807dca0e34c771be70295ac30599923,0x85ba591b3444ed01b5d7f8cebdb897494709bbdc,0x4ec7cdf61405758f5ced5e454c0b4b0f4f043df0,32177223944293717495,Dopex Governance Token,DPX,18,61,133709,60000000000,96428,3720311,deprecated,0x7ff36ab5,"swapExactETHForTokens(uint256 amountOutMin, address[] path, address to, uint256 deadline)",12556409
12505292,1621969829,0x10fd513b369599604f07881e09956245dca5a7a705a487066588ca10e1656550,29,0x72b41705885dc9c400baf8ffd31dac6dd1fa1d384ddd55dbf8f2c0fdb4057838,0x7fb842f1e807dca0e34c771be70295ac30599923,0x85ba591b3444ed01b5d7f8cebdb897494709bbdc,0x3f3e305c4ad49271ebda489dd43d2c8f027d2d41,25653187707583149290,Dopex Governance Token,DPX,18,63,145335,60000000000,96416,3847836,deprecated,0x7ff36ab5,"swapExactETHForTokens(uint256 amountOutMin, address[] path, address to, uint256 deadline)",12556409
12505292,1621969829,0xfe86c1fbf4db421e127b7e514fe24ef25a641b9f5d855d2d182ee0cf1301118a,30,0x72b41705885dc9c400baf8ffd31dac6dd1fa1d384ddd55dbf8f2c0fdb4057838,0x7fb842f1e807dca0e34c771be70295ac30599923,0x85ba591b3444ed01b5d7f8cebdb897494709bbdc,0xf9c18f2d1ea93e9a36507f238cffc6f0ad7d6eb3,20980692251499483253,Dopex Governance Token,DPX,18,91,152804,60000000000,113516,4800496,deprecated,0x7ff36ab5,"swapExactETHForTokens(uint256 amountOutMin, address[] path, address to, uint256 deadline)",12556409
12505293,1621969852,0x46d866849c62ee0d8a226f0ea0e8f951ee35c4b1d265d6d5217eb9c167acab93,31,0xa3d2e9fb778d223ae9bbb3b7374898b0a709af1636d4bd1fad94fb50452bf44e,0x7fb842f1e807dca0e34c771be70295ac30599923,0x85ba591b3444ed01b5d7f8cebdb897494709bbdc,0x4f76ff660dc5e37b098de28e6ec32978e4b5beb6,40059978467364052432,Dopex Governance Token,DPX,18,92,152817,60000000000,123944,5363940,deprecated,0x7ff36ab5,"swapExactETHForTokens(uint256 amountOutMin, address[] path, address to, uint256 deadline)",12556408
12505293,1621969852,0x99ea4ca639188481537dbb02a1b46750c24687c1a7a09b40de81975d4748d5ed,32,0xa3d2e9fb778d223ae9bbb3b7374898b0a709af1636d4bd1fad94fb50452bf44e,0x7fb842f1e807dca0e34c771be70295ac30599923,0x85ba591b3444ed01b5d7f8cebdb897494709bbdc,0x78b037b39704e88a82dd23cfbe1f57f6aef8ebc5,32954487506749774778,Dopex Governance Token,DPX,18,101,152817,60000000000,113528,5797649,deprecated,0x7ff36ab5,"swapExactETHForTokens(uint256 amountOutMin, address[] path, address to, uint256 deadline)",12556408
12505294,1621969889,0xc0ac90a01c07dec80a524f301205bcb2e918f0c473fc59915f114e8c5a469b69,33,0x682eb0d61d08e43dc1417dfde16f82a0005825aa051d73a10fcbf515fe85e569,0x7fb842f1e807dca0e34c771be70295ac30599923,0x85ba591b3444ed01b5d7f8cebdb897494709bbdc,0x01076e09dcb258c16537670307f9bdced007bf37,12407240292223021130,Dopex Governance Token,DPX,18,7,152804,60000000000,123932,973015,deprecated,0x7ff36ab5,"swapExactETHForTokens(uint256 amountOutMin, address[] path, address to, uint256 deadline)",12556407
12505298,1621969945,0x7564e312b60974c93670f2efc9d712be754040d6f41768cd68164ab1f61708bd,34,0x85c8f29205ce9e2e90496d86809dbaa76236de1365ccf233db68a2369cb20563,0x7fb842f1e807dca0e34c771be70295ac30599923,0x85ba591b3444ed01b5d7f8cebdb897494709bbdc,0x30653c83162ff00918842d8bfe016935fdd6ab84,39643422098541871393,Dopex Governance Token,DPX,18,32,152817,60000000000,123944,1515508,deprecated,0x7ff36ab5,"swapExactETHForTokens(uint256 amountOutMin, address[] path, address to, uint256 deadline)",12556403
12505302,1621969971,0x363fc9379293e57bd442eea6233ad500d9d951e4a8f4029874f644b60c36d733,35,0x5f03e65330ff622459801dc2000a290143af5b0662a784e365c3b2098a1724aa,0x7fb842f1e807dca0e34c771be70295ac30599923,0x85ba591b3444ed01b5d7f8cebdb897494709bbdc,0x72d165a7073bfd8d18e5fb8a0adf7f4590fd9ba3,19365250456606350087,Dopex Governance Token,DPX,18,245,152804,57000000000,123932,11953905,deprecated,0x7ff36ab5,"swapExactETHForTokens(uint256 amountOutMin, address[] path, address to, uint256 deadline)",12556399
12505302,1621969971,0x73d5be472b57518c848e9f07e695716ff145a33efa63bf6b432605718a176360,36,0x5f03e65330ff622459801dc2000a290143af5b0662a784e365c3b2098a1724aa,0x7fb842f1e807dca0e34c771be70295ac30599923,0x85ba591b3444ed01b5d7f8cebdb897494709bbdc,0xd8ff522485c6cfe2cd7c0b7a4197762c4a581fbe,27397414814672845962,Dopex Governance Token,DPX,18,246,164444,60000000000,113516,12067421,deprecated,0x7ff36ab5,"swapExactETHForTokens(uint256 amountOutMin, address[] path, address to, uint256 deadline)",12556399
12505302,1621969971,0x5c4b4e207bc2c239a25ba9f6f249e8f2f9426aeeb4547b93502db1a657ff1c71,37,0x5f03e65330ff622459801dc2000a290143af5b0662a784e365c3b2098a1724aa,0x7fb842f1e807dca0e34c771be70295ac30599923,0x85ba591b3444ed01b5d7f8cebdb897494709bbdc,0xd66c178d78a1207c52be3aeecf7a5ff440910d09,24191545754188069712,Dopex Governance Token,DPX,18,247,164444,58000000000,113516,12180937,deprecated,0x7ff36ab5,"swapExactETHForTokens(uint256 amountOutMin, address[] path, address to, uint256 deadline)",12556399
12505303,1621970023,0x9798e35fb743bdfbfbb42b82500cca91c49f1fe5f53fa40b0838b510f11f4362,38,0xdc39e0917bd92158d09578e33028a98cf640c87a9a3e6e8649744cb1a096ec52,0x7fb842f1e807dca0e34c771be70295ac30599923,0x85ba591b3444ed01b5d7f8cebdb897494709bbdc,0x914c4c2d50ebf786f16dcdafafe385b74a8d6f7b,12161611495190336253,Dopex Governance Token,DPX,18,218,164444,54000000000,123932,8828776,deprecated,0x7ff36ab5,"swapExactETHForTokens(uint256 amountOutMin, address[] path, address to, uint256 deadline)",12556398
12505304,1621970037,0x7d9f5ac0fcc66382cd95f02cbe5c47b20644a92a8496d87051c89e2c57287817,39,0xddb3a55e6670eb2d62e456fc1653aecf5b39e2b37a372bef50e1293419267e46,0x7fb842f1e807dca0e34c771be70295ac30599923,0x85ba591b3444ed01b5d7f8cebdb897494709bbdc,0x423c8e055c09799fcbf0cc7a7e7c38ecf0a08985,16266344151703177029,Dopex Governance Token,DPX,18,127,164444,57000000000,123932,6900277,deprecated,0x7ff36ab5,"swapExactETHForTokens(uint256 amountOutMin, address[] path, address to, uint256 deadline)",12556397
12505307,1621970071,0x9b41e9acf1c5f077095da03e8572a9b763725ebb9ab975fecd30b876af26361e,40,0xe96c15e6e456ae9656c9ce1df9b45d08856b5b38fecd968ededb2ff8ddd7e2fc,0x7fb842f1e807dca0e34c771be70295ac30599923,0x85ba591b3444ed01b5d7f8cebdb897494709bbdc,0x54f57c4337553f5736f3cf7f63257a4923351818,24337889462066920342,Dopex Governance Token,DPX,18,80,164444,58000000000,123932,6216531,deprecated,0x7ff36ab5,"swapExactETHForTokens(uint256 amountOutMin, address[] path, address to, uint256 deadline)",12556394
12505307,1621970071,0x72f61d39e55ebed6ab0ad1980359223ffe6ce8800867207248258b7ab93bbbe9,41,0xe96c15e6e456ae9656c9ce1df9b45d08856b5b38fecd968ededb2ff8ddd7e2fc,0x7fb842f1e807dca0e34c771be70295ac30599923,0x85ba591b3444ed01b5d7f8cebdb897494709bbdc,0x9c657db2b697846be13ca0b2bb5a6d17f860a395,9086886547696998101,Dopex Governance Token,DPX,18,91,164444,56000000000,113516,6699859,deprecated,0x7ff36ab5,"swapExactETHForTokens(uint256 amountOutMin, address[] path, address to, uint256 deadline)",12556394
12505316,1621970202,0xfef3564992835faa3fbfae7d68b17fcba763c47d3d14cd8697d2d2f37b896862,799,0x5003da273d3aaf691a9f967f6ba28f4746dc6e734b7bd39a4c8b45a19eab22ee,0x7fb842f1e807dca0e34c771be70295ac30599923,0x85ba591b3444ed01b5d7f8cebdb897494709bbdc,0x882ce9e1307cd42e3daf573bdb76055cc89a4df8,24453596907923446539,Dopex Governance Token,DPX,18,24,250000,60000000000,124822,1553562,deprecated,0xb6f9de95,"swapExactETHForTokensSupportingFeeOnTransferTokens(uint256 amountOutMin, address[] path, address to, uint256 deadline)",12556385
12505420,1621971602,0x4f919240c2bee29a6d57f9741344d0d1f4ddcb4956f4a2d479975c791564f6d3,42,0x43c00c13050dd64ceb70af042e98a648b77f84b8ace5dc9736a8bb894ce984d9,0x7fb842f1e807dca0e34c771be70295ac30599923,0x85ba591b3444ed01b5d7f8cebdb897494709bbdc,0x576dcfd4d372c13678ac927a9f74853cd1ce53fb,20561725350231634757,Dopex Governance Token,DPX,18,31,164444,55000000000,123932,2791763,deprecated,0x7ff36ab5,"swapExactETHForTokens(uint256 amountOutMin, address[] path, address to, uint256 deadline)",12556281
12505420,1621971602,0x58323d2d0c2715c53563a1a643edd6695d1b7f219b9a30503cd4932703570df4,43,0x43c00c13050dd64ceb70af042e98a648b77f84b8ace5dc9736a8bb894ce984d9,0x7fb842f1e807dca0e34c771be70295ac30599923,0x85ba591b3444ed01b5d7f8cebdb897494709bbdc,0x23be060093db74f38b1a3daf57afdc1a23db0077,44017419064368326928,Dopex Governance Token,DPX,18,35,164431,55000000000,113504,3387063,deprecated,0x7ff36ab5,"swapExactETHForTokens(uint256 amountOutMin, address[] path, address to, uint256 deadline)",12556281
12505420,1621971602,0x683267d437d74fca8301353801772f6fccc873835762df8e044d88ae839d85e7,44,0x43c00c13050dd64ceb70af042e98a648b77f84b8ace5dc9736a8bb894ce984d9,0x7fb842f1e807dca0e34c771be70295ac30599923,0x85ba591b3444ed01b5d7f8cebdb897494709bbdc,0x85257f61bcf59f7498007d8e08d6efb7ac1eef4c,24458474668899128924,Dopex Governance Token,DPX,18,37,164431,55000000000,113504,3535350,deprecated,0x7ff36ab5,"swapExactETHForTokens(uint256 amountOutMin, address[] path, address to, uint256 deadline)",12556281
12505420,1621971602,0xd1169588f711fe8dc4c6b07e236f31f289e707ff74509eeec9e8e204e34adac6,45,0x43c00c13050dd64ceb70af042e98a648b77f84b8ace5dc9736a8bb894ce984d9,0x7fb842f1e807dca0e34c771be70295ac30599923,0x85ba591b3444ed01b5d7f8cebdb897494709bbdc,0x42266512da4acac6fd16d7facbb80e8628ce2b65,16426789614343554521,Dopex Governance Token,DPX,18,38,164444,55000000000,113516,3648866,deprecated,0x7ff36ab5,"swapExactETHForTokens(uint256 amountOutMin, address[] path, address to, uint256 deadline)",12556281
12505420,1621971602,0xb16053891f27e5f804182973efe09f5181ffa55383e5595cc29715e8de33587a,46,0x43c00c13050dd64ceb70af042e98a648b77f84b8ace5dc9736a8bb894ce984d9,0x7fb842f1e807dca0e34c771be70295ac30599923,0x85ba591b3444ed01b5d7f8cebdb897494709bbdc,0xde6b2a06407575b98724818445178c1f5fd53361,9626543842103576980,Dopex Governance Token,DPX,18,40,164444,55000000000,113516,3809144,deprecated,0x7ff36ab5,"swapExactETHForTokens(uint256 amountOutMin, address[] path, address to, uint256 deadline)",12556281
12505420,1621971602,0x101006046ad56d184ab4ec4131a7bdf6b95d7d414e57560697004010f12f29b5,47,0x43c00c13050dd64ceb70af042e98a648b77f84b8ace5dc9736a8bb894ce984d9,0x7fb842f1e807dca0e34c771be70295ac30599923,0x85ba591b3444ed01b5d7f8cebdb897494709bbdc,0x201b5abfd44a8f9b75f0fe1bae74cdac7675e54b,16506414761126639237,Dopex Governance Token,DPX,18,49,164444,55000000000,113516,4567413,deprecated,0x7ff36ab5,"swapExactETHForTokens(uint256 amountOutMin, address[] path, address to, uint256 deadline)",12556281
12505420,1621971602,0x2eb088877098ba1bd0cdf7804c28ec0e318c7b0e6a7aa272ee140caecc5a61cc,48,0x43c00c13050dd64ceb70af042e98a648b77f84b8ace5dc9736a8bb894ce984d9,0x7fb842f1e807dca0e34c771be70295ac30599923,0x85ba591b3444ed01b5d7f8cebdb897494709bbdc,0x0c9e711d278bc09823a05ab101d6e48ee6950b68,10231714595790499898,Dopex Governance Token,DPX,18,50,145335,55000000000,96416,4663829,deprecated,0x7ff36ab5,"swapExactETHForTokens(uint256 amountOutMin, address[] path, address to, uint256 deadline)",12556281
12505420,1621971602,0xd048586b36d192c88b4dd5857b7fe1ae3751704e1282249002ef13db58d352d2,49,0x43c00c13050dd64ceb70af042e98a648b77f84b8ace5dc9736a8bb894ce984d9,0x7fb842f1e807dca0e34c771be70295ac30599923,0x85ba591b3444ed01b5d7f8cebdb897494709bbdc,0xbcb5dc467d09d518a0eba0bd968a3ecfb37768c8,15995029518210631871,Dopex Governance Token,DPX,18,53,164444,55000000000,113516,4844466,deprecated,0x7ff36ab5,"swapExactETHForTokens(uint256 amountOutMin, address[] path, address to, uint256 deadline)",12556281
12505420,1621971602,0x746bc62eb13aa0a2614750145c4431a82f9c5da34c720d55f460921a464fd24a,50,0x43c00c13050dd64ceb70af042e98a648b77f84b8ace5dc9736a8bb894ce984d9,0x7fb842f1e807dca0e34c771be70295ac30599923,0x85ba591b3444ed01b5d7f8cebdb897494709bbdc,0x792d8cde8624fd02185328b426a0b9e9b8a1a25f,28382675897996321691,Dopex Governance Token,DPX,18,56,164457,55000000000,113528,5124750,deprecated,0x7ff36ab5,"swapExactETHForTokens(uint256 amountOutMin, address[] path, address to, uint256 deadline)",12556281
12505421,1621971609,0xf7001e2b7bbb8ec83738fb9aeee29f3a4515c36d76d700386844ce83f13d4d5b,51,0x68b547fb7aafa303faebcbb16ca5b316f895a7ce071431eaf7d18d9cfd072e37,0x7fb842f1e807dca0e34c771be70295ac30599923,0x85ba591b3444ed01b5d7f8cebdb897494709bbdc,0xf70323aff2127bd8c76078ac052e01cf424038b2,17124254580274745315,Dopex Governance Token,DPX,18,22,164444,69000000000,123932,1862577,deprecated,0x7ff36ab5,"swapExactETHForTokens(uint256 amountOutMin, address[] path, address to, uint256 deadline)",12556280
12505421,1621971609,0xf8a8a8ebfccffdaef26d727cfed751411b6a2c0adbb1e6c47a9e12e0b7082158,52,0x68b547fb7aafa303faebcbb16ca5b316f895a7ce071431eaf7d18d9cfd072e37,0x7fb842f1e807dca0e34c771be70295ac30599923,0x85ba591b3444ed01b5d7f8cebdb897494709bbdc,0x889889a813520500257ace57ca64c2bc6fedfe21,26011920273197808712,Dopex Governance Token,DPX,18,23,164431,69000000000,113504,1976081,deprecated,0x7ff36ab5,"swapExactETHForTokens(uint256 amountOutMin, address[] path, address to, uint256 deadline)",12556280
12505422,1621971624,0xfb787dd208690bdffd5d242f6a9a2453b2e556599ea3feb5a4b587f87299f3f4,53,0x9046161ab9754a816e7669122235d91e23598467aaf8f99426cafa75b3d54112,0x7fb842f1e807dca0e34c771be70295ac30599923,0x85ba591b3444ed01b5d7f8cebdb897494709bbdc,0x7a5acfc6febf919be45ce3e5952ea8e2133888cd,5000922163464081511,Dopex Governance Token,DPX,18,3,164444,69000000000,123932,312038,deprecated,0x7ff36ab5,"swapExactETHForTokens(uint256 amountOutMin, address[] path, address to, uint256 deadline)",12556279
12505422,1621971624,0x89c1ba455fd0bb826849e54c9db846e043a7bec553a81fd72dd7818658d8e360,54,0x9046161ab9754a816e7669122235d91e23598467aaf8f99426cafa75b3d54112,0x7fb842f1e807dca0e34c771be70295ac30599923,0x85ba591b3444ed01b5d7f8cebdb897494709bbdc,0xa9c09f45b2bd1bbb3d7ac14506b7c9c9476a7649,9774302405234467725,Dopex Governance Token,DPX,18,4,164444,69000000000,113516,425554,deprecated,0x7ff36ab5,"swapExactETHForTokens(uint256 amountOutMin, address[] path, address to, uint256 deadline)",12556279
12505423,1621971630,0xee66930ff9c72b66e6ef70a8c6e245f47d4df9b26ab05abb43e72f5a3ec5a5d1,55,0x5acb089aa00d6a9968268a6e546a83ba3a2d325b5fe4faa34b55df4819067566,0x7fb842f1e807dca0e34c771be70295ac30599923,0x85ba591b3444ed01b5d7f8cebdb897494709bbdc,0x23d3285bfe4fd42965a821f3aecf084f5bd40ef4,5825694234532824235,Dopex Governance Token,DPX,18,30,152804,69000000000,123932,2418805,deprecated,0x7ff36ab5,"swapExactETHForTokens(uint256 amountOutMin, address[] path, address to, uint256 deadline)",12556278
12505424,1621971656,0xb10bdfcebd1569cbd8389b96a1ad01be279aceed45f2f85de89ee7d9c5e56ac0,56,0x942d22326d9cc5fcc1f9e3595e26ef35499f9e1f7af211b238cf942cb1a01a83,0x7fb842f1e807dca0e34c771be70295ac30599923,0x85ba591b3444ed01b5d7f8cebdb897494709bbdc,0x1672b17b0f67a17488c300253fa6b68c86f1b367,8621586017609466721,Dopex Governance Token,DPX,18,8,152791,69000000000,123920,1015890,deprecated,0x7ff36ab5,"swapExactETHForTokens(uint256 amountOutMin, address[] path, address to, uint256 deadline)",12556277
12505426,1621971673,0x31531d4a9d1b9f3d671ff437c0ffe730f0d8ea23b8a2cf4e404dcbb23eb76d74,57,0x996f477d9d1b220f14f80debe93f1b53fe85db3d4d2a2c02f9ee7824d2068fc3,0x7fb842f1e807dca0e34c771be70295ac30599923,0x85ba591b3444ed01b5d7f8cebdb897494709bbdc,0xa14964479ebf9cd336011ad80652b08cd83dfe3a,6537941405645510545,Dopex Governance Token,DPX,18,17,152804,69000000000,123932,1273339,deprecated,0x7ff36ab5,"swapExactETHForTokens(uint256 amountOutMin, address[] path, address to, uint256 deadline)",12556275
12505426,1621971673,0x1b087fe7718154ccbed304bb1f0db4ecb14b54fe7f83bf1807353da26a8ec7ba,58,0x996f477d9d1b220f14f80debe93f1b53fe85db3d4d2a2c02f9ee7824d2068fc3,0x7fb842f1e807dca0e34c771be70295ac30599923,0x85ba591b3444ed01b5d7f8cebdb897494709bbdc,0x34d43658b4a04f60d0da54226cf652aa8b96adfa,4605459493940619373,Dopex Governance Token,DPX,18,18,152804,69000000000,113516,1386855,deprecated,0x7ff36ab5,"swapExactETHForTokens(uint256 amountOutMin, address[] path, address to, uint256 deadline)",12556275
12505426,1621971673,0xe26906937da66dd71188a0f08d16563859ad3447b72bdcce64ab70e32963e347,59,0x996f477d9d1b220f14f80debe93f1b53fe85db3d4d2a2c02f9ee7824d2068fc3,0x7fb842f1e807dca0e34c771be70295ac30599923,0x85ba591b3444ed01b5d7f8cebdb897494709bbdc,0x26d13c17659e1305344ee31635b5a2b72e94d82e,31720546357585843074,Dopex Governance Token,DPX,18,53,152817,56000000000,113528,3784280,deprecated,0x7ff36ab5,"swapExactETHForTokens(uint256 amountOutMin, address[] path, address to, uint256 deadline)",12556275
12505426,1621971673,0x85b0494e65888d1de193bf3caf337f76ba68329b7fa1d30b408b9c7588104779,60,0x996f477d9d1b220f14f80debe93f1b53fe85db3d4d2a2c02f9ee7824d2068fc3,0x7fb842f1e807dca0e34c771be70295ac30599923,0x85ba591b3444ed01b5d7f8cebdb897494709bbdc,0x58bffb467101e8d223f9d52706a4c0db1d82abb3,20828405465504999057,Dopex Governance Token,DPX,18,54,152804,56000000000,113516,3897796,deprecated,0x7ff36ab5,"swapExactETHForTokens(uint256 amountOutMin, address[] path, address to, uint256 deadline)",12556275
12505428,1621971711,0x60c09f90c64f90d97c8f9237694ff4cf28eba845983f9761fc83aede67c7dd4a,61,0x5248e9aba108b0a440531afb0cfb9a24f321b65a3bac4608a713c6e7a063b233,0x7fb842f1e807dca0e34c771be70295ac30599923,0x85ba591b3444ed01b5d7f8cebdb897494709bbdc,0xb8f02248d53f7edfa38e79263e743e9390f81942,23805446000102172465,Dopex Governance Token,DPX,18,59,164444,56000000000,123932,4789238,deprecated,0x7ff36ab5,"swapExactETHForTokens(uint256 amountOutMin, address[] path, address to, uint256 deadline)",12556273
12505431,1621971745,0x15a7391f5898817b3daf94368a4f716cca86ec4433a0885c32196bbd44ff32af,62,0x20342b816a73e53423cb2db480eeeb78012286c6c5f5cc0120d41b6db6cc6061,0x7fb842f1e807dca0e34c771be70295ac30599923,0x85ba591b3444ed01b5d7f8cebdb897494709bbdc,0x10db6bce3f2ae1589ec91a872213dae59697967a,20020780716037743120,Dopex Governance Token,DPX,18,84,152804,56000000000,123932,5929990,deprecated,0x7ff36ab5,"swapExactETHForTokens(uint256 amountOutMin, address[] path, address to, uint256 deadline)",12556270
12505515,1621972969,0xd572c95198a7971824dd50da35b05cd368f30ed67efb6983f6874ed866ae7fa7,13,0xbd1bde7ca107a648c60034c12ee64c44348a3b3e4ca81b1fb5ba408082502e9d,0x7fb842f1e807dca0e34c771be70295ac30599923,0x85ba591b3444ed01b5d7f8cebdb897494709bbdc,0x0a235109da762374461777c054db9ca95eeea245,25025935491441618977,Dopex Governance Token,DPX,18,159,179408,47000000000,123944,10844843,deprecated,0x7ff36ab5,"swapExactETHForTokens(uint256 amountOutMin, address[] path, address to, uint256 deadline)",12556186
12505597,1621974081,0xbf15bb3472e899abd97bfcf210dda3478d37318ecbe4bc73a8993ae8b4f96138,332,0x225272c81de3d9bfb57d389ab5ec2ca233d6c0715f7097e5ea91a199315d09c9,0x7fb842f1e807dca0e34c771be70295ac30599923,0x85ba591b3444ed01b5d7f8cebdb897494709bbdc,0x7a250d5630b4cf539739df2c5dacb4c659f2488d,25598274802639868960877,Dopex Governance Token,DPX,18,83,292003,56900000000,165995,4697240,deprecated,0xded9382a,"removeLiquidityETHWithPermit(address token, uint256 liquidity, uint256 amountTokenMin, uint256 amountETHMin, address to, uint256 deadline, bool approveMax, uint8 v, bytes32 r, bytes32 s)",12556104
12505597,1621974081,0xbf15bb3472e899abd97bfcf210dda3478d37318ecbe4bc73a8993ae8b4f96138,332,0x225272c81de3d9bfb57d389ab5ec2ca233d6c0715f7097e5ea91a199315d09c9,0x7a250d5630b4cf539739df2c5dacb4c659f2488d,0x85ba591b3444ed01b5d7f8cebdb897494709bbdc,0xb56430bb083b3af810802540ed9970ebd014fc57,25598274802639868960877,Dopex Governance Token,DPX,18,83,292003,56900000000,165995,4697240,deprecated,0xded9382a,"removeLiquidityETHWithPermit(address token, uint256 liquidity, uint256 amountTokenMin, uint256 amountETHMin, address to, uint256 deadline, bool approveMax, uint8 v, bytes32 r, bytes32 s)",12556104
12512336,1622064220,0xb933605952d2e0fe080791184b26d19c7d179bf94713deb7e4c2813dc1605219,282,0x89f58313b8fa7a7043027bb636bd57e5eec8c84e00d45c321968f4aae1646e9c,0x7fb842f1e807dca0e34c771be70295ac30599923,0x85ba591b3444ed01b5d7f8cebdb897494709bbdc,0x6257ec425cea907fcb8881984f6c1e62ca7580c3,453,Dopex Governance Token,DPX,18,72,179307,36300000000,123860,8356376,deprecated,0x7ff36ab5,"swapExactETHForTokens(uint256 amountOutMin, address[] path, address to, uint256 deadline)",12549365
