blockNumber,timeStamp,hash,nonce,blockHash,from,contractAddress,to,value,tokenName,tokenSymbol,tokenDecimal,transactionIndex,gas,gasPrice,gasUsed,cumulativeGasUsed,input,methodId,functionName,confirmations
12753762,1625303899,0x340d5f93803bb2d5147ea3883c9034d3a494692104d154cf307c760a53db7d6a,0,0x7873cc098ae2833c1982ecf5f2a81055f2ec7c13203e41aa62cb8b8f9b2410d2,0x0000000000000000000000000000000000000000,0x699905cfddec8d474481bb47a11f8a7c0b091083,0x976977295a187f0c14021dbf2fb7cb8ca83c78d1,1000000000000000000000000000000000,PolkaDoge,PDOGE,18,157,1422779,6000000000,1422779,13945229,deprecated,0x60806040,"atInversebrah(int248 a, uint48[] b, uint32 c, bytes20[] d, bytes30[] e)",12307945
12753866,1625305539,0xb7e74e46ab099c22d2b7ba85a143e8e512c9e022f1064df6c93b4bec4e189f33,2,0xd89474e61d2b89be9b6cfc46ac9230c05e3735bb306d5406ab6a834e5819f458,0x976977295a187f0c14021dbf2fb7cb8ca83c78d1,0x699905cfddec8d474481bb47a11f8a7c0b091083,0xad5fa4ab553a840fbeb59a173d5adb36bf4f506b,360000000000000000000000000000000,PolkaDoge,PDOGE,18,100,3035494,12000000000,2717838,10951206,deprecated,0xf305d719,"addLiquidityETH(address token, uint256 amountTokenDesired, uint256 amountTokenMin, uint256 amountETHMin, address to, uint256 deadline)",12307841
12753897,1625306003,0x822aaef2c8b1abb4672c73f32920e8147f5eb86ba73f158abcbc662f6a8feb86,3,0xe13c784dc19230ab199ebc7b39b09ace3c28da03b3111f87d3594935f0bb5ae7,0xad5fa4ab553a840fbeb59a173d5adb36bf4f506b,0x699905cfddec8d474481bb47a11f8a7c0b091083,0xb9274b3078609b21f2be02fa0cdb34488c31e3db,1785698294004388125195898446245,PolkaDoge,PDOGE,18,144,202368,13100000000,157870,11075185,deprecated,0x7ff36ab5,"swapExactETHForTokens(uint256 amountOutMin, address[] path, address to, uint256 deadline)",12307810
12753899,1625306017,0x6f464ec9667382891b52a4693ceaf534b9e9bfd123c50df96824508a1d6c59bf,4,0xe08fa540550e36b3a394cccd16d6610cd0e247c33e3ae5ed8b66f47bb7458256,0xad5fa4ab553a840fbeb59a173d5adb36bf4f506b,0x699905cfddec8d474481bb47a11f8a7c0b091083,0x8a0ee1a2f654e3ea9313698855f46e5da9ab83c0,620807213448628208707881969273,PolkaDoge,PDOGE,18,86,202368,13000000000,123670,10199498,deprecated,0x7ff36ab5,"swapExactETHForTokens(uint256 amountOutMin, address[] path, address to, uint256 deadline)",12307808
12753920,1625306218,0xd458c754567f215b5e7abe37e0e922da1659330d2157dcb10b3df4d8a7e4d4e1,5,0xc6088f637f0a29ed1d1f6b1f94649f2651e57b01de7ac82f0facc29827d3b272,0xad5fa4ab553a840fbeb59a173d5adb36bf4f506b,0x699905cfddec8d474481bb47a11f8a7c0b091083,0x0b7dc67a6ecf6bc0388409ddde919aafcf0e0ff7,1942420092663927479221260050286,PolkaDoge,PDOGE,18,141,164150,12000000000,123670,11399267,deprecated,0x7ff36ab5,"swapExactETHForTokens(uint256 amountOutMin, address[] path, address to, uint256 deadline)",12307787
12753923,1625306253,0x66987dc1f84b6493d8fa08aea2e356749809ba80d69d7654fe2e8edb0011218b,81,0xcb5a52db4fb74f2597933888531ea835f7b8c096e9091fe462c605b31f5ea248,0xad5fa4ab553a840fbeb59a173d5adb36bf4f506b,0x699905cfddec8d474481bb47a11f8a7c0b091083,0x0ea9f633759eed7d9e18bf9100de9a25d4b108ef,657759361043395899979754108362,PolkaDoge,PDOGE,18,123,350160,8800000000,294756,11979390,deprecated,0x5c11d795,"swapExactTokensForTokensSupportingFeeOnTransferTokens(uint256 amountIn, uint256 amountOutMin, address[] path, address to, uint256 deadline)",12307784
12753937,1625306442,0xd6ff14df1328d55763a009d52ef05e746c549374ae43f7c13d11068aef425e93,6,0xd1ba164828721a9330b5525459b291c64941093bb3fd37cf456b6b3ef3707d19,0xad5fa4ab553a840fbeb59a173d5adb36bf4f506b,0x699905cfddec8d474481bb47a11f8a7c0b091083,0x2ea254a307342a81494f2f6735ec5476c932601d,4309435507577302602778024463253,PolkaDoge,PDOGE,18,55,164150,11000000000,123670,7346017,deprecated,0x7ff36ab5,"swapExactETHForTokens(uint256 amountOutMin, address[] path, address to, uint256 deadline)",12307770
12753937,1625306442,0xcbd16070d330df072cb67840fdb70d6e1a066b886cd20aa3c18b0a59edd84eb1,7,0xd1ba164828721a9330b5525459b291c64941093bb3fd37cf456b6b3ef3707d19,0xad5fa4ab553a840fbeb59a173d5adb36bf4f506b,0x699905cfddec8d474481bb47a11f8a7c0b091083,0x94877cc2f6f157933a8e51b689f316fc376c4772,1000000000000000000000000000000,PolkaDoge,PDOGE,18,64,171183,11000000000,120621,8453184,deprecated,0xfb3bdb41,"swapETHForExactTokens(uint256 amountOut, address[] path, address to, uint256 deadline)",12307770
12753937,1625306442,0xd7dcb74f171487ca094c7bf214bc3e28f9d7d1d1c17687359782f61a6a65e0c9,8,0xd1ba164828721a9330b5525459b291c64941093bb3fd37cf456b6b3ef3707d19,0xad5fa4ab553a840fbeb59a173d5adb36bf4f506b,0x699905cfddec8d474481bb47a11f8a7c0b091083,0x94877cc2f6f157933a8e51b689f316fc376c4772,10000000000000000000000000000000,PolkaDoge,PDOGE,18,98,171183,10350000000,103521,14354855,deprecated,0xfb3bdb41,"swapETHForExactTokens(uint256 amountOut, address[] path, address to, uint256 deadline)",12307770
12753939,1625306456,0xed245907ec7e80b7657d8965a8f98fd47ce317e80b76cf4f3509b4961e8362d6,9,0xba6ba53fde70d21626763f6ace59097576bd913ac24d15baf54e8623cdf188ae,0xad5fa4ab553a840fbeb59a173d5adb36bf4f506b,0x699905cfddec8d474481bb47a11f8a7c0b091083,0x0f4ee9631f4be0a63756515141281a3e2b293bbe,159673600895832741770492689959,PolkaDoge,PDOGE,18,139,164137,10350000000,123658,11215755,deprecated,0x7ff36ab5,"swapExactETHForTokens(uint256 amountOutMin, address[] path, address to, uint256 deadline)",12307768
12753944,1625306558,0x9c6b997cac1b96f35c0254601fcf4746ad53adfbba6320ee8c3ff3707a978c4a,83,0x0a211a57b7425924e63f0e34f70d14ed4fb5a1e68de82cf264ac44ab9a203f45,0xad5fa4ab553a840fbeb59a173d5adb36bf4f506b,0x699905cfddec8d474481bb47a11f8a7c0b091083,0x0ea9f633759eed7d9e18bf9100de9a25d4b108ef,449143795673751301441728431955,PolkaDoge,PDOGE,18,162,240468,18700000000,193036,10555713,deprecated,0x5c11d795,"swapExactTokensForTokensSupportingFeeOnTransferTokens(uint256 amountIn, uint256 amountOutMin, address[] path, address to, uint256 deadline)",12307763
12753945,1625306576,0x045d8f876dda006d0e47b1769b2dfd9d5a439861ab4353f3846398f6a94555ea,26,0x8b39663dc0c9b4b5732c6cdbc337e810d07457bfbd8e6489b8aad8b6648045fd,0xad5fa4ab553a840fbeb59a173d5adb36bf4f506b,0x699905cfddec8d474481bb47a11f8a7c0b091083,0x7e09dc779888c984cc23401957e1041a4915fca9,159101022074801870664675936823,PolkaDoge,PDOGE,18,60,179073,11000000000,123670,5341970,deprecated,0x7ff36ab5,"swapExactETHForTokens(uint256 amountOutMin, address[] path, address to, uint256 deadline)",12307762
12753948,1625306606,0x8ae0811efc678ff3899adf3bdd8dd2c7edc22423ac4d81c9e2e2fb70fe06fb29,10,0x4295c6a5e5589153294b511bdf231dfd5e2294912f10980e1688f6036e078b3f,0xad5fa4ab553a840fbeb59a173d5adb36bf4f506b,0x699905cfddec8d474481bb47a11f8a7c0b091083,0xc5b042f220ece764bba4c37e1926b720288af061,1582834464880819648265978106113,PolkaDoge,PDOGE,18,149,152510,10350000000,123670,14529535,deprecated,0x7ff36ab5,"swapExactETHForTokens(uint256 amountOutMin, address[] path, address to, uint256 deadline)",12307759
12753951,1625306626,0x050a84445ff5fd0473c37f41144c80ac3135b3b5e197c1100da9e5dc1704e63e,38,0xc13d527909ff7d51881df17bb0212d5098c0fc007144494b4687dcd1becd13e4,0xad5fa4ab553a840fbeb59a173d5adb36bf4f506b,0x699905cfddec8d474481bb47a11f8a7c0b091083,0xa317287ec35e5ebf70b04cf7994b53d103d085b8,31505457968392377469299218413,PolkaDoge,PDOGE,18,121,179059,9900000000,123658,11711336,deprecated,0x7ff36ab5,"swapExactETHForTokens(uint256 amountOutMin, address[] path, address to, uint256 deadline)",12307756
12753955,1625306651,0x877f53eef883619d5bf44e9aed2457c64a10570a4cd952494ab44846ab0f6954,11,0xdd6b5f1db5463c3212d7ef47d7f0812dafadbcd1d845415cf71a3c4b0f86f12e,0xad5fa4ab553a840fbeb59a173d5adb36bf4f506b,0x699905cfddec8d474481bb47a11f8a7c0b091083,0xbc4cd0f43cbf5d2413f231fa033823d4bad70a7b,4660091154701651355602410615780,PolkaDoge,PDOGE,18,124,164150,11000000000,123670,5900223,deprecated,0x7ff36ab5,"swapExactETHForTokens(uint256 amountOutMin, address[] path, address to, uint256 deadline)",12307752
12753964,1625306801,0x15a69029f8f363790988b0b6127fd85fe52f3beb95ee01c666abf04e2fa315ce,12,0x38580169543c34383745e2c7b310f703c038546d626fb477c5d1b22493ddb329,0xad5fa4ab553a840fbeb59a173d5adb36bf4f506b,0x699905cfddec8d474481bb47a11f8a7c0b091083,0xbc72bfa2199ac296fa4cf24de27453718976c605,2000000000000000000000000000000,PolkaDoge,PDOGE,18,119,171183,26000000000,131037,6349956,deprecated,0xfb3bdb41,"swapETHForExactTokens(uint256 amountOut, address[] path, address to, uint256 deadline)",12307743
12753964,1625306801,0xdb673966fbfc6b24bdcc9119aaae32098a509617a121a694c1d945b7f487da2d,13,0x38580169543c34383745e2c7b310f703c038546d626fb477c5d1b22493ddb329,0xad5fa4ab553a840fbeb59a173d5adb36bf4f506b,0x699905cfddec8d474481bb47a11f8a7c0b091083,0xb0213bb791d94595ce02b9fd91b4f22f770d654e,10265218245167916056845354597655,PolkaDoge,PDOGE,18,206,164150,23000000000,113254,10171765,deprecated,0x7ff36ab5,"swapExactETHForTokens(uint256 amountOutMin, address[] path, address to, uint256 deadline)",12307743
12753966,1625306805,0x113c3ad3d6e5873939ba7c980eb23e0e6b915297f0cd8c694fada2c13e74065b,63,0x36d6a3b68a3292163e2a01017bbbe307835aacfc278c7a4d5c86d5535f976409,0xad5fa4ab553a840fbeb59a173d5adb36bf4f506b,0x699905cfddec8d474481bb47a11f8a7c0b091083,0x20510273157cea9c8fef50aab57b11d3c2315abd,8524565803408253638649879902,PolkaDoge,PDOGE,18,44,179059,10350000000,123658,3880662,deprecated,0x7ff36ab5,"swapExactETHForTokens(uint256 amountOutMin, address[] path, address to, uint256 deadline)",12307741
12753968,1625306816,0x646fc921ca08ec188a189177e4aa812333fd9c0210f254e4e87d3827f514362b,14,0xaad957440de2a00d653399fca7878543451072ff150f2e8a32d2dd633fb8c284,0xad5fa4ab553a840fbeb59a173d5adb36bf4f506b,0x699905cfddec8d474481bb47a11f8a7c0b091083,0xbd4c616fafb31bcf3de34675eb497803e5776ee6,1544888917335971913002481243039,PolkaDoge,PDOGE,18,199,164150,12350000000,123670,11686351,deprecated,0x7ff36ab5,"swapExactETHForTokens(uint256 amountOutMin, address[] path, address to, uint256 deadline)",12307739
12753971,1625306846,0x35f8065e18f1acd0264be1064ee5b11d312d777fa39cc0aa8efde2a84971503d,15,0x9a7d88ffd65af531d062d3bb916bdbdb383c6bd7f6dd505023f5d956b969a208,0xad5fa4ab553a840fbeb59a173d5adb36bf4f506b,0x699905cfddec8d474481bb47a11f8a7c0b091083,0xfa90b2997a509d728afa5d3828e1712be2083798,2789446253132816674871786335649,PolkaDoge,PDOGE,18,95,152510,12350000000,123670,8190720,deprecated,0x7ff36ab5,"swapExactETHForTokens(uint256 amountOutMin, address[] path, address to, uint256 deadline)",12307736
12753976,1625306919,0x9536c3ce78883e43981318640e2fb1fec5717436a40b6efa629844dbe5a3ce78,16,0xdb93952336e912a7550c60e1c1a3a2b58f3b3d1a0ae2b3f1681b13bcd6c57d7c,0xad5fa4ab553a840fbeb59a173d5adb36bf4f506b,0x699905cfddec8d474481bb47a11f8a7c0b091083,0xbe90b210a45cfdac3a85a2e10961209dbbdd63e7,1000000000000000000000000000000,PolkaDoge,PDOGE,18,57,171183,10350000000,131037,3377374,deprecated,0xfb3bdb41,"swapETHForExactTokens(uint256 amountOut, address[] path, address to, uint256 deadline)",12307731
12753977,1625306925,0x055f67ed89a3c706f955a8028aa2c75b2a14e8234030f40bcbb6738f0a659875,15,0x89194fe774032a2f992d8c2856c49e0f9f4d66f98b63b935201ff8c82fd6d435,0xad5fa4ab553a840fbeb59a173d5adb36bf4f506b,0x699905cfddec8d474481bb47a11f8a7c0b091083,0xc319630cacd320c7ecbeda1d691c0d59197861fb,235707272319603063673896927110,PolkaDoge,PDOGE,18,68,237041,9675000000,207867,5220865,deprecated,0x5c11d795,"swapExactTokensForTokensSupportingFeeOnTransferTokens(uint256 amountIn, uint256 amountOutMin, address[] path, address to, uint256 deadline)",12307730
12753980,1625306973,0x72975e2d6cf948974b1cd949f4e9ff7c2fb015ee0cb66fd0db97f384454984f0,17,0x12511a2689955d5284cdbbb5147aa959185b2d2d96b94fc993eebb194dee844e,0xad5fa4ab553a840fbeb59a173d5adb36bf4f506b,0x699905cfddec8d474481bb47a11f8a7c0b091083,0xe0d2de208e581556093447500ff652ff8a5e0123,3190770292622916270022661631815,PolkaDoge,PDOGE,18,118,164150,10350000000,123670,8044581,deprecated,0x7ff36ab5,"swapExactETHForTokens(uint256 amountOutMin, address[] path, address to, uint256 deadline)",12307727
12753983,1625307022,0x123b0218a11f8dc3c0ec632080f9a45260c7c232a7e8a94cfe6a2cd0c529ea81,18,0xe07286dde234d5f0cce5e6d99bca76f5e8ecfdfd72dab25cbf3c5bfe1a8b58ce,0xad5fa4ab553a840fbeb59a173d5adb36bf4f506b,0x699905cfddec8d474481bb47a11f8a7c0b091083,0xe80d315349e6cbc79280c9d30e536c00affe6ef7,2500000000000000000000000000000,PolkaDoge,PDOGE,18,16,171169,11350000000,131025,1474722,deprecated,0xfb3bdb41,"swapETHForExactTokens(uint256 amountOut, address[] path, address to, uint256 deadline)",12307724
12753986,1625307067,0xb1d2ec85bc98a65e4f08670c53bdfc1d89ba6bac5dfc07a90a32e40f0a37c894,19,0xe960f6fc0925ac98af285067c333483d84ab268dcd9c864d47eddab30fa1a2bb,0xad5fa4ab553a840fbeb59a173d5adb36bf4f506b,0x699905cfddec8d474481bb47a11f8a7c0b091083,0x58ac48d9a9d91742d1e12affcf3a1f8b3e31a73d,3000000000000000000000000000000,PolkaDoge,PDOGE,18,92,159725,10350000000,131037,6745250,deprecated,0xfb3bdb41,"swapETHForExactTokens(uint256 amountOut, address[] path, address to, uint256 deadline)",12307721
12754010,1625307303,0x173ceaef481c81e6888a794e2a0d8d2c9c0e600791e93299f2e9e524a1dc5382,20,0x41c0a8bae593e58a1e627ac6cfd5e77508ddcc5cc43ef77d086e6e8f49b46b06,0xad5fa4ab553a840fbeb59a173d5adb36bf4f506b,0x699905cfddec8d474481bb47a11f8a7c0b091083,0x22df2e0032b1b42492c5fdbc40b49df8094cad29,1291406156807059876948623210323,PolkaDoge,PDOGE,18,69,164137,10000001459,123658,4164860,deprecated,0x7ff36ab5,"swapExactETHForTokens(uint256 amountOutMin, address[] path, address to, uint256 deadline)",12307697
12754012,1625307329,0xe4b42593ee3e1d150deea995d65ecf3bc2f1209062e37f9d132f25172c013d6c,21,0xeff66e5f15a85df414c72d3d3bd094c087f01ebf36d52f0853417d2b06064ae7,0xad5fa4ab553a840fbeb59a173d5adb36bf4f506b,0x699905cfddec8d474481bb47a11f8a7c0b091083,0x9b1a1d93cbc4c3a5584b7e58656e6dac00b4fcee,1587694751333051156779871624583,PolkaDoge,PDOGE,18,74,164137,5000000000,123658,6495055,deprecated,0x7ff36ab5,"swapExactETHForTokens(uint256 amountOutMin, address[] path, address to, uint256 deadline)",12307695
12754012,1625307329,0xdc49152e132047bb639809eaa7c843c56f1c32eff4845aebae8c8b65ffcf2a9a,22,0xeff66e5f15a85df414c72d3d3bd094c087f01ebf36d52f0853417d2b06064ae7,0xad5fa4ab553a840fbeb59a173d5adb36bf4f506b,0x699905cfddec8d474481bb47a11f8a7c0b091083,0xfc082f32648921dae662c7c85e919236b713f4bb,381288072513067013930559960770,PolkaDoge,PDOGE,18,75,164150,10000000000,113254,6608309,deprecated,0x7ff36ab5,"swapExactETHForTokens(uint256 amountOutMin, address[] path, address to, uint256 deadline)",12307695
12754028,1625307504,0x0ff0a8e79a2f9f5fe1dec861081fb31a193b0cc9793333827aaa61e8c1b4951b,23,0xe1fee9ab32cfd53235a1fe57f9ada13826e9544d45df446c8cb1bd419b08a4a5,0xad5fa4ab553a840fbeb59a173d5adb36bf4f506b,0x699905cfddec8d474481bb47a11f8a7c0b091083,0xe56135d9d1c5385d094e98031aa8cfbe7aa05bf4,126882547626859750960247428296,PolkaDoge,PDOGE,18,17,164150,10000000000,123670,3040356,deprecated,0x7ff36ab5,"swapExactETHForTokens(uint256 amountOutMin, address[] path, address to, uint256 deadline)",12307679
12754034,1625307609,0xedfe17a115a39fed40807cfce61e5a2062168db7e111fe9d157fdfd50288a971,275,0xcdd99972a0d9e5536e63acf6f42c56e0518d57b6fe14441fd59a6e1a9db1d791,0xad5fa4ab553a840fbeb59a173d5adb36bf4f506b,0x699905cfddec8d474481bb47a11f8a7c0b091083,0xb79fe3d43291212c1433d16423742e9fcd020c92,107838612202706216780335749498,PolkaDoge,PDOGE,18,140,179073,6000000000,123670,14372779,deprecated,0x7ff36ab5,"swapExactETHForTokens(uint256 amountOutMin, address[] path, address to, uint256 deadline)",12307673
12754050,1625307865,0x84928a7ea69a6c6b40b57d7a1466dcc88ea1791dfb26b90eb600f56f2a726d34,24,0x37def3bec64c34e13344c6c08f1f5f53e9a025188a799f1f78c3c78c55ef138b,0xad5fa4ab553a840fbeb59a173d5adb36bf4f506b,0x699905cfddec8d474481bb47a11f8a7c0b091083,0xf1df7c40737385c907b027f47226f8faa196b1ed,126685689035301963379458592826,PolkaDoge,PDOGE,18,141,164150,8600000000,123670,11877981,deprecated,0x7ff36ab5,"swapExactETHForTokens(uint256 amountOutMin, address[] path, address to, uint256 deadline)",12307657
12754050,1625307865,0x64f5246dc969f8b43bed2fe26b27cbc75a8c5490764e530071a8364db332c406,7,0x37def3bec64c34e13344c6c08f1f5f53e9a025188a799f1f78c3c78c55ef138b,0xad5fa4ab553a840fbeb59a173d5adb36bf4f506b,0x699905cfddec8d474481bb47a11f8a7c0b091083,0x01a6a9b0210e508159051b255aff1ba4429c706b,166225864236571572304452086910,PolkaDoge,PDOGE,18,142,204006,8500000000,151655,12029636,deprecated,0x38ed1739,"swapExactTokensForTokens(uint256 amountIn, uint256 amountOutMin, address[] path, address to, uint256 deadline)",12307657
12754054,1625307930,0x2a295554d9427e3fee03bba3c75c22ff1f2e98de859302035363305d1bad0cbb,25,0xc8a2efd23fcc2cfd6b90d5790fcc992285b12679d6ba5af778829938f4afd6c6,0xad5fa4ab553a840fbeb59a173d5adb36bf4f506b,0x699905cfddec8d474481bb47a11f8a7c0b091083,0xbf26925f736e90e1715ce4e04cd9c289dd1bc002,1259660909006358380133016534481,PolkaDoge,PDOGE,18,108,164150,7000000000,123670,10676092,deprecated,0x7ff36ab5,"swapExactETHForTokens(uint256 amountOutMin, address[] path, address to, uint256 deadline)",12307653
12754054,1625307930,0x3afa572e57473314348b6662da4a9542c697b687f9ee53a1eae346b314478acb,26,0xc8a2efd23fcc2cfd6b90d5790fcc992285b12679d6ba5af778829938f4afd6c6,0xad5fa4ab553a840fbeb59a173d5adb36bf4f506b,0x699905cfddec8d474481bb47a11f8a7c0b091083,0x77d72450b23a4f39381a4a1623cb4c10854eec60,6143985060574222602890850232829,PolkaDoge,PDOGE,18,109,164150,10000000000,113254,10789346,deprecated,0x7ff36ab5,"swapExactETHForTokens(uint256 amountOutMin, address[] path, address to, uint256 deadline)",12307653
12754054,1625307930,0x0372b834fff1a0164c2b5a74ced66c1522359a866451ae2be8c24f0db00e374a,27,0xc8a2efd23fcc2cfd6b90d5790fcc992285b12679d6ba5af778829938f4afd6c6,0xad5fa4ab553a840fbeb59a173d5adb36bf4f506b,0x699905cfddec8d474481bb47a11f8a7c0b091083,0x1e9df8b502d1567fd184b90c7e96755baf605f1a,24070954048880673770196041288,PolkaDoge,PDOGE,18,110,164137,10000000000,113242,10902588,deprecated,0x7ff36ab5,"swapExactETHForTokens(uint256 amountOutMin, address[] path, address to, uint256 deadline)",12307653
12754063,1625308079,0x3ec01a950616754c6eb3d6d87f0eb7fd641822c4129654643b799481d97e1e34,28,0x6a3f422825486c9810d16c517ea7735441e16be2bea8c4fcf5eb70c508e79dcf,0xad5fa4ab553a840fbeb59a173d5adb36bf4f506b,0x699905cfddec8d474481bb47a11f8a7c0b091083,0xf5f76e1e8c9f1f2ca5205dbdb03ef4f39bb56876,180406940089536699843738012888,PolkaDoge,PDOGE,18,281,164150,11000000000,123670,13322245,deprecated,0x7ff36ab5,"swapExactETHForTokens(uint256 amountOutMin, address[] path, address to, uint256 deadline)",12307644
12754066,1625308106,0x3be65b48bc9179fa555adb600622eb6d0bb9cb6805264d1002b4c0582f5033ac,29,0x6f132073e4bc26fd96cbded31fc3131575f880579ba3acb557609e16c5456c8e,0xad5fa4ab553a840fbeb59a173d5adb36bf4f506b,0x699905cfddec8d474481bb47a11f8a7c0b091083,0x19751a8500f9e0b4de01918423306e0c38490bf1,671572122212825529260353286503,PolkaDoge,PDOGE,18,160,164137,10000000000,123658,10563629,deprecated,0x7ff36ab5,"swapExactETHForTokens(uint256 amountOutMin, address[] path, address to, uint256 deadline)",12307641
12754067,1625308133,0x645c325da6a1d95fba63dd7861f0b0d0b06a71bb7cdc3f6642bd237c62731c07,30,0x691f6cb6b0932f81967a65c09d348742b90186ab02108a7b9cba7302088e2a48,0xad5fa4ab553a840fbeb59a173d5adb36bf4f506b,0x699905cfddec8d474481bb47a11f8a7c0b091083,0x223863de93c868499b5500db2229cb35d1ff4a13,71772175033445632166773322905,PolkaDoge,PDOGE,18,62,164124,10000000000,123646,4618861,deprecated,0x7ff36ab5,"swapExactETHForTokens(uint256 amountOutMin, address[] path, address to, uint256 deadline)",12307640
12754076,1625308344,0xed3cb5df21f0505f37793cbb63856fefcc0919abaf4f2e2b515fae1356d5f2a2,125,0x0a484bbae26b19e840920e4d53ee18634387ae3b0ed8b21a141dccc75042483c,0xad5fa4ab553a840fbeb59a173d5adb36bf4f506b,0x699905cfddec8d474481bb47a11f8a7c0b091083,0xf198387119e0f2dc392179cc3a62b3865d327cb2,238987562965011660024057750377,PolkaDoge,PDOGE,18,7,179073,30000000000,123670,727205,deprecated,0x7ff36ab5,"swapExactETHForTokens(uint256 amountOutMin, address[] path, address to, uint256 deadline)",12307631
12754080,1625308378,0x412062bb485b7b1956a2a251d6320aee5d947389ac65ee86a711aa9694695ccb,2,0x7d2fd83e72d06b82d948ed2ff25403928c63ff85c8d64a746372cd216b9a17c6,0xad5fa4ab553a840fbeb59a173d5adb36bf4f506b,0x699905cfddec8d474481bb47a11f8a7c0b091083,0x92556532a61d57ee3fe68a0a87eac23a38cd39a6,71620338956963990487103150831,PolkaDoge,PDOGE,18,148,164137,6570000000,123658,12610225,deprecated,0x7ff36ab5,"swapExactETHForTokens(uint256 amountOutMin, address[] path, address to, uint256 deadline)",12307627
12754081,1625308384,0x7fb5ee2bd2c5ab0d5724f1460dbbe04e2348ad0bebdcb98a14e55504aaf2c21d,31,0xe9a7457627f6b7a3e5837d2d33133b5ef95933f8d963d909b551a49992ed0f54,0xad5fa4ab553a840fbeb59a173d5adb36bf4f506b,0x699905cfddec8d474481bb47a11f8a7c0b091083,0x1ebaa0bf3f49fd699c83b7aeb028eec0773020b6,1000000000000000000000000000000,PolkaDoge,PDOGE,18,138,171183,6000000000,131037,9510613,deprecated,0xfb3bdb41,"swapETHForExactTokens(uint256 amountOut, address[] path, address to, uint256 deadline)",12307626
12754102,1625308724,0xb738a0bee0064992cae86fcfd36c8850612a1fc4fc5831053c88ceea7f6eb5a0,32,0x90daa620dee0a44c7c1fa6c328aef8918913a7f93def9a85fbd3e75a96910a9d,0xad5fa4ab553a840fbeb59a173d5adb36bf4f506b,0x699905cfddec8d474481bb47a11f8a7c0b091083,0xa221af4a429b734abb1cc53fbd0c1d0fa47e1494,5808647283518574074656294518292,PolkaDoge,PDOGE,18,155,164150,7000000000,123670,13801284,deprecated,0x7ff36ab5,"swapExactETHForTokens(uint256 amountOutMin, address[] path, address to, uint256 deadline)",12307605
12754102,1625308724,0x7e13ba4246724d5b2605eb0dd0b1bf632a7ab828d95579de3c113619ad909b3f,33,0x90daa620dee0a44c7c1fa6c328aef8918913a7f93def9a85fbd3e75a96910a9d,0xad5fa4ab553a840fbeb59a173d5adb36bf4f506b,0x699905cfddec8d474481bb47a11f8a7c0b091083,0x11ce93e2e306f25221562014923d55aee867f53c,75810950102970914201150343412,PolkaDoge,PDOGE,18,156,164137,10000000000,113242,13914526,deprecated,0x7ff36ab5,"swapExactETHForTokens(uint256 amountOutMin, address[] path, address to, uint256 deadline)",12307605
12754112,1625308858,0x76b294e0931c76c4f13b7f53fe8962e324d724bf6af498f7e32e74270da2ed9e,937,0x600c2ef68f3574ce0c5c813396c97690787d9531e446afac44cc76e86a8090fd,0xad5fa4ab553a840fbeb59a173d5adb36bf4f506b,0x699905cfddec8d474481bb47a11f8a7c0b091083,0x52217443e3fbed2ddf2364f8e174dec88a72b3a6,1133502721743116476511441707200,PolkaDoge,PDOGE,18,2,179073,88000000000,123670,350586,deprecated,0x7ff36ab5,"swapExactETHForTokens(uint256 amountOutMin, address[] path, address to, uint256 deadline)",12307595
12754112,1625308858,0x50e2635d228305399950cba4723f86e2eabec1b72a1acef9368f7bc2cbc4f468,758,0x600c2ef68f3574ce0c5c813396c97690787d9531e446afac44cc76e86a8090fd,0xad5fa4ab553a840fbeb59a173d5adb36bf4f506b,0x699905cfddec8d474481bb47a11f8a7c0b091083,0xbdcee5e6df63283fbf380c3193cd1e78a511d682,50703396626129881370135452579,PolkaDoge,PDOGE,18,3,235022,50000000000,177047,527633,deprecated,0x38ed1739,"swapExactTokensForTokens(uint256 amountIn, uint256 amountOutMin, address[] path, address to, uint256 deadline)",12307595
12754112,1625308858,0x724c96dafeb9ab9d7eaa4511d0934cd35382aeb06b54453a2b4b0e853967990d,327,0x600c2ef68f3574ce0c5c813396c97690787d9531e446afac44cc76e86a8090fd,0xad5fa4ab553a840fbeb59a173d5adb36bf4f506b,0x699905cfddec8d474481bb47a11f8a7c0b091083,0x46f311cb2acc949de41151b3df18066ac631d4b5,338181345914766070478518670213,PolkaDoge,PDOGE,18,7,179073,40000000000,113254,800689,deprecated,0x7ff36ab5,"swapExactETHForTokens(uint256 amountOutMin, address[] path, address to, uint256 deadline)",12307595
12754118,1625308924,0xb78911deadc128d4c2055d64bd852db41816e6477a2f30b81bc34845e48657af,421,0x89042a6a2842f71ef458854a9e0deb5f0751238510a245a6164db841df37bd28,0xad5fa4ab553a840fbeb59a173d5adb36bf4f506b,0x699905cfddec8d474481bb47a11f8a7c0b091083,0xc2797806d987a830d669d64ad406973c5e7c2c44,112548802487700303622293519788,PolkaDoge,PDOGE,18,290,179073,20000000000,123670,14602055,deprecated,0x7ff36ab5,"swapExactETHForTokens(uint256 amountOutMin, address[] path, address to, uint256 deadline)",12307589
12754119,1625309042,0x6700674f82e0868d2ad57b291c9527314c3aa5245fb212c497cf2bff208999c6,34,0x348143a960db12ecfe0a7626738fa855042e527988cf5e0fc6ffcc7671c94845,0xad5fa4ab553a840fbeb59a173d5adb36bf4f506b,0x699905cfddec8d474481bb47a11f8a7c0b091083,0xac6df80839bc27a74205f467a71aa214ad3bd759,337113748055633035525024126866,PolkaDoge,PDOGE,18,53,164150,20000000000,123670,4124100,deprecated,0x7ff36ab5,"swapExactETHForTokens(uint256 amountOutMin, address[] path, address to, uint256 deadline)",12307588
12754130,1625309197,0x1160559d454492f1df74ffc697f41c85e8c7657ac1cb94f750bfefe7d1a303c5,35,0x9782fff9a2a7ea1a74901f2461986c335b0ed6fd2fee9aedd268e88227309231,0xad5fa4ab553a840fbeb59a173d5adb36bf4f506b,0x699905cfddec8d474481bb47a11f8a7c0b091083,0xa95dcc26076080750d4bff5690d54e2fd7f4a443,168257529024724471253877635609,PolkaDoge,PDOGE,18,152,164150,10000000000,123670,12514849,deprecated,0x7ff36ab5,"swapExactETHForTokens(uint256 amountOutMin, address[] path, address to, uint256 deadline)",12307577
12754132,1625309249,0x50e7a3c632f67d12de8331d8b536636540063f1a272a2ca48d1faeb722fda100,36,0x246321e0631f7e25c1b1ca0cd51435254d1fa1038ffedb67a8b89a4677855d65,0xad5fa4ab553a840fbeb59a173d5adb36bf4f506b,0x699905cfddec8d474481bb47a11f8a7c0b091083,0x8e92a47c9d79cc7cdb275bd254fe394c4061dac4,56041572076964817460698116772,PolkaDoge,PDOGE,18,129,164137,10000000000,123658,10000852,deprecated,0x7ff36ab5,"swapExactETHForTokens(uint256 amountOutMin, address[] path, address to, uint256 deadline)",12307575
12754148,1625309395,0x804afcc1069de0bb4fc232336b0d3d5aa2e29f91b02ad2b541f1ca2c7815de94,1522,0xa5e67c9fb336bdb3c722406d22e47ce9c76a1d8fa8cc97226c7b79d573330be1,0xad5fa4ab553a840fbeb59a173d5adb36bf4f506b,0x699905cfddec8d474481bb47a11f8a7c0b091083,0xcb0b5c48e08dc20a7f535e106703f3172fbe3012,137675000000000000000000000000,PolkaDoge,PDOGE,18,69,227198,6000000000,170527,6205346,deprecated,0x8803dbee,"swapTokensForExactTokens(uint256 amountOut, uint256 amountInMax, address[] path, address to, uint256 deadline)",12307559
12754162,1625309552,0x9dff0595f283c22289585631541eadac1a37a84197be0008cf83b38e9c65586c,6,0x614278f54d483159b9ae5ff642ef2b4c08a0ba5f2bb190f59b2f79d03bf18831,0xad5fa4ab553a840fbeb59a173d5adb36bf4f506b,0x699905cfddec8d474481bb47a11f8a7c0b091083,0xe025b246cdd408dc1252dea57d166818df8bfe71,167829582954324192423625928641,PolkaDoge,PDOGE,18,78,179073,5500000000,123670,9528694,deprecated,0x7ff36ab5,"swapExactETHForTokens(uint256 amountOutMin, address[] path, address to, uint256 deadline)",12307545
12754168,1625309618,0xfda105aed84a836aeccdc4e1006f692061a1b0ade47dab7dfaa42036d40cb8c3,37,0x7c2a0864bddf7fb78672d0899a534e3794bec652a1244484385af14221b76134,0xad5fa4ab553a840fbeb59a173d5adb36bf4f506b,0x699905cfddec8d474481bb47a11f8a7c0b091083,0x19751a8500f9e0b4de01918423306e0c38490bf1,1113820423808033358076766482895,PolkaDoge,PDOGE,18,95,145028,10000000000,106558,5368277,deprecated,0x7ff36ab5,"swapExactETHForTokens(uint256 amountOutMin, address[] path, address to, uint256 deadline)",12307539
12754175,1625309727,0xe7b7ed077c60e74e4b5b4804ed4b3b96225b38cd486639f7c75e1c39f07ad468,792,0xdcca3ee7c26be76c768eecafb6f544da4e473ba5dda4819cf72ced26c17370d7,0xad5fa4ab553a840fbeb59a173d5adb36bf4f506b,0x699905cfddec8d474481bb47a11f8a7c0b091083,0xf1a83e65543c28403316c0ecabdffac01dbb22cc,33279384389613591324766759092,PolkaDoge,PDOGE,18,64,179059,20000000000,123658,4804523,deprecated,0x7ff36ab5,"swapExactETHForTokens(uint256 amountOutMin, address[] path, address to, uint256 deadline)",12307532
12754179,1625309789,0xb0d638e4f93f0cfab116fef9fe244de43546d72c50e869e17475d1f63a25ceb2,28,0x0ba380585079a6f2affd03f299633c9680a49d4f855f7e6221aec7a651ed72fa,0xad5fa4ab553a840fbeb59a173d5adb36bf4f506b,0x699905cfddec8d474481bb47a11f8a7c0b091083,0x4617c52a1657a096c73940cae132ad8a81a1f133,55448240791576463522571947652,PolkaDoge,PDOGE,18,110,179059,7000001561,123658,12520998,deprecated,0x7ff36ab5,"swapExactETHForTokens(uint256 amountOutMin, address[] path, address to, uint256 deadline)",12307528
12754183,1625309898,0x3aa19d4fdd200ad0f9ebd3ae5d4cb74d26d219bbefd9a7c3d668b57e9019bf0a,38,0x9f7845ec35982fd5d3fb5f74212be108b8974c35ca26e6a3032c142903c6b968,0xad5fa4ab553a840fbeb59a173d5adb36bf4f506b,0x699905cfddec8d474481bb47a11f8a7c0b091083,0x11ce93e2e306f25221562014923d55aee867f53c,586418520799585138060439352145,PolkaDoge,PDOGE,18,86,145041,10000000000,106570,10833582,deprecated,0x7ff36ab5,"swapExactETHForTokens(uint256 amountOutMin, address[] path, address to, uint256 deadline)",12307524
12754189,1625309961,0xa74a13ce1882ceb2ced0e8efd42f7be98e38c3b527cf553ac19dac3ba7b45dd2,39,0x40a373ad55b646b478ae514a5576f3d8bad845d814fad5e5c265cb7a6c0fdf34,0xad5fa4ab553a840fbeb59a173d5adb36bf4f506b,0x699905cfddec8d474481bb47a11f8a7c0b091083,0x86e82f7ea96e61e437e190b9e6716f7b1a8fbda8,33120645482470743889155680256,PolkaDoge,PDOGE,18,28,164137,10000000000,123658,2406007,deprecated,0x7ff36ab5,"swapExactETHForTokens(uint256 amountOutMin, address[] path, address to, uint256 deadline)",12307518
12754208,1625310174,0x02dbecc66c827000b5ddb6e90fac1a67bc4999e29c5967170d32a65037c6df0c,29,0x80d7723de75fb9c5f1c31ff13cf7cc84bbc5b4d9d3cc7c0e28c2b803c5d27380,0xad5fa4ab553a840fbeb59a173d5adb36bf4f506b,0x699905cfddec8d474481bb47a11f8a7c0b091083,0xfbf78aa8746baab4f881362544417a0d22f2b8ac,275703537721410246261948588182,PolkaDoge,PDOGE,18,124,164137,7500000000,123658,13243152,deprecated,0x7ff36ab5,"swapExactETHForTokens(uint256 amountOutMin, address[] path, address to, uint256 deadline)",12307499
12754222,1625310350,0xb24f9900d022480fa03a9f3e4b3e2a122c66e47a188049b5e6cddb476ec9a125,40,0x9574f0877225bee7563df07aa7b68ca851427e757e311f85f46673846baec3fa,0xad5fa4ab553a840fbeb59a173d5adb36bf4f506b,0x699905cfddec8d474481bb47a11f8a7c0b091083,0x2f9734dff6455aa477d5f684cb479cadb2001ceb,110130443548693982399489221887,PolkaDoge,PDOGE,18,70,164137,10000000000,123658,4972682,deprecated,0x7ff36ab5,"swapExactETHForTokens(uint256 amountOutMin, address[] path, address to, uint256 deadline)",12307485
12754229,1625310399,0xb4d80a4ac038dadc16d4f8ec5be85c0a9050ef98b7fa45a6eb10657ed511f82c,198,0xa8f8c0e80ae6411498770334fd99baf7f15247f35af40b914ab7e92afdeb08b7,0xad5fa4ab553a840fbeb59a173d5adb36bf4f506b,0x699905cfddec8d474481bb47a11f8a7c0b091083,0xc6981fbf01beb22451d039b0f5961f7aa0400d2e,274950049103180885698431937814,PolkaDoge,PDOGE,18,21,164150,10000000000,123670,2187949,deprecated,0x7ff36ab5,"swapExactETHForTokens(uint256 amountOutMin, address[] path, address to, uint256 deadline)",12307478
12754236,1625310524,0x10bebee2e9b6fe45eea5f5dd926c1adcb6d186e2d8d0c4a8cfe7139919278a17,41,0xbc20d055608a53b9e16bcb535083d2a4bb021eee5e54cc37e9ed7ed6426424f3,0xad5fa4ab553a840fbeb59a173d5adb36bf4f506b,0x699905cfddec8d474481bb47a11f8a7c0b091083,0xe67ba66f0df543e0d652ee476598913e81e35b97,548293521258576211015112344226,PolkaDoge,PDOGE,18,196,164150,10000000000,123670,11027514,deprecated,0x7ff36ab5,"swapExactETHForTokens(uint256 amountOutMin, address[] path, address to, uint256 deadline)",12307471
12754251,1625310706,0xbf7665ce669eaf5d6e85b02f9c1e0c42349a29cfa985a621056c9e60c0c6ea10,11,0x5513958c56aa20cfb593c61d854cccb79679857da343d4518278b159d3b9e6e3,0xad5fa4ab553a840fbeb59a173d5adb36bf4f506b,0x699905cfddec8d474481bb47a11f8a7c0b091083,0x01a6a9b0210e508159051b255aff1ba4429c706b,98465737479736162624587571061,PolkaDoge,PDOGE,18,179,145041,4550000000,106570,14917621,deprecated,0x7ff36ab5,"swapExactETHForTokens(uint256 amountOutMin, address[] path, address to, uint256 deadline)",12307456
12754261,1625310951,0x79cb321381a2f7e1de850852316dd75b76d8475a7cc10e54f4bf0acdf3de308d,42,0x62a9c20a06bc4294e61062e43579174bd24a5800b9d89904f48a48c151b21277,0xad5fa4ab553a840fbeb59a173d5adb36bf4f506b,0x699905cfddec8d474481bb47a11f8a7c0b091083,0x4b540a0f1c180839abba37326b5fd7eff1871ccb,1197921406736920486963424815062,PolkaDoge,PDOGE,18,131,164150,10000000000,123670,9940969,deprecated,0x7ff36ab5,"swapExactETHForTokens(uint256 amountOutMin, address[] path, address to, uint256 deadline)",12307446
12754263,1625310980,0xa12c9e590bd1bc3db0cff97252cab1d6bf8ff5d3d3fcfb96bb63291302aa1e7d,127,0xdf7a108177198333b9e0ac9f811aa95fea7b36e826ac176c325598e9048a864e,0xad5fa4ab553a840fbeb59a173d5adb36bf4f506b,0x699905cfddec8d474481bb47a11f8a7c0b091083,0x47248ea194e2d86fe8054fc5b16ec73f171a25dc,54207767439147814121689939358,PolkaDoge,PDOGE,18,178,164137,14000000000,123658,9174901,deprecated,0x7ff36ab5,"swapExactETHForTokens(uint256 amountOutMin, address[] path, address to, uint256 deadline)",12307444
12754264,1625311014,0x1852503caf34c72babf91361fbcbb607ab2d14b56d701050a2681e0e17e50559,43,0x5a6969a8efaafa08c5bb1bdcf85869b3c77a54376a8f5bb4c448cc3f23bc5a4b,0xad5fa4ab553a840fbeb59a173d5adb36bf4f506b,0x699905cfddec8d474481bb47a11f8a7c0b091083,0x7f559f3a0b646779cbc9d23123d94005eb14e9e5,21677216640913208190871052726,PolkaDoge,PDOGE,18,76,164137,10000000000,123658,8743452,deprecated,0x7ff36ab5,"swapExactETHForTokens(uint256 amountOutMin, address[] path, address to, uint256 deadline)",12307443
12754268,1625311063,0x806ac0745b919e6c59f175f4a1c27590aed8c52429abdc84ece788ca73a49681,6,0xb66f91f451c6503dd74ce43eae3d7652351955b14376eb7ed736211312b2bc3f,0xad5fa4ab553a840fbeb59a173d5adb36bf4f506b,0x699905cfddec8d474481bb47a11f8a7c0b091083,0x32cbb464f81b4fb370e4deaa1e7644a9201653e7,1625655509724999301509051419,PolkaDoge,PDOGE,18,41,164124,8225000774,123646,4878937,deprecated,0x7ff36ab5,"swapExactETHForTokens(uint256 amountOutMin, address[] path, address to, uint256 deadline)",12307439
12754274,1625311155,0x9063435332568afeaf80c8e028b5b940726975869de6a0f9b6bcfcab20780651,62,0x5ad8e2904bf5b2378c7cd5157a087b0c69eee372ed4038c5bdbf1d4c90ad00e1,0xad5fa4ab553a840fbeb59a173d5adb36bf4f506b,0x699905cfddec8d474481bb47a11f8a7c0b091083,0x8fc5029a956f2a30e2a58b18cd41df8f696476e3,86674270734711448794927033605,PolkaDoge,PDOGE,18,42,152510,7750000729,123670,7344632,deprecated,0x7ff36ab5,"swapExactETHForTokens(uint256 amountOutMin, address[] path, address to, uint256 deadline)",12307433
12754280,1625311201,0x46517f62ec3fc9f8f73633923bc3f1029a51c35dfb1619b7ecbdf706a1783ecd,44,0xce0e7add3a99e7db93fd964a6a58f2e4cc453d08b14362ccbd0077b466132e6e,0xad5fa4ab553a840fbeb59a173d5adb36bf4f506b,0x699905cfddec8d474481bb47a11f8a7c0b091083,0x6918f0aec53147d900b9fec7d235147d25d753e5,1078915094837719193062836034707,PolkaDoge,PDOGE,18,206,164137,10000000000,123658,13422412,deprecated,0x7ff36ab5,"swapExactETHForTokens(uint256 amountOutMin, address[] path, address to, uint256 deadline)",12307427
12754283,1625311251,0xec4064a76d2fa164fe00a1954c460fb5c0b458152db3e117d89a49b65311dfa5,29,0x4ff8beeafd1f289e0db7c23d3b7eb4cf83cd68752a7b73b9f6224165d879d0d2,0xad5fa4ab553a840fbeb59a173d5adb36bf4f506b,0x699905cfddec8d474481bb47a11f8a7c0b091083,0x9abcff4bae4b797fb63cf7f7367f0b324e355c98,22403570072723778248337677491,PolkaDoge,PDOGE,18,54,164137,6000000000,123658,8452159,deprecated,0x7ff36ab5,"swapExactETHForTokens(uint256 amountOutMin, address[] path, address to, uint256 deadline)",12307424
12754292,1625311333,0xf2e536c0f2339ac43c7b68d36d99c0f853c4bf7e001209f0442bae066bdbe244,45,0x814f5efcb42ad2d13640855922cea238910d70dc5dc4e047dd78f65a7d8fc79c,0xad5fa4ab553a840fbeb59a173d5adb36bf4f506b,0x699905cfddec8d474481bb47a11f8a7c0b091083,0xefff3f070fdf5decf7b41687ee552b83a4e4ef78,500000000000000000000000000000,PolkaDoge,PDOGE,18,200,171183,10000000000,131037,13306925,deprecated,0xfb3bdb41,"swapETHForExactTokens(uint256 amountOut, address[] path, address to, uint256 deadline)",12307415
12754310,1625311590,0x21878c3d28cb933e26e3c88fc72b7d8bde5bcf4a1d354f1da57338f0fa0eec4f,46,0x5a82a1604f0474e257f1727fae3d1a41865bdee08a025771184360aabedcf4ce,0xad5fa4ab553a840fbeb59a173d5adb36bf4f506b,0x699905cfddec8d474481bb47a11f8a7c0b091083,0x5df0034ec7549e19fe31fa82904a090c5083a1cd,374244567224856708568852706566,PolkaDoge,PDOGE,18,57,164150,10000000000,123670,4707003,deprecated,0x7ff36ab5,"swapExactETHForTokens(uint256 amountOutMin, address[] path, address to, uint256 deadline)",12307397
12754338,1625311815,0x4296a83d2edd97d3488af3a50231fc1baa11798125b65d84d095a11abd656c26,13,0x1f0186edae1adc494a6e788bf2c6c8f86ebe59ae632077de7ac3d22a4b85e3c5,0xad5fa4ab553a840fbeb59a173d5adb36bf4f506b,0x699905cfddec8d474481bb47a11f8a7c0b091083,0x5585f2e89fa12e13f7c4989c3d08e36a230f0a45,165947960651074882490817958994,PolkaDoge,PDOGE,18,96,164150,4500000000,123670,13090773,deprecated,0x7ff36ab5,"swapExactETHForTokens(uint256 amountOutMin, address[] path, address to, uint256 deadline)",12307369
12754338,1625311815,0xe1e159919b03f869c3a3ecfaf858c8c2bb4b4abe63112aaeb39eced8f538d5d1,13,0x1f0186edae1adc494a6e788bf2c6c8f86ebe59ae632077de7ac3d22a4b85e3c5,0xad5fa4ab553a840fbeb59a173d5adb36bf4f506b,0x699905cfddec8d474481bb47a11f8a7c0b091083,0xf808fbb27eae6e45cd9e66a865e8f29b5f3d8c01,6399152783919296039760811274,PolkaDoge,PDOGE,18,99,164137,4500000000,113242,13326768,deprecated,0x7ff36ab5,"swapExactETHForTokens(uint256 amountOutMin, address[] path, address to, uint256 deadline)",12307369
12754351,1625312016,0xd2832b77196a3349c1a706b7a0957780ecf998b0f118ce9de2d0465c6c58be3c,47,0x539a165599548ee4605a5d0705fc1e78ef9a7942b9c96a760a1cfdd499b58f5b,0xad5fa4ab553a840fbeb59a173d5adb36bf4f506b,0x699905cfddec8d474481bb47a11f8a7c0b091083,0xe6a9d0539fabe0fda237c3c4bafeae2042b06e67,1590586015673783994466573456184,PolkaDoge,PDOGE,18,194,164150,10000000000,123670,13197683,deprecated,0x7ff36ab5,"swapExactETHForTokens(uint256 amountOutMin, address[] path, address to, uint256 deadline)",12307356
12754364,1625312195,0x6d6ad47900eebf1b46d7322b347785a3ddb3ec473ebdca956fe002b9c772e26d,48,0x82569c866fcabed1ec3fdd935af275975dbcbde5b41b20b69ab5192bb1c94e8d,0xad5fa4ab553a840fbeb59a173d5adb36bf4f506b,0x699905cfddec8d474481bb47a11f8a7c0b091083,0x2ccce360d356bc9c200d32a53012832903029030,800000000000000000000000000000,PolkaDoge,PDOGE,18,85,171169,6000000000,131025,6920705,deprecated,0xfb3bdb41,"swapETHForExactTokens(uint256 amountOut, address[] path, address to, uint256 deadline)",12307343
12754375,1625312300,0xc59bf21d5c8ee8416ae0da2a98077986921822747a62b18f997abd0c93d2e3ec,219,0x79c503cf8dc972da623087d7deefae79b95016eb3efa12a70ff2f0d660696774,0xad5fa4ab553a840fbeb59a173d5adb36bf4f506b,0x699905cfddec8d474481bb47a11f8a7c0b091083,0x3eb7b4a4231a06c9ac4d714ce1e7673570d5b283,473450505431188570846406163618,PolkaDoge,PDOGE,18,46,222537,12100000000,187475,3567165,deprecated,0x38ed1739,"swapExactTokensForTokens(uint256 amountIn, uint256 amountOutMin, address[] path, address to, uint256 deadline)",12307332
12754375,1625312300,0x9790370a0bfb9452354b6d9a7e513ccd26ee3df62206059c4669965de6e6482c,9,0x79c503cf8dc972da623087d7deefae79b95016eb3efa12a70ff2f0d660696774,0xad5fa4ab553a840fbeb59a173d5adb36bf4f506b,0x699905cfddec8d474481bb47a11f8a7c0b091083,0xcd9601c04cf12b2a51939f326643a4b27824e174,51979469787760179730437532061,PolkaDoge,PDOGE,18,148,215450,4500000561,166643,10669074,deprecated,0x38ed1739,"swapExactTokensForTokens(uint256 amountIn, uint256 amountOutMin, address[] path, address to, uint256 deadline)",12307332
12754390,1625312436,0xa6becad340de688ee06b9258f41721d578cbacba5abfe8054b81a8d138a2704f,544,0x45339d278f58f08bae83327617185ca5752420a0c57d7338c27f9919d4df2105,0xad5fa4ab553a840fbeb59a173d5adb36bf4f506b,0x699905cfddec8d474481bb47a11f8a7c0b091083,0x255bf9a1f7e308dbd7829a6b9e6abb2c6b031d1d,177345418636545717041210331096,PolkaDoge,PDOGE,18,35,261387,10000000000,210198,2657537,deprecated,0x5c11d795,"swapExactTokensForTokensSupportingFeeOnTransferTokens(uint256 amountIn, uint256 amountOutMin, address[] path, address to, uint256 deadline)",12307317
12754390,1625312436,0x944326adc03c87544a1cf1ff82000249379fa29a8c509d695b1e5d7f42c64c34,49,0x45339d278f58f08bae83327617185ca5752420a0c57d7338c27f9919d4df2105,0xad5fa4ab553a840fbeb59a173d5adb36bf4f506b,0x699905cfddec8d474481bb47a11f8a7c0b091083,0x803b66997aa50c08480c305c7d4fda49310dc4e8,250000000000000000000000000000,PolkaDoge,PDOGE,18,40,171183,10000000000,120621,3015926,deprecated,0xfb3bdb41,"swapETHForExactTokens(uint256 amountOut, address[] path, address to, uint256 deadline)",12307317
12754396,1625312494,0x548ecd9e7599094eb4cdaf307a531b5451339c11fbc1152effbd56d959835434,50,0xe0ccd7ef2245d3ca7d73d43fa3ab1994568c407020f2f1815349966b1d5a18e7,0xad5fa4ab553a840fbeb59a173d5adb36bf4f506b,0x699905cfddec8d474481bb47a11f8a7c0b091083,0xdea0cc19e39fe953b845b721e64b6dbd44fd17f5,1036995557511876950329221283292,PolkaDoge,PDOGE,18,87,164150,10000000000,123670,5937891,deprecated,0x7ff36ab5,"swapExactETHForTokens(uint256 amountOutMin, address[] path, address to, uint256 deadline)",12307311
12754441,1625313210,0x192cdd403f58e653de4d26207ec73da04e6452f9a2d8337c9a7d9f8bd610d3e9,51,0xed3885876ba29d0a166b12a4d6400f81a2e95b5ab942f21037900ab48bfea373,0xad5fa4ab553a840fbeb59a173d5adb36bf4f506b,0x699905cfddec8d474481bb47a11f8a7c0b091083,0x68686ab32dc47a3e9d3b56ea243fca0ffed1c0b1,206456542031122714129342839957,PolkaDoge,PDOGE,18,70,164150,10000000000,123670,5833924,deprecated,0x7ff36ab5,"swapExactETHForTokens(uint256 amountOutMin, address[] path, address to, uint256 deadline)",12307266
12754441,1625313210,0xbb47c2a08d412b70ee22828746c70ab33f44f00f34aebe832bea9b22f7be7132,52,0xed3885876ba29d0a166b12a4d6400f81a2e95b5ab942f21037900ab48bfea373,0xad5fa4ab553a840fbeb59a173d5adb36bf4f506b,0x699905cfddec8d474481bb47a11f8a7c0b091083,0xa9dc491b90a4161eb1074e60d10ac67e32879876,25785075141384800888714981350,PolkaDoge,PDOGE,18,71,164137,11000000000,113242,5947166,deprecated,0x7ff36ab5,"swapExactETHForTokens(uint256 amountOutMin, address[] path, address to, uint256 deadline)",12307266
12754446,1625313265,0xfb1750af46df4ecc932ed1fba1bd548c04c8a4b95dc5a955645c6c9673143a74,53,0x222e1660d21339e251b01926de185faacb462af9e2cb0175a7922aac546b2bac,0xad5fa4ab553a840fbeb59a173d5adb36bf4f506b,0x699905cfddec8d474481bb47a11f8a7c0b091083,0xa1ad43b139de86ee3b328a32d8299825cda6d66f,401514583556970673857151000986,PolkaDoge,PDOGE,18,107,164150,8000000000,123670,14755231,deprecated,0x7ff36ab5,"swapExactETHForTokens(uint256 amountOutMin, address[] path, address to, uint256 deadline)",12307261
12754449,1625313304,0x4557e33b2d278e2f7260e4dd06eef884bcb64ea52eabc5e2e026ab02c5b9dd95,54,0x5c6a6c116c171d162aabb8dd2ef5a10f997d10998255baa3237c48aae5d4dabd,0xad5fa4ab553a840fbeb59a173d5adb36bf4f506b,0x699905cfddec8d474481bb47a11f8a7c0b091083,0xf36fa5a4f98be59c5532ae8117dc36d6dada7a2e,2041141466144607390798389797844,PolkaDoge,PDOGE,18,57,164150,8000000000,123670,7715267,deprecated,0x7ff36ab5,"swapExactETHForTokens(uint256 amountOutMin, address[] path, address to, uint256 deadline)",12307258
12754452,1625313332,0x8c4faf499965c852007eb753c00d9e068f1f066b258db8de000472c2c5dfe8f5,16,0x42a4b15595232249995f7da91c334d668b4cf0cb372672fd7e70535f38ce1893,0xad5fa4ab553a840fbeb59a173d5adb36bf4f506b,0x699905cfddec8d474481bb47a11f8a7c0b091083,0xc319630cacd320c7ecbeda1d691c0d59197861fb,303111235047489275358483482203,PolkaDoge,PDOGE,18,133,206501,6000000000,190791,10641232,deprecated,0x5c11d795,"swapExactTokensForTokensSupportingFeeOnTransferTokens(uint256 amountIn, uint256 amountOutMin, address[] path, address to, uint256 deadline)",12307255
12754460,1625313380,0x0e2315b50851d626291f5410f06eec2632f891ac0d27293dd5f821eaf3283e40,55,0x14136f702d80405faa4f16fcedba90de9adf94f75354119321873520fa4b7b6e,0xad5fa4ab553a840fbeb59a173d5adb36bf4f506b,0x699905cfddec8d474481bb47a11f8a7c0b091083,0x0b3fc121a940be825a954bbfbe98d5df9f01829d,1207344584661720466122490436881,PolkaDoge,PDOGE,18,45,164150,6000000000,123670,3961624,deprecated,0x7ff36ab5,"swapExactETHForTokens(uint256 amountOutMin, address[] path, address to, uint256 deadline)",12307247
12754462,1625313401,0x2cb3e6e9b84d0b77c97f9600720f14801112e85637d174e4857a0891b8057559,56,0x02d6a44562d90a33bf502735c2e811e90a623cebb3e76ad729c74363ad3ade50,0xad5fa4ab553a840fbeb59a173d5adb36bf4f506b,0x699905cfddec8d474481bb47a11f8a7c0b091083,0x5aa99703eb03085d7fb97bcd19e05a15dfc17182,728548063959162729180953710448,PolkaDoge,PDOGE,18,153,152510,5010000000,123670,11887176,deprecated,0x7ff36ab5,"swapExactETHForTokens(uint256 amountOutMin, address[] path, address to, uint256 deadline)",12307245
12754469,1625313492,0x73a48f8f768e5eb32ad5e301d82858ce22ba88724b330712d41572fda424b858,263,0xde9f99a963a40536d631bcc4fe60ae4cb27245e4ace38963ec44c5926bab6682,0xad5fa4ab553a840fbeb59a173d5adb36bf4f506b,0x699905cfddec8d474481bb47a11f8a7c0b091083,0x3ffcf7aa44bc0a7df280a66dc9b3c9a1c028c6d5,104558944147197464797937785785,PolkaDoge,PDOGE,18,60,179073,7000000000,123670,6552145,deprecated,0x7ff36ab5,"swapExactETHForTokens(uint256 amountOutMin, address[] path, address to, uint256 deadline)",12307238
12754477,1625313610,0x1c8364902d186817890e2b0b496668dff49135395dc12d33a0507ed1a2965729,57,0x891ccf472030c95b195b69f2cf76adfdd0ce1d90201eb93a7ab6fcc7b4aabb91,0xad5fa4ab553a840fbeb59a173d5adb36bf4f506b,0x699905cfddec8d474481bb47a11f8a7c0b091083,0xff0c5d3e8aa53fc674e568a17b5ab514df10bf20,88074834908662171413683829276,PolkaDoge,PDOGE,18,126,164150,6000000000,123670,8545807,deprecated,0x7ff36ab5,"swapExactETHForTokens(uint256 amountOutMin, address[] path, address to, uint256 deadline)",12307230
12754477,1625313610,0x78f5da37f5179c21c65f11ce372c1f1b968926928ddf991b9584a24f70e135e8,58,0x891ccf472030c95b195b69f2cf76adfdd0ce1d90201eb93a7ab6fcc7b4aabb91,0xad5fa4ab553a840fbeb59a173d5adb36bf4f506b,0x699905cfddec8d474481bb47a11f8a7c0b091083,0xecb9431b93a927218d58aa7e71fa54b3dc8fff6e,1045760801439569653318882038420,PolkaDoge,PDOGE,18,127,164150,7000000000,113254,8659061,deprecated,0x7ff36ab5,"swapExactETHForTokens(uint256 amountOutMin, address[] path, address to, uint256 deadline)",12307230
12754482,1625313662,0x58399954f701a38682c40d7635a05f128cac11a558048d5fe3879cb09e0f1676,59,0xe6e4b0035a152bfcd2ba992246bc5b8e6c64c1e79c5edc0ec1f9b3f5e13bb269,0xad5fa4ab553a840fbeb59a173d5adb36bf4f506b,0x699905cfddec8d474481bb47a11f8a7c0b091083,0x22a7c6adcec47d7dff34cdea2c52136cb08ee169,4845474195444985149085932319191,PolkaDoge,PDOGE,18,163,164150,7000000000,123670,12471843,deprecated,0x7ff36ab5,"swapExactETHForTokens(uint256 amountOutMin, address[] path, address to, uint256 deadline)",12307225
12754496,1625313824,0x34541b4c4a806cf7890c1bf48a22ff6b2e3cdd2aefdbb1ba0dd82bdf26833281,162,0x6930adc73781f94dffabdf7747792076262bfb8c2980426995de13ddc645bc37,0xad5fa4ab553a840fbeb59a173d5adb36bf4f506b,0x699905cfddec8d474481bb47a11f8a7c0b091083,0x291dd7ef84b822792d03504155c72de7b3def581,38052973304511557147588335617,PolkaDoge,PDOGE,18,65,179059,10000000000,123658,6483396,deprecated,0x7ff36ab5,"swapExactETHForTokens(uint256 amountOutMin, address[] path, address to, uint256 deadline)",12307211
12754505,1625313970,0xbd77324eee830492769970aaa915d9a1009ea9b12d5750f2e269a752f487609b,7,0x9bbb7e758267b1b1de9e4520e412f957b22929e1f36a7a94d00c431b083a43f9,0xad5fa4ab553a840fbeb59a173d5adb36bf4f506b,0x699905cfddec8d474481bb47a11f8a7c0b091083,0x25e78a42351bc6eb4aa69da0d2f8eddf5fedab38,186431762224846678648236991126,PolkaDoge,PDOGE,18,103,164150,8800000000,123670,11135250,deprecated,0x7ff36ab5,"swapExactETHForTokens(uint256 amountOutMin, address[] path, address to, uint256 deadline)",12307202
12754506,1625313971,0x8b270f6b7f095eecbdaa22c8140e209a80a82797d465e4bcb080d0892aed213c,60,0x6f7ac4fc614f1cacb9ca8cb98258f0f0405d9d1e87df0177e842dbf63f799823,0xad5fa4ab553a840fbeb59a173d5adb36bf4f506b,0x699905cfddec8d474481bb47a11f8a7c0b091083,0x7bdbf08d7b2e1fe0fdaefd78e76f4c4c1f8d1957,94948758172850554030676849431,PolkaDoge,PDOGE,18,45,164150,11000000000,123670,4199929,deprecated,0x7ff36ab5,"swapExactETHForTokens(uint256 amountOutMin, address[] path, address to, uint256 deadline)",12307201
12754514,1625314095,0x5413616a3608e0a4c01ddb8b95699cd0d87382bd9c8b93435dfd3ff5d38a69e7,61,0xdbc8dff0a8c39709d23feef3b231f4a099a1b343cde183a1c0a67d216eb05e77,0xad5fa4ab553a840fbeb59a173d5adb36bf4f506b,0x699905cfddec8d474481bb47a11f8a7c0b091083,0x7e81462e3c1a43cd4bff20216ac5ebeb6913e534,283836881499228977405310136186,PolkaDoge,PDOGE,18,129,164150,10000000000,123670,13494366,deprecated,0x7ff36ab5,"swapExactETHForTokens(uint256 amountOutMin, address[] path, address to, uint256 deadline)",12307193
12754520,1625314162,0x65f59d28c6689550127b2f4e7c530007222dfb37cb5eef4be1e13f214105d587,62,0xbd12656938a92aec69047daf13e640cc3d3da07661dacc92f5a188495c7bce1d,0xad5fa4ab553a840fbeb59a173d5adb36bf4f506b,0x699905cfddec8d474481bb47a11f8a7c0b091083,0xc9e0f4ad34eb954c9e9ed1a222ac93c7f948d46e,943667731294783060157785768469,PolkaDoge,PDOGE,18,95,152510,9000000000,123670,7970509,deprecated,0x7ff36ab5,"swapExactETHForTokens(uint256 amountOutMin, address[] path, address to, uint256 deadline)",12307187
12754536,1625314364,0x10d607e399573ca9ab60b93929dc273ed6ce99f4f0ae40e75fc2d06ba7207fa2,8,0x679cd9359d6a3e572e57af92c6a26f94ffd5ed20816161974e3e74312c1b6f80,0xad5fa4ab553a840fbeb59a173d5adb36bf4f506b,0x699905cfddec8d474481bb47a11f8a7c0b091083,0x25e78a42351bc6eb4aa69da0d2f8eddf5fedab38,931564998678455095941403894462,PolkaDoge,PDOGE,18,171,145041,6275000000,106570,14302714,deprecated,0x7ff36ab5,"swapExactETHForTokens(uint256 amountOutMin, address[] path, address to, uint256 deadline)",12307171
12754546,1625314556,0x1c58dae6fd9a0f6bfb282e16b2ab3a7798b315cc32760880dc9d04a2e85fbed6,63,0xc02ec56c3fe34343085a5145c20baac028e242fd4bfe8f602e996cac5d21a33c,0xad5fa4ab553a840fbeb59a173d5adb36bf4f506b,0x699905cfddec8d474481bb47a11f8a7c0b091083,0xb49717cff675b7efb5b1f0fee336751aef89c9b8,465931076470917424222366844993,PolkaDoge,PDOGE,18,169,164150,12000000000,123670,9933736,deprecated,0x7ff36ab5,"swapExactETHForTokens(uint256 amountOutMin, address[] path, address to, uint256 deadline)",12307161
12754548,1625314585,0x48a132b4a694f3d056f20be1f1cb4e327488cf8ce0b66d4e172689dbb3e45346,64,0x775b74bc7be9e4dfe076817001c418b1274d3649c84fb1c4e0aac2da263f95d2,0xad5fa4ab553a840fbeb59a173d5adb36bf4f506b,0x699905cfddec8d474481bb47a11f8a7c0b091083,0xd77b702ed7894c785d1381b4784fb0af5dadd67a,1847119589332366100400345435390,PolkaDoge,PDOGE,18,93,164150,12000000000,123670,4745122,deprecated,0x7ff36ab5,"swapExactETHForTokens(uint256 amountOutMin, address[] path, address to, uint256 deadline)",12307159
12754551,1625314622,0xc1ba4a5fb36a7c852c10a418a4b8f8c00d78496325e1ea620ad8ca5cf67fe109,65,0xd0604b4abf859ae8d19a8b635f6ec3495f94b8252bb7ffb8b56bfddc637d50ff,0xad5fa4ab553a840fbeb59a173d5adb36bf4f506b,0x699905cfddec8d474481bb47a11f8a7c0b091083,0x8505942be727970a50001c84830f901fd3e7b849,118050473787712029137576523225,PolkaDoge,PDOGE,18,163,152497,11000000000,123658,10437618,deprecated,0x7ff36ab5,"swapExactETHForTokens(uint256 amountOutMin, address[] path, address to, uint256 deadline)",12307156
12754561,1625314789,0x5a0d2b71ff7047dfdef2a09e3c988b73f9ac0c892870273da273c26d9397a7d6,66,0xa63146d8beae7611cd492c8c449f2455699d99cfb417ec7e583e3575c453b30b,0xad5fa4ab553a840fbeb59a173d5adb36bf4f506b,0x699905cfddec8d474481bb47a11f8a7c0b091083,0x1294cbfed93f10223f81989e3428cec57426712b,320242788250255556361785200730,PolkaDoge,PDOGE,18,72,164150,9000000000,123670,6572129,deprecated,0x7ff36ab5,"swapExactETHForTokens(uint256 amountOutMin, address[] path, address to, uint256 deadline)",12307146
12754581,1625315048,0xd65cd3961017dda103d557b4551b4646f1b165529a41e81013ba508f3bfca1ba,67,0x3e1027622809e3644b76ca53812471087890fedf469d3775168861172a074f2a,0xad5fa4ab553a840fbeb59a173d5adb36bf4f506b,0x699905cfddec8d474481bb47a11f8a7c0b091083,0x1294cbfed93f10223f81989e3428cec57426712b,182637598554041169478252780284,PolkaDoge,PDOGE,18,49,145028,8000000000,106558,4771339,deprecated,0x7ff36ab5,"swapExactETHForTokens(uint256 amountOutMin, address[] path, address to, uint256 deadline)",12307126
12754588,1625315122,0x3bf02eabaccdee3d09da18eb13f074dac8c343e084774a704de904bffa255e56,68,0x4dd7ce0a51f1621e5653aa07a32108d73ac5471925469d8bc935c05060066686,0xad5fa4ab553a840fbeb59a173d5adb36bf4f506b,0x699905cfddec8d474481bb47a11f8a7c0b091083,0xd5df86602cfcabef59301d3b8ca03682054a1c5a,72982227148814181139174531445,PolkaDoge,PDOGE,18,68,164137,8000000000,123658,5247335,deprecated,0x7ff36ab5,"swapExactETHForTokens(uint256 amountOutMin, address[] path, address to, uint256 deadline)",12307119
12754601,1625315240,0xcd7734dc107d4143e377c370c106e68d4b21cd58b2a5ed8f7ad8b0d95821e5c4,69,0xe10cb1ae13981d95e4ddb554e016d9d2fc64cd878f15f244b1c1d792ea39162b,0xad5fa4ab553a840fbeb59a173d5adb36bf4f506b,0x699905cfddec8d474481bb47a11f8a7c0b091083,0x483fb2a5c79f78e2fd00a427f04f4053ef1d499a,1360776686526980476688933691398,PolkaDoge,PDOGE,18,237,164137,5010000000,123658,13671970,deprecated,0x7ff36ab5,"swapExactETHForTokens(uint256 amountOutMin, address[] path, address to, uint256 deadline)",12307106
12754617,1625315407,0xf9d33b31beb8c725e8dafee509feaeee721b75f816a0ee6f7363fdcf08dece79,70,0x4771fba7b70afcdeb4e590fb81b4aecdd8d12d01d0da490e8ae5f2d6d0fc3a8f,0xad5fa4ab553a840fbeb59a173d5adb36bf4f506b,0x699905cfddec8d474481bb47a11f8a7c0b091083,0x45d5571f6fa2bee7b8bef3ce2ea35f22b63e3d10,83801953027828628643254036815,PolkaDoge,PDOGE,18,144,164137,5010000000,123658,10385563,deprecated,0x7ff36ab5,"swapExactETHForTokens(uint256 amountOutMin, address[] path, address to, uint256 deadline)",12307090
12754633,1625315591,0x411add9db817771c8b3d87a2956159179acbb43c6f413d5411e605a31f471eea,71,0x4a5262d191a29e6ece1f38a612011d0f44ee74a774f7e01f0d01c2246c6ceb78,0xad5fa4ab553a840fbeb59a173d5adb36bf4f506b,0x699905cfddec8d474481bb47a11f8a7c0b091083,0x45d5571f6fa2bee7b8bef3ce2ea35f22b63e3d10,360198873777012015950821750842,PolkaDoge,PDOGE,18,201,145041,5010000000,106570,13797459,deprecated,0x7ff36ab5,"swapExactETHForTokens(uint256 amountOutMin, address[] path, address to, uint256 deadline)",12307074
12754667,1625316024,0x99b05c77ad2ecb5c79e59b04dda246f783ea46174a2b64795eb36b7e52446098,72,0x7a530cf94eb67e1e428348b2d4c9eecae0fc4a7c077b353be010ee4e04d70130,0xad5fa4ab553a840fbeb59a173d5adb36bf4f506b,0x699905cfddec8d474481bb47a11f8a7c0b091083,0x19f9b366d1b82d071ed9f65a01d35baa3f485cf4,69446054716951346672229389091,PolkaDoge,PDOGE,18,81,164137,11000000000,123658,5305078,deprecated,0x7ff36ab5,"swapExactETHForTokens(uint256 amountOutMin, address[] path, address to, uint256 deadline)",12307040
12754680,1625316258,0x972090962e851c2a7370b9abfd5f9e839784b76449d71983bd7c42997ffbac84,73,0xde3aed25284a14fac18f3cbd06dddaf02ee12e98c3fd9d0fce6082c1c8923ca5,0xad5fa4ab553a840fbeb59a173d5adb36bf4f506b,0x699905cfddec8d474481bb47a11f8a7c0b091083,0xec2e246ca0da163fcc2e8d1ef97244de89b94b48,895574732541580462923322682696,PolkaDoge,PDOGE,18,25,164150,11000000000,123670,1333680,deprecated,0x7ff36ab5,"swapExactETHForTokens(uint256 amountOutMin, address[] path, address to, uint256 deadline)",12307027
12754685,1625316311,0xe081d0286f4bf162e8a0f673d0dca1ee0151b87d042f02429e26e3130c3da77d,74,0x642f562d659a86e20cf941a69cebab347c32b415bbd3e7087a7c2c6a737aa1bf,0xad5fa4ab553a840fbeb59a173d5adb36bf4f506b,0x699905cfddec8d474481bb47a11f8a7c0b091083,0x1829d58a16498006137514c0ff78620cec29a8ad,756297209484554080709416222138,PolkaDoge,PDOGE,18,98,164150,8000000000,123670,8568364,deprecated,0x7ff36ab5,"swapExactETHForTokens(uint256 amountOutMin, address[] path, address to, uint256 deadline)",12307022
12754698,1625316513,0xe0247e091dcbc1638db53fcdda32047cc58a8a1bc42cc5ef662c68100a86d183,75,0x7558694089088559d6f4e40b3daafcffb5e1ba8451a2b9864fe187111b1ef200,0xad5fa4ab553a840fbeb59a173d5adb36bf4f506b,0x699905cfddec8d474481bb47a11f8a7c0b091083,0xbe1d06744ecff3796e9338f1052f11206b2a5b37,80301808553389243658027798252,PolkaDoge,PDOGE,18,141,164137,5010000000,123658,13465908,deprecated,0x7ff36ab5,"swapExactETHForTokens(uint256 amountOutMin, address[] path, address to, uint256 deadline)",12307009
12754736,1625316943,0xda2be5cf003d026b9ccce273af79fdb0599f8dff6fab5695b21f995d08d230ca,76,0xdae5425d1934a1778564fc68c91bd979beb4a9df4f5414756ad1e63f7029c352,0xad5fa4ab553a840fbeb59a173d5adb36bf4f506b,0x699905cfddec8d474481bb47a11f8a7c0b091083,0xa41b8904f9037e27ef5ac6ab00e935b8170b68af,795379914263659700360393175307,PolkaDoge,PDOGE,18,99,164137,6000000000,123658,9959422,deprecated,0x7ff36ab5,"swapExactETHForTokens(uint256 amountOutMin, address[] path, address to, uint256 deadline)",12306971
12754768,1625317404,0x0dc27e6e17487ff2518b5c2b9043825bd352aae1043beef7af1032e56fb1197b,77,0xac9ae47fd3ba3edb066a136d65224a06fe4d696dfdf22413f5a6f193295dab5f,0xad5fa4ab553a840fbeb59a173d5adb36bf4f506b,0x699905cfddec8d474481bb47a11f8a7c0b091083,0x6ceadff0411853a503bae68fa767c49aa2510137,35233902255553630796375257044,PolkaDoge,PDOGE,18,54,164137,9000000000,123658,4449973,deprecated,0x7ff36ab5,"swapExactETHForTokens(uint256 amountOutMin, address[] path, address to, uint256 deadline)",12306939
12754788,1625317669,0x57e9b15baaca1e5db85abc07e3917b518aaada7f3fdc022a928b7f9dc2959055,78,0x8aa2593ab77d93ecc83a10a417cc8c7e015e706be73cba748215461107f1efae,0xad5fa4ab553a840fbeb59a173d5adb36bf4f506b,0x699905cfddec8d474481bb47a11f8a7c0b091083,0x146b3c366a5d168381d8b5708624a3d943c1f9f3,1749237469509705586201047396408,PolkaDoge,PDOGE,18,153,164150,10000000000,123670,13112264,deprecated,0x7ff36ab5,"swapExactETHForTokens(uint256 amountOutMin, address[] path, address to, uint256 deadline)",12306919
12754818,1625318176,0x826193e56684ea08d6c79a53fbd4ecf7f54435fa2e6d902229c80d41e378a2fc,79,0x38975cd28306ac4e2290276a253f5f9997461a3ab1512cb46aaed2cb65d1f26c,0xad5fa4ab553a840fbeb59a173d5adb36bf4f506b,0x699905cfddec8d474481bb47a11f8a7c0b091083,0xf150e5d2b349dd2f2d26371f91d16fdfc67522a7,260290583566620791609738097804,PolkaDoge,PDOGE,18,72,164150,8000000000,123670,6176127,deprecated,0x7ff36ab5,"swapExactETHForTokens(uint256 amountOutMin, address[] path, address to, uint256 deadline)",12306889
12754974,1625320363,0x2d87ed23a9273f230bd5a4e35943921cf148f891f7f7c543ecc4387ddc8aa702,520,0x6ee85288e910cf6c232157d07b9e1d3029cae7b8915a9f6b8304bfd6223f2d3f,0xad5fa4ab553a840fbeb59a173d5adb36bf4f506b,0x699905cfddec8d474481bb47a11f8a7c0b091083,0xa309734d0fc1a3a65454d60c1142b644db9c809c,178364845425216475847117216035,PolkaDoge,PDOGE,18,58,214665,21000000000,165915,4807847,deprecated,0x38ed1739,"swapExactTokensForTokens(uint256 amountIn, uint256 amountOutMin, address[] path, address to, uint256 deadline)",12306733
12755034,1625321212,0xa0393debb9a3fc96fc1e83efc579437d29c3fe718963738b19a67889032d828b,80,0x418c4274d626ddf8fe2593d01d3460b1af8a09cbcdcf44a687a8ab0e39e1d90f,0xad5fa4ab553a840fbeb59a173d5adb36bf4f506b,0x699905cfddec8d474481bb47a11f8a7c0b091083,0x965f6730ad15e166e66fb4b0034ae9a123fe7caa,432000002899283857423505504583,PolkaDoge,PDOGE,18,135,164150,15000000000,123670,11552125,deprecated,0x7ff36ab5,"swapExactETHForTokens(uint256 amountOutMin, address[] path, address to, uint256 deadline)",12306673
12755073,1625321726,0xa3fa6935f2b2c6e0fc536cdeb9b53954b32cbcf22c8cd0bb35d17dcb1da3c093,81,0x3682f860578ad2a534af088633ab513a6581fb9c689e67c2f25d3d2bc7d38739,0xad5fa4ab553a840fbeb59a173d5adb36bf4f506b,0x699905cfddec8d474481bb47a11f8a7c0b091083,0x451476e9848ce90a52db90e33b68d246f0bb5415,248928829667180748627494953936,PolkaDoge,PDOGE,18,145,164150,14000000000,123670,5385665,deprecated,0x7ff36ab5,"swapExactETHForTokens(uint256 amountOutMin, address[] path, address to, uint256 deadline)",12306634
12755125,1625322404,0xb341a996b8f4fd4503ae31048c3ff38625e0175377e2fb6b29bf8d358f2eeffa,82,0x28db7706df65b73fe04341f3b3b7693001e51ce3e85c87e90229fa3484014874,0xad5fa4ab553a840fbeb59a173d5adb36bf4f506b,0x699905cfddec8d474481bb47a11f8a7c0b091083,0xd2d95d3185a5bede067373c1da37cc29b1564847,91725627036093675356637639419,PolkaDoge,PDOGE,18,38,164150,16000000000,123670,3504374,deprecated,0x7ff36ab5,"swapExactETHForTokens(uint256 amountOutMin, address[] path, address to, uint256 deadline)",12306582
12755190,1625323188,0xe64c9939e3b0915b7b9703bc788ca42f31720acac61d6d43f11774575b892c97,83,0xc8028af7efd5b4c0ecabc7379b463deb2600fc68e37fb823f13a57fc6c8c426e,0xad5fa4ab553a840fbeb59a173d5adb36bf4f506b,0x699905cfddec8d474481bb47a11f8a7c0b091083,0xac72be8c05b9bb577e209e8449eb374b2b452b45,857191503683745192270761854812,PolkaDoge,PDOGE,18,57,164150,12000000000,123670,5581719,deprecated,0x7ff36ab5,"swapExactETHForTokens(uint256 amountOutMin, address[] path, address to, uint256 deadline)",12306517
12755239,1625323693,0x8379963b0cbc5fa91afe3004b5e9894007736b3013d2c8a4051b4911a255804e,84,0x282e04aacdc8f21e377eb9c19c4e322696b9ae12825ad1a14bb39739179528ca,0xad5fa4ab553a840fbeb59a173d5adb36bf4f506b,0x699905cfddec8d474481bb47a11f8a7c0b091083,0xa28202e073c81e6b4e1e5489f8dec6946c2e8a82,175421609727400959804577511468,PolkaDoge,PDOGE,18,199,164150,11000000000,123670,13367768,deprecated,0x7ff36ab5,"swapExactETHForTokens(uint256 amountOutMin, address[] path, address to, uint256 deadline)",12306468
12755383,1625325911,0x48204fd6a8763f41c9f7b6e3c5d65d00790582af7d5bfba6db983025bfa0d5f6,30,0x4b41c9e1478ec2565d97c2007e8878d4a1faf8781edf1154da060fa5c1723e7f,0xad5fa4ab553a840fbeb59a173d5adb36bf4f506b,0x699905cfddec8d474481bb47a11f8a7c0b091083,0x9abcff4bae4b797fb63cf7f7367f0b324e355c98,4265070536227450842951478201,PolkaDoge,PDOGE,18,31,145028,17000000000,106558,9954982,deprecated,0x7ff36ab5,"swapExactETHForTokens(uint256 amountOutMin, address[] path, address to, uint256 deadline)",12306324
12755668,1625329534,0x39cd8e83b89cfdd8661c3497a76c4aace975c50df4a363b51dfd58f8c1d75c52,17,0x696b275514b7f27278bdc4877a14efd00c9df965cad67ac4c9359e3276cd2326,0xad5fa4ab553a840fbeb59a173d5adb36bf4f506b,0x699905cfddec8d474481bb47a11f8a7c0b091083,0xcb3fbeb09f4445f20813e0f67151f31bf83690cc,7676757397265795560839859536,PolkaDoge,PDOGE,18,200,164137,13050000000,123658,14700914,deprecated,0x7ff36ab5,"swapExactETHForTokens(uint256 amountOutMin, address[] path, address to, uint256 deadline)",12306039
12756486,1625340604,0x0f0079f41fd99a2fe6e51d3c5e466c6ec3e7101c567063add6062d5e1b686222,1,0x4e5ea7fa77653c84a6064fd8a3904485a3da86b5ea002dab13fcf1af0f63b9b1,0xad5fa4ab553a840fbeb59a173d5adb36bf4f506b,0x699905cfddec8d474481bb47a11f8a7c0b091083,0x4914e283ee83b56810eea7f5ef2ca96c6c20dc54,10680410844960047540061183962,PolkaDoge,PDOGE,18,35,179059,12100000000,123658,3846205,deprecated,0x7ff36ab5,"swapExactETHForTokens(uint256 amountOutMin, address[] path, address to, uint256 deadline)",12305221
12756504,1625340814,0xfc09db7a78db5f81244f6d735cc8987f519223f9f719a549250bd02d13dd78f0,2,0xc169f76777f9281b503b8db0f11fb033847e7077d58621c4f61d8defc0e7aa06,0xad5fa4ab553a840fbeb59a173d5adb36bf4f506b,0x699905cfddec8d474481bb47a11f8a7c0b091083,0x4914e283ee83b56810eea7f5ef2ca96c6c20dc54,5117133253598743279301714718,PolkaDoge,PDOGE,18,362,158212,8800000000,106558,13008356,deprecated,0x7ff36ab5,"swapExactETHForTokens(uint256 amountOutMin, address[] path, address to, uint256 deadline)",12305203
12756671,1625343049,0xad7ee837c8fdd6218af583af0e2f17a2090d93d3745ad21ef85121f7e02c662e,64,0xc04df992375ca6688ee99a263d6f9bfb759bf909796bae8fa5160ada2118d196,0xad5fa4ab553a840fbeb59a173d5adb36bf4f506b,0x699905cfddec8d474481bb47a11f8a7c0b091083,0x47f77e28986b8e6fb25543d00efef338908da2ce,412904084340616839439849186274,PolkaDoge,PDOGE,18,87,470108,10000000000,322716,12513646,deprecated,0x5c11d795,"swapExactTokensForTokensSupportingFeeOnTransferTokens(uint256 amountIn, uint256 amountOutMin, address[] path, address to, uint256 deadline)",12305036
12756675,1625343071,0xc097bca095a8bd20aa404b9d3f2761feb296adccaf07b3ac161674ecc9859764,57,0x6d30277b5ad7bc00434c3ccce99e7f120a8fe2ac01a3b2237fb224ddb8bc937e,0xad5fa4ab553a840fbeb59a173d5adb36bf4f506b,0x699905cfddec8d474481bb47a11f8a7c0b091083,0x060ad2c38dc895be2137a3e6e8d2f5dd748edcf5,29993975918116443164227921588,PolkaDoge,PDOGE,18,110,266697,10000000000,214623,7173698,deprecated,0x5c11d795,"swapExactTokensForTokensSupportingFeeOnTransferTokens(uint256 amountIn, uint256 amountOutMin, address[] path, address to, uint256 deadline)",12305032
12756748,1625343986,0x70613caee6a963001c5f4c4b8f9e61a422b467fc872c89735de13902c45f48bc,20,0xf17fb321e8d297ab2931b3d6a44aae165acbe702c5599dfa07e6cfaf555d9bdb,0xad5fa4ab553a840fbeb59a173d5adb36bf4f506b,0x699905cfddec8d474481bb47a11f8a7c0b091083,0xf36fa5a4f98be59c5532ae8117dc36d6dada7a2e,1053518801753717524450910536,PolkaDoge,PDOGE,18,61,158212,9900000000,106558,5974296,deprecated,0x7ff36ab5,"swapExactETHForTokens(uint256 amountOutMin, address[] path, address to, uint256 deadline)",12304959
12756752,1625344005,0x38605cca77967e94c6ae878481b18a6071b7a12786f345fbf60d856cd4a797cb,50,0xdf2937bbc97715a157c6fc74787d894851e974b5e170c5f294a8a50cbfd4665b,0xad5fa4ab553a840fbeb59a173d5adb36bf4f506b,0x699905cfddec8d474481bb47a11f8a7c0b091083,0xb575e64fe0fcce92d1dffe865b74dce1fd8905ea,8497573626883288477556315838,PolkaDoge,PDOGE,18,70,152497,4500000000,123658,3918114,deprecated,0x7ff36ab5,"swapExactETHForTokens(uint256 amountOutMin, address[] path, address to, uint256 deadline)",12304955
12756787,1625344448,0xd1cd3d71c81e9e08660c26dbaddbcfa020a3844b0f8baceeacd9c95f002b75be,52,0xed3d61e6eac959184c448a3ee4f98f9ea62f671a8205bb229136475e8164df41,0xad5fa4ab553a840fbeb59a173d5adb36bf4f506b,0x699905cfddec8d474481bb47a11f8a7c0b091083,0xb575e64fe0fcce92d1dffe865b74dce1fd8905ea,993193884101448602645466264,PolkaDoge,PDOGE,18,70,183697,4500000000,143881,6859306,deprecated,0x38ed1739,"swapExactTokensForTokens(uint256 amountIn, uint256 amountOutMin, address[] path, address to, uint256 deadline)",12304920
12756803,1625344608,0x7e01850aa148f1364386b6aa390d914c81b2930b047b2d0b4d20e83798a399a3,58,0x900c50e76a347be82b1ae7979be677a3ae52b99db0e98b4467dbf63d4b192e94,0xad5fa4ab553a840fbeb59a173d5adb36bf4f506b,0x699905cfddec8d474481bb47a11f8a7c0b091083,0x060ad2c38dc895be2137a3e6e8d2f5dd748edcf5,103949924664484428787123211808,PolkaDoge,PDOGE,18,29,158227,10000000000,106570,1806540,deprecated,0x7ff36ab5,"swapExactETHForTokens(uint256 amountOutMin, address[] path, address to, uint256 deadline)",12304904
12756805,1625344614,0x0835e663e055ff78324effd35e7a5ebf4e2cd16e043a8b132f86fdf836800d15,21,0xaa647b3a40740d1984af28a0de05e74ba571ce039b1f55ce1514020978f1703a,0xad5fa4ab553a840fbeb59a173d5adb36bf4f506b,0x699905cfddec8d474481bb47a11f8a7c0b091083,0xf36fa5a4f98be59c5532ae8117dc36d6dada7a2e,5942911064598544564760616035,PolkaDoge,PDOGE,18,85,158198,6600000000,106546,7816747,deprecated,0x7ff36ab5,"swapExactETHForTokens(uint256 amountOutMin, address[] path, address to, uint256 deadline)",12304902
12756815,1625344735,0x34aeaa45bc380de9763ece703d3b83271779ca55d66414bf7d4ce230a20d0973,85,0x44549b872ac7d8bacf152d526d830c64c4c1ce31f79a7396576b1f7522cbe181,0xad5fa4ab553a840fbeb59a173d5adb36bf4f506b,0x699905cfddec8d474481bb47a11f8a7c0b091083,0x246ea68f4516f2d09de8754708255d567477ec21,846067596346530073231866706205,PolkaDoge,PDOGE,18,138,164150,7000000000,123670,13673977,deprecated,0x7ff36ab5,"swapExactETHForTokens(uint256 amountOutMin, address[] path, address to, uint256 deadline)",12304892
12756831,1625345050,0x972e2b8413f5d7f69f2fbd71598f8ecc7f9e08df35ccb9cf7ac00449fe092dac,0,0xb848f1f7945118f9d1d8157e346a63bb606e84dbb5d6df2de154f9a8d8f484b6,0xad5fa4ab553a840fbeb59a173d5adb36bf4f506b,0x699905cfddec8d474481bb47a11f8a7c0b091083,0x9e58d95c690d49815362bde199a1f0d17a640b02,252691983435265081984914567071,PolkaDoge,PDOGE,18,125,179073,10000000000,123670,10249016,deprecated,0x7ff36ab5,"swapExactETHForTokens(uint256 amountOutMin, address[] path, address to, uint256 deadline)",12304876
12756842,1625345170,0x849742389cedd6ff33c06cb5d6de27d556c4ef2a432f27ca85b73cafc77dc8ee,86,0x934183455b2c0940785afc1013e69085214c23278db1e14b1a04c15f46225987,0xad5fa4ab553a840fbeb59a173d5adb36bf4f506b,0x699905cfddec8d474481bb47a11f8a7c0b091083,0x246ea68f4516f2d09de8754708255d567477ec21,4136648500155106416340413009646,PolkaDoge,PDOGE,18,61,145041,10000000000,106570,5401660,deprecated,0x7ff36ab5,"swapExactETHForTokens(uint256 amountOutMin, address[] path, address to, uint256 deadline)",12304865
12756886,1625345795,0x4761fe23ac79f98e7233b2f2f1dd79beeeee1a2d11c2f5e076e6e7f68fabcbf6,59,0xc56869f1b537351f876f8dce8ff1e46f9b59cd9dad4cd76423ff6bcc7a8bd060,0xad5fa4ab553a840fbeb59a173d5adb36bf4f506b,0x699905cfddec8d474481bb47a11f8a7c0b091083,0x060ad2c38dc895be2137a3e6e8d2f5dd748edcf5,168668918136406561454688070823,PolkaDoge,PDOGE,18,113,245866,10000000000,197535,8687128,deprecated,0x5c11d795,"swapExactTokensForTokensSupportingFeeOnTransferTokens(uint256 amountIn, uint256 amountOutMin, address[] path, address to, uint256 deadline)",12304821
12756929,1625346345,0x6a46e118bb52715132a5be0d6cbf2ae84ede5ad8b032f41f58faace6c844a474,87,0x1e980cc6bc1e4c0a0d35273c702d98666dbf39073327c188832f31bc5126d89a,0xad5fa4ab553a840fbeb59a173d5adb36bf4f506b,0x699905cfddec8d474481bb47a11f8a7c0b091083,0xa8ac70a5ac19090cd21a96ec3094a02b191e7236,3000000000000000000000000000000,PolkaDoge,PDOGE,18,9,171183,12000000000,131037,1067650,deprecated,0xfb3bdb41,"swapETHForExactTokens(uint256 amountOut, address[] path, address to, uint256 deadline)",12304778
12756929,1625346345,0x487163b6cadfb9f6a83d97f67e51cab40bc6e03870f0a7612d14ce0004a4c5c8,88,0x1e980cc6bc1e4c0a0d35273c702d98666dbf39073327c188832f31bc5126d89a,0xad5fa4ab553a840fbeb59a173d5adb36bf4f506b,0x699905cfddec8d474481bb47a11f8a7c0b091083,0x75a49cc7d1e39f2c743dcbbd462189f4d15f9cab,395477701316124283842814458703,PolkaDoge,PDOGE,18,54,164150,11000000000,113254,4334933,deprecated,0x7ff36ab5,"swapExactETHForTokens(uint256 amountOutMin, address[] path, address to, uint256 deadline)",12304778
12758201,1625363252,0xef9b4bec041ca014fa3211065b1b00b1ea6336bc7dcb37bd8e66fb904f7d594b,1413,0x297a83d5a936a5a350496ba6b40e96ada7b40d8e5fa602e58a42864d7618ddd6,0xad5fa4ab553a840fbeb59a173d5adb36bf4f506b,0x699905cfddec8d474481bb47a11f8a7c0b091083,0x7c1c3c0d538736128e1ec9de82e4da9e7dc94a75,286030744060777807614004936983,PolkaDoge,PDOGE,18,41,245481,10000000000,196179,3661065,deprecated,0x38ed1739,"swapExactTokensForTokens(uint256 amountIn, uint256 amountOutMin, address[] path, address to, uint256 deadline)",12303506
12758549,1625367791,0x929d43ab58793eafced8a0789af94ab08950c6154ffa4b8ef9e209317b52aace,28,0x3bdb68b830b790ee9d57da0dda9a6205ee1aa80afb454782380d3bcc4a41d9ae,0xad5fa4ab553a840fbeb59a173d5adb36bf4f506b,0x699905cfddec8d474481bb47a11f8a7c0b091083,0x2268db6a5680779c63ff42d74192e00db2647233,1874770611933272576877944094590,PolkaDoge,PDOGE,18,129,209104,13000000000,155373,9726463,deprecated,0x2e95b6c8,"unoswap(address srcToken, uint256 amount, uint256 minReturn, bytes32[])",12303158
12758577,1625368247,0x1c47a5a3694ca0cf97b421d2c42075137d6c6775b1e48c7c7bbf5d0d241dcfd2,29,0x339c5f9bea4853d697ce2d31c90e2009587dbc5bb66190ee3206f80051a6c1db,0xad5fa4ab553a840fbeb59a173d5adb36bf4f506b,0x699905cfddec8d474481bb47a11f8a7c0b091083,0x2268db6a5680779c63ff42d74192e00db2647233,697063991236694431464981469440,PolkaDoge,PDOGE,18,73,196341,22000000000,170375,3833312,deprecated,0x38ed1739,"swapExactTokensForTokens(uint256 amountIn, uint256 amountOutMin, address[] path, address to, uint256 deadline)",12303130
12758713,1625369923,0x888f84d3d550cd01e9d244b2965b8c87429e36e0e6bb1e507ef32f0714df718e,846,0x9ecef12e2e2b90bf4a0cd1c120c887f96784d88030d47306e510564dd1e44990,0xad5fa4ab553a840fbeb59a173d5adb36bf4f506b,0x699905cfddec8d474481bb47a11f8a7c0b091083,0xa91486da08b47a047396a9cbc11d5aed427eac95,242972493270105680918115572019,PolkaDoge,PDOGE,18,107,235036,11000000000,177059,6933191,deprecated,0x38ed1739,"swapExactTokensForTokens(uint256 amountIn, uint256 amountOutMin, address[] path, address to, uint256 deadline)",12302994
12758716,1625369995,0x8be5330676c758f9eba2f7190564e6a43c9570326a329608394b4674cd18d737,73,0xaf9d9a39d88b7897913fd9880694565584c87be75921453357bb66cdbde6963f,0xad5fa4ab553a840fbeb59a173d5adb36bf4f506b,0x699905cfddec8d474481bb47a11f8a7c0b091083,0xfaf771e70939b85f4bcab7304c40072418324c24,1528534313041704152520527103053,PolkaDoge,PDOGE,18,104,164150,8000000000,123670,8979143,deprecated,0x7ff36ab5,"swapExactETHForTokens(uint256 amountOutMin, address[] path, address to, uint256 deadline)",12302991
12758719,1625370042,0xb279d1ff0544205148147f15f6d0d9a1938c7c9b3450ad6f2ab3c51a51b8df60,20,0x40f4fa91d8253829763cd3c9e81209bd867e016e977953bb6d49d41b78c3d4be,0xad5fa4ab553a840fbeb59a173d5adb36bf4f506b,0x699905cfddec8d474481bb47a11f8a7c0b091083,0x34375693d29eaee2958c6fcf2b3c83328c513468,379035409301522479869983799021,PolkaDoge,PDOGE,18,115,166375,8000000000,123670,8544548,deprecated,0x7ff36ab5,"swapExactETHForTokens(uint256 amountOutMin, address[] path, address to, uint256 deadline)",12302988
12758730,1625370166,0xe7bd214b44446c6b30315cc4a903ec4625e8544b808397f7202f6a32f3aea956,74,0xbcd65d2b612c90fc8715a7bc46dfad3cc3bcb208d92b9261d88fd1a4b31965fd,0xad5fa4ab553a840fbeb59a173d5adb36bf4f506b,0x699905cfddec8d474481bb47a11f8a7c0b091083,0xfaf771e70939b85f4bcab7304c40072418324c24,1503950516513020372980219533800,PolkaDoge,PDOGE,18,58,145041,6000000000,106570,6049043,deprecated,0x7ff36ab5,"swapExactETHForTokens(uint256 amountOutMin, address[] path, address to, uint256 deadline)",12302977
12758748,1625370401,0x2b04b196d3da6d3d4f20d42b0e2a8cc716f9150794e6caf821fae127fa333671,75,0x015dbe97c4f95f3631ec11e8fbfe93c074953bacc9733ad7b2f22250ab55e01c,0xad5fa4ab553a840fbeb59a173d5adb36bf4f506b,0x699905cfddec8d474481bb47a11f8a7c0b091083,0xfaf771e70939b85f4bcab7304c40072418324c24,2717869547430479788148510996739,PolkaDoge,PDOGE,18,81,145041,4510000000,106570,5456845,deprecated,0x7ff36ab5,"swapExactETHForTokens(uint256 amountOutMin, address[] path, address to, uint256 deadline)",12302959
12758752,1625370446,0xb2dab7434bc91b1605b504f2497e2311938a901bbc87b6178e56c7466685d03b,271,0xd360ad03b10d43c629024ebacaf00a258ea565197298c1630993c8a13636c954,0xad5fa4ab553a840fbeb59a173d5adb36bf4f506b,0x699905cfddec8d474481bb47a11f8a7c0b091083,0x5b1fb47234868b4b77acd1a0d875cb0a06753c3b,3648594782798501276572933795,PolkaDoge,PDOGE,18,62,166360,11000000000,123658,3834122,deprecated,0x7ff36ab5,"swapExactETHForTokens(uint256 amountOutMin, address[] path, address to, uint256 deadline)",12302955
12758803,1625371085,0x05c7a928967d8ab02e0da3e9d23b12dfd11e9c8d608dc9eeb46cf173c869212c,734,0x126f0ab5b9cfdccb4daba773ae07ec18cf161e5cdabe05f5fdad43121e88ca0f,0xad5fa4ab553a840fbeb59a173d5adb36bf4f506b,0x699905cfddec8d474481bb47a11f8a7c0b091083,0x08cdc58ec84f466903f5945fdcea6998badc7d3b,25423276853031127489513268,PolkaDoge,PDOGE,18,67,297999,10000000000,240708,5421397,deprecated,0x5c11d795,"swapExactTokensForTokensSupportingFeeOnTransferTokens(uint256 amountIn, uint256 amountOutMin, address[] path, address to, uint256 deadline)",12302904
12758846,1625371742,0xa0924ed288b8a9460d5f80ae0fd4b04287a8aceea8214f106f2179f9b022eea7,736,0xcc46a0044b5eabed5a682029db2236d1ca1fc04844f3407e1aaa826b52d76db0,0xad5fa4ab553a840fbeb59a173d5adb36bf4f506b,0x699905cfddec8d474481bb47a11f8a7c0b091083,0x08cdc58ec84f466903f5945fdcea6998badc7d3b,13360837586728469877682,PolkaDoge,PDOGE,18,124,458996,4000000000,375143,13409531,deprecated,0x5c11d795,"swapExactTokensForTokensSupportingFeeOnTransferTokens(uint256 amountIn, uint256 amountOutMin, address[] path, address to, uint256 deadline)",12302861
12758864,1625372051,0x1edb1d2de6fd4ebd0a5299a7be1b6c049e838c6e99fe782d7935d689b8d67ae3,737,0xef902e5f41ef70c9591374a69da027b1bfc59e57fea7d6d57f70306141f42faa,0xad5fa4ab553a840fbeb59a173d5adb36bf4f506b,0x699905cfddec8d474481bb47a11f8a7c0b091083,0x08cdc58ec84f466903f5945fdcea6998badc7d3b,1892038617248468534782418152,PolkaDoge,PDOGE,18,172,206316,5000000000,148813,13573070,deprecated,0x38ed1739,"swapExactTokensForTokens(uint256 amountIn, uint256 amountOutMin, address[] path, address to, uint256 deadline)",12302843
12758905,1625372564,0xfb802d04f2416eebfcf4c2788536376a2bcd14bac377ca71c03c5e4d2e5bdd29,150,0x553f8ed42031cf86451f359129d770df71401e7513908bffc4a5889ed890e8bf,0xad5fa4ab553a840fbeb59a173d5adb36bf4f506b,0x699905cfddec8d474481bb47a11f8a7c0b091083,0x7a45d2c954b060c2bca4f61b96e964506b7ad8ab,327861734961625797391784557035,PolkaDoge,PDOGE,18,31,235036,4000001459,172475,3349363,deprecated,0x38ed1739,"swapExactTokensForTokens(uint256 amountIn, uint256 amountOutMin, address[] path, address to, uint256 deadline)",12302802
12758919,1625372776,0x01b50d87337346fc715412a7944090b3b4b416fc816d42784a1d12052c53e556,5,0x55adad4c987194745d4831d0e566316d4ecc05d904457f50a9ed23f3f74e931f,0xad5fa4ab553a840fbeb59a173d5adb36bf4f506b,0x699905cfddec8d474481bb47a11f8a7c0b091083,0x8ec1a5edf411c9276cc824fcc0e5aaa582376518,35554442361361823127482913709,PolkaDoge,PDOGE,18,60,179059,5000001459,123658,5219860,deprecated,0x7ff36ab5,"swapExactETHForTokens(uint256 amountOutMin, address[] path, address to, uint256 deadline)",12302788
12759139,1625375872,0x2da5a466c25ecbe06430cdd382617faff515214b25a10e53a7e5dfd4f8d1deb0,89,0x0f10f982a59139e644eda96ea53ce48cdb58a2d125b3025dd64755749942e6d2,0xad5fa4ab553a840fbeb59a173d5adb36bf4f506b,0x699905cfddec8d474481bb47a11f8a7c0b091083,0x7c345b242a0c1e7ca825267bbcca0755b92fb75f,3580150270017526264288265517676,PolkaDoge,PDOGE,18,75,164150,5000000000,123670,8087876,deprecated,0x7ff36ab5,"swapExactETHForTokens(uint256 amountOutMin, address[] path, address to, uint256 deadline)",12302568
12759204,1625376758,0x1c56fd996adf50246ac32ec7310d400142531725a59d93962426c583740e07f1,90,0xea5711b74ac390c7a0ab376c297d30ae4203abc8160a7e72f420d3ad930a4c61,0xad5fa4ab553a840fbeb59a173d5adb36bf4f506b,0x699905cfddec8d474481bb47a11f8a7c0b091083,0x8eca05aa9b106de214891d35179b4631aa678176,702626078296610176655696054188,PolkaDoge,PDOGE,18,147,164150,5000000000,123670,11980165,deprecated,0x7ff36ab5,"swapExactETHForTokens(uint256 amountOutMin, address[] path, address to, uint256 deadline)",12302503
12759283,1625377757,0xfb32f5a8a1bd82cc3cdb9bb580323f9709501f3e89c20e9bb775d160c8976074,152,0x1773c6a584cf2df81e2decf9fe9ae8a93c2d239d43e5ee2b62031fe084c0b77c,0xad5fa4ab553a840fbeb59a173d5adb36bf4f506b,0x699905cfddec8d474481bb47a11f8a7c0b091083,0x7a45d2c954b060c2bca4f61b96e964506b7ad8ab,224297611804719434909155330122,PolkaDoge,PDOGE,18,121,214204,6000001347,144971,14027683,deprecated,0x38ed1739,"swapExactTokensForTokens(uint256 amountIn, uint256 amountOutMin, address[] path, address to, uint256 deadline)",12302424
12759355,1625378857,0x815e3b17325a80ade60c0cccd7867c14e2ce7672b0aac95fc19b2f06cae7eb83,91,0x3432467210b0c09f770b0a3d7380c013ee48eeeac664e3789dfd2700e8378f0a,0xad5fa4ab553a840fbeb59a173d5adb36bf4f506b,0x699905cfddec8d474481bb47a11f8a7c0b091083,0xb4cf38ab9fbdbed00b79c851c9e4639b9cce757f,256183834097986030111069904117,PolkaDoge,PDOGE,18,41,164150,13000000000,123670,3250046,deprecated,0x7ff36ab5,"swapExactETHForTokens(uint256 amountOutMin, address[] path, address to, uint256 deadline)",12302352
12759389,1625379297,0x64dc64e842a96b7a9de60fd3333fe236cdb2f470b6927624825275a2b892485c,92,0xb4c3a13ffdb9078ea49d9aa5446a82b72c59d45dfbe57d510ba6779bdc80e0a0,0xad5fa4ab553a840fbeb59a173d5adb36bf4f506b,0x699905cfddec8d474481bb47a11f8a7c0b091083,0x9f8f4bd5b022818c436a727cc4ab39a6c16e5bbf,348179809039985038920210521856,PolkaDoge,PDOGE,18,143,164150,7000000000,123670,10602994,deprecated,0x7ff36ab5,"swapExactETHForTokens(uint256 amountOutMin, address[] path, address to, uint256 deadline)",12302318
12759446,1625380125,0x2f68def34cf509d8f18ebefb54e26fdbee532ff995e31c813a3405b927a0598d,93,0x530699e5766f7d8ea2a7ec3562e93ba5d1865a2a03338cc9802e8094d121411c,0xad5fa4ab553a840fbeb59a173d5adb36bf4f506b,0x699905cfddec8d474481bb47a11f8a7c0b091083,0xd2d871f89fee16a4eab0f7f14f975f78f65aa40c,693127640477250896994385306497,PolkaDoge,PDOGE,18,64,164150,10000000000,123670,5745633,deprecated,0x7ff36ab5,"swapExactETHForTokens(uint256 amountOutMin, address[] path, address to, uint256 deadline)",12302261
12759447,1625380136,0x5a80b15c6bda541a46859621d0830a81cc1c97422242d957e857b038af087a7a,94,0x5a0ef6dbcbe64eb30c330d3f58fc02fe6cf5ab6aa3a6863f53ae052d3c752f0e,0xad5fa4ab553a840fbeb59a173d5adb36bf4f506b,0x699905cfddec8d474481bb47a11f8a7c0b091083,0x6de2b77d89759c1275b99175494e29299f845cbc,1031684605058207382532564040051,PolkaDoge,PDOGE,18,153,152510,10000000000,123670,11517120,deprecated,0x7ff36ab5,"swapExactETHForTokens(uint256 amountOutMin, address[] path, address to, uint256 deadline)",12302260
12759449,1625380162,0xe15bb6920cee9cd88aae9a08f1ad9183355bd6a4921616b88ee602f42dc7fd5e,95,0xa397e74f6737a9446ac4d89b654ab83a8cc66dc50239fe9de3f688d1cf2f5ee4,0xad5fa4ab553a840fbeb59a173d5adb36bf4f506b,0x699905cfddec8d474481bb47a11f8a7c0b091083,0x0f4ee9631f4be0a63756515141281a3e2b293bbe,6641712317909454048331555851442,PolkaDoge,PDOGE,18,171,133402,10000000000,106570,8805638,deprecated,0x7ff36ab5,"swapExactETHForTokens(uint256 amountOutMin, address[] path, address to, uint256 deadline)",12302258
12759450,1625380182,0x883917f4896f8e0ef1fb1c707221c0d06014f37a6166c8d4d7a49d56f76026f0,96,0x7c95108d0925ae8266c3aa60a30ee7c07127b6f2cc469c6085a6310efcb5ec04,0xad5fa4ab553a840fbeb59a173d5adb36bf4f506b,0x699905cfddec8d474481bb47a11f8a7c0b091083,0x159b7fc6739e8fd015e6695b0606f321edce340a,1000000000000000000000000000000,PolkaDoge,PDOGE,18,71,171183,10000000000,131037,5248817,deprecated,0xfb3bdb41,"swapETHForExactTokens(uint256 amountOut, address[] path, address to, uint256 deadline)",12302257
12759458,1625380309,0xcd0a9c322dd07b8a41c843288444939f17c1efcc91f56ccd8e39c28b06fe6aa0,97,0x24d1d95660ade2fdd6c9644e86e42a84b5d37a4057f62c86507d80d75b87bd86,0xad5fa4ab553a840fbeb59a173d5adb36bf4f506b,0x699905cfddec8d474481bb47a11f8a7c0b091083,0xc5765cfee86fdc2c1961676473b8f24d7a2bcf04,1500000000000000000000000000000,PolkaDoge,PDOGE,18,79,171183,10000000000,131037,6395620,deprecated,0xfb3bdb41,"swapETHForExactTokens(uint256 amountOut, address[] path, address to, uint256 deadline)",12302249
12759459,1625380316,0xf9e8e8a2bea9fe15c49f12b5c3c03b074d62aca7bc0ff8186efe461ba8a0cf7a,98,0x59c8be1385c635533a275dc0b3ef28c690cc2006d0e0e5ef6e6fbe42021356c5,0xad5fa4ab553a840fbeb59a173d5adb36bf4f506b,0x699905cfddec8d474481bb47a11f8a7c0b091083,0xae6bc004ad3f7444668be955630fd9dfa4c98d87,125811748499072109723476716662,PolkaDoge,PDOGE,18,48,164150,10000000000,123670,5023362,deprecated,0x7ff36ab5,"swapExactETHForTokens(uint256 amountOutMin, address[] path, address to, uint256 deadline)",12302248
12759462,1625380343,0xed4d119ac3af28ac9f5d7263567c078a214bfb9b9dcc1204885ba60a5f7cc381,99,0x47d7d2f5a2480f1032198358d35e97b967f90ccfc16502349429672318443b28,0xad5fa4ab553a840fbeb59a173d5adb36bf4f506b,0x699905cfddec8d474481bb47a11f8a7c0b091083,0xcb802df0433493bbbc8d54ad4cc0bbca9f6d5118,1000000000000000000000000000000,PolkaDoge,PDOGE,18,234,171183,10000000000,131037,6715835,deprecated,0xfb3bdb41,"swapETHForExactTokens(uint256 amountOut, address[] path, address to, uint256 deadline)",12302245
12759469,1625380417,0x16c8deb7ba23d512d5f6f280e93ff40704ef2a38938edbba2c7c4405a1f6aa41,100,0x848475f16943ab3a70f8aca48a0e32864c6f12d3b2c67dea23e0ee6daaca8277,0xad5fa4ab553a840fbeb59a173d5adb36bf4f506b,0x699905cfddec8d474481bb47a11f8a7c0b091083,0x0ec1a29bc97a7d025bcfa53985feea0f971c0b75,62261262874547157487391398114,PolkaDoge,PDOGE,18,148,164137,6000000000,123658,10436968,deprecated,0x7ff36ab5,"swapExactETHForTokens(uint256 amountOutMin, address[] path, address to, uint256 deadline)",12302238
12759480,1625380533,0xf4b2f088ac0239d307e0812d9477d062b08d158d4887b0d243c509ee01615eae,357,0x59e88ff00302baf66e5bb8f13f2c90d975221dfea4291af01fdc6eb80261592d,0xad5fa4ab553a840fbeb59a173d5adb36bf4f506b,0x699905cfddec8d474481bb47a11f8a7c0b091083,0x60699270162ab751ac8883f074bb3c530f63b6ad,12447858429826895191989758089,PolkaDoge,PDOGE,18,154,179059,7590000000,123658,11851073,deprecated,0x7ff36ab5,"swapExactETHForTokens(uint256 amountOutMin, address[] path, address to, uint256 deadline)",12302227
12759645,1625382756,0x3a60153f9e9fb833dfbbbe86bc12481f14e5fe6cb90cb63e2b1b711f68f1785c,101,0x22361efa9f422ced6249f06047a531e26cf079a090ac54969a82a3041866b6af,0xad5fa4ab553a840fbeb59a173d5adb36bf4f506b,0x699905cfddec8d474481bb47a11f8a7c0b091083,0x71fa95603bda948976840395da6c34c3fcaaef3f,310722426992100766625189336726,PolkaDoge,PDOGE,18,114,164150,12000000000,123670,11895970,deprecated,0x7ff36ab5,"swapExactETHForTokens(uint256 amountOutMin, address[] path, address to, uint256 deadline)",12302062
12759688,1625383276,0x1802e063804e875f5e461916be2c7a7e4e9207ae0e1d6c98aa8c9ebe7fd7e47c,8,0xbe98209fa51b518841e5191f990ddeb244bb430fb946a1acce97943ac0a63a6b,0xad5fa4ab553a840fbeb59a173d5adb36bf4f506b,0x699905cfddec8d474481bb47a11f8a7c0b091083,0x7c325408aa8bae0ba3394ec319fda78b54a2c6e6,264386469175371822326115659429,PolkaDoge,PDOGE,18,143,235051,8000001459,177071,11137433,deprecated,0x38ed1739,"swapExactTokensForTokens(uint256 amountIn, uint256 amountOutMin, address[] path, address to, uint256 deadline)",12302019
12759731,1625383808,0xef473d583662098c792fec703e663e030564fa5982326b75064f02daa0aab4b0,102,0x093c8e3b8baddd9a240c1be87de8a14a4970da0e4c6e8dde38c2128d8d5a5f48,0xad5fa4ab553a840fbeb59a173d5adb36bf4f506b,0x699905cfddec8d474481bb47a11f8a7c0b091083,0x4d591e439fce88f5b96a61f1a4860dc031abddd0,92806558068579059957640387123,PolkaDoge,PDOGE,18,94,164150,10000000000,123670,11383279,deprecated,0x7ff36ab5,"swapExactETHForTokens(uint256 amountOutMin, address[] path, address to, uint256 deadline)",12301976
12759766,1625384228,0xe970d22fdb1473d51b6d3d593a55cb71191da777a94e5b82817613f1298f17e0,103,0xe5a339650ea643ba4538782925a46812fb6c36d356b8af0f3b915c2c9ed1d6d6,0xad5fa4ab553a840fbeb59a173d5adb36bf4f506b,0x699905cfddec8d474481bb47a11f8a7c0b091083,0x68f58f9a1ecc311a2574bdc154b710a86d2e8601,379656760919899178003261295849,PolkaDoge,PDOGE,18,92,164150,8000000000,123670,10630534,deprecated,0x7ff36ab5,"swapExactETHForTokens(uint256 amountOutMin, address[] path, address to, uint256 deadline)",12301941
12759833,1625385102,0x3d7f5fcd615eb93d6eba28f1347aba5484818c50644dba8808aab8fdd79a0c4a,104,0x48c7bda1e2df3ef6dd9e05194a5e375d1c458be47b830ded4df29c0172dc6faf,0xad5fa4ab553a840fbeb59a173d5adb36bf4f506b,0x699905cfddec8d474481bb47a11f8a7c0b091083,0xc7fe51defaaa10ad5d73254bb0a56834642e2b9a,614423230890492423700859148873,PolkaDoge,PDOGE,18,35,164150,12000000000,123670,2950553,deprecated,0x7ff36ab5,"swapExactETHForTokens(uint256 amountOutMin, address[] path, address to, uint256 deadline)",12301874
12759899,1625386166,0xec15ab33a6a76fcdee77936ad030f28f639a8c7703e34455c54cee4737636aa6,105,0xff6c71c840f61993e55189ccb92345ae4d2064bef8ca4f3190b52b8dde615a53,0xad5fa4ab553a840fbeb59a173d5adb36bf4f506b,0x699905cfddec8d474481bb47a11f8a7c0b091083,0xe6dcfb4e0083a152b9294849c0b280cc30fb14b2,77308748320644621286154225794,PolkaDoge,PDOGE,18,162,164124,15000000000,123646,14200700,deprecated,0x7ff36ab5,"swapExactETHForTokens(uint256 amountOutMin, address[] path, address to, uint256 deadline)",12301808
12760054,1625388295,0x81a861fd4942ce8ab7d0dcdce8eae29316ce75e42708d6bd8b316b10c064e22e,106,0x67050c61d237ef67b1fa129e5891d93699541cce5de8b57d8e019009d157b9da,0xad5fa4ab553a840fbeb59a173d5adb36bf4f506b,0x699905cfddec8d474481bb47a11f8a7c0b091083,0x3e37fe9bf2a972b33e50a47d3529131eb9b09f8c,549522434992205749023975774198,PolkaDoge,PDOGE,18,165,164150,14000000000,123670,10288104,deprecated,0x7ff36ab5,"swapExactETHForTokens(uint256 amountOutMin, address[] path, address to, uint256 deadline)",12301653
12760104,1625389018,0x311463b269eff1760acaba8afba666909fc2c5feb7379c5457ba47c45e84be3c,107,0x84d2a9929f76acb308d15365edbd62583e8fa0217fc532d2512e5fd0a25dfbe3,0xad5fa4ab553a840fbeb59a173d5adb36bf4f506b,0x699905cfddec8d474481bb47a11f8a7c0b091083,0x3e37fe9bf2a972b33e50a47d3529131eb9b09f8c,1210935194149041261092501288929,PolkaDoge,PDOGE,18,190,145041,8000000000,106570,14868651,deprecated,0x7ff36ab5,"swapExactETHForTokens(uint256 amountOutMin, address[] path, address to, uint256 deadline)",12301603
12760119,1625389189,0x242314244f900ff6fc085cc59a331924f63ea2f7ebb9ea16091207ad17037ee0,108,0xbf0d4631a003ff1377d4121e54e2f5b7be2cfd71ce9f98cbc7dae46e67804ef4,0xad5fa4ab553a840fbeb59a173d5adb36bf4f506b,0x699905cfddec8d474481bb47a11f8a7c0b091083,0x71fa95603bda948976840395da6c34c3fcaaef3f,480462224550812865095495523695,PolkaDoge,PDOGE,18,55,145041,6000000000,106570,5589052,deprecated,0x7ff36ab5,"swapExactETHForTokens(uint256 amountOutMin, address[] path, address to, uint256 deadline)",12301588
12760123,1625389245,0x595a6cf2b8d3502a33ba869cf8fdd544442d9a1697468387f4cd6156de377d1e,9,0x4e3ba9bbb4f0e80d26b01f251c547028248e97ae9b67ba25d5b07ec9f43f15a0,0xad5fa4ab553a840fbeb59a173d5adb36bf4f506b,0x699905cfddec8d474481bb47a11f8a7c0b091083,0x31706c9025b3d5d53d22013641d28cd2d6f75998,11983126105422927066217951907,PolkaDoge,PDOGE,18,199,164137,8000000000,123658,13801645,deprecated,0x7ff36ab5,"swapExactETHForTokens(uint256 amountOutMin, address[] path, address to, uint256 deadline)",12301584
12760164,1625389848,0xd3233874e3ea8035a5c6d853ce395445c4c1d7868ed23db84e086d3bc3a6d1b1,109,0xa3bbbad962d27cbd31079cb2e65e7fee258fa876aeb092db0e7075017f7f0ed6,0xad5fa4ab553a840fbeb59a173d5adb36bf4f506b,0x699905cfddec8d474481bb47a11f8a7c0b091083,0x4d591e439fce88f5b96a61f1a4860dc031abddd0,722362075755933310645858937104,PolkaDoge,PDOGE,18,126,145041,7000000000,106570,12220377,deprecated,0x7ff36ab5,"swapExactETHForTokens(uint256 amountOutMin, address[] path, address to, uint256 deadline)",12301543
12760200,1625390330,0x805d590bc511bc7aae31e4f6354935b553b2096f6b63f0330fa94ce22b8aedfc,110,0xdeb9d18dd5f7731a85630e2ee834dae4c23a762e40cf4e2df5724ce5712c3e1d,0xad5fa4ab553a840fbeb59a173d5adb36bf4f506b,0x699905cfddec8d474481bb47a11f8a7c0b091083,0x939f80e5968063ce09618e9f05dc71b6d09f2356,125645883199657248779199243943,PolkaDoge,PDOGE,18,93,164150,7000000000,123670,9401236,deprecated,0x7ff36ab5,"swapExactETHForTokens(uint256 amountOutMin, address[] path, address to, uint256 deadline)",12301507
12760255,1625391138,0x465aee9f5441e25c7aa1d6c49c98d2eca6c4f5d86d6101004718a74c3c5410b6,111,0xb5d0c427ec391b74e0c6148c58e5df91551e9c2435c9c560d50180f04a1f0518,0xad5fa4ab553a840fbeb59a173d5adb36bf4f506b,0x699905cfddec8d474481bb47a11f8a7c0b091083,0xc7fe51defaaa10ad5d73254bb0a56834642e2b9a,887549154213743284215790571771,PolkaDoge,PDOGE,18,155,145041,7000000000,106570,10760362,deprecated,0x7ff36ab5,"swapExactETHForTokens(uint256 amountOutMin, address[] path, address to, uint256 deadline)",12301452
12760356,1625392110,0x4e5ed32c692caf4b31e6a39711308afde34e272cd25d5ecde950a31726a719c9,615,0x44bad14a9b91f648023f73dbfcab987127627b433df5a808b2325e70d16e78c0,0xad5fa4ab553a840fbeb59a173d5adb36bf4f506b,0x699905cfddec8d474481bb47a11f8a7c0b091083,0xa6242540e92b0223c979e39838b3ce531ae4b4af,253380072445701704046353460525,PolkaDoge,PDOGE,18,59,368161,12000000000,309761,3774694,deprecated,0x23c38fa3,"mixSwap(address fromToken, address toToken, uint256 fromTokenAmount, uint256 minReturnAmount, address[] mixAdapters, address[] mixPairs, address[] assetTo, uint256 directions, bool isIncentive, uint256 deadLine)",12301351
12760357,1625392132,0xc683974f75260309f1c631fc6332d0858cac60f09bcad28e1dca99bb5d7279bf,175,0xc6dc7c4d513043033364e8adba40cb5a94324f70ee90af6333f7752f0ea69d6d,0xad5fa4ab553a840fbeb59a173d5adb36bf4f506b,0x699905cfddec8d474481bb47a11f8a7c0b091083,0xb530b8e661bb273fb6d2c390557e7aa1763eae66,756398946749828081216352421680,PolkaDoge,PDOGE,18,15,368161,8900000000,309761,1955531,deprecated,0x23c38fa3,"mixSwap(address fromToken, address toToken, uint256 fromTokenAmount, uint256 minReturnAmount, address[] mixAdapters, address[] mixPairs, address[] assetTo, uint256 directions, bool isIncentive, uint256 deadLine)",12301350
12760419,1625393206,0x266071fd64f19a243aae928444cfca2bcd2f9faeeefe1cabdc599744c99d4cde,112,0x9bce2b47e1d1c6425341f3ad8ced24e5f498515a21d760d610017782a679b2b4,0xad5fa4ab553a840fbeb59a173d5adb36bf4f506b,0x699905cfddec8d474481bb47a11f8a7c0b091083,0xc7fe51defaaa10ad5d73254bb0a56834642e2b9a,1735417163263391887686521216434,PolkaDoge,PDOGE,18,31,145041,11000000000,106570,1372196,deprecated,0x7ff36ab5,"swapExactETHForTokens(uint256 amountOutMin, address[] path, address to, uint256 deadline)",12301288
12760447,1625393627,0xc9bcd1de4a3f745fe17a16ad1b61a6f7a0b67809020c6902f0f99e45252dbe5d,15,0x4cf4a3954c751fb89a4e8245f932328c2b5d1161fe1dfd0216f39d1f08d0778a,0xad5fa4ab553a840fbeb59a173d5adb36bf4f506b,0x699905cfddec8d474481bb47a11f8a7c0b091083,0x15ecfa5f7c25a4173e2078bb19ad445b5e3f2ab2,57340959820664834058281821266,PolkaDoge,PDOGE,18,168,164137,9631883180,123658,14727322,deprecated,0x7ff36ab5,"swapExactETHForTokens(uint256 amountOutMin, address[] path, address to, uint256 deadline)",12301260
12760449,1625393652,0xd5dee4cf0ae0644d95e56717b58e27ac1cd1af41532f46d45ea942296e8aa5b7,113,0xd8415fffa53092e39d0bbee9d6a60756c7df0aef6251a40eb9ef846917e5a783,0xad5fa4ab553a840fbeb59a173d5adb36bf4f506b,0x699905cfddec8d474481bb47a11f8a7c0b091083,0x5cc024ddba076a0c3a1b91b598ca094e31791293,383067380956984617848820766882,PolkaDoge,PDOGE,18,118,164150,7000000000,123670,12166894,deprecated,0x7ff36ab5,"swapExactETHForTokens(uint256 amountOutMin, address[] path, address to, uint256 deadline)",12301258
12760468,1625393944,0xc0297f522b6d1c382a520ae5efa886ad97fd4f8054cb166927c08b5cf5fb86ee,114,0xe11d85ce33f0a61d3cd5ad763a6da11309c17100f7a86fac2980fdb681eb3fd7,0xad5fa4ab553a840fbeb59a173d5adb36bf4f506b,0x699905cfddec8d474481bb47a11f8a7c0b091083,0x84f818ff1f09fb5d6311ec21fb820650c622efbe,398978151894110356773476648383,PolkaDoge,PDOGE,18,23,164150,7000000000,123670,4107626,deprecated,0x7ff36ab5,"swapExactETHForTokens(uint256 amountOutMin, address[] path, address to, uint256 deadline)",12301239
12760490,1625394205,0x77aa31bae2a4fd276f26fb9f4b38d5848d478ba73858f03c9918c847a6701a8d,56,0xf65bd47d037267a5bf2d77c168150a2c435738bba3a1d8d38b4614503dbb05ee,0xad5fa4ab553a840fbeb59a173d5adb36bf4f506b,0x699905cfddec8d474481bb47a11f8a7c0b091083,0xf047fb03fd201d7aa9ad1075bf9c87c35aff5c05,255980653424852576927144270,PolkaDoge,PDOGE,18,98,179044,10300000000,123646,6869099,deprecated,0x7ff36ab5,"swapExactETHForTokens(uint256 amountOutMin, address[] path, address to, uint256 deadline)",12301217
12760526,1625394627,0x81a4fb04cbee0fcf4dbd456a04bde514a4d5e15c860714994a3fcf9bd522fe6c,115,0x04b479a80bcc8118e160e5bb3178a426979603c74428a55a55b37bc20a2738ed,0xad5fa4ab553a840fbeb59a173d5adb36bf4f506b,0x699905cfddec8d474481bb47a11f8a7c0b091083,0x756d73ac0f2de53b13e03fd0ba45b49e1f873627,567254493371078679513000785584,PolkaDoge,PDOGE,18,157,164150,5000000000,123670,13827623,deprecated,0x7ff36ab5,"swapExactETHForTokens(uint256 amountOutMin, address[] path, address to, uint256 deadline)",12301181
12760696,1625397331,0x4254db1d7ac023d166ba5698618c36d2fd659eca04cc0d5a51610dd83aafb50d,116,0x56abdbee80b1caeddad414ab3155dd5aae553b386344da2afc1976596309fbd8,0xad5fa4ab553a840fbeb59a173d5adb36bf4f506b,0x699905cfddec8d474481bb47a11f8a7c0b091083,0x819d69d35b979f91badf7d7b5da81bef8db427a0,4426289621885571402723500935045,PolkaDoge,PDOGE,18,49,164150,12000000000,123670,2570738,deprecated,0x7ff36ab5,"swapExactETHForTokens(uint256 amountOutMin, address[] path, address to, uint256 deadline)",12301011
12760702,1625397370,0xe2cb09a60055e37a06062d0239f3eedd9a9f3ebfb7618a21cd6d9e0c4fd845e0,117,0x99485853a15647e24e63ab6d3ae6f7a308b250d4b45185e389f3a8a338713c5c,0xad5fa4ab553a840fbeb59a173d5adb36bf4f506b,0x699905cfddec8d474481bb47a11f8a7c0b091083,0x870ae639d85c97a91abedb93c18fc5f9f8ad715a,360787312805017206653327287571,PolkaDoge,PDOGE,18,63,164150,12000000000,123670,3607165,deprecated,0x7ff36ab5,"swapExactETHForTokens(uint256 amountOutMin, address[] path, address to, uint256 deadline)",12301005
12760745,1625397956,0x672397fd8d3defd5247073b09bcc68cb550cce4350b4d2bac461f3ba7985011d,12,0xcbb0b861cb0736b01b2339d7696ef7edf25e8f8631d2ca96a33b92a87bdfffb8,0xad5fa4ab553a840fbeb59a173d5adb36bf4f506b,0x699905cfddec8d474481bb47a11f8a7c0b091083,0x31706c9025b3d5d53d22013641d28cd2d6f75998,26954794617800163778118515909,PolkaDoge,PDOGE,18,100,145028,8000000000,106558,11801131,deprecated,0x7ff36ab5,"swapExactETHForTokens(uint256 amountOutMin, address[] path, address to, uint256 deadline)",12300962
12760752,1625398037,0xde2e54f11794646507901313d54cf4503ae4f3521e3a5943bf7f82bb0a667e35,118,0x7c7e2089e3cd6633d64355b77685e8f7660b56c1fa143eed4c46670b00c4d2b9,0xad5fa4ab553a840fbeb59a173d5adb36bf4f506b,0x699905cfddec8d474481bb47a11f8a7c0b091083,0x25d42a88e6ebd4dc45ae181ad608583b0c9d60c6,644714760554490860133731938783,PolkaDoge,PDOGE,18,57,164150,11000000000,123670,5840462,deprecated,0x7ff36ab5,"swapExactETHForTokens(uint256 amountOutMin, address[] path, address to, uint256 deadline)",12300955
12760755,1625398071,0xa79f9097aea605dcf21aa268e6eda041cf6f122f8c96839cf6ab530d7c456572,119,0x0e9357ff8a160c2c7033319e138b485e8537c5f1e87a3b95abd9b17a7007c8a9,0xad5fa4ab553a840fbeb59a173d5adb36bf4f506b,0x699905cfddec8d474481bb47a11f8a7c0b091083,0xd6155825499813e8500b858764c7fd0b5b4929ba,48183471008508933048450118368,PolkaDoge,PDOGE,18,192,164137,11000000000,123658,12956044,deprecated,0x7ff36ab5,"swapExactETHForTokens(uint256 amountOutMin, address[] path, address to, uint256 deadline)",12300952
12760797,1625398770,0x31a01e8cdeb743bc58e12686752138bbde2b66a34dc3295e57e629bfc0e642c7,120,0x526fa335e68ec42b5216688b34be818cea4485875a883ee549d3dd6a519cad81,0xad5fa4ab553a840fbeb59a173d5adb36bf4f506b,0x699905cfddec8d474481bb47a11f8a7c0b091083,0x087b2e037e5fdb147c1bee5b751efbcc3ea2f802,1329063601603172328870058728505,PolkaDoge,PDOGE,18,102,164150,10000000000,123670,7423426,deprecated,0x7ff36ab5,"swapExactETHForTokens(uint256 amountOutMin, address[] path, address to, uint256 deadline)",12300910
12760824,1625399176,0x041b2d9187a2089d6389807421dab535acb36e9d5e926b8d132d9f274e06c2e7,121,0xd39714e20937f56ce6197a32b8025e397ad992f70eca18e40f864ff6db5988c9,0xad5fa4ab553a840fbeb59a173d5adb36bf4f506b,0x699905cfddec8d474481bb47a11f8a7c0b091083,0x347f93a5b1d630bd3d953e9e699b0991709cf24b,421508316733939332103739938153,PolkaDoge,PDOGE,18,93,164150,9000000000,123670,11446263,deprecated,0x7ff36ab5,"swapExactETHForTokens(uint256 amountOutMin, address[] path, address to, uint256 deadline)",12300883
12760877,1625399802,0x165190c27f557772930be8122f05a92f37d805a8729ff40890a3438df79d1e5f,122,0xc89983b08f3082c3faf04988ebaa9d3fd49e0e3ad7b088db64b60bff166636ce,0xad5fa4ab553a840fbeb59a173d5adb36bf4f506b,0x699905cfddec8d474481bb47a11f8a7c0b091083,0xee95d32db3d135db1e77eda45399d37c4d43485c,96547442759430480619922574742,PolkaDoge,PDOGE,18,65,164150,6000000000,123670,6587649,deprecated,0x7ff36ab5,"swapExactETHForTokens(uint256 amountOutMin, address[] path, address to, uint256 deadline)",12300830
12760913,1625400302,0x1b317ed106d31ac741b4a1975122c608c87c6b0531494a534fe555fb5bccd78b,16,0x17499895d0c18e3df74ffc98fdda5149002aaad1afdbaa960d73d396bb4f6ac7,0xad5fa4ab553a840fbeb59a173d5adb36bf4f506b,0x699905cfddec8d474481bb47a11f8a7c0b091083,0x15ecfa5f7c25a4173e2078bb19ad445b5e3f2ab2,26257689591377554266834552288,PolkaDoge,PDOGE,18,83,145028,6000000000,106558,7239840,deprecated,0x7ff36ab5,"swapExactETHForTokens(uint256 amountOutMin, address[] path, address to, uint256 deadline)",12300794
12760951,1625400814,0xd12ca872f506b451f7d461331c0d52bef13f0666df2ea4582ca08ca014ede259,123,0x4b82eb56ac5443441ae85bd2b5e31d29ad8c009e701f9bd5cbbe52318111bd60,0xad5fa4ab553a840fbeb59a173d5adb36bf4f506b,0x699905cfddec8d474481bb47a11f8a7c0b091083,0x7b6f21ada96ab6b8e1a16cea2cf8d7dec277848b,52494142198573434853542226389,PolkaDoge,PDOGE,18,36,164137,11000000000,123658,3594141,deprecated,0x7ff36ab5,"swapExactETHForTokens(uint256 amountOutMin, address[] path, address to, uint256 deadline)",12300756
12760996,1625401441,0xae98928fa47a137e46270e8ad984bde4a12fee59daf3d16866485d9cdee95699,124,0x98b7df4c8699aa6319f5de8afcdc43cdb3b21a8674300b338b23b517190cdf47,0xad5fa4ab553a840fbeb59a173d5adb36bf4f506b,0x699905cfddec8d474481bb47a11f8a7c0b091083,0xe2cffe6d405c8031baf70f15557b68311ceee9ef,157312779178584834378864525580,PolkaDoge,PDOGE,18,189,164137,6000000000,123658,14637281,deprecated,0x7ff36ab5,"swapExactETHForTokens(uint256 amountOutMin, address[] path, address to, uint256 deadline)",12300711
12761187,1625403836,0x28c877dc41ee791141d1a54036c50260fd1bc4bb399e8337382ce19d81349c3f,125,0x3cf17bd11dc8e5ad579b1f8ac8f6ab71ed07a1db1038b5efe7d8990895d4ab0d,0xad5fa4ab553a840fbeb59a173d5adb36bf4f506b,0x699905cfddec8d474481bb47a11f8a7c0b091083,0xf5821c2f0739461eec7c2e1fa970aab91a5e3647,522545100924237002195095158193,PolkaDoge,PDOGE,18,96,164150,10000000000,123670,8300536,deprecated,0x7ff36ab5,"swapExactETHForTokens(uint256 amountOutMin, address[] path, address to, uint256 deadline)",12300520
12761195,1625403986,0x01647828c519760606b9e75ebceac06a2e65061d594a57ed19e8c5ed0a09da9f,126,0x0fa3e4c51f2cfa66d417f534f28f58a7b0cfb6f8d179269226b5ccf9d4b0608c,0xad5fa4ab553a840fbeb59a173d5adb36bf4f506b,0x699905cfddec8d474481bb47a11f8a7c0b091083,0x8a9816193e1c84ec67db92324d7084192bf9d711,47932902375103890430736708646,PolkaDoge,PDOGE,18,50,164137,10000000000,123658,4761584,deprecated,0x7ff36ab5,"swapExactETHForTokens(uint256 amountOutMin, address[] path, address to, uint256 deadline)",12300512
12761264,1625405002,0xd0b48b9f81106818b259f43b3852599a08672e0ae2ed85a688d192b7956eeb09,329,0x6a9bc3917619851deb070a45264eeea24e9df029c7f56118af530e2a4187230b,0xad5fa4ab553a840fbeb59a173d5adb36bf4f506b,0x699905cfddec8d474481bb47a11f8a7c0b091083,0x170dd6883cedf709e4cad66a5505e771fb087455,52074108491330842761521071465,PolkaDoge,PDOGE,18,186,179059,10300000000,123658,14174700,deprecated,0x7ff36ab5,"swapExactETHForTokens(uint256 amountOutMin, address[] path, address to, uint256 deadline)",12300443
12761274,1625405122,0xf62ec667e8a8843292b160573decec945f588f0eb949c00e552fe5c1c6146a2a,2,0xed758b4caaff0d3156adae62e5035b5418ecf847c4480b02a9106e133cb6efa3,0xad5fa4ab553a840fbeb59a173d5adb36bf4f506b,0x699905cfddec8d474481bb47a11f8a7c0b091083,0x0581e9885e946ba3c767ae16d98c2b006477e9f4,52046136670994634312995190643,PolkaDoge,PDOGE,18,159,164124,6000000000,123646,11714394,deprecated,0x7ff36ab5,"swapExactETHForTokens(uint256 amountOutMin, address[] path, address to, uint256 deadline)",12300433
12761326,1625405882,0x31c20a8cd4ed1a65a632cc6547473ec82c579c6cf17b5d9c7a47c377df7ad2e4,127,0x2fd5dd423226952344b228ad25b3404853c3b77caabd7181dbc3fca371e1cf8b,0xad5fa4ab553a840fbeb59a173d5adb36bf4f506b,0x699905cfddec8d474481bb47a11f8a7c0b091083,0x28617f3ad6c0d52eb55fe484ca2f1f4aedf54228,518929741544656741672587500737,PolkaDoge,PDOGE,18,118,164150,9000000000,123670,12536980,deprecated,0x7ff36ab5,"swapExactETHForTokens(uint256 amountOutMin, address[] path, address to, uint256 deadline)",12300381
12761332,1625405971,0xcdf529af6c34ea8e2592cf4e8e681b36dd1d1a0f10ec022ea75b038c024f93e8,23,0x010c48e8cf92158c909d55f7f93e1077c28df70d2d351d3136430ad25fbc05e1,0xad5fa4ab553a840fbeb59a173d5adb36bf4f506b,0x699905cfddec8d474481bb47a11f8a7c0b091083,0xac9c6b7613bafc2d490c6fde678bd30ef198e677,10350199703274556480046986536,PolkaDoge,PDOGE,18,100,179059,9000000000,123658,8085989,deprecated,0x7ff36ab5,"swapExactETHForTokens(uint256 amountOutMin, address[] path, address to, uint256 deadline)",12300375
12761332,1625405971,0x3f3e8131bec7ca0e9ab14e350e628f03b2ed97107f868bc2fa3b878709e0915e,128,0x010c48e8cf92158c909d55f7f93e1077c28df70d2d351d3136430ad25fbc05e1,0xad5fa4ab553a840fbeb59a173d5adb36bf4f506b,0x699905cfddec8d474481bb47a11f8a7c0b091083,0x9f4b2b8f218cf0425bda91ee4a5e4803233f193d,45589789299692077973313173116,PolkaDoge,PDOGE,18,127,152497,8000000000,113242,10257958,deprecated,0x7ff36ab5,"swapExactETHForTokens(uint256 amountOutMin, address[] path, address to, uint256 deadline)",12300375
12761339,1625406056,0x570d3db400ca3ea7969bbdf60abffff59fdddc7b0844ad8da2990ff9f6a44dc8,129,0x0d0a8833d3b722cc6c17f5031cc539aaffa368fe488cc758ff7a7bf33d669cfd,0xad5fa4ab553a840fbeb59a173d5adb36bf4f506b,0x699905cfddec8d474481bb47a11f8a7c0b091083,0x54e120b073bb8e806238017a1ea5d8ec9a2a915c,464396711222684382664831613236,PolkaDoge,PDOGE,18,157,164150,10000000000,123670,12015930,deprecated,0x7ff36ab5,"swapExactETHForTokens(uint256 amountOutMin, address[] path, address to, uint256 deadline)",12300368
12761339,1625406056,0x917226a75e1f5bc871eb326daad08db8f18423540722242df0e4eb09016006e8,130,0x0d0a8833d3b722cc6c17f5031cc539aaffa368fe488cc758ff7a7bf33d669cfd,0xad5fa4ab553a840fbeb59a173d5adb36bf4f506b,0x699905cfddec8d474481bb47a11f8a7c0b091083,0x4ca276c239c411cbdf80cd4eb472af1fbe41f6bf,287421683431230962655114274986,PolkaDoge,PDOGE,18,158,164150,11000000000,113254,12129184,deprecated,0x7ff36ab5,"swapExactETHForTokens(uint256 amountOutMin, address[] path, address to, uint256 deadline)",12300368
12761350,1625406243,0x5813869ea9ceaa9326a6e27966c64f9f909476d3683bff143888bca54ad88102,131,0x0cd8fa1f60185f438ff380ae63f230d2481ceafe58b0fb6b5143a25436b59c90,0xad5fa4ab553a840fbeb59a173d5adb36bf4f506b,0x699905cfddec8d474481bb47a11f8a7c0b091083,0x4ca276c239c411cbdf80cd4eb472af1fbe41f6bf,307440389587713194478927222917,PolkaDoge,PDOGE,18,74,145041,7000000000,106570,5667264,deprecated,0x7ff36ab5,"swapExactETHForTokens(uint256 amountOutMin, address[] path, address to, uint256 deadline)",12300357
12761354,1625406292,0x1751a85a34698afdf012b3c655123a9e7cfcab1b4ae337b9d97718b555da76f1,132,0xaaa213a3bd9d5504297988ca6c2f33c3ae1f96fe9b227b329777e65f5f7b9ca5,0xad5fa4ab553a840fbeb59a173d5adb36bf4f506b,0x699905cfddec8d474481bb47a11f8a7c0b091083,0xfb168946a08cf7bf8de5be88070d5b76d4b7925c,48587890776486919245219450960,PolkaDoge,PDOGE,18,58,164137,10000000000,123658,7190505,deprecated,0x7ff36ab5,"swapExactETHForTokens(uint256 amountOutMin, address[] path, address to, uint256 deadline)",12300353
12761444,1625407476,0x779a3e4cf1dca2558b5d6c26750bc20553e1d972d07fbe51dd38168d900e3e7c,133,0x726bafdeb2a0ae1b02f87a9a7040496fc89ad6694bc76d10a110b1a238846263,0xad5fa4ab553a840fbeb59a173d5adb36bf4f506b,0x699905cfddec8d474481bb47a11f8a7c0b091083,0x91bec1a1e2d2f041e752882ad9016a7aec3da089,509966229530041544383575851802,PolkaDoge,PDOGE,18,181,164137,10000000000,123658,10583640,deprecated,0x7ff36ab5,"swapExactETHForTokens(uint256 amountOutMin, address[] path, address to, uint256 deadline)",12300263
12761445,1625407493,0xd5b1f7e8edffff5f730c6e13dc61c3a8e695bfa9d44d3a853bd8b418c02d0c61,134,0x70dee60d4aca790793cb6c582886679a862984e11681a713773e3ebb6c786177,0xad5fa4ab553a840fbeb59a173d5adb36bf4f506b,0x699905cfddec8d474481bb47a11f8a7c0b091083,0x86b708d1766f7dbc313f6420075ee436a149bf23,177848486468024446041665908349,PolkaDoge,PDOGE,18,139,164150,10000000000,123670,10066821,deprecated,0x7ff36ab5,"swapExactETHForTokens(uint256 amountOutMin, address[] path, address to, uint256 deadline)",12300262
12761447,1625407522,0x3cbfcb60035d3aca2851e2211a4b7b4ae554ae8eb2c5770e0ae47475da92e117,135,0x9d18cd3a86469c5a775c0a947cd4065fe5e5b4909d70783871d209ac8ea2c196,0xad5fa4ab553a840fbeb59a173d5adb36bf4f506b,0x699905cfddec8d474481bb47a11f8a7c0b091083,0x121897b653ca96b12b7aca17b65a9ea5106961a1,834003800804456954311547342316,PolkaDoge,PDOGE,18,125,152510,10000000000,123670,7866841,deprecated,0x7ff36ab5,"swapExactETHForTokens(uint256 amountOutMin, address[] path, address to, uint256 deadline)",12300260
12761642,1625409799,0xaae028c3c1678d94905b51df178123093ca9c76eca9a82551be29d460de51530,136,0xfb303b0104a80d47ed6e610be7856c88549b3d0e701263b1d3082e0a84b7b2ef,0xad5fa4ab553a840fbeb59a173d5adb36bf4f506b,0x699905cfddec8d474481bb47a11f8a7c0b091083,0x7a250d5630b4cf539739df2c5dacb4c659f2488d,190819725168986542131107734575241,PolkaDoge,PDOGE,18,62,291351,11000000000,165402,5535360,deprecated,0xded9382a,"removeLiquidityETHWithPermit(address token, uint256 liquidity, uint256 amountTokenMin, uint256 amountETHMin, address to, uint256 deadline, bool approveMax, uint8 v, bytes32 r, bytes32 s)",12300065
12761642,1625409799,0xaae028c3c1678d94905b51df178123093ca9c76eca9a82551be29d460de51530,136,0xfb303b0104a80d47ed6e610be7856c88549b3d0e701263b1d3082e0a84b7b2ef,0x7a250d5630b4cf539739df2c5dacb4c659f2488d,0x699905cfddec8d474481bb47a11f8a7c0b091083,0x976977295a187f0c14021dbf2fb7cb8ca83c78d1,190819725168986542131107734575241,PolkaDoge,PDOGE,18,62,291351,11000000000,165402,5535360,deprecated,0xded9382a,"removeLiquidityETHWithPermit(address token, uint256 liquidity, uint256 amountTokenMin, uint256 amountETHMin, address to, uint256 deadline, bool approveMax, uint8 v, bytes32 r, bytes32 s)",12300065
