blockNumber,timeStamp,hash,nonce,blockHash,from,contractAddress,to,value,tokenName,tokenSymbol,tokenDecimal,transactionIndex,gas,gasPrice,gasUsed,cumulativeGasUsed,input,methodId,functionName,confirmations
4891159,1515682129,0x3ef81d7dbf944307154b1c93c1f0284795b7fdd38fbad2ba318f52043799b2ab,38,0xd1af552e49cf41b485e8d0998cb437875b69a56cc60de7f7be110764a7aaba1a,0x0000000000000000000000000000000000000000,0x4cc19356f2d37338b9802aa8e8fc58b0373296e7,0x8d4b2cffe2dcbbf06eaa5920401db86ca5fb8177,6000000000000000000000000000,SelfKey,KEY,18,57,5000000,75000000000,4668221,6288940,deprecated,0x60606040,,20170384
4891159,1515682129,0x3ef81d7dbf944307154b1c93c1f0284795b7fdd38fbad2ba318f52043799b2ab,38,0xd1af552e49cf41b485e8d0998cb437875b69a56cc60de7f7be110764a7aaba1a,0x8d4b2cffe2dcbbf06eaa5920401db86ca5fb8177,0x4cc19356f2d37338b9802aa8e8fc58b0373296e7,0xd68947892ef4d94cdef7165b109cf6cd3f58a8e8,876666666000000000000000000,SelfKey,KEY,18,57,5000000,75000000000,4668221,6288940,deprecated,0x60606040,,20170384
4891159,1515682129,0x3ef81d7dbf944307154b1c93c1f0284795b7fdd38fbad2ba318f52043799b2ab,38,0xd1af552e49cf41b485e8d0998cb437875b69a56cc60de7f7be110764a7aaba1a,0x8d4b2cffe2dcbbf06eaa5920401db86ca5fb8177,0x4cc19356f2d37338b9802aa8e8fc58b0373296e7,0x0506c5485ae54ab14c598ef16c459409e5d8fc03,1980000000000000000000000000,SelfKey,KEY,18,57,5000000,75000000000,4668221,6288940,deprecated,0x60606040,,20170384
4891159,1515682129,0x3ef81d7dbf944307154b1c93c1f0284795b7fdd38fbad2ba318f52043799b2ab,38,0xd1af552e49cf41b485e8d0998cb437875b69a56cc60de7f7be110764a7aaba1a,0x8d4b2cffe2dcbbf06eaa5920401db86ca5fb8177,0x4cc19356f2d37338b9802aa8e8fc58b0373296e7,0x4452d6454e777743a5ee233fbe873055008ff528,330000000000000000000000000,SelfKey,KEY,18,57,5000000,75000000000,4668221,6288940,deprecated,0x60606040,,20170384
4891159,1515682129,0x3ef81d7dbf944307154b1c93c1f0284795b7fdd38fbad2ba318f52043799b2ab,38,0xd1af552e49cf41b485e8d0998cb437875b69a56cc60de7f7be110764a7aaba1a,0x8d4b2cffe2dcbbf06eaa5920401db86ca5fb8177,0x4cc19356f2d37338b9802aa8e8fc58b0373296e7,0xb57911380f13a0a9a6ba6562248674b5f56d7bfe,54000000000000000000000000,SelfKey,KEY,18,57,5000000,75000000000,4668221,6288940,deprecated,0x60606040,,20170384
4891159,1515682129,0x3ef81d7dbf944307154b1c93c1f0284795b7fdd38fbad2ba318f52043799b2ab,38,0xd1af552e49cf41b485e8d0998cb437875b69a56cc60de7f7be110764a7aaba1a,0x8d4b2cffe2dcbbf06eaa5920401db86ca5fb8177,0x4cc19356f2d37338b9802aa8e8fc58b0373296e7,0x9be281cdcf34b3a01468ad1008139410ba5bb2fb,6000000000000000000000000,SelfKey,KEY,18,57,5000000,75000000000,4668221,6288940,deprecated,0x60606040,,20170384
4891159,1515682129,0x3ef81d7dbf944307154b1c93c1f0284795b7fdd38fbad2ba318f52043799b2ab,38,0xd1af552e49cf41b485e8d0998cb437875b69a56cc60de7f7be110764a7aaba1a,0x8d4b2cffe2dcbbf06eaa5920401db86ca5fb8177,0x4cc19356f2d37338b9802aa8e8fc58b0373296e7,0x515459cd898181751a94ccd1303d8159de95256d,330000000000000000000000000,SelfKey,KEY,18,57,5000000,75000000000,4668221,6288940,deprecated,0x60606040,,20170384
4891159,1515682129,0x3ef81d7dbf944307154b1c93c1f0284795b7fdd38fbad2ba318f52043799b2ab,38,0xd1af552e49cf41b485e8d0998cb437875b69a56cc60de7f7be110764a7aaba1a,0x8d4b2cffe2dcbbf06eaa5920401db86ca5fb8177,0x4cc19356f2d37338b9802aa8e8fc58b0373296e7,0x901b9bbcd7499f7dc628a1942e5edb09b54316c7,330000000000000000000000000,SelfKey,KEY,18,57,5000000,75000000000,4668221,6288940,deprecated,0x60606040,,20170384
4891159,1515682129,0x3ef81d7dbf944307154b1c93c1f0284795b7fdd38fbad2ba318f52043799b2ab,38,0xd1af552e49cf41b485e8d0998cb437875b69a56cc60de7f7be110764a7aaba1a,0x8d4b2cffe2dcbbf06eaa5920401db86ca5fb8177,0x4cc19356f2d37338b9802aa8e8fc58b0373296e7,0x1104e8a78b7c9129aa5cbe281c6870bd7c23ca5c,113333334000000000000000000,SelfKey,KEY,18,57,5000000,75000000000,4668221,6288940,deprecated,0x60606040,,20170384
4894296,1515731436,0x09ec1b346c01ce2b8080679f5e0ac37c85d902bcdde4039ea782c66297b4e1d2,2117,0xd3ef20ad35a1eb2ec8c7148b88aec32460e13eb279df97f05eaefce7865a5fb5,0x8d4b2cffe2dcbbf06eaa5920401db86ca5fb8177,0x4cc19356f2d37338b9802aa8e8fc58b0373296e7,0x41b87a290b45d9cf3a9df9bfbf4ec709fb575291,163353146666667000000000,SelfKey,KEY,18,232,119311,50000000000,119311,6611344,deprecated,0x3e5b5e39,"addPrecommitment(address beneficiary, uint256 tokensAllocated, bool halfVesting)",20167247
4894303,1515731503,0x17d4be574a143210043e2b4d0ab7bd538a3831fc31e7d06147727e54da1cb6f3,2118,0x5b85d63c9b145998c007150aa1ba94f0091a31990b0a7a5585c13a83653c925b,0x8d4b2cffe2dcbbf06eaa5920401db86ca5fb8177,0x4cc19356f2d37338b9802aa8e8fc58b0373296e7,0xa96b33cef10e2af2416da9fa2352f36e51b964b7,169635960000000000000000,SelfKey,KEY,18,95,119247,50000000000,104247,2648274,deprecated,0x3e5b5e39,"addPrecommitment(address beneficiary, uint256 tokensAllocated, bool halfVesting)",20167240
4894311,1515731620,0x5f2433ccc1c8c7bf14d601d9a20786725e3ba1b0cb1c5ddca7df49b5fa74b46d,2119,0x5eac88fe1097cb2ecac342dc1333b38039658ed0c0ccaa9d7ce9182be15d3537,0x8d4b2cffe2dcbbf06eaa5920401db86ca5fb8177,0x4cc19356f2d37338b9802aa8e8fc58b0373296e7,0xf10cc9be31f1861095c36504cc7254ae660893f9,90597028556047300000,SelfKey,KEY,18,129,119311,50000000000,104311,3347308,deprecated,0x3e5b5e39,"addPrecommitment(address beneficiary, uint256 tokensAllocated, bool halfVesting)",20167232
4894316,1515731700,0x9749891c86313645f95f46f1ab96a2cc8fd247f2315267c3beccb4b9b7ad3c01,2120,0x808e41d60944f60e1722353ab06bc7ac0a668207b42f826a2305dca4b56f62a1,0x8d4b2cffe2dcbbf06eaa5920401db86ca5fb8177,0x4cc19356f2d37338b9802aa8e8fc58b0373296e7,0xd1fc8d9eedf10b8fb81f138dd5b01be28a2e2c56,106807826666667000000000,SelfKey,KEY,18,267,119311,50000000000,104311,6615985,deprecated,0x3e5b5e39,"addPrecommitment(address beneficiary, uint256 tokensAllocated, bool halfVesting)",20167227
4894330,1515731919,0x6ce75bac45ab9e746e03eca3024abfc183bf35b5122ec4d49bd188a1e2d58231,2121,0x25116551845dcb4967cdfbe80cc7da2047af7d568705ec1183612d8d072c5666,0x8d4b2cffe2dcbbf06eaa5920401db86ca5fb8177,0x4cc19356f2d37338b9802aa8e8fc58b0373296e7,0x59e7c89d173f480e800b1b8b967a182eb1a667e3,315397229333333000000000,SelfKey,KEY,18,72,119311,50000000000,104311,1814051,deprecated,0x3e5b5e39,"addPrecommitment(address beneficiary, uint256 tokensAllocated, bool halfVesting)",20167213
4894340,1515732088,0x2df42476a156056b0117d7fc2d62e8d05a9e7d455323e3312adb2eef56830267,2122,0xc8ba68f9d4a1315a49a7babede1a021b4002e875f9997fc9d96ac691a9c85900,0x8d4b2cffe2dcbbf06eaa5920401db86ca5fb8177,0x4cc19356f2d37338b9802aa8e8fc58b0373296e7,0x3a732ce352579745a1614a27bd604c64438b9874,106807826666667000000000,SelfKey,KEY,18,92,119311,50000000000,104311,2829959,deprecated,0x3e5b5e39,"addPrecommitment(address beneficiary, uint256 tokensAllocated, bool halfVesting)",20167203
4894341,1515732096,0x485c48c5ac83e8042d66e08e7d91f2d5ef869b77910143983cba83e11100e9e6,2123,0x5cadcea9d9f80593d876ed550b30c94fa1d3c2d6036dcd1c010ab322a3ad34c7,0x8d4b2cffe2dcbbf06eaa5920401db86ca5fb8177,0x4cc19356f2d37338b9802aa8e8fc58b0373296e7,0x9562c2ed337f4bea5a580a2ec14afdaca387239b,62828133333333400000000,SelfKey,KEY,18,177,119311,50000000000,104311,4929968,deprecated,0x3e5b5e39,"addPrecommitment(address beneficiary, uint256 tokensAllocated, bool halfVesting)",20167202
4894341,1515732096,0x57759916e45c78ed8419402d1175e8c96da63cb4303bb88af405b0b9c5aab3d8,2124,0x5cadcea9d9f80593d876ed550b30c94fa1d3c2d6036dcd1c010ab322a3ad34c7,0x8d4b2cffe2dcbbf06eaa5920401db86ca5fb8177,0x4cc19356f2d37338b9802aa8e8fc58b0373296e7,0x31fe48ccd33d33ca2571a3fe712f1f2b853a62af,94242200000000000000000,SelfKey,KEY,18,178,119247,50000000000,104247,5034215,deprecated,0x3e5b5e39,"addPrecommitment(address beneficiary, uint256 tokensAllocated, bool halfVesting)",20167202
4894341,1515732096,0x635c38be30445f3db6c1d1e979e7a82f34edec522af027b92cfacbd84101bb04,2125,0x5cadcea9d9f80593d876ed550b30c94fa1d3c2d6036dcd1c010ab322a3ad34c7,0x8d4b2cffe2dcbbf06eaa5920401db86ca5fb8177,0x4cc19356f2d37338b9802aa8e8fc58b0373296e7,0xfabc8f9371006068a24fe042a331e650486a9fc8,94242200000000000000000,SelfKey,KEY,18,179,119183,50000000000,104183,5138398,deprecated,0x3e5b5e39,"addPrecommitment(address beneficiary, uint256 tokensAllocated, bool halfVesting)",20167202
4894341,1515732096,0x71c6f45f2604d250d1bc5f545665cf5a7015971ea3c946b4692076b56ebb9996,2126,0x5cadcea9d9f80593d876ed550b30c94fa1d3c2d6036dcd1c010ab322a3ad34c7,0x8d4b2cffe2dcbbf06eaa5920401db86ca5fb8177,0x4cc19356f2d37338b9802aa8e8fc58b0373296e7,0x77356c4205de3955780c8480bbef85c91a895493,94242200000000000000000,SelfKey,KEY,18,180,119247,50000000000,104247,5242645,deprecated,0x3e5b5e39,"addPrecommitment(address beneficiary, uint256 tokensAllocated, bool halfVesting)",20167202
4894341,1515732096,0xc2bf468c60c3dc9d5c34a79f2fc03a1dd08f8b1e5a27586ea4d615a6ec17b968,2127,0x5cadcea9d9f80593d876ed550b30c94fa1d3c2d6036dcd1c010ab322a3ad34c7,0x8d4b2cffe2dcbbf06eaa5920401db86ca5fb8177,0x4cc19356f2d37338b9802aa8e8fc58b0373296e7,0x6fad401c33407716206a5debfb1762fe166a25c0,161331902789200000000000,SelfKey,KEY,18,181,119311,50000000000,104311,5346956,deprecated,0x3e5b5e39,"addPrecommitment(address beneficiary, uint256 tokensAllocated, bool halfVesting)",20167202
4894341,1515732096,0xc7633e07bca80afdc820be30a00151f5e5888312ecca4d2f2780deab0effc777,2128,0x5cadcea9d9f80593d876ed550b30c94fa1d3c2d6036dcd1c010ab322a3ad34c7,0x8d4b2cffe2dcbbf06eaa5920401db86ca5fb8177,0x4cc19356f2d37338b9802aa8e8fc58b0373296e7,0x1a14c34d921861eb6025538d89e29b80435588ab,188484400000000000000000,SelfKey,KEY,18,182,119247,50000000000,104247,5451203,deprecated,0x3e5b5e39,"addPrecommitment(address beneficiary, uint256 tokensAllocated, bool halfVesting)",20167202
4894342,1515732113,0x624a06fc75cb68b2b4b94c3ae266aae245707fdf7debd15c0d794179db01c123,2129,0xa5cdc3ced6e06f0249567d3dd5df592843de80c35a56270b54308f6139cca9e8,0x8d4b2cffe2dcbbf06eaa5920401db86ca5fb8177,0x4cc19356f2d37338b9802aa8e8fc58b0373296e7,0xc5a173246e517f3f8920e50bbd5d5bb82eea39d4,502625066666667000000000,SelfKey,KEY,18,78,119311,50000000000,104311,1961373,deprecated,0x3e5b5e39,"addPrecommitment(address beneficiary, uint256 tokensAllocated, bool halfVesting)",20167201
4894342,1515732113,0x920b417ba15e3fe8f2c7c26e2c7d9b687c2a4d7a3d8ac9666d6f5dd94dc73a13,2130,0xa5cdc3ced6e06f0249567d3dd5df592843de80c35a56270b54308f6139cca9e8,0x8d4b2cffe2dcbbf06eaa5920401db86ca5fb8177,0x4cc19356f2d37338b9802aa8e8fc58b0373296e7,0xb0e03f98bca2dec2650315c0ca3581c71c715d3b,195583979066667000000000,SelfKey,KEY,18,79,119311,50000000000,104311,2065684,deprecated,0x3e5b5e39,"addPrecommitment(address beneficiary, uint256 tokensAllocated, bool halfVesting)",20167201
4894342,1515732113,0xfa9f6386b2d5cdc6c9823cf82370c2f71d02bf7fb5e18e6484b63ea97a40494f,2131,0xa5cdc3ced6e06f0249567d3dd5df592843de80c35a56270b54308f6139cca9e8,0x8d4b2cffe2dcbbf06eaa5920401db86ca5fb8177,0x4cc19356f2d37338b9802aa8e8fc58b0373296e7,0xa84fb67a09c981de2d7304710ff10ae92ea3877a,314140666666667000000000,SelfKey,KEY,18,80,119311,50000000000,104311,2169995,deprecated,0x3e5b5e39,"addPrecommitment(address beneficiary, uint256 tokensAllocated, bool halfVesting)",20167201
4894342,1515732113,0x83101e719cb5ee064f23fc9dea28264a1a562153e382004df0181759a516424b,2132,0xa5cdc3ced6e06f0249567d3dd5df592843de80c35a56270b54308f6139cca9e8,0x8d4b2cffe2dcbbf06eaa5920401db86ca5fb8177,0x4cc19356f2d37338b9802aa8e8fc58b0373296e7,0x3df96ce06e53fe9a2e9e2db7b5200e272e7eb1d6,439796933333333000000000,SelfKey,KEY,18,81,119311,50000000000,104311,2274306,deprecated,0x3e5b5e39,"addPrecommitment(address beneficiary, uint256 tokensAllocated, bool halfVesting)",20167201
4894342,1515732113,0x885249ebc580a0aba39a3b8ecf93f8f4586d013ecb5c1df451700c60211f9ba0,2133,0xa5cdc3ced6e06f0249567d3dd5df592843de80c35a56270b54308f6139cca9e8,0x8d4b2cffe2dcbbf06eaa5920401db86ca5fb8177,0x4cc19356f2d37338b9802aa8e8fc58b0373296e7,0xd33c49a063f053dfc3a376f49616072511df6b07,251312533333333000000000,SelfKey,KEY,18,82,119311,50000000000,104311,2378617,deprecated,0x3e5b5e39,"addPrecommitment(address beneficiary, uint256 tokensAllocated, bool halfVesting)",20167201
4894342,1515732113,0x3d05b86e5993892dfb206877b462d3c64c5a04cb7c781b26157f7b515ca4a689,2134,0xa5cdc3ced6e06f0249567d3dd5df592843de80c35a56270b54308f6139cca9e8,0x8d4b2cffe2dcbbf06eaa5920401db86ca5fb8177,0x4cc19356f2d37338b9802aa8e8fc58b0373296e7,0x3c2b4b7b7d03139d852f51068bdc54bb87ca42c4,314140666666667000000000,SelfKey,KEY,18,83,119311,50000000000,104311,2482928,deprecated,0x3e5b5e39,"addPrecommitment(address beneficiary, uint256 tokensAllocated, bool halfVesting)",20167201
4894342,1515732113,0x79c57ff4ffebb3f15d6748d62e6b5baa549713818ced2e8318ee97addcd008f5,2135,0xa5cdc3ced6e06f0249567d3dd5df592843de80c35a56270b54308f6139cca9e8,0x8d4b2cffe2dcbbf06eaa5920401db86ca5fb8177,0x4cc19356f2d37338b9802aa8e8fc58b0373296e7,0xc4e54ef2b4713957c4f2c60ff28483df346d32cc,207332840000000000000000,SelfKey,KEY,18,84,119247,50000000000,104247,2587175,deprecated,0x3e5b5e39,"addPrecommitment(address beneficiary, uint256 tokensAllocated, bool halfVesting)",20167201
4894342,1515732113,0xe28abbd743c6990776f92694430810839437684a654c381e401b1d8755c0bc73,2136,0xa5cdc3ced6e06f0249567d3dd5df592843de80c35a56270b54308f6139cca9e8,0x8d4b2cffe2dcbbf06eaa5920401db86ca5fb8177,0x4cc19356f2d37338b9802aa8e8fc58b0373296e7,0x00128289cd9f26535ad6038c9099c9e441ef532f,251312533333333000000000,SelfKey,KEY,18,85,119247,50000000000,104247,2691422,deprecated,0x3e5b5e39,"addPrecommitment(address beneficiary, uint256 tokensAllocated, bool halfVesting)",20167201
4894342,1515732113,0x46f36a27adc8de7aa8960f05ab3ab0fe566a525bb0f0bb808f9c4624995d2663,2137,0xa5cdc3ced6e06f0249567d3dd5df592843de80c35a56270b54308f6139cca9e8,0x8d4b2cffe2dcbbf06eaa5920401db86ca5fb8177,0x4cc19356f2d37338b9802aa8e8fc58b0373296e7,0xc2e72fbc554d1ec8d12b8ba07377bbbb37d98309,94242200000000000000000,SelfKey,KEY,18,86,119247,50000000000,104247,2795669,deprecated,0x3e5b5e39,"addPrecommitment(address beneficiary, uint256 tokensAllocated, bool halfVesting)",20167201
4894342,1515732113,0x52838f476236e5fcddc025b9bb7d4df65482196e6abb13adfd7bcbb54369f763,2138,0xa5cdc3ced6e06f0249567d3dd5df592843de80c35a56270b54308f6139cca9e8,0x8d4b2cffe2dcbbf06eaa5920401db86ca5fb8177,0x4cc19356f2d37338b9802aa8e8fc58b0373296e7,0xcf39d690a9c6505e40f1768c14391766b977ea6e,97383606666666700000000,SelfKey,KEY,18,87,119311,50000000000,104311,2899980,deprecated,0x3e5b5e39,"addPrecommitment(address beneficiary, uint256 tokensAllocated, bool halfVesting)",20167201
4894342,1515732113,0xaddb9d43e107779666d788756ef55cd086b929924e4ab98a441da56e9a812112,2139,0xa5cdc3ced6e06f0249567d3dd5df592843de80c35a56270b54308f6139cca9e8,0x8d4b2cffe2dcbbf06eaa5920401db86ca5fb8177,0x4cc19356f2d37338b9802aa8e8fc58b0373296e7,0xc30caa36c235727d4126222c2f81c9348e8225b0,100525013333333000000000,SelfKey,KEY,18,88,119311,50000000000,104311,3004291,deprecated,0x3e5b5e39,"addPrecommitment(address beneficiary, uint256 tokensAllocated, bool halfVesting)",20167201
4894342,1515732113,0xef0917b0ecf6dd6a15720062119284582995b6f0351789c0a7fb926c18a60a40,2140,0xa5cdc3ced6e06f0249567d3dd5df592843de80c35a56270b54308f6139cca9e8,0x8d4b2cffe2dcbbf06eaa5920401db86ca5fb8177,0x4cc19356f2d37338b9802aa8e8fc58b0373296e7,0x0405c2baf63bde695ae08109c91a79c3e18cbcd2,1306825173333330000000000,SelfKey,KEY,18,89,119375,50000000000,104375,3108666,deprecated,0x3e5b5e39,"addPrecommitment(address beneficiary, uint256 tokensAllocated, bool halfVesting)",20167201
4894342,1515732113,0x34156e8e1b260cb05a488ceb55958b4fb2a238c679adc68c2a02c95da37c4792,2141,0xa5cdc3ced6e06f0249567d3dd5df592843de80c35a56270b54308f6139cca9e8,0x8d4b2cffe2dcbbf06eaa5920401db86ca5fb8177,0x4cc19356f2d37338b9802aa8e8fc58b0373296e7,0x280bc64f94e9c8fc7523e18556b586b18da01ccb,94242200000000000000000,SelfKey,KEY,18,90,119247,50000000000,104247,3212913,deprecated,0x3e5b5e39,"addPrecommitment(address beneficiary, uint256 tokensAllocated, bool halfVesting)",20167201
4894342,1515732113,0xe1f3583f2a7dfc500a43bec33b6ed1009625ab5f522f04ea0d853fe99af5348c,2142,0xa5cdc3ced6e06f0249567d3dd5df592843de80c35a56270b54308f6139cca9e8,0x8d4b2cffe2dcbbf06eaa5920401db86ca5fb8177,0x4cc19356f2d37338b9802aa8e8fc58b0373296e7,0xacde36e10853f71f3f8f817ed95016cda4ce0bef,653412586666667000000000,SelfKey,KEY,18,91,119311,50000000000,104311,3317224,deprecated,0x3e5b5e39,"addPrecommitment(address beneficiary, uint256 tokensAllocated, bool halfVesting)",20167201
4894342,1515732113,0x274b3ca4521b9d7e2744498531a019b1bc27307e4e062eabdefaaaf754d573bf,2143,0xa5cdc3ced6e06f0249567d3dd5df592843de80c35a56270b54308f6139cca9e8,0x8d4b2cffe2dcbbf06eaa5920401db86ca5fb8177,0x4cc19356f2d37338b9802aa8e8fc58b0373296e7,0x66f5d9121c5bf63e02cc13f0feca5cac2d370a05,128204512926533000000000,SelfKey,KEY,18,92,119311,50000000000,104311,3421535,deprecated,0x3e5b5e39,"addPrecommitment(address beneficiary, uint256 tokensAllocated, bool halfVesting)",20167201
4894342,1515732113,0xa0434e262bf57cc767525cdf9f8bceff99c84b4a543ebda1c40e2b87a262bbf3,2144,0xa5cdc3ced6e06f0249567d3dd5df592843de80c35a56270b54308f6139cca9e8,0x8d4b2cffe2dcbbf06eaa5920401db86ca5fb8177,0x4cc19356f2d37338b9802aa8e8fc58b0373296e7,0x118573b54d8f43039766881f04a265384af47ee1,100525013333333000000000,SelfKey,KEY,18,93,119311,50000000000,104311,3525846,deprecated,0x3e5b5e39,"addPrecommitment(address beneficiary, uint256 tokensAllocated, bool halfVesting)",20167201
4894342,1515732113,0x5767c8b4b8777b06e92e34218cf244cb137547276db4e72fa8bd4fd94e3ecd01,2145,0xa5cdc3ced6e06f0249567d3dd5df592843de80c35a56270b54308f6139cca9e8,0x8d4b2cffe2dcbbf06eaa5920401db86ca5fb8177,0x4cc19356f2d37338b9802aa8e8fc58b0373296e7,0x274a04926ae644907a604ef2fdd0d76dc58c143a,232464093333333000000000,SelfKey,KEY,18,94,119311,50000000000,104311,3630157,deprecated,0x3e5b5e39,"addPrecommitment(address beneficiary, uint256 tokensAllocated, bool halfVesting)",20167201
4894342,1515732113,0xbee0612dc7d753fb38beda0cf7d79e34caa884e2c60d70e763a281244e97ec81,2146,0xa5cdc3ced6e06f0249567d3dd5df592843de80c35a56270b54308f6139cca9e8,0x8d4b2cffe2dcbbf06eaa5920401db86ca5fb8177,0x4cc19356f2d37338b9802aa8e8fc58b0373296e7,0x2fc8e583bd52cff341c9f767be95100d1fa68167,188484400000000000000000,SelfKey,KEY,18,95,119247,50000000000,104247,3734404,deprecated,0x3e5b5e39,"addPrecommitment(address beneficiary, uint256 tokensAllocated, bool halfVesting)",20167201
4894342,1515732113,0x9eee8e88e34970c42f6c7f18b94cc7f045b3b39ffc78e17b64d4c439faebc4be,2147,0xa5cdc3ced6e06f0249567d3dd5df592843de80c35a56270b54308f6139cca9e8,0x8d4b2cffe2dcbbf06eaa5920401db86ca5fb8177,0x4cc19356f2d37338b9802aa8e8fc58b0373296e7,0xb28eb08623a99f1ab3b5c08f74848f5034376caf,188484400000000000000000,SelfKey,KEY,18,96,119247,50000000000,104247,3838651,deprecated,0x3e5b5e39,"addPrecommitment(address beneficiary, uint256 tokensAllocated, bool halfVesting)",20167201
4894342,1515732113,0xc93cf7290a1337eecf466024cf4f1f1fa50724ef7c1582d7b34357ae96ec7dfa,2148,0xa5cdc3ced6e06f0249567d3dd5df592843de80c35a56270b54308f6139cca9e8,0x8d4b2cffe2dcbbf06eaa5920401db86ca5fb8177,0x4cc19356f2d37338b9802aa8e8fc58b0373296e7,0xa52ddcb0c97550c8ce83dce182ff4a976bcc4aed,97383606666666700000000,SelfKey,KEY,18,97,119311,50000000000,104311,3942962,deprecated,0x3e5b5e39,"addPrecommitment(address beneficiary, uint256 tokensAllocated, bool halfVesting)",20167201
4894342,1515732113,0x4d66181e495a8a838d90686e048cfb9ec9d54383dc243bc043ac648b843b6884,2149,0xa5cdc3ced6e06f0249567d3dd5df592843de80c35a56270b54308f6139cca9e8,0x8d4b2cffe2dcbbf06eaa5920401db86ca5fb8177,0x4cc19356f2d37338b9802aa8e8fc58b0373296e7,0x9c594dba3ec2fd0ce41e70b90b24c8d7a0eb6517,159897599333333000000000,SelfKey,KEY,18,98,119311,50000000000,104311,4047273,deprecated,0x3e5b5e39,"addPrecommitment(address beneficiary, uint256 tokensAllocated, bool halfVesting)",20167201
4894342,1515732113,0xdc006b4cb0c1492353d6e66d75ebf938476f05f8765f229545ccae927c65d6b5,2150,0xa5cdc3ced6e06f0249567d3dd5df592843de80c35a56270b54308f6139cca9e8,0x8d4b2cffe2dcbbf06eaa5920401db86ca5fb8177,0x4cc19356f2d37338b9802aa8e8fc58b0373296e7,0xb86145a5787c01c1bb7c75f2637b532a5f74001e,125656266666667000000000,SelfKey,KEY,18,99,119247,50000000000,104247,4151520,deprecated,0x3e5b5e39,"addPrecommitment(address beneficiary, uint256 tokensAllocated, bool halfVesting)",20167201
4894342,1515732113,0xd595dfab09a573dedae7b8f294e7e7a6051e7d1fe7e5071ba7a68ced399361a1,2151,0xa5cdc3ced6e06f0249567d3dd5df592843de80c35a56270b54308f6139cca9e8,0x8d4b2cffe2dcbbf06eaa5920401db86ca5fb8177,0x4cc19356f2d37338b9802aa8e8fc58b0373296e7,0xff008aeb1a058da793edcadf761f7406c59b1e5c,94242200000000000000000,SelfKey,KEY,18,100,119183,50000000000,104183,4255703,deprecated,0x3e5b5e39,"addPrecommitment(address beneficiary, uint256 tokensAllocated, bool halfVesting)",20167201
4894342,1515732113,0x1fa10ffd87f3cdae7843f70d3da7ab02f2ab80189220692d7456aa370ae47b8a,2152,0xa5cdc3ced6e06f0249567d3dd5df592843de80c35a56270b54308f6139cca9e8,0x8d4b2cffe2dcbbf06eaa5920401db86ca5fb8177,0x4cc19356f2d37338b9802aa8e8fc58b0373296e7,0x2c67a03a5283e9a20c9aaefa68012c46b6d084de,188484400000000000000000,SelfKey,KEY,18,101,119247,50000000000,104247,4359950,deprecated,0x3e5b5e39,"addPrecommitment(address beneficiary, uint256 tokensAllocated, bool halfVesting)",20167201
4894342,1515732113,0xf32a179aef43d3f4bc630d92f8da0a653747eea7d0931993934c4396477f00f4,2153,0xa5cdc3ced6e06f0249567d3dd5df592843de80c35a56270b54308f6139cca9e8,0x8d4b2cffe2dcbbf06eaa5920401db86ca5fb8177,0x4cc19356f2d37338b9802aa8e8fc58b0373296e7,0x5bef1886bdc960f203794a010ed7c0045675b26e,147771083893753000000000,SelfKey,KEY,18,102,119311,50000000000,104311,4464261,deprecated,0x3e5b5e39,"addPrecommitment(address beneficiary, uint256 tokensAllocated, bool halfVesting)",20167201
4894342,1515732113,0xba55c5aef064e8937a0d997365e44d268081a0c76bf4083a5ccaadf29dc073b2,2154,0xa5cdc3ced6e06f0249567d3dd5df592843de80c35a56270b54308f6139cca9e8,0x8d4b2cffe2dcbbf06eaa5920401db86ca5fb8177,0x4cc19356f2d37338b9802aa8e8fc58b0373296e7,0x17a494603620791593a098a6c9ed493943bd6b7d,125656266666667000000000,SelfKey,KEY,18,103,119311,50000000000,104311,4568572,deprecated,0x3e5b5e39,"addPrecommitment(address beneficiary, uint256 tokensAllocated, bool halfVesting)",20167201
4894342,1515732113,0x6d568639eff96a86d1788bf9dba9667e8c0cedd37cd6ecc4c7a0ae8b1c4e6588,2155,0xa5cdc3ced6e06f0249567d3dd5df592843de80c35a56270b54308f6139cca9e8,0x8d4b2cffe2dcbbf06eaa5920401db86ca5fb8177,0x4cc19356f2d37338b9802aa8e8fc58b0373296e7,0x5fe6e5bbca1256bf66088562596a7a2697bab9f5,125656266666667000000000,SelfKey,KEY,18,104,119311,50000000000,104311,4672883,deprecated,0x3e5b5e39,"addPrecommitment(address beneficiary, uint256 tokensAllocated, bool halfVesting)",20167201
4894342,1515732113,0x15a74e19f9af7574b43bfd170e4714e51589ac2f8faeac3d91edc19609542311,2156,0xa5cdc3ced6e06f0249567d3dd5df592843de80c35a56270b54308f6139cca9e8,0x8d4b2cffe2dcbbf06eaa5920401db86ca5fb8177,0x4cc19356f2d37338b9802aa8e8fc58b0373296e7,0x01924806f23fc989525df2faf18078ef56dda69d,94242200000000000000000,SelfKey,KEY,18,105,119247,50000000000,104247,4777130,deprecated,0x3e5b5e39,"addPrecommitment(address beneficiary, uint256 tokensAllocated, bool halfVesting)",20167201
4894342,1515732113,0xe77838d62ffef336ce231071e8c3aed692bd0423e5968d53c125f57becfbd943,2157,0xa5cdc3ced6e06f0249567d3dd5df592843de80c35a56270b54308f6139cca9e8,0x8d4b2cffe2dcbbf06eaa5920401db86ca5fb8177,0x4cc19356f2d37338b9802aa8e8fc58b0373296e7,0xa7234654e284c9995c06a2a95a4ffb3139598e88,100525013333333000000000,SelfKey,KEY,18,106,119311,50000000000,104311,4881441,deprecated,0x3e5b5e39,"addPrecommitment(address beneficiary, uint256 tokensAllocated, bool halfVesting)",20167201
4894342,1515732113,0xae89d5e9dd32dbe3b995e054c57ea5f075851607f8b5766bfff8c13ad33a7b11,2158,0xa5cdc3ced6e06f0249567d3dd5df592843de80c35a56270b54308f6139cca9e8,0x8d4b2cffe2dcbbf06eaa5920401db86ca5fb8177,0x4cc19356f2d37338b9802aa8e8fc58b0373296e7,0xc86accbad3f162484c85cee446201e5c4f43ae96,125656266666667000000000,SelfKey,KEY,18,107,119311,50000000000,104311,4985752,deprecated,0x3e5b5e39,"addPrecommitment(address beneficiary, uint256 tokensAllocated, bool halfVesting)",20167201
4894342,1515732113,0x812c7341a489a83f6d34bc60340523d4725ebf93bd9e4171edb9ffff8c242b29,2159,0xa5cdc3ced6e06f0249567d3dd5df592843de80c35a56270b54308f6139cca9e8,0x8d4b2cffe2dcbbf06eaa5920401db86ca5fb8177,0x4cc19356f2d37338b9802aa8e8fc58b0373296e7,0xaf4b3d3bb266ce67fba32b225caa60c8c5e2aeb0,154557208000000000000000,SelfKey,KEY,18,108,119247,50000000000,104247,5089999,deprecated,0x3e5b5e39,"addPrecommitment(address beneficiary, uint256 tokensAllocated, bool halfVesting)",20167201
4894342,1515732113,0x5038b185048ebfc340a820c5bc41a7652e28124dd03530ab71acdeed7110e25c,2160,0xa5cdc3ced6e06f0249567d3dd5df592843de80c35a56270b54308f6139cca9e8,0x8d4b2cffe2dcbbf06eaa5920401db86ca5fb8177,0x4cc19356f2d37338b9802aa8e8fc58b0373296e7,0x5fc3454e609fe018ea1c3ef8b27606aa964e21e7,188484400000000000000000,SelfKey,KEY,18,109,119247,50000000000,104247,5194246,deprecated,0x3e5b5e39,"addPrecommitment(address beneficiary, uint256 tokensAllocated, bool halfVesting)",20167201
4894342,1515732113,0xf06858b3f47641154c5940c8d0930c083d4092525c98947f91607b52f09b20be,2161,0xa5cdc3ced6e06f0249567d3dd5df592843de80c35a56270b54308f6139cca9e8,0x8d4b2cffe2dcbbf06eaa5920401db86ca5fb8177,0x4cc19356f2d37338b9802aa8e8fc58b0373296e7,0x9ca3d414b1966b2e6ffd094a654dacb2cee7af8b,100525013333333000000000,SelfKey,KEY,18,110,119311,50000000000,104311,5298557,deprecated,0x3e5b5e39,"addPrecommitment(address beneficiary, uint256 tokensAllocated, bool halfVesting)",20167201
4894342,1515732113,0x5fe263dfac6f6b3cef6289466f74e644922bb2a05747e8b7371e0da551e8086d,2162,0xa5cdc3ced6e06f0249567d3dd5df592843de80c35a56270b54308f6139cca9e8,0x8d4b2cffe2dcbbf06eaa5920401db86ca5fb8177,0x4cc19356f2d37338b9802aa8e8fc58b0373296e7,0x832de327bf3b946f147bdb17c5c51a10117e451f,125656266666667000000000,SelfKey,KEY,18,111,119311,50000000000,104311,5402868,deprecated,0x3e5b5e39,"addPrecommitment(address beneficiary, uint256 tokensAllocated, bool halfVesting)",20167201
4894342,1515732113,0x00a62162c81c4a0eaca8dc9f9408604870979969ef1c2f48592844f26ce56542,2163,0xa5cdc3ced6e06f0249567d3dd5df592843de80c35a56270b54308f6139cca9e8,0x8d4b2cffe2dcbbf06eaa5920401db86ca5fb8177,0x4cc19356f2d37338b9802aa8e8fc58b0373296e7,0x05a24ed724930b03f8540b16a86cd5f33a1fdb2c,1306825173333330000000000,SelfKey,KEY,18,112,119375,50000000000,104375,5507243,deprecated,0x3e5b5e39,"addPrecommitment(address beneficiary, uint256 tokensAllocated, bool halfVesting)",20167201
4894342,1515732113,0xf41b1eeb79bde02544112c2fea0b9ae806de4bf5f7fe8845d357da7a0569c87d,2164,0xa5cdc3ced6e06f0249567d3dd5df592843de80c35a56270b54308f6139cca9e8,0x8d4b2cffe2dcbbf06eaa5920401db86ca5fb8177,0x4cc19356f2d37338b9802aa8e8fc58b0373296e7,0x3cac460a5e4c7dfc4b8b41dd47750d76da55d225,41152427333333300000000,SelfKey,KEY,18,113,119311,50000000000,104311,5611554,deprecated,0x3e5b5e39,"addPrecommitment(address beneficiary, uint256 tokensAllocated, bool halfVesting)",20167201
4894342,1515732113,0x0fad08757d29654b991bc7bc587d40b40df21c8bc95f3c7d0cc189e6db326d06,2165,0xa5cdc3ced6e06f0249567d3dd5df592843de80c35a56270b54308f6139cca9e8,0x8d4b2cffe2dcbbf06eaa5920401db86ca5fb8177,0x4cc19356f2d37338b9802aa8e8fc58b0373296e7,0x1856df1d678c045dac851cc5cf7d07d6c722d036,314140666666667000000000,SelfKey,KEY,18,114,119311,50000000000,104311,5715865,deprecated,0x3e5b5e39,"addPrecommitment(address beneficiary, uint256 tokensAllocated, bool halfVesting)",20167201
4894342,1515732113,0x37e94e390afb004be2db9ec0f277d84698fcb7107cda18c5ebc59bd462b5accb,2166,0xa5cdc3ced6e06f0249567d3dd5df592843de80c35a56270b54308f6139cca9e8,0x8d4b2cffe2dcbbf06eaa5920401db86ca5fb8177,0x4cc19356f2d37338b9802aa8e8fc58b0373296e7,0x05ab27f858109228c4979f50bc4db83df7111aa9,135708768000000000000000,SelfKey,KEY,18,115,119247,50000000000,104247,5820112,deprecated,0x3e5b5e39,"addPrecommitment(address beneficiary, uint256 tokensAllocated, bool halfVesting)",20167201
4894342,1515732113,0xab5a4beddbbd1d63547c0320d6efa9fc2f48ea2d4f7c050a8baf42f21338aa99,2167,0xa5cdc3ced6e06f0249567d3dd5df592843de80c35a56270b54308f6139cca9e8,0x8d4b2cffe2dcbbf06eaa5920401db86ca5fb8177,0x4cc19356f2d37338b9802aa8e8fc58b0373296e7,0x4f55761b708a05c78a7e6dda677ddcaa984595fc,188484400000000000000000,SelfKey,KEY,18,116,119247,50000000000,104247,5924359,deprecated,0x3e5b5e39,"addPrecommitment(address beneficiary, uint256 tokensAllocated, bool halfVesting)",20167201
4894342,1515732113,0xda1f1188cfe3031cf27f247f0ab7a4c51e04e46d9ce4d83ceb369aaaf3b55bc6,2168,0xa5cdc3ced6e06f0249567d3dd5df592843de80c35a56270b54308f6139cca9e8,0x8d4b2cffe2dcbbf06eaa5920401db86ca5fb8177,0x4cc19356f2d37338b9802aa8e8fc58b0373296e7,0x6fda77b41f1194107803e6fae20d88d8bce77594,188484400000000000000000,SelfKey,KEY,18,117,119247,50000000000,104247,6028606,deprecated,0x3e5b5e39,"addPrecommitment(address beneficiary, uint256 tokensAllocated, bool halfVesting)",20167201
4894342,1515732113,0xb0474d17fd0292d33b478687447d0312ce9878999a7391ba1e766d424b066e04,2169,0xa5cdc3ced6e06f0249567d3dd5df592843de80c35a56270b54308f6139cca9e8,0x8d4b2cffe2dcbbf06eaa5920401db86ca5fb8177,0x4cc19356f2d37338b9802aa8e8fc58b0373296e7,0x4821da8f7569bc7c18dfb99e5db4740e8e9a81e6,90559732065849100000000,SelfKey,KEY,18,118,119311,50000000000,104311,6132917,deprecated,0x3e5b5e39,"addPrecommitment(address beneficiary, uint256 tokensAllocated, bool halfVesting)",20167201
4894342,1515732113,0x56315eceb57a5aa508637143663131d950c1c4cfe1bf0a11c433f8cc5ec09823,2170,0xa5cdc3ced6e06f0249567d3dd5df592843de80c35a56270b54308f6139cca9e8,0x8d4b2cffe2dcbbf06eaa5920401db86ca5fb8177,0x4cc19356f2d37338b9802aa8e8fc58b0373296e7,0xda87752fd80eceef17c09f1e9f808d57e96b2431,84817980000000000000000,SelfKey,KEY,18,119,119247,50000000000,104247,6237164,deprecated,0x3e5b5e39,"addPrecommitment(address beneficiary, uint256 tokensAllocated, bool halfVesting)",20167201
4894342,1515732113,0xb418ef23a8ab9adc9e68b209d93357a3e7a80d8619f0e57dc1b15605ebe8acbb,2171,0xa5cdc3ced6e06f0249567d3dd5df592843de80c35a56270b54308f6139cca9e8,0x8d4b2cffe2dcbbf06eaa5920401db86ca5fb8177,0x4cc19356f2d37338b9802aa8e8fc58b0373296e7,0xc90d3fcc8d09fe31de47f6652f6814eb85c0efd3,96755325333333300000000,SelfKey,KEY,18,120,119311,50000000000,104311,6341475,deprecated,0x3e5b5e39,"addPrecommitment(address beneficiary, uint256 tokensAllocated, bool halfVesting)",20167201
4894342,1515732113,0xa69d20c35d8a537458f2b3adffbf021d3a6dbd622cec56092e7d068e1862efcf,2172,0xa5cdc3ced6e06f0249567d3dd5df592843de80c35a56270b54308f6139cca9e8,0x8d4b2cffe2dcbbf06eaa5920401db86ca5fb8177,0x4cc19356f2d37338b9802aa8e8fc58b0373296e7,0xecb9df08290f0745840695cadf7bde8aea05c56d,157070333333333000000000,SelfKey,KEY,18,121,119311,50000000000,104311,6445786,deprecated,0x3e5b5e39,"addPrecommitment(address beneficiary, uint256 tokensAllocated, bool halfVesting)",20167201
4894342,1515732113,0x8eab3dbd5ac316030453ef718c25934fce57ee2c33877a7510b61a2cdf9bee7f,2173,0xa5cdc3ced6e06f0249567d3dd5df592843de80c35a56270b54308f6139cca9e8,0x8d4b2cffe2dcbbf06eaa5920401db86ca5fb8177,0x4cc19356f2d37338b9802aa8e8fc58b0373296e7,0x5deee90745dfcc0f187dab39985f3d55884b97f0,94242200000000000000000,SelfKey,KEY,18,122,119247,50000000000,104247,6550033,deprecated,0x3e5b5e39,"addPrecommitment(address beneficiary, uint256 tokensAllocated, bool halfVesting)",20167201
4894342,1515732113,0x166e4e6c6a947b13acf6606054e4770124fed0e484b73ec8366b4874e36fc6b1,2174,0xa5cdc3ced6e06f0249567d3dd5df592843de80c35a56270b54308f6139cca9e8,0x8d4b2cffe2dcbbf06eaa5920401db86ca5fb8177,0x4cc19356f2d37338b9802aa8e8fc58b0373296e7,0xcab0aae3b78a29e1e05d855148d0c297fb57fdbf,94242200000000000000000,SelfKey,KEY,18,123,119247,50000000000,104247,6654280,deprecated,0x3e5b5e39,"addPrecommitment(address beneficiary, uint256 tokensAllocated, bool halfVesting)",20167201
4894342,1515732113,0xa8c58da8808e8842700f6683ae5dee7bf7747bce0fb0302bcc8ffe520543f614,2175,0xa5cdc3ced6e06f0249567d3dd5df592843de80c35a56270b54308f6139cca9e8,0x8d4b2cffe2dcbbf06eaa5920401db86ca5fb8177,0x4cc19356f2d37338b9802aa8e8fc58b0373296e7,0xac443b3c19567ae51387e469123bb85dc5b35eb6,124783669780725000000000,SelfKey,KEY,18,124,119311,50000000000,104311,6758591,deprecated,0x3e5b5e39,"addPrecommitment(address beneficiary, uint256 tokensAllocated, bool halfVesting)",20167201
4894342,1515732113,0xb669100010c188b588fdfe4375f46ab31e8163e9547ca877abf3f4c6f260f5e4,2176,0xa5cdc3ced6e06f0249567d3dd5df592843de80c35a56270b54308f6139cca9e8,0x8d4b2cffe2dcbbf06eaa5920401db86ca5fb8177,0x4cc19356f2d37338b9802aa8e8fc58b0373296e7,0xcac37e14a4e785357b9cb4bc3525ffe357a12e75,94242200000000000000000,SelfKey,KEY,18,125,119247,50000000000,104247,6862838,deprecated,0x3e5b5e39,"addPrecommitment(address beneficiary, uint256 tokensAllocated, bool halfVesting)",20167201
4894342,1515732113,0x1aee14a3685c566cc8495239ce3cbe88d34c35fe053d3a6946bfa96da48a5bd4,2177,0xa5cdc3ced6e06f0249567d3dd5df592843de80c35a56270b54308f6139cca9e8,0x8d4b2cffe2dcbbf06eaa5920401db86ca5fb8177,0x4cc19356f2d37338b9802aa8e8fc58b0373296e7,0xb2e129d21303e785df7f123aba1468d1ac69a37e,188484400000000000000000,SelfKey,KEY,18,126,119247,50000000000,104247,6967085,deprecated,0x3e5b5e39,"addPrecommitment(address beneficiary, uint256 tokensAllocated, bool halfVesting)",20167201
4894342,1515732113,0xa5d1b8871e601979605c42e3606218aaabebb48680776c0f62eb5fe0c359049a,2178,0xa5cdc3ced6e06f0249567d3dd5df592843de80c35a56270b54308f6139cca9e8,0x8d4b2cffe2dcbbf06eaa5920401db86ca5fb8177,0x4cc19356f2d37338b9802aa8e8fc58b0373296e7,0x43fe0a344fc8b718e93b310e1de3e29e727c772d,94242200000000000000000,SelfKey,KEY,18,127,119247,50000000000,104247,7071332,deprecated,0x3e5b5e39,"addPrecommitment(address beneficiary, uint256 tokensAllocated, bool halfVesting)",20167201
4894342,1515732113,0xd55ccceca0b129dc888557cc10eafa1def9b4c0e40b98779f6c5c819223a366e,2179,0xa5cdc3ced6e06f0249567d3dd5df592843de80c35a56270b54308f6139cca9e8,0x8d4b2cffe2dcbbf06eaa5920401db86ca5fb8177,0x4cc19356f2d37338b9802aa8e8fc58b0373296e7,0xe0bcd9c9e6263e99172ac9f37f89a4fc286b0d1d,94870481333333300000000,SelfKey,KEY,18,128,119311,50000000000,104311,7175643,deprecated,0x3e5b5e39,"addPrecommitment(address beneficiary, uint256 tokensAllocated, bool halfVesting)",20167201
4894342,1515732113,0x23a0811a6288834f42af3fcea661e270f791935a3366a3ccd23068032b6d0b18,2180,0xa5cdc3ced6e06f0249567d3dd5df592843de80c35a56270b54308f6139cca9e8,0x8d4b2cffe2dcbbf06eaa5920401db86ca5fb8177,0x4cc19356f2d37338b9802aa8e8fc58b0373296e7,0xb5a9a5de1dd930832e34871ce614b37365751aba,265330196696500000000000,SelfKey,KEY,18,129,119311,50000000000,104311,7279954,deprecated,0x3e5b5e39,"addPrecommitment(address beneficiary, uint256 tokensAllocated, bool halfVesting)",20167201
4894342,1515732113,0x43873e6aabaf939a7d087fd449ff0eb238e52f31000a9b3099866d80dd44fe4c,2181,0xa5cdc3ced6e06f0249567d3dd5df592843de80c35a56270b54308f6139cca9e8,0x8d4b2cffe2dcbbf06eaa5920401db86ca5fb8177,0x4cc19356f2d37338b9802aa8e8fc58b0373296e7,0x4dac06cae41e98be8a3e32c70d9c270ea2627e6c,628281333333334000000,SelfKey,KEY,18,130,119311,50000000000,104311,7384265,deprecated,0x3e5b5e39,"addPrecommitment(address beneficiary, uint256 tokensAllocated, bool halfVesting)",20167201
4894342,1515732113,0xdba53ddadbddc1426efffc209f57f79e52273317f54a63e80330fdae44f522e2,2182,0xa5cdc3ced6e06f0249567d3dd5df592843de80c35a56270b54308f6139cca9e8,0x8d4b2cffe2dcbbf06eaa5920401db86ca5fb8177,0x4cc19356f2d37338b9802aa8e8fc58b0373296e7,0xc599255546d208bd6d3b729ecc6b9369f52e49b8,98326028666666700000000,SelfKey,KEY,18,131,119311,50000000000,104311,7488576,deprecated,0x3e5b5e39,"addPrecommitment(address beneficiary, uint256 tokensAllocated, bool halfVesting)",20167201
4894342,1515732113,0x9d5a165ccb0918fdb2974519fe56d5ed316d01f5336516438d91924d1259d1a4,2183,0xa5cdc3ced6e06f0249567d3dd5df592843de80c35a56270b54308f6139cca9e8,0x8d4b2cffe2dcbbf06eaa5920401db86ca5fb8177,0x4cc19356f2d37338b9802aa8e8fc58b0373296e7,0xb0f8f1c6874cf69ad9e987f5db7a22f152378b7e,188484400000000000000000,SelfKey,KEY,18,132,119247,50000000000,104247,7592823,deprecated,0x3e5b5e39,"addPrecommitment(address beneficiary, uint256 tokensAllocated, bool halfVesting)",20167201
4894342,1515732113,0x884c750b6113ae22e05ca75a888b5d2b5871550ad64281ba13297c6e40b2235a,2184,0xa5cdc3ced6e06f0249567d3dd5df592843de80c35a56270b54308f6139cca9e8,0x8d4b2cffe2dcbbf06eaa5920401db86ca5fb8177,0x4cc19356f2d37338b9802aa8e8fc58b0373296e7,0x05a48234ecccbefb7f108e0d8e6a507879105cf4,1306825173333330000000000,SelfKey,KEY,18,133,119375,50000000000,104375,7697198,deprecated,0x3e5b5e39,"addPrecommitment(address beneficiary, uint256 tokensAllocated, bool halfVesting)",20167201
4894342,1515732113,0x70d039723280fd72f47af5e8232652b753140e1e430008bf2f1716d2358e24a1,2185,0xa5cdc3ced6e06f0249567d3dd5df592843de80c35a56270b54308f6139cca9e8,0x8d4b2cffe2dcbbf06eaa5920401db86ca5fb8177,0x4cc19356f2d37338b9802aa8e8fc58b0373296e7,0x03184bd36c8c13eec14ebfcd1487316e753fc5f2,100525013333333000000000,SelfKey,KEY,18,134,119311,50000000000,104311,7801509,deprecated,0x3e5b5e39,"addPrecommitment(address beneficiary, uint256 tokensAllocated, bool halfVesting)",20167201
4894342,1515732113,0xa6a7f941f15bb3f7ed23be8ae1616dc1350570003d7fd3a3193d78b3d2f389cb,2186,0xa5cdc3ced6e06f0249567d3dd5df592843de80c35a56270b54308f6139cca9e8,0x8d4b2cffe2dcbbf06eaa5920401db86ca5fb8177,0x4cc19356f2d37338b9802aa8e8fc58b0373296e7,0xba766425f082b0b6ed3e85b75be6f3dc0c6501e2,628281333333333000000000,SelfKey,KEY,18,135,119311,50000000000,104311,7905820,deprecated,0x3e5b5e39,"addPrecommitment(address beneficiary, uint256 tokensAllocated, bool halfVesting)",20167201
4894343,1515732129,0xfaa9c8a541562ee834987afc0868bb265b61043627de9f86fbdd6bee8a21ba1f,2187,0x934fbc0415967252e212d539da0180c1833c77ae9edc15e7d61774e159b113b5,0x8d4b2cffe2dcbbf06eaa5920401db86ca5fb8177,0x4cc19356f2d37338b9802aa8e8fc58b0373296e7,0x4e1645cd8622b02fdec760699261271c50ae5ddf,94242200000000000000000,SelfKey,KEY,18,69,119247,50000000000,104247,2198638,deprecated,0x3e5b5e39,"addPrecommitment(address beneficiary, uint256 tokensAllocated, bool halfVesting)",20167200
4894343,1515732129,0x4e95460aaa198e2bfebe01a3adc84adac3f976efc35b3aa6fdbb61cd151af9c2,2188,0x934fbc0415967252e212d539da0180c1833c77ae9edc15e7d61774e159b113b5,0x8d4b2cffe2dcbbf06eaa5920401db86ca5fb8177,0x4cc19356f2d37338b9802aa8e8fc58b0373296e7,0x37622f698c26c1986884c0eaf1a351a4381dcbcc,94242200000000000000000,SelfKey,KEY,18,131,119247,50000000000,104247,5113859,deprecated,0x3e5b5e39,"addPrecommitment(address beneficiary, uint256 tokensAllocated, bool halfVesting)",20167200
4894343,1515732129,0x72f6266fc8ab2450397f662202c004d5e8e77534ad5e198acae592995dde2536,2189,0x934fbc0415967252e212d539da0180c1833c77ae9edc15e7d61774e159b113b5,0x8d4b2cffe2dcbbf06eaa5920401db86ca5fb8177,0x4cc19356f2d37338b9802aa8e8fc58b0373296e7,0x8b2bcdfbb18a620e69f19123610c23337864fc26,106179545333333000000000,SelfKey,KEY,18,142,119311,50000000000,104311,5533860,deprecated,0x3e5b5e39,"addPrecommitment(address beneficiary, uint256 tokensAllocated, bool halfVesting)",20167200
4894343,1515732129,0x7f36a31152d57f520b63eb06d20b673c94d095974fca2e55a95adb6ff1cb2b13,2190,0x934fbc0415967252e212d539da0180c1833c77ae9edc15e7d61774e159b113b5,0x8d4b2cffe2dcbbf06eaa5920401db86ca5fb8177,0x4cc19356f2d37338b9802aa8e8fc58b0373296e7,0xb0f8f1c6874cf69ad9e987f5db7a22f152378b7e,125656266666667000000000,SelfKey,KEY,18,149,119311,50000000000,59311,5791349,deprecated,0x3e5b5e39,"addPrecommitment(address beneficiary, uint256 tokensAllocated, bool halfVesting)",20167200
4894343,1515732129,0xecb7a6ca68203cacee10766dbb4206a8d8b8814d485f0ee9e13ceeaf645da081,2191,0x934fbc0415967252e212d539da0180c1833c77ae9edc15e7d61774e159b113b5,0x8d4b2cffe2dcbbf06eaa5920401db86ca5fb8177,0x4cc19356f2d37338b9802aa8e8fc58b0373296e7,0x6a3be92596b8fa046a0c5b0d9c10995b4d91cc35,124085563333333000000000,SelfKey,KEY,18,156,119311,50000000000,104311,6108710,deprecated,0x3e5b5e39,"addPrecommitment(address beneficiary, uint256 tokensAllocated, bool halfVesting)",20167200
4894343,1515732129,0x9ecd71865c354e7cfca5a97f5ccd42423762375547cae582d9ffd765a56cf726,2192,0x934fbc0415967252e212d539da0180c1833c77ae9edc15e7d61774e159b113b5,0x8d4b2cffe2dcbbf06eaa5920401db86ca5fb8177,0x4cc19356f2d37338b9802aa8e8fc58b0373296e7,0xe22f5bc7c3d51d20f406770327562ff666a4b569,3141406666666670000000,SelfKey,KEY,18,161,119311,50000000000,104311,6384135,deprecated,0x3e5b5e39,"addPrecommitment(address beneficiary, uint256 tokensAllocated, bool halfVesting)",20167200
4894343,1515732129,0x99c738bec3555fd88b18b4eddb6285cd098e2117fa77ba3920f2997771a8ab3b,2193,0x934fbc0415967252e212d539da0180c1833c77ae9edc15e7d61774e159b113b5,0x8d4b2cffe2dcbbf06eaa5920401db86ca5fb8177,0x4cc19356f2d37338b9802aa8e8fc58b0373296e7,0x413b88f8e463db89ca101810da92e139f1330b80,125656266666667000000000,SelfKey,KEY,18,166,119311,50000000000,104311,6659624,deprecated,0x3e5b5e39,"addPrecommitment(address beneficiary, uint256 tokensAllocated, bool halfVesting)",20167200
4894343,1515732129,0xb5716cd737346fe1c8dd7b5e18537bf4c96065ffbc9711f29bebf798b9e8ad64,2194,0x934fbc0415967252e212d539da0180c1833c77ae9edc15e7d61774e159b113b5,0x8d4b2cffe2dcbbf06eaa5920401db86ca5fb8177,0x4cc19356f2d37338b9802aa8e8fc58b0373296e7,0x6e56419b4614279afe7e9d638b03372f49ca4beb,95498762666666700000000,SelfKey,KEY,18,170,119311,50000000000,104311,6914049,deprecated,0x3e5b5e39,"addPrecommitment(address beneficiary, uint256 tokensAllocated, bool halfVesting)",20167200
4894343,1515732129,0xd5a8bfe604e17c8f7a140c75c9c72e0b7c3129d8d7fb01f93d66819e9339c78d,2195,0x934fbc0415967252e212d539da0180c1833c77ae9edc15e7d61774e159b113b5,0x8d4b2cffe2dcbbf06eaa5920401db86ca5fb8177,0x4cc19356f2d37338b9802aa8e8fc58b0373296e7,0xf837f5f8e8836abd413f7ec3b575f800ecba6bb8,97383606666666700000000,SelfKey,KEY,18,173,119247,50000000000,104247,7060296,deprecated,0x3e5b5e39,"addPrecommitment(address beneficiary, uint256 tokensAllocated, bool halfVesting)",20167200
4894343,1515732129,0xe092e0273e20c2ababccb5bff1385584b5714b4deec48603208aff979df83b7e,2196,0x934fbc0415967252e212d539da0180c1833c77ae9edc15e7d61774e159b113b5,0x8d4b2cffe2dcbbf06eaa5920401db86ca5fb8177,0x4cc19356f2d37338b9802aa8e8fc58b0373296e7,0x54513c1b6bc5aee4f01ac02db8adb1c445f3c673,628281333333333000000000,SelfKey,KEY,18,176,119311,50000000000,104311,7206607,deprecated,0x3e5b5e39,"addPrecommitment(address beneficiary, uint256 tokensAllocated, bool halfVesting)",20167200
4894343,1515732129,0x19fe3fc0b274313d78bcec96bb36edb9d4f291d4fb82dcb9cb3a1376e02cba5a,2197,0x934fbc0415967252e212d539da0180c1833c77ae9edc15e7d61774e159b113b5,0x8d4b2cffe2dcbbf06eaa5920401db86ca5fb8177,0x4cc19356f2d37338b9802aa8e8fc58b0373296e7,0xd2d6b1d02b682f9c388c0425b675c1d521b7c122,94242200000000000000000,SelfKey,KEY,18,179,119247,50000000000,104247,7352854,deprecated,0x3e5b5e39,"addPrecommitment(address beneficiary, uint256 tokensAllocated, bool halfVesting)",20167200
4894343,1515732129,0x8eb122aba0057e435763daaa2863ba11deca50f1c0fd8c86ef04f784e3fa8c23,2198,0x934fbc0415967252e212d539da0180c1833c77ae9edc15e7d61774e159b113b5,0x8d4b2cffe2dcbbf06eaa5920401db86ca5fb8177,0x4cc19356f2d37338b9802aa8e8fc58b0373296e7,0x09467ecf90fa692f0fd9dc4584186943f5810a89,106807826666667000000000,SelfKey,KEY,18,182,119311,50000000000,104311,7499165,deprecated,0x3e5b5e39,"addPrecommitment(address beneficiary, uint256 tokensAllocated, bool halfVesting)",20167200
4894343,1515732129,0x7f51f330db6e93b47d9389beed4338c971cbb68984b46c243c76655847f68b7f,2199,0x934fbc0415967252e212d539da0180c1833c77ae9edc15e7d61774e159b113b5,0x8d4b2cffe2dcbbf06eaa5920401db86ca5fb8177,0x4cc19356f2d37338b9802aa8e8fc58b0373296e7,0xac221ba3c3b5af2ac9e8540232eafa15fc7669e3,94242200000000000000000,SelfKey,KEY,18,185,119247,50000000000,104247,7645412,deprecated,0x3e5b5e39,"addPrecommitment(address beneficiary, uint256 tokensAllocated, bool halfVesting)",20167200
4894343,1515732129,0x0753db184856fa6a7f2ba362ee1a1c26ff818a59d8af66b02d193f4df5ebdc3a,2200,0x934fbc0415967252e212d539da0180c1833c77ae9edc15e7d61774e159b113b5,0x8d4b2cffe2dcbbf06eaa5920401db86ca5fb8177,0x4cc19356f2d37338b9802aa8e8fc58b0373296e7,0x5a7173b5cb1a172cca905f4e4c72878415d7c7be,94242200000000000000000,SelfKey,KEY,18,188,119247,50000000000,104247,7791659,deprecated,0x3e5b5e39,"addPrecommitment(address beneficiary, uint256 tokensAllocated, bool halfVesting)",20167200
4894343,1515732129,0x514a8d98aeed5af60c0d63cb23fd5d48ae2dd3ab34c0b28114e2c9cd39168a42,2201,0x934fbc0415967252e212d539da0180c1833c77ae9edc15e7d61774e159b113b5,0x8d4b2cffe2dcbbf06eaa5920401db86ca5fb8177,0x4cc19356f2d37338b9802aa8e8fc58b0373296e7,0xe020ac6773b1bfbe0817789cbbbdd23f68354987,122514860000000000000000,SelfKey,KEY,18,191,119247,50000000000,104247,7937906,deprecated,0x3e5b5e39,"addPrecommitment(address beneficiary, uint256 tokensAllocated, bool halfVesting)",20167200
4894344,1515732175,0xb34cf7f946063c1d52a5c23259ad9de9ed49b9b6883ebee6eb87405a8b7ff650,2202,0x0d8d72e9690e4c19eb563855544d847818fd5ccbf6f48e26b66216eae32f8ff9,0x8d4b2cffe2dcbbf06eaa5920401db86ca5fb8177,0x4cc19356f2d37338b9802aa8e8fc58b0373296e7,0xfbc49b2b13b6a7ddf17fc33edaa816392c35276f,251312533333333000000000,SelfKey,KEY,18,239,119311,50000000000,104311,6875812,deprecated,0x3e5b5e39,"addPrecommitment(address beneficiary, uint256 tokensAllocated, bool halfVesting)",20167199
4894344,1515732175,0x5232b612e5d5175f73aa65f1ede7cdd516521bb1779940ecde64410fa40fb345,2203,0x0d8d72e9690e4c19eb563855544d847818fd5ccbf6f48e26b66216eae32f8ff9,0x8d4b2cffe2dcbbf06eaa5920401db86ca5fb8177,0x4cc19356f2d37338b9802aa8e8fc58b0373296e7,0xb346cb7e28e2cabbeb361dc1f460a81c9df8f744,94242200000000000000000,SelfKey,KEY,18,240,119247,50000000000,104247,6980059,deprecated,0x3e5b5e39,"addPrecommitment(address beneficiary, uint256 tokensAllocated, bool halfVesting)",20167199
4894344,1515732175,0xe81e30557482bcbfb8688cb5ecdbde76f6563f1e46f76d7c0eb40d67a65a8d81,2204,0x0d8d72e9690e4c19eb563855544d847818fd5ccbf6f48e26b66216eae32f8ff9,0x8d4b2cffe2dcbbf06eaa5920401db86ca5fb8177,0x4cc19356f2d37338b9802aa8e8fc58b0373296e7,0x2d10a9c6de5d0060c562be0e08d63087af080237,127891454160323000000000,SelfKey,KEY,18,241,119247,50000000000,104247,7084306,deprecated,0x3e5b5e39,"addPrecommitment(address beneficiary, uint256 tokensAllocated, bool halfVesting)",20167199
4894344,1515732175,0x1fc89bb32e70155b900572ef6624831e26c9e3822f475a76637cc9350e3e27d0,2205,0x0d8d72e9690e4c19eb563855544d847818fd5ccbf6f48e26b66216eae32f8ff9,0x8d4b2cffe2dcbbf06eaa5920401db86ca5fb8177,0x4cc19356f2d37338b9802aa8e8fc58b0373296e7,0x90cce28b9b6a9c79eaa2f11969ee1ebd9164e292,94242200000000000000000,SelfKey,KEY,18,242,119247,50000000000,104247,7188553,deprecated,0x3e5b5e39,"addPrecommitment(address beneficiary, uint256 tokensAllocated, bool halfVesting)",20167199
4894344,1515732175,0x73e56d982c75d716878c29e6e5819f27cd7359bf2193ff3f3c7675504b64970f,2206,0x0d8d72e9690e4c19eb563855544d847818fd5ccbf6f48e26b66216eae32f8ff9,0x8d4b2cffe2dcbbf06eaa5920401db86ca5fb8177,0x4cc19356f2d37338b9802aa8e8fc58b0373296e7,0xf9865219a179120be194cef843ff3957bd49ed83,94242200000000000000000,SelfKey,KEY,18,243,119247,50000000000,104247,7292800,deprecated,0x3e5b5e39,"addPrecommitment(address beneficiary, uint256 tokensAllocated, bool halfVesting)",20167199
4894344,1515732175,0x719925cc1d7aa588f298f7c3ed1e0fce91a1123f801b1584deeb7a8cb95b3bcd,2207,0x0d8d72e9690e4c19eb563855544d847818fd5ccbf6f48e26b66216eae32f8ff9,0x8d4b2cffe2dcbbf06eaa5920401db86ca5fb8177,0x4cc19356f2d37338b9802aa8e8fc58b0373296e7,0x4f1bf9cc8883b626a64deb047daece1e00e54d44,1306825173333330000000000,SelfKey,KEY,18,244,119311,50000000000,104311,7397111,deprecated,0x3e5b5e39,"addPrecommitment(address beneficiary, uint256 tokensAllocated, bool halfVesting)",20167199
4894344,1515732175,0x81bb905cd97426a9cdd20cbd3dffb3b710a25306405b1fbe7d5b348986d4a833,2208,0x0d8d72e9690e4c19eb563855544d847818fd5ccbf6f48e26b66216eae32f8ff9,0x8d4b2cffe2dcbbf06eaa5920401db86ca5fb8177,0x4cc19356f2d37338b9802aa8e8fc58b0373296e7,0xe564d9afc3e8d7ddc99912dbc5db58925b414024,1306825173333330000000000,SelfKey,KEY,18,245,119375,50000000000,104375,7501486,deprecated,0x3e5b5e39,"addPrecommitment(address beneficiary, uint256 tokensAllocated, bool halfVesting)",20167199
4894344,1515732175,0x27447c352a29e52a89ffa21dbf34379901be1ef39f45188545da1b9bbadfc016,2209,0x0d8d72e9690e4c19eb563855544d847818fd5ccbf6f48e26b66216eae32f8ff9,0x8d4b2cffe2dcbbf06eaa5920401db86ca5fb8177,0x4cc19356f2d37338b9802aa8e8fc58b0373296e7,0x94ed8baecc433e402733f9e20d1b45657902c484,103666420000000000000000,SelfKey,KEY,18,246,119247,50000000000,104247,7605733,deprecated,0x3e5b5e39,"addPrecommitment(address beneficiary, uint256 tokensAllocated, bool halfVesting)",20167199
4894344,1515732175,0x99f04b6c37100734c6b7f3baebc64362846559b54a175ac87c702a416a812d7b,2210,0x0d8d72e9690e4c19eb563855544d847818fd5ccbf6f48e26b66216eae32f8ff9,0x8d4b2cffe2dcbbf06eaa5920401db86ca5fb8177,0x4cc19356f2d37338b9802aa8e8fc58b0373296e7,0x699ebd6bcf3e9de7749ed653bc83fa69bd8703d8,188484400000000000000000,SelfKey,KEY,18,247,119247,50000000000,104247,7709980,deprecated,0x3e5b5e39,"addPrecommitment(address beneficiary, uint256 tokensAllocated, bool halfVesting)",20167199
4894344,1515732175,0x924fdf30e41e9a66e83695c2d0136d6d7fc3e2208c6977d6619c607e18d6b325,2211,0x0d8d72e9690e4c19eb563855544d847818fd5ccbf6f48e26b66216eae32f8ff9,0x8d4b2cffe2dcbbf06eaa5920401db86ca5fb8177,0x4cc19356f2d37338b9802aa8e8fc58b0373296e7,0x100a95146490a85838e1421bb08f56c2e17df66c,125656266666667000000000,SelfKey,KEY,18,248,119311,50000000000,104311,7814291,deprecated,0x3e5b5e39,"addPrecommitment(address beneficiary, uint256 tokensAllocated, bool halfVesting)",20167199
4894344,1515732175,0x12bdb3dc61e9a813309c9c5b95b566671bd5fa8464e5d0dc9d2d0b6c054b255f,2212,0x0d8d72e9690e4c19eb563855544d847818fd5ccbf6f48e26b66216eae32f8ff9,0x8d4b2cffe2dcbbf06eaa5920401db86ca5fb8177,0x4cc19356f2d37338b9802aa8e8fc58b0373296e7,0x6819cf93aa63a930174d24c7da2fbbc9c3565456,94870481333333300000000,SelfKey,KEY,18,249,119311,50000000000,104311,7918602,deprecated,0x3e5b5e39,"addPrecommitment(address beneficiary, uint256 tokensAllocated, bool halfVesting)",20167199
4894347,1515732262,0x56bb723fc607014736815aa394724ee9cc474c3056bd47ed95cbf5abae34c9b6,2213,0x9daab95d3cef7e51b223d6a0fdbc39102218ba5a5dc4e05eb783460c717aeffa,0x8d4b2cffe2dcbbf06eaa5920401db86ca5fb8177,0x4cc19356f2d37338b9802aa8e8fc58b0373296e7,0xc3c2f45935338dde700661bfbe972ab0347b5479,281125083236955000000000,SelfKey,KEY,18,295,119311,50000000000,104311,7571853,deprecated,0x3e5b5e39,"addPrecommitment(address beneficiary, uint256 tokensAllocated, bool halfVesting)",20167196
4894350,1515732324,0xa6b50c1fd3681673b0711536f56bf62cd9c37b3e2c615ca37bb0229d756391e9,2214,0xc79570e8daee0eb6028f36f110814cf147f5ea7052fc4a5897a903b5c3d1dcc9,0x8d4b2cffe2dcbbf06eaa5920401db86ca5fb8177,0x4cc19356f2d37338b9802aa8e8fc58b0373296e7,0xa021b78d4d31e02bd35d3de5f66afa62fa41eda3,326706293333333000000000,SelfKey,KEY,18,31,119311,50000000000,104311,2331395,deprecated,0x3e5b5e39,"addPrecommitment(address beneficiary, uint256 tokensAllocated, bool halfVesting)",20167193
4894351,1515732344,0x42dbe80faccfe402ec295d1232e9d7f49806a03cd6dd1649d0bb1768a4031b0e,2215,0x6c2c7b257d16d95e77250434c2b1727467ebf8ea4be3dad2151adf60e0ba8dcb,0x8d4b2cffe2dcbbf06eaa5920401db86ca5fb8177,0x4cc19356f2d37338b9802aa8e8fc58b0373296e7,0x638c7360bf6793ba3d4e36257922927d6671f7da,502625067294948000000000,SelfKey,KEY,18,242,119311,50000000000,104311,6429588,deprecated,0x3e5b5e39,"addPrecommitment(address beneficiary, uint256 tokensAllocated, bool halfVesting)",20167192
4894354,1515732406,0xba86797ddb52159447447ef1dbb1b04a5cf6eba25a3e79de5be648d075f4e597,2216,0x2e901ba65580fe565457382bdf3f368a03b7c8af6a57ce52d575576bbea78a5e,0x8d4b2cffe2dcbbf06eaa5920401db86ca5fb8177,0x4cc19356f2d37338b9802aa8e8fc58b0373296e7,0x4320f0596c3e6d86c46ea71d538c0ab60a2eb7d0,109949233333333000000000,SelfKey,KEY,18,82,119311,50000000000,104311,2244365,deprecated,0x3e5b5e39,"addPrecommitment(address beneficiary, uint256 tokensAllocated, bool halfVesting)",20167189
4894355,1515732418,0x5aaba24415546b4cf91f4310ab5013225410164cf763f19a0c4f977b53983168,2217,0xd69f8b72b7c571e57c5044064d09e494ef060d58e495e60257ae45edb041d5cc,0x8d4b2cffe2dcbbf06eaa5920401db86ca5fb8177,0x4cc19356f2d37338b9802aa8e8fc58b0373296e7,0x07789ef45d6f4b1a4586fb9a6b6349a7b44f8754,94242200000000000000000,SelfKey,KEY,18,178,119247,50000000000,104247,7963699,deprecated,0x3e5b5e39,"addPrecommitment(address beneficiary, uint256 tokensAllocated, bool halfVesting)",20167188
4894356,1515732448,0xb179cc3d27ec1dffd029f8a15a13437c51782ba6360bc6fd4ee281ef598ed9bb,2218,0x6c4cc76fbb0ecfc9c6ce150ab10e072629adef4de7fe313aa22a83fc65fd6bc9,0x8d4b2cffe2dcbbf06eaa5920401db86ca5fb8177,0x4cc19356f2d37338b9802aa8e8fc58b0373296e7,0x03a5432e193882e85a25f5298ea43baee5269628,125656266666667000000000,SelfKey,KEY,18,207,119311,50000000000,104311,7604677,deprecated,0x3e5b5e39,"addPrecommitment(address beneficiary, uint256 tokensAllocated, bool halfVesting)",20167187
4894356,1515732448,0xedab6528fa41a4064ab45060d8934ecbe52b4e24a9b49d346230a6244f71bab5,2219,0x6c4cc76fbb0ecfc9c6ce150ab10e072629adef4de7fe313aa22a83fc65fd6bc9,0x8d4b2cffe2dcbbf06eaa5920401db86ca5fb8177,0x4cc19356f2d37338b9802aa8e8fc58b0373296e7,0x2061d900b388d476cc587833f6de86e85c493a42,125656266666667000000000,SelfKey,KEY,18,208,119247,50000000000,104247,7708924,deprecated,0x3e5b5e39,"addPrecommitment(address beneficiary, uint256 tokensAllocated, bool halfVesting)",20167187
4894356,1515732448,0x2bd3f4164087dd03de40ef0ad2b6650035b8481cd0d4be2c104bab60150bfd5e,2220,0x6c4cc76fbb0ecfc9c6ce150ab10e072629adef4de7fe313aa22a83fc65fd6bc9,0x8d4b2cffe2dcbbf06eaa5920401db86ca5fb8177,0x4cc19356f2d37338b9802aa8e8fc58b0373296e7,0x5f9f0a81913a6a2fd34cd0c11987066231edf06f,125656266666667000000000,SelfKey,KEY,18,209,119311,50000000000,104311,7813235,deprecated,0x3e5b5e39,"addPrecommitment(address beneficiary, uint256 tokensAllocated, bool halfVesting)",20167187
4894356,1515732448,0x53c6111d7ab766686486ff5889de95db79949b5daa12def28d8acec83d67ea93,2221,0x6c4cc76fbb0ecfc9c6ce150ab10e072629adef4de7fe313aa22a83fc65fd6bc9,0x8d4b2cffe2dcbbf06eaa5920401db86ca5fb8177,0x4cc19356f2d37338b9802aa8e8fc58b0373296e7,0xb8f4f2c153d887794a75bf261966377478953bd2,97321406814666700000000,SelfKey,KEY,18,210,119311,50000000000,104311,7917546,deprecated,0x3e5b5e39,"addPrecommitment(address beneficiary, uint256 tokensAllocated, bool halfVesting)",20167187
4894358,1515732488,0x7bbf00e28dab23979f742ea6a99e4ff34c658746d8942167757f62845367f5b4,2222,0xa7d7acf2e14a739962e2a807da0b4f94c3c99f884e1272f28a31ba2d896571c8,0x8d4b2cffe2dcbbf06eaa5920401db86ca5fb8177,0x4cc19356f2d37338b9802aa8e8fc58b0373296e7,0x120c1c1d875dafe3f2a54eae8fdd4b49c00f9952,100525013333333000000000,SelfKey,KEY,18,140,119311,50000000000,104311,5695237,deprecated,0x3e5b5e39,"addPrecommitment(address beneficiary, uint256 tokensAllocated, bool halfVesting)",20167185
4894359,1515732499,0x05cd44eeba0809bc4ce9217e562fdd4479089d285d00fd175bf2bfd89482f961,2223,0x71ef8a069cee068bf0ff4a3d55977b407a1249e5e0ce60201fa087056e209985,0x8d4b2cffe2dcbbf06eaa5920401db86ca5fb8177,0x4cc19356f2d37338b9802aa8e8fc58b0373296e7,0x6c12d0ce5171a6a476118f405d3fa4e33221491e,94242200000000000000000,SelfKey,KEY,18,103,119247,50000000000,104247,2663136,deprecated,0x3e5b5e39,"addPrecommitment(address beneficiary, uint256 tokensAllocated, bool halfVesting)",20167184
4894359,1515732499,0xd82986b5fd38c238e64a5d38c5e3df49e16a45d04771518a25cc8a179728b193,2224,0x71ef8a069cee068bf0ff4a3d55977b407a1249e5e0ce60201fa087056e209985,0x8d4b2cffe2dcbbf06eaa5920401db86ca5fb8177,0x4cc19356f2d37338b9802aa8e8fc58b0373296e7,0xb35a5ff901765bb037051f6138cb038ad5327aee,106807826666667000000000,SelfKey,KEY,18,197,119311,50000000000,104311,7801177,deprecated,0x3e5b5e39,"addPrecommitment(address beneficiary, uint256 tokensAllocated, bool halfVesting)",20167184
4894360,1515732504,0x09de4afd1ec4b5c1cacbdce827bd928df1e2a1d28250fc690f7daedc923dddd1,2225,0x0be8b0de6cd69bedbf70032b2af722137e1358f058915a75da8af13ff90fc1b4,0x8d4b2cffe2dcbbf06eaa5920401db86ca5fb8177,0x4cc19356f2d37338b9802aa8e8fc58b0373296e7,0xb24835d833392351ef03822daf5af3daa5bc23a4,447059865546667000000000,SelfKey,KEY,18,104,119311,50000000000,104311,2606331,deprecated,0x3e5b5e39,"addPrecommitment(address beneficiary, uint256 tokensAllocated, bool halfVesting)",20167183
4894360,1515732504,0x65617ec33497d6cd8720217288c16eb65d4cf5e0f69ec6811d009fd40d1ebb3b,2226,0x0be8b0de6cd69bedbf70032b2af722137e1358f058915a75da8af13ff90fc1b4,0x8d4b2cffe2dcbbf06eaa5920401db86ca5fb8177,0x4cc19356f2d37338b9802aa8e8fc58b0373296e7,0x217d6e1f27a8324cfe72bdf1b40914b01e98f48c,31414066666666700000000,SelfKey,KEY,18,105,119311,50000000000,104311,2710642,deprecated,0x3e5b5e39,"addPrecommitment(address beneficiary, uint256 tokensAllocated, bool halfVesting)",20167183
4894360,1515732504,0xe63c773a11d0a856cb2f57bbeb1e3aa009fdcab50ac5dd9fbd7120e9b583fa95,2227,0x0be8b0de6cd69bedbf70032b2af722137e1358f058915a75da8af13ff90fc1b4,0x8d4b2cffe2dcbbf06eaa5920401db86ca5fb8177,0x4cc19356f2d37338b9802aa8e8fc58b0373296e7,0x3bfa11782387cc66b961ec193dbed0d596a95cea,175918773333333000000000,SelfKey,KEY,18,106,119311,50000000000,104311,2814953,deprecated,0x3e5b5e39,"addPrecommitment(address beneficiary, uint256 tokensAllocated, bool halfVesting)",20167183
4894360,1515732504,0x890b01e4e9195078d9754745a1f974ca17968fb6db6e14b91bdce7798d320333,2228,0x0be8b0de6cd69bedbf70032b2af722137e1358f058915a75da8af13ff90fc1b4,0x8d4b2cffe2dcbbf06eaa5920401db86ca5fb8177,0x4cc19356f2d37338b9802aa8e8fc58b0373296e7,0x217d6e1f27a8324cfe72bdf1b40914b01e98f48c,62828133333333400000000,SelfKey,KEY,18,107,119311,50000000000,59311,2874264,deprecated,0x3e5b5e39,"addPrecommitment(address beneficiary, uint256 tokensAllocated, bool halfVesting)",20167183
4894360,1515732504,0xf2e05e2d4e3187b1f2f4b91575ec19e8a1bbf517e8c61e694d91cd52070ced8f,2229,0x0be8b0de6cd69bedbf70032b2af722137e1358f058915a75da8af13ff90fc1b4,0x8d4b2cffe2dcbbf06eaa5920401db86ca5fb8177,0x4cc19356f2d37338b9802aa8e8fc58b0373296e7,0xba9a7bf08aad49e3c46a6a9cef85ecc42b0b1cfb,314140666666667000000000,SelfKey,KEY,18,108,119311,50000000000,104311,2978575,deprecated,0x3e5b5e39,"addPrecommitment(address beneficiary, uint256 tokensAllocated, bool halfVesting)",20167183
4894360,1515732504,0xb077903a99434390e4c3570f075025685ad915e3f60dcee703bddf40d63eaa78,2230,0x0be8b0de6cd69bedbf70032b2af722137e1358f058915a75da8af13ff90fc1b4,0x8d4b2cffe2dcbbf06eaa5920401db86ca5fb8177,0x4cc19356f2d37338b9802aa8e8fc58b0373296e7,0x82933e1dca90c271331037ee1d772e18c7bb538e,942422000000000000000000,SelfKey,KEY,18,109,119247,50000000000,104247,3082822,deprecated,0x3e5b5e39,"addPrecommitment(address beneficiary, uint256 tokensAllocated, bool halfVesting)",20167183
4894360,1515732504,0x1fd5158d6183bafb564b61071a9ef9e325a80f7b8015f3f185c729e695066029,2231,0x0be8b0de6cd69bedbf70032b2af722137e1358f058915a75da8af13ff90fc1b4,0x8d4b2cffe2dcbbf06eaa5920401db86ca5fb8177,0x4cc19356f2d37338b9802aa8e8fc58b0373296e7,0x4d430062b34264c525b886ea3ae8f3538f2caacb,96755325333333300000000,SelfKey,KEY,18,110,119247,50000000000,104247,3187069,deprecated,0x3e5b5e39,"addPrecommitment(address beneficiary, uint256 tokensAllocated, bool halfVesting)",20167183
4894360,1515732504,0x29071f6f99a5d18d62320a9a7ed26088050f5b6fa6199ffe3a38ee7f7da68247,2232,0x0be8b0de6cd69bedbf70032b2af722137e1358f058915a75da8af13ff90fc1b4,0x8d4b2cffe2dcbbf06eaa5920401db86ca5fb8177,0x4cc19356f2d37338b9802aa8e8fc58b0373296e7,0x04192c4cc380860099aa2b9a77f9f86e8a76e410,94242200000000000000000,SelfKey,KEY,18,111,119183,50000000000,104183,3291252,deprecated,0x3e5b5e39,"addPrecommitment(address beneficiary, uint256 tokensAllocated, bool halfVesting)",20167183
4894360,1515732504,0xe8da618bdb6e96177d246f4b15353a3c10d782a55ae9415e224f9e6cd32ae15a,2233,0x0be8b0de6cd69bedbf70032b2af722137e1358f058915a75da8af13ff90fc1b4,0x8d4b2cffe2dcbbf06eaa5920401db86ca5fb8177,0x4cc19356f2d37338b9802aa8e8fc58b0373296e7,0x1552273dd45ed2125422cc8f91c144ef7f4de3c8,134515033466667000000000,SelfKey,KEY,18,112,119311,50000000000,104311,3395563,deprecated,0x3e5b5e39,"addPrecommitment(address beneficiary, uint256 tokensAllocated, bool halfVesting)",20167183
4894360,1515732504,0xef35c0671f9112a6a27a32494045082c942d35f12053b33f183e09bff9f0dc37,2234,0x0be8b0de6cd69bedbf70032b2af722137e1358f058915a75da8af13ff90fc1b4,0x8d4b2cffe2dcbbf06eaa5920401db86ca5fb8177,0x4cc19356f2d37338b9802aa8e8fc58b0373296e7,0xad630ca074d07e450edf015bc64cab64b76997bb,125656266666667000000000,SelfKey,KEY,18,113,119311,50000000000,104311,3499874,deprecated,0x3e5b5e39,"addPrecommitment(address beneficiary, uint256 tokensAllocated, bool halfVesting)",20167183
4894360,1515732504,0x77b0077c68b9550052a9e8d52039f6d78aaa168c39ebd1c5a6401b914332f3f4,2235,0x0be8b0de6cd69bedbf70032b2af722137e1358f058915a75da8af13ff90fc1b4,0x8d4b2cffe2dcbbf06eaa5920401db86ca5fb8177,0x4cc19356f2d37338b9802aa8e8fc58b0373296e7,0xa5d02785a3e03616a43e3d86121333293a8d91ca,106823533700000000000000,SelfKey,KEY,18,114,119311,50000000000,104311,3604185,deprecated,0x3e5b5e39,"addPrecommitment(address beneficiary, uint256 tokensAllocated, bool halfVesting)",20167183
4894360,1515732504,0x2c20293c6c651f901f312d3d384f0d60339169860aaa62c3224c84a986f694af,2236,0x0be8b0de6cd69bedbf70032b2af722137e1358f058915a75da8af13ff90fc1b4,0x8d4b2cffe2dcbbf06eaa5920401db86ca5fb8177,0x4cc19356f2d37338b9802aa8e8fc58b0373296e7,0xde4ff26cdc3513b93fa5bf8b9a5b0422097fd557,156031022812357000000000,SelfKey,KEY,18,115,119311,50000000000,104311,3708496,deprecated,0x3e5b5e39,"addPrecommitment(address beneficiary, uint256 tokensAllocated, bool halfVesting)",20167183
4894360,1515732504,0x5fa6afb064bdad06a306163a786254551650c5fd3d3d561f11cd2e60923933a9,2237,0x0be8b0de6cd69bedbf70032b2af722137e1358f058915a75da8af13ff90fc1b4,0x8d4b2cffe2dcbbf06eaa5920401db86ca5fb8177,0x4cc19356f2d37338b9802aa8e8fc58b0373296e7,0xb06eee2cafff4ad72bfb86453faf9d1c72c71077,188484400000000000000000,SelfKey,KEY,18,116,119247,50000000000,104247,3812743,deprecated,0x3e5b5e39,"addPrecommitment(address beneficiary, uint256 tokensAllocated, bool halfVesting)",20167183
4894360,1515732504,0xf513ea2af6a542d03a8cc8f5e10877c66dadfa75cc6a78681a01cb7ba355735d,2238,0x0be8b0de6cd69bedbf70032b2af722137e1358f058915a75da8af13ff90fc1b4,0x8d4b2cffe2dcbbf06eaa5920401db86ca5fb8177,0x4cc19356f2d37338b9802aa8e8fc58b0373296e7,0xf8aca8bbca097948298eb069e1728cb4f0694a7a,125656266666667000000000,SelfKey,KEY,18,117,119311,50000000000,104311,3917054,deprecated,0x3e5b5e39,"addPrecommitment(address beneficiary, uint256 tokensAllocated, bool halfVesting)",20167183
4894360,1515732504,0x5a9764fc2887aae3d3a9727f985e506f3c503d6570b984c92133af8c905679f0,2239,0x0be8b0de6cd69bedbf70032b2af722137e1358f058915a75da8af13ff90fc1b4,0x8d4b2cffe2dcbbf06eaa5920401db86ca5fb8177,0x4cc19356f2d37338b9802aa8e8fc58b0373296e7,0x55664e6a8e049e3a87094f0fb9f647652e363473,94242200000000000000000,SelfKey,KEY,18,118,119247,50000000000,104247,4021301,deprecated,0x3e5b5e39,"addPrecommitment(address beneficiary, uint256 tokensAllocated, bool halfVesting)",20167183
4894360,1515732504,0xfe8156af149ccb9bcf293993125285878be5bfbba0a3f2ef7011bd03b8dbc122,2240,0x0be8b0de6cd69bedbf70032b2af722137e1358f058915a75da8af13ff90fc1b4,0x8d4b2cffe2dcbbf06eaa5920401db86ca5fb8177,0x4cc19356f2d37338b9802aa8e8fc58b0373296e7,0xf8aca8bbca097948298eb069e1728cb4f0694a7a,62828133333333400000000,SelfKey,KEY,18,119,119311,50000000000,59311,4080612,deprecated,0x3e5b5e39,"addPrecommitment(address beneficiary, uint256 tokensAllocated, bool halfVesting)",20167183
4894360,1515732504,0x93cc122d861ab83913fa93615f62176db422cbf1c151b7dc9ce405f57c59bd22,2241,0x0be8b0de6cd69bedbf70032b2af722137e1358f058915a75da8af13ff90fc1b4,0x8d4b2cffe2dcbbf06eaa5920401db86ca5fb8177,0x4cc19356f2d37338b9802aa8e8fc58b0373296e7,0x6276740e8df7147c49b510fc486d4551377e74ae,94242200000000000000000,SelfKey,KEY,18,120,119247,50000000000,104247,4184859,deprecated,0x3e5b5e39,"addPrecommitment(address beneficiary, uint256 tokensAllocated, bool halfVesting)",20167183
4894360,1515732504,0x66ddefbb79a37565af31f62ab1dcc90bf080d28818435660bf53010a6ab9f327,2242,0x0be8b0de6cd69bedbf70032b2af722137e1358f058915a75da8af13ff90fc1b4,0x8d4b2cffe2dcbbf06eaa5920401db86ca5fb8177,0x4cc19356f2d37338b9802aa8e8fc58b0373296e7,0x361d5c025110f676080298c0696bb7d9b7fc1286,100525013333333000000000,SelfKey,KEY,18,121,119311,50000000000,104311,4289170,deprecated,0x3e5b5e39,"addPrecommitment(address beneficiary, uint256 tokensAllocated, bool halfVesting)",20167183
4894360,1515732504,0xbb7b294e70ff2bfbecc18ce9f939d970e601ef2b1e5fab83d29fb95cc6ba61ef,2243,0x0be8b0de6cd69bedbf70032b2af722137e1358f058915a75da8af13ff90fc1b4,0x8d4b2cffe2dcbbf06eaa5920401db86ca5fb8177,0x4cc19356f2d37338b9802aa8e8fc58b0373296e7,0x361d5c025110f676080298c0696bb7d9b7fc1286,7539376000000000000000,SelfKey,KEY,18,122,119247,50000000000,59247,4348417,deprecated,0x3e5b5e39,"addPrecommitment(address beneficiary, uint256 tokensAllocated, bool halfVesting)",20167183
4894360,1515732504,0x581e55b2fc25d7130382b1eb81aa61111972fe44b4028d5b208b851584f5c9ec,2244,0x0be8b0de6cd69bedbf70032b2af722137e1358f058915a75da8af13ff90fc1b4,0x8d4b2cffe2dcbbf06eaa5920401db86ca5fb8177,0x4cc19356f2d37338b9802aa8e8fc58b0373296e7,0x1d225e09b5b1a6a6b13dfe0f3166c884cf1851b7,94242200000000000000000,SelfKey,KEY,18,123,119247,50000000000,104247,4452664,deprecated,0x3e5b5e39,"addPrecommitment(address beneficiary, uint256 tokensAllocated, bool halfVesting)",20167183
4894360,1515732504,0xe34400d6a609954420bac9f2d08dacfcec9cc1f619c46b8160cc8d65c3261e69,2245,0x0be8b0de6cd69bedbf70032b2af722137e1358f058915a75da8af13ff90fc1b4,0x8d4b2cffe2dcbbf06eaa5920401db86ca5fb8177,0x4cc19356f2d37338b9802aa8e8fc58b0373296e7,0xb36a9493606713b9d2c9e7c695a15fdf9cdae728,157017557701333000000000,SelfKey,KEY,18,124,119311,50000000000,104311,4556975,deprecated,0x3e5b5e39,"addPrecommitment(address beneficiary, uint256 tokensAllocated, bool halfVesting)",20167183
4894360,1515732504,0xb603c2ec002b8cbe05ccd7acbcbf2b248e8677b3ce450b1f407ee3cce93b7883,2246,0x0be8b0de6cd69bedbf70032b2af722137e1358f058915a75da8af13ff90fc1b4,0x8d4b2cffe2dcbbf06eaa5920401db86ca5fb8177,0x4cc19356f2d37338b9802aa8e8fc58b0373296e7,0x9f0e4cb69b49747641a1401b96090fbc62d52dc2,94870481333333300000000,SelfKey,KEY,18,125,119311,50000000000,104311,4661286,deprecated,0x3e5b5e39,"addPrecommitment(address beneficiary, uint256 tokensAllocated, bool halfVesting)",20167183
4894360,1515732504,0x11140af44f67e490064d55dd57d3a8dc9dc6d68de8a07751b7c0d942c129ac16,2247,0x0be8b0de6cd69bedbf70032b2af722137e1358f058915a75da8af13ff90fc1b4,0x8d4b2cffe2dcbbf06eaa5920401db86ca5fb8177,0x4cc19356f2d37338b9802aa8e8fc58b0373296e7,0xf125db56ac1d89cfba21badc82b882a99f7b7f11,94242200000000000000000,SelfKey,KEY,18,126,119247,50000000000,104247,4765533,deprecated,0x3e5b5e39,"addPrecommitment(address beneficiary, uint256 tokensAllocated, bool halfVesting)",20167183
4894360,1515732504,0x1e9f75136124b2660a7bc5fad167ea6cfe5b7777c2108fb52bd701eb6efbbd64,2248,0x0be8b0de6cd69bedbf70032b2af722137e1358f058915a75da8af13ff90fc1b4,0x8d4b2cffe2dcbbf06eaa5920401db86ca5fb8177,0x4cc19356f2d37338b9802aa8e8fc58b0373296e7,0x4b1826914fc545b3cfd44beeb164f2a7ffb3bd22,250552312920000000000000,SelfKey,KEY,18,127,119311,50000000000,104311,4869844,deprecated,0x3e5b5e39,"addPrecommitment(address beneficiary, uint256 tokensAllocated, bool halfVesting)",20167183
4894360,1515732504,0xb773859fa29a433dd06ded5690a18fec492692a7c306cd54ca277735d7b1e60d,2249,0x0be8b0de6cd69bedbf70032b2af722137e1358f058915a75da8af13ff90fc1b4,0x8d4b2cffe2dcbbf06eaa5920401db86ca5fb8177,0x4cc19356f2d37338b9802aa8e8fc58b0373296e7,0x881e0a267dd8ffa68f540d83da58109b4de96f3b,143373800266667000000000,SelfKey,KEY,18,128,119311,50000000000,104311,4974155,deprecated,0x3e5b5e39,"addPrecommitment(address beneficiary, uint256 tokensAllocated, bool halfVesting)",20167183
4894360,1515732504,0x37103dc9b3bb43674a37ba72ced6a073ba174d6224cf7c13aed010739b1e5bc2,2250,0x0be8b0de6cd69bedbf70032b2af722137e1358f058915a75da8af13ff90fc1b4,0x8d4b2cffe2dcbbf06eaa5920401db86ca5fb8177,0x4cc19356f2d37338b9802aa8e8fc58b0373296e7,0x11acd91041897f0127be296bb737f1a93a40f0f3,96755325333333300000000,SelfKey,KEY,18,129,119311,50000000000,104311,5078466,deprecated,0x3e5b5e39,"addPrecommitment(address beneficiary, uint256 tokensAllocated, bool halfVesting)",20167183
4894360,1515732504,0x4def896f5a9b3dbebd437958648cde90b9d38d55e273b934ab0f8a9642e059b3,2251,0x0be8b0de6cd69bedbf70032b2af722137e1358f058915a75da8af13ff90fc1b4,0x8d4b2cffe2dcbbf06eaa5920401db86ca5fb8177,0x4cc19356f2d37338b9802aa8e8fc58b0373296e7,0xb61115d73817e758580ae72991f8725fe4a1dc96,106807826666667000000000,SelfKey,KEY,18,130,119311,50000000000,104311,5182777,deprecated,0x3e5b5e39,"addPrecommitment(address beneficiary, uint256 tokensAllocated, bool halfVesting)",20167183
4894360,1515732504,0x40675a8380fb9380bd7290fbb732444a87f6358234be57ff75f4f93100143950,2252,0x0be8b0de6cd69bedbf70032b2af722137e1358f058915a75da8af13ff90fc1b4,0x8d4b2cffe2dcbbf06eaa5920401db86ca5fb8177,0x4cc19356f2d37338b9802aa8e8fc58b0373296e7,0xa8be9954fe1d65a2d9eedeede9f31f737b6452b7,125656266666667000000000,SelfKey,KEY,18,131,119311,50000000000,104311,5287088,deprecated,0x3e5b5e39,"addPrecommitment(address beneficiary, uint256 tokensAllocated, bool halfVesting)",20167183
4894360,1515732504,0x02d8d1a351ed3eaf117c6be4ce20b08e33d55cddff8f3baa5835bc3f0bc16709,2253,0x0be8b0de6cd69bedbf70032b2af722137e1358f058915a75da8af13ff90fc1b4,0x8d4b2cffe2dcbbf06eaa5920401db86ca5fb8177,0x4cc19356f2d37338b9802aa8e8fc58b0373296e7,0xcdfad94442c92be74f0f33f7e8ab696d83e9edff,94242200000000000000000,SelfKey,KEY,18,132,119247,50000000000,104247,5391335,deprecated,0x3e5b5e39,"addPrecommitment(address beneficiary, uint256 tokensAllocated, bool halfVesting)",20167183
4894360,1515732504,0x8bc48ac7b319fba6f5361c73956642ab9908258dbe8068a869752434f3d6dba8,2254,0x0be8b0de6cd69bedbf70032b2af722137e1358f058915a75da8af13ff90fc1b4,0x8d4b2cffe2dcbbf06eaa5920401db86ca5fb8177,0x4cc19356f2d37338b9802aa8e8fc58b0373296e7,0xade8056fb34b20fc8e020ed55ecc8a90e013a797,94242200000000000000000,SelfKey,KEY,18,133,119247,50000000000,104247,5495582,deprecated,0x3e5b5e39,"addPrecommitment(address beneficiary, uint256 tokensAllocated, bool halfVesting)",20167183
4894360,1515732504,0xa2a67aa593436afeb30885b33fb0b641d5882f89d24956c0a2dd5359d3e8d620,2255,0x0be8b0de6cd69bedbf70032b2af722137e1358f058915a75da8af13ff90fc1b4,0x8d4b2cffe2dcbbf06eaa5920401db86ca5fb8177,0x4cc19356f2d37338b9802aa8e8fc58b0373296e7,0xe2ee99434068bccae254c1d23f7be95783d39004,691109466666667000000000,SelfKey,KEY,18,134,119311,50000000000,104311,5599893,deprecated,0x3e5b5e39,"addPrecommitment(address beneficiary, uint256 tokensAllocated, bool halfVesting)",20167183
4894360,1515732504,0x9dbd271d6ea81dd3b45638fd01eb751637743d36d0e989fd753bae279e358225,2256,0x0be8b0de6cd69bedbf70032b2af722137e1358f058915a75da8af13ff90fc1b4,0x8d4b2cffe2dcbbf06eaa5920401db86ca5fb8177,0x4cc19356f2d37338b9802aa8e8fc58b0373296e7,0x6a3be92596b8fa046a0c5b0d9c10995b4d91cc35,25131253333333300000000,SelfKey,KEY,18,135,119311,50000000000,59311,5659204,deprecated,0x3e5b5e39,"addPrecommitment(address beneficiary, uint256 tokensAllocated, bool halfVesting)",20167183
4894360,1515732504,0x4ec090a01edbce24d9c7dbdee4a3e235b1505dc55e0cbe732e1e829a69018ebc,2257,0x0be8b0de6cd69bedbf70032b2af722137e1358f058915a75da8af13ff90fc1b4,0x8d4b2cffe2dcbbf06eaa5920401db86ca5fb8177,0x4cc19356f2d37338b9802aa8e8fc58b0373296e7,0x8fac3216296ee8d667833bb0130821d399e5a990,94870481333333300000000,SelfKey,KEY,18,136,119311,50000000000,104311,5763515,deprecated,0x3e5b5e39,"addPrecommitment(address beneficiary, uint256 tokensAllocated, bool halfVesting)",20167183
4894360,1515732504,0x9d1072cdd52940c5fb8338fc1a3bc206cae146404a7b2ee41fd96f120f94a28c,2258,0x0be8b0de6cd69bedbf70032b2af722137e1358f058915a75da8af13ff90fc1b4,0x8d4b2cffe2dcbbf06eaa5920401db86ca5fb8177,0x4cc19356f2d37338b9802aa8e8fc58b0373296e7,0x5ebfc4fa4a24040443d1de2bd8f02938a73d697f,125656266666667000000000,SelfKey,KEY,18,137,119311,50000000000,104311,5867826,deprecated,0x3e5b5e39,"addPrecommitment(address beneficiary, uint256 tokensAllocated, bool halfVesting)",20167183
4894360,1515732504,0xd30bab6b7ece50e87221148333243d108f2a14c8516e36c9a0127c360564385d,2259,0x0be8b0de6cd69bedbf70032b2af722137e1358f058915a75da8af13ff90fc1b4,0x8d4b2cffe2dcbbf06eaa5920401db86ca5fb8177,0x4cc19356f2d37338b9802aa8e8fc58b0373296e7,0x93c8cbee2abdd57c91adabe211337c8bc152a2af,100525013333333000000000,SelfKey,KEY,18,138,119311,50000000000,104311,5972137,deprecated,0x3e5b5e39,"addPrecommitment(address beneficiary, uint256 tokensAllocated, bool halfVesting)",20167183
4894360,1515732504,0xd9c957b1f7b0a504ae3014c1b2906e3ca38d4ad9db91e62b5e96402cc3648030,2260,0x0be8b0de6cd69bedbf70032b2af722137e1358f058915a75da8af13ff90fc1b4,0x8d4b2cffe2dcbbf06eaa5920401db86ca5fb8177,0x4cc19356f2d37338b9802aa8e8fc58b0373296e7,0xfb8d95e1582644f2ed94b63efc927e1e98f05bb5,94242200000000000000000,SelfKey,KEY,18,139,119247,50000000000,104247,6076384,deprecated,0x3e5b5e39,"addPrecommitment(address beneficiary, uint256 tokensAllocated, bool halfVesting)",20167183
4894360,1515732504,0xc4474a2bb2c910b7c7564a8bac5c65e06a15c36d359dd555111555d529907697,2261,0x0be8b0de6cd69bedbf70032b2af722137e1358f058915a75da8af13ff90fc1b4,0x8d4b2cffe2dcbbf06eaa5920401db86ca5fb8177,0x4cc19356f2d37338b9802aa8e8fc58b0373296e7,0xf009c0bc9e2e8e756e6252372bdbec1c51737026,94242200000000000000000,SelfKey,KEY,18,140,119247,50000000000,104247,6180631,deprecated,0x3e5b5e39,"addPrecommitment(address beneficiary, uint256 tokensAllocated, bool halfVesting)",20167183
4894360,1515732504,0x19ce84ab9e9a2571ffcb01fad2c86a4fb8e53268d917b6ca424892f262563bc3,2262,0x0be8b0de6cd69bedbf70032b2af722137e1358f058915a75da8af13ff90fc1b4,0x8d4b2cffe2dcbbf06eaa5920401db86ca5fb8177,0x4cc19356f2d37338b9802aa8e8fc58b0373296e7,0xf95d25595383b3e0dc244f1f0af2c5e19e276a19,94242200000000000000000,SelfKey,KEY,18,141,119247,50000000000,104247,6284878,deprecated,0x3e5b5e39,"addPrecommitment(address beneficiary, uint256 tokensAllocated, bool halfVesting)",20167183
4894360,1515732504,0x4a2e26344ae0821ee18e089988648961379b8a016ec5ad4e17642284945adb88,2263,0x0be8b0de6cd69bedbf70032b2af722137e1358f058915a75da8af13ff90fc1b4,0x8d4b2cffe2dcbbf06eaa5920401db86ca5fb8177,0x4cc19356f2d37338b9802aa8e8fc58b0373296e7,0xa6577b6e5b514b0bac2a6140476089ea4f10289c,131939080000000000000000,SelfKey,KEY,18,142,119247,50000000000,104247,6389125,deprecated,0x3e5b5e39,"addPrecommitment(address beneficiary, uint256 tokensAllocated, bool halfVesting)",20167183
4894360,1515732504,0xf7e35318acaac8efa5fbbfdb5aea9872637e0802a07057427f84ea4040071230,2264,0x0be8b0de6cd69bedbf70032b2af722137e1358f058915a75da8af13ff90fc1b4,0x8d4b2cffe2dcbbf06eaa5920401db86ca5fb8177,0x4cc19356f2d37338b9802aa8e8fc58b0373296e7,0xe6f00f1cd740b9e965f8e8215f9b5ddc86e3b2f9,376968800000000000000000,SelfKey,KEY,18,143,119247,50000000000,104247,6493372,deprecated,0x3e5b5e39,"addPrecommitment(address beneficiary, uint256 tokensAllocated, bool halfVesting)",20167183
4894360,1515732504,0x996b908d087c09860889c8c2ff57f363ad816c3c205dbb59d5fe509aca512d54,2265,0x0be8b0de6cd69bedbf70032b2af722137e1358f058915a75da8af13ff90fc1b4,0x8d4b2cffe2dcbbf06eaa5920401db86ca5fb8177,0x4cc19356f2d37338b9802aa8e8fc58b0373296e7,0x8bb91542597fd0371b892fa16d22a1b853dca8f0,94242200000000000000000,SelfKey,KEY,18,144,119247,50000000000,104247,6597619,deprecated,0x3e5b5e39,"addPrecommitment(address beneficiary, uint256 tokensAllocated, bool halfVesting)",20167183
4894360,1515732504,0x60faed6f8469228f4f0e49cdfa4698031709d592ba2ce3864acb87b36492bbe7,2266,0x0be8b0de6cd69bedbf70032b2af722137e1358f058915a75da8af13ff90fc1b4,0x8d4b2cffe2dcbbf06eaa5920401db86ca5fb8177,0x4cc19356f2d37338b9802aa8e8fc58b0373296e7,0x7d6ea7f226054e5c0b762ffdd827c27ee70aac50,94242200000000000000000,SelfKey,KEY,18,145,119247,50000000000,104247,6701866,deprecated,0x3e5b5e39,"addPrecommitment(address beneficiary, uint256 tokensAllocated, bool halfVesting)",20167183
4894360,1515732504,0x9503b22149c76e672ed21abd48f99a53c44c363d0606227a589c5c7eadf06527,2267,0x0be8b0de6cd69bedbf70032b2af722137e1358f058915a75da8af13ff90fc1b4,0x8d4b2cffe2dcbbf06eaa5920401db86ca5fb8177,0x4cc19356f2d37338b9802aa8e8fc58b0373296e7,0xc2b13de534603b8a6073efa5f5fdd66dddecd60e,108099376498771000000000,SelfKey,KEY,18,146,119311,50000000000,104311,6806177,deprecated,0x3e5b5e39,"addPrecommitment(address beneficiary, uint256 tokensAllocated, bool halfVesting)",20167183
4894360,1515732504,0x7c099ea0a5cf301fe1606435e78e57d6a68172cc22b8028f36e8d61a7652f8fe,2268,0x0be8b0de6cd69bedbf70032b2af722137e1358f058915a75da8af13ff90fc1b4,0x8d4b2cffe2dcbbf06eaa5920401db86ca5fb8177,0x4cc19356f2d37338b9802aa8e8fc58b0373296e7,0xe2ee99434068bccae254c1d23f7be95783d39004,565453200000000000000000,SelfKey,KEY,18,147,119247,50000000000,59247,6865424,deprecated,0x3e5b5e39,"addPrecommitment(address beneficiary, uint256 tokensAllocated, bool halfVesting)",20167183
4894360,1515732504,0xc98eb21851d7d6f63736e343c3b720d28f95bcda4d96894380892a8d4ebc66c5,2269,0x0be8b0de6cd69bedbf70032b2af722137e1358f058915a75da8af13ff90fc1b4,0x8d4b2cffe2dcbbf06eaa5920401db86ca5fb8177,0x4cc19356f2d37338b9802aa8e8fc58b0373296e7,0x38814da91eb36026ecdbaa1c9a3c54e54a7b3e85,157070333333333000000000,SelfKey,KEY,18,148,119311,50000000000,104311,6969735,deprecated,0x3e5b5e39,"addPrecommitment(address beneficiary, uint256 tokensAllocated, bool halfVesting)",20167183
4894360,1515732504,0xf072944ae49471784050f63ddb5ee7fde50ef0b09327387e530704299b172021,2270,0x0be8b0de6cd69bedbf70032b2af722137e1358f058915a75da8af13ff90fc1b4,0x8d4b2cffe2dcbbf06eaa5920401db86ca5fb8177,0x4cc19356f2d37338b9802aa8e8fc58b0373296e7,0xa7f49865d22fd27fa682c1cc1b1490f2e0c564ad,94242200000000000000000,SelfKey,KEY,18,149,119247,50000000000,104247,7073982,deprecated,0x3e5b5e39,"addPrecommitment(address beneficiary, uint256 tokensAllocated, bool halfVesting)",20167183
4894360,1515732504,0x51a8d2eff57474274906f3903b6c57417a41646c11231dbd4ce63611a94fa7af,2271,0x0be8b0de6cd69bedbf70032b2af722137e1358f058915a75da8af13ff90fc1b4,0x8d4b2cffe2dcbbf06eaa5920401db86ca5fb8177,0x4cc19356f2d37338b9802aa8e8fc58b0373296e7,0x1c6ce03b71fc3501aaae7f043a120266dba61a88,125656266666667000000000,SelfKey,KEY,18,150,119311,50000000000,104311,7178293,deprecated,0x3e5b5e39,"addPrecommitment(address beneficiary, uint256 tokensAllocated, bool halfVesting)",20167183
4894360,1515732504,0x7b0148bef9663ad652f9883ec8823e863cc6a3f10687a6bf4ef70b796a8764ba,2272,0x0be8b0de6cd69bedbf70032b2af722137e1358f058915a75da8af13ff90fc1b4,0x8d4b2cffe2dcbbf06eaa5920401db86ca5fb8177,0x4cc19356f2d37338b9802aa8e8fc58b0373296e7,0x3db3326d3a5d21691cbbd9e6fcdbd40a57920935,784874926972538000000000,SelfKey,KEY,18,151,119311,50000000000,104311,7282604,deprecated,0x3e5b5e39,"addPrecommitment(address beneficiary, uint256 tokensAllocated, bool halfVesting)",20167183
4894360,1515732504,0x88450bef444ba199dec7936e3e9e3392cade2a82653224ede3489d4a0617ab40,2273,0x0be8b0de6cd69bedbf70032b2af722137e1358f058915a75da8af13ff90fc1b4,0x8d4b2cffe2dcbbf06eaa5920401db86ca5fb8177,0x4cc19356f2d37338b9802aa8e8fc58b0373296e7,0xcad11ad335fa2b1ef2f6bf453c997e68d2df00e2,188484400000000000000000,SelfKey,KEY,18,152,119183,50000000000,104183,7386787,deprecated,0x3e5b5e39,"addPrecommitment(address beneficiary, uint256 tokensAllocated, bool halfVesting)",20167183
4894360,1515732504,0xa372828cdf913142c644907c393dcfae9634ac5cc631927c1f4af23cf533e551,2274,0x0be8b0de6cd69bedbf70032b2af722137e1358f058915a75da8af13ff90fc1b4,0x8d4b2cffe2dcbbf06eaa5920401db86ca5fb8177,0x4cc19356f2d37338b9802aa8e8fc58b0373296e7,0x98e0ef052abb3e811f1a2d7b432df067c4974dbd,62828133333333400000000,SelfKey,KEY,18,153,119311,50000000000,104311,7491098,deprecated,0x3e5b5e39,"addPrecommitment(address beneficiary, uint256 tokensAllocated, bool halfVesting)",20167183
4894360,1515732504,0xed0fef178115506d2c1866a7de9241a99dfaefff374b24be4b9ffc7ab2772284,2275,0x0be8b0de6cd69bedbf70032b2af722137e1358f058915a75da8af13ff90fc1b4,0x8d4b2cffe2dcbbf06eaa5920401db86ca5fb8177,0x4cc19356f2d37338b9802aa8e8fc58b0373296e7,0xd8b8143f8f281a83f963e9c67f21b5adaa497b02,113090640000000000000000,SelfKey,KEY,18,154,119247,50000000000,104247,7595345,deprecated,0x3e5b5e39,"addPrecommitment(address beneficiary, uint256 tokensAllocated, bool halfVesting)",20167183
4894360,1515732504,0x3d06e0673599c2de9e9874b95d9a6301b73a36c5a32449e320a188e0a1cf61b3,2276,0x0be8b0de6cd69bedbf70032b2af722137e1358f058915a75da8af13ff90fc1b4,0x8d4b2cffe2dcbbf06eaa5920401db86ca5fb8177,0x4cc19356f2d37338b9802aa8e8fc58b0373296e7,0x905a280f92bfbeb8af625ce4a8abcf743525cd3d,113090640000000000000000,SelfKey,KEY,18,155,119247,50000000000,104247,7699592,deprecated,0x3e5b5e39,"addPrecommitment(address beneficiary, uint256 tokensAllocated, bool halfVesting)",20167183
4894360,1515732504,0xe0d7c677644e6697303290763ef4b55ed7575581beeb797c2a3d6e14b1d8e463,2277,0x0be8b0de6cd69bedbf70032b2af722137e1358f058915a75da8af13ff90fc1b4,0x8d4b2cffe2dcbbf06eaa5920401db86ca5fb8177,0x4cc19356f2d37338b9802aa8e8fc58b0373296e7,0x1c51593463891b4f7d112a2a1ddfcd1ea75a3b7d,314140666666667000000000,SelfKey,KEY,18,156,119311,50000000000,104311,7803903,deprecated,0x3e5b5e39,"addPrecommitment(address beneficiary, uint256 tokensAllocated, bool halfVesting)",20167183
4894360,1515732504,0x376a0d64e52c241f82634b130433066749f4590a753ffab67d309126fc0f5a08,2278,0x0be8b0de6cd69bedbf70032b2af722137e1358f058915a75da8af13ff90fc1b4,0x8d4b2cffe2dcbbf06eaa5920401db86ca5fb8177,0x4cc19356f2d37338b9802aa8e8fc58b0373296e7,0xb7030ecf0ef6a1a7bd0adab698fe4af01a0be41b,188484400000000000000000,SelfKey,KEY,18,157,119247,50000000000,104247,7908150,deprecated,0x3e5b5e39,"addPrecommitment(address beneficiary, uint256 tokensAllocated, bool halfVesting)",20167183
4894362,1515732519,0xa980815c51e1dc175fa76b12c9fe5801467301bda057c71166a77d6a4cc254b0,2279,0x0f4d08a7122d749c235e87f32748a9e26d982f55edaeb03d008192761e87d2a7,0x8d4b2cffe2dcbbf06eaa5920401db86ca5fb8177,0x4cc19356f2d37338b9802aa8e8fc58b0373296e7,0xc577a5b8408909be2797b21adbf694762e75c0b1,188484400000000000000000,SelfKey,KEY,18,107,119247,50000000000,104247,3037210,deprecated,0x3e5b5e39,"addPrecommitment(address beneficiary, uint256 tokensAllocated, bool halfVesting)",20167181
4894362,1515732519,0xf0fbd7715c454d25f8d9d782e9b2a630c8748de36480386622e86193a35c9f09,2280,0x0f4d08a7122d749c235e87f32748a9e26d982f55edaeb03d008192761e87d2a7,0x8d4b2cffe2dcbbf06eaa5920401db86ca5fb8177,0x4cc19356f2d37338b9802aa8e8fc58b0373296e7,0x646904c5dfad32392ed4cbb60c77c0ac3816756c,146389550666667000000000,SelfKey,KEY,18,108,119311,50000000000,104311,3141521,deprecated,0x3e5b5e39,"addPrecommitment(address beneficiary, uint256 tokensAllocated, bool halfVesting)",20167181
4894362,1515732519,0xca214be880b58124b0fc0f423fb7f873ab619a90384955506d84f094d08170eb,2281,0x0f4d08a7122d749c235e87f32748a9e26d982f55edaeb03d008192761e87d2a7,0x8d4b2cffe2dcbbf06eaa5920401db86ca5fb8177,0x4cc19356f2d37338b9802aa8e8fc58b0373296e7,0xd1137653145c48ccfb5c662e51ecad63c0d642d3,188484400000000000000000,SelfKey,KEY,18,109,119247,50000000000,104247,3245768,deprecated,0x3e5b5e39,"addPrecommitment(address beneficiary, uint256 tokensAllocated, bool halfVesting)",20167181
4894362,1515732519,0x1984fa37ecc65124db4e1651daacb56fa296a11a2bbcc3d4fda34e1bf0a371ee,2282,0x0f4d08a7122d749c235e87f32748a9e26d982f55edaeb03d008192761e87d2a7,0x8d4b2cffe2dcbbf06eaa5920401db86ca5fb8177,0x4cc19356f2d37338b9802aa8e8fc58b0373296e7,0xed932c018a83921e1cd21c084d6664859910f813,471250581724000000000000,SelfKey,KEY,18,110,119311,50000000000,104311,3350079,deprecated,0x3e5b5e39,"addPrecommitment(address beneficiary, uint256 tokensAllocated, bool halfVesting)",20167181
4894362,1515732519,0x90efb88c57ec9d13a7c803e052fce6c196c79ede4ed912bd3489d6869a8f525e,2283,0x0f4d08a7122d749c235e87f32748a9e26d982f55edaeb03d008192761e87d2a7,0x8d4b2cffe2dcbbf06eaa5920401db86ca5fb8177,0x4cc19356f2d37338b9802aa8e8fc58b0373296e7,0xb8eb6c5d0fce67bff211eb8e95c9d92a95899eba,94242200000000000000000,SelfKey,KEY,18,111,119247,50000000000,104247,3454326,deprecated,0x3e5b5e39,"addPrecommitment(address beneficiary, uint256 tokensAllocated, bool halfVesting)",20167181
4894362,1515732519,0x253da33e039d1fba1757a23c524306713bc4a7cacd4d4f884227fbc19d23d6bb,2284,0x0f4d08a7122d749c235e87f32748a9e26d982f55edaeb03d008192761e87d2a7,0x8d4b2cffe2dcbbf06eaa5920401db86ca5fb8177,0x4cc19356f2d37338b9802aa8e8fc58b0373296e7,0x394849e45b7e648fa51e36fb3202fdad54e8666b,106807826666667000000000,SelfKey,KEY,18,112,119311,50000000000,104311,3558637,deprecated,0x3e5b5e39,"addPrecommitment(address beneficiary, uint256 tokensAllocated, bool halfVesting)",20167181
4894362,1515732519,0xc26b841f58195708bcac184e167c0547f92de99cf970a372164828c1531ac789,2285,0x0f4d08a7122d749c235e87f32748a9e26d982f55edaeb03d008192761e87d2a7,0x8d4b2cffe2dcbbf06eaa5920401db86ca5fb8177,0x4cc19356f2d37338b9802aa8e8fc58b0373296e7,0x94a7e50eee00de3656cd2b1875c426b3dbec4d00,125656266666667000000000,SelfKey,KEY,18,113,119183,50000000000,104183,3662820,deprecated,0x3e5b5e39,"addPrecommitment(address beneficiary, uint256 tokensAllocated, bool halfVesting)",20167181
4894362,1515732519,0x4ac9f07d27450641f054ddf8cdcd37319f95c24d52c51e65531c80da2702174c,2286,0x0f4d08a7122d749c235e87f32748a9e26d982f55edaeb03d008192761e87d2a7,0x8d4b2cffe2dcbbf06eaa5920401db86ca5fb8177,0x4cc19356f2d37338b9802aa8e8fc58b0373296e7,0xfa205864d1b8bb914a46e1b6a19c851066a2871b,94870481333333300000000,SelfKey,KEY,18,114,119311,50000000000,104311,3767131,deprecated,0x3e5b5e39,"addPrecommitment(address beneficiary, uint256 tokensAllocated, bool halfVesting)",20167181
4894362,1515732519,0xa616777879ed69157da5d8d4f90de8afa7c6471746c4a71ba441de07d6915c79,2287,0x0f4d08a7122d749c235e87f32748a9e26d982f55edaeb03d008192761e87d2a7,0x8d4b2cffe2dcbbf06eaa5920401db86ca5fb8177,0x4cc19356f2d37338b9802aa8e8fc58b0373296e7,0x0c44db0dd77a8b75a78fc3425d22e8fada28b359,251312533333333000000000,SelfKey,KEY,18,115,119311,50000000000,104311,3871442,deprecated,0x3e5b5e39,"addPrecommitment(address beneficiary, uint256 tokensAllocated, bool halfVesting)",20167181
4894362,1515732519,0x716988aa004a17ab21a35eef877d3557dd459ee8a939a5eb08cee7e297176da0,2288,0x0f4d08a7122d749c235e87f32748a9e26d982f55edaeb03d008192761e87d2a7,0x8d4b2cffe2dcbbf06eaa5920401db86ca5fb8177,0x4cc19356f2d37338b9802aa8e8fc58b0373296e7,0x0eaa6484208c6cb7b3df37ea50d75beb7d6c54a1,314140666666667000000000,SelfKey,KEY,18,116,119311,50000000000,104311,3975753,deprecated,0x3e5b5e39,"addPrecommitment(address beneficiary, uint256 tokensAllocated, bool halfVesting)",20167181
4894362,1515732519,0x3af9f2aface5b03b0a6d24b0e9b1f9b0a9e865d18cad16296d35681889b029ff,2289,0x0f4d08a7122d749c235e87f32748a9e26d982f55edaeb03d008192761e87d2a7,0x8d4b2cffe2dcbbf06eaa5920401db86ca5fb8177,0x4cc19356f2d37338b9802aa8e8fc58b0373296e7,0xc42f41db9a32105ef8560f9b76955cae636f31ac,251312533333333000000000,SelfKey,KEY,18,117,119311,50000000000,104311,4080064,deprecated,0x3e5b5e39,"addPrecommitment(address beneficiary, uint256 tokensAllocated, bool halfVesting)",20167181
4894362,1515732519,0xa090f5052d284143cfe8bc8e4b9adb293dd557931ace3c71daa32ad46522c708,2290,0x0f4d08a7122d749c235e87f32748a9e26d982f55edaeb03d008192761e87d2a7,0x8d4b2cffe2dcbbf06eaa5920401db86ca5fb8177,0x4cc19356f2d37338b9802aa8e8fc58b0373296e7,0x710ef331e57c182e93d2d85f8967833edab5c2b5,180721982870104000000000,SelfKey,KEY,18,118,119311,50000000000,104311,4184375,deprecated,0x3e5b5e39,"addPrecommitment(address beneficiary, uint256 tokensAllocated, bool halfVesting)",20167181
4894362,1515732519,0x8a31a2f968d46cfa7c3a4c9afb4340cae2e02f35b74535ffa964eb5b33ab8bda,2291,0x0f4d08a7122d749c235e87f32748a9e26d982f55edaeb03d008192761e87d2a7,0x8d4b2cffe2dcbbf06eaa5920401db86ca5fb8177,0x4cc19356f2d37338b9802aa8e8fc58b0373296e7,0xeb65cbfca6751b2c4bdb39839ce27e428f3dd67b,94242200000000000000000,SelfKey,KEY,18,119,119247,50000000000,104247,4288622,deprecated,0x3e5b5e39,"addPrecommitment(address beneficiary, uint256 tokensAllocated, bool halfVesting)",20167181
4894362,1515732519,0x4104bbbfa37fbd7ba741c86a74c21bc3df4cf4c65a70bb74f566e23ee9f45352,2292,0x0f4d08a7122d749c235e87f32748a9e26d982f55edaeb03d008192761e87d2a7,0x8d4b2cffe2dcbbf06eaa5920401db86ca5fb8177,0x4cc19356f2d37338b9802aa8e8fc58b0373296e7,0x5f2eafc4f450f18562782c9ead88ee2eda43c761,138221893333333000000000,SelfKey,KEY,18,120,119311,50000000000,104311,4392933,deprecated,0x3e5b5e39,"addPrecommitment(address beneficiary, uint256 tokensAllocated, bool halfVesting)",20167181
4894362,1515732519,0xcedb5822be7e3053d78392d6eae119ec0946372d8218060210242cb6e0b0a472,2293,0x0f4d08a7122d749c235e87f32748a9e26d982f55edaeb03d008192761e87d2a7,0x8d4b2cffe2dcbbf06eaa5920401db86ca5fb8177,0x4cc19356f2d37338b9802aa8e8fc58b0373296e7,0x6f2b507e50770143e1e14822734a6412987a0892,679172121333334000000000,SelfKey,KEY,18,121,119311,50000000000,104311,4497244,deprecated,0x3e5b5e39,"addPrecommitment(address beneficiary, uint256 tokensAllocated, bool halfVesting)",20167181
4894362,1515732519,0xf8900c4d38f58e06115da0e3f5766b3438f387da17c4feffe0df39b5e9d93eec,2294,0x0f4d08a7122d749c235e87f32748a9e26d982f55edaeb03d008192761e87d2a7,0x8d4b2cffe2dcbbf06eaa5920401db86ca5fb8177,0x4cc19356f2d37338b9802aa8e8fc58b0373296e7,0x6e01231d161d728cf5e520f7c21103660f46de3a,628281333333333000000000,SelfKey,KEY,18,122,119311,50000000000,104311,4601555,deprecated,0x3e5b5e39,"addPrecommitment(address beneficiary, uint256 tokensAllocated, bool halfVesting)",20167181
4894362,1515732519,0x6600bdd80585052d454155ab70adc8a8e615cdd12001d2af3b12a11b5237b1d0,2295,0x0f4d08a7122d749c235e87f32748a9e26d982f55edaeb03d008192761e87d2a7,0x8d4b2cffe2dcbbf06eaa5920401db86ca5fb8177,0x4cc19356f2d37338b9802aa8e8fc58b0373296e7,0xa26fc43422c2e0c43f29247cfa8010b1e012b099,628281333333333000000000,SelfKey,KEY,18,123,119311,50000000000,104311,4705866,deprecated,0x3e5b5e39,"addPrecommitment(address beneficiary, uint256 tokensAllocated, bool halfVesting)",20167181
4894362,1515732519,0x96c0c9ee4905cdb3717b370438fb3534c2bdcbdf4aa4ded5a35d0694abd44290,2296,0x0f4d08a7122d749c235e87f32748a9e26d982f55edaeb03d008192761e87d2a7,0x8d4b2cffe2dcbbf06eaa5920401db86ca5fb8177,0x4cc19356f2d37338b9802aa8e8fc58b0373296e7,0x520fe1f0cecf832d67902a29c67fe06d16a06702,345554733333333000000000,SelfKey,KEY,18,124,119311,50000000000,104311,4810177,deprecated,0x3e5b5e39,"addPrecommitment(address beneficiary, uint256 tokensAllocated, bool halfVesting)",20167181
4894362,1515732519,0x99c1b4ace6e95a43376c9dceafbc58ddf9d36ee9e18a24b13648eb35672752bf,2297,0x0f4d08a7122d749c235e87f32748a9e26d982f55edaeb03d008192761e87d2a7,0x8d4b2cffe2dcbbf06eaa5920401db86ca5fb8177,0x4cc19356f2d37338b9802aa8e8fc58b0373296e7,0x62877cc19cc8593af76a247fbd9f538686910556,101153294666667000000000,SelfKey,KEY,18,125,119311,50000000000,104311,4914488,deprecated,0x3e5b5e39,"addPrecommitment(address beneficiary, uint256 tokensAllocated, bool halfVesting)",20167181
4894362,1515732519,0x918522cf1fe7e1b44e57bfb524b2da183504512d35af3cb4c3d11e1ed17ca596,2298,0x0f4d08a7122d749c235e87f32748a9e26d982f55edaeb03d008192761e87d2a7,0x8d4b2cffe2dcbbf06eaa5920401db86ca5fb8177,0x4cc19356f2d37338b9802aa8e8fc58b0373296e7,0xc2661b3805a69270eb46d459ebf997837a60d6f6,94242200000000000000000,SelfKey,KEY,18,126,119247,50000000000,104247,5018735,deprecated,0x3e5b5e39,"addPrecommitment(address beneficiary, uint256 tokensAllocated, bool halfVesting)",20167181
4894362,1515732519,0x2018eacdf622868cdc7ecbb904e71aa2325b4070441a3b121ac73587c0254918,2299,0x0f4d08a7122d749c235e87f32748a9e26d982f55edaeb03d008192761e87d2a7,0x8d4b2cffe2dcbbf06eaa5920401db86ca5fb8177,0x4cc19356f2d37338b9802aa8e8fc58b0373296e7,0xa2350492e16305d9c2fce6caa27dcd2b180d5595,125907579200000000000000,SelfKey,KEY,18,127,119247,50000000000,104247,5122982,deprecated,0x3e5b5e39,"addPrecommitment(address beneficiary, uint256 tokensAllocated, bool halfVesting)",20167181
4894362,1515732519,0x0a23e5d07fc93288ac8aa7c04ad04b0548a0b7c0f4ee02f8050e3a358f562cbe,2300,0x0f4d08a7122d749c235e87f32748a9e26d982f55edaeb03d008192761e87d2a7,0x8d4b2cffe2dcbbf06eaa5920401db86ca5fb8177,0x4cc19356f2d37338b9802aa8e8fc58b0373296e7,0x129d04f70ef9578b115354d94528fa816713052f,94242200000000000000000,SelfKey,KEY,18,128,119247,50000000000,104247,5227229,deprecated,0x3e5b5e39,"addPrecommitment(address beneficiary, uint256 tokensAllocated, bool halfVesting)",20167181
4894362,1515732519,0x3ee1c99ff527b16c5155fe0ac03a301de2928a6daa09357af525906fd38574cb,2301,0x0f4d08a7122d749c235e87f32748a9e26d982f55edaeb03d008192761e87d2a7,0x8d4b2cffe2dcbbf06eaa5920401db86ca5fb8177,0x4cc19356f2d37338b9802aa8e8fc58b0373296e7,0xcd116bd3bc32409237439759d7bcf02bbe1e1c59,100525013333333000000000,SelfKey,KEY,18,129,119311,50000000000,104311,5331540,deprecated,0x3e5b5e39,"addPrecommitment(address beneficiary, uint256 tokensAllocated, bool halfVesting)",20167181
4894362,1515732519,0x2324256905e529e6d0f6fabd4f05b1becfe02680faa697e08afe22be810f198c,2302,0x0f4d08a7122d749c235e87f32748a9e26d982f55edaeb03d008192761e87d2a7,0x8d4b2cffe2dcbbf06eaa5920401db86ca5fb8177,0x4cc19356f2d37338b9802aa8e8fc58b0373296e7,0x35e6c3fb9861a3cf845c9e5e29aa93bfd36dbcb0,121283690579983000000000,SelfKey,KEY,18,130,119311,50000000000,104311,5435851,deprecated,0x3e5b5e39,"addPrecommitment(address beneficiary, uint256 tokensAllocated, bool halfVesting)",20167181
4894362,1515732519,0x5aa528ac6f4f7fd64434d710dc19e48409dd04cebe0ac839b6aa7b575603307f,2303,0x0f4d08a7122d749c235e87f32748a9e26d982f55edaeb03d008192761e87d2a7,0x8d4b2cffe2dcbbf06eaa5920401db86ca5fb8177,0x4cc19356f2d37338b9802aa8e8fc58b0373296e7,0xa6315668a367494b3bca65cd65d66c9f638fe1ba,94242200000000000000000,SelfKey,KEY,18,131,119247,50000000000,104247,5540098,deprecated,0x3e5b5e39,"addPrecommitment(address beneficiary, uint256 tokensAllocated, bool halfVesting)",20167181
4894362,1515732519,0x43066e8b67f79504f38db04ffab3a14ed6af9d0ba6e5d9bf2c6fc07c7d85211e,2304,0x0f4d08a7122d749c235e87f32748a9e26d982f55edaeb03d008192761e87d2a7,0x8d4b2cffe2dcbbf06eaa5920401db86ca5fb8177,0x4cc19356f2d37338b9802aa8e8fc58b0373296e7,0x81ba41754d56b8a0e28e10ca8731a4be405a9622,94242200000000000000000,SelfKey,KEY,18,132,119247,50000000000,104247,5644345,deprecated,0x3e5b5e39,"addPrecommitment(address beneficiary, uint256 tokensAllocated, bool halfVesting)",20167181
4894362,1515732519,0x8912f936053bebf3afe0cdccc8362bb4757b4c7abe2c501e00f0de6e559ea00c,2305,0x0f4d08a7122d749c235e87f32748a9e26d982f55edaeb03d008192761e87d2a7,0x8d4b2cffe2dcbbf06eaa5920401db86ca5fb8177,0x4cc19356f2d37338b9802aa8e8fc58b0373296e7,0x89654d0ca670afbd492e4b82c1907d2777664a0d,1256562666666670000000000,SelfKey,KEY,18,133,119375,50000000000,104375,5748720,deprecated,0x3e5b5e39,"addPrecommitment(address beneficiary, uint256 tokensAllocated, bool halfVesting)",20167181
4894362,1515732519,0xcbc2a6fa01d74492771c1b09ae0888b23e6e2b16ece30a4e050ca3aa82803528,2306,0x0f4d08a7122d749c235e87f32748a9e26d982f55edaeb03d008192761e87d2a7,0x8d4b2cffe2dcbbf06eaa5920401db86ca5fb8177,0x4cc19356f2d37338b9802aa8e8fc58b0373296e7,0xd83a1f53e43a45c32cc4209dc67910f2e081d2aa,100525013333333000000000,SelfKey,KEY,18,134,119311,50000000000,104311,5853031,deprecated,0x3e5b5e39,"addPrecommitment(address beneficiary, uint256 tokensAllocated, bool halfVesting)",20167181
4894362,1515732519,0x187f5408556c3f9854003f030e8bc259738343c61ddfd2b40f5c659f14d363cb,2307,0x0f4d08a7122d749c235e87f32748a9e26d982f55edaeb03d008192761e87d2a7,0x8d4b2cffe2dcbbf06eaa5920401db86ca5fb8177,0x4cc19356f2d37338b9802aa8e8fc58b0373296e7,0x6edd1df2d6cc64ac6d8b0f8c18e3e18d201299aa,1130906400000000000000000,SelfKey,KEY,18,135,119247,50000000000,104247,5957278,deprecated,0x3e5b5e39,"addPrecommitment(address beneficiary, uint256 tokensAllocated, bool halfVesting)",20167181
4894362,1515732519,0x7ca5f7db0f0bef9ff298452de5e1206e1d8c74f70cba846eeafbe9f8f254a700,2308,0x0f4d08a7122d749c235e87f32748a9e26d982f55edaeb03d008192761e87d2a7,0x8d4b2cffe2dcbbf06eaa5920401db86ca5fb8177,0x4cc19356f2d37338b9802aa8e8fc58b0373296e7,0x79dedc015a9f9866368f40ebd4e4af407a4d46b9,94242200000000000000000,SelfKey,KEY,18,136,119247,50000000000,104247,6061525,deprecated,0x3e5b5e39,"addPrecommitment(address beneficiary, uint256 tokensAllocated, bool halfVesting)",20167181
4894362,1515732519,0x9d2f62cc902a2fd22816fd3ce8c96538836741ac12d9e570d96b897591abbc7f,2309,0x0f4d08a7122d749c235e87f32748a9e26d982f55edaeb03d008192761e87d2a7,0x8d4b2cffe2dcbbf06eaa5920401db86ca5fb8177,0x4cc19356f2d37338b9802aa8e8fc58b0373296e7,0xbb26bf686987e3527e3b8709203b66e770a2cccb,313771980059687000000000,SelfKey,KEY,18,137,119311,50000000000,104311,6165836,deprecated,0x3e5b5e39,"addPrecommitment(address beneficiary, uint256 tokensAllocated, bool halfVesting)",20167181
4894362,1515732519,0x7096d1a6934dd06a1ad0dbf38844992e005f61ba47e0fac09789d0e8f4d9d929,2310,0x0f4d08a7122d749c235e87f32748a9e26d982f55edaeb03d008192761e87d2a7,0x8d4b2cffe2dcbbf06eaa5920401db86ca5fb8177,0x4cc19356f2d37338b9802aa8e8fc58b0373296e7,0x287cb32840f2beee74eab8d8ae15043ca46c13f6,94242200000000000000000,SelfKey,KEY,18,138,119247,50000000000,104247,6270083,deprecated,0x3e5b5e39,"addPrecommitment(address beneficiary, uint256 tokensAllocated, bool halfVesting)",20167181
4894362,1515732519,0x540bf36e91eb0cdb4790d05ae86d3cffdf1a28ce8532dc2a73a1ce3a232bed09,2311,0x0f4d08a7122d749c235e87f32748a9e26d982f55edaeb03d008192761e87d2a7,0x8d4b2cffe2dcbbf06eaa5920401db86ca5fb8177,0x4cc19356f2d37338b9802aa8e8fc58b0373296e7,0x795b34f57a3b7acaf42ea35a65277915eabd44ba,94242200000000000000000,SelfKey,KEY,18,139,119247,50000000000,104247,6374330,deprecated,0x3e5b5e39,"addPrecommitment(address beneficiary, uint256 tokensAllocated, bool halfVesting)",20167181
4894362,1515732519,0x121648ad93a8f41ecef1942efebb2fe3cbbddc58fe7bf9d13b21d02926623b8d,2312,0x0f4d08a7122d749c235e87f32748a9e26d982f55edaeb03d008192761e87d2a7,0x8d4b2cffe2dcbbf06eaa5920401db86ca5fb8177,0x4cc19356f2d37338b9802aa8e8fc58b0373296e7,0xb3bd26c199ebe89e41baa10372a9d5802f5bdad0,314140666666667000000000,SelfKey,KEY,18,140,119311,50000000000,104311,6478641,deprecated,0x3e5b5e39,"addPrecommitment(address beneficiary, uint256 tokensAllocated, bool halfVesting)",20167181
4894362,1515732519,0xc64619e69d92e09440ae1c96b5624a2e0d5a83cefb38f3d1f2fdb01ab18a4216,2313,0x0f4d08a7122d749c235e87f32748a9e26d982f55edaeb03d008192761e87d2a7,0x8d4b2cffe2dcbbf06eaa5920401db86ca5fb8177,0x4cc19356f2d37338b9802aa8e8fc58b0373296e7,0x1542f1a6827ded950bc85a7c3dd7024854a57432,188417111069200000000000,SelfKey,KEY,18,141,119311,50000000000,104311,6582952,deprecated,0x3e5b5e39,"addPrecommitment(address beneficiary, uint256 tokensAllocated, bool halfVesting)",20167181
4894362,1515732519,0xb53dd2b8ecb22052960731ad06c74121ceb4066d0f11be42311db8c11f99c4c9,2314,0x0f4d08a7122d749c235e87f32748a9e26d982f55edaeb03d008192761e87d2a7,0x8d4b2cffe2dcbbf06eaa5920401db86ca5fb8177,0x4cc19356f2d37338b9802aa8e8fc58b0373296e7,0x5ef16d9f81358caf4f8ed296259b04e9e0570ed9,251312533333333000000000,SelfKey,KEY,18,142,119311,50000000000,104311,6687263,deprecated,0x3e5b5e39,"addPrecommitment(address beneficiary, uint256 tokensAllocated, bool halfVesting)",20167181
4894362,1515732519,0xb2565c0c808cf59b0a10ee8bbbe4a1b5efcebe92a91cf6ae89e314ea2b19dc7f,2315,0x0f4d08a7122d749c235e87f32748a9e26d982f55edaeb03d008192761e87d2a7,0x8d4b2cffe2dcbbf06eaa5920401db86ca5fb8177,0x4cc19356f2d37338b9802aa8e8fc58b0373296e7,0x86f4e320ec471f61efdbcefa3c1f20bdcf55f712,100525013333333000000000,SelfKey,KEY,18,143,119311,50000000000,104311,6791574,deprecated,0x3e5b5e39,"addPrecommitment(address beneficiary, uint256 tokensAllocated, bool halfVesting)",20167181
4894362,1515732519,0x038cd8680c096fb2e34542c32b8fcf538007e511d1aaa26c4e5323f35de45a6f,2316,0x0f4d08a7122d749c235e87f32748a9e26d982f55edaeb03d008192761e87d2a7,0x8d4b2cffe2dcbbf06eaa5920401db86ca5fb8177,0x4cc19356f2d37338b9802aa8e8fc58b0373296e7,0x4b3ae16bb5d0fe60cc47f4fec8b1722120092e39,125656266666667000000000,SelfKey,KEY,18,144,119311,50000000000,104311,6895885,deprecated,0x3e5b5e39,"addPrecommitment(address beneficiary, uint256 tokensAllocated, bool halfVesting)",20167181
4894362,1515732519,0x4c04a02dcd9a6ce09aeec397351391f6c6daa7206725d6d59cfad43b69d7da37,2317,0x0f4d08a7122d749c235e87f32748a9e26d982f55edaeb03d008192761e87d2a7,0x8d4b2cffe2dcbbf06eaa5920401db86ca5fb8177,0x4cc19356f2d37338b9802aa8e8fc58b0373296e7,0x1542f1a6827ded950bc85a7c3dd7024854a57432,194699924402533000000000,SelfKey,KEY,18,145,119311,50000000000,59311,6955196,deprecated,0x3e5b5e39,"addPrecommitment(address beneficiary, uint256 tokensAllocated, bool halfVesting)",20167181
4894362,1515732519,0x6cdb71dd1cf26743d9e9685c39aaca754229d8bb5f94030a5a52da07fec427b5,2318,0x0f4d08a7122d749c235e87f32748a9e26d982f55edaeb03d008192761e87d2a7,0x8d4b2cffe2dcbbf06eaa5920401db86ca5fb8177,0x4cc19356f2d37338b9802aa8e8fc58b0373296e7,0x288e313ebb089b2b904372c97477c0a2b2ef8069,125467782266667000000000,SelfKey,KEY,18,146,119311,50000000000,104311,7059507,deprecated,0x3e5b5e39,"addPrecommitment(address beneficiary, uint256 tokensAllocated, bool halfVesting)",20167181
4894362,1515732519,0x0c68b7a4457d2be31c1820337d35cb653f4fff230a679ee114ddd5051620a37c,2319,0x0f4d08a7122d749c235e87f32748a9e26d982f55edaeb03d008192761e87d2a7,0x8d4b2cffe2dcbbf06eaa5920401db86ca5fb8177,0x4cc19356f2d37338b9802aa8e8fc58b0373296e7,0x68296b4117e95342b91e442537bebe1569acdb06,376968800000000000000000,SelfKey,KEY,18,147,119247,50000000000,104247,7163754,deprecated,0x3e5b5e39,"addPrecommitment(address beneficiary, uint256 tokensAllocated, bool halfVesting)",20167181
4894362,1515732519,0x1fa0ce3af4093b47ff1cb18cf8355103c11f40d4a513319dd31b50615a5d3f24,2320,0x0f4d08a7122d749c235e87f32748a9e26d982f55edaeb03d008192761e87d2a7,0x8d4b2cffe2dcbbf06eaa5920401db86ca5fb8177,0x4cc19356f2d37338b9802aa8e8fc58b0373296e7,0x4489fb8a2ed16f09930d056aa91932ec6b7c6230,74137197333333300000000,SelfKey,KEY,18,148,119311,50000000000,104311,7268065,deprecated,0x3e5b5e39,"addPrecommitment(address beneficiary, uint256 tokensAllocated, bool halfVesting)",20167181
4894362,1515732519,0x78805de498452c4f2cbde06e8f9fe5b6d564b32e52d60be67265eab8cf185351,2321,0x0f4d08a7122d749c235e87f32748a9e26d982f55edaeb03d008192761e87d2a7,0x8d4b2cffe2dcbbf06eaa5920401db86ca5fb8177,0x4cc19356f2d37338b9802aa8e8fc58b0373296e7,0xceaf7fc10836ab7b50066ea8bd59b8e23e5cfd72,125656266666667000000000,SelfKey,KEY,18,149,119311,50000000000,104311,7372376,deprecated,0x3e5b5e39,"addPrecommitment(address beneficiary, uint256 tokensAllocated, bool halfVesting)",20167181
4894362,1515732519,0xf245189efe0cdc224bdf299017aa1ec077a85c63a4597105d746a600b1200716,2322,0x0f4d08a7122d749c235e87f32748a9e26d982f55edaeb03d008192761e87d2a7,0x8d4b2cffe2dcbbf06eaa5920401db86ca5fb8177,0x4cc19356f2d37338b9802aa8e8fc58b0373296e7,0xa08a5e4e5b9d7e98d8fee3fcc383484d0440c080,628281333333333000000000,SelfKey,KEY,18,150,119311,50000000000,104311,7476687,deprecated,0x3e5b5e39,"addPrecommitment(address beneficiary, uint256 tokensAllocated, bool halfVesting)",20167181
4894362,1515732519,0xcf9a125e964caaf219998e8048e9143ac2157da60bd303a34a878b287b4897fe,2323,0x0f4d08a7122d749c235e87f32748a9e26d982f55edaeb03d008192761e87d2a7,0x8d4b2cffe2dcbbf06eaa5920401db86ca5fb8177,0x4cc19356f2d37338b9802aa8e8fc58b0373296e7,0x32a47facc71056019b7325f2e233e08651b82b7d,119373453333333000000000,SelfKey,KEY,18,151,119311,50000000000,104311,7580998,deprecated,0x3e5b5e39,"addPrecommitment(address beneficiary, uint256 tokensAllocated, bool halfVesting)",20167181
4894362,1515732519,0xaf8383cf3f167bbe5ee86f66a3cdeb1d8e87856f60192849546752e050777dfa,2324,0x0f4d08a7122d749c235e87f32748a9e26d982f55edaeb03d008192761e87d2a7,0x8d4b2cffe2dcbbf06eaa5920401db86ca5fb8177,0x4cc19356f2d37338b9802aa8e8fc58b0373296e7,0xf116ae60e878407f8d995384ae734852b8badfb3,188484400000000000000000,SelfKey,KEY,18,152,119247,50000000000,104247,7685245,deprecated,0x3e5b5e39,"addPrecommitment(address beneficiary, uint256 tokensAllocated, bool halfVesting)",20167181
4894362,1515732519,0xa0604399a25316130e4afcb2276e57d1191cebcd9b21ab405ffc038c284c4f38,2325,0x0f4d08a7122d749c235e87f32748a9e26d982f55edaeb03d008192761e87d2a7,0x8d4b2cffe2dcbbf06eaa5920401db86ca5fb8177,0x4cc19356f2d37338b9802aa8e8fc58b0373296e7,0x2ea1e10cf97e91a74886a4e5b79a98cb6df9c352,97833444163988000000000,SelfKey,KEY,18,153,119311,50000000000,104311,7789556,deprecated,0x3e5b5e39,"addPrecommitment(address beneficiary, uint256 tokensAllocated, bool halfVesting)",20167181
4894362,1515732519,0x4e12ea745c656b1220763a3cdc4bdf13822db935af2e5b121648f8952cd92449,2326,0x0f4d08a7122d749c235e87f32748a9e26d982f55edaeb03d008192761e87d2a7,0x8d4b2cffe2dcbbf06eaa5920401db86ca5fb8177,0x4cc19356f2d37338b9802aa8e8fc58b0373296e7,0x09f88d673e1549322690d1b44d7138c94bff507d,127541110666667000000000,SelfKey,KEY,18,154,119311,50000000000,104311,7893867,deprecated,0x3e5b5e39,"addPrecommitment(address beneficiary, uint256 tokensAllocated, bool halfVesting)",20167181
4894363,1515732525,0x91553bf69349f874c8bd051b97e4d19ec62969af4d8bcb27714b403543e48b9d,2327,0xf01bd07d5a07bb093c760ecc3edf8bda852483c4779b0898cfdb27c73ab26b1d,0x8d4b2cffe2dcbbf06eaa5920401db86ca5fb8177,0x4cc19356f2d37338b9802aa8e8fc58b0373296e7,0x360dc8574fd2e8c8c3dd8e8947be6ec59356e235,440097880092000000000000,SelfKey,KEY,18,1,119311,50000000000,104311,148665,deprecated,0x3e5b5e39,"addPrecommitment(address beneficiary, uint256 tokensAllocated, bool halfVesting)",20167180
4894363,1515732525,0x150b42a871fa1408cce3aefaae29bacf5532ac26b84d551802f48f7a4cbe06c4,2328,0xf01bd07d5a07bb093c760ecc3edf8bda852483c4779b0898cfdb27c73ab26b1d,0x8d4b2cffe2dcbbf06eaa5920401db86ca5fb8177,0x4cc19356f2d37338b9802aa8e8fc58b0373296e7,0xcf1d46a824f7346787e1b965b4a3ebe43bf5348e,182201586666667000000000,SelfKey,KEY,18,5,119311,50000000000,104311,338736,deprecated,0x3e5b5e39,"addPrecommitment(address beneficiary, uint256 tokensAllocated, bool halfVesting)",20167180
4894363,1515732525,0x63edb4b37e98970ba45c2956bd61d82ab7ed5006cbf8b9c83c00fc3ae5004aad,2329,0xf01bd07d5a07bb093c760ecc3edf8bda852483c4779b0898cfdb27c73ab26b1d,0x8d4b2cffe2dcbbf06eaa5920401db86ca5fb8177,0x4cc19356f2d37338b9802aa8e8fc58b0373296e7,0x3630c28c9c2256ade73b5598101813cf51569247,94242200000000000000000,SelfKey,KEY,18,9,119247,50000000000,104247,991555,deprecated,0x3e5b5e39,"addPrecommitment(address beneficiary, uint256 tokensAllocated, bool halfVesting)",20167180
4894363,1515732525,0x41cb884730a519d86c6bf11da64d6f59856dc25c35dfa5347add59d3dd98bfee,2330,0xf01bd07d5a07bb093c760ecc3edf8bda852483c4779b0898cfdb27c73ab26b1d,0x8d4b2cffe2dcbbf06eaa5920401db86ca5fb8177,0x4cc19356f2d37338b9802aa8e8fc58b0373296e7,0x12184860ee753018174859db57f18b02d6101b98,119373453333333000000000,SelfKey,KEY,18,11,119311,50000000000,104311,1116866,deprecated,0x3e5b5e39,"addPrecommitment(address beneficiary, uint256 tokensAllocated, bool halfVesting)",20167180
4894363,1515732525,0xa7ff9935d86d6ad70637d80e4b36e8cb55d14b914522211feec88370846b6121,2331,0xf01bd07d5a07bb093c760ecc3edf8bda852483c4779b0898cfdb27c73ab26b1d,0x8d4b2cffe2dcbbf06eaa5920401db86ca5fb8177,0x4cc19356f2d37338b9802aa8e8fc58b0373296e7,0x4c8839694824c79d194d8f5d572b6a556c1332e2,113090640000000000000000,SelfKey,KEY,18,13,119247,50000000000,104247,1242113,deprecated,0x3e5b5e39,"addPrecommitment(address beneficiary, uint256 tokensAllocated, bool halfVesting)",20167180
4894363,1515732525,0x7795c0da8d3f6078b8feb9af32ec9311d8921f461e837c042432c63c96188644,2332,0xf01bd07d5a07bb093c760ecc3edf8bda852483c4779b0898cfdb27c73ab26b1d,0x8d4b2cffe2dcbbf06eaa5920401db86ca5fb8177,0x4cc19356f2d37338b9802aa8e8fc58b0373296e7,0x75360cbe8c7cb8174b1b623a6d9aacf952c117e3,628281333333333000000000,SelfKey,KEY,18,15,119311,50000000000,104311,1367424,deprecated,0x3e5b5e39,"addPrecommitment(address beneficiary, uint256 tokensAllocated, bool halfVesting)",20167180
4894363,1515732525,0x203c8b839fc04a4d15f699ee86ccd8485da8234d22ccafd9d6d5896fd0125bf9,2333,0xf01bd07d5a07bb093c760ecc3edf8bda852483c4779b0898cfdb27c73ab26b1d,0x8d4b2cffe2dcbbf06eaa5920401db86ca5fb8177,0x4cc19356f2d37338b9802aa8e8fc58b0373296e7,0x20d1d6e9a3b76ad73408e611a6f510f89d971dc4,251312533333333000000000,SelfKey,KEY,18,17,119311,50000000000,104311,1492735,deprecated,0x3e5b5e39,"addPrecommitment(address beneficiary, uint256 tokensAllocated, bool halfVesting)",20167180
4894363,1515732525,0x8ea4a0bcdea8638a7efc220a793e51286ebf7b167b2238e1d05cd85b9c37e623,2334,0xf01bd07d5a07bb093c760ecc3edf8bda852483c4779b0898cfdb27c73ab26b1d,0x8d4b2cffe2dcbbf06eaa5920401db86ca5fb8177,0x4cc19356f2d37338b9802aa8e8fc58b0373296e7,0xaf432ea61f86881fc8230fa46864b1e27307ab02,125656266666667000000000,SelfKey,KEY,18,19,119311,50000000000,104311,1618046,deprecated,0x3e5b5e39,"addPrecommitment(address beneficiary, uint256 tokensAllocated, bool halfVesting)",20167180
4894363,1515732525,0x0ae23bc758cd0f142907267da5f1de5e467633cf13f05c7478efec86aa235a28,2335,0xf01bd07d5a07bb093c760ecc3edf8bda852483c4779b0898cfdb27c73ab26b1d,0x8d4b2cffe2dcbbf06eaa5920401db86ca5fb8177,0x4cc19356f2d37338b9802aa8e8fc58b0373296e7,0xcc48ea602936ac736e472eb85b727995b3493321,157070333333333000000000,SelfKey,KEY,18,94,119311,50000000000,104311,3666986,deprecated,0x3e5b5e39,"addPrecommitment(address beneficiary, uint256 tokensAllocated, bool halfVesting)",20167180
4894364,1515732536,0xb434fcbf16ce0bd14ace9ad253bae7480423798227e00af9ca8a7c5f2bcf5b33,2336,0xc05926d65c5754908a78b531803a27c5c1f56f79baeb67774e61b170eeb777f1,0x8d4b2cffe2dcbbf06eaa5920401db86ca5fb8177,0x4cc19356f2d37338b9802aa8e8fc58b0373296e7,0xefd09b73b75e036b1312e77db60ea169d610dce7,94242200000000000000000,SelfKey,KEY,18,88,119247,50000000000,104247,2264367,deprecated,0x3e5b5e39,"addPrecommitment(address beneficiary, uint256 tokensAllocated, bool halfVesting)",20167179
4894364,1515732536,0x193b576edfa2b180944dfd8d7868c2343dc5d1d18a5ec85ca1c8ad802156b9b6,2337,0xc05926d65c5754908a78b531803a27c5c1f56f79baeb67774e61b170eeb777f1,0x8d4b2cffe2dcbbf06eaa5920401db86ca5fb8177,0x4cc19356f2d37338b9802aa8e8fc58b0373296e7,0xe4321c0de8d3aba6f902fde63a7780e5cb055559,188484400000000000000000,SelfKey,KEY,18,124,119247,50000000000,104247,3637063,deprecated,0x3e5b5e39,"addPrecommitment(address beneficiary, uint256 tokensAllocated, bool halfVesting)",20167179
4894364,1515732536,0x76c3bde52ac0a4b5afa0dceea831067afcde7169ebfe828f0a845c6d6f02c8b3,2338,0xc05926d65c5754908a78b531803a27c5c1f56f79baeb67774e61b170eeb777f1,0x8d4b2cffe2dcbbf06eaa5920401db86ca5fb8177,0x4cc19356f2d37338b9802aa8e8fc58b0373296e7,0xffd2e940fceb714a28c2288fc34a7d80e85e24d5,314140666666667000000000,SelfKey,KEY,18,131,119311,50000000000,104311,3867378,deprecated,0x3e5b5e39,"addPrecommitment(address beneficiary, uint256 tokensAllocated, bool halfVesting)",20167179
4894364,1515732536,0x92078318d2a43c0d162d28f8ef075a95b07b5179168439d8d6fe3ff4307c08ba,2339,0xc05926d65c5754908a78b531803a27c5c1f56f79baeb67774e61b170eeb777f1,0x8d4b2cffe2dcbbf06eaa5920401db86ca5fb8177,0x4cc19356f2d37338b9802aa8e8fc58b0373296e7,0x58c6017441a796e5610fbd570188c50982d10149,94189424368000000000000,SelfKey,KEY,18,138,119247,50000000000,104247,4097629,deprecated,0x3e5b5e39,"addPrecommitment(address beneficiary, uint256 tokensAllocated, bool halfVesting)",20167179
4894364,1515732536,0x02a55721a479968399ff458217b93d1440fd689938e4217af8d0b54978585ecf,2340,0xc05926d65c5754908a78b531803a27c5c1f56f79baeb67774e61b170eeb777f1,0x8d4b2cffe2dcbbf06eaa5920401db86ca5fb8177,0x4cc19356f2d37338b9802aa8e8fc58b0373296e7,0x5a8e82c26bd2e601ef2182b38c9bd0849476b919,125656266666667000000000,SelfKey,KEY,18,145,119311,50000000000,104311,4327944,deprecated,0x3e5b5e39,"addPrecommitment(address beneficiary, uint256 tokensAllocated, bool halfVesting)",20167179
4894364,1515732536,0x4ecbe0d90c0cccd3cc6fe869d29eb60a90e88d17b74809f167dd8550c4ffe57a,2341,0xc05926d65c5754908a78b531803a27c5c1f56f79baeb67774e61b170eeb777f1,0x8d4b2cffe2dcbbf06eaa5920401db86ca5fb8177,0x4cc19356f2d37338b9802aa8e8fc58b0373296e7,0xd87a2e13bee2cf1d08e33dc379203c94e72da49a,565453200000000000000000,SelfKey,KEY,18,152,119247,50000000000,104247,4593102,deprecated,0x3e5b5e39,"addPrecommitment(address beneficiary, uint256 tokensAllocated, bool halfVesting)",20167179
4894364,1515732536,0x2022d2d19e39540aea47a4d0d7af7a86b1ca65e967702c1574d9f6389557f0fa,2342,0xc05926d65c5754908a78b531803a27c5c1f56f79baeb67774e61b170eeb777f1,0x8d4b2cffe2dcbbf06eaa5920401db86ca5fb8177,0x4cc19356f2d37338b9802aa8e8fc58b0373296e7,0xf10cc9be31f1861095c36504cc7254ae660893f9,102925172309519000000000,SelfKey,KEY,18,155,119311,50000000000,59311,4759406,deprecated,0x3e5b5e39,"addPrecommitment(address beneficiary, uint256 tokensAllocated, bool halfVesting)",20167179
4894364,1515732536,0x3b64b117e39c46a3b67ecc4e83142547a217948d0c485220742964696b42108d,2343,0xc05926d65c5754908a78b531803a27c5c1f56f79baeb67774e61b170eeb777f1,0x8d4b2cffe2dcbbf06eaa5920401db86ca5fb8177,0x4cc19356f2d37338b9802aa8e8fc58b0373296e7,0x911e355bd75f7abe8d1ab70581505fac9b15e499,94242200000000000000000,SelfKey,KEY,18,158,119247,50000000000,104247,4940560,deprecated,0x3e5b5e39,"addPrecommitment(address beneficiary, uint256 tokensAllocated, bool halfVesting)",20167179
4894364,1515732536,0xf3a2f7983f96e4ce1421017d98ad60751fadb21418bd40e14fad518d2b5e9ab0,2344,0xc05926d65c5754908a78b531803a27c5c1f56f79baeb67774e61b170eeb777f1,0x8d4b2cffe2dcbbf06eaa5920401db86ca5fb8177,0x4cc19356f2d37338b9802aa8e8fc58b0373296e7,0x9bdd138be06722605674de65f33dae73c5a90959,691109466666667000000000,SelfKey,KEY,18,161,119311,50000000000,104311,5104019,deprecated,0x3e5b5e39,"addPrecommitment(address beneficiary, uint256 tokensAllocated, bool halfVesting)",20167179
4894364,1515732536,0x077e4187e61a52d6a00ad9c6230db70db4fe6de44f128cd44d9511b1c2c00a21,2345,0xc05926d65c5754908a78b531803a27c5c1f56f79baeb67774e61b170eeb777f1,0x8d4b2cffe2dcbbf06eaa5920401db86ca5fb8177,0x4cc19356f2d37338b9802aa8e8fc58b0373296e7,0xf22978c94f1bc9a58011204379e8ae76366c74e5,98743140874178700000000,SelfKey,KEY,18,164,119311,50000000000,104311,5250330,deprecated,0x3e5b5e39,"addPrecommitment(address beneficiary, uint256 tokensAllocated, bool halfVesting)",20167179
4894364,1515732536,0x8b0e050b91f42a9c5f24dd7f51c9ddd17c71387a3796d91282cdd43960810a94,2346,0xc05926d65c5754908a78b531803a27c5c1f56f79baeb67774e61b170eeb777f1,0x8d4b2cffe2dcbbf06eaa5920401db86ca5fb8177,0x4cc19356f2d37338b9802aa8e8fc58b0373296e7,0x0ce388c0228125650d17071bf2da6cbd05a72ead,125656266666667000000000,SelfKey,KEY,18,167,119311,50000000000,104311,5396641,deprecated,0x3e5b5e39,"addPrecommitment(address beneficiary, uint256 tokensAllocated, bool halfVesting)",20167179
4894364,1515732536,0xd8a76b6caedc47b893fdc4c6ed8c91ec24153c45b3ba799730ab2b0b2b79905d,2347,0xc05926d65c5754908a78b531803a27c5c1f56f79baeb67774e61b170eeb777f1,0x8d4b2cffe2dcbbf06eaa5920401db86ca5fb8177,0x4cc19356f2d37338b9802aa8e8fc58b0373296e7,0x710ef331e57c182e93d2d85f8967833edab5c2b5,130502732744956000000000,SelfKey,KEY,18,170,119311,50000000000,59311,5560842,deprecated,0x3e5b5e39,"addPrecommitment(address beneficiary, uint256 tokensAllocated, bool halfVesting)",20167179
4894364,1515732536,0xd6275f808c03f1d174f4b921519eecfdc6fb94610983b9ff76be782aceadc33f,2348,0xc05926d65c5754908a78b531803a27c5c1f56f79baeb67774e61b170eeb777f1,0x8d4b2cffe2dcbbf06eaa5920401db86ca5fb8177,0x4cc19356f2d37338b9802aa8e8fc58b0373296e7,0x9302c97081807de57706d14a4e773d5ac7d9ec2b,94242200000000000000000,SelfKey,KEY,18,173,119247,50000000000,104247,5730088,deprecated,0x3e5b5e39,"addPrecommitment(address beneficiary, uint256 tokensAllocated, bool halfVesting)",20167179
4894364,1515732536,0x26283765efee4f7ebde445ab079515747bd9f70b608312e4a6ac8114d1f5c634,2349,0xc05926d65c5754908a78b531803a27c5c1f56f79baeb67774e61b170eeb777f1,0x8d4b2cffe2dcbbf06eaa5920401db86ca5fb8177,0x4cc19356f2d37338b9802aa8e8fc58b0373296e7,0x04a5411478fe108e268c8bb7c41b183ea02dfb36,606876188521876000000000,SelfKey,KEY,18,176,119311,50000000000,104311,5938394,deprecated,0x3e5b5e39,"addPrecommitment(address beneficiary, uint256 tokensAllocated, bool halfVesting)",20167179
4894364,1515732536,0x0ce69e6e9c127cecd94ae53f27a65f870152271aced787634df5fbb3c66680db,2350,0xc05926d65c5754908a78b531803a27c5c1f56f79baeb67774e61b170eeb777f1,0x8d4b2cffe2dcbbf06eaa5920401db86ca5fb8177,0x4cc19356f2d37338b9802aa8e8fc58b0373296e7,0xe434d4ce0e7a55a44eac21d71bdd9409b9ab613c,628281333333333000000000,SelfKey,KEY,18,179,119311,50000000000,104311,6101420,deprecated,0x3e5b5e39,"addPrecommitment(address beneficiary, uint256 tokensAllocated, bool halfVesting)",20167179
4894364,1515732536,0x9035fb04febdd68d2eef306fd43427cdb1a44a8810d63fc946b124c266f77807,2351,0xc05926d65c5754908a78b531803a27c5c1f56f79baeb67774e61b170eeb777f1,0x8d4b2cffe2dcbbf06eaa5920401db86ca5fb8177,0x4cc19356f2d37338b9802aa8e8fc58b0373296e7,0xd61f1e905de5c3d2c87a7ecc5ad0e379d5003e89,628281333333333000000000,SelfKey,KEY,18,182,119247,50000000000,104247,6295034,deprecated,0x3e5b5e39,"addPrecommitment(address beneficiary, uint256 tokensAllocated, bool halfVesting)",20167179
4894364,1515732536,0x27a5fcb40fade713d2f38e994ff5dd1ac203fd261fafba1b21ad8089f027c40b,2352,0xc05926d65c5754908a78b531803a27c5c1f56f79baeb67774e61b170eeb777f1,0x8d4b2cffe2dcbbf06eaa5920401db86ca5fb8177,0x4cc19356f2d37338b9802aa8e8fc58b0373296e7,0x9302c97081807de57706d14a4e773d5ac7d9ec2b,94242200000000000000000,SelfKey,KEY,18,185,119247,50000000000,59247,6413250,deprecated,0x3e5b5e39,"addPrecommitment(address beneficiary, uint256 tokensAllocated, bool halfVesting)",20167179
4894364,1515732536,0xb14cb73cad0b1a7199a352f9e86391e4257523f4358cd34fcf407b350ba7dd32,2353,0xc05926d65c5754908a78b531803a27c5c1f56f79baeb67774e61b170eeb777f1,0x8d4b2cffe2dcbbf06eaa5920401db86ca5fb8177,0x4cc19356f2d37338b9802aa8e8fc58b0373296e7,0x50b099048ed27badc8ca2512f6bdc9874228123e,113090640000000000000000,SelfKey,KEY,18,188,119247,50000000000,104247,6593332,deprecated,0x3e5b5e39,"addPrecommitment(address beneficiary, uint256 tokensAllocated, bool halfVesting)",20167179
4894364,1515732536,0x2e60fd3ddca5bea731f7a0fc595be04bd7b77d737097561dcca553eb14e944aa,2354,0xc05926d65c5754908a78b531803a27c5c1f56f79baeb67774e61b170eeb777f1,0x8d4b2cffe2dcbbf06eaa5920401db86ca5fb8177,0x4cc19356f2d37338b9802aa8e8fc58b0373296e7,0x82a157cbb7538123eb865dcdd346720de7bd419d,94242200000000000000000,SelfKey,KEY,18,191,119247,50000000000,104247,6774422,deprecated,0x3e5b5e39,"addPrecommitment(address beneficiary, uint256 tokensAllocated, bool halfVesting)",20167179
4894364,1515732536,0xa615f6a492e61734631e40135a4914c3f9d1a4507076cbf12236f35e92dcd949,2355,0xc05926d65c5754908a78b531803a27c5c1f56f79baeb67774e61b170eeb777f1,0x8d4b2cffe2dcbbf06eaa5920401db86ca5fb8177,0x4cc19356f2d37338b9802aa8e8fc58b0373296e7,0xf7b9d43cfe339cb2cb26e62d172a28b15324ee5a,125656266666667000000000,SelfKey,KEY,18,194,119311,50000000000,104311,6955576,deprecated,0x3e5b5e39,"addPrecommitment(address beneficiary, uint256 tokensAllocated, bool halfVesting)",20167179
4894364,1515732536,0x3881e1df492a56ee3a935ccb96bc00690dc2c6b7671e006cf7f39a5ee6fce06e,2356,0xc05926d65c5754908a78b531803a27c5c1f56f79baeb67774e61b170eeb777f1,0x8d4b2cffe2dcbbf06eaa5920401db86ca5fb8177,0x4cc19356f2d37338b9802aa8e8fc58b0373296e7,0x965d6a81499ceb009d7fda437828cec10cee7dbb,144438370210368000000000,SelfKey,KEY,18,197,119247,50000000000,104247,7133196,deprecated,0x3e5b5e39,"addPrecommitment(address beneficiary, uint256 tokensAllocated, bool halfVesting)",20167179
4894364,1515732536,0x0536a6e609cc6c7b38bafa362e9ec75bbf06ab7f99932da7c3dd776c4539b235,2357,0xc05926d65c5754908a78b531803a27c5c1f56f79baeb67774e61b170eeb777f1,0x8d4b2cffe2dcbbf06eaa5920401db86ca5fb8177,0x4cc19356f2d37338b9802aa8e8fc58b0373296e7,0x23287778a096acb0a8c9bb8f7e8289be9491ead1,125656266666667000000000,SelfKey,KEY,18,200,119311,50000000000,104311,7312424,deprecated,0x3e5b5e39,"addPrecommitment(address beneficiary, uint256 tokensAllocated, bool halfVesting)",20167179
4894364,1515732536,0x68e4937b5b20dabf0a8acc9f2145daa8ead346988162bfb52c1fd72c3fae731f,2358,0xc05926d65c5754908a78b531803a27c5c1f56f79baeb67774e61b170eeb777f1,0x8d4b2cffe2dcbbf06eaa5920401db86ca5fb8177,0x4cc19356f2d37338b9802aa8e8fc58b0373296e7,0x4353859ad6c57ea593146307364a9edfb095961a,94242200000000000000000,SelfKey,KEY,18,203,119247,50000000000,104247,7490056,deprecated,0x3e5b5e39,"addPrecommitment(address beneficiary, uint256 tokensAllocated, bool halfVesting)",20167179
4894364,1515732536,0x7f31bc27f26571013b71b0ce9356658284e5988f809767d8ea3fb92532bd2806,2359,0xc05926d65c5754908a78b531803a27c5c1f56f79baeb67774e61b170eeb777f1,0x8d4b2cffe2dcbbf06eaa5920401db86ca5fb8177,0x4cc19356f2d37338b9802aa8e8fc58b0373296e7,0xdb5ea429b5dd1555adc16b5ce05bdd0da32039b6,125656266666667000000000,SelfKey,KEY,18,206,119311,50000000000,104311,7670138,deprecated,0x3e5b5e39,"addPrecommitment(address beneficiary, uint256 tokensAllocated, bool halfVesting)",20167179
4894364,1515732536,0x798b566d6e1f259bb604e53b432361fe1f302ff06d04e9401ec5afc34d3793ec,2360,0xc05926d65c5754908a78b531803a27c5c1f56f79baeb67774e61b170eeb777f1,0x8d4b2cffe2dcbbf06eaa5920401db86ca5fb8177,0x4cc19356f2d37338b9802aa8e8fc58b0373296e7,0xd094b857d5757a5f554f71435bbef498802a5c65,115736330809823000000000,SelfKey,KEY,18,209,119311,50000000000,104311,7884836,deprecated,0x3e5b5e39,"addPrecommitment(address beneficiary, uint256 tokensAllocated, bool halfVesting)",20167179
4894366,1515732560,0xb2a6060c6fa8a39f83ce1b150313157337f9e77fd76c69bc5e42c732c54d4c9a,2361,0x08073e72cb1637d879cc3e68522e00a6e67098737408ffb291fa6d7d032f42e3,0x8d4b2cffe2dcbbf06eaa5920401db86ca5fb8177,0x4cc19356f2d37338b9802aa8e8fc58b0373296e7,0xed159585fc50f449b1b2b8bfcb6460b19b69d5fa,94242200000000000000000,SelfKey,KEY,18,23,119247,50000000000,104247,637330,deprecated,0x3e5b5e39,"addPrecommitment(address beneficiary, uint256 tokensAllocated, bool halfVesting)",20167177
4894366,1515732560,0xe2546d2894b51dabc3b94f201713251c39a4ec012632c1d205af0c19d045be05,2362,0x08073e72cb1637d879cc3e68522e00a6e67098737408ffb291fa6d7d032f42e3,0x8d4b2cffe2dcbbf06eaa5920401db86ca5fb8177,0x4cc19356f2d37338b9802aa8e8fc58b0373296e7,0xc078fc54c847766e8731006ffdfffc2cca32f910,125656266666667000000000,SelfKey,KEY,18,59,119247,50000000000,104247,2697549,deprecated,0x3e5b5e39,"addPrecommitment(address beneficiary, uint256 tokensAllocated, bool halfVesting)",20167177
4894366,1515732560,0xda1dde8b3b63bcd3d5cc710e3131c00bf900a3fac8fcc93f50178d6e44018c0e,2363,0x08073e72cb1637d879cc3e68522e00a6e67098737408ffb291fa6d7d032f42e3,0x8d4b2cffe2dcbbf06eaa5920401db86ca5fb8177,0x4cc19356f2d37338b9802aa8e8fc58b0373296e7,0x64eae281740e61d8dd34ac3b2131b26329ec2078,314140666666667000000000,SelfKey,KEY,18,64,119311,50000000000,104311,2930251,deprecated,0x3e5b5e39,"addPrecommitment(address beneficiary, uint256 tokensAllocated, bool halfVesting)",20167177
4894366,1515732560,0xa8b42dac99d2771271841456ee7f25c2b6118c20d5ea0a93622d133c1e622cf6,2364,0x08073e72cb1637d879cc3e68522e00a6e67098737408ffb291fa6d7d032f42e3,0x8d4b2cffe2dcbbf06eaa5920401db86ca5fb8177,0x4cc19356f2d37338b9802aa8e8fc58b0373296e7,0xac443b3c19567ae51387e469123bb85dc5b35eb6,54911788533333300000000,SelfKey,KEY,18,66,119311,50000000000,59311,3010562,deprecated,0x3e5b5e39,"addPrecommitment(address beneficiary, uint256 tokensAllocated, bool halfVesting)",20167177
4894366,1515732560,0x2f9138497c7312a5f5950eaf0f782b8804123c5e2ca37831a82d2febc79f82a0,2365,0x08073e72cb1637d879cc3e68522e00a6e67098737408ffb291fa6d7d032f42e3,0x8d4b2cffe2dcbbf06eaa5920401db86ca5fb8177,0x4cc19356f2d37338b9802aa8e8fc58b0373296e7,0x7c0fbcdb45fb1a27c2c1c438ddb1cc7dbb0c4a23,125656266666667000000000,SelfKey,KEY,18,68,119311,50000000000,104311,3135873,deprecated,0x3e5b5e39,"addPrecommitment(address beneficiary, uint256 tokensAllocated, bool halfVesting)",20167177
4894366,1515732560,0xc8c38931a51ef1378028c01a57854c33abc5a91b0ad08bc0a32ea53bc9746988,2366,0x08073e72cb1637d879cc3e68522e00a6e67098737408ffb291fa6d7d032f42e3,0x8d4b2cffe2dcbbf06eaa5920401db86ca5fb8177,0x4cc19356f2d37338b9802aa8e8fc58b0373296e7,0x0ebbc3d6c3712ff759a627aa03958389eb3c846f,94242200000000000000000,SelfKey,KEY,18,70,119247,50000000000,104247,3261120,deprecated,0x3e5b5e39,"addPrecommitment(address beneficiary, uint256 tokensAllocated, bool halfVesting)",20167177
4894366,1515732560,0x411730040d5a4273d4724bac9fd91635da80b6d5aae3fbf56838b32a59e42f88,2367,0x08073e72cb1637d879cc3e68522e00a6e67098737408ffb291fa6d7d032f42e3,0x8d4b2cffe2dcbbf06eaa5920401db86ca5fb8177,0x4cc19356f2d37338b9802aa8e8fc58b0373296e7,0xbe16a05d54ce95ba4f9c73b1ad91036825346e84,138221893333333000000000,SelfKey,KEY,18,72,119311,50000000000,104311,3386431,deprecated,0x3e5b5e39,"addPrecommitment(address beneficiary, uint256 tokensAllocated, bool halfVesting)",20167177
4894366,1515732560,0x3b505235485f8252688ed36f9c31b302e54d4dee5cca2bf736a377a70a50c5d4,2368,0x08073e72cb1637d879cc3e68522e00a6e67098737408ffb291fa6d7d032f42e3,0x8d4b2cffe2dcbbf06eaa5920401db86ca5fb8177,0x4cc19356f2d37338b9802aa8e8fc58b0373296e7,0xb69c2097f41f11ec2b6ba9d6a928ce0b2cd3f425,157070333333333000000000,SelfKey,KEY,18,74,119311,50000000000,104311,3511742,deprecated,0x3e5b5e39,"addPrecommitment(address beneficiary, uint256 tokensAllocated, bool halfVesting)",20167177
4894366,1515732560,0x2e8ee1b4a537671806357e4ea9bcc427e181e54f93c6d8cb854becd87dc7963c,2369,0x08073e72cb1637d879cc3e68522e00a6e67098737408ffb291fa6d7d032f42e3,0x8d4b2cffe2dcbbf06eaa5920401db86ca5fb8177,0x4cc19356f2d37338b9802aa8e8fc58b0373296e7,0x7a82029ffafb96a66d3a764bfd80c98c2c9b8ed5,251186877066667000000000,SelfKey,KEY,18,76,119311,50000000000,104311,3637053,deprecated,0x3e5b5e39,"addPrecommitment(address beneficiary, uint256 tokensAllocated, bool halfVesting)",20167177
4894366,1515732560,0x0a1bc20922444418fd2322cff65ede575a090c1af1c41ad12587c5e4b890c57f,2370,0x08073e72cb1637d879cc3e68522e00a6e67098737408ffb291fa6d7d032f42e3,0x8d4b2cffe2dcbbf06eaa5920401db86ca5fb8177,0x4cc19356f2d37338b9802aa8e8fc58b0373296e7,0x0d909d5c2a97d828dd9d2211d853ddce74f12af3,94242200000000000000000,SelfKey,KEY,18,78,119247,50000000000,104247,3762351,deprecated,0x3e5b5e39,"addPrecommitment(address beneficiary, uint256 tokensAllocated, bool halfVesting)",20167177
4894366,1515732560,0x9fdb1ca8e854b040c15c9fe30980a884abca43c1f2c77a0874e911f66948623a,2371,0x08073e72cb1637d879cc3e68522e00a6e67098737408ffb291fa6d7d032f42e3,0x8d4b2cffe2dcbbf06eaa5920401db86ca5fb8177,0x4cc19356f2d37338b9802aa8e8fc58b0373296e7,0x776f47ba07897804fb6319de9e94ba88c521a1ca,502625066666667000000000,SelfKey,KEY,18,80,119311,50000000000,104311,3887662,deprecated,0x3e5b5e39,"addPrecommitment(address beneficiary, uint256 tokensAllocated, bool halfVesting)",20167177
4894368,1515732580,0xc2357ed90c5152a9aa6a829f6401ecfc8031ae86b80510ee068fc500ef3488ba,2372,0x7b0aeabd6f01c92f00540a8ba0a98353a9c2967a62059ce4e908d9323cc7c040,0x8d4b2cffe2dcbbf06eaa5920401db86ca5fb8177,0x4cc19356f2d37338b9802aa8e8fc58b0373296e7,0x53c8de2b686abbc929a36aaf15ba2a884ff1deac,94242200000000000000000,SelfKey,KEY,18,115,119247,50000000000,104247,3057835,deprecated,0x3e5b5e39,"addPrecommitment(address beneficiary, uint256 tokensAllocated, bool halfVesting)",20167175
4894368,1515732580,0x3291125901bd53c18065f3af0574f9549dbca0e530b985e8f2054e22a719e025,2373,0x7b0aeabd6f01c92f00540a8ba0a98353a9c2967a62059ce4e908d9323cc7c040,0x8d4b2cffe2dcbbf06eaa5920401db86ca5fb8177,0x4cc19356f2d37338b9802aa8e8fc58b0373296e7,0x70831ac4c8c20947d55eae9882cca14a665d2235,125656266666667000000000,SelfKey,KEY,18,154,119311,50000000000,104311,4872648,deprecated,0x3e5b5e39,"addPrecommitment(address beneficiary, uint256 tokensAllocated, bool halfVesting)",20167175
4894368,1515732580,0xd91bbc658525cf8ff0531daf7ba5ebea3e27c8ed64df5b6f46f0a806eed2d589,2374,0x7b0aeabd6f01c92f00540a8ba0a98353a9c2967a62059ce4e908d9323cc7c040,0x8d4b2cffe2dcbbf06eaa5920401db86ca5fb8177,0x4cc19356f2d37338b9802aa8e8fc58b0373296e7,0xf63579d1ef446b8160fbcfba15ab2dd1432231e7,155185489333333000000000,SelfKey,KEY,18,164,119311,50000000000,104311,5166014,deprecated,0x3e5b5e39,"addPrecommitment(address beneficiary, uint256 tokensAllocated, bool halfVesting)",20167175
4894368,1515732580,0x09b9e92a1971fb92f4196504ffa9b8b5b4078d6f31b35610fd2775161ddd6cef,2375,0x7b0aeabd6f01c92f00540a8ba0a98353a9c2967a62059ce4e908d9323cc7c040,0x8d4b2cffe2dcbbf06eaa5920401db86ca5fb8177,0x4cc19356f2d37338b9802aa8e8fc58b0373296e7,0x2bb4b8bea35a4a044927aa155527ec0af47bde14,125656266666667000000000,SelfKey,KEY,18,172,119311,50000000000,104311,5417329,deprecated,0x3e5b5e39,"addPrecommitment(address beneficiary, uint256 tokensAllocated, bool halfVesting)",20167175
4894368,1515732580,0xcfedebf46261706b8ee960499565e5ee49b23521d6187674f3fea02ac8ee488c,2376,0x7b0aeabd6f01c92f00540a8ba0a98353a9c2967a62059ce4e908d9323cc7c040,0x8d4b2cffe2dcbbf06eaa5920401db86ca5fb8177,0x4cc19356f2d37338b9802aa8e8fc58b0373296e7,0xb60c8ddb89ec9a3476a47d6e3bb432f0efb96183,126912829333333000000000,SelfKey,KEY,18,179,119311,50000000000,104311,5647644,deprecated,0x3e5b5e39,"addPrecommitment(address beneficiary, uint256 tokensAllocated, bool halfVesting)",20167175
4894368,1515732580,0xf0b6acd1ceedb3d8f97b6dd42595d619f83ae402a9746940bb2dc461f18bbc2d,2377,0x7b0aeabd6f01c92f00540a8ba0a98353a9c2967a62059ce4e908d9323cc7c040,0x8d4b2cffe2dcbbf06eaa5920401db86ca5fb8177,0x4cc19356f2d37338b9802aa8e8fc58b0373296e7,0x17bf3ed62460087056ca6be9f83be808656ff805,94242200000000000000000,SelfKey,KEY,18,186,119247,50000000000,104247,5909275,deprecated,0x3e5b5e39,"addPrecommitment(address beneficiary, uint256 tokensAllocated, bool halfVesting)",20167175
4894368,1515732580,0x4939a0823567f34d0d28a8f523f84e44b5b42b37173f8dbd000c9e62064ae063,2378,0x7b0aeabd6f01c92f00540a8ba0a98353a9c2967a62059ce4e908d9323cc7c040,0x8d4b2cffe2dcbbf06eaa5920401db86ca5fb8177,0x4cc19356f2d37338b9802aa8e8fc58b0373296e7,0x5e5e6c474a4420dfba1592a458c4af7cead0d468,94870481333333300000000,SelfKey,KEY,18,191,119311,50000000000,104311,6097586,deprecated,0x3e5b5e39,"addPrecommitment(address beneficiary, uint256 tokensAllocated, bool halfVesting)",20167175
4894368,1515732580,0xf438fdf8fae37a39a00ca71abfc49c3c7b3a05d2fc77d55209dcad6222fdbf65,2379,0x7b0aeabd6f01c92f00540a8ba0a98353a9c2967a62059ce4e908d9323cc7c040,0x8d4b2cffe2dcbbf06eaa5920401db86ca5fb8177,0x4cc19356f2d37338b9802aa8e8fc58b0373296e7,0x7de3d26c3a7184d376e3752b09f3253cefe38d07,94242200000000000000000,SelfKey,KEY,18,196,119247,50000000000,104247,6318523,deprecated,0x3e5b5e39,"addPrecommitment(address beneficiary, uint256 tokensAllocated, bool halfVesting)",20167175
4894368,1515732580,0x4c26cf39d2da0d1830e3c7efb70252978fd3e31c73f52aba581152cec2c02146,2380,0x7b0aeabd6f01c92f00540a8ba0a98353a9c2967a62059ce4e908d9323cc7c040,0x8d4b2cffe2dcbbf06eaa5920401db86ca5fb8177,0x4cc19356f2d37338b9802aa8e8fc58b0373296e7,0x32de33b786ca8d2ddfc680e14f5a868aab13d11d,94242200000000000000000,SelfKey,KEY,18,200,119247,50000000000,104247,6485770,deprecated,0x3e5b5e39,"addPrecommitment(address beneficiary, uint256 tokensAllocated, bool halfVesting)",20167175
4894368,1515732580,0xfd4d325a9aaa616f8ad2668f90a2e076b6d6f3759bc1115fd54e3d9a14fd5456,2381,0x7b0aeabd6f01c92f00540a8ba0a98353a9c2967a62059ce4e908d9323cc7c040,0x8d4b2cffe2dcbbf06eaa5920401db86ca5fb8177,0x4cc19356f2d37338b9802aa8e8fc58b0373296e7,0x776f47ba07897804fb6319de9e94ba88c521a1ca,804200106666667000000000,SelfKey,KEY,18,204,119311,50000000000,59311,6608081,deprecated,0x3e5b5e39,"addPrecommitment(address beneficiary, uint256 tokensAllocated, bool halfVesting)",20167175
4894368,1515732580,0xe332519d457e0621ca0792a91c18f56fd5377c6a8a9e2684ce63ff0d4fcad4e6,2382,0x7b0aeabd6f01c92f00540a8ba0a98353a9c2967a62059ce4e908d9323cc7c040,0x8d4b2cffe2dcbbf06eaa5920401db86ca5fb8177,0x4cc19356f2d37338b9802aa8e8fc58b0373296e7,0x98e0ef052abb3e811f1a2d7b432df067c4974dbd,62828133333333400000000,SelfKey,KEY,18,207,119311,50000000000,59311,6729235,deprecated,0x3e5b5e39,"addPrecommitment(address beneficiary, uint256 tokensAllocated, bool halfVesting)",20167175
4894368,1515732580,0x68527f4b05025c407822c6928607a868983c48e34c9fe6f6ef01b335c593d5c4,2383,0x7b0aeabd6f01c92f00540a8ba0a98353a9c2967a62059ce4e908d9323cc7c040,0x8d4b2cffe2dcbbf06eaa5920401db86ca5fb8177,0x4cc19356f2d37338b9802aa8e8fc58b0373296e7,0xfd8158d674036aa6294d268ec4fef6187f79fc2e,1306825173333330000000000,SelfKey,KEY,18,210,119375,50000000000,104375,6875610,deprecated,0x3e5b5e39,"addPrecommitment(address beneficiary, uint256 tokensAllocated, bool halfVesting)",20167175
4894368,1515732580,0xe05e00bdfcab200acc458749a7c3fabd7cc28e00a09e27ac62191890e6868040,2384,0x7b0aeabd6f01c92f00540a8ba0a98353a9c2967a62059ce4e908d9323cc7c040,0x8d4b2cffe2dcbbf06eaa5920401db86ca5fb8177,0x4cc19356f2d37338b9802aa8e8fc58b0373296e7,0xeff0e1f7fe6f0bf90bf9df36238d8847c4c13611,125656266666667000000000,SelfKey,KEY,18,213,119311,50000000000,104311,7021921,deprecated,0x3e5b5e39,"addPrecommitment(address beneficiary, uint256 tokensAllocated, bool halfVesting)",20167175
4894368,1515732580,0x03c74fe8107e5979da075b5d0d78b47fc8b340b91409eacc0b63912b9af7c91d,2385,0x7b0aeabd6f01c92f00540a8ba0a98353a9c2967a62059ce4e908d9323cc7c040,0x8d4b2cffe2dcbbf06eaa5920401db86ca5fb8177,0x4cc19356f2d37338b9802aa8e8fc58b0373296e7,0x5f4e634f3719c693bbcf6fc93ffd5aba64bd1e59,1306825173333330000000000,SelfKey,KEY,18,216,119375,50000000000,104375,7199495,deprecated,0x3e5b5e39,"addPrecommitment(address beneficiary, uint256 tokensAllocated, bool halfVesting)",20167175
4894368,1515732580,0x82a1e6158bd33f2d045f096f3c033cfa2b963c086a76c55dcb53dfbfd64ae9df,2386,0x7b0aeabd6f01c92f00540a8ba0a98353a9c2967a62059ce4e908d9323cc7c040,0x8d4b2cffe2dcbbf06eaa5920401db86ca5fb8177,0x4cc19356f2d37338b9802aa8e8fc58b0373296e7,0x9f2bc75767256066c55ce032404d691cd0c0df33,103666420000000000000000,SelfKey,KEY,18,219,119247,50000000000,104247,7345742,deprecated,0x3e5b5e39,"addPrecommitment(address beneficiary, uint256 tokensAllocated, bool halfVesting)",20167175
4894368,1515732580,0x7ee5be16ca1027ac4036fc664e90b834e93f98c6048a74cd6ac56e0971bf80db,2387,0x7b0aeabd6f01c92f00540a8ba0a98353a9c2967a62059ce4e908d9323cc7c040,0x8d4b2cffe2dcbbf06eaa5920401db86ca5fb8177,0x4cc19356f2d37338b9802aa8e8fc58b0373296e7,0xc4827b3dd2aecef92d2ab7093b512f7b58534bf6,1306825173333330000000000,SelfKey,KEY,18,222,119375,50000000000,104375,7492117,deprecated,0x3e5b5e39,"addPrecommitment(address beneficiary, uint256 tokensAllocated, bool halfVesting)",20167175
4894368,1515732580,0xe1d9036067ace8b7836ac958e616f06f6088ddb4a883575a15b5ce351f57bb8a,2388,0x7b0aeabd6f01c92f00540a8ba0a98353a9c2967a62059ce4e908d9323cc7c040,0x8d4b2cffe2dcbbf06eaa5920401db86ca5fb8177,0x4cc19356f2d37338b9802aa8e8fc58b0373296e7,0x2bc96b745aa3314212ccd582f5c17899fb3152af,102433472418153000000000,SelfKey,KEY,18,225,119311,50000000000,104311,7673271,deprecated,0x3e5b5e39,"addPrecommitment(address beneficiary, uint256 tokensAllocated, bool halfVesting)",20167175
4894368,1515732580,0x069449220292b7fa55b74897f11b19ef01041364868e8648023f8bab1fac1c20,2389,0x7b0aeabd6f01c92f00540a8ba0a98353a9c2967a62059ce4e908d9323cc7c040,0x8d4b2cffe2dcbbf06eaa5920401db86ca5fb8177,0x4cc19356f2d37338b9802aa8e8fc58b0373296e7,0xa8cb9440f01bf58bd8fd922b6754d02ff341f12a,125027985333333000000000,SelfKey,KEY,18,228,119311,50000000000,104311,7837336,deprecated,0x3e5b5e39,"addPrecommitment(address beneficiary, uint256 tokensAllocated, bool halfVesting)",20167175
4894368,1515732580,0xf9775326114693bb82246152ed9c9e78f368989823e47dd313e78128b532c1ca,2390,0x7b0aeabd6f01c92f00540a8ba0a98353a9c2967a62059ce4e908d9323cc7c040,0x8d4b2cffe2dcbbf06eaa5920401db86ca5fb8177,0x4cc19356f2d37338b9802aa8e8fc58b0373296e7,0x1f7770a566eb567ae289560a234eeeb2f729ef30,628281333333333000000000,SelfKey,KEY,18,230,119311,50000000000,104311,7962647,deprecated,0x3e5b5e39,"addPrecommitment(address beneficiary, uint256 tokensAllocated, bool halfVesting)",20167175
4894369,1515732584,0xf2ac7ff12f889d90eb642259d33e53bef9139a354bd10f36ccc5da6ac7698a27,2391,0xe509c75afec10ec999b55c14b4e9f0cc518c4fcf170309c3b3dad1479bb8d707,0x8d4b2cffe2dcbbf06eaa5920401db86ca5fb8177,0x4cc19356f2d37338b9802aa8e8fc58b0373296e7,0x1913c582c1f9ddd059171637a617207490c4d5e6,94242200000000000000000,SelfKey,KEY,18,293,119247,50000000000,104247,7979792,deprecated,0x3e5b5e39,"addPrecommitment(address beneficiary, uint256 tokensAllocated, bool halfVesting)",20167174
4894370,1515732587,0xd7d798c3a1a00b59b225ca39270c83a639523abb0a3c009ccfd751c304e101cc,2392,0xa6529131e219050c871d9224fc6153d10bce0d20d70809e8cf2acc57d6f33f3d,0x8d4b2cffe2dcbbf06eaa5920401db86ca5fb8177,0x4cc19356f2d37338b9802aa8e8fc58b0373296e7,0x9b97dedaaaddddfeeb00d550fc11dbebe5504052,94242200000000000000000,SelfKey,KEY,18,37,119183,50000000000,104183,1737885,deprecated,0x3e5b5e39,"addPrecommitment(address beneficiary, uint256 tokensAllocated, bool halfVesting)",20167173
4894370,1515732587,0xf17b3367f3fd54e39918b3560e139a0aefcb6bae2d048ba586ba11b00dddc69a,2393,0xa6529131e219050c871d9224fc6153d10bce0d20d70809e8cf2acc57d6f33f3d,0x8d4b2cffe2dcbbf06eaa5920401db86ca5fb8177,0x4cc19356f2d37338b9802aa8e8fc58b0373296e7,0xb2d799c33d1534b61822077f9bdbbd126ff03c76,94242200000000000000000,SelfKey,KEY,18,38,119247,50000000000,104247,1842132,deprecated,0x3e5b5e39,"addPrecommitment(address beneficiary, uint256 tokensAllocated, bool halfVesting)",20167173
4894370,1515732587,0x84980037682c860895d68c3ed108139bcf6ec2625ae11c8f55cca99fbce8c030,2394,0xa6529131e219050c871d9224fc6153d10bce0d20d70809e8cf2acc57d6f33f3d,0x8d4b2cffe2dcbbf06eaa5920401db86ca5fb8177,0x4cc19356f2d37338b9802aa8e8fc58b0373296e7,0xba6dcfe2636503b9aeea4c9bc7a04acb9319529e,314140666666667000000000,SelfKey,KEY,18,39,119311,50000000000,104311,1946443,deprecated,0x3e5b5e39,"addPrecommitment(address beneficiary, uint256 tokensAllocated, bool halfVesting)",20167173
4894370,1515732587,0x6dee6b6fc1f5ef9aa88b02fca293888aad2104fbb68e0de6464a537ded59e114,2395,0xa6529131e219050c871d9224fc6153d10bce0d20d70809e8cf2acc57d6f33f3d,0x8d4b2cffe2dcbbf06eaa5920401db86ca5fb8177,0x4cc19356f2d37338b9802aa8e8fc58b0373296e7,0xe060dd12b588bc2ba1ba4ff755d92098ac8bb5b3,160506137365564000000000,SelfKey,KEY,18,40,119311,50000000000,104311,2050754,deprecated,0x3e5b5e39,"addPrecommitment(address beneficiary, uint256 tokensAllocated, bool halfVesting)",20167173
4894370,1515732587,0x856e27ce4963c270839e5fd186895af9ff9b58bdfac20126e981fa574e06c28d,2396,0xa6529131e219050c871d9224fc6153d10bce0d20d70809e8cf2acc57d6f33f3d,0x8d4b2cffe2dcbbf06eaa5920401db86ca5fb8177,0x4cc19356f2d37338b9802aa8e8fc58b0373296e7,0x6461e1f300c550b0c152d2429314289e401288e7,219898466666667000000000,SelfKey,KEY,18,41,119247,50000000000,104247,2155001,deprecated,0x3e5b5e39,"addPrecommitment(address beneficiary, uint256 tokensAllocated, bool halfVesting)",20167173
4894370,1515732587,0xcc65a5c148b61fb860e4e31868203f14785dd3b8280eaa4b6299f93f8a840044,2397,0xa6529131e219050c871d9224fc6153d10bce0d20d70809e8cf2acc57d6f33f3d,0x8d4b2cffe2dcbbf06eaa5920401db86ca5fb8177,0x4cc19356f2d37338b9802aa8e8fc58b0373296e7,0x2f66b3b4dae6db4439cb1d8734f6270441e02427,125656266666667000000000,SelfKey,KEY,18,42,119311,50000000000,104311,2259312,deprecated,0x3e5b5e39,"addPrecommitment(address beneficiary, uint256 tokensAllocated, bool halfVesting)",20167173
4894370,1515732587,0x7d44b94e330e2180d0cad778a1e86e3b8b4960ceca5adcc501e850e14c9c8f5f,2398,0xa6529131e219050c871d9224fc6153d10bce0d20d70809e8cf2acc57d6f33f3d,0x8d4b2cffe2dcbbf06eaa5920401db86ca5fb8177,0x4cc19356f2d37338b9802aa8e8fc58b0373296e7,0x1f7770a566eb567ae289560a234eeeb2f729ef30,628281333333333000000000,SelfKey,KEY,18,43,119311,50000000000,59311,2318623,deprecated,0x3e5b5e39,"addPrecommitment(address beneficiary, uint256 tokensAllocated, bool halfVesting)",20167173
4894370,1515732587,0x4f20ce6883589bfb1d9bce538f9c9fce8cd3c5f16ea9c47c10ea45f5d1ca6425,2399,0xa6529131e219050c871d9224fc6153d10bce0d20d70809e8cf2acc57d6f33f3d,0x8d4b2cffe2dcbbf06eaa5920401db86ca5fb8177,0x4cc19356f2d37338b9802aa8e8fc58b0373296e7,0x20275e007f9678e47a9f3c52ea85d68c24217a65,1306825173333330000000000,SelfKey,KEY,18,44,119311,50000000000,104311,2422934,deprecated,0x3e5b5e39,"addPrecommitment(address beneficiary, uint256 tokensAllocated, bool halfVesting)",20167173
4894370,1515732587,0x53b46835ba80dc386dfefd618ef11905588fd89757ad75eb74445245b0c45230,2400,0xa6529131e219050c871d9224fc6153d10bce0d20d70809e8cf2acc57d6f33f3d,0x8d4b2cffe2dcbbf06eaa5920401db86ca5fb8177,0x4cc19356f2d37338b9802aa8e8fc58b0373296e7,0x0081c9aac4a54eb9c1d2127763024783d11e437e,94849056939866700000000,SelfKey,KEY,18,45,119247,50000000000,104247,2527181,deprecated,0x3e5b5e39,"addPrecommitment(address beneficiary, uint256 tokensAllocated, bool halfVesting)",20167173
4894370,1515732587,0xb8e73b4b727935409a0c7340824eea3c0f9e89bbf590e889e966788981b7d3d9,2401,0xa6529131e219050c871d9224fc6153d10bce0d20d70809e8cf2acc57d6f33f3d,0x8d4b2cffe2dcbbf06eaa5920401db86ca5fb8177,0x4cc19356f2d37338b9802aa8e8fc58b0373296e7,0x60155489191796592869a45a478e4f7ffe718267,628281333333334000000,SelfKey,KEY,18,46,119311,50000000000,104311,2631492,deprecated,0x3e5b5e39,"addPrecommitment(address beneficiary, uint256 tokensAllocated, bool halfVesting)",20167173
4894370,1515732587,0xa9e5721db67dfe2d7f6940aec60e3cd8201c922d11fef70c7144250df1d9c88c,2402,0xa6529131e219050c871d9224fc6153d10bce0d20d70809e8cf2acc57d6f33f3d,0x8d4b2cffe2dcbbf06eaa5920401db86ca5fb8177,0x4cc19356f2d37338b9802aa8e8fc58b0373296e7,0x4e7edad218a28c7f3a66f67689cffb9b60e1e588,125656266666667000000000,SelfKey,KEY,18,47,119311,50000000000,104311,2735803,deprecated,0x3e5b5e39,"addPrecommitment(address beneficiary, uint256 tokensAllocated, bool halfVesting)",20167173
4894370,1515732587,0xecd0c112be86c59bf6bd54fc37f9d59f7f8e25768100c984cc843baf1a036582,2403,0xa6529131e219050c871d9224fc6153d10bce0d20d70809e8cf2acc57d6f33f3d,0x8d4b2cffe2dcbbf06eaa5920401db86ca5fb8177,0x4cc19356f2d37338b9802aa8e8fc58b0373296e7,0x54cf344ea98f5efc62cc6f944372eff9a05c01e6,125656266666667000000000,SelfKey,KEY,18,48,119311,50000000000,104311,2840114,deprecated,0x3e5b5e39,"addPrecommitment(address beneficiary, uint256 tokensAllocated, bool halfVesting)",20167173
4894370,1515732587,0xafcca559a7c1485d1465109bd745f2773cee3abf093fde10fa5ea50b8150ed6b,2404,0xa6529131e219050c871d9224fc6153d10bce0d20d70809e8cf2acc57d6f33f3d,0x8d4b2cffe2dcbbf06eaa5920401db86ca5fb8177,0x4cc19356f2d37338b9802aa8e8fc58b0373296e7,0x2d19ca3ca720a80d8d5ff4b28c674d8d76dd24e1,2136156533333330000000000,SelfKey,KEY,18,49,119375,50000000000,104375,2944489,deprecated,0x3e5b5e39,"addPrecommitment(address beneficiary, uint256 tokensAllocated, bool halfVesting)",20167173
4894370,1515732587,0xce70865a09e05440cd404ba01c467f28cbedc1e21613d3f853c62e7385c20d0f,2405,0xa6529131e219050c871d9224fc6153d10bce0d20d70809e8cf2acc57d6f33f3d,0x8d4b2cffe2dcbbf06eaa5920401db86ca5fb8177,0x4cc19356f2d37338b9802aa8e8fc58b0373296e7,0x8015affa6fd5ed61b5575cdf613c6dcd3ddca7b6,94242200000000000000000,SelfKey,KEY,18,50,119247,50000000000,104247,3048736,deprecated,0x3e5b5e39,"addPrecommitment(address beneficiary, uint256 tokensAllocated, bool halfVesting)",20167173
4894370,1515732587,0xb49eef709d79eb47aff5a60ee62e5d44f35995ecbb0e230e28d76e720ae3b891,2406,0xa6529131e219050c871d9224fc6153d10bce0d20d70809e8cf2acc57d6f33f3d,0x8d4b2cffe2dcbbf06eaa5920401db86ca5fb8177,0x4cc19356f2d37338b9802aa8e8fc58b0373296e7,0x5f1155ccb61bbf12c90c7a3e1baa08318775260e,135708768000000000000000,SelfKey,KEY,18,51,119247,50000000000,104247,3152983,deprecated,0x3e5b5e39,"addPrecommitment(address beneficiary, uint256 tokensAllocated, bool halfVesting)",20167173
4894370,1515732587,0x698a5e5eb486048c7848015d3659aed9ac12f9c17678b323c670156726b5b046,2407,0xa6529131e219050c871d9224fc6153d10bce0d20d70809e8cf2acc57d6f33f3d,0x8d4b2cffe2dcbbf06eaa5920401db86ca5fb8177,0x4cc19356f2d37338b9802aa8e8fc58b0373296e7,0xe9b7dffebf77f7222d085f4546fc5ccdd5e4c16e,94242200000000000000000,SelfKey,KEY,18,52,119247,50000000000,104247,3257230,deprecated,0x3e5b5e39,"addPrecommitment(address beneficiary, uint256 tokensAllocated, bool halfVesting)",20167173
4894370,1515732587,0x48c445c7d73a90fbab747cfc38f26ff5d7bd51055eb85677b0bf674f1027a01e,2408,0xa6529131e219050c871d9224fc6153d10bce0d20d70809e8cf2acc57d6f33f3d,0x8d4b2cffe2dcbbf06eaa5920401db86ca5fb8177,0x4cc19356f2d37338b9802aa8e8fc58b0373296e7,0x91cc5d40c1b025f33083500723e2fae40c3b2b99,628281333333333000000000,SelfKey,KEY,18,53,119311,50000000000,104311,3361541,deprecated,0x3e5b5e39,"addPrecommitment(address beneficiary, uint256 tokensAllocated, bool halfVesting)",20167173
4894370,1515732587,0x455f52e811561473531ea1ff2904ea00b9b64f264b3794c456d15424806dd038,2409,0xa6529131e219050c871d9224fc6153d10bce0d20d70809e8cf2acc57d6f33f3d,0x8d4b2cffe2dcbbf06eaa5920401db86ca5fb8177,0x4cc19356f2d37338b9802aa8e8fc58b0373296e7,0x07ffa351119ec289362dc380c4057635e6e7a761,125656266666667000000000,SelfKey,KEY,18,54,119311,50000000000,104311,3465852,deprecated,0x3e5b5e39,"addPrecommitment(address beneficiary, uint256 tokensAllocated, bool halfVesting)",20167173
4894370,1515732587,0xc89c45f3e6a77b46614d3c86e1b9e3afa081f1be3e854ce3ad0918297110f144,2410,0xa6529131e219050c871d9224fc6153d10bce0d20d70809e8cf2acc57d6f33f3d,0x8d4b2cffe2dcbbf06eaa5920401db86ca5fb8177,0x4cc19356f2d37338b9802aa8e8fc58b0373296e7,0x8c4b99ab0a32db6f75a7f637dd4929416aeb0999,314140666666667000000000,SelfKey,KEY,18,55,119311,50000000000,104311,3570163,deprecated,0x3e5b5e39,"addPrecommitment(address beneficiary, uint256 tokensAllocated, bool halfVesting)",20167173
4894370,1515732587,0xfdb5905e13aec8a1b5153d51857a0e0d9bd58a652e86431588dfe77320ff3939,2411,0xa6529131e219050c871d9224fc6153d10bce0d20d70809e8cf2acc57d6f33f3d,0x8d4b2cffe2dcbbf06eaa5920401db86ca5fb8177,0x4cc19356f2d37338b9802aa8e8fc58b0373296e7,0xe5f5ed1eb4925da34c51de6d21f985bb19417c06,144782720528385000000000,SelfKey,KEY,18,56,119311,50000000000,104311,3674474,deprecated,0x3e5b5e39,"addPrecommitment(address beneficiary, uint256 tokensAllocated, bool halfVesting)",20167173
4894370,1515732587,0x6f2fddf371448dbf0a95a0121628330b0523ac72ac85b7664409704d0acd1ae6,2412,0xa6529131e219050c871d9224fc6153d10bce0d20d70809e8cf2acc57d6f33f3d,0x8d4b2cffe2dcbbf06eaa5920401db86ca5fb8177,0x4cc19356f2d37338b9802aa8e8fc58b0373296e7,0xabd7ea31359d140bf060136c140764d94a3c2684,125656266666667000000000,SelfKey,KEY,18,57,119311,50000000000,104311,3778785,deprecated,0x3e5b5e39,"addPrecommitment(address beneficiary, uint256 tokensAllocated, bool halfVesting)",20167173
4894370,1515732587,0xf5deebe466560227b50752fbf05185ed19fda58750094c471f9c7077cab55db0,2413,0xa6529131e219050c871d9224fc6153d10bce0d20d70809e8cf2acc57d6f33f3d,0x8d4b2cffe2dcbbf06eaa5920401db86ca5fb8177,0x4cc19356f2d37338b9802aa8e8fc58b0373296e7,0x24af9b3033d6e6d8acc87931d67b26b7eafab2d8,1306825173333330000000000,SelfKey,KEY,18,58,119375,50000000000,104375,3883160,deprecated,0x3e5b5e39,"addPrecommitment(address beneficiary, uint256 tokensAllocated, bool halfVesting)",20167173
4894370,1515732587,0xfafc94224692bf69c553b30fb8481335c763a5a2ac6d5361ca1657b19d44e1a8,2414,0xa6529131e219050c871d9224fc6153d10bce0d20d70809e8cf2acc57d6f33f3d,0x8d4b2cffe2dcbbf06eaa5920401db86ca5fb8177,0x4cc19356f2d37338b9802aa8e8fc58b0373296e7,0x3e6f964b2b03aa6c37ea6160a5b007f4bd4faf63,101353716412000000000000,SelfKey,KEY,18,59,119311,50000000000,104311,3987471,deprecated,0x3e5b5e39,"addPrecommitment(address beneficiary, uint256 tokensAllocated, bool halfVesting)",20167173
4894370,1515732587,0x07ef4d395a779844fff736042da6f4a811bc3972b209a5c25c233fdeb6d0b35f,2415,0xa6529131e219050c871d9224fc6153d10bce0d20d70809e8cf2acc57d6f33f3d,0x8d4b2cffe2dcbbf06eaa5920401db86ca5fb8177,0x4cc19356f2d37338b9802aa8e8fc58b0373296e7,0x82f6d79cb84489258a291dc4a3270d61ce44cc18,100525013333333000000000,SelfKey,KEY,18,60,119311,50000000000,104311,4091782,deprecated,0x3e5b5e39,"addPrecommitment(address beneficiary, uint256 tokensAllocated, bool halfVesting)",20167173
4894370,1515732587,0xc57dcd167c9e885edc8c405f1043c551240e53e2fcba371ba4fe355f4a5628fc,2416,0xa6529131e219050c871d9224fc6153d10bce0d20d70809e8cf2acc57d6f33f3d,0x8d4b2cffe2dcbbf06eaa5920401db86ca5fb8177,0x4cc19356f2d37338b9802aa8e8fc58b0373296e7,0x71535aae1b6c0c51db317b54d5eee72d1ab843c1,94242200000000000000000,SelfKey,KEY,18,61,119247,50000000000,104247,4196029,deprecated,0x3e5b5e39,"addPrecommitment(address beneficiary, uint256 tokensAllocated, bool halfVesting)",20167173
4894370,1515732587,0x0d7775e535493e4886707cf84ac397f01eba6481b9f4057ebf35649e84024d7e,2417,0xa6529131e219050c871d9224fc6153d10bce0d20d70809e8cf2acc57d6f33f3d,0x8d4b2cffe2dcbbf06eaa5920401db86ca5fb8177,0x4cc19356f2d37338b9802aa8e8fc58b0373296e7,0x338cccfed95c01c17c02b1cfb25cb57bbdec3fa4,94242200000000000000000,SelfKey,KEY,18,62,119247,50000000000,104247,4300276,deprecated,0x3e5b5e39,"addPrecommitment(address beneficiary, uint256 tokensAllocated, bool halfVesting)",20167173
4894370,1515732587,0xab0db085ac11d4d1db0d65201e2262003544b748a6be438d6dc03c61ad20804e,2418,0xa6529131e219050c871d9224fc6153d10bce0d20d70809e8cf2acc57d6f33f3d,0x8d4b2cffe2dcbbf06eaa5920401db86ca5fb8177,0x4cc19356f2d37338b9802aa8e8fc58b0373296e7,0xe71fba00145d2b1bbd8de102050ac38c25a219b9,1306825173333330000000000,SelfKey,KEY,18,63,119311,50000000000,104311,4404587,deprecated,0x3e5b5e39,"addPrecommitment(address beneficiary, uint256 tokensAllocated, bool halfVesting)",20167173
4894370,1515732587,0x60a27b23becf7b4def35cd694c07263c370d730c69dd01eeb745c31ab84036e8,2419,0xa6529131e219050c871d9224fc6153d10bce0d20d70809e8cf2acc57d6f33f3d,0x8d4b2cffe2dcbbf06eaa5920401db86ca5fb8177,0x4cc19356f2d37338b9802aa8e8fc58b0373296e7,0x5401491ed2938d9c6f2b6593bae85b942bed0518,1306825173333330000000000,SelfKey,KEY,18,64,119375,50000000000,104375,4508962,deprecated,0x3e5b5e39,"addPrecommitment(address beneficiary, uint256 tokensAllocated, bool halfVesting)",20167173
4894370,1515732587,0x84b1874f4a3a860e7b13632155eb2bd1fa320c06cad722e24925dffd20cfc627,2420,0xa6529131e219050c871d9224fc6153d10bce0d20d70809e8cf2acc57d6f33f3d,0x8d4b2cffe2dcbbf06eaa5920401db86ca5fb8177,0x4cc19356f2d37338b9802aa8e8fc58b0373296e7,0x3b05b135161cc9e39f6ef4ce67bf5b52ef0b1d2e,94242200000000000000000,SelfKey,KEY,18,65,119247,50000000000,104247,4613209,deprecated,0x3e5b5e39,"addPrecommitment(address beneficiary, uint256 tokensAllocated, bool halfVesting)",20167173
4894370,1515732587,0x68da74e05dde45c7951b306964d551a51ad7466d0238842d33a887642ed408cb,2421,0xa6529131e219050c871d9224fc6153d10bce0d20d70809e8cf2acc57d6f33f3d,0x8d4b2cffe2dcbbf06eaa5920401db86ca5fb8177,0x4cc19356f2d37338b9802aa8e8fc58b0373296e7,0x1d78010ae098d2ddfc01c7306f16776d1409a576,491944284000000000000000,SelfKey,KEY,18,66,119247,50000000000,104247,4717456,deprecated,0x3e5b5e39,"addPrecommitment(address beneficiary, uint256 tokensAllocated, bool halfVesting)",20167173
4894370,1515732587,0x7017645da90e29d0c76c3208cbd50d7bac8bcde56412ada4480cb855cbf37b8d,2422,0xa6529131e219050c871d9224fc6153d10bce0d20d70809e8cf2acc57d6f33f3d,0x8d4b2cffe2dcbbf06eaa5920401db86ca5fb8177,0x4cc19356f2d37338b9802aa8e8fc58b0373296e7,0xff09e9434fe1c3d589726c625950c3675fd1a2d1,94242200000000000000000,SelfKey,KEY,18,67,119247,50000000000,104247,4821703,deprecated,0x3e5b5e39,"addPrecommitment(address beneficiary, uint256 tokensAllocated, bool halfVesting)",20167173
4894370,1515732587,0xe8e7d3ad4d50016c0f73cb8bfa51bedea6447dfd38fcda8c5423bcd184de4aad,2423,0xa6529131e219050c871d9224fc6153d10bce0d20d70809e8cf2acc57d6f33f3d,0x8d4b2cffe2dcbbf06eaa5920401db86ca5fb8177,0x4cc19356f2d37338b9802aa8e8fc58b0373296e7,0xa3d7dedda551204ccb03bd79aa87824cc453b8de,238746906666667000000000,SelfKey,KEY,18,68,119311,50000000000,104311,4926014,deprecated,0x3e5b5e39,"addPrecommitment(address beneficiary, uint256 tokensAllocated, bool halfVesting)",20167173
4894370,1515732587,0x896924e795d25ad18cf32770700b73f3790fd86fd2e8ee5109a0bbfef1fbec6f,2424,0xa6529131e219050c871d9224fc6153d10bce0d20d70809e8cf2acc57d6f33f3d,0x8d4b2cffe2dcbbf06eaa5920401db86ca5fb8177,0x4cc19356f2d37338b9802aa8e8fc58b0373296e7,0x875a7dfc5749eacfc5f2725e717d7b17cd5492fa,94242200000000000000000,SelfKey,KEY,18,69,119247,50000000000,104247,5030261,deprecated,0x3e5b5e39,"addPrecommitment(address beneficiary, uint256 tokensAllocated, bool halfVesting)",20167173
4894370,1515732587,0x16a659c9b82d2da938e86cb8a09d49c3a945ef44c78ad6a302fbc702174f3872,2425,0xa6529131e219050c871d9224fc6153d10bce0d20d70809e8cf2acc57d6f33f3d,0x8d4b2cffe2dcbbf06eaa5920401db86ca5fb8177,0x4cc19356f2d37338b9802aa8e8fc58b0373296e7,0xa1239c12faec17867d58c06fdbd555b7649cb0b4,157070333333333000000000,SelfKey,KEY,18,70,119311,50000000000,104311,5134572,deprecated,0x3e5b5e39,"addPrecommitment(address beneficiary, uint256 tokensAllocated, bool halfVesting)",20167173
4894370,1515732587,0xb39519b731a23815c9ce3b5c199cf20bbe0174fd03cc14a18c47c12e4f154a59,2426,0xa6529131e219050c871d9224fc6153d10bce0d20d70809e8cf2acc57d6f33f3d,0x8d4b2cffe2dcbbf06eaa5920401db86ca5fb8177,0x4cc19356f2d37338b9802aa8e8fc58b0373296e7,0x539add43e9b04ce973f21625f9575e9d54cfa629,113090640000000000000000,SelfKey,KEY,18,71,119247,50000000000,104247,5238819,deprecated,0x3e5b5e39,"addPrecommitment(address beneficiary, uint256 tokensAllocated, bool halfVesting)",20167173
4894370,1515732587,0x5a8cf7654fc7e3900c5ce49c675132c35bcdefde7192bce1b1f7aeb28e44dd98,2427,0xa6529131e219050c871d9224fc6153d10bce0d20d70809e8cf2acc57d6f33f3d,0x8d4b2cffe2dcbbf06eaa5920401db86ca5fb8177,0x4cc19356f2d37338b9802aa8e8fc58b0373296e7,0x050cbbcce5bc7d4e7831e9136dd54151609bb7ce,94242200000000000000000,SelfKey,KEY,18,72,119247,50000000000,104247,5343066,deprecated,0x3e5b5e39,"addPrecommitment(address beneficiary, uint256 tokensAllocated, bool halfVesting)",20167173
4894370,1515732587,0x9ac55557055d8489990afebe01ea4184dda0832fe71f0c0b5e203a99a4decf9e,2428,0xa6529131e219050c871d9224fc6153d10bce0d20d70809e8cf2acc57d6f33f3d,0x8d4b2cffe2dcbbf06eaa5920401db86ca5fb8177,0x4cc19356f2d37338b9802aa8e8fc58b0373296e7,0x3e8acff977fb67220e06faddb8e04c2e1aef2a31,753937600000000000000000,SelfKey,KEY,18,73,119247,50000000000,104247,5447313,deprecated,0x3e5b5e39,"addPrecommitment(address beneficiary, uint256 tokensAllocated, bool halfVesting)",20167173
4894370,1515732587,0x4e9a5f523d65226538a4c616d5f3c8d7490972cc28819a999b5c975cbfb65576,2429,0xa6529131e219050c871d9224fc6153d10bce0d20d70809e8cf2acc57d6f33f3d,0x8d4b2cffe2dcbbf06eaa5920401db86ca5fb8177,0x4cc19356f2d37338b9802aa8e8fc58b0373296e7,0x041dedfec783d8d6d8bd4f81cb3675042151184d,1306825173333330000000000,SelfKey,KEY,18,74,119375,50000000000,104375,5551688,deprecated,0x3e5b5e39,"addPrecommitment(address beneficiary, uint256 tokensAllocated, bool halfVesting)",20167173
4894370,1515732587,0x44c732e6f89a08339c057f962a4dae719be88f05420f460b2fa0f484d6a922be,2430,0xa6529131e219050c871d9224fc6153d10bce0d20d70809e8cf2acc57d6f33f3d,0x8d4b2cffe2dcbbf06eaa5920401db86ca5fb8177,0x4cc19356f2d37338b9802aa8e8fc58b0373296e7,0x19bd55306174e2c493f69caa57ce94ccb53f849f,125027985333333000000000,SelfKey,KEY,18,75,119311,50000000000,104311,5655999,deprecated,0x3e5b5e39,"addPrecommitment(address beneficiary, uint256 tokensAllocated, bool halfVesting)",20167173
4894370,1515732587,0xec2804a7be9ab96542a39fb8542f0139ba64b1b297a9288ea1acd5925d967203,2431,0xa6529131e219050c871d9224fc6153d10bce0d20d70809e8cf2acc57d6f33f3d,0x8d4b2cffe2dcbbf06eaa5920401db86ca5fb8177,0x4cc19356f2d37338b9802aa8e8fc58b0373296e7,0x648488d142a1e51c9ad8024ce7b9f1d827dd30c5,188484400000000000000000,SelfKey,KEY,18,76,119247,50000000000,104247,5760246,deprecated,0x3e5b5e39,"addPrecommitment(address beneficiary, uint256 tokensAllocated, bool halfVesting)",20167173
4894370,1515732587,0xd80c499c22aff37791c16d746a1988e6b471f1cf03d6e7cc42664e93d5dfeb3c,2432,0xa6529131e219050c871d9224fc6153d10bce0d20d70809e8cf2acc57d6f33f3d,0x8d4b2cffe2dcbbf06eaa5920401db86ca5fb8177,0x4cc19356f2d37338b9802aa8e8fc58b0373296e7,0x10c0a4dece00856d89cbf047cfaaf7b2fd8019f0,628281333333333000000000,SelfKey,KEY,18,77,119247,50000000000,104247,5864493,deprecated,0x3e5b5e39,"addPrecommitment(address beneficiary, uint256 tokensAllocated, bool halfVesting)",20167173
4894370,1515732587,0xf610636df64ffb2416d6da6fcf72248cfae1cb25a18174ea3a179489ef595cd1,2433,0xa6529131e219050c871d9224fc6153d10bce0d20d70809e8cf2acc57d6f33f3d,0x8d4b2cffe2dcbbf06eaa5920401db86ca5fb8177,0x4cc19356f2d37338b9802aa8e8fc58b0373296e7,0x73081091d1e25fd99dc485d4afa879012ce525d1,94242200000000000000000,SelfKey,KEY,18,78,119247,50000000000,104247,5968740,deprecated,0x3e5b5e39,"addPrecommitment(address beneficiary, uint256 tokensAllocated, bool halfVesting)",20167173
4894370,1515732587,0x93454a9eda8a632287e09e4e811229e7f316dfacb613c4a8310479e0e2c68076,2434,0xa6529131e219050c871d9224fc6153d10bce0d20d70809e8cf2acc57d6f33f3d,0x8d4b2cffe2dcbbf06eaa5920401db86ca5fb8177,0x4cc19356f2d37338b9802aa8e8fc58b0373296e7,0xfa292b8e6073ad9884b6f37411c964ee507bc256,157070333333333000000000,SelfKey,KEY,18,79,119311,50000000000,104311,6073051,deprecated,0x3e5b5e39,"addPrecommitment(address beneficiary, uint256 tokensAllocated, bool halfVesting)",20167173
4894370,1515732587,0x9c8f9d0d933f8e561755072dbe28a42bd551b656335b16083e20d351562ed8f0,2435,0xa6529131e219050c871d9224fc6153d10bce0d20d70809e8cf2acc57d6f33f3d,0x8d4b2cffe2dcbbf06eaa5920401db86ca5fb8177,0x4cc19356f2d37338b9802aa8e8fc58b0373296e7,0x525f463f4f8c5e68dfa9506cde7e87604bf17f8a,125656266666667000000000,SelfKey,KEY,18,80,119311,50000000000,104311,6177362,deprecated,0x3e5b5e39,"addPrecommitment(address beneficiary, uint256 tokensAllocated, bool halfVesting)",20167173
4894370,1515732587,0xc893065557a9f40f48b819a070afccb18d2e63ea267500df49da578236abbfdb,2436,0xa6529131e219050c871d9224fc6153d10bce0d20d70809e8cf2acc57d6f33f3d,0x8d4b2cffe2dcbbf06eaa5920401db86ca5fb8177,0x4cc19356f2d37338b9802aa8e8fc58b0373296e7,0x682698e73e4572d3790d37980a7e74b2ab0e7c92,565453200000000000000000,SelfKey,KEY,18,81,119247,50000000000,104247,6281609,deprecated,0x3e5b5e39,"addPrecommitment(address beneficiary, uint256 tokensAllocated, bool halfVesting)",20167173
4894370,1515732587,0x1ef5743ffeef6f982077117e31fc2fa59eaa4463c396755dc03b3d7f96fcb8f1,2437,0xa6529131e219050c871d9224fc6153d10bce0d20d70809e8cf2acc57d6f33f3d,0x8d4b2cffe2dcbbf06eaa5920401db86ca5fb8177,0x4cc19356f2d37338b9802aa8e8fc58b0373296e7,0xcd1337b8c7e0fa98c0b600ad350001372acb7998,1306825173333330000000000,SelfKey,KEY,18,82,119247,50000000000,104247,6385856,deprecated,0x3e5b5e39,"addPrecommitment(address beneficiary, uint256 tokensAllocated, bool halfVesting)",20167173
4894370,1515732587,0x5faa48929db63e3eaeee30486371e74acab204189d27e0be74ad118a7d87ce0f,2438,0xa6529131e219050c871d9224fc6153d10bce0d20d70809e8cf2acc57d6f33f3d,0x8d4b2cffe2dcbbf06eaa5920401db86ca5fb8177,0x4cc19356f2d37338b9802aa8e8fc58b0373296e7,0x3dbbbce710fc71eab5fd35c40743851ac5f08407,169635960000000000000000,SelfKey,KEY,18,83,119247,50000000000,104247,6490103,deprecated,0x3e5b5e39,"addPrecommitment(address beneficiary, uint256 tokensAllocated, bool halfVesting)",20167173
4894370,1515732587,0x46f1ec5d856f47f0fe93bfb8cef7233fb1145065218756d7e34caaa4349ca63e,2439,0xa6529131e219050c871d9224fc6153d10bce0d20d70809e8cf2acc57d6f33f3d,0x8d4b2cffe2dcbbf06eaa5920401db86ca5fb8177,0x4cc19356f2d37338b9802aa8e8fc58b0373296e7,0x6b8f3b3943594ee70190b303fa9df302214a112d,942422000000000000000000,SelfKey,KEY,18,84,119247,50000000000,104247,6594350,deprecated,0x3e5b5e39,"addPrecommitment(address beneficiary, uint256 tokensAllocated, bool halfVesting)",20167173
4894370,1515732587,0x0590b1679a6640a26231a53a305330fb1cbfb52c8d7e65ec324324fa72d01902,2440,0xa6529131e219050c871d9224fc6153d10bce0d20d70809e8cf2acc57d6f33f3d,0x8d4b2cffe2dcbbf06eaa5920401db86ca5fb8177,0x4cc19356f2d37338b9802aa8e8fc58b0373296e7,0x82b56a538ad1d88b1be3dbd5246500c3835b07fd,125656266666667000000000,SelfKey,KEY,18,85,119247,50000000000,104247,6698597,deprecated,0x3e5b5e39,"addPrecommitment(address beneficiary, uint256 tokensAllocated, bool halfVesting)",20167173
4894370,1515732587,0xadb6133e247962daf0a10667d81c25565e8472c9b5a203b49e795cb7419d5944,2441,0xa6529131e219050c871d9224fc6153d10bce0d20d70809e8cf2acc57d6f33f3d,0x8d4b2cffe2dcbbf06eaa5920401db86ca5fb8177,0x4cc19356f2d37338b9802aa8e8fc58b0373296e7,0x55dec70a47eae12032d85f375a8031b020f63488,188484400000000000000000,SelfKey,KEY,18,86,119247,50000000000,104247,6802844,deprecated,0x3e5b5e39,"addPrecommitment(address beneficiary, uint256 tokensAllocated, bool halfVesting)",20167173
4894370,1515732587,0x54088861a509d756b14392f9607c47272415a4c152e17bdb3104f6a2771dd70f,2442,0xa6529131e219050c871d9224fc6153d10bce0d20d70809e8cf2acc57d6f33f3d,0x8d4b2cffe2dcbbf06eaa5920401db86ca5fb8177,0x4cc19356f2d37338b9802aa8e8fc58b0373296e7,0x9004ed8bce3fd0afcbf54d60977798ec09d43b34,628281333333333000000000,SelfKey,KEY,18,87,119311,50000000000,104311,6907155,deprecated,0x3e5b5e39,"addPrecommitment(address beneficiary, uint256 tokensAllocated, bool halfVesting)",20167173
4894370,1515732587,0x9c7b8ce82cd80212aa1c6822de8669a3e72b556e036977558f1d94e6963733f3,2443,0xa6529131e219050c871d9224fc6153d10bce0d20d70809e8cf2acc57d6f33f3d,0x8d4b2cffe2dcbbf06eaa5920401db86ca5fb8177,0x4cc19356f2d37338b9802aa8e8fc58b0373296e7,0x311c8c4454c2f7521a279a8b1668475f77864fc5,94242200000000000000000,SelfKey,KEY,18,88,119247,50000000000,104247,7011402,deprecated,0x3e5b5e39,"addPrecommitment(address beneficiary, uint256 tokensAllocated, bool halfVesting)",20167173
4894370,1515732587,0x26084e3f58d971fa724db5a0706653364d8b3146bacf62d1d1bcd5651431fabc,2444,0xa6529131e219050c871d9224fc6153d10bce0d20d70809e8cf2acc57d6f33f3d,0x8d4b2cffe2dcbbf06eaa5920401db86ca5fb8177,0x4cc19356f2d37338b9802aa8e8fc58b0373296e7,0xe4a8601e4140870742adb9d0b8d19550604eb255,157070333333333000000000,SelfKey,KEY,18,89,119311,50000000000,104311,7115713,deprecated,0x3e5b5e39,"addPrecommitment(address beneficiary, uint256 tokensAllocated, bool halfVesting)",20167173
4894370,1515732587,0x86ca308633df2f58babd875efb115d35a8cdd3035156818012eef8833f65dbed,2445,0xa6529131e219050c871d9224fc6153d10bce0d20d70809e8cf2acc57d6f33f3d,0x8d4b2cffe2dcbbf06eaa5920401db86ca5fb8177,0x4cc19356f2d37338b9802aa8e8fc58b0373296e7,0x70020aba5a0250a9a830e9f33cb9a8882d18377d,1306825173333330000000000,SelfKey,KEY,18,90,119375,50000000000,104375,7220088,deprecated,0x3e5b5e39,"addPrecommitment(address beneficiary, uint256 tokensAllocated, bool halfVesting)",20167173
4894370,1515732587,0x40ef7ee857be84e3ee90315db57179d7ed20ca6b029680135947ea44a38a1cbc,2446,0xa6529131e219050c871d9224fc6153d10bce0d20d70809e8cf2acc57d6f33f3d,0x8d4b2cffe2dcbbf06eaa5920401db86ca5fb8177,0x4cc19356f2d37338b9802aa8e8fc58b0373296e7,0x363be7c77cb03b97dbac22c92b738ae0fbbb9c45,125656266666667000000000,SelfKey,KEY,18,91,119311,50000000000,104311,7324399,deprecated,0x3e5b5e39,"addPrecommitment(address beneficiary, uint256 tokensAllocated, bool halfVesting)",20167173
4894370,1515732587,0x01f0968852867323c9a394b5aa2057224c9773159787a0b441cc33be116f1a94,2447,0xa6529131e219050c871d9224fc6153d10bce0d20d70809e8cf2acc57d6f33f3d,0x8d4b2cffe2dcbbf06eaa5920401db86ca5fb8177,0x4cc19356f2d37338b9802aa8e8fc58b0373296e7,0x759866022b4be2fa86f3883f5e96e6e48c886843,370685986666667000000000,SelfKey,KEY,18,92,119311,50000000000,104311,7428710,deprecated,0x3e5b5e39,"addPrecommitment(address beneficiary, uint256 tokensAllocated, bool halfVesting)",20167173
4894370,1515732587,0x66bf59f64b2e38080912b5b918ed8232a151eac9297539d5c16c4a2461aeb560,2448,0xa6529131e219050c871d9224fc6153d10bce0d20d70809e8cf2acc57d6f33f3d,0x8d4b2cffe2dcbbf06eaa5920401db86ca5fb8177,0x4cc19356f2d37338b9802aa8e8fc58b0373296e7,0x29e7a7c0b0003dcd5f08a514abfc20e4ae03e3b9,188484400000000000000000,SelfKey,KEY,18,93,119183,50000000000,104183,7532893,deprecated,0x3e5b5e39,"addPrecommitment(address beneficiary, uint256 tokensAllocated, bool halfVesting)",20167173
4894370,1515732587,0xf651c671f4c49122e8bec31f62550cf246563412aed2b9c97077c5c121c03fcb,2449,0xa6529131e219050c871d9224fc6153d10bce0d20d70809e8cf2acc57d6f33f3d,0x8d4b2cffe2dcbbf06eaa5920401db86ca5fb8177,0x4cc19356f2d37338b9802aa8e8fc58b0373296e7,0x5c2a673f7ee8506734ba72ec33397f5d54a5e718,314140666666667000000000,SelfKey,KEY,18,94,119311,50000000000,104311,7637204,deprecated,0x3e5b5e39,"addPrecommitment(address beneficiary, uint256 tokensAllocated, bool halfVesting)",20167173
4894370,1515732587,0x8b3a20c4433ef90735f2c3360ad5b528eff51af16d1d653b6b7b6448eed6e58e,2450,0xa6529131e219050c871d9224fc6153d10bce0d20d70809e8cf2acc57d6f33f3d,0x8d4b2cffe2dcbbf06eaa5920401db86ca5fb8177,0x4cc19356f2d37338b9802aa8e8fc58b0373296e7,0xa7c981a10ab8b675decfd7c7ab1bcff9cdd29bf8,125656266666667000000000,SelfKey,KEY,18,95,119311,50000000000,104311,7741515,deprecated,0x3e5b5e39,"addPrecommitment(address beneficiary, uint256 tokensAllocated, bool halfVesting)",20167173
4894370,1515732587,0xb3c288edc052a7b48260ef231fc4106c4898676de72f772412502c2e3d029627,2451,0xa6529131e219050c871d9224fc6153d10bce0d20d70809e8cf2acc57d6f33f3d,0x8d4b2cffe2dcbbf06eaa5920401db86ca5fb8177,0x4cc19356f2d37338b9802aa8e8fc58b0373296e7,0x0c751e9b472448920e5208b79996e94465cee695,76022041333333300000000,SelfKey,KEY,18,96,119311,50000000000,104311,7845826,deprecated,0x3e5b5e39,"addPrecommitment(address beneficiary, uint256 tokensAllocated, bool halfVesting)",20167173
4894370,1515732587,0xd285916dc1918412d14e00c8c38ca9f149d6609e6112bfc7f070d26c58931cf9,2452,0xa6529131e219050c871d9224fc6153d10bce0d20d70809e8cf2acc57d6f33f3d,0x8d4b2cffe2dcbbf06eaa5920401db86ca5fb8177,0x4cc19356f2d37338b9802aa8e8fc58b0373296e7,0x224d0f96e8ff6d4641b86a04a5a039f0587a0f3c,94242200000000000000000,SelfKey,KEY,18,97,119247,50000000000,104247,7950073,deprecated,0x3e5b5e39,"addPrecommitment(address beneficiary, uint256 tokensAllocated, bool halfVesting)",20167173
4894371,1515732591,0x767782e6802ce3af84d6d84f943307bae308f7d4a5f2db7013a4e06351acdeb4,2453,0x8ae6cdb17c6741655d74fe4ab3037a9c25d4d4a4dbe972b37b1d210c9c158b6a,0x8d4b2cffe2dcbbf06eaa5920401db86ca5fb8177,0x4cc19356f2d37338b9802aa8e8fc58b0373296e7,0x68a40ba738b3687d541fc37a14de91eb7ba6f43d,314140666666667000000000,SelfKey,KEY,18,20,119311,50000000000,104311,580158,deprecated,0x3e5b5e39,"addPrecommitment(address beneficiary, uint256 tokensAllocated, bool halfVesting)",20167172
4894371,1515732591,0xeb3afd985a7266475bca2fbcc5600b847ab1896cd8dcccbf551cbff0a297233c,2454,0x8ae6cdb17c6741655d74fe4ab3037a9c25d4d4a4dbe972b37b1d210c9c158b6a,0x8d4b2cffe2dcbbf06eaa5920401db86ca5fb8177,0x4cc19356f2d37338b9802aa8e8fc58b0373296e7,0x534c51d2326d411a057ba94493eb3b546fec4d03,138221893333333000000000,SelfKey,KEY,18,32,119311,50000000000,104311,1159680,deprecated,0x3e5b5e39,"addPrecommitment(address beneficiary, uint256 tokensAllocated, bool halfVesting)",20167172
4894371,1515732591,0xd4851dc0b0f786ed82f6d25e0eef1ec52029b6e4a744fd5a16a5db8a311946c0,2455,0x8ae6cdb17c6741655d74fe4ab3037a9c25d4d4a4dbe972b37b1d210c9c158b6a,0x8d4b2cffe2dcbbf06eaa5920401db86ca5fb8177,0x4cc19356f2d37338b9802aa8e8fc58b0373296e7,0x206e53a6fbb04f3f7a07ee83a135f5e615f8440c,125656266666667000000000,SelfKey,KEY,18,33,119311,50000000000,104311,1263991,deprecated,0x3e5b5e39,"addPrecommitment(address beneficiary, uint256 tokensAllocated, bool halfVesting)",20167172
4894371,1515732591,0x14aa8e6ce00f0f123347f56b4a67c8c9d084ff0432c6ec25b4b135179b5e44e7,2456,0x8ae6cdb17c6741655d74fe4ab3037a9c25d4d4a4dbe972b37b1d210c9c158b6a,0x8d4b2cffe2dcbbf06eaa5920401db86ca5fb8177,0x4cc19356f2d37338b9802aa8e8fc58b0373296e7,0x283b5e9dbe16eae3c7210a01fb35000732aaed9e,219898466666667000000000,SelfKey,KEY,18,34,119247,50000000000,104247,1368238,deprecated,0x3e5b5e39,"addPrecommitment(address beneficiary, uint256 tokensAllocated, bool halfVesting)",20167172
4894371,1515732591,0x477b2ed4f785949aa2f221fbe7712b3fccbe9c52e2fa90d74d4deeedca699984,2457,0x8ae6cdb17c6741655d74fe4ab3037a9c25d4d4a4dbe972b37b1d210c9c158b6a,0x8d4b2cffe2dcbbf06eaa5920401db86ca5fb8177,0x4cc19356f2d37338b9802aa8e8fc58b0373296e7,0xfe570d0e10b354b0224e661d1ed57b94dd974973,94242200000000000000000,SelfKey,KEY,18,35,119247,50000000000,104247,1472485,deprecated,0x3e5b5e39,"addPrecommitment(address beneficiary, uint256 tokensAllocated, bool halfVesting)",20167172
4894371,1515732591,0x9db5dca6b6bee7fc29625b1bed2f1e5032cfe5c9c80ee216aad99ba6c5ecaadd,2458,0x8ae6cdb17c6741655d74fe4ab3037a9c25d4d4a4dbe972b37b1d210c9c158b6a,0x8d4b2cffe2dcbbf06eaa5920401db86ca5fb8177,0x4cc19356f2d37338b9802aa8e8fc58b0373296e7,0x6a6826857d9070fbd337c66301e373a794afbedc,188484400000000000000000,SelfKey,KEY,18,36,119247,50000000000,104247,1576732,deprecated,0x3e5b5e39,"addPrecommitment(address beneficiary, uint256 tokensAllocated, bool halfVesting)",20167172
4894371,1515732591,0x61c0a4a0a31f3a5cb25ac7572cd73e2ff6dad2d98078ee452b6bf3d90699d1e9,2459,0x8ae6cdb17c6741655d74fe4ab3037a9c25d4d4a4dbe972b37b1d210c9c158b6a,0x8d4b2cffe2dcbbf06eaa5920401db86ca5fb8177,0x4cc19356f2d37338b9802aa8e8fc58b0373296e7,0xdb82442e01471c5b89edf0d663fafc061be073fd,182201586666667000000000,SelfKey,KEY,18,37,119311,50000000000,104311,1681043,deprecated,0x3e5b5e39,"addPrecommitment(address beneficiary, uint256 tokensAllocated, bool halfVesting)",20167172
4894371,1515732591,0xbad750be64cd839cde22087288e989181371c2e69f70e0f21361c75dfbfbb457,2460,0x8ae6cdb17c6741655d74fe4ab3037a9c25d4d4a4dbe972b37b1d210c9c158b6a,0x8d4b2cffe2dcbbf06eaa5920401db86ca5fb8177,0x4cc19356f2d37338b9802aa8e8fc58b0373296e7,0xe3557e84bd0247c09ec369d3c904e9dab87d60a7,94242200000000000000000,SelfKey,KEY,18,38,119247,50000000000,104247,1785290,deprecated,0x3e5b5e39,"addPrecommitment(address beneficiary, uint256 tokensAllocated, bool halfVesting)",20167172
4894371,1515732591,0x315f8cd383a7a9eec75d4e32dfdd8757f8efe5bee0978a1589fd76c54e7b5d4a,2461,0x8ae6cdb17c6741655d74fe4ab3037a9c25d4d4a4dbe972b37b1d210c9c158b6a,0x8d4b2cffe2dcbbf06eaa5920401db86ca5fb8177,0x4cc19356f2d37338b9802aa8e8fc58b0373296e7,0x466698583df3156b696311a7c5d5e1a9f5be9b36,125656266666667000000000,SelfKey,KEY,18,39,119311,50000000000,104311,1889601,deprecated,0x3e5b5e39,"addPrecommitment(address beneficiary, uint256 tokensAllocated, bool halfVesting)",20167172
4894371,1515732591,0xac1225976d188fdddbdf30cd07484f3f2a7dc196fd93e82579e25824e02cd0ba,2462,0x8ae6cdb17c6741655d74fe4ab3037a9c25d4d4a4dbe972b37b1d210c9c158b6a,0x8d4b2cffe2dcbbf06eaa5920401db86ca5fb8177,0x4cc19356f2d37338b9802aa8e8fc58b0373296e7,0xbcc5722ce4715183e90b76b71c6a975f604e6dd2,320056563701333000000000,SelfKey,KEY,18,40,119311,50000000000,104311,1993912,deprecated,0x3e5b5e39,"addPrecommitment(address beneficiary, uint256 tokensAllocated, bool halfVesting)",20167172
4894371,1515732591,0xb9b70d2ee3cc1dc32f25aa85f7acae2bbf85926e1381dbb2710e0cf5c41363e3,2463,0x8ae6cdb17c6741655d74fe4ab3037a9c25d4d4a4dbe972b37b1d210c9c158b6a,0x8d4b2cffe2dcbbf06eaa5920401db86ca5fb8177,0x4cc19356f2d37338b9802aa8e8fc58b0373296e7,0x6a6826857d9070fbd337c66301e373a794afbedc,188484400000000000000000,SelfKey,KEY,18,41,119247,50000000000,59247,2053159,deprecated,0x3e5b5e39,"addPrecommitment(address beneficiary, uint256 tokensAllocated, bool halfVesting)",20167172
4894371,1515732591,0x3b34a56761b83b1e803316ced5eabfccd3d016a99e6bcacf610e8ff5a84f4f03,2464,0x8ae6cdb17c6741655d74fe4ab3037a9c25d4d4a4dbe972b37b1d210c9c158b6a,0x8d4b2cffe2dcbbf06eaa5920401db86ca5fb8177,0x4cc19356f2d37338b9802aa8e8fc58b0373296e7,0x9a4a90e2732f3fa4087b0bb4bf85c76d14833df1,591825702940934000000000,SelfKey,KEY,18,42,119311,50000000000,104311,2157470,deprecated,0x3e5b5e39,"addPrecommitment(address beneficiary, uint256 tokensAllocated, bool halfVesting)",20167172
4894371,1515732591,0xe9562afd7e2e0ee9ab9679099109bf0c99d64d541d80a4280cf6d789f10ea4db,2465,0x8ae6cdb17c6741655d74fe4ab3037a9c25d4d4a4dbe972b37b1d210c9c158b6a,0x8d4b2cffe2dcbbf06eaa5920401db86ca5fb8177,0x4cc19356f2d37338b9802aa8e8fc58b0373296e7,0xb16c2fd02eaadc4a6bc5598891898042cd874ee0,314140666666667000000000,SelfKey,KEY,18,43,119311,50000000000,104311,2261781,deprecated,0x3e5b5e39,"addPrecommitment(address beneficiary, uint256 tokensAllocated, bool halfVesting)",20167172
4894371,1515732591,0xb6dc8f821c72cdf66906c3ddc3fd28d80373792fa61482dcf86e903835110511,2466,0x8ae6cdb17c6741655d74fe4ab3037a9c25d4d4a4dbe972b37b1d210c9c158b6a,0x8d4b2cffe2dcbbf06eaa5920401db86ca5fb8177,0x4cc19356f2d37338b9802aa8e8fc58b0373296e7,0xc5fdf079d50cf947b220d5aae2274359da75281f,94242200000000000000000,SelfKey,KEY,18,44,119247,50000000000,104247,2366028,deprecated,0x3e5b5e39,"addPrecommitment(address beneficiary, uint256 tokensAllocated, bool halfVesting)",20167172
4894371,1515732591,0x726cc43722368d949f5c1a4a46997550b059c6ca33e597638b25034d23682f08,2467,0x8ae6cdb17c6741655d74fe4ab3037a9c25d4d4a4dbe972b37b1d210c9c158b6a,0x8d4b2cffe2dcbbf06eaa5920401db86ca5fb8177,0x4cc19356f2d37338b9802aa8e8fc58b0373296e7,0x03dfa775d3109696c83a4f304e1989c818372e61,113090640000000000000000,SelfKey,KEY,18,45,119247,50000000000,104247,2470275,deprecated,0x3e5b5e39,"addPrecommitment(address beneficiary, uint256 tokensAllocated, bool halfVesting)",20167172
4894371,1515732591,0x3bdc524280f2cf45617f2f2fe679a2aab4ae3fddccd952f4a1d4fd1ad672ff1e,2468,0x8ae6cdb17c6741655d74fe4ab3037a9c25d4d4a4dbe972b37b1d210c9c158b6a,0x8d4b2cffe2dcbbf06eaa5920401db86ca5fb8177,0x4cc19356f2d37338b9802aa8e8fc58b0373296e7,0xb0e03f98bca2dec2650315c0ca3581c71c715d3b,231353291936000000000000,SelfKey,KEY,18,46,119247,50000000000,59247,2529522,deprecated,0x3e5b5e39,"addPrecommitment(address beneficiary, uint256 tokensAllocated, bool halfVesting)",20167172
4894371,1515732591,0x82dddbbaa6606a20a3704f6dd56dedd450227a961637afb7cc8697b973fec664,2469,0x8ae6cdb17c6741655d74fe4ab3037a9c25d4d4a4dbe972b37b1d210c9c158b6a,0x8d4b2cffe2dcbbf06eaa5920401db86ca5fb8177,0x4cc19356f2d37338b9802aa8e8fc58b0373296e7,0xfaeccb0fb278a2688d150a1f304c807e91ce4727,94242200000000000000000,SelfKey,KEY,18,47,119247,50000000000,104247,2633769,deprecated,0x3e5b5e39,"addPrecommitment(address beneficiary, uint256 tokensAllocated, bool halfVesting)",20167172
4894371,1515732591,0x5bfbb18cc8d6baac4d73ee5ecfcfc5ea9a541c078af4dc5818ad820e30de693b,2470,0x8ae6cdb17c6741655d74fe4ab3037a9c25d4d4a4dbe972b37b1d210c9c158b6a,0x8d4b2cffe2dcbbf06eaa5920401db86ca5fb8177,0x4cc19356f2d37338b9802aa8e8fc58b0373296e7,0x80fdc534592e3aea0e09e79386abb458f5f3c400,94242200000000000000000,SelfKey,KEY,18,48,119183,50000000000,104183,2737952,deprecated,0x3e5b5e39,"addPrecommitment(address beneficiary, uint256 tokensAllocated, bool halfVesting)",20167172
4894371,1515732591,0xa9f936db25b756e71965ba03766c8a8e71b7438197fef41290039c5c89d08118,2471,0x8ae6cdb17c6741655d74fe4ab3037a9c25d4d4a4dbe972b37b1d210c9c158b6a,0x8d4b2cffe2dcbbf06eaa5920401db86ca5fb8177,0x4cc19356f2d37338b9802aa8e8fc58b0373296e7,0xc0be966f1bbc14e72db9a5f17e3f6f5407d0cb60,628281333333333000000000,SelfKey,KEY,18,49,119311,50000000000,104311,2842263,deprecated,0x3e5b5e39,"addPrecommitment(address beneficiary, uint256 tokensAllocated, bool halfVesting)",20167172
4894371,1515732591,0x540f7422c94fd6d133883e365625dfcdd938fa4625d9416a246d8b4b0cf4325e,2472,0x8ae6cdb17c6741655d74fe4ab3037a9c25d4d4a4dbe972b37b1d210c9c158b6a,0x8d4b2cffe2dcbbf06eaa5920401db86ca5fb8177,0x4cc19356f2d37338b9802aa8e8fc58b0373296e7,0xae6a79d8cb513ff3637bc7daef6d8049e787f1e5,94242200000000000000000,SelfKey,KEY,18,50,119247,50000000000,104247,2946510,deprecated,0x3e5b5e39,"addPrecommitment(address beneficiary, uint256 tokensAllocated, bool halfVesting)",20167172
4894371,1515732591,0xb9fb077475de809d6f91f01eb8de721b66eb64ff62c2cf330017a5c713a9a243,2473,0x8ae6cdb17c6741655d74fe4ab3037a9c25d4d4a4dbe972b37b1d210c9c158b6a,0x8d4b2cffe2dcbbf06eaa5920401db86ca5fb8177,0x4cc19356f2d37338b9802aa8e8fc58b0373296e7,0xd92d8c3d157bae4b9ef2109a491bf9a5f1ed750e,94242200000000000000000,SelfKey,KEY,18,51,119247,50000000000,104247,3050757,deprecated,0x3e5b5e39,"addPrecommitment(address beneficiary, uint256 tokensAllocated, bool halfVesting)",20167172
4894371,1515732591,0x7e211718bbac4881389525404700a8c26e30414cde8ee682fd89ff9fba71d217,2474,0x8ae6cdb17c6741655d74fe4ab3037a9c25d4d4a4dbe972b37b1d210c9c158b6a,0x8d4b2cffe2dcbbf06eaa5920401db86ca5fb8177,0x4cc19356f2d37338b9802aa8e8fc58b0373296e7,0xe19c2291181e6a0a5e4aea74f69534e50e544486,94242200000000000000000,SelfKey,KEY,18,52,119247,50000000000,104247,3155004,deprecated,0x3e5b5e39,"addPrecommitment(address beneficiary, uint256 tokensAllocated, bool halfVesting)",20167172
4894371,1515732591,0x7b6d425271348192fceee5883305932943c7440915f5df2cbf0bf9c535b0670f,2475,0x8ae6cdb17c6741655d74fe4ab3037a9c25d4d4a4dbe972b37b1d210c9c158b6a,0x8d4b2cffe2dcbbf06eaa5920401db86ca5fb8177,0x4cc19356f2d37338b9802aa8e8fc58b0373296e7,0xa03f5dc97a4bc3d3ef2dbaee276e2f57cbc0614f,120748789193347000000000,SelfKey,KEY,18,53,119311,50000000000,104311,3259315,deprecated,0x3e5b5e39,"addPrecommitment(address beneficiary, uint256 tokensAllocated, bool halfVesting)",20167172
4894371,1515732591,0x09cf55a4c1b005d5273ef1f7e2642f72ef02c3e4ff2b42fa958d4ab5490cc37b,2476,0x8ae6cdb17c6741655d74fe4ab3037a9c25d4d4a4dbe972b37b1d210c9c158b6a,0x8d4b2cffe2dcbbf06eaa5920401db86ca5fb8177,0x4cc19356f2d37338b9802aa8e8fc58b0373296e7,0x1efc8765e529f90c6c8773dcccac03439cd31f49,942422000000000000000000,SelfKey,KEY,18,54,119247,50000000000,104247,3363562,deprecated,0x3e5b5e39,"addPrecommitment(address beneficiary, uint256 tokensAllocated, bool halfVesting)",20167172
4894371,1515732591,0x85ce05a353bed9b4db94971958b27822605ee7b02c2b2c5dcf15d035d433d6cf,2477,0x8ae6cdb17c6741655d74fe4ab3037a9c25d4d4a4dbe972b37b1d210c9c158b6a,0x8d4b2cffe2dcbbf06eaa5920401db86ca5fb8177,0x4cc19356f2d37338b9802aa8e8fc58b0373296e7,0x0d5d80ee9a2e46ac80e0c21bdb254ea5b3e7772a,125656266666667000000000,SelfKey,KEY,18,55,119311,50000000000,104311,3467873,deprecated,0x3e5b5e39,"addPrecommitment(address beneficiary, uint256 tokensAllocated, bool halfVesting)",20167172
4894371,1515732591,0x6a0cb606a419c54056094e806fe091ab195ff8682991916f53958bcba7e8e446,2478,0x8ae6cdb17c6741655d74fe4ab3037a9c25d4d4a4dbe972b37b1d210c9c158b6a,0x8d4b2cffe2dcbbf06eaa5920401db86ca5fb8177,0x4cc19356f2d37338b9802aa8e8fc58b0373296e7,0x6a6826857d9070fbd337c66301e373a794afbedc,62828133333333400000000,SelfKey,KEY,18,56,119311,50000000000,59311,3527184,deprecated,0x3e5b5e39,"addPrecommitment(address beneficiary, uint256 tokensAllocated, bool halfVesting)",20167172
4894371,1515732591,0xc64fc56b0e5a387a2789d249b85941fb061a0b8fed7d7dea77430be0a9b20141,2479,0x8ae6cdb17c6741655d74fe4ab3037a9c25d4d4a4dbe972b37b1d210c9c158b6a,0x8d4b2cffe2dcbbf06eaa5920401db86ca5fb8177,0x4cc19356f2d37338b9802aa8e8fc58b0373296e7,0x9b071149c201c78776fc2d0d729bf4f456a1dfbd,94242200000000000000000,SelfKey,KEY,18,57,119247,50000000000,104247,3631431,deprecated,0x3e5b5e39,"addPrecommitment(address beneficiary, uint256 tokensAllocated, bool halfVesting)",20167172
4894371,1515732591,0xfe730f2b9655b201769e296fa63701a494d3437c3aa991781f888216ecf6ae02,2480,0x8ae6cdb17c6741655d74fe4ab3037a9c25d4d4a4dbe972b37b1d210c9c158b6a,0x8d4b2cffe2dcbbf06eaa5920401db86ca5fb8177,0x4cc19356f2d37338b9802aa8e8fc58b0373296e7,0x289ef58ba44b16f4f1869fec91f206e6f24ffdae,94242200000000000000000,SelfKey,KEY,18,58,119247,50000000000,104247,3735678,deprecated,0x3e5b5e39,"addPrecommitment(address beneficiary, uint256 tokensAllocated, bool halfVesting)",20167172
4894371,1515732591,0x0a723783fdba02af905acddd85d7693bb5219cc334d25f723b772bacdc788b06,2481,0x8ae6cdb17c6741655d74fe4ab3037a9c25d4d4a4dbe972b37b1d210c9c158b6a,0x8d4b2cffe2dcbbf06eaa5920401db86ca5fb8177,0x4cc19356f2d37338b9802aa8e8fc58b0373296e7,0xac4984d936f2f6950530a68a1a5126de800812b5,502625066666667000000000,SelfKey,KEY,18,59,119311,50000000000,104311,3839989,deprecated,0x3e5b5e39,"addPrecommitment(address beneficiary, uint256 tokensAllocated, bool halfVesting)",20167172
4894371,1515732591,0xb0bec1ab8d7662d52e5551d8289b3b82102d7d63d97e6468a260a9d77eb353c6,2482,0x8ae6cdb17c6741655d74fe4ab3037a9c25d4d4a4dbe972b37b1d210c9c158b6a,0x8d4b2cffe2dcbbf06eaa5920401db86ca5fb8177,0x4cc19356f2d37338b9802aa8e8fc58b0373296e7,0x7194210fbd35b97b861afb593c7832c201e1d149,125656266666667000000000,SelfKey,KEY,18,60,119311,50000000000,104311,3944300,deprecated,0x3e5b5e39,"addPrecommitment(address beneficiary, uint256 tokensAllocated, bool halfVesting)",20167172
4894371,1515732591,0x2abe15fa0c03d1316ad7d0d7e01f0d8a40a32d6ac218aeb98452e58c11f88532,2483,0x8ae6cdb17c6741655d74fe4ab3037a9c25d4d4a4dbe972b37b1d210c9c158b6a,0x8d4b2cffe2dcbbf06eaa5920401db86ca5fb8177,0x4cc19356f2d37338b9802aa8e8fc58b0373296e7,0x18a6004ca5b2c5a69c61aa0b9c79fa2e7ffba357,94242200000000000000000,SelfKey,KEY,18,61,119183,50000000000,104183,4048483,deprecated,0x3e5b5e39,"addPrecommitment(address beneficiary, uint256 tokensAllocated, bool halfVesting)",20167172
4894371,1515732591,0x533b7e7669d9a382c60df95aecc6144860f699386bcde2843f86536a7ae6263b,2484,0x8ae6cdb17c6741655d74fe4ab3037a9c25d4d4a4dbe972b37b1d210c9c158b6a,0x8d4b2cffe2dcbbf06eaa5920401db86ca5fb8177,0x4cc19356f2d37338b9802aa8e8fc58b0373296e7,0xae41bbc1c3a0169bcf974f60931587c7ed6b993c,89844230666666700000000,SelfKey,KEY,18,62,119311,50000000000,104311,4152794,deprecated,0x3e5b5e39,"addPrecommitment(address beneficiary, uint256 tokensAllocated, bool halfVesting)",20167172
4894371,1515732591,0xa5f9b6a1c48409b297321bdcb8798c5b6fc56064de0495697b732c9b01ffdb4c,2485,0x8ae6cdb17c6741655d74fe4ab3037a9c25d4d4a4dbe972b37b1d210c9c158b6a,0x8d4b2cffe2dcbbf06eaa5920401db86ca5fb8177,0x4cc19356f2d37338b9802aa8e8fc58b0373296e7,0x0dbb0cff7c9515fc56d352ee37aeeefdf43b25fe,521473506666667000000000,SelfKey,KEY,18,63,119311,50000000000,104311,4257105,deprecated,0x3e5b5e39,"addPrecommitment(address beneficiary, uint256 tokensAllocated, bool halfVesting)",20167172
4894371,1515732591,0x72e160609107064e96f28d3d265adb551963d055a921e2d196406835a6beb070,2486,0x8ae6cdb17c6741655d74fe4ab3037a9c25d4d4a4dbe972b37b1d210c9c158b6a,0x8d4b2cffe2dcbbf06eaa5920401db86ca5fb8177,0x4cc19356f2d37338b9802aa8e8fc58b0373296e7,0xd2562f97f2c05efab88252389c1ffc8965a1d813,106807826666667000000000,SelfKey,KEY,18,64,119311,50000000000,104311,4361416,deprecated,0x3e5b5e39,"addPrecommitment(address beneficiary, uint256 tokensAllocated, bool halfVesting)",20167172
4894371,1515732591,0xc3d2b7243597749a1bfa09ee8947d34e09a258695377c8425e8e493aa4fb00f5,2487,0x8ae6cdb17c6741655d74fe4ab3037a9c25d4d4a4dbe972b37b1d210c9c158b6a,0x8d4b2cffe2dcbbf06eaa5920401db86ca5fb8177,0x4cc19356f2d37338b9802aa8e8fc58b0373296e7,0x47b065caf9ab2702876e6c881d6367fa8b3a05eb,628281333333333000000000,SelfKey,KEY,18,65,119311,50000000000,104311,4465727,deprecated,0x3e5b5e39,"addPrecommitment(address beneficiary, uint256 tokensAllocated, bool halfVesting)",20167172
4894371,1515732591,0xd6c33b8539c8d8c7ffc942996bf794d408b669e4aefeb54a1f00197f7217483b,2488,0x8ae6cdb17c6741655d74fe4ab3037a9c25d4d4a4dbe972b37b1d210c9c158b6a,0x8d4b2cffe2dcbbf06eaa5920401db86ca5fb8177,0x4cc19356f2d37338b9802aa8e8fc58b0373296e7,0xffd5998deb6d6df2e6f589479bbb89e8ae3274e8,753937600000000000000000,SelfKey,KEY,18,66,119247,50000000000,104247,4569974,deprecated,0x3e5b5e39,"addPrecommitment(address beneficiary, uint256 tokensAllocated, bool halfVesting)",20167172
4894371,1515732591,0xb25481f91da2011eab75d46d127030efd8b251d035e0f62c33a571f3286c5afd,2489,0x8ae6cdb17c6741655d74fe4ab3037a9c25d4d4a4dbe972b37b1d210c9c158b6a,0x8d4b2cffe2dcbbf06eaa5920401db86ca5fb8177,0x4cc19356f2d37338b9802aa8e8fc58b0373296e7,0x88fda2845304777ce4587705f6e554025d9fefbd,753937600000000000000000,SelfKey,KEY,18,67,119247,50000000000,104247,4674221,deprecated,0x3e5b5e39,"addPrecommitment(address beneficiary, uint256 tokensAllocated, bool halfVesting)",20167172
4894371,1515732591,0xb028ddc228f05e02f1b0466ec914a9956c4aff9e2b83bc1a73886e311bf7d70b,2490,0x8ae6cdb17c6741655d74fe4ab3037a9c25d4d4a4dbe972b37b1d210c9c158b6a,0x8d4b2cffe2dcbbf06eaa5920401db86ca5fb8177,0x4cc19356f2d37338b9802aa8e8fc58b0373296e7,0xa6b0a73c8639646adf1c6d3a4450249359bdad89,94242200000000000000000,SelfKey,KEY,18,68,119247,50000000000,104247,4778468,deprecated,0x3e5b5e39,"addPrecommitment(address beneficiary, uint256 tokensAllocated, bool halfVesting)",20167172
4894371,1515732591,0xadac1f1b267090c22e44ed18be958ef815e829beff0d627bb30b9e6cdfc2a1fe,2491,0x8ae6cdb17c6741655d74fe4ab3037a9c25d4d4a4dbe972b37b1d210c9c158b6a,0x8d4b2cffe2dcbbf06eaa5920401db86ca5fb8177,0x4cc19356f2d37338b9802aa8e8fc58b0373296e7,0xfbebb205ebcf66bd382970dc7d879429d48fc17f,111834077333333000000000,SelfKey,KEY,18,69,119311,50000000000,104311,4882779,deprecated,0x3e5b5e39,"addPrecommitment(address beneficiary, uint256 tokensAllocated, bool halfVesting)",20167172
4894371,1515732591,0xe4368cd5ede5dbf6bd2fc13dcb871786f6a6c64ffa8d3d7e1ef039e6cabe2ee6,2492,0x8ae6cdb17c6741655d74fe4ab3037a9c25d4d4a4dbe972b37b1d210c9c158b6a,0x8d4b2cffe2dcbbf06eaa5920401db86ca5fb8177,0x4cc19356f2d37338b9802aa8e8fc58b0373296e7,0x839aeca2c4d3057f7b0f98e67fd34afd89555640,100525013333333000000000,SelfKey,KEY,18,70,119311,50000000000,104311,4987090,deprecated,0x3e5b5e39,"addPrecommitment(address beneficiary, uint256 tokensAllocated, bool halfVesting)",20167172
4894371,1515732591,0xc99976dcc07f8ae9ba3c396528fb8ac61ea0ff3daf116eb4f120e18e42766301,2493,0x8ae6cdb17c6741655d74fe4ab3037a9c25d4d4a4dbe972b37b1d210c9c158b6a,0x8d4b2cffe2dcbbf06eaa5920401db86ca5fb8177,0x4cc19356f2d37338b9802aa8e8fc58b0373296e7,0xebbb8c66463e9486afff052d28327b533585b7b1,188484400000000000000000,SelfKey,KEY,18,71,119247,50000000000,104247,5091337,deprecated,0x3e5b5e39,"addPrecommitment(address beneficiary, uint256 tokensAllocated, bool halfVesting)",20167172
4894371,1515732591,0x27d4b5a4c5d4d3198d27c16c42a3c697f7b20a050e6cecff2cf1e9751e925fc2,2494,0x8ae6cdb17c6741655d74fe4ab3037a9c25d4d4a4dbe972b37b1d210c9c158b6a,0x8d4b2cffe2dcbbf06eaa5920401db86ca5fb8177,0x4cc19356f2d37338b9802aa8e8fc58b0373296e7,0x95a72809d50846d0b6caeb5d23af361ee1cd72a2,628281333333333000000000,SelfKey,KEY,18,72,119311,50000000000,104311,5195648,deprecated,0x3e5b5e39,"addPrecommitment(address beneficiary, uint256 tokensAllocated, bool halfVesting)",20167172
4894371,1515732591,0xa81a715c7d3410f5aee6452087c6b638c07a5ff6c4bab110b20693cd7c693196,2495,0x8ae6cdb17c6741655d74fe4ab3037a9c25d4d4a4dbe972b37b1d210c9c158b6a,0x8d4b2cffe2dcbbf06eaa5920401db86ca5fb8177,0x4cc19356f2d37338b9802aa8e8fc58b0373296e7,0xe84694e5f139fc33c897767fb7a9aa40e9cf2ada,125656266666667000000000,SelfKey,KEY,18,73,119311,50000000000,104311,5299959,deprecated,0x3e5b5e39,"addPrecommitment(address beneficiary, uint256 tokensAllocated, bool halfVesting)",20167172
4894371,1515732591,0x5dc22278ceb2c11401729967bf211ee678f4d6c630ba9a3ea5128af93984efa2,2496,0x8ae6cdb17c6741655d74fe4ab3037a9c25d4d4a4dbe972b37b1d210c9c158b6a,0x8d4b2cffe2dcbbf06eaa5920401db86ca5fb8177,0x4cc19356f2d37338b9802aa8e8fc58b0373296e7,0x6ad7d206b2c53f84ed57879c84dc84b5397984a0,188484400000000000000000,SelfKey,KEY,18,74,119247,50000000000,104247,5404206,deprecated,0x3e5b5e39,"addPrecommitment(address beneficiary, uint256 tokensAllocated, bool halfVesting)",20167172
4894371,1515732591,0x7cab5913b210319b5449b891d72049244d28fd2a107f6094638ef436fcbef8c9,2497,0x8ae6cdb17c6741655d74fe4ab3037a9c25d4d4a4dbe972b37b1d210c9c158b6a,0x8d4b2cffe2dcbbf06eaa5920401db86ca5fb8177,0x4cc19356f2d37338b9802aa8e8fc58b0373296e7,0x4d13b95420aee119bdd0f714fa9d50f78d9053eb,263878160000000000000000,SelfKey,KEY,18,75,119247,50000000000,104247,5508453,deprecated,0x3e5b5e39,"addPrecommitment(address beneficiary, uint256 tokensAllocated, bool halfVesting)",20167172
4894371,1515732591,0xec2abbbd628f77b8b57a431fc020bbe6d06233c75761bff060b883af8b2a77b8,2498,0x8ae6cdb17c6741655d74fe4ab3037a9c25d4d4a4dbe972b37b1d210c9c158b6a,0x8d4b2cffe2dcbbf06eaa5920401db86ca5fb8177,0x4cc19356f2d37338b9802aa8e8fc58b0373296e7,0xaa1e2ad7d2322f4a940037dab7b7632a9e84d14a,213615653333333000000000,SelfKey,KEY,18,76,119247,50000000000,104247,5612700,deprecated,0x3e5b5e39,"addPrecommitment(address beneficiary, uint256 tokensAllocated, bool halfVesting)",20167172
4894371,1515732591,0x4aec9a758562da0f46dff63a7ee28693c4034e8e0234c34d1b191990fd6a6984,2499,0x8ae6cdb17c6741655d74fe4ab3037a9c25d4d4a4dbe972b37b1d210c9c158b6a,0x8d4b2cffe2dcbbf06eaa5920401db86ca5fb8177,0x4cc19356f2d37338b9802aa8e8fc58b0373296e7,0x92819d1a995b76abc2792060c3399b6f24c65017,97383606666666700000000,SelfKey,KEY,18,77,119311,50000000000,104311,5717011,deprecated,0x3e5b5e39,"addPrecommitment(address beneficiary, uint256 tokensAllocated, bool halfVesting)",20167172
4894371,1515732591,0x3c9092ef7387dd2f4eaa0f7537254b8eb4f590b64e00aea788b40fa4f8fdc273,2500,0x8ae6cdb17c6741655d74fe4ab3037a9c25d4d4a4dbe972b37b1d210c9c158b6a,0x8d4b2cffe2dcbbf06eaa5920401db86ca5fb8177,0x4cc19356f2d37338b9802aa8e8fc58b0373296e7,0xed6f9a779986db799d4de106790bd8097d75b0f5,188484400000000000000000,SelfKey,KEY,18,78,119247,50000000000,104247,5821258,deprecated,0x3e5b5e39,"addPrecommitment(address beneficiary, uint256 tokensAllocated, bool halfVesting)",20167172
4894371,1515732591,0x9258aa8b83b50d0ab4f2eb2d9c7a093a5687059dd497fa4c4d298fa453490d09,2501,0x8ae6cdb17c6741655d74fe4ab3037a9c25d4d4a4dbe972b37b1d210c9c158b6a,0x8d4b2cffe2dcbbf06eaa5920401db86ca5fb8177,0x4cc19356f2d37338b9802aa8e8fc58b0373296e7,0x3b8f77352637302f3f2997b10a222711eaea903c,125656266666667000000000,SelfKey,KEY,18,79,119311,50000000000,104311,5925569,deprecated,0x3e5b5e39,"addPrecommitment(address beneficiary, uint256 tokensAllocated, bool halfVesting)",20167172
4894371,1515732591,0x76991c306f4908ee50cb8bec8818474d0451f8f761455516a78433c795e1e4c0,2502,0x8ae6cdb17c6741655d74fe4ab3037a9c25d4d4a4dbe972b37b1d210c9c158b6a,0x8d4b2cffe2dcbbf06eaa5920401db86ca5fb8177,0x4cc19356f2d37338b9802aa8e8fc58b0373296e7,0x2d7cd9720e7df5fa8e6db94ab61d856ff931e1b0,125656266666667000000000,SelfKey,KEY,18,80,119311,50000000000,104311,6029880,deprecated,0x3e5b5e39,"addPrecommitment(address beneficiary, uint256 tokensAllocated, bool halfVesting)",20167172
4894371,1515732591,0xab23c6fe09ef4f94ff5408ad2f9a32ba6788e43dbdb5f17b8473d07b9b47a18d,2503,0x8ae6cdb17c6741655d74fe4ab3037a9c25d4d4a4dbe972b37b1d210c9c158b6a,0x8d4b2cffe2dcbbf06eaa5920401db86ca5fb8177,0x4cc19356f2d37338b9802aa8e8fc58b0373296e7,0x3548a68345fc96fa06ca273311c331d411e950f9,145132988000000000000000,SelfKey,KEY,18,81,119247,50000000000,104247,6134127,deprecated,0x3e5b5e39,"addPrecommitment(address beneficiary, uint256 tokensAllocated, bool halfVesting)",20167172
4894371,1515732591,0x3ea30fed74d66d2424502b0df573a8d99813a8fd1d214846e1275229f520d14c,2504,0x8ae6cdb17c6741655d74fe4ab3037a9c25d4d4a4dbe972b37b1d210c9c158b6a,0x8d4b2cffe2dcbbf06eaa5920401db86ca5fb8177,0x4cc19356f2d37338b9802aa8e8fc58b0373296e7,0x6b5b15d47ea518ca8daddf31f54662bb187de601,94242200000000000000000,SelfKey,KEY,18,82,119247,50000000000,104247,6238374,deprecated,0x3e5b5e39,"addPrecommitment(address beneficiary, uint256 tokensAllocated, bool halfVesting)",20167172
4894371,1515732591,0xb32c1e4d32ac5454790912b8d9b55bfa65cb66db845007b6e14a88304521aea0,2505,0x8ae6cdb17c6741655d74fe4ab3037a9c25d4d4a4dbe972b37b1d210c9c158b6a,0x8d4b2cffe2dcbbf06eaa5920401db86ca5fb8177,0x4cc19356f2d37338b9802aa8e8fc58b0373296e7,0x18545385ad6fd5d342b7eb364d4942728b92a620,94242200000000000000000,SelfKey,KEY,18,83,119247,50000000000,104247,6342621,deprecated,0x3e5b5e39,"addPrecommitment(address beneficiary, uint256 tokensAllocated, bool halfVesting)",20167172
4894371,1515732591,0x40c6cb25a95354a4b3ccdb6b2c8d1334a947215fbfc1b8359f09ec6731df85e1,2506,0x8ae6cdb17c6741655d74fe4ab3037a9c25d4d4a4dbe972b37b1d210c9c158b6a,0x8d4b2cffe2dcbbf06eaa5920401db86ca5fb8177,0x4cc19356f2d37338b9802aa8e8fc58b0373296e7,0x696b1413fa410009baf30ad09e3a1f73c45cf9de,112824076565581000000000,SelfKey,KEY,18,84,119247,50000000000,104247,6446868,deprecated,0x3e5b5e39,"addPrecommitment(address beneficiary, uint256 tokensAllocated, bool halfVesting)",20167172
4894371,1515732591,0xdb48331407070f223d73e1cb7b7f54fc32718d7fa8aa922b23ad0e0e525e4cb1,2507,0x8ae6cdb17c6741655d74fe4ab3037a9c25d4d4a4dbe972b37b1d210c9c158b6a,0x8d4b2cffe2dcbbf06eaa5920401db86ca5fb8177,0x4cc19356f2d37338b9802aa8e8fc58b0373296e7,0xaf48d35d43175896810c76a267b7f77c942c5ed1,440058298368000000000000,SelfKey,KEY,18,85,119183,50000000000,104183,6551051,deprecated,0x3e5b5e39,"addPrecommitment(address beneficiary, uint256 tokensAllocated, bool halfVesting)",20167172
4894371,1515732591,0xa534d08c75acb2a48c58222163ecc2444be86d5fed0ff9ee9c5a0016857cb7cf,2508,0x8ae6cdb17c6741655d74fe4ab3037a9c25d4d4a4dbe972b37b1d210c9c158b6a,0x8d4b2cffe2dcbbf06eaa5920401db86ca5fb8177,0x4cc19356f2d37338b9802aa8e8fc58b0373296e7,0x9c3febf87f1e7d9b01a8388cbdafb55cc70c838d,376968800000000000000000,SelfKey,KEY,18,86,119247,50000000000,104247,6655298,deprecated,0x3e5b5e39,"addPrecommitment(address beneficiary, uint256 tokensAllocated, bool halfVesting)",20167172
4894371,1515732591,0xf172857fa0eae73653e806178cd2adf1e8cfe99284fa0de3134740d7979a19be,2509,0x8ae6cdb17c6741655d74fe4ab3037a9c25d4d4a4dbe972b37b1d210c9c158b6a,0x8d4b2cffe2dcbbf06eaa5920401db86ca5fb8177,0x4cc19356f2d37338b9802aa8e8fc58b0373296e7,0xdeca7ad57c25cf2ef32ecf184979561b186eaf94,100525013333333000000000,SelfKey,KEY,18,87,119311,50000000000,104311,6759609,deprecated,0x3e5b5e39,"addPrecommitment(address beneficiary, uint256 tokensAllocated, bool halfVesting)",20167172
4894371,1515732591,0x7ba89cfdbe2b0a170daa32f1591e3d6b96d015549bebc5312271e342941d0558,2510,0x8ae6cdb17c6741655d74fe4ab3037a9c25d4d4a4dbe972b37b1d210c9c158b6a,0x8d4b2cffe2dcbbf06eaa5920401db86ca5fb8177,0x4cc19356f2d37338b9802aa8e8fc58b0373296e7,0x98b1eed5a0d648681deffda60284b58752eea268,94305028133333300000000,SelfKey,KEY,18,88,119311,50000000000,104311,6863920,deprecated,0x3e5b5e39,"addPrecommitment(address beneficiary, uint256 tokensAllocated, bool halfVesting)",20167172
4894371,1515732591,0xe50d26e3e9b840b5e791832c8d6db7ad83c35704850c47c88aac8c4c212ba9b6,2511,0x8ae6cdb17c6741655d74fe4ab3037a9c25d4d4a4dbe972b37b1d210c9c158b6a,0x8d4b2cffe2dcbbf06eaa5920401db86ca5fb8177,0x4cc19356f2d37338b9802aa8e8fc58b0373296e7,0x158c43de6d264f83e4c9ef858a835c8ea4362f3c,188484400000000000000000,SelfKey,KEY,18,89,119247,50000000000,104247,6968167,deprecated,0x3e5b5e39,"addPrecommitment(address beneficiary, uint256 tokensAllocated, bool halfVesting)",20167172
4894371,1515732591,0xa67d13bbe349cc315e36ead1237c46b2575e1e58082437554011106189bd7609,2512,0x8ae6cdb17c6741655d74fe4ab3037a9c25d4d4a4dbe972b37b1d210c9c158b6a,0x8d4b2cffe2dcbbf06eaa5920401db86ca5fb8177,0x4cc19356f2d37338b9802aa8e8fc58b0373296e7,0x90eede5005e04aba0d8568e18dbabc489cfd1f5c,94242200000000000000000,SelfKey,KEY,18,90,119247,50000000000,104247,7072414,deprecated,0x3e5b5e39,"addPrecommitment(address beneficiary, uint256 tokensAllocated, bool halfVesting)",20167172
4894371,1515732591,0x50282b785e85ecafb844a141b163f61203864d9c074340d63014374794e006fa,2513,0x8ae6cdb17c6741655d74fe4ab3037a9c25d4d4a4dbe972b37b1d210c9c158b6a,0x8d4b2cffe2dcbbf06eaa5920401db86ca5fb8177,0x4cc19356f2d37338b9802aa8e8fc58b0373296e7,0x39609846818b839f3a88495658595f7330083a7e,408382866666667000000000,SelfKey,KEY,18,91,119311,50000000000,104311,7176725,deprecated,0x3e5b5e39,"addPrecommitment(address beneficiary, uint256 tokensAllocated, bool halfVesting)",20167172
4894371,1515732591,0xc71087c57d49f96a88b7a7e0e4f4cb10240c99e289ff9307f70b2335b524e6ec,2514,0x8ae6cdb17c6741655d74fe4ab3037a9c25d4d4a4dbe972b37b1d210c9c158b6a,0x8d4b2cffe2dcbbf06eaa5920401db86ca5fb8177,0x4cc19356f2d37338b9802aa8e8fc58b0373296e7,0x1f4f2a6da896521e38eeddaa702ed76e5a682a31,251312533333333000000000,SelfKey,KEY,18,92,119311,50000000000,104311,7281036,deprecated,0x3e5b5e39,"addPrecommitment(address beneficiary, uint256 tokensAllocated, bool halfVesting)",20167172
4894371,1515732591,0x3d01c5582e4ac4ae561c6b1f6f5773e92cbcbe13a6538b4b171ca63b58683a83,2515,0x8ae6cdb17c6741655d74fe4ab3037a9c25d4d4a4dbe972b37b1d210c9c158b6a,0x8d4b2cffe2dcbbf06eaa5920401db86ca5fb8177,0x4cc19356f2d37338b9802aa8e8fc58b0373296e7,0x5bf70773e4fc95f21038a780075caeaa7794f428,94367856266666700000000,SelfKey,KEY,18,93,119311,50000000000,104311,7385347,deprecated,0x3e5b5e39,"addPrecommitment(address beneficiary, uint256 tokensAllocated, bool halfVesting)",20167172
4894371,1515732591,0x0d768050e6b9e08af75095a21d668d0ab5bcaf3d5d61f71334460631eb7134b1,2516,0x8ae6cdb17c6741655d74fe4ab3037a9c25d4d4a4dbe972b37b1d210c9c158b6a,0x8d4b2cffe2dcbbf06eaa5920401db86ca5fb8177,0x4cc19356f2d37338b9802aa8e8fc58b0373296e7,0xa3dd9dcb947b99644d051b2318532aaa10c81fec,94242200000000000000000,SelfKey,KEY,18,94,119247,50000000000,104247,7489594,deprecated,0x3e5b5e39,"addPrecommitment(address beneficiary, uint256 tokensAllocated, bool halfVesting)",20167172
4894371,1515732591,0x65148eee1a08ca4b636f9447a22159484c6bfab17ff35f034caf25ed3a926bba,2517,0x8ae6cdb17c6741655d74fe4ab3037a9c25d4d4a4dbe972b37b1d210c9c158b6a,0x8d4b2cffe2dcbbf06eaa5920401db86ca5fb8177,0x4cc19356f2d37338b9802aa8e8fc58b0373296e7,0xc2966b7c1913203731ffef6165114ab7452d5406,109949233333333000000000,SelfKey,KEY,18,95,119311,50000000000,104311,7593905,deprecated,0x3e5b5e39,"addPrecommitment(address beneficiary, uint256 tokensAllocated, bool halfVesting)",20167172
4894371,1515732591,0xa527ce14125cdd2a0b466daf4fff74a0d155ee6dbd584bb16bbbe7bb35210280,2518,0x8ae6cdb17c6741655d74fe4ab3037a9c25d4d4a4dbe972b37b1d210c9c158b6a,0x8d4b2cffe2dcbbf06eaa5920401db86ca5fb8177,0x4cc19356f2d37338b9802aa8e8fc58b0373296e7,0x77483497fe1972cb07792ade636984a81826efd8,274558942666667000000000,SelfKey,KEY,18,96,119311,50000000000,104311,7698216,deprecated,0x3e5b5e39,"addPrecommitment(address beneficiary, uint256 tokensAllocated, bool halfVesting)",20167172
4894371,1515732591,0xa1d453451057bfc5f7a5b1e1d1528fb1303384aa33d5ceb90e788843ed1ae452,2519,0x8ae6cdb17c6741655d74fe4ab3037a9c25d4d4a4dbe972b37b1d210c9c158b6a,0x8d4b2cffe2dcbbf06eaa5920401db86ca5fb8177,0x4cc19356f2d37338b9802aa8e8fc58b0373296e7,0xe9a4fccbe20aee07d694564df9c170fe1a289eac,565578856266667000000000,SelfKey,KEY,18,97,119311,50000000000,104311,7802527,deprecated,0x3e5b5e39,"addPrecommitment(address beneficiary, uint256 tokensAllocated, bool halfVesting)",20167172
4894371,1515732591,0x79a5d03622ad0ae95aae0d0bfec1eb91421eede0d8a688dc1f2fa0b410f294e5,2520,0x8ae6cdb17c6741655d74fe4ab3037a9c25d4d4a4dbe972b37b1d210c9c158b6a,0x8d4b2cffe2dcbbf06eaa5920401db86ca5fb8177,0x4cc19356f2d37338b9802aa8e8fc58b0373296e7,0xc36cd64bf9e75ad092ca6242ebd70d5dab71e48e,125656266666667000000000,SelfKey,KEY,18,98,119311,50000000000,104311,7906838,deprecated,0x3e5b5e39,"addPrecommitment(address beneficiary, uint256 tokensAllocated, bool halfVesting)",20167172
4894376,1515732720,0x515269842699e9b948ca99a46d4d1e32af134d3359bbb5c9a7e8929b33bc058e,2521,0x51d16c12500a83b0bd0fd5b58646f038c228edccf6cd911e8718b12bdc0294e0,0x8d4b2cffe2dcbbf06eaa5920401db86ca5fb8177,0x4cc19356f2d37338b9802aa8e8fc58b0373296e7,0x7337ec338feab2adbb32d31665d1127cda53ce47,125656266666667000000000,SelfKey,KEY,18,173,119311,50000000000,104311,4897420,deprecated,0x3e5b5e39,"addPrecommitment(address beneficiary, uint256 tokensAllocated, bool halfVesting)",20167167
4894379,1515732759,0xd2de642efc8a63ac5bdceda7683d204e5caaf5e2d958b1b30529a07992dd6d3f,2522,0xdffa759f5953b15c1f6ff8084742ec55b3749d66fa63615e22649b9f5a7212fe,0x8d4b2cffe2dcbbf06eaa5920401db86ca5fb8177,0x4cc19356f2d37338b9802aa8e8fc58b0373296e7,0x07d6933a090531158a63e07e8defde2e638315f7,125656266666667000000000,SelfKey,KEY,18,110,119311,50000000000,104311,2841614,deprecated,0x3e5b5e39,"addPrecommitment(address beneficiary, uint256 tokensAllocated, bool halfVesting)",20167164
4894382,1515732822,0xda9474104b726d1557fbe5905230ac2ba0411bc9226eba635c6faf6f0a167cf6,2523,0xac83e82f8516cbd54191ea397048d98a13eda0afb6570dfe7f567528ccfab1a0,0x8d4b2cffe2dcbbf06eaa5920401db86ca5fb8177,0x4cc19356f2d37338b9802aa8e8fc58b0373296e7,0xa0340aa049ebb0717e345714001a0409c7985aff,94242200000000000000000,SelfKey,KEY,18,209,119183,50000000000,104183,5567228,deprecated,0x3e5b5e39,"addPrecommitment(address beneficiary, uint256 tokensAllocated, bool halfVesting)",20167161
4894382,1515732822,0xb6e9fd11ba830d2f501bc20baa7281e12379da126a5c3261b6aac9ea7b058140,2524,0xac83e82f8516cbd54191ea397048d98a13eda0afb6570dfe7f567528ccfab1a0,0x8d4b2cffe2dcbbf06eaa5920401db86ca5fb8177,0x4cc19356f2d37338b9802aa8e8fc58b0373296e7,0xd94438b6ab3a882c1cb0801f60f887063367a9e9,188484400000000000000000,SelfKey,KEY,18,210,119247,50000000000,104247,5671475,deprecated,0x3e5b5e39,"addPrecommitment(address beneficiary, uint256 tokensAllocated, bool halfVesting)",20167161
4894382,1515732822,0x5c617b2293290aef6a99a3e821f847a8b855af643f992a9d7b7ebc800a52a262,2525,0xac83e82f8516cbd54191ea397048d98a13eda0afb6570dfe7f567528ccfab1a0,0x8d4b2cffe2dcbbf06eaa5920401db86ca5fb8177,0x4cc19356f2d37338b9802aa8e8fc58b0373296e7,0x8347c79266a0b57f082cd10fc13899d8f9907032,1306825173333330000000000,SelfKey,KEY,18,211,119375,50000000000,104375,5775850,deprecated,0x3e5b5e39,"addPrecommitment(address beneficiary, uint256 tokensAllocated, bool halfVesting)",20167161
4894382,1515732822,0x132df5fc237be2bee07459c1ba52b46f071285eb43cd4eb94696ddfe89887c4a,2526,0xac83e82f8516cbd54191ea397048d98a13eda0afb6570dfe7f567528ccfab1a0,0x8d4b2cffe2dcbbf06eaa5920401db86ca5fb8177,0x4cc19356f2d37338b9802aa8e8fc58b0373296e7,0xa5c90bb1116f5a865ec4476f6adcd18e82888f29,628281333333333000000000,SelfKey,KEY,18,212,119311,50000000000,104311,5880161,deprecated,0x3e5b5e39,"addPrecommitment(address beneficiary, uint256 tokensAllocated, bool halfVesting)",20167161
4894382,1515732822,0xc5e425a1bfb1e6128b2d0eb9e41e0dbc969037973f3f5bb862990234fbf2dced,2527,0xac83e82f8516cbd54191ea397048d98a13eda0afb6570dfe7f567528ccfab1a0,0x8d4b2cffe2dcbbf06eaa5920401db86ca5fb8177,0x4cc19356f2d37338b9802aa8e8fc58b0373296e7,0xabeab3754b28ae00bf3a9b88f50d4a579a0f45e9,94242200000000000000000,SelfKey,KEY,18,213,119183,50000000000,104183,5984344,deprecated,0x3e5b5e39,"addPrecommitment(address beneficiary, uint256 tokensAllocated, bool halfVesting)",20167161
4894382,1515732822,0xdb590ccc91539cc932ccd6ca29b6d2234792541c20278dfd03cffe5117b9a866,2528,0xac83e82f8516cbd54191ea397048d98a13eda0afb6570dfe7f567528ccfab1a0,0x8d4b2cffe2dcbbf06eaa5920401db86ca5fb8177,0x4cc19356f2d37338b9802aa8e8fc58b0373296e7,0x56c53d9cdfeba298725ce75686a29a660ace1327,173903774258179000000000,SelfKey,KEY,18,214,119311,50000000000,104311,6088655,deprecated,0x3e5b5e39,"addPrecommitment(address beneficiary, uint256 tokensAllocated, bool halfVesting)",20167161
4894382,1515732822,0x32a723f0cb9d6f8c6fddb73b7b583387ab6371852d64803f020c3b7d6671e197,2529,0xac83e82f8516cbd54191ea397048d98a13eda0afb6570dfe7f567528ccfab1a0,0x8d4b2cffe2dcbbf06eaa5920401db86ca5fb8177,0x4cc19356f2d37338b9802aa8e8fc58b0373296e7,0xf6f372dfaecc1431186598c304e91b79ce115766,94242200000000000000000,SelfKey,KEY,18,215,119247,50000000000,104247,6192902,deprecated,0x3e5b5e39,"addPrecommitment(address beneficiary, uint256 tokensAllocated, bool halfVesting)",20167161
4894382,1515732822,0xef4008dd2e9cf7f014ef65d24096601ea087da474f55318aeffe2008071547f8,2530,0xac83e82f8516cbd54191ea397048d98a13eda0afb6570dfe7f567528ccfab1a0,0x8d4b2cffe2dcbbf06eaa5920401db86ca5fb8177,0x4cc19356f2d37338b9802aa8e8fc58b0373296e7,0x34a38f8d645911fc163220ef6f6bbc2775fbdcfd,125656266666667000000000,SelfKey,KEY,18,216,119311,50000000000,104311,6297213,deprecated,0x3e5b5e39,"addPrecommitment(address beneficiary, uint256 tokensAllocated, bool halfVesting)",20167161
4894382,1515732822,0xbe3b42dee4a11b835792006f078aac3a9678dc95000f88feea0410ce316a1ed1,2531,0xac83e82f8516cbd54191ea397048d98a13eda0afb6570dfe7f567528ccfab1a0,0x8d4b2cffe2dcbbf06eaa5920401db86ca5fb8177,0x4cc19356f2d37338b9802aa8e8fc58b0373296e7,0x002ff42ae207e8b3092bfd602befdadfac9aa839,628281333333333000000000,SelfKey,KEY,18,217,119247,50000000000,104247,6401460,deprecated,0x3e5b5e39,"addPrecommitment(address beneficiary, uint256 tokensAllocated, bool halfVesting)",20167161
4894382,1515732822,0x0b88653e85c72876cbe7eba52afb6148a4fb8237b06f792ea31fb8b0868d507a,2532,0xac83e82f8516cbd54191ea397048d98a13eda0afb6570dfe7f567528ccfab1a0,0x8d4b2cffe2dcbbf06eaa5920401db86ca5fb8177,0x4cc19356f2d37338b9802aa8e8fc58b0373296e7,0x5c7975fa3b0e1ecc47baad4596626aa2c1089524,138221893333333000000000,SelfKey,KEY,18,218,119311,50000000000,104311,6505771,deprecated,0x3e5b5e39,"addPrecommitment(address beneficiary, uint256 tokensAllocated, bool halfVesting)",20167161
4894382,1515732822,0xd28599b85a82f9252fc42bfdaa84eb2b950b4c9d95aeae7155a066a792475f9e,2533,0xac83e82f8516cbd54191ea397048d98a13eda0afb6570dfe7f567528ccfab1a0,0x8d4b2cffe2dcbbf06eaa5920401db86ca5fb8177,0x4cc19356f2d37338b9802aa8e8fc58b0373296e7,0x1634c4200727d0dfbf42ac8f25bac7ea4949cab4,620458206634760000000000,SelfKey,KEY,18,219,119311,50000000000,104311,6610082,deprecated,0x3e5b5e39,"addPrecommitment(address beneficiary, uint256 tokensAllocated, bool halfVesting)",20167161
4894382,1515732822,0x139a4b23fd2c15fc2e9617583e68811e7783bf2592c9634e6d3944783a0a1775,2534,0xac83e82f8516cbd54191ea397048d98a13eda0afb6570dfe7f567528ccfab1a0,0x8d4b2cffe2dcbbf06eaa5920401db86ca5fb8177,0x4cc19356f2d37338b9802aa8e8fc58b0373296e7,0x792d8cde8624fd02185328b426a0b9e9b8a1a25f,1306825173333330000000000,SelfKey,KEY,18,220,119375,50000000000,104375,6714457,deprecated,0x3e5b5e39,"addPrecommitment(address beneficiary, uint256 tokensAllocated, bool halfVesting)",20167161
4894382,1515732822,0x02f780f84d85941a0eb9af5486f78eaa345d8280c7d1a8c9a4f58cf7c980b1ba,2535,0xac83e82f8516cbd54191ea397048d98a13eda0afb6570dfe7f567528ccfab1a0,0x8d4b2cffe2dcbbf06eaa5920401db86ca5fb8177,0x4cc19356f2d37338b9802aa8e8fc58b0373296e7,0xfede91ec77738e00e41be6d90d5b2fafd31134d7,251312533333333000000000,SelfKey,KEY,18,221,119247,50000000000,104247,6818704,deprecated,0x3e5b5e39,"addPrecommitment(address beneficiary, uint256 tokensAllocated, bool halfVesting)",20167161
4894382,1515732822,0x16eb801165b639255113e4c9908dd29267d29503c04cdf5733b20ec223c6d221,2536,0xac83e82f8516cbd54191ea397048d98a13eda0afb6570dfe7f567528ccfab1a0,0x8d4b2cffe2dcbbf06eaa5920401db86ca5fb8177,0x4cc19356f2d37338b9802aa8e8fc58b0373296e7,0x8203febbbe7420ca106541f894b442b23921aaa5,628281333333333000000000,SelfKey,KEY,18,222,119311,50000000000,104311,6923015,deprecated,0x3e5b5e39,"addPrecommitment(address beneficiary, uint256 tokensAllocated, bool halfVesting)",20167161
4894382,1515732822,0xa4717fae5951556baf201fcc47607d9e0012e00b68257e3512aaf29c82d9a65c,2537,0xac83e82f8516cbd54191ea397048d98a13eda0afb6570dfe7f567528ccfab1a0,0x8d4b2cffe2dcbbf06eaa5920401db86ca5fb8177,0x4cc19356f2d37338b9802aa8e8fc58b0373296e7,0x8b35acda84ff338233b66997f059164447e71aa4,1269128293333330000000000,SelfKey,KEY,18,223,119375,50000000000,104375,7027390,deprecated,0x3e5b5e39,"addPrecommitment(address beneficiary, uint256 tokensAllocated, bool halfVesting)",20167161
4894382,1515732822,0x2df2b3f1570e1b7959b678f3aab6b2d297a30a8c434064060a9bebfbfe406a58,2538,0xac83e82f8516cbd54191ea397048d98a13eda0afb6570dfe7f567528ccfab1a0,0x8d4b2cffe2dcbbf06eaa5920401db86ca5fb8177,0x4cc19356f2d37338b9802aa8e8fc58b0373296e7,0x3c86f7e3d52b4084c73e3612775ec8b9bc6721ec,314140666666667000000000,SelfKey,KEY,18,224,119311,50000000000,104311,7131701,deprecated,0x3e5b5e39,"addPrecommitment(address beneficiary, uint256 tokensAllocated, bool halfVesting)",20167161
4894382,1515732822,0x218f25775539781fb7bc3f1615c66a635eaf7117d3b15aeaf1d7ca07753bce6a,2539,0xac83e82f8516cbd54191ea397048d98a13eda0afb6570dfe7f567528ccfab1a0,0x8d4b2cffe2dcbbf06eaa5920401db86ca5fb8177,0x4cc19356f2d37338b9802aa8e8fc58b0373296e7,0x3f198be39aa90e9984d27097a55f4f0bbaa67b10,502625066666667000000000,SelfKey,KEY,18,225,119311,50000000000,104311,7236012,deprecated,0x3e5b5e39,"addPrecommitment(address beneficiary, uint256 tokensAllocated, bool halfVesting)",20167161
4894382,1515732822,0x864fcae155749a3ffc852d4623b6bb1e420966a86f082875c58bdf6c7fbab797,2540,0xac83e82f8516cbd54191ea397048d98a13eda0afb6570dfe7f567528ccfab1a0,0x8d4b2cffe2dcbbf06eaa5920401db86ca5fb8177,0x4cc19356f2d37338b9802aa8e8fc58b0373296e7,0x914bed35eda05c5d7ba6b06d44f2dad9e2ef0ea8,125656266666667000000000,SelfKey,KEY,18,226,119311,50000000000,104311,7340323,deprecated,0x3e5b5e39,"addPrecommitment(address beneficiary, uint256 tokensAllocated, bool halfVesting)",20167161
4894382,1515732822,0x5f1042f4195980c2a9ffaf74b56952dfebd68825c319c29c34985402a01d8dae,2541,0xac83e82f8516cbd54191ea397048d98a13eda0afb6570dfe7f567528ccfab1a0,0x8d4b2cffe2dcbbf06eaa5920401db86ca5fb8177,0x4cc19356f2d37338b9802aa8e8fc58b0373296e7,0x7d2f11e1c79007ded099c15af1067d3bbe6095d0,628281333333333000000000,SelfKey,KEY,18,227,119311,50000000000,104311,7444634,deprecated,0x3e5b5e39,"addPrecommitment(address beneficiary, uint256 tokensAllocated, bool halfVesting)",20167161
4894382,1515732822,0xd8f314fc8d1d3291060c690226695fd350f583d677a5bb21d44744dc3e24aad7,2542,0xac83e82f8516cbd54191ea397048d98a13eda0afb6570dfe7f567528ccfab1a0,0x8d4b2cffe2dcbbf06eaa5920401db86ca5fb8177,0x4cc19356f2d37338b9802aa8e8fc58b0373296e7,0x6e14215971dcae182101d3924c69d9a81f962c88,1306825173333330000000000,SelfKey,KEY,18,228,119375,50000000000,104375,7549009,deprecated,0x3e5b5e39,"addPrecommitment(address beneficiary, uint256 tokensAllocated, bool halfVesting)",20167161
4894382,1515732822,0xb4003453b4e9d2607a03642c2b41caf2fdb9b863616c646fdef00ecc6103335d,2543,0xac83e82f8516cbd54191ea397048d98a13eda0afb6570dfe7f567528ccfab1a0,0x8d4b2cffe2dcbbf06eaa5920401db86ca5fb8177,0x4cc19356f2d37338b9802aa8e8fc58b0373296e7,0x5bb9fcfca14eb460af08197cf5bb2780f7fe896a,1306825173333330000000000,SelfKey,KEY,18,229,119375,50000000000,104375,7653384,deprecated,0x3e5b5e39,"addPrecommitment(address beneficiary, uint256 tokensAllocated, bool halfVesting)",20167161
4894382,1515732822,0x9d45aeb23ab6ca1cbacd84b7928c5e9d12e2a0185950c9098be213de41d9048b,2544,0xac83e82f8516cbd54191ea397048d98a13eda0afb6570dfe7f567528ccfab1a0,0x8d4b2cffe2dcbbf06eaa5920401db86ca5fb8177,0x4cc19356f2d37338b9802aa8e8fc58b0373296e7,0x1f53208b89c05ce7808341bf7369f0bb13a39f3b,314140666666667000000000,SelfKey,KEY,18,230,119311,50000000000,104311,7757695,deprecated,0x3e5b5e39,"addPrecommitment(address beneficiary, uint256 tokensAllocated, bool halfVesting)",20167161
4894382,1515732822,0x2f138caa0f4175af7214759de97ec2f0a6a7f7c44ac30dfed860106999c253b4,2545,0xac83e82f8516cbd54191ea397048d98a13eda0afb6570dfe7f567528ccfab1a0,0x8d4b2cffe2dcbbf06eaa5920401db86ca5fb8177,0x4cc19356f2d37338b9802aa8e8fc58b0373296e7,0xaa0fd755c0d0528c9b7633462a4570b75bcabdb9,103666420000000000000000,SelfKey,KEY,18,231,119247,50000000000,104247,7861942,deprecated,0x3e5b5e39,"addPrecommitment(address beneficiary, uint256 tokensAllocated, bool halfVesting)",20167161
4894382,1515732822,0xcbec9de167bb4212647e14f9827e48b0f470cec07ff7e0782d255691a97de353,2546,0xac83e82f8516cbd54191ea397048d98a13eda0afb6570dfe7f567528ccfab1a0,0x8d4b2cffe2dcbbf06eaa5920401db86ca5fb8177,0x4cc19356f2d37338b9802aa8e8fc58b0373296e7,0x3be58c29b09669c1b1edd3153b0872e3cbcd8492,314140666666667000000000,SelfKey,KEY,18,232,119311,50000000000,104311,7966253,deprecated,0x3e5b5e39,"addPrecommitment(address beneficiary, uint256 tokensAllocated, bool halfVesting)",20167161
4894386,1515732912,0x19dca2024d21118337070f0dbdaeb117b1c7dd9df7b662cbd770666d8983350a,2547,0x049bb5c8d03d720f0ea0e86ccaf9c98d9a1b91b9df8301a11191e2c4a98a0e63,0x8d4b2cffe2dcbbf06eaa5920401db86ca5fb8177,0x4cc19356f2d37338b9802aa8e8fc58b0373296e7,0xfcd8ae311912731496db2f04a7737a9a9b76ccb8,1306825173333330000000000,SelfKey,KEY,18,263,119375,50000000000,104375,6134264,deprecated,0x3e5b5e39,"addPrecommitment(address beneficiary, uint256 tokensAllocated, bool halfVesting)",20167157
4894388,1515732933,0x7fab6b46a52728730368a6ef97db7fad0a760fc3d3f45d8359a2c56b68175f77,2548,0x30be32cc44831553f143dfdf258d74964ec4d8f8632600c41367dea83d998e4c,0x8d4b2cffe2dcbbf06eaa5920401db86ca5fb8177,0x4cc19356f2d37338b9802aa8e8fc58b0373296e7,0x66be37585bd04aa7adce3ef790f581fae1cc3274,94242200000000000000000,SelfKey,KEY,18,99,119247,50000000000,104247,2407951,deprecated,0x3e5b5e39,"addPrecommitment(address beneficiary, uint256 tokensAllocated, bool halfVesting)",20167155
4894390,1515732992,0x7634221d974519db386e6d5d209cbcf0ef0bdd85c39ddc1c8d1faab73ec475f8,2549,0xa8a5226fe3845db1b2781e5d050197fcf4ea9145e61b9c1a66c8e8f9492d4f1c,0x8d4b2cffe2dcbbf06eaa5920401db86ca5fb8177,0x4cc19356f2d37338b9802aa8e8fc58b0373296e7,0x5c72da9cad883d790eb1e4165cf2441b3be165e2,1306825173333330000000000,SelfKey,KEY,18,0,119375,50000000000,104375,104375,deprecated,0x3e5b5e39,"addPrecommitment(address beneficiary, uint256 tokensAllocated, bool halfVesting)",20167153
4894390,1515732992,0xb89e5b474b82f3c4efc985685ece57dbe25f523660b8463a2965c22320afe354,2550,0xa8a5226fe3845db1b2781e5d050197fcf4ea9145e61b9c1a66c8e8f9492d4f1c,0x8d4b2cffe2dcbbf06eaa5920401db86ca5fb8177,0x4cc19356f2d37338b9802aa8e8fc58b0373296e7,0x37e102aab262f27e73a9733c7678d0d58ed7a5ab,1306825173333330000000000,SelfKey,KEY,18,146,119375,50000000000,104375,4597978,deprecated,0x3e5b5e39,"addPrecommitment(address beneficiary, uint256 tokensAllocated, bool halfVesting)",20167153
4894393,1515733053,0xb3d99234873ba009608cf9840ef8669c6f0ee06ad9156cfe3e007f69e270c34b,2551,0xc49af9e3f515f06a2bea211ece3306e9356bd90a57637b11171c65e67855a996,0x8d4b2cffe2dcbbf06eaa5920401db86ca5fb8177,0x4cc19356f2d37338b9802aa8e8fc58b0373296e7,0x237e61fa6baaf3248d4a61d98d6ab00a43448969,201050026666667000000000,SelfKey,KEY,18,138,119311,50000000000,104311,3938713,deprecated,0x3e5b5e39,"addPrecommitment(address beneficiary, uint256 tokensAllocated, bool halfVesting)",20167150
4894393,1515733053,0xa5303006f3480a4a87171756bb85da44209d42f6185873fc2c9f5ab72a0dac38,2552,0xc49af9e3f515f06a2bea211ece3306e9356bd90a57637b11171c65e67855a996,0x8d4b2cffe2dcbbf06eaa5920401db86ca5fb8177,0x4cc19356f2d37338b9802aa8e8fc58b0373296e7,0xfb412023dc2e27ae317e687fefa712605aee3b83,96127044000000000000000,SelfKey,KEY,18,209,119247,50000000000,104247,6883168,deprecated,0x3e5b5e39,"addPrecommitment(address beneficiary, uint256 tokensAllocated, bool halfVesting)",20167150
4894393,1515733053,0x37c8c05a2e51d2420cfe7e3296583fe6aeaa28662329e8608fe60ec36ead84f5,2553,0xc49af9e3f515f06a2bea211ece3306e9356bd90a57637b11171c65e67855a996,0x8d4b2cffe2dcbbf06eaa5920401db86ca5fb8177,0x4cc19356f2d37338b9802aa8e8fc58b0373296e7,0xd31b9efa1813e59f77a71e043c53bd11b1708435,94242200000000000000000,SelfKey,KEY,18,224,119247,50000000000,104247,7368296,deprecated,0x3e5b5e39,"addPrecommitment(address beneficiary, uint256 tokensAllocated, bool halfVesting)",20167150
4894393,1515733053,0x5b6b50c7e573ae22756b20315bcc2ea244b996847a645fc105ae732a27d215d9,2554,0xc49af9e3f515f06a2bea211ece3306e9356bd90a57637b11171c65e67855a996,0x8d4b2cffe2dcbbf06eaa5920401db86ca5fb8177,0x4cc19356f2d37338b9802aa8e8fc58b0373296e7,0x09284cea3f0eee9d24699bb16f6e1926f79373fd,1306825173333330000000000,SelfKey,KEY,18,235,119375,50000000000,104375,7730364,deprecated,0x3e5b5e39,"addPrecommitment(address beneficiary, uint256 tokensAllocated, bool halfVesting)",20167150
4894395,1515733073,0x16939aa56a3b49b6ee31674b56f66cce8c06d9813acab7b2b7ff1e8bcbf2a729,2555,0xee4df3a9593c04526d603945a073a2c73f1043815449e846005d7944ffbe49ee,0x8d4b2cffe2dcbbf06eaa5920401db86ca5fb8177,0x4cc19356f2d37338b9802aa8e8fc58b0373296e7,0x360a065a451735fc78c69ec70b5a30df11ec172d,1306825173333330000000000,SelfKey,KEY,18,42,119375,50000000000,104375,1203255,deprecated,0x3e5b5e39,"addPrecommitment(address beneficiary, uint256 tokensAllocated, bool halfVesting)",20167148
4894399,1515733145,0xff1d07c3c5ebc337d026e4b5202c8ab098d5ca9f3c490916a9fa4649fa025fa3,2556,0x7def55591d7b09813118dff99e237b8e3c64b5d27305d5ca3fc35a2e5acf6af6,0x8d4b2cffe2dcbbf06eaa5920401db86ca5fb8177,0x4cc19356f2d37338b9802aa8e8fc58b0373296e7,0xf94571dbdff33446dabd17040cd6236b0d2c2545,125656266666667000000000,SelfKey,KEY,18,269,119311,50000000000,104311,6838160,deprecated,0x3e5b5e39,"addPrecommitment(address beneficiary, uint256 tokensAllocated, bool halfVesting)",20167144
4894400,1515733151,0x657b38982917c7fc234dcdab8f5efcb74744bf4f0581f4ade442b9f98536c7f4,2557,0x49fb970d66a4079827d2c03fb9cd1d433b0577fb1a6b66c4fab19b1fc405f3fc,0x8d4b2cffe2dcbbf06eaa5920401db86ca5fb8177,0x4cc19356f2d37338b9802aa8e8fc58b0373296e7,0x094379e10281c11bad753109a8dde813e439f7c7,628281333333333000000000,SelfKey,KEY,18,127,119311,50000000000,104311,3282034,deprecated,0x3e5b5e39,"addPrecommitment(address beneficiary, uint256 tokensAllocated, bool halfVesting)",20167143
4894400,1515733151,0x3f402ded70b6095d8d9e6c683dc0859c23270eb76757d9298a1ba5a430fea23f,2558,0x49fb970d66a4079827d2c03fb9cd1d433b0577fb1a6b66c4fab19b1fc405f3fc,0x8d4b2cffe2dcbbf06eaa5920401db86ca5fb8177,0x4cc19356f2d37338b9802aa8e8fc58b0373296e7,0x9008c749314f998ec25d02a0a474844107f1aaac,100525013333333000000000,SelfKey,KEY,18,188,119311,50000000000,104311,5551427,deprecated,0x3e5b5e39,"addPrecommitment(address beneficiary, uint256 tokensAllocated, bool halfVesting)",20167143
4894400,1515733151,0x5a29710fd3b8bc910c7d773b7b753b6037256704f8531b5ac1e2128d1ca9e099,2559,0x49fb970d66a4079827d2c03fb9cd1d433b0577fb1a6b66c4fab19b1fc405f3fc,0x8d4b2cffe2dcbbf06eaa5920401db86ca5fb8177,0x4cc19356f2d37338b9802aa8e8fc58b0373296e7,0x953776127f06ff04e520f03c4e88971a59557335,125656266666667000000000,SelfKey,KEY,18,212,119311,50000000000,104311,6433958,deprecated,0x3e5b5e39,"addPrecommitment(address beneficiary, uint256 tokensAllocated, bool halfVesting)",20167143
4894400,1515733151,0x926499be6111698185f15b6d627271f77dde2c78a282571c029d8d8b5a450568,2560,0x49fb970d66a4079827d2c03fb9cd1d433b0577fb1a6b66c4fab19b1fc405f3fc,0x8d4b2cffe2dcbbf06eaa5920401db86ca5fb8177,0x4cc19356f2d37338b9802aa8e8fc58b0373296e7,0x96d81cc8b8fa04efbfb15b4469ae9db76a89a169,125656266666667000000000,SelfKey,KEY,18,232,119311,50000000000,104311,7036244,deprecated,0x3e5b5e39,"addPrecommitment(address beneficiary, uint256 tokensAllocated, bool halfVesting)",20167143
4894400,1515733151,0x1fce3bcf57af81ce755655d3fb359fae6489e4044369a9e492c6cf4abe3426ac,2561,0x49fb970d66a4079827d2c03fb9cd1d433b0577fb1a6b66c4fab19b1fc405f3fc,0x8d4b2cffe2dcbbf06eaa5920401db86ca5fb8177,0x4cc19356f2d37338b9802aa8e8fc58b0373296e7,0xb48c18883a48c2b884b9bdd77d3f8bfceb6760d8,219898466666667000000000,SelfKey,KEY,18,248,119311,50000000000,104311,7580161,deprecated,0x3e5b5e39,"addPrecommitment(address beneficiary, uint256 tokensAllocated, bool halfVesting)",20167143
4894401,1515733165,0x506642ede6bae83255e3f12bdbee73c91eddaf4fe80981e91e1e2c5c55bab35a,2562,0x28b5c9e93dacf973003a02d60978be294dc2681f7dc755aa10ef7dd1a707c2fc,0x8d4b2cffe2dcbbf06eaa5920401db86ca5fb8177,0x4cc19356f2d37338b9802aa8e8fc58b0373296e7,0xfe18c56c85802ad2522f88f82a19026c9c1f73b0,94242200000000000000000,SelfKey,KEY,18,111,119247,50000000000,104247,3730539,deprecated,0x3e5b5e39,"addPrecommitment(address beneficiary, uint256 tokensAllocated, bool halfVesting)",20167142
4894401,1515733165,0x2bc7f2703ff05ea5f58a3028d15d83ca3fc71f8a360d87282d48fe9be5dad90a,2563,0x28b5c9e93dacf973003a02d60978be294dc2681f7dc755aa10ef7dd1a707c2fc,0x8d4b2cffe2dcbbf06eaa5920401db86ca5fb8177,0x4cc19356f2d37338b9802aa8e8fc58b0373296e7,0x844e208f9c49eec000902b5eea1202733efb510f,94242200000000000000000,SelfKey,KEY,18,172,119183,50000000000,104183,5533830,deprecated,0x3e5b5e39,"addPrecommitment(address beneficiary, uint256 tokensAllocated, bool halfVesting)",20167142
4894401,1515733165,0xa1cb70cac80b4abfa334efb46113c035636245425635a221989f9fb0d5a3dd6d,2564,0x28b5c9e93dacf973003a02d60978be294dc2681f7dc755aa10ef7dd1a707c2fc,0x8d4b2cffe2dcbbf06eaa5920401db86ca5fb8177,0x4cc19356f2d37338b9802aa8e8fc58b0373296e7,0x38ad50162f3ef3fa66d85a2bbe02d14d46a2ad1d,189112681333333000000000,SelfKey,KEY,18,187,119311,50000000000,104311,6040884,deprecated,0x3e5b5e39,"addPrecommitment(address beneficiary, uint256 tokensAllocated, bool halfVesting)",20167142
4894401,1515733165,0x209df1a16205e465ad1f1ccd43f4495c8e057d0db3086c3592743b3068ad1a30,2565,0x28b5c9e93dacf973003a02d60978be294dc2681f7dc755aa10ef7dd1a707c2fc,0x8d4b2cffe2dcbbf06eaa5920401db86ca5fb8177,0x4cc19356f2d37338b9802aa8e8fc58b0373296e7,0xb6a4d845842484b173f2a5e977c8d947ce0695db,635192428000000000000000,SelfKey,KEY,18,198,119247,50000000000,104247,6401131,deprecated,0x3e5b5e39,"addPrecommitment(address beneficiary, uint256 tokensAllocated, bool halfVesting)",20167142
4894401,1515733165,0xa0b8436e64ef341ee57e8d54b3fbcf350b72ed2a907a86241d6253b42947e43b,2566,0x28b5c9e93dacf973003a02d60978be294dc2681f7dc755aa10ef7dd1a707c2fc,0x8d4b2cffe2dcbbf06eaa5920401db86ca5fb8177,0x4cc19356f2d37338b9802aa8e8fc58b0373296e7,0x6aa539b9ba244b2de23552ab51d419ba2957f94e,188484400000000000000000,SelfKey,KEY,18,208,119247,50000000000,104247,6759875,deprecated,0x3e5b5e39,"addPrecommitment(address beneficiary, uint256 tokensAllocated, bool halfVesting)",20167142
4894401,1515733165,0x88bf6a28964bdda71517926521fa7ae48e30613e9478e924839ebddc6dd1aa7a,2567,0x28b5c9e93dacf973003a02d60978be294dc2681f7dc755aa10ef7dd1a707c2fc,0x8d4b2cffe2dcbbf06eaa5920401db86ca5fb8177,0x4cc19356f2d37338b9802aa8e8fc58b0373296e7,0xbe4a682a19d63c032441d1c234f9c71ae08ab26b,94242200000000000000000,SelfKey,KEY,18,216,119247,50000000000,104247,7061683,deprecated,0x3e5b5e39,"addPrecommitment(address beneficiary, uint256 tokensAllocated, bool halfVesting)",20167142
4894401,1515733165,0x90bdd1e1c0820207e1ca4416e26f32d3da37189d8f1b5ad401a7aa7d6a510da1,2568,0x28b5c9e93dacf973003a02d60978be294dc2681f7dc755aa10ef7dd1a707c2fc,0x8d4b2cffe2dcbbf06eaa5920401db86ca5fb8177,0x4cc19356f2d37338b9802aa8e8fc58b0373296e7,0x26d6bcdc51edb2be1c14017e438eaf3e18a42911,125656266666667000000000,SelfKey,KEY,18,222,119311,50000000000,104311,7286878,deprecated,0x3e5b5e39,"addPrecommitment(address beneficiary, uint256 tokensAllocated, bool halfVesting)",20167142
4894401,1515733165,0xb7c15416637a2abf107b5843cbc71e4c6f0b63565aac32a40272b8aacde625a3,2569,0x28b5c9e93dacf973003a02d60978be294dc2681f7dc755aa10ef7dd1a707c2fc,0x8d4b2cffe2dcbbf06eaa5920401db86ca5fb8177,0x4cc19356f2d37338b9802aa8e8fc58b0373296e7,0x2af28d8af84cc39179d4657b729b17a322f63eb8,94242200000000000000000,SelfKey,KEY,18,228,119247,50000000000,104247,7496125,deprecated,0x3e5b5e39,"addPrecommitment(address beneficiary, uint256 tokensAllocated, bool halfVesting)",20167142
4894401,1515733165,0xef6ce021c2c7903f1758a8011000adb58d115676f635cffbdeca3037f7d13704,2570,0x28b5c9e93dacf973003a02d60978be294dc2681f7dc755aa10ef7dd1a707c2fc,0x8d4b2cffe2dcbbf06eaa5920401db86ca5fb8177,0x4cc19356f2d37338b9802aa8e8fc58b0373296e7,0x1beb7bfb44b51979529dc4cf2df7f598ee2ed8bb,125656266666667000000000,SelfKey,KEY,18,234,119311,50000000000,104311,7705436,deprecated,0x3e5b5e39,"addPrecommitment(address beneficiary, uint256 tokensAllocated, bool halfVesting)",20167142
4894401,1515733165,0x110ae29c2c5dd4cfec1f68ecc2230bf4feacf0491b37ac503e5b97d9fbc4d5d0,2571,0x28b5c9e93dacf973003a02d60978be294dc2681f7dc755aa10ef7dd1a707c2fc,0x8d4b2cffe2dcbbf06eaa5920401db86ca5fb8177,0x4cc19356f2d37338b9802aa8e8fc58b0373296e7,0x369342e4617cd365d7ffacbea47ed1a143e48bea,94242200000000000000000,SelfKey,KEY,18,239,119247,50000000000,104247,7893683,deprecated,0x3e5b5e39,"addPrecommitment(address beneficiary, uint256 tokensAllocated, bool halfVesting)",20167142
4894402,1515733171,0xc70ceba1e7ee03978914449603928cbaeca342bc4391a584c8e8f3992e4a50e5,2572,0x81c6c9f90e59db0fca9890226ad4242d3eb1659e4971241e54e5802d86731bcd,0x8d4b2cffe2dcbbf06eaa5920401db86ca5fb8177,0x4cc19356f2d37338b9802aa8e8fc58b0373296e7,0xf027433bc8d0ec87f1d970b2b6fd5f8a9d237464,125656266666667000000000,SelfKey,KEY,18,71,119311,50000000000,104311,1656837,deprecated,0x3e5b5e39,"addPrecommitment(address beneficiary, uint256 tokensAllocated, bool halfVesting)",20167141
4894402,1515733171,0xc2f936139b44cfe7aedad13b402c09b7d995fd91b0db724ce9795aed3d1a6055,2573,0x81c6c9f90e59db0fca9890226ad4242d3eb1659e4971241e54e5802d86731bcd,0x8d4b2cffe2dcbbf06eaa5920401db86ca5fb8177,0x4cc19356f2d37338b9802aa8e8fc58b0373296e7,0xab2c55ea7b8ab6adb5c4bf059c8fc9d784375de7,94242200000000000000000,SelfKey,KEY,18,116,119247,50000000000,104247,3715590,deprecated,0x3e5b5e39,"addPrecommitment(address beneficiary, uint256 tokensAllocated, bool halfVesting)",20167141
4894402,1515733171,0xf1b486a0c1a2d04af2a0842b9535a93526ae4bfb9ea252a6635fc381e097ddb8,2574,0x81c6c9f90e59db0fca9890226ad4242d3eb1659e4971241e54e5802d86731bcd,0x8d4b2cffe2dcbbf06eaa5920401db86ca5fb8177,0x4cc19356f2d37338b9802aa8e8fc58b0373296e7,0x7225dd25cdabc7feb50d0c47f123caf2e1c5ccda,314140666666667000000000,SelfKey,KEY,18,125,119311,50000000000,104311,4477123,deprecated,0x3e5b5e39,"addPrecommitment(address beneficiary, uint256 tokensAllocated, bool halfVesting)",20167141
4894410,1515733333,0x61cf3c993dfba051930e34a19208368e7881819fd10ecc8330ad3b66871ea00b,2575,0x7d04745bdfd0629bd0cfced898c877fb626b68b13d3af045ac95eb0de4a29f2c,0x8d4b2cffe2dcbbf06eaa5920401db86ca5fb8177,0x4cc19356f2d37338b9802aa8e8fc58b0373296e7,0x6ac9602b2dd2ee7eb20e706bd106d43b1492c25f,138221893333333000000000,SelfKey,KEY,18,237,119311,50000000000,104311,6590588,deprecated,0x3e5b5e39,"addPrecommitment(address beneficiary, uint256 tokensAllocated, bool halfVesting)",20167133
4894414,1515733386,0xdddca5c3f0f8d41f0dac5a4287e0144a17257c5a079071fb5f328c969bdec1be,2576,0x18dffd7cb7f48f47b09f596f38f145e2f2883029a9a82c42f904b0bee069f66c,0x8d4b2cffe2dcbbf06eaa5920401db86ca5fb8177,0x4cc19356f2d37338b9802aa8e8fc58b0373296e7,0xd698437d1fa036c98aa6b826e006e3c5d0c116a0,94242200000000000000000,SelfKey,KEY,18,277,119247,50000000000,104247,7204243,deprecated,0x3e5b5e39,"addPrecommitment(address beneficiary, uint256 tokensAllocated, bool halfVesting)",20167129
4894416,1515733411,0xd513e6026e4e7997507ff5a11fa94ee987ed24e69e042327a277730bb871e657,2577,0xa28c1877ad149a41a7153b8f8f87e3ea2bf7c6c0947eb8cf5436c953536c3ef3,0x8d4b2cffe2dcbbf06eaa5920401db86ca5fb8177,0x4cc19356f2d37338b9802aa8e8fc58b0373296e7,0x2d2ee9b278fbd8bbe0bce80a0d77d4103fc8dffc,942422000000000000000000,SelfKey,KEY,18,50,119247,50000000000,104247,2057847,deprecated,0x3e5b5e39,"addPrecommitment(address beneficiary, uint256 tokensAllocated, bool halfVesting)",20167127
4894416,1515733411,0x4aa1ad40c41fc3b3b2ee283cc54758cd92a0a9a19e60c122fc5d1d42cc25884e,2578,0xa28c1877ad149a41a7153b8f8f87e3ea2bf7c6c0947eb8cf5436c953536c3ef3,0x8d4b2cffe2dcbbf06eaa5920401db86ca5fb8177,0x4cc19356f2d37338b9802aa8e8fc58b0373296e7,0x00195aa6d84026697d99eddaec80848c9ee978f9,94242200000000000000000,SelfKey,KEY,18,102,119183,50000000000,104183,5887088,deprecated,0x3e5b5e39,"addPrecommitment(address beneficiary, uint256 tokensAllocated, bool halfVesting)",20167127
4894416,1515733411,0x06858cec327acd231177ff7e41d7b915a6b49883a485b726bbd9aa41f01540ba,2579,0xa28c1877ad149a41a7153b8f8f87e3ea2bf7c6c0947eb8cf5436c953536c3ef3,0x8d4b2cffe2dcbbf06eaa5920401db86ca5fb8177,0x4cc19356f2d37338b9802aa8e8fc58b0373296e7,0xa4041c2c155f143c8cbd22289b3f20fec2c155e0,94242200000000000000000,SelfKey,KEY,18,118,119247,50000000000,104247,6898558,deprecated,0x3e5b5e39,"addPrecommitment(address beneficiary, uint256 tokensAllocated, bool halfVesting)",20167127
4894416,1515733411,0xd88987963355b2418138acd22847fc9fb1c038f52338da98e69647742760b889,2580,0xa28c1877ad149a41a7153b8f8f87e3ea2bf7c6c0947eb8cf5436c953536c3ef3,0x8d4b2cffe2dcbbf06eaa5920401db86ca5fb8177,0x4cc19356f2d37338b9802aa8e8fc58b0373296e7,0xea618cd744162615d0ec126d63c388b5e8010efa,125656266666667000000000,SelfKey,KEY,18,133,119311,50000000000,104311,7796245,deprecated,0x3e5b5e39,"addPrecommitment(address beneficiary, uint256 tokensAllocated, bool halfVesting)",20167127
4894421,1515733554,0x670871beea0920f22af547c09306e6942d3afe014e6e8ebf125ee34448c48821,2581,0xa4b3481b6896d17070ec201b7da310793f59e599fa5bee85be37f49ee697489d,0x8d4b2cffe2dcbbf06eaa5920401db86ca5fb8177,0x4cc19356f2d37338b9802aa8e8fc58b0373296e7,0xfe53be890356e3ff5da2cc49f5433ce2be30e332,109949233333333000000000,SelfKey,KEY,18,264,119311,50000000000,104311,7554660,deprecated,0x3e5b5e39,"addPrecommitment(address beneficiary, uint256 tokensAllocated, bool halfVesting)",20167122
4894423,1515733602,0x4cd0fcf990c114297603daebb27e48cd3284ab0cdba9dd1e3ccbba6b9c1bade7,2582,0xa119b033bcb821ec0020ce559d69f9509a8a4f990778c6d2e20469b4232c2c00,0x8d4b2cffe2dcbbf06eaa5920401db86ca5fb8177,0x4cc19356f2d37338b9802aa8e8fc58b0373296e7,0x51e162e1186070538a8dca8d77fe4c6ce03df1f7,1306825173333330000000000,SelfKey,KEY,18,180,119375,50000000000,104375,5283646,deprecated,0x3e5b5e39,"addPrecommitment(address beneficiary, uint256 tokensAllocated, bool halfVesting)",20167120
4894425,1515733640,0xdd83235dc7a723f0c68e4183e55804ffa0ef40f7bef6576baee6f43d6a57cdec,2583,0xe15d69cb8fbb94f66d832e99443723e546a54b7dcf5a58a812556e8890353d96,0x8d4b2cffe2dcbbf06eaa5920401db86ca5fb8177,0x4cc19356f2d37338b9802aa8e8fc58b0373296e7,0x5ec1db26aebc10599368bbbeaf2ec798967f1de3,100792458246463000000000,SelfKey,KEY,18,150,119311,50000000000,104311,4586538,deprecated,0x3e5b5e39,"addPrecommitment(address beneficiary, uint256 tokensAllocated, bool halfVesting)",20167118
4894428,1515733676,0xf6600cf66f39a6b6c4e52e34d0737085ff4a9b9f944b0803ba7c45b296dec665,2584,0x0e8fad978ec4c1d9aa57c665e2a9403c6774d48660ce210d9374ac0911b30277,0x8d4b2cffe2dcbbf06eaa5920401db86ca5fb8177,0x4cc19356f2d37338b9802aa8e8fc58b0373296e7,0xacde36e10853f71f3f8f817ed95016cda4ce0bef,653412586666667000000000,SelfKey,KEY,18,38,119311,50000000000,59311,1347854,deprecated,0x3e5b5e39,"addPrecommitment(address beneficiary, uint256 tokensAllocated, bool halfVesting)",20167115
4894430,1515733699,0xf6e53fbb9975313f22617e56e03d2abee6790dc7a09d7ebb12edd2c136dc7704,2585,0x877d92cba7dad67f00d6643eb15673a9ad39c7506ee3f2169f645de515ce6a55,0x8d4b2cffe2dcbbf06eaa5920401db86ca5fb8177,0x4cc19356f2d37338b9802aa8e8fc58b0373296e7,0xef01d84bfe8849e8005d4198ee6953cd979e7e0b,1005250133333330000000000,SelfKey,KEY,18,58,119247,50000000000,104247,2099106,deprecated,0x3e5b5e39,"addPrecommitment(address beneficiary, uint256 tokensAllocated, bool halfVesting)",20167113
4894430,1515733699,0x6763cd62e161492213d048535fb6831a47191083b103f21ec4ea4404356baedb,2586,0x877d92cba7dad67f00d6643eb15673a9ad39c7506ee3f2169f645de515ce6a55,0x8d4b2cffe2dcbbf06eaa5920401db86ca5fb8177,0x4cc19356f2d37338b9802aa8e8fc58b0373296e7,0x530c354a6e7bd80d6f0bdc82e37381a17db25398,94242200000000000000000,SelfKey,KEY,18,99,119247,50000000000,104247,3919434,deprecated,0x3e5b5e39,"addPrecommitment(address beneficiary, uint256 tokensAllocated, bool halfVesting)",20167113
4894430,1515733699,0x666b0c478dbd5a272bbe3315cc2b3cd56d37491fdfa97b8dd82a7a66b5307840,2587,0x877d92cba7dad67f00d6643eb15673a9ad39c7506ee3f2169f645de515ce6a55,0x8d4b2cffe2dcbbf06eaa5920401db86ca5fb8177,0x4cc19356f2d37338b9802aa8e8fc58b0373296e7,0xaae331012c611e67e11a18a1d31ef5d564967bdc,97383606666666700000000,SelfKey,KEY,18,120,119311,50000000000,104311,4991605,deprecated,0x3e5b5e39,"addPrecommitment(address beneficiary, uint256 tokensAllocated, bool halfVesting)",20167113
4894430,1515733699,0xfc50f50cfea64b3345b637215762c70716dea64402aba06e898f519418b06d01,2588,0x877d92cba7dad67f00d6643eb15673a9ad39c7506ee3f2169f645de515ce6a55,0x8d4b2cffe2dcbbf06eaa5920401db86ca5fb8177,0x4cc19356f2d37338b9802aa8e8fc58b0373296e7,0xede8aef0cc4a6e97d8af3d187f50860a3c8c3c27,125656266666667000000000,SelfKey,KEY,18,140,119311,50000000000,104311,6041476,deprecated,0x3e5b5e39,"addPrecommitment(address beneficiary, uint256 tokensAllocated, bool halfVesting)",20167113
4894430,1515733699,0x8402a75c59da942e3d8a611bb66901bd8b1fed778921a2bfb8e1a80b65da1532,2589,0x877d92cba7dad67f00d6643eb15673a9ad39c7506ee3f2169f645de515ce6a55,0x8d4b2cffe2dcbbf06eaa5920401db86ca5fb8177,0x4cc19356f2d37338b9802aa8e8fc58b0373296e7,0xcd28190d6aaa65c2052791b2d8f68fc77e666f0d,1306825173333330000000000,SelfKey,KEY,18,156,119375,50000000000,104375,6945928,deprecated,0x3e5b5e39,"addPrecommitment(address beneficiary, uint256 tokensAllocated, bool halfVesting)",20167113
4894430,1515733699,0x0fe851b8f3148d2ca48b149ee984b47afd9564a64e7dfaf6de7af9f63e75992f,2590,0x877d92cba7dad67f00d6643eb15673a9ad39c7506ee3f2169f645de515ce6a55,0x8d4b2cffe2dcbbf06eaa5920401db86ca5fb8177,0x4cc19356f2d37338b9802aa8e8fc58b0373296e7,0x3b8da7688280f0e0a4d9778f4a95a151644c2d78,320423480000000000000000,SelfKey,KEY,18,171,119247,50000000000,104247,7875292,deprecated,0x3e5b5e39,"addPrecommitment(address beneficiary, uint256 tokensAllocated, bool halfVesting)",20167113
4894433,1515733719,0x3fdd949be9a63d9ce3263a2177aa386a145aba30ac0de0d8bcedf417404dc5a0,2591,0xafbe7a99f04d1f6613a8d65d4e90c5a95374902a911165df9e6e1898225eb13b,0x8d4b2cffe2dcbbf06eaa5920401db86ca5fb8177,0x4cc19356f2d37338b9802aa8e8fc58b0373296e7,0xd7e07b24e67c61a73732e7d8f46085e949efc7a7,94242200000000000000000,SelfKey,KEY,18,82,119247,50000000000,104247,2445373,deprecated,0x3e5b5e39,"addPrecommitment(address beneficiary, uint256 tokensAllocated, bool halfVesting)",20167110
4894434,1515733738,0xcd50dcc43ca7e0f16cfe5707336a3a8f61f69a011c874185ed67c3d11fbf52ee,2592,0xf64aa7294c1f44249677c4c38ab8ba5e3065928deec1b25eb9e04159e9803fd3,0x8d4b2cffe2dcbbf06eaa5920401db86ca5fb8177,0x4cc19356f2d37338b9802aa8e8fc58b0373296e7,0x7549b93ec7a332678bf2e635f2be31d55142eb73,94242200000000000000000,SelfKey,KEY,18,179,119247,50000000000,104247,4825407,deprecated,0x3e5b5e39,"addPrecommitment(address beneficiary, uint256 tokensAllocated, bool halfVesting)",20167109
4894436,1515733753,0x43413274abf4028cd0817abc907fb4406bd2a5c23739378dd481c77ca0a6ea11,2593,0xe4e3b3434cfc557c9baa8e3cdb88a0c1181dc67075eb5fb0b75f7047e4cbf2a0,0x8d4b2cffe2dcbbf06eaa5920401db86ca5fb8177,0x4cc19356f2d37338b9802aa8e8fc58b0373296e7,0xf6bed2bb9ab681b0b736f347351faca63231e84d,157070333333333000000000,SelfKey,KEY,18,5,119311,50000000000,104311,623513,deprecated,0x3e5b5e39,"addPrecommitment(address beneficiary, uint256 tokensAllocated, bool halfVesting)",20167107
4894436,1515733753,0xb3dc0a1fc93a8cf3eb4b1300927a232f0464aee1a8068943a815025e3093b6a6,2594,0xe4e3b3434cfc557c9baa8e3cdb88a0c1181dc67075eb5fb0b75f7047e4cbf2a0,0x8d4b2cffe2dcbbf06eaa5920401db86ca5fb8177,0x4cc19356f2d37338b9802aa8e8fc58b0373296e7,0x926151783e1e47c9ba7bcfbd1810e51e76aab180,125656266666667000000000,SelfKey,KEY,18,14,119311,50000000000,104311,1399547,deprecated,0x3e5b5e39,"addPrecommitment(address beneficiary, uint256 tokensAllocated, bool halfVesting)",20167107
4894436,1515733753,0x59745092498e9c769d7d5ff46d9acfa15353d35f27fd56b135624cee65f842ed,2595,0xe4e3b3434cfc557c9baa8e3cdb88a0c1181dc67075eb5fb0b75f7047e4cbf2a0,0x8d4b2cffe2dcbbf06eaa5920401db86ca5fb8177,0x4cc19356f2d37338b9802aa8e8fc58b0373296e7,0x2a0820014d54014c7d859ec390591522cc0b7246,94242200000000000000000,SelfKey,KEY,18,23,119247,50000000000,104247,2157635,deprecated,0x3e5b5e39,"addPrecommitment(address beneficiary, uint256 tokensAllocated, bool halfVesting)",20167107
4894436,1515733753,0x81489b1a926f88871e2a0875d7e7d5d46bfb301997c87c57d7f47f87d4b00518,2596,0xe4e3b3434cfc557c9baa8e3cdb88a0c1181dc67075eb5fb0b75f7047e4cbf2a0,0x8d4b2cffe2dcbbf06eaa5920401db86ca5fb8177,0x4cc19356f2d37338b9802aa8e8fc58b0373296e7,0x96f4a5a04ca0685d3484b220e3c10ab6d2010ee2,99811868704647800000000,SelfKey,KEY,18,30,119311,50000000000,104311,2905143,deprecated,0x3e5b5e39,"addPrecommitment(address beneficiary, uint256 tokensAllocated, bool halfVesting)",20167107
4894436,1515733753,0xe060214f81ed88f569aadc62c39da56c69d4b2e61d78bd351f3a1e1def4c1c32,2597,0xe4e3b3434cfc557c9baa8e3cdb88a0c1181dc67075eb5fb0b75f7047e4cbf2a0,0x8d4b2cffe2dcbbf06eaa5920401db86ca5fb8177,0x4cc19356f2d37338b9802aa8e8fc58b0373296e7,0x2c02d03f53489bd2774f9e360ea393a6c6329bdb,188484400000000000000000,SelfKey,KEY,18,35,119247,50000000000,104247,3492181,deprecated,0x3e5b5e39,"addPrecommitment(address beneficiary, uint256 tokensAllocated, bool halfVesting)",20167107
4894436,1515733753,0x997301718cdaa910a826ccec6729b3000c1a3b57aedc8df8385c2ae09b94693e,2598,0xe4e3b3434cfc557c9baa8e3cdb88a0c1181dc67075eb5fb0b75f7047e4cbf2a0,0x8d4b2cffe2dcbbf06eaa5920401db86ca5fb8177,0x4cc19356f2d37338b9802aa8e8fc58b0373296e7,0x65e982f1531a08b00cc672f33a4dcd656355b076,314140666666667000000000,SelfKey,KEY,18,40,119311,50000000000,104311,4079283,deprecated,0x3e5b5e39,"addPrecommitment(address beneficiary, uint256 tokensAllocated, bool halfVesting)",20167107
4894436,1515733753,0x4f6abcc26fccce0e4f0cfde1026436cd7fd9ddfc28589f8db27ea82e6df6c31b,2599,0xe4e3b3434cfc557c9baa8e3cdb88a0c1181dc67075eb5fb0b75f7047e4cbf2a0,0x8d4b2cffe2dcbbf06eaa5920401db86ca5fb8177,0x4cc19356f2d37338b9802aa8e8fc58b0373296e7,0x7b3db4564213c5816b8c90343c08c4c5d87c5172,1231431413333330000000000,SelfKey,KEY,18,44,119375,50000000000,104375,4263014,deprecated,0x3e5b5e39,"addPrecommitment(address beneficiary, uint256 tokensAllocated, bool halfVesting)",20167107
4894436,1515733753,0x6c0122a9609d2e2c80cd2010733a486ccd6c298789d1fd8587f59c94edf8bffa,2600,0xe4e3b3434cfc557c9baa8e3cdb88a0c1181dc67075eb5fb0b75f7047e4cbf2a0,0x8d4b2cffe2dcbbf06eaa5920401db86ca5fb8177,0x4cc19356f2d37338b9802aa8e8fc58b0373296e7,0xabdb1f94bff885bd8933ac4f8aaacda4326491de,138221893333333000000000,SelfKey,KEY,18,48,119311,50000000000,104311,4430325,deprecated,0x3e5b5e39,"addPrecommitment(address beneficiary, uint256 tokensAllocated, bool halfVesting)",20167107
4894438,1515733822,0xee3af5e840785daad59d22b304615a2a8cc384a7ccc4034687b55c97dc77bee2,2601,0xe258b5150d3fd22304a36b7662d98ea67d0bfed00bc63438e64851c611dd7711,0x8d4b2cffe2dcbbf06eaa5920401db86ca5fb8177,0x4cc19356f2d37338b9802aa8e8fc58b0373296e7,0xd66834138b1d72a889d39f7056be2b4b31729059,182813947275356000000000,SelfKey,KEY,18,166,119311,50000000000,104311,4831944,deprecated,0x3e5b5e39,"addPrecommitment(address beneficiary, uint256 tokensAllocated, bool halfVesting)",20167105
4894441,1515733859,0x3241078127b87d2a7e6236d8184674493d7444d5d93c36a363c41cf81bba378c,2602,0x145d20d8306575e43be65a595aa66df71456dcc9d468e65d1c1aaaa5741182e9,0x8d4b2cffe2dcbbf06eaa5920401db86ca5fb8177,0x4cc19356f2d37338b9802aa8e8fc58b0373296e7,0x6804a65a750aaa8d924768c7a099e8762764edb9,131939080000000000000000,SelfKey,KEY,18,25,119247,50000000000,104247,833244,deprecated,0x3e5b5e39,"addPrecommitment(address beneficiary, uint256 tokensAllocated, bool halfVesting)",20167102
4894444,1515733886,0x0a16b35f73555c5f541926fac6d54b270aa78a798328f2ce3e1876cc9f7d8a57,2603,0x8e310d87c2820dd11568f5289639face6d27cb6d2b55152fd86e2e1d61728392,0x8d4b2cffe2dcbbf06eaa5920401db86ca5fb8177,0x4cc19356f2d37338b9802aa8e8fc58b0373296e7,0x90f1785f18a4829c1cb96145f2f05d9e48df1596,188484400000000000000000,SelfKey,KEY,18,182,119247,50000000000,104247,6131377,deprecated,0x3e5b5e39,"addPrecommitment(address beneficiary, uint256 tokensAllocated, bool halfVesting)",20167099
4894445,1515733908,0x75e383facae64a573e2e3ebe7ae5b9d75b0d10f10e17dd18e5dc1896eb21c680,2604,0xac88ec446523d4a202a4767ba4ee8d93cdd1ab8e2be33f769a83d18c3944e513,0x8d4b2cffe2dcbbf06eaa5920401db86ca5fb8177,0x4cc19356f2d37338b9802aa8e8fc58b0373296e7,0xc2d36124ef743d19ea9ace7bb6bd3ab3165bf7db,1306825173333330000000000,SelfKey,KEY,18,212,119375,50000000000,104375,5901458,deprecated,0x3e5b5e39,"addPrecommitment(address beneficiary, uint256 tokensAllocated, bool halfVesting)",20167098
4894446,1515733926,0xc7bd0ba2b2bc9e6686507df2d47a8e67461f10cf0ede1bbd5c66b526f045f5cd,2605,0xf4ae94aeb2cfffdd36f63b8f2eda81469726c349aaef8a93887d1b578f7c2c16,0x8d4b2cffe2dcbbf06eaa5920401db86ca5fb8177,0x4cc19356f2d37338b9802aa8e8fc58b0373296e7,0x1a12459b5d9d8f37038205079787f05495254545,270160973333333000000000,SelfKey,KEY,18,156,119311,50000000000,104311,4781356,deprecated,0x3e5b5e39,"addPrecommitment(address beneficiary, uint256 tokensAllocated, bool halfVesting)",20167097
4894446,1515733926,0xfc785d35cc2439bdb9f7f023b24976846f3bcb68c37570cd16829659d4d5a260,2606,0xf4ae94aeb2cfffdd36f63b8f2eda81469726c349aaef8a93887d1b578f7c2c16,0x8d4b2cffe2dcbbf06eaa5920401db86ca5fb8177,0x4cc19356f2d37338b9802aa8e8fc58b0373296e7,0x385619de9c1fa191fbf129dec833f5e46852a417,94242200000000000000000,SelfKey,KEY,18,217,119247,50000000000,104247,7187352,deprecated,0x3e5b5e39,"addPrecommitment(address beneficiary, uint256 tokensAllocated, bool halfVesting)",20167097
4894446,1515733926,0xfc1f810fddf3bf5530713cbc15d30ac71bbd9536ac1372416365857e24fb8079,2607,0xf4ae94aeb2cfffdd36f63b8f2eda81469726c349aaef8a93887d1b578f7c2c16,0x8d4b2cffe2dcbbf06eaa5920401db86ca5fb8177,0x4cc19356f2d37338b9802aa8e8fc58b0373296e7,0x60155489191796592869a45a478e4f7ffe718267,157070333333333000000000,SelfKey,KEY,18,229,119311,50000000000,59311,7645904,deprecated,0x3e5b5e39,"addPrecommitment(address beneficiary, uint256 tokensAllocated, bool halfVesting)",20167097
4894449,1515733993,0x0efcb78691911c2c7f8bbe271ed836b458f778c51f1e5cd82d3bc94e78816466,2608,0xba9a9ec817cb00b0ef5a3bac6b0a3a1f2828aa563adace92231dccf61625450b,0x8d4b2cffe2dcbbf06eaa5920401db86ca5fb8177,0x4cc19356f2d37338b9802aa8e8fc58b0373296e7,0x20f629dde065254efc0729c06c65fd67170bf7bc,18848440000000000000000,SelfKey,KEY,18,124,119247,50000000000,104247,5182412,deprecated,0x3e5b5e39,"addPrecommitment(address beneficiary, uint256 tokensAllocated, bool halfVesting)",20167094
4894452,1515734040,0xd0c62a925d196e8c66a552c68e7501eb1606b4ef75e91224fa4797a8601cf487,2609,0x283ba4cdff0ceca4be7f7239e769d18147ea0b50853127e1806b5ed765f2c8c6,0x8d4b2cffe2dcbbf06eaa5920401db86ca5fb8177,0x4cc19356f2d37338b9802aa8e8fc58b0373296e7,0x94f1252beedaeb771096f094192862728263c9cc,219898466666667000000000,SelfKey,KEY,18,107,119311,50000000000,104311,7409147,deprecated,0x3e5b5e39,"addPrecommitment(address beneficiary, uint256 tokensAllocated, bool halfVesting)",20167091
4894454,1515734069,0xca6841789975734ce07b1d3ec158a893519e4b444271c099f63031ff4c77b786,2610,0x4ec38ddd7649e9ce888f14c9573c96d47cf5fd523360947acd157a485fe4c60a,0x8d4b2cffe2dcbbf06eaa5920401db86ca5fb8177,0x4cc19356f2d37338b9802aa8e8fc58b0373296e7,0xa79a709fd801c1026f4f41e3ac441688e69b8175,94870481333333300000000,SelfKey,KEY,18,91,119311,50000000000,104311,2855401,deprecated,0x3e5b5e39,"addPrecommitment(address beneficiary, uint256 tokensAllocated, bool halfVesting)",20167089
4894454,1515734069,0x7ef9337421b05b8bda289e8fc84b86e3a3e4693929ab6593042925cb6aa0bf96,2611,0x4ec38ddd7649e9ce888f14c9573c96d47cf5fd523360947acd157a485fe4c60a,0x8d4b2cffe2dcbbf06eaa5920401db86ca5fb8177,0x4cc19356f2d37338b9802aa8e8fc58b0373296e7,0x604cb2ee57c9d857f1ee7c86a5392d51bfe09bcf,125656266666667000000000,SelfKey,KEY,18,152,119311,50000000000,104311,6380309,deprecated,0x3e5b5e39,"addPrecommitment(address beneficiary, uint256 tokensAllocated, bool halfVesting)",20167089
4894454,1515734069,0xc5ee60b6c5008428cc6981ab1b6e665c4b6e06a6495f1ef956e12aa40276998e,2612,0x4ec38ddd7649e9ce888f14c9573c96d47cf5fd523360947acd157a485fe4c60a,0x8d4b2cffe2dcbbf06eaa5920401db86ca5fb8177,0x4cc19356f2d37338b9802aa8e8fc58b0373296e7,0x95528863b0aed349933a2ad80abceb10e2ecadf6,314140666666667000000000,SelfKey,KEY,18,170,119311,50000000000,104311,7527573,deprecated,0x3e5b5e39,"addPrecommitment(address beneficiary, uint256 tokensAllocated, bool halfVesting)",20167089
4894454,1515734069,0xdc09d4e65cb492ba6d3549a7c7b2ddd8923919e32d17ceeba78cabd223fb6591,2613,0x4ec38ddd7649e9ce888f14c9573c96d47cf5fd523360947acd157a485fe4c60a,0x8d4b2cffe2dcbbf06eaa5920401db86ca5fb8177,0x4cc19356f2d37338b9802aa8e8fc58b0373296e7,0xdc0bd0b7ee0ddc0c4dc727b21ba2d7c00c8598c2,125656266666667000000000,SelfKey,KEY,18,180,119311,50000000000,104311,7915816,deprecated,0x3e5b5e39,"addPrecommitment(address beneficiary, uint256 tokensAllocated, bool halfVesting)",20167089
4894455,1515734090,0xc6eea86b1400841e32d0b7eefdac0de38052065473d84d72891111779250c9b8,2614,0x7ed5fb7eadc94f837fbf55bc00f1c2673429c18cae9d6df046204e2d661f395a,0x8d4b2cffe2dcbbf06eaa5920401db86ca5fb8177,0x4cc19356f2d37338b9802aa8e8fc58b0373296e7,0x437bdba1190d978899617db2481f42d7ed6c2c37,942422000000000000000000,SelfKey,KEY,18,182,119247,50000000000,104247,4843759,deprecated,0x3e5b5e39,"addPrecommitment(address beneficiary, uint256 tokensAllocated, bool halfVesting)",20167088
4894457,1515734113,0x018d3e2bdea1436ae301d0a3d68deaf3dd6f7669cb40420c3cc4a621cb96fbf1,2615,0xdcd6307386a42f71206ffaecfba5b01c86228e293f0ba565b5b867ec35ebc21f,0x8d4b2cffe2dcbbf06eaa5920401db86ca5fb8177,0x4cc19356f2d37338b9802aa8e8fc58b0373296e7,0xb7d53f0362025a29b64a5cde8af0dc9104300a94,94242200000000000000000,SelfKey,KEY,18,84,119247,50000000000,104247,2460298,deprecated,0x3e5b5e39,"addPrecommitment(address beneficiary, uint256 tokensAllocated, bool halfVesting)",20167086
4894458,1515734139,0xc5bce9e68b523c5b4650d9c6df5b682d3f8a3f840ffd8f1a633c023dc2d0ccdc,2616,0x907ba470a7f54c3cf715809da1e9b7450a9cebe409df975c972c6377a7f2e9e0,0x8d4b2cffe2dcbbf06eaa5920401db86ca5fb8177,0x4cc19356f2d37338b9802aa8e8fc58b0373296e7,0xa03e17f1609ecf17871e56aac11447719b6aa86b,1306825173333330000000000,SelfKey,KEY,18,292,119375,50000000000,104375,7868219,deprecated,0x3e5b5e39,"addPrecommitment(address beneficiary, uint256 tokensAllocated, bool halfVesting)",20167085
4894460,1515734181,0xf6dfaabc5dcc0e6cd09192f978f8029acd1b630c214bb47d7111417520b39d4c,2617,0xf8a95fec27163c28c583b092f37e2656707885d593614e3fb6189b885b2ead20,0x8d4b2cffe2dcbbf06eaa5920401db86ca5fb8177,0x4cc19356f2d37338b9802aa8e8fc58b0373296e7,0x268393d98f5d821d673927f790d78b3bf098afa0,94242200000000000000000,SelfKey,KEY,18,206,119247,50000000000,104247,6769188,deprecated,0x3e5b5e39,"addPrecommitment(address beneficiary, uint256 tokensAllocated, bool halfVesting)",20167083
4894461,1515734189,0x2131b8418b124b11f6bba7c388cd6b2cbcc0ebfcf0c4061da22d2600466525ef,2618,0x6b99500a9d41a3837fd0117e670abc3f76f8820f5a4cc84ec8bc9e47629e22ee,0x8d4b2cffe2dcbbf06eaa5920401db86ca5fb8177,0x4cc19356f2d37338b9802aa8e8fc58b0373296e7,0x680e90642e593653a11631eb2d3963742a0b3222,314140666666667000000000,SelfKey,KEY,18,59,119311,50000000000,104311,2560414,deprecated,0x3e5b5e39,"addPrecommitment(address beneficiary, uint256 tokensAllocated, bool halfVesting)",20167082
4894464,1515734220,0x53f1edb3cab48be022d626462ecf8cf18e20dd8f353f5ad5797343ad6cb6e360,2619,0xf78c6e4a40b74c501a1eb616b5cc94874edf5b19eef3646602fb54ae631abc64,0x8d4b2cffe2dcbbf06eaa5920401db86ca5fb8177,0x4cc19356f2d37338b9802aa8e8fc58b0373296e7,0xe99d2e634d21ecc544d97715fa5e54089da86428,96127044000000000000000,SelfKey,KEY,18,40,119247,50000000000,104247,1597062,deprecated,0x3e5b5e39,"addPrecommitment(address beneficiary, uint256 tokensAllocated, bool halfVesting)",20167079
4894464,1515734220,0x5bf10982dffb11d29fc85e06a3c7214a654c43fcf4265a3f9b7825b8c64a8972,2620,0xf78c6e4a40b74c501a1eb616b5cc94874edf5b19eef3646602fb54ae631abc64,0x8d4b2cffe2dcbbf06eaa5920401db86ca5fb8177,0x4cc19356f2d37338b9802aa8e8fc58b0373296e7,0xf6ef0d54fa17c9576ae9293cdaa7a0db44bd60de,94242200000000000000000,SelfKey,KEY,18,121,119247,50000000000,104247,6057489,deprecated,0x3e5b5e39,"addPrecommitment(address beneficiary, uint256 tokensAllocated, bool halfVesting)",20167079
4894464,1515734220,0x713b61b357051cec3c5697a318adb34bcd1793f6f9753909969f7926eb4b524b,2621,0xf78c6e4a40b74c501a1eb616b5cc94874edf5b19eef3646602fb54ae631abc64,0x8d4b2cffe2dcbbf06eaa5920401db86ca5fb8177,0x4cc19356f2d37338b9802aa8e8fc58b0373296e7,0x4e11ea12b66ffab92d08bffbfcd393b1097b4e42,314140666666667000000000,SelfKey,KEY,18,131,119311,50000000000,104311,6906323,deprecated,0x3e5b5e39,"addPrecommitment(address beneficiary, uint256 tokensAllocated, bool halfVesting)",20167079
4894464,1515734220,0x99d6c08b095b0defa25079b7a67c91553f6fb5e2604a266703e0da7c6c91e743,2622,0xf78c6e4a40b74c501a1eb616b5cc94874edf5b19eef3646602fb54ae631abc64,0x8d4b2cffe2dcbbf06eaa5920401db86ca5fb8177,0x4cc19356f2d37338b9802aa8e8fc58b0373296e7,0xb412b96dbe138da98be8e475f632e1a8f0037748,408382866666667000000000,SelfKey,KEY,18,140,119311,50000000000,104311,7734221,deprecated,0x3e5b5e39,"addPrecommitment(address beneficiary, uint256 tokensAllocated, bool halfVesting)",20167079
4894466,1515734237,0x37ef82b212107f30b394545caeafb509e394388c0dd10131ef5357af21f543ee,2623,0x99ad07e18b18691927fcafd77207eedc596329b19a1fe5fb09b1c80d9e78c0c1,0x8d4b2cffe2dcbbf06eaa5920401db86ca5fb8177,0x4cc19356f2d37338b9802aa8e8fc58b0373296e7,0x8754de388167e76c642e76c55ae8ac2ce7785896,188484400000000000000000,SelfKey,KEY,18,72,119247,50000000000,104247,2247638,deprecated,0x3e5b5e39,"addPrecommitment(address beneficiary, uint256 tokensAllocated, bool halfVesting)",20167077
4894467,1515734252,0x6c2182d2df7c6638254fc773749d1900c32fb683c3ab7375c26c0178fede2291,2624,0xcfd9462aa0ee5d2e03692fb4609e1e41f85275803e09bc944ea11fa16520223e,0x8d4b2cffe2dcbbf06eaa5920401db86ca5fb8177,0x4cc19356f2d37338b9802aa8e8fc58b0373296e7,0x71539c53376a0814ddbea67b0847056f0e1c6665,137538197586400000000000,SelfKey,KEY,18,54,119311,50000000000,104311,2795554,deprecated,0x3e5b5e39,"addPrecommitment(address beneficiary, uint256 tokensAllocated, bool halfVesting)",20167076
4894467,1515734252,0x373a2fd15510b13083f65f2d1a355726c20037d833cb7a03030f21b0353cde3f,2625,0xcfd9462aa0ee5d2e03692fb4609e1e41f85275803e09bc944ea11fa16520223e,0x8d4b2cffe2dcbbf06eaa5920401db86ca5fb8177,0x4cc19356f2d37338b9802aa8e8fc58b0373296e7,0x35fb4bf43e8ba30c93139f0e9ed4b3952eea7250,94242200000000000000000,SelfKey,KEY,18,85,119247,50000000000,104247,4208772,deprecated,0x3e5b5e39,"addPrecommitment(address beneficiary, uint256 tokensAllocated, bool halfVesting)",20167076
4894467,1515734252,0xb903ff26870cfe47cc2b1ae38c497464178d902fdf1ff5c45ec4dede5abd1d2d,2626,0xcfd9462aa0ee5d2e03692fb4609e1e41f85275803e09bc944ea11fa16520223e,0x8d4b2cffe2dcbbf06eaa5920401db86ca5fb8177,0x4cc19356f2d37338b9802aa8e8fc58b0373296e7,0x35fb4bf43e8ba30c93139f0e9ed4b3952eea7250,94242200000000000000000,SelfKey,KEY,18,101,119247,50000000000,59247,5075998,deprecated,0x3e5b5e39,"addPrecommitment(address beneficiary, uint256 tokensAllocated, bool halfVesting)",20167076
4894467,1515734252,0x6154fb17c22b927588705bdf57eb283caad63156afe0f5363f4a33a16b9f3959,2627,0xcfd9462aa0ee5d2e03692fb4609e1e41f85275803e09bc944ea11fa16520223e,0x8d4b2cffe2dcbbf06eaa5920401db86ca5fb8177,0x4cc19356f2d37338b9802aa8e8fc58b0373296e7,0x00343784fb10bc803c69c75fa32211d82539f6ea,879593866666667000000000,SelfKey,KEY,18,115,119247,50000000000,104247,5945161,deprecated,0x3e5b5e39,"addPrecommitment(address beneficiary, uint256 tokensAllocated, bool halfVesting)",20167076
4894467,1515734252,0xed22dde84c574e9cef0b28c5af95ddbfff7f6b0c1803aeee5281b005f3cedb98,2628,0xcfd9462aa0ee5d2e03692fb4609e1e41f85275803e09bc944ea11fa16520223e,0x8d4b2cffe2dcbbf06eaa5920401db86ca5fb8177,0x4cc19356f2d37338b9802aa8e8fc58b0373296e7,0x3cac460a5e4c7dfc4b8b41dd47750d76da55d225,56545320000000000000000,SelfKey,KEY,18,129,119247,50000000000,59247,6752925,deprecated,0x3e5b5e39,"addPrecommitment(address beneficiary, uint256 tokensAllocated, bool halfVesting)",20167076
4894467,1515734252,0xe020b230d756c861179a660736ba3d3c99f6f92a3a00c5d03fd03df9ecb82d4a,2629,0xcfd9462aa0ee5d2e03692fb4609e1e41f85275803e09bc944ea11fa16520223e,0x8d4b2cffe2dcbbf06eaa5920401db86ca5fb8177,0x4cc19356f2d37338b9802aa8e8fc58b0373296e7,0xd895e6e5e0a13ec2a16e7bddd6c1151b01128488,439796933333333000000000,SelfKey,KEY,18,142,119311,50000000000,104311,7553175,deprecated,0x3e5b5e39,"addPrecommitment(address beneficiary, uint256 tokensAllocated, bool halfVesting)",20167076
4894467,1515734252,0xacbff453eacc082a460289ed5d3052ff1d6d2024336040709e9cc212cb7a836b,2630,0xcfd9462aa0ee5d2e03692fb4609e1e41f85275803e09bc944ea11fa16520223e,0x8d4b2cffe2dcbbf06eaa5920401db86ca5fb8177,0x4cc19356f2d37338b9802aa8e8fc58b0373296e7,0x8a08040600ce011d63be3e63880794f97e2522e4,94242200000000000000000,SelfKey,KEY,18,154,119183,50000000000,104183,7963667,deprecated,0x3e5b5e39,"addPrecommitment(address beneficiary, uint256 tokensAllocated, bool halfVesting)",20167076
4894469,1515734269,0xdab6476fe72d7fa1179d1f906d9a147ae7b029e4dfb7605aa67b4691f2012353,2631,0xb3d3d71056a5fd7ed275eb3e11a0b042ad0edbfe6e65d2ad215a25049d658605,0x8d4b2cffe2dcbbf06eaa5920401db86ca5fb8177,0x4cc19356f2d37338b9802aa8e8fc58b0373296e7,0x280677a1f47484544c1f02764d667b46fc37e41a,1306825173333330000000000,SelfKey,KEY,18,135,119375,50000000000,104375,3763203,deprecated,0x3e5b5e39,"addPrecommitment(address beneficiary, uint256 tokensAllocated, bool halfVesting)",20167074
4894479,1515734422,0x8d4658d52b246f00b5b8337e630dae46c073b762a06f694292cb079561958b56,2632,0x299b38683b33aef534caed4a28c400904f36d59a53407207002c866693a1e173,0x8d4b2cffe2dcbbf06eaa5920401db86ca5fb8177,0x4cc19356f2d37338b9802aa8e8fc58b0373296e7,0xa0edd0156cddfd051e3955f583966167291089fb,168273516221633000000000,SelfKey,KEY,18,29,119311,50000000000,104311,2102289,deprecated,0x3e5b5e39,"addPrecommitment(address beneficiary, uint256 tokensAllocated, bool halfVesting)",20167064
4894479,1515734422,0x34a4916fcd218cb963061b1f6f2711a96e33e7bc6f778cf28f5b61136b3eca40,2633,0x299b38683b33aef534caed4a28c400904f36d59a53407207002c866693a1e173,0x8d4b2cffe2dcbbf06eaa5920401db86ca5fb8177,0x4cc19356f2d37338b9802aa8e8fc58b0373296e7,0x50078b26a5f42be7f4a964f63939596774792354,125656266666667000000000,SelfKey,KEY,18,151,119311,50000000000,104311,6234623,deprecated,0x3e5b5e39,"addPrecommitment(address beneficiary, uint256 tokensAllocated, bool halfVesting)",20167064
4894481,1515734472,0xddb7d703fc58d66ba4a2a5d8f77613b7e2da439960b0762d6f1137636774e071,2634,0x039e2ceae7be969abb1d768c718f4b0c11226d6b78161008d59d28aca28e1079,0x8d4b2cffe2dcbbf06eaa5920401db86ca5fb8177,0x4cc19356f2d37338b9802aa8e8fc58b0373296e7,0xcd35ede25754621f9fa8a8a5f3a70b7a57487383,98677771342852000000000,SelfKey,KEY,18,47,119311,50000000000,104311,1663639,deprecated,0x3e5b5e39,"addPrecommitment(address beneficiary, uint256 tokensAllocated, bool halfVesting)",20167062
4894484,1515734501,0x0e24f104f1934fc6e7865c6856f2a326ad3f835d08e1a947303ba7ab3d2c460f,2635,0xb06ea3906beaf68dd69a13fd9e15fbcbbecf7531a619391650b3e5ce06f55a47,0x8d4b2cffe2dcbbf06eaa5920401db86ca5fb8177,0x4cc19356f2d37338b9802aa8e8fc58b0373296e7,0xf09847febd16a71850a7fa3b76f8ce3509204570,94595289711364000000000,SelfKey,KEY,18,22,119311,50000000000,104311,1349642,deprecated,0x3e5b5e39,"addPrecommitment(address beneficiary, uint256 tokensAllocated, bool halfVesting)",20167059
4894489,1515734605,0x7c4f3bebbb37afe9e36775cb6694cf82ca866244706beba88f92aeba7adaf5bb,2636,0xdf1e90bcc16965ff3f2a28110b24cd751a6c09fb6880675ad53917f8c56d7a2a,0x8d4b2cffe2dcbbf06eaa5920401db86ca5fb8177,0x4cc19356f2d37338b9802aa8e8fc58b0373296e7,0xcea50976fd0b2212e3f42f3aca32ab87bf237fa6,565453200000000000000000,SelfKey,KEY,18,235,119247,50000000000,104247,7678767,deprecated,0x3e5b5e39,"addPrecommitment(address beneficiary, uint256 tokensAllocated, bool halfVesting)",20167054
4894495,1515734723,0x69878f733cd38f58b69ba9fd8f09a6aeae07c48170acb48b6c05d228d753ecf0,2637,0x830edad55e66293f31fb9fbe78f5de622738668131d2bccd121b2eb313531b82,0x8d4b2cffe2dcbbf06eaa5920401db86ca5fb8177,0x4cc19356f2d37338b9802aa8e8fc58b0373296e7,0x86a579771f41ebccaedb5c93aff3aac2c8dccee9,377837559155073000000000,SelfKey,KEY,18,297,119311,50000000000,104311,7717241,deprecated,0x3e5b5e39,"addPrecommitment(address beneficiary, uint256 tokensAllocated, bool halfVesting)",20167048
4894498,1515734815,0x0bd3c398c1488dcd572f3a1ac1d4be758a23c294e13727188b2284f460ecae1d,2638,0xb682a0c3f9f36cd841249e02f9e7c5806c966f2ec87b9bbe19f77aee493a9a47,0x8d4b2cffe2dcbbf06eaa5920401db86ca5fb8177,0x4cc19356f2d37338b9802aa8e8fc58b0373296e7,0x5284eddb7bf5e1a3d6eff866350fe09e5d804ab8,125650622030098000000000,SelfKey,KEY,18,121,119311,50000000000,104311,4014181,deprecated,0x3e5b5e39,"addPrecommitment(address beneficiary, uint256 tokensAllocated, bool halfVesting)",20167045
4894499,1515734820,0x0d21616acd65d044147d232ae96358cf6b19bca0446576d6d6ac1ef32a50b4db,2639,0xf7e21da2dedcfe3f30e9b15ce16f83d3ae754d1565527eb7bfa4bf89b8edff76,0x8d4b2cffe2dcbbf06eaa5920401db86ca5fb8177,0x4cc19356f2d37338b9802aa8e8fc58b0373296e7,0xebff84bbef423071e604c361bba677f5593def4e,1256562666666670000000000,SelfKey,KEY,18,41,119375,50000000000,104375,1742969,deprecated,0x3e5b5e39,"addPrecommitment(address beneficiary, uint256 tokensAllocated, bool halfVesting)",20167044
4894516,1515735194,0xd3850ff9bc30d4ae5cd9794a5594a7c660dc983e766a978edcf4c8668a0398c7,2640,0x2fbd3b6657928a61a0f80aad852014a3184874ae4c40030eb2decb7aec884f91,0x8d4b2cffe2dcbbf06eaa5920401db86ca5fb8177,0x4cc19356f2d37338b9802aa8e8fc58b0373296e7,0xa8d73cfe8776919fed57c164dd8da379e320176d,125656266666667000000000,SelfKey,KEY,18,181,119311,50000000000,104311,6969524,deprecated,0x3e5b5e39,"addPrecommitment(address beneficiary, uint256 tokensAllocated, bool halfVesting)",20167027
4894520,1515735234,0xf0af4bf2b38fce5bf90c223906dbcd739c2e06cbebfce0524008f5363c03bd13,2641,0x08ea2db6e946ff08fb2d18445f6f963f109d05756300fde9115a265f32befbd9,0x8d4b2cffe2dcbbf06eaa5920401db86ca5fb8177,0x4cc19356f2d37338b9802aa8e8fc58b0373296e7,0x34ce6d643cc45ac460d763806aac998d348ce406,628281333333333000000000,SelfKey,KEY,18,144,119311,50000000000,104311,4299727,deprecated,0x3e5b5e39,"addPrecommitment(address beneficiary, uint256 tokensAllocated, bool halfVesting)",20167023
4894522,1515735257,0x83098c34dfccee2e681b8178cdd39c060e106163265c1d2143e543bf5475afa4,2642,0xcf1270a763ca056f2d5c4289aeab98fca2511435ec862040e0b61ae38345bfac,0x8d4b2cffe2dcbbf06eaa5920401db86ca5fb8177,0x4cc19356f2d37338b9802aa8e8fc58b0373296e7,0xc0167a864a3726e8a10c06b17044a0916e63ff2b,175918773333333000000000,SelfKey,KEY,18,104,119311,50000000000,104311,3624458,deprecated,0x3e5b5e39,"addPrecommitment(address beneficiary, uint256 tokensAllocated, bool halfVesting)",20167021
4894528,1515735395,0x71696b1d60b83d63e203ce7d61159f17c9ec31074f305255df3b1c59655c49b7,2643,0x069de72690bcc9270968b36ee43f462911db9152c95ba888fe3078ecd52ddc9b,0x8d4b2cffe2dcbbf06eaa5920401db86ca5fb8177,0x4cc19356f2d37338b9802aa8e8fc58b0373296e7,0x1eaaf11a5cc4c6b318bffd7062a4503df555a745,100507358627867000000000,SelfKey,KEY,18,269,119311,50000000000,104311,7621071,deprecated,0x3e5b5e39,"addPrecommitment(address beneficiary, uint256 tokensAllocated, bool halfVesting)",20167015
4894530,1515735437,0x57c2cd7ac87202d1da3af6cfabe4c6bbc8c3d525eb737fe2500885a38afe48ba,2644,0x2b34d51e51bdb10518f959db00b29733b0a28294b2f7433085ade316b6ae9020,0x8d4b2cffe2dcbbf06eaa5920401db86ca5fb8177,0x4cc19356f2d37338b9802aa8e8fc58b0373296e7,0x565fe2cd1cf44ae9682a6370aad846119d6cf8d3,125656266666667000000000,SelfKey,KEY,18,212,119311,50000000000,104311,5308042,deprecated,0x3e5b5e39,"addPrecommitment(address beneficiary, uint256 tokensAllocated, bool halfVesting)",20167013
4894531,1515735444,0x3aa4705bc84b03e75c0c247ca90b7dd98a053bf28cc5e1cae78d92824f43b3a1,2645,0x05cb676559c6d29f866a22d0696526a9969aea0d0ddb608d98b12939f05d0380,0x8d4b2cffe2dcbbf06eaa5920401db86ca5fb8177,0x4cc19356f2d37338b9802aa8e8fc58b0373296e7,0xde4d5886da98c3a1140260aaf536a2f1262e2948,125656266666667000000000,SelfKey,KEY,18,111,119311,50000000000,104311,3553682,deprecated,0x3e5b5e39,"addPrecommitment(address beneficiary, uint256 tokensAllocated, bool halfVesting)",20167012
4894533,1515735464,0x7eab45340b686f5b5657b485dad117820d802f3385efba6b06201e38662e7fd7,2646,0x5dd3fea58f5cf65a2a54511d3c41b74a61c21f9bbd508b0c371bbd5de9722c74,0x8d4b2cffe2dcbbf06eaa5920401db86ca5fb8177,0x4cc19356f2d37338b9802aa8e8fc58b0373296e7,0xa8d73cfe8776919fed57c164dd8da379e320176d,62828133333333400000000,SelfKey,KEY,18,132,119311,50000000000,59311,4456249,deprecated,0x3e5b5e39,"addPrecommitment(address beneficiary, uint256 tokensAllocated, bool halfVesting)",20167010
4894536,1515735486,0x410649ff4d4b461fe94d58da5b6a76009445c93c9786b5ccbb23d0e1cbb567f6,2647,0x97e85f0e371778fb4c768c0ea637a424ff2ad19078d846469c8e4ba7f1df0a48,0x8d4b2cffe2dcbbf06eaa5920401db86ca5fb8177,0x4cc19356f2d37338b9802aa8e8fc58b0373296e7,0x0f26a5d79b82354874b79500c03df58ef5c114ef,219898466666667000000000,SelfKey,KEY,18,117,119247,50000000000,104247,3374937,deprecated,0x3e5b5e39,"addPrecommitment(address beneficiary, uint256 tokensAllocated, bool halfVesting)",20167007
4894536,1515735486,0xfbc880f5716097a4049197c3fb1ed8e3150e65af1d0b59df3bcf7e578fd71be2,2648,0x97e85f0e371778fb4c768c0ea637a424ff2ad19078d846469c8e4ba7f1df0a48,0x8d4b2cffe2dcbbf06eaa5920401db86ca5fb8177,0x4cc19356f2d37338b9802aa8e8fc58b0373296e7,0xe628deca7cffe4288fba353fc2edc7c94477bed7,125656266666667000000000,SelfKey,KEY,18,188,119311,50000000000,104311,6611549,deprecated,0x3e5b5e39,"addPrecommitment(address beneficiary, uint256 tokensAllocated, bool halfVesting)",20167007
4894536,1515735486,0x5ed0fba336f169070c6cf511419e0ae7ccefd89c3adb597df23d686be3810f6b,2649,0x97e85f0e371778fb4c768c0ea637a424ff2ad19078d846469c8e4ba7f1df0a48,0x8d4b2cffe2dcbbf06eaa5920401db86ca5fb8177,0x4cc19356f2d37338b9802aa8e8fc58b0373296e7,0xf83e759a4bd18ac70e9fc531e7304d42bad852aa,125656266666667000000000,SelfKey,KEY,18,210,119311,50000000000,104311,7937187,deprecated,0x3e5b5e39,"addPrecommitment(address beneficiary, uint256 tokensAllocated, bool halfVesting)",20167007
4894538,1515735520,0x6b2048d416628fc85cd731690fdb5033ee4cc990b935de83e9b2bc2da24c8ac6,2650,0xcd107ea955de14041ac69c86534d01dd2579fb5239a6cf83786cc1d00e18d9c3,0x8d4b2cffe2dcbbf06eaa5920401db86ca5fb8177,0x4cc19356f2d37338b9802aa8e8fc58b0373296e7,0x775d8bb769448c20a545c582088db5bff3751e84,125656266666667000000000,SelfKey,KEY,18,127,119311,50000000000,104311,4162476,deprecated,0x3e5b5e39,"addPrecommitment(address beneficiary, uint256 tokensAllocated, bool halfVesting)",20167005
4894541,1515735552,0x5ac8891e565b5055f2c4c2a42b5402e1a1c92de8bd68ea68e638e724c340ec60,2651,0x5256e83ce0c4ff9f8b9b54411d3b16a531ff88717da82131f17fd7778a2660b5,0x8d4b2cffe2dcbbf06eaa5920401db86ca5fb8177,0x4cc19356f2d37338b9802aa8e8fc58b0373296e7,0xb4e48fb00f470cb8107be7ff046145bbc03de984,94242200000000000000000,SelfKey,KEY,18,133,119247,50000000000,104247,5349728,deprecated,0x3e5b5e39,"addPrecommitment(address beneficiary, uint256 tokensAllocated, bool halfVesting)",20167002
4894542,1515735558,0x41d725fe7131d03f06be39a99b0552c3386cef28c44ab6d5ec86f52b70b63d75,2652,0x7cca97ff7aa6527f2399b4a5e944b960d9c0ee328b1174a0cc3b52738a286554,0x8d4b2cffe2dcbbf06eaa5920401db86ca5fb8177,0x4cc19356f2d37338b9802aa8e8fc58b0373296e7,0xa3c29ffa3a2e7b1b5ffcf53dabb0991025b73d30,56545320000000000000000,SelfKey,KEY,18,67,119247,50000000000,104247,2112472,deprecated,0x3e5b5e39,"addPrecommitment(address beneficiary, uint256 tokensAllocated, bool halfVesting)",20167001
4894544,1515735604,0x49572b3f85467bab54cc3492bb049129986c0addf1b70eef4df1cc9df18ef51a,2653,0x30ce81264896bf8df42128e55384957ae78d0feac6a60b2c6bfd4f56e1cac4f2,0x8d4b2cffe2dcbbf06eaa5920401db86ca5fb8177,0x4cc19356f2d37338b9802aa8e8fc58b0373296e7,0x9175c1ef119c1ccd30c398e5374e036e2105ac2b,18848440000000000000000,SelfKey,KEY,18,215,119247,50000000000,104247,5569817,deprecated,0x3e5b5e39,"addPrecommitment(address beneficiary, uint256 tokensAllocated, bool halfVesting)",20166999
4894546,1515735627,0xc7c9d3d4e879339e9d3f81ab8f94cad56ae90866725a89d1bb542f0dcd740180,2654,0x1dfcd64a60f938a0365a975b6511752a52fba9175bbc94cb9089eb68e56ad5ff,0x8d4b2cffe2dcbbf06eaa5920401db86ca5fb8177,0x4cc19356f2d37338b9802aa8e8fc58b0373296e7,0xbf960098598268a128863bb598d31b0a6b72a355,125656266666667000000000,SelfKey,KEY,18,91,119247,50000000000,104247,2831766,deprecated,0x3e5b5e39,"addPrecommitment(address beneficiary, uint256 tokensAllocated, bool halfVesting)",20166997
4894546,1515735627,0x94898ee20b444a6d47a1c72ec0ced740d5baf95478cced7707362fadba7ec584,2655,0x1dfcd64a60f938a0365a975b6511752a52fba9175bbc94cb9089eb68e56ad5ff,0x8d4b2cffe2dcbbf06eaa5920401db86ca5fb8177,0x4cc19356f2d37338b9802aa8e8fc58b0373296e7,0xd86d7432c4b8227242b5c98eae8e850423bd8f75,94242200000000000000000,SelfKey,KEY,18,146,119247,50000000000,104247,6214433,deprecated,0x3e5b5e39,"addPrecommitment(address beneficiary, uint256 tokensAllocated, bool halfVesting)",20166997
4894547,1515735646,0x183478b5782519f5c113c97c3ea66c0b3f29652053849f27ab480d0c0255967e,2656,0x05d37116954be9410ed8b215f22331cee59c7418f1621f1a65275e585ae08e6c,0x8d4b2cffe2dcbbf06eaa5920401db86ca5fb8177,0x4cc19356f2d37338b9802aa8e8fc58b0373296e7,0xa3c29ffa3a2e7b1b5ffcf53dabb0991025b73d30,125027985333333000000000,SelfKey,KEY,18,120,119311,50000000000,59311,3805459,deprecated,0x3e5b5e39,"addPrecommitment(address beneficiary, uint256 tokensAllocated, bool halfVesting)",20166996
4894547,1515735646,0xf319600e66a81ba4e7d3946ee326183f56339b7442051031f779edd4180573e7,2657,0x05d37116954be9410ed8b215f22331cee59c7418f1621f1a65275e585ae08e6c,0x8d4b2cffe2dcbbf06eaa5920401db86ca5fb8177,0x4cc19356f2d37338b9802aa8e8fc58b0373296e7,0x95c8548437706b2798331a7063ce5db6a3854efe,344298170666667000000000,SelfKey,KEY,18,180,119311,50000000000,104311,7517631,deprecated,0x3e5b5e39,"addPrecommitment(address beneficiary, uint256 tokensAllocated, bool halfVesting)",20166996
4894549,1515735673,0xff1a66e2e35211e71f15a31225964942bb4be4b635e2df2bec8380ed811a4f6c,2658,0x8dd0db2865d937d7dcf90340e5ab99afc30c50e71116ce020f431569adf5ec3e,0x8d4b2cffe2dcbbf06eaa5920401db86ca5fb8177,0x4cc19356f2d37338b9802aa8e8fc58b0373296e7,0x004e4a1697c809f88c67823a9cf562a34a91e70d,1306825173333330000000000,SelfKey,KEY,18,124,119311,50000000000,104311,3366649,deprecated,0x3e5b5e39,"addPrecommitment(address beneficiary, uint256 tokensAllocated, bool halfVesting)",20166994
4894551,1515735701,0x7a2839745ddecee9d318650382d28578782ed430ee15166110566bc54c4166ad,2659,0x98a676088be354fa3c843b675ecabb6b4d9833637c73263549fc0e2a8d3b26a4,0x8d4b2cffe2dcbbf06eaa5920401db86ca5fb8177,0x4cc19356f2d37338b9802aa8e8fc58b0373296e7,0xde0b52b339079efc4648c61433fe6d4e2e5c7f28,188484400000000000000000,SelfKey,KEY,18,138,119247,50000000000,104247,4450492,deprecated,0x3e5b5e39,"addPrecommitment(address beneficiary, uint256 tokensAllocated, bool halfVesting)",20166992
4894551,1515735701,0x890f3db2a15d81794d0702b9ea200a5bb9d8570170fbb383c4d03bfa8dfbd10f,2660,0x98a676088be354fa3c843b675ecabb6b4d9833637c73263549fc0e2a8d3b26a4,0x8d4b2cffe2dcbbf06eaa5920401db86ca5fb8177,0x4cc19356f2d37338b9802aa8e8fc58b0373296e7,0x69f37de6bd6afc60204cfabeaf4b8645f3f9762b,94242200000000000000000,SelfKey,KEY,18,210,119247,50000000000,104247,7818543,deprecated,0x3e5b5e39,"addPrecommitment(address beneficiary, uint256 tokensAllocated, bool halfVesting)",20166992
4894553,1515735721,0x4fba0f10d41a40e88b78abab79f65ea896caed4848d38c71abae3e177361e5de,2661,0x518a62551aef0fa50a494a32a8f05f43943d3f2d79229619312df1e0ccc53943,0x8d4b2cffe2dcbbf06eaa5920401db86ca5fb8177,0x4cc19356f2d37338b9802aa8e8fc58b0373296e7,0xd59e2b363afb6372f71df9e25f311fef99e11345,125656266666667000000000,SelfKey,KEY,18,34,119311,50000000000,104311,1693152,deprecated,0x3e5b5e39,"addPrecommitment(address beneficiary, uint256 tokensAllocated, bool halfVesting)",20166990
4894555,1515735743,0xeaca08ffacd18752955c9e856395cf5ae006b28053f42f29e8acbbdbb8ec41fc,2662,0x115bc5f72595ee03a6e2df15776d3ad28b64713a912fd3f458be86ce0b18bd8f,0x8d4b2cffe2dcbbf06eaa5920401db86ca5fb8177,0x4cc19356f2d37338b9802aa8e8fc58b0373296e7,0xa3c29ffa3a2e7b1b5ffcf53dabb0991025b73d30,62828133333333400000000,SelfKey,KEY,18,33,119311,50000000000,59311,1238410,deprecated,0x3e5b5e39,"addPrecommitment(address beneficiary, uint256 tokensAllocated, bool halfVesting)",20166988
4894556,1515735751,0x24044a0718038ab5addf86eb7a9d9011db46969b7d51bc485c31107fc958f518,2663,0x4c817df1cc584834a456dd2a5869b4eaba81e4ad4e2026ee9fb59f4a5fcfdc7e,0x8d4b2cffe2dcbbf06eaa5920401db86ca5fb8177,0x4cc19356f2d37338b9802aa8e8fc58b0373296e7,0xc4dff0cab36f3a10e965e9028ecac073b25f2ab5,314140666666667000000000,SelfKey,KEY,18,186,119311,50000000000,104311,6751461,deprecated,0x3e5b5e39,"addPrecommitment(address beneficiary, uint256 tokensAllocated, bool halfVesting)",20166987
4894556,1515735751,0x9029ac5cddd75eb43e0b17c5a6ecd452d80275a288aaadc62ff4f6277a8d6833,2664,0x4c817df1cc584834a456dd2a5869b4eaba81e4ad4e2026ee9fb59f4a5fcfdc7e,0x8d4b2cffe2dcbbf06eaa5920401db86ca5fb8177,0x4cc19356f2d37338b9802aa8e8fc58b0373296e7,0x93665a785902cb65abadf61706b677e54bdd4d4b,94242200000000000000000,SelfKey,KEY,18,211,119247,50000000000,104247,7933810,deprecated,0x3e5b5e39,"addPrecommitment(address beneficiary, uint256 tokensAllocated, bool halfVesting)",20166987
4894558,1515735787,0x37bb8e793ba46aa520dd99179a49d282586939d067595cd5406bc84e14f979e3,2665,0x6122b0ec52b37d5c2794715bbb7b8f41a39ba1dbdbfbfb5299ef0d0e45da57bd,0x8d4b2cffe2dcbbf06eaa5920401db86ca5fb8177,0x4cc19356f2d37338b9802aa8e8fc58b0373296e7,0x9c3160b225d3f0b1009a463ce32c3ef2a0f69de9,94242200000000000000000,SelfKey,KEY,18,44,119183,50000000000,104183,1690749,deprecated,0x3e5b5e39,"addPrecommitment(address beneficiary, uint256 tokensAllocated, bool halfVesting)",20166985
4894558,1515735787,0xae8a61506ce10d5c574cd6a29a18270b295496accf4eeebba1cbbc040ac3e18f,2666,0x6122b0ec52b37d5c2794715bbb7b8f41a39ba1dbdbfbfb5299ef0d0e45da57bd,0x8d4b2cffe2dcbbf06eaa5920401db86ca5fb8177,0x4cc19356f2d37338b9802aa8e8fc58b0373296e7,0x4e8ad9070371925410ee53aa74b9ea4ab9f9d331,125656266666667000000000,SelfKey,KEY,18,112,119311,50000000000,104311,6052915,deprecated,0x3e5b5e39,"addPrecommitment(address beneficiary, uint256 tokensAllocated, bool halfVesting)",20166985
4894558,1515735787,0xde15b17f49bb7ad23d1e9e057a8b3c54f1b765b53f484b20877a9bacc869df3c,2667,0x6122b0ec52b37d5c2794715bbb7b8f41a39ba1dbdbfbfb5299ef0d0e45da57bd,0x8d4b2cffe2dcbbf06eaa5920401db86ca5fb8177,0x4cc19356f2d37338b9802aa8e8fc58b0373296e7,0x7dcc76ccaa8e12a71ad4d1698611596d2e4dd5f5,94242200000000000000000,SelfKey,KEY,18,126,119247,50000000000,104247,7178937,deprecated,0x3e5b5e39,"addPrecommitment(address beneficiary, uint256 tokensAllocated, bool halfVesting)",20166985
4894558,1515735787,0x534a86a454fa3cc6b654c42cf8c2684dcc432640bfee4ea32f33d5951633830b,2668,0x6122b0ec52b37d5c2794715bbb7b8f41a39ba1dbdbfbfb5299ef0d0e45da57bd,0x8d4b2cffe2dcbbf06eaa5920401db86ca5fb8177,0x4cc19356f2d37338b9802aa8e8fc58b0373296e7,0x2ab94bdc811be9d47c722e011f58e63ba7533a36,532659206243253000000000,SelfKey,KEY,18,136,119311,50000000000,104311,7699010,deprecated,0x3e5b5e39,"addPrecommitment(address beneficiary, uint256 tokensAllocated, bool halfVesting)",20166985
4894560,1515735823,0xa503c31365df96395c77ef942adbcea20f757f3b7d6cf143834942dec83b43b5,2669,0xc19b9224c2265aa9d4affc7ca66a743f141d6f7247049c35df5f16a9142256bc,0x8d4b2cffe2dcbbf06eaa5920401db86ca5fb8177,0x4cc19356f2d37338b9802aa8e8fc58b0373296e7,0x64e0544899d5816132e3ee7c8857ba766afcc2f3,94242200000000000000000,SelfKey,KEY,18,139,119247,50000000000,104247,4236239,deprecated,0x3e5b5e39,"addPrecommitment(address beneficiary, uint256 tokensAllocated, bool halfVesting)",20166983
4894560,1515735823,0xbc5493fa0d4e23120a25e5427babe8b8c01cc1a288c02eecc9b6ed645f1542ea,2670,0xc19b9224c2265aa9d4affc7ca66a743f141d6f7247049c35df5f16a9142256bc,0x8d4b2cffe2dcbbf06eaa5920401db86ca5fb8177,0x4cc19356f2d37338b9802aa8e8fc58b0373296e7,0xc4ddf07f9faee7a96fa0e95a58260e8682ab0397,201050026666667000000000,SelfKey,KEY,18,187,119311,50000000000,104311,6684486,deprecated,0x3e5b5e39,"addPrecommitment(address beneficiary, uint256 tokensAllocated, bool halfVesting)",20166983
4894561,1515735831,0x98394aaf3f5eb67bf515c054dea919fc4040e2a11251c18ecc9473569a9dde67,2671,0x017a7b8ebb5ba3ef867cc8a15f70d089f1d6a956957ea8b51694d0ee94b76566,0x8d4b2cffe2dcbbf06eaa5920401db86ca5fb8177,0x4cc19356f2d37338b9802aa8e8fc58b0373296e7,0x9faf8d3aa8e77500eaea86d83a236dd8c477576e,1256562666666670000000000,SelfKey,KEY,18,36,119311,50000000000,104311,1492897,deprecated,0x3e5b5e39,"addPrecommitment(address beneficiary, uint256 tokensAllocated, bool halfVesting)",20166982
4894561,1515735831,0x8f2a5370fd4b0ecc8ab1e565012724dba50e900ce513214133dfd6e7ae6ee632,2672,0x017a7b8ebb5ba3ef867cc8a15f70d089f1d6a956957ea8b51694d0ee94b76566,0x8d4b2cffe2dcbbf06eaa5920401db86ca5fb8177,0x4cc19356f2d37338b9802aa8e8fc58b0373296e7,0x52c0da160654ae8e8e758fc34ce382e7c1cc887d,94242200000000000000000,SelfKey,KEY,18,70,119247,50000000000,104247,3492327,deprecated,0x3e5b5e39,"addPrecommitment(address beneficiary, uint256 tokensAllocated, bool halfVesting)",20166982
4894566,1515735894,0x6a7d95a6f3f584595d7dc85ccb6b56e92937b7889c9e85ea46206bdb30cce544,2673,0xa4639adc96ac8501a5baf097d6db8ca220dad9565fac53ecff4c0fd4c6f2e944,0x8d4b2cffe2dcbbf06eaa5920401db86ca5fb8177,0x4cc19356f2d37338b9802aa8e8fc58b0373296e7,0x44009959f38975f41c61e199192bd4adc2678d6f,56545320000000000000000,SelfKey,KEY,18,72,119183,50000000000,104183,2537360,deprecated,0x3e5b5e39,"addPrecommitment(address beneficiary, uint256 tokensAllocated, bool halfVesting)",20166977
4894570,1515735959,0x1470e3337f5e0374c4b31141b985e32d3264b108c23684d8ad735581997ae668,2674,0x19b9c701188dd8fbeb778785aa957780707c0655be66b592db281e27b95defb2,0x8d4b2cffe2dcbbf06eaa5920401db86ca5fb8177,0x4cc19356f2d37338b9802aa8e8fc58b0373296e7,0xcf74846794407c3dee1d92a930ec598382c85136,1306825173333330000000000,SelfKey,KEY,18,77,119375,50000000000,104375,2618723,deprecated,0x3e5b5e39,"addPrecommitment(address beneficiary, uint256 tokensAllocated, bool halfVesting)",20166973
4894572,1515735995,0x399e19175e1c35ef07c0750642281dafa53774cbfebf52feff27fd4601f91b16,2675,0xeccd1be45e9592fe8306024fdf01c3bfd31d24bcd2be417cf8cc5270d0bf9f2f,0x8d4b2cffe2dcbbf06eaa5920401db86ca5fb8177,0x4cc19356f2d37338b9802aa8e8fc58b0373296e7,0x0f0f364734200daee19f67d66e5ac72a0b308a30,112462358666667000000000,SelfKey,KEY,18,19,119311,50000000000,104311,1116255,deprecated,0x3e5b5e39,"addPrecommitment(address beneficiary, uint256 tokensAllocated, bool halfVesting)",20166971
4894572,1515735995,0x3205f60ab8e034886546c752cd58bbf3c895992dbf0482fa09781b05da087a28,2676,0xeccd1be45e9592fe8306024fdf01c3bfd31d24bcd2be417cf8cc5270d0bf9f2f,0x8d4b2cffe2dcbbf06eaa5920401db86ca5fb8177,0x4cc19356f2d37338b9802aa8e8fc58b0373296e7,0x1aea53a108acfb918086c7beace74a07d38fc13b,157070333333333000000000,SelfKey,KEY,18,71,119311,50000000000,104311,3558091,deprecated,0x3e5b5e39,"addPrecommitment(address beneficiary, uint256 tokensAllocated, bool halfVesting)",20166971
4894572,1515735995,0xd266126bb8658db71ee65391e8a8e7d25cb107beebeb23a32a778d93c0e2b11f,2677,0xeccd1be45e9592fe8306024fdf01c3bfd31d24bcd2be417cf8cc5270d0bf9f2f,0x8d4b2cffe2dcbbf06eaa5920401db86ca5fb8177,0x4cc19356f2d37338b9802aa8e8fc58b0373296e7,0x3d25f6a92cbe3d5cc098c3de4ed4bc2a80b93f54,251312533333333000000000,SelfKey,KEY,18,92,119311,50000000000,104311,4958257,deprecated,0x3e5b5e39,"addPrecommitment(address beneficiary, uint256 tokensAllocated, bool halfVesting)",20166971
4894572,1515735995,0x3be5e82a7aae99e6b271bf309f7a0016228a8b744eee593eb31be2b3e644bb82,2678,0xeccd1be45e9592fe8306024fdf01c3bfd31d24bcd2be417cf8cc5270d0bf9f2f,0x8d4b2cffe2dcbbf06eaa5920401db86ca5fb8177,0x4cc19356f2d37338b9802aa8e8fc58b0373296e7,0x3df96ce06e53fe9a2e9e2db7b5200e272e7eb1d6,188484400000000000000000,SelfKey,KEY,18,107,119247,50000000000,59247,6125673,deprecated,0x3e5b5e39,"addPrecommitment(address beneficiary, uint256 tokensAllocated, bool halfVesting)",20166971
4894574,1515736009,0xe39d167d7bed46f39d6ba170c82efc022720212daa21cf9e5122cb3d880e9679,2679,0x1898cb2040e7e114acba2ebe1c484480dc0004041db8dd416ffc66812de29a1e,0x8d4b2cffe2dcbbf06eaa5920401db86ca5fb8177,0x4cc19356f2d37338b9802aa8e8fc58b0373296e7,0x6d77dfca13acfba46993b02f408911ee30eb3abb,125656266666667000000000,SelfKey,KEY,18,34,119311,50000000000,104311,1779580,deprecated,0x3e5b5e39,"addPrecommitment(address beneficiary, uint256 tokensAllocated, bool halfVesting)",20166969
4894574,1515736009,0xa77fbd3aa7bda0241f6df583f376af6d39ca80ab65c20f31893aa396a3ddfacb,2680,0x1898cb2040e7e114acba2ebe1c484480dc0004041db8dd416ffc66812de29a1e,0x8d4b2cffe2dcbbf06eaa5920401db86ca5fb8177,0x4cc19356f2d37338b9802aa8e8fc58b0373296e7,0x4b74103bfdf74ef2f7ffa1eb499349c73a6bb53f,125656266666667000000000,SelfKey,KEY,18,63,119311,50000000000,104311,3641060,deprecated,0x3e5b5e39,"addPrecommitment(address beneficiary, uint256 tokensAllocated, bool halfVesting)",20166969
4894574,1515736009,0xe64b05777d3e76d06083e44b13c48b9feb10abeb34df7d6a4b9d83609db5029b,2681,0x1898cb2040e7e114acba2ebe1c484480dc0004041db8dd416ffc66812de29a1e,0x8d4b2cffe2dcbbf06eaa5920401db86ca5fb8177,0x4cc19356f2d37338b9802aa8e8fc58b0373296e7,0x89b2e2b8acbdd128b98e5b95bc8a90b06e31201f,111359224857487000000000,SelfKey,KEY,18,77,119311,50000000000,104311,4616574,deprecated,0x3e5b5e39,"addPrecommitment(address beneficiary, uint256 tokensAllocated, bool halfVesting)",20166969
4894574,1515736009,0xd47b3051535c1155d5d48412b3cdc373d939ad18acbee0751078bf30bb0fb76b,2682,0x1898cb2040e7e114acba2ebe1c484480dc0004041db8dd416ffc66812de29a1e,0x8d4b2cffe2dcbbf06eaa5920401db86ca5fb8177,0x4cc19356f2d37338b9802aa8e8fc58b0373296e7,0xfe2f4ad7c89083f388dac5133f60e561400fd5b2,100525013333333000000000,SelfKey,KEY,18,90,119311,50000000000,104311,5522620,deprecated,0x3e5b5e39,"addPrecommitment(address beneficiary, uint256 tokensAllocated, bool halfVesting)",20166969
4894574,1515736009,0x2e81d7efe2b13fa1bc790caaddf556030038dfff7710cf2c28c78e21377b92f2,2683,0x1898cb2040e7e114acba2ebe1c484480dc0004041db8dd416ffc66812de29a1e,0x8d4b2cffe2dcbbf06eaa5920401db86ca5fb8177,0x4cc19356f2d37338b9802aa8e8fc58b0373296e7,0xab0e0f2f4300a9408765797061d4eb45e0425073,110887400298003000000000,SelfKey,KEY,18,100,119247,50000000000,104247,6230749,deprecated,0x3e5b5e39,"addPrecommitment(address beneficiary, uint256 tokensAllocated, bool halfVesting)",20166969
4894574,1515736009,0x549a14152c30704df11f852395148d57ad93eb60956f50c90f41a45e7669ac69,2684,0x1898cb2040e7e114acba2ebe1c484480dc0004041db8dd416ffc66812de29a1e,0x8d4b2cffe2dcbbf06eaa5920401db86ca5fb8177,0x4cc19356f2d37338b9802aa8e8fc58b0373296e7,0xc857dbbe379f20cf6d3405cf0556fe1095c73a72,628281333333333000000000,SelfKey,KEY,18,110,119311,50000000000,104311,6938942,deprecated,0x3e5b5e39,"addPrecommitment(address beneficiary, uint256 tokensAllocated, bool halfVesting)",20166969
4894574,1515736009,0x5eb1a91f9c15852b06d9013705a314ce627f84b6a40adb0f0a2ac0141528b5ea,2685,0x1898cb2040e7e114acba2ebe1c484480dc0004041db8dd416ffc66812de29a1e,0x8d4b2cffe2dcbbf06eaa5920401db86ca5fb8177,0x4cc19356f2d37338b9802aa8e8fc58b0373296e7,0xd06688e9b1c9f73fa7be196e2469dbd21ac4e230,628281333333333000000000,SelfKey,KEY,18,119,119311,50000000000,104311,7640896,deprecated,0x3e5b5e39,"addPrecommitment(address beneficiary, uint256 tokensAllocated, bool halfVesting)",20166969
4894574,1515736009,0xcf712f26f58e56588c30e5a7b624831726432cc9b5367b5c1984a05ed8aa6e0b,2686,0x1898cb2040e7e114acba2ebe1c484480dc0004041db8dd416ffc66812de29a1e,0x8d4b2cffe2dcbbf06eaa5920401db86ca5fb8177,0x4cc19356f2d37338b9802aa8e8fc58b0373296e7,0xce6e9473abfe669eb703660f6620d5084c20da20,94242200000000000000000,SelfKey,KEY,18,128,119247,50000000000,104247,7929234,deprecated,0x3e5b5e39,"addPrecommitment(address beneficiary, uint256 tokensAllocated, bool halfVesting)",20166969
4894577,1515736089,0xcb27a38391ae98ff6de28b09453d2385af59a72322fe3aae7cd4151551289495,2687,0xa24ad191436f33c8eaa065ebbde7a69c6e04a1aacc298047b6008b0b3cddf389,0x8d4b2cffe2dcbbf06eaa5920401db86ca5fb8177,0x4cc19356f2d37338b9802aa8e8fc58b0373296e7,0xeaa6cb80a5593e14c5a5fd38ae3d16dcb5ef75f5,103038138666667000000000,SelfKey,KEY,18,103,119311,50000000000,104311,4181023,deprecated,0x3e5b5e39,"addPrecommitment(address beneficiary, uint256 tokensAllocated, bool halfVesting)",20166966
4894580,1515736112,0x5dca2eb83963e6f3ae321a3ce97d0a34b13733342ddeda8af1d6012d884b1bdf,2688,0x699130cb8ed09bc12bdf67ef1c1b8d9ffffae72051e21f419eb70eb84d596860,0x8d4b2cffe2dcbbf06eaa5920401db86ca5fb8177,0x4cc19356f2d37338b9802aa8e8fc58b0373296e7,0xa07001d8d660d6e63bec0b5109295b897b64832e,94242200000000000000000,SelfKey,KEY,18,17,119247,50000000000,104247,1243807,deprecated,0x3e5b5e39,"addPrecommitment(address beneficiary, uint256 tokensAllocated, bool halfVesting)",20166963
4894581,1515736129,0xa05f774c4870438af78ca9af9b7f71a3e53e2211c874436210f203d53eb49ffd,2689,0x5844f295086c793daac581a10881395fd553c95396ce7429d49704a84ca76698,0x8d4b2cffe2dcbbf06eaa5920401db86ca5fb8177,0x4cc19356f2d37338b9802aa8e8fc58b0373296e7,0xab77098809ac622c930151954cc98d231706e985,232464093333333000000000,SelfKey,KEY,18,184,119311,50000000000,104311,4735148,deprecated,0x3e5b5e39,"addPrecommitment(address beneficiary, uint256 tokensAllocated, bool halfVesting)",20166962
4894581,1515736129,0xd384d14ed13d6fe4694f7153fbe200edbd597633148a39bfac54007cd0fb9fe2,2690,0x5844f295086c793daac581a10881395fd553c95396ce7429d49704a84ca76698,0x8d4b2cffe2dcbbf06eaa5920401db86ca5fb8177,0x4cc19356f2d37338b9802aa8e8fc58b0373296e7,0xe47f6da816a47830fb1ec216ddacde9e9b4fc5bd,1570703333333330000000000,SelfKey,KEY,18,231,119375,50000000000,104375,6911416,deprecated,0x3e5b5e39,"addPrecommitment(address beneficiary, uint256 tokensAllocated, bool halfVesting)",20166962
4894581,1515736129,0x88ff1d6b526fb6d7b8005f2c0fcbcc0b791d3ca748ec0813925a3bef02f1ea8f,2691,0x5844f295086c793daac581a10881395fd553c95396ce7429d49704a84ca76698,0x8d4b2cffe2dcbbf06eaa5920401db86ca5fb8177,0x4cc19356f2d37338b9802aa8e8fc58b0373296e7,0xc857dbbe379f20cf6d3405cf0556fe1095c73a72,314140666666667000000000,SelfKey,KEY,18,246,119311,50000000000,59311,7810308,deprecated,0x3e5b5e39,"addPrecommitment(address beneficiary, uint256 tokensAllocated, bool halfVesting)",20166962
4894583,1515736178,0x9b35fae7da0ea59f3415e5bae058b4a4e5faaed742a769b3a6a6a268db0d511f,2692,0x7b126ddd58155d7272bfd5809601fb94d924e9e852509745db37ff4535414ed8,0x8d4b2cffe2dcbbf06eaa5920401db86ca5fb8177,0x4cc19356f2d37338b9802aa8e8fc58b0373296e7,0x17bf55bb1c131fb6b97cd4732760758b88e8cba3,1306825173333330000000000,SelfKey,KEY,18,222,119375,50000000000,104375,6090004,deprecated,0x3e5b5e39,"addPrecommitment(address beneficiary, uint256 tokensAllocated, bool halfVesting)",20166960
4894584,1515736194,0xaa950047ff66966709248b090f55fcc23e0c542f2e20b939ab3ef75e38b40839,2693,0x0c754cebd44a6f22970293f7bf562c0770b3d87263695f0c64320c698763c978,0x8d4b2cffe2dcbbf06eaa5920401db86ca5fb8177,0x4cc19356f2d37338b9802aa8e8fc58b0373296e7,0x6e903a26b7e6c97d9531f84ccca61d8daa726061,1306825173333330000000000,SelfKey,KEY,18,231,119375,50000000000,104375,5876661,deprecated,0x3e5b5e39,"addPrecommitment(address beneficiary, uint256 tokensAllocated, bool halfVesting)",20166959
4894586,1515736227,0xdb5b27ada38469bffe170c8120ca4df267e890e1f0cbbaefc0aca7c2c5b08ce5,2694,0x2fe87fc1546fe09e547048424aead8fe5ad60a4307dc7250baf9722d3a01c654,0x8d4b2cffe2dcbbf06eaa5920401db86ca5fb8177,0x4cc19356f2d37338b9802aa8e8fc58b0373296e7,0x5f9aa6b09e3af9f0fe21a73d2dfba9396c242b09,94242200000000000000000,SelfKey,KEY,18,316,119247,50000000000,104247,7711485,deprecated,0x3e5b5e39,"addPrecommitment(address beneficiary, uint256 tokensAllocated, bool halfVesting)",20166957
4894589,1515736257,0xc22adb07d893878f0952ad7cb4ae3b4b919b24cab2d9679520130bd22b840dd6,2695,0xfdf498245c8cae19ac56b6fc4b9f6d61b51d1f1c990cee0b48d03cb2d406380e,0x8d4b2cffe2dcbbf06eaa5920401db86ca5fb8177,0x4cc19356f2d37338b9802aa8e8fc58b0373296e7,0x07b9031c457f6a34f861c8c9d5f06fbffcec479f,136161060192491000000000,SelfKey,KEY,18,29,119311,50000000000,104311,1302192,deprecated,0x3e5b5e39,"addPrecommitment(address beneficiary, uint256 tokensAllocated, bool halfVesting)",20166954
4894590,1515736264,0xaeeb41502111027e9e920e013aaaf089b1ad68e364e3162dd7709a25eed43a6c,2696,0x8ac44baca9c2c60838d5d4b6e3bc8f2d2672af15ae94344742587ac5a5d9ed12,0x8d4b2cffe2dcbbf06eaa5920401db86ca5fb8177,0x4cc19356f2d37338b9802aa8e8fc58b0373296e7,0xbbf30e9be99a255ad68715d3257baf0f0fd7d397,1306825173333330000000000,SelfKey,KEY,18,132,119375,50000000000,104375,4167357,deprecated,0x3e5b5e39,"addPrecommitment(address beneficiary, uint256 tokensAllocated, bool halfVesting)",20166953
4894590,1515736264,0x4a10cf467dd3d98b69f1e9f56a0f4b59733710f0e164658af9d9c093c913208b,2697,0x8ac44baca9c2c60838d5d4b6e3bc8f2d2672af15ae94344742587ac5a5d9ed12,0x8d4b2cffe2dcbbf06eaa5920401db86ca5fb8177,0x4cc19356f2d37338b9802aa8e8fc58b0373296e7,0x45466234890e999894c889325aa30072ef689906,125656266666667000000000,SelfKey,KEY,18,207,119247,50000000000,104247,7608349,deprecated,0x3e5b5e39,"addPrecommitment(address beneficiary, uint256 tokensAllocated, bool halfVesting)",20166953
4894594,1515736313,0x642500b392fd71c349b603cf95bb9e2bfda2dc6d7de7c179c8b0eb4cef9e4907,2698,0x252867cf7319efe473f0476b908258e72a8fbd4ade5c87ba6b4bd46c04b6e369,0x8d4b2cffe2dcbbf06eaa5920401db86ca5fb8177,0x4cc19356f2d37338b9802aa8e8fc58b0373296e7,0x2bc96b745aa3314212ccd582f5c17899fb3152af,164008154899436000000000,SelfKey,KEY,18,153,119311,50000000000,59311,4743310,deprecated,0x3e5b5e39,"addPrecommitment(address beneficiary, uint256 tokensAllocated, bool halfVesting)",20166949
4894596,1515736364,0x22d806cb71893d0febb5533b5f9adf467513475aab2e023db43aacc50141a891,2699,0x9a3d707ffce4089a3e9e9d457d5bccee067ef872fb62d6fb1845d7ec71bc8c82,0x8d4b2cffe2dcbbf06eaa5920401db86ca5fb8177,0x4cc19356f2d37338b9802aa8e8fc58b0373296e7,0x8210099d970624f42a962d27947db8a771d783b9,251312533333333000000000,SelfKey,KEY,18,148,119311,50000000000,104311,4864478,deprecated,0x3e5b5e39,"addPrecommitment(address beneficiary, uint256 tokensAllocated, bool halfVesting)",20166947
4894597,1515736375,0x31c0ff6bff00d8c675f7b94989991f8659466c12225bfb90e9406bd7383e3842,2700,0xc144f9673a39777952409f2c77e5ea7dd2e17e68fe053a2b57cac164942494a0,0x8d4b2cffe2dcbbf06eaa5920401db86ca5fb8177,0x4cc19356f2d37338b9802aa8e8fc58b0373296e7,0xa95d42fa839419796639d73aa75a62ebb2674eee,37696880000000000000000,SelfKey,KEY,18,126,119247,50000000000,104247,4293746,deprecated,0x3e5b5e39,"addPrecommitment(address beneficiary, uint256 tokensAllocated, bool halfVesting)",20166946
4894597,1515736375,0x200bd3058541aa55eabf9a95c889daa100851d3bca8ecdc0568de66438e98d81,2701,0xc144f9673a39777952409f2c77e5ea7dd2e17e68fe053a2b57cac164942494a0,0x8d4b2cffe2dcbbf06eaa5920401db86ca5fb8177,0x4cc19356f2d37338b9802aa8e8fc58b0373296e7,0x8b9a45071aedf59f57da339a90b57ee2796abff1,628281333333333000000000,SelfKey,KEY,18,188,119311,50000000000,104311,6988785,deprecated,0x3e5b5e39,"addPrecommitment(address beneficiary, uint256 tokensAllocated, bool halfVesting)",20166946
4894597,1515736375,0x487752c720bbc2d6c55367cee1cbd70bdc1c1a80423b265ec6c93ea5db1d2c4e,2702,0xc144f9673a39777952409f2c77e5ea7dd2e17e68fe053a2b57cac164942494a0,0x8d4b2cffe2dcbbf06eaa5920401db86ca5fb8177,0x4cc19356f2d37338b9802aa8e8fc58b0373296e7,0x4f14da53eb702c91c3f5d16ab1f49d13654b8fd2,333757974618616000000000,SelfKey,KEY,18,204,119311,50000000000,104311,7951270,deprecated,0x3e5b5e39,"addPrecommitment(address beneficiary, uint256 tokensAllocated, bool halfVesting)",20166946
4894598,1515736399,0xefbaaeaaf847e83879c1bed3135d931b05bec1a8c82730aea7d5207d1784b581,2703,0xf46e39b34f81b7e1a1619178e866227dbb5766a01b68c561667642b8e149c628,0x8d4b2cffe2dcbbf06eaa5920401db86ca5fb8177,0x4cc19356f2d37338b9802aa8e8fc58b0373296e7,0xe4f7e820959190b3366a533ece59a7e37c3363a7,1306825173333330000000000,SelfKey,KEY,18,71,119375,50000000000,104375,3142275,deprecated,0x3e5b5e39,"addPrecommitment(address beneficiary, uint256 tokensAllocated, bool halfVesting)",20166945
4894600,1515736420,0xf4c4b71d140bf193b72d752062d78c6c0ae32271a9d190730d415a3e224f4e66,2704,0x94c83cb1dbd4b9ee5810560dc47fd513825a574888df1aa27b6c4e68e1fb6dc9,0x8d4b2cffe2dcbbf06eaa5920401db86ca5fb8177,0x4cc19356f2d37338b9802aa8e8fc58b0373296e7,0x9829e57907c218704b5d106e4150ee23ad3fb6a1,439796933333333000000000,SelfKey,KEY,18,59,119311,50000000000,104311,1853819,deprecated,0x3e5b5e39,"addPrecommitment(address beneficiary, uint256 tokensAllocated, bool halfVesting)",20166943
4894600,1515736420,0x2236f8ad8a309feba441dd00d59569a23f564c5d1f2eaae10316cd1d43e3b221,2705,0x94c83cb1dbd4b9ee5810560dc47fd513825a574888df1aa27b6c4e68e1fb6dc9,0x8d4b2cffe2dcbbf06eaa5920401db86ca5fb8177,0x4cc19356f2d37338b9802aa8e8fc58b0373296e7,0xee6c88b1ef8ba8ceb2a23dcd20779e7babe03cd2,100525013333333000000000,SelfKey,KEY,18,105,119311,50000000000,104311,4634336,deprecated,0x3e5b5e39,"addPrecommitment(address beneficiary, uint256 tokensAllocated, bool halfVesting)",20166943
4894600,1515736420,0xd5426fd169ed785a11709191c5b07959259f55717b654c0c4b73193fd979f0c5,2706,0x94c83cb1dbd4b9ee5810560dc47fd513825a574888df1aa27b6c4e68e1fb6dc9,0x8d4b2cffe2dcbbf06eaa5920401db86ca5fb8177,0x4cc19356f2d37338b9802aa8e8fc58b0373296e7,0xce5a00c458c9a131745d519f779aaa67c0f6ba07,314140666666667000000000,SelfKey,KEY,18,114,119247,50000000000,104247,5606166,deprecated,0x3e5b5e39,"addPrecommitment(address beneficiary, uint256 tokensAllocated, bool halfVesting)",20166943
4894600,1515736420,0x0a5e3be81f0fdc68ca16d3ba905f2ea0611a26252cee527df5cb79989e6a232c,2707,0x94c83cb1dbd4b9ee5810560dc47fd513825a574888df1aa27b6c4e68e1fb6dc9,0x8d4b2cffe2dcbbf06eaa5920401db86ca5fb8177,0x4cc19356f2d37338b9802aa8e8fc58b0373296e7,0x992b737a279f6ce912514addc0337c0c455f7e42,439796933333333000000000,SelfKey,KEY,18,123,119311,50000000000,104311,6480358,deprecated,0x3e5b5e39,"addPrecommitment(address beneficiary, uint256 tokensAllocated, bool halfVesting)",20166943
4894600,1515736420,0x0ec28413e34d5f7e505ce6525a1a371ef78ab8c72e6042c235977905074dff70,2708,0x94c83cb1dbd4b9ee5810560dc47fd513825a574888df1aa27b6c4e68e1fb6dc9,0x8d4b2cffe2dcbbf06eaa5920401db86ca5fb8177,0x4cc19356f2d37338b9802aa8e8fc58b0373296e7,0xcb4483ede40688094861df6bdc768e37f12271db,125656266666667000000000,SelfKey,KEY,18,131,119311,50000000000,104311,7798055,deprecated,0x3e5b5e39,"addPrecommitment(address beneficiary, uint256 tokensAllocated, bool halfVesting)",20166943
4894602,1515736456,0xc25c4098176c75dbca175a2bd8603038c17b28ec3a211319a2e714dea60363bd,2709,0xa068e71bb5dd92bbe2331e5ff0cd91cf3706f8ff1bb9fea1de1758b581bf3887,0x8d4b2cffe2dcbbf06eaa5920401db86ca5fb8177,0x4cc19356f2d37338b9802aa8e8fc58b0373296e7,0xaf36dcb538e351bc6f72a11292c5e446b857afc3,188484400000000000000000,SelfKey,KEY,18,167,119247,50000000000,104247,5156211,deprecated,0x3e5b5e39,"addPrecommitment(address beneficiary, uint256 tokensAllocated, bool halfVesting)",20166941
4894609,1515736622,0x1c214d9ed7a4c8c1123932ae56b542d4fe5ebb44d77405f9750e8f56b39f2719,2710,0xda67f5a14fb09e2d79cb6ab1362e483c574aec12aa53a7fcf9d71f80c42d58c6,0x8d4b2cffe2dcbbf06eaa5920401db86ca5fb8177,0x4cc19356f2d37338b9802aa8e8fc58b0373296e7,0x9175c1ef119c1ccd30c398e5374e036e2105ac2b,76650322666666700000000,SelfKey,KEY,18,309,119311,50000000000,59311,7612590,deprecated,0x3e5b5e39,"addPrecommitment(address beneficiary, uint256 tokensAllocated, bool halfVesting)",20166934
4894613,1515736746,0x43d8d8b1d64978a9143d4e1b1cc77ed08f4d083f0f7e70711d37f15519570996,2711,0x7e8a6b552a1f54482b431ac946928f6f63b20b2e57366783f6a5e4c8487c14d8,0x8d4b2cffe2dcbbf06eaa5920401db86ca5fb8177,0x4cc19356f2d37338b9802aa8e8fc58b0373296e7,0x51f10ecc90fcd851f1e798f4347a92ae609ca041,216757060000000000000000,SelfKey,KEY,18,26,119247,50000000000,104247,1473093,deprecated,0x3e5b5e39,"addPrecommitment(address beneficiary, uint256 tokensAllocated, bool halfVesting)",20166930
4894616,1515736765,0x1f2228338d5d5fbf7101a1ac3abb36f348f550d3595d1f0f8fd254790f41a661,2712,0xf183429f80bd3738198e3cd44799943e7df95ef834006f60200dae5e4fc7c530,0x8d4b2cffe2dcbbf06eaa5920401db86ca5fb8177,0x4cc19356f2d37338b9802aa8e8fc58b0373296e7,0x0c22a65da50ff23a3b8e236d586fe7e3e01ddba5,94242200000000000000000,SelfKey,KEY,18,164,119247,50000000000,104247,5788176,deprecated,0x3e5b5e39,"addPrecommitment(address beneficiary, uint256 tokensAllocated, bool halfVesting)",20166927
4894618,1515736808,0xc1e9fe1d5d093eaeab1dd375599a2c2b9e599f08c717103864b41d3c0d892961,2713,0x31a2511b1ff19843840cf04f17737a7b9dd6cbe19a280235cf1358a7745f4182,0x8d4b2cffe2dcbbf06eaa5920401db86ca5fb8177,0x4cc19356f2d37338b9802aa8e8fc58b0373296e7,0xef3ab04fa88799ac49fbfd9f9188cb79ffadc70a,139653104064406000000000,SelfKey,KEY,18,237,119311,50000000000,104311,6816639,deprecated,0x3e5b5e39,"addPrecommitment(address beneficiary, uint256 tokensAllocated, bool halfVesting)",20166925
4894625,1515736899,0x53e7cfca3497bd2c86e962d3b38bb57064de436f8a467772c511d6de3ee5c1fa,2714,0xbce5e52b4d61038597d5f1152eb5c9b3d04d08e144c8db76f83989edef3cbc53,0x8d4b2cffe2dcbbf06eaa5920401db86ca5fb8177,0x4cc19356f2d37338b9802aa8e8fc58b0373296e7,0x2ccde611a35aa395c8aeb2babb4e25c835ca1760,282726600000000000000000,SelfKey,KEY,18,74,119247,50000000000,104247,2292795,deprecated,0x3e5b5e39,"addPrecommitment(address beneficiary, uint256 tokensAllocated, bool halfVesting)",20166918
4894627,1515736926,0xd87f7c80e6f4492f42afbda336624f54ea1604e944dab1080d754c9f900e7425,2715,0x1e55f431d9ed5659ad4a9190af22d80486bb0a4c8ba3d4275242e1fba13db4ae,0x8d4b2cffe2dcbbf06eaa5920401db86ca5fb8177,0x4cc19356f2d37338b9802aa8e8fc58b0373296e7,0x769f7ee9392d0005c467999be5251cbda00fba04,97383606666666700000000,SelfKey,KEY,18,36,119247,50000000000,104247,2005411,deprecated,0x3e5b5e39,"addPrecommitment(address beneficiary, uint256 tokensAllocated, bool halfVesting)",20166916
4894629,1515736974,0x50a1b768490c5f400c8bbb752dc318c513e22c44f6cf331acc1fcec7de9e21c5,2716,0x075691d2b5fde9fbcebae392fa1573e7f9d9e67488ecd6635c4a9dcbdf5562dd,0x8d4b2cffe2dcbbf06eaa5920401db86ca5fb8177,0x4cc19356f2d37338b9802aa8e8fc58b0373296e7,0x9781e11fa8cc3a013e54a4479aa88255f65248bd,207332840000000000000000,SelfKey,KEY,18,67,119247,50000000000,104247,2045931,deprecated,0x3e5b5e39,"addPrecommitment(address beneficiary, uint256 tokensAllocated, bool halfVesting)",20166914
4894633,1515737007,0x526754c029a2caa571bfb8537a3b6bd153becb183ae6480558c3a8d61d63ef3c,2717,0x39a601cedf8b72fabf08d4d165c364343fb1b10641cde148ccd16ce8de00957a,0x8d4b2cffe2dcbbf06eaa5920401db86ca5fb8177,0x4cc19356f2d37338b9802aa8e8fc58b0373296e7,0x30a74c98b82eb0eec7763e615cce09ca8ef2c7b7,628281333333333000000000,SelfKey,KEY,18,44,119311,50000000000,104311,1732529,deprecated,0x3e5b5e39,"addPrecommitment(address beneficiary, uint256 tokensAllocated, bool halfVesting)",20166910
4894635,1515737042,0xb2b52f43ebd1786d999078b4ab91ba95bf9ac835ac8489682165213d83cef017,2718,0x04a2669e278572ca9158e91fe5de74b58333b9d930cca4fa40df9ce63b1df2d0,0x8d4b2cffe2dcbbf06eaa5920401db86ca5fb8177,0x4cc19356f2d37338b9802aa8e8fc58b0373296e7,0x909de82d392a523c8246e3216a22f110fe963930,94242200000000000000000,SelfKey,KEY,18,120,119247,50000000000,104247,3828015,deprecated,0x3e5b5e39,"addPrecommitment(address beneficiary, uint256 tokensAllocated, bool halfVesting)",20166908
4894637,1515737079,0x5c8b01834a0cf021a438d3906077f08396103ead243283db26c6ac04d21ab8f1,2719,0xd20367bc0c28c558ec71950928a470de5df6ba62dc04fef3571f4034258d3276,0x8d4b2cffe2dcbbf06eaa5920401db86ca5fb8177,0x4cc19356f2d37338b9802aa8e8fc58b0373296e7,0x3d3f606577c914d6c577f68986bcf4c23c6b1360,937427108362555000000000,SelfKey,KEY,18,183,119311,50000000000,104311,4933074,deprecated,0x3e5b5e39,"addPrecommitment(address beneficiary, uint256 tokensAllocated, bool halfVesting)",20166906
4894639,1515737118,0xc4247fc4c50688251e869c48b772c93d8ab085c5c914861e547a691141bf2ca5,2720,0x74a662f938c6fc4b15cc94224bd4b7567822c272a86da20d8776a6c70a6ecf88,0x8d4b2cffe2dcbbf06eaa5920401db86ca5fb8177,0x4cc19356f2d37338b9802aa8e8fc58b0373296e7,0x372fd9efdfaa17e5f756429b6ee479c3f04216a5,94242200000000000000000,SelfKey,KEY,18,196,119247,50000000000,104247,5047631,deprecated,0x3e5b5e39,"addPrecommitment(address beneficiary, uint256 tokensAllocated, bool halfVesting)",20166904
4894639,1515737118,0x02551386d50c08223933be1773bab0cddfa14da239a7b0683cc0a93f4e2e1c31,2721,0x74a662f938c6fc4b15cc94224bd4b7567822c272a86da20d8776a6c70a6ecf88,0x8d4b2cffe2dcbbf06eaa5920401db86ca5fb8177,0x4cc19356f2d37338b9802aa8e8fc58b0373296e7,0xedba0446da928f040db7aa0a7b68534608c806cb,188484400000000000000000,SelfKey,KEY,18,248,119247,50000000000,104247,7246754,deprecated,0x3e5b5e39,"addPrecommitment(address beneficiary, uint256 tokensAllocated, bool halfVesting)",20166904
4894639,1515737118,0xc339a5863c51b82fc49f601be6c3da60ae0525d0ee7004972e6bbf4241a9fda7,2722,0x74a662f938c6fc4b15cc94224bd4b7567822c272a86da20d8776a6c70a6ecf88,0x8d4b2cffe2dcbbf06eaa5920401db86ca5fb8177,0x4cc19356f2d37338b9802aa8e8fc58b0373296e7,0x8a6a246620a95e273d8fa120ef438dc3ed0c8129,402100053333333000000000,SelfKey,KEY,18,272,119311,50000000000,104311,7941155,deprecated,0x3e5b5e39,"addPrecommitment(address beneficiary, uint256 tokensAllocated, bool halfVesting)",20166904
4894641,1515737141,0xdac4d8fe4eb9411d521e6f957157a42347a4dc9f8baf8fe7773353ba11d1c4a1,2723,0xe1d73a39d5987675e09cec2f60840ebeababecbee67926fec214ea93065782ba,0x8d4b2cffe2dcbbf06eaa5920401db86ca5fb8177,0x4cc19356f2d37338b9802aa8e8fc58b0373296e7,0x8c4a7c6e56e18565d2557ddeebe87312219d0f51,125656266666667000000000,SelfKey,KEY,18,46,119311,50000000000,104311,1679851,deprecated,0x3e5b5e39,"addPrecommitment(address beneficiary, uint256 tokensAllocated, bool halfVesting)",20166902
4894644,1515737219,0x713cb5bda8a52d8eb0a07f5322dcb562720d7262875a74f600870e3b48f2ca87,2724,0xf3f838fe0ee6893c526b82a587174196a91d1fa107d4facd55089e9d80249ee4,0x8d4b2cffe2dcbbf06eaa5920401db86ca5fb8177,0x4cc19356f2d37338b9802aa8e8fc58b0373296e7,0xf308badd6a20d731103b28324d2bf39b3320384a,94242200000000000000000,SelfKey,KEY,18,210,119247,50000000000,104247,7752966,deprecated,0x3e5b5e39,"addPrecommitment(address beneficiary, uint256 tokensAllocated, bool halfVesting)",20166899
4894648,1515737307,0xc8b583dd559f4e0b7dcf5c50c40f2de85cc78e3ab08812d79428bdccc8d2c2b0,2725,0xa78ebe37ea865ee3383e925d37be0106109f9f672bec024640053056c81050db,0x8d4b2cffe2dcbbf06eaa5920401db86ca5fb8177,0x4cc19356f2d37338b9802aa8e8fc58b0373296e7,0x5d9f4ca6df7f94d498005e9b820a1dfd5c8f092a,125656266666667000000000,SelfKey,KEY,18,194,119247,50000000000,104247,6339679,deprecated,0x3e5b5e39,"addPrecommitment(address beneficiary, uint256 tokensAllocated, bool halfVesting)",20166895
4894649,1515737318,0x3998d699ed9cfd9d9979c15b95ae79c6069e4cc211d7a0227585d8d09a6f414b,2726,0x4c678db9024e437d65141367b5c99f5c840a8bf589d056b36a23adfe09d1d240,0x8d4b2cffe2dcbbf06eaa5920401db86ca5fb8177,0x4cc19356f2d37338b9802aa8e8fc58b0373296e7,0xf90f001bd5a8dcba4e1fe22c2eab8e80cfe34be0,120555460367299000000000,SelfKey,KEY,18,133,119247,50000000000,104247,4414679,deprecated,0x3e5b5e39,"addPrecommitment(address beneficiary, uint256 tokensAllocated, bool halfVesting)",20166894
4894650,1515737327,0x68e49ad2068fde0c0da2ade81388b4268b081a5af4f3655b16831c3dcc5b93ca,2727,0xbf0f5c693d8a4da61ddd8d6ee922ceb433577c9c3713820b481e49a7298ef936,0x8d4b2cffe2dcbbf06eaa5920401db86ca5fb8177,0x4cc19356f2d37338b9802aa8e8fc58b0373296e7,0x6e8595d72392b0da06bb7d1453a4f76c350d9afc,100525013333333000000000,SelfKey,KEY,18,45,119311,50000000000,104311,2130868,deprecated,0x3e5b5e39,"addPrecommitment(address beneficiary, uint256 tokensAllocated, bool halfVesting)",20166893
4894651,1515737335,0xfef113084b293b7d3a212c47cfb4ecd6449eacb3bcfa08e2a0cba22ce007b167,2728,0x5844ab41037a7d23405235545e8e265ef87c4c7251c15136766a8ba2b3dacd7a,0x8d4b2cffe2dcbbf06eaa5920401db86ca5fb8177,0x4cc19356f2d37338b9802aa8e8fc58b0373296e7,0x6173dbbf88c15afcf65ecbc4bb223e6d9c1b434f,188484400000000000000000,SelfKey,KEY,18,113,119247,50000000000,104247,3558044,deprecated,0x3e5b5e39,"addPrecommitment(address beneficiary, uint256 tokensAllocated, bool halfVesting)",20166892
4894653,1515737365,0x768d45a7bbcdf37725e4a00b151e9cc49e6b7d182943a93165cb8ff1f03d69a0,2729,0xa0e9940a588854a1a744c9a5b9d6831f0ff01bc8b94cd946b7c73410b47eef9e,0x8d4b2cffe2dcbbf06eaa5920401db86ca5fb8177,0x4cc19356f2d37338b9802aa8e8fc58b0373296e7,0x5166a9e8fb6880ba5f4814353befcfbee49f57ed,146478694803444000000000,SelfKey,KEY,18,85,119311,50000000000,104311,2260383,deprecated,0x3e5b5e39,"addPrecommitment(address beneficiary, uint256 tokensAllocated, bool halfVesting)",20166890
4894658,1515737454,0x3401bfe957ad34dc90dde95863f185b128284ceb4b2bffbbb63cd710ad76bdf7,2730,0x0bc7b4e2742d482efa29bca00cb42c86ebdb3b8102a8b27ef829b840c70a0ffe,0x8d4b2cffe2dcbbf06eaa5920401db86ca5fb8177,0x4cc19356f2d37338b9802aa8e8fc58b0373296e7,0x44d49f8ba54eabb74bb5c137fe9a21f0fbae0529,219898466666667000000000,SelfKey,KEY,18,188,119311,50000000000,104311,5115689,deprecated,0x3e5b5e39,"addPrecommitment(address beneficiary, uint256 tokensAllocated, bool halfVesting)",20166885
4894659,1515737469,0x4c7d8d0dd86ea8cac60272961fe6e20d8302da316d7456ca9442265449d64021,2731,0x022488f59998561407041ef2b5dd87d9d798bf66cae36d1df2e9658293766527,0x8d4b2cffe2dcbbf06eaa5920401db86ca5fb8177,0x4cc19356f2d37338b9802aa8e8fc58b0373296e7,0x680d8d13e2bb33774a78ddc0fe1f1140aa17f7f6,100889748239211000000000,SelfKey,KEY,18,215,119311,50000000000,104311,5697589,deprecated,0x3e5b5e39,"addPrecommitment(address beneficiary, uint256 tokensAllocated, bool halfVesting)",20166884
4894661,1515737481,0xa228bff9cc5f1cac022b3567ed595d6376b759372a98c5a213cd2f3b944be084,2732,0x2f56160d1228ac084176d1e8df9f3e76c8738375dc0030963c6622ffe354d11d,0x8d4b2cffe2dcbbf06eaa5920401db86ca5fb8177,0x4cc19356f2d37338b9802aa8e8fc58b0373296e7,0x5de50b198fa0eb9c27196ce467dbb406b577abcf,94870481333333300000000,SelfKey,KEY,18,19,119311,50000000000,104311,649165,deprecated,0x3e5b5e39,"addPrecommitment(address beneficiary, uint256 tokensAllocated, bool halfVesting)",20166882
4894663,1515737544,0x8b5b9b09981a95b6657e6bf70a705c5d1f95f119afe6a4ef937cef5e3399d49e,2733,0x28edd9a4bf45ed03a52fa78d28ee9f855c2dfae0fb39c83da1d10520ddfb07f0,0x8d4b2cffe2dcbbf06eaa5920401db86ca5fb8177,0x4cc19356f2d37338b9802aa8e8fc58b0373296e7,0xba344c58042926d6b2d0e47a01d0d94e5209da93,295292226666667000000000,SelfKey,KEY,18,185,119311,50000000000,104311,6215219,deprecated,0x3e5b5e39,"addPrecommitment(address beneficiary, uint256 tokensAllocated, bool halfVesting)",20166880
4894664,1515737562,0x159c22ccb8a3cd24472a42e0588103ab847031cc534246c42a67184f5ea9ff1f,2734,0x586a144fffc79dfa4e88a4fbc27547a9452852e4fffa0ce5301738a2c466c41e,0x8d4b2cffe2dcbbf06eaa5920401db86ca5fb8177,0x4cc19356f2d37338b9802aa8e8fc58b0373296e7,0x680d8d13e2bb33774a78ddc0fe1f1140aa17f7f6,137110016820982000000000,SelfKey,KEY,18,100,119311,50000000000,59311,3573545,deprecated,0x3e5b5e39,"addPrecommitment(address beneficiary, uint256 tokensAllocated, bool halfVesting)",20166879
4894664,1515737562,0x154a7d3634a8c62115150d8ffb01dee519ce1451daee588873d97411b6b09d3d,2735,0x586a144fffc79dfa4e88a4fbc27547a9452852e4fffa0ce5301738a2c466c41e,0x8d4b2cffe2dcbbf06eaa5920401db86ca5fb8177,0x4cc19356f2d37338b9802aa8e8fc58b0373296e7,0x283c72e18342ae587cc1a111e261c9124c23cd62,549746166666667000000000,SelfKey,KEY,18,201,119311,50000000000,104311,7833452,deprecated,0x3e5b5e39,"addPrecommitment(address beneficiary, uint256 tokensAllocated, bool halfVesting)",20166879
4894666,1515737575,0x855328718f05542c114f8b189a1971c1424c3b2989bf3799e33893fd03be5f97,2736,0xfb104318354f07f11c45c5b82de4d5535e503177b325b9c1db8711d026aae94e,0x8d4b2cffe2dcbbf06eaa5920401db86ca5fb8177,0x4cc19356f2d37338b9802aa8e8fc58b0373296e7,0x152e351619e40434cc6fa398723b827f1475fce2,94242200000000000000000,SelfKey,KEY,18,46,119247,50000000000,104247,1832668,deprecated,0x3e5b5e39,"addPrecommitment(address beneficiary, uint256 tokensAllocated, bool halfVesting)",20166877
4894666,1515737575,0x4f4b7e66eaacacf03a6a113d9d958ab3f2332e8d86e7a072b8501d1f57dd4970,2737,0xfb104318354f07f11c45c5b82de4d5535e503177b325b9c1db8711d026aae94e,0x8d4b2cffe2dcbbf06eaa5920401db86ca5fb8177,0x4cc19356f2d37338b9802aa8e8fc58b0373296e7,0xa7a5c70838e0909c6ab9fb7268f7a8c5e92da604,100525013333333000000000,SelfKey,KEY,18,87,119311,50000000000,104311,3639796,deprecated,0x3e5b5e39,"addPrecommitment(address beneficiary, uint256 tokensAllocated, bool halfVesting)",20166877
4894666,1515737575,0x7bb450a3e1e6c44b71b192b4d38a2c0ceb1aaf426ed4f08910a89b0e8d8035f9,2738,0xfb104318354f07f11c45c5b82de4d5535e503177b325b9c1db8711d026aae94e,0x8d4b2cffe2dcbbf06eaa5920401db86ca5fb8177,0x4cc19356f2d37338b9802aa8e8fc58b0373296e7,0x6a05656990bcda57807f249e8d1260b0915b13c9,87959386666666700000000,SelfKey,KEY,18,106,119311,50000000000,104311,4709498,deprecated,0x3e5b5e39,"addPrecommitment(address beneficiary, uint256 tokensAllocated, bool halfVesting)",20166877
4894666,1515737575,0x63565858baf7f950cd59abe392a0d55bc4b6e4de6c256923c1852c45a8ce9ad0,2739,0xfb104318354f07f11c45c5b82de4d5535e503177b325b9c1db8711d026aae94e,0x8d4b2cffe2dcbbf06eaa5920401db86ca5fb8177,0x4cc19356f2d37338b9802aa8e8fc58b0373296e7,0x2527ffaa701cc03fd399040d41c2eb24977a437b,100525013333333000000000,SelfKey,KEY,18,125,119311,50000000000,104311,5775910,deprecated,0x3e5b5e39,"addPrecommitment(address beneficiary, uint256 tokensAllocated, bool halfVesting)",20166877
4894666,1515737575,0x769977cbf9bab7b9b0cea005a7ba6b10541e56713cc757a7d64d4c03df85a2a6,2740,0xfb104318354f07f11c45c5b82de4d5535e503177b325b9c1db8711d026aae94e,0x8d4b2cffe2dcbbf06eaa5920401db86ca5fb8177,0x4cc19356f2d37338b9802aa8e8fc58b0373296e7,0x4952cd5cf506a90ccf313d7d104115639ebb3b5b,188484400000000000000000,SelfKey,KEY,18,141,119247,50000000000,104247,6737516,deprecated,0x3e5b5e39,"addPrecommitment(address beneficiary, uint256 tokensAllocated, bool halfVesting)",20166877
4894666,1515737575,0x7776b39c6cd4e70a00e72bdecb61935ddf0dd3c952e41430ac9a1176f8fea818,2741,0xfb104318354f07f11c45c5b82de4d5535e503177b325b9c1db8711d026aae94e,0x8d4b2cffe2dcbbf06eaa5920401db86ca5fb8177,0x4cc19356f2d37338b9802aa8e8fc58b0373296e7,0x32c51318632154ceb2c84686dcfb31906234beff,107116994612236000000000,SelfKey,KEY,18,156,119311,50000000000,104311,7629515,deprecated,0x3e5b5e39,"addPrecommitment(address beneficiary, uint256 tokensAllocated, bool halfVesting)",20166877
4894668,1515737634,0x9aa33f1fd2b031ec3610aafe4b7c74163cc14ac332c0cfe909e630c6d898897f,2742,0x83fb399b522a54e67002c05fdad0f9be2c03cf67770008c8b96d28d317d190e6,0x8d4b2cffe2dcbbf06eaa5920401db86ca5fb8177,0x4cc19356f2d37338b9802aa8e8fc58b0373296e7,0x19fc4424dcc6c5d9ee944ca90d829f338368355d,219270185333333000000000,SelfKey,KEY,18,157,119311,50000000000,104311,4995730,deprecated,0x3e5b5e39,"addPrecommitment(address beneficiary, uint256 tokensAllocated, bool halfVesting)",20166875
4894672,1515737690,0xde87808245f092119034df19b77f6d1b041a36c81e45fdc55bd6bbb4a2f7d9f6,2743,0x28c69246b44cbdc692409a79dca487544826378c65b80500a0f1f040568171db,0x8d4b2cffe2dcbbf06eaa5920401db86ca5fb8177,0x4cc19356f2d37338b9802aa8e8fc58b0373296e7,0x8e2430c415c135fab9ad33cd65911055b15d4a84,94242200000000000000000,SelfKey,KEY,18,214,119247,50000000000,104247,6040936,deprecated,0x3e5b5e39,"addPrecommitment(address beneficiary, uint256 tokensAllocated, bool halfVesting)",20166871
4894677,1515737816,0x57f7b4761db33b0f3768098d17d9a6dde731ecb9483dda39261b2639c7fb45c9,2744,0x71c6e5d5201b95ad455b61ae681bd9067b76e083e49a139b8ce1158a5bdcf713,0x8d4b2cffe2dcbbf06eaa5920401db86ca5fb8177,0x4cc19356f2d37338b9802aa8e8fc58b0373296e7,0xb45cff50bdf5844341eb62acab288f962a213f95,188484400000000000000000,SelfKey,KEY,18,195,119247,50000000000,104247,7237916,deprecated,0x3e5b5e39,"addPrecommitment(address beneficiary, uint256 tokensAllocated, bool halfVesting)",20166866
4894681,1515737912,0x7f5f9aeaeedf54e40edae3a63d212a12e7a862b69b5614c4313fb9e432ca2e4d,2745,0x62f61fd4a921f53199016f3a8bdaa4beca01d42fc61da22235432765a5a032c6,0x8d4b2cffe2dcbbf06eaa5920401db86ca5fb8177,0x4cc19356f2d37338b9802aa8e8fc58b0373296e7,0x3eaaa54dec45c7d8c49a41b07bddde6d633565d2,628281333333333000000000,SelfKey,KEY,18,20,119311,50000000000,104311,669096,deprecated,0x3e5b5e39,"addPrecommitment(address beneficiary, uint256 tokensAllocated, bool halfVesting)",20166862
4894683,1515737932,0xefa8a60f97486ff55386bb3fb91a5c335e3e26a5268896b076dcd2c3f67dd3f4,2746,0xd7f0200cbef926c3cc1e591a924ad59fc5bda3cc0d3e3d858cc9b066af35c72b,0x8d4b2cffe2dcbbf06eaa5920401db86ca5fb8177,0x4cc19356f2d37338b9802aa8e8fc58b0373296e7,0x3bdb15b44903a4fcaf32db02d6095953025f1ba3,106712559739812000000000,SelfKey,KEY,18,148,119311,50000000000,104311,4935640,deprecated,0x3e5b5e39,"addPrecommitment(address beneficiary, uint256 tokensAllocated, bool halfVesting)",20166860
4894686,1515737963,0x920f928bf10548bf07e90281dfbba45621c51c569d6b0ba962e696d379f513cb,2747,0x8422e0cdd1e1e74827a27cf441f9d2ceb3272719becc7e74a1d4882fe98962cd,0x8d4b2cffe2dcbbf06eaa5920401db86ca5fb8177,0x4cc19356f2d37338b9802aa8e8fc58b0373296e7,0x01d7a98d738e571b48070ec7a84d2029e7fdcdcd,94870481333333300000000,SelfKey,KEY,18,122,119311,50000000000,104311,3705843,deprecated,0x3e5b5e39,"addPrecommitment(address beneficiary, uint256 tokensAllocated, bool halfVesting)",20166857
4894689,1515738073,0x0a79b866da0904b3aed51b2b553a7186339c3c4b69e6e7ac7a933a7477a89776,2748,0x207006b6d30611bf383575dc9e516986df13938a080f647af765ff4a76696445,0x8d4b2cffe2dcbbf06eaa5920401db86ca5fb8177,0x4cc19356f2d37338b9802aa8e8fc58b0373296e7,0xfa292b8e6073ad9884b6f37411c964ee507bc256,94242200000000000000000,SelfKey,KEY,18,211,119247,50000000000,59247,6111421,deprecated,0x3e5b5e39,"addPrecommitment(address beneficiary, uint256 tokensAllocated, bool halfVesting)",20166854
4894691,1515738125,0xf704c66f4e4d9ea338ed8c6242b730f9a5d19301a57a2f5e76301b04c54f2833,2749,0x507436e4b9d9120ced02d602df467262be6be898cad8b79f9015cbe2dff13fcc,0x8d4b2cffe2dcbbf06eaa5920401db86ca5fb8177,0x4cc19356f2d37338b9802aa8e8fc58b0373296e7,0x792e5c5cf2da332923d22bdf838390fe80eaa6da,163353146666667000000000,SelfKey,KEY,18,117,119311,50000000000,104311,4560099,deprecated,0x3e5b5e39,"addPrecommitment(address beneficiary, uint256 tokensAllocated, bool halfVesting)",20166852
4894693,1515738140,0x474c032619ca6612c34103190639b1b841eeb1df729b37700f485429750ae593,2750,0xad45f07aaa213f114803962305a9f3f77a1906b5aec2d7f11264159a12039d11,0x8d4b2cffe2dcbbf06eaa5920401db86ca5fb8177,0x4cc19356f2d37338b9802aa8e8fc58b0373296e7,0xcc10bc8af7ee8834f8797a31d68c3534c6eca4d0,376968800000000000000000,SelfKey,KEY,18,41,119247,50000000000,104247,1791960,deprecated,0x3e5b5e39,"addPrecommitment(address beneficiary, uint256 tokensAllocated, bool halfVesting)",20166850
4894697,1515738205,0x6478b4790aabb2252fe3786b1672dd0a33e66128fe09b9d83b54370d5e1c265d,2751,0xae255c3dd5d0f154bee775b91e7e442b58e51430317543b17be832624636b706,0x8d4b2cffe2dcbbf06eaa5920401db86ca5fb8177,0x4cc19356f2d37338b9802aa8e8fc58b0373296e7,0xe0fcad85fc3aae67b051aeb827b26697692dd12f,88587668000000000000000,SelfKey,KEY,18,124,119247,50000000000,104247,4028562,deprecated,0x3e5b5e39,"addPrecommitment(address beneficiary, uint256 tokensAllocated, bool halfVesting)",20166846
4894700,1515738223,0x68e783b8cd06d012cb1fc3ca285bc13591d7b366d08899526f243bb27543cd28,2752,0xc74053020c1cba074ba6600a2d4bc0aeb55f01e62f88dec8a206d5e0087668d8,0x8d4b2cffe2dcbbf06eaa5920401db86ca5fb8177,0x4cc19356f2d37338b9802aa8e8fc58b0373296e7,0xc86304ac6a3dbb99ba9b417c16ddc23d37c728ef,1306825173333330000000000,SelfKey,KEY,18,57,119375,50000000000,104375,2131326,deprecated,0x3e5b5e39,"addPrecommitment(address beneficiary, uint256 tokensAllocated, bool halfVesting)",20166843
4894705,1515738314,0x23e02a4faa9bfa397987784a4c9372a937417d45d8aa343346b8d4bc1f086b31,2753,0xd3269b61ddad492bccdff4e3f96c1529eefc48f0693975774c9227151834f806,0x8d4b2cffe2dcbbf06eaa5920401db86ca5fb8177,0x4cc19356f2d37338b9802aa8e8fc58b0373296e7,0x85f1c112399aafc3f44be8b9e50405ab24b19aca,144504706666667000000000,SelfKey,KEY,18,294,119311,50000000000,104311,7478545,deprecated,0x3e5b5e39,"addPrecommitment(address beneficiary, uint256 tokensAllocated, bool halfVesting)",20166838
4894706,1515738336,0x13d7c9a9b27b3313aba77a8330b2c26f4dc8f04d26d26242b6aa7471267f9c39,2754,0x5e6bcaadc264f80e59acded59407405630ebd299be1d20911ea13c4564eb5f91,0x8d4b2cffe2dcbbf06eaa5920401db86ca5fb8177,0x4cc19356f2d37338b9802aa8e8fc58b0373296e7,0x5c1913732424ab8fb7d7407beff1845e2ad52304,383251613333333000000000,SelfKey,KEY,18,219,119311,50000000000,104311,5490066,deprecated,0x3e5b5e39,"addPrecommitment(address beneficiary, uint256 tokensAllocated, bool halfVesting)",20166837
4894707,1515738349,0x9f655ce7d66b735f80c47a361dd3e5e67fe46c1c518dc822ec846aace284e0f5,2755,0xd31a9f79fb7258714f793e93c7b604f559d65123404fd634f5542882bd24aa8c,0x8d4b2cffe2dcbbf06eaa5920401db86ca5fb8177,0x4cc19356f2d37338b9802aa8e8fc58b0373296e7,0x5aa7a4cb268e9237886864368a715c5368abc59a,86891308400000000000000,SelfKey,KEY,18,113,119247,50000000000,104247,3746825,deprecated,0x3e5b5e39,"addPrecommitment(address beneficiary, uint256 tokensAllocated, bool halfVesting)",20166836
4894710,1515738396,0x80ce9c021edc8cfc3ae2cd0d1df85a663b55353c2ddc56f55253a0332e6aab4d,2756,0x9dfbe3776202c7850baed2ddd01503fb24b216a826857b102623fd46d837da5b,0x8d4b2cffe2dcbbf06eaa5920401db86ca5fb8177,0x4cc19356f2d37338b9802aa8e8fc58b0373296e7,0x23afdacb2d3a5257d726808b507dc5599617ac55,376968800000000000000000,SelfKey,KEY,18,32,119247,50000000000,104247,1156395,deprecated,0x3e5b5e39,"addPrecommitment(address beneficiary, uint256 tokensAllocated, bool halfVesting)",20166833
4894712,1515738419,0x56794d9b27295feb749988952093ce886971fc567223b393d898ff01b2fdc502,2757,0x057a9d7a8657daa8cfef48f5b0e2360a6f7ef6056d9789bdabeac1cd298e0e19,0x8d4b2cffe2dcbbf06eaa5920401db86ca5fb8177,0x4cc19356f2d37338b9802aa8e8fc58b0373296e7,0x36bb497c5c45c190df07d24208703da8863436f9,100525013333333000000000,SelfKey,KEY,18,67,119311,50000000000,104311,1931911,deprecated,0x3e5b5e39,"addPrecommitment(address beneficiary, uint256 tokensAllocated, bool halfVesting)",20166831
4894712,1515738419,0xaff0f70493bd23cf303a5df461aee4587535bf297331189be13c3bcd6b0213b6,2758,0x057a9d7a8657daa8cfef48f5b0e2360a6f7ef6056d9789bdabeac1cd298e0e19,0x8d4b2cffe2dcbbf06eaa5920401db86ca5fb8177,0x4cc19356f2d37338b9802aa8e8fc58b0373296e7,0xaf299b9977f84e7c90f86b9d36454ffb28751212,188484400000000000000000,SelfKey,KEY,18,112,119247,50000000000,104247,4488994,deprecated,0x3e5b5e39,"addPrecommitment(address beneficiary, uint256 tokensAllocated, bool halfVesting)",20166831
4894713,1515738425,0x1cccf4e59b3e23735076e0a576cc8d7076c6b70fa1f1a8f70e3fc9e3a26f9c9d,2759,0xc685077cbff08067aaa3e97c3b62eb102b11bc1f74c99eb869a072bb6a69f4d6,0x8d4b2cffe2dcbbf06eaa5920401db86ca5fb8177,0x4cc19356f2d37338b9802aa8e8fc58b0373296e7,0x1b96b6bbac101e2bd97523da39323f719662b796,125467782266667000000000,SelfKey,KEY,18,25,119311,50000000000,104311,1083317,deprecated,0x3e5b5e39,"addPrecommitment(address beneficiary, uint256 tokensAllocated, bool halfVesting)",20166830
4894713,1515738425,0x94a11a8a621800b4501b01189e713324fb301d14451839cfc0fa559a582f9e11,2760,0xc685077cbff08067aaa3e97c3b62eb102b11bc1f74c99eb869a072bb6a69f4d6,0x8d4b2cffe2dcbbf06eaa5920401db86ca5fb8177,0x4cc19356f2d37338b9802aa8e8fc58b0373296e7,0x7139ceeef20464fe9bd2ba713c8a68240f01711d,94242200000000000000000,SelfKey,KEY,18,48,119247,50000000000,104247,2284504,deprecated,0x3e5b5e39,"addPrecommitment(address beneficiary, uint256 tokensAllocated, bool halfVesting)",20166830
4894713,1515738425,0x18c08270de263c07f53644f9acdf3095d2743bba134bc81feb8d636211230d7f,2761,0xc685077cbff08067aaa3e97c3b62eb102b11bc1f74c99eb869a072bb6a69f4d6,0x8d4b2cffe2dcbbf06eaa5920401db86ca5fb8177,0x4cc19356f2d37338b9802aa8e8fc58b0373296e7,0x0ef8e61ec270d38cfb88948f76a18245d178c75d,94242200000000000000000,SelfKey,KEY,18,65,119247,50000000000,104247,3304373,deprecated,0x3e5b5e39,"addPrecommitment(address beneficiary, uint256 tokensAllocated, bool halfVesting)",20166830
4894713,1515738425,0x43a36ce9930add38a08ec49a1590f6729bbfa05072252e1741451cbe731e92e9,2762,0xc685077cbff08067aaa3e97c3b62eb102b11bc1f74c99eb869a072bb6a69f4d6,0x8d4b2cffe2dcbbf06eaa5920401db86ca5fb8177,0x4cc19356f2d37338b9802aa8e8fc58b0373296e7,0x8589557a846bf4fdff3ef367956721a6c784d46e,94242200000000000000000,SelfKey,KEY,18,81,119247,50000000000,104247,4349505,deprecated,0x3e5b5e39,"addPrecommitment(address beneficiary, uint256 tokensAllocated, bool halfVesting)",20166830
4894713,1515738425,0x2f410c3b2911df52c0e91e9c8ad269dc6e4f11df0c017104da9733beb301958f,2763,0xc685077cbff08067aaa3e97c3b62eb102b11bc1f74c99eb869a072bb6a69f4d6,0x8d4b2cffe2dcbbf06eaa5920401db86ca5fb8177,0x4cc19356f2d37338b9802aa8e8fc58b0373296e7,0x0c157a873a43025259a1af1630e2f38bfca9aadd,98910781829467100000000,SelfKey,KEY,18,96,119311,50000000000,104311,5402985,deprecated,0x3e5b5e39,"addPrecommitment(address beneficiary, uint256 tokensAllocated, bool halfVesting)",20166830
4894713,1515738425,0x5c9de881cdfce7d541e5b46e0409a5f6fa08efc3ff8d3951c97f7df3426db908,2764,0xc685077cbff08067aaa3e97c3b62eb102b11bc1f74c99eb869a072bb6a69f4d6,0x8d4b2cffe2dcbbf06eaa5920401db86ca5fb8177,0x4cc19356f2d37338b9802aa8e8fc58b0373296e7,0xbb50d488675236c0ebadaaf2cc29fc60495a664a,157070333333333000000000,SelfKey,KEY,18,110,119311,50000000000,104311,6479505,deprecated,0x3e5b5e39,"addPrecommitment(address beneficiary, uint256 tokensAllocated, bool halfVesting)",20166830
4894713,1515738425,0xbe0e28fb4c015e7c39e15e62ef8cc235a90dea59dec5c4809d28a05470d67fef,2765,0xc685077cbff08067aaa3e97c3b62eb102b11bc1f74c99eb869a072bb6a69f4d6,0x8d4b2cffe2dcbbf06eaa5920401db86ca5fb8177,0x4cc19356f2d37338b9802aa8e8fc58b0373296e7,0x9999c6ba5111604e7e3e4b08577686e28b29c39d,94242200000000000000000,SelfKey,KEY,18,122,119247,50000000000,104247,7428966,deprecated,0x3e5b5e39,"addPrecommitment(address beneficiary, uint256 tokensAllocated, bool halfVesting)",20166830
4894715,1515738453,0xe14701cd9eaf18ed89543d849bc4720625d13d839bfb80ea4247bb5ef08aa1bb,2766,0x4a29a45514503854d7c49c995e636d45d70f68c56aeedb589156d1dd78a87f0d,0x8d4b2cffe2dcbbf06eaa5920401db86ca5fb8177,0x4cc19356f2d37338b9802aa8e8fc58b0373296e7,0x5a22ce293899e3fee176bf8816b5be7ac5327945,125656266666667000000000,SelfKey,KEY,18,107,119311,50000000000,104311,4396379,deprecated,0x3e5b5e39,"addPrecommitment(address beneficiary, uint256 tokensAllocated, bool halfVesting)",20166828
4894715,1515738453,0xe2c15b639a44712a2e8f75d6388639a2f529781bafa94ff902b3f1682f3ebadc,2767,0x4a29a45514503854d7c49c995e636d45d70f68c56aeedb589156d1dd78a87f0d,0x8d4b2cffe2dcbbf06eaa5920401db86ca5fb8177,0x4cc19356f2d37338b9802aa8e8fc58b0373296e7,0x16b7627f065050cb1daff4e61d012a42ec83bc99,188484400000000000000000,SelfKey,KEY,18,148,119247,50000000000,104247,6252592,deprecated,0x3e5b5e39,"addPrecommitment(address beneficiary, uint256 tokensAllocated, bool halfVesting)",20166828
4894715,1515738453,0x85cec013af2d327695c75435d596a61c0fa0319c0381269f8b24a6084d538da4,2768,0x4a29a45514503854d7c49c995e636d45d70f68c56aeedb589156d1dd78a87f0d,0x8d4b2cffe2dcbbf06eaa5920401db86ca5fb8177,0x4cc19356f2d37338b9802aa8e8fc58b0373296e7,0xc82e1f5fd602c6d5e271db50885cf2b2afb04a5a,251312533333333000000000,SelfKey,KEY,18,161,119311,50000000000,104311,6764116,deprecated,0x3e5b5e39,"addPrecommitment(address beneficiary, uint256 tokensAllocated, bool halfVesting)",20166828
4894715,1515738453,0x7ce251f5b409a6f924304a301ca584ce9f9de3716219442a91584ccb0967959c,2769,0x4a29a45514503854d7c49c995e636d45d70f68c56aeedb589156d1dd78a87f0d,0x8d4b2cffe2dcbbf06eaa5920401db86ca5fb8177,0x4cc19356f2d37338b9802aa8e8fc58b0373296e7,0xef84c2bbac1a3c1d9e275ced6d5a738a8e581353,100525013333333000000000,SelfKey,KEY,18,172,119311,50000000000,104311,7146157,deprecated,0x3e5b5e39,"addPrecommitment(address beneficiary, uint256 tokensAllocated, bool halfVesting)",20166828
4894715,1515738453,0xfaaf2592e9e1e31e0b63aaf0ac07a290782671bc093d902fa12bfdb710a891a6,2770,0x4a29a45514503854d7c49c995e636d45d70f68c56aeedb589156d1dd78a87f0d,0x8d4b2cffe2dcbbf06eaa5920401db86ca5fb8177,0x4cc19356f2d37338b9802aa8e8fc58b0373296e7,0x6fc1924372b5aeb1ecf3a699d208105a9524c7b8,1265801449431130000000000,SelfKey,KEY,18,181,119375,50000000000,104375,7492078,deprecated,0x3e5b5e39,"addPrecommitment(address beneficiary, uint256 tokensAllocated, bool halfVesting)",20166828
4894715,1515738453,0x9d491a16b4b6f57008cdbd39df257de1ed460e0b99e8af9ecab2f1e769dd95b3,2771,0x4a29a45514503854d7c49c995e636d45d70f68c56aeedb589156d1dd78a87f0d,0x8d4b2cffe2dcbbf06eaa5920401db86ca5fb8177,0x4cc19356f2d37338b9802aa8e8fc58b0373296e7,0xa5bfe8b267dfc41b633ddb8d0c3de2b8a175fe93,94242200000000000000000,SelfKey,KEY,18,190,119247,50000000000,104247,7838082,deprecated,0x3e5b5e39,"addPrecommitment(address beneficiary, uint256 tokensAllocated, bool halfVesting)",20166828
4894717,1515738503,0xa3a08f2b7c163002df1579b2ce6128d5f9b227eec6a99d865843df5f9a7cd6cb,2772,0xed8c80f40dcf31e6752f3a0bc4d118624606117b706cbb12fd3db8bf25db7ee5,0x8d4b2cffe2dcbbf06eaa5920401db86ca5fb8177,0x4cc19356f2d37338b9802aa8e8fc58b0373296e7,0x9eaccd5c78dcdecf3ee1530767a2c00983b5e299,94242200000000000000000,SelfKey,KEY,18,194,119247,50000000000,104247,6061299,deprecated,0x3e5b5e39,"addPrecommitment(address beneficiary, uint256 tokensAllocated, bool halfVesting)",20166826
4894720,1515738539,0x0e6889ecd0e3627e513ce02f4b2345ca6aedef6c491c2eb190c582f4951365e5,2773,0x9cd6b01213743cfa74d3de3fa476333e519ecd0ae2e70aa87d62a517d1901cf8,0x8d4b2cffe2dcbbf06eaa5920401db86ca5fb8177,0x4cc19356f2d37338b9802aa8e8fc58b0373296e7,0x298289f5f26e697d794940c973a0edd405e112a7,100399357066667000000000,SelfKey,KEY,18,31,119311,50000000000,104311,1119334,deprecated,0x3e5b5e39,"addPrecommitment(address beneficiary, uint256 tokensAllocated, bool halfVesting)",20166823
4894722,1515738582,0x5033fab5a03bc5b4885a5cebc6f33eaaf2aa9adfc6a3fbe29f4c4a2d56d89ea5,2774,0x2e6c52312f8a29cd0c72bb07f3f1005ec706e69ddc4a634139f9a380a9d23298,0x8d4b2cffe2dcbbf06eaa5920401db86ca5fb8177,0x4cc19356f2d37338b9802aa8e8fc58b0373296e7,0x6520c02e55d451ba74bd8aa4bf205fd1fadbc196,94242200000000000000000,SelfKey,KEY,18,205,119247,50000000000,104247,5013163,deprecated,0x3e5b5e39,"addPrecommitment(address beneficiary, uint256 tokensAllocated, bool halfVesting)",20166821
4894724,1515738625,0x4776340a1681b974e8e0d9664e396ba7674de36ecfd589fb205da61b88891f86,2775,0x96d212c60eed4b19da1b449c351a0671a9bee0154b0e0aa1fafef86aa8602a9d,0x8d4b2cffe2dcbbf06eaa5920401db86ca5fb8177,0x4cc19356f2d37338b9802aa8e8fc58b0373296e7,0x60f70a0694cb405384e9cf4f064f744dcff0dc52,94556340666666700000000,SelfKey,KEY,18,267,119311,50000000000,104311,6793314,deprecated,0x3e5b5e39,"addPrecommitment(address beneficiary, uint256 tokensAllocated, bool halfVesting)",20166819
4894726,1515738653,0xe106fc1daf8eeaa661ab831027d9a019df0ea62ec7e1c70c601b24ad0b2a4bc8,2776,0x15d578f3c6984e5cc3a4a7bf414d2fe463513d753711815afabf5cc73c97bbbf,0x8d4b2cffe2dcbbf06eaa5920401db86ca5fb8177,0x4cc19356f2d37338b9802aa8e8fc58b0373296e7,0x61c6e3c9fc9beeaa9314e9a62b444377fda17d0a,110828827200000000000000,SelfKey,KEY,18,105,119247,50000000000,104247,2548993,deprecated,0x3e5b5e39,"addPrecommitment(address beneficiary, uint256 tokensAllocated, bool halfVesting)",20166817
4894727,1515738659,0x3e3476308781939387a836b124881c93ddb59e4c7cc8d74d7bc6c0968b63882c,2777,0x138a667ddbd6677b8a0c38065d99cc0381c1563af55aa64616d1808a0df403ef,0x8d4b2cffe2dcbbf06eaa5920401db86ca5fb8177,0x4cc19356f2d37338b9802aa8e8fc58b0373296e7,0x1596cea26bd71e15866ec5adefebfb4c483034dd,94242200000000000000000,SelfKey,KEY,18,73,119247,50000000000,104247,2138769,deprecated,0x3e5b5e39,"addPrecommitment(address beneficiary, uint256 tokensAllocated, bool halfVesting)",20166816
4894727,1515738659,0x32e62099505bea42b847282e0fe4aeaa076f6272ce2f80a56c5cadb3f5f052b8,2778,0x138a667ddbd6677b8a0c38065d99cc0381c1563af55aa64616d1808a0df403ef,0x8d4b2cffe2dcbbf06eaa5920401db86ca5fb8177,0x4cc19356f2d37338b9802aa8e8fc58b0373296e7,0x18e9df1595f3b7433787e84e7753c5cc81c06a86,188484400000000000000000,SelfKey,KEY,18,139,119247,50000000000,104247,5718935,deprecated,0x3e5b5e39,"addPrecommitment(address beneficiary, uint256 tokensAllocated, bool halfVesting)",20166816
4894727,1515738659,0xec4f118e34def42bb04ee43a0def78ee4857171517948c06413632ddee4620d8,2779,0x138a667ddbd6677b8a0c38065d99cc0381c1563af55aa64616d1808a0df403ef,0x8d4b2cffe2dcbbf06eaa5920401db86ca5fb8177,0x4cc19356f2d37338b9802aa8e8fc58b0373296e7,0x34ce6d643cc45ac460d763806aac998d348ce406,628281333333333000000000,SelfKey,KEY,18,152,119311,50000000000,59311,6287214,deprecated,0x3e5b5e39,"addPrecommitment(address beneficiary, uint256 tokensAllocated, bool halfVesting)",20166816
4894727,1515738659,0x40d1cd22d1990acb0d259744e7972073e098cd4a2b4a186cf70f3d4a71dd2822,2780,0x138a667ddbd6677b8a0c38065d99cc0381c1563af55aa64616d1808a0df403ef,0x8d4b2cffe2dcbbf06eaa5920401db86ca5fb8177,0x4cc19356f2d37338b9802aa8e8fc58b0373296e7,0xa3290a93d8b033fc82c27f0559f2e76c06e73c08,314140666666667000000000,SelfKey,KEY,18,163,119311,50000000000,104311,6800152,deprecated,0x3e5b5e39,"addPrecommitment(address beneficiary, uint256 tokensAllocated, bool halfVesting)",20166816
4894727,1515738659,0xe74b728142fc171250db8d650b0f7d192e9c33ab3536172f937059f593a1a2a2,2781,0x138a667ddbd6677b8a0c38065d99cc0381c1563af55aa64616d1808a0df403ef,0x8d4b2cffe2dcbbf06eaa5920401db86ca5fb8177,0x4cc19356f2d37338b9802aa8e8fc58b0373296e7,0xf66d70dd84e1672d05f1ebeadbb1e3e6cd8b96ad,251312533333333000000000,SelfKey,KEY,18,172,119311,50000000000,104311,7132547,deprecated,0x3e5b5e39,"addPrecommitment(address beneficiary, uint256 tokensAllocated, bool halfVesting)",20166816
4894727,1515738659,0x4ac1850335d5c48bd6a934d61853bf4f3e9591eb567b28f814226861171467b6,2782,0x138a667ddbd6677b8a0c38065d99cc0381c1563af55aa64616d1808a0df403ef,0x8d4b2cffe2dcbbf06eaa5920401db86ca5fb8177,0x4cc19356f2d37338b9802aa8e8fc58b0373296e7,0x9e052743d002f39f8832e407965fab729d6066dd,94242200000000000000000,SelfKey,KEY,18,181,119247,50000000000,104247,7489950,deprecated,0x3e5b5e39,"addPrecommitment(address beneficiary, uint256 tokensAllocated, bool halfVesting)",20166816
4894727,1515738659,0x8db8d34f38795dde085cc1048cdb7c536829882894ed2619f399960cb1f762c1,2783,0x138a667ddbd6677b8a0c38065d99cc0381c1563af55aa64616d1808a0df403ef,0x8d4b2cffe2dcbbf06eaa5920401db86ca5fb8177,0x4cc19356f2d37338b9802aa8e8fc58b0373296e7,0xc126c2537a2b1965d2686e138763230521069b7a,246264775340064000000000,SelfKey,KEY,18,190,119311,50000000000,104311,7835597,deprecated,0x3e5b5e39,"addPrecommitment(address beneficiary, uint256 tokensAllocated, bool halfVesting)",20166816
4894728,1515738682,0xeb83e9c7ee87ba22e8150421b1037f8248643a6cc8997180525c1563ae681416,2784,0x8fb5c0db27e8ed10906e0c70ac58b078ae5ad0821ffcdbf1bd53e14428312a9f,0x8d4b2cffe2dcbbf06eaa5920401db86ca5fb8177,0x4cc19356f2d37338b9802aa8e8fc58b0373296e7,0x6949889201d64a36b22e000b8a5ee81c07ef6cb2,130493655964533000000000,SelfKey,KEY,18,96,119247,50000000000,104247,2483384,deprecated,0x3e5b5e39,"addPrecommitment(address beneficiary, uint256 tokensAllocated, bool halfVesting)",20166815
4894728,1515738682,0x88ce3353c5c0ddfe813791d6be2ebac6181a154a3212f555958b88e1b328b371,2785,0x8fb5c0db27e8ed10906e0c70ac58b078ae5ad0821ffcdbf1bd53e14428312a9f,0x8d4b2cffe2dcbbf06eaa5920401db86ca5fb8177,0x4cc19356f2d37338b9802aa8e8fc58b0373296e7,0x7b29ed1a17de0367995f616695f44db31812bb3d,128169392000000000000000,SelfKey,KEY,18,219,119247,50000000000,104247,7955433,deprecated,0x3e5b5e39,"addPrecommitment(address beneficiary, uint256 tokensAllocated, bool halfVesting)",20166815
4894731,1515738710,0x7681bfec2e7cde7c750df1ad9e826bbb45f06642e2188f6dc992353cad7d9cf2,2786,0x2950ef453aacfd3a587712e58d97ad2a6e0d941b90a3cdf04913ac37e5e77439,0x8d4b2cffe2dcbbf06eaa5920401db86ca5fb8177,0x4cc19356f2d37338b9802aa8e8fc58b0373296e7,0x45d101b1c696bb23ce2c8e2963524e2b877024cc,219898466666667000000000,SelfKey,KEY,18,190,119311,50000000000,104311,4710435,deprecated,0x3e5b5e39,"addPrecommitment(address beneficiary, uint256 tokensAllocated, bool halfVesting)",20166812
4894731,1515738710,0x939b0fdc01c6733fd3089bb07de7665110cf1cf13d47865ac88f06fde74588e5,2787,0x2950ef453aacfd3a587712e58d97ad2a6e0d941b90a3cdf04913ac37e5e77439,0x8d4b2cffe2dcbbf06eaa5920401db86ca5fb8177,0x4cc19356f2d37338b9802aa8e8fc58b0373296e7,0x2d3cd84fe5164f52d6cb9cc81259f078b01f890c,94242200000000000000000,SelfKey,KEY,18,191,119247,50000000000,104247,4814682,deprecated,0x3e5b5e39,"addPrecommitment(address beneficiary, uint256 tokensAllocated, bool halfVesting)",20166812
4894731,1515738710,0xb6eb3e715e0e80dc1562b9149f86206f19edc91b99566a5f3a37f572ef044563,2788,0x2950ef453aacfd3a587712e58d97ad2a6e0d941b90a3cdf04913ac37e5e77439,0x8d4b2cffe2dcbbf06eaa5920401db86ca5fb8177,0x4cc19356f2d37338b9802aa8e8fc58b0373296e7,0x1df4da2d1b85ed18acc44c15922244de09a2fe8d,94242200000000000000000,SelfKey,KEY,18,192,119247,50000000000,104247,4918929,deprecated,0x3e5b5e39,"addPrecommitment(address beneficiary, uint256 tokensAllocated, bool halfVesting)",20166812
4894731,1515738710,0xb69727cd0db0a01e405643116fa2bad1013b213ae2ec167b6d6f89f72e5cfa5a,2789,0x2950ef453aacfd3a587712e58d97ad2a6e0d941b90a3cdf04913ac37e5e77439,0x8d4b2cffe2dcbbf06eaa5920401db86ca5fb8177,0x4cc19356f2d37338b9802aa8e8fc58b0373296e7,0xa303ff93438591ff8950a657fee7d40ce03f56d2,1005250133333330000000000,SelfKey,KEY,18,193,119311,50000000000,104311,5023240,deprecated,0x3e5b5e39,"addPrecommitment(address beneficiary, uint256 tokensAllocated, bool halfVesting)",20166812
4894731,1515738710,0xa9b52086bee2a5825239e0ec0f7994a139ad51b9b913f8b389c8c30a0ee837cd,2790,0x2950ef453aacfd3a587712e58d97ad2a6e0d941b90a3cdf04913ac37e5e77439,0x8d4b2cffe2dcbbf06eaa5920401db86ca5fb8177,0x4cc19356f2d37338b9802aa8e8fc58b0373296e7,0x7a3bff0ccbb3a514a1d219c3859eef007726eba8,94242200000000000000000,SelfKey,KEY,18,194,119183,50000000000,104183,5127423,deprecated,0x3e5b5e39,"addPrecommitment(address beneficiary, uint256 tokensAllocated, bool halfVesting)",20166812
4894731,1515738710,0x79ed0715009ad303e5626d5414e59572b555b80721544213fb18f789fafaeba1,2791,0x2950ef453aacfd3a587712e58d97ad2a6e0d941b90a3cdf04913ac37e5e77439,0x8d4b2cffe2dcbbf06eaa5920401db86ca5fb8177,0x4cc19356f2d37338b9802aa8e8fc58b0373296e7,0x2f0d5e5bdd71c9f4225529284c5836e1ff7d9c42,314140666666667000000000,SelfKey,KEY,18,195,119311,50000000000,104311,5231734,deprecated,0x3e5b5e39,"addPrecommitment(address beneficiary, uint256 tokensAllocated, bool halfVesting)",20166812
4894731,1515738710,0xc4f5bc6afe04c770ff7da7053599f2ac77db5478659b73c24f213f9236116289,2792,0x2950ef453aacfd3a587712e58d97ad2a6e0d941b90a3cdf04913ac37e5e77439,0x8d4b2cffe2dcbbf06eaa5920401db86ca5fb8177,0x4cc19356f2d37338b9802aa8e8fc58b0373296e7,0x15caac6fd6517a6e1deb8a888b53299418b07454,188484400000000000000000,SelfKey,KEY,18,196,119247,50000000000,104247,5335981,deprecated,0x3e5b5e39,"addPrecommitment(address beneficiary, uint256 tokensAllocated, bool halfVesting)",20166812
4894731,1515738710,0xca26aa315738eff2f491a474627401bff83de06e4356f34872e1d153a430a6ba,2793,0x2950ef453aacfd3a587712e58d97ad2a6e0d941b90a3cdf04913ac37e5e77439,0x8d4b2cffe2dcbbf06eaa5920401db86ca5fb8177,0x4cc19356f2d37338b9802aa8e8fc58b0373296e7,0x66814b9320b347eb3062e1579952ee999121f0ea,282726600000000000000000,SelfKey,KEY,18,197,119247,50000000000,104247,5440228,deprecated,0x3e5b5e39,"addPrecommitment(address beneficiary, uint256 tokensAllocated, bool halfVesting)",20166812
4894731,1515738710,0x1eb405f55742eee69c78c15dcdc8c377de4890855679dc3be6bfabd547335097,2794,0x2950ef453aacfd3a587712e58d97ad2a6e0d941b90a3cdf04913ac37e5e77439,0x8d4b2cffe2dcbbf06eaa5920401db86ca5fb8177,0x4cc19356f2d37338b9802aa8e8fc58b0373296e7,0x47e8db480520522fd560f2cbcc4d3d3eb3ab249d,133690416415651000000000,SelfKey,KEY,18,198,119311,50000000000,104311,5544539,deprecated,0x3e5b5e39,"addPrecommitment(address beneficiary, uint256 tokensAllocated, bool halfVesting)",20166812
4894731,1515738710,0xf32a29162ed8a7ed7d6c7e81d81d4b7bbd50250e32901d91a727633ee091b6d3,2795,0x2950ef453aacfd3a587712e58d97ad2a6e0d941b90a3cdf04913ac37e5e77439,0x8d4b2cffe2dcbbf06eaa5920401db86ca5fb8177,0x4cc19356f2d37338b9802aa8e8fc58b0373296e7,0xf580ad3c89ac08135d7b8b802f5d2764f2e66aa0,94242200000000000000000,SelfKey,KEY,18,199,119247,50000000000,104247,5648786,deprecated,0x3e5b5e39,"addPrecommitment(address beneficiary, uint256 tokensAllocated, bool halfVesting)",20166812
4894731,1515738710,0x81493f2a1d72e65d75edd00053e798de99cefed6e7f0f635f1134a6a6d43a94a,2796,0x2950ef453aacfd3a587712e58d97ad2a6e0d941b90a3cdf04913ac37e5e77439,0x8d4b2cffe2dcbbf06eaa5920401db86ca5fb8177,0x4cc19356f2d37338b9802aa8e8fc58b0373296e7,0x3ba7b28895cadcce6ed17e458ce2f37a62efe2db,270160973333333000000000,SelfKey,KEY,18,200,119311,50000000000,104311,5753097,deprecated,0x3e5b5e39,"addPrecommitment(address beneficiary, uint256 tokensAllocated, bool halfVesting)",20166812
4894731,1515738710,0xc8d9f7e29ddb192169a82e9bbf352d7fcb34780721a0a8f918850e600508da04,2797,0x2950ef453aacfd3a587712e58d97ad2a6e0d941b90a3cdf04913ac37e5e77439,0x8d4b2cffe2dcbbf06eaa5920401db86ca5fb8177,0x4cc19356f2d37338b9802aa8e8fc58b0373296e7,0x69db82519388b103cc6f20d8c1e54ba3365b3b10,94242200000000000000000,SelfKey,KEY,18,201,119247,50000000000,104247,5857344,deprecated,0x3e5b5e39,"addPrecommitment(address beneficiary, uint256 tokensAllocated, bool halfVesting)",20166812
4894731,1515738710,0xc56dccd5939d9a4fdab59abee1d60fc838f80176cfc0d604e6ca46fbbb123e27,2798,0x2950ef453aacfd3a587712e58d97ad2a6e0d941b90a3cdf04913ac37e5e77439,0x8d4b2cffe2dcbbf06eaa5920401db86ca5fb8177,0x4cc19356f2d37338b9802aa8e8fc58b0373296e7,0x88840c37e8fa21afe5c28f0c704f9dcbd1601a45,15707033333333300000000,SelfKey,KEY,18,202,119311,50000000000,104311,5961655,deprecated,0x3e5b5e39,"addPrecommitment(address beneficiary, uint256 tokensAllocated, bool halfVesting)",20166812
4894731,1515738710,0xa43adee66d24c5cf92add7230572880863da0d60191d4b7fb45faac5c821dcce,2799,0x2950ef453aacfd3a587712e58d97ad2a6e0d941b90a3cdf04913ac37e5e77439,0x8d4b2cffe2dcbbf06eaa5920401db86ca5fb8177,0x4cc19356f2d37338b9802aa8e8fc58b0373296e7,0xc16fd65af3bf8e5ccde0665bdd2a886dd5975270,125656266666667000000000,SelfKey,KEY,18,203,119311,50000000000,104311,6065966,deprecated,0x3e5b5e39,"addPrecommitment(address beneficiary, uint256 tokensAllocated, bool halfVesting)",20166812
4894731,1515738710,0x8b58ae534265e216a05377d8427dd9ef4e4d00bd317d97b4dbc822de6c2930ed,2800,0x2950ef453aacfd3a587712e58d97ad2a6e0d941b90a3cdf04913ac37e5e77439,0x8d4b2cffe2dcbbf06eaa5920401db86ca5fb8177,0x4cc19356f2d37338b9802aa8e8fc58b0373296e7,0xe74f2c930ebc0f11f4bdcdd9b2aa0fd94178cb5a,94242200000000000000000,SelfKey,KEY,18,204,119247,50000000000,104247,6170213,deprecated,0x3e5b5e39,"addPrecommitment(address beneficiary, uint256 tokensAllocated, bool halfVesting)",20166812
4894731,1515738710,0xbd09b2e8eb3ea0f637e1d085aa6d3c05c6da85d072fde485829e161222e6636e,2801,0x2950ef453aacfd3a587712e58d97ad2a6e0d941b90a3cdf04913ac37e5e77439,0x8d4b2cffe2dcbbf06eaa5920401db86ca5fb8177,0x4cc19356f2d37338b9802aa8e8fc58b0373296e7,0x7ac8e72dfeffd15439560eb57cd9a82be73ba7b0,94242200000000000000000,SelfKey,KEY,18,205,119247,50000000000,104247,6274460,deprecated,0x3e5b5e39,"addPrecommitment(address beneficiary, uint256 tokensAllocated, bool halfVesting)",20166812
4894731,1515738710,0x2a500a199d1476f939f7117d0b0a84b31edec4f91e393a510212aa531ee061ee,2802,0x2950ef453aacfd3a587712e58d97ad2a6e0d941b90a3cdf04913ac37e5e77439,0x8d4b2cffe2dcbbf06eaa5920401db86ca5fb8177,0x4cc19356f2d37338b9802aa8e8fc58b0373296e7,0xdbbd60ddbcc22f3af840b36c8faaa25c473be26d,1306825173333330000000000,SelfKey,KEY,18,206,119375,50000000000,104375,6378835,deprecated,0x3e5b5e39,"addPrecommitment(address beneficiary, uint256 tokensAllocated, bool halfVesting)",20166812
4894731,1515738710,0xf66c34bc8c3650771b86d5644016a483d6a57481e2a605597059cbd3e9f958fe,2803,0x2950ef453aacfd3a587712e58d97ad2a6e0d941b90a3cdf04913ac37e5e77439,0x8d4b2cffe2dcbbf06eaa5920401db86ca5fb8177,0x4cc19356f2d37338b9802aa8e8fc58b0373296e7,0xc58ec7f7e447af77b7c3e1299bef1d8ed59089a2,502625066666667000000000,SelfKey,KEY,18,207,119311,50000000000,104311,6483146,deprecated,0x3e5b5e39,"addPrecommitment(address beneficiary, uint256 tokensAllocated, bool halfVesting)",20166812
4894731,1515738710,0x3388e5fb5e0a8490edb29a306fcf755ef27c08bcc81826955fa785629828b1ad,2804,0x2950ef453aacfd3a587712e58d97ad2a6e0d941b90a3cdf04913ac37e5e77439,0x8d4b2cffe2dcbbf06eaa5920401db86ca5fb8177,0x4cc19356f2d37338b9802aa8e8fc58b0373296e7,0x9091c0a6240bc39f7ee1d453881071af5b39da98,527756320000000000000000,SelfKey,KEY,18,208,119247,50000000000,104247,6587393,deprecated,0x3e5b5e39,"addPrecommitment(address beneficiary, uint256 tokensAllocated, bool halfVesting)",20166812
4894731,1515738710,0xa562878c302839eb2ff675bc1d640b5d737bdff13f019f1cbfd90e9d8e61773f,2805,0x2950ef453aacfd3a587712e58d97ad2a6e0d941b90a3cdf04913ac37e5e77439,0x8d4b2cffe2dcbbf06eaa5920401db86ca5fb8177,0x4cc19356f2d37338b9802aa8e8fc58b0373296e7,0xfd90a9fbe5d1e896b93938b45885f5579ce0d1c1,125656266666667000000000,SelfKey,KEY,18,209,119311,50000000000,104311,6691704,deprecated,0x3e5b5e39,"addPrecommitment(address beneficiary, uint256 tokensAllocated, bool halfVesting)",20166812
4894731,1515738710,0x2c24a355730e5c150e162e1d7bca6e1a26eecbbe72acf968734bdc90f05885b3,2806,0x2950ef453aacfd3a587712e58d97ad2a6e0d941b90a3cdf04913ac37e5e77439,0x8d4b2cffe2dcbbf06eaa5920401db86ca5fb8177,0x4cc19356f2d37338b9802aa8e8fc58b0373296e7,0x7a04a405086d5dbf2e7ab1489cb1d8cf59b33986,188484400000000000000000,SelfKey,KEY,18,210,119247,50000000000,104247,6795951,deprecated,0x3e5b5e39,"addPrecommitment(address beneficiary, uint256 tokensAllocated, bool halfVesting)",20166812
4894731,1515738710,0x2b5d72a65ea5365fa6e820be7f0746695834f2528999d68b2f95dd84002c6302,2807,0x2950ef453aacfd3a587712e58d97ad2a6e0d941b90a3cdf04913ac37e5e77439,0x8d4b2cffe2dcbbf06eaa5920401db86ca5fb8177,0x4cc19356f2d37338b9802aa8e8fc58b0373296e7,0x8ee5b7a0371509441aa726b67a9eac7d40d557b3,314140666666667000000000,SelfKey,KEY,18,211,119311,50000000000,104311,6900262,deprecated,0x3e5b5e39,"addPrecommitment(address beneficiary, uint256 tokensAllocated, bool halfVesting)",20166812
4894731,1515738710,0x273cb91a019e3ed474343d37cb80121749956a33d5e88c46cc75e16f1d93870a,2808,0x2950ef453aacfd3a587712e58d97ad2a6e0d941b90a3cdf04913ac37e5e77439,0x8d4b2cffe2dcbbf06eaa5920401db86ca5fb8177,0x4cc19356f2d37338b9802aa8e8fc58b0373296e7,0x8bb6143f6dd32703cbee93d06dc6804f97b9d10b,282726600000000000000000,SelfKey,KEY,18,212,119247,50000000000,104247,7004509,deprecated,0x3e5b5e39,"addPrecommitment(address beneficiary, uint256 tokensAllocated, bool halfVesting)",20166812
4894731,1515738710,0x132898c7127d5e9130a644a79be3a128b17eab58a416bc0f55735172d5e3ad96,2809,0x2950ef453aacfd3a587712e58d97ad2a6e0d941b90a3cdf04913ac37e5e77439,0x8d4b2cffe2dcbbf06eaa5920401db86ca5fb8177,0x4cc19356f2d37338b9802aa8e8fc58b0373296e7,0xd15292c635d29a6fbf15751c7d5373fde3f9b516,206076277333333000000000,SelfKey,KEY,18,213,119311,50000000000,104311,7108820,deprecated,0x3e5b5e39,"addPrecommitment(address beneficiary, uint256 tokensAllocated, bool halfVesting)",20166812
4894731,1515738710,0xae5c78880f180f593a3770d09967e21946ed93eb7134ffb7738607ccc6567c76,2810,0x2950ef453aacfd3a587712e58d97ad2a6e0d941b90a3cdf04913ac37e5e77439,0x8d4b2cffe2dcbbf06eaa5920401db86ca5fb8177,0x4cc19356f2d37338b9802aa8e8fc58b0373296e7,0xd3ff7c8c7d2178ae1d22c274c2f64600a8502e4d,188484400000000000000000,SelfKey,KEY,18,214,119183,50000000000,104183,7213003,deprecated,0x3e5b5e39,"addPrecommitment(address beneficiary, uint256 tokensAllocated, bool halfVesting)",20166812
4894731,1515738710,0xc839a9f47855ca172b4c3bd279e557cc4e6ef520d7db74d8b09f5860100a7ff4,2811,0x2950ef453aacfd3a587712e58d97ad2a6e0d941b90a3cdf04913ac37e5e77439,0x8d4b2cffe2dcbbf06eaa5920401db86ca5fb8177,0x4cc19356f2d37338b9802aa8e8fc58b0373296e7,0x8c589460f62ba62a637631b3ea114b6f56fa2853,94242200000000000000000,SelfKey,KEY,18,215,119247,50000000000,104247,7317250,deprecated,0x3e5b5e39,"addPrecommitment(address beneficiary, uint256 tokensAllocated, bool halfVesting)",20166812
4894731,1515738710,0x3017ed3347daaa44faa63f59b807a8daa3f9154ebcc4ff1e0c3cf1e458fd8104,2812,0x2950ef453aacfd3a587712e58d97ad2a6e0d941b90a3cdf04913ac37e5e77439,0x8d4b2cffe2dcbbf06eaa5920401db86ca5fb8177,0x4cc19356f2d37338b9802aa8e8fc58b0373296e7,0x298eba256247eb76e29e03c7056cdca45d9105ac,94242200000000000000000,SelfKey,KEY,18,216,119247,50000000000,104247,7421497,deprecated,0x3e5b5e39,"addPrecommitment(address beneficiary, uint256 tokensAllocated, bool halfVesting)",20166812
4894731,1515738710,0xe03a441a48a995a33aa5a39e8fd620cc8cb07b92d774a4fd10555a8a32fb7fa8,2813,0x2950ef453aacfd3a587712e58d97ad2a6e0d941b90a3cdf04913ac37e5e77439,0x8d4b2cffe2dcbbf06eaa5920401db86ca5fb8177,0x4cc19356f2d37338b9802aa8e8fc58b0373296e7,0xa249db244e4c92664283b366144a19b452d76a65,146690028790287000000000,SelfKey,KEY,18,217,119311,50000000000,104311,7525808,deprecated,0x3e5b5e39,"addPrecommitment(address beneficiary, uint256 tokensAllocated, bool halfVesting)",20166812
4894731,1515738710,0x844b522eb90fa5c5941b8b2fa0edbb5e0fc33fffa620bf4e847a09e76c624255,2814,0x2950ef453aacfd3a587712e58d97ad2a6e0d941b90a3cdf04913ac37e5e77439,0x8d4b2cffe2dcbbf06eaa5920401db86ca5fb8177,0x4cc19356f2d37338b9802aa8e8fc58b0373296e7,0x0ae02b0407d0eed7f48fca66d662ebc0aaaa022f,119373453333333000000000,SelfKey,KEY,18,218,119311,50000000000,104311,7630119,deprecated,0x3e5b5e39,"addPrecommitment(address beneficiary, uint256 tokensAllocated, bool halfVesting)",20166812
4894731,1515738710,0x5d2180bf1045ba83c265faa97a6ed3de8ed33ade26eeb791ca8d6a4ab7111721,2815,0x2950ef453aacfd3a587712e58d97ad2a6e0d941b90a3cdf04913ac37e5e77439,0x8d4b2cffe2dcbbf06eaa5920401db86ca5fb8177,0x4cc19356f2d37338b9802aa8e8fc58b0373296e7,0x40483cfcf6f780d0844155c7703ddf0ec374bb99,439796933333333000000000,SelfKey,KEY,18,219,119311,50000000000,104311,7734430,deprecated,0x3e5b5e39,"addPrecommitment(address beneficiary, uint256 tokensAllocated, bool halfVesting)",20166812
4894731,1515738710,0xb6f6eabaa714264350ba7706a8d1bfdd44b183a814bd92a475f69e3dcc08089e,2816,0x2950ef453aacfd3a587712e58d97ad2a6e0d941b90a3cdf04913ac37e5e77439,0x8d4b2cffe2dcbbf06eaa5920401db86ca5fb8177,0x4cc19356f2d37338b9802aa8e8fc58b0373296e7,0x2b7ffb206f9d8fe0a06ba4edf869bb856ef7e3bd,251312533333333000000000,SelfKey,KEY,18,220,119311,50000000000,104311,7838741,deprecated,0x3e5b5e39,"addPrecommitment(address beneficiary, uint256 tokensAllocated, bool halfVesting)",20166812
4894731,1515738710,0x1dcf0e0f2e117e3a532a2c903907675a7491e3404ad7c9380bae79b15e81e23f,2817,0x2950ef453aacfd3a587712e58d97ad2a6e0d941b90a3cdf04913ac37e5e77439,0x8d4b2cffe2dcbbf06eaa5920401db86ca5fb8177,0x4cc19356f2d37338b9802aa8e8fc58b0373296e7,0xa95d42fa839419796639d73aa75a62ebb2674eee,62828133333333400000000,SelfKey,KEY,18,221,119311,50000000000,59311,7898052,deprecated,0x3e5b5e39,"addPrecommitment(address beneficiary, uint256 tokensAllocated, bool halfVesting)",20166812
4894732,1515738722,0xad2da2f6c3f3ccf104026846c3f3760b88aeb47a39e8ef46cc7334d848e03596,2818,0xd3ad5f9de56e08335862ff0dbd446d9c1d92011b80a677d94daf803ca71617d0,0x8d4b2cffe2dcbbf06eaa5920401db86ca5fb8177,0x4cc19356f2d37338b9802aa8e8fc58b0373296e7,0xcc77d18290b25d4f24187a2a36a9dd573fbce4bc,188484400000000000000000,SelfKey,KEY,18,51,119247,50000000000,104247,2137668,deprecated,0x3e5b5e39,"addPrecommitment(address beneficiary, uint256 tokensAllocated, bool halfVesting)",20166811
4894732,1515738722,0x7aed9073c784340c5746af50e0f096fbe4ac87f3b9b3b5560f4df6e2318cb214,2819,0xd3ad5f9de56e08335862ff0dbd446d9c1d92011b80a677d94daf803ca71617d0,0x8d4b2cffe2dcbbf06eaa5920401db86ca5fb8177,0x4cc19356f2d37338b9802aa8e8fc58b0373296e7,0x508a8c8f7c53cf84e5b513f9b137337f0caa9fdf,150159238666667000000000,SelfKey,KEY,18,119,119311,50000000000,104311,5554345,deprecated,0x3e5b5e39,"addPrecommitment(address beneficiary, uint256 tokensAllocated, bool halfVesting)",20166811
4894732,1515738722,0xa08e2a81cb19c9b562f4a961bc6d227556313bce526737fdd33a8130af97ed0e,2820,0xd3ad5f9de56e08335862ff0dbd446d9c1d92011b80a677d94daf803ca71617d0,0x8d4b2cffe2dcbbf06eaa5920401db86ca5fb8177,0x4cc19356f2d37338b9802aa8e8fc58b0373296e7,0xa0a545ca9ad8adacd26604d00c99e371da4d2267,94242200000000000000000,SelfKey,KEY,18,128,119247,50000000000,104247,5886595,deprecated,0x3e5b5e39,"addPrecommitment(address beneficiary, uint256 tokensAllocated, bool halfVesting)",20166811
4894732,1515738722,0x0e88fff60370ccd3e27b4f40d37801cf58c3ce092a6195679564747a0d6bd666,2821,0xd3ad5f9de56e08335862ff0dbd446d9c1d92011b80a677d94daf803ca71617d0,0x8d4b2cffe2dcbbf06eaa5920401db86ca5fb8177,0x4cc19356f2d37338b9802aa8e8fc58b0373296e7,0x7709be19bbb198066f9dcef5a820c6bc35d6ecf9,100183165459867000000000,SelfKey,KEY,18,134,119311,50000000000,104311,6187283,deprecated,0x3e5b5e39,"addPrecommitment(address beneficiary, uint256 tokensAllocated, bool halfVesting)",20166811
4894732,1515738722,0xf035cc4ecea6f55bb4dc61908aa85183b9be859e866b69cbf93ee5a743f23f51,2822,0xd3ad5f9de56e08335862ff0dbd446d9c1d92011b80a677d94daf803ca71617d0,0x8d4b2cffe2dcbbf06eaa5920401db86ca5fb8177,0x4cc19356f2d37338b9802aa8e8fc58b0373296e7,0xa0a60898414057039989339cb65d8293e0e8c826,94242200000000000000000,SelfKey,KEY,18,138,119247,50000000000,104247,6367654,deprecated,0x3e5b5e39,"addPrecommitment(address beneficiary, uint256 tokensAllocated, bool halfVesting)",20166811
4894732,1515738722,0xdf0c6d69ca9add2901c57acf46720b984b480857bf67121d285e8440ec7e8a05,2823,0xd3ad5f9de56e08335862ff0dbd446d9c1d92011b80a677d94daf803ca71617d0,0x8d4b2cffe2dcbbf06eaa5920401db86ca5fb8177,0x4cc19356f2d37338b9802aa8e8fc58b0373296e7,0x0dc6e357157e29c11bd4dfa916b637a18df973b4,94870481333333300000000,SelfKey,KEY,18,141,119311,50000000000,104311,6527089,deprecated,0x3e5b5e39,"addPrecommitment(address beneficiary, uint256 tokensAllocated, bool halfVesting)",20166811
4894732,1515738722,0xd1d67503895ac8ce1c489c116de77cb82475eab13e12052f13951f5b9eea7d84,2824,0xd3ad5f9de56e08335862ff0dbd446d9c1d92011b80a677d94daf803ca71617d0,0x8d4b2cffe2dcbbf06eaa5920401db86ca5fb8177,0x4cc19356f2d37338b9802aa8e8fc58b0373296e7,0xec787b619878d0b237bad72f8f7ecfd02716fa07,94242200000000000000000,SelfKey,KEY,18,144,119247,50000000000,104247,6686396,deprecated,0x3e5b5e39,"addPrecommitment(address beneficiary, uint256 tokensAllocated, bool halfVesting)",20166811
4894732,1515738722,0x5c2a84b54275c6aa532ac0f5e3266d31f1b863b8943249c825bfcf3564465c35,2825,0xd3ad5f9de56e08335862ff0dbd446d9c1d92011b80a677d94daf803ca71617d0,0x8d4b2cffe2dcbbf06eaa5920401db86ca5fb8177,0x4cc19356f2d37338b9802aa8e8fc58b0373296e7,0x50aea150c5229a31d6823b5138458d0542d16078,125656266666667000000000,SelfKey,KEY,18,147,119311,50000000000,104311,6845767,deprecated,0x3e5b5e39,"addPrecommitment(address beneficiary, uint256 tokensAllocated, bool halfVesting)",20166811
4894732,1515738722,0xaaa5ce115b210bfc01e875787e34392a73df5b8984133927eb56d841feeaa8c1,2826,0xd3ad5f9de56e08335862ff0dbd446d9c1d92011b80a677d94daf803ca71617d0,0x8d4b2cffe2dcbbf06eaa5920401db86ca5fb8177,0x4cc19356f2d37338b9802aa8e8fc58b0373296e7,0x1d938c0286b44e40b864a3bd3b950dbb79e2d620,439796933333333000000000,SelfKey,KEY,18,150,119311,50000000000,104311,7005202,deprecated,0x3e5b5e39,"addPrecommitment(address beneficiary, uint256 tokensAllocated, bool halfVesting)",20166811
4894732,1515738722,0x2bf0089d64980c2af821cf8ba3f4a6599a8a4a5a7f14eb2a1b10f7ab52ae5313,2827,0xd3ad5f9de56e08335862ff0dbd446d9c1d92011b80a677d94daf803ca71617d0,0x8d4b2cffe2dcbbf06eaa5920401db86ca5fb8177,0x4cc19356f2d37338b9802aa8e8fc58b0373296e7,0x75ef6df0d98942b3796785f9ab147c94d54cfbc0,87903727223346700000000,SelfKey,KEY,18,153,119311,50000000000,104311,7305104,deprecated,0x3e5b5e39,"addPrecommitment(address beneficiary, uint256 tokensAllocated, bool halfVesting)",20166811
4894732,1515738722,0xf289845a15ebf593de5d7ea2c1cf36adfe26b53b1c53ad39bff60c423fd7aacb,2828,0xd3ad5f9de56e08335862ff0dbd446d9c1d92011b80a677d94daf803ca71617d0,0x8d4b2cffe2dcbbf06eaa5920401db86ca5fb8177,0x4cc19356f2d37338b9802aa8e8fc58b0373296e7,0x9169d76d56e42c1dec09f2872b3d361197bfae59,175918773333333000000000,SelfKey,KEY,18,156,119311,50000000000,104311,7605006,deprecated,0x3e5b5e39,"addPrecommitment(address beneficiary, uint256 tokensAllocated, bool halfVesting)",20166811
4894732,1515738722,0xafc51d54e079a8c62546908125de43366f267a6a939f0e4fbe8e847c68ea35ac,2829,0xd3ad5f9de56e08335862ff0dbd446d9c1d92011b80a677d94daf803ca71617d0,0x8d4b2cffe2dcbbf06eaa5920401db86ca5fb8177,0x4cc19356f2d37338b9802aa8e8fc58b0373296e7,0xa4cfa5a04bd6cc1a87569ae6f5556ab92e7f5cbc,94242200000000000000000,SelfKey,KEY,18,159,119247,50000000000,104247,7767215,deprecated,0x3e5b5e39,"addPrecommitment(address beneficiary, uint256 tokensAllocated, bool halfVesting)",20166811
4894734,1515738755,0x92772fa9bc3c729aeefdb65b8ba105f8fe56495761904d0cf2c3f0adc3509541,2830,0xb1782d9b27d02730be76a0a79a6a1aecb4429a8e3a27321d1e37e7b059830e6c,0x8d4b2cffe2dcbbf06eaa5920401db86ca5fb8177,0x4cc19356f2d37338b9802aa8e8fc58b0373296e7,0x3900519134a7ffc53d07dee09196e5b7206dc237,94242200000000000000000,SelfKey,KEY,18,144,119183,50000000000,104183,4153180,deprecated,0x3e5b5e39,"addPrecommitment(address beneficiary, uint256 tokensAllocated, bool halfVesting)",20166809
4894736,1515738790,0x9ec81ebad2aa98ab075a48ecaa36642d5ff529ffc379236e0c5a77758692b151,2831,0x69a2bfb537e6b969cc66bea3b8af5dc9a548f80f2a40fd2f6748220dff552efa,0x8d4b2cffe2dcbbf06eaa5920401db86ca5fb8177,0x4cc19356f2d37338b9802aa8e8fc58b0373296e7,0xc5bcb166c52be570f20111b11b4df686c7610d70,127835738254837000000000,SelfKey,KEY,18,7,119311,50000000000,104311,255278,deprecated,0x3e5b5e39,"addPrecommitment(address beneficiary, uint256 tokensAllocated, bool halfVesting)",20166807
4894737,1515738809,0x3bc0e10ea263d5a7710e1aa242dfefd886f57620fad90470324e2a6cb313979d,2832,0xa7908ade0ee332b7cbf29c0c37ef64e6ece4eaa5ea86f2657605047a595b6f29,0x8d4b2cffe2dcbbf06eaa5920401db86ca5fb8177,0x4cc19356f2d37338b9802aa8e8fc58b0373296e7,0xa8a0080a621f1f1cc69e9b0b43577b81c46a4c20,314140666666667000000000,SelfKey,KEY,18,80,119311,50000000000,104311,2909982,deprecated,0x3e5b5e39,"addPrecommitment(address beneficiary, uint256 tokensAllocated, bool halfVesting)",20166806
4894737,1515738809,0x19fcaec952f5cabee9e7da3d01bbb790d99d8bdd918adb9f4ddca85489c99a0f,2833,0xa7908ade0ee332b7cbf29c0c37ef64e6ece4eaa5ea86f2657605047a595b6f29,0x8d4b2cffe2dcbbf06eaa5920401db86ca5fb8177,0x4cc19356f2d37338b9802aa8e8fc58b0373296e7,0xd895e6e5e0a13ec2a16e7bddd6c1151b01128488,439796933333333000000000,SelfKey,KEY,18,125,119311,50000000000,59311,5797043,deprecated,0x3e5b5e39,"addPrecommitment(address beneficiary, uint256 tokensAllocated, bool halfVesting)",20166806
4894737,1515738809,0x4d1dad680c6c0ece36403ff437af1823950949e8c0f98e1212d3713101972f5a,2834,0xa7908ade0ee332b7cbf29c0c37ef64e6ece4eaa5ea86f2657605047a595b6f29,0x8d4b2cffe2dcbbf06eaa5920401db86ca5fb8177,0x4cc19356f2d37338b9802aa8e8fc58b0373296e7,0xfb11d80eb973c307d2ad43fd3cca1303200dc177,188484400000000000000000,SelfKey,KEY,18,148,119247,50000000000,104247,6855862,deprecated,0x3e5b5e39,"addPrecommitment(address beneficiary, uint256 tokensAllocated, bool halfVesting)",20166806
4894737,1515738809,0xd55df011b2ea980dd528c71e553810b0459f629a7af4b465b6315fc4944e4965,2835,0xa7908ade0ee332b7cbf29c0c37ef64e6ece4eaa5ea86f2657605047a595b6f29,0x8d4b2cffe2dcbbf06eaa5920401db86ca5fb8177,0x4cc19356f2d37338b9802aa8e8fc58b0373296e7,0x774d1ae972cde17559835c87efe70106098b037e,94242200000000000000000,SelfKey,KEY,18,164,119247,50000000000,104247,7518738,deprecated,0x3e5b5e39,"addPrecommitment(address beneficiary, uint256 tokensAllocated, bool halfVesting)",20166806
4894737,1515738809,0x7726c22e793a1b88616bc0ca78e7d2f0ceeb1623030cb9482484adcd0e5fb98f,2836,0xa7908ade0ee332b7cbf29c0c37ef64e6ece4eaa5ea86f2657605047a595b6f29,0x8d4b2cffe2dcbbf06eaa5920401db86ca5fb8177,0x4cc19356f2d37338b9802aa8e8fc58b0373296e7,0xd307908044a354b90b42b8cabd03362b264c885e,1306825173333330000000000,SelfKey,KEY,18,177,119375,50000000000,104375,7957676,deprecated,0x3e5b5e39,"addPrecommitment(address beneficiary, uint256 tokensAllocated, bool halfVesting)",20166806
4894739,1515738850,0x871858dc4496c13a12ce20a859098becef01dabfcb1cdf1971e448eca6b7c848,2837,0x932fa6904eefeb9329c6b482ba55b9a2ebeadcece313147cee3b403491b7f8ee,0x8d4b2cffe2dcbbf06eaa5920401db86ca5fb8177,0x4cc19356f2d37338b9802aa8e8fc58b0373296e7,0x3a1def192ad40b32a1f9554fb5e52ad85badb45f,125477834768000000000000,SelfKey,KEY,18,111,119247,50000000000,104247,3767666,deprecated,0x3e5b5e39,"addPrecommitment(address beneficiary, uint256 tokensAllocated, bool halfVesting)",20166804
4894743,1515738914,0x54decafadb369e53d754208763b46d59b1bf4a7b7ebda159529070f1d5bd4fbb,2838,0xdf0ae7773e79aee9d99f4ecb8e3c9197acb003e83d5459d351debb81de6c8266,0x8d4b2cffe2dcbbf06eaa5920401db86ca5fb8177,0x4cc19356f2d37338b9802aa8e8fc58b0373296e7,0xbb86b227f07241dc36b3d26bf597fce62706eb96,1306825173333330000000000,SelfKey,KEY,18,45,119375,50000000000,104375,1568072,deprecated,0x3e5b5e39,"addPrecommitment(address beneficiary, uint256 tokensAllocated, bool halfVesting)",20166800
4894744,1515738934,0xc54b72e014d26cbe63e8e7ac948b7d3a0c10cb2747aea97c50586c0efc972e51,2839,0xc25c66fb2726f2c7735a80b69b9eed97eac79853da5734750ed8fe221131ebca,0x8d4b2cffe2dcbbf06eaa5920401db86ca5fb8177,0x4cc19356f2d37338b9802aa8e8fc58b0373296e7,0x711e17a02f6bc301874617092bee860117789ace,106807826666667000000000,SelfKey,KEY,18,10,119311,50000000000,104311,578743,deprecated,0x3e5b5e39,"addPrecommitment(address beneficiary, uint256 tokensAllocated, bool halfVesting)",20166799
4894744,1515738934,0x3d4915ac0aadceb8d2f8a93e4276195f7721f476b877594bd280ae854ad7eda1,2840,0xc25c66fb2726f2c7735a80b69b9eed97eac79853da5734750ed8fe221131ebca,0x8d4b2cffe2dcbbf06eaa5920401db86ca5fb8177,0x4cc19356f2d37338b9802aa8e8fc58b0373296e7,0x51505086ce593d83b2934d9e7347c348a3d80071,100525013333333000000000,SelfKey,KEY,18,14,119247,50000000000,104247,978844,deprecated,0x3e5b5e39,"addPrecommitment(address beneficiary, uint256 tokensAllocated, bool halfVesting)",20166799
4894744,1515738934,0xb2fb48758e72bca3130362889ac3bde104bf388b735e604c5102a170ef8635ba,2841,0xc25c66fb2726f2c7735a80b69b9eed97eac79853da5734750ed8fe221131ebca,0x8d4b2cffe2dcbbf06eaa5920401db86ca5fb8177,0x4cc19356f2d37338b9802aa8e8fc58b0373296e7,0x725ff3bdcc9068f37c8dd6f335829ff1578454bb,120336780075309000000000,SelfKey,KEY,18,17,119311,50000000000,104311,1358009,deprecated,0x3e5b5e39,"addPrecommitment(address beneficiary, uint256 tokensAllocated, bool halfVesting)",20166799
4894744,1515738934,0x4fea3ee7471f8d6ab12fb8035ddb482a57c2782faa1361bf0577f83bfb0d7aa5,2842,0xc25c66fb2726f2c7735a80b69b9eed97eac79853da5734750ed8fe221131ebca,0x8d4b2cffe2dcbbf06eaa5920401db86ca5fb8177,0x4cc19356f2d37338b9802aa8e8fc58b0373296e7,0x9ea6f222211c2f51cf682e5fac790d2c9bb2e865,125656266666667000000000,SelfKey,KEY,18,19,119311,50000000000,104311,1716174,deprecated,0x3e5b5e39,"addPrecommitment(address beneficiary, uint256 tokensAllocated, bool halfVesting)",20166799
4894744,1515738934,0x757cc0b08d5e3d901678e652f136808e889f4a8c6ef135a61c3b20764e6155d9,2843,0xc25c66fb2726f2c7735a80b69b9eed97eac79853da5734750ed8fe221131ebca,0x8d4b2cffe2dcbbf06eaa5920401db86ca5fb8177,0x4cc19356f2d37338b9802aa8e8fc58b0373296e7,0x9b546d8740b41f83339e8905dee381d4eda48ab8,188440933612516000000000,SelfKey,KEY,18,21,119311,50000000000,104311,1850496,deprecated,0x3e5b5e39,"addPrecommitment(address beneficiary, uint256 tokensAllocated, bool halfVesting)",20166799
4894744,1515738934,0xe3752249fe6be7f8cf9b49d02f79162898e7378e20231d09e98863a67cf043aa,2844,0xc25c66fb2726f2c7735a80b69b9eed97eac79853da5734750ed8fe221131ebca,0x8d4b2cffe2dcbbf06eaa5920401db86ca5fb8177,0x4cc19356f2d37338b9802aa8e8fc58b0373296e7,0x6ea4c8b9a184b3dab041cba42a4db65e60af2e7a,314140666666667000000000,SelfKey,KEY,18,23,119311,50000000000,104311,1984818,deprecated,0x3e5b5e39,"addPrecommitment(address beneficiary, uint256 tokensAllocated, bool halfVesting)",20166799
4894744,1515738934,0x08408ad15bc55320636397fae7df221b204c9d2fed98bbe99be32a913454c227,2845,0xc25c66fb2726f2c7735a80b69b9eed97eac79853da5734750ed8fe221131ebca,0x8d4b2cffe2dcbbf06eaa5920401db86ca5fb8177,0x4cc19356f2d37338b9802aa8e8fc58b0373296e7,0xc5419268bdba400b298d9703c6129ba888459a67,94242200000000000000000,SelfKey,KEY,18,24,119247,50000000000,104247,2089065,deprecated,0x3e5b5e39,"addPrecommitment(address beneficiary, uint256 tokensAllocated, bool halfVesting)",20166799
4894744,1515738934,0xa6bc8cdaaa0bed104bd74047294d6fa168ae7348dfa67e18c7573b1fea2c822b,2846,0xc25c66fb2726f2c7735a80b69b9eed97eac79853da5734750ed8fe221131ebca,0x8d4b2cffe2dcbbf06eaa5920401db86ca5fb8177,0x4cc19356f2d37338b9802aa8e8fc58b0373296e7,0x086cb8c2c45e40f6ab147bece39e2a76f6f4d917,1306825173333330000000000,SelfKey,KEY,18,25,119375,50000000000,104375,2193440,deprecated,0x3e5b5e39,"addPrecommitment(address beneficiary, uint256 tokensAllocated, bool halfVesting)",20166799
4894744,1515738934,0x939bcad45fc6285f185e6b607919aa1ad17dc52cda0db68f904f924d5949fecf,2847,0xc25c66fb2726f2c7735a80b69b9eed97eac79853da5734750ed8fe221131ebca,0x8d4b2cffe2dcbbf06eaa5920401db86ca5fb8177,0x4cc19356f2d37338b9802aa8e8fc58b0373296e7,0xaec11ac5a67ba1adafe465a430e5c3d286e8986c,216757060000000000000000,SelfKey,KEY,18,26,119247,50000000000,104247,2297687,deprecated,0x3e5b5e39,"addPrecommitment(address beneficiary, uint256 tokensAllocated, bool halfVesting)",20166799
4894744,1515738934,0xf555539dea126ac637488806a06d8f2f55cea1ddb315364879e334136e2ab091,2848,0xc25c66fb2726f2c7735a80b69b9eed97eac79853da5734750ed8fe221131ebca,0x8d4b2cffe2dcbbf06eaa5920401db86ca5fb8177,0x4cc19356f2d37338b9802aa8e8fc58b0373296e7,0xb0fb18334e54a4ce487b6fb1530e1678fe8bc671,628281333333333000000000,SelfKey,KEY,18,27,119311,50000000000,104311,2401998,deprecated,0x3e5b5e39,"addPrecommitment(address beneficiary, uint256 tokensAllocated, bool halfVesting)",20166799
4894744,1515738934,0x79a9164c06c6844f0543e579a26d9d1278594b2f4178a8340adbad49763dd67a,2849,0xc25c66fb2726f2c7735a80b69b9eed97eac79853da5734750ed8fe221131ebca,0x8d4b2cffe2dcbbf06eaa5920401db86ca5fb8177,0x4cc19356f2d37338b9802aa8e8fc58b0373296e7,0xfe8ef260e63a3388bb3f3174cf080f4423414100,471211000000000000000000,SelfKey,KEY,18,28,119183,50000000000,104183,2506181,deprecated,0x3e5b5e39,"addPrecommitment(address beneficiary, uint256 tokensAllocated, bool halfVesting)",20166799
4894744,1515738934,0xcb53aef4e238d294ac22e65e8e30db09f8affbb0660a684f6f2bf5e90c08ed8e,2850,0xc25c66fb2726f2c7735a80b69b9eed97eac79853da5734750ed8fe221131ebca,0x8d4b2cffe2dcbbf06eaa5920401db86ca5fb8177,0x4cc19356f2d37338b9802aa8e8fc58b0373296e7,0xb0a68077b56f07fc57958b9569f9f5eff1e1d57f,94242200000000000000000,SelfKey,KEY,18,29,119247,50000000000,104247,2610428,deprecated,0x3e5b5e39,"addPrecommitment(address beneficiary, uint256 tokensAllocated, bool halfVesting)",20166799
4894744,1515738934,0xa2691ac9d784cd8d825d89cf0ab22b415707e033abbb7052847dc084b3e71120,2851,0xc25c66fb2726f2c7735a80b69b9eed97eac79853da5734750ed8fe221131ebca,0x8d4b2cffe2dcbbf06eaa5920401db86ca5fb8177,0x4cc19356f2d37338b9802aa8e8fc58b0373296e7,0xfc24c94f74da5cf75ad2efd3558aa26a9a412f97,125656266666667000000000,SelfKey,KEY,18,30,119311,50000000000,104311,2714739,deprecated,0x3e5b5e39,"addPrecommitment(address beneficiary, uint256 tokensAllocated, bool halfVesting)",20166799
4894744,1515738934,0x472e475460df1f7f903497634afc1ea8d48613d8b73b391a07312277a192c1ba,2852,0xc25c66fb2726f2c7735a80b69b9eed97eac79853da5734750ed8fe221131ebca,0x8d4b2cffe2dcbbf06eaa5920401db86ca5fb8177,0x4cc19356f2d37338b9802aa8e8fc58b0373296e7,0x35d7fb6e687de48f1fdbc32457f58694bfd001b6,90472512000000000000000,SelfKey,KEY,18,31,119247,50000000000,104247,2818986,deprecated,0x3e5b5e39,"addPrecommitment(address beneficiary, uint256 tokensAllocated, bool halfVesting)",20166799
4894744,1515738934,0x7db7c4f677032584f808f59bfb33c81e6f9124b8edaaa5ed3c38b847db0b9bad,2853,0xc25c66fb2726f2c7735a80b69b9eed97eac79853da5734750ed8fe221131ebca,0x8d4b2cffe2dcbbf06eaa5920401db86ca5fb8177,0x4cc19356f2d37338b9802aa8e8fc58b0373296e7,0x56877d46d0dd2cb3b39ac878dab0a4cfdd73bb04,125656266666667000000000,SelfKey,KEY,18,32,119311,50000000000,104311,2923297,deprecated,0x3e5b5e39,"addPrecommitment(address beneficiary, uint256 tokensAllocated, bool halfVesting)",20166799
4894744,1515738934,0xa71558f75ba23fc3345ca686545c356a986883ae211342255386498ea2358dfc,2854,0xc25c66fb2726f2c7735a80b69b9eed97eac79853da5734750ed8fe221131ebca,0x8d4b2cffe2dcbbf06eaa5920401db86ca5fb8177,0x4cc19356f2d37338b9802aa8e8fc58b0373296e7,0x00ddeccf417669bc3f03d88dbc0d1ee181153d1e,1306825173333330000000000,SelfKey,KEY,18,33,119311,50000000000,104311,3027608,deprecated,0x3e5b5e39,"addPrecommitment(address beneficiary, uint256 tokensAllocated, bool halfVesting)",20166799
4894744,1515738934,0x85f14bc682d7db22b382ebd3ee5cd66a2105944cc40bdb4c234a14e9d7ea5020,2855,0xc25c66fb2726f2c7735a80b69b9eed97eac79853da5734750ed8fe221131ebca,0x8d4b2cffe2dcbbf06eaa5920401db86ca5fb8177,0x4cc19356f2d37338b9802aa8e8fc58b0373296e7,0x711e17a02f6bc301874617092bee860117789ace,62828133333333400000000,SelfKey,KEY,18,34,119311,50000000000,59311,3086919,deprecated,0x3e5b5e39,"addPrecommitment(address beneficiary, uint256 tokensAllocated, bool halfVesting)",20166799
4894744,1515738934,0x00b9b9512710dd7cdda2fe74c707d9494551d76c13884f1007ee16f0b632dccf,2856,0xc25c66fb2726f2c7735a80b69b9eed97eac79853da5734750ed8fe221131ebca,0x8d4b2cffe2dcbbf06eaa5920401db86ca5fb8177,0x4cc19356f2d37338b9802aa8e8fc58b0373296e7,0xb3befd4d49c0dcd73eca541ca8b4a1ac1dee3523,232464093333333000000000,SelfKey,KEY,18,35,119311,50000000000,104311,3191230,deprecated,0x3e5b5e39,"addPrecommitment(address beneficiary, uint256 tokensAllocated, bool halfVesting)",20166799
4894744,1515738934,0x5d4a24d1b67bc6c3e481484a6f52b9bccb270a7f9abff238ff31d267818bc58f,2857,0xc25c66fb2726f2c7735a80b69b9eed97eac79853da5734750ed8fe221131ebca,0x8d4b2cffe2dcbbf06eaa5920401db86ca5fb8177,0x4cc19356f2d37338b9802aa8e8fc58b0373296e7,0xdbc9304aaee1d374287d56db9509825a5aa67ec1,126216261986724000000000,SelfKey,KEY,18,36,119311,50000000000,104311,3295541,deprecated,0x3e5b5e39,"addPrecommitment(address beneficiary, uint256 tokensAllocated, bool halfVesting)",20166799
4894744,1515738934,0x639d2d45709cc56ec25bc93d2ff827b5bbad5748c4da2666c89739ecbc297179,2858,0xc25c66fb2726f2c7735a80b69b9eed97eac79853da5734750ed8fe221131ebca,0x8d4b2cffe2dcbbf06eaa5920401db86ca5fb8177,0x4cc19356f2d37338b9802aa8e8fc58b0373296e7,0x48f2798161e547617835912ce03e19676b39201e,100525013333333000000000,SelfKey,KEY,18,37,119311,50000000000,104311,3399852,deprecated,0x3e5b5e39,"addPrecommitment(address beneficiary, uint256 tokensAllocated, bool halfVesting)",20166799
4894746,1515738967,0xa9a595139065b51c9f9e07c675f2f5e09213720a308ad99a6a45f03266f12f86,2859,0x351e78194b86f0d49b7e37c4cc04539c51830dc5c857fd10b9fcb161eda3e281,0x8d4b2cffe2dcbbf06eaa5920401db86ca5fb8177,0x4cc19356f2d37338b9802aa8e8fc58b0373296e7,0x37730c5685e0ba378b35c43f3a7cf0834b167926,1256562666666670000000000,SelfKey,KEY,18,164,119375,50000000000,104375,4730185,deprecated,0x3e5b5e39,"addPrecommitment(address beneficiary, uint256 tokensAllocated, bool halfVesting)",20166797
4894748,1515738997,0xb7e68a1b4f7e8e698dfa9c913b5226470b1c218d90d14f6d08b57a3ea8c1952e,2860,0x870e6714249801c6c7eed7cbc10ca7628d187d2cbbd261c260ae8a71967d1026,0x8d4b2cffe2dcbbf06eaa5920401db86ca5fb8177,0x4cc19356f2d37338b9802aa8e8fc58b0373296e7,0x166a58a2cf61b3098b88a4279f236a2f48e02b51,169635960000000000000000,SelfKey,KEY,18,197,119247,50000000000,104247,5921751,deprecated,0x3e5b5e39,"addPrecommitment(address beneficiary, uint256 tokensAllocated, bool halfVesting)",20166795
4894748,1515738997,0x3df63e60b45f59d00c2897a8cd10cabaf24f3dcf49995af81af7f803a71eed3b,2861,0x870e6714249801c6c7eed7cbc10ca7628d187d2cbbd261c260ae8a71967d1026,0x8d4b2cffe2dcbbf06eaa5920401db86ca5fb8177,0x4cc19356f2d37338b9802aa8e8fc58b0373296e7,0xa22aca6399f4aae3548fa4a16f85bc3b684fe936,125656266666667000000000,SelfKey,KEY,18,198,119311,50000000000,104311,6026062,deprecated,0x3e5b5e39,"addPrecommitment(address beneficiary, uint256 tokensAllocated, bool halfVesting)",20166795
4894748,1515738997,0x17ddcba70dfeb564b7c00820bd12cc5318bdf38b8cd306e7dc81f3666b954ca7,2862,0x870e6714249801c6c7eed7cbc10ca7628d187d2cbbd261c260ae8a71967d1026,0x8d4b2cffe2dcbbf06eaa5920401db86ca5fb8177,0x4cc19356f2d37338b9802aa8e8fc58b0373296e7,0x7eee745e7da0ff67311d4b9349526d78e63b434a,1306825173333330000000000,SelfKey,KEY,18,199,119375,50000000000,104375,6130437,deprecated,0x3e5b5e39,"addPrecommitment(address beneficiary, uint256 tokensAllocated, bool halfVesting)",20166795
4894748,1515738997,0xb61189cdebf672182820fc8891b1da8257aa7d58d17b310f1210a6d1a632c99a,2863,0x870e6714249801c6c7eed7cbc10ca7628d187d2cbbd261c260ae8a71967d1026,0x8d4b2cffe2dcbbf06eaa5920401db86ca5fb8177,0x4cc19356f2d37338b9802aa8e8fc58b0373296e7,0x44a5e5619509e7acd8d51d82c47eac086b76c754,125656266666667000000000,SelfKey,KEY,18,200,119311,50000000000,104311,6234748,deprecated,0x3e5b5e39,"addPrecommitment(address beneficiary, uint256 tokensAllocated, bool halfVesting)",20166795
4894748,1515738997,0x10b30f0492e98ca3413ebdaf2f5ad8630d174f4c95178d42463d25d64a74302c,2864,0x870e6714249801c6c7eed7cbc10ca7628d187d2cbbd261c260ae8a71967d1026,0x8d4b2cffe2dcbbf06eaa5920401db86ca5fb8177,0x4cc19356f2d37338b9802aa8e8fc58b0373296e7,0x5399132dfbc39bc4ca6b61595d1fdaa64ec1431f,1306825173333330000000000,SelfKey,KEY,18,201,119375,50000000000,104375,6339123,deprecated,0x3e5b5e39,"addPrecommitment(address beneficiary, uint256 tokensAllocated, bool halfVesting)",20166795
4894748,1515738997,0x2f2e95a1a1327359871714ece32fd624b44143f644db7a89a5744ff7a8c6673d,2865,0x870e6714249801c6c7eed7cbc10ca7628d187d2cbbd261c260ae8a71967d1026,0x8d4b2cffe2dcbbf06eaa5920401db86ca5fb8177,0x4cc19356f2d37338b9802aa8e8fc58b0373296e7,0x7087b4395f18700fbf8fc34128e7b981bd7a6a6e,188431624368000000000000,SelfKey,KEY,18,202,119247,50000000000,104247,6443370,deprecated,0x3e5b5e39,"addPrecommitment(address beneficiary, uint256 tokensAllocated, bool halfVesting)",20166795
4894748,1515738997,0x951c6180d5be0c5b75dd20da1159c87aa7c806ef5fdf15974599cc4549e6deae,2866,0x870e6714249801c6c7eed7cbc10ca7628d187d2cbbd261c260ae8a71967d1026,0x8d4b2cffe2dcbbf06eaa5920401db86ca5fb8177,0x4cc19356f2d37338b9802aa8e8fc58b0373296e7,0x9e9a551d24214bcb1c110b6f84a6e4c4f47417d7,210316435954045000000000,SelfKey,KEY,18,203,119311,50000000000,104311,6547681,deprecated,0x3e5b5e39,"addPrecommitment(address beneficiary, uint256 tokensAllocated, bool halfVesting)",20166795
4894748,1515738997,0x6bcfb5f11321e41b3f980236eac42ccd4a3e5966b3946d22f40d308b49e9d8d9,2867,0x870e6714249801c6c7eed7cbc10ca7628d187d2cbbd261c260ae8a71967d1026,0x8d4b2cffe2dcbbf06eaa5920401db86ca5fb8177,0x4cc19356f2d37338b9802aa8e8fc58b0373296e7,0x3ef771a1f555cfe5164df965deadac775afb6569,125656266666667000000000,SelfKey,KEY,18,204,119311,50000000000,104311,6651992,deprecated,0x3e5b5e39,"addPrecommitment(address beneficiary, uint256 tokensAllocated, bool halfVesting)",20166795
4894748,1515738997,0x6113c1a7e6b1345a04e4fc3d253ebc6cdcccf9e5ef3a3e5392027c5a33d01306,2868,0x870e6714249801c6c7eed7cbc10ca7628d187d2cbbd261c260ae8a71967d1026,0x8d4b2cffe2dcbbf06eaa5920401db86ca5fb8177,0x4cc19356f2d37338b9802aa8e8fc58b0373296e7,0xa917015c8d38ebab245b9efebcdf4023e61b159c,94242200000000000000000,SelfKey,KEY,18,205,119247,50000000000,104247,6756239,deprecated,0x3e5b5e39,"addPrecommitment(address beneficiary, uint256 tokensAllocated, bool halfVesting)",20166795
4894748,1515738997,0x8bed167811f1b219613bd2f9d71e889d66dc25ff28cc11a62027b4dc96df2149,2869,0x870e6714249801c6c7eed7cbc10ca7628d187d2cbbd261c260ae8a71967d1026,0x8d4b2cffe2dcbbf06eaa5920401db86ca5fb8177,0x4cc19356f2d37338b9802aa8e8fc58b0373296e7,0x75a1516ed1a0559c7de83692ee8bbcc2066b09d5,94242200000000000000000,SelfKey,KEY,18,206,119247,50000000000,104247,6860486,deprecated,0x3e5b5e39,"addPrecommitment(address beneficiary, uint256 tokensAllocated, bool halfVesting)",20166795
4894748,1515738997,0x99dda3b9faa7e5d0026ac7b9c5b544e34e802ecc1e00eb53e5c284bb8288da4e,2870,0x870e6714249801c6c7eed7cbc10ca7628d187d2cbbd261c260ae8a71967d1026,0x8d4b2cffe2dcbbf06eaa5920401db86ca5fb8177,0x4cc19356f2d37338b9802aa8e8fc58b0373296e7,0x75a1516ed1a0559c7de83692ee8bbcc2066b09d5,94242200000000000000000,SelfKey,KEY,18,207,119247,50000000000,59247,6919733,deprecated,0x3e5b5e39,"addPrecommitment(address beneficiary, uint256 tokensAllocated, bool halfVesting)",20166795
4894748,1515738997,0xc459e6f85807c60d0f6fca448e81e6c8fbb3e43bde728f0dbeb901a3aab76a52,2871,0x870e6714249801c6c7eed7cbc10ca7628d187d2cbbd261c260ae8a71967d1026,0x8d4b2cffe2dcbbf06eaa5920401db86ca5fb8177,0x4cc19356f2d37338b9802aa8e8fc58b0373296e7,0xa5a78cfd893f8e27685f43c24eff5ea91897bc62,94242200000000000000000,SelfKey,KEY,18,208,119247,50000000000,104247,7023980,deprecated,0x3e5b5e39,"addPrecommitment(address beneficiary, uint256 tokensAllocated, bool halfVesting)",20166795
4894748,1515738997,0x343a6c738f45e7052b6b17d12b48563220a5aee4932adb9026a7a7b545e4c6ef,2872,0x870e6714249801c6c7eed7cbc10ca7628d187d2cbbd261c260ae8a71967d1026,0x8d4b2cffe2dcbbf06eaa5920401db86ca5fb8177,0x4cc19356f2d37338b9802aa8e8fc58b0373296e7,0xb49b7478598f868b36cb0d66109b7f4ea5f317eb,125656266666667000000000,SelfKey,KEY,18,209,119311,50000000000,104311,7128291,deprecated,0x3e5b5e39,"addPrecommitment(address beneficiary, uint256 tokensAllocated, bool halfVesting)",20166795
4894748,1515738997,0xc3523142e36655b557c1f9a78a09632eab859c2e3e2c42d816df1b4f2a593e94,2873,0x870e6714249801c6c7eed7cbc10ca7628d187d2cbbd261c260ae8a71967d1026,0x8d4b2cffe2dcbbf06eaa5920401db86ca5fb8177,0x4cc19356f2d37338b9802aa8e8fc58b0373296e7,0x95f5db2e44425ae3177a9099e7115dbd3a5a4fd6,439796933333333000000000,SelfKey,KEY,18,210,119311,50000000000,104311,7232602,deprecated,0x3e5b5e39,"addPrecommitment(address beneficiary, uint256 tokensAllocated, bool halfVesting)",20166795
4894748,1515738997,0xf8c97373bcbc4d96ebc297b31e06fe6847ff7bf3aea4a2a851ed4d5c6b6bf500,2874,0x870e6714249801c6c7eed7cbc10ca7628d187d2cbbd261c260ae8a71967d1026,0x8d4b2cffe2dcbbf06eaa5920401db86ca5fb8177,0x4cc19356f2d37338b9802aa8e8fc58b0373296e7,0xdb1cba4c94d49fa4b426b5d3f8c9966c0b626819,314140666666667000000000,SelfKey,KEY,18,211,119311,50000000000,104311,7336913,deprecated,0x3e5b5e39,"addPrecommitment(address beneficiary, uint256 tokensAllocated, bool halfVesting)",20166795
4894748,1515738997,0x8f6ab512d3fc9542e7cf2d8ed0d0181d5ce945bb55e251919a51f409af4dc774,2875,0x870e6714249801c6c7eed7cbc10ca7628d187d2cbbd261c260ae8a71967d1026,0x8d4b2cffe2dcbbf06eaa5920401db86ca5fb8177,0x4cc19356f2d37338b9802aa8e8fc58b0373296e7,0x5a2f844b5d66261e5d02ad344d206a4c36c84c4e,637705553333334000000000,SelfKey,KEY,18,212,119311,50000000000,104311,7441224,deprecated,0x3e5b5e39,"addPrecommitment(address beneficiary, uint256 tokensAllocated, bool halfVesting)",20166795
4894748,1515738997,0xeb3430e0c837274caf7303d0827744104f733de87f0de8d7b586981e5b937f93,2876,0x870e6714249801c6c7eed7cbc10ca7628d187d2cbbd261c260ae8a71967d1026,0x8d4b2cffe2dcbbf06eaa5920401db86ca5fb8177,0x4cc19356f2d37338b9802aa8e8fc58b0373296e7,0x6d08eb8e904ee374636f1341c86c23492d4655cd,942422000000000000000000,SelfKey,KEY,18,213,119247,50000000000,104247,7545471,deprecated,0x3e5b5e39,"addPrecommitment(address beneficiary, uint256 tokensAllocated, bool halfVesting)",20166795
4894748,1515738997,0xee18af23fdd8635ef3385eb7c8f1a45dc88d77e0eea0aca81fa302839244a306,2877,0x870e6714249801c6c7eed7cbc10ca7628d187d2cbbd261c260ae8a71967d1026,0x8d4b2cffe2dcbbf06eaa5920401db86ca5fb8177,0x4cc19356f2d37338b9802aa8e8fc58b0373296e7,0x2bcb135042ef4420c7e630387020e952520f9a11,125656266666667000000000,SelfKey,KEY,18,214,119311,50000000000,104311,7649782,deprecated,0x3e5b5e39,"addPrecommitment(address beneficiary, uint256 tokensAllocated, bool halfVesting)",20166795
4894748,1515738997,0x1ba29db3adb1723082578036258ceeb4d31c6062794aa38f367b9a63c2ea2b8d,2878,0x870e6714249801c6c7eed7cbc10ca7628d187d2cbbd261c260ae8a71967d1026,0x8d4b2cffe2dcbbf06eaa5920401db86ca5fb8177,0x4cc19356f2d37338b9802aa8e8fc58b0373296e7,0xf3e28453c74609cd275de994bc5bbae3ccbcfa56,628281333333333000000000,SelfKey,KEY,18,215,119311,50000000000,104311,7754093,deprecated,0x3e5b5e39,"addPrecommitment(address beneficiary, uint256 tokensAllocated, bool halfVesting)",20166795
4894748,1515738997,0x46119a72b005631688ecfb0b1dff8456bf249843a747ab7e3dc44bb977b156da,2879,0x870e6714249801c6c7eed7cbc10ca7628d187d2cbbd261c260ae8a71967d1026,0x8d4b2cffe2dcbbf06eaa5920401db86ca5fb8177,0x4cc19356f2d37338b9802aa8e8fc58b0373296e7,0x3224a28d565ccd730e815affd83772ece93e1760,502625066666667000000000,SelfKey,KEY,18,216,119311,50000000000,104311,7858404,deprecated,0x3e5b5e39,"addPrecommitment(address beneficiary, uint256 tokensAllocated, bool halfVesting)",20166795
4894750,1515739012,0xcafe067664a565e5a4f54a60f4083e3c3ab756e5fd880cae23c90acee5c9f342,2880,0xfb08b35e9f7a41c3a227c61dcb34d42032b576896e109f2e30f25f4d9b7760a1,0x8d4b2cffe2dcbbf06eaa5920401db86ca5fb8177,0x4cc19356f2d37338b9802aa8e8fc58b0373296e7,0x9a5753bf4c72a1d1743a722ae8c274d9215fd635,1225148600000000000000000,SelfKey,KEY,18,30,119311,50000000000,104311,1241255,deprecated,0x3e5b5e39,"addPrecommitment(address beneficiary, uint256 tokensAllocated, bool halfVesting)",20166793
4894752,1515739054,0x53c62b75510a2b25c94af44c58795eda2fe4637eaf41ec2bb30deef97bbc1fbf,2881,0xc4828ccc4920e65975266eb76526df81af059422f4d42922833385b926ea7415,0x8d4b2cffe2dcbbf06eaa5920401db86ca5fb8177,0x4cc19356f2d37338b9802aa8e8fc58b0373296e7,0x2fcb01ac7c9df1040cb6d01c48f60a69737f4150,942422000000000000000000,SelfKey,KEY,18,178,119247,50000000000,104247,7932382,deprecated,0x3e5b5e39,"addPrecommitment(address beneficiary, uint256 tokensAllocated, bool halfVesting)",20166791
4894753,1515739056,0x6cd9711d92f33c852f319136f3c621dddd2acc623b8c7865520a542ed820db0c,2882,0x74423efcc95968fbb3e7c5e769dc15142b2405479e8ec3963f5b6d02bfeda0dc,0x8d4b2cffe2dcbbf06eaa5920401db86ca5fb8177,0x4cc19356f2d37338b9802aa8e8fc58b0373296e7,0x4004c711ed7cb7d2d0377fd6231b82e2a28c4a06,125656266666667000000000,SelfKey,KEY,18,37,119311,50000000000,104311,1280183,deprecated,0x3e5b5e39,"addPrecommitment(address beneficiary, uint256 tokensAllocated, bool halfVesting)",20166790
4894753,1515739056,0x5b26670392ca12b24ca65bb6bdf0da08d163135436936771056edb2dcbb3002c,2883,0x74423efcc95968fbb3e7c5e769dc15142b2405479e8ec3963f5b6d02bfeda0dc,0x8d4b2cffe2dcbbf06eaa5920401db86ca5fb8177,0x4cc19356f2d37338b9802aa8e8fc58b0373296e7,0x2fcb01ac7c9df1040cb6d01c48f60a69737f4150,6282813333333340000000,SelfKey,KEY,18,38,119311,50000000000,59311,1339494,deprecated,0x3e5b5e39,"addPrecommitment(address beneficiary, uint256 tokensAllocated, bool halfVesting)",20166790
4894753,1515739056,0xe38d033170268b126e4d893aab73d736d275d4ee2bba34a181a49eda1bb398bd,2884,0x74423efcc95968fbb3e7c5e769dc15142b2405479e8ec3963f5b6d02bfeda0dc,0x8d4b2cffe2dcbbf06eaa5920401db86ca5fb8177,0x4cc19356f2d37338b9802aa8e8fc58b0373296e7,0x6d3b37ff23b03e0c1ae5a1c239678af42f52337a,1306825173333330000000000,SelfKey,KEY,18,39,119375,50000000000,104375,1443869,deprecated,0x3e5b5e39,"addPrecommitment(address beneficiary, uint256 tokensAllocated, bool halfVesting)",20166790
4894753,1515739056,0x23d4f72784e1193ef69bd373ad0ee80283a016a6f0976cd03a3f4b20272e1da9,2885,0x74423efcc95968fbb3e7c5e769dc15142b2405479e8ec3963f5b6d02bfeda0dc,0x8d4b2cffe2dcbbf06eaa5920401db86ca5fb8177,0x4cc19356f2d37338b9802aa8e8fc58b0373296e7,0xc39ebf038a2231321a8eda7600d5b796ff34a5f8,157070333333333000000000,SelfKey,KEY,18,40,119247,50000000000,104247,1548116,deprecated,0x3e5b5e39,"addPrecommitment(address beneficiary, uint256 tokensAllocated, bool halfVesting)",20166790
4894753,1515739056,0x290b720c51e1d7c0d6474384d4a68a3a59cc7f1c0da96dde67f90ec0af8e1318,2886,0x74423efcc95968fbb3e7c5e769dc15142b2405479e8ec3963f5b6d02bfeda0dc,0x8d4b2cffe2dcbbf06eaa5920401db86ca5fb8177,0x4cc19356f2d37338b9802aa8e8fc58b0373296e7,0x06e9ce410745ba8838a42032b7f509aa4e2b7d2a,125656266666667000000000,SelfKey,KEY,18,41,119311,50000000000,104311,1652427,deprecated,0x3e5b5e39,"addPrecommitment(address beneficiary, uint256 tokensAllocated, bool halfVesting)",20166790
4894753,1515739056,0xedf917227814dc0d493e620523483f4144fb3527fce6da0d9e0f43a3bfba0a1c,2887,0x74423efcc95968fbb3e7c5e769dc15142b2405479e8ec3963f5b6d02bfeda0dc,0x8d4b2cffe2dcbbf06eaa5920401db86ca5fb8177,0x4cc19356f2d37338b9802aa8e8fc58b0373296e7,0xfe0eb94288e1c8fd0f7c7a528376793fa4753afb,125656266666667000000000,SelfKey,KEY,18,42,119311,50000000000,104311,1756738,deprecated,0x3e5b5e39,"addPrecommitment(address beneficiary, uint256 tokensAllocated, bool halfVesting)",20166790
4894753,1515739056,0x72599e5b7476bc2173aeb63608d71cf0d33bd632afc280872d4c674cac03bb6b,2888,0x74423efcc95968fbb3e7c5e769dc15142b2405479e8ec3963f5b6d02bfeda0dc,0x8d4b2cffe2dcbbf06eaa5920401db86ca5fb8177,0x4cc19356f2d37338b9802aa8e8fc58b0373296e7,0x3505162b03ff6630427a774c0682fcaf93438e10,94242200000000000000000,SelfKey,KEY,18,43,119247,50000000000,104247,1860985,deprecated,0x3e5b5e39,"addPrecommitment(address beneficiary, uint256 tokensAllocated, bool halfVesting)",20166790
4894753,1515739056,0xbe8004826232a944e1c628302557e6a8e8ebe4e64a31804977497adc263f0cdc,2889,0x74423efcc95968fbb3e7c5e769dc15142b2405479e8ec3963f5b6d02bfeda0dc,0x8d4b2cffe2dcbbf06eaa5920401db86ca5fb8177,0x4cc19356f2d37338b9802aa8e8fc58b0373296e7,0x43b2126e7a22e0c288dfb469e3de4d2c097f3ca0,628281333333333000000000,SelfKey,KEY,18,44,119311,50000000000,104311,1965296,deprecated,0x3e5b5e39,"addPrecommitment(address beneficiary, uint256 tokensAllocated, bool halfVesting)",20166790
4894753,1515739056,0x5af4f7e88c1390741c006b3ae59d716ea8c93747bb42090dc50b5eb13321682a,2890,0x74423efcc95968fbb3e7c5e769dc15142b2405479e8ec3963f5b6d02bfeda0dc,0x8d4b2cffe2dcbbf06eaa5920401db86ca5fb8177,0x4cc19356f2d37338b9802aa8e8fc58b0373296e7,0xceaa2cc24e8f780d08d3075bf8359ffafa3b420f,94242200000000000000000,SelfKey,KEY,18,45,119247,50000000000,104247,2069543,deprecated,0x3e5b5e39,"addPrecommitment(address beneficiary, uint256 tokensAllocated, bool halfVesting)",20166790
4894753,1515739056,0xf750223a4fa118f73cbb2bc8ad2c41c85e29fc159906adef817ea62341cbbe8d,2891,0x74423efcc95968fbb3e7c5e769dc15142b2405479e8ec3963f5b6d02bfeda0dc,0x8d4b2cffe2dcbbf06eaa5920401db86ca5fb8177,0x4cc19356f2d37338b9802aa8e8fc58b0373296e7,0x6a04c328420019c3ca944da4f17f4f1487ba6259,94242200000000000000000,SelfKey,KEY,18,46,119183,50000000000,104183,2173726,deprecated,0x3e5b5e39,"addPrecommitment(address beneficiary, uint256 tokensAllocated, bool halfVesting)",20166790
4894753,1515739056,0x94c6ceb7ab83587f1b27ecfdd32cf997904dc9261233075bce42123a228ef0ae,2892,0x74423efcc95968fbb3e7c5e769dc15142b2405479e8ec3963f5b6d02bfeda0dc,0x8d4b2cffe2dcbbf06eaa5920401db86ca5fb8177,0x4cc19356f2d37338b9802aa8e8fc58b0373296e7,0xe917ab3dccd5ccf5b53791112374910efe91b3b5,1303683766666670000000000,SelfKey,KEY,18,47,119375,50000000000,104375,2278101,deprecated,0x3e5b5e39,"addPrecommitment(address beneficiary, uint256 tokensAllocated, bool halfVesting)",20166790
4894753,1515739056,0xa5b4d9c3fa50e67773ce41e95926a84f8e6dcf913f8355582ee3aae57460ef80,2893,0x74423efcc95968fbb3e7c5e769dc15142b2405479e8ec3963f5b6d02bfeda0dc,0x8d4b2cffe2dcbbf06eaa5920401db86ca5fb8177,0x4cc19356f2d37338b9802aa8e8fc58b0373296e7,0x137a5279a0ab13cfa6b85155303b9212ae2eb127,94242200000000000000000,SelfKey,KEY,18,48,119247,50000000000,104247,2382348,deprecated,0x3e5b5e39,"addPrecommitment(address beneficiary, uint256 tokensAllocated, bool halfVesting)",20166790
4894753,1515739056,0xa8a416a7ef7921bff3f9dab557a6145730c2aac1020408ab6ce3c9d03715f173,2894,0x74423efcc95968fbb3e7c5e769dc15142b2405479e8ec3963f5b6d02bfeda0dc,0x8d4b2cffe2dcbbf06eaa5920401db86ca5fb8177,0x4cc19356f2d37338b9802aa8e8fc58b0373296e7,0xa37afb192dc2c6a3baf278e3e373a1bb2cb73f51,94242200000000000000000,SelfKey,KEY,18,49,119247,50000000000,104247,2486595,deprecated,0x3e5b5e39,"addPrecommitment(address beneficiary, uint256 tokensAllocated, bool halfVesting)",20166790
4894753,1515739056,0x10bd6fade8dfd030127b2a303ab019430539f08b7716e10905f430662d21b80d,2895,0x74423efcc95968fbb3e7c5e769dc15142b2405479e8ec3963f5b6d02bfeda0dc,0x8d4b2cffe2dcbbf06eaa5920401db86ca5fb8177,0x4cc19356f2d37338b9802aa8e8fc58b0373296e7,0xc403d5469b98347f57e925c16b32032050ab2af5,1306825173333330000000000,SelfKey,KEY,18,50,119375,50000000000,104375,2590970,deprecated,0x3e5b5e39,"addPrecommitment(address beneficiary, uint256 tokensAllocated, bool halfVesting)",20166790
4894753,1515739056,0xcb379f39b491bed6cf2bea8c78b7d8ef140efaea50115eb7e4099d00bed6a3ca,2896,0x74423efcc95968fbb3e7c5e769dc15142b2405479e8ec3963f5b6d02bfeda0dc,0x8d4b2cffe2dcbbf06eaa5920401db86ca5fb8177,0x4cc19356f2d37338b9802aa8e8fc58b0373296e7,0x5cfd153cb70715951fe13690cb36bd29cafd7122,628281333333333000000000,SelfKey,KEY,18,51,119311,50000000000,104311,2695281,deprecated,0x3e5b5e39,"addPrecommitment(address beneficiary, uint256 tokensAllocated, bool halfVesting)",20166790
4894753,1515739056,0x6ca137b768c6428cfec88719d7553ef20d2ce0a4955b6f1d09c274d7a6b5012d,2897,0x74423efcc95968fbb3e7c5e769dc15142b2405479e8ec3963f5b6d02bfeda0dc,0x8d4b2cffe2dcbbf06eaa5920401db86ca5fb8177,0x4cc19356f2d37338b9802aa8e8fc58b0373296e7,0x8d59df1b0801d023f67ab42c1d945c6a1fb9ebfd,188484400000000000000000,SelfKey,KEY,18,52,119247,50000000000,104247,2799528,deprecated,0x3e5b5e39,"addPrecommitment(address beneficiary, uint256 tokensAllocated, bool halfVesting)",20166790
4894753,1515739056,0xe6a53e740192ff90a86dd8301af51c390440dacf1bdac5cfaf2f0c2776c83816,2898,0x74423efcc95968fbb3e7c5e769dc15142b2405479e8ec3963f5b6d02bfeda0dc,0x8d4b2cffe2dcbbf06eaa5920401db86ca5fb8177,0x4cc19356f2d37338b9802aa8e8fc58b0373296e7,0xfdee6f88b681a87bfe007bcdcf76babcdc3fd6e7,94242200000000000000000,SelfKey,KEY,18,53,119183,50000000000,104183,2903711,deprecated,0x3e5b5e39,"addPrecommitment(address beneficiary, uint256 tokensAllocated, bool halfVesting)",20166790
4894753,1515739056,0xc08bfae5d2e8315e609a00e2b4783f1ef296598f98e8fb33c5639c9382e7aa44,2899,0x74423efcc95968fbb3e7c5e769dc15142b2405479e8ec3963f5b6d02bfeda0dc,0x8d4b2cffe2dcbbf06eaa5920401db86ca5fb8177,0x4cc19356f2d37338b9802aa8e8fc58b0373296e7,0xeb92f8d0a2d522a1db2c3acae250212a01bddf4d,1306825173333330000000000,SelfKey,KEY,18,54,119375,50000000000,104375,3008086,deprecated,0x3e5b5e39,"addPrecommitment(address beneficiary, uint256 tokensAllocated, bool halfVesting)",20166790
4894753,1515739056,0xe3bf4bb2703377bafca3010dbfca29b34835c42596e7d6d074847f4db0af21d9,2900,0x74423efcc95968fbb3e7c5e769dc15142b2405479e8ec3963f5b6d02bfeda0dc,0x8d4b2cffe2dcbbf06eaa5920401db86ca5fb8177,0x4cc19356f2d37338b9802aa8e8fc58b0373296e7,0x8a6b81db368c07bde2a7a943bec7649367afa6a4,125656266666667000000000,SelfKey,KEY,18,55,119311,50000000000,104311,3112397,deprecated,0x3e5b5e39,"addPrecommitment(address beneficiary, uint256 tokensAllocated, bool halfVesting)",20166790
4894753,1515739056,0x03c414b1e8536792e9726b99fa5bbf989f2c890e542b741cbd1aa672ced88fba,2901,0x74423efcc95968fbb3e7c5e769dc15142b2405479e8ec3963f5b6d02bfeda0dc,0x8d4b2cffe2dcbbf06eaa5920401db86ca5fb8177,0x4cc19356f2d37338b9802aa8e8fc58b0373296e7,0xa48c6f3d1a95a37751f99c73530a68a8aeccc401,94242200000000000000000,SelfKey,KEY,18,56,119247,50000000000,104247,3216644,deprecated,0x3e5b5e39,"addPrecommitment(address beneficiary, uint256 tokensAllocated, bool halfVesting)",20166790
4894753,1515739056,0x412b8dd6975b064438f1b1c412d3899d69d18832ee322a8d425652af75de5e87,2902,0x74423efcc95968fbb3e7c5e769dc15142b2405479e8ec3963f5b6d02bfeda0dc,0x8d4b2cffe2dcbbf06eaa5920401db86ca5fb8177,0x4cc19356f2d37338b9802aa8e8fc58b0373296e7,0xc91e0721ea4e343901752d2a093a9539862d702d,314140666666667000000000,SelfKey,KEY,18,57,119311,50000000000,104311,3320955,deprecated,0x3e5b5e39,"addPrecommitment(address beneficiary, uint256 tokensAllocated, bool halfVesting)",20166790
4894753,1515739056,0x97a2915e20e2ef06c57ee9149d4dffad2a1080bc8c4edaf780c01872079ac5f9,2903,0x74423efcc95968fbb3e7c5e769dc15142b2405479e8ec3963f5b6d02bfeda0dc,0x8d4b2cffe2dcbbf06eaa5920401db86ca5fb8177,0x4cc19356f2d37338b9802aa8e8fc58b0373296e7,0xc83a48565ebbe278a54673b1b71e9fe8581ad0a3,94242200000000000000000,SelfKey,KEY,18,58,119247,50000000000,104247,3425202,deprecated,0x3e5b5e39,"addPrecommitment(address beneficiary, uint256 tokensAllocated, bool halfVesting)",20166790
4894753,1515739056,0x5c8595031ff2d49ad457259c3a1da19068f9df636f4627b71e8d89c11e0fb382,2904,0x74423efcc95968fbb3e7c5e769dc15142b2405479e8ec3963f5b6d02bfeda0dc,0x8d4b2cffe2dcbbf06eaa5920401db86ca5fb8177,0x4cc19356f2d37338b9802aa8e8fc58b0373296e7,0x48cef05c55d32d76e0937d9772d929525ca60dfc,94242200000000000000000,SelfKey,KEY,18,59,119247,50000000000,104247,3529449,deprecated,0x3e5b5e39,"addPrecommitment(address beneficiary, uint256 tokensAllocated, bool halfVesting)",20166790
4894753,1515739056,0x14907261a0e1deadf1c2bd0c238d3285dabd5e3de2752bf665d40bbc9fa7334c,2905,0x74423efcc95968fbb3e7c5e769dc15142b2405479e8ec3963f5b6d02bfeda0dc,0x8d4b2cffe2dcbbf06eaa5920401db86ca5fb8177,0x4cc19356f2d37338b9802aa8e8fc58b0373296e7,0x3fc1d20e15c2563269c35bbbd003845502144eaa,188484400000000000000000,SelfKey,KEY,18,60,119247,50000000000,104247,3633696,deprecated,0x3e5b5e39,"addPrecommitment(address beneficiary, uint256 tokensAllocated, bool halfVesting)",20166790
4894753,1515739056,0x71f8c90a4125c24dfae3148a91ced4850fb59e5b431dade7bdea687807b539fa,2906,0x74423efcc95968fbb3e7c5e769dc15142b2405479e8ec3963f5b6d02bfeda0dc,0x8d4b2cffe2dcbbf06eaa5920401db86ca5fb8177,0x4cc19356f2d37338b9802aa8e8fc58b0373296e7,0xe7eac268b500c57b555deb9011d473ca762c31f7,94242200000000000000000,SelfKey,KEY,18,61,119183,50000000000,104183,3737879,deprecated,0x3e5b5e39,"addPrecommitment(address beneficiary, uint256 tokensAllocated, bool halfVesting)",20166790
4894753,1515739056,0x4d15791ae2c376f1156885462baf9030b56108621e033a36e5ab046bcc534bb5,2907,0x74423efcc95968fbb3e7c5e769dc15142b2405479e8ec3963f5b6d02bfeda0dc,0x8d4b2cffe2dcbbf06eaa5920401db86ca5fb8177,0x4cc19356f2d37338b9802aa8e8fc58b0373296e7,0xc82b1cb83644117ab72cb88a65b75af26ab8044e,94242200000000000000000,SelfKey,KEY,18,62,119247,50000000000,104247,3842126,deprecated,0x3e5b5e39,"addPrecommitment(address beneficiary, uint256 tokensAllocated, bool halfVesting)",20166790
4894753,1515739056,0xc0eb6cdb7505a95d751725b2565b70daeb110f51e70ab16a635d0dd98228456d,2908,0x74423efcc95968fbb3e7c5e769dc15142b2405479e8ec3963f5b6d02bfeda0dc,0x8d4b2cffe2dcbbf06eaa5920401db86ca5fb8177,0x4cc19356f2d37338b9802aa8e8fc58b0373296e7,0x134571502d46ed0553538fe09f4ea270a4005f75,94870481333333300000000,SelfKey,KEY,18,63,119247,50000000000,104247,3946373,deprecated,0x3e5b5e39,"addPrecommitment(address beneficiary, uint256 tokensAllocated, bool halfVesting)",20166790
4894753,1515739056,0x9c793227dd45b8eeb02d2f8f35fa346a08445a35a1847b8a64e532fc45f9812e,2909,0x74423efcc95968fbb3e7c5e769dc15142b2405479e8ec3963f5b6d02bfeda0dc,0x8d4b2cffe2dcbbf06eaa5920401db86ca5fb8177,0x4cc19356f2d37338b9802aa8e8fc58b0373296e7,0x337550601bd82514490d25e9ddc1ddc6c2408179,251312533333333000000000,SelfKey,KEY,18,64,119311,50000000000,104311,4050684,deprecated,0x3e5b5e39,"addPrecommitment(address beneficiary, uint256 tokensAllocated, bool halfVesting)",20166790
4894753,1515739056,0xf2cadc6ef7bd0ddb661df7948e1276af09a3e1ab6f2c7e7df2b02a07be6706b9,2910,0x74423efcc95968fbb3e7c5e769dc15142b2405479e8ec3963f5b6d02bfeda0dc,0x8d4b2cffe2dcbbf06eaa5920401db86ca5fb8177,0x4cc19356f2d37338b9802aa8e8fc58b0373296e7,0x441914a89a7f43e493b85eb002c9f9ff9895709d,144504706666667000000000,SelfKey,KEY,18,65,119311,50000000000,104311,4154995,deprecated,0x3e5b5e39,"addPrecommitment(address beneficiary, uint256 tokensAllocated, bool halfVesting)",20166790
4894753,1515739056,0xea8740e26cd47ceecd75200ecae5759f3a95de0ba3a3c0cb9e01a1f96a6bcf2f,2911,0x74423efcc95968fbb3e7c5e769dc15142b2405479e8ec3963f5b6d02bfeda0dc,0x8d4b2cffe2dcbbf06eaa5920401db86ca5fb8177,0x4cc19356f2d37338b9802aa8e8fc58b0373296e7,0x286b15b4550b867c40a7f0b691c22417d015c4eb,314140666666667000000000,SelfKey,KEY,18,66,119311,50000000000,104311,4259306,deprecated,0x3e5b5e39,"addPrecommitment(address beneficiary, uint256 tokensAllocated, bool halfVesting)",20166790
4894753,1515739056,0xa0cd4b09b89928e6e68f90eb64957fe1d40126866d79c29447f3712d8a6ba9af,2912,0x74423efcc95968fbb3e7c5e769dc15142b2405479e8ec3963f5b6d02bfeda0dc,0x8d4b2cffe2dcbbf06eaa5920401db86ca5fb8177,0x4cc19356f2d37338b9802aa8e8fc58b0373296e7,0x59b31add002f70e7fe170f2801a3dbb4e950d289,314140666666667000000000,SelfKey,KEY,18,67,119247,50000000000,104247,4363553,deprecated,0x3e5b5e39,"addPrecommitment(address beneficiary, uint256 tokensAllocated, bool halfVesting)",20166790
4894753,1515739056,0x9cc7b4053fb834fb06b73d0fb2020154494ed796668aba658c305f28c7da08a5,2913,0x74423efcc95968fbb3e7c5e769dc15142b2405479e8ec3963f5b6d02bfeda0dc,0x8d4b2cffe2dcbbf06eaa5920401db86ca5fb8177,0x4cc19356f2d37338b9802aa8e8fc58b0373296e7,0xecfcd51d41115b57300f0edd3360360b7e82580a,502625066666667000000000,SelfKey,KEY,18,68,119311,50000000000,104311,4467864,deprecated,0x3e5b5e39,"addPrecommitment(address beneficiary, uint256 tokensAllocated, bool halfVesting)",20166790
4894753,1515739056,0x5b286fa8a767b40b38f9896def5c88425e9348b09ff91eb0da25358e862febb5,2914,0x74423efcc95968fbb3e7c5e769dc15142b2405479e8ec3963f5b6d02bfeda0dc,0x8d4b2cffe2dcbbf06eaa5920401db86ca5fb8177,0x4cc19356f2d37338b9802aa8e8fc58b0373296e7,0x06471a54a5aa9b2f680f0ebc2094815c27deb7c2,314140666666667000000000,SelfKey,KEY,18,69,119311,50000000000,104311,4572175,deprecated,0x3e5b5e39,"addPrecommitment(address beneficiary, uint256 tokensAllocated, bool halfVesting)",20166790
4894753,1515739056,0x39199be3c86ed174564c973030527562441728551efc179099eddee478f40854,2915,0x74423efcc95968fbb3e7c5e769dc15142b2405479e8ec3963f5b6d02bfeda0dc,0x8d4b2cffe2dcbbf06eaa5920401db86ca5fb8177,0x4cc19356f2d37338b9802aa8e8fc58b0373296e7,0x2c02d03f53489bd2774f9e360ea393a6c6329bdb,439796933333333000000000,SelfKey,KEY,18,70,119311,50000000000,59311,4631486,deprecated,0x3e5b5e39,"addPrecommitment(address beneficiary, uint256 tokensAllocated, bool halfVesting)",20166790
4894753,1515739056,0x01a0a15accf77107604e9a1b37ba19e2d042b106ce4d89cc9888295c4b719c17,2916,0x74423efcc95968fbb3e7c5e769dc15142b2405479e8ec3963f5b6d02bfeda0dc,0x8d4b2cffe2dcbbf06eaa5920401db86ca5fb8177,0x4cc19356f2d37338b9802aa8e8fc58b0373296e7,0x5477495701c942d716e2f6620c2374e0ec27a2ab,125656266666667000000000,SelfKey,KEY,18,71,119311,50000000000,104311,4735797,deprecated,0x3e5b5e39,"addPrecommitment(address beneficiary, uint256 tokensAllocated, bool halfVesting)",20166790
4894753,1515739056,0x895569649399ec5e16b8b94a86695ee1b97e98805ea7ab303ea80dc7a2e98aa9,2917,0x74423efcc95968fbb3e7c5e769dc15142b2405479e8ec3963f5b6d02bfeda0dc,0x8d4b2cffe2dcbbf06eaa5920401db86ca5fb8177,0x4cc19356f2d37338b9802aa8e8fc58b0373296e7,0xc41683a0c0b0bcdd7968b3a488b53c17f7c3f0f9,62828133333333400000000,SelfKey,KEY,18,72,119311,50000000000,104311,4840108,deprecated,0x3e5b5e39,"addPrecommitment(address beneficiary, uint256 tokensAllocated, bool halfVesting)",20166790
4894753,1515739056,0x2a036660def55fa1b0955edef2f29b35c125a11dbf48adf83ddab3ca1fb8c855,2918,0x74423efcc95968fbb3e7c5e769dc15142b2405479e8ec3963f5b6d02bfeda0dc,0x8d4b2cffe2dcbbf06eaa5920401db86ca5fb8177,0x4cc19356f2d37338b9802aa8e8fc58b0373296e7,0xc41683a0c0b0bcdd7968b3a488b53c17f7c3f0f9,125656266666667000000000,SelfKey,KEY,18,73,119311,50000000000,59311,4899419,deprecated,0x3e5b5e39,"addPrecommitment(address beneficiary, uint256 tokensAllocated, bool halfVesting)",20166790
4894753,1515739056,0xf98762f131dbcb4bdac761bd5fdefdfb08cc8629a0e5dad8a71b07f28a3cb325,2919,0x74423efcc95968fbb3e7c5e769dc15142b2405479e8ec3963f5b6d02bfeda0dc,0x8d4b2cffe2dcbbf06eaa5920401db86ca5fb8177,0x4cc19356f2d37338b9802aa8e8fc58b0373296e7,0xa2a47b77672a9ee0f97831531d03c84403fcce28,188484400000000000000000,SelfKey,KEY,18,74,119247,50000000000,104247,5003666,deprecated,0x3e5b5e39,"addPrecommitment(address beneficiary, uint256 tokensAllocated, bool halfVesting)",20166790
4894753,1515739056,0x838a047e15a18c1e70a47cc774058dbe3e628d8ce77190de9206ba33a6b5b5db,2920,0x74423efcc95968fbb3e7c5e769dc15142b2405479e8ec3963f5b6d02bfeda0dc,0x8d4b2cffe2dcbbf06eaa5920401db86ca5fb8177,0x4cc19356f2d37338b9802aa8e8fc58b0373296e7,0x7a757569739645c4f587839cc536f4c8a125e2fc,150787520000000000000000,SelfKey,KEY,18,75,119247,50000000000,104247,5107913,deprecated,0x3e5b5e39,"addPrecommitment(address beneficiary, uint256 tokensAllocated, bool halfVesting)",20166790
4894753,1515739056,0x316f159ed7e212ea02cf454a4fee38343e40daefc3fb7853fa85cc9b3d0863df,2921,0x74423efcc95968fbb3e7c5e769dc15142b2405479e8ec3963f5b6d02bfeda0dc,0x8d4b2cffe2dcbbf06eaa5920401db86ca5fb8177,0x4cc19356f2d37338b9802aa8e8fc58b0373296e7,0x97263df7e57074e557aae5c58e06cfc9b8af4e8a,100525013333333000000000,SelfKey,KEY,18,76,119311,50000000000,104311,5212224,deprecated,0x3e5b5e39,"addPrecommitment(address beneficiary, uint256 tokensAllocated, bool halfVesting)",20166790
4894753,1515739056,0x80ccbfe4a741fab12a62a023156568ac9440f336a31fd951a78587ac55c014ff,2922,0x74423efcc95968fbb3e7c5e769dc15142b2405479e8ec3963f5b6d02bfeda0dc,0x8d4b2cffe2dcbbf06eaa5920401db86ca5fb8177,0x4cc19356f2d37338b9802aa8e8fc58b0373296e7,0xc126c2537a2b1965d2686e138763230521069b7a,87199620500737300000000,SelfKey,KEY,18,77,119311,50000000000,59311,5271535,deprecated,0x3e5b5e39,"addPrecommitment(address beneficiary, uint256 tokensAllocated, bool halfVesting)",20166790
4894753,1515739056,0x21b71684bb7ee0f0acb1887f2bfcd9a52010c1fe2c4e5164c34281960c421e44,2923,0x74423efcc95968fbb3e7c5e769dc15142b2405479e8ec3963f5b6d02bfeda0dc,0x8d4b2cffe2dcbbf06eaa5920401db86ca5fb8177,0x4cc19356f2d37338b9802aa8e8fc58b0373296e7,0xe53a017b9fb097756b136d1c251740854165a03a,1306825173333330000000000,SelfKey,KEY,18,78,119375,50000000000,104375,5375910,deprecated,0x3e5b5e39,"addPrecommitment(address beneficiary, uint256 tokensAllocated, bool halfVesting)",20166790
4894753,1515739056,0x1cadfb3d6837fe57a5c9c97f74a705474f94ea530b439eb9cb10c85fd8f0eac9,2924,0x74423efcc95968fbb3e7c5e769dc15142b2405479e8ec3963f5b6d02bfeda0dc,0x8d4b2cffe2dcbbf06eaa5920401db86ca5fb8177,0x4cc19356f2d37338b9802aa8e8fc58b0373296e7,0xbeaeb2f4dd0370a03cae8c9c80f9386c09555d2c,776318672426683000000000,SelfKey,KEY,18,79,119311,50000000000,104311,5480221,deprecated,0x3e5b5e39,"addPrecommitment(address beneficiary, uint256 tokensAllocated, bool halfVesting)",20166790
4894753,1515739056,0x1acf1cdc94f8e962ba2ef31f446ebe51ce64e3b53b4890dc1299143f522ac379,2925,0x74423efcc95968fbb3e7c5e769dc15142b2405479e8ec3963f5b6d02bfeda0dc,0x8d4b2cffe2dcbbf06eaa5920401db86ca5fb8177,0x4cc19356f2d37338b9802aa8e8fc58b0373296e7,0x82933a4e514f1cafb314c1379ea4d30e05378be9,141363300000000000000000,SelfKey,KEY,18,80,119247,50000000000,104247,5584468,deprecated,0x3e5b5e39,"addPrecommitment(address beneficiary, uint256 tokensAllocated, bool halfVesting)",20166790
4894753,1515739056,0x0d9f829e64d7f0aa880b554cf682cf0dd6f72a37f392d66a6f3efcc87e501751,2926,0x74423efcc95968fbb3e7c5e769dc15142b2405479e8ec3963f5b6d02bfeda0dc,0x8d4b2cffe2dcbbf06eaa5920401db86ca5fb8177,0x4cc19356f2d37338b9802aa8e8fc58b0373296e7,0x7ca1e6815f2018a2ce6e980a1653aa64d71129f4,113090640000000000000000,SelfKey,KEY,18,81,119247,50000000000,104247,5688715,deprecated,0x3e5b5e39,"addPrecommitment(address beneficiary, uint256 tokensAllocated, bool halfVesting)",20166790
4894753,1515739056,0x9bba025032fe79d5107c7b79d87d6f89d7531092bc21bc248956bdee200560d5,2927,0x74423efcc95968fbb3e7c5e769dc15142b2405479e8ec3963f5b6d02bfeda0dc,0x8d4b2cffe2dcbbf06eaa5920401db86ca5fb8177,0x4cc19356f2d37338b9802aa8e8fc58b0373296e7,0x72809047f4c8680ae7d9521273f9008e51217e7f,157070333333333000000000,SelfKey,KEY,18,82,119247,50000000000,104247,5792962,deprecated,0x3e5b5e39,"addPrecommitment(address beneficiary, uint256 tokensAllocated, bool halfVesting)",20166790
4894753,1515739056,0x4efb3af5c6395a037ab7fffff4fb81ab7cf29795f046568516a3b27dbe086c2d,2928,0x74423efcc95968fbb3e7c5e769dc15142b2405479e8ec3963f5b6d02bfeda0dc,0x8d4b2cffe2dcbbf06eaa5920401db86ca5fb8177,0x4cc19356f2d37338b9802aa8e8fc58b0373296e7,0x2c588125082e49ffbb59b0c209654f6cbcf19f6e,251312533333333000000000,SelfKey,KEY,18,83,119311,50000000000,104311,5897273,deprecated,0x3e5b5e39,"addPrecommitment(address beneficiary, uint256 tokensAllocated, bool halfVesting)",20166790
4894753,1515739056,0xdd0abab6c35e8861524e00533fb3ed407cbd45280e9f73d409b3ec5340fad8d2,2929,0x74423efcc95968fbb3e7c5e769dc15142b2405479e8ec3963f5b6d02bfeda0dc,0x8d4b2cffe2dcbbf06eaa5920401db86ca5fb8177,0x4cc19356f2d37338b9802aa8e8fc58b0373296e7,0xaf1368263b028f269ddb0ac2b03116abc3faef5f,103666420000000000000000,SelfKey,KEY,18,84,119247,50000000000,104247,6001520,deprecated,0x3e5b5e39,"addPrecommitment(address beneficiary, uint256 tokensAllocated, bool halfVesting)",20166790
4894753,1515739056,0xb1752a3aded5f5944df5f9f0a42243eeed42f09ccd0ca2bf30c3b09579f04e0d,2930,0x74423efcc95968fbb3e7c5e769dc15142b2405479e8ec3963f5b6d02bfeda0dc,0x8d4b2cffe2dcbbf06eaa5920401db86ca5fb8177,0x4cc19356f2d37338b9802aa8e8fc58b0373296e7,0x9cc5426b62801c4838d2e6df149fa048e22c48fd,125656266666667000000000,SelfKey,KEY,18,85,119311,50000000000,104311,6105831,deprecated,0x3e5b5e39,"addPrecommitment(address beneficiary, uint256 tokensAllocated, bool halfVesting)",20166790
4894753,1515739056,0x0e7e12ff65883255fe8875504566436f1845e267f2bce71b518d565409d52ef2,2931,0x74423efcc95968fbb3e7c5e769dc15142b2405479e8ec3963f5b6d02bfeda0dc,0x8d4b2cffe2dcbbf06eaa5920401db86ca5fb8177,0x4cc19356f2d37338b9802aa8e8fc58b0373296e7,0xc12ebaea18b002af9b30138a3b045495faf1377a,94242200000000000000000,SelfKey,KEY,18,86,119247,50000000000,104247,6210078,deprecated,0x3e5b5e39,"addPrecommitment(address beneficiary, uint256 tokensAllocated, bool halfVesting)",20166790
4894753,1515739056,0x5d2b3acf9044b19a2e4298bbcb4af6986f9e9b43a48ac6c50dd47108881c8c9c,2932,0x74423efcc95968fbb3e7c5e769dc15142b2405479e8ec3963f5b6d02bfeda0dc,0x8d4b2cffe2dcbbf06eaa5920401db86ca5fb8177,0x4cc19356f2d37338b9802aa8e8fc58b0373296e7,0x9b5bf9bbe87deb15098502b3282855f8c6e6a4be,94242200000000000000000,SelfKey,KEY,18,87,119247,50000000000,104247,6314325,deprecated,0x3e5b5e39,"addPrecommitment(address beneficiary, uint256 tokensAllocated, bool halfVesting)",20166790
4894753,1515739056,0x06f4ebba9b3ea9b6f682a291ae25098f63d51089104cdf36c5b50c3829f1065a,2933,0x74423efcc95968fbb3e7c5e769dc15142b2405479e8ec3963f5b6d02bfeda0dc,0x8d4b2cffe2dcbbf06eaa5920401db86ca5fb8177,0x4cc19356f2d37338b9802aa8e8fc58b0373296e7,0xb412b96dbe138da98be8e475f632e1a8f0037748,51641047201277700000000,SelfKey,KEY,18,88,119311,50000000000,59311,6373636,deprecated,0x3e5b5e39,"addPrecommitment(address beneficiary, uint256 tokensAllocated, bool halfVesting)",20166790
4894753,1515739056,0x11042521f53fe83beaf4607bd810433ac5b47032f16c002e78614a7e9d1edae6,2934,0x74423efcc95968fbb3e7c5e769dc15142b2405479e8ec3963f5b6d02bfeda0dc,0x8d4b2cffe2dcbbf06eaa5920401db86ca5fb8177,0x4cc19356f2d37338b9802aa8e8fc58b0373296e7,0x1f00d2e1137c2caf55d84da2a84ff3384a2baf92,100525013333333000000000,SelfKey,KEY,18,89,119247,50000000000,104247,6477883,deprecated,0x3e5b5e39,"addPrecommitment(address beneficiary, uint256 tokensAllocated, bool halfVesting)",20166790
4894753,1515739056,0x6226130b691b1e62ad014642a70a8035997bb668e1b9d65328095b358d47d936,2935,0x74423efcc95968fbb3e7c5e769dc15142b2405479e8ec3963f5b6d02bfeda0dc,0x8d4b2cffe2dcbbf06eaa5920401db86ca5fb8177,0x4cc19356f2d37338b9802aa8e8fc58b0373296e7,0x177a47426d4c1a6a65276505167c36b663db2575,94242200000000000000000,SelfKey,KEY,18,90,119247,50000000000,104247,6582130,deprecated,0x3e5b5e39,"addPrecommitment(address beneficiary, uint256 tokensAllocated, bool halfVesting)",20166790
4894753,1515739056,0x9e20801009122292da1ba7953054798f0866ab519a6fe49328d18c3bf8093668,2936,0x74423efcc95968fbb3e7c5e769dc15142b2405479e8ec3963f5b6d02bfeda0dc,0x8d4b2cffe2dcbbf06eaa5920401db86ca5fb8177,0x4cc19356f2d37338b9802aa8e8fc58b0373296e7,0x4d08d3b7dfa9cac84982721b834dda637658c868,251312533333333000000000,SelfKey,KEY,18,91,119311,50000000000,104311,6686441,deprecated,0x3e5b5e39,"addPrecommitment(address beneficiary, uint256 tokensAllocated, bool halfVesting)",20166790
4894753,1515739056,0x44b55cbe0d2d2360a7117d80af83ec16611f52eb810d8bbfa9fa305d4dfdaf2b,2937,0x74423efcc95968fbb3e7c5e769dc15142b2405479e8ec3963f5b6d02bfeda0dc,0x8d4b2cffe2dcbbf06eaa5920401db86ca5fb8177,0x4cc19356f2d37338b9802aa8e8fc58b0373296e7,0xa68e2e1e5fb3fc3e4f0710e907d99251fcf27a12,125656266666667000000000,SelfKey,KEY,18,92,119311,50000000000,104311,6790752,deprecated,0x3e5b5e39,"addPrecommitment(address beneficiary, uint256 tokensAllocated, bool halfVesting)",20166790
4894753,1515739056,0xd35f1e913e7226003d1f0079a3c23dcc1f59155306457b76e700ab71a0ef7617,2938,0x74423efcc95968fbb3e7c5e769dc15142b2405479e8ec3963f5b6d02bfeda0dc,0x8d4b2cffe2dcbbf06eaa5920401db86ca5fb8177,0x4cc19356f2d37338b9802aa8e8fc58b0373296e7,0xa832b7f0dc564d19a810276b0b24aa5aa4092291,628281333333333000000000,SelfKey,KEY,18,93,119311,50000000000,104311,6895063,deprecated,0x3e5b5e39,"addPrecommitment(address beneficiary, uint256 tokensAllocated, bool halfVesting)",20166790
4894753,1515739056,0x96850d0c58889d04d2501f5b0881391f746f90cfce300a8b2b68a05c8537c2c3,2939,0x74423efcc95968fbb3e7c5e769dc15142b2405479e8ec3963f5b6d02bfeda0dc,0x8d4b2cffe2dcbbf06eaa5920401db86ca5fb8177,0x4cc19356f2d37338b9802aa8e8fc58b0373296e7,0x80fd4503b6b569460d0ae66080d3c9f94cdf3ca8,206704558666667000000000,SelfKey,KEY,18,94,119311,50000000000,104311,6999374,deprecated,0x3e5b5e39,"addPrecommitment(address beneficiary, uint256 tokensAllocated, bool halfVesting)",20166790
4894753,1515739056,0x7390f7479430593668349b077b0a8479540a23deeb208d1f739eada197b18b5b,2940,0x74423efcc95968fbb3e7c5e769dc15142b2405479e8ec3963f5b6d02bfeda0dc,0x8d4b2cffe2dcbbf06eaa5920401db86ca5fb8177,0x4cc19356f2d37338b9802aa8e8fc58b0373296e7,0x91006a5dbc5fd3dcf7a8ed061f9c0d49dd881ba9,131939080000000000000000,SelfKey,KEY,18,95,119183,50000000000,104183,7103557,deprecated,0x3e5b5e39,"addPrecommitment(address beneficiary, uint256 tokensAllocated, bool halfVesting)",20166790
4894753,1515739056,0xe60bd0b67e64a7b94c2ab834a951fa887ef099bb17aa040db1762684a83d6a85,2941,0x74423efcc95968fbb3e7c5e769dc15142b2405479e8ec3963f5b6d02bfeda0dc,0x8d4b2cffe2dcbbf06eaa5920401db86ca5fb8177,0x4cc19356f2d37338b9802aa8e8fc58b0373296e7,0x6fdc868c09ef276c87eff15cd396217b3fa195f6,94242200000000000000000,SelfKey,KEY,18,96,119247,50000000000,104247,7207804,deprecated,0x3e5b5e39,"addPrecommitment(address beneficiary, uint256 tokensAllocated, bool halfVesting)",20166790
4894753,1515739056,0xd1a6e6a88af1670c0f1d5fe71bd964d0ba0dd5f1154dc48b6e92959bfcd57b2e,2942,0x74423efcc95968fbb3e7c5e769dc15142b2405479e8ec3963f5b6d02bfeda0dc,0x8d4b2cffe2dcbbf06eaa5920401db86ca5fb8177,0x4cc19356f2d37338b9802aa8e8fc58b0373296e7,0x439f3e3aeb991155923b2e9d79b40169c38238c6,94242200000000000000000,SelfKey,KEY,18,97,119247,50000000000,104247,7312051,deprecated,0x3e5b5e39,"addPrecommitment(address beneficiary, uint256 tokensAllocated, bool halfVesting)",20166790
4894753,1515739056,0xe881363f205af9467281436246fe9d47f2eaeacd4c97f57b425a115f1a3f361b,2943,0x74423efcc95968fbb3e7c5e769dc15142b2405479e8ec3963f5b6d02bfeda0dc,0x8d4b2cffe2dcbbf06eaa5920401db86ca5fb8177,0x4cc19356f2d37338b9802aa8e8fc58b0373296e7,0xf513a4b25808761f2ae750b8e325a126ca8418f9,157070333333333000000000,SelfKey,KEY,18,98,119311,50000000000,104311,7416362,deprecated,0x3e5b5e39,"addPrecommitment(address beneficiary, uint256 tokensAllocated, bool halfVesting)",20166790
4894753,1515739056,0xf56f7008b14f3986b5ff3e8e5000941b6e5ba9fb4146dd11f8bfb31dec90309b,2944,0x74423efcc95968fbb3e7c5e769dc15142b2405479e8ec3963f5b6d02bfeda0dc,0x8d4b2cffe2dcbbf06eaa5920401db86ca5fb8177,0x4cc19356f2d37338b9802aa8e8fc58b0373296e7,0xdfb42d8b03c4a8b37813f27a6d7cafb915cc694f,196023776000000000000000,SelfKey,KEY,18,99,119247,50000000000,104247,7520609,deprecated,0x3e5b5e39,"addPrecommitment(address beneficiary, uint256 tokensAllocated, bool halfVesting)",20166790
4894753,1515739056,0x8aa8f023d0c56f49a5d2114e0567b2f28d3510edfcc93a06e01cbc1c7bfe3b05,2945,0x74423efcc95968fbb3e7c5e769dc15142b2405479e8ec3963f5b6d02bfeda0dc,0x8d4b2cffe2dcbbf06eaa5920401db86ca5fb8177,0x4cc19356f2d37338b9802aa8e8fc58b0373296e7,0xe61d0e36d0aeb6d493f19f400528b07b8c9e7b8c,125656266666667000000000,SelfKey,KEY,18,100,119311,50000000000,104311,7624920,deprecated,0x3e5b5e39,"addPrecommitment(address beneficiary, uint256 tokensAllocated, bool halfVesting)",20166790
4894753,1515739056,0x55a04acfea3b930968e5475d20023dbd05a556e5e6dda8f2b3e4e4b580691730,2946,0x74423efcc95968fbb3e7c5e769dc15142b2405479e8ec3963f5b6d02bfeda0dc,0x8d4b2cffe2dcbbf06eaa5920401db86ca5fb8177,0x4cc19356f2d37338b9802aa8e8fc58b0373296e7,0x5aa7a4cb268e9237886864368a715c5368abc59a,12565626666666700000000,SelfKey,KEY,18,101,119311,50000000000,59311,7684231,deprecated,0x3e5b5e39,"addPrecommitment(address beneficiary, uint256 tokensAllocated, bool halfVesting)",20166790
4894753,1515739056,0xb5d36bd3e2e190fde2b99e2fa82ba36ef739a60d6df20109c276ff146c55edb4,2947,0x74423efcc95968fbb3e7c5e769dc15142b2405479e8ec3963f5b6d02bfeda0dc,0x8d4b2cffe2dcbbf06eaa5920401db86ca5fb8177,0x4cc19356f2d37338b9802aa8e8fc58b0373296e7,0x6e18facf3988a1e51552b8cd360832cacaad92a3,94493512533333400000000,SelfKey,KEY,18,102,119311,50000000000,104311,7788542,deprecated,0x3e5b5e39,"addPrecommitment(address beneficiary, uint256 tokensAllocated, bool halfVesting)",20166790
4894753,1515739056,0xb9353b358e358d3633a4fac4ec9a3f3b89ecd9fc352ef114750418a866deddd3,2948,0x74423efcc95968fbb3e7c5e769dc15142b2405479e8ec3963f5b6d02bfeda0dc,0x8d4b2cffe2dcbbf06eaa5920401db86ca5fb8177,0x4cc19356f2d37338b9802aa8e8fc58b0373296e7,0x878c01960befe4ffe6ae7a6031f78fc9f558f294,439796933333333000000000,SelfKey,KEY,18,103,119311,50000000000,104311,7892853,deprecated,0x3e5b5e39,"addPrecommitment(address beneficiary, uint256 tokensAllocated, bool halfVesting)",20166790
4894754,1515739061,0xfb412431825597e0ab9875753e57fe1f623f1798380695a65cc8baefa1fdf4e2,2949,0xdb0e63c5d32b6a75e23355b78da0fce4ff648e619a389e450b621a7e76b7482b,0x8d4b2cffe2dcbbf06eaa5920401db86ca5fb8177,0x4cc19356f2d37338b9802aa8e8fc58b0373296e7,0xbe7d5d7c2fd484ba418f3793bde1586e4b207bfa,125656266666667000000000,SelfKey,KEY,18,17,119311,50000000000,104311,620216,deprecated,0x3e5b5e39,"addPrecommitment(address beneficiary, uint256 tokensAllocated, bool halfVesting)",20166789
4894754,1515739061,0x5230a945cb39493580849ef7e58b2a49a5b87a3d0c6eebca99401d0ce13827c4,2950,0xdb0e63c5d32b6a75e23355b78da0fce4ff648e619a389e450b621a7e76b7482b,0x8d4b2cffe2dcbbf06eaa5920401db86ca5fb8177,0x4cc19356f2d37338b9802aa8e8fc58b0373296e7,0x3872111709adf5e4a5e5d1499d83987fed198fdb,94242200000000000000000,SelfKey,KEY,18,56,119247,50000000000,104247,2139976,deprecated,0x3e5b5e39,"addPrecommitment(address beneficiary, uint256 tokensAllocated, bool halfVesting)",20166789
4894754,1515739061,0xedd5a4fa455cbe0dec30ae8e7b1f15e812cb52298493448d192884864d74d533,2951,0xdb0e63c5d32b6a75e23355b78da0fce4ff648e619a389e450b621a7e76b7482b,0x8d4b2cffe2dcbbf06eaa5920401db86ca5fb8177,0x4cc19356f2d37338b9802aa8e8fc58b0373296e7,0x3eaaa54dec45c7d8c49a41b07bddde6d633565d2,314140666666667000000000,SelfKey,KEY,18,63,119311,50000000000,59311,2505184,deprecated,0x3e5b5e39,"addPrecommitment(address beneficiary, uint256 tokensAllocated, bool halfVesting)",20166789
4894754,1515739061,0xb365a180d7d108b53951c68b512c5a6e37693cdb5c6b67252050298d660bc4f6,2952,0xdb0e63c5d32b6a75e23355b78da0fce4ff648e619a389e450b621a7e76b7482b,0x8d4b2cffe2dcbbf06eaa5920401db86ca5fb8177,0x4cc19356f2d37338b9802aa8e8fc58b0373296e7,0xb5525f178b616b026bf4dc9c1fb5775cf1aadf7b,1305568610666670000000000,SelfKey,KEY,18,70,119375,50000000000,104375,2961325,deprecated,0x3e5b5e39,"addPrecommitment(address beneficiary, uint256 tokensAllocated, bool halfVesting)",20166789
4894754,1515739061,0xf448cc2cbfcf99183b65ff18abccbf3c12b281c1fe66a5ef8405b17e365d5807,2953,0xdb0e63c5d32b6a75e23355b78da0fce4ff648e619a389e450b621a7e76b7482b,0x8d4b2cffe2dcbbf06eaa5920401db86ca5fb8177,0x4cc19356f2d37338b9802aa8e8fc58b0373296e7,0xc2b2ba47b76a291f38993457081b813f1a81bf34,188484400000000000000000,SelfKey,KEY,18,76,119247,50000000000,104247,3462773,deprecated,0x3e5b5e39,"addPrecommitment(address beneficiary, uint256 tokensAllocated, bool halfVesting)",20166789
4894754,1515739061,0xc00e7ee624ccd7ebb6e4628c21da7e4020f48b4be15ef919f43f848a83940cf1,2954,0xdb0e63c5d32b6a75e23355b78da0fce4ff648e619a389e450b621a7e76b7482b,0x8d4b2cffe2dcbbf06eaa5920401db86ca5fb8177,0x4cc19356f2d37338b9802aa8e8fc58b0373296e7,0xce19e6f66564dc0202263ff9740e8a31a533a3ef,245029720000000000000000,SelfKey,KEY,18,81,119247,50000000000,104247,3986289,deprecated,0x3e5b5e39,"addPrecommitment(address beneficiary, uint256 tokensAllocated, bool halfVesting)",20166789
4894754,1515739061,0x1d484d87de774a5c6a2265b3f9fd9055975878c50aee09382c99209597213b9f,2955,0xdb0e63c5d32b6a75e23355b78da0fce4ff648e619a389e450b621a7e76b7482b,0x8d4b2cffe2dcbbf06eaa5920401db86ca5fb8177,0x4cc19356f2d37338b9802aa8e8fc58b0373296e7,0xa344987a9bd5207df824296016cc50a8be11eacd,125656266666667000000000,SelfKey,KEY,18,85,119311,50000000000,104311,4184962,deprecated,0x3e5b5e39,"addPrecommitment(address beneficiary, uint256 tokensAllocated, bool halfVesting)",20166789
4894754,1515739061,0x5ffbc57a8a5ddb49ce2f875c2da8e6c4249b8a048c3ca87d7d1d709805499e87,2956,0xdb0e63c5d32b6a75e23355b78da0fce4ff648e619a389e450b621a7e76b7482b,0x8d4b2cffe2dcbbf06eaa5920401db86ca5fb8177,0x4cc19356f2d37338b9802aa8e8fc58b0373296e7,0x35129064033e4709f05d4a9e840e4246b1db3191,188484400000000000000000,SelfKey,KEY,18,89,119247,50000000000,104247,4387052,deprecated,0x3e5b5e39,"addPrecommitment(address beneficiary, uint256 tokensAllocated, bool halfVesting)",20166789
4894754,1515739061,0x41306fdc0519bb4c49c080d5515fafcddc396315a3d31c5f9508724b1b1fce0c,2957,0xdb0e63c5d32b6a75e23355b78da0fce4ff648e619a389e450b621a7e76b7482b,0x8d4b2cffe2dcbbf06eaa5920401db86ca5fb8177,0x4cc19356f2d37338b9802aa8e8fc58b0373296e7,0xbd8dd5e35c9935fcb48b7575fbf1a25fc3bd0dcd,135080486666667000000000,SelfKey,KEY,18,92,119311,50000000000,104311,4549835,deprecated,0x3e5b5e39,"addPrecommitment(address beneficiary, uint256 tokensAllocated, bool halfVesting)",20166789
4894754,1515739061,0x06aaee3eeeb0e65506c0ac8f0e5067436e3f384e52edd81777e57f0c20dd3f41,2958,0xdb0e63c5d32b6a75e23355b78da0fce4ff648e619a389e450b621a7e76b7482b,0x8d4b2cffe2dcbbf06eaa5920401db86ca5fb8177,0x4cc19356f2d37338b9802aa8e8fc58b0373296e7,0x98139b3fda67bfee40f67c83e37d339343a29def,94242200000000000000000,SelfKey,KEY,18,95,119247,50000000000,104247,4727794,deprecated,0x3e5b5e39,"addPrecommitment(address beneficiary, uint256 tokensAllocated, bool halfVesting)",20166789
4894754,1515739061,0x2144f2fa5c92526ae4be6f51b5e9ba336319a45b935fe1d8cc47d90adbac71f5,2959,0xdb0e63c5d32b6a75e23355b78da0fce4ff648e619a389e450b621a7e76b7482b,0x8d4b2cffe2dcbbf06eaa5920401db86ca5fb8177,0x4cc19356f2d37338b9802aa8e8fc58b0373296e7,0xbb7ba721373dea2fff24cb405e1c077da163f526,376968800000000000000000,SelfKey,KEY,18,98,119247,50000000000,104247,4960628,deprecated,0x3e5b5e39,"addPrecommitment(address beneficiary, uint256 tokensAllocated, bool halfVesting)",20166789
4894754,1515739061,0x574a071ba5182478b0f2423400cdbb9440ff90f47cb3863a2ff83d6cd9480ac7,2960,0xdb0e63c5d32b6a75e23355b78da0fce4ff648e619a389e450b621a7e76b7482b,0x8d4b2cffe2dcbbf06eaa5920401db86ca5fb8177,0x4cc19356f2d37338b9802aa8e8fc58b0373296e7,0x92bf1f2cd2a5cf03cc4e6ebb5b8d3818d974a49f,1306825173333330000000000,SelfKey,KEY,18,101,119375,50000000000,104375,5124288,deprecated,0x3e5b5e39,"addPrecommitment(address beneficiary, uint256 tokensAllocated, bool halfVesting)",20166789
4894754,1515739061,0xa3baff2571fca18c7c4ec6c6eaca26c837efe90980f356d699a2acb245011d12,2961,0xdb0e63c5d32b6a75e23355b78da0fce4ff648e619a389e450b621a7e76b7482b,0x8d4b2cffe2dcbbf06eaa5920401db86ca5fb8177,0x4cc19356f2d37338b9802aa8e8fc58b0373296e7,0xf19a6d79f8b9e088fe61fcc611b2091023ce5aac,1306825173333330000000000,SelfKey,KEY,18,104,119375,50000000000,104375,5301915,deprecated,0x3e5b5e39,"addPrecommitment(address beneficiary, uint256 tokensAllocated, bool halfVesting)",20166789
4894754,1515739061,0x50c7abd75b7414370773e91bf74e63f79a84ac944a9e276ca334d30c7a21df30,2962,0xdb0e63c5d32b6a75e23355b78da0fce4ff648e619a389e450b621a7e76b7482b,0x8d4b2cffe2dcbbf06eaa5920401db86ca5fb8177,0x4cc19356f2d37338b9802aa8e8fc58b0373296e7,0xefe522528d7a460c8b49bc7cce3d43263479c7fd,126284548000000000000000,SelfKey,KEY,18,107,119247,50000000000,104247,5479498,deprecated,0x3e5b5e39,"addPrecommitment(address beneficiary, uint256 tokensAllocated, bool halfVesting)",20166789
4894754,1515739061,0x94e90a3e8c3f407c1d9421781374f36c379508eef73b4bcd88e3218d897302cd,2963,0xdb0e63c5d32b6a75e23355b78da0fce4ff648e619a389e450b621a7e76b7482b,0x8d4b2cffe2dcbbf06eaa5920401db86ca5fb8177,0x4cc19356f2d37338b9802aa8e8fc58b0373296e7,0x6ebc61293f55313ceba0a1da1579d44baec280ae,125656266666667000000000,SelfKey,KEY,18,110,119311,50000000000,104311,5641920,deprecated,0x3e5b5e39,"addPrecommitment(address beneficiary, uint256 tokensAllocated, bool halfVesting)",20166789
4894754,1515739061,0x299c4f7aa4fe470a556408faa304a59a4aa653581839327a7d43e41991cfda2e,2964,0xdb0e63c5d32b6a75e23355b78da0fce4ff648e619a389e450b621a7e76b7482b,0x8d4b2cffe2dcbbf06eaa5920401db86ca5fb8177,0x4cc19356f2d37338b9802aa8e8fc58b0373296e7,0xc41aa893e7e83ff99418c7a773d655338bdc3758,157070333333333000000000,SelfKey,KEY,18,113,119311,50000000000,104311,5804603,deprecated,0x3e5b5e39,"addPrecommitment(address beneficiary, uint256 tokensAllocated, bool halfVesting)",20166789
4894754,1515739061,0xe26bdc1c6be60aed268c5965a5e9f8cff656a36cbd73d29fcbaeaab5f290af0d,2965,0xdb0e63c5d32b6a75e23355b78da0fce4ff648e619a389e450b621a7e76b7482b,0x8d4b2cffe2dcbbf06eaa5920401db86ca5fb8177,0x4cc19356f2d37338b9802aa8e8fc58b0373296e7,0x66814b9320b347eb3062e1579952ee999121f0ea,251312533333333000000000,SelfKey,KEY,18,116,119311,50000000000,59311,5937223,deprecated,0x3e5b5e39,"addPrecommitment(address beneficiary, uint256 tokensAllocated, bool halfVesting)",20166789
4894754,1515739061,0xa97697176e9666c68e39c6d69c2a06e7b5fd18f39d940efcd3927e8ca931319b,2966,0xdb0e63c5d32b6a75e23355b78da0fce4ff648e619a389e450b621a7e76b7482b,0x8d4b2cffe2dcbbf06eaa5920401db86ca5fb8177,0x4cc19356f2d37338b9802aa8e8fc58b0373296e7,0x65161bb20a61c6fe47de8ef36f061083edc8df07,97217112113333300000000,SelfKey,KEY,18,119,119311,50000000000,104311,6114883,deprecated,0x3e5b5e39,"addPrecommitment(address beneficiary, uint256 tokensAllocated, bool halfVesting)",20166789
4894754,1515739061,0xc7a0f4d8ffeccb7c1808c32e1d56d1a3bb68192aec7186b8ae36ff95397702f4,2967,0xdb0e63c5d32b6a75e23355b78da0fce4ff648e619a389e450b621a7e76b7482b,0x8d4b2cffe2dcbbf06eaa5920401db86ca5fb8177,0x4cc19356f2d37338b9802aa8e8fc58b0373296e7,0xaee9e71377b28a44d36de29b9d21120595de059e,1306825173333330000000000,SelfKey,KEY,18,122,119375,50000000000,104375,6293110,deprecated,0x3e5b5e39,"addPrecommitment(address beneficiary, uint256 tokensAllocated, bool halfVesting)",20166789
4894754,1515739061,0x3c2789ebbca1ceff9112120216488fe1d8b2d5469d8e63b1b681a692fbbba3de,2968,0xdb0e63c5d32b6a75e23355b78da0fce4ff648e619a389e450b621a7e76b7482b,0x8d4b2cffe2dcbbf06eaa5920401db86ca5fb8177,0x4cc19356f2d37338b9802aa8e8fc58b0373296e7,0xb9083f955e2a8f2ee045f0753c21f5490b301257,125656266666667000000000,SelfKey,KEY,18,125,119311,50000000000,104311,6481748,deprecated,0x3e5b5e39,"addPrecommitment(address beneficiary, uint256 tokensAllocated, bool halfVesting)",20166789
4894754,1515739061,0x5fbefbcf81c734b913a9172278560e32ffa73e79314f672497bc06de7ad3ca0b,2969,0xdb0e63c5d32b6a75e23355b78da0fce4ff648e619a389e450b621a7e76b7482b,0x8d4b2cffe2dcbbf06eaa5920401db86ca5fb8177,0x4cc19356f2d37338b9802aa8e8fc58b0373296e7,0x6ed56b32de868aaf023eb8e44fd622ef69d45f82,125656266666667000000000,SelfKey,KEY,18,128,119311,50000000000,104311,6659043,deprecated,0x3e5b5e39,"addPrecommitment(address beneficiary, uint256 tokensAllocated, bool halfVesting)",20166789
4894754,1515739061,0x2de6c66b42f06a577504f009260a4613dbc55892e0e45eb1e52f9da9e4640872,2970,0xdb0e63c5d32b6a75e23355b78da0fce4ff648e619a389e450b621a7e76b7482b,0x8d4b2cffe2dcbbf06eaa5920401db86ca5fb8177,0x4cc19356f2d37338b9802aa8e8fc58b0373296e7,0x0ae3b7229defbb3fba4a2b274a54e211bf810432,867028240000000000000000,SelfKey,KEY,18,131,119247,50000000000,104247,6822507,deprecated,0x3e5b5e39,"addPrecommitment(address beneficiary, uint256 tokensAllocated, bool halfVesting)",20166789
4894754,1515739061,0xe3dd2a845d980171a9475720c68a0c7358f84826e65b4b06b1fe8a3d4c526549,2971,0xdb0e63c5d32b6a75e23355b78da0fce4ff648e619a389e450b621a7e76b7482b,0x8d4b2cffe2dcbbf06eaa5920401db86ca5fb8177,0x4cc19356f2d37338b9802aa8e8fc58b0373296e7,0xefaef3a9b2bc9b1464c1f85715b6915de4ec659d,94242200000000000000000,SelfKey,KEY,18,134,119247,50000000000,104247,6984939,deprecated,0x3e5b5e39,"addPrecommitment(address beneficiary, uint256 tokensAllocated, bool halfVesting)",20166789
4894754,1515739061,0x66dcaeb23a404df27ad27b914f86107843f565d79efea8f9db48e3868bd4f08d,2972,0xdb0e63c5d32b6a75e23355b78da0fce4ff648e619a389e450b621a7e76b7482b,0x8d4b2cffe2dcbbf06eaa5920401db86ca5fb8177,0x4cc19356f2d37338b9802aa8e8fc58b0373296e7,0x7d568527214853f5f35d17306cca04e1ee2dc681,99582591333333300000000,SelfKey,KEY,18,137,119311,50000000000,104311,7161803,deprecated,0x3e5b5e39,"addPrecommitment(address beneficiary, uint256 tokensAllocated, bool halfVesting)",20166789
4894754,1515739061,0xc8308533a94ca1668b46d581aaf04069a50a9cdd295294ca18ad2eadae3237af,2973,0xdb0e63c5d32b6a75e23355b78da0fce4ff648e619a389e450b621a7e76b7482b,0x8d4b2cffe2dcbbf06eaa5920401db86ca5fb8177,0x4cc19356f2d37338b9802aa8e8fc58b0373296e7,0x31a23fb0bcc6efa3173991edcb7a8f97a2e692ae,95827854173536700000000,SelfKey,KEY,18,140,119311,50000000000,104311,7340640,deprecated,0x3e5b5e39,"addPrecommitment(address beneficiary, uint256 tokensAllocated, bool halfVesting)",20166789
4894754,1515739061,0xc1661c47840e0ebcfce9a5141229577a55864e35685a8d130107d9a8c09b6984,2974,0xdb0e63c5d32b6a75e23355b78da0fce4ff648e619a389e450b621a7e76b7482b,0x8d4b2cffe2dcbbf06eaa5920401db86ca5fb8177,0x4cc19356f2d37338b9802aa8e8fc58b0373296e7,0x2fd28da8dcad10d56a95944fa3c2e744e9239073,94242200000000000000000,SelfKey,KEY,18,143,119247,50000000000,104247,7504264,deprecated,0x3e5b5e39,"addPrecommitment(address beneficiary, uint256 tokensAllocated, bool halfVesting)",20166789
4894754,1515739061,0xc63eda2d9da7d81cc0fda10b139f9bb8186be59180aa30fff1027deefe4b7f71,2975,0xdb0e63c5d32b6a75e23355b78da0fce4ff648e619a389e450b621a7e76b7482b,0x8d4b2cffe2dcbbf06eaa5920401db86ca5fb8177,0x4cc19356f2d37338b9802aa8e8fc58b0373296e7,0x1b1bc4c4d5f3a2f5917969506fe4ee74a500c0d2,628281333333333000000000,SelfKey,KEY,18,146,119247,50000000000,104247,7735896,deprecated,0x3e5b5e39,"addPrecommitment(address beneficiary, uint256 tokensAllocated, bool halfVesting)",20166789
4894754,1515739061,0xd18da22f54b8a74d812b99cf49e024f8832c44bd69f6f0c288352a779d7dfbc7,2976,0xdb0e63c5d32b6a75e23355b78da0fce4ff648e619a389e450b621a7e76b7482b,0x8d4b2cffe2dcbbf06eaa5920401db86ca5fb8177,0x4cc19356f2d37338b9802aa8e8fc58b0373296e7,0x58dd96cda70d86c783b83dd076ca52db10aa4491,942422000000000000000000,SelfKey,KEY,18,149,119247,50000000000,104247,7912752,deprecated,0x3e5b5e39,"addPrecommitment(address beneficiary, uint256 tokensAllocated, bool halfVesting)",20166789
4894755,1515739067,0xd11a3d99cd9bc5c0c702e73b3cc9e30f5838ef13f01b9a11dac05311bda5a965,2977,0xf2ab5ed8d567c1e1c06ae9456fa29cf2d55b622b38c4864a16b3ca76e997dbd9,0x8d4b2cffe2dcbbf06eaa5920401db86ca5fb8177,0x4cc19356f2d37338b9802aa8e8fc58b0373296e7,0x009e02b21abefc7ecc1f2b11700b49106d7d552b,314140666666667000000000,SelfKey,KEY,18,63,119247,50000000000,104247,2121678,deprecated,0x3e5b5e39,"addPrecommitment(address beneficiary, uint256 tokensAllocated, bool halfVesting)",20166788
4894755,1515739067,0x4d1333723a24516a0aee553c2e9a225620be2b571d08809611ecf0568e3314c0,2978,0xf2ab5ed8d567c1e1c06ae9456fa29cf2d55b622b38c4864a16b3ca76e997dbd9,0x8d4b2cffe2dcbbf06eaa5920401db86ca5fb8177,0x4cc19356f2d37338b9802aa8e8fc58b0373296e7,0x825546e1f9852736fa7aa7824e0b00f813228a0d,94242200000000000000000,SelfKey,KEY,18,64,119183,50000000000,104183,2225861,deprecated,0x3e5b5e39,"addPrecommitment(address beneficiary, uint256 tokensAllocated, bool halfVesting)",20166788
4894755,1515739067,0xd9d5c1f7bee93099b973997c33a5e75575011e4a23342969f9d5066b903b9a94,2979,0xf2ab5ed8d567c1e1c06ae9456fa29cf2d55b622b38c4864a16b3ca76e997dbd9,0x8d4b2cffe2dcbbf06eaa5920401db86ca5fb8177,0x4cc19356f2d37338b9802aa8e8fc58b0373296e7,0x8e72b43a9f71141999ba4dfaf8b78fb734dd7575,94242200000000000000000,SelfKey,KEY,18,65,119247,50000000000,104247,2330108,deprecated,0x3e5b5e39,"addPrecommitment(address beneficiary, uint256 tokensAllocated, bool halfVesting)",20166788
4894755,1515739067,0x830e3a7f5be589995cdf98e751295675dc9a0b212e97198688bc5b7fd1d8d16b,2980,0xf2ab5ed8d567c1e1c06ae9456fa29cf2d55b622b38c4864a16b3ca76e997dbd9,0x8d4b2cffe2dcbbf06eaa5920401db86ca5fb8177,0x4cc19356f2d37338b9802aa8e8fc58b0373296e7,0x4f5b708f07918b6e469508c81b7f6a70ea6e66d9,188484400000000000000000,SelfKey,KEY,18,66,119247,50000000000,104247,2434355,deprecated,0x3e5b5e39,"addPrecommitment(address beneficiary, uint256 tokensAllocated, bool halfVesting)",20166788
4894755,1515739067,0xe0cc91c7d9b943349d2a721000391b908b053578d03cff73e2359fcb206738c4,2981,0xf2ab5ed8d567c1e1c06ae9456fa29cf2d55b622b38c4864a16b3ca76e997dbd9,0x8d4b2cffe2dcbbf06eaa5920401db86ca5fb8177,0x4cc19356f2d37338b9802aa8e8fc58b0373296e7,0x0681e6274bd1d606e9d192b550fb1d20db47ca85,97383606666666700000000,SelfKey,KEY,18,67,119311,50000000000,104311,2538666,deprecated,0x3e5b5e39,"addPrecommitment(address beneficiary, uint256 tokensAllocated, bool halfVesting)",20166788
4894755,1515739067,0x721e5c28279d3158a66e496be94a6a987ec07bcedcf9641697db7a81aae104f8,2982,0xf2ab5ed8d567c1e1c06ae9456fa29cf2d55b622b38c4864a16b3ca76e997dbd9,0x8d4b2cffe2dcbbf06eaa5920401db86ca5fb8177,0x4cc19356f2d37338b9802aa8e8fc58b0373296e7,0xaec11ac5a67ba1adafe465a430e5c3d286e8986c,191311666000000000000000,SelfKey,KEY,18,68,119247,50000000000,59247,2597913,deprecated,0x3e5b5e39,"addPrecommitment(address beneficiary, uint256 tokensAllocated, bool halfVesting)",20166788
4894755,1515739067,0x72cb58f35f1d60656c97277ee341660796dd68a585962dbe592846fe1b6293af,2983,0xf2ab5ed8d567c1e1c06ae9456fa29cf2d55b622b38c4864a16b3ca76e997dbd9,0x8d4b2cffe2dcbbf06eaa5920401db86ca5fb8177,0x4cc19356f2d37338b9802aa8e8fc58b0373296e7,0x9b7b46e87708ab66ab917129fc109b5f9ea313f0,628281333333333000000000,SelfKey,KEY,18,69,119311,50000000000,104311,2702224,deprecated,0x3e5b5e39,"addPrecommitment(address beneficiary, uint256 tokensAllocated, bool halfVesting)",20166788
4894755,1515739067,0x3d5fced91b6bdb62a8ae67ac178f8fdfc01708d1c76f1f96f2e5185ed46b7b0c,2984,0xf2ab5ed8d567c1e1c06ae9456fa29cf2d55b622b38c4864a16b3ca76e997dbd9,0x8d4b2cffe2dcbbf06eaa5920401db86ca5fb8177,0x4cc19356f2d37338b9802aa8e8fc58b0373296e7,0xf70454b11e7796073efb3412048db275e0e990b1,94242200000000000000000,SelfKey,KEY,18,70,119247,50000000000,104247,2806471,deprecated,0x3e5b5e39,"addPrecommitment(address beneficiary, uint256 tokensAllocated, bool halfVesting)",20166788
4894755,1515739067,0xd37631767c7b8d7c7a34c528ea349ceaf627f579500776ee656986aa1a5829b4,2985,0xf2ab5ed8d567c1e1c06ae9456fa29cf2d55b622b38c4864a16b3ca76e997dbd9,0x8d4b2cffe2dcbbf06eaa5920401db86ca5fb8177,0x4cc19356f2d37338b9802aa8e8fc58b0373296e7,0x425fc77bacf6b81f6cb59e866c85597b0997c4cd,125656266666667000000000,SelfKey,KEY,18,71,119311,50000000000,104311,2910782,deprecated,0x3e5b5e39,"addPrecommitment(address beneficiary, uint256 tokensAllocated, bool halfVesting)",20166788
4894755,1515739067,0x32496b698fe63e19f7158b9d6d649c60638e47b70cb5576d1f7874dbe6902f17,2986,0xf2ab5ed8d567c1e1c06ae9456fa29cf2d55b622b38c4864a16b3ca76e997dbd9,0x8d4b2cffe2dcbbf06eaa5920401db86ca5fb8177,0x4cc19356f2d37338b9802aa8e8fc58b0373296e7,0x104e3f9555ea514f2d8e3add826db462cdfae8dd,201050026666667000000000,SelfKey,KEY,18,72,119311,50000000000,104311,3015093,deprecated,0x3e5b5e39,"addPrecommitment(address beneficiary, uint256 tokensAllocated, bool halfVesting)",20166788
4894755,1515739067,0xda3e5395b473183c0b5d7beb59007b41b23e0342bc918734d3d667ceff43ef76,2987,0xf2ab5ed8d567c1e1c06ae9456fa29cf2d55b622b38c4864a16b3ca76e997dbd9,0x8d4b2cffe2dcbbf06eaa5920401db86ca5fb8177,0x4cc19356f2d37338b9802aa8e8fc58b0373296e7,0x6818025bd0e89506d3d34b0c45cc1e556d2dbc5b,188484400000000000000000,SelfKey,KEY,18,73,119247,50000000000,104247,3119340,deprecated,0x3e5b5e39,"addPrecommitment(address beneficiary, uint256 tokensAllocated, bool halfVesting)",20166788
4894755,1515739067,0x70993ae7d3b0b1d6a68054df5e2b7898c87ffffa7a5be2e61f0f2fee193ad232,2988,0xf2ab5ed8d567c1e1c06ae9456fa29cf2d55b622b38c4864a16b3ca76e997dbd9,0x8d4b2cffe2dcbbf06eaa5920401db86ca5fb8177,0x4cc19356f2d37338b9802aa8e8fc58b0373296e7,0xda730ac8435882c64fb5075d46cbd4ce41c78aed,1306825173333330000000000,SelfKey,KEY,18,74,119375,50000000000,104375,3223715,deprecated,0x3e5b5e39,"addPrecommitment(address beneficiary, uint256 tokensAllocated, bool halfVesting)",20166788
4894755,1515739067,0x7a399ca0cc395267e9aa5b23313f3d473f428c23693b330f3cb53cd8d2103271,2989,0xf2ab5ed8d567c1e1c06ae9456fa29cf2d55b622b38c4864a16b3ca76e997dbd9,0x8d4b2cffe2dcbbf06eaa5920401db86ca5fb8177,0x4cc19356f2d37338b9802aa8e8fc58b0373296e7,0xd3ba0e2067e2399ca0db5b5f03f416d1464dd684,94242200000000000000000,SelfKey,KEY,18,75,119247,50000000000,104247,3327962,deprecated,0x3e5b5e39,"addPrecommitment(address beneficiary, uint256 tokensAllocated, bool halfVesting)",20166788
4894755,1515739067,0x9fd282c3a528188c7c8b536df788a1ceae74a480cdc71c6b67a3381ad297bdd0,2990,0xf2ab5ed8d567c1e1c06ae9456fa29cf2d55b622b38c4864a16b3ca76e997dbd9,0x8d4b2cffe2dcbbf06eaa5920401db86ca5fb8177,0x4cc19356f2d37338b9802aa8e8fc58b0373296e7,0xaa4289c3d576c5f5cb884172e3fc878f794ae621,1306825173333330000000000,SelfKey,KEY,18,76,119375,50000000000,104375,3432337,deprecated,0x3e5b5e39,"addPrecommitment(address beneficiary, uint256 tokensAllocated, bool halfVesting)",20166788
4894755,1515739067,0x49f140853ec3d1e68979a0347bb5ea7aa547a5f507fb9da2a8596c4e87b39b5e,2991,0xf2ab5ed8d567c1e1c06ae9456fa29cf2d55b622b38c4864a16b3ca76e997dbd9,0x8d4b2cffe2dcbbf06eaa5920401db86ca5fb8177,0x4cc19356f2d37338b9802aa8e8fc58b0373296e7,0x5836bf742bab046b287786208d7a4152bccf35c0,213615653333333000000000,SelfKey,KEY,18,77,119311,50000000000,104311,3536648,deprecated,0x3e5b5e39,"addPrecommitment(address beneficiary, uint256 tokensAllocated, bool halfVesting)",20166788
4894755,1515739067,0x2f31ecf777ac48e0bad07ff547b3f8105d17694e8377b2b817f7c859f28893ae,2992,0xf2ab5ed8d567c1e1c06ae9456fa29cf2d55b622b38c4864a16b3ca76e997dbd9,0x8d4b2cffe2dcbbf06eaa5920401db86ca5fb8177,0x4cc19356f2d37338b9802aa8e8fc58b0373296e7,0x5d533ae89a5a55aa260df4bf21327020fd97e836,125656266666667000000000,SelfKey,KEY,18,78,119311,50000000000,104311,3640959,deprecated,0x3e5b5e39,"addPrecommitment(address beneficiary, uint256 tokensAllocated, bool halfVesting)",20166788
4894755,1515739067,0x33b4853ebb7ded9af490b487fb0438c5da84edb43b26bd7a020b5cdc3648403a,2993,0xf2ab5ed8d567c1e1c06ae9456fa29cf2d55b622b38c4864a16b3ca76e997dbd9,0x8d4b2cffe2dcbbf06eaa5920401db86ca5fb8177,0x4cc19356f2d37338b9802aa8e8fc58b0373296e7,0x73a6439e7d2cab7d2061f4dc3d3a1e9e7a75f317,125656266666667000000000,SelfKey,KEY,18,79,119311,50000000000,104311,3745270,deprecated,0x3e5b5e39,"addPrecommitment(address beneficiary, uint256 tokensAllocated, bool halfVesting)",20166788
4894755,1515739067,0x4bb650b04db30c8099b54b08845458ad85ec206eaf9c8ae98c19be21858a478d,2994,0xf2ab5ed8d567c1e1c06ae9456fa29cf2d55b622b38c4864a16b3ca76e997dbd9,0x8d4b2cffe2dcbbf06eaa5920401db86ca5fb8177,0x4cc19356f2d37338b9802aa8e8fc58b0373296e7,0x7108ba77048eeed2db24a817538e98b9162fa1b9,314140666666667000000000,SelfKey,KEY,18,80,119311,50000000000,104311,3849581,deprecated,0x3e5b5e39,"addPrecommitment(address beneficiary, uint256 tokensAllocated, bool halfVesting)",20166788
4894755,1515739067,0x375478ce41776eb52cefa24b4c4e8270ee6b5abc3dee687755d2570f7bc0555b,2995,0xf2ab5ed8d567c1e1c06ae9456fa29cf2d55b622b38c4864a16b3ca76e997dbd9,0x8d4b2cffe2dcbbf06eaa5920401db86ca5fb8177,0x4cc19356f2d37338b9802aa8e8fc58b0373296e7,0x3da7486df0f343a0e6af8d26259187417ed08ec9,667863057333334000000000,SelfKey,KEY,18,81,119311,50000000000,104311,3953892,deprecated,0x3e5b5e39,"addPrecommitment(address beneficiary, uint256 tokensAllocated, bool halfVesting)",20166788
4894755,1515739067,0xca509d5e9e649476a00bd53c1535e9357dd9ed8f7136cf76f5ead73b7616cb42,2996,0xf2ab5ed8d567c1e1c06ae9456fa29cf2d55b622b38c4864a16b3ca76e997dbd9,0x8d4b2cffe2dcbbf06eaa5920401db86ca5fb8177,0x4cc19356f2d37338b9802aa8e8fc58b0373296e7,0xbc1879b8c4f156fd55d97ab77db151388ff4eded,179060180000000000000000,SelfKey,KEY,18,82,119247,50000000000,104247,4058139,deprecated,0x3e5b5e39,"addPrecommitment(address beneficiary, uint256 tokensAllocated, bool halfVesting)",20166788
4894755,1515739067,0xdf48c4231193cf0a7c37e451dd4f27981db244d1b74056f82f801ff915b5cae4,2997,0xf2ab5ed8d567c1e1c06ae9456fa29cf2d55b622b38c4864a16b3ca76e997dbd9,0x8d4b2cffe2dcbbf06eaa5920401db86ca5fb8177,0x4cc19356f2d37338b9802aa8e8fc58b0373296e7,0x1c55ff5ba77c6a10800ada4de0ad3149e9bda22b,106807826666667000000000,SelfKey,KEY,18,83,119311,50000000000,104311,4162450,deprecated,0x3e5b5e39,"addPrecommitment(address beneficiary, uint256 tokensAllocated, bool halfVesting)",20166788
4894755,1515739067,0x090195c7c04357cc7164b9fdefd2295146c9f72b5d618bec2ba020c779c64410,2998,0xf2ab5ed8d567c1e1c06ae9456fa29cf2d55b622b38c4864a16b3ca76e997dbd9,0x8d4b2cffe2dcbbf06eaa5920401db86ca5fb8177,0x4cc19356f2d37338b9802aa8e8fc58b0373296e7,0x0bbaa05c9cdf8b8d10cf107faf3b0fecb789fd72,376968800000000000000000,SelfKey,KEY,18,84,119247,50000000000,104247,4266697,deprecated,0x3e5b5e39,"addPrecommitment(address beneficiary, uint256 tokensAllocated, bool halfVesting)",20166788
4894755,1515739067,0x2185e623155bc7727aa13fbd7261bd7b3c4cb7aa88962a48f159ebe4144dc9e4,2999,0xf2ab5ed8d567c1e1c06ae9456fa29cf2d55b622b38c4864a16b3ca76e997dbd9,0x8d4b2cffe2dcbbf06eaa5920401db86ca5fb8177,0x4cc19356f2d37338b9802aa8e8fc58b0373296e7,0x159b059f748baf8fbe8e0b64911b8946a845a489,220000011694745000000000,SelfKey,KEY,18,85,119311,50000000000,104311,4371008,deprecated,0x3e5b5e39,"addPrecommitment(address beneficiary, uint256 tokensAllocated, bool halfVesting)",20166788
4894755,1515739067,0x2b383b8c95a0bd74adb64ecca1a35e1328b9a17fc65d84181ae2307ecfeb96a3,3000,0xf2ab5ed8d567c1e1c06ae9456fa29cf2d55b622b38c4864a16b3ca76e997dbd9,0x8d4b2cffe2dcbbf06eaa5920401db86ca5fb8177,0x4cc19356f2d37338b9802aa8e8fc58b0373296e7,0xea286a58f8956545aa5502f6d17b5335ab64f814,94242200000000000000000,SelfKey,KEY,18,86,119247,50000000000,104247,4475255,deprecated,0x3e5b5e39,"addPrecommitment(address beneficiary, uint256 tokensAllocated, bool halfVesting)",20166788
4894755,1515739067,0x1ee6768b0c7b565104c237bb3d32ec1638b11f0f0f7c0346f0e03da3c397102d,3001,0xf2ab5ed8d567c1e1c06ae9456fa29cf2d55b622b38c4864a16b3ca76e997dbd9,0x8d4b2cffe2dcbbf06eaa5920401db86ca5fb8177,0x4cc19356f2d37338b9802aa8e8fc58b0373296e7,0x981c6e3b2c673d2611dd5b14267a6ee4d9bb831d,1306825173333330000000000,SelfKey,KEY,18,87,119375,50000000000,104375,4579630,deprecated,0x3e5b5e39,"addPrecommitment(address beneficiary, uint256 tokensAllocated, bool halfVesting)",20166788
4894755,1515739067,0x3763cafe6780f7bc3e17595f9021ea0d6f4375885aa9d420889e05a596dbcd6d,3002,0xf2ab5ed8d567c1e1c06ae9456fa29cf2d55b622b38c4864a16b3ca76e997dbd9,0x8d4b2cffe2dcbbf06eaa5920401db86ca5fb8177,0x4cc19356f2d37338b9802aa8e8fc58b0373296e7,0x8575bb17307c1cf1a3beb71621e4b5e6ce9a7376,125656266666667000000000,SelfKey,KEY,18,88,119311,50000000000,104311,4683941,deprecated,0x3e5b5e39,"addPrecommitment(address beneficiary, uint256 tokensAllocated, bool halfVesting)",20166788
4894755,1515739067,0x8546162d159c415c732037d5b8e883d92bee605570b67f45ee4cbe4f8e9656be,3003,0xf2ab5ed8d567c1e1c06ae9456fa29cf2d55b622b38c4864a16b3ca76e997dbd9,0x8d4b2cffe2dcbbf06eaa5920401db86ca5fb8177,0x4cc19356f2d37338b9802aa8e8fc58b0373296e7,0x64438b8456df4426b3f0df9df824ef5a3488c6f5,942422000000000000000000,SelfKey,KEY,18,89,119247,50000000000,104247,4788188,deprecated,0x3e5b5e39,"addPrecommitment(address beneficiary, uint256 tokensAllocated, bool halfVesting)",20166788
4894755,1515739067,0x2c9e000065f2511c171166f0c870b4b98c6750bfe5a2f3c077500683242ac4fe,3004,0xf2ab5ed8d567c1e1c06ae9456fa29cf2d55b622b38c4864a16b3ca76e997dbd9,0x8d4b2cffe2dcbbf06eaa5920401db86ca5fb8177,0x4cc19356f2d37338b9802aa8e8fc58b0373296e7,0x88b7a44cecd526cd2d424b0a4cc2bbb26341dd8f,1306825173333330000000000,SelfKey,KEY,18,90,119375,50000000000,104375,4892563,deprecated,0x3e5b5e39,"addPrecommitment(address beneficiary, uint256 tokensAllocated, bool halfVesting)",20166788
4894755,1515739067,0x2de0e3b77b3c7bf7da9ddcd07612f44053135deebc1697ced6da3378ba60ad71,3005,0xf2ab5ed8d567c1e1c06ae9456fa29cf2d55b622b38c4864a16b3ca76e997dbd9,0x8d4b2cffe2dcbbf06eaa5920401db86ca5fb8177,0x4cc19356f2d37338b9802aa8e8fc58b0373296e7,0x909de82d392a523c8246e3216a22f110fe963930,62828133333333400000000,SelfKey,KEY,18,91,119311,50000000000,59311,4951874,deprecated,0x3e5b5e39,"addPrecommitment(address beneficiary, uint256 tokensAllocated, bool halfVesting)",20166788
4894755,1515739067,0x15a231f49635987d881267ecc4e40d1ae62a1f9a6100c18944fb24bbd8c359f5,3006,0xf2ab5ed8d567c1e1c06ae9456fa29cf2d55b622b38c4864a16b3ca76e997dbd9,0x8d4b2cffe2dcbbf06eaa5920401db86ca5fb8177,0x4cc19356f2d37338b9802aa8e8fc58b0373296e7,0xee44dbf7f32bb331582f79d1117bacdeeb3e91ca,94556340666666700000000,SelfKey,KEY,18,92,119311,50000000000,104311,5056185,deprecated,0x3e5b5e39,"addPrecommitment(address beneficiary, uint256 tokensAllocated, bool halfVesting)",20166788
4894755,1515739067,0x84a78f5c44a5d4c41eca0ea19faf973006e83a2ce39faf005aca134eeeb67804,3007,0xf2ab5ed8d567c1e1c06ae9456fa29cf2d55b622b38c4864a16b3ca76e997dbd9,0x8d4b2cffe2dcbbf06eaa5920401db86ca5fb8177,0x4cc19356f2d37338b9802aa8e8fc58b0373296e7,0xb47af99aa9657b656df52a8b025000d88569c3d7,376968800000000000000000,SelfKey,KEY,18,93,119183,50000000000,104183,5160368,deprecated,0x3e5b5e39,"addPrecommitment(address beneficiary, uint256 tokensAllocated, bool halfVesting)",20166788
4894755,1515739067,0x04e5f40e28180f0e92c5a4c0d40438f371758c2ec833e1be7b44dc8bb2cebb08,3008,0xf2ab5ed8d567c1e1c06ae9456fa29cf2d55b622b38c4864a16b3ca76e997dbd9,0x8d4b2cffe2dcbbf06eaa5920401db86ca5fb8177,0x4cc19356f2d37338b9802aa8e8fc58b0373296e7,0x56f93aee8e813f42a5e22b4cc87ba976055354ea,125656266666667000000000,SelfKey,KEY,18,94,119311,50000000000,104311,5264679,deprecated,0x3e5b5e39,"addPrecommitment(address beneficiary, uint256 tokensAllocated, bool halfVesting)",20166788
4894755,1515739067,0xfb64637b2bcfaf5f1bbc9f5026e02e5981b2098f895432f420f61ce56bad1ab8,3009,0xf2ab5ed8d567c1e1c06ae9456fa29cf2d55b622b38c4864a16b3ca76e997dbd9,0x8d4b2cffe2dcbbf06eaa5920401db86ca5fb8177,0x4cc19356f2d37338b9802aa8e8fc58b0373296e7,0x85df123fcfaabe556649ae51ae8f5753fbecf4b8,1306825173333330000000000,SelfKey,KEY,18,95,119375,50000000000,104375,5369054,deprecated,0x3e5b5e39,"addPrecommitment(address beneficiary, uint256 tokensAllocated, bool halfVesting)",20166788
4894755,1515739067,0x0dafe82cb010ec82d119d0c06bb9fe85a0f6fa2d32487d6dc5c5f5571f1c9d0e,3010,0xf2ab5ed8d567c1e1c06ae9456fa29cf2d55b622b38c4864a16b3ca76e997dbd9,0x8d4b2cffe2dcbbf06eaa5920401db86ca5fb8177,0x4cc19356f2d37338b9802aa8e8fc58b0373296e7,0xb217a10b62a86ca23e4988ca87da71482dc3cea0,1306825173333330000000000,SelfKey,KEY,18,96,119375,50000000000,104375,5473429,deprecated,0x3e5b5e39,"addPrecommitment(address beneficiary, uint256 tokensAllocated, bool halfVesting)",20166788
4894755,1515739067,0xe3a45b38f6b32797fb47039d9d1a887ce06dee2447ac80245dcd350bb9f2b8c7,3011,0xf2ab5ed8d567c1e1c06ae9456fa29cf2d55b622b38c4864a16b3ca76e997dbd9,0x8d4b2cffe2dcbbf06eaa5920401db86ca5fb8177,0x4cc19356f2d37338b9802aa8e8fc58b0373296e7,0xe31a4763dd2a48ca7215577c392827344927e38c,1306825173333330000000000,SelfKey,KEY,18,97,119375,50000000000,104375,5577804,deprecated,0x3e5b5e39,"addPrecommitment(address beneficiary, uint256 tokensAllocated, bool halfVesting)",20166788
4894755,1515739067,0xba57416949c42b73f10b2064971bf9ed953e670581773ee27de873aa1c3a3852,3012,0xf2ab5ed8d567c1e1c06ae9456fa29cf2d55b622b38c4864a16b3ca76e997dbd9,0x8d4b2cffe2dcbbf06eaa5920401db86ca5fb8177,0x4cc19356f2d37338b9802aa8e8fc58b0373296e7,0xc61af4900d62d392d90f8a7bd003ab159f89ce4f,131939080000000000000000,SelfKey,KEY,18,98,119247,50000000000,104247,5682051,deprecated,0x3e5b5e39,"addPrecommitment(address beneficiary, uint256 tokensAllocated, bool halfVesting)",20166788
4894755,1515739067,0xc2b6d57c946489fdb8c278e61a309f3eb4f4a2d05f3c74061a45c80d75b87a5c,3013,0xf2ab5ed8d567c1e1c06ae9456fa29cf2d55b622b38c4864a16b3ca76e997dbd9,0x8d4b2cffe2dcbbf06eaa5920401db86ca5fb8177,0x4cc19356f2d37338b9802aa8e8fc58b0373296e7,0xba3cbd319037509c00d9bfcc67232e448af4b2e3,1306825173333330000000000,SelfKey,KEY,18,99,119311,50000000000,104311,5786362,deprecated,0x3e5b5e39,"addPrecommitment(address beneficiary, uint256 tokensAllocated, bool halfVesting)",20166788
4894755,1515739067,0xaf00a67719ecac8b82fb5bcf17cf8df28b3f78f6a6b5c8d6f3159eba2fe7e1b3,3014,0xf2ab5ed8d567c1e1c06ae9456fa29cf2d55b622b38c4864a16b3ca76e997dbd9,0x8d4b2cffe2dcbbf06eaa5920401db86ca5fb8177,0x4cc19356f2d37338b9802aa8e8fc58b0373296e7,0x2db3a2f40bfe6015a7557f4bf04837b78701840e,94242200000000000000000,SelfKey,KEY,18,100,119247,50000000000,104247,5890609,deprecated,0x3e5b5e39,"addPrecommitment(address beneficiary, uint256 tokensAllocated, bool halfVesting)",20166788
4894755,1515739067,0x88f280656fb3905625925ac33ebe94adf2b3f7755e15b6590d827f1488f3431d,3015,0xf2ab5ed8d567c1e1c06ae9456fa29cf2d55b622b38c4864a16b3ca76e997dbd9,0x8d4b2cffe2dcbbf06eaa5920401db86ca5fb8177,0x4cc19356f2d37338b9802aa8e8fc58b0373296e7,0x7d474205babf11fcebdf1e150cac2bf56369cf97,94242200000000000000000,SelfKey,KEY,18,101,119247,50000000000,104247,5994856,deprecated,0x3e5b5e39,"addPrecommitment(address beneficiary, uint256 tokensAllocated, bool halfVesting)",20166788
4894755,1515739067,0x32d763f41bd1ca11f3324a247312566597a1a1ee8d2561b39f9a792a928358ef,3016,0xf2ab5ed8d567c1e1c06ae9456fa29cf2d55b622b38c4864a16b3ca76e997dbd9,0x8d4b2cffe2dcbbf06eaa5920401db86ca5fb8177,0x4cc19356f2d37338b9802aa8e8fc58b0373296e7,0xab77098809ac622c930151954cc98d231706e985,276443786666667000000000,SelfKey,KEY,18,102,119311,50000000000,59311,6054167,deprecated,0x3e5b5e39,"addPrecommitment(address beneficiary, uint256 tokensAllocated, bool halfVesting)",20166788
4894755,1515739067,0x8df9bddfb2bd3131e917e38ba8b1d4ff0ba954f33c49700d3a49a1fc865c4112,3017,0xf2ab5ed8d567c1e1c06ae9456fa29cf2d55b622b38c4864a16b3ca76e997dbd9,0x8d4b2cffe2dcbbf06eaa5920401db86ca5fb8177,0x4cc19356f2d37338b9802aa8e8fc58b0373296e7,0xc7a1f77a22f375bf31336dfc32da2c69cd0f1391,188484400000000000000000,SelfKey,KEY,18,103,119247,50000000000,104247,6158414,deprecated,0x3e5b5e39,"addPrecommitment(address beneficiary, uint256 tokensAllocated, bool halfVesting)",20166788
4894755,1515739067,0xc26dbac43d5c2bb8bd415b6415c85ea345d75458962d65e4b1dc523bb3f9b591,3018,0xf2ab5ed8d567c1e1c06ae9456fa29cf2d55b622b38c4864a16b3ca76e997dbd9,0x8d4b2cffe2dcbbf06eaa5920401db86ca5fb8177,0x4cc19356f2d37338b9802aa8e8fc58b0373296e7,0xbc1879b8c4f156fd55d97ab77db151388ff4eded,138221893333333000000000,SelfKey,KEY,18,104,119311,50000000000,59311,6217725,deprecated,0x3e5b5e39,"addPrecommitment(address beneficiary, uint256 tokensAllocated, bool halfVesting)",20166788
4894755,1515739067,0x1a3a2aaf8fd8628ae1a0732e042151f0a71a49e06902581b5e5f8a42b8a70a56,3019,0xf2ab5ed8d567c1e1c06ae9456fa29cf2d55b622b38c4864a16b3ca76e997dbd9,0x8d4b2cffe2dcbbf06eaa5920401db86ca5fb8177,0x4cc19356f2d37338b9802aa8e8fc58b0373296e7,0x3fce4a3b54b4ae9acae0c1b7911d4511e01090b6,251312533333333000000000,SelfKey,KEY,18,105,119311,50000000000,104311,6322036,deprecated,0x3e5b5e39,"addPrecommitment(address beneficiary, uint256 tokensAllocated, bool halfVesting)",20166788
4894755,1515739067,0xe10e88bf636e24a3ba25e224673e0e2b5ec3db3399fa950b9386303d2fb9fe47,3020,0xf2ab5ed8d567c1e1c06ae9456fa29cf2d55b622b38c4864a16b3ca76e997dbd9,0x8d4b2cffe2dcbbf06eaa5920401db86ca5fb8177,0x4cc19356f2d37338b9802aa8e8fc58b0373296e7,0x3061a2f2d0fafabc22274313cf2caedda85fd041,125656266666667000000000,SelfKey,KEY,18,106,119311,50000000000,104311,6426347,deprecated,0x3e5b5e39,"addPrecommitment(address beneficiary, uint256 tokensAllocated, bool halfVesting)",20166788
4894755,1515739067,0xb88d86293b05922e809ced45677d429faffaedee29c6aece1097a389d7fb3007,3021,0xf2ab5ed8d567c1e1c06ae9456fa29cf2d55b622b38c4864a16b3ca76e997dbd9,0x8d4b2cffe2dcbbf06eaa5920401db86ca5fb8177,0x4cc19356f2d37338b9802aa8e8fc58b0373296e7,0x766d0e306378128f486ff23012c7c87d4b508fdc,125656266666667000000000,SelfKey,KEY,18,107,119311,50000000000,104311,6530658,deprecated,0x3e5b5e39,"addPrecommitment(address beneficiary, uint256 tokensAllocated, bool halfVesting)",20166788
4894755,1515739067,0x2ff498ebe0d43c3050ee91b31d284b3453222946b2e1578fe4ba23b9c00055b9,3022,0xf2ab5ed8d567c1e1c06ae9456fa29cf2d55b622b38c4864a16b3ca76e997dbd9,0x8d4b2cffe2dcbbf06eaa5920401db86ca5fb8177,0x4cc19356f2d37338b9802aa8e8fc58b0373296e7,0x7f1938e64e03ee22e73c1b705b01944a4eeba923,1306147126463870000000000,SelfKey,KEY,18,108,119375,50000000000,104375,6635033,deprecated,0x3e5b5e39,"addPrecommitment(address beneficiary, uint256 tokensAllocated, bool halfVesting)",20166788
4894755,1515739067,0x6b19f9e27eb86038cd4208ad23af334d9a03e9a0b089dfffe47b1faa8c9be6bd,3023,0xf2ab5ed8d567c1e1c06ae9456fa29cf2d55b622b38c4864a16b3ca76e997dbd9,0x8d4b2cffe2dcbbf06eaa5920401db86ca5fb8177,0x4cc19356f2d37338b9802aa8e8fc58b0373296e7,0x237e61fa6baaf3248d4a61d98d6ab00a43448969,267019566666667000000000,SelfKey,KEY,18,109,119311,50000000000,59311,6694344,deprecated,0x3e5b5e39,"addPrecommitment(address beneficiary, uint256 tokensAllocated, bool halfVesting)",20166788
4894755,1515739067,0x005c9f9d551585f8a324424b2e34ff96b4213e2fdb1b71668ff775de97fb840a,3024,0xf2ab5ed8d567c1e1c06ae9456fa29cf2d55b622b38c4864a16b3ca76e997dbd9,0x8d4b2cffe2dcbbf06eaa5920401db86ca5fb8177,0x4cc19356f2d37338b9802aa8e8fc58b0373296e7,0xf71953b029dba0517d6eb7cbda9dd390728ddb98,94242200000000000000000,SelfKey,KEY,18,110,119247,50000000000,104247,6798591,deprecated,0x3e5b5e39,"addPrecommitment(address beneficiary, uint256 tokensAllocated, bool halfVesting)",20166788
4894755,1515739067,0x75b3038ed976d7e0fa3fcfc9232cc0261f8d834783285e3ac3feddf465c40082,3025,0xf2ab5ed8d567c1e1c06ae9456fa29cf2d55b622b38c4864a16b3ca76e997dbd9,0x8d4b2cffe2dcbbf06eaa5920401db86ca5fb8177,0x4cc19356f2d37338b9802aa8e8fc58b0373296e7,0x0d68500fabfb2daf641b9088fb17d58b7ae4cbe2,1306825173333330000000000,SelfKey,KEY,18,111,119375,50000000000,104375,6902966,deprecated,0x3e5b5e39,"addPrecommitment(address beneficiary, uint256 tokensAllocated, bool halfVesting)",20166788
4894755,1515739067,0x49de5870245349db04c478782783c02e66fcc08e38690438b0447a85b292b0c5,3026,0xf2ab5ed8d567c1e1c06ae9456fa29cf2d55b622b38c4864a16b3ca76e997dbd9,0x8d4b2cffe2dcbbf06eaa5920401db86ca5fb8177,0x4cc19356f2d37338b9802aa8e8fc58b0373296e7,0xaafa46b9d40d2d573562bbddefe6b60b4897d65c,182829868000000000000000,SelfKey,KEY,18,112,119247,50000000000,104247,7007213,deprecated,0x3e5b5e39,"addPrecommitment(address beneficiary, uint256 tokensAllocated, bool halfVesting)",20166788
4894755,1515739067,0x97082ee1f954cd53c942a866d9b4bf6b8d2471eefe6b5afedf6b9ba1211d9876,3027,0xf2ab5ed8d567c1e1c06ae9456fa29cf2d55b622b38c4864a16b3ca76e997dbd9,0x8d4b2cffe2dcbbf06eaa5920401db86ca5fb8177,0x4cc19356f2d37338b9802aa8e8fc58b0373296e7,0x35ed7e310ed3613c3447057ee9622e4e007709a8,94242200000000000000000,SelfKey,KEY,18,113,119183,50000000000,104183,7111396,deprecated,0x3e5b5e39,"addPrecommitment(address beneficiary, uint256 tokensAllocated, bool halfVesting)",20166788
4894755,1515739067,0x51d3aa6fc79ef6d0a242e551c767807225d595d35e0030db77891f82b80a0bab,3028,0xf2ab5ed8d567c1e1c06ae9456fa29cf2d55b622b38c4864a16b3ca76e997dbd9,0x8d4b2cffe2dcbbf06eaa5920401db86ca5fb8177,0x4cc19356f2d37338b9802aa8e8fc58b0373296e7,0x4a6516ae0069b655bcb28d0b992915be8fb0d8e1,131939080000000000000000,SelfKey,KEY,18,114,119183,50000000000,104183,7215579,deprecated,0x3e5b5e39,"addPrecommitment(address beneficiary, uint256 tokensAllocated, bool halfVesting)",20166788
4894755,1515739067,0x5afeb08b011d372fa0f17d9da56ebf789af16ac06528ea7dc01199c08eddaee1,3029,0xf2ab5ed8d567c1e1c06ae9456fa29cf2d55b622b38c4864a16b3ca76e997dbd9,0x8d4b2cffe2dcbbf06eaa5920401db86ca5fb8177,0x4cc19356f2d37338b9802aa8e8fc58b0373296e7,0x605c8418be0667a74c4f06a26246d0bbb61cb267,314140666666667000000000,SelfKey,KEY,18,115,119311,50000000000,104311,7319890,deprecated,0x3e5b5e39,"addPrecommitment(address beneficiary, uint256 tokensAllocated, bool halfVesting)",20166788
4894755,1515739067,0xb5cd0c31b8451fee231baf553d2eb9c2e06fc70f25df0e602f9d9c1dc0c8c410,3030,0xf2ab5ed8d567c1e1c06ae9456fa29cf2d55b622b38c4864a16b3ca76e997dbd9,0x8d4b2cffe2dcbbf06eaa5920401db86ca5fb8177,0x4cc19356f2d37338b9802aa8e8fc58b0373296e7,0x287618ab37f08af01e04be55fa5cf07f187dce0e,1306825173333330000000000,SelfKey,KEY,18,116,119375,50000000000,104375,7424265,deprecated,0x3e5b5e39,"addPrecommitment(address beneficiary, uint256 tokensAllocated, bool halfVesting)",20166788
4894755,1515739067,0xb92ef7c89aa49b50e9da92817fc695dd2a3df19a569104d68d6471ad6e384e74,3031,0xf2ab5ed8d567c1e1c06ae9456fa29cf2d55b622b38c4864a16b3ca76e997dbd9,0x8d4b2cffe2dcbbf06eaa5920401db86ca5fb8177,0x4cc19356f2d37338b9802aa8e8fc58b0373296e7,0xb0ec49fc7b5a6018ead85934aad4ccd725fddfda,942394292793200000000000,SelfKey,KEY,18,117,119311,50000000000,104311,7528576,deprecated,0x3e5b5e39,"addPrecommitment(address beneficiary, uint256 tokensAllocated, bool halfVesting)",20166788
4894755,1515739067,0x48fdb435b2edd0acc2700de31c73cc8f95bf6a8f63d31e6368f778ee112bdcf0,3032,0xf2ab5ed8d567c1e1c06ae9456fa29cf2d55b622b38c4864a16b3ca76e997dbd9,0x8d4b2cffe2dcbbf06eaa5920401db86ca5fb8177,0x4cc19356f2d37338b9802aa8e8fc58b0373296e7,0x49947611ceb32bf0837c5cb3f58680c0b1e00096,125289350368000000000000,SelfKey,KEY,18,118,119183,50000000000,104183,7632759,deprecated,0x3e5b5e39,"addPrecommitment(address beneficiary, uint256 tokensAllocated, bool halfVesting)",20166788
4894755,1515739067,0xb117fbf056f27b921985d0aa8bbefaba69da536bea6668ba9cf2771b1c54eb63,3033,0xf2ab5ed8d567c1e1c06ae9456fa29cf2d55b622b38c4864a16b3ca76e997dbd9,0x8d4b2cffe2dcbbf06eaa5920401db86ca5fb8177,0x4cc19356f2d37338b9802aa8e8fc58b0373296e7,0xbc572175af4b9182e94b56b4da194785dc6984a5,96668794030137300000000,SelfKey,KEY,18,119,119311,50000000000,104311,7737070,deprecated,0x3e5b5e39,"addPrecommitment(address beneficiary, uint256 tokensAllocated, bool halfVesting)",20166788
4894755,1515739067,0x24f5fcc2793e0c1c4b4059daf07c9b244ec88b8995fa58f2bb6fe555a467ab3d,3034,0xf2ab5ed8d567c1e1c06ae9456fa29cf2d55b622b38c4864a16b3ca76e997dbd9,0x8d4b2cffe2dcbbf06eaa5920401db86ca5fb8177,0x4cc19356f2d37338b9802aa8e8fc58b0373296e7,0xbc572175af4b9182e94b56b4da194785dc6984a5,473704279936514000000000,SelfKey,KEY,18,120,119311,50000000000,59311,7796381,deprecated,0x3e5b5e39,"addPrecommitment(address beneficiary, uint256 tokensAllocated, bool halfVesting)",20166788
4894755,1515739067,0x0a9fc65cb8ba15b8c9356a4c3f035a64025bc7cf2b6726b2a8c0d6b0a178d5a2,3035,0xf2ab5ed8d567c1e1c06ae9456fa29cf2d55b622b38c4864a16b3ca76e997dbd9,0x8d4b2cffe2dcbbf06eaa5920401db86ca5fb8177,0x4cc19356f2d37338b9802aa8e8fc58b0373296e7,0x7d4a125454fb8f5f0e5122c2d9c6297199f5b2a6,97103028160545400000000,SelfKey,KEY,18,121,119311,50000000000,104311,7900692,deprecated,0x3e5b5e39,"addPrecommitment(address beneficiary, uint256 tokensAllocated, bool halfVesting)",20166788
4894757,1515739079,0xc5b261c43fda3c7512012f3565bd61aa53ab813155c2a70a71bbfeb557a9f699,3036,0x1a6736d231510617fdf452378c15ab30047c9a6e3bfddf22788b9beb977aa831,0x8d4b2cffe2dcbbf06eaa5920401db86ca5fb8177,0x4cc19356f2d37338b9802aa8e8fc58b0373296e7,0x203aa5f63b0f4d1a1308ec559a933d1280af1c5b,1306825173333330000000000,SelfKey,KEY,18,49,119375,50000000000,104375,1698608,deprecated,0x3e5b5e39,"addPrecommitment(address beneficiary, uint256 tokensAllocated, bool halfVesting)",20166786
4894757,1515739079,0xa79563231ea35e2f425874e874e8a28f5a2806a4a583854e6d2579ba2a8a5a0c,3037,0x1a6736d231510617fdf452378c15ab30047c9a6e3bfddf22788b9beb977aa831,0x8d4b2cffe2dcbbf06eaa5920401db86ca5fb8177,0x4cc19356f2d37338b9802aa8e8fc58b0373296e7,0x9c32ba838fd48861d8c7e722973ab71122b3c07e,1225148600000000000000000,SelfKey,KEY,18,79,119311,50000000000,104311,3636032,deprecated,0x3e5b5e39,"addPrecommitment(address beneficiary, uint256 tokensAllocated, bool halfVesting)",20166786
4894757,1515739079,0xaa8f64da601d6ce1ea336f0f797e961ec52a7c582549ed0080e147d23b258b3a,3038,0x1a6736d231510617fdf452378c15ab30047c9a6e3bfddf22788b9beb977aa831,0x8d4b2cffe2dcbbf06eaa5920401db86ca5fb8177,0x4cc19356f2d37338b9802aa8e8fc58b0373296e7,0xdb05620330d8e2b84ca5ba6a9a32feffbe2ae45a,1225148600000000000000000,SelfKey,KEY,18,89,119311,50000000000,104311,4004096,deprecated,0x3e5b5e39,"addPrecommitment(address beneficiary, uint256 tokensAllocated, bool halfVesting)",20166786
4894757,1515739079,0x2447ceb5d42bfc42e6b4cd75dca41ace079f07b5a7d9e027e56f16fabe25ad50,3039,0x1a6736d231510617fdf452378c15ab30047c9a6e3bfddf22788b9beb977aa831,0x8d4b2cffe2dcbbf06eaa5920401db86ca5fb8177,0x4cc19356f2d37338b9802aa8e8fc58b0373296e7,0x0162d575d4eee87ba50e92f9f5e46983e60a9af5,94242200000000000000000,SelfKey,KEY,18,96,119247,50000000000,104247,4263451,deprecated,0x3e5b5e39,"addPrecommitment(address beneficiary, uint256 tokensAllocated, bool halfVesting)",20166786
4894757,1515739079,0xad7e18205a54907e85f584fce4fd9198de0084edfcb947884192e06ea079faa1,3040,0x1a6736d231510617fdf452378c15ab30047c9a6e3bfddf22788b9beb977aa831,0x8d4b2cffe2dcbbf06eaa5920401db86ca5fb8177,0x4cc19356f2d37338b9802aa8e8fc58b0373296e7,0xcffb55672646c6f60241856dcb05623230a3c695,100525013333333000000000,SelfKey,KEY,18,101,119311,50000000000,104311,4480755,deprecated,0x3e5b5e39,"addPrecommitment(address beneficiary, uint256 tokensAllocated, bool halfVesting)",20166786
4894757,1515739079,0x4c39f0390da5ce6b2d7b7e515cd00935f44daa46dbf3986f9adeef1c75af7e1d,3041,0x1a6736d231510617fdf452378c15ab30047c9a6e3bfddf22788b9beb977aa831,0x8d4b2cffe2dcbbf06eaa5920401db86ca5fb8177,0x4cc19356f2d37338b9802aa8e8fc58b0373296e7,0x8c0db7335d80784b70d3101391ac221e44f0b1cb,485230242618037000000000,SelfKey,KEY,18,105,119311,50000000000,104311,4677123,deprecated,0x3e5b5e39,"addPrecommitment(address beneficiary, uint256 tokensAllocated, bool halfVesting)",20166786
4894757,1515739079,0x535aa708e59c48c725227a5e5c71e5817c6d7c9d496431715d9527ccb170f378,3042,0x1a6736d231510617fdf452378c15ab30047c9a6e3bfddf22788b9beb977aa831,0x8d4b2cffe2dcbbf06eaa5920401db86ca5fb8177,0x4cc19356f2d37338b9802aa8e8fc58b0373296e7,0xfd90a9fbe5d1e896b93938b45885f5579ce0d1c1,62828133333333400000000,SelfKey,KEY,18,109,119311,50000000000,59311,4828491,deprecated,0x3e5b5e39,"addPrecommitment(address beneficiary, uint256 tokensAllocated, bool halfVesting)",20166786
4894757,1515739079,0xa3e88bf691c24d5df915315e2628de22a62b0a03c3c375a8490a0bf4f275b25c,3043,0x1a6736d231510617fdf452378c15ab30047c9a6e3bfddf22788b9beb977aa831,0x8d4b2cffe2dcbbf06eaa5920401db86ca5fb8177,0x4cc19356f2d37338b9802aa8e8fc58b0373296e7,0x949b82dfc04558bc4d3ca033a1b194915a3a3bee,628281333333333000000000,SelfKey,KEY,18,113,119311,50000000000,104311,5024795,deprecated,0x3e5b5e39,"addPrecommitment(address beneficiary, uint256 tokensAllocated, bool halfVesting)",20166786
4894757,1515739079,0x11f9b61b9eb87d67e297f3b17bd44c0c73e7d0dbeb4d7254cb7a466adb215918,3044,0x1a6736d231510617fdf452378c15ab30047c9a6e3bfddf22788b9beb977aa831,0x8d4b2cffe2dcbbf06eaa5920401db86ca5fb8177,0x4cc19356f2d37338b9802aa8e8fc58b0373296e7,0x981de63564981578c1b620f04271b44a22633a73,94242200000000000000000,SelfKey,KEY,18,117,119247,50000000000,104247,5220971,deprecated,0x3e5b5e39,"addPrecommitment(address beneficiary, uint256 tokensAllocated, bool halfVesting)",20166786
4894757,1515739079,0x4ba81be147d2df5b9c9093dfd19a30810be8cca85d317ee1e9a73803fecb5ff9,3045,0x1a6736d231510617fdf452378c15ab30047c9a6e3bfddf22788b9beb977aa831,0x8d4b2cffe2dcbbf06eaa5920401db86ca5fb8177,0x4cc19356f2d37338b9802aa8e8fc58b0373296e7,0x91769068ee1447c482692945b3c4bedd17d34ada,94242200000000000000000,SelfKey,KEY,18,121,119247,50000000000,104247,5417275,deprecated,0x3e5b5e39,"addPrecommitment(address beneficiary, uint256 tokensAllocated, bool halfVesting)",20166786
4894757,1515739079,0x0be607e87e1701a9eb4baf3569fd506df2d1592c149cd492eb611f7fa0b12564,3046,0x1a6736d231510617fdf452378c15ab30047c9a6e3bfddf22788b9beb977aa831,0x8d4b2cffe2dcbbf06eaa5920401db86ca5fb8177,0x4cc19356f2d37338b9802aa8e8fc58b0373296e7,0xd416c6553e4d40c077b6feb02a876a5b61a563ea,94242200000000000000000,SelfKey,KEY,18,124,119247,50000000000,104247,5563522,deprecated,0x3e5b5e39,"addPrecommitment(address beneficiary, uint256 tokensAllocated, bool halfVesting)",20166786
4894757,1515739079,0xfa21aa2bb40def3085cd26e017ca7457d57df1b559b184a9a2dfd70f6b26c32a,3047,0x1a6736d231510617fdf452378c15ab30047c9a6e3bfddf22788b9beb977aa831,0x8d4b2cffe2dcbbf06eaa5920401db86ca5fb8177,0x4cc19356f2d37338b9802aa8e8fc58b0373296e7,0x9d067a70e239f6bb7c91f1c564f172dca4807ea7,94242200000000000000000,SelfKey,KEY,18,127,119247,50000000000,104247,5709769,deprecated,0x3e5b5e39,"addPrecommitment(address beneficiary, uint256 tokensAllocated, bool halfVesting)",20166786
4894757,1515739079,0x53eb4325e611b554e6a59ebb09bdd576cb6a577a8b6d807122dee920aa513b90,3048,0x1a6736d231510617fdf452378c15ab30047c9a6e3bfddf22788b9beb977aa831,0x8d4b2cffe2dcbbf06eaa5920401db86ca5fb8177,0x4cc19356f2d37338b9802aa8e8fc58b0373296e7,0xed24d5d6377b090357f6a73a3e184037a5f176e3,188484400000000000000000,SelfKey,KEY,18,130,119247,50000000000,104247,5856016,deprecated,0x3e5b5e39,"addPrecommitment(address beneficiary, uint256 tokensAllocated, bool halfVesting)",20166786
4894759,1515739098,0x73c6c477cfa1984ca05169642873a47cc3362a3e424ff40783e6e7d55908df09,3049,0x4fbc9e07d952413fe3139c3d9edfdb064dff074620065208c9618a76b12c0985,0x8d4b2cffe2dcbbf06eaa5920401db86ca5fb8177,0x4cc19356f2d37338b9802aa8e8fc58b0373296e7,0x77203c37b10d543278f72673e405404ee4c8ddc9,125656266666667000000000,SelfKey,KEY,18,45,119311,50000000000,104311,5463881,deprecated,0x3e5b5e39,"addPrecommitment(address beneficiary, uint256 tokensAllocated, bool halfVesting)",20166784
4894761,1515739126,0xff96696b5ebff10bab77ce549fe599990b75edb3c067c077acc368d0089a5535,3050,0xc568c24c029b15c00ed2dc8cd84a18a126c452b7d621d09c38c2e8ac77657279,0x8d4b2cffe2dcbbf06eaa5920401db86ca5fb8177,0x4cc19356f2d37338b9802aa8e8fc58b0373296e7,0xf26d81948a79349993ca5a288c10d1e76a5af00c,1306825173333330000000000,SelfKey,KEY,18,203,119375,50000000000,104375,5801100,deprecated,0x3e5b5e39,"addPrecommitment(address beneficiary, uint256 tokensAllocated, bool halfVesting)",20166782
4894763,1515739157,0x27a63b74e18f2d3dfef778472ba73bc52b43328d4980c593e9d413c479dd145f,3051,0x0221eff5ba93d72e1268101f15dd78c033feb0862983efc4f7b02bb9003a5b81,0x8d4b2cffe2dcbbf06eaa5920401db86ca5fb8177,0x4cc19356f2d37338b9802aa8e8fc58b0373296e7,0x3cf57a0eec743b4594735ebcd5f881ec1eeb3db2,157070333333333000000000,SelfKey,KEY,18,219,119311,50000000000,104311,5998098,deprecated,0x3e5b5e39,"addPrecommitment(address beneficiary, uint256 tokensAllocated, bool halfVesting)",20166780
4894763,1515739157,0x222c8c7dc142fc73bd9f6c2feec00fd6e0a458e066b582b90809307b71c08341,3052,0x0221eff5ba93d72e1268101f15dd78c033feb0862983efc4f7b02bb9003a5b81,0x8d4b2cffe2dcbbf06eaa5920401db86ca5fb8177,0x4cc19356f2d37338b9802aa8e8fc58b0373296e7,0x339d134b2d5b4c76645d93b1a6605586442598d9,157070333333333000000000,SelfKey,KEY,18,220,119311,50000000000,104311,6102409,deprecated,0x3e5b5e39,"addPrecommitment(address beneficiary, uint256 tokensAllocated, bool halfVesting)",20166780
4894763,1515739157,0x67fd125661b6715220eb06d1a4f1ffc0fe140c17b72bbb9a63f47795cffcb878,3053,0x0221eff5ba93d72e1268101f15dd78c033feb0862983efc4f7b02bb9003a5b81,0x8d4b2cffe2dcbbf06eaa5920401db86ca5fb8177,0x4cc19356f2d37338b9802aa8e8fc58b0373296e7,0xe188c3778880193ce670828db4fdacc98c117338,125656266666667000000000,SelfKey,KEY,18,221,119311,50000000000,104311,6206720,deprecated,0x3e5b5e39,"addPrecommitment(address beneficiary, uint256 tokensAllocated, bool halfVesting)",20166780
4894763,1515739157,0x89bc3b16071b346834191149da799b0e30a6e1d91200019c8f8a171f009fba3f,3054,0x0221eff5ba93d72e1268101f15dd78c033feb0862983efc4f7b02bb9003a5b81,0x8d4b2cffe2dcbbf06eaa5920401db86ca5fb8177,0x4cc19356f2d37338b9802aa8e8fc58b0373296e7,0x2a90e92ab57fc73e92f0471ab9e20cae55fd7384,125656266666667000000000,SelfKey,KEY,18,222,119311,50000000000,104311,6311031,deprecated,0x3e5b5e39,"addPrecommitment(address beneficiary, uint256 tokensAllocated, bool halfVesting)",20166780
4894763,1515739157,0x612f089959166b5434407ce0d46776910bba17b6c8c1fbcdd87c5a115bd05de8,3055,0x0221eff5ba93d72e1268101f15dd78c033feb0862983efc4f7b02bb9003a5b81,0x8d4b2cffe2dcbbf06eaa5920401db86ca5fb8177,0x4cc19356f2d37338b9802aa8e8fc58b0373296e7,0x2155b2001063ef28292261f09de9542fe1726b34,628281333333333000000000,SelfKey,KEY,18,223,119247,50000000000,104247,6415278,deprecated,0x3e5b5e39,"addPrecommitment(address beneficiary, uint256 tokensAllocated, bool halfVesting)",20166780
4894763,1515739157,0x76792774ef9ac15f57a00fb9a8416111d4129873086fa396edd4ed3b0f23f0db,3056,0x0221eff5ba93d72e1268101f15dd78c033feb0862983efc4f7b02bb9003a5b81,0x8d4b2cffe2dcbbf06eaa5920401db86ca5fb8177,0x4cc19356f2d37338b9802aa8e8fc58b0373296e7,0x2210e36e5e02f5ad4253758c3323ea3308cdc0cb,598356400993093000000000,SelfKey,KEY,18,224,119311,50000000000,104311,6519589,deprecated,0x3e5b5e39,"addPrecommitment(address beneficiary, uint256 tokensAllocated, bool halfVesting)",20166780
4894763,1515739157,0xf984a66511ded1865f39dd7f08905d531e11da6b937662e082dfe6702db51e4c,3057,0x0221eff5ba93d72e1268101f15dd78c033feb0862983efc4f7b02bb9003a5b81,0x8d4b2cffe2dcbbf06eaa5920401db86ca5fb8177,0x4cc19356f2d37338b9802aa8e8fc58b0373296e7,0x70e91068cf1d2baa76b779dda50fbc1399f35b10,452362560000000000000000,SelfKey,KEY,18,225,119247,50000000000,104247,6623836,deprecated,0x3e5b5e39,"addPrecommitment(address beneficiary, uint256 tokensAllocated, bool halfVesting)",20166780
4894763,1515739157,0x31067b7d55fd429c37873d4d0078a894d593f961704999104d27cd1b6fcd1e83,3058,0x0221eff5ba93d72e1268101f15dd78c033feb0862983efc4f7b02bb9003a5b81,0x8d4b2cffe2dcbbf06eaa5920401db86ca5fb8177,0x4cc19356f2d37338b9802aa8e8fc58b0373296e7,0xad030685581d76f32afc14f5a0aac4aa162dd732,94242200000000000000000,SelfKey,KEY,18,226,119247,50000000000,104247,6728083,deprecated,0x3e5b5e39,"addPrecommitment(address beneficiary, uint256 tokensAllocated, bool halfVesting)",20166780
4894763,1515739157,0xd98d8cc37bfb51ae422287051c3ee2b5e46a46502cd22853c562cee2f4541063,3059,0x0221eff5ba93d72e1268101f15dd78c033feb0862983efc4f7b02bb9003a5b81,0x8d4b2cffe2dcbbf06eaa5920401db86ca5fb8177,0x4cc19356f2d37338b9802aa8e8fc58b0373296e7,0x716ebf355d2798abdba06085874ce44705f37698,125656266666667000000000,SelfKey,KEY,18,227,119311,50000000000,104311,6832394,deprecated,0x3e5b5e39,"addPrecommitment(address beneficiary, uint256 tokensAllocated, bool halfVesting)",20166780
4894763,1515739157,0x0ec5660444dbf74a9a15b4eaf4b3a751b5081fc79d98ae17351e38d09534d293,3060,0x0221eff5ba93d72e1268101f15dd78c033feb0862983efc4f7b02bb9003a5b81,0x8d4b2cffe2dcbbf06eaa5920401db86ca5fb8177,0x4cc19356f2d37338b9802aa8e8fc58b0373296e7,0xaa5fbfcddc1a8cc93b95498880951526ee7314a5,1306825173333330000000000,SelfKey,KEY,18,228,119375,50000000000,104375,6936769,deprecated,0x3e5b5e39,"addPrecommitment(address beneficiary, uint256 tokensAllocated, bool halfVesting)",20166780
4894763,1515739157,0xf7c18f8bf8b2c44a039c6ab4ec0624ab93be8eef47ba8204b287e961d5eca864,3061,0x0221eff5ba93d72e1268101f15dd78c033feb0862983efc4f7b02bb9003a5b81,0x8d4b2cffe2dcbbf06eaa5920401db86ca5fb8177,0x4cc19356f2d37338b9802aa8e8fc58b0373296e7,0x0d5037886b34f0a389000c246a0dd256f8e5e2d4,94242200000000000000000,SelfKey,KEY,18,229,119183,50000000000,104183,7040952,deprecated,0x3e5b5e39,"addPrecommitment(address beneficiary, uint256 tokensAllocated, bool halfVesting)",20166780
4894763,1515739157,0x49430ec092f537a728bdca5bbf60c29c5bfe99fe4a2727ef1d6a1def91bd4613,3062,0x0221eff5ba93d72e1268101f15dd78c033feb0862983efc4f7b02bb9003a5b81,0x8d4b2cffe2dcbbf06eaa5920401db86ca5fb8177,0x4cc19356f2d37338b9802aa8e8fc58b0373296e7,0x000000060d5f3af420ba8ce05d7b6151b62931e6,628281333333333000000000,SelfKey,KEY,18,230,119119,50000000000,104119,7145071,deprecated,0x3e5b5e39,"addPrecommitment(address beneficiary, uint256 tokensAllocated, bool halfVesting)",20166780
4894763,1515739157,0xc686f2cbb90b604581599b1f3eafd74c975f3c18154e43fd09bce293e61393cd,3063,0x0221eff5ba93d72e1268101f15dd78c033feb0862983efc4f7b02bb9003a5b81,0x8d4b2cffe2dcbbf06eaa5920401db86ca5fb8177,0x4cc19356f2d37338b9802aa8e8fc58b0373296e7,0x2f13d7fc5aae01195a86ee69fa8b430379859cac,414436966208902000000000,SelfKey,KEY,18,231,119311,50000000000,104311,7249382,deprecated,0x3e5b5e39,"addPrecommitment(address beneficiary, uint256 tokensAllocated, bool halfVesting)",20166780
4894763,1515739157,0x09e0714197e7c64b369cb47bec37177e1b3748e6b805ce17208fbcc9b9d75ff6,3064,0x0221eff5ba93d72e1268101f15dd78c033feb0862983efc4f7b02bb9003a5b81,0x8d4b2cffe2dcbbf06eaa5920401db86ca5fb8177,0x4cc19356f2d37338b9802aa8e8fc58b0373296e7,0x599de8999945129bcab8fc79cf17c9568c8e5ffa,219898466666667000000000,SelfKey,KEY,18,232,119311,50000000000,104311,7353693,deprecated,0x3e5b5e39,"addPrecommitment(address beneficiary, uint256 tokensAllocated, bool halfVesting)",20166780
4894763,1515739157,0xbef05b3bb7e28c5935e8e9be067bba8616ed92e4df2724e5070593e921bf0b5d,3065,0x0221eff5ba93d72e1268101f15dd78c033feb0862983efc4f7b02bb9003a5b81,0x8d4b2cffe2dcbbf06eaa5920401db86ca5fb8177,0x4cc19356f2d37338b9802aa8e8fc58b0373296e7,0xee6c88b1ef8ba8ceb2a23dcd20779e7babe03cd2,113090640000000000000000,SelfKey,KEY,18,233,119247,50000000000,59247,7412940,deprecated,0x3e5b5e39,"addPrecommitment(address beneficiary, uint256 tokensAllocated, bool halfVesting)",20166780
4894763,1515739157,0xf94c767a473476637743938b14b2d5deab45ea77eb943b64b042016ace8dc652,3066,0x0221eff5ba93d72e1268101f15dd78c033feb0862983efc4f7b02bb9003a5b81,0x8d4b2cffe2dcbbf06eaa5920401db86ca5fb8177,0x4cc19356f2d37338b9802aa8e8fc58b0373296e7,0x1737f0833e2f5e5bf4c8452899944e124b6dcc3c,94242200000000000000000,SelfKey,KEY,18,234,119247,50000000000,104247,7517187,deprecated,0x3e5b5e39,"addPrecommitment(address beneficiary, uint256 tokensAllocated, bool halfVesting)",20166780
4894763,1515739157,0x1f54df49ec03d35cbfa1d31f8d270c862aaf8e92721c927e1f5ed308f74f6649,3067,0x0221eff5ba93d72e1268101f15dd78c033feb0862983efc4f7b02bb9003a5b81,0x8d4b2cffe2dcbbf06eaa5920401db86ca5fb8177,0x4cc19356f2d37338b9802aa8e8fc58b0373296e7,0x84826c5a233e996caa9e4f68d59915e1d8cca674,94242200000000000000000,SelfKey,KEY,18,235,119247,50000000000,104247,7621434,deprecated,0x3e5b5e39,"addPrecommitment(address beneficiary, uint256 tokensAllocated, bool halfVesting)",20166780
4894763,1515739157,0x819cb20018551eed46cae6e33e9d3c303cab82497133155b75e2803577b58d27,3068,0x0221eff5ba93d72e1268101f15dd78c033feb0862983efc4f7b02bb9003a5b81,0x8d4b2cffe2dcbbf06eaa5920401db86ca5fb8177,0x4cc19356f2d37338b9802aa8e8fc58b0373296e7,0x437bdba1190d978899617db2481f42d7ed6c2c37,314140666666667000000000,SelfKey,KEY,18,236,119311,50000000000,59311,7680745,deprecated,0x3e5b5e39,"addPrecommitment(address beneficiary, uint256 tokensAllocated, bool halfVesting)",20166780
4894763,1515739157,0x78fc78ce3e3cf4b7891dc4a912f27c0ce742402e34c68473f173ee71c99d02e3,3069,0x0221eff5ba93d72e1268101f15dd78c033feb0862983efc4f7b02bb9003a5b81,0x8d4b2cffe2dcbbf06eaa5920401db86ca5fb8177,0x4cc19356f2d37338b9802aa8e8fc58b0373296e7,0x4ae6ad1c9b093ff180c898021e13aba9d42c4347,94242200000000000000000,SelfKey,KEY,18,237,119247,50000000000,104247,7784992,deprecated,0x3e5b5e39,"addPrecommitment(address beneficiary, uint256 tokensAllocated, bool halfVesting)",20166780
4894763,1515739157,0x0fba344f6cf58472f5181be2dd400914e99886b3498332c29a2e2d83eb9f167c,3070,0x0221eff5ba93d72e1268101f15dd78c033feb0862983efc4f7b02bb9003a5b81,0x8d4b2cffe2dcbbf06eaa5920401db86ca5fb8177,0x4cc19356f2d37338b9802aa8e8fc58b0373296e7,0x8c4a8da8157683e753d28767849df4e6d216c079,1306825173333330000000000,SelfKey,KEY,18,238,119375,50000000000,104375,7889367,deprecated,0x3e5b5e39,"addPrecommitment(address beneficiary, uint256 tokensAllocated, bool halfVesting)",20166780
4894766,1515739222,0xdf4e2e3dbf0afabfd8f5e1919a3d23241a203a29a088efa08708efb21513e9b9,3071,0x1bd567f410e078067e6f2cd9b3c855786bcbf7445479378b01f8552a2218724a,0x8d4b2cffe2dcbbf06eaa5920401db86ca5fb8177,0x4cc19356f2d37338b9802aa8e8fc58b0373296e7,0xa15e7b4ce1777478f70ec36b083d2ae26534da5d,314140666666667000000000,SelfKey,KEY,18,20,119311,50000000000,104311,958549,deprecated,0x3e5b5e39,"addPrecommitment(address beneficiary, uint256 tokensAllocated, bool halfVesting)",20166777
4894768,1515739236,0xd0e8ced63ae3cef550a218966ed477fc62be575d260d968318165783dac320f6,3072,0x55e4de4d84baf400b52fa3ddf3dd1f44bee5d537656591f7e518f3b8c658e2c7,0x8d4b2cffe2dcbbf06eaa5920401db86ca5fb8177,0x4cc19356f2d37338b9802aa8e8fc58b0373296e7,0x64a8416a3a16aa1a5aa11c9a5a2c995d949f2061,94242200000000000000000,SelfKey,KEY,18,217,119247,50000000000,104247,5727539,deprecated,0x3e5b5e39,"addPrecommitment(address beneficiary, uint256 tokensAllocated, bool halfVesting)",20166775
4894768,1515739236,0xf49412d15e5a59c14b98d33a96098949e24223d12bb0587e04bbbd2290be01fc,3073,0x55e4de4d84baf400b52fa3ddf3dd1f44bee5d537656591f7e518f3b8c658e2c7,0x8d4b2cffe2dcbbf06eaa5920401db86ca5fb8177,0x4cc19356f2d37338b9802aa8e8fc58b0373296e7,0x49254fca4390481cb09a46bb67a838efe3bd95a0,125656266666667000000000,SelfKey,KEY,18,218,119311,50000000000,104311,5831850,deprecated,0x3e5b5e39,"addPrecommitment(address beneficiary, uint256 tokensAllocated, bool halfVesting)",20166775
4894768,1515739236,0x57fd73825776b28bf7e386807416e5e4f3dc3d5dd7f4e541cf7305de8136cae6,3074,0x55e4de4d84baf400b52fa3ddf3dd1f44bee5d537656591f7e518f3b8c658e2c7,0x8d4b2cffe2dcbbf06eaa5920401db86ca5fb8177,0x4cc19356f2d37338b9802aa8e8fc58b0373296e7,0x0272c0fb9f751920b4eb05794221c50f472c98e1,113090640000000000000000,SelfKey,KEY,18,219,119247,50000000000,104247,5936097,deprecated,0x3e5b5e39,"addPrecommitment(address beneficiary, uint256 tokensAllocated, bool halfVesting)",20166775
4894768,1515739236,0x43ea5539878655e6516e3a586369a4974107d6ceefb60b3016c724592524f038,3075,0x55e4de4d84baf400b52fa3ddf3dd1f44bee5d537656591f7e518f3b8c658e2c7,0x8d4b2cffe2dcbbf06eaa5920401db86ca5fb8177,0x4cc19356f2d37338b9802aa8e8fc58b0373296e7,0x930b85ddbbc29c1e94a5720d3c62c6b398113ee9,125656266666667000000000,SelfKey,KEY,18,220,119311,50000000000,104311,6040408,deprecated,0x3e5b5e39,"addPrecommitment(address beneficiary, uint256 tokensAllocated, bool halfVesting)",20166775
4894768,1515739236,0x76aeca38c28b892e1ecc1e716c8e30c1a203b4c9488c2bad19c4ea940957a8c5,3076,0x55e4de4d84baf400b52fa3ddf3dd1f44bee5d537656591f7e518f3b8c658e2c7,0x8d4b2cffe2dcbbf06eaa5920401db86ca5fb8177,0x4cc19356f2d37338b9802aa8e8fc58b0373296e7,0x904569e4040e5b7630ef42b08f4ddf8a3aed1087,125656266666667000000000,SelfKey,KEY,18,221,119311,50000000000,104311,6144719,deprecated,0x3e5b5e39,"addPrecommitment(address beneficiary, uint256 tokensAllocated, bool halfVesting)",20166775
4894768,1515739236,0x863afd1232bd46181d71fe5ed3673938fbb1edb5e7ed4fe24308762e18577186,3077,0x55e4de4d84baf400b52fa3ddf3dd1f44bee5d537656591f7e518f3b8c658e2c7,0x8d4b2cffe2dcbbf06eaa5920401db86ca5fb8177,0x4cc19356f2d37338b9802aa8e8fc58b0373296e7,0x2737376e5878f489fc2d12c1466d836146bfb767,125656266666667000000000,SelfKey,KEY,18,222,119311,50000000000,104311,6249030,deprecated,0x3e5b5e39,"addPrecommitment(address beneficiary, uint256 tokensAllocated, bool halfVesting)",20166775
4894768,1515739236,0x6ddbcf1b5f81b20eb4aa4d3e5f5876a0d5a89dcc03020d1c4454b88b36ffc823,3078,0x55e4de4d84baf400b52fa3ddf3dd1f44bee5d537656591f7e518f3b8c658e2c7,0x8d4b2cffe2dcbbf06eaa5920401db86ca5fb8177,0x4cc19356f2d37338b9802aa8e8fc58b0373296e7,0x7ca7ec342125ac6cf106c76f4a2d9e3cb978c926,182201586666667000000000,SelfKey,KEY,18,223,119311,50000000000,104311,6353341,deprecated,0x3e5b5e39,"addPrecommitment(address beneficiary, uint256 tokensAllocated, bool halfVesting)",20166775
4894768,1515739236,0xa47ebb010b846b36d20c7f1f83ffcc1a5a4a49a59c6bb28093e667e51eac7154,3079,0x55e4de4d84baf400b52fa3ddf3dd1f44bee5d537656591f7e518f3b8c658e2c7,0x8d4b2cffe2dcbbf06eaa5920401db86ca5fb8177,0x4cc19356f2d37338b9802aa8e8fc58b0373296e7,0x0767fc4af91adce2c78f5f4a77835956eb5c6e94,94242200000000000000000,SelfKey,KEY,18,224,119247,50000000000,104247,6457588,deprecated,0x3e5b5e39,"addPrecommitment(address beneficiary, uint256 tokensAllocated, bool halfVesting)",20166775
4894768,1515739236,0x847cc2c24502ea020a1ad061430c5dc7b98b68aada1929e2669d0ec0893c3a12,3080,0x55e4de4d84baf400b52fa3ddf3dd1f44bee5d537656591f7e518f3b8c658e2c7,0x8d4b2cffe2dcbbf06eaa5920401db86ca5fb8177,0x4cc19356f2d37338b9802aa8e8fc58b0373296e7,0xd1ad676676b799b7c54741e06f17fdac87ed458b,439796933333333000000000,SelfKey,KEY,18,225,119311,50000000000,104311,6561899,deprecated,0x3e5b5e39,"addPrecommitment(address beneficiary, uint256 tokensAllocated, bool halfVesting)",20166775
4894768,1515739236,0xaff71c26827707ff66dc5a70574a4df83315eaca94622b4398d192fd27b7b731,3081,0x55e4de4d84baf400b52fa3ddf3dd1f44bee5d537656591f7e518f3b8c658e2c7,0x8d4b2cffe2dcbbf06eaa5920401db86ca5fb8177,0x4cc19356f2d37338b9802aa8e8fc58b0373296e7,0xf99faf3bc6f977a3a69799f97f0c6fa871e2d121,1306825173333330000000000,SelfKey,KEY,18,226,119375,50000000000,104375,6666274,deprecated,0x3e5b5e39,"addPrecommitment(address beneficiary, uint256 tokensAllocated, bool halfVesting)",20166775
4894768,1515739236,0x05f2ca880e3f561f157b153fa5e150b4c1bb1b493e92b9abdbb00e8e48963ce2,3082,0x55e4de4d84baf400b52fa3ddf3dd1f44bee5d537656591f7e518f3b8c658e2c7,0x8d4b2cffe2dcbbf06eaa5920401db86ca5fb8177,0x4cc19356f2d37338b9802aa8e8fc58b0373296e7,0x51aa47c803a20a6334e4589ca76642a68d3cfb32,314140666666667000000000,SelfKey,KEY,18,227,119311,50000000000,104311,6770585,deprecated,0x3e5b5e39,"addPrecommitment(address beneficiary, uint256 tokensAllocated, bool halfVesting)",20166775
4894768,1515739236,0xafd1da839dd283eede33cb5eca2e4370036e8a48dc6ff6ec23b0e7ede8345e1f,3083,0x55e4de4d84baf400b52fa3ddf3dd1f44bee5d537656591f7e518f3b8c658e2c7,0x8d4b2cffe2dcbbf06eaa5920401db86ca5fb8177,0x4cc19356f2d37338b9802aa8e8fc58b0373296e7,0xb748955641fa963564d3ff5f303151ac5ca5f80b,94242200000000000000000,SelfKey,KEY,18,228,119247,50000000000,104247,6874832,deprecated,0x3e5b5e39,"addPrecommitment(address beneficiary, uint256 tokensAllocated, bool halfVesting)",20166775
4894768,1515739236,0x71826d8a734a9dd5971f733a112f4766c11cef620ccf58dfa986c09c5a02e6c5,3084,0x55e4de4d84baf400b52fa3ddf3dd1f44bee5d537656591f7e518f3b8c658e2c7,0x8d4b2cffe2dcbbf06eaa5920401db86ca5fb8177,0x4cc19356f2d37338b9802aa8e8fc58b0373296e7,0xf29c684feb0dd39f45960bbc4becc9f776be4ef2,314140666666667000000000,SelfKey,KEY,18,229,119311,50000000000,104311,6979143,deprecated,0x3e5b5e39,"addPrecommitment(address beneficiary, uint256 tokensAllocated, bool halfVesting)",20166775
4894768,1515739236,0xf34172fd980872256743c6840c472ed4613f7c2448c529f89da61f36b477bf56,3085,0x55e4de4d84baf400b52fa3ddf3dd1f44bee5d537656591f7e518f3b8c658e2c7,0x8d4b2cffe2dcbbf06eaa5920401db86ca5fb8177,0x4cc19356f2d37338b9802aa8e8fc58b0373296e7,0x3384256f506520a2dc5d51aa081e5016ac6e2730,1306825173333330000000000,SelfKey,KEY,18,230,119375,50000000000,104375,7083518,deprecated,0x3e5b5e39,"addPrecommitment(address beneficiary, uint256 tokensAllocated, bool halfVesting)",20166775
4894768,1515739236,0x0598a1766ec1133b5a0d18024c4c1f3a0d6fe1263db764b497830bfc157dd95f,3086,0x55e4de4d84baf400b52fa3ddf3dd1f44bee5d537656591f7e518f3b8c658e2c7,0x8d4b2cffe2dcbbf06eaa5920401db86ca5fb8177,0x4cc19356f2d37338b9802aa8e8fc58b0373296e7,0x1e1d27ab9eb3f5bdb227097b8e887d49b0503f7e,125656266666667000000000,SelfKey,KEY,18,231,119311,50000000000,104311,7187829,deprecated,0x3e5b5e39,"addPrecommitment(address beneficiary, uint256 tokensAllocated, bool halfVesting)",20166775
4894768,1515739236,0x3da0ddef268b75f9cdc52e83c4c2e24636c9e8fbd9446ead7c835ba2db7a8f20,3087,0x55e4de4d84baf400b52fa3ddf3dd1f44bee5d537656591f7e518f3b8c658e2c7,0x8d4b2cffe2dcbbf06eaa5920401db86ca5fb8177,0x4cc19356f2d37338b9802aa8e8fc58b0373296e7,0xf95e6be275ff64cb8f3f0adfe76727614ff021a7,1306825173333330000000000,SelfKey,KEY,18,232,119375,50000000000,104375,7292204,deprecated,0x3e5b5e39,"addPrecommitment(address beneficiary, uint256 tokensAllocated, bool halfVesting)",20166775
4894768,1515739236,0xe0f368eb8a1c18281c83859550415a54f71c26273e51ddf4839529753b485391,3088,0x55e4de4d84baf400b52fa3ddf3dd1f44bee5d537656591f7e518f3b8c658e2c7,0x8d4b2cffe2dcbbf06eaa5920401db86ca5fb8177,0x4cc19356f2d37338b9802aa8e8fc58b0373296e7,0xb747f20b7b729d385a844ed200e8ce914cefc9d8,565453200000000000000000,SelfKey,KEY,18,233,119183,50000000000,104183,7396387,deprecated,0x3e5b5e39,"addPrecommitment(address beneficiary, uint256 tokensAllocated, bool halfVesting)",20166775
4894768,1515739236,0xc7f7203e2f9de1351e33226f62f8cc914c2011eb501a7687d6b31b50bc36f7c7,3089,0x55e4de4d84baf400b52fa3ddf3dd1f44bee5d537656591f7e518f3b8c658e2c7,0x8d4b2cffe2dcbbf06eaa5920401db86ca5fb8177,0x4cc19356f2d37338b9802aa8e8fc58b0373296e7,0x5dd37783cff0c26ea58d181b869cbc8cd996760e,204688840523527000000000,SelfKey,KEY,18,234,119311,50000000000,104311,7500698,deprecated,0x3e5b5e39,"addPrecommitment(address beneficiary, uint256 tokensAllocated, bool halfVesting)",20166775
4894768,1515739236,0x8784725c08daf16e490d13e834f64c1d6c6ad72bb224a261c7205e9c916296be,3090,0x55e4de4d84baf400b52fa3ddf3dd1f44bee5d537656591f7e518f3b8c658e2c7,0x8d4b2cffe2dcbbf06eaa5920401db86ca5fb8177,0x4cc19356f2d37338b9802aa8e8fc58b0373296e7,0xb22ffc3de9f03ff8c861f9417a46c5cfbce1417d,111629824956711000000000,SelfKey,KEY,18,235,119311,50000000000,104311,7605009,deprecated,0x3e5b5e39,"addPrecommitment(address beneficiary, uint256 tokensAllocated, bool halfVesting)",20166775
4894768,1515739236,0x375c37f315129197119504fd487396de84da507d9fcb588562adcd5587e308b6,3091,0x55e4de4d84baf400b52fa3ddf3dd1f44bee5d537656591f7e518f3b8c658e2c7,0x8d4b2cffe2dcbbf06eaa5920401db86ca5fb8177,0x4cc19356f2d37338b9802aa8e8fc58b0373296e7,0x49c39ab1e24fcdef954a9a8ab647a929b112d468,113090640000000000000000,SelfKey,KEY,18,236,119247,50000000000,104247,7709256,deprecated,0x3e5b5e39,"addPrecommitment(address beneficiary, uint256 tokensAllocated, bool halfVesting)",20166775
4894768,1515739236,0x70176bc548ba414646f5be36aede01eb2c7e8644ed78a4902ef52f7c7ce92b26,3092,0x55e4de4d84baf400b52fa3ddf3dd1f44bee5d537656591f7e518f3b8c658e2c7,0x8d4b2cffe2dcbbf06eaa5920401db86ca5fb8177,0x4cc19356f2d37338b9802aa8e8fc58b0373296e7,0xded754b3695d7e10759f30b0a7dce27a3f65e87f,94242200000000000000000,SelfKey,KEY,18,237,119247,50000000000,104247,7813503,deprecated,0x3e5b5e39,"addPrecommitment(address beneficiary, uint256 tokensAllocated, bool halfVesting)",20166775
4894768,1515739236,0x7ce73984ca22a685ea0d9aefae01aafaddd19be6007329cd2138ada8c560963b,3093,0x55e4de4d84baf400b52fa3ddf3dd1f44bee5d537656591f7e518f3b8c658e2c7,0x8d4b2cffe2dcbbf06eaa5920401db86ca5fb8177,0x4cc19356f2d37338b9802aa8e8fc58b0373296e7,0xb09e4b177856c95003e806e2f07ddca38257df6d,1306825173333330000000000,SelfKey,KEY,18,238,119375,50000000000,104375,7917878,deprecated,0x3e5b5e39,"addPrecommitment(address beneficiary, uint256 tokensAllocated, bool halfVesting)",20166775
4894769,1515739240,0x10c836f4e391f8e6ea2c273005d9da611a806b16d72c6cfc9360b8e2eaa53344,3094,0x8bc67563d401e7e06a7726e63d6e1eddd634e7b1057786a7ac2c52b695395633,0x8d4b2cffe2dcbbf06eaa5920401db86ca5fb8177,0x4cc19356f2d37338b9802aa8e8fc58b0373296e7,0x6bcc4873ad52bb86280bcb65b01f4b8d4af44dae,1306825173333330000000000,SelfKey,KEY,18,13,119375,50000000000,104375,408573,deprecated,0x3e5b5e39,"addPrecommitment(address beneficiary, uint256 tokensAllocated, bool halfVesting)",20166774
4894769,1515739240,0x1f44fecfc4de2df3606a3f88eae6f156592d8324d07e56131cd59a4e8fec0203,3095,0x8bc67563d401e7e06a7726e63d6e1eddd634e7b1057786a7ac2c52b695395633,0x8d4b2cffe2dcbbf06eaa5920401db86ca5fb8177,0x4cc19356f2d37338b9802aa8e8fc58b0373296e7,0xdc67dbe8994aa51a2b5d248c02eed065bd314b93,175918773333333000000000,SelfKey,KEY,18,34,119311,50000000000,104311,1545133,deprecated,0x3e5b5e39,"addPrecommitment(address beneficiary, uint256 tokensAllocated, bool halfVesting)",20166774
4894769,1515739240,0xd96c4db9ed53eb9148d6b9accbdaace7df234b2862aacda77f75dd1cd646f9a0,3096,0x8bc67563d401e7e06a7726e63d6e1eddd634e7b1057786a7ac2c52b695395633,0x8d4b2cffe2dcbbf06eaa5920401db86ca5fb8177,0x4cc19356f2d37338b9802aa8e8fc58b0373296e7,0x56820b310aa226445e73025e236b9110fcdb7259,94328965652133400000000,SelfKey,KEY,18,39,119311,50000000000,104311,1796002,deprecated,0x3e5b5e39,"addPrecommitment(address beneficiary, uint256 tokensAllocated, bool halfVesting)",20166774
4894769,1515739240,0xd43df811faefcba037983a3bc35c85de3ccb27d19c7953b61e892a79836d36e3,3097,0x8bc67563d401e7e06a7726e63d6e1eddd634e7b1057786a7ac2c52b695395633,0x8d4b2cffe2dcbbf06eaa5920401db86ca5fb8177,0x4cc19356f2d37338b9802aa8e8fc58b0373296e7,0xaf302aa751058797c6ab5249cb83547a6357763a,125656266666667000000000,SelfKey,KEY,18,43,119311,50000000000,104311,1963313,deprecated,0x3e5b5e39,"addPrecommitment(address beneficiary, uint256 tokensAllocated, bool halfVesting)",20166774
4894769,1515739240,0x3e824ea5ee8cba745be5f2b95c8a7c0a7e15eb436d47e7c35248e851c2651a9a,3098,0x8bc67563d401e7e06a7726e63d6e1eddd634e7b1057786a7ac2c52b695395633,0x8d4b2cffe2dcbbf06eaa5920401db86ca5fb8177,0x4cc19356f2d37338b9802aa8e8fc58b0373296e7,0x75345839505969d776e78e39a06dcf51639c7ce6,94242200000000000000000,SelfKey,KEY,18,47,119247,50000000000,104247,2130560,deprecated,0x3e5b5e39,"addPrecommitment(address beneficiary, uint256 tokensAllocated, bool halfVesting)",20166774
4894769,1515739240,0x35e4b0a1b9879f78bcf0ca25ba0eb51d1cf76977473f07bab8d17c5c03645756,3099,0x8bc67563d401e7e06a7726e63d6e1eddd634e7b1057786a7ac2c52b695395633,0x8d4b2cffe2dcbbf06eaa5920401db86ca5fb8177,0x4cc19356f2d37338b9802aa8e8fc58b0373296e7,0xd29cf368be4116b77761464cc2e9d7dc11341592,94242200000000000000000,SelfKey,KEY,18,51,119247,50000000000,104247,2330092,deprecated,0x3e5b5e39,"addPrecommitment(address beneficiary, uint256 tokensAllocated, bool halfVesting)",20166774
4894769,1515739240,0x36704f7a307b0358bf4cc3038b864012daae23f3439a223ac3542cd3831a989f,3100,0x8bc67563d401e7e06a7726e63d6e1eddd634e7b1057786a7ac2c52b695395633,0x8d4b2cffe2dcbbf06eaa5920401db86ca5fb8177,0x4cc19356f2d37338b9802aa8e8fc58b0373296e7,0xfeec32efba1f7ae305ec3ea0b694a5f07b39f390,307857853333333000000000,SelfKey,KEY,18,54,119311,50000000000,104311,2507752,deprecated,0x3e5b5e39,"addPrecommitment(address beneficiary, uint256 tokensAllocated, bool halfVesting)",20166774
4894769,1515739240,0x198c6ac41a6ba262ba7fcf015a704833ed8351ec76e87a8d5a9d528d967fce95,3101,0x8bc67563d401e7e06a7726e63d6e1eddd634e7b1057786a7ac2c52b695395633,0x8d4b2cffe2dcbbf06eaa5920401db86ca5fb8177,0x4cc19356f2d37338b9802aa8e8fc58b0373296e7,0x40173225bc3156ba5691585695979868d6ef459a,439796933333333000000000,SelfKey,KEY,18,57,119311,50000000000,104311,2670128,deprecated,0x3e5b5e39,"addPrecommitment(address beneficiary, uint256 tokensAllocated, bool halfVesting)",20166774
4894769,1515739240,0x2d35a225872b53b6e8581d587e53b778b5dbe5ac46405db5d2abc3685bed75f5,3102,0x8bc67563d401e7e06a7726e63d6e1eddd634e7b1057786a7ac2c52b695395633,0x8d4b2cffe2dcbbf06eaa5920401db86ca5fb8177,0x4cc19356f2d37338b9802aa8e8fc58b0373296e7,0x91b4b00f54af84a1a335ad3b2df52d7fc7547ad9,106807826666667000000000,SelfKey,KEY,18,60,119311,50000000000,104311,2851088,deprecated,0x3e5b5e39,"addPrecommitment(address beneficiary, uint256 tokensAllocated, bool halfVesting)",20166774
4894769,1515739240,0x7200424d93f24b9b40ace4c683b3c6197a67949f1bd8df2855a56ff0f94532b1,3103,0x8bc67563d401e7e06a7726e63d6e1eddd634e7b1057786a7ac2c52b695395633,0x8d4b2cffe2dcbbf06eaa5920401db86ca5fb8177,0x4cc19356f2d37338b9802aa8e8fc58b0373296e7,0xd70f0187f4059eae3db73bd9ee19b983e196e617,343627923247746000000000,SelfKey,KEY,18,63,119311,50000000000,104311,3029111,deprecated,0x3e5b5e39,"addPrecommitment(address beneficiary, uint256 tokensAllocated, bool halfVesting)",20166774
4894769,1515739240,0x67f7a46f1b9414fa6339999e3326cbd453eee145cdcf02af01edc7b1fcbb519f,3104,0x8bc67563d401e7e06a7726e63d6e1eddd634e7b1057786a7ac2c52b695395633,0x8d4b2cffe2dcbbf06eaa5920401db86ca5fb8177,0x4cc19356f2d37338b9802aa8e8fc58b0373296e7,0x429ce6874d6afbf5301391973600ef5df60940f4,125656266666667000000000,SelfKey,KEY,18,66,119247,50000000000,104247,3175358,deprecated,0x3e5b5e39,"addPrecommitment(address beneficiary, uint256 tokensAllocated, bool halfVesting)",20166774
4894769,1515739240,0x9d5aecec85961f2b9bdbdf4f8e3d2c4ca01aeb1949f13cd042f37265e68ae677,3105,0x8bc67563d401e7e06a7726e63d6e1eddd634e7b1057786a7ac2c52b695395633,0x8d4b2cffe2dcbbf06eaa5920401db86ca5fb8177,0x4cc19356f2d37338b9802aa8e8fc58b0373296e7,0xc8616b4ec09128cdff39d6e4b9ac86eec471d5f2,1306825173333330000000000,SelfKey,KEY,18,69,119375,50000000000,104375,3321733,deprecated,0x3e5b5e39,"addPrecommitment(address beneficiary, uint256 tokensAllocated, bool halfVesting)",20166774
4894769,1515739240,0xedf0a84596667e718d735e01df81e37945659950e15c61e1d0413270a782f100,3106,0x8bc67563d401e7e06a7726e63d6e1eddd634e7b1057786a7ac2c52b695395633,0x8d4b2cffe2dcbbf06eaa5920401db86ca5fb8177,0x4cc19356f2d37338b9802aa8e8fc58b0373296e7,0x5f66b24de21ca95998b270b5d66ee06a92d903e9,314140666666667000000000,SelfKey,KEY,18,72,119311,50000000000,104311,3468044,deprecated,0x3e5b5e39,"addPrecommitment(address beneficiary, uint256 tokensAllocated, bool halfVesting)",20166774
4894769,1515739240,0xf5fdc73ce915c616082c5860bb1c53e4b1a673537abe20c1a8a79efec74a89f0,3107,0x8bc67563d401e7e06a7726e63d6e1eddd634e7b1057786a7ac2c52b695395633,0x8d4b2cffe2dcbbf06eaa5920401db86ca5fb8177,0x4cc19356f2d37338b9802aa8e8fc58b0373296e7,0xa2350492e16305d9c2fce6caa27dcd2b180d5595,62830018177333300000000,SelfKey,KEY,18,75,119311,50000000000,59311,3584813,deprecated,0x3e5b5e39,"addPrecommitment(address beneficiary, uint256 tokensAllocated, bool halfVesting)",20166774
