blockNumber,timeStamp,hash,nonce,blockHash,from,contractAddress,to,value,tokenName,tokenSymbol,tokenDecimal,transactionIndex,gas,gasPrice,gasUsed,cumulativeGasUsed,input,methodId,functionName,confirmations
11498340,1608575013,0x760140456d268b951f6b2fc9827ca6ae3e8d09cfdd0fdb59349070ad2f638825,47,0xb15837c143ab2b750d340c459195c06759e0412ea62b892b91668e833234a86b,0x0000000000000000000000000000000000000000,0x41d5d79431a913c4ae7d69a668ecdfe5ff9dfb68,0x3fcb35a1cbfb6007f9bc638d388958bc4550cb28,100000000000000000000000,Inverse DAO,INV,18,110,4108164,73000000000,4108164,11370976,deprecated,0x60806040,"atInversebrah(int248 a, uint48[] b, uint32 c, bytes20[] d, bytes30[] e)",13563199
11526101,1608943929,0x7b33241ba4740a37fc6c7472f73be8f18c0bd6d9dade9295c54f20da382c642e,63,0x0b366f18da08cc132fd28c3dd3115b52b157c626029fd4f45194948362592e8e,0x3fcb35a1cbfb6007f9bc638d388958bc4550cb28,0x41d5d79431a913c4ae7d69a668ecdfe5ff9dfb68,0xe810281d189f19572b5250556369c39f5ebc6b00,56000000000000000000000,Inverse DAO,INV,18,157,86635,87000000000,57757,9502338,deprecated,0xa9059cbb,"transfer(address _to, uint256 _value)",13535438
11526143,1608944374,0x380932a77be45aaa257b1f56000984e455c38f142f9e56c37218ab1791a9e45c,63,0xb255b9615723702cf8b58773806912a5b731fdb08136ed4473a58d838f38d023,0xe810281d189f19572b5250556369c39f5ebc6b00,0x41d5d79431a913c4ae7d69a668ecdfe5ff9dfb68,0x23b43ce86e9cd75a362e24e3daf788c5a72e900f,500000000000000000000,Inverse DAO,INV,18,149,92985,86000000000,92985,8398126,deprecated,0x2e7ba6ef,"claim(uint256 index, address account, uint256 amount, bytes32[] merkleProof)",13535396
11526195,1608944939,0x8d4ff48a20ac902cf1fc9442dbb70b9b592743596da268f86c2ae5bbc4ef46a7,1362,0x9f2c6525cfcb568e47f89c95d2fc0eae73caf51b50a218b8cc9977d603c98d88,0xe810281d189f19572b5250556369c39f5ebc6b00,0x41d5d79431a913c4ae7d69a668ecdfe5ff9dfb68,0xcf5d2df906a4456ccdf863a4abea7adbb7598888,80000000000000000000,Inverse DAO,INV,18,0,330000,339000000000,92919,92919,deprecated,0x2e7ba6ef,"claim(uint256 index, address account, uint256 amount, bytes32[] merkleProof)",13535344
11526195,1608944939,0x1b555764b630ee6b61a2a73467629f3c7878c7adc4f8ed447ace93402c225cc2,874,0x9f2c6525cfcb568e47f89c95d2fc0eae73caf51b50a218b8cc9977d603c98d88,0xe810281d189f19572b5250556369c39f5ebc6b00,0x41d5d79431a913c4ae7d69a668ecdfe5ff9dfb68,0x8566bc043b12fd2fcad965d21122757a15ae1f73,80000000000000000000,Inverse DAO,INV,18,173,93021,80000000000,78021,10814132,deprecated,0x2e7ba6ef,"claim(uint256 index, address account, uint256 amount, bytes32[] merkleProof)",13535344
11526196,1608944985,0x85d30b769c17e4d480bac6bf60d88696e2d4f1d09cee4c91ac71d184d23aa33c,155,0xa3141bb9085798a05cdfae587b6bcd5e07e4151a3c4dabad858638d69d685295,0xe810281d189f19572b5250556369c39f5ebc6b00,0x41d5d79431a913c4ae7d69a668ecdfe5ff9dfb68,0x083013b0f583f61e302bc0ce590bc34346e60946,80000000000000000000,Inverse DAO,INV,18,128,112983,77000000000,77983,7753767,deprecated,0x2e7ba6ef,"claim(uint256 index, address account, uint256 amount, bytes32[] merkleProof)",13535343
11526197,1608945012,0x489a2746f80ced47eb9e6c0a09afa5e4b41d1d6b722a9216f3304a984d224ca0,4157,0xf3ac197ca3d21302de1e025b4d73a13dac3c6ed37c293556edb68058fdb71cd4,0xe810281d189f19572b5250556369c39f5ebc6b00,0x41d5d79431a913c4ae7d69a668ecdfe5ff9dfb68,0xe0e8c1d735698060477e79a8e4c20276fc2ec7a7,80000000000000000000,Inverse DAO,INV,18,56,92997,70000000000,77997,4145181,deprecated,0x2e7ba6ef,"claim(uint256 index, address account, uint256 amount, bytes32[] merkleProof)",13535342
11526197,1608945012,0x42c859fe72eb2bfad73016f46fceacdd6c23f05a21f1e1880d28678e44b9a9d0,2550,0xf3ac197ca3d21302de1e025b4d73a13dac3c6ed37c293556edb68058fdb71cd4,0xe810281d189f19572b5250556369c39f5ebc6b00,0x41d5d79431a913c4ae7d69a668ecdfe5ff9dfb68,0xf7476db5b717ac661c027e684456115ab1e728c3,80000000000000000000,Inverse DAO,INV,18,69,77961,70000000000,77961,4888259,deprecated,0x2e7ba6ef,"claim(uint256 index, address account, uint256 amount, bytes32[] merkleProof)",13535342
11526197,1608945012,0xd56b66e6b71d29bec1450942f3ece5c6ad66e563e0b75808dbaafecb3ab249da,395,0xf3ac197ca3d21302de1e025b4d73a13dac3c6ed37c293556edb68058fdb71cd4,0xe810281d189f19572b5250556369c39f5ebc6b00,0x41d5d79431a913c4ae7d69a668ecdfe5ff9dfb68,0x648aa14e4424e0825a5ce739c8c68610e143fb79,80000000000000000000,Inverse DAO,INV,18,158,77965,50000000000,77965,11464801,deprecated,0x2e7ba6ef,"claim(uint256 index, address account, uint256 amount, bytes32[] merkleProof)",13535342
11526199,1608945027,0x0210669fd9879c5f075b18ac70d025d49599862c71aa065023fcab24e1e9ba4b,468,0x2959b4a08ce647c022c3168d32edbe4fbb89b2ccfd8fddb6d77ac27c49fd8816,0xe810281d189f19572b5250556369c39f5ebc6b00,0x41d5d79431a913c4ae7d69a668ecdfe5ff9dfb68,0x60b551ea8d3b2dd53fd9e18b6243a7682608f49a,80000000000000000000,Inverse DAO,INV,18,27,78021,86000000000,78021,3249076,deprecated,0x2e7ba6ef,"claim(uint256 index, address account, uint256 amount, bytes32[] merkleProof)",13535340
11526199,1608945027,0x7de9da5b30a162ee3f37100162df52502dfd82894a5f7a33bbe3c1e8c381dfc1,817,0x2959b4a08ce647c022c3168d32edbe4fbb89b2ccfd8fddb6d77ac27c49fd8816,0xe810281d189f19572b5250556369c39f5ebc6b00,0x41d5d79431a913c4ae7d69a668ecdfe5ff9dfb68,0xf309921083cdaeb3758bc8c24a4156edfa64ca2f,80000000000000000000,Inverse DAO,INV,18,63,77985,76000000000,77985,6129875,deprecated,0x2e7ba6ef,"claim(uint256 index, address account, uint256 amount, bytes32[] merkleProof)",13535340
11526199,1608945027,0x2ed9de287ba15ce6fec6428e20bb34080797c9f7e68995ca6f7b28728d0777db,423,0x2959b4a08ce647c022c3168d32edbe4fbb89b2ccfd8fddb6d77ac27c49fd8816,0xe810281d189f19572b5250556369c39f5ebc6b00,0x41d5d79431a913c4ae7d69a668ecdfe5ff9dfb68,0x2f80e5163a7a774038753593010173322ea6f9fe,500000000000000000000,Inverse DAO,INV,18,117,77931,50000000000,77931,9213741,deprecated,0x2e7ba6ef,"claim(uint256 index, address account, uint256 amount, bytes32[] merkleProof)",13535340
11526199,1608945027,0xb3fb9a85b760ecfa03997336654540d17922bf9ef3f5f6c34ad76e7a4d25b168,164939,0x2959b4a08ce647c022c3168d32edbe4fbb89b2ccfd8fddb6d77ac27c49fd8816,0xe810281d189f19572b5250556369c39f5ebc6b00,0x41d5d79431a913c4ae7d69a668ecdfe5ff9dfb68,0x06d703811736a1cf0fa059922b6ab412a593f219,80000000000000000000,Inverse DAO,INV,18,122,436952,48500000000,236168,9911928,deprecated,0xc1169548,"execute(address _wallet, address _feature, bytes _data, uint256 _nonce, bytes _signatures, uint256 _gasPrice, uint256 _gasLimit, address _refundToken, address _refundAddress)",13535340
11526200,1608945044,0x8a988b9568114cab64a988905d7524a5542807dc963b8f9b08be612d0f51d283,296,0x699f8776851fe931a1ea1a02dad06ae24437c996a36980332346d339616849d0,0xe810281d189f19572b5250556369c39f5ebc6b00,0x41d5d79431a913c4ae7d69a668ecdfe5ff9dfb68,0x2f67149d76ffcec09fc007676371bf1866594791,80000000000000000000,Inverse DAO,INV,18,29,78019,86000000000,78019,912266,deprecated,0x2e7ba6ef,"claim(uint256 index, address account, uint256 amount, bytes32[] merkleProof)",13535339
11526200,1608945044,0x30216db94f3d3d150bca4bffd588b46e05b55a5312b6888bf5c55e56372d75a9,2178,0x699f8776851fe931a1ea1a02dad06ae24437c996a36980332346d339616849d0,0xe810281d189f19572b5250556369c39f5ebc6b00,0x41d5d79431a913c4ae7d69a668ecdfe5ff9dfb68,0xc93678ec2b974a7ae280341cefeb85984a29fff7,80000000000000000000,Inverse DAO,INV,18,105,78007,70000000000,78007,5946351,deprecated,0x2e7ba6ef,"claim(uint256 index, address account, uint256 amount, bytes32[] merkleProof)",13535339
11526201,1608945060,0x25fa593ccdd4e41741184cd844ca37be26399b9073058ffa280aab2857a5600d,371,0x9b17d3825f2245f936fe5a74641e718cc4a4033cb00100eb162df303aaca6e7c,0xe810281d189f19572b5250556369c39f5ebc6b00,0x41d5d79431a913c4ae7d69a668ecdfe5ff9dfb68,0xe71ba8ec2fa3dc20de946b84ceaa243ae7ccf2fb,80000000000000000000,Inverse DAO,INV,18,42,77957,85000000000,77957,2837448,deprecated,0x2e7ba6ef,"claim(uint256 index, address account, uint256 amount, bytes32[] merkleProof)",13535338
11526202,1608945075,0x0aa7215ea8f8a238bbbdb524e9fcb98691c161ad4eb90b225ac0efc4f21f2c19,789,0xe21b0a125881bfb2da5b94cd8fd2b69c7092780357e4a3ccd2537fe93ef3e54d,0xe810281d189f19572b5250556369c39f5ebc6b00,0x41d5d79431a913c4ae7d69a668ecdfe5ff9dfb68,0x10ccd4136471c7c266a9fc4569622989fb4cab99,80000000000000000000,Inverse DAO,INV,18,31,92981,40000000000,92981,3718624,deprecated,0x2e7ba6ef,"claim(uint256 index, address account, uint256 amount, bytes32[] merkleProof)",13535337
11526202,1608945075,0x444d7e9e82e241e010924618b3f21672dc718f08ebc54b3dff4653427bd8f32e,112,0xe21b0a125881bfb2da5b94cd8fd2b69c7092780357e4a3ccd2537fe93ef3e54d,0xe810281d189f19572b5250556369c39f5ebc6b00,0x41d5d79431a913c4ae7d69a668ecdfe5ff9dfb68,0x6dcb6d2df8ec2f78b54529b866405cceb11308c8,80000000000000000000,Inverse DAO,INV,18,37,92979,40000000000,77979,4386515,deprecated,0x2e7ba6ef,"claim(uint256 index, address account, uint256 amount, bytes32[] merkleProof)",13535337
11526202,1608945075,0x8a8414809400a1d925c21212a075cc33f69d298f3762081d3951d3d246e014f6,207,0xe21b0a125881bfb2da5b94cd8fd2b69c7092780357e4a3ccd2537fe93ef3e54d,0xe810281d189f19572b5250556369c39f5ebc6b00,0x41d5d79431a913c4ae7d69a668ecdfe5ff9dfb68,0x3cf39bc1b7453d849df3b4f34403d4efe6051b67,80000000000000000000,Inverse DAO,INV,18,61,92989,40000000000,77989,6779994,deprecated,0x2e7ba6ef,"claim(uint256 index, address account, uint256 amount, bytes32[] merkleProof)",13535337
11526202,1608945075,0x3e416eb7776cf7c170752c7bf61d317f7226ea557aa8dec000a06d68b6390f44,3095,0xe21b0a125881bfb2da5b94cd8fd2b69c7092780357e4a3ccd2537fe93ef3e54d,0xe810281d189f19572b5250556369c39f5ebc6b00,0x41d5d79431a913c4ae7d69a668ecdfe5ff9dfb68,0x4e880933aaa461a5fbd0d499f1e142d78f77c8ea,80000000000000000000,Inverse DAO,INV,18,70,77989,40000000000,77989,8062039,deprecated,0x2e7ba6ef,"claim(uint256 index, address account, uint256 amount, bytes32[] merkleProof)",13535337
11526202,1608945075,0x9b83f6f56395f4853864add2013ddcb4cbb65c0b0771b973676cb75be55baa87,2223,0xe21b0a125881bfb2da5b94cd8fd2b69c7092780357e4a3ccd2537fe93ef3e54d,0xe810281d189f19572b5250556369c39f5ebc6b00,0x41d5d79431a913c4ae7d69a668ecdfe5ff9dfb68,0x8bb18f1eeb8d170f4edfe2c5d008986171b4e572,80000000000000000000,Inverse DAO,INV,18,72,77999,40000000000,77999,8274474,deprecated,0x2e7ba6ef,"claim(uint256 index, address account, uint256 amount, bytes32[] merkleProof)",13535337
11526202,1608945075,0xd8be4a63defc500b39fec443bdb2c993ea8a126f13f498ea2d089f12965759f3,88,0xe21b0a125881bfb2da5b94cd8fd2b69c7092780357e4a3ccd2537fe93ef3e54d,0xe810281d189f19572b5250556369c39f5ebc6b00,0x41d5d79431a913c4ae7d69a668ecdfe5ff9dfb68,0xd3b325b9c7aa33c8e19f33bbcd6b2fbe3ac66fa7,80000000000000000000,Inverse DAO,INV,18,87,77985,40000000000,77985,9646939,deprecated,0x2e7ba6ef,"claim(uint256 index, address account, uint256 amount, bytes32[] merkleProof)",13535337
11526202,1608945075,0xce617c91c31cb5a9a90ef1b7ca2cb8afb2675edf60305ddeb8ab3cff75601101,5732,0xe21b0a125881bfb2da5b94cd8fd2b69c7092780357e4a3ccd2537fe93ef3e54d,0xe810281d189f19572b5250556369c39f5ebc6b00,0x41d5d79431a913c4ae7d69a668ecdfe5ff9dfb68,0x5a6398a9717b4f97b5ece97c5bfc10ad2510ec20,80000000000000000000,Inverse DAO,INV,18,117,77997,40000000000,77997,11992578,deprecated,0x2e7ba6ef,"claim(uint256 index, address account, uint256 amount, bytes32[] merkleProof)",13535337
11526203,1608945090,0x2cb94ccd1fc560c638ab30c822d671a65cf2270b7d662c838653263a14a2d6a3,649,0x0799199ef067f55666aee12a9a31b6461eb0999ceb831b90bd56f9f00151e6d4,0xe810281d189f19572b5250556369c39f5ebc6b00,0x41d5d79431a913c4ae7d69a668ecdfe5ff9dfb68,0x2492897e6138ae7e56d3d3ceb5ad76b801ec7d3f,80000000000000000000,Inverse DAO,INV,18,68,77975,83000000000,77975,6290094,deprecated,0x2e7ba6ef,"claim(uint256 index, address account, uint256 amount, bytes32[] merkleProof)",13535336
11526203,1608945090,0x4c62e120a97e8582d872405a7633dd0d83ceb06eb818aa7bf91740a7239289b5,64,0x0799199ef067f55666aee12a9a31b6461eb0999ceb831b90bd56f9f00151e6d4,0xe810281d189f19572b5250556369c39f5ebc6b00,0x41d5d79431a913c4ae7d69a668ecdfe5ff9dfb68,0x2c4f6efbd532fe31af2ec4c343cb33ca74eb312c,80000000000000000000,Inverse DAO,INV,18,138,77977,69000000000,77977,11016343,deprecated,0x2e7ba6ef,"claim(uint256 index, address account, uint256 amount, bytes32[] merkleProof)",13535336
11526204,1608945097,0xe247d527592eee76dd40dda2904526e93f438761850af8ac3360d09059f1095b,1419,0x8fe2a3a0127fcae1d797e2b6e9556243354ef4f2e4ac79d5e3ff81440aa2179f,0xe810281d189f19572b5250556369c39f5ebc6b00,0x41d5d79431a913c4ae7d69a668ecdfe5ff9dfb68,0x383f42b5de515c564641f65f5da3bd8b4a35b4b4,80000000000000000000,Inverse DAO,INV,18,125,78011,78000000000,78011,10308536,deprecated,0x2e7ba6ef,"claim(uint256 index, address account, uint256 amount, bytes32[] merkleProof)",13535335
11526205,1608945124,0xbe1e6bb59a4584a9b087e520defd9c870a5f96d8f17b4ec7767cecf9202d5b93,98,0x51d72e25e38ffd9b9ce07bfbd82572112b18906eaee5f86ef6d2bb30f2509237,0xe810281d189f19572b5250556369c39f5ebc6b00,0x41d5d79431a913c4ae7d69a668ecdfe5ff9dfb68,0x032e9ea7e5ca19937c06cfa101b5bb1b55150910,80000000000000000000,Inverse DAO,INV,18,42,92995,84000000000,77995,2648809,deprecated,0x2e7ba6ef,"claim(uint256 index, address account, uint256 amount, bytes32[] merkleProof)",13535334
11526206,1608945138,0x876a8680672eb00696738ac134c6bef24df3312558296c9343495c914ed0cb4f,1873,0x4d1d5cb2822e84ea207e4fe9e79851b33413a6eabc7e562b06e21d50a499b39c,0xe810281d189f19572b5250556369c39f5ebc6b00,0x41d5d79431a913c4ae7d69a668ecdfe5ff9dfb68,0x9129467274790d1edc42ece76453e37f138a5339,80000000000000000000,Inverse DAO,INV,18,66,77977,83000000000,77977,5887973,deprecated,0x2e7ba6ef,"claim(uint256 index, address account, uint256 amount, bytes32[] merkleProof)",13535333
11526209,1608945200,0xe28c82aebc9dfadeef6343915e00bf713790d4e94b0c9021e3120f5c6877259b,1167,0x192c17e0e4d2205a9bb7de1584c47f4b2cb1a8e5b89da90ec74612689cdbf337,0xe810281d189f19572b5250556369c39f5ebc6b00,0x41d5d79431a913c4ae7d69a668ecdfe5ff9dfb68,0xe3939654deae5f54fd3e6b84b3a7f75f245062d8,80000000000000000000,Inverse DAO,INV,18,74,77957,55000000000,77957,4437649,deprecated,0x2e7ba6ef,"claim(uint256 index, address account, uint256 amount, bytes32[] merkleProof)",13535330
11526209,1608945200,0x597c1fc1b52ec4eb329a03f557572a4dce981e956585d787456eecb88239373a,55,0x192c17e0e4d2205a9bb7de1584c47f4b2cb1a8e5b89da90ec74612689cdbf337,0xe810281d189f19572b5250556369c39f5ebc6b00,0x41d5d79431a913c4ae7d69a668ecdfe5ff9dfb68,0x99f18ae1543a2b952180aae9dbfbc3c594d14293,80000000000000000000,Inverse DAO,INV,18,76,77975,53000000000,77975,4569109,deprecated,0x2e7ba6ef,"claim(uint256 index, address account, uint256 amount, bytes32[] merkleProof)",13535330
11526210,1608945209,0x4b8d5ca03123372a47c5e34c67e56d94ab3ef8405a33bd6b2043645b5f680e98,2051,0x59b0b78f99e629b51a1455f703421ee79f9dce94306e46ad10307f1627e1c008,0xe810281d189f19572b5250556369c39f5ebc6b00,0x41d5d79431a913c4ae7d69a668ecdfe5ff9dfb68,0x25d0cff8c47f33b32192b3ea9824ac1bc550bd43,80000000000000000000,Inverse DAO,INV,18,82,77977,84000000000,77977,4228913,deprecated,0x2e7ba6ef,"claim(uint256 index, address account, uint256 amount, bytes32[] merkleProof)",13535329
11526210,1608945209,0x575998f4638e4119f2549ebd54f375f77f9a46eca4c5aa0195089a284539455f,0,0x59b0b78f99e629b51a1455f703421ee79f9dce94306e46ad10307f1627e1c008,0xe810281d189f19572b5250556369c39f5ebc6b00,0x41d5d79431a913c4ae7d69a668ecdfe5ff9dfb68,0x9291c7a4375d096ccb8a18dd1ddfc0b10179e042,80000000000000000000,Inverse DAO,INV,18,138,77997,70000000000,77997,9535261,deprecated,0x2e7ba6ef,"claim(uint256 index, address account, uint256 amount, bytes32[] merkleProof)",13535329
11526211,1608945230,0xffd3675bbbb2d20e4adf2f02f1d181afac0976e57b2da5272f6f51f97edce34e,1230,0x3316dffc1939242ddefe8436c4063733be2112d4bc1073bd8f1f3374466fee1d,0xe810281d189f19572b5250556369c39f5ebc6b00,0x41d5d79431a913c4ae7d69a668ecdfe5ff9dfb68,0x21d79c2be4ab3de2802a60da66f86d497d06102b,80000000000000000000,Inverse DAO,INV,18,47,77999,45000000000,77999,4868446,deprecated,0x2e7ba6ef,"claim(uint256 index, address account, uint256 amount, bytes32[] merkleProof)",13535328
11526211,1608945230,0xebc642afe978574727ef7e255ec753bfea57b740bf99765812508e9e511469a4,2,0x3316dffc1939242ddefe8436c4063733be2112d4bc1073bd8f1f3374466fee1d,0xe810281d189f19572b5250556369c39f5ebc6b00,0x41d5d79431a913c4ae7d69a668ecdfe5ff9dfb68,0xc8a6fdd2586af7980776dc610c159a92e9db11c3,80000000000000000000,Inverse DAO,INV,18,78,77947,44000000000,77947,6801125,deprecated,0x2e7ba6ef,"claim(uint256 index, address account, uint256 amount, bytes32[] merkleProof)",13535328
11526212,1608945236,0x5354cc791632ea1a55033869f9c902fb8bbc7120af63f05b08fe0dac4399157e,839,0x8b76e943493ac2de40466fbb21315d53273b96820bf55079922de50b618a2058,0xe810281d189f19572b5250556369c39f5ebc6b00,0x41d5d79431a913c4ae7d69a668ecdfe5ff9dfb68,0x326e90ebe2957eb593cd4210ab7e314c719acaa2,80000000000000000000,Inverse DAO,INV,18,32,78009,84000000000,78009,1495205,deprecated,0x2e7ba6ef,"claim(uint256 index, address account, uint256 amount, bytes32[] merkleProof)",13535327
11526212,1608945236,0x213045ec18d2237466359e644654a61c01aafc0a065246b2373471c8c3238b2d,469,0x8b76e943493ac2de40466fbb21315d53273b96820bf55079922de50b618a2058,0xe810281d189f19572b5250556369c39f5ebc6b00,0x41d5d79431a913c4ae7d69a668ecdfe5ff9dfb68,0x6767a7296ea3bde8c01a1678e0ba3beb2917cc80,80000000000000000000,Inverse DAO,INV,18,66,77979,65000000000,77979,4125630,deprecated,0x2e7ba6ef,"claim(uint256 index, address account, uint256 amount, bytes32[] merkleProof)",13535327
11526212,1608945236,0x5a635f15a0787e768947a0a7aa4d3bbe2c700f7adc5a001927d4c73f7b3842f5,78,0x8b76e943493ac2de40466fbb21315d53273b96820bf55079922de50b618a2058,0xe810281d189f19572b5250556369c39f5ebc6b00,0x41d5d79431a913c4ae7d69a668ecdfe5ff9dfb68,0xc437fc2272ec6baabc530d2855a3cc24bddf37b0,80000000000000000000,Inverse DAO,INV,18,107,77987,40000000000,77987,9785898,deprecated,0x2e7ba6ef,"claim(uint256 index, address account, uint256 amount, bytes32[] merkleProof)",13535327
11526214,1608945256,0xad51064ceb36d0f5a64dcc736348fde5f0cb21b0154cebc238585b11883fef29,40,0x7e9e00bf8c0c514cd2c7b9f4af5e752a176e138355ca75f3a8577695f430b987,0xe810281d189f19572b5250556369c39f5ebc6b00,0x41d5d79431a913c4ae7d69a668ecdfe5ff9dfb68,0x10ee4a1afd15073a97975236dced5d95e68477ea,80000000000000000000,Inverse DAO,INV,18,88,77973,47000000000,77973,8451471,deprecated,0x2e7ba6ef,"claim(uint256 index, address account, uint256 amount, bytes32[] merkleProof)",13535325
11526214,1608945256,0xf8623b96fcdccebcbd8bb9b2be01709890a62fbca9f1a2ccaceeeb37630d7c1b,54,0x7e9e00bf8c0c514cd2c7b9f4af5e752a176e138355ca75f3a8577695f430b987,0xe810281d189f19572b5250556369c39f5ebc6b00,0x41d5d79431a913c4ae7d69a668ecdfe5ff9dfb68,0x971aaf9a24feeb6eda62e4f39437552af19b2171,80000000000000000000,Inverse DAO,INV,18,99,77975,47000000000,77975,9469422,deprecated,0x2e7ba6ef,"claim(uint256 index, address account, uint256 amount, bytes32[] merkleProof)",13535325
11526214,1608945256,0xbf88fde7b6f783e4019fe3d6e24f145d87e674f9fc6500bf23de0cce8537da16,1300,0x7e9e00bf8c0c514cd2c7b9f4af5e752a176e138355ca75f3a8577695f430b987,0xe810281d189f19572b5250556369c39f5ebc6b00,0x41d5d79431a913c4ae7d69a668ecdfe5ff9dfb68,0xf78a149be085ff02bc5de35578d52055a47a619e,80000000000000000000,Inverse DAO,INV,18,104,250000,45000000000,78001,10338389,deprecated,0x2e7ba6ef,"claim(uint256 index, address account, uint256 amount, bytes32[] merkleProof)",13535325
11526215,1608945270,0xfbd4b75a4665846ca8e67b66e78d927381722324e583d5beddbcf39e09b786ae,769,0xe5b380b6b2fadab50119e8a3443d6fc5e663451ea722ea48245fac8f5d834d27,0xe810281d189f19572b5250556369c39f5ebc6b00,0x41d5d79431a913c4ae7d69a668ecdfe5ff9dfb68,0x072d55cfe4bf5067ba91686963a2af496122965d,80000000000000000000,Inverse DAO,INV,18,121,77997,57000000000,77997,9374543,deprecated,0x2e7ba6ef,"claim(uint256 index, address account, uint256 amount, bytes32[] merkleProof)",13535324
11526215,1608945270,0x3ca3a9ee889bc9ded91eb825f015f37b045b2429e4220c31f8201dd188d343d0,1164,0xe5b380b6b2fadab50119e8a3443d6fc5e663451ea722ea48245fac8f5d834d27,0xe810281d189f19572b5250556369c39f5ebc6b00,0x41d5d79431a913c4ae7d69a668ecdfe5ff9dfb68,0xd81a19b8b3be4912018b32ad634c0ca873f45189,80000000000000000000,Inverse DAO,INV,18,137,78017,50000000000,78017,10964141,deprecated,0x2e7ba6ef,"claim(uint256 index, address account, uint256 amount, bytes32[] merkleProof)",13535324
11526217,1608945305,0x65d960dc84ffbf80164e7c062ade18b3a5d7e90ee3219b235d4967a2f6715947,247,0xd75a055cd22d18e1b25d6eedac08192cc8bb98d188be82a5143e144c66ed2d4d,0xe810281d189f19572b5250556369c39f5ebc6b00,0x41d5d79431a913c4ae7d69a668ecdfe5ff9dfb68,0xaee01d14016abb9e27605e64e2bec3604297d785,80000000000000000000,Inverse DAO,INV,18,109,77989,47000000000,77989,9823346,deprecated,0x2e7ba6ef,"claim(uint256 index, address account, uint256 amount, bytes32[] merkleProof)",13535322
11526218,1608945315,0x3c66b4621c588de7a9de2eefed950f7019062f4a017e6df543c41a8f25c05728,1617,0x6b974612ccd842e3600293c2a39e20c37f3024cb32f7df1e587093d145b5bb4d,0xe810281d189f19572b5250556369c39f5ebc6b00,0x41d5d79431a913c4ae7d69a668ecdfe5ff9dfb68,0x9cbbda094cc0fa9217b783ace7f0c103a8265cc4,80000000000000000000,Inverse DAO,INV,18,85,77977,40000000000,77977,10076285,deprecated,0x2e7ba6ef,"claim(uint256 index, address account, uint256 amount, bytes32[] merkleProof)",13535321
11526224,1608945358,0x5c4ef7ddd7e0f48bf7dda2e48c9d8def2d95a2c60ed80666534a42207b5bdda8,2,0x5fdf6ef867df11492fa1c33c053332e60447da88d1bbf14fb9e1d3283d3f87ab,0xe810281d189f19572b5250556369c39f5ebc6b00,0x41d5d79431a913c4ae7d69a668ecdfe5ff9dfb68,0x0722692deb9c7b0b910c75e7d07c25a0ce920fe2,80000000000000000000,Inverse DAO,INV,18,107,77975,34000000000,77975,10122564,deprecated,0x2e7ba6ef,"claim(uint256 index, address account, uint256 amount, bytes32[] merkleProof)",13535315
11526227,1608945392,0xd8f0b5fa80f7964d8dd51871f30fb7e563f7a40924cf617b4197e6a8a36a44f1,627,0x1509b13bf4e8ea8e57c3f1a48563e520cf4ed8258c4e85ce67d5ce80772d83c7,0xe810281d189f19572b5250556369c39f5ebc6b00,0x41d5d79431a913c4ae7d69a668ecdfe5ff9dfb68,0x6c07102ae2cd93f9fef2d9e9022ea3c96368c3f4,80000000000000000000,Inverse DAO,INV,18,49,77953,47000000000,77953,4260757,deprecated,0x2e7ba6ef,"claim(uint256 index, address account, uint256 amount, bytes32[] merkleProof)",13535312
11526227,1608945392,0x45802deafcd049bf068b2a22b75c73e4dea79c4f8b65f17171fed6356cdf56cb,1226,0x1509b13bf4e8ea8e57c3f1a48563e520cf4ed8258c4e85ce67d5ce80772d83c7,0xe810281d189f19572b5250556369c39f5ebc6b00,0x41d5d79431a913c4ae7d69a668ecdfe5ff9dfb68,0xf63370f0a9c09d53e1a410181bd80831934efb19,80000000000000000000,Inverse DAO,INV,18,50,77999,47000000000,77999,4338756,deprecated,0x2e7ba6ef,"claim(uint256 index, address account, uint256 amount, bytes32[] merkleProof)",13535312
11526227,1608945392,0x3f65c203a1e635b30e4342fdf2f315f66029454c13b4f06d7da99fd60bb6abb5,83,0x1509b13bf4e8ea8e57c3f1a48563e520cf4ed8258c4e85ce67d5ce80772d83c7,0xe810281d189f19572b5250556369c39f5ebc6b00,0x41d5d79431a913c4ae7d69a668ecdfe5ff9dfb68,0x7015ca8433f4d5bb5eeda56d664cf1e2adfc319f,80000000000000000000,Inverse DAO,INV,18,68,78001,46000000000,78001,6790504,deprecated,0x2e7ba6ef,"claim(uint256 index, address account, uint256 amount, bytes32[] merkleProof)",13535312
11526234,1608945437,0x554cf1ac27d59794a68d6f41cdd77d5790777c269e915e0b86574aa3c5ad8380,173,0x7dbe25e74e3f7f27767fe061607bfebf245cb4e1bb118972dc230aa0d2f84c51,0xe810281d189f19572b5250556369c39f5ebc6b00,0x41d5d79431a913c4ae7d69a668ecdfe5ff9dfb68,0x91212de083d29342f670fb69ffa68176369e3b20,80000000000000000000,Inverse DAO,INV,18,138,77989,59000000000,77989,11743799,deprecated,0x2e7ba6ef,"claim(uint256 index, address account, uint256 amount, bytes32[] merkleProof)",13535305
11526235,1608945453,0xd56812e7276eaf584574e18cdb4cb7fb458c76ea73e7f08660fd4478dc609386,940,0x4f018cee0d00690cec1044244fa61136158b6996a72204e8453fd6b2dfc81aa5,0xe810281d189f19572b5250556369c39f5ebc6b00,0x41d5d79431a913c4ae7d69a668ecdfe5ff9dfb68,0x7058e797b221c661521dd32a770ed13e08d15430,80000000000000000000,Inverse DAO,INV,18,47,78007,41200000000,78007,4244081,deprecated,0x2e7ba6ef,"claim(uint256 index, address account, uint256 amount, bytes32[] merkleProof)",13535304
11526237,1608945461,0x6ae3247f3a73b6904963f2ae3774f82da0f45271d52f41ec2cf61377e5ea67c3,0,0x4807bc23901d268b7fdaeb14553d9d4bf76aa779ae5918262fc1ac9965f460cb,0xe810281d189f19572b5250556369c39f5ebc6b00,0x41d5d79431a913c4ae7d69a668ecdfe5ff9dfb68,0x9565e59c7da95bac3bb5132f1c172739205dc189,80000000000000000000,Inverse DAO,INV,18,138,78021,44000000000,78021,11518379,deprecated,0x2e7ba6ef,"claim(uint256 index, address account, uint256 amount, bytes32[] merkleProof)",13535302
11526238,1608945477,0xc290488694833db701fba673e624294fc865bcda79567861faff0238d5aa60a6,1144,0xf5e1b26fe3b8d387d2f929f44203d7add40c4f10348f54a721b1ec9b48fdc1d2,0xe810281d189f19572b5250556369c39f5ebc6b00,0x41d5d79431a913c4ae7d69a668ecdfe5ff9dfb68,0x11b6b351535e7b846d8300a7e0bf2e9cbeb47dc3,80000000000000000000,Inverse DAO,INV,18,65,77989,40000000000,77989,6282469,deprecated,0x2e7ba6ef,"claim(uint256 index, address account, uint256 amount, bytes32[] merkleProof)",13535301
11526238,1608945477,0xd88b7fa6529609d39e6ffea9fb3cfd336880411f8177666ae08c71a41e08426c,78,0xf5e1b26fe3b8d387d2f929f44203d7add40c4f10348f54a721b1ec9b48fdc1d2,0xe810281d189f19572b5250556369c39f5ebc6b00,0x41d5d79431a913c4ae7d69a668ecdfe5ff9dfb68,0x2721ee4d44f2aeeeee8c94130c458276b8268565,80000000000000000000,Inverse DAO,INV,18,82,77955,40000000000,77955,8789424,deprecated,0x2e7ba6ef,"claim(uint256 index, address account, uint256 amount, bytes32[] merkleProof)",13535301
11526241,1608945540,0x16dcfd2e704124cbae0de25213a8bdc6158365e8cb7e716c89432e7ef4a6ed60,477,0xdbcbe065835bb79e256fa47ec49350d1b495aac11e7d05f94d1b3316c2523338,0xe810281d189f19572b5250556369c39f5ebc6b00,0x41d5d79431a913c4ae7d69a668ecdfe5ff9dfb68,0x724f321c4efed5e3c7cca40168610c258c82d02f,80000000000000000000,Inverse DAO,INV,18,61,77979,83000000000,77979,6854960,deprecated,0x2e7ba6ef,"claim(uint256 index, address account, uint256 amount, bytes32[] merkleProof)",13535298
11526243,1608945577,0xc09b8cf1bc2a58f8522ffa654b87343304d9b25c41ceb2be2f8afb7d1227c045,0,0x52f86fb962b9dd19016dccb790b2f1c6cf333d5edd459ef559b4eac8ee899d31,0xe810281d189f19572b5250556369c39f5ebc6b00,0x41d5d79431a913c4ae7d69a668ecdfe5ff9dfb68,0x7a9bff113eaa70077a2b58e9605e8120ca3e6f89,80000000000000000000,Inverse DAO,INV,18,193,77975,45000000000,77975,9200160,deprecated,0x2e7ba6ef,"claim(uint256 index, address account, uint256 amount, bytes32[] merkleProof)",13535296
11526244,1608945586,0x42de5ef060c2c58f6e193a1576bc623dda0d152ba4868bd46942b171d57a1ae9,1,0x1996c8190df756b27ef5ab3322f9932b2e35cf8978cb5de7b7d028983783c223,0xe810281d189f19572b5250556369c39f5ebc6b00,0x41d5d79431a913c4ae7d69a668ecdfe5ff9dfb68,0x4db09171350be4f317a67223825abecc65482e32,80000000000000000000,Inverse DAO,INV,18,41,77999,43500500000,77999,4413619,deprecated,0x2e7ba6ef,"claim(uint256 index, address account, uint256 amount, bytes32[] merkleProof)",13535295
11526244,1608945586,0x6b21d14109d2c520e1b5a253f5988d2a5e07a79ae002cc6c10f20b2b673db103,147,0x1996c8190df756b27ef5ab3322f9932b2e35cf8978cb5de7b7d028983783c223,0xe810281d189f19572b5250556369c39f5ebc6b00,0x41d5d79431a913c4ae7d69a668ecdfe5ff9dfb68,0xf970947b24368c030fb0cf1aaef16a5ba92f5978,80000000000000000000,Inverse DAO,INV,18,105,77999,40000000000,77999,9232290,deprecated,0x2e7ba6ef,"claim(uint256 index, address account, uint256 amount, bytes32[] merkleProof)",13535295
11526244,1608945586,0xc0395fb5e044f6d33e00f061737242d1af1b420ca617475abcf5bea50f0f27f9,0,0x1996c8190df756b27ef5ab3322f9932b2e35cf8978cb5de7b7d028983783c223,0xe810281d189f19572b5250556369c39f5ebc6b00,0x41d5d79431a913c4ae7d69a668ecdfe5ff9dfb68,0x0cf6ca257f1df4af5b8a873323ce1553514d4ea9,80000000000000000000,Inverse DAO,INV,18,118,77987,40000000000,77987,10121418,deprecated,0x2e7ba6ef,"claim(uint256 index, address account, uint256 amount, bytes32[] merkleProof)",13535295
11526245,1608945592,0xebfd047345a61a366d55890f4e7a4d054a4319d316d0748933f2e839ab82e52f,0,0x7c1281ab874697582b0164180e812da7692310951699606e897889e09fea459c,0xe810281d189f19572b5250556369c39f5ebc6b00,0x41d5d79431a913c4ae7d69a668ecdfe5ff9dfb68,0x9634445e293a87ab77ca3cf5b43da94aabc544b6,80000000000000000000,Inverse DAO,INV,18,112,78001,50000000000,78001,11921737,deprecated,0x2e7ba6ef,"claim(uint256 index, address account, uint256 amount, bytes32[] merkleProof)",13535294
11526247,1608945608,0xf367630f3376e9612efd800275173dce776f9542718d167fa1267f5240ea7f00,55,0x5ee771b261710017aab57044609268985b52bfa966e0ca38d4ccd66ce5b355d1,0xe810281d189f19572b5250556369c39f5ebc6b00,0x41d5d79431a913c4ae7d69a668ecdfe5ff9dfb68,0x177ac9d52cfd3ca339137cf52fdf18bc3e565b17,80000000000000000000,Inverse DAO,INV,18,81,77977,55000000000,77977,6538554,deprecated,0x2e7ba6ef,"claim(uint256 index, address account, uint256 amount, bytes32[] merkleProof)",13535292
11526247,1608945608,0x772c1bb2162111c72d0dd9d28f3e5be52c3ec73b2bc6eddb63a1370b6fb326f9,1455,0x5ee771b261710017aab57044609268985b52bfa966e0ca38d4ccd66ce5b355d1,0xe810281d189f19572b5250556369c39f5ebc6b00,0x41d5d79431a913c4ae7d69a668ecdfe5ff9dfb68,0x95861c41e7767dc737bca90b175ad51e5f7b9ada,80000000000000000000,Inverse DAO,INV,18,113,77965,40000000000,77965,8744934,deprecated,0x2e7ba6ef,"claim(uint256 index, address account, uint256 amount, bytes32[] merkleProof)",13535292
11526249,1608945637,0x75efdca2828c1341854a2562911250d128aebd5743231594abea47e0350b5491,4,0xfa63ebc0a0e6ad9d7dba83cb35e8bb2fcb136e066fdd7c277fb2f6e3baef3751,0xe810281d189f19572b5250556369c39f5ebc6b00,0x41d5d79431a913c4ae7d69a668ecdfe5ff9dfb68,0xec7fcc357e6b810f747cbf44c2811ec1ed461d76,80000000000000000000,Inverse DAO,INV,18,84,78021,84000000000,78021,7931425,deprecated,0x2e7ba6ef,"claim(uint256 index, address account, uint256 amount, bytes32[] merkleProof)",13535290
11526253,1608945711,0xf3a63b2c649a85011515029a66971989240503017c0a826c93e0b818143aab2e,35,0x475e19326248a367c2c247befb42fd434d6cd4550065c1041e9ee9ddf46d26d2,0xe810281d189f19572b5250556369c39f5ebc6b00,0x41d5d79431a913c4ae7d69a668ecdfe5ff9dfb68,0x5e27a2447b4f19064f0014d3de3bb0777f7b84c9,80000000000000000000,Inverse DAO,INV,18,120,77999,48000000000,77999,7788425,deprecated,0x2e7ba6ef,"claim(uint256 index, address account, uint256 amount, bytes32[] merkleProof)",13535286
11526253,1608945711,0x18b993230e9621b0d427cd4a20a6a5ad865036400b0d2ef3bdd338b22519b550,759,0x475e19326248a367c2c247befb42fd434d6cd4550065c1041e9ee9ddf46d26d2,0xe810281d189f19572b5250556369c39f5ebc6b00,0x41d5d79431a913c4ae7d69a668ecdfe5ff9dfb68,0xdb4a78d9e9fb1d2bd61fb4f3cbab460cf09d4590,80000000000000000000,Inverse DAO,INV,18,129,77965,47000001459,77965,8615561,deprecated,0x2e7ba6ef,"claim(uint256 index, address account, uint256 amount, bytes32[] merkleProof)",13535286
11526253,1608945711,0x274fe094f934db364a00fdb0483519863ed1a5a286727137c6c541986ff63105,1,0x475e19326248a367c2c247befb42fd434d6cd4550065c1041e9ee9ddf46d26d2,0xe810281d189f19572b5250556369c39f5ebc6b00,0x41d5d79431a913c4ae7d69a668ecdfe5ff9dfb68,0x45b0cc5ae38dab55977f2e85952b0109d35ccd5c,80000000000000000000,Inverse DAO,INV,18,131,77991,47000000000,77991,8733418,deprecated,0x2e7ba6ef,"claim(uint256 index, address account, uint256 amount, bytes32[] merkleProof)",13535286
11526255,1608945726,0x09842b1743599d20d3083aa92e99d0b46d3e0b648775b93de477cd7b316efb42,990,0x920a301031dd992f3ade064c13f3417f99a35ad495212a93c7e353252b5d0a06,0xe810281d189f19572b5250556369c39f5ebc6b00,0x41d5d79431a913c4ae7d69a668ecdfe5ff9dfb68,0x1e6bd36167620641cc88c846b815ada76f754e5b,80000000000000000000,Inverse DAO,INV,18,18,78001,84000000000,78001,3370869,deprecated,0x2e7ba6ef,"claim(uint256 index, address account, uint256 amount, bytes32[] merkleProof)",13535284
11526256,1608945737,0x87746a481ee86c29b155e8aaffa558838c78b21df3bc177d716e2b2bde44efec,1037,0xc53a819a97c46c34340ffacc1c821d5345ad1b8be1f4ea9efb91a785d80e9bdb,0xe810281d189f19572b5250556369c39f5ebc6b00,0x41d5d79431a913c4ae7d69a668ecdfe5ff9dfb68,0xf0f32c3c8def7b43caa14fed5752abc5381c8374,80000000000000000000,Inverse DAO,INV,18,121,77969,43000001459,77969,10278477,deprecated,0x2e7ba6ef,"claim(uint256 index, address account, uint256 amount, bytes32[] merkleProof)",13535283
11526258,1608945757,0x4c5f2121dbfb8b8fe34c9bdc06644fb35aa8c1fe8e06dbd33c4e7d02c7dc54aa,0,0xcc5cfcfe65c709b4b021ba1cd56605c05ce10bee59db1a94bb7662055615a685,0xe810281d189f19572b5250556369c39f5ebc6b00,0x41d5d79431a913c4ae7d69a668ecdfe5ff9dfb68,0x7ed92dce7699927767d608f6caaa4d04bcdbb0e2,80000000000000000000,Inverse DAO,INV,18,148,77991,44000000000,77991,12459516,deprecated,0x2e7ba6ef,"claim(uint256 index, address account, uint256 amount, bytes32[] merkleProof)",13535281
11526260,1608945777,0x7880b44f3563c13b9a6055559c5849758c17f496b83f1c89fe8bfd2b5f519e33,375,0x91d2188cf09821d755b93499c0dc1367c5ed49ad595daeb83d6d2234e7c4b5ee,0xe810281d189f19572b5250556369c39f5ebc6b00,0x41d5d79431a913c4ae7d69a668ecdfe5ff9dfb68,0xef08065a06287747ebf95909c1bd432607d87033,80000000000000000000,Inverse DAO,INV,18,46,77965,84000000000,77965,3017505,deprecated,0x2e7ba6ef,"claim(uint256 index, address account, uint256 amount, bytes32[] merkleProof)",13535279
11526262,1608945844,0x083bf2d561b788ec3b37a4129b2000261a8a62f86fb203ca679d1b2dce8fbe4f,705,0x9e75390efd7def8935a1401e311735c087a28be583fec7661df65273d38b2c62,0xe810281d189f19572b5250556369c39f5ebc6b00,0x41d5d79431a913c4ae7d69a668ecdfe5ff9dfb68,0xfb578d95837a7c8c00bacc369a79d6b962305e70,80000000000000000000,Inverse DAO,INV,18,79,77967,62700000233,77967,9100922,deprecated,0x2e7ba6ef,"claim(uint256 index, address account, uint256 amount, bytes32[] merkleProof)",13535277
11526262,1608945844,0xcc6dcc2e32bc443a6469a56bf09c510dde62ab78a13e2c03decdcf4497193c3b,820,0x9e75390efd7def8935a1401e311735c087a28be583fec7661df65273d38b2c62,0xe810281d189f19572b5250556369c39f5ebc6b00,0x41d5d79431a913c4ae7d69a668ecdfe5ff9dfb68,0x61751bc401f4eabe10a238661b4a60ba84910059,80000000000000000000,Inverse DAO,INV,18,81,78019,62000000000,78019,9535257,deprecated,0x2e7ba6ef,"claim(uint256 index, address account, uint256 amount, bytes32[] merkleProof)",13535277
11526263,1608945852,0x5f33f21139a550ef5920519729b93ac447fbb0dafe2169a5ad319c7a94f140c2,29,0x4eae04b400d427af2d3e971609954783f2d3166d60855e6aa819048f13b29871,0xe810281d189f19572b5250556369c39f5ebc6b00,0x41d5d79431a913c4ae7d69a668ecdfe5ff9dfb68,0xaf0a1b3b36930ca05a7036abf68b3c04f1d1e2bd,80000000000000000000,Inverse DAO,INV,18,138,77973,48000000000,77973,9950381,deprecated,0x2e7ba6ef,"claim(uint256 index, address account, uint256 amount, bytes32[] merkleProof)",13535276
11526264,1608945856,0x7ca4c6f9ccf77c00d16e1290a1aa97b9a9d21315829b9c347b349df29ffa0758,83,0x1428e0db0daf990b67d9dfd655852fe187405b3ec040599ba8cb01003e203e47,0xe810281d189f19572b5250556369c39f5ebc6b00,0x41d5d79431a913c4ae7d69a668ecdfe5ff9dfb68,0xfce34de84d16850dc312905f664f8dcbcae24fb0,80000000000000000000,Inverse DAO,INV,18,165,77975,46000000000,77975,10683684,deprecated,0x2e7ba6ef,"claim(uint256 index, address account, uint256 amount, bytes32[] merkleProof)",13535275
11526265,1608945877,0x04893c76367bd6cfe18f715d54fe3915f1140571c0381872194b33685ca207d0,1148,0x44049d20a3cf6014413a0ce2414befb70d0a84a48aba4af561a17c2dbccf1bdf,0xe810281d189f19572b5250556369c39f5ebc6b00,0x41d5d79431a913c4ae7d69a668ecdfe5ff9dfb68,0xa618bbdcd0c02450bc3dcd3dfbab23c5b69c50f0,80000000000000000000,Inverse DAO,INV,18,131,77987,53000000000,77987,11731257,deprecated,0x2e7ba6ef,"claim(uint256 index, address account, uint256 amount, bytes32[] merkleProof)",13535274
11526267,1608945902,0x8f85b5e6952875a10340df306d2f8730d2d86ec792013b8d667ac54ce78a6f68,35,0xf2feae82cda8c9d311bd204efde4008024ef6f3206021402acaf663c5b8d06eb,0xe810281d189f19572b5250556369c39f5ebc6b00,0x41d5d79431a913c4ae7d69a668ecdfe5ff9dfb68,0xe6c99b2ea60513c954324d1e010a71a5c5a4bae7,80000000000000000000,Inverse DAO,INV,18,39,77979,80000000000,77979,3976607,deprecated,0x2e7ba6ef,"claim(uint256 index, address account, uint256 amount, bytes32[] merkleProof)",13535272
11526268,1608945910,0xe1bebba2c58fb35a1e2ce53d0c5c75456fba7cf8fcd654d9f5e28313bfe1600a,191,0x0085d80c9f23977d935b8d5ad5bfb3f737b791bf6935d48a6e65cc483319e8df,0xe810281d189f19572b5250556369c39f5ebc6b00,0x41d5d79431a913c4ae7d69a668ecdfe5ff9dfb68,0x95438c2087080c27380c7111855bf4c459be766e,80000000000000000000,Inverse DAO,INV,18,65,77987,44000000000,77987,5647707,deprecated,0x2e7ba6ef,"claim(uint256 index, address account, uint256 amount, bytes32[] merkleProof)",13535271
11526268,1608945910,0xd76106c902550ee71e2561c5537d09f1e3807a174b0342ef452e8c6ca0d7e303,279,0x0085d80c9f23977d935b8d5ad5bfb3f737b791bf6935d48a6e65cc483319e8df,0xe810281d189f19572b5250556369c39f5ebc6b00,0x41d5d79431a913c4ae7d69a668ecdfe5ff9dfb68,0x9220910945de631feec536748b56945d0fbfd2ee,80000000000000000000,Inverse DAO,INV,18,121,77989,44000000000,77989,10411505,deprecated,0x2e7ba6ef,"claim(uint256 index, address account, uint256 amount, bytes32[] merkleProof)",13535271
11526271,1608945950,0x9327febb1879c54a5f1ac66cf08ee5e971d17aaf5855b03a515c9a6fcd35b8a6,327,0x22f6b2273dd44046dd5df880a91315f727e50e5b2429cb80471a646168cc72a2,0xe810281d189f19572b5250556369c39f5ebc6b00,0x41d5d79431a913c4ae7d69a668ecdfe5ff9dfb68,0xda2e1abbf7c35bce835aeef4fbfc1d6e84dd8a19,80000000000000000000,Inverse DAO,INV,18,70,77957,45000000000,77957,7024057,deprecated,0x2e7ba6ef,"claim(uint256 index, address account, uint256 amount, bytes32[] merkleProof)",13535268
11526273,1608945963,0xdb56793ae09842c142fe44b89d1ed199eea9215ca70d82ff1a18c3c481f46b31,428,0x2b264a27c6d5dfc471d0b3c0d289ceb10c5a1080fc4d3224e5f67655e8cf3f6d,0xe810281d189f19572b5250556369c39f5ebc6b00,0x41d5d79431a913c4ae7d69a668ecdfe5ff9dfb68,0x8efd9addd8de6a4e64664d1893dec51f8c3339e9,80000000000000000000,Inverse DAO,INV,18,73,78009,42050000000,78009,7336114,deprecated,0x2e7ba6ef,"claim(uint256 index, address account, uint256 amount, bytes32[] merkleProof)",13535266
11526277,1608946021,0x40ca56b30626ce655d4849c8b20dd2e7dd8459bcae3ee9d33cff1fbe2cbd285b,158,0x56c7e9a243998cff84634e8fce977c8d53f61094c126b2fa4591357bb3afc8d6,0xe810281d189f19572b5250556369c39f5ebc6b00,0x41d5d79431a913c4ae7d69a668ecdfe5ff9dfb68,0x91c5fa6872f3a93b999843eaf06eb34a18a69a12,80000000000000000000,Inverse DAO,INV,18,169,78011,44000000000,78011,12445015,deprecated,0x2e7ba6ef,"claim(uint256 index, address account, uint256 amount, bytes32[] merkleProof)",13535262
11526278,1608946029,0xa0fe7e0c792cdff184dc7faf72780a19ddd0a1e2732475d9286b2b5bd78253c2,54,0xc777245b7f6145ca2e6bc0509c351761cf19164c6e7c4c81818c69cbb4ed8105,0xe810281d189f19572b5250556369c39f5ebc6b00,0x41d5d79431a913c4ae7d69a668ecdfe5ff9dfb68,0xe4cb252cbb37246b8bbf1541372ab4e26afae36e,80000000000000000000,Inverse DAO,INV,18,41,78001,44000000000,78001,3833657,deprecated,0x2e7ba6ef,"claim(uint256 index, address account, uint256 amount, bytes32[] merkleProof)",13535261
11526281,1608946072,0x3010cc7d27ed45208e60bfdddca4c81aac3db4e68b5b8866a680f781b3886da4,536,0x9d3424e9646a555c239260d3a3a392e121d2ddcf076bfac86dc2d2ac289955a7,0xe810281d189f19572b5250556369c39f5ebc6b00,0x41d5d79431a913c4ae7d69a668ecdfe5ff9dfb68,0x541959881e4766125980f24f8b2f89405b249df9,80000000000000000000,Inverse DAO,INV,18,71,78000,50000000000,77999,5785243,deprecated,0x2e7ba6ef,"claim(uint256 index, address account, uint256 amount, bytes32[] merkleProof)",13535258
11526286,1608946122,0x187efcb9bc3d7fd877682b06b2951e8a7cadae3080bf59b88461f5ea5d9892b6,603,0x8edeeca2998c7dc8e3c20e9622fa9a80e3e7154136ca5a19d3d405c4f4a664ab,0xe810281d189f19572b5250556369c39f5ebc6b00,0x41d5d79431a913c4ae7d69a668ecdfe5ff9dfb68,0x19cf388796c31fa7a583270d82659ecd2b4fd490,80000000000000000000,Inverse DAO,INV,18,47,77999,52000000000,77999,5637881,deprecated,0x2e7ba6ef,"claim(uint256 index, address account, uint256 amount, bytes32[] merkleProof)",13535253
11526293,1608946187,0x4357b66557db18d6c43462e77539a5b775a34008e6b6004e5aec6fe3de337ed6,0,0x072902a6d24e3e7a136c1176827d63c72b95c695e80559fdeb431d1cc2621f30,0xe810281d189f19572b5250556369c39f5ebc6b00,0x41d5d79431a913c4ae7d69a668ecdfe5ff9dfb68,0xaab2b7c70eb48c17f0f3b2c2b9fc22fa450ac87e,80000000000000000000,Inverse DAO,INV,18,27,77967,90000000000,77967,1360683,deprecated,0x2e7ba6ef,"claim(uint256 index, address account, uint256 amount, bytes32[] merkleProof)",13535246
11526301,1608946308,0x386ddf9c131611e6b83dceeb601f4834643b9a7440151159c337ce8da2ccb268,7,0xb9fe06c49292d86521916592dcbafa039739a3022b9af84541f7a718ed258959,0xe810281d189f19572b5250556369c39f5ebc6b00,0x41d5d79431a913c4ae7d69a668ecdfe5ff9dfb68,0x4ebc533bc3414124e8d003f0f1336e1c83d778d0,80000000000000000000,Inverse DAO,INV,18,142,78011,45000000000,78011,10576631,deprecated,0x2e7ba6ef,"claim(uint256 index, address account, uint256 amount, bytes32[] merkleProof)",13535238
11526301,1608946308,0x38a50e0d9c359bc6ff29125c33dc0434b9d2fd5e8ca9140720b641d73d49615f,291,0xb9fe06c49292d86521916592dcbafa039739a3022b9af84541f7a718ed258959,0xe810281d189f19572b5250556369c39f5ebc6b00,0x41d5d79431a913c4ae7d69a668ecdfe5ff9dfb68,0x3a7f7a151c796c6847a0d855d410739637892fbb,80000000000000000000,Inverse DAO,INV,18,169,77971,45000000000,77971,12428614,deprecated,0x2e7ba6ef,"claim(uint256 index, address account, uint256 amount, bytes32[] merkleProof)",13535238
11526314,1608946445,0x4f904900347a23eaa2cd19fd186ac87e3e95091cd20a9e833bf852f219af0c79,64,0x155b17ad3be0ab56d2c8486a08c92f415c64aa643d91231afdd1ea64e4ce581a,0xe810281d189f19572b5250556369c39f5ebc6b00,0x41d5d79431a913c4ae7d69a668ecdfe5ff9dfb68,0xb78faab3fc6ab3691aaddf94847ca53481e6410e,80000000000000000000,Inverse DAO,INV,18,39,77923,54000000000,77923,2122988,deprecated,0x2e7ba6ef,"claim(uint256 index, address account, uint256 amount, bytes32[] merkleProof)",13535225
11526321,1608946540,0xfc59ec54422bfc1b1446ba936831c46088fee8e33e339c6a5f2c092ba681191f,454,0x40222cbb6a78749455d4639a21a3e99e8608f87d608e922c1b99b9e1f14ef216,0xe810281d189f19572b5250556369c39f5ebc6b00,0x41d5d79431a913c4ae7d69a668ecdfe5ff9dfb68,0xe55c69cfd20cfa25651c72b84383de6104104eb4,80000000000000000000,Inverse DAO,INV,18,93,77977,55000000000,77977,6923622,deprecated,0x2e7ba6ef,"claim(uint256 index, address account, uint256 amount, bytes32[] merkleProof)",13535218
11526353,1608946978,0x6e5373ce4e547eb4cd5f70e462c461847d3eed65b2c7fcfbd3ddbdac6ddd0e42,38,0x2be4cc76a2ea9c3245a004e7169d9d3f484f0b0442b6b40bc9c7a2a9019d6dbc,0xe810281d189f19572b5250556369c39f5ebc6b00,0x41d5d79431a913c4ae7d69a668ecdfe5ff9dfb68,0xefb372dc9b7c6e0f8148d0c01687a11381ab272e,500000000000000000000,Inverse DAO,INV,18,25,77959,77000000000,77959,1667785,deprecated,0x2e7ba6ef,"claim(uint256 index, address account, uint256 amount, bytes32[] merkleProof)",13535186
11526356,1608947010,0x482f9d558e509da538d65aaea1cc1fc90d2e5ae77b1e254e069997c31e06f1c0,839,0xc691ca1035136dd3a085ac48c8cbc598c824f0802c076662ddcc4ba7de433f5c,0xe810281d189f19572b5250556369c39f5ebc6b00,0x41d5d79431a913c4ae7d69a668ecdfe5ff9dfb68,0xd5f30ef594d0b46e53f097cf0aa6a870b0f8cc08,80000000000000000000,Inverse DAO,INV,18,109,77999,50000000000,77999,9447506,deprecated,0x2e7ba6ef,"claim(uint256 index, address account, uint256 amount, bytes32[] merkleProof)",13535183
11526359,1608947025,0x6bd78552d29497369c5eb0b3784c7d14234d2cac1f9d9e615ac2227dca7b0ad8,1045,0x324d9137d1afc3532648f96e3f5b1ca396232e882c32ecceb2ff75889632762d,0xe810281d189f19572b5250556369c39f5ebc6b00,0x41d5d79431a913c4ae7d69a668ecdfe5ff9dfb68,0x4d928359e8556197f161f4927a928dfde9c3d1a8,80000000000000000000,Inverse DAO,INV,18,132,77991,77000000000,77991,9541885,deprecated,0x2e7ba6ef,"claim(uint256 index, address account, uint256 amount, bytes32[] merkleProof)",13535180
11526366,1608947262,0xa9a05c9cc5888a8a5799cc189380876d324bb550d91c904c5fae1bda93f3dae6,22,0x3b8717660f7658b44d7d808cf34ed9f52d8cd50dc5839f1d69916836fa761f02,0xe810281d189f19572b5250556369c39f5ebc6b00,0x41d5d79431a913c4ae7d69a668ecdfe5ff9dfb68,0xce4a2dab86c87fd3d5027dd55cf5602ada72a296,80000000000000000000,Inverse DAO,INV,18,2,77989,74000000000,77989,303496,deprecated,0x2e7ba6ef,"claim(uint256 index, address account, uint256 amount, bytes32[] merkleProof)",13535173
11526368,1608947266,0xbd78aca020a5061b956142627a5fa89237b401d1afcf511fb2f48e289b0fcd9b,4260,0x54cd6b1bd2fd530aa9001dbf331af744481b7797a1e4d098da5170fee5604b7f,0xe810281d189f19572b5250556369c39f5ebc6b00,0x41d5d79431a913c4ae7d69a668ecdfe5ff9dfb68,0x1ce2304369d957fc1f0dd32c983f445e449f4c7a,80000000000000000000,Inverse DAO,INV,18,7,77953,82000000000,77953,320557,deprecated,0x2e7ba6ef,"claim(uint256 index, address account, uint256 amount, bytes32[] merkleProof)",13535171
11526368,1608947266,0x0884f47675eda2ac86fe140464580d4431b00a4da4f0f645c118bf2037972a28,943,0x54cd6b1bd2fd530aa9001dbf331af744481b7797a1e4d098da5170fee5604b7f,0xe810281d189f19572b5250556369c39f5ebc6b00,0x41d5d79431a913c4ae7d69a668ecdfe5ff9dfb68,0xfe70e4fdd19489d1384e50cc2dbfe993f7b94589,80000000000000000000,Inverse DAO,INV,18,110,78011,61105000000,78011,7396059,deprecated,0x2e7ba6ef,"claim(uint256 index, address account, uint256 amount, bytes32[] merkleProof)",13535171
11526368,1608947266,0xa4fd00b4d5e8f69ac8fc4af185259eeb78609c405c690536e9bc82a077d2944b,3882,0x54cd6b1bd2fd530aa9001dbf331af744481b7797a1e4d098da5170fee5604b7f,0xe810281d189f19572b5250556369c39f5ebc6b00,0x41d5d79431a913c4ae7d69a668ecdfe5ff9dfb68,0x66b333423409d3ae4008d6fcc84aadaa8d31a0c1,80000000000000000000,Inverse DAO,INV,18,170,78001,60000000000,78001,11765481,deprecated,0x2e7ba6ef,"claim(uint256 index, address account, uint256 amount, bytes32[] merkleProof)",13535171
11526375,1608947339,0x38dd097e620d418235d7caecb12fd20bed8d4dd53141a690cb482da3a19ec2df,30,0x9d22df6000b591353966541fe3e73f4008a65093e9793e99ec6f09033af955e4,0xe810281d189f19572b5250556369c39f5ebc6b00,0x41d5d79431a913c4ae7d69a668ecdfe5ff9dfb68,0x8ae5133888f6c928e172d9c1ed7adc41e1518577,80000000000000000000,Inverse DAO,INV,18,95,77973,67000000000,77973,6793727,deprecated,0x2e7ba6ef,"claim(uint256 index, address account, uint256 amount, bytes32[] merkleProof)",13535164
11526377,1608947369,0xea019c6560cdeded16f670e5d52f269d6cb872a1f7b1071774a40b6eb068ef19,869,0xcec7f79c5d1d8c17055a3523462d75d226416ecbb98da6ebc323726aeec4bf33,0xe810281d189f19572b5250556369c39f5ebc6b00,0x41d5d79431a913c4ae7d69a668ecdfe5ff9dfb68,0x987fb317888cf344da7fc3836bcf62a9f6718858,80000000000000000000,Inverse DAO,INV,18,134,77969,54000000000,77969,8746762,deprecated,0x2e7ba6ef,"claim(uint256 index, address account, uint256 amount, bytes32[] merkleProof)",13535162
11526383,1608947450,0xc31f7d362442a91308cc22229c67bb9db3afef3e0e513aef7c1b5d5c9e803d96,3,0x1ccb52f392eba9afec0e089e4933c24eef957d34590b14f30aa0e2e775264ea6,0xe810281d189f19572b5250556369c39f5ebc6b00,0x41d5d79431a913c4ae7d69a668ecdfe5ff9dfb68,0x6f6d0f44441d3fa24d831d738ea952ee597d320d,80000000000000000000,Inverse DAO,INV,18,19,77989,61500000000,77989,1676556,deprecated,0x2e7ba6ef,"claim(uint256 index, address account, uint256 amount, bytes32[] merkleProof)",13535156
11526385,1608947500,0x2b0dc478e9a4786adbd46712e41ada8e4549b1e3dae7acec7b32bae536631ce2,15,0x5a2593357b6066990eafb1657a56d54d91751b171e4bee4dea4ba63d24425fdd,0xe810281d189f19572b5250556369c39f5ebc6b00,0x41d5d79431a913c4ae7d69a668ecdfe5ff9dfb68,0xdda048c65d3b6cda0fbfbf5fad7d88a9f29edd18,80000000000000000000,Inverse DAO,INV,18,48,78011,70000000000,78011,4917468,deprecated,0x2e7ba6ef,"claim(uint256 index, address account, uint256 amount, bytes32[] merkleProof)",13535154
11526385,1608947500,0xe5a32944c8b78d2ebbd29d9befa4030e4a86e02b4000dbda4609b7457e55a0fc,195,0x5a2593357b6066990eafb1657a56d54d91751b171e4bee4dea4ba63d24425fdd,0xe810281d189f19572b5250556369c39f5ebc6b00,0x41d5d79431a913c4ae7d69a668ecdfe5ff9dfb68,0x7243195a9a1049aaa0b3a5ff461b816f6cf09d63,80000000000000000000,Inverse DAO,INV,18,56,77979,70000000000,77979,5818083,deprecated,0x2e7ba6ef,"claim(uint256 index, address account, uint256 amount, bytes32[] merkleProof)",13535154
11526391,1608947670,0x2eda8f9e7b722b3981da6de2ca4c8673b605ba179f9a049bc26343b5a16cd302,95,0xdcfdfe0ea21eecd98084a2bfd990017adecdb4bd4de5e19222cdb424f1472fc6,0xe810281d189f19572b5250556369c39f5ebc6b00,0x41d5d79431a913c4ae7d69a668ecdfe5ff9dfb68,0xd69bc49879da4a74adbfcf46388127fad28f1fe4,80000000000000000000,Inverse DAO,INV,18,113,77987,80000000000,77987,9942901,deprecated,0x2e7ba6ef,"claim(uint256 index, address account, uint256 amount, bytes32[] merkleProof)",13535148
11526406,1608947927,0xe1c15a956b32c07e2b658771dd86060288e82de6579598d76864d6b45384ed41,755,0x44eafe0e037406c57b266391b3959495441699da0aee40b717bf41b54e9191c2,0xe810281d189f19572b5250556369c39f5ebc6b00,0x41d5d79431a913c4ae7d69a668ecdfe5ff9dfb68,0x1df428833f2c9fb1ef098754e5d710432450d706,80000000000000000000,Inverse DAO,INV,18,33,78021,69000000000,78021,2199301,deprecated,0x2e7ba6ef,"claim(uint256 index, address account, uint256 amount, bytes32[] merkleProof)",13535133
11526417,1608948124,0x2c352d5de39afa74a7bdd31f3e14e3d652e409b9a368023943b71b768460f16e,2,0x91d3e9841c2695be4060f2da60885fb77b739beff6b962c3d10a5ed47d6ad28a,0xe810281d189f19572b5250556369c39f5ebc6b00,0x41d5d79431a913c4ae7d69a668ecdfe5ff9dfb68,0x46b14628ffbc01a87ab2d66e95600b8dc4a49ce2,80000000000000000000,Inverse DAO,INV,18,112,78011,69000000000,78011,7934232,deprecated,0x2e7ba6ef,"claim(uint256 index, address account, uint256 amount, bytes32[] merkleProof)",13535122
11526430,1608948307,0xeb0c80280d6ca742106155e4f04e1179a4ac41ab136355f62ebf3d32968985b0,605,0x3498bdf6b8206746e002551bdf7494d54eb8d0d911f39fdf18e4ec91d33f7c5e,0xe810281d189f19572b5250556369c39f5ebc6b00,0x41d5d79431a913c4ae7d69a668ecdfe5ff9dfb68,0x9c17af3c0aa3f429f7073ff5057aaf642248f896,80000000000000000000,Inverse DAO,INV,18,186,77967,69000000000,77967,10566446,deprecated,0x2e7ba6ef,"claim(uint256 index, address account, uint256 amount, bytes32[] merkleProof)",13535109
11526438,1608948449,0x11f3a6585b56ceda1b41e899df014328f8421e186b663f2a5525d4f5a410e417,2579,0xb58aacf3ac32e2cf9fb1c641e1fc9236960313b2b7d66ddfde44c6ecd63e4617,0xe810281d189f19572b5250556369c39f5ebc6b00,0x41d5d79431a913c4ae7d69a668ecdfe5ff9dfb68,0xb67f1976a1e7af8972c06d03465cca14698c82b9,80000000000000000000,Inverse DAO,INV,18,13,77997,81000000000,77997,973699,deprecated,0x2e7ba6ef,"claim(uint256 index, address account, uint256 amount, bytes32[] merkleProof)",13535101
11526474,1608948979,0x0879538eb3b7a8f5ef4d5b17b2c33d1af71cc6e77525becbe146da36fa27cfe1,145,0xc2d951c4cc569a7179d97b46567117725139144c6ff0c39127a6057bc69e9b76,0xe810281d189f19572b5250556369c39f5ebc6b00,0x41d5d79431a913c4ae7d69a668ecdfe5ff9dfb68,0x85d3cb815548de9150d9fd42ff902c5c29cc6036,80000000000000000000,Inverse DAO,INV,18,96,77957,70000000000,77957,7669180,deprecated,0x2e7ba6ef,"claim(uint256 index, address account, uint256 amount, bytes32[] merkleProof)",13535065
11526476,1608948994,0x17e710def96c737adba98c7f8939e3b4960831087a1a1da6145933e14491bb72,568,0x04d3c7522503b80b0e2f5f32c2cbeba6c2cfaf75226720e8fbb9eb170d15ce25,0xe810281d189f19572b5250556369c39f5ebc6b00,0x41d5d79431a913c4ae7d69a668ecdfe5ff9dfb68,0x50ee82d45c5ab8ef0857cef435ed058fa7a1e70c,80000000000000000000,Inverse DAO,INV,18,67,77969,83000000000,77969,3810347,deprecated,0x2e7ba6ef,"claim(uint256 index, address account, uint256 amount, bytes32[] merkleProof)",13535063
11526478,1608949034,0x3b1bd29353ee701c7573a5f0bded6d4aff949f5e5b68d6304f1cab8d9c1c36e0,885,0xf1168d96ae583f219ff8cd57409682d29147a1d5bc7d9c1ac4fef4fa7bb19a9c,0xe810281d189f19572b5250556369c39f5ebc6b00,0x41d5d79431a913c4ae7d69a668ecdfe5ff9dfb68,0x735e93b521aaf24cc503204eeea557149433b617,80000000000000000000,Inverse DAO,INV,18,56,77977,71000001561,77977,6853050,deprecated,0x2e7ba6ef,"claim(uint256 index, address account, uint256 amount, bytes32[] merkleProof)",13535061
11526488,1608949136,0x83d27e8266b5dc628e317fc99837778bc5fceecaa7ec8154c84578cc2924b05d,286,0x4fdfbb814df1da6b4ba9464be997fcfd24bbff0d879463bfa032c555323b7094,0xe810281d189f19572b5250556369c39f5ebc6b00,0x41d5d79431a913c4ae7d69a668ecdfe5ff9dfb68,0xb2e89a8f93cedcfae23304a3615a64feb0e02514,80000000000000000000,Inverse DAO,INV,18,166,77989,70000001459,77989,10964738,deprecated,0x2e7ba6ef,"claim(uint256 index, address account, uint256 amount, bytes32[] merkleProof)",13535051
11526493,1608949184,0x0cb3a5d72d74cc339153fc1017a6f4fa7dd18bbe912689cb259ba499ca27af3c,174,0x91cb1732158ac1535c6b087e987b98048670a75fa91d5ffe104ded841410f934,0xe810281d189f19572b5250556369c39f5ebc6b00,0x41d5d79431a913c4ae7d69a668ecdfe5ff9dfb68,0xaa3d5ab57060e32546e45e7fdddbf482879a3609,80000000000000000000,Inverse DAO,INV,18,128,77981,61000000000,77981,9302436,deprecated,0x2e7ba6ef,"claim(uint256 index, address account, uint256 amount, bytes32[] merkleProof)",13535046
11526495,1608949193,0xabd7614084e1fb0762f0bff4fa6da4bb89052917586ae5373a4499dd64794e3c,2375,0xa7957cee2223c1e28a881919d45ac3e8845ec390b8f45aca76f8f00cf38e3196,0xe810281d189f19572b5250556369c39f5ebc6b00,0x41d5d79431a913c4ae7d69a668ecdfe5ff9dfb68,0xc31db2e710192791b65de43d4b84886a6d770322,80000000000000000000,Inverse DAO,INV,18,162,78021,59400000000,78021,12097296,deprecated,0x2e7ba6ef,"claim(uint256 index, address account, uint256 amount, bytes32[] merkleProof)",13535044
11526496,1608949205,0x815c0706dd276c8a5b80bcfae23eabe70e301550cb4dbe45defc1d0655ab6bfe,231,0xa19961cffa18e494153fe1e64da778400adaaff5c390fc06af28a2ba003cae8a,0xe810281d189f19572b5250556369c39f5ebc6b00,0x41d5d79431a913c4ae7d69a668ecdfe5ff9dfb68,0x097df964c10a3921133cfca8e70df99d4951c3d3,80000000000000000000,Inverse DAO,INV,18,53,77987,59400000000,77987,3757340,deprecated,0x2e7ba6ef,"claim(uint256 index, address account, uint256 amount, bytes32[] merkleProof)",13535043
11526496,1608949205,0x63c5bc7a0d62cc11f11a7f426527c3ae6cfc5a60924a1754321fb68acb2d047e,79,0xa19961cffa18e494153fe1e64da778400adaaff5c390fc06af28a2ba003cae8a,0xe810281d189f19572b5250556369c39f5ebc6b00,0x41d5d79431a913c4ae7d69a668ecdfe5ff9dfb68,0xefbe8313154bc7ef122bc3b27a4ec4f27ea719b2,80000000000000000000,Inverse DAO,INV,18,85,78019,59400000000,78019,4937136,deprecated,0x2e7ba6ef,"claim(uint256 index, address account, uint256 amount, bytes32[] merkleProof)",13535043
11526496,1608949205,0x7a0f44c815972fb0ea45216675aa831a90681027be36bb8adc5486bb9ef70c14,102,0xa19961cffa18e494153fe1e64da778400adaaff5c390fc06af28a2ba003cae8a,0xe810281d189f19572b5250556369c39f5ebc6b00,0x41d5d79431a913c4ae7d69a668ecdfe5ff9dfb68,0x1c9133f417f4e94fd64bb3c2fb0b523e07dfd10b,80000000000000000000,Inverse DAO,INV,18,95,77989,59400000000,77989,5237395,deprecated,0x2e7ba6ef,"claim(uint256 index, address account, uint256 amount, bytes32[] merkleProof)",13535043
11526499,1608949236,0x9f334dd3d1aa374c436b7be8f284d2856cc94307f56da5da155654be152721c5,23,0x2a1dc32884de1fbcf32a48711f3639d634879777d636f0db5772401685a27ea2,0xe810281d189f19572b5250556369c39f5ebc6b00,0x41d5d79431a913c4ae7d69a668ecdfe5ff9dfb68,0x82bbd2f08a59f5be1b4e719ff701e4d234c4f8db,80000000000000000000,Inverse DAO,INV,18,99,77983,80000000000,77983,4266669,deprecated,0x2e7ba6ef,"claim(uint256 index, address account, uint256 amount, bytes32[] merkleProof)",13535040
11526502,1608949285,0xeb7029e3cc22f84ac03bbbf4b825273b9651dec4d6005b7b1df63b829ac96887,59,0x895a85ccfdd578cd312bb7866ec05e0ae7052fdd0b875bf7b7126afdf43919d4,0xe810281d189f19572b5250556369c39f5ebc6b00,0x41d5d79431a913c4ae7d69a668ecdfe5ff9dfb68,0x50133b081468c03ad6abffecfce3509e734c897b,80000000000000000000,Inverse DAO,INV,18,129,77975,82000000000,77975,5947028,deprecated,0x2e7ba6ef,"claim(uint256 index, address account, uint256 amount, bytes32[] merkleProof)",13535037
11526516,1608949431,0xd7b46077f550c27c907bd585601480dd175eedc2f2b3c843c9d91cc553d91392,351,0x6fc684fa02229c96862d3361b3604b9d1bf59c778ad4c13bf81b08bf84eff912,0xe810281d189f19572b5250556369c39f5ebc6b00,0x41d5d79431a913c4ae7d69a668ecdfe5ff9dfb68,0x072938db4dd5c5f25b77d11fbecdb35a0f14e022,80000000000000000000,Inverse DAO,INV,18,109,77945,66000000000,77945,5856085,deprecated,0x2e7ba6ef,"claim(uint256 index, address account, uint256 amount, bytes32[] merkleProof)",13535023
11526518,1608949441,0x4ffac2ab82c8fdadc2a18cc017879a3f62c72a37a2dd9b074388cdf845407c72,0,0xaa2d690c93f8661b9a7d6b3305066b6fd1996e6c4a08c6f99fe5788ab5bf54cb,0xe810281d189f19572b5250556369c39f5ebc6b00,0x41d5d79431a913c4ae7d69a668ecdfe5ff9dfb68,0xfb3d9310f0a659f450634d509846dc291d977917,80000000000000000000,Inverse DAO,INV,18,246,77985,47000000000,77985,12386649,deprecated,0x2e7ba6ef,"claim(uint256 index, address account, uint256 amount, bytes32[] merkleProof)",13535021
11526524,1608949465,0xc49db2dadac3fe316ec8815a89d82cec1d6079fbbe75a1ae13a742ad5639a84a,227,0x83a1b4b8e0a98470e3769537de20db5d248159adacf41e9d3b67f73df8db3d23,0xe810281d189f19572b5250556369c39f5ebc6b00,0x41d5d79431a913c4ae7d69a668ecdfe5ff9dfb68,0xef628c724ad2843d12e060f0a5da00403e77ed6d,80000000000000000000,Inverse DAO,INV,18,203,77945,63000000000,77945,10051748,deprecated,0x2e7ba6ef,"claim(uint256 index, address account, uint256 amount, bytes32[] merkleProof)",13535015
11526524,1608949465,0x1e4eeb01db462ba8139c885d7de0983922158a033494f368b4c51f6bf1acb5d4,284,0x83a1b4b8e0a98470e3769537de20db5d248159adacf41e9d3b67f73df8db3d23,0xe810281d189f19572b5250556369c39f5ebc6b00,0x41d5d79431a913c4ae7d69a668ecdfe5ff9dfb68,0x9e42fd37e21c0ed235fa31d2f49a7fbdea961f5c,80000000000000000000,Inverse DAO,INV,18,233,77979,57000000000,77979,12413348,deprecated,0x2e7ba6ef,"claim(uint256 index, address account, uint256 amount, bytes32[] merkleProof)",13535015
11526529,1608949535,0xe4374e0b44c1d447169ebc73cb4938f1206518cf591b41e3d414d4d459bf757b,152,0xa1d9f890b6af44afe0d50d47171044b02d7d97f841efaaf13464a1b6594caff0,0xe810281d189f19572b5250556369c39f5ebc6b00,0x41d5d79431a913c4ae7d69a668ecdfe5ff9dfb68,0x19bdafb7e311ef9ec30be820efe3b910b6f41146,80000000000000000000,Inverse DAO,INV,18,111,77987,59000000000,77987,6469487,deprecated,0x2e7ba6ef,"claim(uint256 index, address account, uint256 amount, bytes32[] merkleProof)",13535010
11526531,1608949543,0x38c695870f4a2db989e3dccebb6bd994f4d05ae286982a16075c49162ffb9dd6,2998,0x8890f190f52bcb852de5d3676d44c581e638969a4c6aaab58e7cb4fd28ccd40d,0xe810281d189f19572b5250556369c39f5ebc6b00,0x41d5d79431a913c4ae7d69a668ecdfe5ff9dfb68,0x239eec9ec218f71cef5cc14d88b142ed4ff44110,80000000000000000000,Inverse DAO,INV,18,185,78011,52800000233,78011,12262450,deprecated,0x2e7ba6ef,"claim(uint256 index, address account, uint256 amount, bytes32[] merkleProof)",13535008
11526537,1608949628,0x1734fcf59f161e5626eb2f1aaaca419bbb0a2526d9e3ed1e9a4ac42d86b8969f,197,0xf214db24d1db961f6b9167a4da96c7158bc0d14b71125cde15a5b292522e557b,0xe810281d189f19572b5250556369c39f5ebc6b00,0x41d5d79431a913c4ae7d69a668ecdfe5ff9dfb68,0x192e1def950eb102492d35dd1842a9000eee1304,80000000000000000000,Inverse DAO,INV,18,171,77979,50000000000,77979,10922732,deprecated,0x2e7ba6ef,"claim(uint256 index, address account, uint256 amount, bytes32[] merkleProof)",13535002
11526577,1608950168,0x545649e6607476b0c07f936c323bb14e5c835565070448e6ba7fcda6deae6222,2253,0xc92b61db4c751f6df36ea41fcd63ee76f5ca4219b2ef0ca77f3a34a80d831239,0xe810281d189f19572b5250556369c39f5ebc6b00,0x41d5d79431a913c4ae7d69a668ecdfe5ff9dfb68,0x91215714613ec4554eadc9563669751cbcf265d0,80000000000000000000,Inverse DAO,INV,18,44,77985,89000000000,77985,1649814,deprecated,0x2e7ba6ef,"claim(uint256 index, address account, uint256 amount, bytes32[] merkleProof)",13534962
11526581,1608950215,0x326f801cc5d0816065f98b1f5ea60ec81a31d4710d7a02a6a94f07f11c7f9326,3,0x51cdbcf0574b861b234e79c1a76faab261d1b8de43e4a8ea21f95bfc803e7e32,0xe810281d189f19572b5250556369c39f5ebc6b00,0x41d5d79431a913c4ae7d69a668ecdfe5ff9dfb68,0x6f7938f7547a018bc2b4737183f64f81fe1fac14,80000000000000000000,Inverse DAO,INV,18,50,77989,76000000000,77989,2643728,deprecated,0x2e7ba6ef,"claim(uint256 index, address account, uint256 amount, bytes32[] merkleProof)",13534958
11526584,1608950253,0x81c9c626f4a43e0e91cc35ca3800746480afb2ef75518d79e9d62d3cbff1209a,234,0x16025d0f5d734cb0c35b5458912ec1ac58dc2ffaaa5463f23f994757b62b0fb0,0xe810281d189f19572b5250556369c39f5ebc6b00,0x41d5d79431a913c4ae7d69a668ecdfe5ff9dfb68,0x7553fa99ab1f429551eec660708c08e14e30584f,80000000000000000000,Inverse DAO,INV,18,148,78021,54000000000,78021,11452501,deprecated,0x2e7ba6ef,"claim(uint256 index, address account, uint256 amount, bytes32[] merkleProof)",13534955
11526605,1608950494,0x6d528f7db358b91677b2fe7774b65416e6f6c1b56f5040d01746fe77255e7af9,350,0x97a3fd3b505dd8ffeae7391ecb23fe20eff3b73eac314359d27efb41bd08ab3f,0xe810281d189f19572b5250556369c39f5ebc6b00,0x41d5d79431a913c4ae7d69a668ecdfe5ff9dfb68,0x5e9b423c21236ee2e0c3f36c014aa0f3fc64fcd1,80000000000000000000,Inverse DAO,INV,18,33,78009,73000000000,78009,1812373,deprecated,0x2e7ba6ef,"claim(uint256 index, address account, uint256 amount, bytes32[] merkleProof)",13534934
11526619,1608950661,0xaf588746693b1050a162a64849d1748c97d12dfea0ee6dcd89638a64b43fdf4d,0,0x8887d503f6697423fbf4ea2a1de738e4cdf5e2d4773eca26561dfa9a0093074b,0xe810281d189f19572b5250556369c39f5ebc6b00,0x41d5d79431a913c4ae7d69a668ecdfe5ff9dfb68,0x53bff0e8b8f0926ac5e81c52dbf5e517c03336f4,80000000000000000000,Inverse DAO,INV,18,147,77981,36000001459,77981,9347145,deprecated,0x2e7ba6ef,"claim(uint256 index, address account, uint256 amount, bytes32[] merkleProof)",13534920
11526628,1608950747,0xf9f11d0b11db1bd3d8a8ece0ccf25ac6a734af5587fe31f45498c8599a0e3248,267,0x7c5ac0c648e002556a323ff38031a05d0a6c2c98471f56549ab1a3f37ddf3642,0xe810281d189f19572b5250556369c39f5ebc6b00,0x41d5d79431a913c4ae7d69a668ecdfe5ff9dfb68,0x1853bf6a892abd949aed052bb634ab96afaf31dd,80000000000000000000,Inverse DAO,INV,18,158,78011,68000000000,78011,11844160,deprecated,0x2e7ba6ef,"claim(uint256 index, address account, uint256 amount, bytes32[] merkleProof)",13534911
11526651,1608951117,0x12d836e14f99176f281f6f9331b1e858d63c5d38d992f105cc56d5502504ebdb,653,0x2c6f74c0930a6c6241d033df2fba7fec90aef6c26f2b216f564743d9dffa01b5,0xe810281d189f19572b5250556369c39f5ebc6b00,0x41d5d79431a913c4ae7d69a668ecdfe5ff9dfb68,0x93b52ebcba12cfe758f13285147dbc3b43a9896d,80000000000000000000,Inverse DAO,INV,18,61,77973,79000000000,77973,4196511,deprecated,0x2e7ba6ef,"claim(uint256 index, address account, uint256 amount, bytes32[] merkleProof)",13534888
11526678,1608951411,0xa9cc0bb6e4f8cac5ca21e2000a8f5149ef22aee960d9530069c10399526082db,4438,0xa1ae2bc4ce1bfccb208dcf4e6434cc3d930dd4145e8510b96af3075f09de20ba,0xe810281d189f19572b5250556369c39f5ebc6b00,0x41d5d79431a913c4ae7d69a668ecdfe5ff9dfb68,0x537037c5ae805b9d4cecab5ee07f12a8e59a15b2,80000000000000000000,Inverse DAO,INV,18,147,77965,55000000000,77965,9565965,deprecated,0x2e7ba6ef,"claim(uint256 index, address account, uint256 amount, bytes32[] merkleProof)",13534861
11526696,1608951615,0x27cf2527ad2b98941023059c82c22e8dd9034bbdc44394f096422e858017e29a,118,0x65ed2d261ac4d0c8dafce790010b592964dc22474c4618204a82b55d419b6f7c,0xe810281d189f19572b5250556369c39f5ebc6b00,0x41d5d79431a913c4ae7d69a668ecdfe5ff9dfb68,0x5911c682dd3eba36ad733148c476922ef3cce5fd,80000000000000000000,Inverse DAO,INV,18,101,77963,42000000000,77963,7459367,deprecated,0x2e7ba6ef,"claim(uint256 index, address account, uint256 amount, bytes32[] merkleProof)",13534843
11526707,1608951761,0xa9ea3dfb9ddbd8d72eed9159cf538a8bd04b71da6714f30682f4f782bbf74d16,409,0x0cab1206a9a3c9ad396544cb8e91f9b18f4772d733abb7bc8634594a1ffb9d44,0xe810281d189f19572b5250556369c39f5ebc6b00,0x41d5d79431a913c4ae7d69a668ecdfe5ff9dfb68,0x1b78dda5b1782a025955cd143edefaf68776009c,80000000000000000000,Inverse DAO,INV,18,52,77923,47000000000,77923,3465018,deprecated,0x2e7ba6ef,"claim(uint256 index, address account, uint256 amount, bytes32[] merkleProof)",13534832
11526708,1608951765,0xcde6371babb8bbb9b22a8fb62b814bacf7adac11e0a8da27be0a4a86bc8d4d78,0,0xd93ae5532c8d6ad50fae7d33d5e902e625088e766493e40d8b1c729cb00c0288,0xe810281d189f19572b5250556369c39f5ebc6b00,0x41d5d79431a913c4ae7d69a668ecdfe5ff9dfb68,0x358631706a3751b4d00b82df3de120b1bcbead03,80000000000000000000,Inverse DAO,INV,18,81,77953,42000000000,77953,4482080,deprecated,0x2e7ba6ef,"claim(uint256 index, address account, uint256 amount, bytes32[] merkleProof)",13534831
11526708,1608951765,0xd3caef104a7b557c4f4d841039be228b681db509fc685a35661e6667ab931ecd,422,0xd93ae5532c8d6ad50fae7d33d5e902e625088e766493e40d8b1c729cb00c0288,0xe810281d189f19572b5250556369c39f5ebc6b00,0x41d5d79431a913c4ae7d69a668ecdfe5ff9dfb68,0x574378e51d3973ce57ce0f9a48c29fc06f4f003f,80000000000000000000,Inverse DAO,INV,18,99,77999,42000000000,77999,5908025,deprecated,0x2e7ba6ef,"claim(uint256 index, address account, uint256 amount, bytes32[] merkleProof)",13534831
11526718,1608951876,0xe14cbea0bdbcd2521534bb9961278c32be758c266e3307cb5139d0b0b8e15688,0,0x28a16b86b43632a327c49eff9f5bdbca7575c091a620efe238f62b7cc389fdf5,0xe810281d189f19572b5250556369c39f5ebc6b00,0x41d5d79431a913c4ae7d69a668ecdfe5ff9dfb68,0x3813d76b2e9b3748afa4b7fc3a19f7b0318ba47b,80000000000000000000,Inverse DAO,INV,18,63,77979,42000000000,77979,5283232,deprecated,0x2e7ba6ef,"claim(uint256 index, address account, uint256 amount, bytes32[] merkleProof)",13534821
11526720,1608951883,0xff18a2bd65f79f33c897c3a5ee86d118944b2f66b956076b3537f267780af287,0,0x65509d0368c4219eba90fb77df89738ddc3556f1a956f4c026d0f98e64988998,0xe810281d189f19572b5250556369c39f5ebc6b00,0x41d5d79431a913c4ae7d69a668ecdfe5ff9dfb68,0x8fee3f50ffc44e85009a5f69b7784066fe50754e,80000000000000000000,Inverse DAO,INV,18,107,77995,42000000000,77995,6476055,deprecated,0x2e7ba6ef,"claim(uint256 index, address account, uint256 amount, bytes32[] merkleProof)",13534819
11526738,1608952122,0xad6c1b5da42995f1111e27f919b3c348113b78acdef44a77db7884f1f76c6682,289,0x9f383ecbe05e9ced5f1bfe8c827ac277570bf1533a3028af033c1361cd6226f4,0xe810281d189f19572b5250556369c39f5ebc6b00,0x41d5d79431a913c4ae7d69a668ecdfe5ff9dfb68,0xc229d7d3dd662a1b107e29aa84bb0c8ff609cf3a,80000000000000000000,Inverse DAO,INV,18,142,77963,47000000000,77963,9902471,deprecated,0x2e7ba6ef,"claim(uint256 index, address account, uint256 amount, bytes32[] merkleProof)",13534801
11526739,1608952142,0x5a7d133c22fa6a4e3ae4ac2468c23c69dfb4611db1dcf14182d12431d459b81c,0,0xfe0c2f6b93d0ebe1d2317d60cb489ba81c1f7458e1504295e0202b3532359062,0xe810281d189f19572b5250556369c39f5ebc6b00,0x41d5d79431a913c4ae7d69a668ecdfe5ff9dfb68,0x1c7175a38e82bb7aca53e63a92bbbdd18e8218d7,80000000000000000000,Inverse DAO,INV,18,44,77965,42000000000,77965,3067813,deprecated,0x2e7ba6ef,"claim(uint256 index, address account, uint256 amount, bytes32[] merkleProof)",13534800
11526749,1608952301,0x7d3177eb051a169c3ad563bd8dbef78ff171523bf99629ed734bd5dff1166579,80,0xf0ae2c87bec297bb304c6559b647b5cf3ab87879aa49f11c17f0a21d31db0b28,0xe810281d189f19572b5250556369c39f5ebc6b00,0x41d5d79431a913c4ae7d69a668ecdfe5ff9dfb68,0xbc5f25bd319fa1655a61225838a07b57b0c0bf01,80000000000000000000,Inverse DAO,INV,18,31,77953,46200000000,77953,4262374,deprecated,0x2e7ba6ef,"claim(uint256 index, address account, uint256 amount, bytes32[] merkleProof)",13534790
11526833,1608953410,0x86b72b032366765a033e2abf1456e3bcb1639b6f321956e36acc99456a7287cd,178,0x0838f0916df715467a60417ab9e2eb377bf6866bc57a96786913de676da46321,0xe810281d189f19572b5250556369c39f5ebc6b00,0x41d5d79431a913c4ae7d69a668ecdfe5ff9dfb68,0xe6606dfa056b905e662d2fd235eec2aca5d64223,80000000000000000000,Inverse DAO,INV,18,74,77969,66000000000,77969,3626634,deprecated,0x2e7ba6ef,"claim(uint256 index, address account, uint256 amount, bytes32[] merkleProof)",13534706
11526844,1608953573,0x2b3d0e3155070218a64502a0d874b9a4942e3e10a39a241f0ac60da858e175f4,109,0xb3962268e4d0eebe0e7632e66b68e6300aa509dc605614d010fb5d67d80e0030,0xe810281d189f19572b5250556369c39f5ebc6b00,0x41d5d79431a913c4ae7d69a668ecdfe5ff9dfb68,0x072e83cde5c102fdcf32be328034e1bb2dadcb01,80000000000000000000,Inverse DAO,INV,18,53,77963,49000001459,77963,5614191,deprecated,0x2e7ba6ef,"claim(uint256 index, address account, uint256 amount, bytes32[] merkleProof)",13534695
11526847,1608953595,0x5b99e784627c670f5c2ab79d4bef873e47fc32c6b54f9ba97e21bc2b3505809b,343,0x119fd9572336fad3d437433f7d25a132bc7a25d41090c065cfa2a0b2f97c3a89,0xe810281d189f19572b5250556369c39f5ebc6b00,0x41d5d79431a913c4ae7d69a668ecdfe5ff9dfb68,0xc555347d2b369b074be94fe6f7ae9ab43966b884,80000000000000000000,Inverse DAO,INV,18,115,78001,55000000000,78001,4969680,deprecated,0x2e7ba6ef,"claim(uint256 index, address account, uint256 amount, bytes32[] merkleProof)",13534692
11526899,1608954231,0x50ddb5ee524f7f41801f97b90227a3206f92137633a07c2c236d5d9ca94561a6,711,0xfbe33ed4728714d7d040dbddf365e70244890b47b05aed16e31a1757e93a33d0,0xe810281d189f19572b5250556369c39f5ebc6b00,0x41d5d79431a913c4ae7d69a668ecdfe5ff9dfb68,0xb75eb924568d4ebf65d9bb932c589c3c06a59655,80000000000000000000,Inverse DAO,INV,18,172,78001,49200000000,78001,11785023,deprecated,0x2e7ba6ef,"claim(uint256 index, address account, uint256 amount, bytes32[] merkleProof)",13534640
11526965,1608955170,0xe95ae401c72de8fed292b57b4c0935044189cc4901dd040f72d41418ef6b34df,0,0xce9ef1f10ab4b28e19fa82dfca4c98efa2d60feb3bb92034e9ebe567ce04d09c,0xe810281d189f19572b5250556369c39f5ebc6b00,0x41d5d79431a913c4ae7d69a668ecdfe5ff9dfb68,0x4a74c30ff96b6ca939602bb68002de0fd60e2973,80000000000000000000,Inverse DAO,INV,18,174,78007,56000000000,78007,7966501,deprecated,0x2e7ba6ef,"claim(uint256 index, address account, uint256 amount, bytes32[] merkleProof)",13534574
11526966,1608955195,0xc01fba092a0fa24a663c20bc2d5d2bec9552ca6a4847440c2b441a5c183823bb,4238,0x6178f92ca4d0a2a5338ad210d43b852c51cf69c385146c9a10ac30e52f1d2e54,0xe810281d189f19572b5250556369c39f5ebc6b00,0x41d5d79431a913c4ae7d69a668ecdfe5ff9dfb68,0xd965952823153e5cbc611be87e8322cfc329f056,80000000000000000000,Inverse DAO,INV,18,18,78009,66000000000,78009,763100,deprecated,0x2e7ba6ef,"claim(uint256 index, address account, uint256 amount, bytes32[] merkleProof)",13534573
11526974,1608955274,0x8e3005773362ff3f1efb0ecdd83c4cd8baa5c40b4b83b2d4827c6d1505fcd69d,119,0xdd59abb79edef22c7b50a891d39bdfb6fc46ddbeffadc350986d3590f41b022c,0xe810281d189f19572b5250556369c39f5ebc6b00,0x41d5d79431a913c4ae7d69a668ecdfe5ff9dfb68,0xdbab0b75921e3008fd0bb621a8248d969d2d2f0d,80000000000000000000,Inverse DAO,INV,18,192,77977,51000000000,77977,10308948,deprecated,0x2e7ba6ef,"claim(uint256 index, address account, uint256 amount, bytes32[] merkleProof)",13534565
11527009,1608955757,0x99c23fa0cc91e7095766283177ea4faa5d745ce19f4ca187e9d99d5f18e9f097,4029,0x33828d2c57ff8eca802cd38bfcfec8992ff9ce7db0fdd3a0b30599137f848bcc,0xe810281d189f19572b5250556369c39f5ebc6b00,0x41d5d79431a913c4ae7d69a668ecdfe5ff9dfb68,0x9e353fbdc3ec7290290bda31a8001cb609858adf,80000000000000000000,Inverse DAO,INV,18,171,77965,45000000000,77965,9674340,deprecated,0x2e7ba6ef,"claim(uint256 index, address account, uint256 amount, bytes32[] merkleProof)",13534530
11527020,1608955964,0xd3f92f6d6b2d23f73839a5d9c633b86c8342db295f4919552bacc781eb20cc28,6,0x24dd337e3783f9e34ec51f46c331cfcafd8480b3fff56c2d331771fbb10d21f7,0xe810281d189f19572b5250556369c39f5ebc6b00,0x41d5d79431a913c4ae7d69a668ecdfe5ff9dfb68,0x5981576c72c03bbff159ac4b1b24e4e5cdaaa54a,80000000000000000000,Inverse DAO,INV,18,93,78001,52000000000,78001,7743914,deprecated,0x2e7ba6ef,"claim(uint256 index, address account, uint256 amount, bytes32[] merkleProof)",13534519
11527030,1608956084,0x4d90e00ae212c1f567a5ec3e18e1e5eda258213c2923e8bdcd0f4fcff89a7ef2,315,0x85763efe609b887e30acffdfd559c9a93f29d51e98e37de44471e2523f85a877,0xe810281d189f19572b5250556369c39f5ebc6b00,0x41d5d79431a913c4ae7d69a668ecdfe5ff9dfb68,0x74334f79083c160ddc7c1d0ed9bb349e19ab6a48,80000000000000000000,Inverse DAO,INV,18,167,77981,53000000000,77981,11445773,deprecated,0x2e7ba6ef,"claim(uint256 index, address account, uint256 amount, bytes32[] merkleProof)",13534509
11527033,1608956115,0x98932036d77cd92d162e0eee9a19f6f3137d4496a4f523a7926b1d2212f34133,451,0xa01b29661f6f3ed03a1e5e3c60aaaac4794262c43cb43eaf311c9304ce8334fb,0xe810281d189f19572b5250556369c39f5ebc6b00,0x41d5d79431a913c4ae7d69a668ecdfe5ff9dfb68,0xc99741d1b8a7372d8b976af59aed9de57dc2fb6c,80000000000000000000,Inverse DAO,INV,18,69,77989,48000000000,77989,11105131,deprecated,0x2e7ba6ef,"claim(uint256 index, address account, uint256 amount, bytes32[] merkleProof)",13534506
11527056,1608956444,0x927f8c4c96c0faedc33cbc9a0cdf8a2b367f8230e10024d03b85b3973e7ef172,0,0xe4c5d9a4761a12f48874ee6af1fb35e5025d16bf84c7f33dea840249325c3288,0xe810281d189f19572b5250556369c39f5ebc6b00,0x41d5d79431a913c4ae7d69a668ecdfe5ff9dfb68,0x9883a03e27cc2c1522d5f4068f49a0e749f448ed,80000000000000000000,Inverse DAO,INV,18,145,77999,50000001459,77999,11633662,deprecated,0x2e7ba6ef,"claim(uint256 index, address account, uint256 amount, bytes32[] merkleProof)",13534483
11527070,1608956614,0xd977e25b964ae05651d26fd6d9397b530dcc20f8e6f402d9cc2ec3710b770a12,598,0x9413a8749e772438aa45fcce13f3629561ddaa1d72744ae1b314191e27187893,0xe810281d189f19572b5250556369c39f5ebc6b00,0x41d5d79431a913c4ae7d69a668ecdfe5ff9dfb68,0x374f5fa69b977964d5242c95cd2d31db663bddf0,80000000000000000000,Inverse DAO,INV,18,84,77969,49000000000,77969,8185144,deprecated,0x2e7ba6ef,"claim(uint256 index, address account, uint256 amount, bytes32[] merkleProof)",13534469
11527080,1608956767,0x779811834ff88fe78547a7547fdac35a136983872f6c87353974289b5473e6bd,1750,0x3ed625bc782308db889b405df38cc724bd56bcc4d34488f306718d85434a5e90,0xe810281d189f19572b5250556369c39f5ebc6b00,0x41d5d79431a913c4ae7d69a668ecdfe5ff9dfb68,0x6c1ddfb81a3666188267296f10253a5a9b5bae40,80000000000000000000,Inverse DAO,INV,18,22,77967,71000000000,77967,1192723,deprecated,0x2e7ba6ef,"claim(uint256 index, address account, uint256 amount, bytes32[] merkleProof)",13534459
11527080,1608956767,0x3065c9c5ef1d8a4290da5154c3b2f43486e34669f8ccae370389a864429f028e,56,0x3ed625bc782308db889b405df38cc724bd56bcc4d34488f306718d85434a5e90,0xe810281d189f19572b5250556369c39f5ebc6b00,0x41d5d79431a913c4ae7d69a668ecdfe5ff9dfb68,0x3e91d9469de69d3c0eef04a1acb6f61de4e4fd7c,80000000000000000000,Inverse DAO,INV,18,201,78001,41000000000,78001,10732768,deprecated,0x2e7ba6ef,"claim(uint256 index, address account, uint256 amount, bytes32[] merkleProof)",13534459
11527124,1608957371,0x3eaeb5c4f54ffbfe9098573f881359839e3e2aa662a63e19303c2250f3fae19a,1265,0x5d6921b8dad55f06d628a9c9c79812bd367187c4c2c5228a8f3b1bec691c2475,0xe810281d189f19572b5250556369c39f5ebc6b00,0x41d5d79431a913c4ae7d69a668ecdfe5ff9dfb68,0x46b8ffc41f26cd896e033942caf999b78d10c277,80000000000000000000,Inverse DAO,INV,18,187,77965,74000000000,77965,7747915,deprecated,0x2e7ba6ef,"claim(uint256 index, address account, uint256 amount, bytes32[] merkleProof)",13534415
11527133,1608957508,0x9334c6a46c9c81aa327785ee49c8f0bc6587a9397ceb83b347eda270edc9cf84,1019,0x6c96288b1180f0d877aff8944d7116d744e9a3d02ab8aae6a7b7002f918055e5,0xe810281d189f19572b5250556369c39f5ebc6b00,0x41d5d79431a913c4ae7d69a668ecdfe5ff9dfb68,0xc5082c6eed377284837c33cca7d5bdd3d47c69b7,80000000000000000000,Inverse DAO,INV,18,37,77991,75000000000,77991,1754617,deprecated,0x2e7ba6ef,"claim(uint256 index, address account, uint256 amount, bytes32[] merkleProof)",13534406
11527134,1608957522,0x0432ad610d2871ad012313a014a98f0e16ab5bf4e16fcf58a0f46d8dc0af88d6,98,0xc1a3577423af2d7a4ec83b9a604fc3add3fc47c6ed4a20455aa4647631a8f960,0xe810281d189f19572b5250556369c39f5ebc6b00,0x41d5d79431a913c4ae7d69a668ecdfe5ff9dfb68,0x207c5df7bb228039dd941f11da5b0a5fb6c1994b,80000000000000000000,Inverse DAO,INV,18,230,77953,50000000000,77953,12421726,deprecated,0x2e7ba6ef,"claim(uint256 index, address account, uint256 amount, bytes32[] merkleProof)",13534405
11527165,1608957888,0x69af419d07862f3567d1caf6520f09a3f0c63956931548244e3be85d9a14de56,718,0x7e9a992fe9bbf22df05e1e29d7bd09d19598376d8a5589cc41e1b1855a30c2b5,0xe810281d189f19572b5250556369c39f5ebc6b00,0x41d5d79431a913c4ae7d69a668ecdfe5ff9dfb68,0x431b5ddb0ace97ebc3d936403ea25831bad832b6,80000000000000000000,Inverse DAO,INV,18,57,77991,48000000000,77991,3516732,deprecated,0x2e7ba6ef,"claim(uint256 index, address account, uint256 amount, bytes32[] merkleProof)",13534374
11527199,1608958347,0x1697d4c096de3c0c4dda1072af54623b6ddad453a0bcd38c22e643b090d2e490,200,0x5ed15fff28f3fc28c6251f55463ff4162b283f235863651d396ac5d0ca6baf6a,0xe810281d189f19572b5250556369c39f5ebc6b00,0x41d5d79431a913c4ae7d69a668ecdfe5ff9dfb68,0x58654f05384e90004ec571ce732598c0f0b0ed79,80000000000000000000,Inverse DAO,INV,18,30,77965,41000000729,77965,2619389,deprecated,0x2e7ba6ef,"claim(uint256 index, address account, uint256 amount, bytes32[] merkleProof)",13534340
11527218,1608958483,0x1aaee7961bd8b7e3b7b9832d581130426adcb64be44937aea3f06a2997ecbd76,1377,0xce24c035df6b0f4aede2992282e7397886c0782db8b55f87799ee39643b8cd70,0xe810281d189f19572b5250556369c39f5ebc6b00,0x41d5d79431a913c4ae7d69a668ecdfe5ff9dfb68,0x1dc5eefe2d20d1ab0db794a4236df147c0f60921,80000000000000000000,Inverse DAO,INV,18,127,77991,30000000000,77991,11973662,deprecated,0x2e7ba6ef,"claim(uint256 index, address account, uint256 amount, bytes32[] merkleProof)",13534321
11527257,1608958907,0x1ec7f78aba1f501885bfc909846c16eb3f671b6225c9f0206313a74b5add81ce,28,0xa179fb1fb8709b000390f3cf9596e0f9a76c243223f6015d77b3074070d3aee2,0xe810281d189f19572b5250556369c39f5ebc6b00,0x41d5d79431a913c4ae7d69a668ecdfe5ff9dfb68,0xf3afa8e4920c7cdac30cbdf144e98899752150bb,80000000000000000000,Inverse DAO,INV,18,85,77965,51000000000,77965,5197340,deprecated,0x2e7ba6ef,"claim(uint256 index, address account, uint256 amount, bytes32[] merkleProof)",13534282
11527262,1608958976,0xb6e59b3a0b61e37f02efff66c9757231b8d8760b379e3328cd42958359324060,60,0x16ed6940e2e85e5f45c64eae12edc1e65dfd5ee739ae54233fb6d494cb04a17a,0xe810281d189f19572b5250556369c39f5ebc6b00,0x41d5d79431a913c4ae7d69a668ecdfe5ff9dfb68,0x43930ff04d18a5b59805151c1eb403c55870641e,80000000000000000000,Inverse DAO,INV,18,190,77947,35250000707,77947,12439578,deprecated,0x2e7ba6ef,"claim(uint256 index, address account, uint256 amount, bytes32[] merkleProof)",13534277
11527265,1608959017,0x18859d57b4f7cac0c10350f60ce353ca50aedb19342c3c769e61380c15b8b38b,246,0x3d95f10752d83103e62bdba28ff98cef1d8b00116b1eaa6246bb4ce1f1109984,0xe810281d189f19572b5250556369c39f5ebc6b00,0x41d5d79431a913c4ae7d69a668ecdfe5ff9dfb68,0x7f11badce99ac9147eff4912d0a64dce34a4639d,80000000000000000000,Inverse DAO,INV,18,144,77977,31500001414,77977,11044973,deprecated,0x2e7ba6ef,"claim(uint256 index, address account, uint256 amount, bytes32[] merkleProof)",13534274
11527268,1608959044,0x31d2ac09f1bf7c7bb9eba2129190d65666822ba40a37afc8ad5881c0e54da345,680,0x30898b55f250fed34c114f87e073989ca690aff5a3bd5b62cf21a39dae2acb19,0xe810281d189f19572b5250556369c39f5ebc6b00,0x41d5d79431a913c4ae7d69a668ecdfe5ff9dfb68,0xb12bc4a0c497f1c3baee7031c5bfd119ecc0c906,80000000000000000000,Inverse DAO,INV,18,169,77985,30000001347,77985,12427810,deprecated,0x2e7ba6ef,"claim(uint256 index, address account, uint256 amount, bytes32[] merkleProof)",13534271
11527270,1608959055,0xbb6098f1ccd16b725ee6c4b0db78f4a8267e87749bb345f1c3103d1053a94271,0,0x10f79f51427e870aecf1b39a1147d320770ec503ca8ec841dc28fd681cc999e0,0xe810281d189f19572b5250556369c39f5ebc6b00,0x41d5d79431a913c4ae7d69a668ecdfe5ff9dfb68,0x1058fdcfbafd95f672b9e31f99212483535d3093,80000000000000000000,Inverse DAO,INV,18,186,77935,34000000000,77935,12218108,deprecated,0x2e7ba6ef,"claim(uint256 index, address account, uint256 amount, bytes32[] merkleProof)",13534269
11527284,1608959175,0xc266f61db27c416c30b3340718988163e198bc347a20de1942777d12609dd773,287,0x3a8d042f64b3efe29bb00eea99ad481e950dac4edec4f103a795015d40219009,0xe810281d189f19572b5250556369c39f5ebc6b00,0x41d5d79431a913c4ae7d69a668ecdfe5ff9dfb68,0xc838fea39474593adc1465b27982a6b4824313bc,80000000000000000000,Inverse DAO,INV,18,77,77991,34375000000,77991,5702782,deprecated,0x2e7ba6ef,"claim(uint256 index, address account, uint256 amount, bytes32[] merkleProof)",13534255
11527297,1608959325,0xb6ad83036b54090fe0630a8f9e561ff812d9b0f9fc80ce6e7ce5fe1e25c7ae17,32,0xf5821084770c262ff88e54a900ccf7c613703086326a8bb83788b1c4a1a0f899,0xe810281d189f19572b5250556369c39f5ebc6b00,0x41d5d79431a913c4ae7d69a668ecdfe5ff9dfb68,0x3379536969a63467a85600f8fab93d1faa22b731,80000000000000000000,Inverse DAO,INV,18,165,77945,31000001459,77945,12209437,deprecated,0x2e7ba6ef,"claim(uint256 index, address account, uint256 amount, bytes32[] merkleProof)",13534242
11527299,1608959351,0x97640c81ed5eeb427fd9ec38b0353fa22886907a80c86faf24156f7622fa00d7,6,0xcfc48e7650b2478293b09204363919e74f8b130cd565c345aa685c1a849ae33b,0xe810281d189f19572b5250556369c39f5ebc6b00,0x41d5d79431a913c4ae7d69a668ecdfe5ff9dfb68,0x661f207fe9467b5ab4c5b74b4aaa6357398cb4be,80000000000000000000,Inverse DAO,INV,18,131,77999,31000001459,77999,9604724,deprecated,0x2e7ba6ef,"claim(uint256 index, address account, uint256 amount, bytes32[] merkleProof)",13534240
11527308,1608959499,0x9ee952cc2863f5c270b59fbd4bcf1f7ea0b498a421094c34cb9985384057bc46,4,0xcbf7e8c569cf00762031a711dfeac0660460cdf2a7b23f1b37c0b4542430047a,0xe810281d189f19572b5250556369c39f5ebc6b00,0x41d5d79431a913c4ae7d69a668ecdfe5ff9dfb68,0x124fc1938b64f7cce51e7ecfde96956ed8286b71,80000000000000000000,Inverse DAO,INV,18,82,77989,35000000000,77989,5571076,deprecated,0x2e7ba6ef,"claim(uint256 index, address account, uint256 amount, bytes32[] merkleProof)",13534231
11527324,1608959642,0x934fcd0247e657be7c6cc4f31897e556746d036cd2d23137089598fc1713e384,1186,0xc209dd95c91d2db161058d2c4001f17d308bf466216b10d0ada7dc5be34e0869,0xe810281d189f19572b5250556369c39f5ebc6b00,0x41d5d79431a913c4ae7d69a668ecdfe5ff9dfb68,0xbe16892ed5185cbd69f3f2708de5263645240a65,80000000000000000000,Inverse DAO,INV,18,145,77999,40000000000,77999,9497611,deprecated,0x2e7ba6ef,"claim(uint256 index, address account, uint256 amount, bytes32[] merkleProof)",13534215
11527371,1608960222,0x3fdf42846a3afb21af79a5de9456a94f083796f0849cfafe45e3d3d678b5dcac,79,0x39a0406dfa3be235757d4f77d37b2a944afacfd47b1d3c1dc4bdd426a965a706,0xe810281d189f19572b5250556369c39f5ebc6b00,0x41d5d79431a913c4ae7d69a668ecdfe5ff9dfb68,0x1874fc5f915aa9fd24c379fe7f9ec40607cef78a,80000000000000000000,Inverse DAO,INV,18,90,77999,35000000000,77999,6756292,deprecated,0x2e7ba6ef,"claim(uint256 index, address account, uint256 amount, bytes32[] merkleProof)",13534168
11527371,1608960222,0x0dce5e4d9e0eaa52921ec6b01db1b6fc146a2bd589f6e9d93bee6c154676d113,639,0x39a0406dfa3be235757d4f77d37b2a944afacfd47b1d3c1dc4bdd426a965a706,0xe810281d189f19572b5250556369c39f5ebc6b00,0x41d5d79431a913c4ae7d69a668ecdfe5ff9dfb68,0x5c2e7837a5dc5d07c6977bfedb46a1f3ec6a5a77,80000000000000000000,Inverse DAO,INV,18,163,77955,33000000000,77955,12061613,deprecated,0x2e7ba6ef,"claim(uint256 index, address account, uint256 amount, bytes32[] merkleProof)",13534168
11527400,1608960654,0x994eb48570721f1de2d963cc7067e60d3cf34b7f9f30fc4e70e5806c64dde2ed,70,0x5af4327cd9c3aad79a2c0d8f6d50d5a76113d642d9ce64ab0b450734c3e8267c,0xe810281d189f19572b5250556369c39f5ebc6b00,0x41d5d79431a913c4ae7d69a668ecdfe5ff9dfb68,0x0e6dacddf7b672ffa9821093fcbcbc71fe763f7f,80000000000000000000,Inverse DAO,INV,18,149,77997,33000001459,77997,9636074,deprecated,0x2e7ba6ef,"claim(uint256 index, address account, uint256 amount, bytes32[] merkleProof)",13534139
11527445,1608961192,0xc66199a708faa98da3a328a8302577b15bae0492ed52bcfb1e2c90f8ada46593,0,0x5f47444aec15abffb75e1d8253a69cbb66fd791c35c6e0150106cafb3921bf72,0xe810281d189f19572b5250556369c39f5ebc6b00,0x41d5d79431a913c4ae7d69a668ecdfe5ff9dfb68,0x03ce77d68c5ef952d91ff53c336ffa260f43caa0,80000000000000000000,Inverse DAO,INV,18,123,77965,33000000000,77965,9665100,deprecated,0x2e7ba6ef,"claim(uint256 index, address account, uint256 amount, bytes32[] merkleProof)",13534094
11527459,1608961320,0x1de8b1fb242d9a06f458793dae650618310760f50a200afacda9a92ba8dc74dd,367,0x96fa481e02ba012ca968f00c66e2e3d9b6707f1ba01ce3c386606766ab554f91,0xe810281d189f19572b5250556369c39f5ebc6b00,0x41d5d79431a913c4ae7d69a668ecdfe5ff9dfb68,0x8b0c8c18993a31f57e60d81761f532ef14633153,500000000000000000000,Inverse DAO,INV,18,57,77963,48000000000,77963,2724550,deprecated,0x2e7ba6ef,"claim(uint256 index, address account, uint256 amount, bytes32[] merkleProof)",13534080
11527481,1608961769,0xd3a30361d533f8adca47ad970412bd756db392879fadc75ef9167d8c983d161a,810,0x1682b42a0f938e28de7e8f09e3c91d875019664cf7a3ddd88259146563631253,0xe810281d189f19572b5250556369c39f5ebc6b00,0x41d5d79431a913c4ae7d69a668ecdfe5ff9dfb68,0x79bf225fbfd40f78b1878a6d1eec1bb03df92aeb,80000000000000000000,Inverse DAO,INV,18,74,77989,48000000000,77989,3589997,deprecated,0x2e7ba6ef,"claim(uint256 index, address account, uint256 amount, bytes32[] merkleProof)",13534058
11527482,1608961781,0x939cd4ebdc5770a704849e18f9c2d6fa430a39753de907cc48ab6f08135a97fc,496,0xd2a4d2fe3e3d747b31f880531a48e6365a978a1e636acd1cdbdd7070434b99f9,0xe810281d189f19572b5250556369c39f5ebc6b00,0x41d5d79431a913c4ae7d69a668ecdfe5ff9dfb68,0xfb865683277e54658dab0fa90e049616cb7f254c,80000000000000000000,Inverse DAO,INV,18,51,78011,56000000000,78011,3722045,deprecated,0x2e7ba6ef,"claim(uint256 index, address account, uint256 amount, bytes32[] merkleProof)",13534057
11527497,1608962037,0xaad80161b67d2d87f62a577a3e66479347bf5cabf3cb77297de60c4f3e80e4de,16,0xb9487ae2db414e1cdf909fecf7197952b9d8f696c092246d9b1a364dec920c02,0xe810281d189f19572b5250556369c39f5ebc6b00,0x41d5d79431a913c4ae7d69a668ecdfe5ff9dfb68,0x319fa9b7863fd629f33325f159143b82d0fa7b94,80000000000000000000,Inverse DAO,INV,18,166,77985,40000000000,77985,12378902,deprecated,0x2e7ba6ef,"claim(uint256 index, address account, uint256 amount, bytes32[] merkleProof)",13534042
11527502,1608962095,0xeaaed8d67f97193f2fc111a875c0c3db01d5521a7d03556aac31245b803bef6e,281,0xea863e1598c408a8d2f17bcd5ee22a4d8e511cbd692e6269e3043360a6cbddeb,0xe810281d189f19572b5250556369c39f5ebc6b00,0x41d5d79431a913c4ae7d69a668ecdfe5ff9dfb68,0x46c46c5f4d2aa1eb3a776701b6992a2c26f996c2,80000000000000000000,Inverse DAO,INV,18,147,77989,42900000000,77989,9209077,deprecated,0x2e7ba6ef,"claim(uint256 index, address account, uint256 amount, bytes32[] merkleProof)",13534037
11527529,1608962459,0x5f3b6ffa3a875b3a4a49c4deec1d8630bcc671b184cf9683edefbae8ae55ab88,1420,0x4c1adc35bfd3030b493752cc7dcdaa82807db249bbea806f2276428e7f95ce60,0xe810281d189f19572b5250556369c39f5ebc6b00,0x41d5d79431a913c4ae7d69a668ecdfe5ff9dfb68,0x44ea6f4805b92b14951c109fed1ef55d6fa6d084,80000000000000000000,Inverse DAO,INV,18,88,77967,60000000000,77967,3242494,deprecated,0x2e7ba6ef,"claim(uint256 index, address account, uint256 amount, bytes32[] merkleProof)",13534010
11527580,1608963139,0x98f66d0b98348d211386a42a42e8db5d8dd6825734442995d69260ebf0d83a3a,1458,0xf6c322e476f888ff1532c071f44f87668d9396cd7f86f5fe2ce3ec61e53d50e2,0xe810281d189f19572b5250556369c39f5ebc6b00,0x41d5d79431a913c4ae7d69a668ecdfe5ff9dfb68,0xd3802dce7f7a54d59e7a64329d287624ff3f495a,80000000000000000000,Inverse DAO,INV,18,158,77991,41000000000,77991,12025271,deprecated,0x2e7ba6ef,"claim(uint256 index, address account, uint256 amount, bytes32[] merkleProof)",13533959
11527590,1608963292,0x9a11bca31e34203068b2f0baad08413a7a557349ce683d2ddefeeecc7f5c6db9,1554,0x20048fed3480913303aaeba1c291d3eb2df4339dcfea7f6c1beaf199f75efe5e,0xe810281d189f19572b5250556369c39f5ebc6b00,0x41d5d79431a913c4ae7d69a668ecdfe5ff9dfb68,0xc1cad6df277106222dd45cf5b0300fbd4d1193d5,80000000000000000000,Inverse DAO,INV,18,152,77987,46000000000,77987,10242156,deprecated,0x2e7ba6ef,"claim(uint256 index, address account, uint256 amount, bytes32[] merkleProof)",13533949
11527630,1608963647,0xa4486d0c07fa02ce99ecc66c460148c4ff0e3524578ee978de9cd9e534a5cfea,5,0x1b07049235228a84f77c4cacc9180324ac3caf37aa1e5e3468ec25814ea9664c,0xe810281d189f19572b5250556369c39f5ebc6b00,0x41d5d79431a913c4ae7d69a668ecdfe5ff9dfb68,0xe46c08ffb1c6cf505eb097af0b9152e92cc7d962,80000000000000000000,Inverse DAO,INV,18,87,77975,32000000000,77975,10195838,deprecated,0x2e7ba6ef,"claim(uint256 index, address account, uint256 amount, bytes32[] merkleProof)",13533909
11527639,1608963751,0x9ca978d6dfc2283765e5d4132cade34e51b9786f7bc91c3e1fa82a344b0662a6,1439,0x6b6ffdd1904f1c11a41456fcf37fddce9c3b13989f0d1ce0e78af6ffd59cac97,0xe810281d189f19572b5250556369c39f5ebc6b00,0x41d5d79431a913c4ae7d69a668ecdfe5ff9dfb68,0x09fc1031d03a78ed4f60463fa9749870d33439bc,80000000000000000000,Inverse DAO,INV,18,223,77967,48000000000,77967,12448525,deprecated,0x2e7ba6ef,"claim(uint256 index, address account, uint256 amount, bytes32[] merkleProof)",13533900
11527663,1608964106,0x6068af336ce2696c14193de49d0101660063cb600df1538f55b2fa0800a9a86b,78,0x1ff9a448419172a4428f19b2f090b0eb784a6b97e280eb8fff77710fff7fe68d,0xe810281d189f19572b5250556369c39f5ebc6b00,0x41d5d79431a913c4ae7d69a668ecdfe5ff9dfb68,0x181a0d777510d84fdc8b16d2336b476843c65f70,80000000000000000000,Inverse DAO,INV,18,143,77979,32000000000,77979,9421892,deprecated,0x2e7ba6ef,"claim(uint256 index, address account, uint256 amount, bytes32[] merkleProof)",13533876
11527686,1608964367,0xab28dbeb65f3bf0c3a8a8e747a5b28857686902fbc396a8a21bae568c6d70f11,2,0x2187cdac778a5a0b4d24f6edf4e0d8c32432f4ea68997e2ff5b58718eae03e60,0xe810281d189f19572b5250556369c39f5ebc6b00,0x41d5d79431a913c4ae7d69a668ecdfe5ff9dfb68,0xe6a4e57af38fc8b984b8706763334b9c4b11d518,80000000000000000000,Inverse DAO,INV,18,108,78011,41000000000,78011,6572613,deprecated,0x2e7ba6ef,"claim(uint256 index, address account, uint256 amount, bytes32[] merkleProof)",13533853
11527719,1608964788,0x60850b41f5ca647e30d8f6c62e753537b81c685fb25a49af85700679b20c0b7a,86,0xa2f3893781504f54e2de00bb83cd37335bf58e2d26501268bc88a5bc5fdb15fe,0xe810281d189f19572b5250556369c39f5ebc6b00,0x41d5d79431a913c4ae7d69a668ecdfe5ff9dfb68,0xf293b634aa11fdba2fa7cc9d08298d8dedc508ae,80000000000000000000,Inverse DAO,INV,18,56,78031,49000000000,78031,3372844,deprecated,0x2e7ba6ef,"claim(uint256 index, address account, uint256 amount, bytes32[] merkleProof)",13533820
11527733,1608964913,0x1d1134c4d713fd6b059b26cf2591a434eea281c54021a035aef05bc813e51775,174,0xf194a5566c4e3410be8f550e97ffdfa599715f2e4d5bf133d56f01605633c1e8,0xe810281d189f19572b5250556369c39f5ebc6b00,0x41d5d79431a913c4ae7d69a668ecdfe5ff9dfb68,0xc14c263ed59263fdd8298a4bc821b0fa5987f48f,80000000000000000000,Inverse DAO,INV,18,85,77965,35500000000,77965,6840023,deprecated,0x2e7ba6ef,"claim(uint256 index, address account, uint256 amount, bytes32[] merkleProof)",13533806
11527767,1608965401,0xda36107c1818bc2cf51f1dd2f09a27c5f11a7272d0f121375a76de3474006abd,4199,0x70ed7c7551ff2236f5fc50f910bc6707314bbbf1d2ea1d9c1c08f5e2aaed9609,0xe810281d189f19572b5250556369c39f5ebc6b00,0x41d5d79431a913c4ae7d69a668ecdfe5ff9dfb68,0xc8d46eb7881975f9ae15216feeba2ff58e55803c,80000000000000000000,Inverse DAO,INV,18,168,77989,40000000000,77989,9891812,deprecated,0x2e7ba6ef,"claim(uint256 index, address account, uint256 amount, bytes32[] merkleProof)",13533772
11527778,1608965576,0xc2de70f3993f5d528be0c3165de7df223dffcbb366c32a4a97f5f37665de3a40,288,0x9755329c8932cf0a8ecd9aad8b493d830eccb1c59a872118213095fa5e4f32bd,0xe810281d189f19572b5250556369c39f5ebc6b00,0x41d5d79431a913c4ae7d69a668ecdfe5ff9dfb68,0x705415b435751ecc1793a1071f8ac9c2d8bfee87,80000000000000000000,Inverse DAO,INV,18,97,78007,39000000000,78007,6636073,deprecated,0x2e7ba6ef,"claim(uint256 index, address account, uint256 amount, bytes32[] merkleProof)",13533761
11527823,1608966103,0x03ebe2fcb69af5bfe41f8208bb3ed130b668a51db523b54d4f7befd919a045a5,0,0x9761d2648329ecc636e44554ff5f78b8eda9d04a7a5d47a386a588015070a6a0,0xe810281d189f19572b5250556369c39f5ebc6b00,0x41d5d79431a913c4ae7d69a668ecdfe5ff9dfb68,0xdf480c9a6d2d7acc32629e96ad14bb659bc27222,80000000000000000000,Inverse DAO,INV,18,75,77943,35000000000,77943,4345548,deprecated,0x2e7ba6ef,"claim(uint256 index, address account, uint256 amount, bytes32[] merkleProof)",13533716
11527834,1608966225,0x4b8bfc15931cfe5675a780a222ca64b99ac9c0bfa7416043eb287327034e5df9,44,0x6a512045c41409ad60f7c55f1ab79e8c7a0bbbfa6eb0ef90afa0a4aa07b81b51,0xe810281d189f19572b5250556369c39f5ebc6b00,0x41d5d79431a913c4ae7d69a668ecdfe5ff9dfb68,0x28afe83e03135dca57134454cf991d793849f3b7,80000000000000000000,Inverse DAO,INV,18,49,78001,56000000000,78001,3691238,deprecated,0x2e7ba6ef,"claim(uint256 index, address account, uint256 amount, bytes32[] merkleProof)",13533705
11527853,1608966506,0x0c089f55d3ce6ab35ad8c087e678063787aec83af1dd3a0da26f5dedb3d30a9d,204,0x9a9bf7daace6658f3951c76daae267b02e0bc9d830cae0173fe5aed2b96ea4d7,0xe810281d189f19572b5250556369c39f5ebc6b00,0x41d5d79431a913c4ae7d69a668ecdfe5ff9dfb68,0x0687fdf1617c222fc7eaf72e340e177c616ebf75,80000000000000000000,Inverse DAO,INV,18,156,78001,34000000000,78001,11135053,deprecated,0x2e7ba6ef,"claim(uint256 index, address account, uint256 amount, bytes32[] merkleProof)",13533686
11527883,1608966825,0x56e38d27931ad2fa500f3079339067d0be34f8dd0183efba9de16ebb6bb8a21a,386,0x51ae1f1c4a022901d5c2e6e2aa56536f5ef2e22a2719dfffe3cc77965ec2864b,0xe810281d189f19572b5250556369c39f5ebc6b00,0x41d5d79431a913c4ae7d69a668ecdfe5ff9dfb68,0x627ca7601e943cbffd21aeeb7bb06b9a3137b0ec,80000000000000000000,Inverse DAO,INV,18,55,77967,30000000000,77967,6138327,deprecated,0x2e7ba6ef,"claim(uint256 index, address account, uint256 amount, bytes32[] merkleProof)",13533656
11527890,1608966912,0x7edb34de04143676b6fd0f70547713deb7da60f8de325747818feae2671627f6,222,0xd85a0e711b56479e0a74f72eaf9cb8bac6a4a802a3395a2cdd89a3f6126c69d6,0xe810281d189f19572b5250556369c39f5ebc6b00,0x41d5d79431a913c4ae7d69a668ecdfe5ff9dfb68,0x71da1d35724270d04e83d81bce5c2459cddbf41d,80000000000000000000,Inverse DAO,INV,18,179,77987,39000000000,77987,7725943,deprecated,0x2e7ba6ef,"claim(uint256 index, address account, uint256 amount, bytes32[] merkleProof)",13533649
11527895,1608967044,0xce4b4d1fbca07a7f5fb9d65f0a1c23048bbc21506701d262fdb89790bf47a4b9,33,0x0e82158b1f163aa625f21d5e7add66c9979a5b0c8caa860eb2b777ce98d2fe7d,0xe810281d189f19572b5250556369c39f5ebc6b00,0x41d5d79431a913c4ae7d69a668ecdfe5ff9dfb68,0xe2438db969db43314040e51f95d425c1fe1cc433,80000000000000000000,Inverse DAO,INV,18,111,78011,36000000000,78011,8703244,deprecated,0x2e7ba6ef,"claim(uint256 index, address account, uint256 amount, bytes32[] merkleProof)",13533644
11527914,1608967331,0x23dd03b858b55f54df11d6a341c759e25815f0689a30e22406d72c4b91ccefb9,1476,0x3e45a700f504106111d6ddb0eed6bd1d5346392a53f6f7bf6e81b6d7f88f2613,0xe810281d189f19572b5250556369c39f5ebc6b00,0x41d5d79431a913c4ae7d69a668ecdfe5ff9dfb68,0x634775efe2d77ff787fa843a57e752b9bd515f41,80000000000000000000,Inverse DAO,INV,18,12,77985,36000000000,77985,2655511,deprecated,0x2e7ba6ef,"claim(uint256 index, address account, uint256 amount, bytes32[] merkleProof)",13533625
11527956,1608967844,0xdb24007fef241baeb1cb2a23aaf1ec8ff461133e508756ad670dc930c6c2f8b7,259,0x08855b5feaa33d1703da41b0bb8b908e3d4c5449a80cda1b49b2696f0404e6a4,0xe810281d189f19572b5250556369c39f5ebc6b00,0x41d5d79431a913c4ae7d69a668ecdfe5ff9dfb68,0xb59d676f5971d86eb1ca8573b0b0102c8deb6851,80000000000000000000,Inverse DAO,INV,18,126,77989,33500000729,77989,10156585,deprecated,0x2e7ba6ef,"claim(uint256 index, address account, uint256 amount, bytes32[] merkleProof)",13533583
11527994,1608968352,0x4744a60552ed185465316ae16ad07010a2a27077b99fecb43bb12aae30cd8bcf,1873,0x46b822cc8b75be35b9d0cd36b3dc639baed7b75e68e52bad1be5dfcdd6a912d5,0xe810281d189f19572b5250556369c39f5ebc6b00,0x41d5d79431a913c4ae7d69a668ecdfe5ff9dfb68,0x417aff82d2cd9fd39fe790af5798ae865fbe8c48,80000000000000000000,Inverse DAO,INV,18,132,78001,33550000000,78001,6631555,deprecated,0x2e7ba6ef,"claim(uint256 index, address account, uint256 amount, bytes32[] merkleProof)",13533545
11527998,1608968392,0xbbda252068ab9ece895bcc113cb00319c31d1643dc609ab1d88636aa87a8db0d,78,0x84276f8e0d97f36e1cf6717a90b7aba55316817badfbf1d6b51774b952b7c6e9,0xe810281d189f19572b5250556369c39f5ebc6b00,0x41d5d79431a913c4ae7d69a668ecdfe5ff9dfb68,0x0087a081a9b430fd8f688c6ac5dd24421bfb060d,80000000000000000000,Inverse DAO,INV,18,63,77951,45000000000,77951,2045266,deprecated,0x2e7ba6ef,"claim(uint256 index, address account, uint256 amount, bytes32[] merkleProof)",13533541
11528010,1608968533,0x2562a41e5e328b0db5ac6d268b04f07ca7cb21e620394cc7fd899d9612059349,717,0x95e2c3e8417167d807518f15ba301ac099375f6e253ec8e5d0cae9888950e5b0,0xe810281d189f19572b5250556369c39f5ebc6b00,0x41d5d79431a913c4ae7d69a668ecdfe5ff9dfb68,0x5ad0734530568e5c80036fd814a8b50ac0a3eb4f,80000000000000000000,Inverse DAO,INV,18,45,77967,46000000000,77967,2383121,deprecated,0x2e7ba6ef,"claim(uint256 index, address account, uint256 amount, bytes32[] merkleProof)",13533529
11528016,1608968614,0xde1f96553dfea33fb7d20f0a2569832c20560b7c6df60ef71690302b42c4a815,104,0xe8bbf534ca9c16c0a2858545eb174ceb0351c11821fdb50d1989560b46ac9a85,0xe810281d189f19572b5250556369c39f5ebc6b00,0x41d5d79431a913c4ae7d69a668ecdfe5ff9dfb68,0x7d76e1a176f4893b30247d5cfd451807c2a7d54f,80000000000000000000,Inverse DAO,INV,18,178,77955,35000000000,77955,9431933,deprecated,0x2e7ba6ef,"claim(uint256 index, address account, uint256 amount, bytes32[] merkleProof)",13533523
11528020,1608968641,0xa1216b3da59c59d05f54b58f3264b8fe830ed52161c952d2ff9d05c9198c683f,46,0xf331e91ad03b2b4324b77b53cf1448518d123c70e5e4337d579dc17c485c841b,0xe810281d189f19572b5250556369c39f5ebc6b00,0x41d5d79431a913c4ae7d69a668ecdfe5ff9dfb68,0xb67ae52478397ebd9dd07f20a3be8bcf530942e4,80000000000000000000,Inverse DAO,INV,18,94,77997,33500000729,77997,9215466,deprecated,0x2e7ba6ef,"claim(uint256 index, address account, uint256 amount, bytes32[] merkleProof)",13533519
11528032,1608968804,0xfac3a7a5894b1377687065d3fb15d922ecb6f362be4f2d2f53c18f00786a9a5d,73,0x15c6f81fa5ca57e67d6c9c9b798a145559ddebf83bf902a85584b1d3719328ff,0xe810281d189f19572b5250556369c39f5ebc6b00,0x41d5d79431a913c4ae7d69a668ecdfe5ff9dfb68,0x3280d8c346cad8e553461e0bc9f13aba7ab5c92e,80000000000000000000,Inverse DAO,INV,18,135,77983,34000000000,77983,11487499,deprecated,0x2e7ba6ef,"claim(uint256 index, address account, uint256 amount, bytes32[] merkleProof)",13533507
11528046,1608969089,0xee26578f03efd68be30f274db9aac0c3f5f181e557801eb1fe796d6d733299f9,144,0xd2eb085d3a491d2a82cf8ddf5838997479e5ca09ce9fc36afda1797ecb1ca17a,0xe810281d189f19572b5250556369c39f5ebc6b00,0x41d5d79431a913c4ae7d69a668ecdfe5ff9dfb68,0xcffe08bdf20918007f8ab268c32f8756494fc8d8,80000000000000000000,Inverse DAO,INV,18,134,77923,43000000000,77923,7912135,deprecated,0x2e7ba6ef,"claim(uint256 index, address account, uint256 amount, bytes32[] merkleProof)",13533493
11528055,1608969230,0x883aa7efe789599247538a10ac0ec1a9b3ae84de1a0e10fee505bb1fbfeaf6d5,864,0x9e038152630cf79f35034890a1ef4f8aca30c11fd162e1c1d9e8b3132e4ad3af,0xe810281d189f19572b5250556369c39f5ebc6b00,0x41d5d79431a913c4ae7d69a668ecdfe5ff9dfb68,0xe23cd65ac0253f67aa75666765e3350d14117866,80000000000000000000,Inverse DAO,INV,18,126,78001,40500000000,78001,9560133,deprecated,0x2e7ba6ef,"claim(uint256 index, address account, uint256 amount, bytes32[] merkleProof)",13533484
11528067,1608969372,0xf8c8c93763c66dd23edb9fd98ee67f5748e8d1004a986e6abee37f3ce5347c87,1133,0xdb75f9686d061fcead8b93f128929e7931671a7b68b56ed5d3c6ac6b27b5f3dd,0xe810281d189f19572b5250556369c39f5ebc6b00,0x41d5d79431a913c4ae7d69a668ecdfe5ff9dfb68,0x362320f3a3eeeb4c4699b1b9062a84b2612bcdba,80000000000000000000,Inverse DAO,INV,18,38,78021,40800000000,78021,2636925,deprecated,0x2e7ba6ef,"claim(uint256 index, address account, uint256 amount, bytes32[] merkleProof)",13533472
11528069,1608969386,0x7fc8c49377efd4b3b7e7fad7a306a5c185c4466b109c889fa08b14711ba81853,46,0x184f35fb038cf0e4f2da81cfa2e7c678b34c9a9f478d2fc8be6c32d301727886,0xe810281d189f19572b5250556369c39f5ebc6b00,0x41d5d79431a913c4ae7d69a668ecdfe5ff9dfb68,0xe1de83bca3cbd7db99601d0912c142e136528fec,80000000000000000000,Inverse DAO,INV,18,126,77989,40800000000,77989,6419520,deprecated,0x2e7ba6ef,"claim(uint256 index, address account, uint256 amount, bytes32[] merkleProof)",13533470
11528087,1608969578,0xd466c60c028eb20ef5c85d72d29fe4e2ca1997f859da7168f65a1b98a27bd1d6,111,0x72b7de9660238efc90bf0422383f4c7cefb62730d51b2c6aec3e784cb81d18bf,0xe810281d189f19572b5250556369c39f5ebc6b00,0x41d5d79431a913c4ae7d69a668ecdfe5ff9dfb68,0x5f67ffa4b3f77dd16c9c34a1a82cab8daea03191,80000000000000000000,Inverse DAO,INV,18,140,77945,38000000000,77945,10351272,deprecated,0x2e7ba6ef,"claim(uint256 index, address account, uint256 amount, bytes32[] merkleProof)",13533452
11528101,1608969796,0xd27415c6169a4c7a5f47e5360c45d5bc29a7220c3058b8587066467710c76759,919,0xfa6a895e8b9863304e6a03612f23b85ed05b67c6746fa2625a74f2493a78c4e0,0xe810281d189f19572b5250556369c39f5ebc6b00,0x41d5d79431a913c4ae7d69a668ecdfe5ff9dfb68,0x8076ab95158ef060fad1a817a7dd2790eb762efa,80000000000000000000,Inverse DAO,INV,18,49,77989,45000000000,77989,4045664,deprecated,0x2e7ba6ef,"claim(uint256 index, address account, uint256 amount, bytes32[] merkleProof)",13533438
11528109,1608969881,0x6965f2bd3cb1d97a4e509fc33e2c0d0f2ea504c4b1e02cbe0d97355fd92b66d8,0,0x5d598e5fdcccb7db9536f37f6b418dea5f73e71b28d96377d6f3ef7eb3be5f6e,0xe810281d189f19572b5250556369c39f5ebc6b00,0x41d5d79431a913c4ae7d69a668ecdfe5ff9dfb68,0x5f1d23b60fb78496eaf91082015a2a72e21bab19,80000000000000000000,Inverse DAO,INV,18,66,78011,50000000000,78011,5213451,deprecated,0x2e7ba6ef,"claim(uint256 index, address account, uint256 amount, bytes32[] merkleProof)",13533430
11528116,1608969943,0xbcf11fc73257689165d1888e8b9bb74985257a197e7276800bdb22c21fed4403,231,0xe83e39fb3945cba46047f3dd1ae249dfd77a2a20fa428e20a90ec91f350bac6c,0xe810281d189f19572b5250556369c39f5ebc6b00,0x41d5d79431a913c4ae7d69a668ecdfe5ff9dfb68,0x23e01e05aa1376fa3ac83c954816b967a7302891,80000000000000000000,Inverse DAO,INV,18,141,77963,39000000000,77963,9780819,deprecated,0x2e7ba6ef,"claim(uint256 index, address account, uint256 amount, bytes32[] merkleProof)",13533423
11528118,1608969976,0x8a9a6541b5e43c23f7cd6a3e5d14bbd2f58dbd8c12cb7e69998ea94f00065112,501,0xbb39b8ffae23baeaab37cb9c105304bb7af82ff89fc6bd2aa715a1277d2b5877,0xe810281d189f19572b5250556369c39f5ebc6b00,0x41d5d79431a913c4ae7d69a668ecdfe5ff9dfb68,0xabf84b08f4e9d435abaf7c30f1a1552710828546,80000000000000000000,Inverse DAO,INV,18,181,78017,45000000000,78017,7090064,deprecated,0x2e7ba6ef,"claim(uint256 index, address account, uint256 amount, bytes32[] merkleProof)",13533421
11528131,1608970284,0x7d8f3a191f3b877d4288e41010b597c42b9183b5dd4a98a62281109e6f08d60c,29,0x68f9b0d8eb945486b29c84156f72a849b6d98aa763a55e4e74254c5f8e488b9c,0xe810281d189f19572b5250556369c39f5ebc6b00,0x41d5d79431a913c4ae7d69a668ecdfe5ff9dfb68,0xf2dda5244561cb82648995e379988748ed1c8dc0,80000000000000000000,Inverse DAO,INV,18,218,77977,45000000000,77977,11860781,deprecated,0x2e7ba6ef,"claim(uint256 index, address account, uint256 amount, bytes32[] merkleProof)",13533408
11528131,1608970284,0xf863957868308950428dd9387eea55e5b779e5473091454eb7632f535f58f52e,28,0x68f9b0d8eb945486b29c84156f72a849b6d98aa763a55e4e74254c5f8e488b9c,0xe810281d189f19572b5250556369c39f5ebc6b00,0x41d5d79431a913c4ae7d69a668ecdfe5ff9dfb68,0x27a66ee9b9b6e992cf96abb049f4aefb14425ee5,80000000000000000000,Inverse DAO,INV,18,226,78019,45000000000,78019,12227331,deprecated,0x2e7ba6ef,"claim(uint256 index, address account, uint256 amount, bytes32[] merkleProof)",13533408
11528132,1608970301,0xa0ed8c1d6784a576f0c9562fafda807464d95b0c0505669078536446a384175a,29,0xf92fd0bae4880dee12d30c162f4e31c84886b7c795a602e813dc888851153666,0xe810281d189f19572b5250556369c39f5ebc6b00,0x41d5d79431a913c4ae7d69a668ecdfe5ff9dfb68,0xa6858d5e3e431b3b2ea28002b0735ada45d3a298,80000000000000000000,Inverse DAO,INV,18,237,77973,45000000000,77973,11261227,deprecated,0x2e7ba6ef,"claim(uint256 index, address account, uint256 amount, bytes32[] merkleProof)",13533407
11528132,1608970301,0x9d52e74b973292b9e7859f406eaaafaacc9386eddf7f19a208244564d2b378df,23,0xf92fd0bae4880dee12d30c162f4e31c84886b7c795a602e813dc888851153666,0xe810281d189f19572b5250556369c39f5ebc6b00,0x41d5d79431a913c4ae7d69a668ecdfe5ff9dfb68,0xd1cc818ff53a135fd5ff3c9bdc481ce9e92bbc1a,80000000000000000000,Inverse DAO,INV,18,246,77979,45000000000,77979,11918087,deprecated,0x2e7ba6ef,"claim(uint256 index, address account, uint256 amount, bytes32[] merkleProof)",13533407
11528148,1608970504,0x4db4d8c3fbbb66112096e07778221e7baf2b877c06c903c3b208772dce1ebea2,111,0x0bf387862b2c816143d6f79aaa98cc67fa025050c8a6394f08af677c2f3472ae,0xe810281d189f19572b5250556369c39f5ebc6b00,0x41d5d79431a913c4ae7d69a668ecdfe5ff9dfb68,0xaf5b8826fac2ece6a8ee211b8c5a7c3f519d1ec9,80000000000000000000,Inverse DAO,INV,18,147,77981,60000000000,77981,6684875,deprecated,0x2e7ba6ef,"claim(uint256 index, address account, uint256 amount, bytes32[] merkleProof)",13533391
11528151,1608970572,0x352b401ff7f118dabe806a098a3388760209eb9fbefd3963350eff37a4e4b63b,5,0xa0371745988d607ea20f467b8bbe27402d43d97f63e99262b5198c48d521113b,0xe810281d189f19572b5250556369c39f5ebc6b00,0x41d5d79431a913c4ae7d69a668ecdfe5ff9dfb68,0x7165ac4008c3603afe432787419eb61b3a2cee8b,500000000000000000000,Inverse DAO,INV,18,131,77987,47000000000,77987,8162241,deprecated,0x2e7ba6ef,"claim(uint256 index, address account, uint256 amount, bytes32[] merkleProof)",13533388
11528152,1608970574,0x782c679989edc1a414b7b958e71fb2d554c65b7ed7e6eef4985b4b299d7c79b4,114,0x7679a366eb6a06a3a3825cca774c229e9b2f2d243d243b8f4931e7ebdf7652ac,0xe810281d189f19572b5250556369c39f5ebc6b00,0x41d5d79431a913c4ae7d69a668ecdfe5ff9dfb68,0x509acd024654930dab87d03a28768f756481c035,80000000000000000000,Inverse DAO,INV,18,85,77983,47000000000,77983,5542741,deprecated,0x2e7ba6ef,"claim(uint256 index, address account, uint256 amount, bytes32[] merkleProof)",13533387
11528152,1608970574,0x6e39ab377f0aa41cfe5686c502d66d1e97d6a9ba4a42950e66771cf3ba683736,36,0x7679a366eb6a06a3a3825cca774c229e9b2f2d243d243b8f4931e7ebdf7652ac,0xe810281d189f19572b5250556369c39f5ebc6b00,0x41d5d79431a913c4ae7d69a668ecdfe5ff9dfb68,0x76e2846798c9239134aaece5587afc05974d1a4d,80000000000000000000,Inverse DAO,INV,18,92,77977,47000000000,77977,6154200,deprecated,0x2e7ba6ef,"claim(uint256 index, address account, uint256 amount, bytes32[] merkleProof)",13533387
11528152,1608970574,0x6df9f3d6e922f563ac967d0a32cdc11b132d701be61d64277b39222df4a3d71f,31,0x7679a366eb6a06a3a3825cca774c229e9b2f2d243d243b8f4931e7ebdf7652ac,0xe810281d189f19572b5250556369c39f5ebc6b00,0x41d5d79431a913c4ae7d69a668ecdfe5ff9dfb68,0xd64c94e542d50ad08508fefe896a892787d764ed,80000000000000000000,Inverse DAO,INV,18,103,78009,47000000000,78009,7147110,deprecated,0x2e7ba6ef,"claim(uint256 index, address account, uint256 amount, bytes32[] merkleProof)",13533387
11528152,1608970574,0x5a1f043038885d7ffae37c9bdeaf5784c0d42a936eceb58041e6d780c07aa7fd,28,0x7679a366eb6a06a3a3825cca774c229e9b2f2d243d243b8f4931e7ebdf7652ac,0xe810281d189f19572b5250556369c39f5ebc6b00,0x41d5d79431a913c4ae7d69a668ecdfe5ff9dfb68,0x84ca18610d1631aeabf4df366668d488973569a3,80000000000000000000,Inverse DAO,INV,18,125,77977,47000000000,77977,8582657,deprecated,0x2e7ba6ef,"claim(uint256 index, address account, uint256 amount, bytes32[] merkleProof)",13533387
11528153,1608970576,0xddfaa6e6bbf2a6a32bec372dade7a7c5d745a050eef10b5ec49d4693ccea5dc5,75,0xe4408feb5ddb9ac9479330289ab5d26f8c03e760d750b3805aea0bc138637e35,0xe810281d189f19572b5250556369c39f5ebc6b00,0x41d5d79431a913c4ae7d69a668ecdfe5ff9dfb68,0x79cd458da3f350b81a641d5eb210725189c7fb11,80000000000000000000,Inverse DAO,INV,18,53,77947,45000000000,77947,4347625,deprecated,0x2e7ba6ef,"claim(uint256 index, address account, uint256 amount, bytes32[] merkleProof)",13533386
11528154,1608970580,0xe84824e4791eed3f78fa46f2d12e2220844dd994ebd2f9cc5866cdab13a67eb5,1358,0x2556db2984fa6065d8c77a4f63a6c15881371b68d05b3b8e7cb332c2960ac797,0xe810281d189f19572b5250556369c39f5ebc6b00,0x41d5d79431a913c4ae7d69a668ecdfe5ff9dfb68,0x31e985b4f7af6b479148d260309b7bcecef0fa7b,80000000000000000000,Inverse DAO,INV,18,122,77979,60000000000,77979,6289976,deprecated,0x2e7ba6ef,"claim(uint256 index, address account, uint256 amount, bytes32[] merkleProof)",13533385
11528160,1608970636,0xb24cb092411cba81d212eebe353739cef420cef07c2a1d69dc25fbb880b6b3e0,173,0x55b4d7043b89602303bba0aa4ccff73aebcbc4d828eb7053f134b445f792f6b7,0xe810281d189f19572b5250556369c39f5ebc6b00,0x41d5d79431a913c4ae7d69a668ecdfe5ff9dfb68,0x8c2602831784bd8c213e84aff2c6368b6447808d,80000000000000000000,Inverse DAO,INV,18,164,77999,45000000000,77999,10459057,deprecated,0x2e7ba6ef,"claim(uint256 index, address account, uint256 amount, bytes32[] merkleProof)",13533379
11528167,1608970696,0x54c66047f0edcdf9a42f5b787776454de784bb443a945d61439959a18ae92a7f,878,0xe23f125680ca97a03934ddf1403e6cf13b973046ccc20b6f483d40e5a910e321,0xe810281d189f19572b5250556369c39f5ebc6b00,0x41d5d79431a913c4ae7d69a668ecdfe5ff9dfb68,0x900fdded067b7db72769734747e0acef9b210c55,80000000000000000000,Inverse DAO,INV,18,112,77963,38500000000,77963,7406761,deprecated,0x2e7ba6ef,"claim(uint256 index, address account, uint256 amount, bytes32[] merkleProof)",13533372
11528170,1608970722,0x46998233b9432a8e6a0bac0e6a26689cfba089919a4a075a1d5d190d16906197,376,0x2ed5661f2eb92b93b9139c557d8c3c905f365a97a119db6378f9f8949492d787,0xe810281d189f19572b5250556369c39f5ebc6b00,0x41d5d79431a913c4ae7d69a668ecdfe5ff9dfb68,0x020b899981fa12ad33d6c455d77fe8f53a121464,80000000000000000000,Inverse DAO,INV,18,83,78011,51000000000,78011,4374850,deprecated,0x2e7ba6ef,"claim(uint256 index, address account, uint256 amount, bytes32[] merkleProof)",13533369
11528206,1608971125,0x1d5484c0bfe548e7507f863a090daceb5a2de5880881ec4675e94a21a59c99c7,76,0xf214f3183f9bba31a199cbb3c647bd8f59271bb840c18df2833ed7443f28fb3b,0xe810281d189f19572b5250556369c39f5ebc6b00,0x41d5d79431a913c4ae7d69a668ecdfe5ff9dfb68,0xbc1aa5ac8e750c28d6020c0ae99619e4c02a5f5a,80000000000000000000,Inverse DAO,INV,18,151,78001,42000001459,78001,8947881,deprecated,0x2e7ba6ef,"claim(uint256 index, address account, uint256 amount, bytes32[] merkleProof)",13533333
11528226,1608971371,0x8bdf4fc3802a7ddfad27e847f83ba6c7f4c656a7be92ccc45017757816b1a8b8,228,0xc1dacc92b7b16b00d0475c5c310f41c267a3fcfafa26934a9071ce363c3df074,0xe810281d189f19572b5250556369c39f5ebc6b00,0x41d5d79431a913c4ae7d69a668ecdfe5ff9dfb68,0xbe478151e2070b9d468de42ebf34275a9f35bf32,80000000000000000000,Inverse DAO,INV,18,119,77979,40000001459,77979,12404827,deprecated,0x2e7ba6ef,"claim(uint256 index, address account, uint256 amount, bytes32[] merkleProof)",13533313
11528240,1608971698,0x719f71fe9efb0beca01a509f87c02371ceb0d711589ee67bfcf439ca74ba6dcc,689,0x72cd2560e807aeeae0439d91d342b3a19c8a909c0196497e3f13a363d65048f2,0xe810281d189f19572b5250556369c39f5ebc6b00,0x41d5d79431a913c4ae7d69a668ecdfe5ff9dfb68,0x5d19b9dd42ee27cbbdff1ca1d6f72b83cc8e9af3,80000000000000000000,Inverse DAO,INV,18,157,77943,67000000000,77943,3730868,deprecated,0x2e7ba6ef,"claim(uint256 index, address account, uint256 amount, bytes32[] merkleProof)",13533299
11528245,1608971776,0x3e6985aba0d1fefa4d124a253f30fa466e979fe77ecb3ef92dda9abe5f18aae0,0,0x4a662b677a3a7a4ee532e90ef81c64b68b3756d9a6b79ea00aca704f7d7c3499,0xe810281d189f19572b5250556369c39f5ebc6b00,0x41d5d79431a913c4ae7d69a668ecdfe5ff9dfb68,0x5220778030de2a996caf41e6e4384029648c6a4d,80000000000000000000,Inverse DAO,INV,18,88,77979,50000000000,77979,4180804,deprecated,0x2e7ba6ef,"claim(uint256 index, address account, uint256 amount, bytes32[] merkleProof)",13533294
11528252,1608971830,0x34dae4846bb80e9399512a4f6e02c6ce4f642906a64260cf0bbe4c40f3c63233,137,0xb82848b100e8ca4222168a7825c51ea79697c71b2fab45b9512e10ae144999ad,0xe810281d189f19572b5250556369c39f5ebc6b00,0x41d5d79431a913c4ae7d69a668ecdfe5ff9dfb68,0xeac360eec8f0dbc621e1aa2f1796972602b4bd8b,80000000000000000000,Inverse DAO,INV,18,19,77977,63000000000,77977,1130534,deprecated,0x2e7ba6ef,"claim(uint256 index, address account, uint256 amount, bytes32[] merkleProof)",13533287
11528253,1608971837,0x8c0a5dc9d859fd0d6d34f69f6d34eb812a71742371ce69217e4c2921ea8b8fbe,1381,0x38ad4151a708dbf2ddc3eb6b728c06ee271ee76b43cbe8df03590e4f81e83042,0xe810281d189f19572b5250556369c39f5ebc6b00,0x41d5d79431a913c4ae7d69a668ecdfe5ff9dfb68,0xbe3bf9bb42bf423695b792250be206c9a58e2de1,80000000000000000000,Inverse DAO,INV,18,183,78031,51000000000,78031,11279334,deprecated,0x2e7ba6ef,"claim(uint256 index, address account, uint256 amount, bytes32[] merkleProof)",13533286
11528257,1608971888,0x188221966c97fcd9d519be7b4a77005d9c21abdf37ca2593a3e44075e205e8c3,1356,0x328cf8fa62e75d23b1c474c6d2c3458615b168ac16d18877a72b412c10e64fe4,0xe810281d189f19572b5250556369c39f5ebc6b00,0x41d5d79431a913c4ae7d69a668ecdfe5ff9dfb68,0xa03d1648be58e6957c81c1c201236e189b6ee6af,80000000000000000000,Inverse DAO,INV,18,132,77999,43900000000,77999,7603116,deprecated,0x2e7ba6ef,"claim(uint256 index, address account, uint256 amount, bytes32[] merkleProof)",13533282
11528257,1608971888,0x24f5b3575e2b211bcb330a1ed9957a5ffc5b893bd7a36ddb0e55de21880a6007,1580,0x328cf8fa62e75d23b1c474c6d2c3458615b168ac16d18877a72b412c10e64fe4,0xe810281d189f19572b5250556369c39f5ebc6b00,0x41d5d79431a913c4ae7d69a668ecdfe5ff9dfb68,0x1f427a6fcdb95a7393c58552093e10a932890fa8,80000000000000000000,Inverse DAO,INV,18,133,77985,43900000000,77985,7681101,deprecated,0x2e7ba6ef,"claim(uint256 index, address account, uint256 amount, bytes32[] merkleProof)",13533282
11528273,1608972122,0x75399839a45ac1087e512b2830574d1507bd0ec2fe565b7be22998c9591d8748,313,0xe9e4df488293a396890cabaae361775df677d9702a85ba653a7cbb96625341b3,0xe810281d189f19572b5250556369c39f5ebc6b00,0x41d5d79431a913c4ae7d69a668ecdfe5ff9dfb68,0x02d7bd2cb46d139d830276a1dde94b412d51293a,80000000000000000000,Inverse DAO,INV,18,46,77989,49000000000,77989,2865931,deprecated,0x2e7ba6ef,"claim(uint256 index, address account, uint256 amount, bytes32[] merkleProof)",13533266
11528289,1608972455,0xde37166adad3ecbf5bbfe05330f0e22c4ed308a173d58d5ab19dc7866b7e0d33,539,0x5580869ef0a64eac102ec674c8e3ac7ce3ce86e46e5a5f45563e85708f931648,0xe810281d189f19572b5250556369c39f5ebc6b00,0x41d5d79431a913c4ae7d69a668ecdfe5ff9dfb68,0x9a61567a3e3c5b47dffb0670c629a40533eb84d5,80000000000000000000,Inverse DAO,INV,18,153,77943,50000000000,77943,12011843,deprecated,0x2e7ba6ef,"claim(uint256 index, address account, uint256 amount, bytes32[] merkleProof)",13533250
11528350,1608973320,0x2e6994d30f7f34c72a20e30f1c5f9c878f887b000467a7a4caef30a5066f783d,13,0x42348372e34259c29584a8d76c46cfb17278c23e8b461061e48bcaba43477309,0xe810281d189f19572b5250556369c39f5ebc6b00,0x41d5d79431a913c4ae7d69a668ecdfe5ff9dfb68,0xc9cf2afd5d29aedba89a4fe7310e8ba7c49637e4,80000000000000000000,Inverse DAO,INV,18,104,77975,51000000000,77975,6560324,deprecated,0x2e7ba6ef,"claim(uint256 index, address account, uint256 amount, bytes32[] merkleProof)",13533189
11528350,1608973320,0xce7eb42384e6d913631f37dcf2679811497c393f7b088e0193a8a0a4d260cc9e,351,0x42348372e34259c29584a8d76c46cfb17278c23e8b461061e48bcaba43477309,0xe810281d189f19572b5250556369c39f5ebc6b00,0x41d5d79431a913c4ae7d69a668ecdfe5ff9dfb68,0x0d6e94d085a597f316be1833649e05a45103e873,80000000000000000000,Inverse DAO,INV,18,127,77991,51000000000,77991,7771354,deprecated,0x2e7ba6ef,"claim(uint256 index, address account, uint256 amount, bytes32[] merkleProof)",13533189
11528351,1608973333,0x884505b46915844ee2e456004ab960b0fc61f928273b8b49856be4a40c38d8e2,3,0xb91dfdda184fa81382a5d0143c27dd8ed4e87aee21dc19b24bb2fa6a82bf2e74,0xe810281d189f19572b5250556369c39f5ebc6b00,0x41d5d79431a913c4ae7d69a668ecdfe5ff9dfb68,0x0c57fd70b1a0b23b97fdd369ea6be48da8564c74,80000000000000000000,Inverse DAO,INV,18,119,77953,71000000000,77953,5859143,deprecated,0x2e7ba6ef,"claim(uint256 index, address account, uint256 amount, bytes32[] merkleProof)",13533188
11528360,1608973489,0xf5efa38a6fe09e722e97891dd856539cf21dd587ccda86e6c57e8e77146f7569,112,0x8ca6ad91387c09811b6b09da853a03ca658eefdd603b57e6b983aa5026fc0cd7,0xe810281d189f19572b5250556369c39f5ebc6b00,0x41d5d79431a913c4ae7d69a668ecdfe5ff9dfb68,0x2f532a8832f798ced9c6c1aab17afb9debb2b345,80000000000000000000,Inverse DAO,INV,18,102,77989,53000000000,77989,8501540,deprecated,0x2e7ba6ef,"claim(uint256 index, address account, uint256 amount, bytes32[] merkleProof)",13533179
11528375,1608973702,0x5d9743e6607cf2e13f2a65b152c9786e658f52c84cb869852c2568caa5fec9b2,257,0xfcaf830f3c2dd7f30221bfe3e87f6edc47b5d675b4da40353bb598ccf83635d8,0xe810281d189f19572b5250556369c39f5ebc6b00,0x41d5d79431a913c4ae7d69a668ecdfe5ff9dfb68,0x1eacb029ee01cd4a296de9251e1738647c846f93,80000000000000000000,Inverse DAO,INV,18,40,77979,58000000000,77979,2968172,deprecated,0x2e7ba6ef,"claim(uint256 index, address account, uint256 amount, bytes32[] merkleProof)",13533164
11528379,1608973737,0xc67cbfc163a2921025c82f889001e381fcbdbeebbce00d4283a35d583fff1db8,60,0x1243a61ea7a8c0948ffbdf0cd24c099b9b41294ab74b52bb9bbfa3852d509c0a,0xe810281d189f19572b5250556369c39f5ebc6b00,0x41d5d79431a913c4ae7d69a668ecdfe5ff9dfb68,0x7b2fe039d506ab01f29f5d57b69b3d2882a896bc,80000000000000000000,Inverse DAO,INV,18,100,77943,53000000000,77943,10169089,deprecated,0x2e7ba6ef,"claim(uint256 index, address account, uint256 amount, bytes32[] merkleProof)",13533160
11528410,1608974030,0xf5a84f70bbea7a273d3a75ce49edbf043544bed643af9e92c8d6ebe0f4f2720b,99,0x0ed2af49b8d2f703666839c3d540e35458d56f11c4cc6ff33db0e6dda3a366c7,0xe810281d189f19572b5250556369c39f5ebc6b00,0x41d5d79431a913c4ae7d69a668ecdfe5ff9dfb68,0x4475aa3bc3f7357f9086c06dbeef80e3cd33ce59,80000000000000000000,Inverse DAO,INV,18,35,77971,40000000000,77971,3079890,deprecated,0x2e7ba6ef,"claim(uint256 index, address account, uint256 amount, bytes32[] merkleProof)",13533129
11528436,1608974320,0x1ae7315c7a66d5b45c20d420d22450cb7abbc620e85cc727a539cf62ed728fcb,0,0xa40a187763001dcd6e11e34934f420aa37936d93f2245f20d8a61f0636601d2e,0xe810281d189f19572b5250556369c39f5ebc6b00,0x41d5d79431a913c4ae7d69a668ecdfe5ff9dfb68,0x0d5b4932c3e160b928e6338fc587f168fd3bf0e8,80000000000000000000,Inverse DAO,INV,18,98,77977,45000000000,77977,4429847,deprecated,0x2e7ba6ef,"claim(uint256 index, address account, uint256 amount, bytes32[] merkleProof)",13533103
11528451,1608974501,0xcf3bee482a330d8b3d7b08b8102b2f03e4087d81bd3767b72be5c4acd7c8c5ff,12,0xd50ec98f1e37a3b26e4cdaa2bd4a9cae39aae72637e1e2e6e8b7d28056474102,0xe810281d189f19572b5250556369c39f5ebc6b00,0x41d5d79431a913c4ae7d69a668ecdfe5ff9dfb68,0x1bc799bc003ff9c0f6c006d848cae555900c25e8,80000000000000000000,Inverse DAO,INV,18,96,77989,45450000000,77989,8058118,deprecated,0x2e7ba6ef,"claim(uint256 index, address account, uint256 amount, bytes32[] merkleProof)",13533088
11528457,1608974586,0xb16419810fb40531ac4902579f9d5500220307051035d83e3c10d1ff9faa5d95,376,0x58e5b869129c5d15bbfb295e6ab407fc0375d701c3f46f5a0094d651155c3223,0xe810281d189f19572b5250556369c39f5ebc6b00,0x41d5d79431a913c4ae7d69a668ecdfe5ff9dfb68,0xedbf56df1ce38fa26b640d5536f487d274326aca,80000000000000000000,Inverse DAO,INV,18,81,77999,58000000000,77999,4031188,deprecated,0x2e7ba6ef,"claim(uint256 index, address account, uint256 amount, bytes32[] merkleProof)",13533082
11528468,1608974719,0xabe806fc17ddfab21f2b328e037c7eefa0b2168fbfdba5eecfa9e97e0e7eead1,28,0x46c385acada833e7e3b2210dac6523c58066ddb2e141e3cd7a86f711baa868c0,0xe810281d189f19572b5250556369c39f5ebc6b00,0x41d5d79431a913c4ae7d69a668ecdfe5ff9dfb68,0x3d1fbe339e64862d6fe91b58e4f5f70334957a37,80000000000000000000,Inverse DAO,INV,18,94,77989,40500000000,77989,10258920,deprecated,0x2e7ba6ef,"claim(uint256 index, address account, uint256 amount, bytes32[] merkleProof)",13533071
11528478,1608974912,0x3c7faf7cfdeb64b7581148940b460b629355c1d008b82e113ebd9fcbae56db55,1049,0x9d1b8a83b9d2ab454bfaf33bdbde82dbadded328a4158e4c37440fa7cc870586,0xe810281d189f19572b5250556369c39f5ebc6b00,0x41d5d79431a913c4ae7d69a668ecdfe5ff9dfb68,0x8454e1ee9a5324a291516b95364a929d723b2308,80000000000000000000,Inverse DAO,INV,18,71,77999,57000000000,77999,3590970,deprecated,0x2e7ba6ef,"claim(uint256 index, address account, uint256 amount, bytes32[] merkleProof)",13533061
11528494,1608975073,0xa879072b084ac702dc1867ec3002aa7e4c08e68bc37d5581367049861e448e93,3813,0x7bd4a94d2936b1fa2d3600c79940e682f093e8b0f8f8fa43ade21dabea8af7ce,0xe810281d189f19572b5250556369c39f5ebc6b00,0x41d5d79431a913c4ae7d69a668ecdfe5ff9dfb68,0x00a5af2d7da07df76073a6f478f0fb4942d2659a,80000000000000000000,Inverse DAO,INV,18,122,78009,46000001459,78009,10777976,deprecated,0x2e7ba6ef,"claim(uint256 index, address account, uint256 amount, bytes32[] merkleProof)",13533045
11528496,1608975077,0x440a3f9bab957d82bfc1bd0ae57a7bf51c138e23714f1a5c15e83050cae84f57,55,0x344e26390e354a9c7cbabb663993675c9d4a3837c1675eb47c6b5bcc15d4352e,0xe810281d189f19572b5250556369c39f5ebc6b00,0x41d5d79431a913c4ae7d69a668ecdfe5ff9dfb68,0xd82d720176d532797f057a2556093bf2f3bb8f9f,80000000000000000000,Inverse DAO,INV,18,175,77969,46000001459,77969,10035997,deprecated,0x2e7ba6ef,"claim(uint256 index, address account, uint256 amount, bytes32[] merkleProof)",13533043
11528502,1608975170,0xfed56fb90e9f0af0d68d79b88652369005557c5cce0876a744fa68df405c9250,129,0x966e4f89cf4bfadd4dd131891a3bab089fd21055ec356d877126a49b06c69b30,0xe810281d189f19572b5250556369c39f5ebc6b00,0x41d5d79431a913c4ae7d69a668ecdfe5ff9dfb68,0x6822ff01e9ce496e64cbae741846279b2211a015,80000000000000000000,Inverse DAO,INV,18,20,77967,80000000000,77967,864661,deprecated,0x2e7ba6ef,"claim(uint256 index, address account, uint256 amount, bytes32[] merkleProof)",13533037
11528508,1608975261,0x77ff2e3a599176467528e5ee6eb37ce48cee8a401e54aebcaeff20a75fea3b3c,53,0x87fe84f89ea6ec058d2549b4d458a80e5e2505d9f6515346e473636b8a856f80,0xe810281d189f19572b5250556369c39f5ebc6b00,0x41d5d79431a913c4ae7d69a668ecdfe5ff9dfb68,0xdfb66eb0edd03499dac84bf5b770f9ea0e061047,80000000000000000000,Inverse DAO,INV,18,51,78011,53000000000,78011,3072475,deprecated,0x2e7ba6ef,"claim(uint256 index, address account, uint256 amount, bytes32[] merkleProof)",13533031
11528512,1608975303,0x861f933a6352a6243a456d78551074e8f4472fb65262194808fa7b98f82ba8c4,302,0x35732649aa2e8ef80874d8e2a78c12b54e22974fcf02058a6d2147e3b13ad84c,0xe810281d189f19572b5250556369c39f5ebc6b00,0x41d5d79431a913c4ae7d69a668ecdfe5ff9dfb68,0xff51712c8f5b7108d1896b94ce5c183659b82ef7,80000000000000000000,Inverse DAO,INV,18,2,78007,88000000000,78007,140216,deprecated,0x2e7ba6ef,"claim(uint256 index, address account, uint256 amount, bytes32[] merkleProof)",13533027
11528570,1608976070,0x257039c0bec57a288786fda23208cead37541a3b7ed64620051a7abea28a2729,203,0x6237b47955784e2fcdde23890d17e3a85076e6362345ae7c14e6d5b3c3cca69c,0xe810281d189f19572b5250556369c39f5ebc6b00,0x41d5d79431a913c4ae7d69a668ecdfe5ff9dfb68,0xacc71812152e82906f60b5a76d8f6d086b2ea81e,80000000000000000000,Inverse DAO,INV,18,199,177967,53100000000,77967,10875612,deprecated,0x2e7ba6ef,"claim(uint256 index, address account, uint256 amount, bytes32[] merkleProof)",13532969
11528582,1608976213,0x046fc8b11144cdd7affcc5df70c3c161c985d211ae028555e0668299d31b9c20,78,0x668605364653d2a87c0ed8a624c40bf227ac92a6d81df03e5e194612d5db54ec,0xe810281d189f19572b5250556369c39f5ebc6b00,0x41d5d79431a913c4ae7d69a668ecdfe5ff9dfb68,0xb6c10f24d572dd021743cf9e383fd628160249ab,80000000000000000000,Inverse DAO,INV,18,103,77969,40000000000,77969,8250550,deprecated,0x2e7ba6ef,"claim(uint256 index, address account, uint256 amount, bytes32[] merkleProof)",13532957
11528582,1608976213,0x41e0e3ca62e9116ec94757f9349d6bfa8582cad89ead26345cd85a9ada386f79,844,0x668605364653d2a87c0ed8a624c40bf227ac92a6d81df03e5e194612d5db54ec,0xe810281d189f19572b5250556369c39f5ebc6b00,0x41d5d79431a913c4ae7d69a668ecdfe5ff9dfb68,0xfe97b38192cb30add0bbe5e01e6a617562cc8318,80000000000000000000,Inverse DAO,INV,18,151,77977,39000000000,77977,11987398,deprecated,0x2e7ba6ef,"claim(uint256 index, address account, uint256 amount, bytes32[] merkleProof)",13532957
11528594,1608976321,0x1f5ddcfad8d4e7e1163ddb2fbe1235bbc9135e1abd03b0f1579357653628fc25,2649,0x7a91f5aab99c911d074a233eaef30e5b52cbf714de1fd09f9f38a07ed28bf127,0xe810281d189f19572b5250556369c39f5ebc6b00,0x41d5d79431a913c4ae7d69a668ecdfe5ff9dfb68,0x4b1ba9aa4337e65ffa2155b92bafd8e177e73cb5,80000000000000000000,Inverse DAO,INV,18,36,77967,60000000000,77967,2122306,deprecated,0x2e7ba6ef,"claim(uint256 index, address account, uint256 amount, bytes32[] merkleProof)",13532945
11528597,1608976342,0x1b35e4e466805007dd2f2bc08ffe2de7337d79639bcf8a7fda3ad1209fab59d2,174,0xbe664064f894d39262069a2633fa88de82987699160734086ead122b0a397b71,0xe810281d189f19572b5250556369c39f5ebc6b00,0x41d5d79431a913c4ae7d69a668ecdfe5ff9dfb68,0x6addaa208ea7c6e413f0c514dc1ba7510390c500,80000000000000000000,Inverse DAO,INV,18,31,155922,61600000000,77961,1400660,deprecated,0x2e7ba6ef,"claim(uint256 index, address account, uint256 amount, bytes32[] merkleProof)",13532942
11528620,1608976607,0x7fcca611c30b51891f4e39568d9cc51755f6d9a16dd40a830e2a42cb451e88a6,524,0x7bb503a6301f7e33239dc809231bc14bbde407b0dcb5237e5ff3bde014e9c205,0xe810281d189f19572b5250556369c39f5ebc6b00,0x41d5d79431a913c4ae7d69a668ecdfe5ff9dfb68,0x349eddf8e37221f96b1d96debe4339776272c77d,80000000000000000000,Inverse DAO,INV,18,134,78021,39000000000,78021,10161410,deprecated,0x2e7ba6ef,"claim(uint256 index, address account, uint256 amount, bytes32[] merkleProof)",13532919
11528634,1608976815,0x9946f6c59e7c75c5bb04ccf3356dab3c0e2639b1931c04ce91f2e4a08d8735f4,667,0x788fc85d1868ba45b388adf2c65fa94585d7873348a16e1208313ae81cd028af,0xe810281d189f19572b5250556369c39f5ebc6b00,0x41d5d79431a913c4ae7d69a668ecdfe5ff9dfb68,0x60446978dfbd2aa78172fce6482829df4a70378e,80000000000000000000,Inverse DAO,INV,18,95,77951,39000000000,77951,7809761,deprecated,0x2e7ba6ef,"claim(uint256 index, address account, uint256 amount, bytes32[] merkleProof)",13532905
11528648,1608977084,0x67dd5e85038b511af6ebcdcceaeb9c9bd89c62770ca4305b6fcfda44e983eca9,1854,0x8fc9f64743efcafd08be2ccc63d5b1162f192fea1488070d005143712fff52e1,0xe810281d189f19572b5250556369c39f5ebc6b00,0x41d5d79431a913c4ae7d69a668ecdfe5ff9dfb68,0xa161af0e1ab3dbda1f8085b489350fb0df64a51e,80000000000000000000,Inverse DAO,INV,18,9,77957,75000000000,77957,474003,deprecated,0x2e7ba6ef,"claim(uint256 index, address account, uint256 amount, bytes32[] merkleProof)",13532891
11528670,1608977369,0x22530e61681b171a7932bcb3e440af5f9fc05523bc3166ad9bcf6de10e258cac,79,0x93d75d7f87ade6a310d8f1e8b0738baeef6e33086af5480496878224f4b36b4a,0xe810281d189f19572b5250556369c39f5ebc6b00,0x41d5d79431a913c4ae7d69a668ecdfe5ff9dfb68,0x904ce3d6ec87076f7c2558d114fe8384dd4f39d6,80000000000000000000,Inverse DAO,INV,18,68,77995,42000000000,77995,6551873,deprecated,0x2e7ba6ef,"claim(uint256 index, address account, uint256 amount, bytes32[] merkleProof)",13532869
11528672,1608977376,0xcc484dd764d4ccfc140b5bfa4e64c5e289ef5313dda7b91b978a9f9332de82d9,215,0x002ec969f39b9e0b73cc1c867e149ac892d89bb312d4348090e97207185a50c3,0xe810281d189f19572b5250556369c39f5ebc6b00,0x41d5d79431a913c4ae7d69a668ecdfe5ff9dfb68,0xccc339cd783d4836b031c3fc43b9a49ae699ec25,80000000000000000000,Inverse DAO,INV,18,62,77957,63000000000,77957,3417973,deprecated,0x2e7ba6ef,"claim(uint256 index, address account, uint256 amount, bytes32[] merkleProof)",13532867
11528700,1608977662,0x4f0ccfce3957a2cd52c327e00a79ef5623d6b31a19a91ecadb918c2f9ad3a332,3757,0x889824e77309f7caaec1eb0d17c16641274a5df19308acec3c0944873bcf0b02,0xe810281d189f19572b5250556369c39f5ebc6b00,0x41d5d79431a913c4ae7d69a668ecdfe5ff9dfb68,0xcc1d90f1f7df7d6c918074819e0b71a4c811689f,80000000000000000000,Inverse DAO,INV,18,51,77967,62000000000,77967,2477532,deprecated,0x2e7ba6ef,"claim(uint256 index, address account, uint256 amount, bytes32[] merkleProof)",13532839
11528713,1608977853,0x2e1d96db4103a1950ea7b716fafc5e03387c847009dd1cd580b18eb30c5aea99,26,0x1e153606b5f25d187535c4115fb89ed8bc659f28b8f071c52c95b02d94193497,0xe810281d189f19572b5250556369c39f5ebc6b00,0x41d5d79431a913c4ae7d69a668ecdfe5ff9dfb68,0x352a0500b2b2cc68a7fe73784e1428a806f8773f,80000000000000000000,Inverse DAO,INV,18,29,77987,44000000000,77987,1463291,deprecated,0x2e7ba6ef,"claim(uint256 index, address account, uint256 amount, bytes32[] merkleProof)",13532826
11528756,1608978344,0x814ae800cd2db8dad2d80c85056fc8f4f35a79dbed39976406413bd08935392c,563,0x952ef57d29aa46f16cf816042be315e11f7811f56926a0273fe58648a31e572e,0xe810281d189f19572b5250556369c39f5ebc6b00,0x41d5d79431a913c4ae7d69a668ecdfe5ff9dfb68,0x81d98c8fda0410ee3e9d7586cb949cd19fa4cf38,80000000000000000000,Inverse DAO,INV,18,169,77967,33000001459,77967,12342202,deprecated,0x2e7ba6ef,"claim(uint256 index, address account, uint256 amount, bytes32[] merkleProof)",13532783
11528758,1608978358,0x1118c0c8dac401ec610ed376dcc9411369f3da5d917970ccde38a463d794d2e8,278,0xfe9d70ecc698df92ebd6fc994a436159136ed38636512ce264afaa2b1d6ce3bd,0xe810281d189f19572b5250556369c39f5ebc6b00,0x41d5d79431a913c4ae7d69a668ecdfe5ff9dfb68,0xd81c5771c72294a0dcb98f8a88c410a2c64e53d3,80000000000000000000,Inverse DAO,INV,18,169,77991,39000000000,77991,10545309,deprecated,0x2e7ba6ef,"claim(uint256 index, address account, uint256 amount, bytes32[] merkleProof)",13532781
11528770,1608978479,0xa56bfbbc06c76c62be9845631c236853e753982187b535179c9a075a58e755c1,0,0x5f2cd919c42eb7e546272f3cfb5c2700207ef767973a5433b348231304d0de98,0xe810281d189f19572b5250556369c39f5ebc6b00,0x41d5d79431a913c4ae7d69a668ecdfe5ff9dfb68,0x81760c542327cc325ee311dd2555d0e30738df6a,80000000000000000000,Inverse DAO,INV,18,32,77975,30000001459,77975,3677673,deprecated,0x2e7ba6ef,"claim(uint256 index, address account, uint256 amount, bytes32[] merkleProof)",13532769
11528809,1608978888,0x3fc3b150c147335e27cb6e1a9a48db6207ced0286cf7f757b0b4fe02b6ddf864,28,0x97d6aef1031913ec2b90cba2563978b40775e44e615d2742e2506a5efcc45934,0xe810281d189f19572b5250556369c39f5ebc6b00,0x41d5d79431a913c4ae7d69a668ecdfe5ff9dfb68,0x83d7da9e572c5ad14caae36771022c43af084dbf,80000000000000000000,Inverse DAO,INV,18,81,77967,30100000000,77967,10696619,deprecated,0x2e7ba6ef,"claim(uint256 index, address account, uint256 amount, bytes32[] merkleProof)",13532730
11528899,1608980080,0x629b71fcc4baf77c5ff36bc1053351a4257edfa022b296420ca248c5327dbc48,496,0x73983d001035ba4edcfb551725b220d285d120dc34133ad32f4abe0125dddd19,0xe810281d189f19572b5250556369c39f5ebc6b00,0x41d5d79431a913c4ae7d69a668ecdfe5ff9dfb68,0x61a1fe521232ed09433616136d6ccc24ca01d6c5,80000000000000000000,Inverse DAO,INV,18,39,78001,45000000000,78001,1804712,deprecated,0x2e7ba6ef,"claim(uint256 index, address account, uint256 amount, bytes32[] merkleProof)",13532640
11528926,1608980365,0x585e3bf8f4565c0515efc429bb13fdacb2d794a4544d3caac324a703d36adaf7,475,0x42096a089ac799efc3d20738c7fc194b2a03b8390882a2bdc8607de648f3e226,0xe810281d189f19572b5250556369c39f5ebc6b00,0x41d5d79431a913c4ae7d69a668ecdfe5ff9dfb68,0x8c0bbe72e0a7652cf9b9cc3bddea0291b9255411,80000000000000000000,Inverse DAO,INV,18,22,78001,49000000000,78001,1211465,deprecated,0x2e7ba6ef,"claim(uint256 index, address account, uint256 amount, bytes32[] merkleProof)",13532613
11528961,1608980817,0x5550481d840b208fabf2a7b299268789ebab2dfa5396abf0cb2c705b48a98945,29,0x0d50d1d1910c7cb97336cbc2f70e6352e487a2af6d61e8e3e88b02a55a0653f9,0xe810281d189f19572b5250556369c39f5ebc6b00,0x41d5d79431a913c4ae7d69a668ecdfe5ff9dfb68,0x1883952756815c18b6677979fc467662fab413fe,80000000000000000000,Inverse DAO,INV,18,186,78021,41000000000,78021,12371689,deprecated,0x2e7ba6ef,"claim(uint256 index, address account, uint256 amount, bytes32[] merkleProof)",13532578
11529014,1608981442,0xedc682a7a49ba0b8078fe799b05713967b8d82682f9d81bf8da14294787af472,1070,0xea9382d590921ac72de00f74d6efd6cdda226cc482f93f7a0af615e274901cfd,0xe810281d189f19572b5250556369c39f5ebc6b00,0x41d5d79431a913c4ae7d69a668ecdfe5ff9dfb68,0xa993ad31ef46873c0193448dbb2f04c0d3854731,80000000000000000000,Inverse DAO,INV,18,152,77987,41000000000,77987,8950513,deprecated,0x2e7ba6ef,"claim(uint256 index, address account, uint256 amount, bytes32[] merkleProof)",13532525
11529016,1608981466,0x4ce45f992a926acbf1ac069d0a9e2378da39cad6170cf67bbadba7d650c02083,578,0x6c3c4ec39d184cb72b9349c4250bcb2a193af40056745cdbbc7f3059df435052,0xe810281d189f19572b5250556369c39f5ebc6b00,0x41d5d79431a913c4ae7d69a668ecdfe5ff9dfb68,0xfffa285b4ca6ead9e537279e6b0d6d233d5e56bb,80000000000000000000,Inverse DAO,INV,18,90,300000,35000000000,78011,5911932,deprecated,0x2e7ba6ef,"claim(uint256 index, address account, uint256 amount, bytes32[] merkleProof)",13532523
11529022,1608981537,0x4c10c28bdd58a5329b7d3fbd8cb336ec92ebb75d9607ab2cf64b7042eb1bcdae,6,0x8c475743ad43e76b67514277535b0c2f4fab98a563085b301787df58ca3a53c1,0xe810281d189f19572b5250556369c39f5ebc6b00,0x41d5d79431a913c4ae7d69a668ecdfe5ff9dfb68,0x9c6a9e68bcac01afb53feffbf819c1b30c56bc62,80000000000000000000,Inverse DAO,INV,18,127,77979,36000000000,77979,8800618,deprecated,0x2e7ba6ef,"claim(uint256 index, address account, uint256 amount, bytes32[] merkleProof)",13532517
11529028,1608981603,0x9b847bd46a983159b5fce7edd94f0fcb4866c64b3fa56d7eda777c58373e85de,4,0x3c86c4d295fbb603110e45dabd18d534fff64f3a6db3e8f4324f5cfc4dce1072,0xe810281d189f19572b5250556369c39f5ebc6b00,0x41d5d79431a913c4ae7d69a668ecdfe5ff9dfb68,0x4278f13eea493db1e4a8b582579ebdeb69376c4d,80000000000000000000,Inverse DAO,INV,18,145,78011,43000000000,78011,12339028,deprecated,0x2e7ba6ef,"claim(uint256 index, address account, uint256 amount, bytes32[] merkleProof)",13532511
11529046,1608981913,0x548c9203ef4e6b0804e5ecd773b0730b524c1067d29b8bb30c38521e99df269f,6,0xbc51638e46ad9cc2f2fa4e63dc76369e1826d1ba2c2bc0ce825788adf5f89a7f,0xe810281d189f19572b5250556369c39f5ebc6b00,0x41d5d79431a913c4ae7d69a668ecdfe5ff9dfb68,0xd8502100d5e19e2522505b2794c7bb8ab1a640a4,80000000000000000000,Inverse DAO,INV,18,197,77981,59000000000,77981,9959277,deprecated,0x2e7ba6ef,"claim(uint256 index, address account, uint256 amount, bytes32[] merkleProof)",13532493
11529049,1608981996,0x5adc66b6a18d0161ec5ba0f7e27d755764a3fac66f9b60e48c678b0825ff4844,1428,0xc4d15addbcd6be983519b44558d3f5c8bba7e4097a63b5e8d5ffead4e4914d63,0xe810281d189f19572b5250556369c39f5ebc6b00,0x41d5d79431a913c4ae7d69a668ecdfe5ff9dfb68,0xf14a04d18cb5ba0fe293f6157cd4593404c12ece,80000000000000000000,Inverse DAO,INV,18,156,99999,55000000000,77953,5892098,deprecated,0x2e7ba6ef,"claim(uint256 index, address account, uint256 amount, bytes32[] merkleProof)",13532490
11529068,1608982197,0x40342bf76eff21caca41fd2ab8f5ac97bd9776093d8bd5c88ae9a9df9ef6236a,444,0x00053a0f257e38d0e518c04535e86f9b7aa203a042293ecfb98478c695f73084,0xe810281d189f19572b5250556369c39f5ebc6b00,0x41d5d79431a913c4ae7d69a668ecdfe5ff9dfb68,0xafa32b3cdf8bed419a92724153feb55173e11968,80000000000000000000,Inverse DAO,INV,18,88,77969,43000000000,77969,5417223,deprecated,0x2e7ba6ef,"claim(uint256 index, address account, uint256 amount, bytes32[] merkleProof)",13532471
11529069,1608982206,0x66f3557d762b448126e771579478cb88e9f592c42b21b4869a75b3f664656baa,16,0xdb35cf99912fe225a3216baa40699ec4b018c007f4723c8a8dcf2e4bd3e56ea6,0xe810281d189f19572b5250556369c39f5ebc6b00,0x41d5d79431a913c4ae7d69a668ecdfe5ff9dfb68,0x42d85e68db966372c2184eff657d72e86d5c5df3,80000000000000000000,Inverse DAO,INV,18,55,77989,36000000000,77989,3933444,deprecated,0x2e7ba6ef,"claim(uint256 index, address account, uint256 amount, bytes32[] merkleProof)",13532470
11529074,1608982254,0xe8723b15278b466f0130f2b69034ff832bc9e9f02d3b39320d1ecb280947148a,16,0x4ad3f7eeed8879bbb7ae525978a2eb9d7f3c59e408837087a905b047dedd581d,0xe810281d189f19572b5250556369c39f5ebc6b00,0x41d5d79431a913c4ae7d69a668ecdfe5ff9dfb68,0x61e0822b7077a55148952f2ec43f0effbb623a3e,80000000000000000000,Inverse DAO,INV,18,115,78001,51000000000,78001,11064802,deprecated,0x2e7ba6ef,"claim(uint256 index, address account, uint256 amount, bytes32[] merkleProof)",13532465
11529090,1608982446,0xe58aa45a6a6e2b2d289cdd5657414546afd0f92643755b444f515118a2b39774,29,0xe7713bcd9486ff024fb63833bfd18056e0d7e6e376654822509ebd71c3ce5650,0xe810281d189f19572b5250556369c39f5ebc6b00,0x41d5d79431a913c4ae7d69a668ecdfe5ff9dfb68,0x325c2d1854eceec13bd8a6febae584070d6f5e17,80000000000000000000,Inverse DAO,INV,18,82,77991,45095238095,77991,4821425,deprecated,0x2e7ba6ef,"claim(uint256 index, address account, uint256 amount, bytes32[] merkleProof)",13532449
11529117,1608982899,0xaf65958aa5dd258f66f201dd40b96c15376e7be5ac5678e6ff6876f5892dffac,0,0x70538c5c96eb6bc455861723be626d8420f8ed378ab56167e39f1da2ed5c2119,0xe810281d189f19572b5250556369c39f5ebc6b00,0x41d5d79431a913c4ae7d69a668ecdfe5ff9dfb68,0x6e57bffc3ee8e77ba7b93dbfac7c39248ec013d3,80000000000000000000,Inverse DAO,INV,18,192,78001,40000000000,78001,10733068,deprecated,0x2e7ba6ef,"claim(uint256 index, address account, uint256 amount, bytes32[] merkleProof)",13532422
11529120,1608982930,0x840a402c8adf5f4b7c11b2f9dbd04e301f2969e014bd5ed59c9c4bed3fb07294,189,0xb2e21ca50016ed6c1b616f8b7ede07712c7c846effe6826a3c5c5976d975c8b9,0xe810281d189f19572b5250556369c39f5ebc6b00,0x41d5d79431a913c4ae7d69a668ecdfe5ff9dfb68,0xfda9365e2cdf21d72cb0dc4f5ff46f29e4ac59ce,80000000000000000000,Inverse DAO,INV,18,230,77975,44000000000,77975,11686276,deprecated,0x2e7ba6ef,"claim(uint256 index, address account, uint256 amount, bytes32[] merkleProof)",13532419
11529121,1608982955,0xd9a42009aa9fd24faff7949349210a8de346086456542db06d81cd9fceb8da79,5,0x9e7e3dd431890ccb96c1a8785a6d5bdded0a83da40a6d99e91274a47606d4da6,0xe810281d189f19572b5250556369c39f5ebc6b00,0x41d5d79431a913c4ae7d69a668ecdfe5ff9dfb68,0x7705e47bd6eb6dc5a11aa1839639f3dc6e1a6eaf,80000000000000000000,Inverse DAO,INV,18,36,77979,44000000000,77979,5054709,deprecated,0x2e7ba6ef,"claim(uint256 index, address account, uint256 amount, bytes32[] merkleProof)",13532418
11529160,1608983626,0x36e18d31c92dd61a0922f8e97f5c3a852e1f47ff4d70aa37e8f927dbc0e9c9bc,93,0xf30cab32c3adcfe864e6a2281c8380d961d453413c2d170357de064eb44503c1,0xe810281d189f19572b5250556369c39f5ebc6b00,0x41d5d79431a913c4ae7d69a668ecdfe5ff9dfb68,0x6c381467496332e7065aa8a023db96d016bc02cf,80000000000000000000,Inverse DAO,INV,18,65,77969,44000000000,77969,10778073,deprecated,0x2e7ba6ef,"claim(uint256 index, address account, uint256 amount, bytes32[] merkleProof)",13532379
11529161,1608983629,0xdc72adbf307af37e1d7fad8d175b89049386caba7166249ba8174805b6d8e9d6,44,0x40881b5480c831d3df143389726b2c4188d901c657bf79b588e8db9f2770c2eb,0xe810281d189f19572b5250556369c39f5ebc6b00,0x41d5d79431a913c4ae7d69a668ecdfe5ff9dfb68,0x942fec89e62c34ecfb26694654bec567fbdf68b5,80000000000000000000,Inverse DAO,INV,18,28,77961,44000000000,77961,4591521,deprecated,0x2e7ba6ef,"claim(uint256 index, address account, uint256 amount, bytes32[] merkleProof)",13532378
11529168,1608983723,0x3b146f3d19773b449de852458684d51331fb4503b56d6a530b4ddbb8e5652abd,0,0x5b996f9a66a007491d66ed85c01b0127a1ff2bd1081df252db27305e73c35db2,0xe810281d189f19572b5250556369c39f5ebc6b00,0x41d5d79431a913c4ae7d69a668ecdfe5ff9dfb68,0x693e608eb4e1ecb3107aa628f0b4f867eebbaa16,80000000000000000000,Inverse DAO,INV,18,132,78001,45000000000,78001,9145469,deprecated,0x2e7ba6ef,"claim(uint256 index, address account, uint256 amount, bytes32[] merkleProof)",13532371
11529214,1608984391,0xbb7ce22c2847035ab54e36d77828258eb4cd1ba264d12ed61a2f6044134fb4bc,1772,0xf37b657f95b08403d2a8e4d6786f4f941baeee1aa47785a137ec50e62b72aacb,0xe810281d189f19572b5250556369c39f5ebc6b00,0x41d5d79431a913c4ae7d69a668ecdfe5ff9dfb68,0x04b936745c02e8cb75cc68b93b4fb99b38939d5d,80000000000000000000,Inverse DAO,INV,18,19,77969,58000000000,77969,777925,deprecated,0x2e7ba6ef,"claim(uint256 index, address account, uint256 amount, bytes32[] merkleProof)",13532325
11529233,1608984581,0xca529ff0e820a0f90fda937ecbd8c32d736420166c752e63d023486170f1573f,42,0x966ad050fd1f3c1067d85b6d8b5f0cec75d2c0f71740e112df30ba5d2b2b23cb,0xe810281d189f19572b5250556369c39f5ebc6b00,0x41d5d79431a913c4ae7d69a668ecdfe5ff9dfb68,0x66979bf23c37ada615642db9148919136e18955e,80000000000000000000,Inverse DAO,INV,18,23,77963,47000000000,77963,1580621,deprecated,0x2e7ba6ef,"claim(uint256 index, address account, uint256 amount, bytes32[] merkleProof)",13532306
11529239,1608984648,0x408229d0faa14cde720261f2e0b6976e35de2e595467fe202c57a5e0bebb1c09,36,0x53d18c311a6264599b10672ae92d494e6d65364d67ba55981a7cd5299ff88bc2,0xe810281d189f19572b5250556369c39f5ebc6b00,0x41d5d79431a913c4ae7d69a668ecdfe5ff9dfb68,0xb6f526ef7820bca52058be5c75dc05c7c456d22b,80000000000000000000,Inverse DAO,INV,18,51,77969,47000000000,77969,4935528,deprecated,0x2e7ba6ef,"claim(uint256 index, address account, uint256 amount, bytes32[] merkleProof)",13532300
11529276,1608984973,0xdd408b228b3745e228663fd5e254b889f690088353205f1b038c81beb2007fb2,43,0xf43434edad05b5cae89c0467a60c9eb937107f92d0e278ce99d3642aec140cde,0xe810281d189f19572b5250556369c39f5ebc6b00,0x41d5d79431a913c4ae7d69a668ecdfe5ff9dfb68,0x15f574311bf3408d413a6a3bab569b3377ac146d,80000000000000000000,Inverse DAO,INV,18,122,77989,29000000000,77989,12371536,deprecated,0x2e7ba6ef,"claim(uint256 index, address account, uint256 amount, bytes32[] merkleProof)",13532263
11529324,1608985656,0x88e663d2b3d9f0b7bfc86563231184fd9b41264f5fb9613ea07873296705f772,27,0x1a4ab4d2144db3352f31844f8a4ecb6675ad3cd7ce2d6a3c9b88861da8c2cd3a,0xe810281d189f19572b5250556369c39f5ebc6b00,0x41d5d79431a913c4ae7d69a668ecdfe5ff9dfb68,0xb74465cefd9cac12a5e96a9736f131b02ab531d0,80000000000000000000,Inverse DAO,INV,18,113,77999,50000000000,77999,6908392,deprecated,0x2e7ba6ef,"claim(uint256 index, address account, uint256 amount, bytes32[] merkleProof)",13532215
11529334,1608985820,0x70cd96df86eafd63ac3b21b5ddd7880a093432e456c04aefcfe1cc05ca0cd7cd,2832,0x482f477e4c2141b7cac5804cd24b912850af762d101209c4a404276e7248321f,0xe810281d189f19572b5250556369c39f5ebc6b00,0x41d5d79431a913c4ae7d69a668ecdfe5ff9dfb68,0xa94b40c53432f0576e64873ce1cead1aae62fc90,80000000000000000000,Inverse DAO,INV,18,77,77987,40000000000,77987,4647749,deprecated,0x2e7ba6ef,"claim(uint256 index, address account, uint256 amount, bytes32[] merkleProof)",13532205
11529353,1608986040,0x6089ba9c124bf508cd49cdeb91a4153c38dd1d9b9f1ce778a36176de9c8435b9,618,0x6ff8ab1769d9e9b3d159649f78172fb36697780b3fe4521dc30ded27a9e9631f,0xe810281d189f19572b5250556369c39f5ebc6b00,0x41d5d79431a913c4ae7d69a668ecdfe5ff9dfb68,0xdbb12b09698612b6ba3f5256873dc48bee73230c,80000000000000000000,Inverse DAO,INV,18,160,78001,54000000000,78001,9061144,deprecated,0x2e7ba6ef,"claim(uint256 index, address account, uint256 amount, bytes32[] merkleProof)",13532186
11529440,1608987366,0x872f473812553560dfe10bc991479dfefa90799fe4e2d9a460a8093a7e0b46ab,479,0xb633726fe32a5fb3888d98dd5b855a477bd31116681c8a807b1dd0b26efc10e3,0xe810281d189f19572b5250556369c39f5ebc6b00,0x41d5d79431a913c4ae7d69a668ecdfe5ff9dfb68,0xfd6231a29661100e9f7e68d37730b040e24cad28,80000000000000000000,Inverse DAO,INV,18,93,77991,58000000000,77991,5278333,deprecated,0x2e7ba6ef,"claim(uint256 index, address account, uint256 amount, bytes32[] merkleProof)",13532099
11529441,1608987386,0x68f06b3b3e1b8cf2c9b979cd8bc4e617ce9dd821fd8bd16bb086fd6ae003ab7b,3322,0x7bc68cb835466e815ae97f20d49fd3c1fb1ce1693d0f0503cbb6299e6a5f2600,0xe810281d189f19572b5250556369c39f5ebc6b00,0x41d5d79431a913c4ae7d69a668ecdfe5ff9dfb68,0x0998160bdf3ff6d86a4e9d5c31e0efc3ca7e7d01,80000000000000000000,Inverse DAO,INV,18,136,77955,50000000000,77955,8709549,deprecated,0x2e7ba6ef,"claim(uint256 index, address account, uint256 amount, bytes32[] merkleProof)",13532098
11529464,1608987762,0x86119e6828b9a45f9ede85f9d8c3428948cfea8b5f51bf94d7b100c343ef80aa,826,0x00fc6290c91050c213e5a7a432dfbde67c0653460351d907ef60b8caee070bc8,0xe810281d189f19572b5250556369c39f5ebc6b00,0x41d5d79431a913c4ae7d69a668ecdfe5ff9dfb68,0x6cd68e8f04490cd1a5a21cc97cc8bc15b47dc9eb,80000000000000000000,Inverse DAO,INV,18,139,77989,50000000000,77989,10542336,deprecated,0x2e7ba6ef,"claim(uint256 index, address account, uint256 amount, bytes32[] merkleProof)",13532075
11529477,1608987862,0xae502a53ac21f0c83c619ba87249fb1a945607536ac3715f2f1a87f2ec1d3f88,322,0xb0755c3bd9b585f2d5319bd6369b9cfe15bfe22a544e876dbfdb3a9ab0528da3,0xe810281d189f19572b5250556369c39f5ebc6b00,0x41d5d79431a913c4ae7d69a668ecdfe5ff9dfb68,0x63c9a867d704df159bbbb88eeee1609196b1995e,80000000000000000000,Inverse DAO,INV,18,107,78009,40000000000,78009,8527464,deprecated,0x2e7ba6ef,"claim(uint256 index, address account, uint256 amount, bytes32[] merkleProof)",13532062
11529493,1608988046,0x913d5deff801c20174311fb48946624a9f0bb34ee6df103ab74a33f8b0bde923,145,0xfaf25b9f9948357031f0e5eb2da26f5116f163e3173d2cc1a989355ee5debb94,0xe810281d189f19572b5250556369c39f5ebc6b00,0x41d5d79431a913c4ae7d69a668ecdfe5ff9dfb68,0xed28146d8894f507ea8d5a3b18dd3287d979959f,80000000000000000000,Inverse DAO,INV,18,89,77981,57000000000,77981,5242818,deprecated,0x2e7ba6ef,"claim(uint256 index, address account, uint256 amount, bytes32[] merkleProof)",13532046
11529552,1608988866,0x29c415ff228792cd72fddfafab845105641d2522aae74b8c1315a4277631a9d2,13,0x64fbe85b06098081ff18ab4b027718d4ba3966fc6a88000ddea2af62195da940,0xe810281d189f19572b5250556369c39f5ebc6b00,0x41d5d79431a913c4ae7d69a668ecdfe5ff9dfb68,0x21b074cca6b9ab6f76a98beb5c86fff9fe914fd1,80000000000000000000,Inverse DAO,INV,18,168,78009,50000001459,78009,12030607,deprecated,0x2e7ba6ef,"claim(uint256 index, address account, uint256 amount, bytes32[] merkleProof)",13531987
11529634,1608990062,0x2afeb7695eebf1558180f99ffa2b94fca9ecfbce61f58bbb215e50e8d97e911e,2870,0xc35f1e1b900371b9e972751168d92ca07c36d67d79e419d2af8bd5629faf9aaa,0xe810281d189f19572b5250556369c39f5ebc6b00,0x41d5d79431a913c4ae7d69a668ecdfe5ff9dfb68,0x99391c6f4d33ddac56e0856db4ef0013851031bd,80000000000000000000,Inverse DAO,INV,18,91,77965,55000000000,77965,5721196,deprecated,0x2e7ba6ef,"claim(uint256 index, address account, uint256 amount, bytes32[] merkleProof)",13531905
11529670,1608990570,0xeaa3cb60681a56c6cff0d5a22e48d6365c37b8f43914c4e7402f6d60d386c9c4,10,0x51b523ef89ee89bc64ba253f9dc37c2d539947f7038c02845ef1e57e6a61dd42,0xe810281d189f19572b5250556369c39f5ebc6b00,0x41d5d79431a913c4ae7d69a668ecdfe5ff9dfb68,0x365e756a137258b2693b61c426f44aa23ddc84e0,80000000000000000000,Inverse DAO,INV,18,38,77953,68000000000,77953,2040256,deprecated,0x2e7ba6ef,"claim(uint256 index, address account, uint256 amount, bytes32[] merkleProof)",13531869
11529691,1608990742,0x8fc5377e3b6b3bc8757f90631763b241d8bfdc9bd91d88350644d57cf51f5cad,475,0x5dd8d300e41a28c6cb31cc92dd7ee62f14fab55c24104cb0e5fd352a90ef38c4,0xe810281d189f19572b5250556369c39f5ebc6b00,0x41d5d79431a913c4ae7d69a668ecdfe5ff9dfb68,0x78805dd0a19ac89af3cc334c79330e6ad9cdaf0c,80000000000000000000,Inverse DAO,INV,18,42,77989,39000000000,77989,2813957,deprecated,0x2e7ba6ef,"claim(uint256 index, address account, uint256 amount, bytes32[] merkleProof)",13531848
11529741,1608991396,0x820da7dc1eb70ff70a4902a54e66c16bb61d2b272a76c48b29e8eec74c979d8c,5,0x4d70cd209693023e68dc89c23c5c7012c9e7119a883e48d2ca286e7930192051,0xe810281d189f19572b5250556369c39f5ebc6b00,0x41d5d79431a913c4ae7d69a668ecdfe5ff9dfb68,0x5579718eba9128f7a9b6316e81c6f867b44754e3,80000000000000000000,Inverse DAO,INV,18,51,77987,51000000000,77987,4218525,deprecated,0x2e7ba6ef,"claim(uint256 index, address account, uint256 amount, bytes32[] merkleProof)",13531798
11529746,1608991473,0x59c2220d8d4d3eaa8940d3e9e83487af98b4f336a7f21bf1e01189b12502c171,1003,0xdd9b205bbbc7e86ddffa90aa5643931b9148c6e01624b880114b6576b10750c4,0xe810281d189f19572b5250556369c39f5ebc6b00,0x41d5d79431a913c4ae7d69a668ecdfe5ff9dfb68,0x00f0df30ff796dc5ebd37f468fc6a7d731625a5d,80000000000000000000,Inverse DAO,INV,18,191,77973,50000000000,77973,12428269,deprecated,0x2e7ba6ef,"claim(uint256 index, address account, uint256 amount, bytes32[] merkleProof)",13531793
11529787,1608992017,0x4e595e7547b3c6bfc521e86f9a6ee819c08accf9f568a31120a844b862b13630,1488,0x8aa83ea62b40a4ca9e273ed17670c931db66ee038277a8cb3809512f08aa73db,0xe810281d189f19572b5250556369c39f5ebc6b00,0x41d5d79431a913c4ae7d69a668ecdfe5ff9dfb68,0xc3e42ccf9d7f091e628beea4cbdfe9e81179ac26,80000000000000000000,Inverse DAO,INV,18,153,77967,57000000000,77967,8501456,deprecated,0x2e7ba6ef,"claim(uint256 index, address account, uint256 amount, bytes32[] merkleProof)",13531752
11529796,1608992105,0xf7087774cc2b55750b66e0bc2c392fa27fca791358de184f5e66ae18729f840b,60,0x38dbbb453b04a2eeb8d1abf6f61b3805b0cc4f2c675870695a5e444423b9e7d0,0xe810281d189f19572b5250556369c39f5ebc6b00,0x41d5d79431a913c4ae7d69a668ecdfe5ff9dfb68,0xff1a5635fe0d96c8e02476a3383d8569466a3abd,80000000000000000000,Inverse DAO,INV,18,80,77975,58000000000,77975,5314110,deprecated,0x2e7ba6ef,"claim(uint256 index, address account, uint256 amount, bytes32[] merkleProof)",13531743
11529971,1608994253,0xd51218424195e35ec3de1f6935a519c727010c526c812c700856f4f2baf00ccd,48,0x7e8d4458c6b51c4913b9051a767557ca8bd1857c27a87afeaf2cc0dfed62834c,0xe810281d189f19572b5250556369c39f5ebc6b00,0x41d5d79431a913c4ae7d69a668ecdfe5ff9dfb68,0x059e51c98c0a5b89624e8c1937a001dbeaceda8c,80000000000000000000,Inverse DAO,INV,18,118,77969,61610000000,77969,7697231,deprecated,0x2e7ba6ef,"claim(uint256 index, address account, uint256 amount, bytes32[] merkleProof)",13531568
11529986,1608994393,0xa24fb362a9e229f7174f9ce963d3bcd6f2db8fb29e140d3a1ba6cb4f001bf8cc,438,0x9b948a907aeaa73c812aae164ad3f69b4ae782c6bdd4ca600caa8c2a3cc8a3d8,0xe810281d189f19572b5250556369c39f5ebc6b00,0x41d5d79431a913c4ae7d69a668ecdfe5ff9dfb68,0x42ca45b785d87b8375dff176555c745b27d69da5,80000000000000000000,Inverse DAO,INV,18,166,78001,59000000000,78001,11979249,deprecated,0x2e7ba6ef,"claim(uint256 index, address account, uint256 amount, bytes32[] merkleProof)",13531553
11529991,1608994459,0x07cff404e90f744475714d45f913705fb27b94a9bb5b67b7a2d713b66ee1f664,0,0xdc1a9e58055708c5d90b9dd6432aa9a87590feefc4c29c11ff9f7492a05e096f,0xe810281d189f19572b5250556369c39f5ebc6b00,0x41d5d79431a913c4ae7d69a668ecdfe5ff9dfb68,0x564bca365d62bcc22db53d032f8dbd35439c9206,80000000000000000000,Inverse DAO,INV,18,110,77999,58761131648,77999,12385053,deprecated,0x2e7ba6ef,"claim(uint256 index, address account, uint256 amount, bytes32[] merkleProof)",13531548
11530047,1608995192,0xad5eed67cf0290028945404ad2921c59138cdba0eac51efdbaf79fc845e12565,665,0x62638064391f0a48c3a205d934ab60849d374e155237d7866b413708637d624d,0xe810281d189f19572b5250556369c39f5ebc6b00,0x41d5d79431a913c4ae7d69a668ecdfe5ff9dfb68,0x5b191f5a2b4a867c4ed71858daccc51fc59c69c0,80000000000000000000,Inverse DAO,INV,18,151,77941,63000000000,77941,10059252,deprecated,0x2e7ba6ef,"claim(uint256 index, address account, uint256 amount, bytes32[] merkleProof)",13531492
11530053,1608995255,0x25a527dcf8046c7535faf237c2da65598db2a454633c9ec68c2c8d3d82cc31d4,111,0x467b9a63663a310d0d66f20b267bb2862d39cfa307fef7c2c0f6f2fbe293f2f5,0xe810281d189f19572b5250556369c39f5ebc6b00,0x41d5d79431a913c4ae7d69a668ecdfe5ff9dfb68,0x16faa6e97aec501eb03d692eb5751e37519cdbb3,80000000000000000000,Inverse DAO,INV,18,150,77989,63000000000,77989,10668835,deprecated,0x2e7ba6ef,"claim(uint256 index, address account, uint256 amount, bytes32[] merkleProof)",13531486
11530063,1608995384,0xd397215087f860aa37e649ef897a63b9f74ae687a498fc79fff06a90db0ea1e9,203,0x371938d65b4ea937dcc5e0d980e7817fdaccd251b3d32d12857ebf50025f4961,0xe810281d189f19572b5250556369c39f5ebc6b00,0x41d5d79431a913c4ae7d69a668ecdfe5ff9dfb68,0x9bcee25fcf7512500272520e4e396ed80c3dea14,80000000000000000000,Inverse DAO,INV,18,119,77959,64000000000,77959,8648458,deprecated,0x2e7ba6ef,"claim(uint256 index, address account, uint256 amount, bytes32[] merkleProof)",13531476
11530128,1608996174,0x7a8dead2526f2b0ce02097ab382468d719d3d72f52d6da7f101ccd7bbd4edfd8,1083,0x653e5446a11891fad0ed5069baeef48a7d55340638f6daecf9afb2982b74e47a,0xe810281d189f19572b5250556369c39f5ebc6b00,0x41d5d79431a913c4ae7d69a668ecdfe5ff9dfb68,0x53afeb120edce5d778cab7de76d34f5fcd92c7d0,80000000000000000000,Inverse DAO,INV,18,160,77979,67000000000,77979,10528298,deprecated,0x2e7ba6ef,"claim(uint256 index, address account, uint256 amount, bytes32[] merkleProof)",13531411
11530131,1608996253,0xc1b98db195496d5a6e8192634dcbf72fbd39b9e32bb070a5ea1f4c2a55439474,125,0xf04133b86a743d1e83ddcf65d6b928309844d58776d511b76de84190d824a451,0xe810281d189f19572b5250556369c39f5ebc6b00,0x41d5d79431a913c4ae7d69a668ecdfe5ff9dfb68,0x123432244443b54409430979df8333f9308a6040,80000000000000000000,Inverse DAO,INV,18,59,78031,84000000000,78031,2444406,deprecated,0x2e7ba6ef,"claim(uint256 index, address account, uint256 amount, bytes32[] merkleProof)",13531408
11530141,1608996390,0xf2c781f5585f23e3eca5fffb5a3f43a59fecaad58e6153cd1d5b9cfd6fc3ce04,2056,0xb0e0f5099b0d42f62a77a1894e3e18a49eefbe29319fa089a27d40f3fbc7cc71,0xe810281d189f19572b5250556369c39f5ebc6b00,0x41d5d79431a913c4ae7d69a668ecdfe5ff9dfb68,0x82d751c236cb6c682a54196ef6fc01021a101a1b,80000000000000000000,Inverse DAO,INV,18,129,77975,67000000000,77975,10450249,deprecated,0x2e7ba6ef,"claim(uint256 index, address account, uint256 amount, bytes32[] merkleProof)",13531398
11530152,1608996589,0x3101364574db3b300ef080c4d19bd08cbf91ea87c385a4d7b8f0838c60517fbb,576,0x13c887c680bd7b46f6a3e0d05091c302e4915487374124826b6863e54328db49,0xe810281d189f19572b5250556369c39f5ebc6b00,0x41d5d79431a913c4ae7d69a668ecdfe5ff9dfb68,0xbc2797fe58ea5fe41362f99eb019d5bc7e0e766d,80000000000000000000,Inverse DAO,INV,18,20,78011,104000000000,78011,1081766,deprecated,0x2e7ba6ef,"claim(uint256 index, address account, uint256 amount, bytes32[] merkleProof)",13531387
11530163,1608996700,0xb68df4102ff6c4023b16f58516779c9ff749579c7a6dee6aa232f6bcc7386430,2,0x473b79400980ea12da9714567678839cd5ae9c5c9f092eeae5a4b9cfb496a11d,0xe810281d189f19572b5250556369c39f5ebc6b00,0x41d5d79431a913c4ae7d69a668ecdfe5ff9dfb68,0x9d9f34e892ba0537362d306ad2d394468afb3111,80000000000000000000,Inverse DAO,INV,18,43,77957,71000000001,77957,1638165,deprecated,0x2e7ba6ef,"claim(uint256 index, address account, uint256 amount, bytes32[] merkleProof)",13531376
11530245,1608997679,0xd1cdb665ee51d5e4304d39dede564fe982c6ea998d767c4b894085745cdb9d14,58,0xc591f44d1e0b6c5fe0497139b65a1efbf64e5affa79bbddb3a58d43a334f9ec6,0xe810281d189f19572b5250556369c39f5ebc6b00,0x41d5d79431a913c4ae7d69a668ecdfe5ff9dfb68,0x1634ca655f647b72ca370efd3ea2abdc762c7441,80000000000000000000,Inverse DAO,INV,18,92,77993,67000001459,77993,6778796,deprecated,0x2e7ba6ef,"claim(uint256 index, address account, uint256 amount, bytes32[] merkleProof)",13531294
11530272,1608997971,0xa38a2dcc05fdea8baeaceaefffead15fcbd0b13e2a8d25f6a4727c4342b48012,0,0xf50dac92d744cec7864dd9c9672fb99d623191040fbcfc3e9782460a4bc77721,0xe810281d189f19572b5250556369c39f5ebc6b00,0x41d5d79431a913c4ae7d69a668ecdfe5ff9dfb68,0xaab90d35db04c6bf7523a556c356c3790784e138,80000000000000000000,Inverse DAO,INV,18,97,78001,73000000000,78001,4656921,deprecated,0x2e7ba6ef,"claim(uint256 index, address account, uint256 amount, bytes32[] merkleProof)",13531267
11530295,1608998260,0x98a9e2c305ace4e5799632426c8b50927edab59ffc707ae6fc80519aa8b3f8de,526,0x1110137184e4b921f2ee1e923c6cdfa1bc50f181b0bd4fffdb2b23b4960360f9,0xe810281d189f19572b5250556369c39f5ebc6b00,0x41d5d79431a913c4ae7d69a668ecdfe5ff9dfb68,0x4a21b8ffeabb54be6b8b57121783d1e267c49de8,80000000000000000000,Inverse DAO,INV,18,225,78021,80000000000,78021,10843163,deprecated,0x2e7ba6ef,"claim(uint256 index, address account, uint256 amount, bytes32[] merkleProof)",13531244
11530460,1609000444,0x52f6e50e2cbd9afab9dac2221523924bce4b8a4baa3b74b2f96b716fd1de4cc8,395,0x5ee5ad573e71337d83332d05ad1ac06caf27c2c0671bc10b4b162760d0b94098,0xe810281d189f19572b5250556369c39f5ebc6b00,0x41d5d79431a913c4ae7d69a668ecdfe5ff9dfb68,0x0797363cfe06450a8b99746a72cd7bc5d5bf5742,80000000000000000000,Inverse DAO,INV,18,97,77979,101000001459,77979,11947880,deprecated,0x2e7ba6ef,"claim(uint256 index, address account, uint256 amount, bytes32[] merkleProof)",13531079
11530470,1609000607,0x52161033b8031c01094e92d113476da3e9900b823b8b1319104dc9c397784cf6,386,0x9549968d2c44c24bf607b362ea7348c58413013fbf970ef137b708cf67e1c77c,0xe810281d189f19572b5250556369c39f5ebc6b00,0x41d5d79431a913c4ae7d69a668ecdfe5ff9dfb68,0xb3fdd42f48527541e3d0aa964fb6087b1bc94c5d,80000000000000000000,Inverse DAO,INV,18,14,77989,124000000000,77989,1178574,deprecated,0x2e7ba6ef,"claim(uint256 index, address account, uint256 amount, bytes32[] merkleProof)",13531069
11530547,1609001791,0xef90b1e337affea1a166c568275d393dece4f3eba42106f95f3981cfebc88a9c,340,0x5c323b7263ec2f58f4cf83c02a40f7996d3bfa4027fc31fd9379220da14567cf,0xe810281d189f19572b5250556369c39f5ebc6b00,0x41d5d79431a913c4ae7d69a668ecdfe5ff9dfb68,0xe04243d4de64793420e613fa13f12efff42aca05,80000000000000000000,Inverse DAO,INV,18,163,77999,115000000000,77999,8746096,deprecated,0x2e7ba6ef,"claim(uint256 index, address account, uint256 amount, bytes32[] merkleProof)",13530992
11530643,1609003178,0x20a622e41b2ef9169e8528911d60cdd24cb80bdf911c2e771bcdd0873a24a447,122,0x184818aff7c868d3d0a8861ad2587d426ea4a2f4414bca8183233ada0d06321a,0xe810281d189f19572b5250556369c39f5ebc6b00,0x41d5d79431a913c4ae7d69a668ecdfe5ff9dfb68,0xe468c3c25d0a7cd1724adb1099888b0447b459d8,80000000000000000000,Inverse DAO,INV,18,234,77953,116600000233,77953,12201163,deprecated,0x2e7ba6ef,"claim(uint256 index, address account, uint256 amount, bytes32[] merkleProof)",13530896
11530672,1609003475,0x35f20bfa923fff89ed7ba20472d56949524322bcdf1531d3b18385438cd2f920,456,0x6e46d2b22addbbcd63f2b7d5c0f7f7e4e346f296e1a4aa3dfc68887acac748ce,0xe810281d189f19572b5250556369c39f5ebc6b00,0x41d5d79431a913c4ae7d69a668ecdfe5ff9dfb68,0x5a825c64df9dee1e35fe9041ca8d69509414c4a7,80000000000000000000,Inverse DAO,INV,18,166,78017,59000000000,78017,11429282,deprecated,0x2e7ba6ef,"claim(uint256 index, address account, uint256 amount, bytes32[] merkleProof)",13530867
11530677,1609003542,0x41597e890707a995c941a9138c9fa430eb5de3afeec94d3972edee3e0c1ecc84,2,0x8155bccdbb2a5aa49be314c69fd204a5c8e385449f305752a088a50949accea8,0xe810281d189f19572b5250556369c39f5ebc6b00,0x41d5d79431a913c4ae7d69a668ecdfe5ff9dfb68,0x9aac6ce7e8e382857c4d24ef56651c56c58bbbd4,80000000000000000000,Inverse DAO,INV,18,62,77955,72000000000,77955,8146503,deprecated,0x2e7ba6ef,"claim(uint256 index, address account, uint256 amount, bytes32[] merkleProof)",13530862
11530851,1609005904,0x8274fdbcdfb0072b9183e46a3d54dd13a50fb9a3843735132bf1face6ed257ad,0,0xaf1cc81c569a815f7fd0580b99a45018724136d68f98a954bb38e18ddec8b2e5,0xe810281d189f19572b5250556369c39f5ebc6b00,0x41d5d79431a913c4ae7d69a668ecdfe5ff9dfb68,0x575f5b61d3e5a011080a0df0865b81f2352db83b,80000000000000000000,Inverse DAO,INV,18,88,77977,81000000000,77977,5988487,deprecated,0x2e7ba6ef,"claim(uint256 index, address account, uint256 amount, bytes32[] merkleProof)",13530688
11530871,1609006064,0xf2aa513582385df543b8c95d7c392607379be8ff06eccac1151c4cb87e769379,0,0xd034d07c3092f32a8737351947829df41c2706dc494d6433311a420ac98db378,0xe810281d189f19572b5250556369c39f5ebc6b00,0x41d5d79431a913c4ae7d69a668ecdfe5ff9dfb68,0xdb150346155675dd0c93efd960d5985244a34820,80000000000000000000,Inverse DAO,INV,18,61,77979,42000000000,77979,5022052,deprecated,0x2e7ba6ef,"claim(uint256 index, address account, uint256 amount, bytes32[] merkleProof)",13530668
11531141,1609009889,0x8bb3c4b2057f94a91aff1ee863325679231223c0ce34bf312b6fb53e310de914,0,0x731f1b064fb2dcd6c14e90a65c26aa9e68cfdb153ad932d554ea87d3d1a14568,0xe810281d189f19572b5250556369c39f5ebc6b00,0x41d5d79431a913c4ae7d69a668ecdfe5ff9dfb68,0xc262008f9ce8a7b69a4e24d58e184037a1e37178,80000000000000000000,Inverse DAO,INV,18,100,77967,54000000000,77967,11147776,deprecated,0x2e7ba6ef,"claim(uint256 index, address account, uint256 amount, bytes32[] merkleProof)",13530398
11531264,1609011489,0x794f8c2e6f13abe48e07a426ff2234692c3ac642ad79da5b5ce188d13f82b096,0,0x23767d5c13c136a54aee6b860b2c86b12403a5a1d98bfb231f4204cdf149efc3,0xe810281d189f19572b5250556369c39f5ebc6b00,0x41d5d79431a913c4ae7d69a668ecdfe5ff9dfb68,0x90aa911e07c9d64db5a8c9c654ec3c07774a97db,80000000000000000000,Inverse DAO,INV,18,114,77955,42900001604,77955,9595071,deprecated,0x2e7ba6ef,"claim(uint256 index, address account, uint256 amount, bytes32[] merkleProof)",13530275
11531304,1609012175,0x3773b189cdd1b5c11c434fbad1c058ffd3e4dbe9cd272cee96b45eee7bdc7d90,54,0x25bf691dea5fe7c0b6b6d92d871ce028f7d2d9549861c22e753c1baa900ece8a,0xe810281d189f19572b5250556369c39f5ebc6b00,0x41d5d79431a913c4ae7d69a668ecdfe5ff9dfb68,0x9859c1d81d3e652d3b6f26cd02875e840a55ac61,80000000000000000000,Inverse DAO,INV,18,113,77951,47190001764,77951,10208546,deprecated,0x2e7ba6ef,"claim(uint256 index, address account, uint256 amount, bytes32[] merkleProof)",13530235
11531445,1609013930,0x271db41109fde3f07a12b3c1e7c976c634e09ce671273896738a1445663a7377,131,0xf80778251827f3f3400a55f03352a05e9351c3f767130c3363261692c69972b0,0xe810281d189f19572b5250556369c39f5ebc6b00,0x41d5d79431a913c4ae7d69a668ecdfe5ff9dfb68,0x06f5d2a078e42e33718d5f0bdd55c76f17bd67fc,80000000000000000000,Inverse DAO,INV,18,97,77991,49000000000,77991,9148040,deprecated,0x2e7ba6ef,"claim(uint256 index, address account, uint256 amount, bytes32[] merkleProof)",13530094
11531466,1609014242,0xf93a70949d65bf2efd4d5f58fa324189949e68227759ebe4d428ba7008ea43b7,64,0x847033d89ed91c0b7a57eea30d0a7c3e36fa889b2caabb3d00877f7bc38a544b,0xe810281d189f19572b5250556369c39f5ebc6b00,0x41d5d79431a913c4ae7d69a668ecdfe5ff9dfb68,0xed7e736851bc65967a65cf1134300c27f39b7648,80000000000000000000,Inverse DAO,INV,18,38,78011,54000000000,78011,1166481,deprecated,0x2e7ba6ef,"claim(uint256 index, address account, uint256 amount, bytes32[] merkleProof)",13530073
11531516,1609014884,0xd3bc52c7699422692a39d9321101d0080b51eb5b7c915152d07faf15e91de2b7,763,0xced76d995b1703a54648fc6aba9a99f606fbd224c488a6ec7585759f20385a7d,0xe810281d189f19572b5250556369c39f5ebc6b00,0x41d5d79431a913c4ae7d69a668ecdfe5ff9dfb68,0xc9b7f801541f88ae2f62c4c0eed29949d057c951,80000000000000000000,Inverse DAO,INV,18,2,78001,99000000000,78001,304493,deprecated,0x2e7ba6ef,"claim(uint256 index, address account, uint256 amount, bytes32[] merkleProof)",13530023
11531833,1609019032,0x8e14e8b2d31d2b15c48f343b8f1553a25125747d2bbdaa665aa170256d6e341d,26,0x8fddf22966e3ca6a3d28ff1036da3897130198c14192a813fd01792cf831ae13,0xe810281d189f19572b5250556369c39f5ebc6b00,0x41d5d79431a913c4ae7d69a668ecdfe5ff9dfb68,0xece8bdaaf2f992016ae628c9ffaa579153b0e79f,80000000000000000000,Inverse DAO,INV,18,134,77955,48000000000,77955,6504773,deprecated,0x2e7ba6ef,"claim(uint256 index, address account, uint256 amount, bytes32[] merkleProof)",13529706
11531872,1609019629,0x147bb939fd8db40cf99f94c57e560cafbca412540d6add93b06778345d36cc13,2,0x61e6c9f63647ef99b99ae72839c9accbf08be34c83589e42644c72425a831e5e,0xe810281d189f19572b5250556369c39f5ebc6b00,0x41d5d79431a913c4ae7d69a668ecdfe5ff9dfb68,0x94f99a00c763975c84cc6e3544417330c5e81252,80000000000000000000,Inverse DAO,INV,18,29,77977,60000000000,77977,3422218,deprecated,0x2e7ba6ef,"claim(uint256 index, address account, uint256 amount, bytes32[] merkleProof)",13529667
11531945,1609020545,0x9daf7c80f205de1c34b77c41d7747884991155b4b1e8c866efc42ec14a1cbf56,0,0xf02168359dcc9ac65bea8fc48ede4d907fd9f9ed16a4b8c5e818f7da4cc4668f,0xe810281d189f19572b5250556369c39f5ebc6b00,0x41d5d79431a913c4ae7d69a668ecdfe5ff9dfb68,0x1831f128d0efc1cda0fa104b08ad14a3fcb42af4,80000000000000000000,Inverse DAO,INV,18,104,77987,50000000000,77987,8533677,deprecated,0x2e7ba6ef,"claim(uint256 index, address account, uint256 amount, bytes32[] merkleProof)",13529594
11532256,1609024779,0x80b8bede3949d9d8cecd020110923582134562cac4c9db6b81a6c7bd8528c864,3,0x5cbf5e9e1ba435d329586e83a93aede0849b8b8d205df3d4f4386fe3c49ea5c5,0xe810281d189f19572b5250556369c39f5ebc6b00,0x41d5d79431a913c4ae7d69a668ecdfe5ff9dfb68,0x5618f949c12c2275873b41a95804bf02e49ca34a,80000000000000000000,Inverse DAO,INV,18,130,78011,57000000000,78011,8598118,deprecated,0x2e7ba6ef,"claim(uint256 index, address account, uint256 amount, bytes32[] merkleProof)",13529283
11532267,1609024935,0xc47030d29ab0cf4cd9894f3ad441c98e53e8d119bec70d659c9406d4e55b82dc,29,0x4af63a56000dd9bda20a04a97126174109723baebd2227e8e8adebb381e9fb9b,0xe810281d189f19572b5250556369c39f5ebc6b00,0x41d5d79431a913c4ae7d69a668ecdfe5ff9dfb68,0x2b3ce0006e3d8f7abadf8b0c3f68ab9cc3bfa49e,80000000000000000000,Inverse DAO,INV,18,102,77969,54000100000,77969,9069916,deprecated,0x2e7ba6ef,"claim(uint256 index, address account, uint256 amount, bytes32[] merkleProof)",13529272
11532283,1609025066,0xf35f76e12d63c7eace6e76eebd66f9c68e19ef822797c8c6dd8c4f4a158d7fb7,25,0x812899b18bdaa6471bad83a9b3212cd945b0c6dcc35c790817636dc95cc21b4e,0xe810281d189f19572b5250556369c39f5ebc6b00,0x41d5d79431a913c4ae7d69a668ecdfe5ff9dfb68,0x676177f1a9cf6c051ef152d12abeef1f8a18473e,80000000000000000000,Inverse DAO,INV,18,91,77987,51000000000,77987,6225483,deprecated,0x2e7ba6ef,"claim(uint256 index, address account, uint256 amount, bytes32[] merkleProof)",13529256
11532291,1609025160,0x1d2b8302740fb6c863b7d0fffc4edc49679c933d806c43b8a3fea6eae7889684,2,0xfbed7825195aaefd824616a75b4c85add70a2e8562543052f199eda057893418,0xe810281d189f19572b5250556369c39f5ebc6b00,0x41d5d79431a913c4ae7d69a668ecdfe5ff9dfb68,0x1e69d921c75019bcb34b39977ba52fac2addd958,80000000000000000000,Inverse DAO,INV,18,90,77965,43000000000,77965,8056524,deprecated,0x2e7ba6ef,"claim(uint256 index, address account, uint256 amount, bytes32[] merkleProof)",13529248
11532298,1609025212,0xec9e03a620eab49fabc02f3718e174cdd366c0a27c61beecc802b5af05e064c3,1242,0xd150746c2933ba638124580b2ca7d8110f21a206dab6f21f4a3bfd8cab643f22,0xe810281d189f19572b5250556369c39f5ebc6b00,0x41d5d79431a913c4ae7d69a668ecdfe5ff9dfb68,0xd72b03b7f2e0b8d92b868e73e12b1f888befbeda,80000000000000000000,Inverse DAO,INV,18,74,77977,35000000000,77977,7544121,deprecated,0x2e7ba6ef,"claim(uint256 index, address account, uint256 amount, bytes32[] merkleProof)",13529241
11532334,1609025634,0xb857dab2417929dd6f08d5dcbf769faa1ffca136901fe93d28eeae3c3ebb3663,97,0xdd901db88964620dde37056587ae95ebed5a39f290d59188edd48345f36c6684,0xe810281d189f19572b5250556369c39f5ebc6b00,0x41d5d79431a913c4ae7d69a668ecdfe5ff9dfb68,0x1656851deda2596c551441ff5740e952cb7c9cfb,80000000000000000000,Inverse DAO,INV,18,104,78009,36000000000,78009,8550368,deprecated,0x2e7ba6ef,"claim(uint256 index, address account, uint256 amount, bytes32[] merkleProof)",13529205
11532383,1609026340,0x7a440728a568e7b3f5b47661152a23b2f8ff61f2e0ca59c580795d81c33b803d,166,0x2452cdb7bc2c01c0f52ade32749c669b0ec96169c0becf7e0333b3161dbd27ef,0xe810281d189f19572b5250556369c39f5ebc6b00,0x41d5d79431a913c4ae7d69a668ecdfe5ff9dfb68,0x87b97782db0c00a6f241c6ed12588ee40bbd9d01,80000000000000000000,Inverse DAO,INV,18,151,77977,43200000000,77977,11851344,deprecated,0x2e7ba6ef,"claim(uint256 index, address account, uint256 amount, bytes32[] merkleProof)",13529156
11532570,1609028545,0xf9554c7b80193905b117ea3d25d8b9f37b7bf36e8d1e95b664d8a1a20212b868,22,0x8143f9e972367d38393777b3e5ca12997b576c12e256c455e4a9bf46815c89ba,0xe810281d189f19572b5250556369c39f5ebc6b00,0x41d5d79431a913c4ae7d69a668ecdfe5ff9dfb68,0xa270a0ff404b0e58208bb1ba5726c50f1cd0149f,80000000000000000000,Inverse DAO,INV,18,84,77999,57000000000,77999,7705443,deprecated,0x2e7ba6ef,"claim(uint256 index, address account, uint256 amount, bytes32[] merkleProof)",13528969
11532907,1609032997,0x852a85a17ad20a4253fe7b40ea45e5b2895743f2438a254dea7990ede20bafa7,837,0xfa439307b8c563ae45d97875d17d8951865b009bfd72f969ad0be553c60f5eaa,0xe810281d189f19572b5250556369c39f5ebc6b00,0x41d5d79431a913c4ae7d69a668ecdfe5ff9dfb68,0x58aac7139883856563fecdbc5d904a00226c49d6,80000000000000000000,Inverse DAO,INV,18,83,77979,87000000000,77979,3318261,deprecated,0x2e7ba6ef,"claim(uint256 index, address account, uint256 amount, bytes32[] merkleProof)",13528632
11532983,1609033967,0xbc248bbe7d12dbe225e98fab9994c95bea747bf38c3d65fae095637b941987cc,1335,0xcbb56b4dea67126a908413123af8e387e9abc95e9474346c988718bddb957b7e,0xe810281d189f19572b5250556369c39f5ebc6b00,0x41d5d79431a913c4ae7d69a668ecdfe5ff9dfb68,0x57be4f381129b559ee80920c6bb9e132ce3e9f52,80000000000000000000,Inverse DAO,INV,18,18,77965,80000000000,77965,1110744,deprecated,0x2e7ba6ef,"claim(uint256 index, address account, uint256 amount, bytes32[] merkleProof)",13528556
11533269,1609037862,0x8d338188daafa3e0186dd94dd581a9cfe3087f359f001d65fd79d5d04e47a1fb,438,0xddf9c89ce59047614a0396cbd1b1374988e1e62c5e8a2b2aa37d57f91610adb9,0xe810281d189f19572b5250556369c39f5ebc6b00,0x41d5d79431a913c4ae7d69a668ecdfe5ff9dfb68,0x3bd131a9df9a681330c2d39bddf0eede3fef356c,80000000000000000000,Inverse DAO,INV,18,289,77955,85000000000,77955,9947345,deprecated,0x2e7ba6ef,"claim(uint256 index, address account, uint256 amount, bytes32[] merkleProof)",13528270
11533288,1609038131,0x8f488ad4c2c3bbdd36a65a885133e2de330507b2962158635b37166806b433d7,4074,0x3d8ed0459ed812e817083966b970cdfaa98f0737e2a8e9eb8cd772a9cf5ace6e,0xe810281d189f19572b5250556369c39f5ebc6b00,0x41d5d79431a913c4ae7d69a668ecdfe5ff9dfb68,0x6cf51fdef74d02296017a1129086ee9c3477dc01,80000000000000000000,Inverse DAO,INV,18,270,77979,57000000000,77979,10084551,deprecated,0x2e7ba6ef,"claim(uint256 index, address account, uint256 amount, bytes32[] merkleProof)",13528251
11533619,1609042786,0xf8d64543fd5910cac9982db660214d36b545a3cb91e111f184a9ab94c2dbb948,303,0x729d38d981ff68ccffc64daa9e836f127623f1a7d4662b9a4328e4f3bdf58077,0xe810281d189f19572b5250556369c39f5ebc6b00,0x41d5d79431a913c4ae7d69a668ecdfe5ff9dfb68,0xd8e3e3ec5643e451a4a1ca57704dfa6353898ebc,80000000000000000000,Inverse DAO,INV,18,195,77953,52800000233,77953,10475555,deprecated,0x2e7ba6ef,"claim(uint256 index, address account, uint256 amount, bytes32[] merkleProof)",13527920
11533963,1609047445,0xab370a3a806cf37abf7d82e07969a46cf01eeccf957f37d6b11feae04b96046e,209,0x57433b4c9d4c762abae827f63a922a14bd5a32fb728c758f4f07f3178261b04c,0xe810281d189f19572b5250556369c39f5ebc6b00,0x41d5d79431a913c4ae7d69a668ecdfe5ff9dfb68,0x41848af20609ceec2d6d7e2f513c8edab43391fd,80000000000000000000,Inverse DAO,INV,18,139,77999,39000001561,77999,9831384,deprecated,0x2e7ba6ef,"claim(uint256 index, address account, uint256 amount, bytes32[] merkleProof)",13527576
11534030,1609048420,0x697047bcfde9a679b7b189daf35b1a30f55d1b1e041f32dc125dd68076d4be2c,557,0xbf025109b162663fe48615a7fc403d9e6ce04fdb8e1344f0e46bd88d7d7302d9,0xe810281d189f19572b5250556369c39f5ebc6b00,0x41d5d79431a913c4ae7d69a668ecdfe5ff9dfb68,0x7de620cce9dbcfa35f2f36d2bbf84735de685521,80000000000000000000,Inverse DAO,INV,18,145,77989,35200000000,77989,11664796,deprecated,0x2e7ba6ef,"claim(uint256 index, address account, uint256 amount, bytes32[] merkleProof)",13527509
11534092,1609049187,0xe6698e8ae2f866f966808d183fb74f78fa1427acb19608cee222a669df24678c,140,0xbb4638c626b16ef9d45990d4290361471ed0fd28ffd754f96e58ff9f439aaf7d,0xe810281d189f19572b5250556369c39f5ebc6b00,0x41d5d79431a913c4ae7d69a668ecdfe5ff9dfb68,0xefac9f960bd2defc2d2009dfd72a4eb3dd7cbd15,80000000000000000000,Inverse DAO,INV,18,25,77967,37000000000,77967,2409064,deprecated,0x2e7ba6ef,"claim(uint256 index, address account, uint256 amount, bytes32[] merkleProof)",13527447
11534276,1609051457,0x9c3b3f0ec8961df8437ae1405b6cba0b5568f01f0580c482a03be80a920fa209,1419,0x12e2765c39d04025f3d768f2a5e80836eab7bd065bc68954ddd3be889452abba,0xe810281d189f19572b5250556369c39f5ebc6b00,0x41d5d79431a913c4ae7d69a668ecdfe5ff9dfb68,0x8042d9d476cfd2cc1bcdb4326d5ca3f30a994379,80000000000000000000,Inverse DAO,INV,18,87,77965,44000000000,77965,7367282,deprecated,0x2e7ba6ef,"claim(uint256 index, address account, uint256 amount, bytes32[] merkleProof)",13527263
11534484,1609054311,0x0fcbc5ce0f7f85871dd8c4e5379713bce8d61b85adcccb447fcc6770bfb1e76f,44,0xc1e426d768569ef5323d5d251918e1b9c3ed91ac16aa629bae27f3a0fcdd9cee,0xe810281d189f19572b5250556369c39f5ebc6b00,0x41d5d79431a913c4ae7d69a668ecdfe5ff9dfb68,0xcb9100dd18e9ed2bceca0ebb0a4a3b2bc035e47d,80000000000000000000,Inverse DAO,INV,18,208,77933,63360000000,77933,10015792,deprecated,0x2e7ba6ef,"claim(uint256 index, address account, uint256 amount, bytes32[] merkleProof)",13527055
11534598,1609055722,0x5d293c8f4d5ed67f9e73aa4cd882e549e76aba56e04f2728f54dcff16ea4cd60,0,0x16cbad4118c58b3176ca18b3f65f2fe1153771f622953adeca4aed4488dc418e,0xe810281d189f19572b5250556369c39f5ebc6b00,0x41d5d79431a913c4ae7d69a668ecdfe5ff9dfb68,0x3ac8884f1965ef848ac0fd1062bdf769d576fba0,80000000000000000000,Inverse DAO,INV,18,163,77953,58000000000,77953,8452670,deprecated,0x2e7ba6ef,"claim(uint256 index, address account, uint256 amount, bytes32[] merkleProof)",13526941
11534991,1609061102,0xedcb111dcd53ebb5923f7ff2ddac68e30514dbe188ad60a7f644f208bd34a0f4,94,0x0422b4a46d9053237b30c7fa175fcb9a3aa14497a3d9c0598bdfadf3a7dedf97,0xe810281d189f19572b5250556369c39f5ebc6b00,0x41d5d79431a913c4ae7d69a668ecdfe5ff9dfb68,0x3362dd401cd49b2e204be74bc89c8449644a6a42,80000000000000000000,Inverse DAO,INV,18,146,77975,72000000000,77975,12359589,deprecated,0x2e7ba6ef,"claim(uint256 index, address account, uint256 amount, bytes32[] merkleProof)",13526548
11535011,1609061351,0xe73f7943fd1c1e0699f919fd8215762199f8eb66131347ceedf5f0e5db7a247d,0,0xcb6af6e87cba6c5c1f16aafab92ae03c81362d707a0c023b7ea8a0f74db21053,0xe810281d189f19572b5250556369c39f5ebc6b00,0x41d5d79431a913c4ae7d69a668ecdfe5ff9dfb68,0xf12f0868de6e0c4d1ff0060662f7320b8e92f9ec,80000000000000000000,Inverse DAO,INV,18,21,77985,77000000000,77985,2343440,deprecated,0x2e7ba6ef,"claim(uint256 index, address account, uint256 amount, bytes32[] merkleProof)",13526528
11535126,1609062932,0x5a0e90386c40e888fe8ef18b0e430ede27c8338b52b6238e419dcc49e2c0d42e,70,0xd87562c56dc4f70148b5f89cd0010cc28dbd06b1ac9d826baaccacc396815787,0xe810281d189f19572b5250556369c39f5ebc6b00,0x41d5d79431a913c4ae7d69a668ecdfe5ff9dfb68,0x09a1f835e07dedbf412c81f2584e6eda64014f97,80000000000000000000,Inverse DAO,INV,18,39,78011,93000000000,78011,2506659,deprecated,0x2e7ba6ef,"claim(uint256 index, address account, uint256 amount, bytes32[] merkleProof)",13526413
11535250,1609064354,0x378645278c1cb055eeb061b6bccc14bdded82f3be1a698f2ae2ceb57858fb383,61,0x53e4f955f47b94a8fb976bfd91f2fbd9a490658c45b073c25db7228a927017a8,0xe810281d189f19572b5250556369c39f5ebc6b00,0x41d5d79431a913c4ae7d69a668ecdfe5ff9dfb68,0x7760848e31e1c8610bf55fcd9345fee8e10884b6,80000000000000000000,Inverse DAO,INV,18,57,77991,38571428571,77991,5768901,deprecated,0x2e7ba6ef,"claim(uint256 index, address account, uint256 amount, bytes32[] merkleProof)",13526289
11535291,1609064979,0xdf533a46abd332154721f81c8ecfaf47be023638b527b0cda241eb6c49807520,1092,0x7c6baef159ab2432d2d85e2ca4a086d42e75edc835706474ef249ca021546791,0xe810281d189f19572b5250556369c39f5ebc6b00,0x41d5d79431a913c4ae7d69a668ecdfe5ff9dfb68,0x76d6cf3bb66aae4d852efa8c532ec5332757cc9a,80000000000000000000,Inverse DAO,INV,18,14,78009,81000000000,78009,1064502,deprecated,0x2e7ba6ef,"claim(uint256 index, address account, uint256 amount, bytes32[] merkleProof)",13526248
11535519,1609067882,0xe97746c706c2d660227ce999012bd7dc46f35b6e7e43c85e7ee1b32d8ad97617,1090,0x929f2fd704672b67104600a9bab8dcb90dfe8ddebdff8cc3d23046a3acc68dd5,0xe810281d189f19572b5250556369c39f5ebc6b00,0x41d5d79431a913c4ae7d69a668ecdfe5ff9dfb68,0x883ab2ae1bdda0531078b27dd45600193aba1f34,80000000000000000000,Inverse DAO,INV,18,78,77977,69000000000,77977,3740998,deprecated,0x2e7ba6ef,"claim(uint256 index, address account, uint256 amount, bytes32[] merkleProof)",13526020
11536032,1609074933,0xd6dab3f90b315358e2eccc3ed671d5ce083e2b6c15e4c4783794cc2acd1ecdcf,2137,0xa0e6ef8a94b4b78d5525085f08fb7274046c383dfb2042429538278bd7885952,0xe810281d189f19572b5250556369c39f5ebc6b00,0x41d5d79431a913c4ae7d69a668ecdfe5ff9dfb68,0xf3d9281fa183b74f32b96e1c5244596045f4ede8,80000000000000000000,Inverse DAO,INV,18,201,77997,69000000000,77997,11738210,deprecated,0x2e7ba6ef,"claim(uint256 index, address account, uint256 amount, bytes32[] merkleProof)",13525507
11536115,1609075928,0xbf7ffb21eb09c7d0e6802b0fb6bba0aa74694304610f319d5cd3358d2cc10bc2,0,0x2ecafc2231e814a8c8fa022d0e7023b8d76c120ae3e11eca7fe6282703c8db4e,0xe810281d189f19572b5250556369c39f5ebc6b00,0x41d5d79431a913c4ae7d69a668ecdfe5ff9dfb68,0x2687ef973f71ae0af1877012f2109efdcddc92ba,80000000000000000000,Inverse DAO,INV,18,108,78021,88000000000,78021,6171117,deprecated,0x2e7ba6ef,"claim(uint256 index, address account, uint256 amount, bytes32[] merkleProof)",13525424
11536181,1609076865,0xf2fa246ee53f1f206d09470a6bd64dddfdf445fa207bf63f72bee6186e458279,66,0xab0a8135e6bec7ebb4c4ad7e5c65a5a4127c26f5853d418b40488b77549f325f,0x3fcb35a1cbfb6007f9bc638d388958bc4550cb28,0x41d5d79431a913c4ae7d69a668ecdfe5ff9dfb68,0xed6b3dc95e6e41156cde61a206668935d7e958a4,80000000000000000000,Inverse DAO,INV,18,122,138391,79000000000,92261,8955284,deprecated,0xa9059cbb,"transfer(address _to, uint256 _value)",13525358
11536202,1609077176,0x0d7355deb666569aa462ebb8845761867cd10ba54cb6d54dfad26d9163cc3f3d,67,0x55507bb8622d91202464bb38a68536c7e7a9c4bf930f1cfe6bfe795228c5b792,0x3fcb35a1cbfb6007f9bc638d388958bc4550cb28,0x41d5d79431a913c4ae7d69a668ecdfe5ff9dfb68,0xa92d319c1b9080920f765fc89d0e730522e3f731,80000000000000000000,Inverse DAO,INV,18,108,138391,82000000000,92261,5486398,deprecated,0xa9059cbb,"transfer(address _to, uint256 _value)",13525337
11536357,1609079445,0x42622dcf0d3c56c0e5e61345309fba1001a75b0b214e0e36abe7058cb03add18,58,0xf860842a7a98c84db139d3ffed54c414a3e262bd0866f1f4bc28b9badd0d2721,0xe810281d189f19572b5250556369c39f5ebc6b00,0x41d5d79431a913c4ae7d69a668ecdfe5ff9dfb68,0x3a7fd157368536459b5bb4d4d33912e133d7d51c,80000000000000000000,Inverse DAO,INV,18,151,77945,142000001459,77945,11388780,deprecated,0x2e7ba6ef,"claim(uint256 index, address account, uint256 amount, bytes32[] merkleProof)",13525182
11537212,1609090457,0x93207efa9d8f462320b13a57460fb8661bbae2c2713be20fb8d40eb4120c6afa,18,0x9fb5e73b9c68290011bae52bc07ed7bad059df0f913c848acf342fd558fa8d43,0xe810281d189f19572b5250556369c39f5ebc6b00,0x41d5d79431a913c4ae7d69a668ecdfe5ff9dfb68,0x20e47e65d667e3dd127a6373ac74a9101350ae7d,80000000000000000000,Inverse DAO,INV,18,214,78021,90000000000,78021,10577304,deprecated,0x2e7ba6ef,"claim(uint256 index, address account, uint256 amount, bytes32[] merkleProof)",13524327
11537319,1609091772,0xbbd64f881182fe971b327eeccb0cb11c04ef89a7a07698a3a93fd67e8920f37e,62,0xe4a4955c5211036cb79dd257b4674b8647b3daa8248b55569bc3ea9970f77210,0xe810281d189f19572b5250556369c39f5ebc6b00,0x41d5d79431a913c4ae7d69a668ecdfe5ff9dfb68,0x068aa36c821e0b6af45243477bb36698bbd60b99,80000000000000000000,Inverse DAO,INV,18,67,77985,40011100000,77985,5741473,deprecated,0x2e7ba6ef,"claim(uint256 index, address account, uint256 amount, bytes32[] merkleProof)",13524220
11537555,1609095042,0x147bd90c2f3380f69fba4132dc28b6882baa202ea6c47bb2d6cc2d89149225ee,94,0x825d115a4c0ae0cd06c8fecfdfdfcaa2ad246ec489746b09381ee1c0e7d66f3d,0xe810281d189f19572b5250556369c39f5ebc6b00,0x41d5d79431a913c4ae7d69a668ecdfe5ff9dfb68,0xb9f43e250dadf6b61872307396ad1b8beba27bcd,80000000000000000000,Inverse DAO,INV,18,84,77985,64000000000,77985,5449660,deprecated,0x2e7ba6ef,"claim(uint256 index, address account, uint256 amount, bytes32[] merkleProof)",13523984
11537886,1609099404,0x31cb6aefa675e48dca7e90d518ca4e78aacb3464982a084483642b46401abbfb,150,0x7d2e0a3edef32cd6661f55135480ac10ceef572d8fc8469c24050ca10a9557e2,0xe810281d189f19572b5250556369c39f5ebc6b00,0x41d5d79431a913c4ae7d69a668ecdfe5ff9dfb68,0x663fe011b7fb8fd76379815bf8d3176178e8a415,80000000000000000000,Inverse DAO,INV,18,173,78021,38000000000,78021,11913260,deprecated,0x2e7ba6ef,"claim(uint256 index, address account, uint256 amount, bytes32[] merkleProof)",13523653
11537950,1609100137,0x2048c043b2a1ed71791996dd671e879c7ecb876a5ef253b29d573ac71f65a910,114,0x75fa5fc01f08fbe3eecf3204db74290f3f8e9da0ddf395498532caee774936ba,0xe810281d189f19572b5250556369c39f5ebc6b00,0x41d5d79431a913c4ae7d69a668ecdfe5ff9dfb68,0x25e52a24da3f6fd303c753c80842e1e5bbf89c16,80000000000000000000,Inverse DAO,INV,18,158,77963,42600000001,77963,10250842,deprecated,0x2e7ba6ef,"claim(uint256 index, address account, uint256 amount, bytes32[] merkleProof)",13523589
11538225,1609103636,0xe33597c7d32beb098165444ab3af68580853cbb7e2298f7e49c284977941ab0e,735,0x5457fff7accc315f033c3f2d5b8037f537753bae7580adccc1ce64050e058721,0xe810281d189f19572b5250556369c39f5ebc6b00,0x41d5d79431a913c4ae7d69a668ecdfe5ff9dfb68,0xda34494e60b4ffd45748a8d7362e260e9a1dc560,80000000000000000000,Inverse DAO,INV,18,26,77981,83000000000,77981,2166983,deprecated,0x2e7ba6ef,"claim(uint256 index, address account, uint256 amount, bytes32[] merkleProof)",13523314
11538350,1609105547,0xcc9fbc97b8fcafc8690e7ad755a61386f1c09887518e0667cc818a8126e52131,290,0xfeaa3a8ed0d71f72852eb2424f406a61308a5a7412763035f128167b31fb2669,0xe810281d189f19572b5250556369c39f5ebc6b00,0x41d5d79431a913c4ae7d69a668ecdfe5ff9dfb68,0x4041e9d98f794ee7d952d266c1a10707a0af5332,80000000000000000000,Inverse DAO,INV,18,28,77989,95000000000,77989,1498709,deprecated,0x2e7ba6ef,"claim(uint256 index, address account, uint256 amount, bytes32[] merkleProof)",13523189
11539102,1609115356,0x2a06c92e31ffa93d2335f1f9f6070663b55d40e34056c2a2cab8da30b9aefc3a,0,0x07ed1087ce92b9e7b8df4fe6b4508b00972ed322262cb0211f0d404aefef9b06,0xe810281d189f19572b5250556369c39f5ebc6b00,0x41d5d79431a913c4ae7d69a668ecdfe5ff9dfb68,0xa92d319c1b9080920f765fc89d0e730522e3f731,80000000000000000000,Inverse DAO,INV,18,69,62987,106000000000,62987,3840014,deprecated,0x2e7ba6ef,"claim(uint256 index, address account, uint256 amount, bytes32[] merkleProof)",13522437
11539374,1609118848,0xa40eb7c701738743c5ca5c93fd3710a52666b5ed180d7baa4af007069cea611e,68,0x2d231605a9eb42e06b083698e51c7e986e955910ea26b0ff1cab3c4b22f40216,0xa92d319c1b9080920f765fc89d0e730522e3f731,0x41d5d79431a913c4ae7d69a668ecdfe5ff9dfb68,0x0000000000000000000000000000000000000000,80000000000000000000,Inverse DAO,INV,18,51,60855,96000000000,40570,1746729,deprecated,0xeb9253c0,"seize(address _subject, uint256 _collateralId)",13522165
11539386,1609118968,0x57662e246edbad50994d80b0b912550ba90abd4ff3cc87dd69a4becc7b4bcdf7,69,0x12aed44fc5ff6d726210996c10a8f71a8d13e56b11de9b2b60ed1ade3b1001af,0x0000000000000000000000000000000000000000,0x41d5d79431a913c4ae7d69a668ecdfe5ff9dfb68,0x3fcb35a1cbfb6007f9bc638d388958bc4550cb28,80000000000000000000,Inverse DAO,INV,18,79,111100,85000000000,74067,4812425,deprecated,0x40c10f19,"mint(address _owner, uint256 _amount)",13522153
11539578,1609121288,0x30eeb620ae95df4caa0d0553cc47324444d5bdb70c13b200d5c5b843b1d43716,504,0xe0fd4e22383265002799358bc9b40b8e6fbd6cf98ac2b2a8763297fa263d8e37,0xe810281d189f19572b5250556369c39f5ebc6b00,0x41d5d79431a913c4ae7d69a668ecdfe5ff9dfb68,0x8f2cf9e24fb1938a693e4b2d4ff3a64e47ba2ed8,80000000000000000000,Inverse DAO,INV,18,89,78001,69000000000,78001,4654140,deprecated,0x2e7ba6ef,"claim(uint256 index, address account, uint256 amount, bytes32[] merkleProof)",13521961
11539593,1609121515,0x330948f49c59894cb1dce9bb1fea87e75b05d369832bbf86e3ca72b627936050,0,0x32e9dccaeff1612c0097bce0e91a96a3020d509232dacccb0b5745796c7293fe,0xe810281d189f19572b5250556369c39f5ebc6b00,0x41d5d79431a913c4ae7d69a668ecdfe5ff9dfb68,0x63c8522708695b250e1f457526b1da18908145c3,80000000000000000000,Inverse DAO,INV,18,210,77989,59000000000,77989,11734706,deprecated,0x2e7ba6ef,"claim(uint256 index, address account, uint256 amount, bytes32[] merkleProof)",13521946
11539642,1609122215,0xb2a0c4901fd05d268b4fa0c93d72797b422233c5d5802df25366783dc1ee59fa,1260,0x57c3bab37d059a0f356d894efcbd17928b0eb41dc2ae548bc5e3307f48d3d0c1,0xe810281d189f19572b5250556369c39f5ebc6b00,0x41d5d79431a913c4ae7d69a668ecdfe5ff9dfb68,0x70e7a6621f4cb3c3e073d0539899f49fc88424c0,80000000000000000000,Inverse DAO,INV,18,166,77985,62000000000,77985,9821826,deprecated,0x2e7ba6ef,"claim(uint256 index, address account, uint256 amount, bytes32[] merkleProof)",13521897
11540576,1609134826,0x90a0a6231170d1e6702adfc84db451254d2db8bc67d749ce43218a67c108aa27,1171,0xebe6309c2a88864f078fde4b70892a08762afa63b6996118b02305f1ce7628cd,0xe810281d189f19572b5250556369c39f5ebc6b00,0x41d5d79431a913c4ae7d69a668ecdfe5ff9dfb68,0xdea3e18aa866f46da789f0b908e90bf55a0dca90,80000000000000000000,Inverse DAO,INV,18,212,77965,58000000000,77965,11862983,deprecated,0x2e7ba6ef,"claim(uint256 index, address account, uint256 amount, bytes32[] merkleProof)",13520963
11541201,1609142928,0x081426acb33a89b11ff95381c9e3add334a5d00db9102227f9b1f008992e9efc,33,0x9f60c79b2fd1c5f3547b089042443d20c2a407c967c279fbaa5d4a40f2616c22,0xe810281d189f19572b5250556369c39f5ebc6b00,0x41d5d79431a913c4ae7d69a668ecdfe5ff9dfb68,0x3667bb0e56d2035d28c68f18908dc10dbcedecb3,80000000000000000000,Inverse DAO,INV,18,127,77989,75000001459,77989,9729925,deprecated,0x2e7ba6ef,"claim(uint256 index, address account, uint256 amount, bytes32[] merkleProof)",13520338
11541275,1609143720,0x94fa713686b49e96e8faf4f2dab4d1feb37d2ca2fc65028732491928e36004fe,277,0x74c5ccbccfcba586a4344745efebd7fa49954e192ee3cd18066354a1f12b7327,0xe810281d189f19572b5250556369c39f5ebc6b00,0x41d5d79431a913c4ae7d69a668ecdfe5ff9dfb68,0xef5bdda446e3031871a4eadc44ec1b79d5fcd806,80000000000000000000,Inverse DAO,INV,18,169,78011,56000000000,78011,9630578,deprecated,0x2e7ba6ef,"claim(uint256 index, address account, uint256 amount, bytes32[] merkleProof)",13520264
11542162,1609155043,0xb783725c6364aa7083079c9cb2ea5d3744497dca57f1f5f0e0d7a73c7864a708,676,0xf4ef743fe0c64df3b2a12a21e3297f7d800c77cd396ceffe688415356b34e839,0xe810281d189f19572b5250556369c39f5ebc6b00,0x41d5d79431a913c4ae7d69a668ecdfe5ff9dfb68,0x6a3699a4c679ec250c76931e845678eaa8f28ea2,80000000000000000000,Inverse DAO,INV,18,74,77991,99000001459,77991,4187622,deprecated,0x2e7ba6ef,"claim(uint256 index, address account, uint256 amount, bytes32[] merkleProof)",13519377
11542571,1609160064,0x264d4b84da13b03f91c893ff5a219b0a188dc6cfabb4366078b2f652ee9d33fd,295,0xeb661794d944fadf8a8467d6168e583ec28d9d8d204c755e2519bda4913baadd,0xe810281d189f19572b5250556369c39f5ebc6b00,0x41d5d79431a913c4ae7d69a668ecdfe5ff9dfb68,0xcff7303b8e08403438c751bf21c04771252fa413,80000000000000000000,Inverse DAO,INV,18,141,78019,98000000000,78019,8982999,deprecated,0x2e7ba6ef,"claim(uint256 index, address account, uint256 amount, bytes32[] merkleProof)",13518968
11543570,1609173540,0x4cb00718be61cce17c089312dda567696ffaa256300a4cd720c63cde58f2bb07,187,0xed03cc58cff4ce929062025c635e943b773634cfbfe453e4fb2fab8576a77a29,0xe810281d189f19572b5250556369c39f5ebc6b00,0x41d5d79431a913c4ae7d69a668ecdfe5ff9dfb68,0xaa33a39a317104e5b767f21e08cc6f253693aa73,80000000000000000000,Inverse DAO,INV,18,136,77985,128000000000,77985,9815755,deprecated,0x2e7ba6ef,"claim(uint256 index, address account, uint256 amount, bytes32[] merkleProof)",13517969
11543598,1609173974,0x6f50e6408bfa150dbdbbc75a6ddacfad51fba81f3b9f84780c54100e78fccc15,224,0xaaf44245fd200d0f81ee6819db39a69376181682d7685a12fe304a70400d467f,0xe810281d189f19572b5250556369c39f5ebc6b00,0x41d5d79431a913c4ae7d69a668ecdfe5ff9dfb68,0x29faceec357d9747fdc909908332007868cb0380,80000000000000000000,Inverse DAO,INV,18,159,77965,182000000000,77965,6542490,deprecated,0x2e7ba6ef,"claim(uint256 index, address account, uint256 amount, bytes32[] merkleProof)",13517941
11543679,1609175287,0xb3358466f2ecbffb3e4e81e435f6cf9e68faf09f017f0ca14165ecc6d4e1ce00,131,0xc80f85c2146039584c53156a8038e4ae79aac2ed1ba32f37ea9e64bef6baf4a3,0xe810281d189f19572b5250556369c39f5ebc6b00,0x41d5d79431a913c4ae7d69a668ecdfe5ff9dfb68,0xb219f71958beabaafa343d78dc9b1f7afbaddac9,80000000000000000000,Inverse DAO,INV,18,62,77969,156000001459,77969,4408065,deprecated,0x2e7ba6ef,"claim(uint256 index, address account, uint256 amount, bytes32[] merkleProof)",13517860
11543896,1609178338,0x5a84a7b285bea2ddffcf23090e343eba0a39dbd2214e5a462fb2f7369f39e216,5683,0x811cf5f969570c005a919e9452fd3a1926d676e56a4a17192fbcdb85ec58eed2,0xe810281d189f19572b5250556369c39f5ebc6b00,0x41d5d79431a913c4ae7d69a668ecdfe5ff9dfb68,0x0d4ddea3849c54e16c85cb4354943dc876e05552,80000000000000000000,Inverse DAO,INV,18,194,77989,109000000000,77989,9577328,deprecated,0x2e7ba6ef,"claim(uint256 index, address account, uint256 amount, bytes32[] merkleProof)",13517643
11543956,1609179016,0x854a38961357d15af298f062587b09404cf2a71d3d2637941de46285d823749a,809,0xc994a76a1a89dba50715deabdec3febcfe9ee05a9197380df8bd5456abb4fe3c,0xe810281d189f19572b5250556369c39f5ebc6b00,0x41d5d79431a913c4ae7d69a668ecdfe5ff9dfb68,0x22de3e6f5422fc658fba26433016123b3037ed67,80000000000000000000,Inverse DAO,INV,18,165,77961,111000000000,77961,10335302,deprecated,0x2e7ba6ef,"claim(uint256 index, address account, uint256 amount, bytes32[] merkleProof)",13517583
11544004,1609179603,0xc472ca06c01394dd689a2e3703cd771825485970b0c6b2e9ffc4a3f7c382fac9,1588,0xbc40ceabdd0e87ea4c2d8fd25bcd2c5ee0943549ef2d49b6d365a87a6b3aec8e,0xe810281d189f19572b5250556369c39f5ebc6b00,0x41d5d79431a913c4ae7d69a668ecdfe5ff9dfb68,0x0c1f01df7f044bde6127b0bc3918740f81f3e5f4,80000000000000000000,Inverse DAO,INV,18,8,77975,110000000000,77975,603735,deprecated,0x2e7ba6ef,"claim(uint256 index, address account, uint256 amount, bytes32[] merkleProof)",13517535
11544048,1609180174,0x3e32a6868cbfb3e1f83ce7ff3d735669ce81bdb340f34cfd18ed485e807331b8,1,0xa709c7aa27f8b9599ffb9a51a0e694f760cfc236dd4ac731e98d41b62cda9f2a,0xe810281d189f19572b5250556369c39f5ebc6b00,0x41d5d79431a913c4ae7d69a668ecdfe5ff9dfb68,0x405aae8d87a1f307a7b626b6e8ff7060ad202f71,80000000000000000000,Inverse DAO,INV,18,21,78011,150000000000,78011,554220,deprecated,0x2e7ba6ef,"claim(uint256 index, address account, uint256 amount, bytes32[] merkleProof)",13517491
11544460,1609185150,0x3c5ee0caf9007c714799fb3c9edb9764c9abcd79835f7e44f1b06344927c9c0c,71,0x6e4e64d236912615aae89959880debebd7dcf461602a342c9a51f6d7f34f3800,0xe810281d189f19572b5250556369c39f5ebc6b00,0x41d5d79431a913c4ae7d69a668ecdfe5ff9dfb68,0x7b719abbed877e884533591987089c28ec0c72fb,80000000000000000000,Inverse DAO,INV,18,44,77981,68000000000,77981,4052660,deprecated,0x2e7ba6ef,"claim(uint256 index, address account, uint256 amount, bytes32[] merkleProof)",13517079
11545109,1609193688,0x710b72f4e08288af6fad5fe74774702b52df3b22bca4c0f94eb6ee4ace57cf4c,3317,0x24f3f377fb6f1fe46c1459a31df138069b23ade09e56c20327e09b134b639e93,0xe810281d189f19572b5250556369c39f5ebc6b00,0x41d5d79431a913c4ae7d69a668ecdfe5ff9dfb68,0x4b935a52a887bf017b4e5e0151b71f518d0810a8,80000000000000000000,Inverse DAO,INV,18,204,77977,49500000000,77977,11772215,deprecated,0x2e7ba6ef,"claim(uint256 index, address account, uint256 amount, bytes32[] merkleProof)",13516430
11545737,1609202271,0x6918f2f82f582e64a8f1231f65fed9b396c92e4a0392376caf05b11885711e80,222,0x4fb8bedf68f5e8d7800f1b3923992949090e64117a421b236274ca2c79b277cf,0xe810281d189f19572b5250556369c39f5ebc6b00,0x41d5d79431a913c4ae7d69a668ecdfe5ff9dfb68,0x1929a0454cdd4d925e8fc9b6c366ecd7844866f2,80000000000000000000,Inverse DAO,INV,18,47,77991,79000000000,77991,6903340,deprecated,0x2e7ba6ef,"claim(uint256 index, address account, uint256 amount, bytes32[] merkleProof)",13515802
11546264,1609209422,0xfbba8b0b26176ce7cfc2792d5f93a608286eaa448d82c8c9f5fa1f248d4910e3,1402,0xdd34a43750cf69167f1da27442d6ceec02a11bae7e17ab7b978b70c16e26e20e,0xe810281d189f19572b5250556369c39f5ebc6b00,0x41d5d79431a913c4ae7d69a668ecdfe5ff9dfb68,0xd9cfab54f1234aeea22b2818ab919866a2809c1c,80000000000000000000,Inverse DAO,INV,18,38,77989,83000000000,77989,2124959,deprecated,0x2e7ba6ef,"claim(uint256 index, address account, uint256 amount, bytes32[] merkleProof)",13515275
11547047,1609220182,0xaaf765646797d7beb3cb82d8f156566130af33c8b0af4eb2cee6101371c97425,390,0xd5b468ee3f376789f7fd6c474c7be2889a76ad6a48ab886fdff8dfdc14c77fc4,0xe810281d189f19572b5250556369c39f5ebc6b00,0x41d5d79431a913c4ae7d69a668ecdfe5ff9dfb68,0xfcad3475520fb54fc95305a6549a79170da8b7c0,80000000000000000000,Inverse DAO,INV,18,135,77999,70000000000,77999,12095008,deprecated,0x2e7ba6ef,"claim(uint256 index, address account, uint256 amount, bytes32[] merkleProof)",13514492
11548255,1609235980,0xf8bc6ba389354ea21fd3f6ce79d399f18ce4478754381c2d96f9ba417a09ee36,87,0x972c5e92c00088980a134fb5fb950e7072e46ece224387cf55cb653b1e60d273,0xe810281d189f19572b5250556369c39f5ebc6b00,0x41d5d79431a913c4ae7d69a668ecdfe5ff9dfb68,0x9ce18e8158ec508137312117d269dd57c1e6e950,80000000000000000000,Inverse DAO,INV,18,211,78001,45000000000,78001,10949228,deprecated,0x2e7ba6ef,"claim(uint256 index, address account, uint256 amount, bytes32[] merkleProof)",13513284
11549555,1609253015,0x840c30ceb9963493747d7582303836be712ee8cbc2f4706d42e50aacac83ed39,128,0xdbaceb42d6adc3373802e698b80bd440b48778ef6c581dce6743631a79dc3d53,0xe810281d189f19572b5250556369c39f5ebc6b00,0x41d5d79431a913c4ae7d69a668ecdfe5ff9dfb68,0xa6765cab574a21e19c8efc480c2caf65e6d84280,80000000000000000000,Inverse DAO,INV,18,179,77999,96000000000,77999,7723175,deprecated,0x2e7ba6ef,"claim(uint256 index, address account, uint256 amount, bytes32[] merkleProof)",13511984
11549568,1609253211,0x1d6020d56d80163039897b3f18ab20ae9f4a8b701590e46f703945b8be75248b,1474,0x7d53e5d481c942d97368305a5e92d26b68b85a9e8d4bb79d1c9f431f59c08b48,0xe810281d189f19572b5250556369c39f5ebc6b00,0x41d5d79431a913c4ae7d69a668ecdfe5ff9dfb68,0xa83c572c8072f3b11562f08b89d4f3077682acdb,80000000000000000000,Inverse DAO,INV,18,128,77989,90000000000,77989,11126185,deprecated,0x2e7ba6ef,"claim(uint256 index, address account, uint256 amount, bytes32[] merkleProof)",13511971
11551463,1609279298,0x572859a3cd6caba687eba292bc7373c2a01364f96223f1c37431be51accaaccf,391,0x5f7f29036cebc2f8625256fb734ad3015489ce3c3468ce24bd27536fa5c29e3a,0xe810281d189f19572b5250556369c39f5ebc6b00,0x41d5d79431a913c4ae7d69a668ecdfe5ff9dfb68,0xd80775766186ef44c73422fdf97d92701c27f70e,80000000000000000000,Inverse DAO,INV,18,129,125353,57200000233,125353,7419410,deprecated,0x2e7ba6ef,"claim(uint256 index, address account, uint256 amount, bytes32[] merkleProof)",13510076
11551671,1609282026,0x5ae4c4ad847066b9e2ca6649464dd2b4f6dec3f828a9a99fd114c73fb6a74fac,2,0x467e606cc680fd668cd3a1edf9a7262b74e95e282d18c153278d5ad106f0fbbf,0xe810281d189f19572b5250556369c39f5ebc6b00,0x41d5d79431a913c4ae7d69a668ecdfe5ff9dfb68,0x29d9977cfee1423a24181e70e71abc42377dc87a,500000000000000000000,Inverse DAO,INV,18,136,177979,39000000000,77979,12312426,deprecated,0x2e7ba6ef,"claim(uint256 index, address account, uint256 amount, bytes32[] merkleProof)",13509868
11553890,1609311326,0x2930a8615dd7b1e9a54bac7273b13563fbf08a7a1235f0ad277b976142efa768,74,0x3b0e67d7c66819eaee9c6c121b60c9285cf6e74b9b53dc9ed1d088ac0be39a31,0x3fcb35a1cbfb6007f9bc638d388958bc4550cb28,0x41d5d79431a913c4ae7d69a668ecdfe5ff9dfb68,0xbb6ef0b93792e4e98c6e6062eb1a9638d82e500f,8000000000000000000000,Inverse DAO,INV,18,129,86653,103000000000,57769,6597844,deprecated,0xa9059cbb,"transfer(address _to, uint256 _value)",13507649
11553902,1609311483,0x9e355f7b5f8bac285956822a825e178536bad6b47bfbe8e67f4546a27e8ce101,75,0x26c78ed46032f6d6f6828880e5e6198cb6923e692137a78932faf9358184d430,0x3fcb35a1cbfb6007f9bc638d388958bc4550cb28,0x41d5d79431a913c4ae7d69a668ecdfe5ff9dfb68,0x926df14a23be491164dcf93f4c468a50ef659d5b,35920000000000000000000,Inverse DAO,INV,18,48,138409,101000000000,77273,3125889,deprecated,0xa9059cbb,"transfer(address _to, uint256 _value)",13507637
11554058,1609313514,0x76c4d4352ac81e158da64683690496bd25e6cc8b5d667b7b065368c13d2be1d3,351,0x8ff132ae478fd5322e3483d759af05f54082782b8520d87deeda3933ab746890,0xe810281d189f19572b5250556369c39f5ebc6b00,0x41d5d79431a913c4ae7d69a668ecdfe5ff9dfb68,0x21515f765b58bb110f68135f4a49ccd2d8a63bba,80000000000000000000,Inverse DAO,INV,18,101,78009,111000000000,78009,3173999,deprecated,0x2e7ba6ef,"claim(uint256 index, address account, uint256 amount, bytes32[] merkleProof)",13507481
11554111,1609314110,0x3080d1375c4ae52611232e4f0b360ba5df12838f391d36284a377d2bd291b96f,409,0xf848ab7b8a92905b4552dd95fcfc7e24e7e036e4cf17f3104f23771225f68589,0xe810281d189f19572b5250556369c39f5ebc6b00,0x41d5d79431a913c4ae7d69a668ecdfe5ff9dfb68,0xc6ec411cb815c46a27b1c05b181aebff6bb937da,80000000000000000000,Inverse DAO,INV,18,19,78011,80000000000,78011,1157100,deprecated,0x2e7ba6ef,"claim(uint256 index, address account, uint256 amount, bytes32[] merkleProof)",13507428
11555855,1609337788,0x60d0806b26e11dc6ea2d44a522ae73846ee35814b0174567aee8af5af4b5ecb8,114,0x535b87f2d254a9247c7bb9d8a4f3d34140525fc69e3e69767395e3f71c124db8,0xe810281d189f19572b5250556369c39f5ebc6b00,0x41d5d79431a913c4ae7d69a668ecdfe5ff9dfb68,0x4e82ad13eec9d857ef7e3b014dfebf32ddbd8884,80000000000000000000,Inverse DAO,INV,18,36,77975,107000000000,77975,2961645,deprecated,0x2e7ba6ef,"claim(uint256 index, address account, uint256 amount, bytes32[] merkleProof)",13505684
11556348,1609344007,0x4931072a662ca8e3bc7a6bbe1a8265257a53cfa1c898ec587989164da17efaa4,220,0x2517ee04ce5e5007137623d34fba97e815c92234dc253e8817223bbb5c972c27,0xe810281d189f19572b5250556369c39f5ebc6b00,0x41d5d79431a913c4ae7d69a668ecdfe5ff9dfb68,0xb3bf0e6a90f865514b8250000bc6f7b4df401c28,80000000000000000000,Inverse DAO,INV,18,186,77975,77000001459,77975,12309167,deprecated,0x2e7ba6ef,"claim(uint256 index, address account, uint256 amount, bytes32[] merkleProof)",13505191
11558182,1609368053,0xeac22bb246d73c4f21a16004e414f33e5b67b9eadb046038bfa5dc5794649ec5,288,0x378bf1cec215294c649a28918186f68299f858723460caef0599af45cf028d29,0xe810281d189f19572b5250556369c39f5ebc6b00,0x41d5d79431a913c4ae7d69a668ecdfe5ff9dfb68,0x6941f1db178b46ceb547c724394da63f2b351463,80000000000000000000,Inverse DAO,INV,18,38,77987,62000000000,77987,3974317,deprecated,0x2e7ba6ef,"claim(uint256 index, address account, uint256 amount, bytes32[] merkleProof)",13503357
11558695,1609374778,0xd3b930b77a3e339a3f4c1a12c560392038b418017b3050004c590954bbf6376a,1107,0x7658b8fc06d0dc79b95c556a8d479dd1ca325aca5c8e6d9619c47b9470480d42,0xe810281d189f19572b5250556369c39f5ebc6b00,0x41d5d79431a913c4ae7d69a668ecdfe5ff9dfb68,0x974896e96219dd508100f2ad58921290655072ad,80000000000000000000,Inverse DAO,INV,18,176,77989,184000000000,77989,10353520,deprecated,0x2e7ba6ef,"claim(uint256 index, address account, uint256 amount, bytes32[] merkleProof)",13502844
11562467,1609424644,0x15d7a03acace288643f150c08c2452bf95c7af5a5e60db1f4805b359dc68a685,189,0x4ce8a22d3efb78a16aa96571a9ab68e50d29491aaf39d4490122c20388dbcd4f,0xe810281d189f19572b5250556369c39f5ebc6b00,0x41d5d79431a913c4ae7d69a668ecdfe5ff9dfb68,0xa5a96d24222273649d7a87ef0b24fa81a9a49b66,80000000000000000000,Inverse DAO,INV,18,57,78007,97000000000,78007,2955910,deprecated,0x2e7ba6ef,"claim(uint256 index, address account, uint256 amount, bytes32[] merkleProof)",13499072
11563353,1609436734,0x236d0aaee5e1cb66f4f62997d2df48d6d3d9486ea17242fcf6251f8ad63f71fe,0,0x49be82729d389b34f3c24ed28b1233cee9db4f0b709fc7ebc61be30f3d246103,0xe810281d189f19572b5250556369c39f5ebc6b00,0x41d5d79431a913c4ae7d69a668ecdfe5ff9dfb68,0x80d6b71f50e26a7d9d41be77016bc3b8cf05c729,80000000000000000000,Inverse DAO,INV,18,116,80000,50000000000,77967,10617668,deprecated,0x2e7ba6ef,"claim(uint256 index, address account, uint256 amount, bytes32[] merkleProof)",13498186
11567845,1609496880,0xc3b4a9f4e21155d33842700af7362d63816cc24ee3ca78387039a6a0a04bab06,81,0xc8a53a0e0a758461e33448c7d98a923285fbca97a0822ad115f781d5365cb869,0xe810281d189f19572b5250556369c39f5ebc6b00,0x41d5d79431a913c4ae7d69a668ecdfe5ff9dfb68,0x3461551e8a9d68314fdd43eb81f98044da4a1461,80000000000000000000,Inverse DAO,INV,18,104,77999,40000000000,77999,5520612,deprecated,0x2e7ba6ef,"claim(uint256 index, address account, uint256 amount, bytes32[] merkleProof)",13493694
11569740,1609521008,0x2924a75f239e1806ae4982c686a58782446fdc33f039b4783e7f5da117b3fde6,1076,0xf49689000da3ea12ccc1deed69c73a6e3e6acb29592d79ee2b199b14b8cb81fa,0xe810281d189f19572b5250556369c39f5ebc6b00,0x41d5d79431a913c4ae7d69a668ecdfe5ff9dfb68,0xd6da5b97151c2fea9ccf11287985a21304a521a1,80000000000000000000,Inverse DAO,INV,18,144,77973,88500000000,77973,7575962,deprecated,0x2e7ba6ef,"claim(uint256 index, address account, uint256 amount, bytes32[] merkleProof)",13491799
11569928,1609523725,0xc7ac4b138cb4dfe1cf5870ec05f4a3b8f82a01fc042366273411358070958c73,191,0x965a78d758a73fb34a6b6f01192464dba56fe748e552b8a1bf3d1a2c1932e319,0xe810281d189f19572b5250556369c39f5ebc6b00,0x41d5d79431a913c4ae7d69a668ecdfe5ff9dfb68,0xb719ba7c98bb42d89402470a351acaeb97e00657,80000000000000000000,Inverse DAO,INV,18,134,78041,101000000000,78041,7236308,deprecated,0x2e7ba6ef,"claim(uint256 index, address account, uint256 amount, bytes32[] merkleProof)",13491611
11577947,1609629414,0x6aa37f4c48f23c07a9a2bd8320bfaed032cbac8873ead903d3b78749d7cbe59e,0,0x1d95d05057fc61323570844e6e2e36300b417f99dd6bb6b05446deedd2c1e266,0xe810281d189f19572b5250556369c39f5ebc6b00,0x41d5d79431a913c4ae7d69a668ecdfe5ff9dfb68,0x507222c7361c4092eb368495ae23d828087627d8,80000000000000000000,Inverse DAO,INV,18,34,77977,58000000000,77977,3266454,deprecated,0x2e7ba6ef,"claim(uint256 index, address account, uint256 amount, bytes32[] merkleProof)",13483592
11578503,1609636830,0x0b609aa0c715602f118af859796a89215fa4d85149130d7ae7f601792572ffd2,608,0x0ec2bf4db77f78746a4356090f4a024d8884f0a0e518b2a4cc5d0b8e22a97fe1,0xe810281d189f19572b5250556369c39f5ebc6b00,0x41d5d79431a913c4ae7d69a668ecdfe5ff9dfb68,0x2e12ee84a1fd7746b5b3c47424763a02132993e2,80000000000000000000,Inverse DAO,INV,18,45,78011,81030000000,78011,2885029,deprecated,0x2e7ba6ef,"claim(uint256 index, address account, uint256 amount, bytes32[] merkleProof)",13483036
11578719,1609639859,0x4e10861a73aabf3e34c28211df6811977e5a667d2d7d65f5bd63229fb6ba4ab7,103,0x9a7e3198c30d972d0ee0b151f7f59ea2209add37b245325e1be41542cf193dae,0xe810281d189f19572b5250556369c39f5ebc6b00,0x41d5d79431a913c4ae7d69a668ecdfe5ff9dfb68,0xa15d75e4884fcc1cff14fb3c2c6fe56a7f5e9de2,80000000000000000000,Inverse DAO,INV,18,165,77979,80000000000,77979,8808788,deprecated,0x2e7ba6ef,"claim(uint256 index, address account, uint256 amount, bytes32[] merkleProof)",13482820
11580165,1609659649,0xd5720aa760dbfe651fcbba300a35e1804f4c4b460dbb34ac6e5e0569bac2237c,46,0xbd38f11a1150545b77cdafb92fa2aeacb5558d1650164d841ba6d05fb3493ff6,0xe810281d189f19572b5250556369c39f5ebc6b00,0x41d5d79431a913c4ae7d69a668ecdfe5ff9dfb68,0x9ae3e22c9b9a48f790815cee0f8c4b00680a4a6d,80000000000000000000,Inverse DAO,INV,18,168,77989,69000000000,77989,11541083,deprecated,0x2e7ba6ef,"claim(uint256 index, address account, uint256 amount, bytes32[] merkleProof)",13481374
11581303,1609674253,0xecb79b6bc11f0b86d3fb56e14ce1bb7db81b41e1a8e64d5d842e01e876dd29ec,0,0xbf56ecfdbf70b88c5a645dcae7fb5c22345d2149497c505bde81c1c90547ac99,0xe810281d189f19572b5250556369c39f5ebc6b00,0x41d5d79431a913c4ae7d69a668ecdfe5ff9dfb68,0x1dd6aa0c72cadef3a01d130e306c28a7a0ed3ea8,80000000000000000000,Inverse DAO,INV,18,108,77965,43000000000,77965,8735279,deprecated,0x2e7ba6ef,"claim(uint256 index, address account, uint256 amount, bytes32[] merkleProof)",13480236
11581491,1609676516,0xc2e8abcf74b4e862dfacc52db598c35e63e3ab2302ff2857ad2c89510efefaf4,61,0x9b100129905b97e8231af29e9b9e2199369701b851126dc0a7057b8ab60fc4c6,0xe810281d189f19572b5250556369c39f5ebc6b00,0x41d5d79431a913c4ae7d69a668ecdfe5ff9dfb68,0x446087a1439a10889ebc124abd2e2761370bc848,80000000000000000000,Inverse DAO,INV,18,67,78009,85000000000,78009,5229204,deprecated,0x2e7ba6ef,"claim(uint256 index, address account, uint256 amount, bytes32[] merkleProof)",13480048
11584366,1609714703,0xabe814003b188d8e694816e1b1805f060e95a963945a541f195034d677764ac0,6,0x48484d2e74b45ff9d0d2e6408437548f65277f118c597036ead6c9c119ba0184,0xe810281d189f19572b5250556369c39f5ebc6b00,0x41d5d79431a913c4ae7d69a668ecdfe5ff9dfb68,0xcf8f1f82d5939b90d5e7aab528adb7e65de51669,80000000000000000000,Inverse DAO,INV,18,184,78021,146000000000,78021,10913231,deprecated,0x2e7ba6ef,"claim(uint256 index, address account, uint256 amount, bytes32[] merkleProof)",13477173
11588319,1609767995,0x56011cc8efb64a4532ab5f46a22f4e1d084bfc7120832f443e15129316af1f2e,220,0x6a22cfd211297e08015ce47851fe8d0667c458075212953b807a0f4e6e0fb717,0xe810281d189f19572b5250556369c39f5ebc6b00,0x41d5d79431a913c4ae7d69a668ecdfe5ff9dfb68,0xe7a4f31463de7196d1452f4daf02cf97d3de5ac3,80000000000000000000,Inverse DAO,INV,18,101,77995,100000000000,77995,5472715,deprecated,0x2e7ba6ef,"claim(uint256 index, address account, uint256 amount, bytes32[] merkleProof)",13473220
11588607,1609771879,0xe771b351af1f2d0c561a645384503b8884108dd64963143afaa7a34f8b4787fe,48,0x87cefc873cd692fc7016aac03282d70e8dcd96d7460432590bc986c95283d33e,0xe810281d189f19572b5250556369c39f5ebc6b00,0x41d5d79431a913c4ae7d69a668ecdfe5ff9dfb68,0x4c398734a23fac34b0fd6c3a5cb08ce67cac8dd1,80000000000000000000,Inverse DAO,INV,18,32,78001,210000000000,78001,2910874,deprecated,0x2e7ba6ef,"claim(uint256 index, address account, uint256 amount, bytes32[] merkleProof)",13472932
11589815,1609787319,0x1f457683743822f74a8d0d8d650a93fad66f671ac248904193cb8bc200d1201f,35,0x5f92c37fcc4afad78e73eed4e860d2e31f27b0b44d323191ecec2b57cc6fd353,0xe810281d189f19572b5250556369c39f5ebc6b00,0x41d5d79431a913c4ae7d69a668ecdfe5ff9dfb68,0xfa7513021002f7181333b773bf801dfd7fd91ce7,80000000000000000000,Inverse DAO,INV,18,168,77991,92200000000,77991,11821563,deprecated,0x2e7ba6ef,"claim(uint256 index, address account, uint256 amount, bytes32[] merkleProof)",13471724
11590511,1609796311,0x516a03d1320f852832b4e7a0a6803d65180a432aea59e92cef294eaccc581bd8,8,0xbf5552145674b694c554c3da6025492ea3bebf29db5b7ea397cf176812034de0,0xe810281d189f19572b5250556369c39f5ebc6b00,0x41d5d79431a913c4ae7d69a668ecdfe5ff9dfb68,0xb23bf2b33eb8036ee3c507db5ef2f744b09ea76c,80000000000000000000,Inverse DAO,INV,18,118,77977,96000000000,77977,12402913,deprecated,0x2e7ba6ef,"claim(uint256 index, address account, uint256 amount, bytes32[] merkleProof)",13471028
11590647,1609798061,0xe068b8fe38e3c37b9b549faa65618cad17a9fe13b9f50cfc6fd128a9016ba6ce,933,0x8190dc474af2c26f84d2699c6c10718201ddd550bb152dba633f17e6c9004286,0xe810281d189f19572b5250556369c39f5ebc6b00,0x41d5d79431a913c4ae7d69a668ecdfe5ff9dfb68,0x19dfdc194bb5cf599af78b1967dbb3783c590720,80000000000000000000,Inverse DAO,INV,18,87,78011,90000000000,78011,7225345,deprecated,0x2e7ba6ef,"claim(uint256 index, address account, uint256 amount, bytes32[] merkleProof)",13470892
11591836,1609814210,0xa0148519efd7e426f49f1d401a2ee2c9cb97cab3750a9522ec1998757683b28e,39,0x205ae6ae79de35436a6455d60081257e4ccb5f622210b3af540850133aecbd75,0xe810281d189f19572b5250556369c39f5ebc6b00,0x41d5d79431a913c4ae7d69a668ecdfe5ff9dfb68,0xc798ad9e682fce49c5bd5d177cde951eeb731c51,80000000000000000000,Inverse DAO,INV,18,118,77965,240000000000,77965,5631520,deprecated,0x2e7ba6ef,"claim(uint256 index, address account, uint256 amount, bytes32[] merkleProof)",13469703
11594535,1609850350,0xd6035464b78a8eb101556fb488e3e11f5b7c6a8c84695afeafcab979d0b0c9b8,0,0x37c1f63db1a9b233ad7e13eac45cbbacea65000d35ce656c7ed681052dcac487,0xe810281d189f19572b5250556369c39f5ebc6b00,0x41d5d79431a913c4ae7d69a668ecdfe5ff9dfb68,0x624f3e5e0f6a8476fa7d6592a008da80a2adffc2,80000000000000000000,Inverse DAO,INV,18,129,78001,72000000000,78001,7053091,deprecated,0x2e7ba6ef,"claim(uint256 index, address account, uint256 amount, bytes32[] merkleProof)",13467004
11595935,1609868487,0xb3ac8950443ae746003100ca50b560a9cc42117c67f48954c17aefa03e6d9033,198,0x390b10120ba24739bdc54f71986e379b50a18aaaf8ccc7031266ca483bbbe821,0xe810281d189f19572b5250556369c39f5ebc6b00,0x41d5d79431a913c4ae7d69a668ecdfe5ff9dfb68,0x40e14b90e66b1d694f425579118d0dc8ef1dbc91,80000000000000000000,Inverse DAO,INV,18,215,78001,90000000000,78001,11165077,deprecated,0x2e7ba6ef,"claim(uint256 index, address account, uint256 amount, bytes32[] merkleProof)",13465604
11596011,1609869496,0xdb98f809d0803fce6cd76091cd2e174c5640bee4443cb5bcb0e691f2ac76ae86,14,0x26482f429b5b889392b59c5e9a9d5d66956788bb9be5c2ccfe717134f1df3431,0xe810281d189f19572b5250556369c39f5ebc6b00,0x41d5d79431a913c4ae7d69a668ecdfe5ff9dfb68,0xdeadface3398e4b47e4c63bd3b184be756e324bd,80000000000000000000,Inverse DAO,INV,18,80,77979,91000000000,77979,7515375,deprecated,0x2e7ba6ef,"claim(uint256 index, address account, uint256 amount, bytes32[] merkleProof)",13465528
11596404,1609874516,0xa36a370c1c08070c41720e22e79a731f4c9374d6b6d2cdd9b1f06a1a2cfa9ab5,298,0xec7245f2a3891b3499c101901c2eb9f05d57407aeb40b296e07fa5d235f9f4c8,0xe810281d189f19572b5250556369c39f5ebc6b00,0x41d5d79431a913c4ae7d69a668ecdfe5ff9dfb68,0xf6f7c64ee5dd7280b1519f81968375c1442ba036,80000000000000000000,Inverse DAO,INV,18,62,77991,85000000000,77991,7006670,deprecated,0x2e7ba6ef,"claim(uint256 index, address account, uint256 amount, bytes32[] merkleProof)",13465135
11596439,1609874976,0x31de593df25994a0b09fec4d7f7968ed17806c5abc0d694e56055809b8f2e6a4,417,0x2796667a82366b30783d0ecb25cc0bea9a99da44816ecd221bed25bdd7e19283,0xe810281d189f19572b5250556369c39f5ebc6b00,0x41d5d79431a913c4ae7d69a668ecdfe5ff9dfb68,0x56edae92b5a844dae11bbdee27eed62476b68d18,80000000000000000000,Inverse DAO,INV,18,78,77979,128000000000,77979,11522736,deprecated,0x2e7ba6ef,"claim(uint256 index, address account, uint256 amount, bytes32[] merkleProof)",13465100
11596811,1609879716,0xfb0f7678002a91a5cf571dea058fb8e91d87dc22c03461a895890a71f3b5b52f,5272,0xfe6722c2f4987d047016ffd091f8924eab6bae77da7f08ac9feb91273da1e6ea,0xe810281d189f19572b5250556369c39f5ebc6b00,0x41d5d79431a913c4ae7d69a668ecdfe5ff9dfb68,0x3d16451a4b73e778bfec126025ba79716a17e32d,80000000000000000000,Inverse DAO,INV,18,42,77999,64000000000,77999,3872471,deprecated,0x2e7ba6ef,"claim(uint256 index, address account, uint256 amount, bytes32[] merkleProof)",13464728
11597423,1609887744,0x1b89e55f7c94197ff329c1528f3d47bf210affae53505b1e074823fe3e7ae337,939,0x280ffa3e4f6dacbe5022e7107bfc46a7c9027d9083275d144b513b3456701cb0,0xe810281d189f19572b5250556369c39f5ebc6b00,0x41d5d79431a913c4ae7d69a668ecdfe5ff9dfb68,0x7d897c6cd19177dc94317a0ebd28b11731f0cc2b,80000000000000000000,Inverse DAO,INV,18,115,77963,100000000000,77963,9423390,deprecated,0x2e7ba6ef,"claim(uint256 index, address account, uint256 amount, bytes32[] merkleProof)",13464116
11598088,1609896582,0x34a259e2680a2955275055b1aa7c57a6a6d672d19c0bee4e42dd1d86eba03be9,1741,0x552cb759d304790bd38040a39c2782d9602cbddd006a026b8ea583e42e853357,0xe810281d189f19572b5250556369c39f5ebc6b00,0x41d5d79431a913c4ae7d69a668ecdfe5ff9dfb68,0x00dbe6dfc86866b80c930e70111de8cf4382b824,80000000000000000000,Inverse DAO,INV,18,78,77943,71000000000,77943,6337407,deprecated,0x2e7ba6ef,"claim(uint256 index, address account, uint256 amount, bytes32[] merkleProof)",13463451
11601117,1609937460,0x424fd9409358aec4274107a0c1ae93be8bb4d3ff869ef6878aeef20b56433127,267,0x19df3c874b3a83cda53a12cb4c8fbc0e8961e082a9413597f3e476f08b0736cf,0xe810281d189f19572b5250556369c39f5ebc6b00,0x41d5d79431a913c4ae7d69a668ecdfe5ff9dfb68,0x5c491c32a1d0797e57d12ef51377d762adb6986b,80000000000000000000,Inverse DAO,INV,18,108,78021,95700001604,78021,6669937,deprecated,0x2e7ba6ef,"claim(uint256 index, address account, uint256 amount, bytes32[] merkleProof)",13460422
11603897,1609973953,0xc8389dd25e8034e89984408fe6bbad3df1930662a421e6a5e44a0bd443aa677a,2875,0xd7f070a7d9b7ca883c0b00c618f025842e65080caab36bf56a5d6af09f982cf5,0xe810281d189f19572b5250556369c39f5ebc6b00,0x41d5d79431a913c4ae7d69a668ecdfe5ff9dfb68,0x0035fc5208ef989c28d47e552e92b0c507d2b318,500000000000000000000,Inverse DAO,INV,18,61,77997,82000000000,77997,3338522,deprecated,0x2e7ba6ef,"claim(uint256 index, address account, uint256 amount, bytes32[] merkleProof)",13457642
11604882,1609987109,0xb4b3462d1f0b152e177aa15889e382e9674bf63068f2695b03bffc7615939ae6,2555,0x1c746a4de244df7479c0732d4607e8a3fd023fa1b99fff109c5d4abfae316095,0xe810281d189f19572b5250556369c39f5ebc6b00,0x41d5d79431a913c4ae7d69a668ecdfe5ff9dfb68,0x3455fc3515e39ca200930350001154e96c190162,80000000000000000000,Inverse DAO,INV,18,44,77959,116000000000,77959,2337713,deprecated,0x2e7ba6ef,"claim(uint256 index, address account, uint256 amount, bytes32[] merkleProof)",13456657
11647833,1610556481,0x60ecd804b9ab65ca70fd2a92bf92ffe92c4dc994b3b56799fc15374c2d36aa4c,70,0x7fdbaa6d07b76bd2e7271d72119ba56c9fb4aa9d4b042deba354ac5749da5b43,0xe810281d189f19572b5250556369c39f5ebc6b00,0x41d5d79431a913c4ae7d69a668ecdfe5ff9dfb68,0x0000000000000000000000000000000000000000,18180000000000000000000,Inverse DAO,INV,18,169,150731,67980000000,101531,11303969,deprecated,0xfe0d94c1,execute(uint256 id),13413706
11647833,1610556481,0x60ecd804b9ab65ca70fd2a92bf92ffe92c4dc994b3b56799fc15374c2d36aa4c,70,0x7fdbaa6d07b76bd2e7271d72119ba56c9fb4aa9d4b042deba354ac5749da5b43,0x0000000000000000000000000000000000000000,0x41d5d79431a913c4ae7d69a668ecdfe5ff9dfb68,0x926df14a23be491164dcf93f4c468a50ef659d5b,18180000000000000000000,Inverse DAO,INV,18,169,150731,67980000000,101531,11303969,deprecated,0xfe0d94c1,execute(uint256 id),13413706
11739375,1611770704,0x98d90f252cf9d530ac32caea0f68dbb268ba714addb0be875d64c846e954595a,25,0x94213b62873a94749ab1cc7e8f908b98f8e13e5fd40e1fdd15c8d90e8ce2be13,0x926df14a23be491164dcf93f4c468a50ef659d5b,0x41d5d79431a913c4ae7d69a668ecdfe5ff9dfb68,0x2492897e6138ae7e56d3d3ceb5ad76b801ec7d3f,100000000000000000000,Inverse DAO,INV,18,125,241816,76000000000,150914,9285208,deprecated,0x6a761202,"execTransaction(address to, uint256 value, bytes data, uint8 operation, uint256 safeTxGas, uint256 baseGas, uint256 gasPrice, address gasToken, address refundReceiver, bytes signatures)",13322164
11928424,1614283997,0x77a42bbafaa59756bf564e0d9f734673c591b0d18db845cbbf4177f754c76992,213,0x18350ba3712d7932534fe0d23bd84977110e9adee2d9f48bb5715196e601d371,0x072d55cfe4bf5067ba91686963a2af496122965d,0x41d5d79431a913c4ae7d69a668ecdfe5ff9dfb68,0x0000000000000000000000000000000000000000,80000000000000000000,Inverse DAO,INV,18,89,1004881,149000000000,502441,7805329,deprecated,0xfe0d94c1,execute(uint256 id),13133115
11928424,1614283997,0x77a42bbafaa59756bf564e0d9f734673c591b0d18db845cbbf4177f754c76992,213,0x18350ba3712d7932534fe0d23bd84977110e9adee2d9f48bb5715196e601d371,0xf63370f0a9c09d53e1a410181bd80831934efb19,0x41d5d79431a913c4ae7d69a668ecdfe5ff9dfb68,0x0000000000000000000000000000000000000000,80000000000000000000,Inverse DAO,INV,18,89,1004881,149000000000,502441,7805329,deprecated,0xfe0d94c1,execute(uint256 id),13133115
11928424,1614283997,0x77a42bbafaa59756bf564e0d9f734673c591b0d18db845cbbf4177f754c76992,213,0x18350ba3712d7932534fe0d23bd84977110e9adee2d9f48bb5715196e601d371,0x7a9bff113eaa70077a2b58e9605e8120ca3e6f89,0x41d5d79431a913c4ae7d69a668ecdfe5ff9dfb68,0x0000000000000000000000000000000000000000,80000000000000000000,Inverse DAO,INV,18,89,1004881,149000000000,502441,7805329,deprecated,0xfe0d94c1,execute(uint256 id),13133115
11928424,1614283997,0x77a42bbafaa59756bf564e0d9f734673c591b0d18db845cbbf4177f754c76992,213,0x18350ba3712d7932534fe0d23bd84977110e9adee2d9f48bb5715196e601d371,0xfb578d95837a7c8c00bacc369a79d6b962305e70,0x41d5d79431a913c4ae7d69a668ecdfe5ff9dfb68,0x0000000000000000000000000000000000000000,80000000000000000000,Inverse DAO,INV,18,89,1004881,149000000000,502441,7805329,deprecated,0xfe0d94c1,execute(uint256 id),13133115
11928424,1614283997,0x77a42bbafaa59756bf564e0d9f734673c591b0d18db845cbbf4177f754c76992,213,0x18350ba3712d7932534fe0d23bd84977110e9adee2d9f48bb5715196e601d371,0xaab2b7c70eb48c17f0f3b2c2b9fc22fa450ac87e,0x41d5d79431a913c4ae7d69a668ecdfe5ff9dfb68,0x0000000000000000000000000000000000000000,80000000000000000000,Inverse DAO,INV,18,89,1004881,149000000000,502441,7805329,deprecated,0xfe0d94c1,execute(uint256 id),13133115
11928424,1614283997,0x77a42bbafaa59756bf564e0d9f734673c591b0d18db845cbbf4177f754c76992,213,0x18350ba3712d7932534fe0d23bd84977110e9adee2d9f48bb5715196e601d371,0x66b333423409d3ae4008d6fcc84aadaa8d31a0c1,0x41d5d79431a913c4ae7d69a668ecdfe5ff9dfb68,0x0000000000000000000000000000000000000000,80000000000000000000,Inverse DAO,INV,18,89,1004881,149000000000,502441,7805329,deprecated,0xfe0d94c1,execute(uint256 id),13133115
11928424,1614283997,0x77a42bbafaa59756bf564e0d9f734673c591b0d18db845cbbf4177f754c76992,213,0x18350ba3712d7932534fe0d23bd84977110e9adee2d9f48bb5715196e601d371,0xdbab0b75921e3008fd0bb621a8248d969d2d2f0d,0x41d5d79431a913c4ae7d69a668ecdfe5ff9dfb68,0x0000000000000000000000000000000000000000,80000000000000000000,Inverse DAO,INV,18,89,1004881,149000000000,502441,7805329,deprecated,0xfe0d94c1,execute(uint256 id),13133115
11928424,1614283997,0x77a42bbafaa59756bf564e0d9f734673c591b0d18db845cbbf4177f754c76992,213,0x18350ba3712d7932534fe0d23bd84977110e9adee2d9f48bb5715196e601d371,0xbe16892ed5185cbd69f3f2708de5263645240a65,0x41d5d79431a913c4ae7d69a668ecdfe5ff9dfb68,0x0000000000000000000000000000000000000000,80000000000000000000,Inverse DAO,INV,18,89,1004881,149000000000,502441,7805329,deprecated,0xfe0d94c1,execute(uint256 id),13133115
11928424,1614283997,0x77a42bbafaa59756bf564e0d9f734673c591b0d18db845cbbf4177f754c76992,213,0x18350ba3712d7932534fe0d23bd84977110e9adee2d9f48bb5715196e601d371,0xe2438db969db43314040e51f95d425c1fe1cc433,0x41d5d79431a913c4ae7d69a668ecdfe5ff9dfb68,0x0000000000000000000000000000000000000000,80000000000000000000,Inverse DAO,INV,18,89,1004881,149000000000,502441,7805329,deprecated,0xfe0d94c1,execute(uint256 id),13133115
11928424,1614283997,0x77a42bbafaa59756bf564e0d9f734673c591b0d18db845cbbf4177f754c76992,213,0x18350ba3712d7932534fe0d23bd84977110e9adee2d9f48bb5715196e601d371,0x9a61567a3e3c5b47dffb0670c629a40533eb84d5,0x41d5d79431a913c4ae7d69a668ecdfe5ff9dfb68,0x0000000000000000000000000000000000000000,80000000000000000000,Inverse DAO,INV,18,89,1004881,149000000000,502441,7805329,deprecated,0xfe0d94c1,execute(uint256 id),13133115
11928424,1614283997,0x77a42bbafaa59756bf564e0d9f734673c591b0d18db845cbbf4177f754c76992,213,0x18350ba3712d7932534fe0d23bd84977110e9adee2d9f48bb5715196e601d371,0x3d1fbe339e64862d6fe91b58e4f5f70334957a37,0x41d5d79431a913c4ae7d69a668ecdfe5ff9dfb68,0x0000000000000000000000000000000000000000,80000000000000000000,Inverse DAO,INV,18,89,1004881,149000000000,502441,7805329,deprecated,0xfe0d94c1,execute(uint256 id),13133115
11928424,1614283997,0x77a42bbafaa59756bf564e0d9f734673c591b0d18db845cbbf4177f754c76992,213,0x18350ba3712d7932534fe0d23bd84977110e9adee2d9f48bb5715196e601d371,0x4b1ba9aa4337e65ffa2155b92bafd8e177e73cb5,0x41d5d79431a913c4ae7d69a668ecdfe5ff9dfb68,0x0000000000000000000000000000000000000000,80000000000000000000,Inverse DAO,INV,18,89,1004881,149000000000,502441,7805329,deprecated,0xfe0d94c1,execute(uint256 id),13133115
11928424,1614283997,0x77a42bbafaa59756bf564e0d9f734673c591b0d18db845cbbf4177f754c76992,213,0x18350ba3712d7932534fe0d23bd84977110e9adee2d9f48bb5715196e601d371,0x99391c6f4d33ddac56e0856db4ef0013851031bd,0x41d5d79431a913c4ae7d69a668ecdfe5ff9dfb68,0x0000000000000000000000000000000000000000,80000000000000000000,Inverse DAO,INV,18,89,1004881,149000000000,502441,7805329,deprecated,0xfe0d94c1,execute(uint256 id),13133115
11928424,1614283997,0x77a42bbafaa59756bf564e0d9f734673c591b0d18db845cbbf4177f754c76992,213,0x18350ba3712d7932534fe0d23bd84977110e9adee2d9f48bb5715196e601d371,0x00f0df30ff796dc5ebd37f468fc6a7d731625a5d,0x41d5d79431a913c4ae7d69a668ecdfe5ff9dfb68,0x0000000000000000000000000000000000000000,80000000000000000000,Inverse DAO,INV,18,89,1004881,149000000000,502441,7805329,deprecated,0xfe0d94c1,execute(uint256 id),13133115
11928424,1614283997,0x77a42bbafaa59756bf564e0d9f734673c591b0d18db845cbbf4177f754c76992,213,0x18350ba3712d7932534fe0d23bd84977110e9adee2d9f48bb5715196e601d371,0x82d751c236cb6c682a54196ef6fc01021a101a1b,0x41d5d79431a913c4ae7d69a668ecdfe5ff9dfb68,0x0000000000000000000000000000000000000000,80000000000000000000,Inverse DAO,INV,18,89,1004881,149000000000,502441,7805329,deprecated,0xfe0d94c1,execute(uint256 id),13133115
11928424,1614283997,0x77a42bbafaa59756bf564e0d9f734673c591b0d18db845cbbf4177f754c76992,213,0x18350ba3712d7932534fe0d23bd84977110e9adee2d9f48bb5715196e601d371,0x0797363cfe06450a8b99746a72cd7bc5d5bf5742,0x41d5d79431a913c4ae7d69a668ecdfe5ff9dfb68,0x0000000000000000000000000000000000000000,80000000000000000000,Inverse DAO,INV,18,89,1004881,149000000000,502441,7805329,deprecated,0xfe0d94c1,execute(uint256 id),13133115
11928424,1614283997,0x77a42bbafaa59756bf564e0d9f734673c591b0d18db845cbbf4177f754c76992,213,0x18350ba3712d7932534fe0d23bd84977110e9adee2d9f48bb5715196e601d371,0xb3fdd42f48527541e3d0aa964fb6087b1bc94c5d,0x41d5d79431a913c4ae7d69a668ecdfe5ff9dfb68,0x0000000000000000000000000000000000000000,80000000000000000000,Inverse DAO,INV,18,89,1004881,149000000000,502441,7805329,deprecated,0xfe0d94c1,execute(uint256 id),13133115
11928424,1614283997,0x77a42bbafaa59756bf564e0d9f734673c591b0d18db845cbbf4177f754c76992,213,0x18350ba3712d7932534fe0d23bd84977110e9adee2d9f48bb5715196e601d371,0x06f5d2a078e42e33718d5f0bdd55c76f17bd67fc,0x41d5d79431a913c4ae7d69a668ecdfe5ff9dfb68,0x0000000000000000000000000000000000000000,80000000000000000000,Inverse DAO,INV,18,89,1004881,149000000000,502441,7805329,deprecated,0xfe0d94c1,execute(uint256 id),13133115
11928424,1614283997,0x77a42bbafaa59756bf564e0d9f734673c591b0d18db845cbbf4177f754c76992,213,0x18350ba3712d7932534fe0d23bd84977110e9adee2d9f48bb5715196e601d371,0x5f67ffa4b3f77dd16c9c34a1a82cab8daea03191,0x41d5d79431a913c4ae7d69a668ecdfe5ff9dfb68,0x0000000000000000000000000000000000000000,80000000000000000000,Inverse DAO,INV,18,89,1004881,149000000000,502441,7805329,deprecated,0xfe0d94c1,execute(uint256 id),13133115
11928424,1614283997,0x77a42bbafaa59756bf564e0d9f734673c591b0d18db845cbbf4177f754c76992,213,0x18350ba3712d7932534fe0d23bd84977110e9adee2d9f48bb5715196e601d371,0x0000000000000000000000000000000000000000,0x41d5d79431a913c4ae7d69a668ecdfe5ff9dfb68,0x926df14a23be491164dcf93f4c468a50ef659d5b,1520000000000000000000,Inverse DAO,INV,18,89,1004881,149000000000,502441,7805329,deprecated,0xfe0d94c1,execute(uint256 id),13133115
11928427,1614284015,0x0ea4172eae9da4547691ff41485f00e6bfc61e6fd91bfedb71049fcaafecb1fe,214,0x6abcfec7ddec097dc04a3ff6401affbaf5f4604a0edb0aac8d2c70a90c310124,0xd8e3e3ec5643e451a4a1ca57704dfa6353898ebc,0x41d5d79431a913c4ae7d69a668ecdfe5ff9dfb68,0x0000000000000000000000000000000000000000,80000000000000000000,Inverse DAO,INV,18,61,697168,149000000000,348584,5222158,deprecated,0xfe0d94c1,execute(uint256 id),13133112
11928427,1614284015,0x0ea4172eae9da4547691ff41485f00e6bfc61e6fd91bfedb71049fcaafecb1fe,214,0x6abcfec7ddec097dc04a3ff6401affbaf5f4604a0edb0aac8d2c70a90c310124,0x41848af20609ceec2d6d7e2f513c8edab43391fd,0x41d5d79431a913c4ae7d69a668ecdfe5ff9dfb68,0x0000000000000000000000000000000000000000,80000000000000000000,Inverse DAO,INV,18,61,697168,149000000000,348584,5222158,deprecated,0xfe0d94c1,execute(uint256 id),13133112
11928427,1614284015,0x0ea4172eae9da4547691ff41485f00e6bfc61e6fd91bfedb71049fcaafecb1fe,214,0x6abcfec7ddec097dc04a3ff6401affbaf5f4604a0edb0aac8d2c70a90c310124,0x3ac8884f1965ef848ac0fd1062bdf769d576fba0,0x41d5d79431a913c4ae7d69a668ecdfe5ff9dfb68,0x0000000000000000000000000000000000000000,80000000000000000000,Inverse DAO,INV,18,61,697168,149000000000,348584,5222158,deprecated,0xfe0d94c1,execute(uint256 id),13133112
11928427,1614284015,0x0ea4172eae9da4547691ff41485f00e6bfc61e6fd91bfedb71049fcaafecb1fe,214,0x6abcfec7ddec097dc04a3ff6401affbaf5f4604a0edb0aac8d2c70a90c310124,0x2687ef973f71ae0af1877012f2109efdcddc92ba,0x41d5d79431a913c4ae7d69a668ecdfe5ff9dfb68,0x0000000000000000000000000000000000000000,80000000000000000000,Inverse DAO,INV,18,61,697168,149000000000,348584,5222158,deprecated,0xfe0d94c1,execute(uint256 id),13133112
11928427,1614284015,0x0ea4172eae9da4547691ff41485f00e6bfc61e6fd91bfedb71049fcaafecb1fe,214,0x6abcfec7ddec097dc04a3ff6401affbaf5f4604a0edb0aac8d2c70a90c310124,0xa92d319c1b9080920f765fc89d0e730522e3f731,0x41d5d79431a913c4ae7d69a668ecdfe5ff9dfb68,0x0000000000000000000000000000000000000000,80000000000000000000,Inverse DAO,INV,18,61,697168,149000000000,348584,5222158,deprecated,0xfe0d94c1,execute(uint256 id),13133112
11928427,1614284015,0x0ea4172eae9da4547691ff41485f00e6bfc61e6fd91bfedb71049fcaafecb1fe,214,0x6abcfec7ddec097dc04a3ff6401affbaf5f4604a0edb0aac8d2c70a90c310124,0x3667bb0e56d2035d28c68f18908dc10dbcedecb3,0x41d5d79431a913c4ae7d69a668ecdfe5ff9dfb68,0x0000000000000000000000000000000000000000,80000000000000000000,Inverse DAO,INV,18,61,697168,149000000000,348584,5222158,deprecated,0xfe0d94c1,execute(uint256 id),13133112
11928427,1614284015,0x0ea4172eae9da4547691ff41485f00e6bfc61e6fd91bfedb71049fcaafecb1fe,214,0x6abcfec7ddec097dc04a3ff6401affbaf5f4604a0edb0aac8d2c70a90c310124,0x4b935a52a887bf017b4e5e0151b71f518d0810a8,0x41d5d79431a913c4ae7d69a668ecdfe5ff9dfb68,0x0000000000000000000000000000000000000000,80000000000000000000,Inverse DAO,INV,18,61,697168,149000000000,348584,5222158,deprecated,0xfe0d94c1,execute(uint256 id),13133112
11928427,1614284015,0x0ea4172eae9da4547691ff41485f00e6bfc61e6fd91bfedb71049fcaafecb1fe,214,0x6abcfec7ddec097dc04a3ff6401affbaf5f4604a0edb0aac8d2c70a90c310124,0x1929a0454cdd4d925e8fc9b6c366ecd7844866f2,0x41d5d79431a913c4ae7d69a668ecdfe5ff9dfb68,0x0000000000000000000000000000000000000000,80000000000000000000,Inverse DAO,INV,18,61,697168,149000000000,348584,5222158,deprecated,0xfe0d94c1,execute(uint256 id),13133112
11928427,1614284015,0x0ea4172eae9da4547691ff41485f00e6bfc61e6fd91bfedb71049fcaafecb1fe,214,0x6abcfec7ddec097dc04a3ff6401affbaf5f4604a0edb0aac8d2c70a90c310124,0xfcad3475520fb54fc95305a6549a79170da8b7c0,0x41d5d79431a913c4ae7d69a668ecdfe5ff9dfb68,0x0000000000000000000000000000000000000000,80000000000000000000,Inverse DAO,INV,18,61,697168,149000000000,348584,5222158,deprecated,0xfe0d94c1,execute(uint256 id),13133112
11928427,1614284015,0x0ea4172eae9da4547691ff41485f00e6bfc61e6fd91bfedb71049fcaafecb1fe,214,0x6abcfec7ddec097dc04a3ff6401affbaf5f4604a0edb0aac8d2c70a90c310124,0xe7a4f31463de7196d1452f4daf02cf97d3de5ac3,0x41d5d79431a913c4ae7d69a668ecdfe5ff9dfb68,0x0000000000000000000000000000000000000000,80000000000000000000,Inverse DAO,INV,18,61,697168,149000000000,348584,5222158,deprecated,0xfe0d94c1,execute(uint256 id),13133112
11928427,1614284015,0x0ea4172eae9da4547691ff41485f00e6bfc61e6fd91bfedb71049fcaafecb1fe,214,0x6abcfec7ddec097dc04a3ff6401affbaf5f4604a0edb0aac8d2c70a90c310124,0x40e14b90e66b1d694f425579118d0dc8ef1dbc91,0x41d5d79431a913c4ae7d69a668ecdfe5ff9dfb68,0x0000000000000000000000000000000000000000,80000000000000000000,Inverse DAO,INV,18,61,697168,149000000000,348584,5222158,deprecated,0xfe0d94c1,execute(uint256 id),13133112
11928427,1614284015,0x0ea4172eae9da4547691ff41485f00e6bfc61e6fd91bfedb71049fcaafecb1fe,214,0x6abcfec7ddec097dc04a3ff6401affbaf5f4604a0edb0aac8d2c70a90c310124,0x3d16451a4b73e778bfec126025ba79716a17e32d,0x41d5d79431a913c4ae7d69a668ecdfe5ff9dfb68,0x0000000000000000000000000000000000000000,80000000000000000000,Inverse DAO,INV,18,61,697168,149000000000,348584,5222158,deprecated,0xfe0d94c1,execute(uint256 id),13133112
11928427,1614284015,0x0ea4172eae9da4547691ff41485f00e6bfc61e6fd91bfedb71049fcaafecb1fe,214,0x6abcfec7ddec097dc04a3ff6401affbaf5f4604a0edb0aac8d2c70a90c310124,0x7d897c6cd19177dc94317a0ebd28b11731f0cc2b,0x41d5d79431a913c4ae7d69a668ecdfe5ff9dfb68,0x0000000000000000000000000000000000000000,80000000000000000000,Inverse DAO,INV,18,61,697168,149000000000,348584,5222158,deprecated,0xfe0d94c1,execute(uint256 id),13133112
11928427,1614284015,0x0ea4172eae9da4547691ff41485f00e6bfc61e6fd91bfedb71049fcaafecb1fe,214,0x6abcfec7ddec097dc04a3ff6401affbaf5f4604a0edb0aac8d2c70a90c310124,0x0000000000000000000000000000000000000000,0x41d5d79431a913c4ae7d69a668ecdfe5ff9dfb68,0x926df14a23be491164dcf93f4c468a50ef659d5b,1040000000000000000000,Inverse DAO,INV,18,61,697168,149000000000,348584,5222158,deprecated,0xfe0d94c1,execute(uint256 id),13133112
11962551,1614737587,0x813c65504834939f29dc96b56c4483fc3b9a2abee38a1432c9cea617bf449bde,221,0x8b3b815ff3e4c36ea2289b787674033234049c148311c327611f85432d5286a3,0xbb6ef0b93792e4e98c6e6062eb1a9638d82e500f,0x41d5d79431a913c4ae7d69a668ecdfe5ff9dfb68,0x3fcb35a1cbfb6007f9bc638d388958bc4550cb28,688308346017250126839,Inverse DAO,INV,18,127,105997,81000001347,70215,9578227,deprecated,0x4e71d92d,claim(),13098988
11973641,1614885781,0xbcd32e516fd569169dad4d2e49954c38c245230c1f9049eee2275fd72fd89d1c,2168,0x6018e43347f6db26cc377635c77b34421919a7b1267bc402b5006138179e00a5,0x926df14a23be491164dcf93f4c468a50ef659d5b,0x41d5d79431a913c4ae7d69a668ecdfe5ff9dfb68,0x5c1245f9db3f8f7fe1208cb82325ea88fc11fe89,1250000000000000000000,Inverse DAO,INV,18,182,307473,141121000000,262473,11744161,deprecated,0xfe0d94c1,execute(uint256 id),13087898
11973764,1614887302,0x4386b2ca0fd76193df7f53f259d7c7dc19dedda7232673020806a03521872afd,395,0x3539d185b1f2c3719ae461ece4dc22d54ad923cadf96bf5b5c61561e5a9b1369,0x5c1245f9db3f8f7fe1208cb82325ea88fc11fe89,0x41d5d79431a913c4ae7d69a668ecdfe5ff9dfb68,0xf98db67ac33e2d240ca915d4330daef554c4a5b6,54616805354757044,Inverse DAO,INV,18,200,114293,109000000000,95093,11545153,deprecated,0x3d18b912,getReward(),13087775
11973773,1614887370,0xb295781f3fccaf083f2013fc07e99e365fbf59eab36aa30daa1890ee2ce638bb,314,0xe99f40196a3b46870be1383e8bc0d41b55dafd14d04e032605eb10b91cdce658,0x5c1245f9db3f8f7fe1208cb82325ea88fc11fe89,0x41d5d79431a913c4ae7d69a668ecdfe5ff9dfb68,0xa93c50f5b351d5c961fc7b147a01f8068b272712,5075488217941249,Inverse DAO,INV,18,208,122811,90800000000,103611,11113876,deprecated,0x3d18b912,getReward(),13087766
11973782,1614887512,0x1e1c2e0ceee9dd106f758f18cbfd1cb73f37005e7b32e0ada779fed06e8d6c5c,345,0x3b3b2b673bcdb6dcb2bb320baca895b5d5369f83e8e58c433fad89d78350db2c,0x5c1245f9db3f8f7fe1208cb82325ea88fc11fe89,0x41d5d79431a913c4ae7d69a668ecdfe5ff9dfb68,0x3374472f1d19503f7acf37938f20537e2fc3a2ba,45324821743931108,Inverse DAO,INV,18,246,122811,85000000000,103611,12170789,deprecated,0x3d18b912,getReward(),13087757
11973816,1614887880,0x485496a0d4971870946461f4b20ec06727fb46d4de8fab4b6c0f3675b3b8027a,194,0x566f2f4138d1df1262ca3f554e785762e97dd3377ed417c4c830b30a5626bfae,0x5c1245f9db3f8f7fe1208cb82325ea88fc11fe89,0x41d5d79431a913c4ae7d69a668ecdfe5ff9dfb68,0xd1e90437a2551a5a7ff984010b1446c2243d70f5,5215671030042824,Inverse DAO,INV,18,48,122811,84000000000,103611,3225126,deprecated,0x3d18b912,getReward(),13087723
11974211,1614893372,0x14b5aa94506d62fd4ca83ea4f5d517adcc43fd4edd2ebdaeb0200f7ae5851c63,923,0xa3e2ed6b2ebe3e68ab1e2df616fd7653aeaf3b63b92a6d7127fa1efd86604454,0x5c1245f9db3f8f7fe1208cb82325ea88fc11fe89,0x41d5d79431a913c4ae7d69a668ecdfe5ff9dfb68,0xb12bc4a0c497f1c3baee7031c5bfd119ecc0c906,10501247898674271,Inverse DAO,INV,18,128,127257,79000000000,112257,11088614,deprecated,0x3d18b912,getReward(),13087328
11974243,1614893762,0xf5d6564ff795e3909653446925cb8c6170091874ff0f8edcfec62ab8b778ac4a,1359,0x1333b0155cdeecf7d750fab3cad77d9b0f206f2f9990f9df7c2076d6936d4969,0x5c1245f9db3f8f7fe1208cb82325ea88fc11fe89,0x41d5d79431a913c4ae7d69a668ecdfe5ff9dfb68,0xcbc7d0ff51d37b60ba741bf566496bba53b5eea2,157539245842227910,Inverse DAO,INV,18,23,122811,90000000000,103611,1619107,deprecated,0x3d18b912,getReward(),13087296
11975300,1614907671,0x2b5618cf1b6c53274ecbe2cecfbc0b249ee9e522e54d941c6605351b4b45a792,3993,0xfddb6134fc851dd22d192bcce1e7733cacce9fc54e357da5b22b1c4719d6e2c3,0x5c1245f9db3f8f7fe1208cb82325ea88fc11fe89,0x41d5d79431a913c4ae7d69a668ecdfe5ff9dfb68,0xba682e593784f7654e4f92d58213dc495f229eec,7421884225427860,Inverse DAO,INV,18,86,122811,121540001502,103611,11298219,deprecated,0x3d18b912,getReward(),13086239
11975663,1614912278,0xf394d1b46f62e49bc07cdb9d1d6b166e57c83b5696dde6ae9126d2631d63b33a,4712,0x25d968166fea727c3f4173362a84546a86e20fc18354e6c3096edd942e372c02,0x5c1245f9db3f8f7fe1208cb82325ea88fc11fe89,0x41d5d79431a913c4ae7d69a668ecdfe5ff9dfb68,0x6893593c695d23f002f9278fa75ae1367ce78d96,43276596661902444,Inverse DAO,INV,18,131,107752,134000000000,92752,3047179,deprecated,0x3d18b912,getReward(),13085876
11976083,1614918137,0xa1128d0998f183732c3ee9d5ed31c5a4f32c39b850bd36dc9b75ce27fa37a907,348,0x279633151b9e9a94222f219011659b7966fee4d73d3ef450ac1879b95997fa01,0x5c1245f9db3f8f7fe1208cb82325ea88fc11fe89,0x41d5d79431a913c4ae7d69a668ecdfe5ff9dfb68,0x3374472f1d19503f7acf37938f20537e2fc3a2ba,281024189287241119,Inverse DAO,INV,18,149,107811,113000000000,88611,10228993,deprecated,0x3d18b912,getReward(),13085456
11976372,1614921656,0x489f1e374362c1ee3e219d383a03ce66230b1fab4e6aecf81459dbf93580cd00,43,0xfcb52e3e985a71df3e2c5b2027c010c1bfdb00cfe104480148ee51b4780cee1b,0x926df14a23be491164dcf93f4c468a50ef659d5b,0x41d5d79431a913c4ae7d69a668ecdfe5ff9dfb68,0x1874fc5f915aa9fd24c379fe7f9ec40607cef78a,15000000000000000000,Inverse DAO,INV,18,22,2642618,79000000000,1320947,2903379,deprecated,0x6a761202,"execTransaction(address to, uint256 value, bytes data, uint8 operation, uint256 safeTxGas, uint256 baseGas, uint256 gasPrice, address gasToken, address refundReceiver, bytes signatures)",13085167
11976372,1614921656,0x489f1e374362c1ee3e219d383a03ce66230b1fab4e6aecf81459dbf93580cd00,43,0xfcb52e3e985a71df3e2c5b2027c010c1bfdb00cfe104480148ee51b4780cee1b,0x926df14a23be491164dcf93f4c468a50ef659d5b,0x41d5d79431a913c4ae7d69a668ecdfe5ff9dfb68,0xb74465cefd9cac12a5e96a9736f131b02ab531d0,15000000000000000000,Inverse DAO,INV,18,22,2642618,79000000000,1320947,2903379,deprecated,0x6a761202,"execTransaction(address to, uint256 value, bytes data, uint8 operation, uint256 safeTxGas, uint256 baseGas, uint256 gasPrice, address gasToken, address refundReceiver, bytes signatures)",13085167
11976372,1614921656,0x489f1e374362c1ee3e219d383a03ce66230b1fab4e6aecf81459dbf93580cd00,43,0xfcb52e3e985a71df3e2c5b2027c010c1bfdb00cfe104480148ee51b4780cee1b,0x926df14a23be491164dcf93f4c468a50ef659d5b,0x41d5d79431a913c4ae7d69a668ecdfe5ff9dfb68,0x797bc498edee4357a16a1054db0323cbd04c84c3,15000000000000000000,Inverse DAO,INV,18,22,2642618,79000000000,1320947,2903379,deprecated,0x6a761202,"execTransaction(address to, uint256 value, bytes data, uint8 operation, uint256 safeTxGas, uint256 baseGas, uint256 gasPrice, address gasToken, address refundReceiver, bytes signatures)",13085167
11976372,1614921656,0x489f1e374362c1ee3e219d383a03ce66230b1fab4e6aecf81459dbf93580cd00,43,0xfcb52e3e985a71df3e2c5b2027c010c1bfdb00cfe104480148ee51b4780cee1b,0x926df14a23be491164dcf93f4c468a50ef659d5b,0x41d5d79431a913c4ae7d69a668ecdfe5ff9dfb68,0x735e93b521aaf24cc503204eeea557149433b617,20000000000000000000,Inverse DAO,INV,18,22,2642618,79000000000,1320947,2903379,deprecated,0x6a761202,"execTransaction(address to, uint256 value, bytes data, uint8 operation, uint256 safeTxGas, uint256 baseGas, uint256 gasPrice, address gasToken, address refundReceiver, bytes signatures)",13085167
11976372,1614921656,0x489f1e374362c1ee3e219d383a03ce66230b1fab4e6aecf81459dbf93580cd00,43,0xfcb52e3e985a71df3e2c5b2027c010c1bfdb00cfe104480148ee51b4780cee1b,0x926df14a23be491164dcf93f4c468a50ef659d5b,0x41d5d79431a913c4ae7d69a668ecdfe5ff9dfb68,0xa92d319c1b9080920f765fc89d0e730522e3f731,80000000000000000000,Inverse DAO,INV,18,22,2642618,79000000000,1320947,2903379,deprecated,0x6a761202,"execTransaction(address to, uint256 value, bytes data, uint8 operation, uint256 safeTxGas, uint256 baseGas, uint256 gasPrice, address gasToken, address refundReceiver, bytes signatures)",13085167
11976372,1614921656,0x489f1e374362c1ee3e219d383a03ce66230b1fab4e6aecf81459dbf93580cd00,43,0xfcb52e3e985a71df3e2c5b2027c010c1bfdb00cfe104480148ee51b4780cee1b,0x926df14a23be491164dcf93f4c468a50ef659d5b,0x41d5d79431a913c4ae7d69a668ecdfe5ff9dfb68,0x72deeb5ab757a53997b73086806d75299cc7ada7,100000000000000000000,Inverse DAO,INV,18,22,2642618,79000000000,1320947,2903379,deprecated,0x6a761202,"execTransaction(address to, uint256 value, bytes data, uint8 operation, uint256 safeTxGas, uint256 baseGas, uint256 gasPrice, address gasToken, address refundReceiver, bytes signatures)",13085167
11976372,1614921656,0x489f1e374362c1ee3e219d383a03ce66230b1fab4e6aecf81459dbf93580cd00,43,0xfcb52e3e985a71df3e2c5b2027c010c1bfdb00cfe104480148ee51b4780cee1b,0x926df14a23be491164dcf93f4c468a50ef659d5b,0x41d5d79431a913c4ae7d69a668ecdfe5ff9dfb68,0x08d816526bdc9d077dd685bd9fa49f58a5ab8e48,150000000000000000000,Inverse DAO,INV,18,22,2642618,79000000000,1320947,2903379,deprecated,0x6a761202,"execTransaction(address to, uint256 value, bytes data, uint8 operation, uint256 safeTxGas, uint256 baseGas, uint256 gasPrice, address gasToken, address refundReceiver, bytes signatures)",13085167
11976372,1614921656,0x489f1e374362c1ee3e219d383a03ce66230b1fab4e6aecf81459dbf93580cd00,43,0xfcb52e3e985a71df3e2c5b2027c010c1bfdb00cfe104480148ee51b4780cee1b,0x926df14a23be491164dcf93f4c468a50ef659d5b,0x41d5d79431a913c4ae7d69a668ecdfe5ff9dfb68,0x23b43ce86e9cd75a362e24e3daf788c5a72e900f,300000000000000000000,Inverse DAO,INV,18,22,2642618,79000000000,1320947,2903379,deprecated,0x6a761202,"execTransaction(address to, uint256 value, bytes data, uint8 operation, uint256 safeTxGas, uint256 baseGas, uint256 gasPrice, address gasToken, address refundReceiver, bytes signatures)",13085167
11976372,1614921656,0x489f1e374362c1ee3e219d383a03ce66230b1fab4e6aecf81459dbf93580cd00,43,0xfcb52e3e985a71df3e2c5b2027c010c1bfdb00cfe104480148ee51b4780cee1b,0x926df14a23be491164dcf93f4c468a50ef659d5b,0x41d5d79431a913c4ae7d69a668ecdfe5ff9dfb68,0xfb3d9310f0a659f450634d509846dc291d977917,50000000000000000000,Inverse DAO,INV,18,22,2642618,79000000000,1320947,2903379,deprecated,0x6a761202,"execTransaction(address to, uint256 value, bytes data, uint8 operation, uint256 safeTxGas, uint256 baseGas, uint256 gasPrice, address gasToken, address refundReceiver, bytes signatures)",13085167
11976372,1614921656,0x489f1e374362c1ee3e219d383a03ce66230b1fab4e6aecf81459dbf93580cd00,43,0xfcb52e3e985a71df3e2c5b2027c010c1bfdb00cfe104480148ee51b4780cee1b,0x926df14a23be491164dcf93f4c468a50ef659d5b,0x41d5d79431a913c4ae7d69a668ecdfe5ff9dfb68,0x2f80e5163a7a774038753593010173322ea6f9fe,50000000000000000000,Inverse DAO,INV,18,22,2642618,79000000000,1320947,2903379,deprecated,0x6a761202,"execTransaction(address to, uint256 value, bytes data, uint8 operation, uint256 safeTxGas, uint256 baseGas, uint256 gasPrice, address gasToken, address refundReceiver, bytes signatures)",13085167
11976372,1614921656,0x489f1e374362c1ee3e219d383a03ce66230b1fab4e6aecf81459dbf93580cd00,43,0xfcb52e3e985a71df3e2c5b2027c010c1bfdb00cfe104480148ee51b4780cee1b,0x926df14a23be491164dcf93f4c468a50ef659d5b,0x41d5d79431a913c4ae7d69a668ecdfe5ff9dfb68,0xfe97b38192cb30add0bbe5e01e6a617562cc8318,50000000000000000000,Inverse DAO,INV,18,22,2642618,79000000000,1320947,2903379,deprecated,0x6a761202,"execTransaction(address to, uint256 value, bytes data, uint8 operation, uint256 safeTxGas, uint256 baseGas, uint256 gasPrice, address gasToken, address refundReceiver, bytes signatures)",13085167
11976372,1614921656,0x489f1e374362c1ee3e219d383a03ce66230b1fab4e6aecf81459dbf93580cd00,43,0xfcb52e3e985a71df3e2c5b2027c010c1bfdb00cfe104480148ee51b4780cee1b,0x926df14a23be491164dcf93f4c468a50ef659d5b,0x41d5d79431a913c4ae7d69a668ecdfe5ff9dfb68,0x724f321c4efed5e3c7cca40168610c258c82d02f,75000000000000000000,Inverse DAO,INV,18,22,2642618,79000000000,1320947,2903379,deprecated,0x6a761202,"execTransaction(address to, uint256 value, bytes data, uint8 operation, uint256 safeTxGas, uint256 baseGas, uint256 gasPrice, address gasToken, address refundReceiver, bytes signatures)",13085167
11976372,1614921656,0x489f1e374362c1ee3e219d383a03ce66230b1fab4e6aecf81459dbf93580cd00,43,0xfcb52e3e985a71df3e2c5b2027c010c1bfdb00cfe104480148ee51b4780cee1b,0x926df14a23be491164dcf93f4c468a50ef659d5b,0x41d5d79431a913c4ae7d69a668ecdfe5ff9dfb68,0x7165ac4008c3603afe432787419eb61b3a2cee8b,75000000000000000000,Inverse DAO,INV,18,22,2642618,79000000000,1320947,2903379,deprecated,0x6a761202,"execTransaction(address to, uint256 value, bytes data, uint8 operation, uint256 safeTxGas, uint256 baseGas, uint256 gasPrice, address gasToken, address refundReceiver, bytes signatures)",13085167
11976372,1614921656,0x489f1e374362c1ee3e219d383a03ce66230b1fab4e6aecf81459dbf93580cd00,43,0xfcb52e3e985a71df3e2c5b2027c010c1bfdb00cfe104480148ee51b4780cee1b,0x926df14a23be491164dcf93f4c468a50ef659d5b,0x41d5d79431a913c4ae7d69a668ecdfe5ff9dfb68,0x7705e47bd6eb6dc5a11aa1839639f3dc6e1a6eaf,50000000000000000000,Inverse DAO,INV,18,22,2642618,79000000000,1320947,2903379,deprecated,0x6a761202,"execTransaction(address to, uint256 value, bytes data, uint8 operation, uint256 safeTxGas, uint256 baseGas, uint256 gasPrice, address gasToken, address refundReceiver, bytes signatures)",13085167
11976372,1614921656,0x489f1e374362c1ee3e219d383a03ce66230b1fab4e6aecf81459dbf93580cd00,43,0xfcb52e3e985a71df3e2c5b2027c010c1bfdb00cfe104480148ee51b4780cee1b,0x926df14a23be491164dcf93f4c468a50ef659d5b,0x41d5d79431a913c4ae7d69a668ecdfe5ff9dfb68,0x00a5af2d7da07df76073a6f478f0fb4942d2659a,50000000000000000000,Inverse DAO,INV,18,22,2642618,79000000000,1320947,2903379,deprecated,0x6a761202,"execTransaction(address to, uint256 value, bytes data, uint8 operation, uint256 safeTxGas, uint256 baseGas, uint256 gasPrice, address gasToken, address refundReceiver, bytes signatures)",13085167
11976372,1614921656,0x489f1e374362c1ee3e219d383a03ce66230b1fab4e6aecf81459dbf93580cd00,43,0xfcb52e3e985a71df3e2c5b2027c010c1bfdb00cfe104480148ee51b4780cee1b,0x926df14a23be491164dcf93f4c468a50ef659d5b,0x41d5d79431a913c4ae7d69a668ecdfe5ff9dfb68,0xb12bc4a0c497f1c3baee7031c5bfd119ecc0c906,50000000000000000000,Inverse DAO,INV,18,22,2642618,79000000000,1320947,2903379,deprecated,0x6a761202,"execTransaction(address to, uint256 value, bytes data, uint8 operation, uint256 safeTxGas, uint256 baseGas, uint256 gasPrice, address gasToken, address refundReceiver, bytes signatures)",13085167
11976372,1614921656,0x489f1e374362c1ee3e219d383a03ce66230b1fab4e6aecf81459dbf93580cd00,43,0xfcb52e3e985a71df3e2c5b2027c010c1bfdb00cfe104480148ee51b4780cee1b,0x926df14a23be491164dcf93f4c468a50ef659d5b,0x41d5d79431a913c4ae7d69a668ecdfe5ff9dfb68,0x575f5b61d3e5a011080a0df0865b81f2352db83b,50000000000000000000,Inverse DAO,INV,18,22,2642618,79000000000,1320947,2903379,deprecated,0x6a761202,"execTransaction(address to, uint256 value, bytes data, uint8 operation, uint256 safeTxGas, uint256 baseGas, uint256 gasPrice, address gasToken, address refundReceiver, bytes signatures)",13085167
11976372,1614921656,0x489f1e374362c1ee3e219d383a03ce66230b1fab4e6aecf81459dbf93580cd00,43,0xfcb52e3e985a71df3e2c5b2027c010c1bfdb00cfe104480148ee51b4780cee1b,0x926df14a23be491164dcf93f4c468a50ef659d5b,0x41d5d79431a913c4ae7d69a668ecdfe5ff9dfb68,0x509acd024654930dab87d03a28768f756481c035,50000000000000000000,Inverse DAO,INV,18,22,2642618,79000000000,1320947,2903379,deprecated,0x6a761202,"execTransaction(address to, uint256 value, bytes data, uint8 operation, uint256 safeTxGas, uint256 baseGas, uint256 gasPrice, address gasToken, address refundReceiver, bytes signatures)",13085167
11976372,1614921656,0x489f1e374362c1ee3e219d383a03ce66230b1fab4e6aecf81459dbf93580cd00,43,0xfcb52e3e985a71df3e2c5b2027c010c1bfdb00cfe104480148ee51b4780cee1b,0x926df14a23be491164dcf93f4c468a50ef659d5b,0x41d5d79431a913c4ae7d69a668ecdfe5ff9dfb68,0x072938db4dd5c5f25b77d11fbecdb35a0f14e022,25000000000000000000,Inverse DAO,INV,18,22,2642618,79000000000,1320947,2903379,deprecated,0x6a761202,"execTransaction(address to, uint256 value, bytes data, uint8 operation, uint256 safeTxGas, uint256 baseGas, uint256 gasPrice, address gasToken, address refundReceiver, bytes signatures)",13085167
11976372,1614921656,0x489f1e374362c1ee3e219d383a03ce66230b1fab4e6aecf81459dbf93580cd00,43,0xfcb52e3e985a71df3e2c5b2027c010c1bfdb00cfe104480148ee51b4780cee1b,0x926df14a23be491164dcf93f4c468a50ef659d5b,0x41d5d79431a913c4ae7d69a668ecdfe5ff9dfb68,0x4db09171350be4f317a67223825abecc65482e32,25000000000000000000,Inverse DAO,INV,18,22,2642618,79000000000,1320947,2903379,deprecated,0x6a761202,"execTransaction(address to, uint256 value, bytes data, uint8 operation, uint256 safeTxGas, uint256 baseGas, uint256 gasPrice, address gasToken, address refundReceiver, bytes signatures)",13085167
11976372,1614921656,0x489f1e374362c1ee3e219d383a03ce66230b1fab4e6aecf81459dbf93580cd00,43,0xfcb52e3e985a71df3e2c5b2027c010c1bfdb00cfe104480148ee51b4780cee1b,0x926df14a23be491164dcf93f4c468a50ef659d5b,0x41d5d79431a913c4ae7d69a668ecdfe5ff9dfb68,0x3fcb35a1cbfb6007f9bc638d388958bc4550cb28,25000000000000000000,Inverse DAO,INV,18,22,2642618,79000000000,1320947,2903379,deprecated,0x6a761202,"execTransaction(address to, uint256 value, bytes data, uint8 operation, uint256 safeTxGas, uint256 baseGas, uint256 gasPrice, address gasToken, address refundReceiver, bytes signatures)",13085167
11976372,1614921656,0x489f1e374362c1ee3e219d383a03ce66230b1fab4e6aecf81459dbf93580cd00,43,0xfcb52e3e985a71df3e2c5b2027c010c1bfdb00cfe104480148ee51b4780cee1b,0x926df14a23be491164dcf93f4c468a50ef659d5b,0x41d5d79431a913c4ae7d69a668ecdfe5ff9dfb68,0x570593b70a96b4100ea68c7be9153c0e872bd305,80000000000000000000,Inverse DAO,INV,18,22,2642618,79000000000,1320947,2903379,deprecated,0x6a761202,"execTransaction(address to, uint256 value, bytes data, uint8 operation, uint256 safeTxGas, uint256 baseGas, uint256 gasPrice, address gasToken, address refundReceiver, bytes signatures)",13085167
11976372,1614921656,0x489f1e374362c1ee3e219d383a03ce66230b1fab4e6aecf81459dbf93580cd00,43,0xfcb52e3e985a71df3e2c5b2027c010c1bfdb00cfe104480148ee51b4780cee1b,0x926df14a23be491164dcf93f4c468a50ef659d5b,0x41d5d79431a913c4ae7d69a668ecdfe5ff9dfb68,0xdd79dc5b781b14ff091686961adc5d47e434f4b0,80000000000000000000,Inverse DAO,INV,18,22,2642618,79000000000,1320947,2903379,deprecated,0x6a761202,"execTransaction(address to, uint256 value, bytes data, uint8 operation, uint256 safeTxGas, uint256 baseGas, uint256 gasPrice, address gasToken, address refundReceiver, bytes signatures)",13085167
11976372,1614921656,0x489f1e374362c1ee3e219d383a03ce66230b1fab4e6aecf81459dbf93580cd00,43,0xfcb52e3e985a71df3e2c5b2027c010c1bfdb00cfe104480148ee51b4780cee1b,0x926df14a23be491164dcf93f4c468a50ef659d5b,0x41d5d79431a913c4ae7d69a668ecdfe5ff9dfb68,0x750c31d2290c456fcca1c659b6add80e7a88f881,80000000000000000000,Inverse DAO,INV,18,22,2642618,79000000000,1320947,2903379,deprecated,0x6a761202,"execTransaction(address to, uint256 value, bytes data, uint8 operation, uint256 safeTxGas, uint256 baseGas, uint256 gasPrice, address gasToken, address refundReceiver, bytes signatures)",13085167
11976372,1614921656,0x489f1e374362c1ee3e219d383a03ce66230b1fab4e6aecf81459dbf93580cd00,43,0xfcb52e3e985a71df3e2c5b2027c010c1bfdb00cfe104480148ee51b4780cee1b,0x926df14a23be491164dcf93f4c468a50ef659d5b,0x41d5d79431a913c4ae7d69a668ecdfe5ff9dfb68,0xa01d36363472134e7d6c89c0b2d9348cba296ddb,80000000000000000000,Inverse DAO,INV,18,22,2642618,79000000000,1320947,2903379,deprecated,0x6a761202,"execTransaction(address to, uint256 value, bytes data, uint8 operation, uint256 safeTxGas, uint256 baseGas, uint256 gasPrice, address gasToken, address refundReceiver, bytes signatures)",13085167
11976464,1614922640,0xc9982a45462916689d59624c471580bb5176f20288162ae4dbd78be6f0240cdb,137,0x2dc26b64afcf3b9e6443f157ce19748c321bf162ff0f1f96148b7b82693d9251,0x5c1245f9db3f8f7fe1208cb82325ea88fc11fe89,0x41d5d79431a913c4ae7d69a668ecdfe5ff9dfb68,0x814a19b98a84ec9f72b7609a24cc6cd35a2d0b9e,128089533373143269,Inverse DAO,INV,18,164,107811,95000000000,92811,10568351,deprecated,0x3d18b912,getReward(),13085075
11976494,1614922994,0x4f16e706ea7a89a879e1e95f7a24725662d02d8e180792e85d29a83249d09ee2,12,0x3a64f8003609fcef06ae015116fa2c9e50c80e93f940d58713fd6dab509704ba,0x5c1245f9db3f8f7fe1208cb82325ea88fc11fe89,0x41d5d79431a913c4ae7d69a668ecdfe5ff9dfb68,0x453b066cf2c2ea2fe4cc794e5be643f98959079d,216011445891742886,Inverse DAO,INV,18,205,122811,93000000000,103611,6907354,deprecated,0x3d18b912,getReward(),13085045
11976496,1614923016,0x5e9757ce428b0582b905b5bdd196d3a7293517049482fa8ade9b7c26d7c3f16c,2982,0x8db8b6b79d5b83bdc9ee7679774d8fda1372fe12a076b6ccfa26b7a11cb252f4,0xc93678ec2b974a7ae280341cefeb85984a29fff7,0x41d5d79431a913c4ae7d69a668ecdfe5ff9dfb68,0x73e02eaab68a41ea63bdae9dbd4b7678827b2352,10000000000000000000,Inverse DAO,INV,18,18,3058542,150000000000,2740132,3514741,deprecated,0xf305d719,"addLiquidityETH(address token, uint256 amountTokenDesired, uint256 amountTokenMin, uint256 amountETHMin, address to, uint256 deadline)",13085043
11976496,1614923016,0xafdc6981c14d19d67728fa12e61dedcfa8ef769c35fbebdd5ddf5e93c8ebe399,15,0x8db8b6b79d5b83bdc9ee7679774d8fda1372fe12a076b6ccfa26b7a11cb252f4,0x73e02eaab68a41ea63bdae9dbd4b7678827b2352,0x41d5d79431a913c4ae7d69a668ecdfe5ff9dfb68,0xc57372be5fbbab467db48d2b3d0d5bc6449c125a,7513187641296156744,Inverse DAO,INV,18,19,400345,150000000000,131481,3646222,deprecated,0xa40103d4,"swap(uint256 amountIn, address[] path, address to)",13085043
11976497,1614923052,0xcca1a9a6ca0ad21783f94ce813950dd4ce726095f6c9d1b661d5931dda274067,10288,0xc906e67f26f6c854329e5d8f91e09deaca2d1269c2bf224f589181f823d49721,0x73e02eaab68a41ea63bdae9dbd4b7678827b2352,0x41d5d79431a913c4ae7d69a668ecdfe5ff9dfb68,0x00000000e8b06d9bf77ba40fc89e4eaa4f225e5c,269858019202098762,Inverse DAO,INV,18,6,236344,200001000000,153363,493675,deprecated,0xae47bea8,,13085042
11976497,1614923052,0x9d27347f09d6d47fcab092f6fbdbf6d5f42e78aee33306469a24d669da892412,138,0xc906e67f26f6c854329e5d8f91e09deaca2d1269c2bf224f589181f823d49721,0x73e02eaab68a41ea63bdae9dbd4b7678827b2352,0x41d5d79431a913c4ae7d69a668ecdfe5ff9dfb68,0xba55bdbf959df826da6c35487eb15fad2164662d,887892823960654535,Inverse DAO,INV,18,8,158314,200000000000,118448,725030,deprecated,0x7ff36ab5,"swapExactETHForTokens(uint256 amountOutMin, address[] path, address to, uint256 deadline)",13085042
11976497,1614923052,0x8848a49fdfbf435d0834e9aec1f4597cf6808cdca6c62ee28eb90fb632406b45,10289,0xc906e67f26f6c854329e5d8f91e09deaca2d1269c2bf224f589181f823d49721,0x00000000e8b06d9bf77ba40fc89e4eaa4f225e5c,0x41d5d79431a913c4ae7d69a668ecdfe5ff9dfb68,0x73e02eaab68a41ea63bdae9dbd4b7678827b2352,269858019202098761,Inverse DAO,INV,18,10,500000,200000000000,107852,861735,deprecated,0x1846eac5,,13085042
11976497,1614923052,0x3bcefe50301eb1b758ae454e44984c6753e3958b83f1b958f9ec0282a1dfbae2,1812,0xc906e67f26f6c854329e5d8f91e09deaca2d1269c2bf224f589181f823d49721,0xcf5d2df906a4456ccdf863a4abea7adbb7598888,0x41d5d79431a913c4ae7d69a668ecdfe5ff9dfb68,0x3c2b600bc5bbba74b2b9edf5e9f12e72240266e1,80000000000000000000,Inverse DAO,INV,18,12,168000,190000000000,76318,1127676,deprecated,0xa9059cbb,"transfer(address _to, uint256 _value)",13085042
11976498,1614923114,0xde8b823fdac9f22b14a6a2a850adda924c857585f22d76d9ccab960c1421d76b,1309,0x6cdc312522d783a2ecd27fb4c1f0c7e911b9591806da1150d9e31010dbc1e2ae,0x73e02eaab68a41ea63bdae9dbd4b7678827b2352,0x41d5d79431a913c4ae7d69a668ecdfe5ff9dfb68,0x777b47c594014b5f109e00d71eb56dd886cb951b,73378077020928604,Inverse DAO,INV,18,28,158287,130000000000,130440,1541955,deprecated,0x7ff36ab5,"swapExactETHForTokens(uint256 amountOutMin, address[] path, address to, uint256 deadline)",13085041
11976498,1614923114,0xc794adb3a5bbb876028b9a6ee1dd0e6d3294eb12e922638dd01013fadc562cde,4725,0x6cdc312522d783a2ecd27fb4c1f0c7e911b9591806da1150d9e31010dbc1e2ae,0x5c1245f9db3f8f7fe1208cb82325ea88fc11fe89,0x41d5d79431a913c4ae7d69a668ecdfe5ff9dfb68,0x1407c9d09d1603a9a5b806a0c00f4d3734df15e0,389266223980862462,Inverse DAO,INV,18,67,106809,109000000000,91809,3191475,deprecated,0x3d18b912,getReward(),13085041
11976500,1614923147,0x5191c8cd61ae7e24fba34a8905f2a6f28fb3e57fb68d1d401de066aa5f24e388,3273,0x2e750a54954e4e714236b15ea2158fc6209c5b4f93998fb408b0b47d1d9d9ba5,0xf7476db5b717ac661c027e684456115ab1e728c3,0x41d5d79431a913c4ae7d69a668ecdfe5ff9dfb68,0x73e02eaab68a41ea63bdae9dbd4b7678827b2352,1000000000000000000,Inverse DAO,INV,18,2,250000,188000000000,161170,293945,deprecated,0x18cbafe5,"swapExactTokensForETH(uint256 amountIn, uint256 amountOutMin, address[] path, address to, uint256 deadline)",13085039
11976500,1614923147,0xc75502617dbae513c85ad809bd06ebb324f32d8ca933895d113da96510582e55,1223,0x2e750a54954e4e714236b15ea2158fc6209c5b4f93998fb408b0b47d1d9d9ba5,0x73e02eaab68a41ea63bdae9dbd4b7678827b2352,0x41d5d79431a913c4ae7d69a668ecdfe5ff9dfb68,0x66e84d8c06d77ff7dd4fbdf8a05fa96aaf8e872c,178109490870218367,Inverse DAO,INV,18,51,158301,105600000000,118436,4263077,deprecated,0x7ff36ab5,"swapExactETHForTokens(uint256 amountOutMin, address[] path, address to, uint256 deadline)",13085039
11976501,1614923158,0x5c371f8d5157ebb9e0d3d72aea217d5e360da4d286f3cc899c67c69ffac97721,46465,0xbfe8cbae8f718b523c3dcededc38e125f230f61f01b34d08a75628500f3edec5,0x73e02eaab68a41ea63bdae9dbd4b7678827b2352,0x41d5d79431a913c4ae7d69a668ecdfe5ff9dfb68,0x0555bdebc3429585b4594285a76f853725a49532,1056141815393440752,Inverse DAO,INV,18,3,238760,500000000088,99979,382440,deprecated,0x6a80c33f,,13085038
11976501,1614923158,0x167ccae8bb00a42831377713cfb6b51b50ec78e8200cdd32571718f97773a7ed,140,0xbfe8cbae8f718b523c3dcededc38e125f230f61f01b34d08a75628500f3edec5,0x73e02eaab68a41ea63bdae9dbd4b7678827b2352,0x41d5d79431a913c4ae7d69a668ecdfe5ff9dfb68,0xba55bdbf959df826da6c35487eb15fad2164662d,209505125681878732,Inverse DAO,INV,18,4,154980,500000000000,103448,485888,deprecated,0x7ff36ab5,"swapExactETHForTokens(uint256 amountOutMin, address[] path, address to, uint256 deadline)",13085038
11976501,1614923158,0x999b2fa383e836bb65b115423191328c76769f19ad021c333d5f21bda013b4cd,46466,0xbfe8cbae8f718b523c3dcededc38e125f230f61f01b34d08a75628500f3edec5,0x0555bdebc3429585b4594285a76f853725a49532,0x41d5d79431a913c4ae7d69a668ecdfe5ff9dfb68,0x73e02eaab68a41ea63bdae9dbd4b7678827b2352,1056141815393440752,Inverse DAO,INV,18,5,249243,500000000000,95448,581336,deprecated,0xc23e1a21,,13085038
11976501,1614923158,0x512ecacc7b07005fb082d416663c69e4a6aec25cefb7d3a4b954dfb2c340efae,22,0xbfe8cbae8f718b523c3dcededc38e125f230f61f01b34d08a75628500f3edec5,0x73e02eaab68a41ea63bdae9dbd4b7678827b2352,0x41d5d79431a913c4ae7d69a668ecdfe5ff9dfb68,0xeba2413ad5b6993ac78d4aab95b6974cfdf40639,344375120183699336,Inverse DAO,INV,18,17,171741,150000000000,118448,1238152,deprecated,0x7ff36ab5,"swapExactETHForTokens(uint256 amountOutMin, address[] path, address to, uint256 deadline)",13085038
11976501,1614923158,0x100c2a5f8fedaf07ff86f5997609905552cf5c26652212e7c77750448be8e3be,398,0xbfe8cbae8f718b523c3dcededc38e125f230f61f01b34d08a75628500f3edec5,0x73e02eaab68a41ea63bdae9dbd4b7678827b2352,0x41d5d79431a913c4ae7d69a668ecdfe5ff9dfb68,0xf9d3102d5154fbf4e5f37a6e325d476f7dddc37a,248719481949890944,Inverse DAO,INV,18,104,158314,112000000000,118448,4877472,deprecated,0x7ff36ab5,"swapExactETHForTokens(uint256 amountOutMin, address[] path, address to, uint256 deadline)",13085038
11976501,1614923158,0xf52ce367fa991a30b473c305704debc742ce2ecb75de08c793c30fde8f31296f,770,0xbfe8cbae8f718b523c3dcededc38e125f230f61f01b34d08a75628500f3edec5,0x8b0c8c18993a31f57e60d81761f532ef14633153,0x41d5d79431a913c4ae7d69a668ecdfe5ff9dfb68,0xb268c1c44a349d06a42cf24988162dadc48d839e,169000000000000000000,Inverse DAO,INV,18,110,3031485,112000000000,2719710,7810377,deprecated,0xe8e33700,"addLiquidity(address tokenA, address tokenB, uint256 amountADesired, uint256 amountBDesired, uint256 amountAMin, uint256 amountBMin, address to, uint256 deadline)",13085038
11976501,1614923158,0x87f7addbba25970118894cd6ce7530a9d931f93b3be2df897503552786e345b6,1620,0xbfe8cbae8f718b523c3dcededc38e125f230f61f01b34d08a75628500f3edec5,0xb268c1c44a349d06a42cf24988162dadc48d839e,0x41d5d79431a913c4ae7d69a668ecdfe5ff9dfb68,0x73e02eaab68a41ea63bdae9dbd4b7678827b2352,4910013574683329180,Inverse DAO,INV,18,111,608135,112000000000,246876,8057253,deprecated,0xfaebafa8,,13085038
11976502,1614923185,0xf1275f7230e5031945dd1fb9ff1eb0bac328900c5b8287e5df2e21edcec5bdd1,4159,0xb3ab78d8913f3a095d0089df663d87a490f09bfef6ffbc523b90d4ea1cdeaff5,0x73e02eaab68a41ea63bdae9dbd4b7678827b2352,0x41d5d79431a913c4ae7d69a668ecdfe5ff9dfb68,0x5be10f3434bc1ac6c0a34f86da39ea0095392f21,1795128014423928618,Inverse DAO,INV,18,90,158301,108000000000,130452,4918553,deprecated,0x7ff36ab5,"swapExactETHForTokens(uint256 amountOutMin, address[] path, address to, uint256 deadline)",13085037
11976502,1614923185,0xfd3ff2b8c36f130203de063b0501c8b38769bdd2b21b96d076756e0679e2b250,17809,0xb3ab78d8913f3a095d0089df663d87a490f09bfef6ffbc523b90d4ea1cdeaff5,0xb268c1c44a349d06a42cf24988162dadc48d839e,0x41d5d79431a913c4ae7d69a668ecdfe5ff9dfb68,0x860bd2dba9cd475a61e6d1b45e16c365f6d78f66,2794160459935594336,Inverse DAO,INV,18,92,567150,108000000000,307750,5338836,deprecated,0xc89e4361,delegate(),13085037
11976502,1614923185,0xfd3ff2b8c36f130203de063b0501c8b38769bdd2b21b96d076756e0679e2b250,17809,0xb3ab78d8913f3a095d0089df663d87a490f09bfef6ffbc523b90d4ea1cdeaff5,0x860bd2dba9cd475a61e6d1b45e16c365f6d78f66,0x41d5d79431a913c4ae7d69a668ecdfe5ff9dfb68,0x73e02eaab68a41ea63bdae9dbd4b7678827b2352,2794160459935594336,Inverse DAO,INV,18,92,567150,108000000000,307750,5338836,deprecated,0xc89e4361,delegate(),13085037
11976502,1614923185,0x84bfae96346a9fb5de32a0ca927fda8ff2f5b02b8b12f78863e4fffc326f4398,399,0xb3ab78d8913f3a095d0089df663d87a490f09bfef6ffbc523b90d4ea1cdeaff5,0x73e02eaab68a41ea63bdae9dbd4b7678827b2352,0x41d5d79431a913c4ae7d69a668ecdfe5ff9dfb68,0xf9d3102d5154fbf4e5f37a6e325d476f7dddc37a,2291902875088003473,Inverse DAO,INV,18,104,158314,106000000000,103448,6129824,deprecated,0x7ff36ab5,"swapExactETHForTokens(uint256 amountOutMin, address[] path, address to, uint256 deadline)",13085037
11976502,1614923185,0x82060418cef13189a50930f7487abd0cbf7667790c3a6c013e6a62eff6cabf2f,20097,0xb3ab78d8913f3a095d0089df663d87a490f09bfef6ffbc523b90d4ea1cdeaff5,0xb268c1c44a349d06a42cf24988162dadc48d839e,0x41d5d79431a913c4ae7d69a668ecdfe5ff9dfb68,0x860bd2dba9cd475a61e6d1b45e16c365f6d78f66,2700278549916302261,Inverse DAO,INV,18,105,567150,106000000000,253718,6383542,deprecated,0xc89e4361,delegate(),13085037
11976502,1614923185,0x82060418cef13189a50930f7487abd0cbf7667790c3a6c013e6a62eff6cabf2f,20097,0xb3ab78d8913f3a095d0089df663d87a490f09bfef6ffbc523b90d4ea1cdeaff5,0x860bd2dba9cd475a61e6d1b45e16c365f6d78f66,0x41d5d79431a913c4ae7d69a668ecdfe5ff9dfb68,0x73e02eaab68a41ea63bdae9dbd4b7678827b2352,2700278549916302261,Inverse DAO,INV,18,105,567150,106000000000,253718,6383542,deprecated,0xc89e4361,delegate(),13085037
11976503,1614923207,0x275c2d69ae8e4e2f4ff33583a3b5fae733d8c57d683a2e1ad4dc5d95aee37cfd,112,0x75f9411d3a564ab83d465bd0c1b1592fbcbb0064b82b3473d80bae9f85921756,0x73e02eaab68a41ea63bdae9dbd4b7678827b2352,0x41d5d79431a913c4ae7d69a668ecdfe5ff9dfb68,0x5f298691ee8606100cce28586d282180d18ffff5,2101499725582399277,Inverse DAO,INV,18,161,330014,99000000000,301624,10348545,deprecated,0x38ed1739,"swapExactTokensForTokens(uint256 amountIn, uint256 amountOutMin, address[] path, address to, uint256 deadline)",13085036
11976503,1614923207,0x9efc81ae89712a7a2645a4eff892eb6a937a434819df9b4c7cbdc330f16c32ce,2131,0x75f9411d3a564ab83d465bd0c1b1592fbcbb0064b82b3473d80bae9f85921756,0x5c1245f9db3f8f7fe1208cb82325ea88fc11fe89,0x41d5d79431a913c4ae7d69a668ecdfe5ff9dfb68,0x792d8cde8624fd02185328b426a0b9e9b8a1a25f,1063724868936721176,Inverse DAO,INV,18,164,121868,99000000000,94150,10648729,deprecated,0x3d18b912,getReward(),13085036
11976503,1614923207,0x98529964285218c5f531c8dedd5a3f5942cb8a251d31d566e661ef3e838dcbbf,55,0x75f9411d3a564ab83d465bd0c1b1592fbcbb0064b82b3473d80bae9f85921756,0x73e02eaab68a41ea63bdae9dbd4b7678827b2352,0x41d5d79431a913c4ae7d69a668ecdfe5ff9dfb68,0x7a766f2af737f6712c4dd49f0a9ab35a8f8cab2c,1468727584677726869,Inverse DAO,INV,18,191,158314,96000000000,118448,12030590,deprecated,0x7ff36ab5,"swapExactETHForTokens(uint256 amountOutMin, address[] path, address to, uint256 deadline)",13085036
11976506,1614923230,0xd6b57b74f1ffcb79daad9539c56aea110fca590c4d54b5912efaadf70a66322b,3956,0xa9acd4af3c440dac318f5fb3df73d6633b49e1371640b5e8355d4fb87cccdf83,0xb268c1c44a349d06a42cf24988162dadc48d839e,0x41d5d79431a913c4ae7d69a668ecdfe5ff9dfb68,0x73e02eaab68a41ea63bdae9dbd4b7678827b2352,2614970901673179938,Inverse DAO,INV,18,2,454546,130000010000,148425,210646,deprecated,0x67424255,,13085033
11976506,1614923230,0x823810dab15b1a6a7d2a4901acc3d2e725c4917664d338629b7535c2acb97c21,398,0xa9acd4af3c440dac318f5fb3df73d6633b49e1371640b5e8355d4fb87cccdf83,0x73e02eaab68a41ea63bdae9dbd4b7678827b2352,0x41d5d79431a913c4ae7d69a668ecdfe5ff9dfb68,0x57d6687da7fb9bc1e7f141fbfabc49b6c40740b6,1538818046274441418,Inverse DAO,INV,18,76,158314,90200001604,118448,4096572,deprecated,0x7ff36ab5,"swapExactETHForTokens(uint256 amountOutMin, address[] path, address to, uint256 deadline)",13085033
11976506,1614923230,0x1e4ae9a18712c2d8d80ddae9d69e2d7c470225dc35fb7bab78452248ecdc2027,506,0xa9acd4af3c440dac318f5fb3df73d6633b49e1371640b5e8355d4fb87cccdf83,0x73e02eaab68a41ea63bdae9dbd4b7678827b2352,0x41d5d79431a913c4ae7d69a668ecdfe5ff9dfb68,0xe5d2f68665a8f8d21b6188d1e455f4e14db6a469,537730229164456281,Inverse DAO,INV,18,79,171728,90200001604,118436,4307602,deprecated,0x7ff36ab5,"swapExactETHForTokens(uint256 amountOutMin, address[] path, address to, uint256 deadline)",13085033
11976506,1614923230,0x7369b18d6635c8ab7d6142feaa76b038ae9da185caadd84cd1b548693868f7c6,114,0xa9acd4af3c440dac318f5fb3df73d6633b49e1371640b5e8355d4fb87cccdf83,0x73e02eaab68a41ea63bdae9dbd4b7678827b2352,0x41d5d79431a913c4ae7d69a668ecdfe5ff9dfb68,0xb94be5cdf97401560507792e92c3a29102e5457f,1074599640556847752,Inverse DAO,INV,18,165,158314,89000000000,118448,10204984,deprecated,0x7ff36ab5,"swapExactETHForTokens(uint256 amountOutMin, address[] path, address to, uint256 deadline)",13085033
11976507,1614923231,0x81f72fe32fd9e20e2a2fef292d187f2cd24be9dd9e14710a773148b97573a857,6241,0x230942ec985be4a36dcb1ff6455f5cbf53f732de6e6f023b0858a46728e972b1,0xb268c1c44a349d06a42cf24988162dadc48d839e,0x41d5d79431a913c4ae7d69a668ecdfe5ff9dfb68,0x860bd2dba9cd475a61e6d1b45e16c365f6d78f66,4329613713940042099,Inverse DAO,INV,18,64,537150,97900000001,289766,3510717,deprecated,0xc89e4361,delegate(),13085032
11976507,1614923231,0x81f72fe32fd9e20e2a2fef292d187f2cd24be9dd9e14710a773148b97573a857,6241,0x230942ec985be4a36dcb1ff6455f5cbf53f732de6e6f023b0858a46728e972b1,0x860bd2dba9cd475a61e6d1b45e16c365f6d78f66,0x41d5d79431a913c4ae7d69a668ecdfe5ff9dfb68,0x73e02eaab68a41ea63bdae9dbd4b7678827b2352,4329613713940042099,Inverse DAO,INV,18,64,537150,97900000001,289766,3510717,deprecated,0xc89e4361,delegate(),13085032
11976508,1614923237,0x9bf78640b4818d7328b3e66dd9c1a2db0b85c759825f2e8a108299606aefe0c1,141,0xe610015efa25c0e7b38c1647466f6418bb3336bdf0f1350343356660f11951b4,0x73e02eaab68a41ea63bdae9dbd4b7678827b2352,0x41d5d79431a913c4ae7d69a668ecdfe5ff9dfb68,0xba55bdbf959df826da6c35487eb15fad2164662d,4401138131222324614,Inverse DAO,INV,18,1,154980,500000000000,115464,167812,deprecated,0x7ff36ab5,"swapExactETHForTokens(uint256 amountOutMin, address[] path, address to, uint256 deadline)",13085031
11976508,1614923237,0x4b3cb0909acf0948c634c554c54cb7f6bcf0b6483ecae6ff32a2f87c49c898d8,1433,0xe610015efa25c0e7b38c1647466f6418bb3336bdf0f1350343356660f11951b4,0xb268c1c44a349d06a42cf24988162dadc48d839e,0x41d5d79431a913c4ae7d69a668ecdfe5ff9dfb68,0x73e02eaab68a41ea63bdae9dbd4b7678827b2352,4107945680773702220,Inverse DAO,INV,18,2,608135,500000000000,258892,426704,deprecated,0xfaebafa8,,13085031
11976508,1614923237,0xbc00a8005e13db22011de51ea60c6d553265445bab400dbabf99bcb78856d341,146,0xe610015efa25c0e7b38c1647466f6418bb3336bdf0f1350343356660f11951b4,0xbc5f25bd319fa1655a61225838a07b57b0c0bf01,0x41d5d79431a913c4ae7d69a668ecdfe5ff9dfb68,0x8ef7b8aaf394db29d5f8dc421ad2f6df59f7cfda,1008400000000000000,Inverse DAO,INV,18,27,136959,98000000000,91306,1750035,deprecated,0xa9059cbb,"transfer(address _to, uint256 _value)",13085031
11976508,1614923237,0xd634f1735d1a75494330b4a34063453a1dd0ebba2f7ccd640072b4b5a1722656,712,0xe610015efa25c0e7b38c1647466f6418bb3336bdf0f1350343356660f11951b4,0x73e02eaab68a41ea63bdae9dbd4b7678827b2352,0x41d5d79431a913c4ae7d69a668ecdfe5ff9dfb68,0x4129b4337d5a2f7278a02ff15bb1e4e548d8ee60,1454556740687527592,Inverse DAO,INV,18,56,158314,84370001765,118448,4676079,deprecated,0x7ff36ab5,"swapExactETHForTokens(uint256 amountOutMin, address[] path, address to, uint256 deadline)",13085031
11976508,1614923237,0xf299e471b38a078f105c5b767e7993aa27b850783154554b191b1a6d1d105312,303,0xe610015efa25c0e7b38c1647466f6418bb3336bdf0f1350343356660f11951b4,0x73e02eaab68a41ea63bdae9dbd4b7678827b2352,0x41d5d79431a913c4ae7d69a668ecdfe5ff9dfb68,0x450cf20323733ea1ba31357cc129bd7da188cc68,996471853700514542,Inverse DAO,INV,18,88,158314,84000000000,118448,6846871,deprecated,0x7ff36ab5,"swapExactETHForTokens(uint256 amountOutMin, address[] path, address to, uint256 deadline)",13085031
11976508,1614923237,0xef35f27f5673430303c2640fd02bd6b66c38243d15b1348e47ae87691bbb6b4f,39,0xe610015efa25c0e7b38c1647466f6418bb3336bdf0f1350343356660f11951b4,0x73e02eaab68a41ea63bdae9dbd4b7678827b2352,0x41d5d79431a913c4ae7d69a668ecdfe5ff9dfb68,0x82a6783106410e6e255ea6482aac7bc2688d1e01,725400549663177861,Inverse DAO,INV,18,106,158314,84000000000,118448,8381591,deprecated,0x7ff36ab5,"swapExactETHForTokens(uint256 amountOutMin, address[] path, address to, uint256 deadline)",13085031
11976509,1614923239,0x8ee4dfecd71f7077b1e857054c9fa32515b3ac4efc34194ac8fe1d34c23659a3,1311,0xf18ce1f4684206fa79ae3209ea1c926d8a8ed7718032735ebb368b62f0aa7f5e,0x73e02eaab68a41ea63bdae9dbd4b7678827b2352,0x41d5d79431a913c4ae7d69a668ecdfe5ff9dfb68,0x777b47c594014b5f109e00d71eb56dd886cb951b,180631554548518433,Inverse DAO,INV,18,73,141539,102300000000,115452,4337594,deprecated,0x7ff36ab5,"swapExactETHForTokens(uint256 amountOutMin, address[] path, address to, uint256 deadline)",13085030
11976509,1614923239,0xbb0c5833c7f38ca647c5fc49be7425c40122cb0f20e4b66785f7ceb1fc65c4bf,18308,0xf18ce1f4684206fa79ae3209ea1c926d8a8ed7718032735ebb368b62f0aa7f5e,0xb268c1c44a349d06a42cf24988162dadc48d839e,0x41d5d79431a913c4ae7d69a668ecdfe5ff9dfb68,0x860bd2dba9cd475a61e6d1b45e16c365f6d78f66,2261246811709646305,Inverse DAO,INV,18,74,537150,102300000000,277750,4615344,deprecated,0xc89e4361,delegate(),13085030
11976509,1614923239,0xbb0c5833c7f38ca647c5fc49be7425c40122cb0f20e4b66785f7ceb1fc65c4bf,18308,0xf18ce1f4684206fa79ae3209ea1c926d8a8ed7718032735ebb368b62f0aa7f5e,0x860bd2dba9cd475a61e6d1b45e16c365f6d78f66,0x41d5d79431a913c4ae7d69a668ecdfe5ff9dfb68,0x73e02eaab68a41ea63bdae9dbd4b7678827b2352,2261246811709646305,Inverse DAO,INV,18,74,537150,102300000000,277750,4615344,deprecated,0xc89e4361,delegate(),13085030
11976509,1614923239,0x5701e4d0e0fa5cfcd635f0bb2e6daa1ace81dd41766031e6d7a9c2daff237e35,10,0xf18ce1f4684206fa79ae3209ea1c926d8a8ed7718032735ebb368b62f0aa7f5e,0x63c8522708695b250e1f457526b1da18908145c3,0x41d5d79431a913c4ae7d69a668ecdfe5ff9dfb68,0x6d93c267c666376a63b74eea941bfa744c5379cd,80000000000000000000,Inverse DAO,INV,18,128,136977,95000000000,76318,7833938,deprecated,0xa9059cbb,"transfer(address _to, uint256 _value)",13085030
11976510,1614923250,0x5067dc56881cdd9bc63f86efee9acdb535a342296171bd9dac82f02f7957fbd2,212,0x9360f431cbcfebbf50255665d434f87c45fd7fb821da7d2b37b88ec45c5a285c,0x73e02eaab68a41ea63bdae9dbd4b7678827b2352,0x41d5d79431a913c4ae7d69a668ecdfe5ff9dfb68,0x5eb366650afc512bf8b8b4ecc0e012e93651a34e,776041643131347992,Inverse DAO,INV,18,121,158314,82000001459,130464,10848989,deprecated,0x7ff36ab5,"swapExactETHForTokens(uint256 amountOutMin, address[] path, address to, uint256 deadline)",13085029
11976510,1614923250,0xa02ca1e1e7a52bb6f6ba53a36e97a5c6a4eba3f0c9ff0cec256d7bade01a6126,168,0x9360f431cbcfebbf50255665d434f87c45fd7fb821da7d2b37b88ec45c5a285c,0x73e02eaab68a41ea63bdae9dbd4b7678827b2352,0x41d5d79431a913c4ae7d69a668ecdfe5ff9dfb68,0xa796ffb463a89cc390a9bbe442cd2c56496f05ca,117333215002105528,Inverse DAO,INV,18,138,158301,82000001459,118436,12347232,deprecated,0x7ff36ab5,"swapExactETHForTokens(uint256 amountOutMin, address[] path, address to, uint256 deadline)",13085029
11976511,1614923254,0x6944ee002914b57ee40044969f880b2c6ae85055e4a4e73dcef71a769928c2d2,38,0xff8e60ed558b5c8c7863a77f8632c55d8bd9004b3a05d14e2eb47153de9e69fc,0x73e02eaab68a41ea63bdae9dbd4b7678827b2352,0x41d5d79431a913c4ae7d69a668ecdfe5ff9dfb68,0x8d35689ee77fb533ccb2ca561d61fc9dd8507f6b,1243267337460886260,Inverse DAO,INV,18,47,158314,82000001459,130464,4016951,deprecated,0x7ff36ab5,"swapExactETHForTokens(uint256 amountOutMin, address[] path, address to, uint256 deadline)",13085028
11976511,1614923254,0xfdf83d772d1f1a7abd65c7282d8ea4def52041dbc24c7f808287359b7a6ebe5c,395,0xff8e60ed558b5c8c7863a77f8632c55d8bd9004b3a05d14e2eb47153de9e69fc,0x73e02eaab68a41ea63bdae9dbd4b7678827b2352,0x41d5d79431a913c4ae7d69a668ecdfe5ff9dfb68,0xc309342fa70f965f9f55323a0d5b921d4033165f,538159252594660316,Inverse DAO,INV,18,78,158301,82000001459,118436,6952767,deprecated,0x7ff36ab5,"swapExactETHForTokens(uint256 amountOutMin, address[] path, address to, uint256 deadline)",13085028
11976513,1614923262,0xae4d0557123e70a2271792299ded087795872220dabf8b5833ed7fce3a84ef7e,3957,0xafb9c0c2ca361c9961cbe3282b6c6e69c7c149f5e4c6b33b4b200d6e445fc41d,0xb268c1c44a349d06a42cf24988162dadc48d839e,0x41d5d79431a913c4ae7d69a668ecdfe5ff9dfb68,0x73e02eaab68a41ea63bdae9dbd4b7678827b2352,2364212338130610754,Inverse DAO,INV,18,41,472570,575000011500,151770,1371684,deprecated,0x67424255,,13085026
11976513,1614923262,0x05262b0d0f6db4e6e226b8a85319b7abaa5970ec1d0c2e676cd0a3ce31d8d4ed,142,0xafb9c0c2ca361c9961cbe3282b6c6e69c7c149f5e4c6b33b4b200d6e445fc41d,0x73e02eaab68a41ea63bdae9dbd4b7678827b2352,0x41d5d79431a913c4ae7d69a668ecdfe5ff9dfb68,0xba55bdbf959df826da6c35487eb15fad2164662d,3086780163462126747,Inverse DAO,INV,18,45,154980,500000000000,103448,1630645,deprecated,0x7ff36ab5,"swapExactETHForTokens(uint256 amountOutMin, address[] path, address to, uint256 deadline)",13085026
11976513,1614923262,0x71fd6c5b2621ec8bf4104289f3b226682792932f8e6067c572ae61f5d8cc9da5,1386,0xafb9c0c2ca361c9961cbe3282b6c6e69c7c149f5e4c6b33b4b200d6e445fc41d,0xb268c1c44a349d06a42cf24988162dadc48d839e,0x41d5d79431a913c4ae7d69a668ecdfe5ff9dfb68,0x73e02eaab68a41ea63bdae9dbd4b7678827b2352,3679317584819199346,Inverse DAO,INV,18,46,608135,500000000000,234860,1865505,deprecated,0xfaebafa8,,13085026
11976513,1614923262,0x43fb16100d345fe90750f936584123954c0bb5a9b446c7a1eb0c018a7489285e,4727,0xafb9c0c2ca361c9961cbe3282b6c6e69c7c149f5e4c6b33b4b200d6e445fc41d,0x73e02eaab68a41ea63bdae9dbd4b7678827b2352,0x41d5d79431a913c4ae7d69a668ecdfe5ff9dfb68,0x1407c9d09d1603a9a5b806a0c00f4d3734df15e0,2000000000000000000,Inverse DAO,INV,18,52,163599,150000000000,111427,2117435,deprecated,0xfb3bdb41,"swapETHForExactTokens(uint256 amountOut, address[] path, address to, uint256 deadline)",13085026
11976513,1614923262,0xa0145ec8f4fd876ae8c709981db3914c06cd5ce0fe2f04df961a81edd351e04a,4520,0xafb9c0c2ca361c9961cbe3282b6c6e69c7c149f5e4c6b33b4b200d6e445fc41d,0x9e353fbdc3ec7290290bda31a8001cb609858adf,0x41d5d79431a913c4ae7d69a668ecdfe5ff9dfb68,0x73e02eaab68a41ea63bdae9dbd4b7678827b2352,2000000000000000000,Inverse DAO,INV,18,73,205084,122000000000,149142,3095164,deprecated,0x18cbafe5,"swapExactTokensForETH(uint256 amountIn, uint256 amountOutMin, address[] path, address to, uint256 deadline)",13085026
11976513,1614923262,0xb93db70004abbd12c2e6334f3f2ffd0bf292383666394ecf80aca330a7b4882e,575,0xafb9c0c2ca361c9961cbe3282b6c6e69c7c149f5e4c6b33b4b200d6e445fc41d,0x73e02eaab68a41ea63bdae9dbd4b7678827b2352,0x41d5d79431a913c4ae7d69a668ecdfe5ff9dfb68,0xc6e1dfff01ecfc22a0a79d366f80f0338645f50c,272941926776832702,Inverse DAO,INV,18,117,158314,103000000000,118448,6305467,deprecated,0x7ff36ab5,"swapExactETHForTokens(uint256 amountOutMin, address[] path, address to, uint256 deadline)",13085026
11976513,1614923262,0x3cc2556c6019560408feff27a91c2ed8aa5cb64533bb78683f3d21e24efac89c,19,0xafb9c0c2ca361c9961cbe3282b6c6e69c7c149f5e4c6b33b4b200d6e445fc41d,0x9565e59c7da95bac3bb5132f1c172739205dc189,0x41d5d79431a913c4ae7d69a668ecdfe5ff9dfb68,0xb78faab3fc6ab3691aaddf94847ca53481e6410e,80000000000000000000,Inverse DAO,INV,18,205,100000,99000000000,26826,11242406,deprecated,0xa9059cbb,"transfer(address _to, uint256 _value)",13085026
11976513,1614923262,0x40cbba1cdf30d9f9777ccb07e3b181388bc04758f1cf82d82b106dd0ddc6e162,147,0xafb9c0c2ca361c9961cbe3282b6c6e69c7c149f5e4c6b33b4b200d6e445fc41d,0xbc5f25bd319fa1655a61225838a07b57b0c0bf01,0x41d5d79431a913c4ae7d69a668ecdfe5ff9dfb68,0xbc7f1b0aac567bd64f63114df5c98f8ec7a52c4b,1680670000000000000,Inverse DAO,INV,18,210,136977,98000000000,91318,11542192,deprecated,0xa9059cbb,"transfer(address _to, uint256 _value)",13085026
11976513,1614923262,0x9086be30b5209a9755f229929640774cb807097e55c2e7e36d3fd3529ca6e201,138,0xafb9c0c2ca361c9961cbe3282b6c6e69c7c149f5e4c6b33b4b200d6e445fc41d,0x73e02eaab68a41ea63bdae9dbd4b7678827b2352,0x41d5d79431a913c4ae7d69a668ecdfe5ff9dfb68,0x814a19b98a84ec9f72b7609a24cc6cd35a2d0b9e,1885126020328835878,Inverse DAO,INV,18,221,154980,96000000000,103448,11982964,deprecated,0x7ff36ab5,"swapExactETHForTokens(uint256 amountOutMin, address[] path, address to, uint256 deadline)",13085026
11976514,1614923281,0x1b5eed8eb1298db57f02d925b032f3057152b0b05f86bd7fa381b3d757242e7a,66877,0x1758d7b94d3c1d2b1a22f012d89263c13ac9a13f95ac48eed95b3ada9983adce,0xb268c1c44a349d06a42cf24988162dadc48d839e,0x41d5d79431a913c4ae7d69a668ecdfe5ff9dfb68,0x860bd2dba9cd475a61e6d1b45e16c365f6d78f66,2636829185012147847,Inverse DAO,INV,18,11,537150,96000000000,289766,1208719,deprecated,0xc89e4361,delegate(),13085025
11976514,1614923281,0x1b5eed8eb1298db57f02d925b032f3057152b0b05f86bd7fa381b3d757242e7a,66877,0x1758d7b94d3c1d2b1a22f012d89263c13ac9a13f95ac48eed95b3ada9983adce,0x860bd2dba9cd475a61e6d1b45e16c365f6d78f66,0x41d5d79431a913c4ae7d69a668ecdfe5ff9dfb68,0x73e02eaab68a41ea63bdae9dbd4b7678827b2352,2636829185012147847,Inverse DAO,INV,18,11,537150,96000000000,289766,1208719,deprecated,0xc89e4361,delegate(),13085025
11976515,1614923284,0x2facd78e4e6c68f19906cd249a9c8b5aaaefaf14a4d95558e441cf240084113a,719,0xf9917307757d76574150d86a0cfc97b0195a1cde962e12008d974ae49d5a7486,0x73e02eaab68a41ea63bdae9dbd4b7678827b2352,0x41d5d79431a913c4ae7d69a668ecdfe5ff9dfb68,0xcf1e4c0455e69c3a82c2344648be76c72dbcda06,1329894019445178268,Inverse DAO,INV,18,22,171741,98000000000,130464,1989996,deprecated,0x7ff36ab5,"swapExactETHForTokens(uint256 amountOutMin, address[] path, address to, uint256 deadline)",13085024
11976516,1614923287,0xf443da96cc64753052be4eddc0b8ab81d0cc0434174a4a56691449429a24944b,148,0xffb194edda4013e9eedb4bf374da71d35b06d26807d1eb1e32184c9a8201c656,0xbc5f25bd319fa1655a61225838a07b57b0c0bf01,0x41d5d79431a913c4ae7d69a668ecdfe5ff9dfb68,0x505180b5570ef6e607aa42db4b67b5e7a8253c5c,8403361345000000000,Inverse DAO,INV,18,10,102901,98000000000,91318,685377,deprecated,0xa9059cbb,"transfer(address _to, uint256 _value)",13085023
11976517,1614923295,0xf7d0bee4a303d93fead97812767704d5a4e0676f6316e1dd7c82805a0f458ad8,143,0xf51171610523b0a7a043aab3195e50b6e6e383bd147d953418d82eded4fd8a4c,0x73e02eaab68a41ea63bdae9dbd4b7678827b2352,0x41d5d79431a913c4ae7d69a668ecdfe5ff9dfb68,0xba55bdbf959df826da6c35487eb15fad2164662d,2887404130750378133,Inverse DAO,INV,18,5,141552,500000000000,115464,335052,deprecated,0x7ff36ab5,"swapExactETHForTokens(uint256 amountOutMin, address[] path, address to, uint256 deadline)",13085022
11976517,1614923295,0xd3df7db0156334a5e397719cb1fd4bb26fac42cd84337ca86efd9001c5b3e99f,3358,0xf51171610523b0a7a043aab3195e50b6e6e383bd147d953418d82eded4fd8a4c,0xb268c1c44a349d06a42cf24988162dadc48d839e,0x41d5d79431a913c4ae7d69a668ecdfe5ff9dfb68,0x73e02eaab68a41ea63bdae9dbd4b7678827b2352,3174463067079136488,Inverse DAO,INV,18,6,608135,500000000000,258892,593944,deprecated,0xfaebafa8,,13085022
11976517,1614923295,0xe14cc45bca5f2116e0c1b8b09f60ffbdfadc10497fc6b55907f8cb860a95f157,144,0xf51171610523b0a7a043aab3195e50b6e6e383bd147d953418d82eded4fd8a4c,0x73e02eaab68a41ea63bdae9dbd4b7678827b2352,0x41d5d79431a913c4ae7d69a668ecdfe5ff9dfb68,0xba55bdbf959df826da6c35487eb15fad2164662d,3091289110518087166,Inverse DAO,INV,18,9,154980,500000000000,103448,790292,deprecated,0x7ff36ab5,"swapExactETHForTokens(uint256 amountOutMin, address[] path, address to, uint256 deadline)",13085022
11976517,1614923295,0xc6d26ba68200a407d19f00daeb6d7d09b09db81aec930d4e76df38659b8ad67e,11183,0xf51171610523b0a7a043aab3195e50b6e6e383bd147d953418d82eded4fd8a4c,0xb268c1c44a349d06a42cf24988162dadc48d839e,0x41d5d79431a913c4ae7d69a668ecdfe5ff9dfb68,0x860bd2dba9cd475a61e6d1b45e16c365f6d78f66,3551369411798659730,Inverse DAO,INV,18,16,537150,202110000000,253718,1459940,deprecated,0xc89e4361,delegate(),13085022
11976517,1614923295,0xc6d26ba68200a407d19f00daeb6d7d09b09db81aec930d4e76df38659b8ad67e,11183,0xf51171610523b0a7a043aab3195e50b6e6e383bd147d953418d82eded4fd8a4c,0x860bd2dba9cd475a61e6d1b45e16c365f6d78f66,0x41d5d79431a913c4ae7d69a668ecdfe5ff9dfb68,0x73e02eaab68a41ea63bdae9dbd4b7678827b2352,3551369411798659730,Inverse DAO,INV,18,16,537150,202110000000,253718,1459940,deprecated,0xc89e4361,delegate(),13085022
11976517,1614923295,0x19d97462706af7ae89fadf6afec346e9628977c06e9c0a604d98cbb763036fdd,10,0xf51171610523b0a7a043aab3195e50b6e6e383bd147d953418d82eded4fd8a4c,0x73e02eaab68a41ea63bdae9dbd4b7678827b2352,0x41d5d79431a913c4ae7d69a668ecdfe5ff9dfb68,0xfbca6ff656ec9f79e2dbed5b5e4a7ce51ce9cdb7,1734724955420723702,Inverse DAO,INV,18,25,243563,155000000000,201005,1929060,deprecated,0x5c11d795,"swapExactTokensForTokensSupportingFeeOnTransferTokens(uint256 amountIn, uint256 amountOutMin, address[] path, address to, uint256 deadline)",13085022
11976517,1614923295,0xb7ddefe8cc2858b2df6928794adf0b4dbdfb937b5117b249e2c0c831eebac31c,1312,0xf51171610523b0a7a043aab3195e50b6e6e383bd147d953418d82eded4fd8a4c,0x73e02eaab68a41ea63bdae9dbd4b7678827b2352,0x41d5d79431a913c4ae7d69a668ecdfe5ff9dfb68,0x777b47c594014b5f109e00d71eb56dd886cb951b,254009631569447037,Inverse DAO,INV,18,85,150395,120000000000,111439,5026493,deprecated,0xfb3bdb41,"swapETHForExactTokens(uint256 amountOut, address[] path, address to, uint256 deadline)",13085022
11976518,1614923334,0xa3886fb6afe6c5ff26be981d027147d396ad7ab0c146979a4ec9b432f71ed214,321,0x4c37554484f22351a4bb470b3779d04e8cb813edac8d66e4eff37a52ea87e286,0x73e02eaab68a41ea63bdae9dbd4b7678827b2352,0x41d5d79431a913c4ae7d69a668ecdfe5ff9dfb68,0x2399c77ff6fa7d0d182fc75769e47619ef86fe0c,427356010949007882,Inverse DAO,INV,18,215,206190,98000000000,189057,12393802,deprecated,0x38ed1739,"swapExactTokensForTokens(uint256 amountIn, uint256 amountOutMin, address[] path, address to, uint256 deadline)",13085021
11976519,1614923349,0xdbafb4bb846900eaf6e60981dd7f8f73ee4e8320ac849c9a711bd165d08912d0,4521,0xe800665bed4b587a07720eedda373412e2421d5b8a1e04df0c254d0778636036,0x9e353fbdc3ec7290290bda31a8001cb609858adf,0x41d5d79431a913c4ae7d69a668ecdfe5ff9dfb68,0x73e02eaab68a41ea63bdae9dbd4b7678827b2352,2000000000000000000,Inverse DAO,INV,18,20,191866,122000000000,161158,940557,deprecated,0x18cbafe5,"swapExactTokensForETH(uint256 amountIn, uint256 amountOutMin, address[] path, address to, uint256 deadline)",13085020
11976519,1614923349,0x012e42a52d4c9b1beb71f3a2d0565b08acffa55cdf9691db642998348f9086c2,139,0xe800665bed4b587a07720eedda373412e2421d5b8a1e04df0c254d0778636036,0x73e02eaab68a41ea63bdae9dbd4b7678827b2352,0x41d5d79431a913c4ae7d69a668ecdfe5ff9dfb68,0x814a19b98a84ec9f72b7609a24cc6cd35a2d0b9e,1753659472603018201,Inverse DAO,INV,18,135,141552,96000000000,103448,6754723,deprecated,0x7ff36ab5,"swapExactETHForTokens(uint256 amountOutMin, address[] path, address to, uint256 deadline)",13085020
11976520,1614923359,0x5e7fed8c52a413a92e38f2c8bbe738886f88d4b52b869350816d007c1749ff1c,76133,0x98ce0a641fdd550dad590af38619e54a75657da51e47fd3bcf606c8c3258dcde,0xb268c1c44a349d06a42cf24988162dadc48d839e,0x41d5d79431a913c4ae7d69a668ecdfe5ff9dfb68,0x860bd2dba9cd475a61e6d1b45e16c365f6d78f66,2294139176845429826,Inverse DAO,INV,18,34,537150,91000000047,289766,5310730,deprecated,0xc89e4361,delegate(),13085019
11976520,1614923359,0x5e7fed8c52a413a92e38f2c8bbe738886f88d4b52b869350816d007c1749ff1c,76133,0x98ce0a641fdd550dad590af38619e54a75657da51e47fd3bcf606c8c3258dcde,0x860bd2dba9cd475a61e6d1b45e16c365f6d78f66,0x41d5d79431a913c4ae7d69a668ecdfe5ff9dfb68,0x73e02eaab68a41ea63bdae9dbd4b7678827b2352,2294139176845429826,Inverse DAO,INV,18,34,537150,91000000047,289766,5310730,deprecated,0xc89e4361,delegate(),13085019
11976520,1614923359,0x7202f862a076213a8e26fd996bb24f76aba0fa50d23d70d0c86ea8610ae4b498,231,0x98ce0a641fdd550dad590af38619e54a75657da51e47fd3bcf606c8c3258dcde,0x73e02eaab68a41ea63bdae9dbd4b7678827b2352,0x41d5d79431a913c4ae7d69a668ecdfe5ff9dfb68,0x04bc7e3786fa9c3b0da75a033f28110dcca54557,1487214073159979060,Inverse DAO,INV,18,42,207289,91000000000,178040,6170265,deprecated,0x38ed1739,"swapExactTokensForTokens(uint256 amountIn, uint256 amountOutMin, address[] path, address to, uint256 deadline)",13085019
11976521,1614923365,0x8f44febd08c8520f8d740060f235c4545bbc4c1bb7bc51f5f9d3a7e89751bad2,46475,0x4759ddc535bbe9f50c5f5fb3e353a9b331d16cecdd659f33daaa46b71ad8a089,0x73e02eaab68a41ea63bdae9dbd4b7678827b2352,0x41d5d79431a913c4ae7d69a668ecdfe5ff9dfb68,0x0555bdebc3429585b4594285a76f853725a49532,1001776068161750776,Inverse DAO,INV,18,5,325501,500043437033,99979,407320,deprecated,0x6a80c33f,,13085018
11976521,1614923365,0xb43b9a597b4bece2f68bbe342c2be4c140969b7df9543bc8ee47698525b62de3,145,0x4759ddc535bbe9f50c5f5fb3e353a9b331d16cecdd659f33daaa46b71ad8a089,0x73e02eaab68a41ea63bdae9dbd4b7678827b2352,0x41d5d79431a913c4ae7d69a668ecdfe5ff9dfb68,0xba55bdbf959df826da6c35487eb15fad2164662d,1774572307617974366,Inverse DAO,INV,18,6,141552,500000000000,103448,510768,deprecated,0x7ff36ab5,"swapExactETHForTokens(uint256 amountOutMin, address[] path, address to, uint256 deadline)",13085018
11976521,1614923365,0xd23250fbf7ef162defdce4aba807d6043cd0db3ca160b93e6aa700d925577075,1608,0x4759ddc535bbe9f50c5f5fb3e353a9b331d16cecdd659f33daaa46b71ad8a089,0xb268c1c44a349d06a42cf24988162dadc48d839e,0x41d5d79431a913c4ae7d69a668ecdfe5ff9dfb68,0x73e02eaab68a41ea63bdae9dbd4b7678827b2352,2566517418089097836,Inverse DAO,INV,18,7,608135,500000000000,258892,769660,deprecated,0xfaebafa8,,13085018
11976521,1614923365,0x5fc7f347de5569ffead4a8909f37adb9e587f57afee31e1583d028f392ebc045,151,0x4759ddc535bbe9f50c5f5fb3e353a9b331d16cecdd659f33daaa46b71ad8a089,0x73e02eaab68a41ea63bdae9dbd4b7678827b2352,0x41d5d79431a913c4ae7d69a668ecdfe5ff9dfb68,0xdf15ffcedeb8595395e5af55088c70d69a002158,500000000000000000,Inverse DAO,INV,18,10,202702,391000000000,173870,1023119,deprecated,0x8803dbee,"swapTokensForExactTokens(uint256 amountOut, uint256 amountInMax, address[] path, address to, uint256 deadline)",13085018
11976521,1614923365,0x1bbc33c475f03157c4e8a9e986fee8b7858261c208a26378d2e2a411aa04aa02,269,0x4759ddc535bbe9f50c5f5fb3e353a9b331d16cecdd659f33daaa46b71ad8a089,0x73e02eaab68a41ea63bdae9dbd4b7678827b2352,0x41d5d79431a913c4ae7d69a668ecdfe5ff9dfb68,0x3146360820657d9989241a37633b19d2a763992a,2782117761245095479,Inverse DAO,INV,18,26,164296,130000000000,125960,1724696,deprecated,0xb6f9de95,"swapExactETHForTokensSupportingFeeOnTransferTokens(uint256 amountOutMin, address[] path, address to, uint256 deadline)",13085018
11976521,1614923365,0x608e84fac94dfea151130069b261239a0e94b00eeff51b925f76bf30af8640d5,11184,0x4759ddc535bbe9f50c5f5fb3e353a9b331d16cecdd659f33daaa46b71ad8a089,0xb268c1c44a349d06a42cf24988162dadc48d839e,0x41d5d79431a913c4ae7d69a668ecdfe5ff9dfb68,0x860bd2dba9cd475a61e6d1b45e16c365f6d78f66,3119042578899084483,Inverse DAO,INV,18,27,537150,130000000000,253718,1978414,deprecated,0xc89e4361,delegate(),13085018
11976521,1614923365,0x608e84fac94dfea151130069b261239a0e94b00eeff51b925f76bf30af8640d5,11184,0x4759ddc535bbe9f50c5f5fb3e353a9b331d16cecdd659f33daaa46b71ad8a089,0x860bd2dba9cd475a61e6d1b45e16c365f6d78f66,0x41d5d79431a913c4ae7d69a668ecdfe5ff9dfb68,0x73e02eaab68a41ea63bdae9dbd4b7678827b2352,3119042578899084483,Inverse DAO,INV,18,27,537150,130000000000,253718,1978414,deprecated,0xc89e4361,delegate(),13085018
11976521,1614923365,0x80214f984aeba8eeeb5f1beff40e5c66f70d0a888661a65d5a4c76d452f202c3,25,0x4759ddc535bbe9f50c5f5fb3e353a9b331d16cecdd659f33daaa46b71ad8a089,0x73e02eaab68a41ea63bdae9dbd4b7678827b2352,0x41d5d79431a913c4ae7d69a668ecdfe5ff9dfb68,0xbfef2378b84e04f7174f82c9e3d462c27361bd6f,2000000000000000000,Inverse DAO,INV,18,110,206247,105600000000,177093,5313374,deprecated,0x8803dbee,"swapTokensForExactTokens(uint256 amountOut, uint256 amountInMax, address[] path, address to, uint256 deadline)",13085018
11976521,1614923365,0x2db0193df03e706d46f727807499e135a9f865a44dfd0f0c8e3ff6c670759f67,3285,0x4759ddc535bbe9f50c5f5fb3e353a9b331d16cecdd659f33daaa46b71ad8a089,0xb268c1c44a349d06a42cf24988162dadc48d839e,0x41d5d79431a913c4ae7d69a668ecdfe5ff9dfb68,0x73e02eaab68a41ea63bdae9dbd4b7678827b2352,1959191323559344052,Inverse DAO,INV,18,111,608135,105600000000,234860,5548234,deprecated,0xfaebafa8,,13085018
11976521,1614923365,0x06e91cf2637b25dd7d90267398df122333e045513145e6ab02f7d1ddf841814f,56,0x4759ddc535bbe9f50c5f5fb3e353a9b331d16cecdd659f33daaa46b71ad8a089,0x73e02eaab68a41ea63bdae9dbd4b7678827b2352,0x41d5d79431a913c4ae7d69a668ecdfe5ff9dfb68,0xef8e26bcc5f0d49eabad131974bd2d4ed3782835,647096616516286260,Inverse DAO,INV,18,147,158314,102000000000,118448,9027405,deprecated,0x7ff36ab5,"swapExactETHForTokens(uint256 amountOutMin, address[] path, address to, uint256 deadline)",13085018
11976521,1614923365,0xec594c4b81776693bd028aeb89d8b2fd8264f8a3573f77fb0b835be985c718f4,46476,0x4759ddc535bbe9f50c5f5fb3e353a9b331d16cecdd659f33daaa46b71ad8a089,0x0555bdebc3429585b4594285a76f853725a49532,0x41d5d79431a913c4ae7d69a668ecdfe5ff9dfb68,0x73e02eaab68a41ea63bdae9dbd4b7678827b2352,1001776068161750776,Inverse DAO,INV,18,151,249243,102000000000,95448,9247744,deprecated,0xc23e1a21,,13085018
11976521,1614923365,0x37ca2ba4713f37c4e435036ae07da9738a764f355cbb2d49f0e6591190edb3d8,1062,0x4759ddc535bbe9f50c5f5fb3e353a9b331d16cecdd659f33daaa46b71ad8a089,0x73e02eaab68a41ea63bdae9dbd4b7678827b2352,0x41d5d79431a913c4ae7d69a668ecdfe5ff9dfb68,0xea5ab2c244da9b77a631d5fd3bb99c8afd3a5d0b,200000000000000000,Inverse DAO,INV,18,173,180099,102000000000,126427,10461368,deprecated,0xfb3bdb41,"swapETHForExactTokens(uint256 amountOut, address[] path, address to, uint256 deadline)",13085018
11976521,1614923365,0xeec74ee591b9cfb61abdb08128f8e9ae93b742d250cb33c4d8c6bb87489c5d7d,140,0x4759ddc535bbe9f50c5f5fb3e353a9b331d16cecdd659f33daaa46b71ad8a089,0x73e02eaab68a41ea63bdae9dbd4b7678827b2352,0x41d5d79431a913c4ae7d69a668ecdfe5ff9dfb68,0x814a19b98a84ec9f72b7609a24cc6cd35a2d0b9e,1209918097290528547,Inverse DAO,INV,18,177,141539,102000000000,103436,10721091,deprecated,0x7ff36ab5,"swapExactETHForTokens(uint256 amountOutMin, address[] path, address to, uint256 deadline)",13085018
11976521,1614923365,0x5674897f5fb2729cfe6e381659f5589688b67ce9c61198c40b6dfbf225e7a079,653,0x4759ddc535bbe9f50c5f5fb3e353a9b331d16cecdd659f33daaa46b71ad8a089,0xb268c1c44a349d06a42cf24988162dadc48d839e,0x41d5d79431a913c4ae7d69a668ecdfe5ff9dfb68,0x8efd9addd8de6a4e64664d1893dec51f8c3339e9,5591957337080757173,Inverse DAO,INV,18,211,151256,100000000000,130925,12404495,deprecated,0x38ed1739,"swapExactTokensForTokens(uint256 amountIn, uint256 amountOutMin, address[] path, address to, uint256 deadline)",13085018
11976522,1614923391,0xcaefb84f6b0608351ab4e60f7104f50d2bc5a822823ddd6f4ba2ccc36a617e28,76134,0xb9f48886a03e1191d2385b141b7839ebd91d2a07dd656bb9a6451c2d39f5c831,0xb268c1c44a349d06a42cf24988162dadc48d839e,0x41d5d79431a913c4ae7d69a668ecdfe5ff9dfb68,0x860bd2dba9cd475a61e6d1b45e16c365f6d78f66,1780647997392385815,Inverse DAO,INV,18,2,537150,150000000000,289766,339668,deprecated,0xc89e4361,delegate(),13085017
11976522,1614923391,0xcaefb84f6b0608351ab4e60f7104f50d2bc5a822823ddd6f4ba2ccc36a617e28,76134,0xb9f48886a03e1191d2385b141b7839ebd91d2a07dd656bb9a6451c2d39f5c831,0x860bd2dba9cd475a61e6d1b45e16c365f6d78f66,0x41d5d79431a913c4ae7d69a668ecdfe5ff9dfb68,0x73e02eaab68a41ea63bdae9dbd4b7678827b2352,1780647997392385815,Inverse DAO,INV,18,2,537150,150000000000,289766,339668,deprecated,0xc89e4361,delegate(),13085017
11976522,1614923391,0x0bb46937bd70393ff203788d949ffd9877bfe222126c07b681cd14159fabcc92,576,0xb9f48886a03e1191d2385b141b7839ebd91d2a07dd656bb9a6451c2d39f5c831,0x73e02eaab68a41ea63bdae9dbd4b7678827b2352,0x41d5d79431a913c4ae7d69a668ecdfe5ff9dfb68,0xc6e1dfff01ecfc22a0a79d366f80f0338645f50c,827491835881919715,Inverse DAO,INV,18,29,141552,100000000000,103448,2323096,deprecated,0x7ff36ab5,"swapExactETHForTokens(uint256 amountOutMin, address[] path, address to, uint256 deadline)",13085017
11976522,1614923391,0xe7a0e752f3f6d5b6c05afdb37db0b421e28e536c4dde6eeed8d73111332371a6,713,0xb9f48886a03e1191d2385b141b7839ebd91d2a07dd656bb9a6451c2d39f5c831,0x73e02eaab68a41ea63bdae9dbd4b7678827b2352,0x41d5d79431a913c4ae7d69a668ecdfe5ff9dfb68,0x4129b4337d5a2f7278a02ff15bb1e4e548d8ee60,621345488579070133,Inverse DAO,INV,18,30,141552,100000000000,103448,2426544,deprecated,0x7ff36ab5,"swapExactETHForTokens(uint256 amountOutMin, address[] path, address to, uint256 deadline)",13085017
11976522,1614923391,0xdacd896aebf5e25ccaaeb5a9ce0fd0ab09cf4cf3f1ea6dceb3ca1fd9645b7ffa,66,0xb9f48886a03e1191d2385b141b7839ebd91d2a07dd656bb9a6451c2d39f5c831,0x73e02eaab68a41ea63bdae9dbd4b7678827b2352,0x41d5d79431a913c4ae7d69a668ecdfe5ff9dfb68,0x3958204d1ed33d6cce8e22f0a2212199492c34b9,340738382439908248,Inverse DAO,INV,18,56,206190,97000000000,189057,5644091,deprecated,0x38ed1739,"swapExactTokensForTokens(uint256 amountIn, uint256 amountOutMin, address[] path, address to, uint256 deadline)",13085017
11976522,1614923391,0x66c5a9bc695dc94ff5a7fa9e50a422a45d722a7d71eef6395fdeea566289828e,654,0xb9f48886a03e1191d2385b141b7839ebd91d2a07dd656bb9a6451c2d39f5c831,0x6c07102ae2cd93f9fef2d9e9022ea3c96368c3f4,0x41d5d79431a913c4ae7d69a668ecdfe5ff9dfb68,0x4ef5b4375021f35f3f935dbd0d0b8838a8044875,80000000000000000000,Inverse DAO,INV,18,130,136977,92000000000,76318,11774866,deprecated,0xa9059cbb,"transfer(address _to, uint256 _value)",13085017
11976523,1614923397,0xbc132b1ac473d618a25747995fcb83cde497b6dc6dbe3c81dca1b98f9448a6b9,22070,0x197bacdc6e82fe772120b22e09336879a4900e6bf8ee552e9f9f70ae8a1e3755,0xb268c1c44a349d06a42cf24988162dadc48d839e,0x41d5d79431a913c4ae7d69a668ecdfe5ff9dfb68,0x860bd2dba9cd475a61e6d1b45e16c365f6d78f66,1725808267618050890,Inverse DAO,INV,18,2,537150,200000000000,289766,398930,deprecated,0xc89e4361,delegate(),13085016
11976523,1614923397,0xbc132b1ac473d618a25747995fcb83cde497b6dc6dbe3c81dca1b98f9448a6b9,22070,0x197bacdc6e82fe772120b22e09336879a4900e6bf8ee552e9f9f70ae8a1e3755,0x860bd2dba9cd475a61e6d1b45e16c365f6d78f66,0x41d5d79431a913c4ae7d69a668ecdfe5ff9dfb68,0x73e02eaab68a41ea63bdae9dbd4b7678827b2352,1725808267618050890,Inverse DAO,INV,18,2,537150,200000000000,289766,398930,deprecated,0xc89e4361,delegate(),13085016
11976523,1614923397,0x3e3147673ec4985952c34f5540fb92605e55b95e6425e2407363e979a53f9c55,715,0x197bacdc6e82fe772120b22e09336879a4900e6bf8ee552e9f9f70ae8a1e3755,0x73e02eaab68a41ea63bdae9dbd4b7678827b2352,0x41d5d79431a913c4ae7d69a668ecdfe5ff9dfb68,0xe069cb01d06ba617bcdf789bf2ff0d5e5ca20c71,1419309984745855538,Inverse DAO,INV,18,3,372473,200000000000,178311,577241,deprecated,0x34b0793b,"discountedSwap(address caller,tuple desc,tuple[] calls)",13085016
11976523,1614923397,0x3e3147673ec4985952c34f5540fb92605e55b95e6425e2407363e979a53f9c55,715,0x197bacdc6e82fe772120b22e09336879a4900e6bf8ee552e9f9f70ae8a1e3755,0xe069cb01d06ba617bcdf789bf2ff0d5e5ca20c71,0x41d5d79431a913c4ae7d69a668ecdfe5ff9dfb68,0x910bf2d50fa5e014fd06666f456182d4ab7c8bd2,756861063660425721,Inverse DAO,INV,18,3,372473,200000000000,178311,577241,deprecated,0x34b0793b,"discountedSwap(address caller,tuple desc,tuple[] calls)",13085016
11976523,1614923397,0x3e3147673ec4985952c34f5540fb92605e55b95e6425e2407363e979a53f9c55,715,0x197bacdc6e82fe772120b22e09336879a4900e6bf8ee552e9f9f70ae8a1e3755,0xe069cb01d06ba617bcdf789bf2ff0d5e5ca20c71,0x41d5d79431a913c4ae7d69a668ecdfe5ff9dfb68,0x4dacd010e15e220bc6c5c3210d166505d2b6c63a,662448921085429817,Inverse DAO,INV,18,3,372473,200000000000,178311,577241,deprecated,0x34b0793b,"discountedSwap(address caller,tuple desc,tuple[] calls)",13085016
11976523,1614923397,0x7f488365166dc5a7466a0d2235eff1a73d0b355cad0f2dfbbd207be2f35f85eb,46477,0x197bacdc6e82fe772120b22e09336879a4900e6bf8ee552e9f9f70ae8a1e3755,0x73e02eaab68a41ea63bdae9dbd4b7678827b2352,0x41d5d79431a913c4ae7d69a668ecdfe5ff9dfb68,0x0555bdebc3429585b4594285a76f853725a49532,676609594989104596,Inverse DAO,INV,18,49,192301,100000000033,122129,2896713,deprecated,0x6a80c33f,,13085016
11976523,1614923397,0x255c1c5af102718b9f56f3a8e6f7d33434de80012b4d5c79820280cb54e548e1,46478,0x197bacdc6e82fe772120b22e09336879a4900e6bf8ee552e9f9f70ae8a1e3755,0x0555bdebc3429585b4594285a76f853725a49532,0x41d5d79431a913c4ae7d69a668ecdfe5ff9dfb68,0x73e02eaab68a41ea63bdae9dbd4b7678827b2352,676609594989104596,Inverse DAO,INV,18,50,249243,100000000000,95448,2992161,deprecated,0xc23e1a21,,13085016
11976524,1614923399,0x44c3938b25275feec7303e364c34e21a50f1ed70a11c6aea0fa9c6643a539f7a,17812,0x79a08409473aaf50e7f325c6a6a4904442f12b8701bc766b871ef14472cbd0d5,0xb268c1c44a349d06a42cf24988162dadc48d839e,0x41d5d79431a913c4ae7d69a668ecdfe5ff9dfb68,0x860bd2dba9cd475a61e6d1b45e16c365f6d78f66,1277471708613234975,Inverse DAO,INV,18,6,537150,91000000000,289766,564228,deprecated,0xc89e4361,delegate(),13085015
11976524,1614923399,0x44c3938b25275feec7303e364c34e21a50f1ed70a11c6aea0fa9c6643a539f7a,17812,0x79a08409473aaf50e7f325c6a6a4904442f12b8701bc766b871ef14472cbd0d5,0x860bd2dba9cd475a61e6d1b45e16c365f6d78f66,0x41d5d79431a913c4ae7d69a668ecdfe5ff9dfb68,0x73e02eaab68a41ea63bdae9dbd4b7678827b2352,1277471708613234975,Inverse DAO,INV,18,6,537150,91000000000,289766,564228,deprecated,0xc89e4361,delegate(),13085015
11976524,1614923399,0x05e5cdd3abd5ec44e2924994a188d50dfbe7980a5112675abf447501dbd04f06,4161,0x79a08409473aaf50e7f325c6a6a4904442f12b8701bc766b871ef14472cbd0d5,0x73e02eaab68a41ea63bdae9dbd4b7678827b2352,0x41d5d79431a913c4ae7d69a668ecdfe5ff9dfb68,0x5be10f3434bc1ac6c0a34f86da39ea0095392f21,220000000000000000,Inverse DAO,INV,18,31,150368,91000000000,111415,2299354,deprecated,0xfb3bdb41,"swapETHForExactTokens(uint256 amountOut, address[] path, address to, uint256 deadline)",13085015
11976524,1614923399,0x06002493cb18d1508a93b6d252b28a78991d2a77431acf48fa6074c1153570e1,235,0x79a08409473aaf50e7f325c6a6a4904442f12b8701bc766b871ef14472cbd0d5,0x73e02eaab68a41ea63bdae9dbd4b7678827b2352,0x41d5d79431a913c4ae7d69a668ecdfe5ff9dfb68,0x04bc7e3786fa9c3b0da75a033f28110dcca54557,676080473857536349,Inverse DAO,INV,18,62,177310,91000000000,163040,4594700,deprecated,0x38ed1739,"swapExactTokensForTokens(uint256 amountIn, uint256 amountOutMin, address[] path, address to, uint256 deadline)",13085015
11976524,1614923399,0x89f4064f1b4b2b1142d157a21ea94ded7c3c943eaf019d50182732f69383f33c,69,0x79a08409473aaf50e7f325c6a6a4904442f12b8701bc766b871ef14472cbd0d5,0x73e02eaab68a41ea63bdae9dbd4b7678827b2352,0x41d5d79431a913c4ae7d69a668ecdfe5ff9dfb68,0x630582773b7276ece936c93b61f4ae01d72b2bf2,295776527563082573,Inverse DAO,INV,18,68,158314,91000000000,118448,5122152,deprecated,0x7ff36ab5,"swapExactETHForTokens(uint256 amountOutMin, address[] path, address to, uint256 deadline)",13085015
11976524,1614923399,0x725c0bb039c4421128dd8ba6101e843f93d84f2e62d68cc8282d465670d0ec8e,116,0x79a08409473aaf50e7f325c6a6a4904442f12b8701bc766b871ef14472cbd0d5,0x0087a081a9b430fd8f688c6ac5dd24421bfb060d,0x41d5d79431a913c4ae7d69a668ecdfe5ff9dfb68,0x26ed7ed94d1b35fd833fe73169138e4b83760de3,80000000000000000000,Inverse DAO,INV,18,114,136977,89000000000,76318,9640557,deprecated,0xa9059cbb,"transfer(address _to, uint256 _value)",13085015
11976524,1614923399,0x529f464d2c5c7999b03ff47199ed8b4f2750e2ecd8b2274f49ae70dfd2936be6,149,0x79a08409473aaf50e7f325c6a6a4904442f12b8701bc766b871ef14472cbd0d5,0xbc5f25bd319fa1655a61225838a07b57b0c0bf01,0x41d5d79431a913c4ae7d69a668ecdfe5ff9dfb68,0x66f0dbe15de77b92dc9d038d31b4d2c86319114c,3361344538000000000,Inverse DAO,INV,18,115,102901,89000000000,91318,9731875,deprecated,0xa9059cbb,"transfer(address _to, uint256 _value)",13085015
11976524,1614923399,0xe9b9ed1e6fd3fa45dff963ef992f8cc3ccf46324ff32da268819c364aa861e0e,787,0x79a08409473aaf50e7f325c6a6a4904442f12b8701bc766b871ef14472cbd0d5,0x2e12ee84a1fd7746b5b3c47424763a02132993e2,0x41d5d79431a913c4ae7d69a668ecdfe5ff9dfb68,0x7f5abf02454c5604012d3ae61b656c2ab8e3282e,80000000000000000000,Inverse DAO,INV,18,136,136977,87000000000,76318,11462197,deprecated,0xa9059cbb,"transfer(address _to, uint256 _value)",13085015
11976525,1614923402,0x3f6e9af83792fd017e89b2c2384fe6c3730e812623525564e6c20bdbb41c7a84,4522,0x21b3ee0741602e2a01d73808bd71c7b94ce14f61ed348ffb25d155428edd44bf,0x9e353fbdc3ec7290290bda31a8001cb609858adf,0x41d5d79431a913c4ae7d69a668ecdfe5ff9dfb68,0xb268c1c44a349d06a42cf24988162dadc48d839e,2000000000000000000,Inverse DAO,INV,18,25,167434,122000000000,158050,1485965,deprecated,0x38ed1739,"swapExactTokensForTokens(uint256 amountIn, uint256 amountOutMin, address[] path, address to, uint256 deadline)",13085014
11976525,1614923402,0x9757500d4441854aacb76448ec287000619191b624db74b7e39b8c34b8ab062c,1249,0x21b3ee0741602e2a01d73808bd71c7b94ce14f61ed348ffb25d155428edd44bf,0x431b5ddb0ace97ebc3d936403ea25831bad832b6,0x41d5d79431a913c4ae7d69a668ecdfe5ff9dfb68,0x73e02eaab68a41ea63bdae9dbd4b7678827b2352,500000000000000000,Inverse DAO,INV,18,169,191866,91000000000,161158,10931979,deprecated,0x18cbafe5,"swapExactTokensForETH(uint256 amountIn, uint256 amountOutMin, address[] path, address to, uint256 deadline)",13085014
11976526,1614923412,0xc1cf1653d9c7c919f12ebd746b2bd9709cde12a05dbe6e7fa596ce9d2873c497,146,0x22da4c78b945df75e22154a78b1c52d985a0ed8609e5edb1ac6fd9207913762b,0x73e02eaab68a41ea63bdae9dbd4b7678827b2352,0x41d5d79431a913c4ae7d69a668ecdfe5ff9dfb68,0xba55bdbf959df826da6c35487eb15fad2164662d,2022916703900132844,Inverse DAO,INV,18,1,141552,300000000000,115464,189593,deprecated,0x7ff36ab5,"swapExactETHForTokens(uint256 amountOutMin, address[] path, address to, uint256 deadline)",13085013
11976526,1614923412,0x6591c8fbec88aca223ba43ddd922da63ef9689c3129314a79c9a34b1912a3771,76135,0x22da4c78b945df75e22154a78b1c52d985a0ed8609e5edb1ac6fd9207913762b,0xb268c1c44a349d06a42cf24988162dadc48d839e,0x41d5d79431a913c4ae7d69a668ecdfe5ff9dfb68,0x860bd2dba9cd475a61e6d1b45e16c365f6d78f66,1694240895675495390,Inverse DAO,INV,18,2,537150,300000000000,277750,467343,deprecated,0xc89e4361,delegate(),13085013
11976526,1614923412,0x6591c8fbec88aca223ba43ddd922da63ef9689c3129314a79c9a34b1912a3771,76135,0x22da4c78b945df75e22154a78b1c52d985a0ed8609e5edb1ac6fd9207913762b,0x860bd2dba9cd475a61e6d1b45e16c365f6d78f66,0x41d5d79431a913c4ae7d69a668ecdfe5ff9dfb68,0x73e02eaab68a41ea63bdae9dbd4b7678827b2352,1694240895675495390,Inverse DAO,INV,18,2,537150,300000000000,277750,467343,deprecated,0xc89e4361,delegate(),13085013
11976526,1614923412,0x389cceeffe7c4622f91b984c78bf0b068f282e2f8a42437cd2256f8504c0203a,4730,0x22da4c78b945df75e22154a78b1c52d985a0ed8609e5edb1ac6fd9207913762b,0x73e02eaab68a41ea63bdae9dbd4b7678827b2352,0x41d5d79431a913c4ae7d69a668ecdfe5ff9dfb68,0x1407c9d09d1603a9a5b806a0c00f4d3734df15e0,2000000000000000000,Inverse DAO,INV,18,8,150382,200000000000,111427,947726,deprecated,0xfb3bdb41,"swapETHForExactTokens(uint256 amountOut, address[] path, address to, uint256 deadline)",13085013
11976526,1614923412,0x296ccce11a5d418576f2573d44f765773f5d348cce58c55b9a9f1dc7119cf6ad,66878,0x22da4c78b945df75e22154a78b1c52d985a0ed8609e5edb1ac6fd9207913762b,0xb268c1c44a349d06a42cf24988162dadc48d839e,0x41d5d79431a913c4ae7d69a668ecdfe5ff9dfb68,0x860bd2dba9cd475a61e6d1b45e16c365f6d78f66,1643332357203602574,Inverse DAO,INV,18,9,537150,200000000000,253718,1201444,deprecated,0xc89e4361,delegate(),13085013
11976526,1614923412,0x296ccce11a5d418576f2573d44f765773f5d348cce58c55b9a9f1dc7119cf6ad,66878,0x22da4c78b945df75e22154a78b1c52d985a0ed8609e5edb1ac6fd9207913762b,0x860bd2dba9cd475a61e6d1b45e16c365f6d78f66,0x41d5d79431a913c4ae7d69a668ecdfe5ff9dfb68,0x73e02eaab68a41ea63bdae9dbd4b7678827b2352,1643332357203602574,Inverse DAO,INV,18,9,537150,200000000000,253718,1201444,deprecated,0xc89e4361,delegate(),13085013
11976526,1614923412,0x610a09f94f8db638033d515c058d5ee6991daaec3505336959e0b3ab68819219,1063,0x22da4c78b945df75e22154a78b1c52d985a0ed8609e5edb1ac6fd9207913762b,0x73e02eaab68a41ea63bdae9dbd4b7678827b2352,0x41d5d79431a913c4ae7d69a668ecdfe5ff9dfb68,0xea5ab2c244da9b77a631d5fd3bb99c8afd3a5d0b,300000000000000000,Inverse DAO,INV,18,87,163599,99000000000,111427,5214686,deprecated,0xfb3bdb41,"swapETHForExactTokens(uint256 amountOut, address[] path, address to, uint256 deadline)",13085013
11976528,1614923432,0xb6cf8c284e12865d750fd0578b7ae4bf093726f273cb5bbb464fb0bb25e24a26,3958,0xb07aeb3861fc33dfa37e3067e399389b61bd45e0615e682ca2b0033871f961ad,0xb268c1c44a349d06a42cf24988162dadc48d839e,0x41d5d79431a913c4ae7d69a668ecdfe5ff9dfb68,0x73e02eaab68a41ea63bdae9dbd4b7678827b2352,953189691094833395,Inverse DAO,INV,18,43,418498,107128492395,157561,2091740,deprecated,0x67424255,,13085011
11976528,1614923432,0x0666c81ff02468aadd6de8161aac3d09473a37992bef6b43b9254f4f301bbc3f,171,0xb07aeb3861fc33dfa37e3067e399389b61bd45e0615e682ca2b0033871f961ad,0x73e02eaab68a41ea63bdae9dbd4b7678827b2352,0x41d5d79431a913c4ae7d69a668ecdfe5ff9dfb68,0x660524b65465466244210a8fa09e7784de35d473,592251525818845718,Inverse DAO,INV,18,52,158314,102000000000,118448,2544558,deprecated,0x7ff36ab5,"swapExactETHForTokens(uint256 amountOutMin, address[] path, address to, uint256 deadline)",13085011
11976528,1614923432,0xf79756a012954431846a9ff428838898dc1758e635d988bd9dced4f10a4e84f1,84,0xb07aeb3861fc33dfa37e3067e399389b61bd45e0615e682ca2b0033871f961ad,0x73e02eaab68a41ea63bdae9dbd4b7678827b2352,0x41d5d79431a913c4ae7d69a668ecdfe5ff9dfb68,0x08522c6efcf288e4ca8486ebba9ee49beba8df77,464223501821977064,Inverse DAO,INV,18,62,158314,101000000000,118448,3262673,deprecated,0x7ff36ab5,"swapExactETHForTokens(uint256 amountOutMin, address[] path, address to, uint256 deadline)",13085011
11976528,1614923432,0x4d5b3151250c26565a1b21a806a3e839c34587a8439228d4fb5a65eee4153902,18309,0xb07aeb3861fc33dfa37e3067e399389b61bd45e0615e682ca2b0033871f961ad,0xb268c1c44a349d06a42cf24988162dadc48d839e,0x41d5d79431a913c4ae7d69a668ecdfe5ff9dfb68,0x860bd2dba9cd475a61e6d1b45e16c365f6d78f66,1195904937998716457,Inverse DAO,INV,18,63,537150,101000000000,253718,3516391,deprecated,0xc89e4361,delegate(),13085011
11976528,1614923432,0x4d5b3151250c26565a1b21a806a3e839c34587a8439228d4fb5a65eee4153902,18309,0xb07aeb3861fc33dfa37e3067e399389b61bd45e0615e682ca2b0033871f961ad,0x860bd2dba9cd475a61e6d1b45e16c365f6d78f66,0x41d5d79431a913c4ae7d69a668ecdfe5ff9dfb68,0x73e02eaab68a41ea63bdae9dbd4b7678827b2352,1195904937998716457,Inverse DAO,INV,18,63,537150,101000000000,253718,3516391,deprecated,0xc89e4361,delegate(),13085011
11976528,1614923432,0x2c1642cbe89f9a965e7455ed579055dcc26fb37f3a96ce0a719b6786f6ea0210,32,0xb07aeb3861fc33dfa37e3067e399389b61bd45e0615e682ca2b0033871f961ad,0x73e02eaab68a41ea63bdae9dbd4b7678827b2352,0x41d5d79431a913c4ae7d69a668ecdfe5ff9dfb68,0xe069cb01d06ba617bcdf789bf2ff0d5e5ca20c71,1139819801762141950,Inverse DAO,INV,18,77,359884,94000000000,261311,4643058,deprecated,0x90411a32,"swap(address caller,tuple desc,tuple[] calls)",13085011
11976528,1614923432,0x2c1642cbe89f9a965e7455ed579055dcc26fb37f3a96ce0a719b6786f6ea0210,32,0xb07aeb3861fc33dfa37e3067e399389b61bd45e0615e682ca2b0033871f961ad,0xe069cb01d06ba617bcdf789bf2ff0d5e5ca20c71,0x41d5d79431a913c4ae7d69a668ecdfe5ff9dfb68,0x910bf2d50fa5e014fd06666f456182d4ab7c8bd2,227746416819554015,Inverse DAO,INV,18,77,359884,94000000000,261311,4643058,deprecated,0x90411a32,"swap(address caller,tuple desc,tuple[] calls)",13085011
11976528,1614923432,0x2c1642cbe89f9a965e7455ed579055dcc26fb37f3a96ce0a719b6786f6ea0210,32,0xb07aeb3861fc33dfa37e3067e399389b61bd45e0615e682ca2b0033871f961ad,0xe069cb01d06ba617bcdf789bf2ff0d5e5ca20c71,0x41d5d79431a913c4ae7d69a668ecdfe5ff9dfb68,0xbb636c9f92a61b47241ec034924191e9275c4ef1,912073384942587935,Inverse DAO,INV,18,77,359884,94000000000,261311,4643058,deprecated,0x90411a32,"swap(address caller,tuple desc,tuple[] calls)",13085011
11976529,1614923439,0x3a2b1d5460fd011fc31b41d8dd115593c4d3a66c05e51a4ffffd43041ab8eb79,527,0xb9dacbe6cb30aef553a27f2ef1a169a2dbbae1c8469f9a7cff32f5806dca69c7,0x73e02eaab68a41ea63bdae9dbd4b7678827b2352,0x41d5d79431a913c4ae7d69a668ecdfe5ff9dfb68,0x320408feb1e086b1fbd27c598a735699ea10bd9a,2033248182038447569,Inverse DAO,INV,18,3,500000,500000000000,130464,264116,deprecated,0x7ff36ab5,"swapExactETHForTokens(uint256 amountOutMin, address[] path, address to, uint256 deadline)",13085010
11976529,1614923439,0xba9376ae7ea61ef08cc1f7d904d50fdf0a6c928187cc12a535e630e639b60f1e,11185,0xb9dacbe6cb30aef553a27f2ef1a169a2dbbae1c8469f9a7cff32f5806dca69c7,0xb268c1c44a349d06a42cf24988162dadc48d839e,0x41d5d79431a913c4ae7d69a668ecdfe5ff9dfb68,0x860bd2dba9cd475a61e6d1b45e16c365f6d78f66,2958290940006340918,Inverse DAO,INV,18,4,537150,500000000000,277750,541866,deprecated,0xc89e4361,delegate(),13085010
11976529,1614923439,0xba9376ae7ea61ef08cc1f7d904d50fdf0a6c928187cc12a535e630e639b60f1e,11185,0xb9dacbe6cb30aef553a27f2ef1a169a2dbbae1c8469f9a7cff32f5806dca69c7,0x860bd2dba9cd475a61e6d1b45e16c365f6d78f66,0x41d5d79431a913c4ae7d69a668ecdfe5ff9dfb68,0x73e02eaab68a41ea63bdae9dbd4b7678827b2352,2958290940006340918,Inverse DAO,INV,18,4,537150,500000000000,277750,541866,deprecated,0xc89e4361,delegate(),13085010
11976529,1614923439,0xef19e0964e41cb2a819c0062309ef46a802063fc13f51120bfdd62fc07d4da30,4524,0xb9dacbe6cb30aef553a27f2ef1a169a2dbbae1c8469f9a7cff32f5806dca69c7,0x9e353fbdc3ec7290290bda31a8001cb609858adf,0x41d5d79431a913c4ae7d69a668ecdfe5ff9dfb68,0xb268c1c44a349d06a42cf24988162dadc48d839e,4000000000000000000,Inverse DAO,INV,18,67,164100,122000000000,131034,3230817,deprecated,0x38ed1739,"swapExactTokensForTokens(uint256 amountIn, uint256 amountOutMin, address[] path, address to, uint256 deadline)",13085010
11976530,1614923475,0xda0e1a11f22c70c4baeb746d97b09e1ab3bf48c1c0e9f69821d2fad1817eb4ed,1996,0xfa1106769368ba6bfdf9f98c922f479a5a2b6da106a4b1b84e4739884a3c0ad4,0x73e02eaab68a41ea63bdae9dbd4b7678827b2352,0x41d5d79431a913c4ae7d69a668ecdfe5ff9dfb68,0x6aed19abab347eb07a2c8b264fc5c4c1b002210b,572447503236040191,Inverse DAO,INV,18,5,158314,200000000000,130464,285746,deprecated,0x7ff36ab5,"swapExactETHForTokens(uint256 amountOutMin, address[] path, address to, uint256 deadline)",13085009
11976530,1614923475,0x1303d89fde432fd1b35582245b0f56089121cf912961362a4a0bb11028736b7e,4525,0xfa1106769368ba6bfdf9f98c922f479a5a2b6da106a4b1b84e4739884a3c0ad4,0x9e353fbdc3ec7290290bda31a8001cb609858adf,0x41d5d79431a913c4ae7d69a668ecdfe5ff9dfb68,0x73e02eaab68a41ea63bdae9dbd4b7678827b2352,1000000000000000000,Inverse DAO,INV,18,44,191866,111000000000,149142,2466713,deprecated,0x18cbafe5,"swapExactTokensForETH(uint256 amountIn, uint256 amountOutMin, address[] path, address to, uint256 deadline)",13085009
11976530,1614923475,0x113275aec143b4b9ffa9725eb9a9537589ddc1bed4c958dcbf135f314c81df9b,857,0xfa1106769368ba6bfdf9f98c922f479a5a2b6da106a4b1b84e4739884a3c0ad4,0x73e02eaab68a41ea63bdae9dbd4b7678827b2352,0x41d5d79431a913c4ae7d69a668ecdfe5ff9dfb68,0xd144992c2906b7ccb810a09d91c528cc4d32934c,670924080996785102,Inverse DAO,INV,18,46,158314,110000000000,118448,2628899,deprecated,0x7ff36ab5,"swapExactETHForTokens(uint256 amountOutMin, address[] path, address to, uint256 deadline)",13085009
11976530,1614923475,0xec2c905e453008a2dcf80b28b8bc0684d384a8efa124a2bda67b0e8de49b2461,951,0xfa1106769368ba6bfdf9f98c922f479a5a2b6da106a4b1b84e4739884a3c0ad4,0x73e02eaab68a41ea63bdae9dbd4b7678827b2352,0x41d5d79431a913c4ae7d69a668ecdfe5ff9dfb68,0x10725af1f2919d0acc5cf294285d97710f980490,518590714875229085,Inverse DAO,INV,18,129,158314,104000000000,118448,7025841,deprecated,0x7ff36ab5,"swapExactETHForTokens(uint256 amountOutMin, address[] path, address to, uint256 deadline)",13085009
11976530,1614923475,0xc896f6d93a14e6a8db962de2d971e84933a9d252b45b0198ffd9de2e0d5cd795,11775,0xfa1106769368ba6bfdf9f98c922f479a5a2b6da106a4b1b84e4739884a3c0ad4,0xb268c1c44a349d06a42cf24988162dadc48d839e,0x41d5d79431a913c4ae7d69a668ecdfe5ff9dfb68,0x860bd2dba9cd475a61e6d1b45e16c365f6d78f66,1191931823018657708,Inverse DAO,INV,18,135,537150,100000000000,277750,7570796,deprecated,0xc89e4361,delegate(),13085009
11976530,1614923475,0xc896f6d93a14e6a8db962de2d971e84933a9d252b45b0198ffd9de2e0d5cd795,11775,0xfa1106769368ba6bfdf9f98c922f479a5a2b6da106a4b1b84e4739884a3c0ad4,0x860bd2dba9cd475a61e6d1b45e16c365f6d78f66,0x41d5d79431a913c4ae7d69a668ecdfe5ff9dfb68,0x73e02eaab68a41ea63bdae9dbd4b7678827b2352,1191931823018657708,Inverse DAO,INV,18,135,537150,100000000000,277750,7570796,deprecated,0xc89e4361,delegate(),13085009
11976530,1614923475,0xa2ebfb5b9d13647780a232154125dda69ae51ede630e67483a920c700cddd0a5,895,0xfa1106769368ba6bfdf9f98c922f479a5a2b6da106a4b1b84e4739884a3c0ad4,0x73e02eaab68a41ea63bdae9dbd4b7678827b2352,0x41d5d79431a913c4ae7d69a668ecdfe5ff9dfb68,0xdda8687bae3ad818d22c80eb8684834b72f36c93,670679212114362523,Inverse DAO,INV,18,136,158314,100000000000,118448,7689244,deprecated,0x7ff36ab5,"swapExactETHForTokens(uint256 amountOutMin, address[] path, address to, uint256 deadline)",13085009
11976530,1614923475,0xe6d60ef2e457c3953e7bdae2838b42c457f12b456b503d6a4dde8cb2bf243912,896,0xfa1106769368ba6bfdf9f98c922f479a5a2b6da106a4b1b84e4739884a3c0ad4,0x73e02eaab68a41ea63bdae9dbd4b7678827b2352,0x41d5d79431a913c4ae7d69a668ecdfe5ff9dfb68,0xdda8687bae3ad818d22c80eb8684834b72f36c93,518512845627076550,Inverse DAO,INV,18,137,158314,110000000000,103448,7792692,deprecated,0x7ff36ab5,"swapExactETHForTokens(uint256 amountOutMin, address[] path, address to, uint256 deadline)",13085009
11976530,1614923475,0x044af70e24c0f33f47c5330728e1ef3ab655cc753cbb93011a95b4bd591319bd,654,0xfa1106769368ba6bfdf9f98c922f479a5a2b6da106a4b1b84e4739884a3c0ad4,0xb268c1c44a349d06a42cf24988162dadc48d839e,0x41d5d79431a913c4ae7d69a668ecdfe5ff9dfb68,0x8efd9addd8de6a4e64664d1893dec51f8c3339e9,4382558889366571545,Inverse DAO,INV,18,161,151256,99000000000,130925,9395426,deprecated,0x38ed1739,"swapExactTokensForTokens(uint256 amountIn, uint256 amountOutMin, address[] path, address to, uint256 deadline)",13085009
11976530,1614923475,0x5920e380416ff78c3c80377aa4ecc9cb88ba24c8f7914d91ca0882a4431501c1,3113,0xfa1106769368ba6bfdf9f98c922f479a5a2b6da106a4b1b84e4739884a3c0ad4,0x73e02eaab68a41ea63bdae9dbd4b7678827b2352,0x41d5d79431a913c4ae7d69a668ecdfe5ff9dfb68,0x5b06b44a66e5345661f6e4596f3a20da19eec1ee,500000000000000000,Inverse DAO,INV,18,163,206247,99000000000,189109,9757336,deprecated,0x8803dbee,"swapTokensForExactTokens(uint256 amountOut, uint256 amountInMax, address[] path, address to, uint256 deadline)",13085009
11976530,1614923475,0xe52adb320ce0f5912a71a0ed024a53ea7192c2466ea884a1b10554ab43fe4bb1,1578,0xfa1106769368ba6bfdf9f98c922f479a5a2b6da106a4b1b84e4739884a3c0ad4,0xb268c1c44a349d06a42cf24988162dadc48d839e,0x41d5d79431a913c4ae7d69a668ecdfe5ff9dfb68,0x73e02eaab68a41ea63bdae9dbd4b7678827b2352,1264580544137057927,Inverse DAO,INV,18,164,608135,99000000000,234860,9992196,deprecated,0xfaebafa8,,13085009
11976530,1614923475,0x64dd1231c175be566dab299ea74e09a067c2f49f1715517d0697773ac855467e,1064,0xfa1106769368ba6bfdf9f98c922f479a5a2b6da106a4b1b84e4739884a3c0ad4,0x73e02eaab68a41ea63bdae9dbd4b7678827b2352,0x41d5d79431a913c4ae7d69a668ecdfe5ff9dfb68,0xea5ab2c244da9b77a631d5fd3bb99c8afd3a5d0b,300000000000000000,Inverse DAO,INV,18,166,163599,99000000000,111427,10125641,deprecated,0xfb3bdb41,"swapETHForExactTokens(uint256 amountOut, address[] path, address to, uint256 deadline)",13085009
11976530,1614923475,0xda6e1a331621086769eb4e43907937fe8fbf0f3d1c76b782a19ece7d225a8e85,141,0xfa1106769368ba6bfdf9f98c922f479a5a2b6da106a4b1b84e4739884a3c0ad4,0x73e02eaab68a41ea63bdae9dbd4b7678827b2352,0x41d5d79431a913c4ae7d69a668ecdfe5ff9dfb68,0x814a19b98a84ec9f72b7609a24cc6cd35a2d0b9e,506285261808023146,Inverse DAO,INV,18,171,141552,99000000000,103448,10564383,deprecated,0x7ff36ab5,"swapExactETHForTokens(uint256 amountOutMin, address[] path, address to, uint256 deadline)",13085009
11976530,1614923475,0x3497f2c1a8c3b47b811672f7297427d5c02ad62b916e77f4af86f12f4504e62e,25,0xfa1106769368ba6bfdf9f98c922f479a5a2b6da106a4b1b84e4739884a3c0ad4,0x9c6a9e68bcac01afb53feffbf819c1b30c56bc62,0x41d5d79431a913c4ae7d69a668ecdfe5ff9dfb68,0x9a568bfeb8cb19e4bafcb57ee69498d57d9591ca,80000000000000000000,Inverse DAO,INV,18,174,136977,99000000000,76318,10942920,deprecated,0xa9059cbb,"transfer(address _to, uint256 _value)",13085009
11976530,1614923475,0x6db44943626062f0e171baf8ca29a84a292e6586e96b12e0112c43577b1f40f1,360,0xfa1106769368ba6bfdf9f98c922f479a5a2b6da106a4b1b84e4739884a3c0ad4,0x73e02eaab68a41ea63bdae9dbd4b7678827b2352,0x41d5d79431a913c4ae7d69a668ecdfe5ff9dfb68,0xcca5653c42f4bd2413a1ffb3010cea758b40df79,404243641683477450,Inverse DAO,INV,18,176,158314,99000000000,118448,11384126,deprecated,0x7ff36ab5,"swapExactETHForTokens(uint256 amountOutMin, address[] path, address to, uint256 deadline)",13085009
11976530,1614923475,0x229f76cf1c565b6db3d2a273a27e5f25554678cb9ae5178b41e57f94ac21b329,822,0xfa1106769368ba6bfdf9f98c922f479a5a2b6da106a4b1b84e4739884a3c0ad4,0xb268c1c44a349d06a42cf24988162dadc48d839e,0x41d5d79431a913c4ae7d69a668ecdfe5ff9dfb68,0x73e02eaab68a41ea63bdae9dbd4b7678827b2352,1129122901635853801,Inverse DAO,INV,18,177,608135,99000000000,234860,11618986,deprecated,0xfaebafa8,,13085009
11976531,1614923494,0x41cecfd0decde9e1be8d354aa5d92d548686c96e551ea68b8cae4b2fdae631a4,152,0x72865412ef2c946d7a7df5b481d36244cdccd6b9862dd31da7f4c8f4cf0f8fa2,0x73e02eaab68a41ea63bdae9dbd4b7678827b2352,0x41d5d79431a913c4ae7d69a668ecdfe5ff9dfb68,0xdf15ffcedeb8595395e5af55088c70d69a002158,500000000000000000,Inverse DAO,INV,18,0,185940,291000000000,170886,170886,deprecated,0x8803dbee,"swapTokensForExactTokens(uint256 amountOut, uint256 amountInMax, address[] path, address to, uint256 deadline)",13085008
11976531,1614923494,0x0d73a537754d43b7014f1b4f7bd0563def7e0c624d290873ac42dc7ac3356aa9,147,0x72865412ef2c946d7a7df5b481d36244cdccd6b9862dd31da7f4c8f4cf0f8fa2,0x73e02eaab68a41ea63bdae9dbd4b7678827b2352,0x41d5d79431a913c4ae7d69a668ecdfe5ff9dfb68,0xba55bdbf959df826da6c35487eb15fad2164662d,1574062154201159201,Inverse DAO,INV,18,3,154980,200000000000,103448,439577,deprecated,0x7ff36ab5,"swapExactETHForTokens(uint256 amountOutMin, address[] path, address to, uint256 deadline)",13085008
11976531,1614923494,0xde171aa13190925fb25d004b8932cc0487854dff8c4dbc1caa0b475b6e02dd65,652,0x72865412ef2c946d7a7df5b481d36244cdccd6b9862dd31da7f4c8f4cf0f8fa2,0xb268c1c44a349d06a42cf24988162dadc48d839e,0x41d5d79431a913c4ae7d69a668ecdfe5ff9dfb68,0x73e02eaab68a41ea63bdae9dbd4b7678827b2352,1602871043077179033,Inverse DAO,INV,18,4,608135,200000000000,258880,698457,deprecated,0xfaebafa8,,13085008
11976531,1614923494,0xd16a33515dfd62bdbb0ca2f4e987f0a33d5a7fd62e921eedf0cda940e6fca300,148,0x72865412ef2c946d7a7df5b481d36244cdccd6b9862dd31da7f4c8f4cf0f8fa2,0x73e02eaab68a41ea63bdae9dbd4b7678827b2352,0x41d5d79431a913c4ae7d69a668ecdfe5ff9dfb68,0xba55bdbf959df826da6c35487eb15fad2164662d,1589264971072688753,Inverse DAO,INV,18,5,141552,200000000000,103448,801905,deprecated,0x7ff36ab5,"swapExactETHForTokens(uint256 amountOutMin, address[] path, address to, uint256 deadline)",13085008
11976531,1614923494,0x2084b4d369d6cebe4469067cb9645125858f302842095383116450a0dc195298,2988,0x72865412ef2c946d7a7df5b481d36244cdccd6b9862dd31da7f4c8f4cf0f8fa2,0xb268c1c44a349d06a42cf24988162dadc48d839e,0x41d5d79431a913c4ae7d69a668ecdfe5ff9dfb68,0x73e02eaab68a41ea63bdae9dbd4b7678827b2352,1551631724333050195,Inverse DAO,INV,18,6,608135,200000000000,234848,1036753,deprecated,0xfaebafa8,,13085008
11976531,1614923494,0xa529b443919131aba9af3788c846d5a54f1fd70af91a6465d84c5caf01978cf5,714,0x72865412ef2c946d7a7df5b481d36244cdccd6b9862dd31da7f4c8f4cf0f8fa2,0x73e02eaab68a41ea63bdae9dbd4b7678827b2352,0x41d5d79431a913c4ae7d69a668ecdfe5ff9dfb68,0x4129b4337d5a2f7278a02ff15bb1e4e548d8ee60,633042270483907013,Inverse DAO,INV,18,84,141552,100000000000,103448,6214620,deprecated,0x7ff36ab5,"swapExactETHForTokens(uint256 amountOutMin, address[] path, address to, uint256 deadline)",13085008
11976531,1614923494,0x38b0ce3f502daf58f65775e645ad4ffe0444e311148ca4945fa235ca8bfcfd1c,523,0x72865412ef2c946d7a7df5b481d36244cdccd6b9862dd31da7f4c8f4cf0f8fa2,0xb719ba7c98bb42d89402470a351acaeb97e00657,0x41d5d79431a913c4ae7d69a668ecdfe5ff9dfb68,0x73e02eaab68a41ea63bdae9dbd4b7678827b2352,1000000000000000000,Inverse DAO,INV,18,106,232982,98000000000,189573,8365309,deprecated,0x38ed1739,"swapExactTokensForTokens(uint256 amountIn, uint256 amountOutMin, address[] path, address to, uint256 deadline)",13085008
11976532,1614923513,0x082aca442d880549393945d69cf1e8283694fd5ed53c09bc762760d924561392,149,0xf3e3dc032d454fc0ab20df43b40e0b56c35f70753983724d3e9e67bf1d17feea,0x73e02eaab68a41ea63bdae9dbd4b7678827b2352,0x41d5d79431a913c4ae7d69a668ecdfe5ff9dfb68,0xba55bdbf959df826da6c35487eb15fad2164662d,1788739114554741212,Inverse DAO,INV,18,2,141552,200000000000,115464,258648,deprecated,0x7ff36ab5,"swapExactETHForTokens(uint256 amountOutMin, address[] path, address to, uint256 deadline)",13085007
11976532,1614923513,0x7bb2cee6b07e555e0f320be2a193bf51361d30d65a9f58751d8e0c11dc373ef3,8711,0xf3e3dc032d454fc0ab20df43b40e0b56c35f70753983724d3e9e67bf1d17feea,0xb268c1c44a349d06a42cf24988162dadc48d839e,0x41d5d79431a913c4ae7d69a668ecdfe5ff9dfb68,0x78a55b9b3bbeffb36a43d9905f654d2769dc55e8,1482152659937793847,Inverse DAO,INV,18,3,1000700,200000000000,321650,580298,deprecated,0xc89e4361,delegate(),13085007
11976532,1614923513,0x7bb2cee6b07e555e0f320be2a193bf51361d30d65a9f58751d8e0c11dc373ef3,8711,0xf3e3dc032d454fc0ab20df43b40e0b56c35f70753983724d3e9e67bf1d17feea,0x78a55b9b3bbeffb36a43d9905f654d2769dc55e8,0x41d5d79431a913c4ae7d69a668ecdfe5ff9dfb68,0x73e02eaab68a41ea63bdae9dbd4b7678827b2352,1482152659937793847,Inverse DAO,INV,18,3,1000700,200000000000,321650,580298,deprecated,0xc89e4361,delegate(),13085007
11976532,1614923513,0x4e3b89c780fea4da2b9a299cae10cdba9db6c9131b3136d913cc7f14d256cb53,4526,0xf3e3dc032d454fc0ab20df43b40e0b56c35f70753983724d3e9e67bf1d17feea,0x9e353fbdc3ec7290290bda31a8001cb609858adf,0x41d5d79431a913c4ae7d69a668ecdfe5ff9dfb68,0xb268c1c44a349d06a42cf24988162dadc48d839e,4000000000000000000,Inverse DAO,INV,18,45,150672,122000000000,131034,2549409,deprecated,0x38ed1739,"swapExactTokensForTokens(uint256 amountIn, uint256 amountOutMin, address[] path, address to, uint256 deadline)",13085007
11976533,1614923535,0x762053ff3a93ecb0e7d206f7f35f1cbbbff427c450b68795667f9986e8380669,2934,0x9f0fdd807123dc9b967f3d37167c27c96d5e75ca35a33c5f2804836ae247c846,0x73e02eaab68a41ea63bdae9dbd4b7678827b2352,0x41d5d79431a913c4ae7d69a668ecdfe5ff9dfb68,0x00000000751edf02c727ea9d0c1c8e64f169e343,439414474269550698,Inverse DAO,INV,18,0,300000,199999999999,118681,118681,deprecated,0x73e02eaa,,13085006
11976533,1614923535,0x98cdca016ceaaf42616cf330ca29b58418e2cbf475a481e8434cbc3b59c3b8d2,150,0x9f0fdd807123dc9b967f3d37167c27c96d5e75ca35a33c5f2804836ae247c846,0x73e02eaab68a41ea63bdae9dbd4b7678827b2352,0x41d5d79431a913c4ae7d69a668ecdfe5ff9dfb68,0xba55bdbf959df826da6c35487eb15fad2164662d,1337954072845232341,Inverse DAO,INV,18,6,141552,150000000000,103448,489758,deprecated,0x7ff36ab5,"swapExactETHForTokens(uint256 amountOutMin, address[] path, address to, uint256 deadline)",13085006
11976533,1614923535,0xbf0ceebc1676a09a8582b7cb6eee82122d1d2e6bd3acb4a4d7cc348fb531a101,816,0x9f0fdd807123dc9b967f3d37167c27c96d5e75ca35a33c5f2804836ae247c846,0xb268c1c44a349d06a42cf24988162dadc48d839e,0x41d5d79431a913c4ae7d69a668ecdfe5ff9dfb68,0x73e02eaab68a41ea63bdae9dbd4b7678827b2352,1599675615757770168,Inverse DAO,INV,18,7,608135,150000000000,258892,748650,deprecated,0xfaebafa8,,13085006
11976533,1614923535,0x7cbede9350543415a1204d14a6ce73513d85f1983e519bfa6009b305467f04ed,2935,0x9f0fdd807123dc9b967f3d37167c27c96d5e75ca35a33c5f2804836ae247c846,0x00000000751edf02c727ea9d0c1c8e64f169e343,0x41d5d79431a913c4ae7d69a668ecdfe5ff9dfb68,0x73e02eaab68a41ea63bdae9dbd4b7678827b2352,439414474269550697,Inverse DAO,INV,18,9,300000,149999999999,94796,872858,deprecated,0x73e02eaa,,13085006
11976533,1614923535,0x91d5c7017234ea65cd7d2cfbfa4e580341143ad4c0942017a22e9c357615b608,897,0x9f0fdd807123dc9b967f3d37167c27c96d5e75ca35a33c5f2804836ae247c846,0x73e02eaab68a41ea63bdae9dbd4b7678827b2352,0x41d5d79431a913c4ae7d69a668ecdfe5ff9dfb68,0xdda8687bae3ad818d22c80eb8684834b72f36c93,638399413519706759,Inverse DAO,INV,18,27,141552,110000000000,103448,1671244,deprecated,0x7ff36ab5,"swapExactETHForTokens(uint256 amountOutMin, address[] path, address to, uint256 deadline)",13085006
11976533,1614923535,0xf09ca01a2e7bb615dc0f429e1fa0abfebc92ea1e2550bccd720f3bf21c723efa,292,0x9f0fdd807123dc9b967f3d37167c27c96d5e75ca35a33c5f2804836ae247c846,0x73e02eaab68a41ea63bdae9dbd4b7678827b2352,0x41d5d79431a913c4ae7d69a668ecdfe5ff9dfb68,0x87a726a806f48a435d8bf627678c85f26b46c1b6,381024287630131180,Inverse DAO,INV,18,144,158314,93200001604,118448,11248884,deprecated,0x7ff36ab5,"swapExactETHForTokens(uint256 amountOutMin, address[] path, address to, uint256 deadline)",13085006
11976533,1614923535,0x04c4d8e2f334f02f3adaa745c7f84d7084eb56969b5e92fd8505791da0be51a6,675,0x9f0fdd807123dc9b967f3d37167c27c96d5e75ca35a33c5f2804836ae247c846,0xb268c1c44a349d06a42cf24988162dadc48d839e,0x41d5d79431a913c4ae7d69a668ecdfe5ff9dfb68,0x73e02eaab68a41ea63bdae9dbd4b7678827b2352,1054116235051804216,Inverse DAO,INV,18,145,608135,93200001604,234860,11483744,deprecated,0xfaebafa8,,13085006
11976534,1614923546,0x29289e4a75000878a7fa3eb6b80d25e8d9bdc7892dca0c575666f8d1ddf23af0,189,0xf091e1ba82113d42d73cf834de4f48d60bc10b37950849d6d2ec84486d7e881f,0x73e02eaab68a41ea63bdae9dbd4b7678827b2352,0x41d5d79431a913c4ae7d69a668ecdfe5ff9dfb68,0xee98bdcdf20997ddb097ed4582efed9de87739fe,924753567480385645,Inverse DAO,INV,18,22,158314,102000000000,130464,1234999,deprecated,0x7ff36ab5,"swapExactETHForTokens(uint256 amountOutMin, address[] path, address to, uint256 deadline)",13085005
11976535,1614923547,0x0f77cad96881027327e13e3124f07d786a941a6355686c76343810e5a919bfd6,392,0xe201e3090519c8a24282d1bc9d93672cd0fdb50b4fe1e19f1187c8ddcb93f323,0xb268c1c44a349d06a42cf24988162dadc48d839e,0x41d5d79431a913c4ae7d69a668ecdfe5ff9dfb68,0xf17b5b1a97e5a2195684769325c525c8b183e351,3601419144588623945,Inverse DAO,INV,18,121,142887,100000000000,123436,7461872,deprecated,0x38ed1739,"swapExactTokensForTokens(uint256 amountIn, uint256 amountOutMin, address[] path, address to, uint256 deadline)",13085004
11976535,1614923547,0x8f9a0efc6557cb7d81149b4992ef75f5556225e8e6d9981fc482e0270194da27,1172,0xe201e3090519c8a24282d1bc9d93672cd0fdb50b4fe1e19f1187c8ddcb93f323,0x7058e797b221c661521dd32a770ed13e08d15430,0x41d5d79431a913c4ae7d69a668ecdfe5ff9dfb68,0xb268c1c44a349d06a42cf24988162dadc48d839e,10000000000000000000,Inverse DAO,INV,18,126,164113,96000000000,131046,8102726,deprecated,0x38ed1739,"swapExactTokensForTokens(uint256 amountIn, uint256 amountOutMin, address[] path, address to, uint256 deadline)",13085004
11976535,1614923547,0x087a51ac8b7aba108ed8477af948fb64e67a29a31a15c9d2e87779aca7c63869,49036,0xe201e3090519c8a24282d1bc9d93672cd0fdb50b4fe1e19f1187c8ddcb93f323,0xb268c1c44a349d06a42cf24988162dadc48d839e,0x41d5d79431a913c4ae7d69a668ecdfe5ff9dfb68,0x860bd2dba9cd475a61e6d1b45e16c365f6d78f66,1080889226902786628,Inverse DAO,INV,18,127,537150,96000000000,277750,8380476,deprecated,0xc89e4361,delegate(),13085004
11976535,1614923547,0x087a51ac8b7aba108ed8477af948fb64e67a29a31a15c9d2e87779aca7c63869,49036,0xe201e3090519c8a24282d1bc9d93672cd0fdb50b4fe1e19f1187c8ddcb93f323,0x860bd2dba9cd475a61e6d1b45e16c365f6d78f66,0x41d5d79431a913c4ae7d69a668ecdfe5ff9dfb68,0x73e02eaab68a41ea63bdae9dbd4b7678827b2352,1080889226902786628,Inverse DAO,INV,18,127,537150,96000000000,277750,8380476,deprecated,0xc89e4361,delegate(),13085004
11976536,1614923565,0x89cf34bd63e5dadc367b7c4ae5622becae9f32828421d83bea84515bbb7ed920,151,0x81b1b6bd047b552a99e7379b39095d627fea10bd0d515b7e1ca3bf6acf48f858,0x73e02eaab68a41ea63bdae9dbd4b7678827b2352,0x41d5d79431a913c4ae7d69a668ecdfe5ff9dfb68,0xba55bdbf959df826da6c35487eb15fad2164662d,1872100587938297989,Inverse DAO,INV,18,1,141552,150000000000,115464,167812,deprecated,0x7ff36ab5,"swapExactETHForTokens(uint256 amountOutMin, address[] path, address to, uint256 deadline)",13085003
11976536,1614923565,0x2d21947de0e2abfe5e73c824f4e3429048f1cf39e0987bc5a79daa8e9ce6768e,1310,0x81b1b6bd047b552a99e7379b39095d627fea10bd0d515b7e1ca3bf6acf48f858,0xb268c1c44a349d06a42cf24988162dadc48d839e,0x41d5d79431a913c4ae7d69a668ecdfe5ff9dfb68,0x73e02eaab68a41ea63bdae9dbd4b7678827b2352,2096788926408666985,Inverse DAO,INV,18,2,608135,150000000000,258892,426704,deprecated,0xfaebafa8,,13085003
11976536,1614923565,0x353aa39129250cff732b127f8af8ad04a8a39821b02eed89d8e2e14ca44e3404,70,0x81b1b6bd047b552a99e7379b39095d627fea10bd0d515b7e1ca3bf6acf48f858,0x73e02eaab68a41ea63bdae9dbd4b7678827b2352,0x41d5d79431a913c4ae7d69a668ecdfe5ff9dfb68,0x630582773b7276ece936c93b61f4ae01d72b2bf2,316724522888887927,Inverse DAO,INV,18,26,147796,101000000000,110960,2050220,deprecated,0xb6f9de95,"swapExactETHForTokensSupportingFeeOnTransferTokens(uint256 amountOutMin, address[] path, address to, uint256 deadline)",13085003
11976537,1614923568,0x0836f06fde3d07f48eb55dbb071c82f6533a1738dc5928457d70e03ef0adbc36,46485,0xa4bc8bf1099e4ad504d29045c278a49f733f5e3ff7df576195484323ace10d98,0x73e02eaab68a41ea63bdae9dbd4b7678827b2352,0x41d5d79431a913c4ae7d69a668ecdfe5ff9dfb68,0x0555bdebc3429585b4594285a76f853725a49532,1158114411796110705,Inverse DAO,INV,18,26,192285,125000000060,134133,1990428,deprecated,0x6a80c33f,,13085002
11976537,1614923568,0x22dd47ea9fdb064a85c26627c8c555c5e9e0edf70bb82cae7da57dad1375f6a3,1378,0xa4bc8bf1099e4ad504d29045c278a49f733f5e3ff7df576195484323ace10d98,0x73e02eaab68a41ea63bdae9dbd4b7678827b2352,0x41d5d79431a913c4ae7d69a668ecdfe5ff9dfb68,0x050ee024a0ffd8b9bd383271835b27dd66c3fec3,438601259997342857,Inverse DAO,INV,18,28,158314,125000000000,118448,2129876,deprecated,0x7ff36ab5,"swapExactETHForTokens(uint256 amountOutMin, address[] path, address to, uint256 deadline)",13085002
11976537,1614923568,0xd2e3890b1f769179489a11653eafeffe4419af1bd979e469210cf405303c26ba,46486,0xa4bc8bf1099e4ad504d29045c278a49f733f5e3ff7df576195484323ace10d98,0x0555bdebc3429585b4594285a76f853725a49532,0x41d5d79431a913c4ae7d69a668ecdfe5ff9dfb68,0x73e02eaab68a41ea63bdae9dbd4b7678827b2352,1158114411796110705,Inverse DAO,INV,18,30,249243,125000000000,95448,2246324,deprecated,0xc23e1a21,,13085002
11976537,1614923568,0xb6480c98386b95a13b9f4499da851a8ee7425f8ff06583faa86cd7a5fcf9e324,4527,0xa4bc8bf1099e4ad504d29045c278a49f733f5e3ff7df576195484323ace10d98,0x9e353fbdc3ec7290290bda31a8001cb609858adf,0x41d5d79431a913c4ae7d69a668ecdfe5ff9dfb68,0xb268c1c44a349d06a42cf24988162dadc48d839e,4000000000000000000,Inverse DAO,INV,18,64,150672,111000000000,143050,4051131,deprecated,0x38ed1739,"swapExactTokensForTokens(uint256 amountIn, uint256 amountOutMin, address[] path, address to, uint256 deadline)",13085002
11976537,1614923568,0xf3ff7751ff8e8d1c41969114cc84c85e2990d0187f6934697a7325a02951010d,333,0xa4bc8bf1099e4ad504d29045c278a49f733f5e3ff7df576195484323ace10d98,0x73e02eaab68a41ea63bdae9dbd4b7678827b2352,0x41d5d79431a913c4ae7d69a668ecdfe5ff9dfb68,0xe069cb01d06ba617bcdf789bf2ff0d5e5ca20c71,2001861508564923259,Inverse DAO,INV,18,81,344527,106000000000,236276,4993553,deprecated,0x90411a32,"swap(address caller,tuple desc,tuple[] calls)",13085002
11976537,1614923568,0xf3ff7751ff8e8d1c41969114cc84c85e2990d0187f6934697a7325a02951010d,333,0xa4bc8bf1099e4ad504d29045c278a49f733f5e3ff7df576195484323ace10d98,0xe069cb01d06ba617bcdf789bf2ff0d5e5ca20c71,0x41d5d79431a913c4ae7d69a668ecdfe5ff9dfb68,0xbd3ed7668b840c8bb30e000ec2b681d0b40d7399,2001861508564923259,Inverse DAO,INV,18,81,344527,106000000000,236276,4993553,deprecated,0x90411a32,"swap(address caller,tuple desc,tuple[] calls)",13085002
11976537,1614923568,0x9acf3f8fefee1ff74cfc608b4a27bdb9fd290ed31806c9e5857ec8adcbf35f72,1315,0xa4bc8bf1099e4ad504d29045c278a49f733f5e3ff7df576195484323ace10d98,0xb268c1c44a349d06a42cf24988162dadc48d839e,0x41d5d79431a913c4ae7d69a668ecdfe5ff9dfb68,0x73e02eaab68a41ea63bdae9dbd4b7678827b2352,2314502649200131522,Inverse DAO,INV,18,82,608135,106000000000,246864,5240417,deprecated,0xfaebafa8,,13085002
11976537,1614923568,0xcc6490e25bd4fe8e5558b156a389508c0aecb49403032ebd6c2a1d596ca1459c,67,0xa4bc8bf1099e4ad504d29045c278a49f733f5e3ff7df576195484323ace10d98,0x73e02eaab68a41ea63bdae9dbd4b7678827b2352,0x41d5d79431a913c4ae7d69a668ecdfe5ff9dfb68,0x3958204d1ed33d6cce8e22f0a2212199492c34b9,505793839935817999,Inverse DAO,INV,18,125,189442,102000000000,174069,7972049,deprecated,0x38ed1739,"swapExactTokensForTokens(uint256 amountIn, uint256 amountOutMin, address[] path, address to, uint256 deadline)",13085002
11976537,1614923568,0xfbdfd43f6a19a7b7edc2b83eae406597a939f68c3a6978b479e3c37009a83bc2,46532,0xa4bc8bf1099e4ad504d29045c278a49f733f5e3ff7df576195484323ace10d98,0xb268c1c44a349d06a42cf24988162dadc48d839e,0x41d5d79431a913c4ae7d69a668ecdfe5ff9dfb68,0x860bd2dba9cd475a61e6d1b45e16c365f6d78f66,1049085212569708876,Inverse DAO,INV,18,131,537150,101200000034,253718,8476106,deprecated,0xc89e4361,delegate(),13085002
11976537,1614923568,0xfbdfd43f6a19a7b7edc2b83eae406597a939f68c3a6978b479e3c37009a83bc2,46532,0xa4bc8bf1099e4ad504d29045c278a49f733f5e3ff7df576195484323ace10d98,0x860bd2dba9cd475a61e6d1b45e16c365f6d78f66,0x41d5d79431a913c4ae7d69a668ecdfe5ff9dfb68,0x73e02eaab68a41ea63bdae9dbd4b7678827b2352,1049085212569708876,Inverse DAO,INV,18,131,537150,101200000034,253718,8476106,deprecated,0xc89e4361,delegate(),13085002
11976537,1614923568,0x4386a054b182dc8cfa3c3f050bcc9d728b5890512e922ebaa0fe6fd21168d8ea,611,0xa4bc8bf1099e4ad504d29045c278a49f733f5e3ff7df576195484323ace10d98,0x73e02eaab68a41ea63bdae9dbd4b7678827b2352,0x41d5d79431a913c4ae7d69a668ecdfe5ff9dfb68,0x7711a9a7da504edf800fe80f7e52a3aa33dad07a,69043251858329659,Inverse DAO,INV,18,136,171728,101200000000,118436,8846163,deprecated,0x7ff36ab5,"swapExactETHForTokens(uint256 amountOutMin, address[] path, address to, uint256 deadline)",13085002
11976537,1614923568,0x2bbe847150672b2007739c5b19c94e7ea828b1f3c6e3b6b06adcd83c47d77413,627,0xa4bc8bf1099e4ad504d29045c278a49f733f5e3ff7df576195484323ace10d98,0x73e02eaab68a41ea63bdae9dbd4b7678827b2352,0x41d5d79431a913c4ae7d69a668ecdfe5ff9dfb68,0x1eda5b47f4f396b30cb6a57990aa34e681b09001,200000000000000000,Inverse DAO,INV,18,161,166882,101000000000,126427,10564329,deprecated,0xfb3bdb41,"swapETHForExactTokens(uint256 amountOut, address[] path, address to, uint256 deadline)",13085002
11976538,1614923591,0x29e2e9d261e0bf90d1881c7893966c04d312c045e1f4100b29d6a8980e677939,2177,0x04e43ba9e8e5075c4614a772b4a9d599b32f2876015b2a71d29ee667232776a5,0x6c1ddfb81a3666188267296f10253a5a9b5bae40,0x41d5d79431a913c4ae7d69a668ecdfe5ff9dfb68,0x73e02eaab68a41ea63bdae9dbd4b7678827b2352,11895204618764653055,Inverse DAO,INV,18,0,218384,303110000000,176874,176874,deprecated,0xe8e33700,"addLiquidity(address tokenA, address tokenB, uint256 amountADesired, uint256 amountBDesired, uint256 amountAMin, uint256 amountBMin, address to, uint256 deadline)",13085001
11976538,1614923591,0x1410e0e246563fc48aa83ee5d8beaf745566661fcfb9851c09485e467306d768,152,0x04e43ba9e8e5075c4614a772b4a9d599b32f2876015b2a71d29ee667232776a5,0x73e02eaab68a41ea63bdae9dbd4b7678827b2352,0x41d5d79431a913c4ae7d69a668ecdfe5ff9dfb68,0xba55bdbf959df826da6c35487eb15fad2164662d,2641453818737933627,Inverse DAO,INV,18,3,141552,200000000000,103448,330211,deprecated,0x7ff36ab5,"swapExactETHForTokens(uint256 amountOutMin, address[] path, address to, uint256 deadline)",13085001
11976538,1614923591,0x9ddc83201247b93acddd916bd39a4ddf6acf1b0a91910ea5daf6c4bdda86f7de,76138,0x04e43ba9e8e5075c4614a772b4a9d599b32f2876015b2a71d29ee667232776a5,0xb268c1c44a349d06a42cf24988162dadc48d839e,0x41d5d79431a913c4ae7d69a668ecdfe5ff9dfb68,0x860bd2dba9cd475a61e6d1b45e16c365f6d78f66,1977993742695958648,Inverse DAO,INV,18,4,537150,200000000000,277750,607961,deprecated,0xc89e4361,delegate(),13085001
11976538,1614923591,0x9ddc83201247b93acddd916bd39a4ddf6acf1b0a91910ea5daf6c4bdda86f7de,76138,0x04e43ba9e8e5075c4614a772b4a9d599b32f2876015b2a71d29ee667232776a5,0x860bd2dba9cd475a61e6d1b45e16c365f6d78f66,0x41d5d79431a913c4ae7d69a668ecdfe5ff9dfb68,0x73e02eaab68a41ea63bdae9dbd4b7678827b2352,1977993742695958648,Inverse DAO,INV,18,4,537150,200000000000,277750,607961,deprecated,0xc89e4361,delegate(),13085001
11976538,1614923591,0x82e40eac2e910eab52e1360119e119a0220444a549384f744195b84e46d3a190,4734,0x04e43ba9e8e5075c4614a772b4a9d599b32f2876015b2a71d29ee667232776a5,0x73e02eaab68a41ea63bdae9dbd4b7678827b2352,0x41d5d79431a913c4ae7d69a668ecdfe5ff9dfb68,0x1407c9d09d1603a9a5b806a0c00f4d3734df15e0,2000000000000000000,Inverse DAO,INV,18,11,150382,150000000000,111427,1023701,deprecated,0xfb3bdb41,"swapETHForExactTokens(uint256 amountOut, address[] path, address to, uint256 deadline)",13085001
11976538,1614923591,0xacb3f4a68cacdf9809799570022adbd389ec49ddcc21fb0b47a6aec6ab484ea1,66882,0x04e43ba9e8e5075c4614a772b4a9d599b32f2876015b2a71d29ee667232776a5,0xb268c1c44a349d06a42cf24988162dadc48d839e,0x41d5d79431a913c4ae7d69a668ecdfe5ff9dfb68,0x860bd2dba9cd475a61e6d1b45e16c365f6d78f66,1900690275791663299,Inverse DAO,INV,18,13,537150,150000000000,253718,1359145,deprecated,0xc89e4361,delegate(),13085001
11976538,1614923591,0xacb3f4a68cacdf9809799570022adbd389ec49ddcc21fb0b47a6aec6ab484ea1,66882,0x04e43ba9e8e5075c4614a772b4a9d599b32f2876015b2a71d29ee667232776a5,0x860bd2dba9cd475a61e6d1b45e16c365f6d78f66,0x41d5d79431a913c4ae7d69a668ecdfe5ff9dfb68,0x73e02eaab68a41ea63bdae9dbd4b7678827b2352,1900690275791663299,Inverse DAO,INV,18,13,537150,150000000000,253718,1359145,deprecated,0xc89e4361,delegate(),13085001
11976538,1614923591,0xe04f8bec2adcda06efccc3222d2bed805a53c3f018dcde2841f2ea52508d8de4,1226,0x04e43ba9e8e5075c4614a772b4a9d599b32f2876015b2a71d29ee667232776a5,0x66e84d8c06d77ff7dd4fbdf8a05fa96aaf8e872c,0x41d5d79431a913c4ae7d69a668ecdfe5ff9dfb68,0x73e02eaab68a41ea63bdae9dbd4b7678827b2352,178109490870218367,Inverse DAO,INV,18,74,167169,101200000000,99674,6054188,deprecated,0x18cbafe5,"swapExactTokensForETH(uint256 amountIn, uint256 amountOutMin, address[] path, address to, uint256 deadline)",13085001
11976538,1614923591,0x49c144d08e45fba08d70721e82a1bc3dfdda2ba35068212cbabd60ed2513f516,142,0x04e43ba9e8e5075c4614a772b4a9d599b32f2876015b2a71d29ee667232776a5,0x73e02eaab68a41ea63bdae9dbd4b7678827b2352,0x41d5d79431a913c4ae7d69a668ecdfe5ff9dfb68,0x814a19b98a84ec9f72b7609a24cc6cd35a2d0b9e,563058942035913825,Inverse DAO,INV,18,100,141552,100000000000,103448,10033009,deprecated,0x7ff36ab5,"swapExactETHForTokens(uint256 amountOutMin, address[] path, address to, uint256 deadline)",13085001
11976538,1614923591,0x51166d45ed5efe7dd2c7c9f03f55512a6b0d295afe057f8af4e37a9121e8cef8,393,0x04e43ba9e8e5075c4614a772b4a9d599b32f2876015b2a71d29ee667232776a5,0xb268c1c44a349d06a42cf24988162dadc48d839e,0x41d5d79431a913c4ae7d69a668ecdfe5ff9dfb68,0xf17b5b1a97e5a2195684769325c525c8b183e351,3596954866055797593,Inverse DAO,INV,18,103,112698,100000000000,96420,10328643,deprecated,0x38ed1739,"swapExactTokensForTokens(uint256 amountIn, uint256 amountOutMin, address[] path, address to, uint256 deadline)",13085001
11976538,1614923591,0xf4fdbeea09d7f724093e7a750e0797f09c5a6af33ee54447b0ceb5ae6983dc0c,885,0x04e43ba9e8e5075c4614a772b4a9d599b32f2876015b2a71d29ee667232776a5,0x73e02eaab68a41ea63bdae9dbd4b7678827b2352,0x41d5d79431a913c4ae7d69a668ecdfe5ff9dfb68,0xf590b43df3ea9412c3178b7b0e89682ca6c459a7,524983158238759766,Inverse DAO,INV,18,108,158314,99000000000,118448,10906391,deprecated,0x7ff36ab5,"swapExactETHForTokens(uint256 amountOutMin, address[] path, address to, uint256 deadline)",13085001
11976538,1614923591,0x6daf1f3a675626f77e8a524d0257173e7f26f678a37147518e5d832b086bcc96,876,0x04e43ba9e8e5075c4614a772b4a9d599b32f2876015b2a71d29ee667232776a5,0x73e02eaab68a41ea63bdae9dbd4b7678827b2352,0x41d5d79431a913c4ae7d69a668ecdfe5ff9dfb68,0x2cbae16f9237757bc18c89f04e80ba9ba36d2dfd,3847649880922080850,Inverse DAO,INV,18,116,273672,99000000000,157043,11479649,deprecated,0x38ed1739,"swapExactTokensForTokens(uint256 amountIn, uint256 amountOutMin, address[] path, address to, uint256 deadline)",13085001
11976538,1614923591,0x0d67e2c40018e311e55d811cf1d87fa142c31c2ea4d5e343ac4c79c67605e7a3,9461,0x04e43ba9e8e5075c4614a772b4a9d599b32f2876015b2a71d29ee667232776a5,0xb268c1c44a349d06a42cf24988162dadc48d839e,0x41d5d79431a913c4ae7d69a668ecdfe5ff9dfb68,0x78a55b9b3bbeffb36a43d9905f654d2769dc55e8,2086778478895317033,Inverse DAO,INV,18,117,707700,99000000000,297630,11777279,deprecated,0xc89e4361,delegate(),13085001
11976538,1614923591,0x0d67e2c40018e311e55d811cf1d87fa142c31c2ea4d5e343ac4c79c67605e7a3,9461,0x04e43ba9e8e5075c4614a772b4a9d599b32f2876015b2a71d29ee667232776a5,0x78a55b9b3bbeffb36a43d9905f654d2769dc55e8,0x41d5d79431a913c4ae7d69a668ecdfe5ff9dfb68,0x73e02eaab68a41ea63bdae9dbd4b7678827b2352,2086778478895317033,Inverse DAO,INV,18,117,707700,99000000000,297630,11777279,deprecated,0xc89e4361,delegate(),13085001
11976538,1614923591,0x22140f109544ef2eb4dd23ed8265e9c8edc1b75ddff865d3c141f1970971eca9,1067,0x04e43ba9e8e5075c4614a772b4a9d599b32f2876015b2a71d29ee667232776a5,0x73e02eaab68a41ea63bdae9dbd4b7678827b2352,0x41d5d79431a913c4ae7d69a668ecdfe5ff9dfb68,0xea5ab2c244da9b77a631d5fd3bb99c8afd3a5d0b,300000000000000000,Inverse DAO,INV,18,127,163599,95000000000,111427,12371229,deprecated,0xfb3bdb41,"swapETHForExactTokens(uint256 amountOut, address[] path, address to, uint256 deadline)",13085001
11976539,1614923612,0x14c96ae6a6a38d2abc0a70a5318b8cbe75ee8354787409e63fe65d57c54fd87f,153,0x4019e09ebbd6ae82ba12a8a2482e023411890d0a3cd52ef4ed136d705a7f4669,0x73e02eaab68a41ea63bdae9dbd4b7678827b2352,0x41d5d79431a913c4ae7d69a668ecdfe5ff9dfb68,0xba55bdbf959df826da6c35487eb15fad2164662d,1646157814899226104,Inverse DAO,INV,18,0,141552,200000000000,115464,115464,deprecated,0x7ff36ab5,"swapExactETHForTokens(uint256 amountOutMin, address[] path, address to, uint256 deadline)",13085000
11976539,1614923612,0xe4f6df8a56dc07207386bf1db68162bb3553bda5552ca5a222a51d570ef0d212,3393,0x4019e09ebbd6ae82ba12a8a2482e023411890d0a3cd52ef4ed136d705a7f4669,0xb268c1c44a349d06a42cf24988162dadc48d839e,0x41d5d79431a913c4ae7d69a668ecdfe5ff9dfb68,0x73e02eaab68a41ea63bdae9dbd4b7678827b2352,1330099077097952025,Inverse DAO,INV,18,1,608135,200000000000,258892,374356,deprecated,0xfaebafa8,,13085000
11976539,1614923612,0xcd05c4d380a0bee4143eaf96fe7ed2b9f94cbcaa4255977f5e35a0ce43c936c6,4528,0x4019e09ebbd6ae82ba12a8a2482e023411890d0a3cd52ef4ed136d705a7f4669,0x9e353fbdc3ec7290290bda31a8001cb609858adf,0x41d5d79431a913c4ae7d69a668ecdfe5ff9dfb68,0x73e02eaab68a41ea63bdae9dbd4b7678827b2352,2000000000000000000,Inverse DAO,INV,18,25,191866,122000000000,149142,1585236,deprecated,0x18cbafe5,"swapExactTokensForETH(uint256 amountIn, uint256 amountOutMin, address[] path, address to, uint256 deadline)",13085000
11976539,1614923612,0x6c1a201f0ef4ef53d9b5165d5ab22ea1b24580ae84f956bd1a7f27cd18bfc49b,716,0x4019e09ebbd6ae82ba12a8a2482e023411890d0a3cd52ef4ed136d705a7f4669,0x73e02eaab68a41ea63bdae9dbd4b7678827b2352,0x41d5d79431a913c4ae7d69a668ecdfe5ff9dfb68,0x4129b4337d5a2f7278a02ff15bb1e4e548d8ee60,465627617440523617,Inverse DAO,INV,18,26,141552,120000000000,103448,1688684,deprecated,0x7ff36ab5,"swapExactETHForTokens(uint256 amountOutMin, address[] path, address to, uint256 deadline)",13085000
11976539,1614923612,0x15f58a3f466440f95c33a93252370105f415a3d7bff918de90a82da55c4507a5,5546,0x4019e09ebbd6ae82ba12a8a2482e023411890d0a3cd52ef4ed136d705a7f4669,0x73e02eaab68a41ea63bdae9dbd4b7678827b2352,0x41d5d79431a913c4ae7d69a668ecdfe5ff9dfb68,0x1ce2304369d957fc1f0dd32c983f445e449f4c7a,3420614404090628148,Inverse DAO,INV,18,152,180110,100000000000,137953,12014015,deprecated,0x7ff36ab5,"swapExactETHForTokens(uint256 amountOutMin, address[] path, address to, uint256 deadline)",13085000
11976540,1614923633,0xd065f75e6ece0485d3e25510714d93e11d8e1fc9306ac658bb47820d4bb58f1f,19092,0x9603e835dc9b8763537bcb3b3488dd769fbe0edcafd74c3b0c08e98c3c6f83cf,0xb268c1c44a349d06a42cf24988162dadc48d839e,0x41d5d79431a913c4ae7d69a668ecdfe5ff9dfb68,0x73e02eaab68a41ea63bdae9dbd4b7678827b2352,3017913208535567816,Inverse DAO,INV,18,1,406201,951933442604,163101,244162,deprecated,0x01032587,,13084999
11976540,1614923633,0x295f802ebcb570c7d5aab2a92cf123a2c9d2a219fa8822747bfd245e64ebe0b1,154,0x9603e835dc9b8763537bcb3b3488dd769fbe0edcafd74c3b0c08e98c3c6f83cf,0x73e02eaab68a41ea63bdae9dbd4b7678827b2352,0x41d5d79431a913c4ae7d69a668ecdfe5ff9dfb68,0xba55bdbf959df826da6c35487eb15fad2164662d,1840933841455205133,Inverse DAO,INV,18,7,141552,150000000000,103448,590990,deprecated,0x7ff36ab5,"swapExactETHForTokens(uint256 amountOutMin, address[] path, address to, uint256 deadline)",13084999
11976540,1614923633,0x14c4cfbb30cb342f8e0a12634ee1d20701bb0d355dc950f7e33df4aa6c717165,1379,0x9603e835dc9b8763537bcb3b3488dd769fbe0edcafd74c3b0c08e98c3c6f83cf,0x73e02eaab68a41ea63bdae9dbd4b7678827b2352,0x41d5d79431a913c4ae7d69a668ecdfe5ff9dfb68,0x050ee024a0ffd8b9bd383271835b27dd66c3fec3,747279119368962517,Inverse DAO,INV,18,28,141552,115000000000,103448,1735280,deprecated,0x7ff36ab5,"swapExactETHForTokens(uint256 amountOutMin, address[] path, address to, uint256 deadline)",13084999
11976540,1614923633,0x444c8cfe7631a372ee6627c75d959d3ac637bd3baddd10119dba654f5137cd74,66883,0x9603e835dc9b8763537bcb3b3488dd769fbe0edcafd74c3b0c08e98c3c6f83cf,0xb268c1c44a349d06a42cf24988162dadc48d839e,0x41d5d79431a913c4ae7d69a668ecdfe5ff9dfb68,0x860bd2dba9cd475a61e6d1b45e16c365f6d78f66,3144298155873858916,Inverse DAO,INV,18,30,537150,111000000000,253718,2009998,deprecated,0xc89e4361,delegate(),13084999
11976540,1614923633,0x444c8cfe7631a372ee6627c75d959d3ac637bd3baddd10119dba654f5137cd74,66883,0x9603e835dc9b8763537bcb3b3488dd769fbe0edcafd74c3b0c08e98c3c6f83cf,0x860bd2dba9cd475a61e6d1b45e16c365f6d78f66,0x41d5d79431a913c4ae7d69a668ecdfe5ff9dfb68,0x73e02eaab68a41ea63bdae9dbd4b7678827b2352,3144298155873858916,Inverse DAO,INV,18,30,537150,111000000000,253718,2009998,deprecated,0xc89e4361,delegate(),13084999
11976540,1614923633,0x1e180dd6fc550c86a3833483bc653076a86fe9a1b98c0496886daa5779d0bb27,4529,0x9603e835dc9b8763537bcb3b3488dd769fbe0edcafd74c3b0c08e98c3c6f83cf,0x9e353fbdc3ec7290290bda31a8001cb609858adf,0x41d5d79431a913c4ae7d69a668ecdfe5ff9dfb68,0xb268c1c44a349d06a42cf24988162dadc48d839e,4000000000000000000,Inverse DAO,INV,18,31,150672,111000000000,131034,2141032,deprecated,0x38ed1739,"swapExactTokensForTokens(uint256 amountIn, uint256 amountOutMin, address[] path, address to, uint256 deadline)",13084999
11976540,1614923633,0x231a8331e96daf008930c05d885b1d8483f854eae12f899fd4c57fd2279edac0,313,0x9603e835dc9b8763537bcb3b3488dd769fbe0edcafd74c3b0c08e98c3c6f83cf,0x73e02eaab68a41ea63bdae9dbd4b7678827b2352,0x41d5d79431a913c4ae7d69a668ecdfe5ff9dfb68,0xdd6eab518f2660ca6cbf948a5afa6b04e8ba89fd,500000000000000000,Inverse DAO,INV,18,84,166882,101200000000,126427,5578238,deprecated,0xfb3bdb41,"swapETHForExactTokens(uint256 amountOut, address[] path, address to, uint256 deadline)",13084999
11976540,1614923633,0xf85cd9c7704566fd4aaa452eff8c3ee9dd718a1b97f118b176379ce2f89697e1,2525,0x9603e835dc9b8763537bcb3b3488dd769fbe0edcafd74c3b0c08e98c3c6f83cf,0x9a568bfeb8cb19e4bafcb57ee69498d57d9591ca,0x41d5d79431a913c4ae7d69a668ecdfe5ff9dfb68,0x73e02eaab68a41ea63bdae9dbd4b7678827b2352,1000000000000000000,Inverse DAO,INV,18,90,153938,101000000000,114662,6034851,deprecated,0x18cbafe5,"swapExactTokensForETH(uint256 amountIn, uint256 amountOutMin, address[] path, address to, uint256 deadline)",13084999
11976541,1614923650,0x3e6bb92f804afca9bd71f5af5f936cd20778b16e37c1c6335e9378ae4baa7458,14552,0x09d3dbc6cd5ac77c6c5c759ec768d301025ede68720be9a5ee40063faac81369,0x73e02eaab68a41ea63bdae9dbd4b7678827b2352,0x41d5d79431a913c4ae7d69a668ecdfe5ff9dfb68,0x0000000000007f150bd6f54c40a34d7c3d5e9f56,2320601929955620091,Inverse DAO,INV,18,19,482869,121038749998,333148,1428722,deprecated,0x00022587,,13084998
11976541,1614923650,0x3e6bb92f804afca9bd71f5af5f936cd20778b16e37c1c6335e9378ae4baa7458,14552,0x09d3dbc6cd5ac77c6c5c759ec768d301025ede68720be9a5ee40063faac81369,0x0000000000007f150bd6f54c40a34d7c3d5e9f56,0x41d5d79431a913c4ae7d69a668ecdfe5ff9dfb68,0xaba3774d14e43d1771ccfd458a2a640a232c6e7e,2320601929955619840,Inverse DAO,INV,18,19,482869,121038749998,333148,1428722,deprecated,0x00022587,,13084998
11976541,1614923650,0xf013a6cdacc88ae67623cac9d59828fa870288b5a9896c148a5e5aad156737dc,11966,0x09d3dbc6cd5ac77c6c5c759ec768d301025ede68720be9a5ee40063faac81369,0xb268c1c44a349d06a42cf24988162dadc48d839e,0x41d5d79431a913c4ae7d69a668ecdfe5ff9dfb68,0x0000000000007f150bd6f54c40a34d7c3d5e9f56,8936983729538700895,Inverse DAO,INV,18,43,565545,104692820451,330157,2309831,deprecated,0x00032587,,13084998
11976541,1614923650,0xf013a6cdacc88ae67623cac9d59828fa870288b5a9896c148a5e5aad156737dc,11966,0x09d3dbc6cd5ac77c6c5c759ec768d301025ede68720be9a5ee40063faac81369,0x0000000000007f150bd6f54c40a34d7c3d5e9f56,0x41d5d79431a913c4ae7d69a668ecdfe5ff9dfb68,0xaba3774d14e43d1771ccfd458a2a640a232c6e7e,8936983729538701145,Inverse DAO,INV,18,43,565545,104692820451,330157,2309831,deprecated,0x00032587,,13084998
11976541,1614923650,0x05791cca73f3795b2d1552cb157afe47ed6fee5f12b48ee7a0668c3966448293,524,0x09d3dbc6cd5ac77c6c5c759ec768d301025ede68720be9a5ee40063faac81369,0xb719ba7c98bb42d89402470a351acaeb97e00657,0x41d5d79431a913c4ae7d69a668ecdfe5ff9dfb68,0x73e02eaab68a41ea63bdae9dbd4b7678827b2352,1000000000000000000,Inverse DAO,INV,18,101,219777,98000000000,201601,6992377,deprecated,0x38ed1739,"swapExactTokensForTokens(uint256 amountIn, uint256 amountOutMin, address[] path, address to, uint256 deadline)",13084998
11976541,1614923650,0x18d5a9dbcc759a23f0bc3bc5397b649f599a90481c7692b98a9d0fafa6267694,2971,0x09d3dbc6cd5ac77c6c5c759ec768d301025ede68720be9a5ee40063faac81369,0x3455fc3515e39ca200930350001154e96c190162,0x41d5d79431a913c4ae7d69a668ecdfe5ff9dfb68,0x1e21f4d02d25434359534eafbea21e8ef3d50a95,1000000000000000000,Inverse DAO,INV,18,133,136959,95000000000,91306,9769824,deprecated,0xa9059cbb,"transfer(address _to, uint256 _value)",13084998
11976541,1614923650,0x224c9207173de6354dfec5df0fa01e787670ad8515ad44403749a6c3f6562aa2,2972,0x09d3dbc6cd5ac77c6c5c759ec768d301025ede68720be9a5ee40063faac81369,0x3455fc3515e39ca200930350001154e96c190162,0x41d5d79431a913c4ae7d69a668ecdfe5ff9dfb68,0x7932b496c310c75a02701a9a6860d9f97bc8e150,1000000000000000000,Inverse DAO,INV,18,134,136959,100000000000,68589,9838413,deprecated,0xa9059cbb,"transfer(address _to, uint256 _value)",13084998
11976542,1614923658,0x388de65b4084b19c18f8168671829bcd174489e6cc0bc2f8354fc98cc50d45a1,155,0x1c27fd0d2e036f8eb45c40c7072bd196f35012e8b68895bcc556621b90fb7c07,0x73e02eaab68a41ea63bdae9dbd4b7678827b2352,0x41d5d79431a913c4ae7d69a668ecdfe5ff9dfb68,0xba55bdbf959df826da6c35487eb15fad2164662d,1772024340011900433,Inverse DAO,INV,18,5,141552,150000000000,115464,334799,deprecated,0x7ff36ab5,"swapExactETHForTokens(uint256 amountOutMin, address[] path, address to, uint256 deadline)",13084997
11976542,1614923658,0x7ddf724265d742d4e4906690b6643e225c7d30fce1ea5b732e40ca2d6e3ccb6d,1173,0x1c27fd0d2e036f8eb45c40c7072bd196f35012e8b68895bcc556621b90fb7c07,0x7058e797b221c661521dd32a770ed13e08d15430,0x41d5d79431a913c4ae7d69a668ecdfe5ff9dfb68,0xb268c1c44a349d06a42cf24988162dadc48d839e,10000000000000000000,Inverse DAO,INV,18,64,150685,102300000000,143062,3885959,deprecated,0x38ed1739,"swapExactTokensForTokens(uint256 amountIn, uint256 amountOutMin, address[] path, address to, uint256 deadline)",13084997
11976542,1614923658,0x4c450d755d8deccc2e54c71d28ca0d01ea92863b7264d572c9edbcc992bad222,9596,0x1c27fd0d2e036f8eb45c40c7072bd196f35012e8b68895bcc556621b90fb7c07,0xb268c1c44a349d06a42cf24988162dadc48d839e,0x41d5d79431a913c4ae7d69a668ecdfe5ff9dfb68,0x0000000000007f150bd6f54c40a34d7c3d5e9f56,7301797422221719865,Inverse DAO,INV,18,65,419219,102300000000,318219,4204178,deprecated,0x0003191c,,13084997
11976542,1614923658,0x4c450d755d8deccc2e54c71d28ca0d01ea92863b7264d572c9edbcc992bad222,9596,0x1c27fd0d2e036f8eb45c40c7072bd196f35012e8b68895bcc556621b90fb7c07,0x0000000000007f150bd6f54c40a34d7c3d5e9f56,0x41d5d79431a913c4ae7d69a668ecdfe5ff9dfb68,0xaba3774d14e43d1771ccfd458a2a640a232c6e7e,7301791321862274048,Inverse DAO,INV,18,65,419219,102300000000,318219,4204178,deprecated,0x0003191c,,13084997
11976542,1614923658,0xe1363471487161ff44ac47d48d48020852d573920476a4d9424c434784eb4588,1067,0x1c27fd0d2e036f8eb45c40c7072bd196f35012e8b68895bcc556621b90fb7c07,0x73e02eaab68a41ea63bdae9dbd4b7678827b2352,0x41d5d79431a913c4ae7d69a668ecdfe5ff9dfb68,0x4b285583b9ca24685227fcb1c03ea1e77c4656d5,584966984056532245,Inverse DAO,INV,18,68,158314,102000000000,118448,4389947,deprecated,0x7ff36ab5,"swapExactETHForTokens(uint256 amountOutMin, address[] path, address to, uint256 deadline)",13084997
11976542,1614923658,0xdcf42d960e048daa18731c39762b7f901b3bbef0208fb2fca04a57fea4bbf66e,143,0x1c27fd0d2e036f8eb45c40c7072bd196f35012e8b68895bcc556621b90fb7c07,0x73e02eaab68a41ea63bdae9dbd4b7678827b2352,0x41d5d79431a913c4ae7d69a668ecdfe5ff9dfb68,0x814a19b98a84ec9f72b7609a24cc6cd35a2d0b9e,529379007541410062,Inverse DAO,INV,18,85,141552,100000000000,103448,5916055,deprecated,0x7ff36ab5,"swapExactETHForTokens(uint256 amountOutMin, address[] path, address to, uint256 deadline)",13084997
11976542,1614923658,0x733a31c6b16d78f7dffe0f4f08b7b8af882fd0152c7aaa72d199302a08508c06,1997,0x1c27fd0d2e036f8eb45c40c7072bd196f35012e8b68895bcc556621b90fb7c07,0x73e02eaab68a41ea63bdae9dbd4b7678827b2352,0x41d5d79431a913c4ae7d69a668ecdfe5ff9dfb68,0xe069cb01d06ba617bcdf789bf2ff0d5e5ca20c71,2037669503657389788,Inverse DAO,INV,18,106,319854,94000000000,235534,8410660,deprecated,0x90411a32,"swap(address caller,tuple desc,tuple[] calls)",13084997
11976542,1614923658,0x733a31c6b16d78f7dffe0f4f08b7b8af882fd0152c7aaa72d199302a08508c06,1997,0x1c27fd0d2e036f8eb45c40c7072bd196f35012e8b68895bcc556621b90fb7c07,0xe069cb01d06ba617bcdf789bf2ff0d5e5ca20c71,0x41d5d79431a913c4ae7d69a668ecdfe5ff9dfb68,0x910bf2d50fa5e014fd06666f456182d4ab7c8bd2,143916502677051996,Inverse DAO,INV,18,106,319854,94000000000,235534,8410660,deprecated,0x90411a32,"swap(address caller,tuple desc,tuple[] calls)",13084997
11976542,1614923658,0x733a31c6b16d78f7dffe0f4f08b7b8af882fd0152c7aaa72d199302a08508c06,1997,0x1c27fd0d2e036f8eb45c40c7072bd196f35012e8b68895bcc556621b90fb7c07,0xe069cb01d06ba617bcdf789bf2ff0d5e5ca20c71,0x41d5d79431a913c4ae7d69a668ecdfe5ff9dfb68,0x98dca2b9cd7d5ae63f87e36809a352140873ba9d,62760528988912760,Inverse DAO,INV,18,106,319854,94000000000,235534,8410660,deprecated,0x90411a32,"swap(address caller,tuple desc,tuple[] calls)",13084997
11976542,1614923658,0x733a31c6b16d78f7dffe0f4f08b7b8af882fd0152c7aaa72d199302a08508c06,1997,0x1c27fd0d2e036f8eb45c40c7072bd196f35012e8b68895bcc556621b90fb7c07,0xe069cb01d06ba617bcdf789bf2ff0d5e5ca20c71,0x41d5d79431a913c4ae7d69a668ecdfe5ff9dfb68,0x6aed19abab347eb07a2c8b264fc5c4c1b002210b,1830992471991425032,Inverse DAO,INV,18,106,319854,94000000000,235534,8410660,deprecated,0x90411a32,"swap(address caller,tuple desc,tuple[] calls)",13084997
11976542,1614923658,0xa4b5830f8082a73ba944c51057aaf5be8baa63df0b5b1639b62fef04837c407d,4772,0x1c27fd0d2e036f8eb45c40c7072bd196f35012e8b68895bcc556621b90fb7c07,0xb268c1c44a349d06a42cf24988162dadc48d839e,0x41d5d79431a913c4ae7d69a668ecdfe5ff9dfb68,0x78a55b9b3bbeffb36a43d9905f654d2769dc55e8,3049222480076393355,Inverse DAO,INV,18,107,707700,94000000000,277557,8688217,deprecated,0xc89e4361,delegate(),13084997
11976542,1614923658,0xa4b5830f8082a73ba944c51057aaf5be8baa63df0b5b1639b62fef04837c407d,4772,0x1c27fd0d2e036f8eb45c40c7072bd196f35012e8b68895bcc556621b90fb7c07,0x78a55b9b3bbeffb36a43d9905f654d2769dc55e8,0x41d5d79431a913c4ae7d69a668ecdfe5ff9dfb68,0x73e02eaab68a41ea63bdae9dbd4b7678827b2352,3049222480076393355,Inverse DAO,INV,18,107,707700,94000000000,277557,8688217,deprecated,0xc89e4361,delegate(),13084997
11976543,1614923666,0x3be1ca924a3f5d32853df8eddf2e820a892c1618218ebb6fdfa2d84fe7950eae,71,0xfe33b5fb7e65d9ef97cab12eae64ed30939b9c2078fd0c60756e76cfa04c33a6,0x73e02eaab68a41ea63bdae9dbd4b7678827b2352,0x41d5d79431a913c4ae7d69a668ecdfe5ff9dfb68,0x630582773b7276ece936c93b61f4ae01d72b2bf2,149042520446468538,Inverse DAO,INV,18,44,141552,98000000000,115464,2708862,deprecated,0x7ff36ab5,"swapExactETHForTokens(uint256 amountOutMin, address[] path, address to, uint256 deadline)",13084996
11976543,1614923666,0x69289c40060f5bd6fe9db1e9cc822956da7a85ad9b952ac5adfde8728b532fc8,42937,0xfe33b5fb7e65d9ef97cab12eae64ed30939b9c2078fd0c60756e76cfa04c33a6,0xb268c1c44a349d06a42cf24988162dadc48d839e,0x41d5d79431a913c4ae7d69a668ecdfe5ff9dfb68,0x860bd2dba9cd475a61e6d1b45e16c365f6d78f66,617082831786965751,Inverse DAO,INV,18,116,537150,92000000030,277750,9157768,deprecated,0xc89e4361,delegate(),13084996
11976543,1614923666,0x69289c40060f5bd6fe9db1e9cc822956da7a85ad9b952ac5adfde8728b532fc8,42937,0xfe33b5fb7e65d9ef97cab12eae64ed30939b9c2078fd0c60756e76cfa04c33a6,0x860bd2dba9cd475a61e6d1b45e16c365f6d78f66,0x41d5d79431a913c4ae7d69a668ecdfe5ff9dfb68,0x73e02eaab68a41ea63bdae9dbd4b7678827b2352,617082831786965751,Inverse DAO,INV,18,116,537150,92000000030,277750,9157768,deprecated,0xc89e4361,delegate(),13084996
11976543,1614923666,0x3a480671acea35b406298dd0dafc0306aaa2649a66a45bd1cce080c87ee4c196,449,0xfe33b5fb7e65d9ef97cab12eae64ed30939b9c2078fd0c60756e76cfa04c33a6,0x73e02eaab68a41ea63bdae9dbd4b7678827b2352,0x41d5d79431a913c4ae7d69a668ecdfe5ff9dfb68,0x9b80f044123c90e28b1ebc486b422975e58ceba9,318077448056029930,Inverse DAO,INV,18,123,158314,92000000000,118448,9638833,deprecated,0x7ff36ab5,"swapExactETHForTokens(uint256 amountOutMin, address[] path, address to, uint256 deadline)",13084996
11976545,1614923676,0x8c729fe2231b420a61ea261cfe3edbd1853b4c5f15b537cd17389dd84a2f1892,2162,0x8d6da4d3d97491060acf512309b6566d2f02fd67b550590fa7be1ad01b541e23,0xb268c1c44a349d06a42cf24988162dadc48d839e,0x41d5d79431a913c4ae7d69a668ecdfe5ff9dfb68,0x1512c7c4a4266dc9a56b1f21c8cb19e13410e684,1000000000000000000,Inverse DAO,INV,18,2,142896,200000000000,123444,327645,deprecated,0x8803dbee,"swapTokensForExactTokens(uint256 amountOut, uint256 amountInMax, address[] path, address to, uint256 deadline)",13084994
11976545,1614923676,0x180193316bda055ade913b87946566fb6fb7f4f0e19c350681a77adb5dfe3a77,156,0x8d6da4d3d97491060acf512309b6566d2f02fd67b550590fa7be1ad01b541e23,0x73e02eaab68a41ea63bdae9dbd4b7678827b2352,0x41d5d79431a913c4ae7d69a668ecdfe5ff9dfb68,0xba55bdbf959df826da6c35487eb15fad2164662d,726534459456186367,Inverse DAO,INV,18,12,154980,150000000000,115464,1067201,deprecated,0x7ff36ab5,"swapExactETHForTokens(uint256 amountOutMin, address[] path, address to, uint256 deadline)",13084994
11976545,1614923676,0xfbe34d204770e2890c2b8ec72fe4856386d1650e9ee1693aa78de716b6a593e0,4530,0x8d6da4d3d97491060acf512309b6566d2f02fd67b550590fa7be1ad01b541e23,0x9e353fbdc3ec7290290bda31a8001cb609858adf,0x41d5d79431a913c4ae7d69a668ecdfe5ff9dfb68,0xb268c1c44a349d06a42cf24988162dadc48d839e,4000000000000000000,Inverse DAO,INV,18,16,164100,144000000000,131034,1374465,deprecated,0x38ed1739,"swapExactTokensForTokens(uint256 amountIn, uint256 amountOutMin, address[] path, address to, uint256 deadline)",13084994
11976545,1614923676,0x6631bffb05ea3dcb1522f654cc8871f1367b4f8dc1efadc163266f3e46289823,4531,0x8d6da4d3d97491060acf512309b6566d2f02fd67b550590fa7be1ad01b541e23,0x9e353fbdc3ec7290290bda31a8001cb609858adf,0x41d5d79431a913c4ae7d69a668ecdfe5ff9dfb68,0x73e02eaab68a41ea63bdae9dbd4b7678827b2352,2000000000000000000,Inverse DAO,INV,18,17,205084,144000000000,126425,1500890,deprecated,0x18cbafe5,"swapExactTokensForETH(uint256 amountIn, uint256 amountOutMin, address[] path, address to, uint256 deadline)",13084994
11976545,1614923676,0xe2aa690ce9edd9a8b05ee07fe38bacd4c457a581de681d3bfae55b1283ba4101,1117,0x8d6da4d3d97491060acf512309b6566d2f02fd67b550590fa7be1ad01b541e23,0x73e02eaab68a41ea63bdae9dbd4b7678827b2352,0x41d5d79431a913c4ae7d69a668ecdfe5ff9dfb68,0xb7626141ef37f183a7a61dce76304c8b074c0988,718154471449055363,Inverse DAO,INV,18,70,158314,110000000000,118448,4312387,deprecated,0x7ff36ab5,"swapExactETHForTokens(uint256 amountOutMin, address[] path, address to, uint256 deadline)",13084994
11976545,1614923676,0xa754a09922e44cc7c3650798bd7b1261c5ca10c6362161dea1831fb68042c985,207,0x8d6da4d3d97491060acf512309b6566d2f02fd67b550590fa7be1ad01b541e23,0x73e02eaab68a41ea63bdae9dbd4b7678827b2352,0x41d5d79431a913c4ae7d69a668ecdfe5ff9dfb68,0x79983ebbc438b4da16c639627ad8cbf6774e9367,990647129151507711,Inverse DAO,INV,18,118,201304,101000000000,157599,8233825,deprecated,0x38ed1739,"swapExactTokensForTokens(uint256 amountIn, uint256 amountOutMin, address[] path, address to, uint256 deadline)",13084994
11976545,1614923676,0xd2e11bbaee79dfc5aeb6586cb09ad79015a091c4682b9009d471a0ae4b539bb3,2526,0x8d6da4d3d97491060acf512309b6566d2f02fd67b550590fa7be1ad01b541e23,0x9a568bfeb8cb19e4bafcb57ee69498d57d9591ca,0x41d5d79431a913c4ae7d69a668ecdfe5ff9dfb68,0x73e02eaab68a41ea63bdae9dbd4b7678827b2352,1000000000000000000,Inverse DAO,INV,18,121,167156,101000000000,114662,8438168,deprecated,0x18cbafe5,"swapExactTokensForETH(uint256 amountIn, uint256 amountOutMin, address[] path, address to, uint256 deadline)",13084994
11976545,1614923676,0x78009790e2f11a284dd6326cde97c9bd103e35200f8280efc1a6dfc88bf1efe0,361,0x8d6da4d3d97491060acf512309b6566d2f02fd67b550590fa7be1ad01b541e23,0x73e02eaab68a41ea63bdae9dbd4b7678827b2352,0x41d5d79431a913c4ae7d69a668ecdfe5ff9dfb68,0xcca5653c42f4bd2413a1ffb3010cea758b40df79,1000000000000000000,Inverse DAO,INV,18,126,163599,101000000000,111427,8642039,deprecated,0xfb3bdb41,"swapETHForExactTokens(uint256 amountOut, address[] path, address to, uint256 deadline)",13084994
11976545,1614923676,0x38046f7b5537d2ad4862fdc9981bfbb3600a2221c58662952d2a7b0c99cc9669,84,0x8d6da4d3d97491060acf512309b6566d2f02fd67b550590fa7be1ad01b541e23,0x73e02eaab68a41ea63bdae9dbd4b7678827b2352,0x41d5d79431a913c4ae7d69a668ecdfe5ff9dfb68,0xf0a3b6daac28a0fce094f2cf264e040373d86f3f,1273244550806742485,Inverse DAO,INV,18,135,158314,100000000000,118448,9245071,deprecated,0x7ff36ab5,"swapExactETHForTokens(uint256 amountOutMin, address[] path, address to, uint256 deadline)",13084994
11976545,1614923676,0xd46ce32533167ec9d57981ca966f1baa4f223d9889bbdfa5e82f79c806ed7bac,629,0x8d6da4d3d97491060acf512309b6566d2f02fd67b550590fa7be1ad01b541e23,0xb268c1c44a349d06a42cf24988162dadc48d839e,0x41d5d79431a913c4ae7d69a668ecdfe5ff9dfb68,0x73e02eaab68a41ea63bdae9dbd4b7678827b2352,1787603125050721648,Inverse DAO,INV,18,136,608135,100000000000,234848,9479919,deprecated,0xfaebafa8,,13084994
11976545,1614923676,0x043cb699a570b912f6123834a6c0cf8d11a3afff2af593f08336d2f6d4074d19,395,0x8d6da4d3d97491060acf512309b6566d2f02fd67b550590fa7be1ad01b541e23,0xb268c1c44a349d06a42cf24988162dadc48d839e,0x41d5d79431a913c4ae7d69a668ecdfe5ff9dfb68,0xf17b5b1a97e5a2195684769325c525c8b183e351,2393110638327459153,Inverse DAO,INV,18,166,112698,96000000000,96420,11943065,deprecated,0x38ed1739,"swapExactTokensForTokens(uint256 amountIn, uint256 amountOutMin, address[] path, address to, uint256 deadline)",13084994
11976545,1614923676,0xa48a3c81ff31a9017734607f4d1ff935cb6f457c32d44394c7e88935b8737a7a,1068,0x8d6da4d3d97491060acf512309b6566d2f02fd67b550590fa7be1ad01b541e23,0x73e02eaab68a41ea63bdae9dbd4b7678827b2352,0x41d5d79431a913c4ae7d69a668ecdfe5ff9dfb68,0xea5ab2c244da9b77a631d5fd3bb99c8afd3a5d0b,300000000000000000,Inverse DAO,INV,18,169,163599,96000000000,111427,12279232,deprecated,0xfb3bdb41,"swapETHForExactTokens(uint256 amountOut, address[] path, address to, uint256 deadline)",13084994
11976546,1614923699,0xef376725cc4c1cb06454f95f53fe5ac9beabef644e89529e327076bd5784a2ce,2178,0x4c1f01217c5c087e69869ee5d3696bb7f1fbe2598e78894430f4507190644c45,0x6c1ddfb81a3666188267296f10253a5a9b5bae40,0x41d5d79431a913c4ae7d69a668ecdfe5ff9dfb68,0x73e02eaab68a41ea63bdae9dbd4b7678827b2352,5967537588696242163,Inverse DAO,INV,18,0,201284,301110000000,161566,161566,deprecated,0xe8e33700,"addLiquidity(address tokenA, address tokenB, uint256 amountADesired, uint256 amountBDesired, uint256 amountAMin, uint256 amountBMin, address to, uint256 deadline)",13084993
11976546,1614923699,0xc0d2f7068fd7f6bf4027b219cc5100a0c4ccf10854d18db9fcc247e7c4232a99,717,0x4c1f01217c5c087e69869ee5d3696bb7f1fbe2598e78894430f4507190644c45,0x73e02eaab68a41ea63bdae9dbd4b7678827b2352,0x41d5d79431a913c4ae7d69a668ecdfe5ff9dfb68,0x4129b4337d5a2f7278a02ff15bb1e4e548d8ee60,849228734314311061,Inverse DAO,INV,18,13,154980,160000000000,103448,1048919,deprecated,0x7ff36ab5,"swapExactETHForTokens(uint256 amountOutMin, address[] path, address to, uint256 deadline)",13084993
11976546,1614923699,0x8445da6cce3024aad0e67e742c0e33c73b6e258958b3de574e4cd276485b22e5,157,0x4c1f01217c5c087e69869ee5d3696bb7f1fbe2598e78894430f4507190644c45,0x73e02eaab68a41ea63bdae9dbd4b7678827b2352,0x41d5d79431a913c4ae7d69a668ecdfe5ff9dfb68,0xba55bdbf959df826da6c35487eb15fad2164662d,647209015843521601,Inverse DAO,INV,18,72,141539,120000000000,103436,4229603,deprecated,0x7ff36ab5,"swapExactETHForTokens(uint256 amountOutMin, address[] path, address to, uint256 deadline)",13084993
11976546,1614923699,0x237a9e00a6fe73f29fa50c9dafcbf247367873b8a070fae9593284eaca1328ce,158,0x4c1f01217c5c087e69869ee5d3696bb7f1fbe2598e78894430f4507190644c45,0x73e02eaab68a41ea63bdae9dbd4b7678827b2352,0x41d5d79431a913c4ae7d69a668ecdfe5ff9dfb68,0xba55bdbf959df826da6c35487eb15fad2164662d,598814224282938683,Inverse DAO,INV,18,80,141552,120000000000,103448,4646583,deprecated,0x7ff36ab5,"swapExactETHForTokens(uint256 amountOutMin, address[] path, address to, uint256 deadline)",13084993
11976546,1614923699,0x70ed63f701ade7ce4889afe925b7fcab7c758ef0b6782e24656a0879a29ced2b,159,0x4c1f01217c5c087e69869ee5d3696bb7f1fbe2598e78894430f4507190644c45,0x73e02eaab68a41ea63bdae9dbd4b7678827b2352,0x41d5d79431a913c4ae7d69a668ecdfe5ff9dfb68,0xba55bdbf959df826da6c35487eb15fad2164662d,555654194571903896,Inverse DAO,INV,18,83,141552,120000000000,103448,4862437,deprecated,0x7ff36ab5,"swapExactETHForTokens(uint256 amountOutMin, address[] path, address to, uint256 deadline)",13084993
11976546,1614923699,0x72263ace1af403c987f71dc95428d8d7ccbf3d70885b5d80f7cc3d07d98e15d6,160,0x4c1f01217c5c087e69869ee5d3696bb7f1fbe2598e78894430f4507190644c45,0x73e02eaab68a41ea63bdae9dbd4b7678827b2352,0x41d5d79431a913c4ae7d69a668ecdfe5ff9dfb68,0xba55bdbf959df826da6c35487eb15fad2164662d,517000066407489136,Inverse DAO,INV,18,87,141552,120000000000,103448,5054131,deprecated,0x7ff36ab5,"swapExactETHForTokens(uint256 amountOutMin, address[] path, address to, uint256 deadline)",13084993
11976546,1614923699,0xf07d3553336ab2a374e1a1b86e019bca5d75e3ba7728d8a09511409f3bdc0974,161,0x4c1f01217c5c087e69869ee5d3696bb7f1fbe2598e78894430f4507190644c45,0x73e02eaab68a41ea63bdae9dbd4b7678827b2352,0x41d5d79431a913c4ae7d69a668ecdfe5ff9dfb68,0xba55bdbf959df826da6c35487eb15fad2164662d,482245581004170737,Inverse DAO,INV,18,93,141552,120000000000,103448,5366849,deprecated,0x7ff36ab5,"swapExactETHForTokens(uint256 amountOutMin, address[] path, address to, uint256 deadline)",13084993
11976546,1614923699,0xd78ee908cd80a70cdfa9420dfe24f6f37e2cd8e18823fb6e1ae9002dfb105326,186,0x4c1f01217c5c087e69869ee5d3696bb7f1fbe2598e78894430f4507190644c45,0xc14c263ed59263fdd8298a4bc821b0fa5987f48f,0x41d5d79431a913c4ae7d69a668ecdfe5ff9dfb68,0x73e02eaab68a41ea63bdae9dbd4b7678827b2352,1000000000000000000,Inverse DAO,INV,18,117,263184,110000000000,216601,6793783,deprecated,0x38ed1739,"swapExactTokensForTokens(uint256 amountIn, uint256 amountOutMin, address[] path, address to, uint256 deadline)",13084993
11976546,1614923699,0xe55afca0d9186e584d03ea72f3af8138682dafc8ea50340ce4397999edf77419,26392,0x4c1f01217c5c087e69869ee5d3696bb7f1fbe2598e78894430f4507190644c45,0xb268c1c44a349d06a42cf24988162dadc48d839e,0x41d5d79431a913c4ae7d69a668ecdfe5ff9dfb68,0x860bd2dba9cd475a61e6d1b45e16c365f6d78f66,1670921048421422360,Inverse DAO,INV,18,159,537150,103400000000,265734,10005789,deprecated,0xc89e4361,delegate(),13084993
11976546,1614923699,0xe55afca0d9186e584d03ea72f3af8138682dafc8ea50340ce4397999edf77419,26392,0x4c1f01217c5c087e69869ee5d3696bb7f1fbe2598e78894430f4507190644c45,0x860bd2dba9cd475a61e6d1b45e16c365f6d78f66,0x41d5d79431a913c4ae7d69a668ecdfe5ff9dfb68,0x73e02eaab68a41ea63bdae9dbd4b7678827b2352,1670921048421422360,Inverse DAO,INV,18,159,537150,103400000000,265734,10005789,deprecated,0xc89e4361,delegate(),13084993
11976546,1614923699,0xe9dab0a3e9a147e6bb8a64e0190ecb44d4793366a8efc02ac12a44130c479baa,2238,0x4c1f01217c5c087e69869ee5d3696bb7f1fbe2598e78894430f4507190644c45,0xb268c1c44a349d06a42cf24988162dadc48d839e,0x41d5d79431a913c4ae7d69a668ecdfe5ff9dfb68,0x73e02eaab68a41ea63bdae9dbd4b7678827b2352,1570036815713798136,Inverse DAO,INV,18,162,608135,103400000000,234860,10351204,deprecated,0xfaebafa8,,13084993
11976547,1614923742,0x329c226eb02ebbae3ceb0b683075bafa8a62127d0aedb040d3cd54bd6e63cafc,2527,0x3a6aa9d1485f59eda2d04cab3f54f2f826ba31ef4d2fa70518098faf434fc4b7,0x9a568bfeb8cb19e4bafcb57ee69498d57d9591ca,0x41d5d79431a913c4ae7d69a668ecdfe5ff9dfb68,0x73e02eaab68a41ea63bdae9dbd4b7678827b2352,1000000000000000000,Inverse DAO,INV,18,134,167156,101000000000,126678,11896838,deprecated,0x18cbafe5,"swapExactTokensForETH(uint256 amountIn, uint256 amountOutMin, address[] path, address to, uint256 deadline)",13084992
11976547,1614923742,0xa45810ecf134979b99a5ee32dff09358ee9c31eff570bf8ed614420868e28f2e,208,0x3a6aa9d1485f59eda2d04cab3f54f2f826ba31ef4d2fa70518098faf434fc4b7,0x73e02eaab68a41ea63bdae9dbd4b7678827b2352,0x41d5d79431a913c4ae7d69a668ecdfe5ff9dfb68,0x79983ebbc438b4da16c639627ad8cbf6774e9367,600000000000000000,Inverse DAO,INV,18,139,150382,101000000000,111427,12395496,deprecated,0xfb3bdb41,"swapETHForExactTokens(uint256 amountOut, address[] path, address to, uint256 deadline)",13084992
11976548,1614923752,0x128c070d46c8290d92283a681b52f4a7be87262c9a036929dcc107c7f6685ce2,37915,0x204535643f06dc5e55b5939c17670210fb20417ae2122133bbc4032d410264e3,0x73e02eaab68a41ea63bdae9dbd4b7678827b2352,0x41d5d79431a913c4ae7d69a668ecdfe5ff9dfb68,0xc6e6dd6a0c61651d1bc055dc1c22418a729d41bb,1679755642569550399,Inverse DAO,INV,18,2,800000,150101000000,115670,173022,deprecated,0x00000001,relay1GsWnfsIQROy(),13084991
11976548,1614923752,0x3a86c7e3cd12c7cae0eb8fb4cf5931271583eae2a3f2d8bd46618d37a55a3c2a,719,0x204535643f06dc5e55b5939c17670210fb20417ae2122133bbc4032d410264e3,0x73e02eaab68a41ea63bdae9dbd4b7678827b2352,0x41d5d79431a913c4ae7d69a668ecdfe5ff9dfb68,0xe069cb01d06ba617bcdf789bf2ff0d5e5ca20c71,3014112638884882382,Inverse DAO,INV,18,3,441660,150000000000,184632,357654,deprecated,0x34b0793b,"discountedSwap(address caller,tuple desc,tuple[] calls)",13084991
11976548,1614923752,0x3a86c7e3cd12c7cae0eb8fb4cf5931271583eae2a3f2d8bd46618d37a55a3c2a,719,0x204535643f06dc5e55b5939c17670210fb20417ae2122133bbc4032d410264e3,0xe069cb01d06ba617bcdf789bf2ff0d5e5ca20c71,0x41d5d79431a913c4ae7d69a668ecdfe5ff9dfb68,0x910bf2d50fa5e014fd06666f456182d4ab7c8bd2,25933284585117652,Inverse DAO,INV,18,3,441660,150000000000,184632,357654,deprecated,0x34b0793b,"discountedSwap(address caller,tuple desc,tuple[] calls)",13084991
11976548,1614923752,0x3a86c7e3cd12c7cae0eb8fb4cf5931271583eae2a3f2d8bd46618d37a55a3c2a,719,0x204535643f06dc5e55b5939c17670210fb20417ae2122133bbc4032d410264e3,0xe069cb01d06ba617bcdf789bf2ff0d5e5ca20c71,0x41d5d79431a913c4ae7d69a668ecdfe5ff9dfb68,0x4dacd010e15e220bc6c5c3210d166505d2b6c63a,2988179354299764730,Inverse DAO,INV,18,3,441660,150000000000,184632,357654,deprecated,0x34b0793b,"discountedSwap(address caller,tuple desc,tuple[] calls)",13084991
11976548,1614923752,0x434c6df3c37c6ff0a0e3caf391c3e9d2d90ebed09ef8e7dfa223da1e7915e25b,76141,0x204535643f06dc5e55b5939c17670210fb20417ae2122133bbc4032d410264e3,0xb268c1c44a349d06a42cf24988162dadc48d839e,0x41d5d79431a913c4ae7d69a668ecdfe5ff9dfb68,0x860bd2dba9cd475a61e6d1b45e16c365f6d78f66,2232032795844149207,Inverse DAO,INV,18,4,537150,150000000000,277750,635404,deprecated,0xc89e4361,delegate(),13084991
11976548,1614923752,0x434c6df3c37c6ff0a0e3caf391c3e9d2d90ebed09ef8e7dfa223da1e7915e25b,76141,0x204535643f06dc5e55b5939c17670210fb20417ae2122133bbc4032d410264e3,0x860bd2dba9cd475a61e6d1b45e16c365f6d78f66,0x41d5d79431a913c4ae7d69a668ecdfe5ff9dfb68,0x73e02eaab68a41ea63bdae9dbd4b7678827b2352,2232032795844149207,Inverse DAO,INV,18,4,537150,150000000000,277750,635404,deprecated,0xc89e4361,delegate(),13084991
11976548,1614923752,0x53fd668f64cbe8c2e8260ab0f3f1c49d28bc143e4753c059c2610072c326577c,50838,0x204535643f06dc5e55b5939c17670210fb20417ae2122133bbc4032d410264e3,0xc6e6dd6a0c61651d1bc055dc1c22418a729d41bb,0x41d5d79431a913c4ae7d69a668ecdfe5ff9dfb68,0x73e02eaab68a41ea63bdae9dbd4b7678827b2352,1679755642569550398,Inverse DAO,INV,18,7,800000,149999999999,99855,830650,deprecated,0x00000008,,13084991
11976548,1614923752,0x70c0d6b470c609f93a571821f4d703e0821fe83afe17111ccee6d5b4116a755a,4534,0x204535643f06dc5e55b5939c17670210fb20417ae2122133bbc4032d410264e3,0x9e353fbdc3ec7290290bda31a8001cb609858adf,0x41d5d79431a913c4ae7d69a668ecdfe5ff9dfb68,0xb268c1c44a349d06a42cf24988162dadc48d839e,4000000000000000000,Inverse DAO,INV,18,18,164100,122000000000,131034,1399578,deprecated,0x38ed1739,"swapExactTokensForTokens(uint256 amountIn, uint256 amountOutMin, address[] path, address to, uint256 deadline)",13084991
11976548,1614923752,0x96dba1ed5a28a335c0e8a43e4bd4e4b1dd87d2f52fe137ba7b72462d73387ea8,162,0x204535643f06dc5e55b5939c17670210fb20417ae2122133bbc4032d410264e3,0x73e02eaab68a41ea63bdae9dbd4b7678827b2352,0x41d5d79431a913c4ae7d69a668ecdfe5ff9dfb68,0xba55bdbf959df826da6c35487eb15fad2164662d,727931071279403343,Inverse DAO,INV,18,31,141552,120000000000,103448,1863543,deprecated,0x7ff36ab5,"swapExactETHForTokens(uint256 amountOutMin, address[] path, address to, uint256 deadline)",13084991
11976548,1614923752,0xb23ae20f7d2a2c1c11726adaa991f14368d944bb9528d770de6e049bb21b517d,1174,0x204535643f06dc5e55b5939c17670210fb20417ae2122133bbc4032d410264e3,0x7058e797b221c661521dd32a770ed13e08d15430,0x41d5d79431a913c4ae7d69a668ecdfe5ff9dfb68,0xb268c1c44a349d06a42cf24988162dadc48d839e,10000000000000000000,Inverse DAO,INV,18,42,150685,112530000000,131046,2412039,deprecated,0x38ed1739,"swapExactTokensForTokens(uint256 amountIn, uint256 amountOutMin, address[] path, address to, uint256 deadline)",13084991
11976548,1614923752,0x69c8aad13b2e335aabc1bdce4b065fc5efeab168b848018a58818413dab4c6ab,2684,0x204535643f06dc5e55b5939c17670210fb20417ae2122133bbc4032d410264e3,0x73e02eaab68a41ea63bdae9dbd4b7678827b2352,0x41d5d79431a913c4ae7d69a668ecdfe5ff9dfb68,0x28ac9e4eeca87b5310cb64fbe8ff22f498deae07,1191972087735217760,Inverse DAO,INV,18,101,219421,101000000000,162053,5611777,deprecated,0x38ed1739,"swapExactTokensForTokens(uint256 amountIn, uint256 amountOutMin, address[] path, address to, uint256 deadline)",13084991
11976548,1614923752,0x1a1158114ac3573b5a5d31cec8094d322a49d84e7e0bc509638df62a6dca869c,20098,0x204535643f06dc5e55b5939c17670210fb20417ae2122133bbc4032d410264e3,0xb268c1c44a349d06a42cf24988162dadc48d839e,0x41d5d79431a913c4ae7d69a668ecdfe5ff9dfb68,0x860bd2dba9cd475a61e6d1b45e16c365f6d78f66,1841584971744014173,Inverse DAO,INV,18,102,537150,101000000000,253718,5865495,deprecated,0xc89e4361,delegate(),13084991
11976548,1614923752,0x1a1158114ac3573b5a5d31cec8094d322a49d84e7e0bc509638df62a6dca869c,20098,0x204535643f06dc5e55b5939c17670210fb20417ae2122133bbc4032d410264e3,0x860bd2dba9cd475a61e6d1b45e16c365f6d78f66,0x41d5d79431a913c4ae7d69a668ecdfe5ff9dfb68,0x73e02eaab68a41ea63bdae9dbd4b7678827b2352,1841584971744014173,Inverse DAO,INV,18,102,537150,101000000000,253718,5865495,deprecated,0xc89e4361,delegate(),13084991
11976548,1614923752,0x22fecab24097a532b9d3843b22dd427c1ce4679c93a27d1a3dbb31cd863874b3,8611,0x204535643f06dc5e55b5939c17670210fb20417ae2122133bbc4032d410264e3,0xb268c1c44a349d06a42cf24988162dadc48d839e,0x41d5d79431a913c4ae7d69a668ecdfe5ff9dfb68,0x78a55b9b3bbeffb36a43d9905f654d2769dc55e8,1838579565489945824,Inverse DAO,INV,18,103,707700,101000000000,297630,6163125,deprecated,0xc89e4361,delegate(),13084991
11976548,1614923752,0x22fecab24097a532b9d3843b22dd427c1ce4679c93a27d1a3dbb31cd863874b3,8611,0x204535643f06dc5e55b5939c17670210fb20417ae2122133bbc4032d410264e3,0x78a55b9b3bbeffb36a43d9905f654d2769dc55e8,0x41d5d79431a913c4ae7d69a668ecdfe5ff9dfb68,0x73e02eaab68a41ea63bdae9dbd4b7678827b2352,1838579565489945824,Inverse DAO,INV,18,103,707700,101000000000,297630,6163125,deprecated,0xc89e4361,delegate(),13084991
11976548,1614923752,0x4442ff3d05ef1c213d8b224f55dab7a45bc938361a6227ba1bca4f01c5705714,886,0x204535643f06dc5e55b5939c17670210fb20417ae2122133bbc4032d410264e3,0x73e02eaab68a41ea63bdae9dbd4b7678827b2352,0x41d5d79431a913c4ae7d69a668ecdfe5ff9dfb68,0xf590b43df3ea9412c3178b7b0e89682ca6c459a7,706470144301347156,Inverse DAO,INV,18,127,141552,99000000000,103448,8577952,deprecated,0x7ff36ab5,"swapExactETHForTokens(uint256 amountOutMin, address[] path, address to, uint256 deadline)",13084991
11976548,1614923752,0xaa267e219b32224a0b436607ede1354398f092c85d9993ad9cdf43f470d9883b,269,0x204535643f06dc5e55b5939c17670210fb20417ae2122133bbc4032d410264e3,0x73e02eaab68a41ea63bdae9dbd4b7678827b2352,0x41d5d79431a913c4ae7d69a668ecdfe5ff9dfb68,0xeb27eef2fa67d92a3a0ebb1bd970fdd1d1d02cea,1269658939657978105,Inverse DAO,INV,18,146,158314,98000000000,118448,10370196,deprecated,0x7ff36ab5,"swapExactETHForTokens(uint256 amountOutMin, address[] path, address to, uint256 deadline)",13084991
11976548,1614923752,0xca14f4dc6976520926ec64e67757e17cafc179398368c21256f25cbac6e1c378,12370,0x204535643f06dc5e55b5939c17670210fb20417ae2122133bbc4032d410264e3,0xb268c1c44a349d06a42cf24988162dadc48d839e,0x41d5d79431a913c4ae7d69a668ecdfe5ff9dfb68,0x860bd2dba9cd475a61e6d1b45e16c365f6d78f66,1684749415811280874,Inverse DAO,INV,18,147,537150,98000000000,253718,10623914,deprecated,0xc89e4361,delegate(),13084991
11976548,1614923752,0xca14f4dc6976520926ec64e67757e17cafc179398368c21256f25cbac6e1c378,12370,0x204535643f06dc5e55b5939c17670210fb20417ae2122133bbc4032d410264e3,0x860bd2dba9cd475a61e6d1b45e16c365f6d78f66,0x41d5d79431a913c4ae7d69a668ecdfe5ff9dfb68,0x73e02eaab68a41ea63bdae9dbd4b7678827b2352,1684749415811280874,Inverse DAO,INV,18,147,537150,98000000000,253718,10623914,deprecated,0xc89e4361,delegate(),13084991
11976548,1614923752,0xcb272f2546ac2c4321809c516b480840956df704849fe002ef649b5032eca739,1471,0x204535643f06dc5e55b5939c17670210fb20417ae2122133bbc4032d410264e3,0x73e02eaab68a41ea63bdae9dbd4b7678827b2352,0x41d5d79431a913c4ae7d69a668ecdfe5ff9dfb68,0x79c75baae15ef527a81a094d9560f219fffd7b15,1068023605686609812,Inverse DAO,INV,18,163,210787,97000000000,166220,11795829,deprecated,0x38ed1739,"swapExactTokensForTokens(uint256 amountIn, uint256 amountOutMin, address[] path, address to, uint256 deadline)",13084991
11976548,1614923752,0x82021b09cd89756a79987b54b213d16c5963dadc22861c39add4780e7ed6ed99,2528,0x204535643f06dc5e55b5939c17670210fb20417ae2122133bbc4032d410264e3,0x9a568bfeb8cb19e4bafcb57ee69498d57d9591ca,0x41d5d79431a913c4ae7d69a668ecdfe5ff9dfb68,0x73e02eaab68a41ea63bdae9dbd4b7678827b2352,1000000000000000000,Inverse DAO,INV,18,165,153938,97000000000,114662,11933625,deprecated,0x18cbafe5,"swapExactTokensForETH(uint256 amountIn, uint256 amountOutMin, address[] path, address to, uint256 deadline)",13084991
11976549,1614923764,0x603770f148bc5176384812a172a108d3491a9459cad0038406e14696d3dc79ec,2529,0x7de34ab80da134d4830330d6f92fea2c88a3c2a1b6abf110346b47e8cafd30df,0x9a568bfeb8cb19e4bafcb57ee69498d57d9591ca,0x41d5d79431a913c4ae7d69a668ecdfe5ff9dfb68,0x73e02eaab68a41ea63bdae9dbd4b7678827b2352,1000000000000000000,Inverse DAO,INV,18,22,153938,97000000000,126678,1701120,deprecated,0x18cbafe5,"swapExactTokensForETH(uint256 amountIn, uint256 amountOutMin, address[] path, address to, uint256 deadline)",13084990
11976549,1614923764,0xa5cacb0092756e30168d1c0c349e15c46fede1817e6882a0748642239a96089a,46494,0x7de34ab80da134d4830330d6f92fea2c88a3c2a1b6abf110346b47e8cafd30df,0x73e02eaab68a41ea63bdae9dbd4b7678827b2352,0x41d5d79431a913c4ae7d69a668ecdfe5ff9dfb68,0x0555bdebc3429585b4594285a76f853725a49532,2792400781794714948,Inverse DAO,INV,18,63,192605,95000000048,122129,4212237,deprecated,0x6a80c33f,,13084990
11976549,1614923764,0x3b8cd2f8663b54cf49ac3863be5cf4a04a2038031028ea8901d6451af5fe3a65,1405,0x7de34ab80da134d4830330d6f92fea2c88a3c2a1b6abf110346b47e8cafd30df,0x73e02eaab68a41ea63bdae9dbd4b7678827b2352,0x41d5d79431a913c4ae7d69a668ecdfe5ff9dfb68,0x1f3fc7d08339eac966371db5e3956512d5c45eca,560647019467944110,Inverse DAO,INV,18,79,158314,95000000000,118448,5651750,deprecated,0x7ff36ab5,"swapExactETHForTokens(uint256 amountOutMin, address[] path, address to, uint256 deadline)",13084990
11976549,1614923764,0x652ca39184dbad65469fc28fb7a41053e574ca0a0e985dfad24816544ca58b43,46495,0x7de34ab80da134d4830330d6f92fea2c88a3c2a1b6abf110346b47e8cafd30df,0x0555bdebc3429585b4594285a76f853725a49532,0x41d5d79431a913c4ae7d69a668ecdfe5ff9dfb68,0x73e02eaab68a41ea63bdae9dbd4b7678827b2352,2792400781794714948,Inverse DAO,INV,18,91,249243,95000000000,95448,6686856,deprecated,0xc23e1a21,,13084990
11976549,1614923764,0xb47958de7965490699485534019d427dec50da463b319b618dc369144cefb8b1,250,0x7de34ab80da134d4830330d6f92fea2c88a3c2a1b6abf110346b47e8cafd30df,0x73e02eaab68a41ea63bdae9dbd4b7678827b2352,0x41d5d79431a913c4ae7d69a668ecdfe5ff9dfb68,0xdbb311a1a4f1c02989593ca70ba6e75300f9f12d,710803047977362107,Inverse DAO,INV,18,123,158301,94000000000,118436,8855081,deprecated,0x7ff36ab5,"swapExactETHForTokens(uint256 amountOutMin, address[] path, address to, uint256 deadline)",13084990
11976549,1614923764,0x553cfb25c66d65d7ea0475a00ace95a5de3a85a15e2188255368d20df7d3052b,8,0x7de34ab80da134d4830330d6f92fea2c88a3c2a1b6abf110346b47e8cafd30df,0x73e02eaab68a41ea63bdae9dbd4b7678827b2352,0x41d5d79431a913c4ae7d69a668ecdfe5ff9dfb68,0x1a45065fb15b0ae9a708fcfb266977a2a8c81277,270053069474917995,Inverse DAO,INV,18,135,158314,94000000000,118448,9767852,deprecated,0x7ff36ab5,"swapExactETHForTokens(uint256 amountOutMin, address[] path, address to, uint256 deadline)",13084990
11976549,1614923764,0x0925cd7d1f549019d6184299a8536cf74ad42745a5e025f0dc0e97af79534282,33,0x7de34ab80da134d4830330d6f92fea2c88a3c2a1b6abf110346b47e8cafd30df,0x73e02eaab68a41ea63bdae9dbd4b7678827b2352,0x41d5d79431a913c4ae7d69a668ecdfe5ff9dfb68,0xe069cb01d06ba617bcdf789bf2ff0d5e5ca20c71,414777914774406429,Inverse DAO,INV,18,147,305412,94000000000,258689,11196980,deprecated,0x90411a32,"swap(address caller,tuple desc,tuple[] calls)",13084990
11976549,1614923764,0x0925cd7d1f549019d6184299a8536cf74ad42745a5e025f0dc0e97af79534282,33,0x7de34ab80da134d4830330d6f92fea2c88a3c2a1b6abf110346b47e8cafd30df,0xe069cb01d06ba617bcdf789bf2ff0d5e5ca20c71,0x41d5d79431a913c4ae7d69a668ecdfe5ff9dfb68,0x910bf2d50fa5e014fd06666f456182d4ab7c8bd2,40910138255822351,Inverse DAO,INV,18,147,305412,94000000000,258689,11196980,deprecated,0x90411a32,"swap(address caller,tuple desc,tuple[] calls)",13084990
11976549,1614923764,0x0925cd7d1f549019d6184299a8536cf74ad42745a5e025f0dc0e97af79534282,33,0x7de34ab80da134d4830330d6f92fea2c88a3c2a1b6abf110346b47e8cafd30df,0xe069cb01d06ba617bcdf789bf2ff0d5e5ca20c71,0x41d5d79431a913c4ae7d69a668ecdfe5ff9dfb68,0xbb636c9f92a61b47241ec034924191e9275c4ef1,373867776518584078,Inverse DAO,INV,18,147,305412,94000000000,258689,11196980,deprecated,0x90411a32,"swap(address caller,tuple desc,tuple[] calls)",13084990
11976550,1614923779,0x34ee7ff8a9d5545a7720bdfa67d267c6dd7cee2c1ed66c5366409b447d17e070,4737,0xabf6efefac38d7603d4368d147974b646175f28540ead4d422cdb6ac3736b8e8,0x73e02eaab68a41ea63bdae9dbd4b7678827b2352,0x41d5d79431a913c4ae7d69a668ecdfe5ff9dfb68,0x1407c9d09d1603a9a5b806a0c00f4d3734df15e0,2000000000000000000,Inverse DAO,INV,18,30,150382,150000000000,123443,1904112,deprecated,0xfb3bdb41,"swapETHForExactTokens(uint256 amountOut, address[] path, address to, uint256 deadline)",13084989
11976550,1614923779,0x34241afffb4c8656dfaebaac66f9ae5d0ebaf0e505c948b34304030f983bfa96,76142,0xabf6efefac38d7603d4368d147974b646175f28540ead4d422cdb6ac3736b8e8,0xb268c1c44a349d06a42cf24988162dadc48d839e,0x41d5d79431a913c4ae7d69a668ecdfe5ff9dfb68,0x860bd2dba9cd475a61e6d1b45e16c365f6d78f66,2381360534698093500,Inverse DAO,INV,18,31,537150,150000000000,277750,2181862,deprecated,0xc89e4361,delegate(),13084989
11976550,1614923779,0x34241afffb4c8656dfaebaac66f9ae5d0ebaf0e505c948b34304030f983bfa96,76142,0xabf6efefac38d7603d4368d147974b646175f28540ead4d422cdb6ac3736b8e8,0x860bd2dba9cd475a61e6d1b45e16c365f6d78f66,0x41d5d79431a913c4ae7d69a668ecdfe5ff9dfb68,0x73e02eaab68a41ea63bdae9dbd4b7678827b2352,2381360534698093500,Inverse DAO,INV,18,31,537150,150000000000,277750,2181862,deprecated,0xc89e4361,delegate(),13084989
11976550,1614923779,0x5b97a522db2eacccb80e0bce192fb9c7dd1e5b52e91ac315573d98dbf608effe,2984,0xabf6efefac38d7603d4368d147974b646175f28540ead4d422cdb6ac3736b8e8,0xc93678ec2b974a7ae280341cefeb85984a29fff7,0x41d5d79431a913c4ae7d69a668ecdfe5ff9dfb68,0x328dfd0139e26cb0fef7b0742b49b0fe4325f821,1000000000000000000,Inverse DAO,INV,18,57,2597818,130000000000,2320905,5682877,deprecated,0xf305d719,"addLiquidityETH(address token, uint256 amountTokenDesired, uint256 amountTokenMin, uint256 amountETHMin, address to, uint256 deadline)",13084989
11976550,1614923779,0xfb27ce56a5e387a2deacb38546fa0d7edb624f04f00792eeda653c5a6e15e687,17814,0xabf6efefac38d7603d4368d147974b646175f28540ead4d422cdb6ac3736b8e8,0x328dfd0139e26cb0fef7b0742b49b0fe4325f821,0x41d5d79431a913c4ae7d69a668ecdfe5ff9dfb68,0x860bd2dba9cd475a61e6d1b45e16c365f6d78f66,856330547738637127,Inverse DAO,INV,18,58,439381,130000000000,191365,5874242,deprecated,0xc89e4361,delegate(),13084989
11976550,1614923779,0xfb27ce56a5e387a2deacb38546fa0d7edb624f04f00792eeda653c5a6e15e687,17814,0xabf6efefac38d7603d4368d147974b646175f28540ead4d422cdb6ac3736b8e8,0x860bd2dba9cd475a61e6d1b45e16c365f6d78f66,0x41d5d79431a913c4ae7d69a668ecdfe5ff9dfb68,0x73e02eaab68a41ea63bdae9dbd4b7678827b2352,856330547738637127,Inverse DAO,INV,18,58,439381,130000000000,191365,5874242,deprecated,0xc89e4361,delegate(),13084989
11976550,1614923779,0x390ec2f7154e4474715ab09065d6d780db9428ce17a9d3a724ded0757f1e2659,16,0xabf6efefac38d7603d4368d147974b646175f28540ead4d422cdb6ac3736b8e8,0x328dfd0139e26cb0fef7b0742b49b0fe4325f821,0x41d5d79431a913c4ae7d69a668ecdfe5ff9dfb68,0xc57372be5fbbab467db48d2b3d0d5bc6449c125a,118736983256691667,Inverse DAO,INV,18,60,400345,130000000000,117289,6031042,deprecated,0xa40103d4,"swap(uint256 amountIn, address[] path, address to)",13084989
11976550,1614923779,0x4a71bd615f2e5291d749ac5b00b5e89a95ac890d06f20a8cfd593366e7e2ed0a,4536,0xabf6efefac38d7603d4368d147974b646175f28540ead4d422cdb6ac3736b8e8,0x9e353fbdc3ec7290290bda31a8001cb609858adf,0x41d5d79431a913c4ae7d69a668ecdfe5ff9dfb68,0x73e02eaab68a41ea63bdae9dbd4b7678827b2352,2000000000000000000,Inverse DAO,INV,18,89,191866,121000000000,149142,7374751,deprecated,0x18cbafe5,"swapExactTokensForETH(uint256 amountIn, uint256 amountOutMin, address[] path, address to, uint256 deadline)",13084989
11976550,1614923779,0xd4f0fd93f35e2c4a94fe02ade1b36c690c171dde4b172389b7cc69810b896ef6,163,0xabf6efefac38d7603d4368d147974b646175f28540ead4d422cdb6ac3736b8e8,0x73e02eaab68a41ea63bdae9dbd4b7678827b2352,0x41d5d79431a913c4ae7d69a668ecdfe5ff9dfb68,0xba55bdbf959df826da6c35487eb15fad2164662d,1048146772142965114,Inverse DAO,INV,18,95,141552,120000000000,103448,7717746,deprecated,0x7ff36ab5,"swapExactETHForTokens(uint256 amountOutMin, address[] path, address to, uint256 deadline)",13084989
11976550,1614923779,0xe59779825d1109c38ab2efc3935cd05e4c4b0c5dd5fc0e0dc913015e5647d0f3,164,0xabf6efefac38d7603d4368d147974b646175f28540ead4d422cdb6ac3736b8e8,0x73e02eaab68a41ea63bdae9dbd4b7678827b2352,0x41d5d79431a913c4ae7d69a668ecdfe5ff9dfb68,0xba55bdbf959df826da6c35487eb15fad2164662d,950255617788957170,Inverse DAO,INV,18,99,141552,120000000000,103448,8111862,deprecated,0x7ff36ab5,"swapExactETHForTokens(uint256 amountOutMin, address[] path, address to, uint256 deadline)",13084989
11976550,1614923779,0x2e2fac4eedad9a6ec5877fdc0fc845c6b7fded6f8a7f4b9495b5f63ada4cec0d,165,0xabf6efefac38d7603d4368d147974b646175f28540ead4d422cdb6ac3736b8e8,0x73e02eaab68a41ea63bdae9dbd4b7678827b2352,0x41d5d79431a913c4ae7d69a668ecdfe5ff9dfb68,0xba55bdbf959df826da6c35487eb15fad2164662d,865472066619727365,Inverse DAO,INV,18,103,141552,120000000000,103448,8343415,deprecated,0x7ff36ab5,"swapExactETHForTokens(uint256 amountOutMin, address[] path, address to, uint256 deadline)",13084989
11976550,1614923779,0x7ac7c6da44122ab0a3ca185867cc456f403d3e3a9de796384cb39844044041a9,166,0xabf6efefac38d7603d4368d147974b646175f28540ead4d422cdb6ac3736b8e8,0x73e02eaab68a41ea63bdae9dbd4b7678827b2352,0x41d5d79431a913c4ae7d69a668ecdfe5ff9dfb68,0xba55bdbf959df826da6c35487eb15fad2164662d,791555499172995787,Inverse DAO,INV,18,108,141552,120000000000,103448,8607821,deprecated,0x7ff36ab5,"swapExactETHForTokens(uint256 amountOutMin, address[] path, address to, uint256 deadline)",13084989
11976550,1614923779,0x68e19eb944084d6e636bd04aaa8b02fef3b09eb878ffe641482fd849994e4dcf,167,0xabf6efefac38d7603d4368d147974b646175f28540ead4d422cdb6ac3736b8e8,0x73e02eaab68a41ea63bdae9dbd4b7678827b2352,0x41d5d79431a913c4ae7d69a668ecdfe5ff9dfb68,0xba55bdbf959df826da6c35487eb15fad2164662d,726724494811236145,Inverse DAO,INV,18,110,141552,120000000000,103448,8765148,deprecated,0x7ff36ab5,"swapExactETHForTokens(uint256 amountOutMin, address[] path, address to, uint256 deadline)",13084989
11976550,1614923779,0x6163780b543a164a967a8b2d449164c1d679707ea161b5e52356898b37479efd,187,0xabf6efefac38d7603d4368d147974b646175f28540ead4d422cdb6ac3736b8e8,0xc14c263ed59263fdd8298a4bc821b0fa5987f48f,0x41d5d79431a913c4ae7d69a668ecdfe5ff9dfb68,0x73e02eaab68a41ea63bdae9dbd4b7678827b2352,1000000000000000000,Inverse DAO,INV,18,127,233205,115000000000,166868,9627648,deprecated,0x38ed1739,"swapExactTokensForTokens(uint256 amountIn, uint256 amountOutMin, address[] path, address to, uint256 deadline)",13084989
11976550,1614923779,0x660b7626957761ffcc66b9eeb125d1df868a404c570bc58db254d139b53d7af5,1380,0xabf6efefac38d7603d4368d147974b646175f28540ead4d422cdb6ac3736b8e8,0x73e02eaab68a41ea63bdae9dbd4b7678827b2352,0x41d5d79431a913c4ae7d69a668ecdfe5ff9dfb68,0x050ee024a0ffd8b9bd383271835b27dd66c3fec3,748566476548156246,Inverse DAO,INV,18,129,141552,115000000000,103448,9787305,deprecated,0x7ff36ab5,"swapExactETHForTokens(uint256 amountOutMin, address[] path, address to, uint256 deadline)",13084989
11976550,1614923779,0xc6db9e9874be21abc31106810b944af2220f145ff03250a4a2fb796494692723,68,0xabf6efefac38d7603d4368d147974b646175f28540ead4d422cdb6ac3736b8e8,0x73e02eaab68a41ea63bdae9dbd4b7678827b2352,0x41d5d79431a913c4ae7d69a668ecdfe5ff9dfb68,0x3958204d1ed33d6cce8e22f0a2212199492c34b9,922611575610986360,Inverse DAO,INV,18,163,189428,108000000000,162041,12079679,deprecated,0x38ed1739,"swapExactTokensForTokens(uint256 amountIn, uint256 amountOutMin, address[] path, address to, uint256 deadline)",13084989
11976550,1614923779,0xff96eb2141619cc0aaf445e55c0f6a3e24e81ea69545b34ab2aa350010864b46,5547,0xabf6efefac38d7603d4368d147974b646175f28540ead4d422cdb6ac3736b8e8,0x73e02eaab68a41ea63bdae9dbd4b7678827b2352,0x41d5d79431a913c4ae7d69a668ecdfe5ff9dfb68,0x1ce2304369d957fc1f0dd32c983f445e449f4c7a,2222347301130816632,Inverse DAO,INV,18,165,180110,108000000000,137953,12263572,deprecated,0x7ff36ab5,"swapExactETHForTokens(uint256 amountOutMin, address[] path, address to, uint256 deadline)",13084989
11976551,1614923817,0x995f24e5d9912cae4be893513b4af611614e41c21639a409c4ade198f7479bb3,42189,0xea4c2b7587159c8d9b7d40bc51416596f013919b846d8dc48beae552cc68eb65,0x73e02eaab68a41ea63bdae9dbd4b7678827b2352,0x41d5d79431a913c4ae7d69a668ecdfe5ff9dfb68,0x328dfd0139e26cb0fef7b0742b49b0fe4325f821,211756083830402287,Inverse DAO,INV,18,0,393250,1372420248380,146239,146239,deprecated,0x4343685c,,13084988
11976551,1614923817,0x6cfa47b1171debf5eb2ab1f5d0fabf108757078779ed51b1863da871dad2584f,70755,0xea4c2b7587159c8d9b7d40bc51416596f013919b846d8dc48beae552cc68eb65,0xb268c1c44a349d06a42cf24988162dadc48d839e,0x41d5d79431a913c4ae7d69a668ecdfe5ff9dfb68,0x73e02eaab68a41ea63bdae9dbd4b7678827b2352,3606721163864327896,Inverse DAO,INV,18,1,406164,1214637784504,157074,303313,deprecated,0x01032587,,13084988
11976551,1614923817,0x7d757c528429af275b7c9e4f81e84212b85cc26905b4e80a99cb989567d89256,168,0xea4c2b7587159c8d9b7d40bc51416596f013919b846d8dc48beae552cc68eb65,0x73e02eaab68a41ea63bdae9dbd4b7678827b2352,0x41d5d79431a913c4ae7d69a668ecdfe5ff9dfb68,0xba55bdbf959df826da6c35487eb15fad2164662d,707666978225822068,Inverse DAO,INV,18,35,141552,120000000000,103448,2004743,deprecated,0x7ff36ab5,"swapExactETHForTokens(uint256 amountOutMin, address[] path, address to, uint256 deadline)",13084988
11976551,1614923817,0x0ac47ae7b056817321d78a1e815e6f24498b716945fcbf75c20bf129f3a76c76,526,0xea4c2b7587159c8d9b7d40bc51416596f013919b846d8dc48beae552cc68eb65,0xb719ba7c98bb42d89402470a351acaeb97e00657,0x41d5d79431a913c4ae7d69a668ecdfe5ff9dfb68,0x73e02eaab68a41ea63bdae9dbd4b7678827b2352,1000000000000000000,Inverse DAO,INV,18,76,191879,108000000000,149154,4786130,deprecated,0x18cbafe5,"swapExactTokensForETH(uint256 amountIn, uint256 amountOutMin, address[] path, address to, uint256 deadline)",13084988
11976551,1614923817,0x96489d2672647e0558ecea002a9d6abcf9bffc556ed8e6bf3c71ef87797c16a6,396,0xea4c2b7587159c8d9b7d40bc51416596f013919b846d8dc48beae552cc68eb65,0xb268c1c44a349d06a42cf24988162dadc48d839e,0x41d5d79431a913c4ae7d69a668ecdfe5ff9dfb68,0xf17b5b1a97e5a2195684769325c525c8b183e351,4054144462131843098,Inverse DAO,INV,18,99,126126,105000000000,96420,6421059,deprecated,0x38ed1739,"swapExactTokensForTokens(uint256 amountIn, uint256 amountOutMin, address[] path, address to, uint256 deadline)",13084988
11976551,1614923817,0x372ac2c7c7b90c114d3c12881abbbeedaa42d4e465b7f75d54e23956bc2234f8,323,0xea4c2b7587159c8d9b7d40bc51416596f013919b846d8dc48beae552cc68eb65,0x2399c77ff6fa7d0d182fc75769e47619ef86fe0c,0x41d5d79431a913c4ae7d69a668ecdfe5ff9dfb68,0x73e02eaab68a41ea63bdae9dbd4b7678827b2352,420000000000000000,Inverse DAO,INV,18,107,153938,105000000000,114662,7036919,deprecated,0x18cbafe5,"swapExactTokensForETH(uint256 amountIn, uint256 amountOutMin, address[] path, address to, uint256 deadline)",13084988
11976551,1614923817,0xf784c3368ecbdafcd6b685f3594093c9e196543d59e9e27489665090316552c2,270,0xea4c2b7587159c8d9b7d40bc51416596f013919b846d8dc48beae552cc68eb65,0x73e02eaab68a41ea63bdae9dbd4b7678827b2352,0x41d5d79431a913c4ae7d69a668ecdfe5ff9dfb68,0xeb27eef2fa67d92a3a0ebb1bd970fdd1d1d02cea,1193641252050925931,Inverse DAO,INV,18,111,141552,105000000000,103448,7504392,deprecated,0x7ff36ab5,"swapExactETHForTokens(uint256 amountOutMin, address[] path, address to, uint256 deadline)",13084988
11976551,1614923817,0x97d5993ad4ac11589e65e7efee611dc7c0fed63a9654391c45a039a7d6c7e500,3183,0xea4c2b7587159c8d9b7d40bc51416596f013919b846d8dc48beae552cc68eb65,0x73e02eaab68a41ea63bdae9dbd4b7678827b2352,0x41d5d79431a913c4ae7d69a668ecdfe5ff9dfb68,0xf9107317b0ff77ed5b7adea15e50514a3564002b,1022359794327669688,Inverse DAO,INV,18,139,158301,104500000000,118436,9197455,deprecated,0x7ff36ab5,"swapExactETHForTokens(uint256 amountOutMin, address[] path, address to, uint256 deadline)",13084988
11976552,1614923834,0x6f46b3e2bae7e0ea93096a6026c751470239b36769f9c6a0cadcfc48c868592f,1311,0x599ca99102fa671c9f190b409bde035b35959ffdb51fec26428f408aab80b60d,0xa618bbdcd0c02450bc3dcd3dfbab23c5b69c50f0,0x41d5d79431a913c4ae7d69a668ecdfe5ff9dfb68,0x73e02eaab68a41ea63bdae9dbd4b7678827b2352,1000000000000000000,Inverse DAO,INV,18,43,191879,102300000000,161170,7137522,deprecated,0x18cbafe5,"swapExactTokensForETH(uint256 amountIn, uint256 amountOutMin, address[] path, address to, uint256 deadline)",13084987
11976552,1614923834,0x2993c30d40552d765339b08e0827aa4ae36aca9b079f791220092a098b93f6e9,498,0x599ca99102fa671c9f190b409bde035b35959ffdb51fec26428f408aab80b60d,0x3cf39bc1b7453d849df3b4f34403d4efe6051b67,0x41d5d79431a913c4ae7d69a668ecdfe5ff9dfb68,0xb268c1c44a349d06a42cf24988162dadc48d839e,2000000000000000000,Inverse DAO,INV,18,66,180875,103000000000,158062,9080637,deprecated,0x38ed1739,"swapExactTokensForTokens(uint256 amountIn, uint256 amountOutMin, address[] path, address to, uint256 deadline)",13084987
11976552,1614923834,0x13b140cf14cf5fd31ed644f5fb657d02c27ba96c328cf61ee7a8b7b829dde0ec,72,0x599ca99102fa671c9f190b409bde035b35959ffdb51fec26428f408aab80b60d,0x73e02eaab68a41ea63bdae9dbd4b7678827b2352,0x41d5d79431a913c4ae7d69a668ecdfe5ff9dfb68,0x630582773b7276ece936c93b61f4ae01d72b2bf2,273556682947368580,Inverse DAO,INV,18,85,141552,102000000000,103448,10811460,deprecated,0x7ff36ab5,"swapExactETHForTokens(uint256 amountOutMin, address[] path, address to, uint256 deadline)",13084987
11976554,1614923852,0x4283667c2d18a6772670bd75e87df1cf8845e6bdbe0eb86a9513e1ea2eb1ce19,4537,0x838d53413bd2a18743e19d11ea2f148d45deaa6ad346986134ea0fd72af7c086,0x9e353fbdc3ec7290290bda31a8001cb609858adf,0x41d5d79431a913c4ae7d69a668ecdfe5ff9dfb68,0xb268c1c44a349d06a42cf24988162dadc48d839e,3000000000000000000,Inverse DAO,INV,18,10,150672,122000000000,143050,912622,deprecated,0x38ed1739,"swapExactTokensForTokens(uint256 amountIn, uint256 amountOutMin, address[] path, address to, uint256 deadline)",13084985
11976554,1614923852,0x6180b18b461bd95cee892f587142ad1b1bd6b2a9e1abc1e26e722b858e2680da,145,0x838d53413bd2a18743e19d11ea2f148d45deaa6ad346986134ea0fd72af7c086,0x73e02eaab68a41ea63bdae9dbd4b7678827b2352,0x41d5d79431a913c4ae7d69a668ecdfe5ff9dfb68,0x814a19b98a84ec9f72b7609a24cc6cd35a2d0b9e,521564243376267804,Inverse DAO,INV,18,29,141552,109000000000,115464,2042618,deprecated,0x7ff36ab5,"swapExactETHForTokens(uint256 amountOutMin, address[] path, address to, uint256 deadline)",13084985
11976554,1614923852,0xfb88db0e7958754bfe1c83c28921bd0f6cb39f027249041788fc5e3b86518431,2530,0x838d53413bd2a18743e19d11ea2f148d45deaa6ad346986134ea0fd72af7c086,0x9a568bfeb8cb19e4bafcb57ee69498d57d9591ca,0x41d5d79431a913c4ae7d69a668ecdfe5ff9dfb68,0x73e02eaab68a41ea63bdae9dbd4b7678827b2352,1000000000000000000,Inverse DAO,INV,18,30,153938,108000000000,114662,2157280,deprecated,0x18cbafe5,"swapExactTokensForETH(uint256 amountIn, uint256 amountOutMin, address[] path, address to, uint256 deadline)",13084985
11976554,1614923852,0xe8ee61004d53948827564e76e03831ce63b0b28eecee77fffd29dca85ef233ec,2531,0x838d53413bd2a18743e19d11ea2f148d45deaa6ad346986134ea0fd72af7c086,0x9a568bfeb8cb19e4bafcb57ee69498d57d9591ca,0x41d5d79431a913c4ae7d69a668ecdfe5ff9dfb68,0x73e02eaab68a41ea63bdae9dbd4b7678827b2352,1000000000000000000,Inverse DAO,INV,18,31,153925,108000000000,114650,2271930,deprecated,0x18cbafe5,"swapExactTokensForETH(uint256 amountIn, uint256 amountOutMin, address[] path, address to, uint256 deadline)",13084985
11976554,1614923852,0x5926dabbfef88054f31a671db2d6053abac1e16cc125b33bab2fa775e3d50f82,2532,0x838d53413bd2a18743e19d11ea2f148d45deaa6ad346986134ea0fd72af7c086,0x9a568bfeb8cb19e4bafcb57ee69498d57d9591ca,0x41d5d79431a913c4ae7d69a668ecdfe5ff9dfb68,0x73e02eaab68a41ea63bdae9dbd4b7678827b2352,1000000000000000000,Inverse DAO,INV,18,32,153925,108000000000,114650,2386580,deprecated,0x18cbafe5,"swapExactTokensForETH(uint256 amountIn, uint256 amountOutMin, address[] path, address to, uint256 deadline)",13084985
11976554,1614923852,0xfc83f23de12fa597f7693dafb60c3bdab379def08ff0c1adc84dd8bb0cae1a5c,55,0x838d53413bd2a18743e19d11ea2f148d45deaa6ad346986134ea0fd72af7c086,0x73e02eaab68a41ea63bdae9dbd4b7678827b2352,0x41d5d79431a913c4ae7d69a668ecdfe5ff9dfb68,0x7c60066f896c44fbd9e511481bf34846101fcebb,1622535130001624832,Inverse DAO,INV,18,151,158314,96000001459,118448,10292359,deprecated,0x7ff36ab5,"swapExactETHForTokens(uint256 amountOutMin, address[] path, address to, uint256 deadline)",13084985
11976554,1614923852,0x3ccfc37087857bb48820a27c1106f7ae48210991826fd4e4802e0fe3b54ddeab,225,0x838d53413bd2a18743e19d11ea2f148d45deaa6ad346986134ea0fd72af7c086,0x6addaa208ea7c6e413f0c514dc1ba7510390c500,0x41d5d79431a913c4ae7d69a668ecdfe5ff9dfb68,0x73e02eaab68a41ea63bdae9dbd4b7678827b2352,1000000000000000000,Inverse DAO,INV,18,169,191866,96000001459,149142,11558287,deprecated,0x18cbafe5,"swapExactTokensForETH(uint256 amountIn, uint256 amountOutMin, address[] path, address to, uint256 deadline)",13084985
11976555,1614923859,0xb8bb58476ebe407c2628f9848474d25e8909c7f4a7ce934a3f4a767348d23a81,10920,0x4cc9d6913c67478fc0d4dbc3182ce4697863f2f7ebc71ee2a59ff9f95528bfa7,0x73e02eaab68a41ea63bdae9dbd4b7678827b2352,0x41d5d79431a913c4ae7d69a668ecdfe5ff9dfb68,0xc40037dbe19d0e208904a5cfbd8edaa34a87958a,976231660603090322,Inverse DAO,INV,18,2,800000,1298299261428,81568,123576,deprecated,0x00000000,buyAndFree22457070633(uint256 amount),13084984
11976555,1614923859,0x1e6e4c6f3443f7a2111e2147aff4c525996a7df5617ba4941da60f4e28d4b705,14468,0x4cc9d6913c67478fc0d4dbc3182ce4697863f2f7ebc71ee2a59ff9f95528bfa7,0x73e02eaab68a41ea63bdae9dbd4b7678827b2352,0x41d5d79431a913c4ae7d69a668ecdfe5ff9dfb68,0xe34820500dcd2a2c3c4ce2c1cac561e30ede0dc7,913120782024889702,Inverse DAO,INV,18,13,300000,140595000000,87998,1079586,deprecated,0xd6b347f7,,13084984
11976555,1614923859,0xdc6329893770d0acf52c8548196b96cc0226883d0070dc1d6e4eaac16f99ec2d,269,0x4cc9d6913c67478fc0d4dbc3182ce4697863f2f7ebc71ee2a59ff9f95528bfa7,0x73e02eaab68a41ea63bdae9dbd4b7678827b2352,0x41d5d79431a913c4ae7d69a668ecdfe5ff9dfb68,0x9ac41e441131d8bad5f165c2a8dd71e5f7bfaea8,3354036893161194714,Inverse DAO,INV,18,14,196475,133900000000,181189,1260775,deprecated,0xd9627aa4,"sellToUniswap(address[] tokens, uint256 sellAmount, uint256 minBuyAmount, bool isSushi)",13084984
11976555,1614923859,0xbf3eaf66e364c6c8326e07b77b64b0a35d6c826b8cd3f54612e6580d0667798e,527,0x4cc9d6913c67478fc0d4dbc3182ce4697863f2f7ebc71ee2a59ff9f95528bfa7,0xb719ba7c98bb42d89402470a351acaeb97e00657,0x41d5d79431a913c4ae7d69a668ecdfe5ff9dfb68,0x73e02eaab68a41ea63bdae9dbd4b7678827b2352,1000000000000000000,Inverse DAO,INV,18,43,246423,108000000000,189585,2566432,deprecated,0x38ed1739,"swapExactTokensForTokens(uint256 amountIn, uint256 amountOutMin, address[] path, address to, uint256 deadline)",13084984
11976555,1614923859,0x0bee8f79e5fa4fa0ac914743670d8431c42958684970846d795272c8bdb3b1ae,20099,0x4cc9d6913c67478fc0d4dbc3182ce4697863f2f7ebc71ee2a59ff9f95528bfa7,0xb268c1c44a349d06a42cf24988162dadc48d839e,0x41d5d79431a913c4ae7d69a668ecdfe5ff9dfb68,0x860bd2dba9cd475a61e6d1b45e16c365f6d78f66,1752880349753699586,Inverse DAO,INV,18,133,537150,95000000000,277750,9121575,deprecated,0xc89e4361,delegate(),13084984
11976555,1614923859,0x0bee8f79e5fa4fa0ac914743670d8431c42958684970846d795272c8bdb3b1ae,20099,0x4cc9d6913c67478fc0d4dbc3182ce4697863f2f7ebc71ee2a59ff9f95528bfa7,0x860bd2dba9cd475a61e6d1b45e16c365f6d78f66,0x41d5d79431a913c4ae7d69a668ecdfe5ff9dfb68,0x73e02eaab68a41ea63bdae9dbd4b7678827b2352,1752880349753699586,Inverse DAO,INV,18,133,537150,95000000000,277750,9121575,deprecated,0xc89e4361,delegate(),13084984
11976555,1614923859,0x0d9ae4514458ffa48db2ea2e3830c93a2369ebb311355620aaf1f5a134689814,1246,0x4cc9d6913c67478fc0d4dbc3182ce4697863f2f7ebc71ee2a59ff9f95528bfa7,0xb268c1c44a349d06a42cf24988162dadc48d839e,0x41d5d79431a913c4ae7d69a668ecdfe5ff9dfb68,0x73e02eaab68a41ea63bdae9dbd4b7678827b2352,1679029965670222635,Inverse DAO,INV,18,134,608135,95000000000,234860,9356435,deprecated,0xfaebafa8,,13084984
11976556,1614923866,0x89b017375c0d34e5ce4fed352b6c2c0a62a9ee76c028a7c9222141333df9201f,219,0x6bdb3ae9d289c34182e67d4d344290c06d4055dc0c200e7a6be7fdf6173de8cb,0x3c2b600bc5bbba74b2b9edf5e9f12e72240266e1,0x41d5d79431a913c4ae7d69a668ecdfe5ff9dfb68,0x73e02eaab68a41ea63bdae9dbd4b7678827b2352,2000000000000000000,Inverse DAO,INV,18,0,290000,290000000000,179125,179125,deprecated,0x38ed1739,"swapExactTokensForTokens(uint256 amountIn, uint256 amountOutMin, address[] path, address to, uint256 deadline)",13084983
11976556,1614923866,0xfcd6ddd1c55afa66162b9129a4d74036becf980dd50f7b2636ef0f06741b5348,721,0x6bdb3ae9d289c34182e67d4d344290c06d4055dc0c200e7a6be7fdf6173de8cb,0x73e02eaab68a41ea63bdae9dbd4b7678827b2352,0x41d5d79431a913c4ae7d69a668ecdfe5ff9dfb68,0xae47622426ae6c74baa8c75c07304b6e53e4c444,3150451574066987276,Inverse DAO,INV,18,64,224693,97000000000,165834,3339560,deprecated,0x7ff36ab5,"swapExactETHForTokens(uint256 amountOutMin, address[] path, address to, uint256 deadline)",13084983
11976556,1614923866,0x3f3b25705f6e74062639a7f4854a984f8b5f363750affecd481637eb7be57d9d,486,0x6bdb3ae9d289c34182e67d4d344290c06d4055dc0c200e7a6be7fdf6173de8cb,0x73e02eaab68a41ea63bdae9dbd4b7678827b2352,0x41d5d79431a913c4ae7d69a668ecdfe5ff9dfb68,0xe069cb01d06ba617bcdf789bf2ff0d5e5ca20c71,1765021984658711883,Inverse DAO,INV,18,129,430267,95000000000,293145,8549483,deprecated,0x90411a32,"swap(address caller,tuple desc,tuple[] calls)",13084983
11976556,1614923866,0x3f3b25705f6e74062639a7f4854a984f8b5f363750affecd481637eb7be57d9d,486,0x6bdb3ae9d289c34182e67d4d344290c06d4055dc0c200e7a6be7fdf6173de8cb,0xe069cb01d06ba617bcdf789bf2ff0d5e5ca20c71,0x41d5d79431a913c4ae7d69a668ecdfe5ff9dfb68,0x041e1fe38d7de3a10ed9291c44435ae29fb0d2a8,1765021984658711883,Inverse DAO,INV,18,129,430267,95000000000,293145,8549483,deprecated,0x90411a32,"swap(address caller,tuple desc,tuple[] calls)",13084983
11976556,1614923866,0xa81d72ae1181647f4eecb58925cb9ab6f6b5a544dff7fc6c54f589a773f02744,22072,0x6bdb3ae9d289c34182e67d4d344290c06d4055dc0c200e7a6be7fdf6173de8cb,0xb268c1c44a349d06a42cf24988162dadc48d839e,0x41d5d79431a913c4ae7d69a668ecdfe5ff9dfb68,0x860bd2dba9cd475a61e6d1b45e16c365f6d78f66,1899090173907163163,Inverse DAO,INV,18,130,537150,95000000000,277750,8827233,deprecated,0xc89e4361,delegate(),13084983
11976556,1614923866,0xa81d72ae1181647f4eecb58925cb9ab6f6b5a544dff7fc6c54f589a773f02744,22072,0x6bdb3ae9d289c34182e67d4d344290c06d4055dc0c200e7a6be7fdf6173de8cb,0x860bd2dba9cd475a61e6d1b45e16c365f6d78f66,0x41d5d79431a913c4ae7d69a668ecdfe5ff9dfb68,0x73e02eaab68a41ea63bdae9dbd4b7678827b2352,1899090173907163163,Inverse DAO,INV,18,130,537150,95000000000,277750,8827233,deprecated,0xc89e4361,delegate(),13084983
11976556,1614923866,0xc794245a445e712ce9fb7d0932e39e7e80cec298801206c51ace532951d594b2,367,0x6bdb3ae9d289c34182e67d4d344290c06d4055dc0c200e7a6be7fdf6173de8cb,0x5c1245f9db3f8f7fe1208cb82325ea88fc11fe89,0x41d5d79431a913c4ae7d69a668ecdfe5ff9dfb68,0x766917c3ee4aa5164b3a6f01363865efa8ce6ffd,1564368549881310,Inverse DAO,INV,18,162,121868,94000000000,102668,10708330,deprecated,0x3d18b912,getReward(),13084983
11976557,1614923868,0x3dd791d869b81a729f37e4471454a2db30c7a6a20de6f642d22312387fba251c,10921,0xaecdc755949321334e1da9f465e4f852b911312b27db36c0292fcade42796cff,0xc40037dbe19d0e208904a5cfbd8edaa34a87958a,0x41d5d79431a913c4ae7d69a668ecdfe5ff9dfb68,0x73e02eaab68a41ea63bdae9dbd4b7678827b2352,976231660603090321,Inverse DAO,INV,18,215,800000,122148000000,115179,5047266,deprecated,0xdf6e208d,,13084982
11976557,1614923868,0xc36471b8937f6b1ee50289ee8fc4d06f8cf5d2014d6d37f7e84f2acf0486b512,46500,0xaecdc755949321334e1da9f465e4f852b911312b27db36c0292fcade42796cff,0x73e02eaab68a41ea63bdae9dbd4b7678827b2352,0x41d5d79431a913c4ae7d69a668ecdfe5ff9dfb68,0x0555bdebc3429585b4594285a76f853725a49532,4630469173510560488,Inverse DAO,INV,18,216,192605,120000000016,122363,5169629,deprecated,0x6a80c33f,,13084982
11976557,1614923868,0xd2ed30ef25d9039196bef617382bae01b18a72460a31af21b568793849b2cc63,10459,0xaecdc755949321334e1da9f465e4f852b911312b27db36c0292fcade42796cff,0xb268c1c44a349d06a42cf24988162dadc48d839e,0x41d5d79431a913c4ae7d69a668ecdfe5ff9dfb68,0x78a55b9b3bbeffb36a43d9905f654d2769dc55e8,2902547280047526020,Inverse DAO,INV,18,217,743700,120000000016,301589,5471218,deprecated,0xc89e4361,delegate(),13084982
11976557,1614923868,0xd2ed30ef25d9039196bef617382bae01b18a72460a31af21b568793849b2cc63,10459,0xaecdc755949321334e1da9f465e4f852b911312b27db36c0292fcade42796cff,0x78a55b9b3bbeffb36a43d9905f654d2769dc55e8,0x41d5d79431a913c4ae7d69a668ecdfe5ff9dfb68,0x73e02eaab68a41ea63bdae9dbd4b7678827b2352,2902547280047526020,Inverse DAO,INV,18,217,743700,120000000016,301589,5471218,deprecated,0xc89e4361,delegate(),13084982
11976557,1614923868,0xd990934705f58edff1df0a40a16308589cfd8b210a5e517d36328fca2b0e1937,169,0xaecdc755949321334e1da9f465e4f852b911312b27db36c0292fcade42796cff,0x73e02eaab68a41ea63bdae9dbd4b7678827b2352,0x41d5d79431a913c4ae7d69a668ecdfe5ff9dfb68,0xba55bdbf959df826da6c35487eb15fad2164662d,590057229044663691,Inverse DAO,INV,18,218,141552,120000000000,103448,5574666,deprecated,0x7ff36ab5,"swapExactETHForTokens(uint256 amountOutMin, address[] path, address to, uint256 deadline)",13084982
11976557,1614923868,0xadd4fac855cddccc2c3f7e0b626462bb8463d86484fe4571e815af17a18bf460,170,0xaecdc755949321334e1da9f465e4f852b911312b27db36c0292fcade42796cff,0x73e02eaab68a41ea63bdae9dbd4b7678827b2352,0x41d5d79431a913c4ae7d69a668ecdfe5ff9dfb68,0xba55bdbf959df826da6c35487eb15fad2164662d,548142892744961524,Inverse DAO,INV,18,219,154980,120000000000,103448,5678114,deprecated,0x7ff36ab5,"swapExactETHForTokens(uint256 amountOutMin, address[] path, address to, uint256 deadline)",13084982
11976557,1614923868,0x9ca2721217dabab6b27997ca1cb1efa38af001aef88dc24b5bb191826d253660,171,0xaecdc755949321334e1da9f465e4f852b911312b27db36c0292fcade42796cff,0x73e02eaab68a41ea63bdae9dbd4b7678827b2352,0x41d5d79431a913c4ae7d69a668ecdfe5ff9dfb68,0xba55bdbf959df826da6c35487eb15fad2164662d,510543350235376683,Inverse DAO,INV,18,220,154980,120000000000,103448,5781562,deprecated,0x7ff36ab5,"swapExactETHForTokens(uint256 amountOutMin, address[] path, address to, uint256 deadline)",13084982
11976557,1614923868,0x29246a73cc34106a88e6b38b6b8f2125270f3a0807c1e4a10665f24c7a9881ef,46501,0xaecdc755949321334e1da9f465e4f852b911312b27db36c0292fcade42796cff,0x0555bdebc3429585b4594285a76f853725a49532,0x41d5d79431a913c4ae7d69a668ecdfe5ff9dfb68,0x73e02eaab68a41ea63bdae9dbd4b7678827b2352,4630469173510560488,Inverse DAO,INV,18,223,249243,120000000000,95448,5944118,deprecated,0xc23e1a21,,13084982
11976557,1614923868,0xc95c81d3877100647ff39868ab81afe12dd20338148eab9d31cf76dd5b7b9ff8,2310,0xaecdc755949321334e1da9f465e4f852b911312b27db36c0292fcade42796cff,0x73e02eaab68a41ea63bdae9dbd4b7678827b2352,0x41d5d79431a913c4ae7d69a668ecdfe5ff9dfb68,0x13b3a50f3947476eda74fe191344524e2d2d28e5,1000000000000000000,Inverse DAO,INV,18,230,194913,108000000000,178805,6480496,deprecated,0x8803dbee,"swapTokensForExactTokens(uint256 amountOut, uint256 amountInMax, address[] path, address to, uint256 deadline)",13084982
11976558,1614923879,0x36e15ba4c2498f6791d0600007d6b6b3123ea090857ccb112dbaff838fc85456,41,0xd9956485ef4766332d9eae85317533ab3791c4f6bd5ae34aadfa3af1d16d257c,0x73e02eaab68a41ea63bdae9dbd4b7678827b2352,0x41d5d79431a913c4ae7d69a668ecdfe5ff9dfb68,0x58167ae1335b173207c8cd98095b9357736ceec4,597367128777257604,Inverse DAO,INV,18,0,158314,200000000000,130464,130464,deprecated,0x7ff36ab5,"swapExactETHForTokens(uint256 amountOutMin, address[] path, address to, uint256 deadline)",13084981
11976558,1614923879,0xdaa4c029cd9cff0b9007571772a8e4f05264d0a56b04e0b3dbf3a2a60ca1308e,711,0xd9956485ef4766332d9eae85317533ab3791c4f6bd5ae34aadfa3af1d16d257c,0x73e02eaab68a41ea63bdae9dbd4b7678827b2352,0x41d5d79431a913c4ae7d69a668ecdfe5ff9dfb68,0xc940830aab193c76629c10a46ff25c68def5de66,825259886807060206,Inverse DAO,INV,18,10,158314,109000000000,118448,588886,deprecated,0x7ff36ab5,"swapExactETHForTokens(uint256 amountOutMin, address[] path, address to, uint256 deadline)",13084981
11976558,1614923879,0x7ece506d81ee8241294773b2796f6e4ff6a6e59418213536eaf72dcbb363fed1,5,0xd9956485ef4766332d9eae85317533ab3791c4f6bd5ae34aadfa3af1d16d257c,0x73e02eaab68a41ea63bdae9dbd4b7678827b2352,0x41d5d79431a913c4ae7d69a668ecdfe5ff9dfb68,0x5b9b9e395d5f6d182a460ef0730fe2a30dc8e944,1214320621498038481,Inverse DAO,INV,18,88,158314,93000001459,118448,6529866,deprecated,0x7ff36ab5,"swapExactETHForTokens(uint256 amountOutMin, address[] path, address to, uint256 deadline)",13084981
11976559,1614923889,0xb4552d2265c1f54be2481979f50314486bde5c28f65024634123dcdb447af4e6,220,0x9b16ac494095c118b11c389846a9f64a9b036dc8b57b6e510d1af484055c3ffa,0x3c2b600bc5bbba74b2b9edf5e9f12e72240266e1,0x41d5d79431a913c4ae7d69a668ecdfe5ff9dfb68,0x73e02eaab68a41ea63bdae9dbd4b7678827b2352,2000000000000000000,Inverse DAO,INV,18,8,280000,280000000000,179125,508771,deprecated,0x38ed1739,"swapExactTokensForTokens(uint256 amountIn, uint256 amountOutMin, address[] path, address to, uint256 deadline)",13084980
11976559,1614923889,0xecc83ec24b993a4c9be0974038bc6e020b1a63ac671b26537a2b78724e60d1d0,2179,0x9b16ac494095c118b11c389846a9f64a9b036dc8b57b6e510d1af484055c3ffa,0x6c1ddfb81a3666188267296f10253a5a9b5bae40,0x41d5d79431a913c4ae7d69a668ecdfe5ff9dfb68,0x73e02eaab68a41ea63bdae9dbd4b7678827b2352,22137257792539104782,Inverse DAO,INV,18,11,191352,185110000000,149930,829614,deprecated,0xe8e33700,"addLiquidity(address tokenA, address tokenB, uint256 amountADesired, uint256 amountBDesired, uint256 amountAMin, uint256 amountBMin, address to, uint256 deadline)",13084980
11976559,1614923889,0xc665e4e7fe21909df7e1eeefc2af15ce7fa67ab01245f77afb8074e50505a6e6,4738,0x9b16ac494095c118b11c389846a9f64a9b036dc8b57b6e510d1af484055c3ffa,0x73e02eaab68a41ea63bdae9dbd4b7678827b2352,0x41d5d79431a913c4ae7d69a668ecdfe5ff9dfb68,0x1407c9d09d1603a9a5b806a0c00f4d3734df15e0,2000000000000000000,Inverse DAO,INV,18,23,150382,150000000000,111427,1763915,deprecated,0xfb3bdb41,"swapETHForExactTokens(uint256 amountOut, address[] path, address to, uint256 deadline)",13084980
11976559,1614923889,0x85282a2f9ac2823e80db2d81d675d3bf12b23a8f9af7b20edaba8530ae031e34,882,0x9b16ac494095c118b11c389846a9f64a9b036dc8b57b6e510d1af484055c3ffa,0x73e02eaab68a41ea63bdae9dbd4b7678827b2352,0x41d5d79431a913c4ae7d69a668ecdfe5ff9dfb68,0x946a000cfb2ed0f0dc7f0bde5639f7afbaa53cd0,400000000000000000,Inverse DAO,INV,18,36,206234,127000000000,177081,3121272,deprecated,0x8803dbee,"swapTokensForExactTokens(uint256 amountOut, uint256 amountInMax, address[] path, address to, uint256 deadline)",13084980
11976559,1614923889,0xbe7f41ac40ab7cda53ff21d56b215ab16dc40c0b36221e4bb2918ff739c1631c,4538,0x9b16ac494095c118b11c389846a9f64a9b036dc8b57b6e510d1af484055c3ffa,0x9e353fbdc3ec7290290bda31a8001cb609858adf,0x41d5d79431a913c4ae7d69a668ecdfe5ff9dfb68,0x73e02eaab68a41ea63bdae9dbd4b7678827b2352,2000000000000000000,Inverse DAO,INV,18,46,191866,122000000000,149142,3671580,deprecated,0x18cbafe5,"swapExactTokensForETH(uint256 amountIn, uint256 amountOutMin, address[] path, address to, uint256 deadline)",13084980
11976559,1614923889,0xe3a97e5f0b64624b35a25005bee85bc20c0adbe7f1e5f6b816bec9925d6c8e76,46502,0x9b16ac494095c118b11c389846a9f64a9b036dc8b57b6e510d1af484055c3ffa,0x73e02eaab68a41ea63bdae9dbd4b7678827b2352,0x41d5d79431a913c4ae7d69a668ecdfe5ff9dfb68,0x0555bdebc3429585b4594285a76f853725a49532,5962296518486347734,Inverse DAO,INV,18,49,194330,120000000016,122129,3861136,deprecated,0x6a80c33f,,13084980
11976559,1614923889,0xcd54b0660a384d08da8f57edf1f4c44496a536e1318a3e77d6408c457803d1ce,172,0x9b16ac494095c118b11c389846a9f64a9b036dc8b57b6e510d1af484055c3ffa,0x73e02eaab68a41ea63bdae9dbd4b7678827b2352,0x41d5d79431a913c4ae7d69a668ecdfe5ff9dfb68,0xba55bdbf959df826da6c35487eb15fad2164662d,497567795428102409,Inverse DAO,INV,18,51,141552,120000000000,103448,4015726,deprecated,0x7ff36ab5,"swapExactETHForTokens(uint256 amountOutMin, address[] path, address to, uint256 deadline)",13084980
11976559,1614923889,0x0cd1c9acad9507d081ac5752f42e0106f430ef3fe188f9a9f6ab3aff6f62a116,46503,0x9b16ac494095c118b11c389846a9f64a9b036dc8b57b6e510d1af484055c3ffa,0x0555bdebc3429585b4594285a76f853725a49532,0x41d5d79431a913c4ae7d69a668ecdfe5ff9dfb68,0x73e02eaab68a41ea63bdae9dbd4b7678827b2352,5962296518486347734,Inverse DAO,INV,18,52,249243,120000000000,95448,4111174,deprecated,0xc23e1a21,,13084980
11976559,1614923889,0x27ded4a07859b024175ba0f643fb989c840641aa2e370813e44ff407dd127699,221,0x9b16ac494095c118b11c389846a9f64a9b036dc8b57b6e510d1af484055c3ffa,0xb268c1c44a349d06a42cf24988162dadc48d839e,0x41d5d79431a913c4ae7d69a668ecdfe5ff9dfb68,0x473888e67636661062dad4cffc92a39437810313,493143847900116892,Inverse DAO,INV,18,92,142914,109000000000,108460,5998483,deprecated,0x38ed1739,"swapExactTokensForTokens(uint256 amountIn, uint256 amountOutMin, address[] path, address to, uint256 deadline)",13084980
11976559,1614923889,0xda8068871d665b790d48ac743e50807cc058decd845cec2d1d4af5d603ec515a,3060,0x9b16ac494095c118b11c389846a9f64a9b036dc8b57b6e510d1af484055c3ffa,0xb67f1976a1e7af8972c06d03465cca14698c82b9,0x41d5d79431a913c4ae7d69a668ecdfe5ff9dfb68,0x73e02eaab68a41ea63bdae9dbd4b7678827b2352,2000000000000000000,Inverse DAO,INV,18,102,191879,108000000000,149154,6850728,deprecated,0x18cbafe5,"swapExactTokensForETH(uint256 amountIn, uint256 amountOutMin, address[] path, address to, uint256 deadline)",13084980
11976560,1614923917,0x85efb9e04f0ce0e263332a36cdc202fc19f428eb5847175efbd7a987b6fdfc95,30616,0x231adde647012d7a04c93bb07965fca22d0d057357a5f6da9f5882f4bb32083e,0x73e02eaab68a41ea63bdae9dbd4b7678827b2352,0x41d5d79431a913c4ae7d69a668ecdfe5ff9dfb68,0xb268c1c44a349d06a42cf24988162dadc48d839e,2582350340821790440,Inverse DAO,INV,18,3,406187,271382545627,163094,210872,deprecated,0x01032587,,13084979
11976560,1614923917,0xbfe171eadb804c1a9c31b0945df8d281531d58f16cb0b670463ee19f9357faea,10411,0x231adde647012d7a04c93bb07965fca22d0d057357a5f6da9f5882f4bb32083e,0xe34820500dcd2a2c3c4ce2c1cac561e30ede0dc7,0x41d5d79431a913c4ae7d69a668ecdfe5ff9dfb68,0x73e02eaab68a41ea63bdae9dbd4b7678827b2352,913120782024889702,Inverse DAO,INV,18,36,500000,112200000000,79880,2366560,deprecated,0x9149bafe,,13084979
11976560,1614923917,0x5c7b01554025803bcf2593e37c6bc653eff625ebd9010c248e61c8473acbffae,859,0x231adde647012d7a04c93bb07965fca22d0d057357a5f6da9f5882f4bb32083e,0x73e02eaab68a41ea63bdae9dbd4b7678827b2352,0x41d5d79431a913c4ae7d69a668ecdfe5ff9dfb68,0xd144992c2906b7ccb810a09d91c528cc4d32934c,413448085401090997,Inverse DAO,INV,18,43,141552,110000000000,103448,2723093,deprecated,0x7ff36ab5,"swapExactETHForTokens(uint256 amountOutMin, address[] path, address to, uint256 deadline)",13084979
11976560,1614923917,0xfe915f36353a5e1a9d96835f84d7bb11b026c3a80abb9e6908e2817c790dc682,43,0x231adde647012d7a04c93bb07965fca22d0d057357a5f6da9f5882f4bb32083e,0x73e02eaab68a41ea63bdae9dbd4b7678827b2352,0x41d5d79431a913c4ae7d69a668ecdfe5ff9dfb68,0x585aee7a3e4e6daf5b574af3ad52a4802ad47118,801093984987649608,Inverse DAO,INV,18,68,158314,106000000000,118448,4251200,deprecated,0x7ff36ab5,"swapExactETHForTokens(uint256 amountOutMin, address[] path, address to, uint256 deadline)",13084979
11976560,1614923917,0xe10e3ee849976fbcb64748410ef20ead49c0a588a556e6147d60508676f8aedc,1176,0x231adde647012d7a04c93bb07965fca22d0d057357a5f6da9f5882f4bb32083e,0x7058e797b221c661521dd32a770ed13e08d15430,0x41d5d79431a913c4ae7d69a668ecdfe5ff9dfb68,0x73e02eaab68a41ea63bdae9dbd4b7678827b2352,3000000000000000000,Inverse DAO,INV,18,108,191879,104000000000,149154,9002428,deprecated,0x18cbafe5,"swapExactTokensForETH(uint256 amountIn, uint256 amountOutMin, address[] path, address to, uint256 deadline)",13084979
11976560,1614923917,0x8306398eb35ba41e2b86ac47f5a692b62c885e895103d5e01c3881d36d59e86a,397,0x231adde647012d7a04c93bb07965fca22d0d057357a5f6da9f5882f4bb32083e,0x73e02eaab68a41ea63bdae9dbd4b7678827b2352,0x41d5d79431a913c4ae7d69a668ecdfe5ff9dfb68,0xc309342fa70f965f9f55323a0d5b921d4033165f,2834228423763982530,Inverse DAO,INV,18,140,141552,102000000000,103448,12347459,deprecated,0x7ff36ab5,"swapExactETHForTokens(uint256 amountOutMin, address[] path, address to, uint256 deadline)",13084979
11976561,1614923934,0x4627f7857dd2aad8981edf828123f1c4fffc01f1df47f9681c47e1df5fd1f5cb,2534,0xf84505c613d386febf2faf8b3b56e985f1ee085bdcfd29335c96dc2df45aa201,0x9a568bfeb8cb19e4bafcb57ee69498d57d9591ca,0x41d5d79431a913c4ae7d69a668ecdfe5ff9dfb68,0x73e02eaab68a41ea63bdae9dbd4b7678827b2352,1000000000000000000,Inverse DAO,INV,18,20,153938,102000000000,126678,1413299,deprecated,0x18cbafe5,"swapExactTokensForETH(uint256 amountIn, uint256 amountOutMin, address[] path, address to, uint256 deadline)",13084978
11976561,1614923934,0x267fc6921659050d9b297017e576dda25d708e80ad4b1df0b30376bb7410ebd2,1998,0xf84505c613d386febf2faf8b3b56e985f1ee085bdcfd29335c96dc2df45aa201,0x73e02eaab68a41ea63bdae9dbd4b7678827b2352,0x41d5d79431a913c4ae7d69a668ecdfe5ff9dfb68,0x6aed19abab347eb07a2c8b264fc5c4c1b002210b,1340774807475867764,Inverse DAO,INV,18,44,141552,101000000000,103448,2841114,deprecated,0x7ff36ab5,"swapExactETHForTokens(uint256 amountOutMin, address[] path, address to, uint256 deadline)",13084978
11976561,1614923934,0x12a5bc6c1d76effe0943f032bd25e910ee5bcef17c1e639c1db6fc76d9db1cf3,1381,0xf84505c613d386febf2faf8b3b56e985f1ee085bdcfd29335c96dc2df45aa201,0x73e02eaab68a41ea63bdae9dbd4b7678827b2352,0x41d5d79431a913c4ae7d69a668ecdfe5ff9dfb68,0x050ee024a0ffd8b9bd383271835b27dd66c3fec3,384360332603728581,Inverse DAO,INV,18,188,141552,96960001473,103448,11946920,deprecated,0x7ff36ab5,"swapExactETHForTokens(uint256 amountOutMin, address[] path, address to, uint256 deadline)",13084978
11976562,1614923936,0xffda5a3852b3d120ee9feae9d1bf27f61475da81a1a531a2f02c7c0c40942ecf,4539,0x818fc3385898b698818d89cbe97d907e872b288847c0f5f7fbf5bb94dea0dec1,0x9e353fbdc3ec7290290bda31a8001cb609858adf,0x41d5d79431a913c4ae7d69a668ecdfe5ff9dfb68,0x73e02eaab68a41ea63bdae9dbd4b7678827b2352,2000000000000000000,Inverse DAO,INV,18,2,191866,122000000000,161158,253639,deprecated,0x18cbafe5,"swapExactTokensForETH(uint256 amountIn, uint256 amountOutMin, address[] path, address to, uint256 deadline)",13084977
11976562,1614923936,0xa2c93390bcb01bd774115f119d472805ce52c272e739e9b0d327806a83a9e0f5,4540,0x818fc3385898b698818d89cbe97d907e872b288847c0f5f7fbf5bb94dea0dec1,0x9e353fbdc3ec7290290bda31a8001cb609858adf,0x41d5d79431a913c4ae7d69a668ecdfe5ff9dfb68,0xb268c1c44a349d06a42cf24988162dadc48d839e,4000000000000000000,Inverse DAO,INV,18,8,164100,111000000000,120333,600952,deprecated,0x38ed1739,"swapExactTokensForTokens(uint256 amountIn, uint256 amountOutMin, address[] path, address to, uint256 deadline)",13084977
11976562,1614923936,0x4a0d963f93deb82dd304ac8e391780ddd17595dd937ab547f9298b70dd6e790c,1073,0x818fc3385898b698818d89cbe97d907e872b288847c0f5f7fbf5bb94dea0dec1,0x73e02eaab68a41ea63bdae9dbd4b7678827b2352,0x41d5d79431a913c4ae7d69a668ecdfe5ff9dfb68,0x4315ed306e03192867b1799e4c0895a4cd9d82d4,279571652120210100,Inverse DAO,INV,18,152,158314,96000000000,118448,10963231,deprecated,0x7ff36ab5,"swapExactETHForTokens(uint256 amountOutMin, address[] path, address to, uint256 deadline)",13084977
11976562,1614923936,0x5cb65fb29d7222d3801fbd6d52a979e1eb1beaf3b4978919b2e522f9c74c5f74,35,0x818fc3385898b698818d89cbe97d907e872b288847c0f5f7fbf5bb94dea0dec1,0x73e02eaab68a41ea63bdae9dbd4b7678827b2352,0x41d5d79431a913c4ae7d69a668ecdfe5ff9dfb68,0xe069cb01d06ba617bcdf789bf2ff0d5e5ca20c71,1200482327528261944,Inverse DAO,INV,18,177,329232,95000000000,258689,12198504,deprecated,0x90411a32,"swap(address caller,tuple desc,tuple[] calls)",13084977
11976562,1614923936,0x5cb65fb29d7222d3801fbd6d52a979e1eb1beaf3b4978919b2e522f9c74c5f74,35,0x818fc3385898b698818d89cbe97d907e872b288847c0f5f7fbf5bb94dea0dec1,0xe069cb01d06ba617bcdf789bf2ff0d5e5ca20c71,0x41d5d79431a913c4ae7d69a668ecdfe5ff9dfb68,0x910bf2d50fa5e014fd06666f456182d4ab7c8bd2,169796404505080586,Inverse DAO,INV,18,177,329232,95000000000,258689,12198504,deprecated,0x90411a32,"swap(address caller,tuple desc,tuple[] calls)",13084977
11976562,1614923936,0x5cb65fb29d7222d3801fbd6d52a979e1eb1beaf3b4978919b2e522f9c74c5f74,35,0x818fc3385898b698818d89cbe97d907e872b288847c0f5f7fbf5bb94dea0dec1,0xe069cb01d06ba617bcdf789bf2ff0d5e5ca20c71,0x41d5d79431a913c4ae7d69a668ecdfe5ff9dfb68,0xbb636c9f92a61b47241ec034924191e9275c4ef1,1030685923023181358,Inverse DAO,INV,18,177,329232,95000000000,258689,12198504,deprecated,0x90411a32,"swap(address caller,tuple desc,tuple[] calls)",13084977
11976563,1614923942,0x5fac69b859ec594e7fd6f53b401b0165a796724420c1fcf7c4437fe46794e2da,42,0x111ea3d8398c7d2b831eee7ed4bed37433e1526b0cb0a45359241bd02fdbc8ab,0x73e02eaab68a41ea63bdae9dbd4b7678827b2352,0x41d5d79431a913c4ae7d69a668ecdfe5ff9dfb68,0x58167ae1335b173207c8cd98095b9357736ceec4,1976168116093583596,Inverse DAO,INV,18,0,141539,222000000000,115452,115452,deprecated,0x7ff36ab5,"swapExactETHForTokens(uint256 amountOutMin, address[] path, address to, uint256 deadline)",13084976
11976563,1614923942,0x8673e2ccc3899e3d252d6b630be48f161b7292f8d9df8671eafb74649a6f0db2,8744,0x111ea3d8398c7d2b831eee7ed4bed37433e1526b0cb0a45359241bd02fdbc8ab,0xb268c1c44a349d06a42cf24988162dadc48d839e,0x41d5d79431a913c4ae7d69a668ecdfe5ff9dfb68,0x78a55b9b3bbeffb36a43d9905f654d2769dc55e8,3338097957206398157,Inverse DAO,INV,18,5,743700,171000000000,321662,548191,deprecated,0xc89e4361,delegate(),13084976
11976563,1614923942,0x8673e2ccc3899e3d252d6b630be48f161b7292f8d9df8671eafb74649a6f0db2,8744,0x111ea3d8398c7d2b831eee7ed4bed37433e1526b0cb0a45359241bd02fdbc8ab,0x78a55b9b3bbeffb36a43d9905f654d2769dc55e8,0x41d5d79431a913c4ae7d69a668ecdfe5ff9dfb68,0x73e02eaab68a41ea63bdae9dbd4b7678827b2352,3338097957206398157,Inverse DAO,INV,18,5,743700,171000000000,321662,548191,deprecated,0xc89e4361,delegate(),13084976
11976563,1614923942,0xf1c8c6899594ad7743798ac99770ef3493b986b70cbaeb71f78a4be0f2142f94,233,0x111ea3d8398c7d2b831eee7ed4bed37433e1526b0cb0a45359241bd02fdbc8ab,0x73e02eaab68a41ea63bdae9dbd4b7678827b2352,0x41d5d79431a913c4ae7d69a668ecdfe5ff9dfb68,0xd1e7777cc35e8a64736b306b91eb7b39fcdc724f,660028526974828980,Inverse DAO,INV,18,9,171741,170000000000,118448,831657,deprecated,0x7ff36ab5,"swapExactETHForTokens(uint256 amountOutMin, address[] path, address to, uint256 deadline)",13084976
11976563,1614923942,0x45fad094bb151693762395501abbe2f247bd36dda6d8d35e3702b9b0076822b8,721,0x111ea3d8398c7d2b831eee7ed4bed37433e1526b0cb0a45359241bd02fdbc8ab,0x73e02eaab68a41ea63bdae9dbd4b7678827b2352,0x41d5d79431a913c4ae7d69a668ecdfe5ff9dfb68,0xe069cb01d06ba617bcdf789bf2ff0d5e5ca20c71,3309400586296153683,Inverse DAO,INV,18,16,408084,150000000000,184632,1650340,deprecated,0x34b0793b,"discountedSwap(address caller,tuple desc,tuple[] calls)",13084976
11976563,1614923942,0x45fad094bb151693762395501abbe2f247bd36dda6d8d35e3702b9b0076822b8,721,0x111ea3d8398c7d2b831eee7ed4bed37433e1526b0cb0a45359241bd02fdbc8ab,0xe069cb01d06ba617bcdf789bf2ff0d5e5ca20c71,0x41d5d79431a913c4ae7d69a668ecdfe5ff9dfb68,0x910bf2d50fa5e014fd06666f456182d4ab7c8bd2,199568534811346964,Inverse DAO,INV,18,16,408084,150000000000,184632,1650340,deprecated,0x34b0793b,"discountedSwap(address caller,tuple desc,tuple[] calls)",13084976
11976563,1614923942,0x45fad094bb151693762395501abbe2f247bd36dda6d8d35e3702b9b0076822b8,721,0x111ea3d8398c7d2b831eee7ed4bed37433e1526b0cb0a45359241bd02fdbc8ab,0xe069cb01d06ba617bcdf789bf2ff0d5e5ca20c71,0x41d5d79431a913c4ae7d69a668ecdfe5ff9dfb68,0x4dacd010e15e220bc6c5c3210d166505d2b6c63a,3109832051484806719,Inverse DAO,INV,18,16,408084,150000000000,184632,1650340,deprecated,0x34b0793b,"discountedSwap(address caller,tuple desc,tuple[] calls)",13084976
11976563,1614923942,0x4dadca79c25a20c9ecf430c9642c4723401825dccc5cd70cf1afe9c18d24de3e,22073,0x111ea3d8398c7d2b831eee7ed4bed37433e1526b0cb0a45359241bd02fdbc8ab,0xb268c1c44a349d06a42cf24988162dadc48d839e,0x41d5d79431a913c4ae7d69a668ecdfe5ff9dfb68,0x860bd2dba9cd475a61e6d1b45e16c365f6d78f66,2635995424326505152,Inverse DAO,INV,18,17,537150,150000000000,253718,1904058,deprecated,0xc89e4361,delegate(),13084976
11976563,1614923942,0x4dadca79c25a20c9ecf430c9642c4723401825dccc5cd70cf1afe9c18d24de3e,22073,0x111ea3d8398c7d2b831eee7ed4bed37433e1526b0cb0a45359241bd02fdbc8ab,0x860bd2dba9cd475a61e6d1b45e16c365f6d78f66,0x41d5d79431a913c4ae7d69a668ecdfe5ff9dfb68,0x73e02eaab68a41ea63bdae9dbd4b7678827b2352,2635995424326505152,Inverse DAO,INV,18,17,537150,150000000000,253718,1904058,deprecated,0xc89e4361,delegate(),13084976
11976563,1614923942,0xfd1296a54367435c9f48d49faa3393ba6e698bfa4510325689b7132fc1f0b831,456,0x111ea3d8398c7d2b831eee7ed4bed37433e1526b0cb0a45359241bd02fdbc8ab,0x73e02eaab68a41ea63bdae9dbd4b7678827b2352,0x41d5d79431a913c4ae7d69a668ecdfe5ff9dfb68,0xeeba92ba54baa7667980e0e4ca1da654690ff760,2439700141338944658,Inverse DAO,INV,18,106,158314,105000000000,118448,6133466,deprecated,0x7ff36ab5,"swapExactETHForTokens(uint256 amountOutMin, address[] path, address to, uint256 deadline)",13084976
11976563,1614923942,0x7707da8ff2aaadce31b4c05bb8750c33c69575efd9cc6530069d419c20c6344e,3061,0x111ea3d8398c7d2b831eee7ed4bed37433e1526b0cb0a45359241bd02fdbc8ab,0xb67f1976a1e7af8972c06d03465cca14698c82b9,0x41d5d79431a913c4ae7d69a668ecdfe5ff9dfb68,0x73e02eaab68a41ea63bdae9dbd4b7678827b2352,2000000000000000000,Inverse DAO,INV,18,118,191879,105000000000,149154,7166344,deprecated,0x18cbafe5,"swapExactTokensForETH(uint256 amountIn, uint256 amountOutMin, address[] path, address to, uint256 deadline)",13084976
11976563,1614923942,0x726dc3655245c01521b3fa9bd5b06412ea5be8913a8efc956ccf65346333ecd0,577,0x111ea3d8398c7d2b831eee7ed4bed37433e1526b0cb0a45359241bd02fdbc8ab,0x73e02eaab68a41ea63bdae9dbd4b7678827b2352,0x41d5d79431a913c4ae7d69a668ecdfe5ff9dfb68,0xc6e1dfff01ecfc22a0a79d366f80f0338645f50c,1932045388686946853,Inverse DAO,INV,18,127,141552,103000000000,103448,8644672,deprecated,0x7ff36ab5,"swapExactETHForTokens(uint256 amountOutMin, address[] path, address to, uint256 deadline)",13084976
11976563,1614923942,0xf13d765dbb74079bd70b500a9f396cb05de055f75402968fb55f0e6ea95c2d27,1070,0x111ea3d8398c7d2b831eee7ed4bed37433e1526b0cb0a45359241bd02fdbc8ab,0xdbb12b09698612b6ba3f5256873dc48bee73230c,0x41d5d79431a913c4ae7d69a668ecdfe5ff9dfb68,0x73e02eaab68a41ea63bdae9dbd4b7678827b2352,2000000000000000000,Inverse DAO,INV,18,138,191879,102000000000,149154,9040328,deprecated,0x18cbafe5,"swapExactTokensForETH(uint256 amountIn, uint256 amountOutMin, address[] path, address to, uint256 deadline)",13084976
11976564,1614923962,0x165f429b6fadbe1977a8652bd5a437518f5870f12586e215d4ff49976dc3ab84,221,0xdcab543e10f4f863f864d6064d92fa7dfcb204d1bd7be47ffba49a0d4a283a9e,0x3c2b600bc5bbba74b2b9edf5e9f12e72240266e1,0x41d5d79431a913c4ae7d69a668ecdfe5ff9dfb68,0x73e02eaab68a41ea63bdae9dbd4b7678827b2352,2000000000000000000,Inverse DAO,INV,18,3,260000,260000000000,179125,519292,deprecated,0x38ed1739,"swapExactTokensForTokens(uint256 amountIn, uint256 amountOutMin, address[] path, address to, uint256 deadline)",13084975
11976564,1614923962,0x5e225a43a61e404408d671892fd759c3f2355e5977affb16a529946f94cbae57,2950,0xdcab543e10f4f863f864d6064d92fa7dfcb204d1bd7be47ffba49a0d4a283a9e,0x73e02eaab68a41ea63bdae9dbd4b7678827b2352,0x41d5d79431a913c4ae7d69a668ecdfe5ff9dfb68,0x00000000751edf02c727ea9d0c1c8e64f169e343,7563099793624226451,Inverse DAO,INV,18,4,300000,259999999999,81283,600575,deprecated,0x73e02eaa,,13084975
11976564,1614923962,0x0e74e2bbd0637b9e451a4127c5cbe89e789390497393272e374d5522998f17de,29624,0xdcab543e10f4f863f864d6064d92fa7dfcb204d1bd7be47ffba49a0d4a283a9e,0xb268c1c44a349d06a42cf24988162dadc48d839e,0x41d5d79431a913c4ae7d69a668ecdfe5ff9dfb68,0x860bd2dba9cd475a61e6d1b45e16c365f6d78f66,3961957505140220957,Inverse DAO,INV,18,5,537150,259999999999,265734,866309,deprecated,0xc89e4361,delegate(),13084975
11976564,1614923962,0x0e74e2bbd0637b9e451a4127c5cbe89e789390497393272e374d5522998f17de,29624,0xdcab543e10f4f863f864d6064d92fa7dfcb204d1bd7be47ffba49a0d4a283a9e,0x860bd2dba9cd475a61e6d1b45e16c365f6d78f66,0x41d5d79431a913c4ae7d69a668ecdfe5ff9dfb68,0x73e02eaab68a41ea63bdae9dbd4b7678827b2352,3961957505140220957,Inverse DAO,INV,18,5,537150,259999999999,265734,866309,deprecated,0xc89e4361,delegate(),13084975
11976564,1614923962,0x4a1115e12156063137a01e859b4aafd9e8f1cb48bf7742a5932c2b9981510be1,4542,0xdcab543e10f4f863f864d6064d92fa7dfcb204d1bd7be47ffba49a0d4a283a9e,0x9e353fbdc3ec7290290bda31a8001cb609858adf,0x41d5d79431a913c4ae7d69a668ecdfe5ff9dfb68,0xb268c1c44a349d06a42cf24988162dadc48d839e,4000000000000000000,Inverse DAO,INV,18,35,150672,122000000000,131034,2273731,deprecated,0x38ed1739,"swapExactTokensForTokens(uint256 amountIn, uint256 amountOutMin, address[] path, address to, uint256 deadline)",13084975
11976564,1614923962,0x93a1fc9cea5fa1abeac0f8f308f301e1354d5594192913dd8e63026165edc3d9,4543,0xdcab543e10f4f863f864d6064d92fa7dfcb204d1bd7be47ffba49a0d4a283a9e,0x9e353fbdc3ec7290290bda31a8001cb609858adf,0x41d5d79431a913c4ae7d69a668ecdfe5ff9dfb68,0x73e02eaab68a41ea63bdae9dbd4b7678827b2352,2000000000000000000,Inverse DAO,INV,18,36,191866,122000000000,126425,2400156,deprecated,0x18cbafe5,"swapExactTokensForETH(uint256 amountIn, uint256 amountOutMin, address[] path, address to, uint256 deadline)",13084975
11976564,1614923962,0xe307ae5645ca9ef01b6f71cf5c3579689707846f39b8a31ecfcd8a83800c7913,173,0xdcab543e10f4f863f864d6064d92fa7dfcb204d1bd7be47ffba49a0d4a283a9e,0x73e02eaab68a41ea63bdae9dbd4b7678827b2352,0x41d5d79431a913c4ae7d69a668ecdfe5ff9dfb68,0xba55bdbf959df826da6c35487eb15fad2164662d,640726338179698329,Inverse DAO,INV,18,55,141552,120000000000,103448,3011706,deprecated,0x7ff36ab5,"swapExactETHForTokens(uint256 amountOutMin, address[] path, address to, uint256 deadline)",13084975
11976564,1614923962,0x191bfcf08a95a5af9ec9f23384aa4ec2e2514fa75eac9468d6f127476cf03a0f,174,0xdcab543e10f4f863f864d6064d92fa7dfcb204d1bd7be47ffba49a0d4a283a9e,0x73e02eaab68a41ea63bdae9dbd4b7678827b2352,0x41d5d79431a913c4ae7d69a668ecdfe5ff9dfb68,0xba55bdbf959df826da6c35487eb15fad2164662d,619315728117895067,Inverse DAO,INV,18,58,141552,120000000000,103448,3163209,deprecated,0x7ff36ab5,"swapExactETHForTokens(uint256 amountOutMin, address[] path, address to, uint256 deadline)",13084975
11976564,1614923962,0x93e5dd25450ec1bdd2d74eb164e0c53635270378c0c9caf8e0d1615286358e3f,175,0xdcab543e10f4f863f864d6064d92fa7dfcb204d1bd7be47ffba49a0d4a283a9e,0x73e02eaab68a41ea63bdae9dbd4b7678827b2352,0x41d5d79431a913c4ae7d69a668ecdfe5ff9dfb68,0xba55bdbf959df826da6c35487eb15fad2164662d,1178583662476176362,Inverse DAO,INV,18,61,141552,120000000000,103448,3363332,deprecated,0x7ff36ab5,"swapExactETHForTokens(uint256 amountOutMin, address[] path, address to, uint256 deadline)",13084975
11976564,1614923962,0x5009313dc2baa93f162bdfa79488e653cc9a69a77f95fac38ec317904d22b82e,2951,0xdcab543e10f4f863f864d6064d92fa7dfcb204d1bd7be47ffba49a0d4a283a9e,0x00000000751edf02c727ea9d0c1c8e64f169e343,0x41d5d79431a913c4ae7d69a668ecdfe5ff9dfb68,0x73e02eaab68a41ea63bdae9dbd4b7678827b2352,7563099793624226451,Inverse DAO,INV,18,63,300000,119999999999,94796,3487540,deprecated,0x73e02eaa,,13084975
11976564,1614923962,0x3cf4d1ae96e4675b4f013cafb4e2d08f38ec8b8655e88d0786ba06b5728fafef,69,0xdcab543e10f4f863f864d6064d92fa7dfcb204d1bd7be47ffba49a0d4a283a9e,0x73e02eaab68a41ea63bdae9dbd4b7678827b2352,0x41d5d79431a913c4ae7d69a668ecdfe5ff9dfb68,0x3958204d1ed33d6cce8e22f0a2212199492c34b9,2673764271561277559,Inverse DAO,INV,18,147,189442,106000000000,162053,7651988,deprecated,0x38ed1739,"swapExactTokensForTokens(uint256 amountIn, uint256 amountOutMin, address[] path, address to, uint256 deadline)",13084975
11976564,1614923962,0xe57d9734be5d896eff35f4219759b3bb479a0ad3bc20542d62f527160c7a01d4,350,0xdcab543e10f4f863f864d6064d92fa7dfcb204d1bd7be47ffba49a0d4a283a9e,0x73e02eaab68a41ea63bdae9dbd4b7678827b2352,0x41d5d79431a913c4ae7d69a668ecdfe5ff9dfb68,0x030740c1fb8f4841ac647e346f299f8dc2c58306,1891819684714958875,Inverse DAO,INV,18,163,212208,105000000000,182512,10594197,deprecated,0x38ed1739,"swapExactTokensForTokens(uint256 amountIn, uint256 amountOutMin, address[] path, address to, uint256 deadline)",13084975
11976564,1614923962,0xba764f2f43f95f593aff9ca078ac76c6d6311bc08356748a027d1c79ef100fa7,5548,0xdcab543e10f4f863f864d6064d92fa7dfcb204d1bd7be47ffba49a0d4a283a9e,0x73e02eaab68a41ea63bdae9dbd4b7678827b2352,0x41d5d79431a913c4ae7d69a668ecdfe5ff9dfb68,0x1ce2304369d957fc1f0dd32c983f445e449f4c7a,2506616403476628433,Inverse DAO,INV,18,168,180110,105000000000,137953,11063078,deprecated,0x7ff36ab5,"swapExactETHForTokens(uint256 amountOutMin, address[] path, address to, uint256 deadline)",13084975
11976565,1614923995,0x2429da695fe6380b19a9c20afb5e67da3d915549a7e342dbd7dde865a1ca34e9,176,0x3ba1fdb3f0dff307eaf65c05aed2e56e0cc4032dbbd51dca3871b63fdc299f6d,0x73e02eaab68a41ea63bdae9dbd4b7678827b2352,0x41d5d79431a913c4ae7d69a668ecdfe5ff9dfb68,0xba55bdbf959df826da6c35487eb15fad2164662d,1134019928899587441,Inverse DAO,INV,18,17,141552,120000000000,115464,749278,deprecated,0x7ff36ab5,"swapExactETHForTokens(uint256 amountOutMin, address[] path, address to, uint256 deadline)",13084974
11976565,1614923995,0xff7337c0bdc2b036a4892705dd035b9206aeb03ead6713f46b132a6645aadc8f,95,0x3ba1fdb3f0dff307eaf65c05aed2e56e0cc4032dbbd51dca3871b63fdc299f6d,0x15f574311bf3408d413a6a3bab569b3377ac146d,0x41d5d79431a913c4ae7d69a668ecdfe5ff9dfb68,0xa013afbb9a92cef49e898c87c060e6660e050569,3000000000000000000,Inverse DAO,INV,18,77,537128,105000000000,288350,4881223,deprecated,0x38c5c08e,"batchExec(address[] tos, bytes32[] configs, bytes[] datas)",13084974
11976565,1614923995,0xff7337c0bdc2b036a4892705dd035b9206aeb03ead6713f46b132a6645aadc8f,95,0x3ba1fdb3f0dff307eaf65c05aed2e56e0cc4032dbbd51dca3871b63fdc299f6d,0xa013afbb9a92cef49e898c87c060e6660e050569,0x41d5d79431a913c4ae7d69a668ecdfe5ff9dfb68,0x73e02eaab68a41ea63bdae9dbd4b7678827b2352,3000000000000000000,Inverse DAO,INV,18,77,537128,105000000000,288350,4881223,deprecated,0x38c5c08e,"batchExec(address[] tos, bytes32[] configs, bytes[] datas)",13084974
11976565,1614923995,0x4239865e81649875cc8eb81a416721165621b698afc06fc6ce280aaf2c7469ab,2535,0x3ba1fdb3f0dff307eaf65c05aed2e56e0cc4032dbbd51dca3871b63fdc299f6d,0x9a568bfeb8cb19e4bafcb57ee69498d57d9591ca,0x41d5d79431a913c4ae7d69a668ecdfe5ff9dfb68,0x73e02eaab68a41ea63bdae9dbd4b7678827b2352,1000000000000000000,Inverse DAO,INV,18,99,153938,103000000000,114662,7817778,deprecated,0x18cbafe5,"swapExactTokensForETH(uint256 amountIn, uint256 amountOutMin, address[] path, address to, uint256 deadline)",13084974
11976565,1614923995,0x151cd49df44235d10204c888ef080b8e0f00de3f2f8ca94a92033dd57ef53f62,656,0x3ba1fdb3f0dff307eaf65c05aed2e56e0cc4032dbbd51dca3871b63fdc299f6d,0x8efd9addd8de6a4e64664d1893dec51f8c3339e9,0x41d5d79431a913c4ae7d69a668ecdfe5ff9dfb68,0xb268c1c44a349d06a42cf24988162dadc48d839e,9970000000000000000,Inverse DAO,INV,18,101,150685,103000000000,143062,7981840,deprecated,0x38ed1739,"swapExactTokensForTokens(uint256 amountIn, uint256 amountOutMin, address[] path, address to, uint256 deadline)",13084974
11976565,1614923995,0x4defff35536585471a15e9a8ccb1c7bf2786ccef9d6c45a70c3ec59f42bdb1ee,1428,0x3ba1fdb3f0dff307eaf65c05aed2e56e0cc4032dbbd51dca3871b63fdc299f6d,0xb268c1c44a349d06a42cf24988162dadc48d839e,0x41d5d79431a913c4ae7d69a668ecdfe5ff9dfb68,0x00000000000017c75025d397b91d284bbe8fc7f2,3601433726471954829,Inverse DAO,INV,18,102,1100000,103000000000,217656,8199496,deprecated,0x02008efd,,13084974
11976565,1614923995,0x4defff35536585471a15e9a8ccb1c7bf2786ccef9d6c45a70c3ec59f42bdb1ee,1428,0x3ba1fdb3f0dff307eaf65c05aed2e56e0cc4032dbbd51dca3871b63fdc299f6d,0x00000000000017c75025d397b91d284bbe8fc7f2,0x41d5d79431a913c4ae7d69a668ecdfe5ff9dfb68,0x73e02eaab68a41ea63bdae9dbd4b7678827b2352,3601433726471954829,Inverse DAO,INV,18,102,1100000,103000000000,217656,8199496,deprecated,0x02008efd,,13084974
11976566,1614924011,0x14657438e63620a915b85b6378d1836c06be1ecd1b0f0b2f18b582f5f9a9c22c,365,0x95c5cfafbb810eacf9f67bd25910509a976f46e4e844d9ec38f5133145c827da,0x73e02eaab68a41ea63bdae9dbd4b7678827b2352,0x41d5d79431a913c4ae7d69a668ecdfe5ff9dfb68,0xf2efc7b78168abc6a5be99e5624c64f2499d91fc,1246153927844856118,Inverse DAO,INV,18,250,209931,98000000000,192458,9597959,deprecated,0x38ed1739,"swapExactTokensForTokens(uint256 amountIn, uint256 amountOutMin, address[] path, address to, uint256 deadline)",13084973
11976566,1614924011,0xe1bab0be58a5a0ebd48a4ba9d245f57025040312384a058883aaa10342ac9ec4,204,0x95c5cfafbb810eacf9f67bd25910509a976f46e4e844d9ec38f5133145c827da,0xb78faab3fc6ab3691aaddf94847ca53481e6410e,0x41d5d79431a913c4ae7d69a668ecdfe5ff9dfb68,0x73e02eaab68a41ea63bdae9dbd4b7678827b2352,1000000000000000000,Inverse DAO,INV,18,266,191879,97000000000,149154,11639422,deprecated,0x18cbafe5,"swapExactTokensForETH(uint256 amountIn, uint256 amountOutMin, address[] path, address to, uint256 deadline)",13084973
11976566,1614924011,0x14ab095b27c33076e854f1fa86378a04c13ff50e524c83fc6a65ee6d230e8b77,217,0x95c5cfafbb810eacf9f67bd25910509a976f46e4e844d9ec38f5133145c827da,0x5c1245f9db3f8f7fe1208cb82325ea88fc11fe89,0x41d5d79431a913c4ae7d69a668ecdfe5ff9dfb68,0xf817554cc4ca4fe435dbf43bd1bacf0d7b0f38d7,6659890022152598,Inverse DAO,INV,18,274,106809,97000000000,91809,12373270,deprecated,0x3d18b912,getReward(),13084973
11976567,1614924013,0x29f02dcd7d65dbc55bcb07cebd85b3dfc9935a9740d1dcb011f6259770dbe6d7,958,0x2a85527ddb2fda4f7e7082a7fc6b04674890b67d596501afcb599515a178f588,0x73e02eaab68a41ea63bdae9dbd4b7678827b2352,0x41d5d79431a913c4ae7d69a668ecdfe5ff9dfb68,0x10725af1f2919d0acc5cf294285d97710f980490,1552417966619693762,Inverse DAO,INV,18,24,141552,151000000000,115464,1301201,deprecated,0x7ff36ab5,"swapExactETHForTokens(uint256 amountOutMin, address[] path, address to, uint256 deadline)",13084972
11976567,1614924013,0xa3b19e7475decbda1ed536c5c0be13731016276ac060d97c76d8db0ef6f1814a,46512,0x2a85527ddb2fda4f7e7082a7fc6b04674890b67d596501afcb599515a178f588,0x73e02eaab68a41ea63bdae9dbd4b7678827b2352,0x41d5d79431a913c4ae7d69a668ecdfe5ff9dfb68,0x0555bdebc3429585b4594285a76f853725a49532,5119104922742270428,Inverse DAO,INV,18,31,193233,125011566694,122141,1675853,deprecated,0x6a80c33f,,13084972
11976567,1614924013,0x7f1a08ca8b9247eae5a157a8a0328c4042d5cbe994709c572624903d5a1927e1,76143,0x2a85527ddb2fda4f7e7082a7fc6b04674890b67d596501afcb599515a178f588,0xb268c1c44a349d06a42cf24988162dadc48d839e,0x41d5d79431a913c4ae7d69a668ecdfe5ff9dfb68,0x860bd2dba9cd475a61e6d1b45e16c365f6d78f66,3099494031293110972,Inverse DAO,INV,18,32,537150,125011566694,277750,1953603,deprecated,0xc89e4361,delegate(),13084972
11976567,1614924013,0x7f1a08ca8b9247eae5a157a8a0328c4042d5cbe994709c572624903d5a1927e1,76143,0x2a85527ddb2fda4f7e7082a7fc6b04674890b67d596501afcb599515a178f588,0x860bd2dba9cd475a61e6d1b45e16c365f6d78f66,0x41d5d79431a913c4ae7d69a668ecdfe5ff9dfb68,0x73e02eaab68a41ea63bdae9dbd4b7678827b2352,3099494031293110972,Inverse DAO,INV,18,32,537150,125011566694,277750,1953603,deprecated,0xc89e4361,delegate(),13084972
11976567,1614924013,0xeeeeca494cffa445294d9b29180ba85de636accdae96314cb13aa11dd29477ba,1382,0x2a85527ddb2fda4f7e7082a7fc6b04674890b67d596501afcb599515a178f588,0x73e02eaab68a41ea63bdae9dbd4b7678827b2352,0x41d5d79431a913c4ae7d69a668ecdfe5ff9dfb68,0x050ee024a0ffd8b9bd383271835b27dd66c3fec3,921440209075458551,Inverse DAO,INV,18,34,141552,125000000000,103448,2138777,deprecated,0x7ff36ab5,"swapExactETHForTokens(uint256 amountOutMin, address[] path, address to, uint256 deadline)",13084972
11976567,1614924013,0x4120eda408fd80e858bfebbd6dc1bc498332dc73306c783825c58782987d58f8,8333,0x2a85527ddb2fda4f7e7082a7fc6b04674890b67d596501afcb599515a178f588,0x537037c5ae805b9d4cecab5ee07f12a8e59a15b2,0x41d5d79431a913c4ae7d69a668ecdfe5ff9dfb68,0x73e02eaab68a41ea63bdae9dbd4b7678827b2352,10000000000000000000,Inverse DAO,INV,18,45,215740,120000000000,178345,2877260,deprecated,0xf305d719,"addLiquidityETH(address token, uint256 amountTokenDesired, uint256 amountTokenMin, uint256 amountETHMin, address to, uint256 deadline)",13084972
11976567,1614924013,0x4e954e3413cb768a69f38e4b346eebd9c114f8e8c885a4f2c35b5ae99ebd3340,2973,0x2a85527ddb2fda4f7e7082a7fc6b04674890b67d596501afcb599515a178f588,0x3455fc3515e39ca200930350001154e96c190162,0x41d5d79431a913c4ae7d69a668ecdfe5ff9dfb68,0xd4ca4cf1a0baac23cf884df165002f483884b13c,1000000000000000000,Inverse DAO,INV,18,149,136941,106000000000,91294,10556029,deprecated,0xa9059cbb,"transfer(address _to, uint256 _value)",13084972
11976567,1614924013,0x2190f827777b42169d4dd46ea849f4d5293abfce791766a4c03e67c6d0511705,656,0x2a85527ddb2fda4f7e7082a7fc6b04674890b67d596501afcb599515a178f588,0x73e02eaab68a41ea63bdae9dbd4b7678827b2352,0x41d5d79431a913c4ae7d69a668ecdfe5ff9dfb68,0xaa660be58233f2edfdcecbabc8e2438a2428646d,367005093808638472,Inverse DAO,INV,18,150,209678,106000000000,165212,10721241,deprecated,0x38ed1739,"swapExactTokensForTokens(uint256 amountIn, uint256 amountOutMin, address[] path, address to, uint256 deadline)",13084972
11976568,1614924027,0xdba13bf1863fb3ba03ce37548f04694383f570b79476bee998a5344b694e1955,10,0x599f6ff43d5ef3e41bf7854f80a9f46124b5f9fb87691e57fd6a3ecfe8cdd107,0x73e02eaab68a41ea63bdae9dbd4b7678827b2352,0x41d5d79431a913c4ae7d69a668ecdfe5ff9dfb68,0x769a2caf0502f021fc119b129fc8ebd72264d353,97198919735057829,Inverse DAO,INV,18,73,158314,97000000000,130464,4721719,deprecated,0x7ff36ab5,"swapExactETHForTokens(uint256 amountOutMin, address[] path, address to, uint256 deadline)",13084971
11976568,1614924027,0x6fce4b4cc293662b47581ff4ba4ed2774b49e52ae7b49ae14145bfe20afe07ea,1251,0x599f6ff43d5ef3e41bf7854f80a9f46124b5f9fb87691e57fd6a3ecfe8cdd107,0x431b5ddb0ace97ebc3d936403ea25831bad832b6,0x41d5d79431a913c4ae7d69a668ecdfe5ff9dfb68,0x73e02eaab68a41ea63bdae9dbd4b7678827b2352,500000000000000000,Inverse DAO,INV,18,91,191879,97000000000,149154,6443986,deprecated,0x18cbafe5,"swapExactTokensForETH(uint256 amountIn, uint256 amountOutMin, address[] path, address to, uint256 deadline)",13084971
11976568,1614924027,0x0b42d8972bc4f22264a54541304ba939c67ca500b72de52ebad2f7d8e1988b3f,719,0x599f6ff43d5ef3e41bf7854f80a9f46124b5f9fb87691e57fd6a3ecfe8cdd107,0x4129b4337d5a2f7278a02ff15bb1e4e548d8ee60,0x41d5d79431a913c4ae7d69a668ecdfe5ff9dfb68,0x73e02eaab68a41ea63bdae9dbd4b7678827b2352,2000000000000000000,Inverse DAO,INV,18,111,186299,97000000000,143865,7832655,deprecated,0xf305d719,"addLiquidityETH(address token, uint256 amountTokenDesired, uint256 amountTokenMin, uint256 amountETHMin, address to, uint256 deadline)",13084971
11976568,1614924027,0xc00d52a16fe47b159f67c240ffb2619a8255a5bb37ca388877658e4ec999ff5a,1343,0x599f6ff43d5ef3e41bf7854f80a9f46124b5f9fb87691e57fd6a3ecfe8cdd107,0xdea3e18aa866f46da789f0b908e90bf55a0dca90,0x41d5d79431a913c4ae7d69a668ecdfe5ff9dfb68,0x73e02eaab68a41ea63bdae9dbd4b7678827b2352,1000000000000000000,Inverse DAO,INV,18,125,181836,97000000000,155093,9119858,deprecated,0x38ed1739,"swapExactTokensForTokens(uint256 amountIn, uint256 amountOutMin, address[] path, address to, uint256 deadline)",13084971
11976568,1614924027,0xb01ca51266fc43385a3b10dcf4eecb7ed4f9798c6466508e9ba5e6247edfd52f,5549,0x599f6ff43d5ef3e41bf7854f80a9f46124b5f9fb87691e57fd6a3ecfe8cdd107,0x73e02eaab68a41ea63bdae9dbd4b7678827b2352,0x41d5d79431a913c4ae7d69a668ecdfe5ff9dfb68,0x1ce2304369d957fc1f0dd32c983f445e449f4c7a,2543190107456137364,Inverse DAO,INV,18,127,180110,97000000000,137953,9278811,deprecated,0x7ff36ab5,"swapExactETHForTokens(uint256 amountOutMin, address[] path, address to, uint256 deadline)",13084971
11976570,1614924029,0x473081b5d6d5a4f149951c2eb594073718420ba702831926f441b0f7ab1ad739,30617,0xd2cf6840906815a3fd6c435c10e7dd182d10827cf115c0af265cf6f41b6d4ced,0xb268c1c44a349d06a42cf24988162dadc48d839e,0x41d5d79431a913c4ae7d69a668ecdfe5ff9dfb68,0x73e02eaab68a41ea63bdae9dbd4b7678827b2352,1976045443210831412,Inverse DAO,INV,18,4,426233,400000100001,173117,517166,deprecated,0x02032587,,13084969
11976570,1614924029,0xfb571f23595c2a32dc8b2d5c0757ffe89438bc21c19976c508047470c6df768a,2168,0xd2cf6840906815a3fd6c435c10e7dd182d10827cf115c0af265cf6f41b6d4ced,0xb268c1c44a349d06a42cf24988162dadc48d839e,0x41d5d79431a913c4ae7d69a668ecdfe5ff9dfb68,0x1512c7c4a4266dc9a56b1f21c8cb19e13410e684,1000000000000000000,Inverse DAO,INV,18,5,126134,400000000000,96428,613594,deprecated,0x8803dbee,"swapTokensForExactTokens(uint256 amountOut, uint256 amountInMax, address[] path, address to, uint256 deadline)",13084969
11976570,1614924029,0x00c4c29b0c1cd1dc28c804be98ac90c54538fcfb19c53115caa3d0d46cec2fbe,86,0xd2cf6840906815a3fd6c435c10e7dd182d10827cf115c0af265cf6f41b6d4ced,0x73e02eaab68a41ea63bdae9dbd4b7678827b2352,0x41d5d79431a913c4ae7d69a668ecdfe5ff9dfb68,0xf0a3b6daac28a0fce094f2cf264e040373d86f3f,2487241127650730002,Inverse DAO,INV,18,15,141552,120000000000,103448,1261309,deprecated,0x7ff36ab5,"swapExactETHForTokens(uint256 amountOutMin, address[] path, address to, uint256 deadline)",13084969
11976570,1614924029,0xce0c53cf9522fdd2e4c80a343acb1c7f704d48e7a4942a0ffc38dbe22dc9ab16,1590,0xd2cf6840906815a3fd6c435c10e7dd182d10827cf115c0af265cf6f41b6d4ced,0x73e02eaab68a41ea63bdae9dbd4b7678827b2352,0x41d5d79431a913c4ae7d69a668ecdfe5ff9dfb68,0xa7e5a837382c4b2a484bd2afadc8b5a5f6d74e87,235149702986794190,Inverse DAO,INV,18,108,158314,97000000000,118448,6855037,deprecated,0x7ff36ab5,"swapExactETHForTokens(uint256 amountOutMin, address[] path, address to, uint256 deadline)",13084969
11976570,1614924029,0x9db4bb3a1f62fb6612df2a815f3f95d37184ec524622240532ffe7a52d625b66,75,0xd2cf6840906815a3fd6c435c10e7dd182d10827cf115c0af265cf6f41b6d4ced,0x73e02eaab68a41ea63bdae9dbd4b7678827b2352,0x41d5d79431a913c4ae7d69a668ecdfe5ff9dfb68,0x623b8c6f3cf81a87d8fc721a5ac150b70a1e6feb,917766921079504136,Inverse DAO,INV,18,136,158314,97000000000,118448,8132408,deprecated,0x7ff36ab5,"swapExactETHForTokens(uint256 amountOutMin, address[] path, address to, uint256 deadline)",13084969
11976570,1614924029,0x43084a248a027c22670f261f4dc6ec675107388b9b6a65be4dc5e076f2072fef,339,0xd2cf6840906815a3fd6c435c10e7dd182d10827cf115c0af265cf6f41b6d4ced,0x73e02eaab68a41ea63bdae9dbd4b7678827b2352,0x41d5d79431a913c4ae7d69a668ecdfe5ff9dfb68,0xeaf0638b718cd0cd52c3dfad59ef36888ee511c2,1098237887571037523,Inverse DAO,INV,18,140,158314,97000000000,118448,8348299,deprecated,0x7ff36ab5,"swapExactETHForTokens(uint256 amountOutMin, address[] path, address to, uint256 deadline)",13084969
11976570,1614924029,0x860ef97120a4f501eed0e0595669481a0a3130279b684b2c51a7eca8350e95ec,46534,0xd2cf6840906815a3fd6c435c10e7dd182d10827cf115c0af265cf6f41b6d4ced,0xb268c1c44a349d06a42cf24988162dadc48d839e,0x41d5d79431a913c4ae7d69a668ecdfe5ff9dfb68,0x860bd2dba9cd475a61e6d1b45e16c365f6d78f66,1912679600814623919,Inverse DAO,INV,18,141,537150,97000000000,253718,8602017,deprecated,0xc89e4361,delegate(),13084969
11976570,1614924029,0x860ef97120a4f501eed0e0595669481a0a3130279b684b2c51a7eca8350e95ec,46534,0xd2cf6840906815a3fd6c435c10e7dd182d10827cf115c0af265cf6f41b6d4ced,0x860bd2dba9cd475a61e6d1b45e16c365f6d78f66,0x41d5d79431a913c4ae7d69a668ecdfe5ff9dfb68,0x73e02eaab68a41ea63bdae9dbd4b7678827b2352,1912679600814623919,Inverse DAO,INV,18,141,537150,97000000000,253718,8602017,deprecated,0xc89e4361,delegate(),13084969
11976570,1614924029,0x6af76c63754fb552c58cf2bfc72726acb216245363d640bd2cd39989977dcd10,191,0xd2cf6840906815a3fd6c435c10e7dd182d10827cf115c0af265cf6f41b6d4ced,0xc14c263ed59263fdd8298a4bc821b0fa5987f48f,0x41d5d79431a913c4ae7d69a668ecdfe5ff9dfb68,0x73e02eaab68a41ea63bdae9dbd4b7678827b2352,1000000000000000000,Inverse DAO,INV,18,147,263184,97000000000,204585,9515265,deprecated,0x38ed1739,"swapExactTokensForTokens(uint256 amountIn, uint256 amountOutMin, address[] path, address to, uint256 deadline)",13084969
11976570,1614924029,0x04974255416c88459a6476af84f6f52d2d436378f5f50224de6e592cd5399e73,579,0xd2cf6840906815a3fd6c435c10e7dd182d10827cf115c0af265cf6f41b6d4ced,0x73e02eaab68a41ea63bdae9dbd4b7678827b2352,0x41d5d79431a913c4ae7d69a668ecdfe5ff9dfb68,0xc6e1dfff01ecfc22a0a79d366f80f0338645f50c,480880483186819058,Inverse DAO,INV,18,155,154980,96000000000,103448,10279119,deprecated,0x7ff36ab5,"swapExactETHForTokens(uint256 amountOutMin, address[] path, address to, uint256 deadline)",13084969
11976570,1614924029,0xdba47250e09f4a8d73f585f7584ec2aefe5426fcaf6cbff7de81adfe8ed2f9a9,46513,0xd2cf6840906815a3fd6c435c10e7dd182d10827cf115c0af265cf6f41b6d4ced,0x0555bdebc3429585b4594285a76f853725a49532,0x41d5d79431a913c4ae7d69a668ecdfe5ff9dfb68,0x73e02eaab68a41ea63bdae9dbd4b7678827b2352,5119104922742270428,Inverse DAO,INV,18,181,249243,96000000000,95448,11649260,deprecated,0xc23e1a21,,13084969
11976571,1614924035,0xd4b20ab371c36a67c44d81c559c4d2a2db9b3c97e4b85ce087d235e175a562c5,70760,0xafc395f458b5dd9d032610f7cc4f5e37040df2f68d0caa01c4f8b73f5cda1c6c,0x73e02eaab68a41ea63bdae9dbd4b7678827b2352,0x41d5d79431a913c4ae7d69a668ecdfe5ff9dfb68,0xb268c1c44a349d06a42cf24988162dadc48d839e,2419765373147609619,Inverse DAO,INV,18,11,406162,120000100001,263947,1099358,deprecated,0x00032587,,13084968
11976571,1614924035,0x5b8908e31a044f3dd8a52eebd5aad70bdadb17dca57968fc413801c826128ab9,177,0xafc395f458b5dd9d032610f7cc4f5e37040df2f68d0caa01c4f8b73f5cda1c6c,0x73e02eaab68a41ea63bdae9dbd4b7678827b2352,0x41d5d79431a913c4ae7d69a668ecdfe5ff9dfb68,0xba55bdbf959df826da6c35487eb15fad2164662d,1294001658577867295,Inverse DAO,INV,18,13,154980,120000000000,103448,1239022,deprecated,0x7ff36ab5,"swapExactETHForTokens(uint256 amountOutMin, address[] path, address to, uint256 deadline)",13084968
11976572,1614924041,0x4522eaa7e07a8da7e7a4dfbddcdf5109988a2d9b5682e6fa957319d639e12021,178,0x3adcdae346744a87afa3c592f332cdf31775dd51a50e87603d366c3a5aac1ed1,0x73e02eaab68a41ea63bdae9dbd4b7678827b2352,0x41d5d79431a913c4ae7d69a668ecdfe5ff9dfb68,0xba55bdbf959df826da6c35487eb15fad2164662d,1229132331281906565,Inverse DAO,INV,18,29,141552,120000000000,115464,1096195,deprecated,0x7ff36ab5,"swapExactETHForTokens(uint256 amountOutMin, address[] path, address to, uint256 deadline)",13084967
11976572,1614924041,0x49b7d19e4e3a7c128ba53abf265188321c748b6b585e00f57f4f86293353e833,226,0x3adcdae346744a87afa3c592f332cdf31775dd51a50e87603d366c3a5aac1ed1,0x6addaa208ea7c6e413f0c514dc1ba7510390c500,0x41d5d79431a913c4ae7d69a668ecdfe5ff9dfb68,0x73e02eaab68a41ea63bdae9dbd4b7678827b2352,3000000000000000000,Inverse DAO,INV,18,107,191853,97000000000,149130,5275124,deprecated,0x18cbafe5,"swapExactTokensForETH(uint256 amountIn, uint256 amountOutMin, address[] path, address to, uint256 deadline)",13084967
11976574,1614924051,0x710acaf4e6b100f9334247e9e14b99c32c103deaca7bf2a7cfc2bb5dbdcaa4b8,43,0xa134ea1d09eefe977c451a289e38cabc9d99eba6bdf3222528514255d3e10585,0x73e02eaab68a41ea63bdae9dbd4b7678827b2352,0x41d5d79431a913c4ae7d69a668ecdfe5ff9dfb68,0x58167ae1335b173207c8cd98095b9357736ceec4,2569174590684446869,Inverse DAO,INV,18,0,141552,333000000000,115464,115464,deprecated,0x7ff36ab5,"swapExactETHForTokens(uint256 amountOutMin, address[] path, address to, uint256 deadline)",13084965
11976574,1614924051,0x6008416006e689954b307a2a4838d20741a7f9c3f45b83999c708867760224e4,1178,0xa134ea1d09eefe977c451a289e38cabc9d99eba6bdf3222528514255d3e10585,0x7058e797b221c661521dd32a770ed13e08d15430,0x41d5d79431a913c4ae7d69a668ecdfe5ff9dfb68,0x73e02eaab68a41ea63bdae9dbd4b7678827b2352,4000000000000000000,Inverse DAO,INV,18,79,191879,108000000000,149154,2809401,deprecated,0x18cbafe5,"swapExactTokensForETH(uint256 amountIn, uint256 amountOutMin, address[] path, address to, uint256 deadline)",13084965
11976574,1614924051,0x45328352d9d2790dfa374fa0c1116c440175a5e4c3c3813796711e6c65267a8b,46518,0xa134ea1d09eefe977c451a289e38cabc9d99eba6bdf3222528514255d3e10585,0x73e02eaab68a41ea63bdae9dbd4b7678827b2352,0x41d5d79431a913c4ae7d69a668ecdfe5ff9dfb68,0x0555bdebc3429585b4594285a76f853725a49532,4230762111180011613,Inverse DAO,INV,18,141,208185,97000000055,122141,7036280,deprecated,0x6a80c33f,,13084965
11976574,1614924051,0xcb7aab658ec3df5ab09863f55ce1223b0e515bc87bb9e594fd6be6620ddb7bc8,1923,0xa134ea1d09eefe977c451a289e38cabc9d99eba6bdf3222528514255d3e10585,0x73e02eaab68a41ea63bdae9dbd4b7678827b2352,0x41d5d79431a913c4ae7d69a668ecdfe5ff9dfb68,0x056590f16d5b314a132bbcfb1283fec5d5c6e670,946856108628440931,Inverse DAO,INV,18,160,158314,97000000000,118448,8381377,deprecated,0x7ff36ab5,"swapExactETHForTokens(uint256 amountOutMin, address[] path, address to, uint256 deadline)",13084965
11976574,1614924051,0x115c7c2043d619c1eaf1d2c17f12e4541d843769aa0826a1cb6705374ae0c00e,46519,0xa134ea1d09eefe977c451a289e38cabc9d99eba6bdf3222528514255d3e10585,0x0555bdebc3429585b4594285a76f853725a49532,0x41d5d79431a913c4ae7d69a668ecdfe5ff9dfb68,0x73e02eaab68a41ea63bdae9dbd4b7678827b2352,4230762111180011613,Inverse DAO,INV,18,163,249243,97000000000,95448,8542306,deprecated,0xc23e1a21,,13084965
11976575,1614924062,0x1d09b0afa0e86edb339732f939e36be95724e13bae29aeb2ce80c76ecf22fc83,205,0x95b3f8ec5646985f27de4f278fb35165b6ba7ab51bfe2b81571afd7faa923137,0xb78faab3fc6ab3691aaddf94847ca53481e6410e,0x41d5d79431a913c4ae7d69a668ecdfe5ff9dfb68,0x73e02eaab68a41ea63bdae9dbd4b7678827b2352,3000000000000000000,Inverse DAO,INV,18,32,205097,107000000000,161170,1228704,deprecated,0x18cbafe5,"swapExactTokensForETH(uint256 amountIn, uint256 amountOutMin, address[] path, address to, uint256 deadline)",13084964
11976575,1614924062,0x612fed537b80d51d519aeed52d04922a07087814169a369a252b3a24b2088c84,3063,0x95b3f8ec5646985f27de4f278fb35165b6ba7ab51bfe2b81571afd7faa923137,0xb67f1976a1e7af8972c06d03465cca14698c82b9,0x41d5d79431a913c4ae7d69a668ecdfe5ff9dfb68,0x73e02eaab68a41ea63bdae9dbd4b7678827b2352,2000000000000000000,Inverse DAO,INV,18,34,205097,107000000000,149154,1429959,deprecated,0x18cbafe5,"swapExactTokensForETH(uint256 amountIn, uint256 amountOutMin, address[] path, address to, uint256 deadline)",13084964
11976575,1614924062,0xad253d7dcb48bd5cc40e11000a6b8f7caabbb5461343ead430361c7e4dea0e01,46520,0x95b3f8ec5646985f27de4f278fb35165b6ba7ab51bfe2b81571afd7faa923137,0x73e02eaab68a41ea63bdae9dbd4b7678827b2352,0x41d5d79431a913c4ae7d69a668ecdfe5ff9dfb68,0x0555bdebc3429585b4594285a76f853725a49532,8143211556373194899,Inverse DAO,INV,18,37,192332,106000000079,122153,1630469,deprecated,0x6a80c33f,,13084964
11976575,1614924062,0xeb9e6d3c73574da42ea27d8ce8922e0304e22360618a142b679e40bf71e52520,323,0x95b3f8ec5646985f27de4f278fb35165b6ba7ab51bfe2b81571afd7faa923137,0x73e02eaab68a41ea63bdae9dbd4b7678827b2352,0x41d5d79431a913c4ae7d69a668ecdfe5ff9dfb68,0x43784f86fe9c92ffc9432565e9ad8f8cd0fdcfd2,1586690217735271990,Inverse DAO,INV,18,39,201483,106000000000,172762,1894717,deprecated,0x38ed1739,"swapExactTokensForTokens(uint256 amountIn, uint256 amountOutMin, address[] path, address to, uint256 deadline)",13084964
11976575,1614924062,0xf8b21247ca442896256b813bcad61a348b6078d9c1f93e51e979f0a1056c8a76,46521,0x95b3f8ec5646985f27de4f278fb35165b6ba7ab51bfe2b81571afd7faa923137,0x0555bdebc3429585b4594285a76f853725a49532,0x41d5d79431a913c4ae7d69a668ecdfe5ff9dfb68,0x73e02eaab68a41ea63bdae9dbd4b7678827b2352,8143211556373194899,Inverse DAO,INV,18,41,249243,106000000000,95448,2038060,deprecated,0xc23e1a21,,13084964
11976575,1614924062,0x67396663813c75e11ee28c3bacd7f0ba64e169d9243848ff04abda14bb7dd978,712,0x95b3f8ec5646985f27de4f278fb35165b6ba7ab51bfe2b81571afd7faa923137,0xc940830aab193c76629c10a46ff25c68def5de66,0x41d5d79431a913c4ae7d69a668ecdfe5ff9dfb68,0xb7626141ef37f183a7a61dce76304c8b074c0988,825259886807060206,Inverse DAO,INV,18,52,62757,98000000000,26838,2676922,deprecated,0xa9059cbb,"transfer(address _to, uint256 _value)",13084964
11976575,1614924062,0x9fe806acccaeffe8282f3277618ea9827c3fa3a2af0653b66902342bc4715da3,1074,0x95b3f8ec5646985f27de4f278fb35165b6ba7ab51bfe2b81571afd7faa923137,0x73e02eaab68a41ea63bdae9dbd4b7678827b2352,0x41d5d79431a913c4ae7d69a668ecdfe5ff9dfb68,0x14b889b25e70f60d8dc0aa5f10c83680add61351,212107402414200613,Inverse DAO,INV,18,60,216073,97000000000,173818,3111435,deprecated,0x38ed1739,"swapExactTokensForTokens(uint256 amountIn, uint256 amountOutMin, address[] path, address to, uint256 deadline)",13084964
11976576,1614924066,0xde13554c8a38feeb87128e025831aed97abc0a19f0b7b772aa36f3d3bbb2b57d,70761,0x1bf59138319150baad1bcddd16f918bf5c81ad761ce80f752bc491759827c678,0x73e02eaab68a41ea63bdae9dbd4b7678827b2352,0x41d5d79431a913c4ae7d69a668ecdfe5ff9dfb68,0xb268c1c44a349d06a42cf24988162dadc48d839e,2321591103940654238,Inverse DAO,INV,18,9,426218,142455977778,173109,528138,deprecated,0x02032587,,13084963
11976576,1614924066,0x99d14ac1112cf27fc25fb336305c44637f62671c1217ea05c30f823565851866,531,0x1bf59138319150baad1bcddd16f918bf5c81ad761ce80f752bc491759827c678,0xb719ba7c98bb42d89402470a351acaeb97e00657,0x41d5d79431a913c4ae7d69a668ecdfe5ff9dfb68,0x73e02eaab68a41ea63bdae9dbd4b7678827b2352,2000000000000000000,Inverse DAO,INV,18,55,233205,108000000000,201601,2156302,deprecated,0x38ed1739,"swapExactTokensForTokens(uint256 amountIn, uint256 amountOutMin, address[] path, address to, uint256 deadline)",13084963
11976576,1614924066,0x4808e97927455d5f82e4b0a980c1170d3779ec9b251f04de33909fcc4fa08160,234,0x1bf59138319150baad1bcddd16f918bf5c81ad761ce80f752bc491759827c678,0x73e02eaab68a41ea63bdae9dbd4b7678827b2352,0x41d5d79431a913c4ae7d69a668ecdfe5ff9dfb68,0x11aad6f0b46b62b850de3e083c25bb3f9946d6e7,1780320580362001048,Inverse DAO,INV,18,58,171741,107000000000,118448,2592872,deprecated,0x7ff36ab5,"swapExactETHForTokens(uint256 amountOutMin, address[] path, address to, uint256 deadline)",13084963
11976576,1614924066,0xca452b0635bd5614e962289753f34660848092749d17d8b7cfe1813550c76bac,16,0x1bf59138319150baad1bcddd16f918bf5c81ad761ce80f752bc491759827c678,0x73e02eaab68a41ea63bdae9dbd4b7678827b2352,0x41d5d79431a913c4ae7d69a668ecdfe5ff9dfb68,0x39bf35db60c5acd2d012eb012ceb1bb5402621f6,483326874612929014,Inverse DAO,INV,18,68,158314,106700000000,118448,3556531,deprecated,0x7ff36ab5,"swapExactETHForTokens(uint256 amountOutMin, address[] path, address to, uint256 deadline)",13084963
11976576,1614924066,0x2c903d842133752d8efdd1e92efa4ba4c46614a11334260b6c9f3b4b73f00283,81,0x1bf59138319150baad1bcddd16f918bf5c81ad761ce80f752bc491759827c678,0x73e02eaab68a41ea63bdae9dbd4b7678827b2352,0x41d5d79431a913c4ae7d69a668ecdfe5ff9dfb68,0x60afa6e785db0f4a738c99be53b149794fbf1fa8,2000000000000000000,Inverse DAO,INV,18,72,180099,106000000000,126427,3769341,deprecated,0xfb3bdb41,"swapETHForExactTokens(uint256 amountOut, address[] path, address to, uint256 deadline)",13084963
11976576,1614924066,0xa8fb6252fc0355aca642d24db1b0e34c749b01b3f4c3c22ac16568225d8645d2,1344,0x1bf59138319150baad1bcddd16f918bf5c81ad761ce80f752bc491759827c678,0xdea3e18aa866f46da789f0b908e90bf55a0dca90,0x41d5d79431a913c4ae7d69a668ecdfe5ff9dfb68,0x73e02eaab68a41ea63bdae9dbd4b7678827b2352,1000000000000000000,Inverse DAO,INV,18,110,208481,97000000000,155093,6862293,deprecated,0x38ed1739,"swapExactTokensForTokens(uint256 amountIn, uint256 amountOutMin, address[] path, address to, uint256 deadline)",13084963
11976576,1614924066,0xfcba90b02662917f17efbc145273ab415c6bab0ee8e449a21f1fa9ee5a9989de,192,0x1bf59138319150baad1bcddd16f918bf5c81ad761ce80f752bc491759827c678,0xc14c263ed59263fdd8298a4bc821b0fa5987f48f,0x41d5d79431a913c4ae7d69a668ecdfe5ff9dfb68,0x73e02eaab68a41ea63bdae9dbd4b7678827b2352,1000000000000000000,Inverse DAO,INV,18,114,233205,97000000000,189585,7225451,deprecated,0x38ed1739,"swapExactTokensForTokens(uint256 amountIn, uint256 amountOutMin, address[] path, address to, uint256 deadline)",13084963
11976576,1614924066,0xc12e0da675b71ae622f801c05b28e7818bcbc507683e76594d731123858288d8,1224,0x1bf59138319150baad1bcddd16f918bf5c81ad761ce80f752bc491759827c678,0x73e02eaab68a41ea63bdae9dbd4b7678827b2352,0x41d5d79431a913c4ae7d69a668ecdfe5ff9dfb68,0x91971d9f30e7709d2c157c6d62aa3980a7361ac5,1370950973931392388,Inverse DAO,INV,18,126,158314,97000000000,118448,8374079,deprecated,0x7ff36ab5,"swapExactETHForTokens(uint256 amountOutMin, address[] path, address to, uint256 deadline)",13084963
11976576,1614924066,0x033469880483d83c3a075e1c1fa7a48e541975271598790c8c60b9d8649dc8ac,3989,0x1bf59138319150baad1bcddd16f918bf5c81ad761ce80f752bc491759827c678,0x73e02eaab68a41ea63bdae9dbd4b7678827b2352,0x41d5d79431a913c4ae7d69a668ecdfe5ff9dfb68,0x99391c6f4d33ddac56e0856db4ef0013851031bd,1000000000000000000,Inverse DAO,INV,18,134,194900,97000000000,178793,9233398,deprecated,0x8803dbee,"swapTokensForExactTokens(uint256 amountOut, uint256 amountInMax, address[] path, address to, uint256 deadline)",13084963
11976578,1614924077,0x3be2cc354f14dba4d62c34c2fb98fc56f446b14a509c0558e72992bc423d09d8,14186,0x5d74068522192960a50906749d67bc68cbc0c64f11353317ae729ab450995bd5,0x73e02eaab68a41ea63bdae9dbd4b7678827b2352,0x41d5d79431a913c4ae7d69a668ecdfe5ff9dfb68,0x7d92ad7e1b6ae22c6a43283af3856028cd3d856a,4361300809990574288,Inverse DAO,INV,18,0,486400,0,130464,130464,deprecated,0x7ff36ab5,"swapExactETHForTokens(uint256 amountOutMin, address[] path, address to, uint256 deadline)",13084961
11976578,1614924077,0xd534b72288df060bbe91e129ae6a737e2c81a08fc0044f28d0e73d776951463c,24,0x5d74068522192960a50906749d67bc68cbc0c64f11353317ae729ab450995bd5,0x73e02eaab68a41ea63bdae9dbd4b7678827b2352,0x41d5d79431a913c4ae7d69a668ecdfe5ff9dfb68,0x978688b17a1a34524ae497e711a1c533a94f00bc,1502437382607655979,Inverse DAO,INV,18,1,171728,110000000000,118436,248900,deprecated,0x7ff36ab5,"swapExactETHForTokens(uint256 amountOutMin, address[] path, address to, uint256 deadline)",13084961
11976578,1614924077,0xf77e4edd517431602699094748a329e470f4a01ab537fb54082efb9d2b683474,14188,0x5d74068522192960a50906749d67bc68cbc0c64f11353317ae729ab450995bd5,0x7d92ad7e1b6ae22c6a43283af3856028cd3d856a,0x41d5d79431a913c4ae7d69a668ecdfe5ff9dfb68,0x73e02eaab68a41ea63bdae9dbd4b7678827b2352,4361300809990574288,Inverse DAO,INV,18,3,486400,0,99686,394526,deprecated,0x18cbafe5,"swapExactTokensForETH(uint256 amountIn, uint256 amountOutMin, address[] path, address to, uint256 deadline)",13084961
11976578,1614924077,0x7e3b574025982da13bb7735acb6882e3c949dfcb5d06bcbc1fd376b962d6da29,223,0x5d74068522192960a50906749d67bc68cbc0c64f11353317ae729ab450995bd5,0x3c2b600bc5bbba74b2b9edf5e9f12e72240266e1,0x41d5d79431a913c4ae7d69a668ecdfe5ff9dfb68,0x73e02eaab68a41ea63bdae9dbd4b7678827b2352,2000000000000000000,Inverse DAO,INV,18,7,260000,260000000000,167109,1045874,deprecated,0x38ed1739,"swapExactTokensForTokens(uint256 amountIn, uint256 amountOutMin, address[] path, address to, uint256 deadline)",13084961
11976578,1614924077,0xad972fbb2c82ca3e78619706472497cd4c571d72db75addab127c9ac2d87cddb,4545,0x5d74068522192960a50906749d67bc68cbc0c64f11353317ae729ab450995bd5,0x9e353fbdc3ec7290290bda31a8001cb609858adf,0x41d5d79431a913c4ae7d69a668ecdfe5ff9dfb68,0xb268c1c44a349d06a42cf24988162dadc48d839e,4000000000000000000,Inverse DAO,INV,18,32,164100,122000000000,143050,2262643,deprecated,0x38ed1739,"swapExactTokensForTokens(uint256 amountIn, uint256 amountOutMin, address[] path, address to, uint256 deadline)",13084961
11976578,1614924077,0x0fadb31260e3dbb69a7ff2f60771663c27c54730b736d73f5f52ef38756ffffa,26414,0x5d74068522192960a50906749d67bc68cbc0c64f11353317ae729ab450995bd5,0xb268c1c44a349d06a42cf24988162dadc48d839e,0x41d5d79431a913c4ae7d69a668ecdfe5ff9dfb68,0x860bd2dba9cd475a61e6d1b45e16c365f6d78f66,2909829542812152418,Inverse DAO,INV,18,33,537150,122000000000,265734,2528377,deprecated,0xc89e4361,delegate(),13084961
11976578,1614924077,0x0fadb31260e3dbb69a7ff2f60771663c27c54730b736d73f5f52ef38756ffffa,26414,0x5d74068522192960a50906749d67bc68cbc0c64f11353317ae729ab450995bd5,0x860bd2dba9cd475a61e6d1b45e16c365f6d78f66,0x41d5d79431a913c4ae7d69a668ecdfe5ff9dfb68,0x73e02eaab68a41ea63bdae9dbd4b7678827b2352,2909829542812152418,Inverse DAO,INV,18,33,537150,122000000000,265734,2528377,deprecated,0xc89e4361,delegate(),13084961
11976578,1614924077,0xa5846161c78f1ecd67827e5a236b33f1a019d52bcb611d1e6f6ac66585d60b1d,87,0x5d74068522192960a50906749d67bc68cbc0c64f11353317ae729ab450995bd5,0x73e02eaab68a41ea63bdae9dbd4b7678827b2352,0x41d5d79431a913c4ae7d69a668ecdfe5ff9dfb68,0xf0a3b6daac28a0fce094f2cf264e040373d86f3f,2773406647396075118,Inverse DAO,INV,18,37,141552,120000000000,103448,2816174,deprecated,0x7ff36ab5,"swapExactETHForTokens(uint256 amountOutMin, address[] path, address to, uint256 deadline)",13084961
11976578,1614924077,0x4f950d21117216d3a63f1fa64c9087edcd5ab9658adc2aa570027ee204f9ea4f,36768,0x5d74068522192960a50906749d67bc68cbc0c64f11353317ae729ab450995bd5,0xb268c1c44a349d06a42cf24988162dadc48d839e,0x41d5d79431a913c4ae7d69a668ecdfe5ff9dfb68,0x860bd2dba9cd475a61e6d1b45e16c365f6d78f66,2414735537972729713,Inverse DAO,INV,18,53,537150,110000000000,253718,3766566,deprecated,0xc89e4361,delegate(),13084961
11976578,1614924077,0x4f950d21117216d3a63f1fa64c9087edcd5ab9658adc2aa570027ee204f9ea4f,36768,0x5d74068522192960a50906749d67bc68cbc0c64f11353317ae729ab450995bd5,0x860bd2dba9cd475a61e6d1b45e16c365f6d78f66,0x41d5d79431a913c4ae7d69a668ecdfe5ff9dfb68,0x73e02eaab68a41ea63bdae9dbd4b7678827b2352,2414735537972729713,Inverse DAO,INV,18,53,537150,110000000000,253718,3766566,deprecated,0xc89e4361,delegate(),13084961
11976578,1614924077,0x7886efeade5340eaaf90537e80a569e7030fa25794a7f31747521a22b64e97a2,190,0x5d74068522192960a50906749d67bc68cbc0c64f11353317ae729ab450995bd5,0x73e02eaab68a41ea63bdae9dbd4b7678827b2352,0x41d5d79431a913c4ae7d69a668ecdfe5ff9dfb68,0xee98bdcdf20997ddb097ed4582efed9de87739fe,570977104205688533,Inverse DAO,INV,18,62,141552,108000000000,103448,4124166,deprecated,0x7ff36ab5,"swapExactETHForTokens(uint256 amountOutMin, address[] path, address to, uint256 deadline)",13084961
11976578,1614924077,0x5b26c59a920100b5466a8e6c6b0bfb75ebf2f11853609ac167c264303538c565,1072,0x5d74068522192960a50906749d67bc68cbc0c64f11353317ae729ab450995bd5,0xdbb12b09698612b6ba3f5256873dc48bee73230c,0x41d5d79431a913c4ae7d69a668ecdfe5ff9dfb68,0x73e02eaab68a41ea63bdae9dbd4b7678827b2352,3000000000000000000,Inverse DAO,INV,18,63,205097,108000000000,149154,4273320,deprecated,0x18cbafe5,"swapExactTokensForETH(uint256 amountIn, uint256 amountOutMin, address[] path, address to, uint256 deadline)",13084961
11976578,1614924077,0x039f37eb2cc83a1b8b7113dbda951f29c362acec81530116387a44720fe35a65,41,0x5d74068522192960a50906749d67bc68cbc0c64f11353317ae729ab450995bd5,0x73e02eaab68a41ea63bdae9dbd4b7678827b2352,0x41d5d79431a913c4ae7d69a668ecdfe5ff9dfb68,0xf81e674a4e86457147dc14ba1e4b5c16ffea1a16,593668872731790129,Inverse DAO,INV,18,114,282414,97000000000,242206,8562813,deprecated,0x38ed1739,"swapExactTokensForTokens(uint256 amountIn, uint256 amountOutMin, address[] path, address to, uint256 deadline)",13084961
11976579,1614924089,0x7a43114fb7ca9efdf8a48ab0e86f92270162bce6a940c2632674140843e05c41,46524,0x7e5e04abc67f03e37207a622fba30b2a4ac554406b2a48e8fbc50c61199c3687,0x73e02eaab68a41ea63bdae9dbd4b7678827b2352,0x41d5d79431a913c4ae7d69a668ecdfe5ff9dfb68,0x0555bdebc3429585b4594285a76f853725a49532,4945154674899794688,Inverse DAO,INV,18,3,193762,201018836254,134157,442196,deprecated,0x6a80c33f,,13084960
11976579,1614924089,0xa72a09b804ee166b442e9b65bd3d2bba2e491a503a7a5cda432c8be3e058f492,959,0x7e5e04abc67f03e37207a622fba30b2a4ac554406b2a48e8fbc50c61199c3687,0x73e02eaab68a41ea63bdae9dbd4b7678827b2352,0x41d5d79431a913c4ae7d69a668ecdfe5ff9dfb68,0x10725af1f2919d0acc5cf294285d97710f980490,2886357094809544658,Inverse DAO,INV,18,9,141552,151000000000,103448,739940,deprecated,0x7ff36ab5,"swapExactETHForTokens(uint256 amountOutMin, address[] path, address to, uint256 deadline)",13084960
11976579,1614924089,0x7674140d2f2d016d0ef12bfc7fcac673a227d3fad2cedb1e3f17c5a68896e294,10357,0x7e5e04abc67f03e37207a622fba30b2a4ac554406b2a48e8fbc50c61199c3687,0xb268c1c44a349d06a42cf24988162dadc48d839e,0x41d5d79431a913c4ae7d69a668ecdfe5ff9dfb68,0x78a55b9b3bbeffb36a43d9905f654d2769dc55e8,2779133012045769885,Inverse DAO,INV,18,10,743700,151000000000,321662,1061602,deprecated,0xc89e4361,delegate(),13084960
11976579,1614924089,0x7674140d2f2d016d0ef12bfc7fcac673a227d3fad2cedb1e3f17c5a68896e294,10357,0x7e5e04abc67f03e37207a622fba30b2a4ac554406b2a48e8fbc50c61199c3687,0x78a55b9b3bbeffb36a43d9905f654d2769dc55e8,0x41d5d79431a913c4ae7d69a668ecdfe5ff9dfb68,0x73e02eaab68a41ea63bdae9dbd4b7678827b2352,2779133012045769885,Inverse DAO,INV,18,10,743700,151000000000,321662,1061602,deprecated,0xc89e4361,delegate(),13084960
11976579,1614924089,0xfb0bb4de5947e6bddc86d081a0195afd16bf0eaca08210e1d9d8cfd961ee45b4,722,0x7e5e04abc67f03e37207a622fba30b2a4ac554406b2a48e8fbc50c61199c3687,0x73e02eaab68a41ea63bdae9dbd4b7678827b2352,0x41d5d79431a913c4ae7d69a668ecdfe5ff9dfb68,0xe069cb01d06ba617bcdf789bf2ff0d5e5ca20c71,3185374665005107808,Inverse DAO,INV,18,12,456680,150000000000,184632,1292672,deprecated,0x34b0793b,"discountedSwap(address caller,tuple desc,tuple[] calls)",13084960
11976579,1614924089,0xfb0bb4de5947e6bddc86d081a0195afd16bf0eaca08210e1d9d8cfd961ee45b4,722,0x7e5e04abc67f03e37207a622fba30b2a4ac554406b2a48e8fbc50c61199c3687,0xe069cb01d06ba617bcdf789bf2ff0d5e5ca20c71,0x41d5d79431a913c4ae7d69a668ecdfe5ff9dfb68,0x910bf2d50fa5e014fd06666f456182d4ab7c8bd2,25751160519252863,Inverse DAO,INV,18,12,456680,150000000000,184632,1292672,deprecated,0x34b0793b,"discountedSwap(address caller,tuple desc,tuple[] calls)",13084960
11976579,1614924089,0xfb0bb4de5947e6bddc86d081a0195afd16bf0eaca08210e1d9d8cfd961ee45b4,722,0x7e5e04abc67f03e37207a622fba30b2a4ac554406b2a48e8fbc50c61199c3687,0xe069cb01d06ba617bcdf789bf2ff0d5e5ca20c71,0x41d5d79431a913c4ae7d69a668ecdfe5ff9dfb68,0x4dacd010e15e220bc6c5c3210d166505d2b6c63a,3159623504485854945,Inverse DAO,INV,18,12,456680,150000000000,184632,1292672,deprecated,0x34b0793b,"discountedSwap(address caller,tuple desc,tuple[] calls)",13084960
11976579,1614924089,0x9110120b62cb5b9dc398473dbd3cd92e37abd8f0b4cf561d45017a1001668dd6,227,0x7e5e04abc67f03e37207a622fba30b2a4ac554406b2a48e8fbc50c61199c3687,0x6addaa208ea7c6e413f0c514dc1ba7510390c500,0x41d5d79431a913c4ae7d69a668ecdfe5ff9dfb68,0x73e02eaab68a41ea63bdae9dbd4b7678827b2352,3000000000000000000,Inverse DAO,INV,18,160,191866,97000000000,149142,9369374,deprecated,0x18cbafe5,"swapExactTokensForETH(uint256 amountIn, uint256 amountOutMin, address[] path, address to, uint256 deadline)",13084960
11976579,1614924089,0xd6c1f5ad5761151dead2696177a0e96f81403c673360eb8fc33e68b6d72c716d,46525,0x7e5e04abc67f03e37207a622fba30b2a4ac554406b2a48e8fbc50c61199c3687,0x0555bdebc3429585b4594285a76f853725a49532,0x41d5d79431a913c4ae7d69a668ecdfe5ff9dfb68,0x73e02eaab68a41ea63bdae9dbd4b7678827b2352,4945154674899794688,Inverse DAO,INV,18,179,249243,93000000000,95448,10387900,deprecated,0xc23e1a21,,13084960
