blockNumber,timeStamp,hash,nonce,blockHash,from,contractAddress,to,value,tokenName,tokenSymbol,tokenDecimal,transactionIndex,gas,gasPrice,gasUsed,cumulativeGasUsed,input,methodId,functionName,confirmations
3557596,1492523116,0xa7838a091c7daa3033ec59a3f13bd8dc5b4c69d3b3ab33f486d06faae72a1606,53,0xe664ca5ea99ddc46c531378bb2d2cb980f8be4cb64702bdcc5d8905d4c360864,0x0000000000000000000000000000000000000000,0x6810e776880c02933d47db1b9fc05908e5386b96,0x1d0dcc8d8bcafa8e8502beaeef6cbd49d3affcdc,9000000000000000000000000,Gnosis,GNO,18,11,3000000,20000000000,1070576,1509821,deprecated,0x60606040,,21503936
3557596,1492523116,0xa7838a091c7daa3033ec59a3f13bd8dc5b4c69d3b3ab33f486d06faae72a1606,53,0xe664ca5ea99ddc46c531378bb2d2cb980f8be4cb64702bdcc5d8905d4c360864,0x0000000000000000000000000000000000000000,0x6810e776880c02933d47db1b9fc05908e5386b96,0x1d805bc00b8fa3c96ae6c8fa97b2fd24b19a9801,400000000000000000000000,Gnosis,GNO,18,11,3000000,20000000000,1070576,1509821,deprecated,0x60606040,,21503936
3557596,1492523116,0xa7838a091c7daa3033ec59a3f13bd8dc5b4c69d3b3ab33f486d06faae72a1606,53,0xe664ca5ea99ddc46c531378bb2d2cb980f8be4cb64702bdcc5d8905d4c360864,0x0000000000000000000000000000000000000000,0x6810e776880c02933d47db1b9fc05908e5386b96,0x5210c4dcd7eb899a1274fd6471adec9896ae05aa,50000000000000000000000,Gnosis,GNO,18,11,3000000,20000000000,1070576,1509821,deprecated,0x60606040,,21503936
3557596,1492523116,0xa7838a091c7daa3033ec59a3f13bd8dc5b4c69d3b3ab33f486d06faae72a1606,53,0xe664ca5ea99ddc46c531378bb2d2cb980f8be4cb64702bdcc5d8905d4c360864,0x0000000000000000000000000000000000000000,0x6810e776880c02933d47db1b9fc05908e5386b96,0x9f7dfab2222a473284205cddf08a677726d786a0,50000000000000000000000,Gnosis,GNO,18,11,3000000,20000000000,1070576,1509821,deprecated,0x60606040,,21503936
3557596,1492523116,0xa7838a091c7daa3033ec59a3f13bd8dc5b4c69d3b3ab33f486d06faae72a1606,53,0xe664ca5ea99ddc46c531378bb2d2cb980f8be4cb64702bdcc5d8905d4c360864,0x0000000000000000000000000000000000000000,0x6810e776880c02933d47db1b9fc05908e5386b96,0x6750adbb477d0310f395da2ad93abe4b9bfd1c87,15000000000000000000000,Gnosis,GNO,18,11,3000000,20000000000,1070576,1509821,deprecated,0x60606040,,21503936
3557596,1492523116,0xa7838a091c7daa3033ec59a3f13bd8dc5b4c69d3b3ab33f486d06faae72a1606,53,0xe664ca5ea99ddc46c531378bb2d2cb980f8be4cb64702bdcc5d8905d4c360864,0x0000000000000000000000000000000000000000,0x6810e776880c02933d47db1b9fc05908e5386b96,0x31cba7ad3483f9bff236df556e1c3695736a9615,10000000000000000000000,Gnosis,GNO,18,11,3000000,20000000000,1070576,1509821,deprecated,0x60606040,,21503936
3557596,1492523116,0xa7838a091c7daa3033ec59a3f13bd8dc5b4c69d3b3ab33f486d06faae72a1606,53,0xe664ca5ea99ddc46c531378bb2d2cb980f8be4cb64702bdcc5d8905d4c360864,0x0000000000000000000000000000000000000000,0x6810e776880c02933d47db1b9fc05908e5386b96,0xfc36387afdba73d4532af724ee04d94992e8a2e8,150000000000000000000000,Gnosis,GNO,18,11,3000000,20000000000,1070576,1509821,deprecated,0x60606040,,21503936
3557596,1492523116,0xa7838a091c7daa3033ec59a3f13bd8dc5b4c69d3b3ab33f486d06faae72a1606,53,0xe664ca5ea99ddc46c531378bb2d2cb980f8be4cb64702bdcc5d8905d4c360864,0x0000000000000000000000000000000000000000,0x6810e776880c02933d47db1b9fc05908e5386b96,0x9ee585a6c270fd8b046a5b2019fdac86544bca61,150000000000000000000000,Gnosis,GNO,18,11,3000000,20000000000,1070576,1509821,deprecated,0x60606040,,21503936
3557596,1492523116,0xa7838a091c7daa3033ec59a3f13bd8dc5b4c69d3b3ab33f486d06faae72a1606,53,0xe664ca5ea99ddc46c531378bb2d2cb980f8be4cb64702bdcc5d8905d4c360864,0x0000000000000000000000000000000000000000,0x6810e776880c02933d47db1b9fc05908e5386b96,0xd8dd5d51efea7108c2d2e663f4520fe4715056c0,45000000000000000000000,Gnosis,GNO,18,11,3000000,20000000000,1070576,1509821,deprecated,0x60606040,,21503936
3557596,1492523116,0xa7838a091c7daa3033ec59a3f13bd8dc5b4c69d3b3ab33f486d06faae72a1606,53,0xe664ca5ea99ddc46c531378bb2d2cb980f8be4cb64702bdcc5d8905d4c360864,0x0000000000000000000000000000000000000000,0x6810e776880c02933d47db1b9fc05908e5386b96,0xc0754d0a5cb5b25d452be07165180ef331a3241a,30000000000000000000000,Gnosis,GNO,18,11,3000000,20000000000,1070576,1509821,deprecated,0x60606040,,21503936
3557596,1492523116,0xa7838a091c7daa3033ec59a3f13bd8dc5b4c69d3b3ab33f486d06faae72a1606,53,0xe664ca5ea99ddc46c531378bb2d2cb980f8be4cb64702bdcc5d8905d4c360864,0x0000000000000000000000000000000000000000,0x6810e776880c02933d47db1b9fc05908e5386b96,0x9f7dfab2222a473284205cddf08a677726d786a0,100000000000000000000000,Gnosis,GNO,18,11,3000000,20000000000,1070576,1509821,deprecated,0x60606040,,21503936
3585732,1492940648,0xbf9dfeb7d5c27f26d26da4e315deb49eb4d19e5dc458ec839ad3c85f69246346,0,0x072e0ff8fed395106b024020e0c76435f17fa802af1282796f26d45a19a58567,0x5210c4dcd7eb899a1274fd6471adec9896ae05aa,0x6810e776880c02933d47db1b9fc05908e5386b96,0x252f8938184fd481abfe435d311b863a1f0f2f41,1000000000000000000,Gnosis,GNO,18,15,51410,20000000000,51409,2708652,deprecated,0xa9059cbb,"transfer(address _to, uint256 _value)",21475800
3585740,1492940766,0xbe5923f727d646c0b6dc7ee3998016bed7542720eb8c665dabe271194c280779,808,0x9150f96531b9474730975b9e4a2549fe118374c20503a09eafef71a7c9f1a7ba,0x252f8938184fd481abfe435d311b863a1f0f2f41,0x6810e776880c02933d47db1b9fc05908e5386b96,0xb49091108e6804d1675d32eaa02989096384208a,1000000000000000000,Gnosis,GNO,18,0,70000,41000000000,42010,42010,deprecated,0xf5537ede,"transferToken(address erc20, address to, uint256 value)",21475792
3593309,1493053789,0x9d4f89f5826f9601b58e967cf3a08953f9b76625d388ebc22f324ceed0b668b4,13,0xf2a40da650009deb5b064660c2b3fd8030a1bb0e9e92ed38ab66813cc366c7e0,0x1d0dcc8d8bcafa8e8502beaeef6cbd49d3affcdc,0x6810e776880c02933d47db1b9fc05908e5386b96,0x851b7f3ab81bd8df354f0d7640efcd7288553419,8581222222222222222572507,Gnosis,GNO,18,28,1995300,20000000000,147190,1903503,deprecated,0x9cf5453d,bid(address receiver),21468223
3597740,1493119228,0x5c6e9d830b35eb153033aefe06e51f7d277af68a02bf8d93b89349d9bcc3a807,2,0x55fbb85be357edd3a8506f097217b9f0382217fa0efa8cffd5226bdfb35db6d2,0x851b7f3ab81bd8df354f0d7640efcd7288553419,0x6810e776880c02933d47db1b9fc05908e5386b96,0x3257bde8cf067ae6f1ddc0e4b140fe02e3c5e44f,8495410000000000000000000,Gnosis,GNO,18,6,3841954,20000000000,100696,401882,deprecated,0xc01a8c84,confirmTransaction(uint256 transactionId),21463792
3632786,1493654001,0xcd70544773318e4e6fad5d96c9a1d02db17fb5fe755902a42512612295ab0c73,0,0xd68cb49c64ca447c49c65ee1e13aab6419bdb882fc63ff29854bcff8d2152a77,0x6750adbb477d0310f395da2ad93abe4b9bfd1c87,0x6810e776880c02933d47db1b9fc05908e5386b96,0x9f7dfab2222a473284205cddf08a677726d786a0,1000000000000000000,Gnosis,GNO,18,3,36410,22294403173,36409,375649,deprecated,0xa9059cbb,"transfer(address _to, uint256 _value)",21428746
3633049,1493658031,0xe304fc1f2c746735a51d0862f7188526a794d7777d5c7378252b69a13459e3ca,1,0x3bf0f7c4728260dd71461df4275ef966051b1a6df829d27e84f2d762b6ff65d1,0x6750adbb477d0310f395da2ad93abe4b9bfd1c87,0x6810e776880c02933d47db1b9fc05908e5386b96,0x001ba60b840695648bad7cb9594c076d638ea706,1000000000000000000,Gnosis,GNO,18,32,56345,20000000000,51345,1089313,deprecated,0xa9059cbb,"transfer(address _to, uint256 _value)",21428483
3633057,1493658151,0xb0df4900409eb8a094e7b13bc554f4ede4da86dfcf49449bcb22561a71c29452,2819,0x437dd7713432e5576e33faee3169d6258f0be2ea94824eb2233d28225ab76de0,0x001ba60b840695648bad7cb9594c076d638ea706,0x6810e776880c02933d47db1b9fc05908e5386b96,0xb49091108e6804d1675d32eaa02989096384208a,1000000000000000000,Gnosis,GNO,18,0,70000,41000000000,27010,27010,deprecated,0xf5537ede,"transferToken(address erc20, address to, uint256 value)",21428475
3633096,1493658662,0x16e3cbde2f9a33548f0ff636257c7ad028e5e48ccd6a53914a04aba27caf2521,2,0x82e2e1c0aa5e6650583565f54d82970e602259d3aa4def6faa1681b5d7175c5c,0x6750adbb477d0310f395da2ad93abe4b9bfd1c87,0x6810e776880c02933d47db1b9fc05908e5386b96,0x001ba60b840695648bad7cb9594c076d638ea706,500000000000000000000,Gnosis,GNO,18,1,56409,20000000000,51409,72409,deprecated,0xa9059cbb,"transfer(address _to, uint256 _value)",21428436
3633096,1493658662,0xa4214f6a550fa5cce5111c06b792d033ee907e8ca818e60fc8322902f941a2e3,14,0x82e2e1c0aa5e6650583565f54d82970e602259d3aa4def6faa1681b5d7175c5c,0x1d0dcc8d8bcafa8e8502beaeef6cbd49d3affcdc,0x6810e776880c02933d47db1b9fc05908e5386b96,0x5ce259aedcd14038ad2c35ecaa7b6b2974d339ac,41877777777777777742,Gnosis,GNO,18,13,100000,20000000000,50629,896550,deprecated,0xdf8de3e7,claimTokens(address receiver),21428436
3633099,1493658683,0x23f0941c9267cae3fcd9e3d4444fe95aa39649d8b4f1964cb5bd41efb0d95676,6,0x4282d4bc27c3157b42f0d9b8e9dcdba47a0549d5372da54ed1c84da8d2a3f64a,0x1d0dcc8d8bcafa8e8502beaeef6cbd49d3affcdc,0x6810e776880c02933d47db1b9fc05908e5386b96,0x19076bd01e86fa3d76334e27d4b8e6789688a42d,63917307404342869521629,Gnosis,GNO,18,16,210000,20000000000,82115,2279103,deprecated,0x30b66cee,claimProxy(),21428433
3633099,1493658683,0x25a91de17c8afed1a09e4f79e481e63e38fb820b5f4b94ee3a8d2a7f8a4dcb11,3,0x4282d4bc27c3157b42f0d9b8e9dcdba47a0549d5372da54ed1c84da8d2a3f64a,0x19076bd01e86fa3d76334e27d4b8e6789688a42d,0x6810e776880c02933d47db1b9fc05908e5386b96,0x252278698fd13fdd66937c4919c0aaa495b31ae0,10050666666666666658,Gnosis,GNO,18,18,60000,20000000000,43901,2344004,deprecated,0x,,21428433
3633099,1493658683,0x275bad2cd4e1170828b4c0d0154bf6ce74208b49c843644e046e4ba52825ce90,8,0x4282d4bc27c3157b42f0d9b8e9dcdba47a0549d5372da54ed1c84da8d2a3f64a,0x1d0dcc8d8bcafa8e8502beaeef6cbd49d3affcdc,0x6810e776880c02933d47db1b9fc05908e5386b96,0x346ad0d35004d2700f255465511099350fd6407e,0,Gnosis,GNO,18,19,100000,20000000000,45126,2389130,deprecated,0xdf8de3e7,claimTokens(address receiver),21428433
3633099,1493658683,0x29785bd604f7d481fa30937d55eafef30f6ddcd80ee61749212ac588c5eaa19f,1,0x4282d4bc27c3157b42f0d9b8e9dcdba47a0549d5372da54ed1c84da8d2a3f64a,0x19076bd01e86fa3d76334e27d4b8e6789688a42d,0x6810e776880c02933d47db1b9fc05908e5386b96,0xa24432c0405d94e73d72908527613ecb822cfce0,172536444444444444300,Gnosis,GNO,18,21,100000,20000000000,43901,2454031,deprecated,0x,,21428433
3633099,1493658683,0x2b7fff1fb85b2f3d905db7a31885159b129639e7be9017342fce5bac42abe8f0,1,0x4282d4bc27c3157b42f0d9b8e9dcdba47a0549d5372da54ed1c84da8d2a3f64a,0x1d0dcc8d8bcafa8e8502beaeef6cbd49d3affcdc,0x6810e776880c02933d47db1b9fc05908e5386b96,0x97a4eab83adced0d2718e961a6f4a690ae67ac3e,1589680444444444443114,Gnosis,GNO,18,22,100000,20000000000,45126,2499157,deprecated,0xdf8de3e7,claimTokens(address receiver),21428433
3633099,1493658683,0x2c2e88f1b528c88afb0b4583cb55d6599a827ded5ea09bd7b021135ef034123b,5,0x4282d4bc27c3157b42f0d9b8e9dcdba47a0549d5372da54ed1c84da8d2a3f64a,0x19076bd01e86fa3d76334e27d4b8e6789688a42d,0x6810e776880c02933d47db1b9fc05908e5386b96,0xcd4d89e89e19615c8692f6969b1c2a682954d75d,41877777777777777742,Gnosis,GNO,18,24,60000,20000000000,43901,2564058,deprecated,0x,,21428433
3633099,1493658683,0x2d342fb10c95b8b61e4e58283d583fe5103f4b8a822ad888868351b15a27aa5a,2,0x4282d4bc27c3157b42f0d9b8e9dcdba47a0549d5372da54ed1c84da8d2a3f64a,0x19076bd01e86fa3d76334e27d4b8e6789688a42d,0x6810e776880c02933d47db1b9fc05908e5386b96,0xa713c9d6fcdc9e9aeafa3f4d53e3527110824854,31827111111111111084,Gnosis,GNO,18,25,100000,20000000000,43901,2607959,deprecated,0x,,21428433
3633099,1493658683,0x2e77bd6c034be6fa11eb2610b054a35853eadf851dc18f1d30dd2b6b5a5a4a97,4,0x4282d4bc27c3157b42f0d9b8e9dcdba47a0549d5372da54ed1c84da8d2a3f64a,0x19076bd01e86fa3d76334e27d4b8e6789688a42d,0x6810e776880c02933d47db1b9fc05908e5386b96,0x822cfe25b892145ad4f4dd0ea203830aec878ca0,9045599999999999992,Gnosis,GNO,18,26,150000,20000000000,43901,2651860,deprecated,0x,,21428433
3633099,1493658683,0x34d1a5cf7f087c4bfe45c69529c71704435b46dfee59f394eb27aec76b1f4e38,3,0x4282d4bc27c3157b42f0d9b8e9dcdba47a0549d5372da54ed1c84da8d2a3f64a,0x19076bd01e86fa3d76334e27d4b8e6789688a42d,0x6810e776880c02933d47db1b9fc05908e5386b96,0x6b91f23f3b626249066240bcc8546e869d1c9603,67004444444444444388,Gnosis,GNO,18,30,59091,20000000000,43901,2795943,deprecated,0x,,21428433
3633099,1493658683,0x3e0121d7aa3339a30e4b26714819776b11c93ee11dfe050585f54e6b5dd68370,11,0x4282d4bc27c3157b42f0d9b8e9dcdba47a0549d5372da54ed1c84da8d2a3f64a,0x19076bd01e86fa3d76334e27d4b8e6789688a42d,0x6810e776880c02933d47db1b9fc05908e5386b96,0xddadd25b78ef5e288370c384eb2d0ce0e4cedd12,115582666666666666569,Gnosis,GNO,18,32,150000,20000000000,43901,2860844,deprecated,0x,,21428433
3633099,1493658683,0x4500796aba51555c92e727ac4e07376d83de7a7eefcb6475b0ec84b680ac1148,10,0x4282d4bc27c3157b42f0d9b8e9dcdba47a0549d5372da54ed1c84da8d2a3f64a,0x19076bd01e86fa3d76334e27d4b8e6789688a42d,0x6810e776880c02933d47db1b9fc05908e5386b96,0x9d7bcfc2feaf199910a45c8d73509de6c3056b22,16751111111111111097,Gnosis,GNO,18,33,116364,20000000000,43901,2904745,deprecated,0x,,21428433
3633099,1493658683,0x4557be7fb70a542d413669d80270087796fa12dade8f35cbd26aa418413221ff,15,0x4282d4bc27c3157b42f0d9b8e9dcdba47a0549d5372da54ed1c84da8d2a3f64a,0x1d0dcc8d8bcafa8e8502beaeef6cbd49d3affcdc,0x6810e776880c02933d47db1b9fc05908e5386b96,0x5ce259aedcd14038ad2c35ecaa7b6b2974d339ac,0,Gnosis,GNO,18,34,100000,20000000000,45126,2949871,deprecated,0xdf8de3e7,claimTokens(address receiver),21428433
3633099,1493658683,0x4d80b9606ac8f20e3fb7a48b873491812f3d18317b29551af601156a41d872af,1,0x4282d4bc27c3157b42f0d9b8e9dcdba47a0549d5372da54ed1c84da8d2a3f64a,0x19076bd01e86fa3d76334e27d4b8e6789688a42d,0x6810e776880c02933d47db1b9fc05908e5386b96,0x2ee283241c971f25be0f70d52b4f3288a5b8d351,83755555555555555485,Gnosis,GNO,18,36,60000,20000000000,43901,3014772,deprecated,0x,,21428433
3633099,1493658683,0x509061dfed49ef84cd90a8390a6eea69f81ac4ffedf708222c2cd47339437b7c,3,0x4282d4bc27c3157b42f0d9b8e9dcdba47a0549d5372da54ed1c84da8d2a3f64a,0x19076bd01e86fa3d76334e27d4b8e6789688a42d,0x6810e776880c02933d47db1b9fc05908e5386b96,0x43ca03936d429e7863e78ce9725e906d6bc59049,108882222222222222131,Gnosis,GNO,18,37,60000,20000000000,43901,3058673,deprecated,0x,,21428433
3633099,1493658683,0x55c62fbe9e35254c2dfc2497be5822b8280ad8c4e48b5714ff93dd29cf432672,1,0x4282d4bc27c3157b42f0d9b8e9dcdba47a0549d5372da54ed1c84da8d2a3f64a,0x19076bd01e86fa3d76334e27d4b8e6789688a42d,0x6810e776880c02933d47db1b9fc05908e5386b96,0xe4e54f6e99c9c6f6e90a444e580e6c4259676644,12395822222222222211,Gnosis,GNO,18,40,60000,20000000000,43901,3175474,deprecated,0x,,21428433
3633099,1493658683,0x6a66c75b54b6d1b7f4d16e0dfd19d9490aae82992df93e5d5967925dc9ee5229,19,0x4282d4bc27c3157b42f0d9b8e9dcdba47a0549d5372da54ed1c84da8d2a3f64a,0x19076bd01e86fa3d76334e27d4b8e6789688a42d,0x6810e776880c02933d47db1b9fc05908e5386b96,0x25ceac4b0fd802c4b9df7dd7c730d6c25903b11c,48578222222222222181,Gnosis,GNO,18,53,129091,20000000000,43901,3730695,deprecated,0x,,21428433
3633099,1493658683,0x6d643fb88a30343373e939d2e8f8b7b55c911750f0e203919383d6d50775817b,2,0x4282d4bc27c3157b42f0d9b8e9dcdba47a0549d5372da54ed1c84da8d2a3f64a,0x19076bd01e86fa3d76334e27d4b8e6789688a42d,0x6810e776880c02933d47db1b9fc05908e5386b96,0xc37cb078ab9d9f656a33459f03a3ddd5a2024602,56953777777777777730,Gnosis,GNO,18,54,60000,20000000000,43901,3774596,deprecated,0x,,21428433
3633099,1493658683,0x6d95628a48222d1bf986f1cf0d6aefcdc5a36441a438a78c5a2ad415a3b8c804,7,0x4282d4bc27c3157b42f0d9b8e9dcdba47a0549d5372da54ed1c84da8d2a3f64a,0x19076bd01e86fa3d76334e27d4b8e6789688a42d,0x6810e776880c02933d47db1b9fc05908e5386b96,0xcc369efcda35691cab9aab0ac4ae87179a5b5567,54255173777777777732,Gnosis,GNO,18,55,100000,20000000000,43901,3818497,deprecated,0x,,21428433
3633099,1493658683,0x75473183fcc5cfd83bbb47e72afb65f4c215decfeb539c1bbb249fb89e4e406d,16,0x4282d4bc27c3157b42f0d9b8e9dcdba47a0549d5372da54ed1c84da8d2a3f64a,0x19076bd01e86fa3d76334e27d4b8e6789688a42d,0x6810e776880c02933d47db1b9fc05908e5386b96,0x55a0b2b1a705dd09f15e7120cc0c39acb9ea7978,184262222222222222068,Gnosis,GNO,18,56,100000,20000000000,43901,3862398,deprecated,0x,,21428433
3633099,1493658683,0x780eb3b9cffb167ac161a760861ab0ecc805b425f29cb3593233634ec5cf8f6f,6,0x4282d4bc27c3157b42f0d9b8e9dcdba47a0549d5372da54ed1c84da8d2a3f64a,0x19076bd01e86fa3d76334e27d4b8e6789688a42d,0x6810e776880c02933d47db1b9fc05908e5386b96,0x8d2a6451073a9a01ee6f027d3e62553d1d04f733,117257777777777777679,Gnosis,GNO,18,57,100000,20000000000,43901,3906299,deprecated,0x,,21428433
3633099,1493658683,0x8065cc70ebcba3580066bbf6f4854fb8accf5ddcf8f74ced5fdfe1601508037a,10,0x4282d4bc27c3157b42f0d9b8e9dcdba47a0549d5372da54ed1c84da8d2a3f64a,0x19076bd01e86fa3d76334e27d4b8e6789688a42d,0x6810e776880c02933d47db1b9fc05908e5386b96,0x1ec0adbf12dfdb2239eeb9d320f78149ec2ab4e6,226139999999999999810,Gnosis,GNO,18,62,60000,20000000000,43901,4079947,deprecated,0x,,21428433
3633099,1493658683,0x8646fccd01e9e37af804c5794362bb411333fe9dec485162932af441ed671a44,4,0x4282d4bc27c3157b42f0d9b8e9dcdba47a0549d5372da54ed1c84da8d2a3f64a,0x19076bd01e86fa3d76334e27d4b8e6789688a42d,0x6810e776880c02933d47db1b9fc05908e5386b96,0x31e308d62770078400552367758953851ba54082,15075999999999999987,Gnosis,GNO,18,65,60000,20000000000,43901,4203030,deprecated,0x,,21428433
3633099,1493658683,0x8c1e8f411ad94a0b054a1ab83a07e2a971adb8e6de67faa53a54a0fa969f4129,3,0x4282d4bc27c3157b42f0d9b8e9dcdba47a0549d5372da54ed1c84da8d2a3f64a,0x19076bd01e86fa3d76334e27d4b8e6789688a42d,0x6810e776880c02933d47db1b9fc05908e5386b96,0xf4dbf25e87745165c7b256bd8b5b8847d2725ad7,50253333333333333291,Gnosis,GNO,18,67,60000,20000000000,43901,4267931,deprecated,0x,,21428433
3633103,1493658728,0x74565c0dde8cf88c43f9ce55d5a95984f2ead2a418ae169cccf826cba88ea0e3,10,0x0663cba4e1b234662a65c79efdf3fd91db0edb9b2a87ab834a64af93f8c9b5d2,0x1d0dcc8d8bcafa8e8502beaeef6cbd49d3affcdc,0x6810e776880c02933d47db1b9fc05908e5386b96,0xb8a205399ff41145cf45c914b990befd125e581c,224464888888888888701,Gnosis,GNO,18,4,100000,22877127064,43853,2746086,deprecated,0xdf8de3e7,claimTokens(address receiver),21428429
3633103,1493658728,0x06138723d414b5008ba144a2f03b10799bf351cd7a6efeeb2489ba70d328ed14,10,0x0663cba4e1b234662a65c79efdf3fd91db0edb9b2a87ab834a64af93f8c9b5d2,0x19076bd01e86fa3d76334e27d4b8e6789688a42d,0x6810e776880c02933d47db1b9fc05908e5386b96,0x49ce81b3a8102460e0d81dd600a722436a6279de,134092644444444444332,Gnosis,GNO,18,15,65211,20000000000,43901,3037249,deprecated,0x,,21428429
3633103,1493658728,0x0d729151bab0cd73137364d778280f6b46c38d5be4231d32e81bd2cbfacfbe8f,13,0x0663cba4e1b234662a65c79efdf3fd91db0edb9b2a87ab834a64af93f8c9b5d2,0x19076bd01e86fa3d76334e27d4b8e6789688a42d,0x6810e776880c02933d47db1b9fc05908e5386b96,0x945b43b0328ae115e732bbb32865d56f05f7896c,5025333333333333329,Gnosis,GNO,18,17,59091,20000000000,43901,3110241,deprecated,0x,,21428429
3633103,1493658728,0x19972a8e43dfe7571713665c23977a2f2c96fc06e50ce0cab621a605bf73fc97,6,0x0663cba4e1b234662a65c79efdf3fd91db0edb9b2a87ab834a64af93f8c9b5d2,0x19076bd01e86fa3d76334e27d4b8e6789688a42d,0x6810e776880c02933d47db1b9fc05908e5386b96,0xba079b44c7079615cb7e56b1e4e0fd566db419df,83755555555555555485,Gnosis,GNO,18,19,60000,20000000000,43901,3175142,deprecated,0x,,21428429
3633103,1493658728,0x1c3cdef2809f406b8db9447228124fd22557d40af478f84898dcfe72357c1637,3,0x0663cba4e1b234662a65c79efdf3fd91db0edb9b2a87ab834a64af93f8c9b5d2,0x19076bd01e86fa3d76334e27d4b8e6789688a42d,0x6810e776880c02933d47db1b9fc05908e5386b96,0xd5661255f16a7f3a7e0044ce1758686617010bb3,83755555555555555485,Gnosis,GNO,18,20,60000,20000000000,43901,3219043,deprecated,0x,,21428429
3633103,1493658728,0x1ec11e1abffa66e54aef90b60277895823098d42db7145df7bf0815e7ca17331,2,0x0663cba4e1b234662a65c79efdf3fd91db0edb9b2a87ab834a64af93f8c9b5d2,0x19076bd01e86fa3d76334e27d4b8e6789688a42d,0x6810e776880c02933d47db1b9fc05908e5386b96,0xda3ec07468ca0cc242bce13890a6a55581546e0c,316595999999999999735,Gnosis,GNO,18,21,129091,20000000000,43901,3262944,deprecated,0x,,21428429
3633103,1493658728,0x229f61d20d6f99c7038fc1d4a9fa6f8925cd18d969affd058e517d7477e1eabe,4,0x0663cba4e1b234662a65c79efdf3fd91db0edb9b2a87ab834a64af93f8c9b5d2,0x19076bd01e86fa3d76334e27d4b8e6789688a42d,0x6810e776880c02933d47db1b9fc05908e5386b96,0x14a926e168278cc0c00286837de51e29f814b8d3,50253333333333333291,Gnosis,GNO,18,22,60000,20000000000,43901,3306845,deprecated,0x,,21428429
3633103,1493658728,0x342ea419191b685bae62ec71c399f1e0b567366a19da0d8f3f8c896b94554029,13,0x0663cba4e1b234662a65c79efdf3fd91db0edb9b2a87ab834a64af93f8c9b5d2,0x19076bd01e86fa3d76334e27d4b8e6789688a42d,0x6810e776880c02933d47db1b9fc05908e5386b96,0x7fe01ff0adaf111a94ad0d69ed27cde23553af44,8375555555555555548,Gnosis,GNO,18,25,60000,20000000000,43901,3421746,deprecated,0x,,21428429
3633103,1493658728,0x3e6c7bc3593310b72c03b858f3003749905c41b813e641f1c480a738b306494f,3,0x0663cba4e1b234662a65c79efdf3fd91db0edb9b2a87ab834a64af93f8c9b5d2,0x19076bd01e86fa3d76334e27d4b8e6789688a42d,0x6810e776880c02933d47db1b9fc05908e5386b96,0x1df18b9b69210a1e2936eeec3ed74da137fed311,13400888888888888877,Gnosis,GNO,18,27,59000,20000000000,43901,3523829,deprecated,0x,,21428429
3633103,1493658728,0x459872c1dcc8b94303a43b062c26fb203f80dca4f0cb10bc34a5bfb7bd21e480,1,0x0663cba4e1b234662a65c79efdf3fd91db0edb9b2a87ab834a64af93f8c9b5d2,0x19076bd01e86fa3d76334e27d4b8e6789688a42d,0x6810e776880c02933d47db1b9fc05908e5386b96,0x50e388e33dd20c360f0ff69d79426ea8b0c6714d,167511111111111110970,Gnosis,GNO,18,29,85211,20000000000,43901,3616821,deprecated,0x,,21428429
3633103,1493658728,0x4c176bc0199a4907164a08ee728511ac6956d0664d244e229c2e8770f11028cb,2,0x0663cba4e1b234662a65c79efdf3fd91db0edb9b2a87ab834a64af93f8c9b5d2,0x19076bd01e86fa3d76334e27d4b8e6789688a42d,0x6810e776880c02933d47db1b9fc05908e5386b96,0x635dc49b059db00bf0d2723645fa68ffc839a525,4249792166728888885,Gnosis,GNO,18,30,100000,20000000000,43901,3660722,deprecated,0x,,21428429
3633103,1493658728,0x4df16165177d20a62a01f59470066caf48c49340fc10616c8370325cf8e187cb,4,0x0663cba4e1b234662a65c79efdf3fd91db0edb9b2a87ab834a64af93f8c9b5d2,0x19076bd01e86fa3d76334e27d4b8e6789688a42d,0x6810e776880c02933d47db1b9fc05908e5386b96,0x489b88d42628fcae059018d47aa9dba420c9abd2,50253333333333333291,Gnosis,GNO,18,32,150000,20000000000,43901,3744623,deprecated,0x,,21428429
3633103,1493658728,0x4e01c919164a0b6067b3b3ead95c25df947d61a3dbfad6c2d5a749a80f961d24,15,0x0663cba4e1b234662a65c79efdf3fd91db0edb9b2a87ab834a64af93f8c9b5d2,0x19076bd01e86fa3d76334e27d4b8e6789688a42d,0x6810e776880c02933d47db1b9fc05908e5386b96,0x1b6838e0cbc0cddaee7f9a624e16ee58913fa1de,168358832222503999859,Gnosis,GNO,18,33,59091,20000000000,43901,3788524,deprecated,0x,,21428429
3633103,1493658728,0x4eb19b96cae623c54c7326157d13c99a941d159b0d127cc4721374c5cc72ae5e,2,0x0663cba4e1b234662a65c79efdf3fd91db0edb9b2a87ab834a64af93f8c9b5d2,0x97a4eab83adced0d2718e961a6f4a690ae67ac3e,0x6810e776880c02933d47db1b9fc05908e5386b96,0xe3854e3c934c7bf38f77d764aa5d38600b065e81,1589000000000000000000,Gnosis,GNO,18,34,100000,20000000000,51473,3839997,deprecated,0xa9059cbb,"transfer(address _to, uint256 _value)",21428429
3633103,1493658728,0x53bba776775118635ff99ce860dbc56e7fa7da883c983c5d092b442fa764a202,20,0x0663cba4e1b234662a65c79efdf3fd91db0edb9b2a87ab834a64af93f8c9b5d2,0x19076bd01e86fa3d76334e27d4b8e6789688a42d,0x6810e776880c02933d47db1b9fc05908e5386b96,0x25ceac4b0fd802c4b9df7dd7c730d6c25903b11c,0,Gnosis,GNO,18,36,200000,20000000000,43901,3942080,deprecated,0x,,21428429
3633103,1493658728,0x53c37d0adb431274556d29edadf794a094e8c2a4404cebd79ed96c81ef0d0d81,9,0x0663cba4e1b234662a65c79efdf3fd91db0edb9b2a87ab834a64af93f8c9b5d2,0x19076bd01e86fa3d76334e27d4b8e6789688a42d,0x6810e776880c02933d47db1b9fc05908e5386b96,0x884cadd01715854b83779e835473960ec8ef59e0,1507599999999999998738,Gnosis,GNO,18,37,65211,20000000000,43901,3985981,deprecated,0x,,21428429
3633103,1493658728,0x63a6689fbb21639764e2835fc975e7aa0fcbaf6f5f55730a725b6356efd98a64,14,0x0663cba4e1b234662a65c79efdf3fd91db0edb9b2a87ab834a64af93f8c9b5d2,0x19076bd01e86fa3d76334e27d4b8e6789688a42d,0x6810e776880c02933d47db1b9fc05908e5386b96,0x38121c93f4a4ebaa9e3676676644e6844cc47ce3,1115623999999999999066,Gnosis,GNO,18,41,125211,20000000000,43901,4092882,deprecated,0x,,21428429
3633103,1493658728,0x71394ef7a9b4aaf73de9c63af3f2d85114ddf934c342c3858fae2a9993f608f6,3,0x0663cba4e1b234662a65c79efdf3fd91db0edb9b2a87ab834a64af93f8c9b5d2,0x19076bd01e86fa3d76334e27d4b8e6789688a42d,0x6810e776880c02933d47db1b9fc05908e5386b96,0x1ab0d72da9269af122281f3d708f46b54e1b27c3,134008888888888888776,Gnosis,GNO,18,46,60000,20000000000,43901,4220783,deprecated,0x,,21428429
3633107,1493658831,0x8025b3a5baac553d967b95606638b3f6eab3513f4773ff258ee6ac09008cf056,14,0x1109c21aaa7a1e4f12d1e25a598a6514613c20be86ea364ac1a040aebec60ecb,0x1d0dcc8d8bcafa8e8502beaeef6cbd49d3affcdc,0x6810e776880c02933d47db1b9fc05908e5386b96,0xe38cab6f620e598a081fdd7fcb08ad57a049cbe1,259642222222222222005,Gnosis,GNO,18,2,100000,21991881296,43853,117233,deprecated,0xdf8de3e7,claimTokens(address receiver),21428425
3633107,1493658831,0xd131fd01b041718d4b6e28927f1c7c7526593dfd9fbc84628fb315d5d07cd45c,5,0x1109c21aaa7a1e4f12d1e25a598a6514613c20be86ea364ac1a040aebec60ecb,0x1d0dcc8d8bcafa8e8502beaeef6cbd49d3affcdc,0x6810e776880c02933d47db1b9fc05908e5386b96,0x3e37a8115acde7b2777701af4e3d342e56fcc01f,797352888888888888221,Gnosis,GNO,18,3,100000,21991881296,43853,161086,deprecated,0xdf8de3e7,claimTokens(address receiver),21428425
3633107,1493658831,0x188546d3efb5a34d4e172249d8941317d8b6c38c67ef828efef7eeeb25b9eab0,5,0x1109c21aaa7a1e4f12d1e25a598a6514613c20be86ea364ac1a040aebec60ecb,0x19076bd01e86fa3d76334e27d4b8e6789688a42d,0x6810e776880c02933d47db1b9fc05908e5386b96,0xa05cfae08029223a836b82c6c32578d41175ace4,192637777777777777616,Gnosis,GNO,18,6,652110,20000000000,43901,246987,deprecated,0x,,21428425
3633107,1493658831,0x22dc65ae3cc339afb6a2017a287e6d898fc71c09533b74b501ec3ed285d99f6d,2,0x1109c21aaa7a1e4f12d1e25a598a6514613c20be86ea364ac1a040aebec60ecb,0x19076bd01e86fa3d76334e27d4b8e6789688a42d,0x6810e776880c02933d47db1b9fc05908e5386b96,0xfc6996480d7eb198540b834161c0c730273001f3,219774577777777777593,Gnosis,GNO,18,8,60091,20000000000,43901,311888,deprecated,0x,,21428425
3633107,1493658831,0x2a265ca059f3fceeb1cf674bf869f47fa0d6f8588791f9aad89542330f31826f,10,0x1109c21aaa7a1e4f12d1e25a598a6514613c20be86ea364ac1a040aebec60ecb,0x19076bd01e86fa3d76334e27d4b8e6789688a42d,0x6810e776880c02933d47db1b9fc05908e5386b96,0x0873fef0ee9fe171f7bfb300372f95377db40aa1,418777777777777777427,Gnosis,GNO,18,9,120000,20000000000,43901,355789,deprecated,0x,,21428425
3633107,1493658831,0x351f69fea1e028d15b875beea11b6979487d9d9b3ed3084a51beef3037fc6b36,3,0x1109c21aaa7a1e4f12d1e25a598a6514613c20be86ea364ac1a040aebec60ecb,0x19076bd01e86fa3d76334e27d4b8e6789688a42d,0x6810e776880c02933d47db1b9fc05908e5386b96,0x0bc0078b4767ffc4cab1dc9808967dca21876585,33502222222222222194,Gnosis,GNO,18,11,158901,20000000000,43901,420690,deprecated,0x,,21428425
3633107,1493658831,0x35f5d4fcb518fc4e8bd5dd8ef135e10a33acf5d2defcb93120c144df0c9f8cba,24,0x1109c21aaa7a1e4f12d1e25a598a6514613c20be86ea364ac1a040aebec60ecb,0x19076bd01e86fa3d76334e27d4b8e6789688a42d,0x6810e776880c02933d47db1b9fc05908e5386b96,0xd444e6d13077b5738f82d1c7d4ff4c2eee94b0e4,17336701549888615714,Gnosis,GNO,18,12,65218,20000000000,43901,464591,deprecated,0x,,21428425
3633107,1493658831,0x5356b546adde8a2fdc3ae4c9f6c9780770907b11e0c6f52d6ce24cd7193762af,34,0x1109c21aaa7a1e4f12d1e25a598a6514613c20be86ea364ac1a040aebec60ecb,0x1d0dcc8d8bcafa8e8502beaeef6cbd49d3affcdc,0x6810e776880c02933d47db1b9fc05908e5386b96,0xe76f5c3bc7597d1051859dea721a670e69290acb,324971555555555555283,Gnosis,GNO,18,16,100000,20000000000,45126,573501,deprecated,0xdf8de3e7,claimTokens(address receiver),21428425
3633107,1493658831,0x760d772e931c6e5c5b4af0598066fb7a0ddbb49fdf5a19a5ba8ef3922e9848dd,191,0x1109c21aaa7a1e4f12d1e25a598a6514613c20be86ea364ac1a040aebec60ecb,0x1d0dcc8d8bcafa8e8502beaeef6cbd49d3affcdc,0x6810e776880c02933d47db1b9fc05908e5386b96,0x632da81d534400f84c52d137d136a6ec89a59d77,335022222222222,Gnosis,GNO,18,22,100000,20000000000,43853,722354,deprecated,0xdf8de3e7,claimTokens(address receiver),21428425
3633107,1493658831,0x77457b546c72680bdc963b61ab53095b8dada0ee35c81130d5ca7f43e15a01f0,4,0x1109c21aaa7a1e4f12d1e25a598a6514613c20be86ea364ac1a040aebec60ecb,0x19076bd01e86fa3d76334e27d4b8e6789688a42d,0x6810e776880c02933d47db1b9fc05908e5386b96,0x9e4074662b07b2864e45f959796fd68deeebafd4,335022222222222221941,Gnosis,GNO,18,23,100000,20000000000,43901,766255,deprecated,0x,,21428425
3633107,1493658831,0x842f58f1b9d5978be25c1a9f61cdeac1d051b055330c72ebcb1c0477e41505e6,4,0x1109c21aaa7a1e4f12d1e25a598a6514613c20be86ea364ac1a040aebec60ecb,0x19076bd01e86fa3d76334e27d4b8e6789688a42d,0x6810e776880c02933d47db1b9fc05908e5386b96,0x4870ca24d8b398743c02abfac346cf9dce476b28,3350222222222222219,Gnosis,GNO,18,24,70000,20000000000,43901,810156,deprecated,0x,,21428425
3633107,1493658831,0x9168d2023626ff022bf28f3d39c68943c80c09da01f3a84604b06100ad2b6012,8,0x1109c21aaa7a1e4f12d1e25a598a6514613c20be86ea364ac1a040aebec60ecb,0x19076bd01e86fa3d76334e27d4b8e6789688a42d,0x6810e776880c02933d47db1b9fc05908e5386b96,0xfbf4c0315795c99de59bfe155ef314fab47f096d,72029777777777777717,Gnosis,GNO,18,28,80000,20000000000,43901,925148,deprecated,0x,,21428425
3633107,1493658831,0x9454030fbb63da3acae6111d0ee843cac55f3708499d5dc264ea33b12045211a,5,0x1109c21aaa7a1e4f12d1e25a598a6514613c20be86ea364ac1a040aebec60ecb,0x19076bd01e86fa3d76334e27d4b8e6789688a42d,0x6810e776880c02933d47db1b9fc05908e5386b96,0x629a49775d503f2354ccce14906d6a270b90a2e4,130658666666666666557,Gnosis,GNO,18,32,60000,20000000000,43901,1048195,deprecated,0x,,21428425
3633107,1493658831,0x9a994e4852de76388320b946d5a38eb0ef184fd7439619721080019b806cd4ef,1,0x1109c21aaa7a1e4f12d1e25a598a6514613c20be86ea364ac1a040aebec60ecb,0x19076bd01e86fa3d76334e27d4b8e6789688a42d,0x6810e776880c02933d47db1b9fc05908e5386b96,0x83ce68322fba3613591c935c59afd8f5ac5e3779,83705302222222222152,Gnosis,GNO,18,37,100000,20000000000,43901,1213278,deprecated,0x,,21428425
3633107,1493658831,0x9ff7e1d1ad62859e486f1300fc3fbd34764d4b20dcf1681249e47f80289b747e,3,0x1109c21aaa7a1e4f12d1e25a598a6514613c20be86ea364ac1a040aebec60ecb,0x19076bd01e86fa3d76334e27d4b8e6789688a42d,0x6810e776880c02933d47db1b9fc05908e5386b96,0xf73757436b3058290e167e67b1013fb25aa7498d,167511111111111110970,Gnosis,GNO,18,44,60000,20000000000,43901,1386733,deprecated,0x,,21428425
3633107,1493658831,0xa186e1b1f456f7e45e59c085f1f3f4d3d2994c969a145f406bf171ae0a8833da,7,0x1109c21aaa7a1e4f12d1e25a598a6514613c20be86ea364ac1a040aebec60ecb,0x19076bd01e86fa3d76334e27d4b8e6789688a42d,0x6810e776880c02933d47db1b9fc05908e5386b96,0x9fd66eaa211282e3b26d3bb9fd8ac7e89600c4b2,8375555555555555548,Gnosis,GNO,18,47,100000,20000000000,43901,1472634,deprecated,0x,,21428425
3633107,1493658831,0xa562c8df02c27523750b18017a27e9c076447e54759b81b92676a7d2faa9b245,2,0x1109c21aaa7a1e4f12d1e25a598a6514613c20be86ea364ac1a040aebec60ecb,0x19076bd01e86fa3d76334e27d4b8e6789688a42d,0x6810e776880c02933d47db1b9fc05908e5386b96,0x1bc1b320b58af723dcf3391ff428be3dc2ec39b6,51760933333333333290,Gnosis,GNO,18,49,60000,20000000000,43901,1537535,deprecated,0x,,21428425
3633107,1493658831,0xe3fa658de550cb1d5646b54b04b7251b8ff46b4d3c2a81554ef2a17a2ca352dd,4,0x1109c21aaa7a1e4f12d1e25a598a6514613c20be86ea364ac1a040aebec60ecb,0x1d0dcc8d8bcafa8e8502beaeef6cbd49d3affcdc,0x6810e776880c02933d47db1b9fc05908e5386b96,0x7b4a4ea6b348ab30485db514fbdd17d59539dc99,435528888888888888524,Gnosis,GNO,18,62,100000,23488607198,43853,2645236,deprecated,0xdf8de3e7,claimTokens(address receiver),21428425
3633107,1493658831,0xfcaab2019b5e4c33f477ce9d5d548d7b014fbf9dd8e7ecec5a3a94079dd48521,1,0x1109c21aaa7a1e4f12d1e25a598a6514613c20be86ea364ac1a040aebec60ecb,0x1d0dcc8d8bcafa8e8502beaeef6cbd49d3affcdc,0x6810e776880c02933d47db1b9fc05908e5386b96,0x0ad0e5b722e8d66f0f89d41e65c400ff3461f4ae,14154688888888888877,Gnosis,GNO,18,63,100000,23488607198,43853,2689089,deprecated,0xdf8de3e7,claimTokens(address receiver),21428425
3633107,1493658831,0x351c85ff071316cb39e619587c51f443feb7a4b1763b725bfd90632d5cb5423b,3,0x1109c21aaa7a1e4f12d1e25a598a6514613c20be86ea364ac1a040aebec60ecb,0x1d0dcc8d8bcafa8e8502beaeef6cbd49d3affcdc,0x6810e776880c02933d47db1b9fc05908e5386b96,0x5e7cfebd2c7d4ec7734dbea41fc37f85871ee7c9,335022222222222221941,Gnosis,GNO,18,64,100000,23033741498,43853,2732942,deprecated,0xdf8de3e7,claimTokens(address receiver),21428425
3633107,1493658831,0x37af1eaddfb9b2f8f12f8dbd81976dcbc1746e6884357b22c4234de2c4612003,8,0x1109c21aaa7a1e4f12d1e25a598a6514613c20be86ea364ac1a040aebec60ecb,0x1d0dcc8d8bcafa8e8502beaeef6cbd49d3affcdc,0x6810e776880c02933d47db1b9fc05908e5386b96,0xbaac86df8115c566c833e4f8b6b7b80386bd2372,93806222222222222143,Gnosis,GNO,18,65,100000,23033741498,43853,2776795,deprecated,0xdf8de3e7,claimTokens(address receiver),21428425
3633107,1493658831,0x7fa48132cd7544d9888b8e66d3f56e922515755c08c97abff996155d61a363da,1,0x1109c21aaa7a1e4f12d1e25a598a6514613c20be86ea364ac1a040aebec60ecb,0x1d0dcc8d8bcafa8e8502beaeef6cbd49d3affcdc,0x6810e776880c02933d47db1b9fc05908e5386b96,0xc74c896f34b94885124bddfecf093a6b1012fb1b,4908075555555555551,Gnosis,GNO,18,71,100000,21758107597,43853,2945412,deprecated,0xdf8de3e7,claimTokens(address receiver),21428425
3633107,1493658831,0x3061beee430ea4606ce3f7b9c83d95745da13e957620200ce4be45602ebf41a3,3,0x1109c21aaa7a1e4f12d1e25a598a6514613c20be86ea364ac1a040aebec60ecb,0x19076bd01e86fa3d76334e27d4b8e6789688a42d,0x6810e776880c02933d47db1b9fc05908e5386b96,0x73e932f6d14689f28b29fc8cdcc42b8639402385,41877777777777777742,Gnosis,GNO,18,76,100000,20000000000,43901,3164952,deprecated,0x,,21428425
3633107,1493658831,0x38dbaaa4a8f29d9d79b2c4868cd0b0249be379aa05133ef7801457bf1fd1a7d2,5,0x1109c21aaa7a1e4f12d1e25a598a6514613c20be86ea364ac1a040aebec60ecb,0x19076bd01e86fa3d76334e27d4b8e6789688a42d,0x6810e776880c02933d47db1b9fc05908e5386b96,0xa9ee7a7f0c908b7f5fd947e0da8f392ae03a1018,335022222222222221941,Gnosis,GNO,18,77,150000,20000000000,43901,3208853,deprecated,0x,,21428425
3633107,1493658831,0x401fdd2df596bf0c1f4b41b4e83a9c97d2227f85215596b5d5f68a7b70e1e2aa,38,0x1109c21aaa7a1e4f12d1e25a598a6514613c20be86ea364ac1a040aebec60ecb,0x19076bd01e86fa3d76334e27d4b8e6789688a42d,0x6810e776880c02933d47db1b9fc05908e5386b96,0x49a408f1ee8951c509db64be3cd47a0faf81d2a6,5862888888888888883984,Gnosis,GNO,18,80,70681,20000000000,43901,3294754,deprecated,0x,,21428425
3633107,1493658831,0x4bbaae5633ff4ec9d1a945f58cbe3a3775bc109b3000b1ae0fa0e41de526edf6,1,0x1109c21aaa7a1e4f12d1e25a598a6514613c20be86ea364ac1a040aebec60ecb,0x19076bd01e86fa3d76334e27d4b8e6789688a42d,0x6810e776880c02933d47db1b9fc05908e5386b96,0x2b586810d64129c89043738e77a8922811464eea,16751111111111111097,Gnosis,GNO,18,83,71000,20000000000,43901,3499682,deprecated,0x,,21428425
3633107,1493658831,0x7bb81c44454836ac4dc28edb9784dcc4be6c93726c55dda819574323f24aad92,15,0x1109c21aaa7a1e4f12d1e25a598a6514613c20be86ea364ac1a040aebec60ecb,0x19076bd01e86fa3d76334e27d4b8e6789688a42d,0x6810e776880c02933d47db1b9fc05908e5386b96,0x150fc4412b934d078cdc0a5f788d33397b995b1f,125633333333333333228,Gnosis,GNO,18,86,150000,20000000000,43901,3618251,deprecated,0x,,21428425
3633107,1493658831,0x7df5cda1ae4b166801e6a8a443db729ad89e3eb9400763cb092ba3446c2524b5,2,0x1109c21aaa7a1e4f12d1e25a598a6514613c20be86ea364ac1a040aebec60ecb,0x19076bd01e86fa3d76334e27d4b8e6789688a42d,0x6810e776880c02933d47db1b9fc05908e5386b96,0xc0c76d58188cf7bb2851edae42583a04e07d1e23,50253333333333333291,Gnosis,GNO,18,88,155211,20000000000,43901,3683152,deprecated,0x,,21428425
3633107,1493658831,0x833137ce48565a9403c735b17623c762af08a407386f5f9f2f5ac9b6e48277d5,2,0x1109c21aaa7a1e4f12d1e25a598a6514613c20be86ea364ac1a040aebec60ecb,0x19076bd01e86fa3d76334e27d4b8e6789688a42d,0x6810e776880c02933d47db1b9fc05908e5386b96,0xd41e22ed27b324c17b947eb36b00042eff4d926d,3350222222222222219,Gnosis,GNO,18,89,150000,20000000000,43901,3727053,deprecated,0x,,21428425
3633107,1493658831,0x8b196f77ad5c587e3f684bb3b985ac74e01975fccee1b4c93338994050981594,11,0x1109c21aaa7a1e4f12d1e25a598a6514613c20be86ea364ac1a040aebec60ecb,0x19076bd01e86fa3d76334e27d4b8e6789688a42d,0x6810e776880c02933d47db1b9fc05908e5386b96,0x49ce81b3a8102460e0d81dd600a722436a6279de,0,Gnosis,GNO,18,91,65211,20000000000,43901,3791954,deprecated,0x,,21428425
3633107,1493658831,0x8c06bfdc0e506c0d6c1ac1ec2292223b6dfe147b878a674e896e773fdb6447ed,1,0x1109c21aaa7a1e4f12d1e25a598a6514613c20be86ea364ac1a040aebec60ecb,0x19076bd01e86fa3d76334e27d4b8e6789688a42d,0x6810e776880c02933d47db1b9fc05908e5386b96,0x0edfd9f8fa096c150de196b5f357468f2d5904dd,820804444444444443757,Gnosis,GNO,18,92,100000,20000000000,43901,3835855,deprecated,0x,,21428425
3633107,1493658831,0x9985b34498c2fab595f0314dce9f266282adc4f6215d469a0c6c5de9591b1d4f,131,0x1109c21aaa7a1e4f12d1e25a598a6514613c20be86ea364ac1a040aebec60ecb,0x19076bd01e86fa3d76334e27d4b8e6789688a42d,0x6810e776880c02933d47db1b9fc05908e5386b96,0xe3f423b1a081d5915454384c77d28c2187578ea8,16968875555555555541,Gnosis,GNO,18,94,150000,20000000000,43901,3931838,deprecated,0x,,21428425
3633107,1493658831,0xa8414d6391b386b06294a00b4a5752115110e23e8ed2e33f837a9e4a71c1a415,1,0x1109c21aaa7a1e4f12d1e25a598a6514613c20be86ea364ac1a040aebec60ecb,0x19076bd01e86fa3d76334e27d4b8e6789688a42d,0x6810e776880c02933d47db1b9fc05908e5386b96,0x7e7191395be63b59cfcf490f81ae8caa198ea074,195987999999999999836,Gnosis,GNO,18,98,60000,20000000000,43901,4038739,deprecated,0x,,21428425
3633107,1493658831,0xad169b8b3ce155ec6ed15ad46c0807e28e453d11f3188b3c4a840208f809a65f,3,0x1109c21aaa7a1e4f12d1e25a598a6514613c20be86ea364ac1a040aebec60ecb,0x19076bd01e86fa3d76334e27d4b8e6789688a42d,0x6810e776880c02933d47db1b9fc05908e5386b96,0x0e8d425ee54e2b3cdd99f51088cf391b675d7aa8,103019333333333333247,Gnosis,GNO,18,99,60000,20000000000,43901,4082640,deprecated,0x,,21428425
3633107,1493658831,0xad261109cdea804a7d620ea97d51904c04ab764742612b80ae20a43648c0a7a6,9,0x1109c21aaa7a1e4f12d1e25a598a6514613c20be86ea364ac1a040aebec60ecb,0x19076bd01e86fa3d76334e27d4b8e6789688a42d,0x6810e776880c02933d47db1b9fc05908e5386b96,0x88257f9fef32b585360a5a6e13532afa9d8e2f64,6700444444444444438,Gnosis,GNO,18,100,60000,20000000000,43901,4126541,deprecated,0x,,21428425
3633107,1493658831,0xae3a5f3401a08deac729f00cfac9ce9b03b37a65f492deeed0e902ef6a30ded2,2,0x1109c21aaa7a1e4f12d1e25a598a6514613c20be86ea364ac1a040aebec60ecb,0x19076bd01e86fa3d76334e27d4b8e6789688a42d,0x6810e776880c02933d47db1b9fc05908e5386b96,0x5e718bce22fcf515965595767b0aab5b3a34354a,170861333333333333190,Gnosis,GNO,18,101,60000,20000000000,43901,4170442,deprecated,0x,,21428425
3633107,1493658831,0xae8716441edadaee9659dbb99557ecef82af150329a4fd82d3ac90cfc8095877,6,0x1109c21aaa7a1e4f12d1e25a598a6514613c20be86ea364ac1a040aebec60ecb,0x19076bd01e86fa3d76334e27d4b8e6789688a42d,0x6810e776880c02933d47db1b9fc05908e5386b96,0x317ac5d644ed4a12369734ddc422483c6f21b1e5,276393333333333333102,Gnosis,GNO,18,102,60000,20000000000,43901,4214343,deprecated,0x,,21428425
3633107,1493658831,0xafac8f7bd280b41174a24094d419199a6bd28f4249979ff02dc0c09363f52c95,12,0x1109c21aaa7a1e4f12d1e25a598a6514613c20be86ea364ac1a040aebec60ecb,0x19076bd01e86fa3d76334e27d4b8e6789688a42d,0x6810e776880c02933d47db1b9fc05908e5386b96,0xc2e3d359d985c1136a0ddbd34427a042e6cfac65,140709333333333333215,Gnosis,GNO,18,103,60000,20000000000,43901,4258244,deprecated,0x,,21428425
3633109,1493658845,0xac47cb5c53a1fffbbdf0374819eacfb41f6af066487b8499a11bd47d63a37a82,6,0x3df620f29f2c3aaf8d45115261dbb66ece033e859a354d3d12c46e6d6522603b,0x1d0dcc8d8bcafa8e8502beaeef6cbd49d3affcdc,0x6810e776880c02933d47db1b9fc05908e5386b96,0x6dbe4988a9ddd46967bec08c9f2e400ea258d964,15372197285541250653808,Gnosis,GNO,18,0,200000,80000000000,81837,81837,deprecated,0x30b66cee,claimProxy(),21428423
3633109,1493658845,0x7a9d2fe4e691b6edad492c34a56cb832e309a30f0cf13421998bc42d2f9b6ca7,66,0x3df620f29f2c3aaf8d45115261dbb66ece033e859a354d3d12c46e6d6522603b,0x1d0dcc8d8bcafa8e8502beaeef6cbd49d3affcdc,0x6810e776880c02933d47db1b9fc05908e5386b96,0xda5c805cfcf76ccc44ba616e0898ef1e33286063,130286289466666666557689,Gnosis,GNO,18,1,3000000,60000000000,1955466,2037303,deprecated,0x84a1f5a5,claimTokensFor(address[] _beneficiaries),21428423
3633109,1493658845,0x7a9d2fe4e691b6edad492c34a56cb832e309a30f0cf13421998bc42d2f9b6ca7,66,0x3df620f29f2c3aaf8d45115261dbb66ece033e859a354d3d12c46e6d6522603b,0x1d0dcc8d8bcafa8e8502beaeef6cbd49d3affcdc,0x6810e776880c02933d47db1b9fc05908e5386b96,0x19076bd01e86fa3d76334e27d4b8e6789688a42d,0,Gnosis,GNO,18,1,3000000,60000000000,1955466,2037303,deprecated,0x84a1f5a5,claimTokensFor(address[] _beneficiaries),21428423
3633109,1493658845,0x7a9d2fe4e691b6edad492c34a56cb832e309a30f0cf13421998bc42d2f9b6ca7,66,0x3df620f29f2c3aaf8d45115261dbb66ece033e859a354d3d12c46e6d6522603b,0x1d0dcc8d8bcafa8e8502beaeef6cbd49d3affcdc,0x6810e776880c02933d47db1b9fc05908e5386b96,0x6dbe4988a9ddd46967bec08c9f2e400ea258d964,0,Gnosis,GNO,18,1,3000000,60000000000,1955466,2037303,deprecated,0x84a1f5a5,claimTokensFor(address[] _beneficiaries),21428423
3633109,1493658845,0x7a9d2fe4e691b6edad492c34a56cb832e309a30f0cf13421998bc42d2f9b6ca7,66,0x3df620f29f2c3aaf8d45115261dbb66ece033e859a354d3d12c46e6d6522603b,0x1d0dcc8d8bcafa8e8502beaeef6cbd49d3affcdc,0x6810e776880c02933d47db1b9fc05908e5386b96,0xb60f7f5f095c6d7da711ffc7c6e0509a5f468702,14221693333333333321437,Gnosis,GNO,18,1,3000000,60000000000,1955466,2037303,deprecated,0x84a1f5a5,claimTokensFor(address[] _beneficiaries),21428423
3633109,1493658845,0x7a9d2fe4e691b6edad492c34a56cb832e309a30f0cf13421998bc42d2f9b6ca7,66,0x3df620f29f2c3aaf8d45115261dbb66ece033e859a354d3d12c46e6d6522603b,0x1d0dcc8d8bcafa8e8502beaeef6cbd49d3affcdc,0x6810e776880c02933d47db1b9fc05908e5386b96,0x2d0efca5e73e90c7707931678dfaef38c068ac10,14137937777777777765952,Gnosis,GNO,18,1,3000000,60000000000,1955466,2037303,deprecated,0x84a1f5a5,claimTokensFor(address[] _beneficiaries),21428423
3633109,1493658845,0x7a9d2fe4e691b6edad492c34a56cb832e309a30f0cf13421998bc42d2f9b6ca7,66,0x3df620f29f2c3aaf8d45115261dbb66ece033e859a354d3d12c46e6d6522603b,0x1d0dcc8d8bcafa8e8502beaeef6cbd49d3affcdc,0x6810e776880c02933d47db1b9fc05908e5386b96,0xf2b846bd78d72fbdf68abd4efdb22e03f52889ba,11468648222222222212629,Gnosis,GNO,18,1,3000000,60000000000,1955466,2037303,deprecated,0x84a1f5a5,claimTokensFor(address[] _beneficiaries),21428423
3633109,1493658845,0x7a9d2fe4e691b6edad492c34a56cb832e309a30f0cf13421998bc42d2f9b6ca7,66,0x3df620f29f2c3aaf8d45115261dbb66ece033e859a354d3d12c46e6d6522603b,0x1d0dcc8d8bcafa8e8502beaeef6cbd49d3affcdc,0x6810e776880c02933d47db1b9fc05908e5386b96,0x485fbe8fce05a862832ddc9464e96be131544c45,8376393111111111104104,Gnosis,GNO,18,1,3000000,60000000000,1955466,2037303,deprecated,0x84a1f5a5,claimTokensFor(address[] _beneficiaries),21428423
3633109,1493658845,0x7a9d2fe4e691b6edad492c34a56cb832e309a30f0cf13421998bc42d2f9b6ca7,66,0x3df620f29f2c3aaf8d45115261dbb66ece033e859a354d3d12c46e6d6522603b,0x1d0dcc8d8bcafa8e8502beaeef6cbd49d3affcdc,0x6810e776880c02933d47db1b9fc05908e5386b96,0x12e6861c754c2145d3b1e5ee65bed2cc48dbd381,6115830666666666661551,Gnosis,GNO,18,1,3000000,60000000000,1955466,2037303,deprecated,0x84a1f5a5,claimTokensFor(address[] _beneficiaries),21428423
3633109,1493658845,0x7a9d2fe4e691b6edad492c34a56cb832e309a30f0cf13421998bc42d2f9b6ca7,66,0x3df620f29f2c3aaf8d45115261dbb66ece033e859a354d3d12c46e6d6522603b,0x1d0dcc8d8bcafa8e8502beaeef6cbd49d3affcdc,0x6810e776880c02933d47db1b9fc05908e5386b96,0x8282c63b589100f5d269bf30417d69e5ae7f1d62,5021963898960257773577,Gnosis,GNO,18,1,3000000,60000000000,1955466,2037303,deprecated,0x84a1f5a5,claimTokensFor(address[] _beneficiaries),21428423
3633109,1493658845,0x7a9d2fe4e691b6edad492c34a56cb832e309a30f0cf13421998bc42d2f9b6ca7,66,0x3df620f29f2c3aaf8d45115261dbb66ece033e859a354d3d12c46e6d6522603b,0x1d0dcc8d8bcafa8e8502beaeef6cbd49d3affcdc,0x6810e776880c02933d47db1b9fc05908e5386b96,0x7bf3e9a85bed6f0ca5108059e16fee6d311c607b,5021327602912364440244,Gnosis,GNO,18,1,3000000,60000000000,1955466,2037303,deprecated,0x84a1f5a5,claimTokensFor(address[] _beneficiaries),21428423
3633109,1493658845,0x7a9d2fe4e691b6edad492c34a56cb832e309a30f0cf13421998bc42d2f9b6ca7,66,0x3df620f29f2c3aaf8d45115261dbb66ece033e859a354d3d12c46e6d6522603b,0x1d0dcc8d8bcafa8e8502beaeef6cbd49d3affcdc,0x6810e776880c02933d47db1b9fc05908e5386b96,0x634484bd0bd5e2bde5e11da6b956b50948a01644,3350222222222222219419,Gnosis,GNO,18,1,3000000,60000000000,1955466,2037303,deprecated,0x84a1f5a5,claimTokensFor(address[] _beneficiaries),21428423
3633109,1493658845,0x7a9d2fe4e691b6edad492c34a56cb832e309a30f0cf13421998bc42d2f9b6ca7,66,0x3df620f29f2c3aaf8d45115261dbb66ece033e859a354d3d12c46e6d6522603b,0x1d0dcc8d8bcafa8e8502beaeef6cbd49d3affcdc,0x6810e776880c02933d47db1b9fc05908e5386b96,0x7aa534c9b18d6f4117301971962986467e74eed1,3350222222222222219419,Gnosis,GNO,18,1,3000000,60000000000,1955466,2037303,deprecated,0x84a1f5a5,claimTokensFor(address[] _beneficiaries),21428423
3633109,1493658845,0x7a9d2fe4e691b6edad492c34a56cb832e309a30f0cf13421998bc42d2f9b6ca7,66,0x3df620f29f2c3aaf8d45115261dbb66ece033e859a354d3d12c46e6d6522603b,0x1d0dcc8d8bcafa8e8502beaeef6cbd49d3affcdc,0x6810e776880c02933d47db1b9fc05908e5386b96,0x2421550c599663c6e4551b8ba36fdbb904b4f0b7,3350222222222222219419,Gnosis,GNO,18,1,3000000,60000000000,1955466,2037303,deprecated,0x84a1f5a5,claimTokensFor(address[] _beneficiaries),21428423
3633109,1493658845,0x7a9d2fe4e691b6edad492c34a56cb832e309a30f0cf13421998bc42d2f9b6ca7,66,0x3df620f29f2c3aaf8d45115261dbb66ece033e859a354d3d12c46e6d6522603b,0x1d0dcc8d8bcafa8e8502beaeef6cbd49d3affcdc,0x6810e776880c02933d47db1b9fc05908e5386b96,0x60e16961ad6138d2fb3e556fc284d9c2fff41486,3350222222222222219419,Gnosis,GNO,18,1,3000000,60000000000,1955466,2037303,deprecated,0x84a1f5a5,claimTokensFor(address[] _beneficiaries),21428423
3633109,1493658845,0x7a9d2fe4e691b6edad492c34a56cb832e309a30f0cf13421998bc42d2f9b6ca7,66,0x3df620f29f2c3aaf8d45115261dbb66ece033e859a354d3d12c46e6d6522603b,0x1d0dcc8d8bcafa8e8502beaeef6cbd49d3affcdc,0x6810e776880c02933d47db1b9fc05908e5386b96,0x5217bbbce031b5b8672303b9101d960d37769498,3350222222222222219419,Gnosis,GNO,18,1,3000000,60000000000,1955466,2037303,deprecated,0x84a1f5a5,claimTokensFor(address[] _beneficiaries),21428423
3633109,1493658845,0x7a9d2fe4e691b6edad492c34a56cb832e309a30f0cf13421998bc42d2f9b6ca7,66,0x3df620f29f2c3aaf8d45115261dbb66ece033e859a354d3d12c46e6d6522603b,0x1d0dcc8d8bcafa8e8502beaeef6cbd49d3affcdc,0x6810e776880c02933d47db1b9fc05908e5386b96,0xd47297cdcf36eed17305d6a5471c6cd482c7e91c,3350222222222222219419,Gnosis,GNO,18,1,3000000,60000000000,1955466,2037303,deprecated,0x84a1f5a5,claimTokensFor(address[] _beneficiaries),21428423
3633109,1493658845,0x7a9d2fe4e691b6edad492c34a56cb832e309a30f0cf13421998bc42d2f9b6ca7,66,0x3df620f29f2c3aaf8d45115261dbb66ece033e859a354d3d12c46e6d6522603b,0x1d0dcc8d8bcafa8e8502beaeef6cbd49d3affcdc,0x6810e776880c02933d47db1b9fc05908e5386b96,0xad92ca066edb7c711dfc5b166192d1edf8e77185,3350222222222222219419,Gnosis,GNO,18,1,3000000,60000000000,1955466,2037303,deprecated,0x84a1f5a5,claimTokensFor(address[] _beneficiaries),21428423
3633109,1493658845,0x7a9d2fe4e691b6edad492c34a56cb832e309a30f0cf13421998bc42d2f9b6ca7,66,0x3df620f29f2c3aaf8d45115261dbb66ece033e859a354d3d12c46e6d6522603b,0x1d0dcc8d8bcafa8e8502beaeef6cbd49d3affcdc,0x6810e776880c02933d47db1b9fc05908e5386b96,0x7ad41e9d6e1fa47f1f6bcc63bd0327009590a47b,3209512888888888886204,Gnosis,GNO,18,1,3000000,60000000000,1955466,2037303,deprecated,0x84a1f5a5,claimTokensFor(address[] _beneficiaries),21428423
3633109,1493658845,0x7a9d2fe4e691b6edad492c34a56cb832e309a30f0cf13421998bc42d2f9b6ca7,66,0x3df620f29f2c3aaf8d45115261dbb66ece033e859a354d3d12c46e6d6522603b,0x1d0dcc8d8bcafa8e8502beaeef6cbd49d3affcdc,0x6810e776880c02933d47db1b9fc05908e5386b96,0xdab731b906bb3a7ea62c4f558ed6254d60824c05,2545984626666666664537,Gnosis,GNO,18,1,3000000,60000000000,1955466,2037303,deprecated,0x84a1f5a5,claimTokensFor(address[] _beneficiaries),21428423
3633109,1493658845,0x7a9d2fe4e691b6edad492c34a56cb832e309a30f0cf13421998bc42d2f9b6ca7,66,0x3df620f29f2c3aaf8d45115261dbb66ece033e859a354d3d12c46e6d6522603b,0x1d0dcc8d8bcafa8e8502beaeef6cbd49d3affcdc,0x6810e776880c02933d47db1b9fc05908e5386b96,0xb0843440a10d58cbff2dea87b733dba77410a02f,4204528888888888885372,Gnosis,GNO,18,1,3000000,60000000000,1955466,2037303,deprecated,0x84a1f5a5,claimTokensFor(address[] _beneficiaries),21428423
3633109,1493658845,0x7a9d2fe4e691b6edad492c34a56cb832e309a30f0cf13421998bc42d2f9b6ca7,66,0x3df620f29f2c3aaf8d45115261dbb66ece033e859a354d3d12c46e6d6522603b,0x1d0dcc8d8bcafa8e8502beaeef6cbd49d3affcdc,0x6810e776880c02933d47db1b9fc05908e5386b96,0x49eb8afa93f494901d410f9b33e58583f83cf279,2514375279999999997896,Gnosis,GNO,18,1,3000000,60000000000,1955466,2037303,deprecated,0x84a1f5a5,claimTokensFor(address[] _beneficiaries),21428423
3633109,1493658845,0x7a9d2fe4e691b6edad492c34a56cb832e309a30f0cf13421998bc42d2f9b6ca7,66,0x3df620f29f2c3aaf8d45115261dbb66ece033e859a354d3d12c46e6d6522603b,0x1d0dcc8d8bcafa8e8502beaeef6cbd49d3affcdc,0x6810e776880c02933d47db1b9fc05908e5386b96,0xa13d4efe35e8231d1f171da5b32fba7d75c3116f,2177644444444444442622,Gnosis,GNO,18,1,3000000,60000000000,1955466,2037303,deprecated,0x84a1f5a5,claimTokensFor(address[] _beneficiaries),21428423
3633109,1493658845,0x7a9d2fe4e691b6edad492c34a56cb832e309a30f0cf13421998bc42d2f9b6ca7,66,0x3df620f29f2c3aaf8d45115261dbb66ece033e859a354d3d12c46e6d6522603b,0x1d0dcc8d8bcafa8e8502beaeef6cbd49d3affcdc,0x6810e776880c02933d47db1b9fc05908e5386b96,0x3e77a7d70e3853e9eaecdf8e3de78e94265fa8e5,1990869555555555553890,Gnosis,GNO,18,1,3000000,60000000000,1955466,2037303,deprecated,0x84a1f5a5,claimTokensFor(address[] _beneficiaries),21428423
3633109,1493658845,0x7a9d2fe4e691b6edad492c34a56cb832e309a30f0cf13421998bc42d2f9b6ca7,66,0x3df620f29f2c3aaf8d45115261dbb66ece033e859a354d3d12c46e6d6522603b,0x1d0dcc8d8bcafa8e8502beaeef6cbd49d3affcdc,0x6810e776880c02933d47db1b9fc05908e5386b96,0x245f27796a44d7e3d30654ed62850ff09ee85656,1842622222222222220680,Gnosis,GNO,18,1,3000000,60000000000,1955466,2037303,deprecated,0x84a1f5a5,claimTokensFor(address[] _beneficiaries),21428423
3633109,1493658845,0x7a9d2fe4e691b6edad492c34a56cb832e309a30f0cf13421998bc42d2f9b6ca7,66,0x3df620f29f2c3aaf8d45115261dbb66ece033e859a354d3d12c46e6d6522603b,0x1d0dcc8d8bcafa8e8502beaeef6cbd49d3affcdc,0x6810e776880c02933d47db1b9fc05908e5386b96,0xb42c65dfbeb88305b4e414dc5a68c2f047cccac5,1842622222222222220680,Gnosis,GNO,18,1,3000000,60000000000,1955466,2037303,deprecated,0x84a1f5a5,claimTokensFor(address[] _beneficiaries),21428423
3633109,1493658845,0x7a9d2fe4e691b6edad492c34a56cb832e309a30f0cf13421998bc42d2f9b6ca7,66,0x3df620f29f2c3aaf8d45115261dbb66ece033e859a354d3d12c46e6d6522603b,0x1d0dcc8d8bcafa8e8502beaeef6cbd49d3affcdc,0x6810e776880c02933d47db1b9fc05908e5386b96,0xd4ac2300f42ad0da633031d353b1b565225dbfba,1676786222222222220819,Gnosis,GNO,18,1,3000000,60000000000,1955466,2037303,deprecated,0x84a1f5a5,claimTokensFor(address[] _beneficiaries),21428423
3633109,1493658845,0x7a9d2fe4e691b6edad492c34a56cb832e309a30f0cf13421998bc42d2f9b6ca7,66,0x3df620f29f2c3aaf8d45115261dbb66ece033e859a354d3d12c46e6d6522603b,0x1d0dcc8d8bcafa8e8502beaeef6cbd49d3affcdc,0x6810e776880c02933d47db1b9fc05908e5386b96,0x4819963c4df6d7277ff198ff7c9addfc91aa4d70,1675111111111111109709,Gnosis,GNO,18,1,3000000,60000000000,1955466,2037303,deprecated,0x84a1f5a5,claimTokensFor(address[] _beneficiaries),21428423
3633109,1493658845,0x7a9d2fe4e691b6edad492c34a56cb832e309a30f0cf13421998bc42d2f9b6ca7,66,0x3df620f29f2c3aaf8d45115261dbb66ece033e859a354d3d12c46e6d6522603b,0x1d0dcc8d8bcafa8e8502beaeef6cbd49d3affcdc,0x6810e776880c02933d47db1b9fc05908e5386b96,0xf32866d5ce9a9b5673e076be48abcd6ed48ade78,1675111278622222220821,Gnosis,GNO,18,1,3000000,60000000000,1955466,2037303,deprecated,0x84a1f5a5,claimTokensFor(address[] _beneficiaries),21428423
3633109,1493658845,0x7a9d2fe4e691b6edad492c34a56cb832e309a30f0cf13421998bc42d2f9b6ca7,66,0x3df620f29f2c3aaf8d45115261dbb66ece033e859a354d3d12c46e6d6522603b,0x1d0dcc8d8bcafa8e8502beaeef6cbd49d3affcdc,0x6810e776880c02933d47db1b9fc05908e5386b96,0xb0843440a10d58cbff2dea87b733dba77410a02f,0,Gnosis,GNO,18,1,3000000,60000000000,1955466,2037303,deprecated,0x84a1f5a5,claimTokensFor(address[] _beneficiaries),21428423
3633109,1493658845,0x7a9d2fe4e691b6edad492c34a56cb832e309a30f0cf13421998bc42d2f9b6ca7,66,0x3df620f29f2c3aaf8d45115261dbb66ece033e859a354d3d12c46e6d6522603b,0x1d0dcc8d8bcafa8e8502beaeef6cbd49d3affcdc,0x6810e776880c02933d47db1b9fc05908e5386b96,0x2c3443274fa5708469cd0a28f2267a145a5ba7ed,3348547111111111108310,Gnosis,GNO,18,1,3000000,60000000000,1955466,2037303,deprecated,0x84a1f5a5,claimTokensFor(address[] _beneficiaries),21428423
3633109,1493658845,0x7a9d2fe4e691b6edad492c34a56cb832e309a30f0cf13421998bc42d2f9b6ca7,66,0x3df620f29f2c3aaf8d45115261dbb66ece033e859a354d3d12c46e6d6522603b,0x1d0dcc8d8bcafa8e8502beaeef6cbd49d3affcdc,0x6810e776880c02933d47db1b9fc05908e5386b96,0xb3e05285df010683364cdf5868de0427a740bf96,1675111111111111109709,Gnosis,GNO,18,1,3000000,60000000000,1955466,2037303,deprecated,0x84a1f5a5,claimTokensFor(address[] _beneficiaries),21428423
3633109,1493658845,0x7a9d2fe4e691b6edad492c34a56cb832e309a30f0cf13421998bc42d2f9b6ca7,66,0x3df620f29f2c3aaf8d45115261dbb66ece033e859a354d3d12c46e6d6522603b,0x1d0dcc8d8bcafa8e8502beaeef6cbd49d3affcdc,0x6810e776880c02933d47db1b9fc05908e5386b96,0x0079418d9dc201b95717806441698a949adb8fee,1675111111111111109709,Gnosis,GNO,18,1,3000000,60000000000,1955466,2037303,deprecated,0x84a1f5a5,claimTokensFor(address[] _beneficiaries),21428423
3633109,1493658845,0x7a9d2fe4e691b6edad492c34a56cb832e309a30f0cf13421998bc42d2f9b6ca7,66,0x3df620f29f2c3aaf8d45115261dbb66ece033e859a354d3d12c46e6d6522603b,0x1d0dcc8d8bcafa8e8502beaeef6cbd49d3affcdc,0x6810e776880c02933d47db1b9fc05908e5386b96,0x2c3443274fa5708469cd0a28f2267a145a5ba7ed,0,Gnosis,GNO,18,1,3000000,60000000000,1955466,2037303,deprecated,0x84a1f5a5,claimTokensFor(address[] _beneficiaries),21428423
3633109,1493658845,0x7a9d2fe4e691b6edad492c34a56cb832e309a30f0cf13421998bc42d2f9b6ca7,66,0x3df620f29f2c3aaf8d45115261dbb66ece033e859a354d3d12c46e6d6522603b,0x1d0dcc8d8bcafa8e8502beaeef6cbd49d3affcdc,0x6810e776880c02933d47db1b9fc05908e5386b96,0x5d006bea618fbf31e98d6240615dadfab38549be,1656684888888888887503,Gnosis,GNO,18,1,3000000,60000000000,1955466,2037303,deprecated,0x84a1f5a5,claimTokensFor(address[] _beneficiaries),21428423
3633109,1493658845,0x7a9d2fe4e691b6edad492c34a56cb832e309a30f0cf13421998bc42d2f9b6ca7,66,0x3df620f29f2c3aaf8d45115261dbb66ece033e859a354d3d12c46e6d6522603b,0x1d0dcc8d8bcafa8e8502beaeef6cbd49d3affcdc,0x6810e776880c02933d47db1b9fc05908e5386b96,0x97a4eab83adced0d2718e961a6f4a690ae67ac3e,0,Gnosis,GNO,18,1,3000000,60000000000,1955466,2037303,deprecated,0x84a1f5a5,claimTokensFor(address[] _beneficiaries),21428423
3633109,1493658845,0x7a9d2fe4e691b6edad492c34a56cb832e309a30f0cf13421998bc42d2f9b6ca7,66,0x3df620f29f2c3aaf8d45115261dbb66ece033e859a354d3d12c46e6d6522603b,0x1d0dcc8d8bcafa8e8502beaeef6cbd49d3affcdc,0x6810e776880c02933d47db1b9fc05908e5386b96,0x10ef799a235cc80d828a99eae9d05c64b5da1966,1525820652586666665390,Gnosis,GNO,18,1,3000000,60000000000,1955466,2037303,deprecated,0x84a1f5a5,claimTokensFor(address[] _beneficiaries),21428423
3633109,1493658845,0x7a9d2fe4e691b6edad492c34a56cb832e309a30f0cf13421998bc42d2f9b6ca7,66,0x3df620f29f2c3aaf8d45115261dbb66ece033e859a354d3d12c46e6d6522603b,0x1d0dcc8d8bcafa8e8502beaeef6cbd49d3affcdc,0x6810e776880c02933d47db1b9fc05908e5386b96,0x28d4d0a9fa607a8c1726f1a08ebc55a6f5ea0cff,1509275111111111109848,Gnosis,GNO,18,1,3000000,60000000000,1955466,2037303,deprecated,0x84a1f5a5,claimTokensFor(address[] _beneficiaries),21428423
3633109,1493658845,0x7a9d2fe4e691b6edad492c34a56cb832e309a30f0cf13421998bc42d2f9b6ca7,66,0x3df620f29f2c3aaf8d45115261dbb66ece033e859a354d3d12c46e6d6522603b,0x1d0dcc8d8bcafa8e8502beaeef6cbd49d3affcdc,0x6810e776880c02933d47db1b9fc05908e5386b96,0x13d142d864bb0b36a665ab1ec37e560391de8aba,1366388133333333332190,Gnosis,GNO,18,1,3000000,60000000000,1955466,2037303,deprecated,0x84a1f5a5,claimTokensFor(address[] _beneficiaries),21428423
3633109,1493658845,0x7a9d2fe4e691b6edad492c34a56cb832e309a30f0cf13421998bc42d2f9b6ca7,66,0x3df620f29f2c3aaf8d45115261dbb66ece033e859a354d3d12c46e6d6522603b,0x1d0dcc8d8bcafa8e8502beaeef6cbd49d3affcdc,0x6810e776880c02933d47db1b9fc05908e5386b96,0x3bc1177284e0360ae48bd61b481cc448e563c43c,1304911555555555554464,Gnosis,GNO,18,1,3000000,60000000000,1955466,2037303,deprecated,0x84a1f5a5,claimTokensFor(address[] _beneficiaries),21428423
3633109,1493658845,0x7a9d2fe4e691b6edad492c34a56cb832e309a30f0cf13421998bc42d2f9b6ca7,66,0x3df620f29f2c3aaf8d45115261dbb66ece033e859a354d3d12c46e6d6522603b,0x1d0dcc8d8bcafa8e8502beaeef6cbd49d3affcdc,0x6810e776880c02933d47db1b9fc05908e5386b96,0x4c106d1e610bd76dfe34e15c209d4a4affccecf6,1194354222222222221223,Gnosis,GNO,18,1,3000000,60000000000,1955466,2037303,deprecated,0x84a1f5a5,claimTokensFor(address[] _beneficiaries),21428423
3633109,1493658845,0x7a9d2fe4e691b6edad492c34a56cb832e309a30f0cf13421998bc42d2f9b6ca7,66,0x3df620f29f2c3aaf8d45115261dbb66ece033e859a354d3d12c46e6d6522603b,0x1d0dcc8d8bcafa8e8502beaeef6cbd49d3affcdc,0x6810e776880c02933d47db1b9fc05908e5386b96,0x76628150e2995b5b279fc83e0dd5f102a671dd1c,2428911111111111109079,Gnosis,GNO,18,1,3000000,60000000000,1955466,2037303,deprecated,0x84a1f5a5,claimTokensFor(address[] _beneficiaries),21428423
3633109,1493658845,0x7a9d2fe4e691b6edad492c34a56cb832e309a30f0cf13421998bc42d2f9b6ca7,66,0x3df620f29f2c3aaf8d45115261dbb66ece033e859a354d3d12c46e6d6522603b,0x1d0dcc8d8bcafa8e8502beaeef6cbd49d3affcdc,0x6810e776880c02933d47db1b9fc05908e5386b96,0xafc1eee9222df08484d040350fb643e524ab474c,1172577777777777776796,Gnosis,GNO,18,1,3000000,60000000000,1955466,2037303,deprecated,0x84a1f5a5,claimTokensFor(address[] _beneficiaries),21428423
3633109,1493658845,0x7a9d2fe4e691b6edad492c34a56cb832e309a30f0cf13421998bc42d2f9b6ca7,66,0x3df620f29f2c3aaf8d45115261dbb66ece033e859a354d3d12c46e6d6522603b,0x1d0dcc8d8bcafa8e8502beaeef6cbd49d3affcdc,0x6810e776880c02933d47db1b9fc05908e5386b96,0x3e0adee64131c32cbd166983c29c89b787435393,1675111111111111109709,Gnosis,GNO,18,1,3000000,60000000000,1955466,2037303,deprecated,0x84a1f5a5,claimTokensFor(address[] _beneficiaries),21428423
3633109,1493658845,0x7a9d2fe4e691b6edad492c34a56cb832e309a30f0cf13421998bc42d2f9b6ca7,66,0x3df620f29f2c3aaf8d45115261dbb66ece033e859a354d3d12c46e6d6522603b,0x1d0dcc8d8bcafa8e8502beaeef6cbd49d3affcdc,0x6810e776880c02933d47db1b9fc05908e5386b96,0x76628150e2995b5b279fc83e0dd5f102a671dd1c,0,Gnosis,GNO,18,1,3000000,60000000000,1955466,2037303,deprecated,0x84a1f5a5,claimTokensFor(address[] _beneficiaries),21428423
3633109,1493658845,0x7a9d2fe4e691b6edad492c34a56cb832e309a30f0cf13421998bc42d2f9b6ca7,66,0x3df620f29f2c3aaf8d45115261dbb66ece033e859a354d3d12c46e6d6522603b,0x1d0dcc8d8bcafa8e8502beaeef6cbd49d3affcdc,0x6810e776880c02933d47db1b9fc05908e5386b96,0xfcca3e1967a009dcaa05610637cb1ae203b60b47,1028518222222222221361,Gnosis,GNO,18,1,3000000,60000000000,1955466,2037303,deprecated,0x84a1f5a5,claimTokensFor(address[] _beneficiaries),21428423
3633109,1493658845,0x7a9d2fe4e691b6edad492c34a56cb832e309a30f0cf13421998bc42d2f9b6ca7,66,0x3df620f29f2c3aaf8d45115261dbb66ece033e859a354d3d12c46e6d6522603b,0x1d0dcc8d8bcafa8e8502beaeef6cbd49d3affcdc,0x6810e776880c02933d47db1b9fc05908e5386b96,0x6d7384ebccd881694c958758eb29f9e31d513ec2,1005072797573333332492,Gnosis,GNO,18,1,3000000,60000000000,1955466,2037303,deprecated,0x84a1f5a5,claimTokensFor(address[] _beneficiaries),21428423
3633109,1493658845,0x7a9d2fe4e691b6edad492c34a56cb832e309a30f0cf13421998bc42d2f9b6ca7,66,0x3df620f29f2c3aaf8d45115261dbb66ece033e859a354d3d12c46e6d6522603b,0x1d0dcc8d8bcafa8e8502beaeef6cbd49d3affcdc,0x6810e776880c02933d47db1b9fc05908e5386b96,0x1cc6c752830a942e1bbcaaf73f93c2d3a418cc41,1003391555555555554716,Gnosis,GNO,18,1,3000000,60000000000,1955466,2037303,deprecated,0x84a1f5a5,claimTokensFor(address[] _beneficiaries),21428423
3633109,1493658845,0x7a9d2fe4e691b6edad492c34a56cb832e309a30f0cf13421998bc42d2f9b6ca7,66,0x3df620f29f2c3aaf8d45115261dbb66ece033e859a354d3d12c46e6d6522603b,0x1d0dcc8d8bcafa8e8502beaeef6cbd49d3affcdc,0x6810e776880c02933d47db1b9fc05908e5386b96,0xdfc89da99eed3f98f0909d0ea5c8ac9b22b1cf64,921311111111111110340,Gnosis,GNO,18,1,3000000,60000000000,1955466,2037303,deprecated,0x84a1f5a5,claimTokensFor(address[] _beneficiaries),21428423
3633109,1493658845,0x7a9d2fe4e691b6edad492c34a56cb832e309a30f0cf13421998bc42d2f9b6ca7,66,0x3df620f29f2c3aaf8d45115261dbb66ece033e859a354d3d12c46e6d6522603b,0x1d0dcc8d8bcafa8e8502beaeef6cbd49d3affcdc,0x6810e776880c02933d47db1b9fc05908e5386b96,0x8f077c8b4876004ef3549ceebf312d36f5b109ef,837555555555555554854,Gnosis,GNO,18,1,3000000,60000000000,1955466,2037303,deprecated,0x84a1f5a5,claimTokensFor(address[] _beneficiaries),21428423
3633109,1493658845,0x7a9d2fe4e691b6edad492c34a56cb832e309a30f0cf13421998bc42d2f9b6ca7,66,0x3df620f29f2c3aaf8d45115261dbb66ece033e859a354d3d12c46e6d6522603b,0x1d0dcc8d8bcafa8e8502beaeef6cbd49d3affcdc,0x6810e776880c02933d47db1b9fc05908e5386b96,0x114ee4ee7e6c4bf88c112a1cd1590c82e71ab298,839230666666666665964,Gnosis,GNO,18,1,3000000,60000000000,1955466,2037303,deprecated,0x84a1f5a5,claimTokensFor(address[] _beneficiaries),21428423
3633109,1493658845,0x7a9d2fe4e691b6edad492c34a56cb832e309a30f0cf13421998bc42d2f9b6ca7,66,0x3df620f29f2c3aaf8d45115261dbb66ece033e859a354d3d12c46e6d6522603b,0x1d0dcc8d8bcafa8e8502beaeef6cbd49d3affcdc,0x6810e776880c02933d47db1b9fc05908e5386b96,0x242a954e9b177ca7f5fda949d785ce429fea0f3f,1790472495599999998502,Gnosis,GNO,18,1,3000000,60000000000,1955466,2037303,deprecated,0x84a1f5a5,claimTokensFor(address[] _beneficiaries),21428423
3633109,1493658845,0x7a9d2fe4e691b6edad492c34a56cb832e309a30f0cf13421998bc42d2f9b6ca7,66,0x3df620f29f2c3aaf8d45115261dbb66ece033e859a354d3d12c46e6d6522603b,0x1d0dcc8d8bcafa8e8502beaeef6cbd49d3affcdc,0x6810e776880c02933d47db1b9fc05908e5386b96,0x88885960dc55b9fdcb5e51070baf0e634e7b3232,837555555555555554854,Gnosis,GNO,18,1,3000000,60000000000,1955466,2037303,deprecated,0x84a1f5a5,claimTokensFor(address[] _beneficiaries),21428423
3633109,1493658845,0x7a9d2fe4e691b6edad492c34a56cb832e309a30f0cf13421998bc42d2f9b6ca7,66,0x3df620f29f2c3aaf8d45115261dbb66ece033e859a354d3d12c46e6d6522603b,0x1d0dcc8d8bcafa8e8502beaeef6cbd49d3affcdc,0x6810e776880c02933d47db1b9fc05908e5386b96,0x80d6c4a0a09f25f6a400e08c95227f5074c61e57,837555555555555554854,Gnosis,GNO,18,1,3000000,60000000000,1955466,2037303,deprecated,0x84a1f5a5,claimTokensFor(address[] _beneficiaries),21428423
3633109,1493658845,0x7a9d2fe4e691b6edad492c34a56cb832e309a30f0cf13421998bc42d2f9b6ca7,66,0x3df620f29f2c3aaf8d45115261dbb66ece033e859a354d3d12c46e6d6522603b,0x1d0dcc8d8bcafa8e8502beaeef6cbd49d3affcdc,0x6810e776880c02933d47db1b9fc05908e5386b96,0x06c68d04aaaf5da137d4a3be785d388bab9f5c23,1641608888888888887515,Gnosis,GNO,18,1,3000000,60000000000,1955466,2037303,deprecated,0x84a1f5a5,claimTokensFor(address[] _beneficiaries),21428423
3633109,1493658845,0x7a9d2fe4e691b6edad492c34a56cb832e309a30f0cf13421998bc42d2f9b6ca7,66,0x3df620f29f2c3aaf8d45115261dbb66ece033e859a354d3d12c46e6d6522603b,0x1d0dcc8d8bcafa8e8502beaeef6cbd49d3affcdc,0x6810e776880c02933d47db1b9fc05908e5386b96,0x61e1df808221c01f2f0b96c2df56baaecfc0cdd1,837555555555555554854,Gnosis,GNO,18,1,3000000,60000000000,1955466,2037303,deprecated,0x84a1f5a5,claimTokensFor(address[] _beneficiaries),21428423
3633109,1493658845,0x7a9d2fe4e691b6edad492c34a56cb832e309a30f0cf13421998bc42d2f9b6ca7,66,0x3df620f29f2c3aaf8d45115261dbb66ece033e859a354d3d12c46e6d6522603b,0x1d0dcc8d8bcafa8e8502beaeef6cbd49d3affcdc,0x6810e776880c02933d47db1b9fc05908e5386b96,0x242a954e9b177ca7f5fda949d785ce429fea0f3f,0,Gnosis,GNO,18,1,3000000,60000000000,1955466,2037303,deprecated,0x84a1f5a5,claimTokensFor(address[] _beneficiaries),21428423
3633109,1493658845,0x7a9d2fe4e691b6edad492c34a56cb832e309a30f0cf13421998bc42d2f9b6ca7,66,0x3df620f29f2c3aaf8d45115261dbb66ece033e859a354d3d12c46e6d6522603b,0x1d0dcc8d8bcafa8e8502beaeef6cbd49d3affcdc,0x6810e776880c02933d47db1b9fc05908e5386b96,0xa15913ea3d1e2ca9bb664df9a3811910b2e95386,837555555555555554854,Gnosis,GNO,18,1,3000000,60000000000,1955466,2037303,deprecated,0x84a1f5a5,claimTokensFor(address[] _beneficiaries),21428423
3633109,1493658845,0x7a9d2fe4e691b6edad492c34a56cb832e309a30f0cf13421998bc42d2f9b6ca7,66,0x3df620f29f2c3aaf8d45115261dbb66ece033e859a354d3d12c46e6d6522603b,0x1d0dcc8d8bcafa8e8502beaeef6cbd49d3affcdc,0x6810e776880c02933d47db1b9fc05908e5386b96,0x777c7f8334640dc41e1da6478b90f6c00dcec724,837220533333333332633,Gnosis,GNO,18,1,3000000,60000000000,1955466,2037303,deprecated,0x84a1f5a5,claimTokensFor(address[] _beneficiaries),21428423
3633109,1493658845,0x7a9d2fe4e691b6edad492c34a56cb832e309a30f0cf13421998bc42d2f9b6ca7,66,0x3df620f29f2c3aaf8d45115261dbb66ece033e859a354d3d12c46e6d6522603b,0x1d0dcc8d8bcafa8e8502beaeef6cbd49d3affcdc,0x6810e776880c02933d47db1b9fc05908e5386b96,0xf7882303a8651173a7929bb22b7ac67174164d0c,835880444444444443745,Gnosis,GNO,18,1,3000000,60000000000,1955466,2037303,deprecated,0x84a1f5a5,claimTokensFor(address[] _beneficiaries),21428423
3633109,1493658845,0x7a9d2fe4e691b6edad492c34a56cb832e309a30f0cf13421998bc42d2f9b6ca7,66,0x3df620f29f2c3aaf8d45115261dbb66ece033e859a354d3d12c46e6d6522603b,0x1d0dcc8d8bcafa8e8502beaeef6cbd49d3affcdc,0x6810e776880c02933d47db1b9fc05908e5386b96,0x0036a309096bb248a7ddcd56e8b67dc24241a87a,835880444444444443745,Gnosis,GNO,18,1,3000000,60000000000,1955466,2037303,deprecated,0x84a1f5a5,claimTokensFor(address[] _beneficiaries),21428423
3633109,1493658845,0x7a9d2fe4e691b6edad492c34a56cb832e309a30f0cf13421998bc42d2f9b6ca7,66,0x3df620f29f2c3aaf8d45115261dbb66ece033e859a354d3d12c46e6d6522603b,0x1d0dcc8d8bcafa8e8502beaeef6cbd49d3affcdc,0x6810e776880c02933d47db1b9fc05908e5386b96,0x39312ceb496a23cd748326cb0922b13618d9d332,812428888888888888209,Gnosis,GNO,18,1,3000000,60000000000,1955466,2037303,deprecated,0x84a1f5a5,claimTokensFor(address[] _beneficiaries),21428423
3633109,1493658845,0x7a9d2fe4e691b6edad492c34a56cb832e309a30f0cf13421998bc42d2f9b6ca7,66,0x3df620f29f2c3aaf8d45115261dbb66ece033e859a354d3d12c46e6d6522603b,0x1d0dcc8d8bcafa8e8502beaeef6cbd49d3affcdc,0x6810e776880c02933d47db1b9fc05908e5386b96,0x3e37a8115acde7b2777701af4e3d342e56fcc01f,0,Gnosis,GNO,18,1,3000000,60000000000,1955466,2037303,deprecated,0x84a1f5a5,claimTokensFor(address[] _beneficiaries),21428423
3633109,1493658845,0x7a9d2fe4e691b6edad492c34a56cb832e309a30f0cf13421998bc42d2f9b6ca7,66,0x3df620f29f2c3aaf8d45115261dbb66ece033e859a354d3d12c46e6d6522603b,0x1d0dcc8d8bcafa8e8502beaeef6cbd49d3affcdc,0x6810e776880c02933d47db1b9fc05908e5386b96,0xb2878ac81f5ea0ca9f2be275cdd244a83729929c,776700195245999999350,Gnosis,GNO,18,1,3000000,60000000000,1955466,2037303,deprecated,0x84a1f5a5,claimTokensFor(address[] _beneficiaries),21428423
3633109,1493658845,0x7a9d2fe4e691b6edad492c34a56cb832e309a30f0cf13421998bc42d2f9b6ca7,66,0x3df620f29f2c3aaf8d45115261dbb66ece033e859a354d3d12c46e6d6522603b,0x1d0dcc8d8bcafa8e8502beaeef6cbd49d3affcdc,0x6810e776880c02933d47db1b9fc05908e5386b96,0x7bc11c9b45f304b0018669bc5108a5bbd34c7c2d,753799999999999999369,Gnosis,GNO,18,1,3000000,60000000000,1955466,2037303,deprecated,0x84a1f5a5,claimTokensFor(address[] _beneficiaries),21428423
3633109,1493658845,0x7a9d2fe4e691b6edad492c34a56cb832e309a30f0cf13421998bc42d2f9b6ca7,66,0x3df620f29f2c3aaf8d45115261dbb66ece033e859a354d3d12c46e6d6522603b,0x1d0dcc8d8bcafa8e8502beaeef6cbd49d3affcdc,0x6810e776880c02933d47db1b9fc05908e5386b96,0x0f12c55673974974f32dfd94cdd50f74b3ba257c,753799999999999999369,Gnosis,GNO,18,1,3000000,60000000000,1955466,2037303,deprecated,0x84a1f5a5,claimTokensFor(address[] _beneficiaries),21428423
3633109,1493658845,0x7a9d2fe4e691b6edad492c34a56cb832e309a30f0cf13421998bc42d2f9b6ca7,66,0x3df620f29f2c3aaf8d45115261dbb66ece033e859a354d3d12c46e6d6522603b,0x1d0dcc8d8bcafa8e8502beaeef6cbd49d3affcdc,0x6810e776880c02933d47db1b9fc05908e5386b96,0xa2017efc0f30be1a58e13044a1215d604fbd1c43,727407736635555554947,Gnosis,GNO,18,1,3000000,60000000000,1955466,2037303,deprecated,0x84a1f5a5,claimTokensFor(address[] _beneficiaries),21428423
3633109,1493658845,0x7a9d2fe4e691b6edad492c34a56cb832e309a30f0cf13421998bc42d2f9b6ca7,66,0x3df620f29f2c3aaf8d45115261dbb66ece033e859a354d3d12c46e6d6522603b,0x1d0dcc8d8bcafa8e8502beaeef6cbd49d3affcdc,0x6810e776880c02933d47db1b9fc05908e5386b96,0x00a5cfd0825dacede7deca6bc9102238ca08d976,695171111111111110529,Gnosis,GNO,18,1,3000000,60000000000,1955466,2037303,deprecated,0x84a1f5a5,claimTokensFor(address[] _beneficiaries),21428423
3633109,1493658845,0x7a9d2fe4e691b6edad492c34a56cb832e309a30f0cf13421998bc42d2f9b6ca7,66,0x3df620f29f2c3aaf8d45115261dbb66ece033e859a354d3d12c46e6d6522603b,0x1d0dcc8d8bcafa8e8502beaeef6cbd49d3affcdc,0x6810e776880c02933d47db1b9fc05908e5386b96,0x2e6e0d5b8403ab79111945016fbf574ebc5b0587,685120444444444443871,Gnosis,GNO,18,1,3000000,60000000000,1955466,2037303,deprecated,0x84a1f5a5,claimTokensFor(address[] _beneficiaries),21428423
3633109,1493658845,0x7a9d2fe4e691b6edad492c34a56cb832e309a30f0cf13421998bc42d2f9b6ca7,66,0x3df620f29f2c3aaf8d45115261dbb66ece033e859a354d3d12c46e6d6522603b,0x1d0dcc8d8bcafa8e8502beaeef6cbd49d3affcdc,0x6810e776880c02933d47db1b9fc05908e5386b96,0x36a855dae5a6a5ec8b1bd106a6484e861a70b0c9,670044444444444443883,Gnosis,GNO,18,1,3000000,60000000000,1955466,2037303,deprecated,0x84a1f5a5,claimTokensFor(address[] _beneficiaries),21428423
3633109,1493658845,0x7a9d2fe4e691b6edad492c34a56cb832e309a30f0cf13421998bc42d2f9b6ca7,66,0x3df620f29f2c3aaf8d45115261dbb66ece033e859a354d3d12c46e6d6522603b,0x1d0dcc8d8bcafa8e8502beaeef6cbd49d3affcdc,0x6810e776880c02933d47db1b9fc05908e5386b96,0x06c68d04aaaf5da137d4a3be785d388bab9f5c23,0,Gnosis,GNO,18,1,3000000,60000000000,1955466,2037303,deprecated,0x84a1f5a5,claimTokensFor(address[] _beneficiaries),21428423
3633109,1493658845,0x7a9d2fe4e691b6edad492c34a56cb832e309a30f0cf13421998bc42d2f9b6ca7,66,0x3df620f29f2c3aaf8d45115261dbb66ece033e859a354d3d12c46e6d6522603b,0x1d0dcc8d8bcafa8e8502beaeef6cbd49d3affcdc,0x6810e776880c02933d47db1b9fc05908e5386b96,0x2ecd81e43c1f66185446f4af7dfeaa6aae249f55,837555555555555554854,Gnosis,GNO,18,1,3000000,60000000000,1955466,2037303,deprecated,0x84a1f5a5,claimTokensFor(address[] _beneficiaries),21428423
3633109,1493658845,0x7a9d2fe4e691b6edad492c34a56cb832e309a30f0cf13421998bc42d2f9b6ca7,66,0x3df620f29f2c3aaf8d45115261dbb66ece033e859a354d3d12c46e6d6522603b,0x1d0dcc8d8bcafa8e8502beaeef6cbd49d3affcdc,0x6810e776880c02933d47db1b9fc05908e5386b96,0x0027ad9fca03cb1404bf9f10ed1181a03071cfad,670044444444444443883,Gnosis,GNO,18,1,3000000,60000000000,1955466,2037303,deprecated,0x84a1f5a5,claimTokensFor(address[] _beneficiaries),21428423
3633109,1493658845,0x7a9d2fe4e691b6edad492c34a56cb832e309a30f0cf13421998bc42d2f9b6ca7,66,0x3df620f29f2c3aaf8d45115261dbb66ece033e859a354d3d12c46e6d6522603b,0x1d0dcc8d8bcafa8e8502beaeef6cbd49d3affcdc,0x6810e776880c02933d47db1b9fc05908e5386b96,0xf1ef80cd1afce5990e4fcd4d11db34b9c0b2ed56,670044444444444443883,Gnosis,GNO,18,1,3000000,60000000000,1955466,2037303,deprecated,0x84a1f5a5,claimTokensFor(address[] _beneficiaries),21428423
3633109,1493658845,0x7a9d2fe4e691b6edad492c34a56cb832e309a30f0cf13421998bc42d2f9b6ca7,66,0x3df620f29f2c3aaf8d45115261dbb66ece033e859a354d3d12c46e6d6522603b,0x1d0dcc8d8bcafa8e8502beaeef6cbd49d3affcdc,0x6810e776880c02933d47db1b9fc05908e5386b96,0x811c2f5abe51325b4a4f2fbbb973538f368ef1b6,670038867192489869350,Gnosis,GNO,18,1,3000000,60000000000,1955466,2037303,deprecated,0x84a1f5a5,claimTokensFor(address[] _beneficiaries),21428423
3633109,1493658845,0x7a9d2fe4e691b6edad492c34a56cb832e309a30f0cf13421998bc42d2f9b6ca7,66,0x3df620f29f2c3aaf8d45115261dbb66ece033e859a354d3d12c46e6d6522603b,0x1d0dcc8d8bcafa8e8502beaeef6cbd49d3affcdc,0x6810e776880c02933d47db1b9fc05908e5386b96,0x752508f56c9b0ea9c53d93144b80826fb1047bc4,658318666666666666116,Gnosis,GNO,18,1,3000000,60000000000,1955466,2037303,deprecated,0x84a1f5a5,claimTokensFor(address[] _beneficiaries),21428423
3633110,1493658856,0xdf8f6cb6566ebc37987f9ad19c4b4534d8d4ce39afa1928d57a15a7e9e14f81e,4,0x9e9be73eda00f53430650b09df314a2b4229a783195b7745f79576791600ced5,0x1d0dcc8d8bcafa8e8502beaeef6cbd49d3affcdc,0x6810e776880c02933d47db1b9fc05908e5386b96,0x3bc1177284e0360ae48bd61b481cc448e563c43c,0,Gnosis,GNO,18,2,150000,23637595494,43853,85853,deprecated,0xdf8de3e7,claimTokens(address receiver),21428422
3633110,1493658856,0x72cd2ef24b47ccf994c3b0305a5034341983ac06923b003daeabb031b66676a7,5,0x9e9be73eda00f53430650b09df314a2b4229a783195b7745f79576791600ced5,0x1d0dcc8d8bcafa8e8502beaeef6cbd49d3affcdc,0x6810e776880c02933d47db1b9fc05908e5386b96,0x7b4a4ea6b348ab30485db514fbdd17d59539dc99,0,Gnosis,GNO,18,3,100000,23464967361,43853,129706,deprecated,0xdf8de3e7,claimTokens(address receiver),21428422
3633110,1493658856,0x14986c09a15c0353e3c9e8afd99fa6199ea4cc659a506c065a72bbc1301305ea,12,0x9e9be73eda00f53430650b09df314a2b4229a783195b7745f79576791600ced5,0x19076bd01e86fa3d76334e27d4b8e6789688a42d,0x6810e776880c02933d47db1b9fc05908e5386b96,0x339b48a764e04f1174990ecaeb0369daa1ed0ae3,40202666666666666633,Gnosis,GNO,18,13,100000,20000000000,43901,572573,deprecated,0x,,21428422
3633110,1493658856,0x20b92e288c4080e1e805f5ea0ed9af2240489282bbf5f488529feb248f0d4ed0,3,0x9e9be73eda00f53430650b09df314a2b4229a783195b7745f79576791600ced5,0x19076bd01e86fa3d76334e27d4b8e6789688a42d,0x6810e776880c02933d47db1b9fc05908e5386b96,0xa3604f6555a8a01c601e0e829da1dd08af86d10d,837555555555555554854,Gnosis,GNO,18,15,80091,20000000000,43901,756501,deprecated,0x,,21428422
3633110,1493658856,0x26cdb988ea518d850350d0de96da27446d381591a20eac005c78a19f8004ee88,5,0x9e9be73eda00f53430650b09df314a2b4229a783195b7745f79576791600ced5,0x19076bd01e86fa3d76334e27d4b8e6789688a42d,0x6810e776880c02933d47db1b9fc05908e5386b96,0xd780d5d046d917bdbd633db591d0c70fad1c4739,804053333333333332660,Gnosis,GNO,18,16,140000,20000000000,43901,800402,deprecated,0x,,21428422
3633110,1493658856,0x340fe5f7619be276d8874af89aaeb40b1b31368bcccf688d1a87761ef6a3841c,5,0x9e9be73eda00f53430650b09df314a2b4229a783195b7745f79576791600ced5,0x19076bd01e86fa3d76334e27d4b8e6789688a42d,0x6810e776880c02933d47db1b9fc05908e5386b96,0xd2fa8c5173a4321353b0a21b3f2eb9fcbcd492cb,35177333333333333303,Gnosis,GNO,18,17,70211,20000000000,43901,844303,deprecated,0x,,21428422
3633110,1493658856,0x63cd1e0d661437ffad8a469e60f5045dbf5233753f620bf6252722fedd632776,8,0x9e9be73eda00f53430650b09df314a2b4229a783195b7745f79576791600ced5,0x19076bd01e86fa3d76334e27d4b8e6789688a42d,0x6810e776880c02933d47db1b9fc05908e5386b96,0xa08f84e1ea177aa8900d238716c72b999733d92a,75379999999999999936,Gnosis,GNO,18,21,60000,20000000000,43901,951204,deprecated,0x,,21428422
3633110,1493658856,0x6c5305b8545c4df2d2f14836af493766604ed50f31ce24c4913789b1609c86ba,12,0x9e9be73eda00f53430650b09df314a2b4229a783195b7745f79576791600ced5,0x19076bd01e86fa3d76334e27d4b8e6789688a42d,0x6810e776880c02933d47db1b9fc05908e5386b96,0xf1636ad028acb09f4471b7f6825def6945bcd344,184262222222222222068,Gnosis,GNO,18,23,140000,20000000000,43901,1053287,deprecated,0x,,21428422
3633110,1493658856,0x7572904167b294174aff284f1f45488af0efb188ee582eee4f282780a0e3a132,3,0x9e9be73eda00f53430650b09df314a2b4229a783195b7745f79576791600ced5,0x19076bd01e86fa3d76334e27d4b8e6789688a42d,0x6810e776880c02933d47db1b9fc05908e5386b96,0x6d27da42406a2e460dcf71086ee25ba377ad4d30,184262222222222222068,Gnosis,GNO,18,25,65211,20000000000,43901,1148972,deprecated,0x,,21428422
3633110,1493658856,0x865cdd8c9c49ac8788d31dd936fdb257939c8d66468a979b7f8ca85d5c20ad66,20,0x9e9be73eda00f53430650b09df314a2b4229a783195b7745f79576791600ced5,0x19076bd01e86fa3d76334e27d4b8e6789688a42d,0x6810e776880c02933d47db1b9fc05908e5386b96,0x4168814716e4ed77f1650e4afc729b2b013149c4,150759999999999999873,Gnosis,GNO,18,27,100000,20000000000,43901,1213873,deprecated,0x,,21428422
3633110,1493658856,0x8705eb4b9835fe783dba1ad4468377adcbf9c652117826faf15e09f7679a7191,8,0x9e9be73eda00f53430650b09df314a2b4229a783195b7745f79576791600ced5,0x1d0dcc8d8bcafa8e8502beaeef6cbd49d3affcdc,0x6810e776880c02933d47db1b9fc05908e5386b96,0x0719e9f01c0c947ada1caa50c65c6459887cc57f,167511111111111110970,Gnosis,GNO,18,28,72611,20000000000,45126,1258999,deprecated,0xdf8de3e7,claimTokens(address receiver),21428422
3633110,1493658856,0x88f0b741376739d0c21bfb09d42a6a56a02ba142f52a0c2d0884726f38702473,4,0x9e9be73eda00f53430650b09df314a2b4229a783195b7745f79576791600ced5,0x19076bd01e86fa3d76334e27d4b8e6789688a42d,0x6810e776880c02933d47db1b9fc05908e5386b96,0xf094380b35876449b72785347c27d90cace9128f,185937333333333333177,Gnosis,GNO,18,30,120000,20000000000,43901,1323900,deprecated,0x,,21428422
3633110,1493658856,0x90ff2b885911b69e93ef3437284c6c720c64b0499204b02724b4bb8f37ea11d0,2,0x9e9be73eda00f53430650b09df314a2b4229a783195b7745f79576791600ced5,0x19076bd01e86fa3d76334e27d4b8e6789688a42d,0x6810e776880c02933d47db1b9fc05908e5386b96,0x53ce3b72e6f05d1272219bffcb84e8b201861caa,118952221446728888789,Gnosis,GNO,18,31,65211,20000000000,43901,1367801,deprecated,0x,,21428422
3633110,1493658856,0x9a9799cc1c91bfbdec71632fffa7d5d9fc74aa9bedb531fee5d743457b72b055,1,0x9e9be73eda00f53430650b09df314a2b4229a783195b7745f79576791600ced5,0x19076bd01e86fa3d76334e27d4b8e6789688a42d,0x6810e776880c02933d47db1b9fc05908e5386b96,0x85714000457348a5be765f36bc010f8106a90f62,1671760888888888887490,Gnosis,GNO,18,34,210000,20000000000,43901,1582702,deprecated,0x,,21428422
3633110,1493658856,0xa4914ff5b8775866acf618fac7e91a9d3dae4980604949078c20fb2348e20f9f,5,0x9e9be73eda00f53430650b09df314a2b4229a783195b7745f79576791600ced5,0x19076bd01e86fa3d76334e27d4b8e6789688a42d,0x6810e776880c02933d47db1b9fc05908e5386b96,0x85d28fd2c4368e53d70afe337e8f134b8f860c9a,10050666666666666658,Gnosis,GNO,18,36,131000,20000000000,43901,1667603,deprecated,0x,,21428422
3633110,1493658856,0xb2783ad9fa7a91acc9b9ddc4969de3c44f4e402378d7b29b505290d4c57801b5,49,0x9e9be73eda00f53430650b09df314a2b4229a783195b7745f79576791600ced5,0x1d0dcc8d8bcafa8e8502beaeef6cbd49d3affcdc,0x6810e776880c02933d47db1b9fc05908e5386b96,0x2d0efca5e73e90c7707931678dfaef38c068ac10,0,Gnosis,GNO,18,37,72611,20000000000,45126,1712729,deprecated,0xdf8de3e7,claimTokens(address receiver),21428422
3633110,1493658856,0xb347482a807b90c57d404a23d92e7ec69b2bffe83c5583da40209764ff33e7f8,10,0x9e9be73eda00f53430650b09df314a2b4229a783195b7745f79576791600ced5,0x19076bd01e86fa3d76334e27d4b8e6789688a42d,0x6810e776880c02933d47db1b9fc05908e5386b96,0x6b6044128855a568687263b78693629a4c900559,537710666666666666216,Gnosis,GNO,18,38,100000,20000000000,43901,1756630,deprecated,0x,,21428422
3633110,1493658856,0xb642efa0f448f3d01c60f745ba2bb17bafb5220ad66bcc308e45394c89d5850d,5,0x9e9be73eda00f53430650b09df314a2b4229a783195b7745f79576791600ced5,0x19076bd01e86fa3d76334e27d4b8e6789688a42d,0x6810e776880c02933d47db1b9fc05908e5386b96,0x0e6b9964c81a5749ea2f63a22da257be52543b82,201013333333333333165,Gnosis,GNO,18,40,65211,20000000000,43901,1821531,deprecated,0x,,21428422
3633110,1493658856,0xb66d656e2c3d07e63d907b0e3b99f48aa2e55be96289c36161e98b6db564df99,6,0x9e9be73eda00f53430650b09df314a2b4229a783195b7745f79576791600ced5,0x19076bd01e86fa3d76334e27d4b8e6789688a42d,0x6810e776880c02933d47db1b9fc05908e5386b96,0xe0644a8646b835aa9f72880ff846d00af571752e,42547822222222222186,Gnosis,GNO,18,41,89091,20000000000,43901,1865432,deprecated,0x,,21428422
3633110,1493658856,0xb923e8036b7bfda5890de82fa50f6ca21e934038effb16b8e4fb1f90d7aea9b0,4,0x9e9be73eda00f53430650b09df314a2b4229a783195b7745f79576791600ced5,0x19076bd01e86fa3d76334e27d4b8e6789688a42d,0x6810e776880c02933d47db1b9fc05908e5386b96,0xdd53dc054864f5554986d6cde6c05756d5cf5293,452279999999999999621,Gnosis,GNO,18,43,60000,20000000000,43901,1930333,deprecated,0x,,21428422
3633110,1493658856,0xbc8a8f1ae3d7898cb743769baf9c3af1ec399eabb9d9cbe061868b0b19ecfa42,3,0x9e9be73eda00f53430650b09df314a2b4229a783195b7745f79576791600ced5,0xda3ec07468ca0cc242bce13890a6a55581546e0c,0x6810e776880c02933d47db1b9fc05908e5386b96,0xba7a97310a0b19941a8f97248ab12b106a23eb4f,316590000000000000000,Gnosis,GNO,18,45,156473,20000000000,51473,2010897,deprecated,0xa9059cbb,"transfer(address _to, uint256 _value)",21428422
3633110,1493658856,0xbefb1c3bc1c24302d21be3cb45ff284f711f7a04018bc6a0e3cda85e4c7bb15d,99,0x9e9be73eda00f53430650b09df314a2b4229a783195b7745f79576791600ced5,0x19076bd01e86fa3d76334e27d4b8e6789688a42d,0x6810e776880c02933d47db1b9fc05908e5386b96,0x3c390780c30caa136a5dd3d1b54d894c5e4baad2,227815111111111110920,Gnosis,GNO,18,48,100000,20000000000,43901,2096798,deprecated,0x,,21428422
3633110,1493658856,0xc2da825d8dbe894297916672c8e6f3a5dc039f3e7aaafc50ac16c61b72b3cea6,4,0x9e9be73eda00f53430650b09df314a2b4229a783195b7745f79576791600ced5,0x19076bd01e86fa3d76334e27d4b8e6789688a42d,0x6810e776880c02933d47db1b9fc05908e5386b96,0xaab98263ab503c72af9ea5445cd116a23cf05472,100506666666666666582,Gnosis,GNO,18,53,100000,20000000000,43901,2287699,deprecated,0x,,21428422
3633110,1493658856,0xc4659997e989657433db6e444998d0bd52e645f97766f63890812deddba798a6,5,0x9e9be73eda00f53430650b09df314a2b4229a783195b7745f79576791600ced5,0x19076bd01e86fa3d76334e27d4b8e6789688a42d,0x6810e776880c02933d47db1b9fc05908e5386b96,0xbc75d134d4ed07961c97b8864474436798bb97f8,244566222222222222017,Gnosis,GNO,18,54,60000,20000000000,43901,2331600,deprecated,0x,,21428422
3633110,1493658856,0xc558939ac56c801149555967154538b9faf03d602feee5cc4d1dd22b9461157b,144,0x9e9be73eda00f53430650b09df314a2b4229a783195b7745f79576791600ced5,0x19076bd01e86fa3d76334e27d4b8e6789688a42d,0x6810e776880c02933d47db1b9fc05908e5386b96,0xbbd2e65afd28e73cab552ad55b972a016f98dfa4,53603555555555555510,Gnosis,GNO,18,56,99091,20000000000,43901,2396501,deprecated,0x,,21428422
3633110,1493658856,0xc60ecfc461b08be108326694901a302d7bc6c8a0b960ac93879b374cf316f3c0,7,0x9e9be73eda00f53430650b09df314a2b4229a783195b7745f79576791600ced5,0x19076bd01e86fa3d76334e27d4b8e6789688a42d,0x6810e776880c02933d47db1b9fc05908e5386b96,0xd7b3322a5e39efa79b7e875c8cd990255f3223e4,165711716330490666528,Gnosis,GNO,18,57,150000,20000000000,43901,2440402,deprecated,0x,,21428422
3633110,1493658856,0xc8b18ac64205cfa87ee0ffdc9f1715e8ef21c0ecfac219c9fa237b0ce03028fa,2,0x9e9be73eda00f53430650b09df314a2b4229a783195b7745f79576791600ced5,0x19076bd01e86fa3d76334e27d4b8e6789688a42d,0x6810e776880c02933d47db1b9fc05908e5386b96,0x50e388e33dd20c360f0ff69d79426ea8b0c6714d,0,Gnosis,GNO,18,59,95211,20000000000,43901,2505303,deprecated,0x,,21428422
3633110,1493658856,0xc943e6663525af01e49c878b459f9471422a64510d778cbfe2acaf3f15122720,1,0x9e9be73eda00f53430650b09df314a2b4229a783195b7745f79576791600ced5,0x19076bd01e86fa3d76334e27d4b8e6789688a42d,0x6810e776880c02933d47db1b9fc05908e5386b96,0xcdbb7d82aee2117f8288d565e8fe7959c04f2912,323296444444444444174,Gnosis,GNO,18,60,80000,20000000000,43901,2549204,deprecated,0x,,21428422
3633110,1493658856,0xca256036f4bc80def006d9fb3fc9ffe767f319add70310fb8939681f922ee18d,27,0x9e9be73eda00f53430650b09df314a2b4229a783195b7745f79576791600ced5,0x19076bd01e86fa3d76334e27d4b8e6789688a42d,0x6810e776880c02933d47db1b9fc05908e5386b96,0xe31e4be4a7c65fbf14ff16ed654bd06b3a1c6750,167511111111111110970,Gnosis,GNO,18,61,69091,20000000000,43901,2593105,deprecated,0x,,21428422
3633110,1493658856,0xcaac6c3d6dc231624e0c7a0e3a588223ae028a1e65e5b609c750cf760c41b83b,1,0x9e9be73eda00f53430650b09df314a2b4229a783195b7745f79576791600ced5,0x19076bd01e86fa3d76334e27d4b8e6789688a42d,0x6810e776880c02933d47db1b9fc05908e5386b96,0x966c5d38a903e118622797f7a2453957bbb49c98,481034530314008888486,Gnosis,GNO,18,63,60000,20000000000,43901,2658006,deprecated,0x,,21428422
3633110,1493658856,0xccaa735099d9c819f61b9f70380d88ac85c3c82fbab498b3ab3f99f38b26629c,3,0x9e9be73eda00f53430650b09df314a2b4229a783195b7745f79576791600ced5,0x6750adbb477d0310f395da2ad93abe4b9bfd1c87,0x6810e776880c02933d47db1b9fc05908e5386b96,0xf4ea96121c55d12bc6b3f91b189e292ec537dfaa,1000000000000000000,Gnosis,GNO,18,66,56409,20000000000,51409,2801415,deprecated,0xa9059cbb,"transfer(address _to, uint256 _value)",21428422
3633110,1493658856,0xd521800eeaf340c0bae51512cd288533d970ce737c571d092974f96a404ccac7,2,0x9e9be73eda00f53430650b09df314a2b4229a783195b7745f79576791600ced5,0x19076bd01e86fa3d76334e27d4b8e6789688a42d,0x6810e776880c02933d47db1b9fc05908e5386b96,0x2d02e38e1d5f985b0dc281d409fea8c67ab1a9de,28460137777777777753,Gnosis,GNO,18,73,150000,20000000000,43901,3018244,deprecated,0x,,21428422
3633110,1493658856,0xd68544afb657248eeeeb0a1a25848ff622bbd4a20018ff2abb5af479636a7a00,3,0x9e9be73eda00f53430650b09df314a2b4229a783195b7745f79576791600ced5,0x19076bd01e86fa3d76334e27d4b8e6789688a42d,0x6810e776880c02933d47db1b9fc05908e5386b96,0xf0e9b760861b7366f9ea03d4c086e17476abba09,13400888888888888877,Gnosis,GNO,18,75,150000,20000000000,43901,3083145,deprecated,0x,,21428422
3633110,1493658856,0xdc1a727fe7112d4384efefef7d227248757824b5a12c5b85b2dfe0f3c76eaabd,1,0x9e9be73eda00f53430650b09df314a2b4229a783195b7745f79576791600ced5,0x19076bd01e86fa3d76334e27d4b8e6789688a42d,0x6810e776880c02933d47db1b9fc05908e5386b96,0xbd84b61c9cfcf794973d0203de7891b37c838834,25126666666666666645,Gnosis,GNO,18,78,100000,20000000000,43901,3206228,deprecated,0x,,21428422
3633110,1493658856,0xdcadefbf03005efcf12b75085f3df379deb34d63f8bb17356a63ec491b50b158,13,0x9e9be73eda00f53430650b09df314a2b4229a783195b7745f79576791600ced5,0x19076bd01e86fa3d76334e27d4b8e6789688a42d,0x6810e776880c02933d47db1b9fc05908e5386b96,0x4aca686fd28c3253486dcc70982bfdcdf0cc522e,502533333333333332912,Gnosis,GNO,18,79,59091,20000000000,43901,3250129,deprecated,0x,,21428422
3633110,1493658856,0xde5d73bf50523f8c000fe63022ee4b7794d517c1290fbde82f878a7566bfedb8,5,0x9e9be73eda00f53430650b09df314a2b4229a783195b7745f79576791600ced5,0x19076bd01e86fa3d76334e27d4b8e6789688a42d,0x6810e776880c02933d47db1b9fc05908e5386b96,0xa16864c8eac411f3ead5f02590cf50f777103c24,19263777777777777761,Gnosis,GNO,18,82,130422,20000000000,43901,3336030,deprecated,0x,,21428422
3633110,1493658856,0xdebde95475b87d84a3d43593c197b1f7ce720301cf6d96365bfe9c358e29fa94,1,0x9e9be73eda00f53430650b09df314a2b4229a783195b7745f79576791600ced5,0x19076bd01e86fa3d76334e27d4b8e6789688a42d,0x6810e776880c02933d47db1b9fc05908e5386b96,0x1a08bac3fa02c1ac7e12f8b961e3b2ed6ce31e00,5021983111111111106,Gnosis,GNO,18,83,100000,20000000000,43901,3379931,deprecated,0x,,21428422
3633110,1493658856,0xe0307a2bd7069914998ca5fe3e52e74c2d93dc9280dd8f1b1e49a8a7970f1342,1,0x9e9be73eda00f53430650b09df314a2b4229a783195b7745f79576791600ced5,0x19076bd01e86fa3d76334e27d4b8e6789688a42d,0x6810e776880c02933d47db1b9fc05908e5386b96,0x2413f734f681acc9bed89ddaf7bff1d4cd075fcc,38954708888888888856,Gnosis,GNO,18,87,100000,20000000000,43901,3530025,deprecated,0x,,21428422
3633110,1493658856,0xe15f5dfdf6659e7c19b9094c00020480dfdbef9774721b54d344dfac2286aa8d,2,0x9e9be73eda00f53430650b09df314a2b4229a783195b7745f79576791600ced5,0x19076bd01e86fa3d76334e27d4b8e6789688a42d,0x6810e776880c02933d47db1b9fc05908e5386b96,0x99acf23f9f60efa6440285e58b387dc803587a3b,26801777777777777755,Gnosis,GNO,18,89,60000,20000000000,43901,3594926,deprecated,0x,,21428422
3633110,1493658856,0xe2fad067fdecb56a9c445bae3c61023b78ec24124067ab2ee5735229e4a51d02,9,0x9e9be73eda00f53430650b09df314a2b4229a783195b7745f79576791600ced5,0x19076bd01e86fa3d76334e27d4b8e6789688a42d,0x6810e776880c02933d47db1b9fc05908e5386b96,0xcc39a604c91c43e8a1e7798a8947c5ac227b5d81,149922444444444444319,Gnosis,GNO,18,91,60001,20000000000,43901,3659827,deprecated,0x,,21428422
3633110,1493658856,0xe8656375c4e7a4884ed8f37f7268a6a7cae5b87fb299255ec52683f5cbf4a9b3,11,0x9e9be73eda00f53430650b09df314a2b4229a783195b7745f79576791600ced5,0x19076bd01e86fa3d76334e27d4b8e6789688a42d,0x6810e776880c02933d47db1b9fc05908e5386b96,0x7c94e26e15b1422ba41de11cbbaff4990db2ee53,50253333333333333291,Gnosis,GNO,18,94,100000,20000000000,43901,3761514,deprecated,0x,,21428422
3633110,1493658856,0xe8dab0ca88e145103b89e70759724ec31ba8bcf161452e65fb396d5e5d00806c,31,0x9e9be73eda00f53430650b09df314a2b4229a783195b7745f79576791600ced5,0x1d0dcc8d8bcafa8e8502beaeef6cbd49d3affcdc,0x6810e776880c02933d47db1b9fc05908e5386b96,0x3fe666fc563e5fa99f8e0e6988ee2070cea1fa6b,86268222222222222150,Gnosis,GNO,18,95,160509,20000000000,45126,3806640,deprecated,0xdf8de3e7,claimTokens(address receiver),21428422
3633110,1493658856,0xe9639d860c96e8548b4243be69466765e57764ec2d98d8e68c2be08e6a6f8a3a,1,0x9e9be73eda00f53430650b09df314a2b4229a783195b7745f79576791600ced5,0x19076bd01e86fa3d76334e27d4b8e6789688a42d,0x6810e776880c02933d47db1b9fc05908e5386b96,0x77b1ad5857c86edb79a1c941eeab14244aaf1f17,92968666666666666588,Gnosis,GNO,18,97,100000,20000000000,43901,3873507,deprecated,0x,,21428422
3633110,1493658856,0xef76eda93f7ab24b8fa2bf56c6b26381e071a29fd4b8f454c8e129bc3f92126f,14,0x9e9be73eda00f53430650b09df314a2b4229a783195b7745f79576791600ced5,0x19076bd01e86fa3d76334e27d4b8e6789688a42d,0x6810e776880c02933d47db1b9fc05908e5386b96,0x7b42cb9e3a72757e9bedd3fc91b87a257e74dc20,43552888888888888852,Gnosis,GNO,18,101,65211,20000000000,43901,4009408,deprecated,0x,,21428422
3633110,1493658856,0xf0ef1e9106f96ff4fb62805040396d635688e0b6389cc163f235a894a53d9493,4,0x9e9be73eda00f53430650b09df314a2b4229a783195b7745f79576791600ced5,0x19076bd01e86fa3d76334e27d4b8e6789688a42d,0x6810e776880c02933d47db1b9fc05908e5386b96,0x4645502affebb4df943be7d6fb91dab129fbe266,26801777777777777755,Gnosis,GNO,18,105,100000,20000000000,43901,4147823,deprecated,0x,,21428422
3633110,1493658856,0xf33f91ad8bfe9b4c07cec0f4f09ea652bbb9d41bc97beaddb76591ceb6a8bfa4,3,0x9e9be73eda00f53430650b09df314a2b4229a783195b7745f79576791600ced5,0x19076bd01e86fa3d76334e27d4b8e6789688a42d,0x6810e776880c02933d47db1b9fc05908e5386b96,0xd996263209b2dfba4bbba5d7f37705dde265116e,85430666666666666595,Gnosis,GNO,18,106,150000,20000000000,43901,4191724,deprecated,0x,,21428422
3633110,1493658856,0xf3651a9b3accaf524e27d148993c4cf75b018952d2852d46013495c20f20e19d,2,0x9e9be73eda00f53430650b09df314a2b4229a783195b7745f79576791600ced5,0x19076bd01e86fa3d76334e27d4b8e6789688a42d,0x6810e776880c02933d47db1b9fc05908e5386b96,0x31a65d64016cea9097e0e2948bb9ae7cbcdb6f97,31827111111111111084,Gnosis,GNO,18,107,60000,20000000000,43901,4235625,deprecated,0x,,21428422
3633111,1493658861,0xd8b00c4a03ac666f365c03f67518abe73b6956224cde543802a2a1c6728cd829,67,0x8b7275d010086fa7c9581c8ef5a0c3d546131afaf07c54606c15aec98b5608b8,0x1d0dcc8d8bcafa8e8502beaeef6cbd49d3affcdc,0x6810e776880c02933d47db1b9fc05908e5386b96,0x45f52b6ca9972c7ea2acd2e0fe8abdf8df7060b6,607224505203459927736,Gnosis,GNO,18,0,3000000,60000000000,1955658,1955658,deprecated,0x84a1f5a5,claimTokensFor(address[] _beneficiaries),21428421
3633111,1493658861,0xd8b00c4a03ac666f365c03f67518abe73b6956224cde543802a2a1c6728cd829,67,0x8b7275d010086fa7c9581c8ef5a0c3d546131afaf07c54606c15aec98b5608b8,0x1d0dcc8d8bcafa8e8502beaeef6cbd49d3affcdc,0x6810e776880c02933d47db1b9fc05908e5386b96,0x004f380364c1f65999de44a5524f0e6add9f8e06,594664444444444443947,Gnosis,GNO,18,0,3000000,60000000000,1955658,1955658,deprecated,0x84a1f5a5,claimTokensFor(address[] _beneficiaries),21428421
3633111,1493658861,0xd8b00c4a03ac666f365c03f67518abe73b6956224cde543802a2a1c6728cd829,67,0x8b7275d010086fa7c9581c8ef5a0c3d546131afaf07c54606c15aec98b5608b8,0x1d0dcc8d8bcafa8e8502beaeef6cbd49d3affcdc,0x6810e776880c02933d47db1b9fc05908e5386b96,0xc402231183643914a1f2cb3fee14de1badc09c95,586288888888888888398,Gnosis,GNO,18,0,3000000,60000000000,1955658,1955658,deprecated,0x84a1f5a5,claimTokensFor(address[] _beneficiaries),21428421
3633111,1493658861,0xd8b00c4a03ac666f365c03f67518abe73b6956224cde543802a2a1c6728cd829,67,0x8b7275d010086fa7c9581c8ef5a0c3d546131afaf07c54606c15aec98b5608b8,0x1d0dcc8d8bcafa8e8502beaeef6cbd49d3affcdc,0x6810e776880c02933d47db1b9fc05908e5386b96,0xf88de87eaa207cf496760aef7cd61cf1d2d12052,552786666666666666204,Gnosis,GNO,18,0,3000000,60000000000,1955658,1955658,deprecated,0x84a1f5a5,claimTokensFor(address[] _beneficiaries),21428421
3633111,1493658861,0xd8b00c4a03ac666f365c03f67518abe73b6956224cde543802a2a1c6728cd829,67,0x8b7275d010086fa7c9581c8ef5a0c3d546131afaf07c54606c15aec98b5608b8,0x1d0dcc8d8bcafa8e8502beaeef6cbd49d3affcdc,0x6810e776880c02933d47db1b9fc05908e5386b96,0x033c321c4cc101ee9f543c3a337cea1adfbf5b6d,547761333333333332875,Gnosis,GNO,18,0,3000000,60000000000,1955658,1955658,deprecated,0x84a1f5a5,claimTokensFor(address[] _beneficiaries),21428421
3633111,1493658861,0xd8b00c4a03ac666f365c03f67518abe73b6956224cde543802a2a1c6728cd829,67,0x8b7275d010086fa7c9581c8ef5a0c3d546131afaf07c54606c15aec98b5608b8,0x1d0dcc8d8bcafa8e8502beaeef6cbd49d3affcdc,0x6810e776880c02933d47db1b9fc05908e5386b96,0x507ee9054fc663d53dbe87b54eb57dc5a103e05c,517609333333333332900,Gnosis,GNO,18,0,3000000,60000000000,1955658,1955658,deprecated,0x84a1f5a5,claimTokensFor(address[] _beneficiaries),21428421
3633111,1493658861,0xd8b00c4a03ac666f365c03f67518abe73b6956224cde543802a2a1c6728cd829,67,0x8b7275d010086fa7c9581c8ef5a0c3d546131afaf07c54606c15aec98b5608b8,0x1d0dcc8d8bcafa8e8502beaeef6cbd49d3affcdc,0x6810e776880c02933d47db1b9fc05908e5386b96,0xf36062d267de1418f87d3372fb9521a114b3bb34,515934222222222221790,Gnosis,GNO,18,0,3000000,60000000000,1955658,1955658,deprecated,0x84a1f5a5,claimTokensFor(address[] _beneficiaries),21428421
3633111,1493658861,0xd8b00c4a03ac666f365c03f67518abe73b6956224cde543802a2a1c6728cd829,67,0x8b7275d010086fa7c9581c8ef5a0c3d546131afaf07c54606c15aec98b5608b8,0x1d0dcc8d8bcafa8e8502beaeef6cbd49d3affcdc,0x6810e776880c02933d47db1b9fc05908e5386b96,0xfd8552d3dafa2495d86c80daa5780e248352abad,502533333333333332912,Gnosis,GNO,18,0,3000000,60000000000,1955658,1955658,deprecated,0x84a1f5a5,claimTokensFor(address[] _beneficiaries),21428421
3633111,1493658861,0xd8b00c4a03ac666f365c03f67518abe73b6956224cde543802a2a1c6728cd829,67,0x8b7275d010086fa7c9581c8ef5a0c3d546131afaf07c54606c15aec98b5608b8,0x1d0dcc8d8bcafa8e8502beaeef6cbd49d3affcdc,0x6810e776880c02933d47db1b9fc05908e5386b96,0xab7deb42caea381effe58e2f669fdefd555db698,1170902666666666665687,Gnosis,GNO,18,0,3000000,60000000000,1955658,1955658,deprecated,0x84a1f5a5,claimTokensFor(address[] _beneficiaries),21428421
3633111,1493658861,0xd8b00c4a03ac666f365c03f67518abe73b6956224cde543802a2a1c6728cd829,67,0x8b7275d010086fa7c9581c8ef5a0c3d546131afaf07c54606c15aec98b5608b8,0x1d0dcc8d8bcafa8e8502beaeef6cbd49d3affcdc,0x6810e776880c02933d47db1b9fc05908e5386b96,0x19420e19db553da4172acfb6e4c906503436ca70,502533333333333332912,Gnosis,GNO,18,0,3000000,60000000000,1955658,1955658,deprecated,0x84a1f5a5,claimTokensFor(address[] _beneficiaries),21428421
3633111,1493658861,0xd8b00c4a03ac666f365c03f67518abe73b6956224cde543802a2a1c6728cd829,67,0x8b7275d010086fa7c9581c8ef5a0c3d546131afaf07c54606c15aec98b5608b8,0x1d0dcc8d8bcafa8e8502beaeef6cbd49d3affcdc,0x6810e776880c02933d47db1b9fc05908e5386b96,0x3e0adee64131c32cbd166983c29c89b787435393,0,Gnosis,GNO,18,0,3000000,60000000000,1955658,1955658,deprecated,0x84a1f5a5,claimTokensFor(address[] _beneficiaries),21428421
3633111,1493658861,0xd8b00c4a03ac666f365c03f67518abe73b6956224cde543802a2a1c6728cd829,67,0x8b7275d010086fa7c9581c8ef5a0c3d546131afaf07c54606c15aec98b5608b8,0x1d0dcc8d8bcafa8e8502beaeef6cbd49d3affcdc,0x6810e776880c02933d47db1b9fc05908e5386b96,0x4d6ae6e909e3b6838e47bcc3a1a51e1267c8f7ed,502533333333333332912,Gnosis,GNO,18,0,3000000,60000000000,1955658,1955658,deprecated,0x84a1f5a5,claimTokensFor(address[] _beneficiaries),21428421
3633111,1493658861,0xd8b00c4a03ac666f365c03f67518abe73b6956224cde543802a2a1c6728cd829,67,0x8b7275d010086fa7c9581c8ef5a0c3d546131afaf07c54606c15aec98b5608b8,0x1d0dcc8d8bcafa8e8502beaeef6cbd49d3affcdc,0x6810e776880c02933d47db1b9fc05908e5386b96,0x30c08e5c232f466eb1add75560045720c2874f5e,502533333333333332912,Gnosis,GNO,18,0,3000000,60000000000,1955658,1955658,deprecated,0x84a1f5a5,claimTokensFor(address[] _beneficiaries),21428421
3633111,1493658861,0xd8b00c4a03ac666f365c03f67518abe73b6956224cde543802a2a1c6728cd829,67,0x8b7275d010086fa7c9581c8ef5a0c3d546131afaf07c54606c15aec98b5608b8,0x1d0dcc8d8bcafa8e8502beaeef6cbd49d3affcdc,0x6810e776880c02933d47db1b9fc05908e5386b96,0x8d02909a554d55bd08815619a0f0a791d7657cc2,497507999999999999583,Gnosis,GNO,18,0,3000000,60000000000,1955658,1955658,deprecated,0x84a1f5a5,claimTokensFor(address[] _beneficiaries),21428421
3633111,1493658861,0xd8b00c4a03ac666f365c03f67518abe73b6956224cde543802a2a1c6728cd829,67,0x8b7275d010086fa7c9581c8ef5a0c3d546131afaf07c54606c15aec98b5608b8,0x1d0dcc8d8bcafa8e8502beaeef6cbd49d3affcdc,0x6810e776880c02933d47db1b9fc05908e5386b96,0xd49e08de882a9c3645c3d625ffb7c0935f611e44,469031111111111110718,Gnosis,GNO,18,0,3000000,60000000000,1955658,1955658,deprecated,0x84a1f5a5,claimTokensFor(address[] _beneficiaries),21428421
3633111,1493658861,0xd8b00c4a03ac666f365c03f67518abe73b6956224cde543802a2a1c6728cd829,67,0x8b7275d010086fa7c9581c8ef5a0c3d546131afaf07c54606c15aec98b5608b8,0x1d0dcc8d8bcafa8e8502beaeef6cbd49d3affcdc,0x6810e776880c02933d47db1b9fc05908e5386b96,0xdefd1a2f02a4b20eaaad582916d88ac4bb0bc238,469031111111111110718,Gnosis,GNO,18,0,3000000,60000000000,1955658,1955658,deprecated,0x84a1f5a5,claimTokensFor(address[] _beneficiaries),21428421
3633111,1493658861,0xd8b00c4a03ac666f365c03f67518abe73b6956224cde543802a2a1c6728cd829,67,0x8b7275d010086fa7c9581c8ef5a0c3d546131afaf07c54606c15aec98b5608b8,0x1d0dcc8d8bcafa8e8502beaeef6cbd49d3affcdc,0x6810e776880c02933d47db1b9fc05908e5386b96,0xff444d471fc26e7165b483cfdf7cb53889122956,577913333333333332849,Gnosis,GNO,18,0,3000000,60000000000,1955658,1955658,deprecated,0x84a1f5a5,claimTokensFor(address[] _beneficiaries),21428421
3633111,1493658861,0xd8b00c4a03ac666f365c03f67518abe73b6956224cde543802a2a1c6728cd829,67,0x8b7275d010086fa7c9581c8ef5a0c3d546131afaf07c54606c15aec98b5608b8,0x1d0dcc8d8bcafa8e8502beaeef6cbd49d3affcdc,0x6810e776880c02933d47db1b9fc05908e5386b96,0x7b4a4ea6b348ab30485db514fbdd17d59539dc99,0,Gnosis,GNO,18,0,3000000,60000000000,1955658,1955658,deprecated,0x84a1f5a5,claimTokensFor(address[] _beneficiaries),21428421
3633111,1493658861,0xd8b00c4a03ac666f365c03f67518abe73b6956224cde543802a2a1c6728cd829,67,0x8b7275d010086fa7c9581c8ef5a0c3d546131afaf07c54606c15aec98b5608b8,0x1d0dcc8d8bcafa8e8502beaeef6cbd49d3affcdc,0x6810e776880c02933d47db1b9fc05908e5386b96,0x12141215a815de1864a88ea938fc41704a86a91c,418777777777777777427,Gnosis,GNO,18,0,3000000,60000000000,1955658,1955658,deprecated,0x84a1f5a5,claimTokensFor(address[] _beneficiaries),21428421
3633111,1493658861,0xd8b00c4a03ac666f365c03f67518abe73b6956224cde543802a2a1c6728cd829,67,0x8b7275d010086fa7c9581c8ef5a0c3d546131afaf07c54606c15aec98b5608b8,0x1d0dcc8d8bcafa8e8502beaeef6cbd49d3affcdc,0x6810e776880c02933d47db1b9fc05908e5386b96,0xca8276c477b4a07b80107b843594189607b53bec,418777777777777777427,Gnosis,GNO,18,0,3000000,60000000000,1955658,1955658,deprecated,0x84a1f5a5,claimTokensFor(address[] _beneficiaries),21428421
3633111,1493658861,0xd8b00c4a03ac666f365c03f67518abe73b6956224cde543802a2a1c6728cd829,67,0x8b7275d010086fa7c9581c8ef5a0c3d546131afaf07c54606c15aec98b5608b8,0x1d0dcc8d8bcafa8e8502beaeef6cbd49d3affcdc,0x6810e776880c02933d47db1b9fc05908e5386b96,0x62c900d6e4280d5afec4a23005b810bd25bce294,413746921459151391831,Gnosis,GNO,18,0,3000000,60000000000,1955658,1955658,deprecated,0x84a1f5a5,claimTokensFor(address[] _beneficiaries),21428421
3633111,1493658861,0xd8b00c4a03ac666f365c03f67518abe73b6956224cde543802a2a1c6728cd829,67,0x8b7275d010086fa7c9581c8ef5a0c3d546131afaf07c54606c15aec98b5608b8,0x1d0dcc8d8bcafa8e8502beaeef6cbd49d3affcdc,0x6810e776880c02933d47db1b9fc05908e5386b96,0xa2d39073a3ed7f6aa476130e2c102867c837960d,360818933333333333031,Gnosis,GNO,18,0,3000000,60000000000,1955658,1955658,deprecated,0x84a1f5a5,claimTokensFor(address[] _beneficiaries),21428421
3633111,1493658861,0xd8b00c4a03ac666f365c03f67518abe73b6956224cde543802a2a1c6728cd829,67,0x8b7275d010086fa7c9581c8ef5a0c3d546131afaf07c54606c15aec98b5608b8,0x1d0dcc8d8bcafa8e8502beaeef6cbd49d3affcdc,0x6810e776880c02933d47db1b9fc05908e5386b96,0x77c5a7084b488a254e7e0643e4bfab831f9239c2,345072888888888888600,Gnosis,GNO,18,0,3000000,60000000000,1955658,1955658,deprecated,0x84a1f5a5,claimTokensFor(address[] _beneficiaries),21428421
3633111,1493658861,0xd8b00c4a03ac666f365c03f67518abe73b6956224cde543802a2a1c6728cd829,67,0x8b7275d010086fa7c9581c8ef5a0c3d546131afaf07c54606c15aec98b5608b8,0x1d0dcc8d8bcafa8e8502beaeef6cbd49d3affcdc,0x6810e776880c02933d47db1b9fc05908e5386b96,0x38425da69b48377405b0dec39464d4f5daa45c9b,341722666666666666380,Gnosis,GNO,18,0,3000000,60000000000,1955658,1955658,deprecated,0x84a1f5a5,claimTokensFor(address[] _beneficiaries),21428421
3633111,1493658861,0xd8b00c4a03ac666f365c03f67518abe73b6956224cde543802a2a1c6728cd829,67,0x8b7275d010086fa7c9581c8ef5a0c3d546131afaf07c54606c15aec98b5608b8,0x1d0dcc8d8bcafa8e8502beaeef6cbd49d3affcdc,0x6810e776880c02933d47db1b9fc05908e5386b96,0xe062133eb8c482ad8c12f2e31618ba37b2b5c0e1,335022222222222221941,Gnosis,GNO,18,0,3000000,60000000000,1955658,1955658,deprecated,0x84a1f5a5,claimTokensFor(address[] _beneficiaries),21428421
3633111,1493658861,0xd8b00c4a03ac666f365c03f67518abe73b6956224cde543802a2a1c6728cd829,67,0x8b7275d010086fa7c9581c8ef5a0c3d546131afaf07c54606c15aec98b5608b8,0x1d0dcc8d8bcafa8e8502beaeef6cbd49d3affcdc,0x6810e776880c02933d47db1b9fc05908e5386b96,0x304f838ab033327083c07935bb914e20eeaa34ff,335022222222222221941,Gnosis,GNO,18,0,3000000,60000000000,1955658,1955658,deprecated,0x84a1f5a5,claimTokensFor(address[] _beneficiaries),21428421
3633111,1493658861,0xd8b00c4a03ac666f365c03f67518abe73b6956224cde543802a2a1c6728cd829,67,0x8b7275d010086fa7c9581c8ef5a0c3d546131afaf07c54606c15aec98b5608b8,0x1d0dcc8d8bcafa8e8502beaeef6cbd49d3affcdc,0x6810e776880c02933d47db1b9fc05908e5386b96,0x0abb22eed04a404358aac7c48f6e269ff2becb61,335022222222222221941,Gnosis,GNO,18,0,3000000,60000000000,1955658,1955658,deprecated,0x84a1f5a5,claimTokensFor(address[] _beneficiaries),21428421
3633111,1493658861,0xd8b00c4a03ac666f365c03f67518abe73b6956224cde543802a2a1c6728cd829,67,0x8b7275d010086fa7c9581c8ef5a0c3d546131afaf07c54606c15aec98b5608b8,0x1d0dcc8d8bcafa8e8502beaeef6cbd49d3affcdc,0x6810e776880c02933d47db1b9fc05908e5386b96,0x615785d7e7c69a4da3bb4ab9527fca31297fde56,335022222222222221941,Gnosis,GNO,18,0,3000000,60000000000,1955658,1955658,deprecated,0x84a1f5a5,claimTokensFor(address[] _beneficiaries),21428421
3633111,1493658861,0xd8b00c4a03ac666f365c03f67518abe73b6956224cde543802a2a1c6728cd829,67,0x8b7275d010086fa7c9581c8ef5a0c3d546131afaf07c54606c15aec98b5608b8,0x1d0dcc8d8bcafa8e8502beaeef6cbd49d3affcdc,0x6810e776880c02933d47db1b9fc05908e5386b96,0xab7deb42caea381effe58e2f669fdefd555db698,0,Gnosis,GNO,18,0,3000000,60000000000,1955658,1955658,deprecated,0x84a1f5a5,claimTokensFor(address[] _beneficiaries),21428421
3633111,1493658861,0xd8b00c4a03ac666f365c03f67518abe73b6956224cde543802a2a1c6728cd829,67,0x8b7275d010086fa7c9581c8ef5a0c3d546131afaf07c54606c15aec98b5608b8,0x1d0dcc8d8bcafa8e8502beaeef6cbd49d3affcdc,0x6810e776880c02933d47db1b9fc05908e5386b96,0xd6fc0446c6a8d40ae3551db7e701d1fa876e4a49,335022222222222221941,Gnosis,GNO,18,0,3000000,60000000000,1955658,1955658,deprecated,0x84a1f5a5,claimTokensFor(address[] _beneficiaries),21428421
3633111,1493658861,0xd8b00c4a03ac666f365c03f67518abe73b6956224cde543802a2a1c6728cd829,67,0x8b7275d010086fa7c9581c8ef5a0c3d546131afaf07c54606c15aec98b5608b8,0x1d0dcc8d8bcafa8e8502beaeef6cbd49d3affcdc,0x6810e776880c02933d47db1b9fc05908e5386b96,0xa41ef618a96046828fba4a83eb00574dabe31b82,335022222222222221941,Gnosis,GNO,18,0,3000000,60000000000,1955658,1955658,deprecated,0x84a1f5a5,claimTokensFor(address[] _beneficiaries),21428421
3633111,1493658861,0xd8b00c4a03ac666f365c03f67518abe73b6956224cde543802a2a1c6728cd829,67,0x8b7275d010086fa7c9581c8ef5a0c3d546131afaf07c54606c15aec98b5608b8,0x1d0dcc8d8bcafa8e8502beaeef6cbd49d3affcdc,0x6810e776880c02933d47db1b9fc05908e5386b96,0xb2070e3c09ace4466ffe821278d3b83cbd3abab8,335022222222222221941,Gnosis,GNO,18,0,3000000,60000000000,1955658,1955658,deprecated,0x84a1f5a5,claimTokensFor(address[] _beneficiaries),21428421
3633111,1493658861,0xd8b00c4a03ac666f365c03f67518abe73b6956224cde543802a2a1c6728cd829,67,0x8b7275d010086fa7c9581c8ef5a0c3d546131afaf07c54606c15aec98b5608b8,0x1d0dcc8d8bcafa8e8502beaeef6cbd49d3affcdc,0x6810e776880c02933d47db1b9fc05908e5386b96,0x147af46ae9ccd18bb35ca01b353b51990e49dce1,335022222222222221941,Gnosis,GNO,18,0,3000000,60000000000,1955658,1955658,deprecated,0x84a1f5a5,claimTokensFor(address[] _beneficiaries),21428421
3633111,1493658861,0xd8b00c4a03ac666f365c03f67518abe73b6956224cde543802a2a1c6728cd829,67,0x8b7275d010086fa7c9581c8ef5a0c3d546131afaf07c54606c15aec98b5608b8,0x1d0dcc8d8bcafa8e8502beaeef6cbd49d3affcdc,0x6810e776880c02933d47db1b9fc05908e5386b96,0xbbcdd4fb030d871be3e2e3bf2199d1e5bdd8573c,335022222222222221941,Gnosis,GNO,18,0,3000000,60000000000,1955658,1955658,deprecated,0x84a1f5a5,claimTokensFor(address[] _beneficiaries),21428421
3633111,1493658861,0xd8b00c4a03ac666f365c03f67518abe73b6956224cde543802a2a1c6728cd829,67,0x8b7275d010086fa7c9581c8ef5a0c3d546131afaf07c54606c15aec98b5608b8,0x1d0dcc8d8bcafa8e8502beaeef6cbd49d3affcdc,0x6810e776880c02933d47db1b9fc05908e5386b96,0x616548549be97f5c9775b37f68960d3249e596cc,335013846666666666386,Gnosis,GNO,18,0,3000000,60000000000,1955658,1955658,deprecated,0x84a1f5a5,claimTokensFor(address[] _beneficiaries),21428421
3633111,1493658861,0xd8b00c4a03ac666f365c03f67518abe73b6956224cde543802a2a1c6728cd829,67,0x8b7275d010086fa7c9581c8ef5a0c3d546131afaf07c54606c15aec98b5608b8,0x1d0dcc8d8bcafa8e8502beaeef6cbd49d3affcdc,0x6810e776880c02933d47db1b9fc05908e5386b96,0xab7deb42caea381effe58e2f669fdefd555db698,0,Gnosis,GNO,18,0,3000000,60000000000,1955658,1955658,deprecated,0x84a1f5a5,claimTokensFor(address[] _beneficiaries),21428421
3633111,1493658861,0xd8b00c4a03ac666f365c03f67518abe73b6956224cde543802a2a1c6728cd829,67,0x8b7275d010086fa7c9581c8ef5a0c3d546131afaf07c54606c15aec98b5608b8,0x1d0dcc8d8bcafa8e8502beaeef6cbd49d3affcdc,0x6810e776880c02933d47db1b9fc05908e5386b96,0xc4bbc68827eb891669e234d09cc3cf7f1d495f35,333347111111111110832,Gnosis,GNO,18,0,3000000,60000000000,1955658,1955658,deprecated,0x84a1f5a5,claimTokensFor(address[] _beneficiaries),21428421
3633111,1493658861,0xd8b00c4a03ac666f365c03f67518abe73b6956224cde543802a2a1c6728cd829,67,0x8b7275d010086fa7c9581c8ef5a0c3d546131afaf07c54606c15aec98b5608b8,0x1d0dcc8d8bcafa8e8502beaeef6cbd49d3affcdc,0x6810e776880c02933d47db1b9fc05908e5386b96,0xe76f5c3bc7597d1051859dea721a670e69290acb,0,Gnosis,GNO,18,0,3000000,60000000000,1955658,1955658,deprecated,0x84a1f5a5,claimTokensFor(address[] _beneficiaries),21428421
3633111,1493658861,0xd8b00c4a03ac666f365c03f67518abe73b6956224cde543802a2a1c6728cd829,67,0x8b7275d010086fa7c9581c8ef5a0c3d546131afaf07c54606c15aec98b5608b8,0x1d0dcc8d8bcafa8e8502beaeef6cbd49d3affcdc,0x6810e776880c02933d47db1b9fc05908e5386b96,0xed0ebe31c7fd65d158267702a0005cc9e8db4d56,318271111111111110844,Gnosis,GNO,18,0,3000000,60000000000,1955658,1955658,deprecated,0x84a1f5a5,claimTokensFor(address[] _beneficiaries),21428421
3633111,1493658861,0xd8b00c4a03ac666f365c03f67518abe73b6956224cde543802a2a1c6728cd829,67,0x8b7275d010086fa7c9581c8ef5a0c3d546131afaf07c54606c15aec98b5608b8,0x1d0dcc8d8bcafa8e8502beaeef6cbd49d3affcdc,0x6810e776880c02933d47db1b9fc05908e5386b96,0x1f0b37c75bbf81e3f11977602b08bde3ba5a82b8,293144444444444444199,Gnosis,GNO,18,0,3000000,60000000000,1955658,1955658,deprecated,0x84a1f5a5,claimTokensFor(address[] _beneficiaries),21428421
3633111,1493658861,0xd8b00c4a03ac666f365c03f67518abe73b6956224cde543802a2a1c6728cd829,67,0x8b7275d010086fa7c9581c8ef5a0c3d546131afaf07c54606c15aec98b5608b8,0x1d0dcc8d8bcafa8e8502beaeef6cbd49d3affcdc,0x6810e776880c02933d47db1b9fc05908e5386b96,0x8b48e19d39dd35b66e6e1bb6b9c657cb2cf59d04,288119111111111110870,Gnosis,GNO,18,0,3000000,60000000000,1955658,1955658,deprecated,0x84a1f5a5,claimTokensFor(address[] _beneficiaries),21428421
3633111,1493658861,0xd8b00c4a03ac666f365c03f67518abe73b6956224cde543802a2a1c6728cd829,67,0x8b7275d010086fa7c9581c8ef5a0c3d546131afaf07c54606c15aec98b5608b8,0x1d0dcc8d8bcafa8e8502beaeef6cbd49d3affcdc,0x6810e776880c02933d47db1b9fc05908e5386b96,0xa0739a1b0f4155231b3c6a789adcc71b991b9444,268156292715555555331,Gnosis,GNO,18,0,3000000,60000000000,1955658,1955658,deprecated,0x84a1f5a5,claimTokensFor(address[] _beneficiaries),21428421
3633111,1493658861,0xd8b00c4a03ac666f365c03f67518abe73b6956224cde543802a2a1c6728cd829,67,0x8b7275d010086fa7c9581c8ef5a0c3d546131afaf07c54606c15aec98b5608b8,0x1d0dcc8d8bcafa8e8502beaeef6cbd49d3affcdc,0x6810e776880c02933d47db1b9fc05908e5386b96,0x23b26cfa49250b8124210618945de539fa400794,267180222222222221998,Gnosis,GNO,18,0,3000000,60000000000,1955658,1955658,deprecated,0x84a1f5a5,claimTokensFor(address[] _beneficiaries),21428421
3633111,1493658861,0xd8b00c4a03ac666f365c03f67518abe73b6956224cde543802a2a1c6728cd829,67,0x8b7275d010086fa7c9581c8ef5a0c3d546131afaf07c54606c15aec98b5608b8,0x1d0dcc8d8bcafa8e8502beaeef6cbd49d3affcdc,0x6810e776880c02933d47db1b9fc05908e5386b96,0xcc29d8a5a6c684c243e073e904519757d942f109,259642222222222222005,Gnosis,GNO,18,0,3000000,60000000000,1955658,1955658,deprecated,0x84a1f5a5,claimTokensFor(address[] _beneficiaries),21428421
3633111,1493658861,0xd8b00c4a03ac666f365c03f67518abe73b6956224cde543802a2a1c6728cd829,67,0x8b7275d010086fa7c9581c8ef5a0c3d546131afaf07c54606c15aec98b5608b8,0x1d0dcc8d8bcafa8e8502beaeef6cbd49d3affcdc,0x6810e776880c02933d47db1b9fc05908e5386b96,0xe38cab6f620e598a081fdd7fcb08ad57a049cbe1,0,Gnosis,GNO,18,0,3000000,60000000000,1955658,1955658,deprecated,0x84a1f5a5,claimTokensFor(address[] _beneficiaries),21428421
3633111,1493658861,0xd8b00c4a03ac666f365c03f67518abe73b6956224cde543802a2a1c6728cd829,67,0x8b7275d010086fa7c9581c8ef5a0c3d546131afaf07c54606c15aec98b5608b8,0x1d0dcc8d8bcafa8e8502beaeef6cbd49d3affcdc,0x6810e776880c02933d47db1b9fc05908e5386b96,0x6ed58413faa7ccf390804fcd0d5864a82128b39e,254616888888888888675,Gnosis,GNO,18,0,3000000,60000000000,1955658,1955658,deprecated,0x84a1f5a5,claimTokensFor(address[] _beneficiaries),21428421
3633111,1493658861,0xd8b00c4a03ac666f365c03f67518abe73b6956224cde543802a2a1c6728cd829,67,0x8b7275d010086fa7c9581c8ef5a0c3d546131afaf07c54606c15aec98b5608b8,0x1d0dcc8d8bcafa8e8502beaeef6cbd49d3affcdc,0x6810e776880c02933d47db1b9fc05908e5386b96,0x22561c5931143536309c17e832587b625c390b9a,251266666666666666456,Gnosis,GNO,18,0,3000000,60000000000,1955658,1955658,deprecated,0x84a1f5a5,claimTokensFor(address[] _beneficiaries),21428421
3633111,1493658861,0xd8b00c4a03ac666f365c03f67518abe73b6956224cde543802a2a1c6728cd829,67,0x8b7275d010086fa7c9581c8ef5a0c3d546131afaf07c54606c15aec98b5608b8,0x1d0dcc8d8bcafa8e8502beaeef6cbd49d3affcdc,0x6810e776880c02933d47db1b9fc05908e5386b96,0xb6e4b1911e94d3229b74d633853c0040708b6e78,251266666666666666456,Gnosis,GNO,18,0,3000000,60000000000,1955658,1955658,deprecated,0x84a1f5a5,claimTokensFor(address[] _beneficiaries),21428421
3633111,1493658861,0xd8b00c4a03ac666f365c03f67518abe73b6956224cde543802a2a1c6728cd829,67,0x8b7275d010086fa7c9581c8ef5a0c3d546131afaf07c54606c15aec98b5608b8,0x1d0dcc8d8bcafa8e8502beaeef6cbd49d3affcdc,0x6810e776880c02933d47db1b9fc05908e5386b96,0x9b1326b3a2054451897d20fca3aa0d17f4dbe32e,502533333333333332912,Gnosis,GNO,18,0,3000000,60000000000,1955658,1955658,deprecated,0x84a1f5a5,claimTokensFor(address[] _beneficiaries),21428421
3633111,1493658861,0xd8b00c4a03ac666f365c03f67518abe73b6956224cde543802a2a1c6728cd829,67,0x8b7275d010086fa7c9581c8ef5a0c3d546131afaf07c54606c15aec98b5608b8,0x1d0dcc8d8bcafa8e8502beaeef6cbd49d3affcdc,0x6810e776880c02933d47db1b9fc05908e5386b96,0xc188f25cf8fae3332eb92cb853db6fcb6aeba9ac,251266666666666666456,Gnosis,GNO,18,0,3000000,60000000000,1955658,1955658,deprecated,0x84a1f5a5,claimTokensFor(address[] _beneficiaries),21428421
3633111,1493658861,0xd8b00c4a03ac666f365c03f67518abe73b6956224cde543802a2a1c6728cd829,67,0x8b7275d010086fa7c9581c8ef5a0c3d546131afaf07c54606c15aec98b5608b8,0x1d0dcc8d8bcafa8e8502beaeef6cbd49d3affcdc,0x6810e776880c02933d47db1b9fc05908e5386b96,0xd5a3c587bfe0f077106a5e2bcfd312c3c0ed7f35,418777777777777777427,Gnosis,GNO,18,0,3000000,60000000000,1955658,1955658,deprecated,0x84a1f5a5,claimTokensFor(address[] _beneficiaries),21428421
3633111,1493658861,0xd8b00c4a03ac666f365c03f67518abe73b6956224cde543802a2a1c6728cd829,67,0x8b7275d010086fa7c9581c8ef5a0c3d546131afaf07c54606c15aec98b5608b8,0x1d0dcc8d8bcafa8e8502beaeef6cbd49d3affcdc,0x6810e776880c02933d47db1b9fc05908e5386b96,0x92fcdb8ac8f0fa2accf8b4bc9b348cc5e8adc002,251266666666666666456,Gnosis,GNO,18,0,3000000,60000000000,1955658,1955658,deprecated,0x84a1f5a5,claimTokensFor(address[] _beneficiaries),21428421
3633111,1493658861,0xd8b00c4a03ac666f365c03f67518abe73b6956224cde543802a2a1c6728cd829,67,0x8b7275d010086fa7c9581c8ef5a0c3d546131afaf07c54606c15aec98b5608b8,0x1d0dcc8d8bcafa8e8502beaeef6cbd49d3affcdc,0x6810e776880c02933d47db1b9fc05908e5386b96,0x1c3d6d41dcb245c11a449ec46c9cf9eb7dada4af,251266666666666666456,Gnosis,GNO,18,0,3000000,60000000000,1955658,1955658,deprecated,0x84a1f5a5,claimTokensFor(address[] _beneficiaries),21428421
3633111,1493658861,0xd8b00c4a03ac666f365c03f67518abe73b6956224cde543802a2a1c6728cd829,67,0x8b7275d010086fa7c9581c8ef5a0c3d546131afaf07c54606c15aec98b5608b8,0x1d0dcc8d8bcafa8e8502beaeef6cbd49d3affcdc,0x6810e776880c02933d47db1b9fc05908e5386b96,0x9b1326b3a2054451897d20fca3aa0d17f4dbe32e,0,Gnosis,GNO,18,0,3000000,60000000000,1955658,1955658,deprecated,0x84a1f5a5,claimTokensFor(address[] _beneficiaries),21428421
3633111,1493658861,0xd8b00c4a03ac666f365c03f67518abe73b6956224cde543802a2a1c6728cd829,67,0x8b7275d010086fa7c9581c8ef5a0c3d546131afaf07c54606c15aec98b5608b8,0x1d0dcc8d8bcafa8e8502beaeef6cbd49d3affcdc,0x6810e776880c02933d47db1b9fc05908e5386b96,0x51351aff27204edf8fa2719afc2826b0b5896391,251266666666666666456,Gnosis,GNO,18,0,3000000,60000000000,1955658,1955658,deprecated,0x84a1f5a5,claimTokensFor(address[] _beneficiaries),21428421
3633111,1493658861,0xd8b00c4a03ac666f365c03f67518abe73b6956224cde543802a2a1c6728cd829,67,0x8b7275d010086fa7c9581c8ef5a0c3d546131afaf07c54606c15aec98b5608b8,0x1d0dcc8d8bcafa8e8502beaeef6cbd49d3affcdc,0x6810e776880c02933d47db1b9fc05908e5386b96,0x56863e1361974acca98ca529ae451f3456b7ba8f,251249915555555555345,Gnosis,GNO,18,0,3000000,60000000000,1955658,1955658,deprecated,0x84a1f5a5,claimTokensFor(address[] _beneficiaries),21428421
3633111,1493658861,0xd8b00c4a03ac666f365c03f67518abe73b6956224cde543802a2a1c6728cd829,67,0x8b7275d010086fa7c9581c8ef5a0c3d546131afaf07c54606c15aec98b5608b8,0x1d0dcc8d8bcafa8e8502beaeef6cbd49d3affcdc,0x6810e776880c02933d47db1b9fc05908e5386b96,0x9ff82dc9e63171e02a80462933631f09034568a4,247078888888888888682,Gnosis,GNO,18,0,3000000,60000000000,1955658,1955658,deprecated,0x84a1f5a5,claimTokensFor(address[] _beneficiaries),21428421
3633111,1493658861,0xd8b00c4a03ac666f365c03f67518abe73b6956224cde543802a2a1c6728cd829,67,0x8b7275d010086fa7c9581c8ef5a0c3d546131afaf07c54606c15aec98b5608b8,0x1d0dcc8d8bcafa8e8502beaeef6cbd49d3affcdc,0x6810e776880c02933d47db1b9fc05908e5386b96,0xb24e9d2980e935901db5803bc8c5aa9c0fd4f24c,236860711111111110912,Gnosis,GNO,18,0,3000000,60000000000,1955658,1955658,deprecated,0x84a1f5a5,claimTokensFor(address[] _beneficiaries),21428421
3633111,1493658861,0xd8b00c4a03ac666f365c03f67518abe73b6956224cde543802a2a1c6728cd829,67,0x8b7275d010086fa7c9581c8ef5a0c3d546131afaf07c54606c15aec98b5608b8,0x1d0dcc8d8bcafa8e8502beaeef6cbd49d3affcdc,0x6810e776880c02933d47db1b9fc05908e5386b96,0xf215d02676461a0132fe58fa3a8d742922c088b9,234515555555555555359,Gnosis,GNO,18,0,3000000,60000000000,1955658,1955658,deprecated,0x84a1f5a5,claimTokensFor(address[] _beneficiaries),21428421
3633111,1493658861,0xd8b00c4a03ac666f365c03f67518abe73b6956224cde543802a2a1c6728cd829,67,0x8b7275d010086fa7c9581c8ef5a0c3d546131afaf07c54606c15aec98b5608b8,0x1d0dcc8d8bcafa8e8502beaeef6cbd49d3affcdc,0x6810e776880c02933d47db1b9fc05908e5386b96,0x6810e776880c02933d47db1b9fc05908e5386b96,439046622222222221854,Gnosis,GNO,18,0,3000000,60000000000,1955658,1955658,deprecated,0x84a1f5a5,claimTokensFor(address[] _beneficiaries),21428421
3633111,1493658861,0xd8b00c4a03ac666f365c03f67518abe73b6956224cde543802a2a1c6728cd829,67,0x8b7275d010086fa7c9581c8ef5a0c3d546131afaf07c54606c15aec98b5608b8,0x1d0dcc8d8bcafa8e8502beaeef6cbd49d3affcdc,0x6810e776880c02933d47db1b9fc05908e5386b96,0x5b14da705f9795170638c7da7cc02753658e84cb,224464888888888888701,Gnosis,GNO,18,0,3000000,60000000000,1955658,1955658,deprecated,0x84a1f5a5,claimTokensFor(address[] _beneficiaries),21428421
3633111,1493658861,0xd8b00c4a03ac666f365c03f67518abe73b6956224cde543802a2a1c6728cd829,67,0x8b7275d010086fa7c9581c8ef5a0c3d546131afaf07c54606c15aec98b5608b8,0x1d0dcc8d8bcafa8e8502beaeef6cbd49d3affcdc,0x6810e776880c02933d47db1b9fc05908e5386b96,0xf5e89e2e1e0a23bc1373f8af3620e7937c005e2a,222639017777777777591,Gnosis,GNO,18,0,3000000,60000000000,1955658,1955658,deprecated,0x84a1f5a5,claimTokensFor(address[] _beneficiaries),21428421
3633111,1493658861,0xd8b00c4a03ac666f365c03f67518abe73b6956224cde543802a2a1c6728cd829,67,0x8b7275d010086fa7c9581c8ef5a0c3d546131afaf07c54606c15aec98b5608b8,0x1d0dcc8d8bcafa8e8502beaeef6cbd49d3affcdc,0x6810e776880c02933d47db1b9fc05908e5386b96,0x5359df82e81a045e2289828754edbc5d398d6526,221114666666666666481,Gnosis,GNO,18,0,3000000,60000000000,1955658,1955658,deprecated,0x84a1f5a5,claimTokensFor(address[] _beneficiaries),21428421
3633111,1493658861,0xd8b00c4a03ac666f365c03f67518abe73b6956224cde543802a2a1c6728cd829,67,0x8b7275d010086fa7c9581c8ef5a0c3d546131afaf07c54606c15aec98b5608b8,0x1d0dcc8d8bcafa8e8502beaeef6cbd49d3affcdc,0x6810e776880c02933d47db1b9fc05908e5386b96,0x8424b83d1e332c75d2709a4cb8a9c30fec523d7b,216926888888888888707,Gnosis,GNO,18,0,3000000,60000000000,1955658,1955658,deprecated,0x84a1f5a5,claimTokensFor(address[] _beneficiaries),21428421
3633111,1493658861,0xd8b00c4a03ac666f365c03f67518abe73b6956224cde543802a2a1c6728cd829,67,0x8b7275d010086fa7c9581c8ef5a0c3d546131afaf07c54606c15aec98b5608b8,0x1d0dcc8d8bcafa8e8502beaeef6cbd49d3affcdc,0x6810e776880c02933d47db1b9fc05908e5386b96,0x5b6df2b58d09e2ff118b7fe5c1bb939efee7c436,212739111111111110933,Gnosis,GNO,18,0,3000000,60000000000,1955658,1955658,deprecated,0x84a1f5a5,claimTokensFor(address[] _beneficiaries),21428421
3633111,1493658861,0xd8b00c4a03ac666f365c03f67518abe73b6956224cde543802a2a1c6728cd829,67,0x8b7275d010086fa7c9581c8ef5a0c3d546131afaf07c54606c15aec98b5608b8,0x1d0dcc8d8bcafa8e8502beaeef6cbd49d3affcdc,0x6810e776880c02933d47db1b9fc05908e5386b96,0x2863ac14594f219b3f651882d5b6d25c9a6d4456,212739111111111110933,Gnosis,GNO,18,0,3000000,60000000000,1955658,1955658,deprecated,0x84a1f5a5,claimTokensFor(address[] _beneficiaries),21428421
3633111,1493658861,0xd8b00c4a03ac666f365c03f67518abe73b6956224cde543802a2a1c6728cd829,67,0x8b7275d010086fa7c9581c8ef5a0c3d546131afaf07c54606c15aec98b5608b8,0x1d0dcc8d8bcafa8e8502beaeef6cbd49d3affcdc,0x6810e776880c02933d47db1b9fc05908e5386b96,0xce09fd3e23b65bad12809190a19b6bfcffd48c35,209388888888888888713,Gnosis,GNO,18,0,3000000,60000000000,1955658,1955658,deprecated,0x84a1f5a5,claimTokensFor(address[] _beneficiaries),21428421
3633111,1493658861,0xd8b00c4a03ac666f365c03f67518abe73b6956224cde543802a2a1c6728cd829,67,0x8b7275d010086fa7c9581c8ef5a0c3d546131afaf07c54606c15aec98b5608b8,0x1d0dcc8d8bcafa8e8502beaeef6cbd49d3affcdc,0x6810e776880c02933d47db1b9fc05908e5386b96,0x00c361f11d11fb796d517f5b383efe16eb38c828,201023584116952984476,Gnosis,GNO,18,0,3000000,60000000000,1955658,1955658,deprecated,0x84a1f5a5,claimTokensFor(address[] _beneficiaries),21428421
3633111,1493658861,0xd8b00c4a03ac666f365c03f67518abe73b6956224cde543802a2a1c6728cd829,67,0x8b7275d010086fa7c9581c8ef5a0c3d546131afaf07c54606c15aec98b5608b8,0x1d0dcc8d8bcafa8e8502beaeef6cbd49d3affcdc,0x6810e776880c02933d47db1b9fc05908e5386b96,0xca852a1fbd35b557c221166f8e75ab714d01fb9d,251266666666666666456,Gnosis,GNO,18,0,3000000,60000000000,1955658,1955658,deprecated,0x84a1f5a5,claimTokensFor(address[] _beneficiaries),21428421
3633111,1493658861,0xd8b00c4a03ac666f365c03f67518abe73b6956224cde543802a2a1c6728cd829,67,0x8b7275d010086fa7c9581c8ef5a0c3d546131afaf07c54606c15aec98b5608b8,0x1d0dcc8d8bcafa8e8502beaeef6cbd49d3affcdc,0x6810e776880c02933d47db1b9fc05908e5386b96,0x543de9fe1fd12e6245d56252aa7d480480ff4a56,201013333333333333165,Gnosis,GNO,18,0,3000000,60000000000,1955658,1955658,deprecated,0x84a1f5a5,claimTokensFor(address[] _beneficiaries),21428421
3633111,1493658861,0xd8b00c4a03ac666f365c03f67518abe73b6956224cde543802a2a1c6728cd829,67,0x8b7275d010086fa7c9581c8ef5a0c3d546131afaf07c54606c15aec98b5608b8,0x1d0dcc8d8bcafa8e8502beaeef6cbd49d3affcdc,0x6810e776880c02933d47db1b9fc05908e5386b96,0x4b1117f5a39a1001cd0a19bc926e1765fbf3f346,201013333333333333165,Gnosis,GNO,18,0,3000000,60000000000,1955658,1955658,deprecated,0x84a1f5a5,claimTokensFor(address[] _beneficiaries),21428421
3633111,1493658861,0xd8b00c4a03ac666f365c03f67518abe73b6956224cde543802a2a1c6728cd829,67,0x8b7275d010086fa7c9581c8ef5a0c3d546131afaf07c54606c15aec98b5608b8,0x1d0dcc8d8bcafa8e8502beaeef6cbd49d3affcdc,0x6810e776880c02933d47db1b9fc05908e5386b96,0x3833f8dbdbd6bdcb6a883ff209b869148965b364,201013333333333333165,Gnosis,GNO,18,0,3000000,60000000000,1955658,1955658,deprecated,0x84a1f5a5,claimTokensFor(address[] _beneficiaries),21428421
3633111,1493658861,0xd8b00c4a03ac666f365c03f67518abe73b6956224cde543802a2a1c6728cd829,67,0x8b7275d010086fa7c9581c8ef5a0c3d546131afaf07c54606c15aec98b5608b8,0x1d0dcc8d8bcafa8e8502beaeef6cbd49d3affcdc,0x6810e776880c02933d47db1b9fc05908e5386b96,0xede786582a4370860b02fff3caeb41c24f709069,193810355555555555393,Gnosis,GNO,18,0,3000000,60000000000,1955658,1955658,deprecated,0x84a1f5a5,claimTokensFor(address[] _beneficiaries),21428421
3633111,1493658861,0xd8b00c4a03ac666f365c03f67518abe73b6956224cde543802a2a1c6728cd829,67,0x8b7275d010086fa7c9581c8ef5a0c3d546131afaf07c54606c15aec98b5608b8,0x1d0dcc8d8bcafa8e8502beaeef6cbd49d3affcdc,0x6810e776880c02933d47db1b9fc05908e5386b96,0xa17070c2e9c5a940a4ec0e4954c4d7d643be8f49,351773333333333333039,Gnosis,GNO,18,0,3000000,60000000000,1955658,1955658,deprecated,0x84a1f5a5,claimTokensFor(address[] _beneficiaries),21428421
3633111,1493658861,0xd8b00c4a03ac666f365c03f67518abe73b6956224cde543802a2a1c6728cd829,67,0x8b7275d010086fa7c9581c8ef5a0c3d546131afaf07c54606c15aec98b5608b8,0x1d0dcc8d8bcafa8e8502beaeef6cbd49d3affcdc,0x6810e776880c02933d47db1b9fc05908e5386b96,0xc4a69fbf4511a1377161834cb7a3b8766953db02,182587111111111110958,Gnosis,GNO,18,0,3000000,60000000000,1955658,1955658,deprecated,0x84a1f5a5,claimTokensFor(address[] _beneficiaries),21428421
3633112,1493658865,0x488628f4a780e5ae620031e1b72afcda07b7b2da9f5fbc18ddb1076288893542,7,0x01ff954650d319341cf59967a9331818d1ff49c9e26bcb50c2b3c3704edc1e11,0x1d0dcc8d8bcafa8e8502beaeef6cbd49d3affcdc,0x6810e776880c02933d47db1b9fc05908e5386b96,0xda5c805cfcf76ccc44ba616e0898ef1e33286063,0,Gnosis,GNO,18,0,200000,80000000000,81837,81837,deprecated,0x30b66cee,claimProxy(),21428420
3633113,1493658880,0x44fb7c2d88f731336acca53de9ca276d2dbb0be355e2b36f9ab64d0ca21c1c89,68,0xb0d878f4bd38207a70b3e3750f0c10e64297b19ae32e1106dfad6c262a96c8dc,0x1d0dcc8d8bcafa8e8502beaeef6cbd49d3affcdc,0x6810e776880c02933d47db1b9fc05908e5386b96,0xe45c91bd0c37d4fcce88400626c4e2caad41cb19,178437693377777777628,Gnosis,GNO,18,0,3000000,60000000000,1955722,1955722,deprecated,0x84a1f5a5,claimTokensFor(address[] _beneficiaries),21428419
3633113,1493658880,0x44fb7c2d88f731336acca53de9ca276d2dbb0be355e2b36f9ab64d0ca21c1c89,68,0xb0d878f4bd38207a70b3e3750f0c10e64297b19ae32e1106dfad6c262a96c8dc,0x1d0dcc8d8bcafa8e8502beaeef6cbd49d3affcdc,0x6810e776880c02933d47db1b9fc05908e5386b96,0xf2971121acbd3c3d0d2af857a504337a22f41b84,184262222222222222068,Gnosis,GNO,18,0,3000000,60000000000,1955722,1955722,deprecated,0x84a1f5a5,claimTokensFor(address[] _beneficiaries),21428419
3633113,1493658880,0x44fb7c2d88f731336acca53de9ca276d2dbb0be355e2b36f9ab64d0ca21c1c89,68,0xb0d878f4bd38207a70b3e3750f0c10e64297b19ae32e1106dfad6c262a96c8dc,0x1d0dcc8d8bcafa8e8502beaeef6cbd49d3affcdc,0x6810e776880c02933d47db1b9fc05908e5386b96,0x977c827a997e6cb67e70daeaa7145b17d0cb8bda,168885031163791110969,Gnosis,GNO,18,0,3000000,60000000000,1955722,1955722,deprecated,0x84a1f5a5,claimTokensFor(address[] _beneficiaries),21428419
3633113,1493658880,0x44fb7c2d88f731336acca53de9ca276d2dbb0be355e2b36f9ab64d0ca21c1c89,68,0xb0d878f4bd38207a70b3e3750f0c10e64297b19ae32e1106dfad6c262a96c8dc,0x1d0dcc8d8bcafa8e8502beaeef6cbd49d3affcdc,0x6810e776880c02933d47db1b9fc05908e5386b96,0xa17070c2e9c5a940a4ec0e4954c4d7d643be8f49,0,Gnosis,GNO,18,0,3000000,60000000000,1955722,1955722,deprecated,0x84a1f5a5,claimTokensFor(address[] _beneficiaries),21428419
3633113,1493658880,0x44fb7c2d88f731336acca53de9ca276d2dbb0be355e2b36f9ab64d0ca21c1c89,68,0xb0d878f4bd38207a70b3e3750f0c10e64297b19ae32e1106dfad6c262a96c8dc,0x1d0dcc8d8bcafa8e8502beaeef6cbd49d3affcdc,0x6810e776880c02933d47db1b9fc05908e5386b96,0x2ecd81e43c1f66185446f4af7dfeaa6aae249f55,0,Gnosis,GNO,18,0,3000000,60000000000,1955722,1955722,deprecated,0x84a1f5a5,claimTokensFor(address[] _beneficiaries),21428419
3633113,1493658880,0x44fb7c2d88f731336acca53de9ca276d2dbb0be355e2b36f9ab64d0ca21c1c89,68,0xb0d878f4bd38207a70b3e3750f0c10e64297b19ae32e1106dfad6c262a96c8dc,0x1d0dcc8d8bcafa8e8502beaeef6cbd49d3affcdc,0x6810e776880c02933d47db1b9fc05908e5386b96,0x91edb106cf208515c51511e9cd68df20f10ae127,167511111111111110970,Gnosis,GNO,18,0,3000000,60000000000,1955722,1955722,deprecated,0x84a1f5a5,claimTokensFor(address[] _beneficiaries),21428419
3633113,1493658880,0x44fb7c2d88f731336acca53de9ca276d2dbb0be355e2b36f9ab64d0ca21c1c89,68,0xb0d878f4bd38207a70b3e3750f0c10e64297b19ae32e1106dfad6c262a96c8dc,0x1d0dcc8d8bcafa8e8502beaeef6cbd49d3affcdc,0x6810e776880c02933d47db1b9fc05908e5386b96,0x4b53a18477025a1bc83d4736a786240510f73074,167511111111111110970,Gnosis,GNO,18,0,3000000,60000000000,1955722,1955722,deprecated,0x84a1f5a5,claimTokensFor(address[] _beneficiaries),21428419
3633113,1493658880,0x44fb7c2d88f731336acca53de9ca276d2dbb0be355e2b36f9ab64d0ca21c1c89,68,0xb0d878f4bd38207a70b3e3750f0c10e64297b19ae32e1106dfad6c262a96c8dc,0x1d0dcc8d8bcafa8e8502beaeef6cbd49d3affcdc,0x6810e776880c02933d47db1b9fc05908e5386b96,0x00e307428042dc831229c0a4d74edc21d4ca8bc6,167511111111111110970,Gnosis,GNO,18,0,3000000,60000000000,1955722,1955722,deprecated,0x84a1f5a5,claimTokensFor(address[] _beneficiaries),21428419
3633113,1493658880,0x44fb7c2d88f731336acca53de9ca276d2dbb0be355e2b36f9ab64d0ca21c1c89,68,0xb0d878f4bd38207a70b3e3750f0c10e64297b19ae32e1106dfad6c262a96c8dc,0x1d0dcc8d8bcafa8e8502beaeef6cbd49d3affcdc,0x6810e776880c02933d47db1b9fc05908e5386b96,0x10d13ec5a7893702e3474bca0ecd708bd9e203f0,335859777777777777496,Gnosis,GNO,18,0,3000000,60000000000,1955722,1955722,deprecated,0x84a1f5a5,claimTokensFor(address[] _beneficiaries),21428419
3633113,1493658880,0x44fb7c2d88f731336acca53de9ca276d2dbb0be355e2b36f9ab64d0ca21c1c89,68,0xb0d878f4bd38207a70b3e3750f0c10e64297b19ae32e1106dfad6c262a96c8dc,0x1d0dcc8d8bcafa8e8502beaeef6cbd49d3affcdc,0x6810e776880c02933d47db1b9fc05908e5386b96,0x9c344098ba615a398f11d009905b177c44a7b602,167511111111111110970,Gnosis,GNO,18,0,3000000,60000000000,1955722,1955722,deprecated,0x84a1f5a5,claimTokensFor(address[] _beneficiaries),21428419
3633113,1493658880,0x44fb7c2d88f731336acca53de9ca276d2dbb0be355e2b36f9ab64d0ca21c1c89,68,0xb0d878f4bd38207a70b3e3750f0c10e64297b19ae32e1106dfad6c262a96c8dc,0x1d0dcc8d8bcafa8e8502beaeef6cbd49d3affcdc,0x6810e776880c02933d47db1b9fc05908e5386b96,0x588cca135c58f98a1f75eafe4e8277a22eb6daba,670044444444444443883,Gnosis,GNO,18,0,3000000,60000000000,1955722,1955722,deprecated,0x84a1f5a5,claimTokensFor(address[] _beneficiaries),21428419
3633113,1493658880,0x44fb7c2d88f731336acca53de9ca276d2dbb0be355e2b36f9ab64d0ca21c1c89,68,0xb0d878f4bd38207a70b3e3750f0c10e64297b19ae32e1106dfad6c262a96c8dc,0x1d0dcc8d8bcafa8e8502beaeef6cbd49d3affcdc,0x6810e776880c02933d47db1b9fc05908e5386b96,0x6abdc251e5e99b628ea4261d178e2661f59b90ea,167511111111111110970,Gnosis,GNO,18,0,3000000,60000000000,1955722,1955722,deprecated,0x84a1f5a5,claimTokensFor(address[] _beneficiaries),21428419
3633113,1493658880,0x44fb7c2d88f731336acca53de9ca276d2dbb0be355e2b36f9ab64d0ca21c1c89,68,0xb0d878f4bd38207a70b3e3750f0c10e64297b19ae32e1106dfad6c262a96c8dc,0x1d0dcc8d8bcafa8e8502beaeef6cbd49d3affcdc,0x6810e776880c02933d47db1b9fc05908e5386b96,0x9d152caa8d5a684471966a65e179170bcb6ad6ef,335022222222222221941,Gnosis,GNO,18,0,3000000,60000000000,1955722,1955722,deprecated,0x84a1f5a5,claimTokensFor(address[] _beneficiaries),21428419
3633113,1493658880,0x44fb7c2d88f731336acca53de9ca276d2dbb0be355e2b36f9ab64d0ca21c1c89,68,0xb0d878f4bd38207a70b3e3750f0c10e64297b19ae32e1106dfad6c262a96c8dc,0x1d0dcc8d8bcafa8e8502beaeef6cbd49d3affcdc,0x6810e776880c02933d47db1b9fc05908e5386b96,0x5e7cfebd2c7d4ec7734dbea41fc37f85871ee7c9,0,Gnosis,GNO,18,0,3000000,60000000000,1955722,1955722,deprecated,0x84a1f5a5,claimTokensFor(address[] _beneficiaries),21428419
3633113,1493658880,0x44fb7c2d88f731336acca53de9ca276d2dbb0be355e2b36f9ab64d0ca21c1c89,68,0xb0d878f4bd38207a70b3e3750f0c10e64297b19ae32e1106dfad6c262a96c8dc,0x1d0dcc8d8bcafa8e8502beaeef6cbd49d3affcdc,0x6810e776880c02933d47db1b9fc05908e5386b96,0x17adc60aafd57f50374f72d7deed1c6e660becae,167511111111111110970,Gnosis,GNO,18,0,3000000,60000000000,1955722,1955722,deprecated,0x84a1f5a5,claimTokensFor(address[] _beneficiaries),21428419
3633113,1493658880,0x44fb7c2d88f731336acca53de9ca276d2dbb0be355e2b36f9ab64d0ca21c1c89,68,0xb0d878f4bd38207a70b3e3750f0c10e64297b19ae32e1106dfad6c262a96c8dc,0x1d0dcc8d8bcafa8e8502beaeef6cbd49d3affcdc,0x6810e776880c02933d47db1b9fc05908e5386b96,0x10d13ec5a7893702e3474bca0ecd708bd9e203f0,0,Gnosis,GNO,18,0,3000000,60000000000,1955722,1955722,deprecated,0x84a1f5a5,claimTokensFor(address[] _beneficiaries),21428419
3633113,1493658880,0x44fb7c2d88f731336acca53de9ca276d2dbb0be355e2b36f9ab64d0ca21c1c89,68,0xb0d878f4bd38207a70b3e3750f0c10e64297b19ae32e1106dfad6c262a96c8dc,0x1d0dcc8d8bcafa8e8502beaeef6cbd49d3affcdc,0x6810e776880c02933d47db1b9fc05908e5386b96,0xc74d606be47e9376bbe9f42937291ddc42266096,167511111111111110970,Gnosis,GNO,18,0,3000000,60000000000,1955722,1955722,deprecated,0x84a1f5a5,claimTokensFor(address[] _beneficiaries),21428419
3633113,1493658880,0x44fb7c2d88f731336acca53de9ca276d2dbb0be355e2b36f9ab64d0ca21c1c89,68,0xb0d878f4bd38207a70b3e3750f0c10e64297b19ae32e1106dfad6c262a96c8dc,0x1d0dcc8d8bcafa8e8502beaeef6cbd49d3affcdc,0x6810e776880c02933d47db1b9fc05908e5386b96,0x588cca135c58f98a1f75eafe4e8277a22eb6daba,0,Gnosis,GNO,18,0,3000000,60000000000,1955722,1955722,deprecated,0x84a1f5a5,claimTokensFor(address[] _beneficiaries),21428419
3633113,1493658880,0x44fb7c2d88f731336acca53de9ca276d2dbb0be355e2b36f9ab64d0ca21c1c89,68,0xb0d878f4bd38207a70b3e3750f0c10e64297b19ae32e1106dfad6c262a96c8dc,0x1d0dcc8d8bcafa8e8502beaeef6cbd49d3affcdc,0x6810e776880c02933d47db1b9fc05908e5386b96,0xf6dd631279377205818c3a6725eeefb9d0f6b9f3,167511111111111110970,Gnosis,GNO,18,0,3000000,60000000000,1955722,1955722,deprecated,0x84a1f5a5,claimTokensFor(address[] _beneficiaries),21428419
3633113,1493658880,0x44fb7c2d88f731336acca53de9ca276d2dbb0be355e2b36f9ab64d0ca21c1c89,68,0xb0d878f4bd38207a70b3e3750f0c10e64297b19ae32e1106dfad6c262a96c8dc,0x1d0dcc8d8bcafa8e8502beaeef6cbd49d3affcdc,0x6810e776880c02933d47db1b9fc05908e5386b96,0xe79287c71913184170708887352f9146b56ce795,167511111111111110970,Gnosis,GNO,18,0,3000000,60000000000,1955722,1955722,deprecated,0x84a1f5a5,claimTokensFor(address[] _beneficiaries),21428419
3633113,1493658880,0x44fb7c2d88f731336acca53de9ca276d2dbb0be355e2b36f9ab64d0ca21c1c89,68,0xb0d878f4bd38207a70b3e3750f0c10e64297b19ae32e1106dfad6c262a96c8dc,0x1d0dcc8d8bcafa8e8502beaeef6cbd49d3affcdc,0x6810e776880c02933d47db1b9fc05908e5386b96,0x703d4b816bf5c4798fd742bb84371285097ea849,167511111111111110970,Gnosis,GNO,18,0,3000000,60000000000,1955722,1955722,deprecated,0x84a1f5a5,claimTokensFor(address[] _beneficiaries),21428419
3633113,1493658880,0x44fb7c2d88f731336acca53de9ca276d2dbb0be355e2b36f9ab64d0ca21c1c89,68,0xb0d878f4bd38207a70b3e3750f0c10e64297b19ae32e1106dfad6c262a96c8dc,0x1d0dcc8d8bcafa8e8502beaeef6cbd49d3affcdc,0x6810e776880c02933d47db1b9fc05908e5386b96,0x5e7cfebd2c7d4ec7734dbea41fc37f85871ee7c9,0,Gnosis,GNO,18,0,3000000,60000000000,1955722,1955722,deprecated,0x84a1f5a5,claimTokensFor(address[] _beneficiaries),21428419
3633113,1493658880,0x44fb7c2d88f731336acca53de9ca276d2dbb0be355e2b36f9ab64d0ca21c1c89,68,0xb0d878f4bd38207a70b3e3750f0c10e64297b19ae32e1106dfad6c262a96c8dc,0x1d0dcc8d8bcafa8e8502beaeef6cbd49d3affcdc,0x6810e776880c02933d47db1b9fc05908e5386b96,0xb8a205399ff41145cf45c914b990befd125e581c,0,Gnosis,GNO,18,0,3000000,60000000000,1955722,1955722,deprecated,0x84a1f5a5,claimTokensFor(address[] _beneficiaries),21428419
3633113,1493658880,0x44fb7c2d88f731336acca53de9ca276d2dbb0be355e2b36f9ab64d0ca21c1c89,68,0xb0d878f4bd38207a70b3e3750f0c10e64297b19ae32e1106dfad6c262a96c8dc,0x1d0dcc8d8bcafa8e8502beaeef6cbd49d3affcdc,0x6810e776880c02933d47db1b9fc05908e5386b96,0xbf7571b900839fa871e6f6efbbfd238eaa502735,167511111111111110970,Gnosis,GNO,18,0,3000000,60000000000,1955722,1955722,deprecated,0x84a1f5a5,claimTokensFor(address[] _beneficiaries),21428419
3633113,1493658880,0x44fb7c2d88f731336acca53de9ca276d2dbb0be355e2b36f9ab64d0ca21c1c89,68,0xb0d878f4bd38207a70b3e3750f0c10e64297b19ae32e1106dfad6c262a96c8dc,0x1d0dcc8d8bcafa8e8502beaeef6cbd49d3affcdc,0x6810e776880c02933d47db1b9fc05908e5386b96,0x3179002cfcd5c4f65e7a8ed5ef27d1d1106cc673,167511111111111110970,Gnosis,GNO,18,0,3000000,60000000000,1955722,1955722,deprecated,0x84a1f5a5,claimTokensFor(address[] _beneficiaries),21428419
3633113,1493658880,0x44fb7c2d88f731336acca53de9ca276d2dbb0be355e2b36f9ab64d0ca21c1c89,68,0xb0d878f4bd38207a70b3e3750f0c10e64297b19ae32e1106dfad6c262a96c8dc,0x1d0dcc8d8bcafa8e8502beaeef6cbd49d3affcdc,0x6810e776880c02933d47db1b9fc05908e5386b96,0x07f35b7fe735c49fd5051d5a0c2e74c9177fea6d,167511111111111110970,Gnosis,GNO,18,0,3000000,60000000000,1955722,1955722,deprecated,0x84a1f5a5,claimTokensFor(address[] _beneficiaries),21428419
3633113,1493658880,0x44fb7c2d88f731336acca53de9ca276d2dbb0be355e2b36f9ab64d0ca21c1c89,68,0xb0d878f4bd38207a70b3e3750f0c10e64297b19ae32e1106dfad6c262a96c8dc,0x1d0dcc8d8bcafa8e8502beaeef6cbd49d3affcdc,0x6810e776880c02933d47db1b9fc05908e5386b96,0x0e9153899ef3c1982df86555deccaa8ff88057cb,229490222222222222030,Gnosis,GNO,18,0,3000000,60000000000,1955722,1955722,deprecated,0x84a1f5a5,claimTokensFor(address[] _beneficiaries),21428419
3633113,1493658880,0x44fb7c2d88f731336acca53de9ca276d2dbb0be355e2b36f9ab64d0ca21c1c89,68,0xb0d878f4bd38207a70b3e3750f0c10e64297b19ae32e1106dfad6c262a96c8dc,0x1d0dcc8d8bcafa8e8502beaeef6cbd49d3affcdc,0x6810e776880c02933d47db1b9fc05908e5386b96,0xc2f04df706f3ff396083ec231d65b7155da076d7,167511111111111110970,Gnosis,GNO,18,0,3000000,60000000000,1955722,1955722,deprecated,0x84a1f5a5,claimTokensFor(address[] _beneficiaries),21428419
3633113,1493658880,0x44fb7c2d88f731336acca53de9ca276d2dbb0be355e2b36f9ab64d0ca21c1c89,68,0xb0d878f4bd38207a70b3e3750f0c10e64297b19ae32e1106dfad6c262a96c8dc,0x1d0dcc8d8bcafa8e8502beaeef6cbd49d3affcdc,0x6810e776880c02933d47db1b9fc05908e5386b96,0x9cc5b4dd8d672da071ebb69a789956b54b820525,167511111111111110970,Gnosis,GNO,18,0,3000000,60000000000,1955722,1955722,deprecated,0x84a1f5a5,claimTokensFor(address[] _beneficiaries),21428419
3633113,1493658880,0x44fb7c2d88f731336acca53de9ca276d2dbb0be355e2b36f9ab64d0ca21c1c89,68,0xb0d878f4bd38207a70b3e3750f0c10e64297b19ae32e1106dfad6c262a96c8dc,0x1d0dcc8d8bcafa8e8502beaeef6cbd49d3affcdc,0x6810e776880c02933d47db1b9fc05908e5386b96,0xd5a3c587bfe0f077106a5e2bcfd312c3c0ed7f35,0,Gnosis,GNO,18,0,3000000,60000000000,1955722,1955722,deprecated,0x84a1f5a5,claimTokensFor(address[] _beneficiaries),21428419
3633113,1493658880,0x44fb7c2d88f731336acca53de9ca276d2dbb0be355e2b36f9ab64d0ca21c1c89,68,0xb0d878f4bd38207a70b3e3750f0c10e64297b19ae32e1106dfad6c262a96c8dc,0x1d0dcc8d8bcafa8e8502beaeef6cbd49d3affcdc,0x6810e776880c02933d47db1b9fc05908e5386b96,0x9d152caa8d5a684471966a65e179170bcb6ad6ef,0,Gnosis,GNO,18,0,3000000,60000000000,1955722,1955722,deprecated,0x84a1f5a5,claimTokensFor(address[] _beneficiaries),21428419
3633113,1493658880,0x44fb7c2d88f731336acca53de9ca276d2dbb0be355e2b36f9ab64d0ca21c1c89,68,0xb0d878f4bd38207a70b3e3750f0c10e64297b19ae32e1106dfad6c262a96c8dc,0x1d0dcc8d8bcafa8e8502beaeef6cbd49d3affcdc,0x6810e776880c02933d47db1b9fc05908e5386b96,0x76628150e2995b5b279fc83e0dd5f102a671dd1c,0,Gnosis,GNO,18,0,3000000,60000000000,1955722,1955722,deprecated,0x84a1f5a5,claimTokensFor(address[] _beneficiaries),21428419
3633113,1493658880,0x44fb7c2d88f731336acca53de9ca276d2dbb0be355e2b36f9ab64d0ca21c1c89,68,0xb0d878f4bd38207a70b3e3750f0c10e64297b19ae32e1106dfad6c262a96c8dc,0x1d0dcc8d8bcafa8e8502beaeef6cbd49d3affcdc,0x6810e776880c02933d47db1b9fc05908e5386b96,0x7d3ee77db24e2f62667b116969a92d248bcef95f,167511111111111110970,Gnosis,GNO,18,0,3000000,60000000000,1955722,1955722,deprecated,0x84a1f5a5,claimTokensFor(address[] _beneficiaries),21428419
3633113,1493658880,0x44fb7c2d88f731336acca53de9ca276d2dbb0be355e2b36f9ab64d0ca21c1c89,68,0xb0d878f4bd38207a70b3e3750f0c10e64297b19ae32e1106dfad6c262a96c8dc,0x1d0dcc8d8bcafa8e8502beaeef6cbd49d3affcdc,0x6810e776880c02933d47db1b9fc05908e5386b96,0x588cca135c58f98a1f75eafe4e8277a22eb6daba,0,Gnosis,GNO,18,0,3000000,60000000000,1955722,1955722,deprecated,0x84a1f5a5,claimTokensFor(address[] _beneficiaries),21428419
3633113,1493658880,0x44fb7c2d88f731336acca53de9ca276d2dbb0be355e2b36f9ab64d0ca21c1c89,68,0xb0d878f4bd38207a70b3e3750f0c10e64297b19ae32e1106dfad6c262a96c8dc,0x1d0dcc8d8bcafa8e8502beaeef6cbd49d3affcdc,0x6810e776880c02933d47db1b9fc05908e5386b96,0xbc023d8548390295ecf8d922df0c073eaa97666d,167511111111111110970,Gnosis,GNO,18,0,3000000,60000000000,1955722,1955722,deprecated,0x84a1f5a5,claimTokensFor(address[] _beneficiaries),21428419
3633113,1493658880,0x44fb7c2d88f731336acca53de9ca276d2dbb0be355e2b36f9ab64d0ca21c1c89,68,0xb0d878f4bd38207a70b3e3750f0c10e64297b19ae32e1106dfad6c262a96c8dc,0x1d0dcc8d8bcafa8e8502beaeef6cbd49d3affcdc,0x6810e776880c02933d47db1b9fc05908e5386b96,0x588cca135c58f98a1f75eafe4e8277a22eb6daba,0,Gnosis,GNO,18,0,3000000,60000000000,1955722,1955722,deprecated,0x84a1f5a5,claimTokensFor(address[] _beneficiaries),21428419
3633113,1493658880,0x44fb7c2d88f731336acca53de9ca276d2dbb0be355e2b36f9ab64d0ca21c1c89,68,0xb0d878f4bd38207a70b3e3750f0c10e64297b19ae32e1106dfad6c262a96c8dc,0x1d0dcc8d8bcafa8e8502beaeef6cbd49d3affcdc,0x6810e776880c02933d47db1b9fc05908e5386b96,0x5d5cdbe25b2a044b7b9be383bcaa5807b06d3c6b,251266666666666666456,Gnosis,GNO,18,0,3000000,60000000000,1955722,1955722,deprecated,0x84a1f5a5,claimTokensFor(address[] _beneficiaries),21428419
3633113,1493658880,0x44fb7c2d88f731336acca53de9ca276d2dbb0be355e2b36f9ab64d0ca21c1c89,68,0xb0d878f4bd38207a70b3e3750f0c10e64297b19ae32e1106dfad6c262a96c8dc,0x1d0dcc8d8bcafa8e8502beaeef6cbd49d3affcdc,0x6810e776880c02933d47db1b9fc05908e5386b96,0xc5e84c1d77727196abfa1f0314b72935c1890a93,251266666666666666456,Gnosis,GNO,18,0,3000000,60000000000,1955722,1955722,deprecated,0x84a1f5a5,claimTokensFor(address[] _beneficiaries),21428419
3633113,1493658880,0x44fb7c2d88f731336acca53de9ca276d2dbb0be355e2b36f9ab64d0ca21c1c89,68,0xb0d878f4bd38207a70b3e3750f0c10e64297b19ae32e1106dfad6c262a96c8dc,0x1d0dcc8d8bcafa8e8502beaeef6cbd49d3affcdc,0x6810e776880c02933d47db1b9fc05908e5386b96,0x6994fb3231d7e41d491a9d68d1fa4cae2cc15960,167511111111111110970,Gnosis,GNO,18,0,3000000,60000000000,1955722,1955722,deprecated,0x84a1f5a5,claimTokensFor(address[] _beneficiaries),21428419
3633113,1493658880,0x44fb7c2d88f731336acca53de9ca276d2dbb0be355e2b36f9ab64d0ca21c1c89,68,0xb0d878f4bd38207a70b3e3750f0c10e64297b19ae32e1106dfad6c262a96c8dc,0x1d0dcc8d8bcafa8e8502beaeef6cbd49d3affcdc,0x6810e776880c02933d47db1b9fc05908e5386b96,0x7e7613d9cb3ed1210c8a7a120ee4e4637aa29f78,167505562539478624171,Gnosis,GNO,18,0,3000000,60000000000,1955722,1955722,deprecated,0x84a1f5a5,claimTokensFor(address[] _beneficiaries),21428419
3633113,1493658880,0x44fb7c2d88f731336acca53de9ca276d2dbb0be355e2b36f9ab64d0ca21c1c89,68,0xb0d878f4bd38207a70b3e3750f0c10e64297b19ae32e1106dfad6c262a96c8dc,0x1d0dcc8d8bcafa8e8502beaeef6cbd49d3affcdc,0x6810e776880c02933d47db1b9fc05908e5386b96,0x841c83f4de5841d1c754d975390214d8999cce36,167505496453638646304,Gnosis,GNO,18,0,3000000,60000000000,1955722,1955722,deprecated,0x84a1f5a5,claimTokensFor(address[] _beneficiaries),21428419
3633113,1493658880,0x44fb7c2d88f731336acca53de9ca276d2dbb0be355e2b36f9ab64d0ca21c1c89,68,0xb0d878f4bd38207a70b3e3750f0c10e64297b19ae32e1106dfad6c262a96c8dc,0x1d0dcc8d8bcafa8e8502beaeef6cbd49d3affcdc,0x6810e776880c02933d47db1b9fc05908e5386b96,0x6cc0a09dd28c70bbc482252c54262a858d8d78d6,167505314330286317837,Gnosis,GNO,18,0,3000000,60000000000,1955722,1955722,deprecated,0x84a1f5a5,claimTokensFor(address[] _beneficiaries),21428419
3633113,1493658880,0x44fb7c2d88f731336acca53de9ca276d2dbb0be355e2b36f9ab64d0ca21c1c89,68,0xb0d878f4bd38207a70b3e3750f0c10e64297b19ae32e1106dfad6c262a96c8dc,0x1d0dcc8d8bcafa8e8502beaeef6cbd49d3affcdc,0x6810e776880c02933d47db1b9fc05908e5386b96,0x4213b891664be2fbf24a8cdc186d6aa3ee4c4b0c,167494359999999999859,Gnosis,GNO,18,0,3000000,60000000000,1955722,1955722,deprecated,0x84a1f5a5,claimTokensFor(address[] _beneficiaries),21428419
3633113,1493658880,0x44fb7c2d88f731336acca53de9ca276d2dbb0be355e2b36f9ab64d0ca21c1c89,68,0xb0d878f4bd38207a70b3e3750f0c10e64297b19ae32e1106dfad6c262a96c8dc,0x1d0dcc8d8bcafa8e8502beaeef6cbd49d3affcdc,0x6810e776880c02933d47db1b9fc05908e5386b96,0xc2e5e359db2921bbe0f1c6504153b9c97d6644c5,167489837199999999859,Gnosis,GNO,18,0,3000000,60000000000,1955722,1955722,deprecated,0x84a1f5a5,claimTokensFor(address[] _beneficiaries),21428419
3633113,1493658880,0x44fb7c2d88f731336acca53de9ca276d2dbb0be355e2b36f9ab64d0ca21c1c89,68,0xb0d878f4bd38207a70b3e3750f0c10e64297b19ae32e1106dfad6c262a96c8dc,0x1d0dcc8d8bcafa8e8502beaeef6cbd49d3affcdc,0x6810e776880c02933d47db1b9fc05908e5386b96,0x18b9e31443f0c6d935a2943df745d637ca7a0c4e,167467022186666666526,Gnosis,GNO,18,0,3000000,60000000000,1955722,1955722,deprecated,0x84a1f5a5,claimTokensFor(address[] _beneficiaries),21428419
3633113,1493658880,0x44fb7c2d88f731336acca53de9ca276d2dbb0be355e2b36f9ab64d0ca21c1c89,68,0xb0d878f4bd38207a70b3e3750f0c10e64297b19ae32e1106dfad6c262a96c8dc,0x1d0dcc8d8bcafa8e8502beaeef6cbd49d3affcdc,0x6810e776880c02933d47db1b9fc05908e5386b96,0x7857f7bda2a45f476993d80c23814342f0b4f8e0,167343599999999999860,Gnosis,GNO,18,0,3000000,60000000000,1955722,1955722,deprecated,0x84a1f5a5,claimTokensFor(address[] _beneficiaries),21428419
3633113,1493658880,0x44fb7c2d88f731336acca53de9ca276d2dbb0be355e2b36f9ab64d0ca21c1c89,68,0xb0d878f4bd38207a70b3e3750f0c10e64297b19ae32e1106dfad6c262a96c8dc,0x1d0dcc8d8bcafa8e8502beaeef6cbd49d3affcdc,0x6810e776880c02933d47db1b9fc05908e5386b96,0x5a012bdf9013a016668d349816ef3de96b2037b9,167343599999999999860,Gnosis,GNO,18,0,3000000,60000000000,1955722,1955722,deprecated,0x84a1f5a5,claimTokensFor(address[] _beneficiaries),21428419
3633113,1493658880,0x44fb7c2d88f731336acca53de9ca276d2dbb0be355e2b36f9ab64d0ca21c1c89,68,0xb0d878f4bd38207a70b3e3750f0c10e64297b19ae32e1106dfad6c262a96c8dc,0x1d0dcc8d8bcafa8e8502beaeef6cbd49d3affcdc,0x6810e776880c02933d47db1b9fc05908e5386b96,0x04e7e0896835447fabfe4da2c9fce611453f184e,166835489414712091993,Gnosis,GNO,18,0,3000000,60000000000,1955722,1955722,deprecated,0x84a1f5a5,claimTokensFor(address[] _beneficiaries),21428419
3633113,1493658880,0x44fb7c2d88f731336acca53de9ca276d2dbb0be355e2b36f9ab64d0ca21c1c89,68,0xb0d878f4bd38207a70b3e3750f0c10e64297b19ae32e1106dfad6c262a96c8dc,0x1d0dcc8d8bcafa8e8502beaeef6cbd49d3affcdc,0x6810e776880c02933d47db1b9fc05908e5386b96,0xe35219d98bf6f9c693bf04197070d79d9ba73bfc,167511111111111110970,Gnosis,GNO,18,0,3000000,60000000000,1955722,1955722,deprecated,0x84a1f5a5,claimTokensFor(address[] _beneficiaries),21428419
3633113,1493658880,0x44fb7c2d88f731336acca53de9ca276d2dbb0be355e2b36f9ab64d0ca21c1c89,68,0xb0d878f4bd38207a70b3e3750f0c10e64297b19ae32e1106dfad6c262a96c8dc,0x1d0dcc8d8bcafa8e8502beaeef6cbd49d3affcdc,0x6810e776880c02933d47db1b9fc05908e5386b96,0xa5ed81d73f71bf80bd108a32a770077d59d15a69,165835999999999999861,Gnosis,GNO,18,0,3000000,60000000000,1955722,1955722,deprecated,0x84a1f5a5,claimTokensFor(address[] _beneficiaries),21428419
3633113,1493658880,0x44fb7c2d88f731336acca53de9ca276d2dbb0be355e2b36f9ab64d0ca21c1c89,68,0xb0d878f4bd38207a70b3e3750f0c10e64297b19ae32e1106dfad6c262a96c8dc,0x1d0dcc8d8bcafa8e8502beaeef6cbd49d3affcdc,0x6810e776880c02933d47db1b9fc05908e5386b96,0x00006314ee6ba5a9421e4aa6a47c6867a882bd92,167511111111111110970,Gnosis,GNO,18,0,3000000,60000000000,1955722,1955722,deprecated,0x84a1f5a5,claimTokensFor(address[] _beneficiaries),21428419
3633113,1493658880,0x44fb7c2d88f731336acca53de9ca276d2dbb0be355e2b36f9ab64d0ca21c1c89,68,0xb0d878f4bd38207a70b3e3750f0c10e64297b19ae32e1106dfad6c262a96c8dc,0x1d0dcc8d8bcafa8e8502beaeef6cbd49d3affcdc,0x6810e776880c02933d47db1b9fc05908e5386b96,0x8f5876140d4ec58cd1f8cd3e0b0e6e348bbe9be0,160810666666666666532,Gnosis,GNO,18,0,3000000,60000000000,1955722,1955722,deprecated,0x84a1f5a5,claimTokensFor(address[] _beneficiaries),21428419
3633113,1493658880,0x44fb7c2d88f731336acca53de9ca276d2dbb0be355e2b36f9ab64d0ca21c1c89,68,0xb0d878f4bd38207a70b3e3750f0c10e64297b19ae32e1106dfad6c262a96c8dc,0x1d0dcc8d8bcafa8e8502beaeef6cbd49d3affcdc,0x6810e776880c02933d47db1b9fc05908e5386b96,0xc7caaffbd29a249a96e6e1dfc54a9ab281e0ff03,167494359999999999859,Gnosis,GNO,18,0,3000000,60000000000,1955722,1955722,deprecated,0x84a1f5a5,claimTokensFor(address[] _beneficiaries),21428419
3633113,1493658880,0x44fb7c2d88f731336acca53de9ca276d2dbb0be355e2b36f9ab64d0ca21c1c89,68,0xb0d878f4bd38207a70b3e3750f0c10e64297b19ae32e1106dfad6c262a96c8dc,0x1d0dcc8d8bcafa8e8502beaeef6cbd49d3affcdc,0x6810e776880c02933d47db1b9fc05908e5386b96,0xefcef7f134e8f24890ac57b333a8dc710d0e6b5f,251266666666666666456,Gnosis,GNO,18,0,3000000,60000000000,1955722,1955722,deprecated,0x84a1f5a5,claimTokensFor(address[] _beneficiaries),21428419
3633113,1493658880,0x44fb7c2d88f731336acca53de9ca276d2dbb0be355e2b36f9ab64d0ca21c1c89,68,0xb0d878f4bd38207a70b3e3750f0c10e64297b19ae32e1106dfad6c262a96c8dc,0x1d0dcc8d8bcafa8e8502beaeef6cbd49d3affcdc,0x6810e776880c02933d47db1b9fc05908e5386b96,0x0719e9f01c0c947ada1caa50c65c6459887cc57f,0,Gnosis,GNO,18,0,3000000,60000000000,1955722,1955722,deprecated,0x84a1f5a5,claimTokensFor(address[] _beneficiaries),21428419
3633113,1493658880,0x44fb7c2d88f731336acca53de9ca276d2dbb0be355e2b36f9ab64d0ca21c1c89,68,0xb0d878f4bd38207a70b3e3750f0c10e64297b19ae32e1106dfad6c262a96c8dc,0x1d0dcc8d8bcafa8e8502beaeef6cbd49d3affcdc,0x6810e776880c02933d47db1b9fc05908e5386b96,0x3b015942a9f81a04111b8828e1335e3a78ede5a7,150759999999999999873,Gnosis,GNO,18,0,3000000,60000000000,1955722,1955722,deprecated,0x84a1f5a5,claimTokensFor(address[] _beneficiaries),21428419
3633113,1493658880,0x44fb7c2d88f731336acca53de9ca276d2dbb0be355e2b36f9ab64d0ca21c1c89,68,0xb0d878f4bd38207a70b3e3750f0c10e64297b19ae32e1106dfad6c262a96c8dc,0x1d0dcc8d8bcafa8e8502beaeef6cbd49d3affcdc,0x6810e776880c02933d47db1b9fc05908e5386b96,0xf249807c3706ad0cf9618b650ffe3f83939b1390,142384444444444444325,Gnosis,GNO,18,0,3000000,60000000000,1955722,1955722,deprecated,0x84a1f5a5,claimTokensFor(address[] _beneficiaries),21428419
3633113,1493658880,0x44fb7c2d88f731336acca53de9ca276d2dbb0be355e2b36f9ab64d0ca21c1c89,68,0xb0d878f4bd38207a70b3e3750f0c10e64297b19ae32e1106dfad6c262a96c8dc,0x1d0dcc8d8bcafa8e8502beaeef6cbd49d3affcdc,0x6810e776880c02933d47db1b9fc05908e5386b96,0x06c68d04aaaf5da137d4a3be785d388bab9f5c23,0,Gnosis,GNO,18,0,3000000,60000000000,1955722,1955722,deprecated,0x84a1f5a5,claimTokensFor(address[] _beneficiaries),21428419
3633113,1493658880,0x44fb7c2d88f731336acca53de9ca276d2dbb0be355e2b36f9ab64d0ca21c1c89,68,0xb0d878f4bd38207a70b3e3750f0c10e64297b19ae32e1106dfad6c262a96c8dc,0x1d0dcc8d8bcafa8e8502beaeef6cbd49d3affcdc,0x6810e776880c02933d47db1b9fc05908e5386b96,0x24710e871518e00bcc6b2467d2f066e8c5afe608,133667166222222222110,Gnosis,GNO,18,0,3000000,60000000000,1955722,1955722,deprecated,0x84a1f5a5,claimTokensFor(address[] _beneficiaries),21428419
3633113,1493658880,0x44fb7c2d88f731336acca53de9ca276d2dbb0be355e2b36f9ab64d0ca21c1c89,68,0xb0d878f4bd38207a70b3e3750f0c10e64297b19ae32e1106dfad6c262a96c8dc,0x1d0dcc8d8bcafa8e8502beaeef6cbd49d3affcdc,0x6810e776880c02933d47db1b9fc05908e5386b96,0x95615f1c1fb4bac761ce4ffce6af6955b932b676,125633333333333333228,Gnosis,GNO,18,0,3000000,60000000000,1955722,1955722,deprecated,0x84a1f5a5,claimTokensFor(address[] _beneficiaries),21428419
3633113,1493658880,0x44fb7c2d88f731336acca53de9ca276d2dbb0be355e2b36f9ab64d0ca21c1c89,68,0xb0d878f4bd38207a70b3e3750f0c10e64297b19ae32e1106dfad6c262a96c8dc,0x1d0dcc8d8bcafa8e8502beaeef6cbd49d3affcdc,0x6810e776880c02933d47db1b9fc05908e5386b96,0xa81ab4874f7b20cdf2f79de3bc0b0c61475d1c41,124045327999999999896,Gnosis,GNO,18,0,3000000,60000000000,1955722,1955722,deprecated,0x84a1f5a5,claimTokensFor(address[] _beneficiaries),21428419
3633113,1493658880,0x44fb7c2d88f731336acca53de9ca276d2dbb0be355e2b36f9ab64d0ca21c1c89,68,0xb0d878f4bd38207a70b3e3750f0c10e64297b19ae32e1106dfad6c262a96c8dc,0x1d0dcc8d8bcafa8e8502beaeef6cbd49d3affcdc,0x6810e776880c02933d47db1b9fc05908e5386b96,0xff2e66d01778cecbecc85ca674c9add96e91a427,122283111111111111008,Gnosis,GNO,18,0,3000000,60000000000,1955722,1955722,deprecated,0x84a1f5a5,claimTokensFor(address[] _beneficiaries),21428419
3633113,1493658880,0x44fb7c2d88f731336acca53de9ca276d2dbb0be355e2b36f9ab64d0ca21c1c89,68,0xb0d878f4bd38207a70b3e3750f0c10e64297b19ae32e1106dfad6c262a96c8dc,0x1d0dcc8d8bcafa8e8502beaeef6cbd49d3affcdc,0x6810e776880c02933d47db1b9fc05908e5386b96,0xd92599fa441adcf0931f9d6c5ee49596bd9cb677,121445555555555555453,Gnosis,GNO,18,0,3000000,60000000000,1955722,1955722,deprecated,0x84a1f5a5,claimTokensFor(address[] _beneficiaries),21428419
3633113,1493658880,0x44fb7c2d88f731336acca53de9ca276d2dbb0be355e2b36f9ab64d0ca21c1c89,68,0xb0d878f4bd38207a70b3e3750f0c10e64297b19ae32e1106dfad6c262a96c8dc,0x1d0dcc8d8bcafa8e8502beaeef6cbd49d3affcdc,0x6810e776880c02933d47db1b9fc05908e5386b96,0x004c6b40c029f74081326caee4607cf384a9d735,129234822222222222114,Gnosis,GNO,18,0,3000000,60000000000,1955722,1955722,deprecated,0x84a1f5a5,claimTokensFor(address[] _beneficiaries),21428419
3633113,1493658880,0x44fb7c2d88f731336acca53de9ca276d2dbb0be355e2b36f9ab64d0ca21c1c89,68,0xb0d878f4bd38207a70b3e3750f0c10e64297b19ae32e1106dfad6c262a96c8dc,0x1d0dcc8d8bcafa8e8502beaeef6cbd49d3affcdc,0x6810e776880c02933d47db1b9fc05908e5386b96,0x962086e1e1058f37b3c45d88cad76afa6bc8455d,124963288888888888784,Gnosis,GNO,18,0,3000000,60000000000,1955722,1955722,deprecated,0x84a1f5a5,claimTokensFor(address[] _beneficiaries),21428419
3633113,1493658880,0x44fb7c2d88f731336acca53de9ca276d2dbb0be355e2b36f9ab64d0ca21c1c89,68,0xb0d878f4bd38207a70b3e3750f0c10e64297b19ae32e1106dfad6c262a96c8dc,0x1d0dcc8d8bcafa8e8502beaeef6cbd49d3affcdc,0x6810e776880c02933d47db1b9fc05908e5386b96,0x751c447cbd3b66ec87964b832c59483bad13a4e7,117257777777777777679,Gnosis,GNO,18,0,3000000,60000000000,1955722,1955722,deprecated,0x84a1f5a5,claimTokensFor(address[] _beneficiaries),21428419
3633113,1493658880,0x44fb7c2d88f731336acca53de9ca276d2dbb0be355e2b36f9ab64d0ca21c1c89,68,0xb0d878f4bd38207a70b3e3750f0c10e64297b19ae32e1106dfad6c262a96c8dc,0x1d0dcc8d8bcafa8e8502beaeef6cbd49d3affcdc,0x6810e776880c02933d47db1b9fc05908e5386b96,0x5fff589fbbc063e61e35d0dc526b567ba0e5a0b8,117257777777777777679,Gnosis,GNO,18,0,3000000,60000000000,1955722,1955722,deprecated,0x84a1f5a5,claimTokensFor(address[] _beneficiaries),21428419
3633113,1493658880,0x44fb7c2d88f731336acca53de9ca276d2dbb0be355e2b36f9ab64d0ca21c1c89,68,0xb0d878f4bd38207a70b3e3750f0c10e64297b19ae32e1106dfad6c262a96c8dc,0x1d0dcc8d8bcafa8e8502beaeef6cbd49d3affcdc,0x6810e776880c02933d47db1b9fc05908e5386b96,0xff444d471fc26e7165b483cfdf7cb53889122956,0,Gnosis,GNO,18,0,3000000,60000000000,1955722,1955722,deprecated,0x84a1f5a5,claimTokensFor(address[] _beneficiaries),21428419
3633113,1493658880,0x44fb7c2d88f731336acca53de9ca276d2dbb0be355e2b36f9ab64d0ca21c1c89,68,0xb0d878f4bd38207a70b3e3750f0c10e64297b19ae32e1106dfad6c262a96c8dc,0x1d0dcc8d8bcafa8e8502beaeef6cbd49d3affcdc,0x6810e776880c02933d47db1b9fc05908e5386b96,0x6b200f4e534ff82117079b6cb7a554dad143e3f6,117257777777777777679,Gnosis,GNO,18,0,3000000,60000000000,1955722,1955722,deprecated,0x84a1f5a5,claimTokensFor(address[] _beneficiaries),21428419
3633113,1493658880,0x44fb7c2d88f731336acca53de9ca276d2dbb0be355e2b36f9ab64d0ca21c1c89,68,0xb0d878f4bd38207a70b3e3750f0c10e64297b19ae32e1106dfad6c262a96c8dc,0x1d0dcc8d8bcafa8e8502beaeef6cbd49d3affcdc,0x6810e776880c02933d47db1b9fc05908e5386b96,0x34e9db6eaf40480a7c9812ddf8ddd25367523f97,117257777777777777679,Gnosis,GNO,18,0,3000000,60000000000,1955722,1955722,deprecated,0x84a1f5a5,claimTokensFor(address[] _beneficiaries),21428419
3633113,1493658880,0x44fb7c2d88f731336acca53de9ca276d2dbb0be355e2b36f9ab64d0ca21c1c89,68,0xb0d878f4bd38207a70b3e3750f0c10e64297b19ae32e1106dfad6c262a96c8dc,0x1d0dcc8d8bcafa8e8502beaeef6cbd49d3affcdc,0x6810e776880c02933d47db1b9fc05908e5386b96,0x09f3480871b1a3384f948841c29eee9c1392e776,159135555555555555422,Gnosis,GNO,18,0,3000000,60000000000,1955722,1955722,deprecated,0x84a1f5a5,claimTokensFor(address[] _beneficiaries),21428419
3633113,1493658880,0x44fb7c2d88f731336acca53de9ca276d2dbb0be355e2b36f9ab64d0ca21c1c89,68,0xb0d878f4bd38207a70b3e3750f0c10e64297b19ae32e1106dfad6c262a96c8dc,0x1d0dcc8d8bcafa8e8502beaeef6cbd49d3affcdc,0x6810e776880c02933d47db1b9fc05908e5386b96,0x8a5ab552faa34c0de36a156c025cedaf78021252,117257777777777777679,Gnosis,GNO,18,0,3000000,60000000000,1955722,1955722,deprecated,0x84a1f5a5,claimTokensFor(address[] _beneficiaries),21428419
3633113,1493658880,0x44fb7c2d88f731336acca53de9ca276d2dbb0be355e2b36f9ab64d0ca21c1c89,68,0xb0d878f4bd38207a70b3e3750f0c10e64297b19ae32e1106dfad6c262a96c8dc,0x1d0dcc8d8bcafa8e8502beaeef6cbd49d3affcdc,0x6810e776880c02933d47db1b9fc05908e5386b96,0x72d9f04ec80522b2cf668d4a77fb9a591fc28cfc,230830311111111110918,Gnosis,GNO,18,0,3000000,60000000000,1955722,1955722,deprecated,0x84a1f5a5,claimTokensFor(address[] _beneficiaries),21428419
3633113,1493658880,0x44fb7c2d88f731336acca53de9ca276d2dbb0be355e2b36f9ab64d0ca21c1c89,68,0xb0d878f4bd38207a70b3e3750f0c10e64297b19ae32e1106dfad6c262a96c8dc,0x1d0dcc8d8bcafa8e8502beaeef6cbd49d3affcdc,0x6810e776880c02933d47db1b9fc05908e5386b96,0x72d9f04ec80522b2cf668d4a77fb9a591fc28cfc,0,Gnosis,GNO,18,0,3000000,60000000000,1955722,1955722,deprecated,0x84a1f5a5,claimTokensFor(address[] _beneficiaries),21428419
3633113,1493658880,0x44fb7c2d88f731336acca53de9ca276d2dbb0be355e2b36f9ab64d0ca21c1c89,68,0xb0d878f4bd38207a70b3e3750f0c10e64297b19ae32e1106dfad6c262a96c8dc,0x1d0dcc8d8bcafa8e8502beaeef6cbd49d3affcdc,0x6810e776880c02933d47db1b9fc05908e5386b96,0x242a954e9b177ca7f5fda949d785ce429fea0f3f,0,Gnosis,GNO,18,0,3000000,60000000000,1955722,1955722,deprecated,0x84a1f5a5,claimTokensFor(address[] _beneficiaries),21428419
3633113,1493658880,0x8bee472e49e2bd6eeb107678f8eb8e455a6801dd616206c5f6a0c75e5b62ac92,10,0xb0d878f4bd38207a70b3e3750f0c10e64297b19ae32e1106dfad6c262a96c8dc,0x1d0dcc8d8bcafa8e8502beaeef6cbd49d3affcdc,0x6810e776880c02933d47db1b9fc05908e5386b96,0xa15913ea3d1e2ca9bb664df9a3811910b2e95386,0,Gnosis,GNO,18,1,166012,55000000000,45126,2000848,deprecated,0xdf8de3e7,claimTokens(address receiver),21428419
3633113,1493658880,0xe228f53cc6a7a6e59a4bbce60ff7a87d29be6686dc3301235cfc24d4ecee87c6,5,0xb0d878f4bd38207a70b3e3750f0c10e64297b19ae32e1106dfad6c262a96c8dc,0x1d0dcc8d8bcafa8e8502beaeef6cbd49d3affcdc,0x6810e776880c02933d47db1b9fc05908e5386b96,0x29abcce5bfee4c3eb4652e97a72bf740f44cda10,167494359999999999859,Gnosis,GNO,18,3,100000,23677676682,43853,2065701,deprecated,0xdf8de3e7,claimTokens(address receiver),21428419
3633113,1493658880,0x02bf4296d1f3958da573b51b4d7bffedab349b447fee790358ab7bdfd17b6faa,1,0xb0d878f4bd38207a70b3e3750f0c10e64297b19ae32e1106dfad6c262a96c8dc,0x1d0dcc8d8bcafa8e8502beaeef6cbd49d3affcdc,0x6810e776880c02933d47db1b9fc05908e5386b96,0x88885960dc55b9fdcb5e51070baf0e634e7b3232,0,Gnosis,GNO,18,5,150000,22686179785,43853,2323017,deprecated,0xdf8de3e7,claimTokens(address receiver),21428419
3633113,1493658880,0x187a5dabd0b2d8961d3c51a650e8ac2380681d900e0e0a4cee307cdb2f507a55,21,0xb0d878f4bd38207a70b3e3750f0c10e64297b19ae32e1106dfad6c262a96c8dc,0x19076bd01e86fa3d76334e27d4b8e6789688a42d,0x6810e776880c02933d47db1b9fc05908e5386b96,0xc628037fccafe2daef4eeed719ff3691689b13aa,6057595920349737772,Gnosis,GNO,18,8,130442,20000000000,43901,2540408,deprecated,0x,,21428419
3633113,1493658880,0x2a157645dd770e1b5b17b4060e8a43824f6b3857bf1b69f81797b72df20023f5,1,0xb0d878f4bd38207a70b3e3750f0c10e64297b19ae32e1106dfad6c262a96c8dc,0x19076bd01e86fa3d76334e27d4b8e6789688a42d,0x6810e776880c02933d47db1b9fc05908e5386b96,0x50b1bbaa19c4c1fc8ca1af473b510bf8d87012b5,134008888888888888776,Gnosis,GNO,18,11,80000,20000000000,43901,2694173,deprecated,0x,,21428419
3633113,1493658880,0x2da6052487dc3ad8f558ca217daacf619bfff18849882103e0905e0cd4d7c174,1,0xb0d878f4bd38207a70b3e3750f0c10e64297b19ae32e1106dfad6c262a96c8dc,0x19076bd01e86fa3d76334e27d4b8e6789688a42d,0x6810e776880c02933d47db1b9fc05908e5386b96,0xc16d3bf9e6848f00dbc62c26891c26d539194a98,88780888888888888814,Gnosis,GNO,18,12,130000,20000000000,43901,2738074,deprecated,0x,,21428419
3633113,1493658880,0x35a90fe1ed6124ca95c556f5ca93e7057e1bfdd9d7b646cd6b34632a1d956596,1,0xb0d878f4bd38207a70b3e3750f0c10e64297b19ae32e1106dfad6c262a96c8dc,0x19076bd01e86fa3d76334e27d4b8e6789688a42d,0x6810e776880c02933d47db1b9fc05908e5386b96,0xefd0f7142e514c67a4fdfc82f95aa5d149c9872d,142384444444444444325,Gnosis,GNO,18,14,130000,20000000000,43901,2802975,deprecated,0x,,21428419
3633113,1493658880,0x56179bf2b316f8b113111333320f488329cbb3cd32b530711781dd0aa68b4662,2,0xb0d878f4bd38207a70b3e3750f0c10e64297b19ae32e1106dfad6c262a96c8dc,0x19076bd01e86fa3d76334e27d4b8e6789688a42d,0x6810e776880c02933d47db1b9fc05908e5386b96,0xe3140814335ea7c1dbda49f0fce221305cdb7f25,50236582222222222180,Gnosis,GNO,18,18,100000,20000000000,43901,2909876,deprecated,0x,,21428419
3633113,1493658880,0x881ba595b4e22a184a4b6201fd727f222905b7993a771ac2fe27b37936296e6c,1,0xb0d878f4bd38207a70b3e3750f0c10e64297b19ae32e1106dfad6c262a96c8dc,0x19076bd01e86fa3d76334e27d4b8e6789688a42d,0x6810e776880c02933d47db1b9fc05908e5386b96,0x4c496b81db90d0afaca3e71b79486b599130d521,41861026666666666631,Gnosis,GNO,18,23,120000,20000000000,43901,3147689,deprecated,0x,,21428419
3633113,1493658880,0x9bb8595c12b16edddbb2e4b7b4f0cda0822bed2a2831b39ce458cd790de77628,26,0xb0d878f4bd38207a70b3e3750f0c10e64297b19ae32e1106dfad6c262a96c8dc,0x1d0dcc8d8bcafa8e8502beaeef6cbd49d3affcdc,0x6810e776880c02933d47db1b9fc05908e5386b96,0x00006314ee6ba5a9421e4aa6a47c6867a882bd92,0,Gnosis,GNO,18,26,72457,20000000000,44998,3244668,deprecated,0xdf8de3e7,claimTokens(address receiver),21428419
3633113,1493658880,0xb3e3f00392f2d9b0b863232035cdb42106c8e500a6154b3547f13c121a9bb5d9,4,0xb0d878f4bd38207a70b3e3750f0c10e64297b19ae32e1106dfad6c262a96c8dc,0x0bc0078b4767ffc4cab1dc9808967dca21876585,0x6810e776880c02933d47db1b9fc05908e5386b96,0x61da1e4eec415ffa2617b31cd67e7149c704cf78,33502222222222222194,Gnosis,GNO,18,28,151601,20000000000,36601,3302269,deprecated,0xa9059cbb,"transfer(address _to, uint256 _value)",21428419
3633113,1493658880,0xb53ba288bdcb0f230bbf735e31e6be59d3a652702316fa0bb2942d3a203953d2,1,0xb0d878f4bd38207a70b3e3750f0c10e64297b19ae32e1106dfad6c262a96c8dc,0x19076bd01e86fa3d76334e27d4b8e6789688a42d,0x6810e776880c02933d47db1b9fc05908e5386b96,0x2f58db432e79a200404401025783f2d6047f775e,209388888888888888713,Gnosis,GNO,18,29,65211,20000000000,43901,3346170,deprecated,0x,,21428419
3633113,1493658880,0xbf0fbc2e13f0ff770c1e579c54a50795537018e88d090c7ebffad0303870dc7b,8,0xb0d878f4bd38207a70b3e3750f0c10e64297b19ae32e1106dfad6c262a96c8dc,0x19076bd01e86fa3d76334e27d4b8e6789688a42d,0x6810e776880c02933d47db1b9fc05908e5386b96,0x30f8815dbe5607feaaed8f61bdbddc453dbc6305,92131111111111111034,Gnosis,GNO,18,32,150000,20000000000,43901,3432071,deprecated,0x,,21428419
3633113,1493658880,0xdc205a73df6dce15c44b297274b6dec67d98b4f7eb2f6fb02d56cb75430f44d7,1,0xb0d878f4bd38207a70b3e3750f0c10e64297b19ae32e1106dfad6c262a96c8dc,0x19076bd01e86fa3d76334e27d4b8e6789688a42d,0x6810e776880c02933d47db1b9fc05908e5386b96,0x6b460165cdec3630aa6409dfe9d4c3b50049d08e,16751111111111111097,Gnosis,GNO,18,37,150000,20000000000,43901,3608839,deprecated,0x,,21428419
3633113,1493658880,0xe81233193bd3354110bde029b661849fe23703881c0ebd0ab76ea7fdb7452a09,5,0xb0d878f4bd38207a70b3e3750f0c10e64297b19ae32e1106dfad6c262a96c8dc,0x19076bd01e86fa3d76334e27d4b8e6789688a42d,0x6810e776880c02933d47db1b9fc05908e5386b96,0x2356cf77c701dff0d1ecf61a60d13a6bbde7aea1,8375555555555555548,Gnosis,GNO,18,38,210000,20000000000,43901,3652740,deprecated,0x,,21428419
3633113,1493658880,0xe82f75e78c97dc74c1e9edb03d3c8194b42bacf0db96c7b7bfd685b26420470a,1,0xb0d878f4bd38207a70b3e3750f0c10e64297b19ae32e1106dfad6c262a96c8dc,0x19076bd01e86fa3d76334e27d4b8e6789688a42d,0x6810e776880c02933d47db1b9fc05908e5386b96,0x0890de0b02b4b1a79c97833ce3edb9295b757229,8375555555555555548,Gnosis,GNO,18,39,100000,20000000000,43901,3696641,deprecated,0x,,21428419
3633113,1493658880,0xf3a275b403ce512d398f83756199cb07012d73842cbaebaa9c540a5758164cd4,1,0xb0d878f4bd38207a70b3e3750f0c10e64297b19ae32e1106dfad6c262a96c8dc,0x19076bd01e86fa3d76334e27d4b8e6789688a42d,0x6810e776880c02933d47db1b9fc05908e5386b96,0x49c1e4dac2786f29641a0fbebfbca75425f4f407,959838666666666665863,Gnosis,GNO,18,42,65211,20000000000,43901,3792523,deprecated,0x,,21428419
3633113,1493658880,0xf6c6a9f83a7dafcff65b0ccab464494b3305cdcd8a789fe37f7f8b75efd4e665,4,0xb0d878f4bd38207a70b3e3750f0c10e64297b19ae32e1106dfad6c262a96c8dc,0x19076bd01e86fa3d76334e27d4b8e6789688a42d,0x6810e776880c02933d47db1b9fc05908e5386b96,0xb209c5ad937a8475c1ae6252a443e1b0f891e3ac,586288888888888888398,Gnosis,GNO,18,45,100000,20000000000,43901,3986515,deprecated,0x,,21428419
3633113,1493658880,0xf806a542408f1fb915b8bbb327967295f95563c54ec5ac379ae227908f239b74,8,0xb0d878f4bd38207a70b3e3750f0c10e64297b19ae32e1106dfad6c262a96c8dc,0x19076bd01e86fa3d76334e27d4b8e6789688a42d,0x6810e776880c02933d47db1b9fc05908e5386b96,0x16312e9a97daa29e8f86ac471d569298c2ff9be7,3350222222222222219,Gnosis,GNO,18,46,80000,20000000000,43901,4030416,deprecated,0x,,21428419
3633113,1493658880,0xf96bf69f0431c3b56f27c2dd236241fe6ae4b56305f4b6152b475b62d88e28db,6,0xb0d878f4bd38207a70b3e3750f0c10e64297b19ae32e1106dfad6c262a96c8dc,0x19076bd01e86fa3d76334e27d4b8e6789688a42d,0x6810e776880c02933d47db1b9fc05908e5386b96,0x747c3ca2858debb4836102f9cac33fd412ef64bd,33502222222222222194,Gnosis,GNO,18,47,59000,20000000000,43901,4074317,deprecated,0x,,21428419
3633113,1493658880,0xfa56f46cbcd62279fcd4f5d34e6b64121857b8c68e8d3d65016134629278addd,16,0xb0d878f4bd38207a70b3e3750f0c10e64297b19ae32e1106dfad6c262a96c8dc,0x5ce259aedcd14038ad2c35ecaa7b6b2974d339ac,0x6810e776880c02933d47db1b9fc05908e5386b96,0x8a2041fc77852d94dab268da78b02ee42206a39f,41877777777777777742,Gnosis,GNO,18,48,210000,20000000000,36601,4110918,deprecated,0xa9059cbb,"transfer(address _to, uint256 _value)",21428419
3633113,1493658880,0xfc113e46775d4a402813b38e0953c763ce802a57833da7e85c66d3d4ba0eff97,7,0xb0d878f4bd38207a70b3e3750f0c10e64297b19ae32e1106dfad6c262a96c8dc,0x19076bd01e86fa3d76334e27d4b8e6789688a42d,0x6810e776880c02933d47db1b9fc05908e5386b96,0xb0f6e2069a158a27b9e6da13aff1fb2dfae1787f,25126666666666666645,Gnosis,GNO,18,49,69091,20000000000,43901,4154819,deprecated,0x,,21428419
3633113,1493658880,0xfc7ae068cf90117e87f01dc4b43978f4c80d4efe49efcbd3aaa0abd0698db38e,1,0xb0d878f4bd38207a70b3e3750f0c10e64297b19ae32e1106dfad6c262a96c8dc,0x19076bd01e86fa3d76334e27d4b8e6789688a42d,0x6810e776880c02933d47db1b9fc05908e5386b96,0x8d856843d8add1ceffb479dbbf34d8c3b8a8bf6e,21692688888888888870,Gnosis,GNO,18,50,129000,20000000000,43901,4198720,deprecated,0x,,21428419
3633113,1493658880,0xfd40a635b176df15d84a7aca50c27a208e4cb53d5df6e7dcb932693a366041ce,1,0xb0d878f4bd38207a70b3e3750f0c10e64297b19ae32e1106dfad6c262a96c8dc,0x19076bd01e86fa3d76334e27d4b8e6789688a42d,0x6810e776880c02933d47db1b9fc05908e5386b96,0x521e28a90ec2f1204b01c5fb58900c781591beae,82080444444444444375,Gnosis,GNO,18,51,59000,20000000000,43901,4242621,deprecated,0x,,21428419
3633114,1493658910,0xbaf633e798e905fa51a013f694986d18c1d9dddd17c21d4683a9112f835e2a4f,2842,0x0d9483d2257454b6ff3c43a732ea8a636505e164c3c3fd906ae71727befaec4c,0x001ba60b840695648bad7cb9594c076d638ea706,0x6810e776880c02933d47db1b9fc05908e5386b96,0xb49091108e6804d1675d32eaa02989096384208a,500000000000000000000,Gnosis,GNO,18,2,70000,41000000000,27074,348074,deprecated,0xf5537ede,"transferToken(address erc20, address to, uint256 value)",21428418
3633114,1493658910,0x0ab544d072dafa0271f70be50f11afbe77d89eea16c3abae7cd99af92b92d562,2843,0x0d9483d2257454b6ff3c43a732ea8a636505e164c3c3fd906ae71727befaec4c,0x10ef799a235cc80d828a99eae9d05c64b5da1966,0x6810e776880c02933d47db1b9fc05908e5386b96,0xb49091108e6804d1675d32eaa02989096384208a,1525820652586666665390,Gnosis,GNO,18,3,70000,41000000000,27202,375276,deprecated,0xf5537ede,"transferToken(address erc20, address to, uint256 value)",21428418
3633114,1493658910,0x2f5a44b20fafd7e98f4d19897fac79f4bcd07b072e3842437c62cd912394a01f,2844,0x0d9483d2257454b6ff3c43a732ea8a636505e164c3c3fd906ae71727befaec4c,0x616548549be97f5c9775b37f68960d3249e596cc,0x6810e776880c02933d47db1b9fc05908e5386b96,0xb49091108e6804d1675d32eaa02989096384208a,335013846666666666386,Gnosis,GNO,18,4,70000,41000000000,27202,402478,deprecated,0xf5537ede,"transferToken(address erc20, address to, uint256 value)",21428418
3633114,1493658910,0x1a72840344ba7d780fc3a69b6433100dc2efe2dff0242354b4ca51a3a2847e0c,2845,0x0d9483d2257454b6ff3c43a732ea8a636505e164c3c3fd906ae71727befaec4c,0x6d7384ebccd881694c958758eb29f9e31d513ec2,0x6810e776880c02933d47db1b9fc05908e5386b96,0xb49091108e6804d1675d32eaa02989096384208a,1005072797573333332492,Gnosis,GNO,18,5,70000,41000000000,27202,429680,deprecated,0xf5537ede,"transferToken(address erc20, address to, uint256 value)",21428418
3633114,1493658910,0xb99ae93ab6b47aa2b974db3973f9bb52f1a17992e70ddaf6e6982d646a74c6a0,2846,0x0d9483d2257454b6ff3c43a732ea8a636505e164c3c3fd906ae71727befaec4c,0xa0739a1b0f4155231b3c6a789adcc71b991b9444,0x6810e776880c02933d47db1b9fc05908e5386b96,0xb49091108e6804d1675d32eaa02989096384208a,268156292715555555331,Gnosis,GNO,18,6,70000,41000000000,27202,456882,deprecated,0xf5537ede,"transferToken(address erc20, address to, uint256 value)",21428418
3633114,1493658910,0xfd4f54a766d0b5f3ae803098fd48207f3031fe0d5ac457350c93db9c3ad160e4,2847,0x0d9483d2257454b6ff3c43a732ea8a636505e164c3c3fd906ae71727befaec4c,0xa2017efc0f30be1a58e13044a1215d604fbd1c43,0x6810e776880c02933d47db1b9fc05908e5386b96,0xb49091108e6804d1675d32eaa02989096384208a,727407736635555554947,Gnosis,GNO,18,7,70000,41000000000,27202,484084,deprecated,0xf5537ede,"transferToken(address erc20, address to, uint256 value)",21428418
3633114,1493658910,0x149d241d65f4516aef618330000d39931b46829b8936665afa4832910097b5d8,25,0x0d9483d2257454b6ff3c43a732ea8a636505e164c3c3fd906ae71727befaec4c,0xd444e6d13077b5738f82d1c7d4ff4c2eee94b0e4,0x6810e776880c02933d47db1b9fc05908e5386b96,0x1c14fc9cc74417ed38a590eb95cace7416f85254,8000000000000000000,Gnosis,GNO,18,8,151410,39000000000,51409,535493,deprecated,0xa9059cbb,"transfer(address _to, uint256 _value)",21428418
3633114,1493658910,0x70a2cdca71881f43f0d2efdf3b7fd43fb9ab89a5d0732d7f5efd178032cd5a01,11,0x0d9483d2257454b6ff3c43a732ea8a636505e164c3c3fd906ae71727befaec4c,0xb8a205399ff41145cf45c914b990befd125e581c,0x6810e776880c02933d47db1b9fc05908e5386b96,0x5cada08e8ac7f0c266644874b1ae83c6db1f5cd3,224464800000000000000,Gnosis,GNO,18,10,56621,22573607697,51473,609911,deprecated,0xa9059cbb,"transfer(address _to, uint256 _value)",21428418
3633114,1493658910,0xf2b4907088125ff4fdc2fda6f86d9c388aba3126547a6bab37dec40b20ce67b4,2,0x0d9483d2257454b6ff3c43a732ea8a636505e164c3c3fd906ae71727befaec4c,0x1d0dcc8d8bcafa8e8502beaeef6cbd49d3affcdc,0x6810e776880c02933d47db1b9fc05908e5386b96,0x6ed58413faa7ccf390804fcd0d5864a82128b39e,0,Gnosis,GNO,18,11,100000,22521319616,43853,653764,deprecated,0xdf8de3e7,claimTokens(address receiver),21428418
3633114,1493658910,0xa9eaa12f4509bf76a2d9fcdea1e11001c89dc462326e99d3c7ff20094e8a5cb6,2,0x0d9483d2257454b6ff3c43a732ea8a636505e164c3c3fd906ae71727befaec4c,0x1d0dcc8d8bcafa8e8502beaeef6cbd49d3affcdc,0x6810e776880c02933d47db1b9fc05908e5386b96,0xc8f424b473398d6324f28b755cff51a02e26254f,14573466666666666654,Gnosis,GNO,18,12,100000,22521319616,43853,697617,deprecated,0xdf8de3e7,claimTokens(address receiver),21428418
3633116,1493658931,0x1c397119d084a057061e66d7dd82b08fc8df0ef53363eb7590ecbd279eb6e521,69,0x7c05d79362b48dbf998b9131abf97f22d9f7e34484f78d69fdf4c59c62abe011,0x1d0dcc8d8bcafa8e8502beaeef6cbd49d3affcdc,0x6810e776880c02933d47db1b9fc05908e5386b96,0x53e04a24598bcf79f9ee9e3e67393f062b3933a5,108873846666666666575,Gnosis,GNO,18,1,3000000,60000000000,1940914,2240914,deprecated,0x84a1f5a5,claimTokensFor(address[] _beneficiaries),21428416
3633116,1493658931,0x1c397119d084a057061e66d7dd82b08fc8df0ef53363eb7590ecbd279eb6e521,69,0x7c05d79362b48dbf998b9131abf97f22d9f7e34484f78d69fdf4c59c62abe011,0x1d0dcc8d8bcafa8e8502beaeef6cbd49d3affcdc,0x6810e776880c02933d47db1b9fc05908e5386b96,0xa1ca4cb202476972f41a6611b787d5794739e003,108036291111111111020,Gnosis,GNO,18,1,3000000,60000000000,1940914,2240914,deprecated,0x84a1f5a5,claimTokensFor(address[] _beneficiaries),21428416
3633116,1493658931,0x1c397119d084a057061e66d7dd82b08fc8df0ef53363eb7590ecbd279eb6e521,69,0x7c05d79362b48dbf998b9131abf97f22d9f7e34484f78d69fdf4c59c62abe011,0x1d0dcc8d8bcafa8e8502beaeef6cbd49d3affcdc,0x6810e776880c02933d47db1b9fc05908e5386b96,0xaa7f0c57b28b5df5ed44a3f1ec887622ef7ae6f4,105531999999999999911,Gnosis,GNO,18,1,3000000,60000000000,1940914,2240914,deprecated,0x84a1f5a5,claimTokensFor(address[] _beneficiaries),21428416
3633116,1493658931,0x1c397119d084a057061e66d7dd82b08fc8df0ef53363eb7590ecbd279eb6e521,69,0x7c05d79362b48dbf998b9131abf97f22d9f7e34484f78d69fdf4c59c62abe011,0x1d0dcc8d8bcafa8e8502beaeef6cbd49d3affcdc,0x6810e776880c02933d47db1b9fc05908e5386b96,0x65ddc5a8b2548870a31eec2f0678f71cfd7c1a7e,103521866666666666580,Gnosis,GNO,18,1,3000000,60000000000,1940914,2240914,deprecated,0x84a1f5a5,claimTokensFor(address[] _beneficiaries),21428416
3633116,1493658931,0x1c397119d084a057061e66d7dd82b08fc8df0ef53363eb7590ecbd279eb6e521,69,0x7c05d79362b48dbf998b9131abf97f22d9f7e34484f78d69fdf4c59c62abe011,0x1d0dcc8d8bcafa8e8502beaeef6cbd49d3affcdc,0x6810e776880c02933d47db1b9fc05908e5386b96,0xfa7ea17e3c4e7aecb99f662713f4789dcb426231,102014266666666666581,Gnosis,GNO,18,1,3000000,60000000000,1940914,2240914,deprecated,0x84a1f5a5,claimTokensFor(address[] _beneficiaries),21428416
3633116,1493658931,0x1c397119d084a057061e66d7dd82b08fc8df0ef53363eb7590ecbd279eb6e521,69,0x7c05d79362b48dbf998b9131abf97f22d9f7e34484f78d69fdf4c59c62abe011,0x1d0dcc8d8bcafa8e8502beaeef6cbd49d3affcdc,0x6810e776880c02933d47db1b9fc05908e5386b96,0x065471f3d083929fc6cd0c0e7e085f78fb7abeb1,100506666666666666582,Gnosis,GNO,18,1,3000000,60000000000,1940914,2240914,deprecated,0x84a1f5a5,claimTokensFor(address[] _beneficiaries),21428416
3633116,1493658931,0x1c397119d084a057061e66d7dd82b08fc8df0ef53363eb7590ecbd279eb6e521,69,0x7c05d79362b48dbf998b9131abf97f22d9f7e34484f78d69fdf4c59c62abe011,0x1d0dcc8d8bcafa8e8502beaeef6cbd49d3affcdc,0x6810e776880c02933d47db1b9fc05908e5386b96,0x16d1d7cfcc38f419584d573e3e7b3a04b2840e1e,100506666666666666582,Gnosis,GNO,18,1,3000000,60000000000,1940914,2240914,deprecated,0x84a1f5a5,claimTokensFor(address[] _beneficiaries),21428416
3633116,1493658931,0x1c397119d084a057061e66d7dd82b08fc8df0ef53363eb7590ecbd279eb6e521,69,0x7c05d79362b48dbf998b9131abf97f22d9f7e34484f78d69fdf4c59c62abe011,0x1d0dcc8d8bcafa8e8502beaeef6cbd49d3affcdc,0x6810e776880c02933d47db1b9fc05908e5386b96,0x378a848e973eca6b280f6caf238683b69d2f1603,100506666666666666582,Gnosis,GNO,18,1,3000000,60000000000,1940914,2240914,deprecated,0x84a1f5a5,claimTokensFor(address[] _beneficiaries),21428416
3633116,1493658931,0x1c397119d084a057061e66d7dd82b08fc8df0ef53363eb7590ecbd279eb6e521,69,0x7c05d79362b48dbf998b9131abf97f22d9f7e34484f78d69fdf4c59c62abe011,0x1d0dcc8d8bcafa8e8502beaeef6cbd49d3affcdc,0x6810e776880c02933d47db1b9fc05908e5386b96,0xefcef7f134e8f24890ac57b333a8dc710d0e6b5f,0,Gnosis,GNO,18,1,3000000,60000000000,1940914,2240914,deprecated,0x84a1f5a5,claimTokensFor(address[] _beneficiaries),21428416
3633116,1493658931,0x1c397119d084a057061e66d7dd82b08fc8df0ef53363eb7590ecbd279eb6e521,69,0x7c05d79362b48dbf998b9131abf97f22d9f7e34484f78d69fdf4c59c62abe011,0x1d0dcc8d8bcafa8e8502beaeef6cbd49d3affcdc,0x6810e776880c02933d47db1b9fc05908e5386b96,0x2a3b4986cb64bd5e4c6484282fb896fbe60b4e28,100506666666666666582,Gnosis,GNO,18,1,3000000,60000000000,1940914,2240914,deprecated,0x84a1f5a5,claimTokensFor(address[] _beneficiaries),21428416
3633116,1493658931,0x1c397119d084a057061e66d7dd82b08fc8df0ef53363eb7590ecbd279eb6e521,69,0x7c05d79362b48dbf998b9131abf97f22d9f7e34484f78d69fdf4c59c62abe011,0x1d0dcc8d8bcafa8e8502beaeef6cbd49d3affcdc,0x6810e776880c02933d47db1b9fc05908e5386b96,0xf7724ea9283f2f2676caeda493f718420e976e63,100498291111111111027,Gnosis,GNO,18,1,3000000,60000000000,1940914,2240914,deprecated,0x84a1f5a5,claimTokensFor(address[] _beneficiaries),21428416
3633116,1493658931,0x1c397119d084a057061e66d7dd82b08fc8df0ef53363eb7590ecbd279eb6e521,69,0x7c05d79362b48dbf998b9131abf97f22d9f7e34484f78d69fdf4c59c62abe011,0x1d0dcc8d8bcafa8e8502beaeef6cbd49d3affcdc,0x6810e776880c02933d47db1b9fc05908e5386b96,0xa94a2c6af4916041aa60c12ddab7e0030eaed893,96486399999999999919,Gnosis,GNO,18,1,3000000,60000000000,1940914,2240914,deprecated,0x84a1f5a5,claimTokensFor(address[] _beneficiaries),21428416
3633116,1493658931,0x1c397119d084a057061e66d7dd82b08fc8df0ef53363eb7590ecbd279eb6e521,69,0x7c05d79362b48dbf998b9131abf97f22d9f7e34484f78d69fdf4c59c62abe011,0x1d0dcc8d8bcafa8e8502beaeef6cbd49d3affcdc,0x6810e776880c02933d47db1b9fc05908e5386b96,0xbaac86df8115c566c833e4f8b6b7b80386bd2372,0,Gnosis,GNO,18,1,3000000,60000000000,1940914,2240914,deprecated,0x84a1f5a5,claimTokensFor(address[] _beneficiaries),21428416
3633116,1493658931,0x1c397119d084a057061e66d7dd82b08fc8df0ef53363eb7590ecbd279eb6e521,69,0x7c05d79362b48dbf998b9131abf97f22d9f7e34484f78d69fdf4c59c62abe011,0x1d0dcc8d8bcafa8e8502beaeef6cbd49d3affcdc,0x6810e776880c02933d47db1b9fc05908e5386b96,0x06b94e6ee13c50b1ca68488ad471731889a49353,92131111111111111034,Gnosis,GNO,18,1,3000000,60000000000,1940914,2240914,deprecated,0x84a1f5a5,claimTokensFor(address[] _beneficiaries),21428416
3633116,1493658931,0x1c397119d084a057061e66d7dd82b08fc8df0ef53363eb7590ecbd279eb6e521,69,0x7c05d79362b48dbf998b9131abf97f22d9f7e34484f78d69fdf4c59c62abe011,0x1d0dcc8d8bcafa8e8502beaeef6cbd49d3affcdc,0x6810e776880c02933d47db1b9fc05908e5386b96,0xb190788690bbf75a3ba5a486f2b945204d905392,88780888888888888814,Gnosis,GNO,18,1,3000000,60000000000,1940914,2240914,deprecated,0x84a1f5a5,claimTokensFor(address[] _beneficiaries),21428416
3633116,1493658931,0x1c397119d084a057061e66d7dd82b08fc8df0ef53363eb7590ecbd279eb6e521,69,0x7c05d79362b48dbf998b9131abf97f22d9f7e34484f78d69fdf4c59c62abe011,0x1d0dcc8d8bcafa8e8502beaeef6cbd49d3affcdc,0x6810e776880c02933d47db1b9fc05908e5386b96,0x44c477ae778215e7b2e3d022dc7e0dae009a8560,88773007275095371150,Gnosis,GNO,18,1,3000000,60000000000,1940914,2240914,deprecated,0x84a1f5a5,claimTokensFor(address[] _beneficiaries),21428416
3633116,1493658931,0x1c397119d084a057061e66d7dd82b08fc8df0ef53363eb7590ecbd279eb6e521,69,0x7c05d79362b48dbf998b9131abf97f22d9f7e34484f78d69fdf4c59c62abe011,0x1d0dcc8d8bcafa8e8502beaeef6cbd49d3affcdc,0x6810e776880c02933d47db1b9fc05908e5386b96,0x3fe666fc563e5fa99f8e0e6988ee2070cea1fa6b,0,Gnosis,GNO,18,1,3000000,60000000000,1940914,2240914,deprecated,0x84a1f5a5,claimTokensFor(address[] _beneficiaries),21428416
3633116,1493658931,0x1c397119d084a057061e66d7dd82b08fc8df0ef53363eb7590ecbd279eb6e521,69,0x7c05d79362b48dbf998b9131abf97f22d9f7e34484f78d69fdf4c59c62abe011,0x1d0dcc8d8bcafa8e8502beaeef6cbd49d3affcdc,0x6810e776880c02933d47db1b9fc05908e5386b96,0xf8346429a550b872893fab91aa5a53778dea7f9f,83755555555555555485,Gnosis,GNO,18,1,3000000,60000000000,1940914,2240914,deprecated,0x84a1f5a5,claimTokensFor(address[] _beneficiaries),21428416
3633116,1493658931,0x1c397119d084a057061e66d7dd82b08fc8df0ef53363eb7590ecbd279eb6e521,69,0x7c05d79362b48dbf998b9131abf97f22d9f7e34484f78d69fdf4c59c62abe011,0x1d0dcc8d8bcafa8e8502beaeef6cbd49d3affcdc,0x6810e776880c02933d47db1b9fc05908e5386b96,0x041dedfec783d8d6d8bd4f81cb3675042151184d,83755555555555555485,Gnosis,GNO,18,1,3000000,60000000000,1940914,2240914,deprecated,0x84a1f5a5,claimTokensFor(address[] _beneficiaries),21428416
3633116,1493658931,0x1c397119d084a057061e66d7dd82b08fc8df0ef53363eb7590ecbd279eb6e521,69,0x7c05d79362b48dbf998b9131abf97f22d9f7e34484f78d69fdf4c59c62abe011,0x1d0dcc8d8bcafa8e8502beaeef6cbd49d3affcdc,0x6810e776880c02933d47db1b9fc05908e5386b96,0x50e65564353b3f2725d842f91ed60c6905d2a657,83755555555555555485,Gnosis,GNO,18,1,3000000,60000000000,1940914,2240914,deprecated,0x84a1f5a5,claimTokensFor(address[] _beneficiaries),21428416
3633116,1493658931,0x1c397119d084a057061e66d7dd82b08fc8df0ef53363eb7590ecbd279eb6e521,69,0x7c05d79362b48dbf998b9131abf97f22d9f7e34484f78d69fdf4c59c62abe011,0x1d0dcc8d8bcafa8e8502beaeef6cbd49d3affcdc,0x6810e776880c02933d47db1b9fc05908e5386b96,0x00c6eda4b2d0a3172ed06501a8ece8f53b3baa57,83755555555555555485,Gnosis,GNO,18,1,3000000,60000000000,1940914,2240914,deprecated,0x84a1f5a5,claimTokensFor(address[] _beneficiaries),21428416
3633116,1493658931,0x1c397119d084a057061e66d7dd82b08fc8df0ef53363eb7590ecbd279eb6e521,69,0x7c05d79362b48dbf998b9131abf97f22d9f7e34484f78d69fdf4c59c62abe011,0x1d0dcc8d8bcafa8e8502beaeef6cbd49d3affcdc,0x6810e776880c02933d47db1b9fc05908e5386b96,0x29abcce5bfee4c3eb4652e97a72bf740f44cda10,0,Gnosis,GNO,18,1,3000000,60000000000,1940914,2240914,deprecated,0x84a1f5a5,claimTokensFor(address[] _beneficiaries),21428416
3633116,1493658931,0x1c397119d084a057061e66d7dd82b08fc8df0ef53363eb7590ecbd279eb6e521,69,0x7c05d79362b48dbf998b9131abf97f22d9f7e34484f78d69fdf4c59c62abe011,0x1d0dcc8d8bcafa8e8502beaeef6cbd49d3affcdc,0x6810e776880c02933d47db1b9fc05908e5386b96,0xcf28898ec17ce32eda6495e4e3b856083ae385b0,125633333333333333228,Gnosis,GNO,18,1,3000000,60000000000,1940914,2240914,deprecated,0x84a1f5a5,claimTokensFor(address[] _beneficiaries),21428416
3633116,1493658931,0x1c397119d084a057061e66d7dd82b08fc8df0ef53363eb7590ecbd279eb6e521,69,0x7c05d79362b48dbf998b9131abf97f22d9f7e34484f78d69fdf4c59c62abe011,0x1d0dcc8d8bcafa8e8502beaeef6cbd49d3affcdc,0x6810e776880c02933d47db1b9fc05908e5386b96,0xde623c87bf538d2254d7bb9617394ae35c0de755,217764444444444444262,Gnosis,GNO,18,1,3000000,60000000000,1940914,2240914,deprecated,0x84a1f5a5,claimTokensFor(address[] _beneficiaries),21428416
3633116,1493658931,0x1c397119d084a057061e66d7dd82b08fc8df0ef53363eb7590ecbd279eb6e521,69,0x7c05d79362b48dbf998b9131abf97f22d9f7e34484f78d69fdf4c59c62abe011,0x1d0dcc8d8bcafa8e8502beaeef6cbd49d3affcdc,0x6810e776880c02933d47db1b9fc05908e5386b96,0x9dd9ca89fcbf6ef99f7a4f4acc1671224a66baaa,83755555555555555485,Gnosis,GNO,18,1,3000000,60000000000,1940914,2240914,deprecated,0x84a1f5a5,claimTokensFor(address[] _beneficiaries),21428416
3633116,1493658931,0x1c397119d084a057061e66d7dd82b08fc8df0ef53363eb7590ecbd279eb6e521,69,0x7c05d79362b48dbf998b9131abf97f22d9f7e34484f78d69fdf4c59c62abe011,0x1d0dcc8d8bcafa8e8502beaeef6cbd49d3affcdc,0x6810e776880c02933d47db1b9fc05908e5386b96,0xc81805f3e8534350e0669ddb3261417db5ff869e,83755555555555555485,Gnosis,GNO,18,1,3000000,60000000000,1940914,2240914,deprecated,0x84a1f5a5,claimTokensFor(address[] _beneficiaries),21428416
3633116,1493658931,0x1c397119d084a057061e66d7dd82b08fc8df0ef53363eb7590ecbd279eb6e521,69,0x7c05d79362b48dbf998b9131abf97f22d9f7e34484f78d69fdf4c59c62abe011,0x1d0dcc8d8bcafa8e8502beaeef6cbd49d3affcdc,0x6810e776880c02933d47db1b9fc05908e5386b96,0x64dcd9c2733262031abfe744614d9ed5aedb0efb,91963599999999999923,Gnosis,GNO,18,1,3000000,60000000000,1940914,2240914,deprecated,0x84a1f5a5,claimTokensFor(address[] _beneficiaries),21428416
3633116,1493658931,0x1c397119d084a057061e66d7dd82b08fc8df0ef53363eb7590ecbd279eb6e521,69,0x7c05d79362b48dbf998b9131abf97f22d9f7e34484f78d69fdf4c59c62abe011,0x1d0dcc8d8bcafa8e8502beaeef6cbd49d3affcdc,0x6810e776880c02933d47db1b9fc05908e5386b96,0x23785f9002e7d43da1f617e212b2518026315943,83755555555555555485,Gnosis,GNO,18,1,3000000,60000000000,1940914,2240914,deprecated,0x84a1f5a5,claimTokensFor(address[] _beneficiaries),21428416
3633116,1493658931,0x1c397119d084a057061e66d7dd82b08fc8df0ef53363eb7590ecbd279eb6e521,69,0x7c05d79362b48dbf998b9131abf97f22d9f7e34484f78d69fdf4c59c62abe011,0x1d0dcc8d8bcafa8e8502beaeef6cbd49d3affcdc,0x6810e776880c02933d47db1b9fc05908e5386b96,0x5d5cdbe25b2a044b7b9be383bcaa5807b06d3c6b,0,Gnosis,GNO,18,1,3000000,60000000000,1940914,2240914,deprecated,0x84a1f5a5,claimTokensFor(address[] _beneficiaries),21428416
3633116,1493658931,0x1c397119d084a057061e66d7dd82b08fc8df0ef53363eb7590ecbd279eb6e521,69,0x7c05d79362b48dbf998b9131abf97f22d9f7e34484f78d69fdf4c59c62abe011,0x1d0dcc8d8bcafa8e8502beaeef6cbd49d3affcdc,0x6810e776880c02933d47db1b9fc05908e5386b96,0x0296edf4eb266dce6e3cbf44565beeb4a500ba78,83755555555555555485,Gnosis,GNO,18,1,3000000,60000000000,1940914,2240914,deprecated,0x84a1f5a5,claimTokensFor(address[] _beneficiaries),21428416
3633116,1493658931,0x1c397119d084a057061e66d7dd82b08fc8df0ef53363eb7590ecbd279eb6e521,69,0x7c05d79362b48dbf998b9131abf97f22d9f7e34484f78d69fdf4c59c62abe011,0x1d0dcc8d8bcafa8e8502beaeef6cbd49d3affcdc,0x6810e776880c02933d47db1b9fc05908e5386b96,0x66fee5f438bad224ab0233b96d3d8cf914e085d1,83755555555555555485,Gnosis,GNO,18,1,3000000,60000000000,1940914,2240914,deprecated,0x84a1f5a5,claimTokensFor(address[] _beneficiaries),21428416
3633116,1493658931,0x1c397119d084a057061e66d7dd82b08fc8df0ef53363eb7590ecbd279eb6e521,69,0x7c05d79362b48dbf998b9131abf97f22d9f7e34484f78d69fdf4c59c62abe011,0x1d0dcc8d8bcafa8e8502beaeef6cbd49d3affcdc,0x6810e776880c02933d47db1b9fc05908e5386b96,0xd7aaa94afc543567a5789d8af41ae75a70df3fb2,83755555555555555485,Gnosis,GNO,18,1,3000000,60000000000,1940914,2240914,deprecated,0x84a1f5a5,claimTokensFor(address[] _beneficiaries),21428416
3633116,1493658931,0x1c397119d084a057061e66d7dd82b08fc8df0ef53363eb7590ecbd279eb6e521,69,0x7c05d79362b48dbf998b9131abf97f22d9f7e34484f78d69fdf4c59c62abe011,0x1d0dcc8d8bcafa8e8502beaeef6cbd49d3affcdc,0x6810e776880c02933d47db1b9fc05908e5386b96,0xde623c87bf538d2254d7bb9617394ae35c0de755,0,Gnosis,GNO,18,1,3000000,60000000000,1940914,2240914,deprecated,0x84a1f5a5,claimTokensFor(address[] _beneficiaries),21428416
3633116,1493658931,0x1c397119d084a057061e66d7dd82b08fc8df0ef53363eb7590ecbd279eb6e521,69,0x7c05d79362b48dbf998b9131abf97f22d9f7e34484f78d69fdf4c59c62abe011,0x1d0dcc8d8bcafa8e8502beaeef6cbd49d3affcdc,0x6810e776880c02933d47db1b9fc05908e5386b96,0xa1a638d6e73cfa666fb614efff18d749067fa5f7,83755555555555555485,Gnosis,GNO,18,1,3000000,60000000000,1940914,2240914,deprecated,0x84a1f5a5,claimTokensFor(address[] _beneficiaries),21428416
3633116,1493658931,0x1c397119d084a057061e66d7dd82b08fc8df0ef53363eb7590ecbd279eb6e521,69,0x7c05d79362b48dbf998b9131abf97f22d9f7e34484f78d69fdf4c59c62abe011,0x1d0dcc8d8bcafa8e8502beaeef6cbd49d3affcdc,0x6810e776880c02933d47db1b9fc05908e5386b96,0xcc9483d25c5a7f3d9a0f9fcebde56161452f12fd,83747179999999999929,Gnosis,GNO,18,1,3000000,60000000000,1940914,2240914,deprecated,0x84a1f5a5,claimTokensFor(address[] _beneficiaries),21428416
3633116,1493658931,0x1c397119d084a057061e66d7dd82b08fc8df0ef53363eb7590ecbd279eb6e521,69,0x7c05d79362b48dbf998b9131abf97f22d9f7e34484f78d69fdf4c59c62abe011,0x1d0dcc8d8bcafa8e8502beaeef6cbd49d3affcdc,0x6810e776880c02933d47db1b9fc05908e5386b96,0x85947a5258069d2d4358760f13db05c210a794ae,83747179999999999929,Gnosis,GNO,18,1,3000000,60000000000,1940914,2240914,deprecated,0x84a1f5a5,claimTokensFor(address[] _beneficiaries),21428416
3633116,1493658931,0x1c397119d084a057061e66d7dd82b08fc8df0ef53363eb7590ecbd279eb6e521,69,0x7c05d79362b48dbf998b9131abf97f22d9f7e34484f78d69fdf4c59c62abe011,0x1d0dcc8d8bcafa8e8502beaeef6cbd49d3affcdc,0x6810e776880c02933d47db1b9fc05908e5386b96,0x845613b87591b6ee4ce9dfcd180b2023d10410f3,83747179999999999929,Gnosis,GNO,18,1,3000000,60000000000,1940914,2240914,deprecated,0x84a1f5a5,claimTokensFor(address[] _beneficiaries),21428416
3633116,1493658931,0x1c397119d084a057061e66d7dd82b08fc8df0ef53363eb7590ecbd279eb6e521,69,0x7c05d79362b48dbf998b9131abf97f22d9f7e34484f78d69fdf4c59c62abe011,0x1d0dcc8d8bcafa8e8502beaeef6cbd49d3affcdc,0x6810e776880c02933d47db1b9fc05908e5386b96,0x28c27a92963fc001c41da298cd56d5b07a0cfd4a,83747179999999999929,Gnosis,GNO,18,1,3000000,60000000000,1940914,2240914,deprecated,0x84a1f5a5,claimTokensFor(address[] _beneficiaries),21428416
3633116,1493658931,0x1c397119d084a057061e66d7dd82b08fc8df0ef53363eb7590ecbd279eb6e521,69,0x7c05d79362b48dbf998b9131abf97f22d9f7e34484f78d69fdf4c59c62abe011,0x1d0dcc8d8bcafa8e8502beaeef6cbd49d3affcdc,0x6810e776880c02933d47db1b9fc05908e5386b96,0x4aedde4c569cdc72c3aaa349b3591a1560e42121,83738804444444444374,Gnosis,GNO,18,1,3000000,60000000000,1940914,2240914,deprecated,0x84a1f5a5,claimTokensFor(address[] _beneficiaries),21428416
3633116,1493658931,0x1c397119d084a057061e66d7dd82b08fc8df0ef53363eb7590ecbd279eb6e521,69,0x7c05d79362b48dbf998b9131abf97f22d9f7e34484f78d69fdf4c59c62abe011,0x1d0dcc8d8bcafa8e8502beaeef6cbd49d3affcdc,0x6810e776880c02933d47db1b9fc05908e5386b96,0x6bf4f6a681526aa3375183a9fea5aea0b25b5e6f,83504288888888888819,Gnosis,GNO,18,1,3000000,60000000000,1940914,2240914,deprecated,0x84a1f5a5,claimTokensFor(address[] _beneficiaries),21428416
3633116,1493658931,0x1c397119d084a057061e66d7dd82b08fc8df0ef53363eb7590ecbd279eb6e521,69,0x7c05d79362b48dbf998b9131abf97f22d9f7e34484f78d69fdf4c59c62abe011,0x1d0dcc8d8bcafa8e8502beaeef6cbd49d3affcdc,0x6810e776880c02933d47db1b9fc05908e5386b96,0xa51826379d5ff609371cd8f2dceb2d42357b1dbe,83420533333333333263,Gnosis,GNO,18,1,3000000,60000000000,1940914,2240914,deprecated,0x84a1f5a5,claimTokensFor(address[] _beneficiaries),21428416
3633116,1493658931,0x1c397119d084a057061e66d7dd82b08fc8df0ef53363eb7590ecbd279eb6e521,69,0x7c05d79362b48dbf998b9131abf97f22d9f7e34484f78d69fdf4c59c62abe011,0x1d0dcc8d8bcafa8e8502beaeef6cbd49d3affcdc,0x6810e776880c02933d47db1b9fc05908e5386b96,0x96de4e91629d09b6f27557c653bbff65cfdb6566,82834244444444444375,Gnosis,GNO,18,1,3000000,60000000000,1940914,2240914,deprecated,0x84a1f5a5,claimTokensFor(address[] _beneficiaries),21428416
3633116,1493658931,0x1c397119d084a057061e66d7dd82b08fc8df0ef53363eb7590ecbd279eb6e521,69,0x7c05d79362b48dbf998b9131abf97f22d9f7e34484f78d69fdf4c59c62abe011,0x1d0dcc8d8bcafa8e8502beaeef6cbd49d3affcdc,0x6810e776880c02933d47db1b9fc05908e5386b96,0xc268885b122c6902ad79a1709e1cd080ec1f9eea,82080444444444444375,Gnosis,GNO,18,1,3000000,60000000000,1940914,2240914,deprecated,0x84a1f5a5,claimTokensFor(address[] _beneficiaries),21428416
3633116,1493658931,0x1c397119d084a057061e66d7dd82b08fc8df0ef53363eb7590ecbd279eb6e521,69,0x7c05d79362b48dbf998b9131abf97f22d9f7e34484f78d69fdf4c59c62abe011,0x1d0dcc8d8bcafa8e8502beaeef6cbd49d3affcdc,0x6810e776880c02933d47db1b9fc05908e5386b96,0x483b9996bcdf15ac18f41b6e11719a1797b03edd,82080444444444444375,Gnosis,GNO,18,1,3000000,60000000000,1940914,2240914,deprecated,0x84a1f5a5,claimTokensFor(address[] _beneficiaries),21428416
3633116,1493658931,0x1c397119d084a057061e66d7dd82b08fc8df0ef53363eb7590ecbd279eb6e521,69,0x7c05d79362b48dbf998b9131abf97f22d9f7e34484f78d69fdf4c59c62abe011,0x1d0dcc8d8bcafa8e8502beaeef6cbd49d3affcdc,0x6810e776880c02933d47db1b9fc05908e5386b96,0x6810e776880c02933d47db1b9fc05908e5386b96,0,Gnosis,GNO,18,1,3000000,60000000000,1940914,2240914,deprecated,0x84a1f5a5,claimTokensFor(address[] _beneficiaries),21428416
3633116,1493658931,0x1c397119d084a057061e66d7dd82b08fc8df0ef53363eb7590ecbd279eb6e521,69,0x7c05d79362b48dbf998b9131abf97f22d9f7e34484f78d69fdf4c59c62abe011,0x1d0dcc8d8bcafa8e8502beaeef6cbd49d3affcdc,0x6810e776880c02933d47db1b9fc05908e5386b96,0xc5e84c1d77727196abfa1f0314b72935c1890a93,0,Gnosis,GNO,18,1,3000000,60000000000,1940914,2240914,deprecated,0x84a1f5a5,claimTokensFor(address[] _beneficiaries),21428416
3633116,1493658931,0x1c397119d084a057061e66d7dd82b08fc8df0ef53363eb7590ecbd279eb6e521,69,0x7c05d79362b48dbf998b9131abf97f22d9f7e34484f78d69fdf4c59c62abe011,0x1d0dcc8d8bcafa8e8502beaeef6cbd49d3affcdc,0x6810e776880c02933d47db1b9fc05908e5386b96,0x29abcce5bfee4c3eb4652e97a72bf740f44cda10,0,Gnosis,GNO,18,1,3000000,60000000000,1940914,2240914,deprecated,0x84a1f5a5,claimTokensFor(address[] _beneficiaries),21428416
3633116,1493658931,0x1c397119d084a057061e66d7dd82b08fc8df0ef53363eb7590ecbd279eb6e521,69,0x7c05d79362b48dbf998b9131abf97f22d9f7e34484f78d69fdf4c59c62abe011,0x1d0dcc8d8bcafa8e8502beaeef6cbd49d3affcdc,0x6810e776880c02933d47db1b9fc05908e5386b96,0x357eb1aa3168d769ad6eb3481299c35a797af52f,83588044444444444374,Gnosis,GNO,18,1,3000000,60000000000,1940914,2240914,deprecated,0x84a1f5a5,claimTokensFor(address[] _beneficiaries),21428416
3633116,1493658931,0x1c397119d084a057061e66d7dd82b08fc8df0ef53363eb7590ecbd279eb6e521,69,0x7c05d79362b48dbf998b9131abf97f22d9f7e34484f78d69fdf4c59c62abe011,0x1d0dcc8d8bcafa8e8502beaeef6cbd49d3affcdc,0x6810e776880c02933d47db1b9fc05908e5386b96,0xf1e7b24c0e6df56ac6a75b2accd0244bcfdb9f31,80399627588887804532,Gnosis,GNO,18,1,3000000,60000000000,1940914,2240914,deprecated,0x84a1f5a5,claimTokensFor(address[] _beneficiaries),21428416
3633116,1493658931,0x1c397119d084a057061e66d7dd82b08fc8df0ef53363eb7590ecbd279eb6e521,69,0x7c05d79362b48dbf998b9131abf97f22d9f7e34484f78d69fdf4c59c62abe011,0x1d0dcc8d8bcafa8e8502beaeef6cbd49d3affcdc,0x6810e776880c02933d47db1b9fc05908e5386b96,0xa731f309389e699a8618a36f2af1e574afc8fe9c,79567777777777777711,Gnosis,GNO,18,1,3000000,60000000000,1940914,2240914,deprecated,0x84a1f5a5,claimTokensFor(address[] _beneficiaries),21428416
3633116,1493658931,0x1c397119d084a057061e66d7dd82b08fc8df0ef53363eb7590ecbd279eb6e521,69,0x7c05d79362b48dbf998b9131abf97f22d9f7e34484f78d69fdf4c59c62abe011,0x1d0dcc8d8bcafa8e8502beaeef6cbd49d3affcdc,0x6810e776880c02933d47db1b9fc05908e5386b96,0xe208d2fb37df02061b78848b83f02b4ad33540e4,79165751111111111044,Gnosis,GNO,18,1,3000000,60000000000,1940914,2240914,deprecated,0x84a1f5a5,claimTokensFor(address[] _beneficiaries),21428416
3633116,1493658931,0x1c397119d084a057061e66d7dd82b08fc8df0ef53363eb7590ecbd279eb6e521,69,0x7c05d79362b48dbf998b9131abf97f22d9f7e34484f78d69fdf4c59c62abe011,0x1d0dcc8d8bcafa8e8502beaeef6cbd49d3affcdc,0x6810e776880c02933d47db1b9fc05908e5386b96,0x11f581c0e784ee455aba26a92e2c8ca2cce6ae0c,78730222222222222156,Gnosis,GNO,18,1,3000000,60000000000,1940914,2240914,deprecated,0x84a1f5a5,claimTokensFor(address[] _beneficiaries),21428416
3633116,1493658931,0x1c397119d084a057061e66d7dd82b08fc8df0ef53363eb7590ecbd279eb6e521,69,0x7c05d79362b48dbf998b9131abf97f22d9f7e34484f78d69fdf4c59c62abe011,0x1d0dcc8d8bcafa8e8502beaeef6cbd49d3affcdc,0x6810e776880c02933d47db1b9fc05908e5386b96,0x34af3f64bb8bdc38bfd8267ea1645f4db2871d20,77055111111111111046,Gnosis,GNO,18,1,3000000,60000000000,1940914,2240914,deprecated,0x84a1f5a5,claimTokensFor(address[] _beneficiaries),21428416
3633116,1493658931,0x1c397119d084a057061e66d7dd82b08fc8df0ef53363eb7590ecbd279eb6e521,69,0x7c05d79362b48dbf998b9131abf97f22d9f7e34484f78d69fdf4c59c62abe011,0x1d0dcc8d8bcafa8e8502beaeef6cbd49d3affcdc,0x6810e776880c02933d47db1b9fc05908e5386b96,0x91319edbacd0292e247721d19eb7437150bb7fd2,72029777777777777717,Gnosis,GNO,18,1,3000000,60000000000,1940914,2240914,deprecated,0x84a1f5a5,claimTokensFor(address[] _beneficiaries),21428416
3633116,1493658931,0x1c397119d084a057061e66d7dd82b08fc8df0ef53363eb7590ecbd279eb6e521,69,0x7c05d79362b48dbf998b9131abf97f22d9f7e34484f78d69fdf4c59c62abe011,0x1d0dcc8d8bcafa8e8502beaeef6cbd49d3affcdc,0x6810e776880c02933d47db1b9fc05908e5386b96,0x25c8012aa1d5f306ddcfaaa29fea46e012ec8de6,69014577777777777720,Gnosis,GNO,18,1,3000000,60000000000,1940914,2240914,deprecated,0x84a1f5a5,claimTokensFor(address[] _beneficiaries),21428416
3633116,1493658931,0x1c397119d084a057061e66d7dd82b08fc8df0ef53363eb7590ecbd279eb6e521,69,0x7c05d79362b48dbf998b9131abf97f22d9f7e34484f78d69fdf4c59c62abe011,0x1d0dcc8d8bcafa8e8502beaeef6cbd49d3affcdc,0x6810e776880c02933d47db1b9fc05908e5386b96,0x21314ff1669aced72b3c72ad912102186cf5e1cd,68679555555555555498,Gnosis,GNO,18,1,3000000,60000000000,1940914,2240914,deprecated,0x84a1f5a5,claimTokensFor(address[] _beneficiaries),21428416
3633116,1493658931,0x1c397119d084a057061e66d7dd82b08fc8df0ef53363eb7590ecbd279eb6e521,69,0x7c05d79362b48dbf998b9131abf97f22d9f7e34484f78d69fdf4c59c62abe011,0x1d0dcc8d8bcafa8e8502beaeef6cbd49d3affcdc,0x6810e776880c02933d47db1b9fc05908e5386b96,0x48f4c91c598102fcafff92f67bbca31ca7ae1fe4,67004444444444444388,Gnosis,GNO,18,1,3000000,60000000000,1940914,2240914,deprecated,0x84a1f5a5,claimTokensFor(address[] _beneficiaries),21428416
3633116,1493658931,0x1c397119d084a057061e66d7dd82b08fc8df0ef53363eb7590ecbd279eb6e521,69,0x7c05d79362b48dbf998b9131abf97f22d9f7e34484f78d69fdf4c59c62abe011,0x1d0dcc8d8bcafa8e8502beaeef6cbd49d3affcdc,0x6810e776880c02933d47db1b9fc05908e5386b96,0xc0f82fa8c0bb9d9222f133d3c842b6156b53932d,67004444444444444388,Gnosis,GNO,18,1,3000000,60000000000,1940914,2240914,deprecated,0x84a1f5a5,claimTokensFor(address[] _beneficiaries),21428416
3633116,1493658931,0x1c397119d084a057061e66d7dd82b08fc8df0ef53363eb7590ecbd279eb6e521,69,0x7c05d79362b48dbf998b9131abf97f22d9f7e34484f78d69fdf4c59c62abe011,0x1d0dcc8d8bcafa8e8502beaeef6cbd49d3affcdc,0x6810e776880c02933d47db1b9fc05908e5386b96,0x03e2cbb43f80eaa27f80d713fa4e7e4d431da230,100506666666666666582,Gnosis,GNO,18,1,3000000,60000000000,1940914,2240914,deprecated,0x84a1f5a5,claimTokensFor(address[] _beneficiaries),21428416
3633116,1493658931,0x1c397119d084a057061e66d7dd82b08fc8df0ef53363eb7590ecbd279eb6e521,69,0x7c05d79362b48dbf998b9131abf97f22d9f7e34484f78d69fdf4c59c62abe011,0x1d0dcc8d8bcafa8e8502beaeef6cbd49d3affcdc,0x6810e776880c02933d47db1b9fc05908e5386b96,0xdbdac7f902a093e0dab8f7c992920737a893eb11,67004444444444444388,Gnosis,GNO,18,1,3000000,60000000000,1940914,2240914,deprecated,0x84a1f5a5,claimTokensFor(address[] _beneficiaries),21428416
3633116,1493658931,0x1c397119d084a057061e66d7dd82b08fc8df0ef53363eb7590ecbd279eb6e521,69,0x7c05d79362b48dbf998b9131abf97f22d9f7e34484f78d69fdf4c59c62abe011,0x1d0dcc8d8bcafa8e8502beaeef6cbd49d3affcdc,0x6810e776880c02933d47db1b9fc05908e5386b96,0x90a64ed7b118631520ac1d71f348ff213ca51817,67004444444444444388,Gnosis,GNO,18,1,3000000,60000000000,1940914,2240914,deprecated,0x84a1f5a5,claimTokensFor(address[] _beneficiaries),21428416
3633116,1493658931,0x1c397119d084a057061e66d7dd82b08fc8df0ef53363eb7590ecbd279eb6e521,69,0x7c05d79362b48dbf998b9131abf97f22d9f7e34484f78d69fdf4c59c62abe011,0x1d0dcc8d8bcafa8e8502beaeef6cbd49d3affcdc,0x6810e776880c02933d47db1b9fc05908e5386b96,0x81d5c63fc1137b957e7bdabf575a62c7dbb2949a,66994896311111111055,Gnosis,GNO,18,1,3000000,60000000000,1940914,2240914,deprecated,0x84a1f5a5,claimTokensFor(address[] _beneficiaries),21428416
3633116,1493658931,0x1c397119d084a057061e66d7dd82b08fc8df0ef53363eb7590ecbd279eb6e521,69,0x7c05d79362b48dbf998b9131abf97f22d9f7e34484f78d69fdf4c59c62abe011,0x1d0dcc8d8bcafa8e8502beaeef6cbd49d3affcdc,0x6810e776880c02933d47db1b9fc05908e5386b96,0xef9761d46cee3a8b936c2a693f73d5112ee33bce,66987693333333333277,Gnosis,GNO,18,1,3000000,60000000000,1940914,2240914,deprecated,0x84a1f5a5,claimTokensFor(address[] _beneficiaries),21428416
3633116,1493658931,0x1c397119d084a057061e66d7dd82b08fc8df0ef53363eb7590ecbd279eb6e521,69,0x7c05d79362b48dbf998b9131abf97f22d9f7e34484f78d69fdf4c59c62abe011,0x1d0dcc8d8bcafa8e8502beaeef6cbd49d3affcdc,0x6810e776880c02933d47db1b9fc05908e5386b96,0x875bd01ef7aed08a11b236833736174cc478e186,66836933333333333277,Gnosis,GNO,18,1,3000000,60000000000,1940914,2240914,deprecated,0x84a1f5a5,claimTokensFor(address[] _beneficiaries),21428416
3633116,1493658931,0x1c397119d084a057061e66d7dd82b08fc8df0ef53363eb7590ecbd279eb6e521,69,0x7c05d79362b48dbf998b9131abf97f22d9f7e34484f78d69fdf4c59c62abe011,0x1d0dcc8d8bcafa8e8502beaeef6cbd49d3affcdc,0x6810e776880c02933d47db1b9fc05908e5386b96,0x1d0dcc8d8bcafa8e8502beaeef6cbd49d3affcdc,121110533333333333232,Gnosis,GNO,18,1,3000000,60000000000,1940914,2240914,deprecated,0x84a1f5a5,claimTokensFor(address[] _beneficiaries),21428416
3633116,1493658931,0x1c397119d084a057061e66d7dd82b08fc8df0ef53363eb7590ecbd279eb6e521,69,0x7c05d79362b48dbf998b9131abf97f22d9f7e34484f78d69fdf4c59c62abe011,0x1d0dcc8d8bcafa8e8502beaeef6cbd49d3affcdc,0x6810e776880c02933d47db1b9fc05908e5386b96,0x43774e0d4e94c0af3f1c1c3ff9edd5edcee5fe5d,65496844444444444389,Gnosis,GNO,18,1,3000000,60000000000,1940914,2240914,deprecated,0x84a1f5a5,claimTokensFor(address[] _beneficiaries),21428416
3633116,1493658931,0x1c397119d084a057061e66d7dd82b08fc8df0ef53363eb7590ecbd279eb6e521,69,0x7c05d79362b48dbf998b9131abf97f22d9f7e34484f78d69fdf4c59c62abe011,0x1d0dcc8d8bcafa8e8502beaeef6cbd49d3affcdc,0x6810e776880c02933d47db1b9fc05908e5386b96,0xe90ba8366a7838f9335fa4052959c94dff783348,65329333333333333278,Gnosis,GNO,18,1,3000000,60000000000,1940914,2240914,deprecated,0x84a1f5a5,claimTokensFor(address[] _beneficiaries),21428416
3633116,1493658931,0x1c397119d084a057061e66d7dd82b08fc8df0ef53363eb7590ecbd279eb6e521,69,0x7c05d79362b48dbf998b9131abf97f22d9f7e34484f78d69fdf4c59c62abe011,0x1d0dcc8d8bcafa8e8502beaeef6cbd49d3affcdc,0x6810e776880c02933d47db1b9fc05908e5386b96,0x0e9153899ef3c1982df86555deccaa8ff88057cb,0,Gnosis,GNO,18,1,3000000,60000000000,1940914,2240914,deprecated,0x84a1f5a5,claimTokensFor(address[] _beneficiaries),21428416
3633116,1493658931,0x1c397119d084a057061e66d7dd82b08fc8df0ef53363eb7590ecbd279eb6e521,69,0x7c05d79362b48dbf998b9131abf97f22d9f7e34484f78d69fdf4c59c62abe011,0x1d0dcc8d8bcafa8e8502beaeef6cbd49d3affcdc,0x6810e776880c02933d47db1b9fc05908e5386b96,0x8a654566edd646283c920e3225873fca5370f489,61979111111111111059,Gnosis,GNO,18,1,3000000,60000000000,1940914,2240914,deprecated,0x84a1f5a5,claimTokensFor(address[] _beneficiaries),21428416
3633116,1493658931,0x1c397119d084a057061e66d7dd82b08fc8df0ef53363eb7590ecbd279eb6e521,69,0x7c05d79362b48dbf998b9131abf97f22d9f7e34484f78d69fdf4c59c62abe011,0x1d0dcc8d8bcafa8e8502beaeef6cbd49d3affcdc,0x6810e776880c02933d47db1b9fc05908e5386b96,0x445a8b7cdc6448d0a158724c16a8907209e44cda,60751254666666666615,Gnosis,GNO,18,1,3000000,60000000000,1940914,2240914,deprecated,0x84a1f5a5,claimTokensFor(address[] _beneficiaries),21428416
3633116,1493658931,0x1c397119d084a057061e66d7dd82b08fc8df0ef53363eb7590ecbd279eb6e521,69,0x7c05d79362b48dbf998b9131abf97f22d9f7e34484f78d69fdf4c59c62abe011,0x1d0dcc8d8bcafa8e8502beaeef6cbd49d3affcdc,0x6810e776880c02933d47db1b9fc05908e5386b96,0xdbde6ce8e80fa64429b4f2c740184a3960dc329e,58620513333333333284,Gnosis,GNO,18,1,3000000,60000000000,1940914,2240914,deprecated,0x84a1f5a5,claimTokensFor(address[] _beneficiaries),21428416
3633116,1493658931,0x1c397119d084a057061e66d7dd82b08fc8df0ef53363eb7590ecbd279eb6e521,69,0x7c05d79362b48dbf998b9131abf97f22d9f7e34484f78d69fdf4c59c62abe011,0x1d0dcc8d8bcafa8e8502beaeef6cbd49d3affcdc,0x6810e776880c02933d47db1b9fc05908e5386b96,0x6e1207988b99779cd6835d5dd8b262a7f43e9451,58620513333333333284,Gnosis,GNO,18,1,3000000,60000000000,1940914,2240914,deprecated,0x84a1f5a5,claimTokensFor(address[] _beneficiaries),21428416
3633116,1493658931,0x1c397119d084a057061e66d7dd82b08fc8df0ef53363eb7590ecbd279eb6e521,69,0x7c05d79362b48dbf998b9131abf97f22d9f7e34484f78d69fdf4c59c62abe011,0x1d0dcc8d8bcafa8e8502beaeef6cbd49d3affcdc,0x6810e776880c02933d47db1b9fc05908e5386b96,0xb8a205399ff41145cf45c914b990befd125e581c,0,Gnosis,GNO,18,1,3000000,60000000000,1940914,2240914,deprecated,0x84a1f5a5,claimTokensFor(address[] _beneficiaries),21428416
3633116,1493658931,0x1c397119d084a057061e66d7dd82b08fc8df0ef53363eb7590ecbd279eb6e521,69,0x7c05d79362b48dbf998b9131abf97f22d9f7e34484f78d69fdf4c59c62abe011,0x1d0dcc8d8bcafa8e8502beaeef6cbd49d3affcdc,0x6810e776880c02933d47db1b9fc05908e5386b96,0x91f5296d426e2657d4fb16ef0f63411bb5a56338,55715786911111111064,Gnosis,GNO,18,1,3000000,60000000000,1940914,2240914,deprecated,0x84a1f5a5,claimTokensFor(address[] _beneficiaries),21428416
3633116,1493658931,0x1c397119d084a057061e66d7dd82b08fc8df0ef53363eb7590ecbd279eb6e521,69,0x7c05d79362b48dbf998b9131abf97f22d9f7e34484f78d69fdf4c59c62abe011,0x1d0dcc8d8bcafa8e8502beaeef6cbd49d3affcdc,0x6810e776880c02933d47db1b9fc05908e5386b96,0xa836c89dd3dea4e1f25fe7e6d1c65bd250e706a7,51928444444444444401,Gnosis,GNO,18,1,3000000,60000000000,1940914,2240914,deprecated,0x84a1f5a5,claimTokensFor(address[] _beneficiaries),21428416
3633116,1493658931,0x46a840146377a228950a19dff06475b5eb6de49dad85bc2779718f41b15d9398,5,0x7c05d79362b48dbf998b9131abf97f22d9f7e34484f78d69fdf4c59c62abe011,0x3bc1177284e0360ae48bd61b481cc448e563c43c,0x6810e776880c02933d47db1b9fc05908e5386b96,0x0490b09f387a32de44167a1674056dc1f643e4ea,100000000000000000000,Gnosis,GNO,18,6,150000,22037730766,51473,2414907,deprecated,0xa9059cbb,"transfer(address _to, uint256 _value)",21428416
3633116,1493658931,0xdba3c9b203edcb97c45a2711bd9b37d1f6934d3bb6e2287493421eab7f4507b9,2,0x7c05d79362b48dbf998b9131abf97f22d9f7e34484f78d69fdf4c59c62abe011,0x88885960dc55b9fdcb5e51070baf0e634e7b3232,0x6810e776880c02933d47db1b9fc05908e5386b96,0x503f7b5158ed7d1665b53478fd2a4847a8f59010,837555500000000000000,Gnosis,GNO,18,7,150000,22033334115,51537,2466444,deprecated,0xa9059cbb,"transfer(address _to, uint256 _value)",21428416
3633116,1493658931,0x59fe0915c0a7edc1371e3bd5304f3490ae78df6f098b521a601be3df61329c26,2,0x7c05d79362b48dbf998b9131abf97f22d9f7e34484f78d69fdf4c59c62abe011,0x1d0dcc8d8bcafa8e8502beaeef6cbd49d3affcdc,0x6810e776880c02933d47db1b9fc05908e5386b96,0xdf8fa8c4791f79e102c4b7a1eb980084e4f19a99,8369681202344167615,Gnosis,GNO,18,9,150000,21798736663,43853,2531297,deprecated,0xdf8de3e7,claimTokens(address receiver),21428416
3633116,1493658931,0xdd03cf3f8fee15e1e4b49426296319d11c5aa6cf6e085c43aa37aa664d17a227,1,0x7c05d79362b48dbf998b9131abf97f22d9f7e34484f78d69fdf4c59c62abe011,0x1d0dcc8d8bcafa8e8502beaeef6cbd49d3affcdc,0x6810e776880c02933d47db1b9fc05908e5386b96,0x5fff589fbbc063e61e35d0dc526b567ba0e5a0b8,0,Gnosis,GNO,18,10,150000,21798736663,43853,2575150,deprecated,0xdf8de3e7,claimTokens(address receiver),21428416
3633116,1493658931,0x037b43e99cb95cdcd47ef9f37060da4f3676bb660473e694b0679fae50ee6d15,1,0x7c05d79362b48dbf998b9131abf97f22d9f7e34484f78d69fdf4c59c62abe011,0x19076bd01e86fa3d76334e27d4b8e6789688a42d,0x6810e776880c02933d47db1b9fc05908e5386b96,0xc0c1d3efaf34d06ae9539dab81bd329775c67eeb,16749303766728888874,Gnosis,GNO,18,14,150000,20000000000,43901,2713261,deprecated,0x,,21428416
3633116,1493658931,0x16f0802b6a93fcaf9da8e84e82042a0cdfb1aabad7db76599d088842cac991c1,21,0x7c05d79362b48dbf998b9131abf97f22d9f7e34484f78d69fdf4c59c62abe011,0x19076bd01e86fa3d76334e27d4b8e6789688a42d,0x6810e776880c02933d47db1b9fc05908e5386b96,0x4168814716e4ed77f1650e4afc729b2b013149c4,0,Gnosis,GNO,18,17,50000,20000000000,43901,2799162,deprecated,0x,,21428416
3633116,1493658931,0x1c41b4265c33bbc8a7f2cb654b4dd3ede57841e4623e2ab3adc2007de80a2863,1,0x7c05d79362b48dbf998b9131abf97f22d9f7e34484f78d69fdf4c59c62abe011,0x19076bd01e86fa3d76334e27d4b8e6789688a42d,0x6810e776880c02933d47db1b9fc05908e5386b96,0x346d962f1bac7ec9a0d9abe2cd52af2994f0fdb6,221114666666666666481,Gnosis,GNO,18,20,64000,20000000000,43901,2895044,deprecated,0x,,21428416
3633116,1493658931,0x1f35fb192c68716072c64e42039b8cd9530e011ebc68ae23f27f82f4f972b854,28,0x7c05d79362b48dbf998b9131abf97f22d9f7e34484f78d69fdf4c59c62abe011,0x19076bd01e86fa3d76334e27d4b8e6789688a42d,0x6810e776880c02933d47db1b9fc05908e5386b96,0x006c6af83451fd0a360d61e2c8a6f55fa82a5e2c,48578222222222222181,Gnosis,GNO,18,23,70091,20000000000,43901,2989036,deprecated,0x,,21428416
3633116,1493658931,0x5dc3340706e4932e55a97af209c268fd091974427dafe7676c3c19040a5ebc67,4,0x7c05d79362b48dbf998b9131abf97f22d9f7e34484f78d69fdf4c59c62abe011,0x19076bd01e86fa3d76334e27d4b8e6789688a42d,0x6810e776880c02933d47db1b9fc05908e5386b96,0xe26d79eb8f34a5648993e6c758126275b866aae4,13400888888888888877,Gnosis,GNO,18,33,150000,20000000000,43901,3232921,deprecated,0x,,21428416
3633116,1493658931,0x6a2245f75ebcb057898f3534be2feb38e339fbab69be865fde6d8805ef08e630,2,0x7c05d79362b48dbf998b9131abf97f22d9f7e34484f78d69fdf4c59c62abe011,0x19076bd01e86fa3d76334e27d4b8e6789688a42d,0x6810e776880c02933d47db1b9fc05908e5386b96,0xe31153d5666633ab599f7db3c41dc719fef5702f,53603555555555555510,Gnosis,GNO,18,35,65211,20000000000,43901,3426822,deprecated,0x,,21428416
3633116,1493658931,0x853358b9374d6522fb465b14df5394eabbc8b4d82d23264bcaba4919ebd83978,5,0x7c05d79362b48dbf998b9131abf97f22d9f7e34484f78d69fdf4c59c62abe011,0x19076bd01e86fa3d76334e27d4b8e6789688a42d,0x6810e776880c02933d47db1b9fc05908e5386b96,0xe2f1bcdfab4faeb01269593a5c19fd964c53507e,67004444444444444388,Gnosis,GNO,18,36,65211,20000000000,43901,3470723,deprecated,0x,,21428416
3633116,1493658931,0xa95db4dfca557c020ad07239220773ce8863c6354a67cb51b8d6997023bbb88f,2,0x7c05d79362b48dbf998b9131abf97f22d9f7e34484f78d69fdf4c59c62abe011,0x19076bd01e86fa3d76334e27d4b8e6789688a42d,0x6810e776880c02933d47db1b9fc05908e5386b96,0x79d9fb4e3d2751703cf6b4b81accbd2628fe3cc2,82080444444444444375,Gnosis,GNO,18,41,130000,20000000000,43901,3616696,deprecated,0x,,21428416
3633116,1493658931,0xb35dfae0c2b0d99e0a99eecd5377a9c540bbb02bbafff5fcbf784cdc0cad68b0,8,0x7c05d79362b48dbf998b9131abf97f22d9f7e34484f78d69fdf4c59c62abe011,0x9fd66eaa211282e3b26d3bb9fd8ac7e89600c4b2,0x6810e776880c02933d47db1b9fc05908e5386b96,0x948cc1ae498e6306b9e64dea0e521254eb61a8be,2000000000000000000,Gnosis,GNO,18,42,70000,20000000000,51409,3668105,deprecated,0xa9059cbb,"transfer(address _to, uint256 _value)",21428416
3633116,1493658931,0xc0de55affbdcb4d1f5a90c8d8187f5c4ac11b2a2b79de481ba876cf8526e3a34,70,0x7c05d79362b48dbf998b9131abf97f22d9f7e34484f78d69fdf4c59c62abe011,0xd5a3c587bfe0f077106a5e2bcfd312c3c0ed7f35,0x6810e776880c02933d47db1b9fc05908e5386b96,0x1b7f267861db7c57d7c6c841d3a57c8815148659,10000000000000000000,Gnosis,GNO,18,45,150000,20000000000,51409,3771495,deprecated,0xa9059cbb,"transfer(address _to, uint256 _value)",21428416
3633116,1493658931,0xd0745750b080058e54479ade1c519fc82e74fb7a1d9e4c2bca3c37341aafee0f,3,0x7c05d79362b48dbf998b9131abf97f22d9f7e34484f78d69fdf4c59c62abe011,0x19076bd01e86fa3d76334e27d4b8e6789688a42d,0x6810e776880c02933d47db1b9fc05908e5386b96,0x01f5be9fcc63bb4ede40e89db317d507c5adf81b,67004444444444444388,Gnosis,GNO,18,49,65211,20000000000,43901,3909377,deprecated,0x,,21428416
3633116,1493658931,0xd450840ed4ff22c6d3351023a7bc32b8941e9bf89741668ef6f9f9a85c87293c,75,0x7c05d79362b48dbf998b9131abf97f22d9f7e34484f78d69fdf4c59c62abe011,0x7aa534c9b18d6f4117301971962986467e74eed1,0x6810e776880c02933d47db1b9fc05908e5386b96,0xd47297cdcf36eed17305d6a5471c6cd482c7e91c,3350222222222222219419,Gnosis,GNO,18,51,136601,20000000000,21601,3951978,deprecated,0xa9059cbb,"transfer(address _to, uint256 _value)",21428416
3633116,1493658931,0xd79db30db70bc9c7604208e39d60b0fc5e66c1b3579c8e438f9ab32338c677d4,11,0x7c05d79362b48dbf998b9131abf97f22d9f7e34484f78d69fdf4c59c62abe011,0x9d7bcfc2feaf199910a45c8d73509de6c3056b22,0x6810e776880c02933d47db1b9fc05908e5386b96,0x67ac38a42dc2afe96b51658097be344e5df6bb2e,16751111111111111097,Gnosis,GNO,18,52,56537,20000000000,36537,3988515,deprecated,0xa9059cbb,"transfer(address _to, uint256 _value)",21428416
3633116,1493658931,0xe1b748c5cf705689a761f12f86ca937e2e7f0199409edf3dd435008ba88dc3c3,3,0x7c05d79362b48dbf998b9131abf97f22d9f7e34484f78d69fdf4c59c62abe011,0x1bc1b320b58af723dcf3391ff428be3dc2ec39b6,0x6810e776880c02933d47db1b9fc05908e5386b96,0xfbfd40e9a118b57a1af2357640fbd679e91dfb0a,10000000000000000000,Gnosis,GNO,18,54,70000,20000000000,51409,4060924,deprecated,0xa9059cbb,"transfer(address _to, uint256 _value)",21428416
3633116,1493658931,0xff060c98c4682c8b917016526a36e962e08b484e913dae78caa259b723ea4a3c,5,0x7c05d79362b48dbf998b9131abf97f22d9f7e34484f78d69fdf4c59c62abe011,0x19076bd01e86fa3d76334e27d4b8e6789688a42d,0x6810e776880c02933d47db1b9fc05908e5386b96,0x1466e94cc3dcc19760bd880b77f3da194a83a5da,158262212537596444312,Gnosis,GNO,18,58,65211,20000000000,43901,4168925,deprecated,0x,,21428416
3633117,1493658933,0xeaa7b989063d1ecc00fe1cb58d6239c5a279dc922d5303efe4dc03d35de312d7,10,0xd8d43115bf43ddfc383d99b4751e92b18baeb93533a6049fdf0ac9c57863b169,0x19076bd01e86fa3d76334e27d4b8e6789688a42d,0x6810e776880c02933d47db1b9fc05908e5386b96,0xbd2eec18bec9ee7ea45d03b2cca848e0a32ab16c,41877777777777777742,Gnosis,GNO,18,0,158901,77000000000,43901,43901,deprecated,0x,,21428415
3633117,1493658933,0x66183664588a063e6571588a12d23b0533abbc11e23ff495620c5b0f64813840,6,0xd8d43115bf43ddfc383d99b4751e92b18baeb93533a6049fdf0ac9c57863b169,0x3bc1177284e0360ae48bd61b481cc448e563c43c,0x6810e776880c02933d47db1b9fc05908e5386b96,0x00888a06058fc008555f593e1ef911d63d8b59d2,100000000000000000000,Gnosis,GNO,18,2,150000,21553445912,51409,138150,deprecated,0xa9059cbb,"transfer(address _to, uint256 _value)",21428415
3633117,1493658933,0x20b022057ce5e1fdd1c8f1b6297b82d79bfc9fe6e7bf078e99769fa52433106d,3,0xd8d43115bf43ddfc383d99b4751e92b18baeb93533a6049fdf0ac9c57863b169,0x19076bd01e86fa3d76334e27d4b8e6789688a42d,0x6810e776880c02933d47db1b9fc05908e5386b96,0x865133f0d7d7133ed1a5a4500dee0f408428fb37,371874666666666666355,Gnosis,GNO,18,5,75211,20000000000,43901,242206,deprecated,0x,,21428415
3633117,1493658933,0x2368e2f6683aa415608171ec5a72b99572ef06d933c3a85dcb60e7420a1ad871,3,0xd8d43115bf43ddfc383d99b4751e92b18baeb93533a6049fdf0ac9c57863b169,0x19076bd01e86fa3d76334e27d4b8e6789688a42d,0x6810e776880c02933d47db1b9fc05908e5386b96,0x6b07c1fdd30e6e22058edd4fb7b72a3be862ad3a,150324471111111110985,Gnosis,GNO,18,6,100000,20000000000,43901,286107,deprecated,0x,,21428415
3633117,1493658933,0x985e1fc11cec2931755e5a175850bc83d804d4b63d9fedc057e12bb68a50ab8a,13,0xd8d43115bf43ddfc383d99b4751e92b18baeb93533a6049fdf0ac9c57863b169,0x19076bd01e86fa3d76334e27d4b8e6789688a42d,0x6810e776880c02933d47db1b9fc05908e5386b96,0x2d28996180b7a6e817bb0aef6f7013c8c4a2dfe6,37689999999999999968,Gnosis,GNO,18,8,120000,20000000000,43901,351008,deprecated,0x,,21428415
3633117,1493658933,0xa05cd6472032584f7cc77d7a3eb0b3a1afa7a3ae5d1c88452f424afb5cb0bd38,15,0xd8d43115bf43ddfc383d99b4751e92b18baeb93533a6049fdf0ac9c57863b169,0x19076bd01e86fa3d76334e27d4b8e6789688a42d,0x6810e776880c02933d47db1b9fc05908e5386b96,0xf6612610f179cf58136dbe34b36acb560b3dc932,8375555555555555548,Gnosis,GNO,18,9,130422,20000000000,43901,394909,deprecated,0x,,21428415
3633117,1493658933,0xbcc43453c3d768d7810167c386e89e3ffeb61871ce191bbf5302884209e6abba,6,0xd8d43115bf43ddfc383d99b4751e92b18baeb93533a6049fdf0ac9c57863b169,0x19076bd01e86fa3d76334e27d4b8e6789688a42d,0x6810e776880c02933d47db1b9fc05908e5386b96,0x7a4f3cf71e8970bd2967e91a1b8efde80785a8ea,50253333333333333291,Gnosis,GNO,18,11,130000,20000000000,43901,459810,deprecated,0x,,21428415
3633117,1493658933,0xf7954f695b6ceb22d7bb633db998e0910d6e7117e758bdcd209aa30b95344f6c,4,0xd8d43115bf43ddfc383d99b4751e92b18baeb93533a6049fdf0ac9c57863b169,0x19076bd01e86fa3d76334e27d4b8e6789688a42d,0x6810e776880c02933d47db1b9fc05908e5386b96,0x3d8fc849e979dbef0283c96bcc2d6c1f3c8475bd,87105777777777777704,Gnosis,GNO,18,15,600000,20000000000,43901,566711,deprecated,0x,,21428415
3633117,1493658933,0xff54efe540777894dbff47cb97a96c1e22764ba8791c1e1ef7bf8dd19ba0d076,2,0xd8d43115bf43ddfc383d99b4751e92b18baeb93533a6049fdf0ac9c57863b169,0x19076bd01e86fa3d76334e27d4b8e6789688a42d,0x6810e776880c02933d47db1b9fc05908e5386b96,0x3ff5174acf01ee9749c37ae168494fc01e75c323,167511111111111110970,Gnosis,GNO,18,16,210000,20000000000,43901,610612,deprecated,0x,,21428415
3633117,1493658933,0xff7f4445dbc34be10466cabfd11112e229d647912474181d9db2bba60beabeec,21,0xd8d43115bf43ddfc383d99b4751e92b18baeb93533a6049fdf0ac9c57863b169,0x25ceac4b0fd802c4b9df7dd7c730d6c25903b11c,0x6810e776880c02933d47db1b9fc05908e5386b96,0xf7c734be5850eff00e54982e760d7038227b7a5f,48578222222222222181,Gnosis,GNO,18,17,256601,20000000000,36601,647213,deprecated,0xa9059cbb,"transfer(address _to, uint256 _value)",21428415
3633120,1493658962,0x967e6b7fc561b591fc3529bdcaef6db26c2cfb1a947e7f02303a5b610e2424c4,2,0xc222a5bfc9f2e073bce04bb0955772a939d54b6b28792ed1b5e5b7e6a28a11b5,0xe062133eb8c482ad8c12f2e31618ba37b2b5c0e1,0x6810e776880c02933d47db1b9fc05908e5386b96,0x260ac904d847d30bdcd6891326aaef69f4838275,335022222222222221941,Gnosis,GNO,18,0,151601,211000000000,36601,36601,deprecated,0xa9059cbb,"transfer(address _to, uint256 _value)",21428412
3633120,1493658962,0x7f6134e3891d1d05a54cb4de0178ac23b828de4d2e53c51f2816db382bdb5d84,32,0xc222a5bfc9f2e073bce04bb0955772a939d54b6b28792ed1b5e5b7e6a28a11b5,0x3fe666fc563e5fa99f8e0e6988ee2070cea1fa6b,0x6810e776880c02933d47db1b9fc05908e5386b96,0x550eefdf3f5a3f36acebbd5ff3ff76a2a1b5bbf5,82060000000000000000,Gnosis,GNO,18,1,151474,108000000000,51473,88074,deprecated,0xa9059cbb,"transfer(address _to, uint256 _value)",21428412
3633120,1493658962,0xf31b8711bc46b04a6dd82dc2f9a722615b544e10e89e638a03c82279f3d68274,70,0xc222a5bfc9f2e073bce04bb0955772a939d54b6b28792ed1b5e5b7e6a28a11b5,0x1d0dcc8d8bcafa8e8502beaeef6cbd49d3affcdc,0x6810e776880c02933d47db1b9fc05908e5386b96,0x701a88d7817929e7ac68ea76d65594491b2a2a10,51920068888888888845,Gnosis,GNO,18,3,3000000,60000000000,1955850,2343924,deprecated,0x84a1f5a5,claimTokensFor(address[] _beneficiaries),21428412
3633120,1493658962,0xf31b8711bc46b04a6dd82dc2f9a722615b544e10e89e638a03c82279f3d68274,70,0xc222a5bfc9f2e073bce04bb0955772a939d54b6b28792ed1b5e5b7e6a28a11b5,0x1d0dcc8d8bcafa8e8502beaeef6cbd49d3affcdc,0x6810e776880c02933d47db1b9fc05908e5386b96,0xde623c87bf538d2254d7bb9617394ae35c0de755,0,Gnosis,GNO,18,3,3000000,60000000000,1955850,2343924,deprecated,0x84a1f5a5,claimTokensFor(address[] _beneficiaries),21428412
3633120,1493658962,0xf31b8711bc46b04a6dd82dc2f9a722615b544e10e89e638a03c82279f3d68274,70,0xc222a5bfc9f2e073bce04bb0955772a939d54b6b28792ed1b5e5b7e6a28a11b5,0x1d0dcc8d8bcafa8e8502beaeef6cbd49d3affcdc,0x6810e776880c02933d47db1b9fc05908e5386b96,0xca852a1fbd35b557c221166f8e75ab714d01fb9d,0,Gnosis,GNO,18,3,3000000,60000000000,1955850,2343924,deprecated,0x84a1f5a5,claimTokensFor(address[] _beneficiaries),21428412
3633120,1493658962,0xf31b8711bc46b04a6dd82dc2f9a722615b544e10e89e638a03c82279f3d68274,70,0xc222a5bfc9f2e073bce04bb0955772a939d54b6b28792ed1b5e5b7e6a28a11b5,0x1d0dcc8d8bcafa8e8502beaeef6cbd49d3affcdc,0x6810e776880c02933d47db1b9fc05908e5386b96,0x46668a7d0a4d9c07d3513d2d74a5ca0cbce047e4,50253333333333333291,Gnosis,GNO,18,3,3000000,60000000000,1955850,2343924,deprecated,0x84a1f5a5,claimTokensFor(address[] _beneficiaries),21428412
3633120,1493658962,0xf31b8711bc46b04a6dd82dc2f9a722615b544e10e89e638a03c82279f3d68274,70,0xc222a5bfc9f2e073bce04bb0955772a939d54b6b28792ed1b5e5b7e6a28a11b5,0x1d0dcc8d8bcafa8e8502beaeef6cbd49d3affcdc,0x6810e776880c02933d47db1b9fc05908e5386b96,0x4faa058b0f3eeaa5cf7a895c9629cadf2a45cd89,100506666666666666582,Gnosis,GNO,18,3,3000000,60000000000,1955850,2343924,deprecated,0x84a1f5a5,claimTokensFor(address[] _beneficiaries),21428412
3633120,1493658962,0xf31b8711bc46b04a6dd82dc2f9a722615b544e10e89e638a03c82279f3d68274,70,0xc222a5bfc9f2e073bce04bb0955772a939d54b6b28792ed1b5e5b7e6a28a11b5,0x1d0dcc8d8bcafa8e8502beaeef6cbd49d3affcdc,0x6810e776880c02933d47db1b9fc05908e5386b96,0x4faa058b0f3eeaa5cf7a895c9629cadf2a45cd89,0,Gnosis,GNO,18,3,3000000,60000000000,1955850,2343924,deprecated,0x84a1f5a5,claimTokensFor(address[] _beneficiaries),21428412
3633120,1493658962,0xf31b8711bc46b04a6dd82dc2f9a722615b544e10e89e638a03c82279f3d68274,70,0xc222a5bfc9f2e073bce04bb0955772a939d54b6b28792ed1b5e5b7e6a28a11b5,0x1d0dcc8d8bcafa8e8502beaeef6cbd49d3affcdc,0x6810e776880c02933d47db1b9fc05908e5386b96,0x009a6191f45a565b93b1d7524510fe5ba767588b,83755555555555555485,Gnosis,GNO,18,3,3000000,60000000000,1955850,2343924,deprecated,0x84a1f5a5,claimTokensFor(address[] _beneficiaries),21428412
3633120,1493658962,0xf31b8711bc46b04a6dd82dc2f9a722615b544e10e89e638a03c82279f3d68274,70,0xc222a5bfc9f2e073bce04bb0955772a939d54b6b28792ed1b5e5b7e6a28a11b5,0x1d0dcc8d8bcafa8e8502beaeef6cbd49d3affcdc,0x6810e776880c02933d47db1b9fc05908e5386b96,0x512f16a8f646b72f22041c1a9ce6dafee9d86187,50253333333333333291,Gnosis,GNO,18,3,3000000,60000000000,1955850,2343924,deprecated,0x84a1f5a5,claimTokensFor(address[] _beneficiaries),21428412
3633120,1493658962,0xf31b8711bc46b04a6dd82dc2f9a722615b544e10e89e638a03c82279f3d68274,70,0xc222a5bfc9f2e073bce04bb0955772a939d54b6b28792ed1b5e5b7e6a28a11b5,0x1d0dcc8d8bcafa8e8502beaeef6cbd49d3affcdc,0x6810e776880c02933d47db1b9fc05908e5386b96,0x74fdc967564af1c864e89d2a160625c61db69702,25973020436592224233,Gnosis,GNO,18,3,3000000,60000000000,1955850,2343924,deprecated,0x84a1f5a5,claimTokensFor(address[] _beneficiaries),21428412
3633120,1493658962,0xf31b8711bc46b04a6dd82dc2f9a722615b544e10e89e638a03c82279f3d68274,70,0xc222a5bfc9f2e073bce04bb0955772a939d54b6b28792ed1b5e5b7e6a28a11b5,0x1d0dcc8d8bcafa8e8502beaeef6cbd49d3affcdc,0x6810e776880c02933d47db1b9fc05908e5386b96,0x7d3efb7c2e6e2725dc6ab1845673db1eb98eba0e,58628888888888888839,Gnosis,GNO,18,3,3000000,60000000000,1955850,2343924,deprecated,0x84a1f5a5,claimTokensFor(address[] _beneficiaries),21428412
3633120,1493658962,0xf31b8711bc46b04a6dd82dc2f9a722615b544e10e89e638a03c82279f3d68274,70,0xc222a5bfc9f2e073bce04bb0955772a939d54b6b28792ed1b5e5b7e6a28a11b5,0x1d0dcc8d8bcafa8e8502beaeef6cbd49d3affcdc,0x6810e776880c02933d47db1b9fc05908e5386b96,0x3fd4af7d983c587d56199e4499159a2408953bbd,70354666666666666607,Gnosis,GNO,18,3,3000000,60000000000,1955850,2343924,deprecated,0x84a1f5a5,claimTokensFor(address[] _beneficiaries),21428412
3633120,1493658962,0xf31b8711bc46b04a6dd82dc2f9a722615b544e10e89e638a03c82279f3d68274,70,0xc222a5bfc9f2e073bce04bb0955772a939d54b6b28792ed1b5e5b7e6a28a11b5,0x1d0dcc8d8bcafa8e8502beaeef6cbd49d3affcdc,0x6810e776880c02933d47db1b9fc05908e5386b96,0x07ad11466475ad71aa89d7bc48bebfa4e1e162ee,50253333333333333291,Gnosis,GNO,18,3,3000000,60000000000,1955850,2343924,deprecated,0x84a1f5a5,claimTokensFor(address[] _beneficiaries),21428412
3633120,1493658962,0xf31b8711bc46b04a6dd82dc2f9a722615b544e10e89e638a03c82279f3d68274,70,0xc222a5bfc9f2e073bce04bb0955772a939d54b6b28792ed1b5e5b7e6a28a11b5,0x1d0dcc8d8bcafa8e8502beaeef6cbd49d3affcdc,0x6810e776880c02933d47db1b9fc05908e5386b96,0xe2e26e4e1dcf30d048cc6ecf9d51ec1205a4e926,50253333333333333291,Gnosis,GNO,18,3,3000000,60000000000,1955850,2343924,deprecated,0x84a1f5a5,claimTokensFor(address[] _beneficiaries),21428412
3633120,1493658962,0xf31b8711bc46b04a6dd82dc2f9a722615b544e10e89e638a03c82279f3d68274,70,0xc222a5bfc9f2e073bce04bb0955772a939d54b6b28792ed1b5e5b7e6a28a11b5,0x1d0dcc8d8bcafa8e8502beaeef6cbd49d3affcdc,0x6810e776880c02933d47db1b9fc05908e5386b96,0x5b60467a6d76643cabbdf7211e541fb2559684b8,50253333333333333291,Gnosis,GNO,18,3,3000000,60000000000,1955850,2343924,deprecated,0x84a1f5a5,claimTokensFor(address[] _beneficiaries),21428412
3633120,1493658962,0xf31b8711bc46b04a6dd82dc2f9a722615b544e10e89e638a03c82279f3d68274,70,0xc222a5bfc9f2e073bce04bb0955772a939d54b6b28792ed1b5e5b7e6a28a11b5,0x1d0dcc8d8bcafa8e8502beaeef6cbd49d3affcdc,0x6810e776880c02933d47db1b9fc05908e5386b96,0xd172e12d8fb0185598495ead709791f3b384fa27,50244957777777777735,Gnosis,GNO,18,3,3000000,60000000000,1955850,2343924,deprecated,0x84a1f5a5,claimTokensFor(address[] _beneficiaries),21428412
3633120,1493658962,0xf31b8711bc46b04a6dd82dc2f9a722615b544e10e89e638a03c82279f3d68274,70,0xc222a5bfc9f2e073bce04bb0955772a939d54b6b28792ed1b5e5b7e6a28a11b5,0x1d0dcc8d8bcafa8e8502beaeef6cbd49d3affcdc,0x6810e776880c02933d47db1b9fc05908e5386b96,0xcb34c1ccea05fdea4f57bff8b83b919ed9f51595,50233231999999999957,Gnosis,GNO,18,3,3000000,60000000000,1955850,2343924,deprecated,0x84a1f5a5,claimTokensFor(address[] _beneficiaries),21428412
3633120,1493658962,0xf31b8711bc46b04a6dd82dc2f9a722615b544e10e89e638a03c82279f3d68274,70,0xc222a5bfc9f2e073bce04bb0955772a939d54b6b28792ed1b5e5b7e6a28a11b5,0x1d0dcc8d8bcafa8e8502beaeef6cbd49d3affcdc,0x6810e776880c02933d47db1b9fc05908e5386b96,0x268361d457ef1634081c0a5ebed3694a7463d1b7,50227034088888888846,Gnosis,GNO,18,3,3000000,60000000000,1955850,2343924,deprecated,0x84a1f5a5,claimTokensFor(address[] _beneficiaries),21428412
3633120,1493658962,0xf31b8711bc46b04a6dd82dc2f9a722615b544e10e89e638a03c82279f3d68274,70,0xc222a5bfc9f2e073bce04bb0955772a939d54b6b28792ed1b5e5b7e6a28a11b5,0x1d0dcc8d8bcafa8e8502beaeef6cbd49d3affcdc,0x6810e776880c02933d47db1b9fc05908e5386b96,0x66533e26043d95aace2a97f306b1c62876358a64,48578222222222222181,Gnosis,GNO,18,3,3000000,60000000000,1955850,2343924,deprecated,0x84a1f5a5,claimTokensFor(address[] _beneficiaries),21428412
3633120,1493658962,0xf31b8711bc46b04a6dd82dc2f9a722615b544e10e89e638a03c82279f3d68274,70,0xc222a5bfc9f2e073bce04bb0955772a939d54b6b28792ed1b5e5b7e6a28a11b5,0x1d0dcc8d8bcafa8e8502beaeef6cbd49d3affcdc,0x6810e776880c02933d47db1b9fc05908e5386b96,0x3a289ec90fdaf63555227ddb016b6d1a80a38703,48578222222222222181,Gnosis,GNO,18,3,3000000,60000000000,1955850,2343924,deprecated,0x84a1f5a5,claimTokensFor(address[] _beneficiaries),21428412
3633120,1493658962,0xf31b8711bc46b04a6dd82dc2f9a722615b544e10e89e638a03c82279f3d68274,70,0xc222a5bfc9f2e073bce04bb0955772a939d54b6b28792ed1b5e5b7e6a28a11b5,0x1d0dcc8d8bcafa8e8502beaeef6cbd49d3affcdc,0x6810e776880c02933d47db1b9fc05908e5386b96,0xf8dfaeecf78c53aefa477aeaf1a992b251f4368f,48226448888888888848,Gnosis,GNO,18,3,3000000,60000000000,1955850,2343924,deprecated,0x84a1f5a5,claimTokensFor(address[] _beneficiaries),21428412
3633120,1493658962,0xf31b8711bc46b04a6dd82dc2f9a722615b544e10e89e638a03c82279f3d68274,70,0xc222a5bfc9f2e073bce04bb0955772a939d54b6b28792ed1b5e5b7e6a28a11b5,0x1d0dcc8d8bcafa8e8502beaeef6cbd49d3affcdc,0x6810e776880c02933d47db1b9fc05908e5386b96,0xe7aa7aeab52b8479e2c04a5af79ac0862265ba62,46903111111111111071,Gnosis,GNO,18,3,3000000,60000000000,1955850,2343924,deprecated,0x84a1f5a5,claimTokensFor(address[] _beneficiaries),21428412
3633120,1493658962,0xf31b8711bc46b04a6dd82dc2f9a722615b544e10e89e638a03c82279f3d68274,70,0xc222a5bfc9f2e073bce04bb0955772a939d54b6b28792ed1b5e5b7e6a28a11b5,0x1d0dcc8d8bcafa8e8502beaeef6cbd49d3affcdc,0x6810e776880c02933d47db1b9fc05908e5386b96,0x80e544021cff27fc91f39799d8343e68638a4405,50253333333333333291,Gnosis,GNO,18,3,3000000,60000000000,1955850,2343924,deprecated,0x84a1f5a5,claimTokensFor(address[] _beneficiaries),21428412
3633120,1493658962,0xf31b8711bc46b04a6dd82dc2f9a722615b544e10e89e638a03c82279f3d68274,70,0xc222a5bfc9f2e073bce04bb0955772a939d54b6b28792ed1b5e5b7e6a28a11b5,0x1d0dcc8d8bcafa8e8502beaeef6cbd49d3affcdc,0x6810e776880c02933d47db1b9fc05908e5386b96,0xe1d75e3faaa0756609c14ae664b4f97c038cdb66,46903111111111111071,Gnosis,GNO,18,3,3000000,60000000000,1955850,2343924,deprecated,0x84a1f5a5,claimTokensFor(address[] _beneficiaries),21428412
3633120,1493658962,0xf31b8711bc46b04a6dd82dc2f9a722615b544e10e89e638a03c82279f3d68274,70,0xc222a5bfc9f2e073bce04bb0955772a939d54b6b28792ed1b5e5b7e6a28a11b5,0x1d0dcc8d8bcafa8e8502beaeef6cbd49d3affcdc,0x6810e776880c02933d47db1b9fc05908e5386b96,0xb36afc551ddefd0cb4564df22991d1f3fad6a7d9,46065555555555555517,Gnosis,GNO,18,3,3000000,60000000000,1955850,2343924,deprecated,0x84a1f5a5,claimTokensFor(address[] _beneficiaries),21428412
3633120,1493658962,0xf31b8711bc46b04a6dd82dc2f9a722615b544e10e89e638a03c82279f3d68274,70,0xc222a5bfc9f2e073bce04bb0955772a939d54b6b28792ed1b5e5b7e6a28a11b5,0x1d0dcc8d8bcafa8e8502beaeef6cbd49d3affcdc,0x6810e776880c02933d47db1b9fc05908e5386b96,0x6622131c5fc8b19d7b52b3bf62b80dcbb64ed138,44529478666666666629,Gnosis,GNO,18,3,3000000,60000000000,1955850,2343924,deprecated,0x84a1f5a5,claimTokensFor(address[] _beneficiaries),21428412
3633120,1493658962,0xf31b8711bc46b04a6dd82dc2f9a722615b544e10e89e638a03c82279f3d68274,70,0xc222a5bfc9f2e073bce04bb0955772a939d54b6b28792ed1b5e5b7e6a28a11b5,0x1d0dcc8d8bcafa8e8502beaeef6cbd49d3affcdc,0x6810e776880c02933d47db1b9fc05908e5386b96,0xd07f8891a0f9e26651094a44ca1c51865632617a,43552888888888888852,Gnosis,GNO,18,3,3000000,60000000000,1955850,2343924,deprecated,0x84a1f5a5,claimTokensFor(address[] _beneficiaries),21428412
3633120,1493658962,0xf31b8711bc46b04a6dd82dc2f9a722615b544e10e89e638a03c82279f3d68274,70,0xc222a5bfc9f2e073bce04bb0955772a939d54b6b28792ed1b5e5b7e6a28a11b5,0x1d0dcc8d8bcafa8e8502beaeef6cbd49d3affcdc,0x6810e776880c02933d47db1b9fc05908e5386b96,0x33ba0953234fd6986a5077235ddba997b088a24a,43519386666666666630,Gnosis,GNO,18,3,3000000,60000000000,1955850,2343924,deprecated,0x84a1f5a5,claimTokensFor(address[] _beneficiaries),21428412
3633120,1493658962,0xf31b8711bc46b04a6dd82dc2f9a722615b544e10e89e638a03c82279f3d68274,70,0xc222a5bfc9f2e073bce04bb0955772a939d54b6b28792ed1b5e5b7e6a28a11b5,0x1d0dcc8d8bcafa8e8502beaeef6cbd49d3affcdc,0x6810e776880c02933d47db1b9fc05908e5386b96,0xb2f0ac95a1c08454362fc32ad6ae0f2bad366004,42715333333333333297,Gnosis,GNO,18,3,3000000,60000000000,1955850,2343924,deprecated,0x84a1f5a5,claimTokensFor(address[] _beneficiaries),21428412
3633120,1493658962,0xf31b8711bc46b04a6dd82dc2f9a722615b544e10e89e638a03c82279f3d68274,70,0xc222a5bfc9f2e073bce04bb0955772a939d54b6b28792ed1b5e5b7e6a28a11b5,0x1d0dcc8d8bcafa8e8502beaeef6cbd49d3affcdc,0x6810e776880c02933d47db1b9fc05908e5386b96,0x04930ccd1e3977a1b45788ae99c8b76daacb7a82,41877777777777777742,Gnosis,GNO,18,3,3000000,60000000000,1955850,2343924,deprecated,0x84a1f5a5,claimTokensFor(address[] _beneficiaries),21428412
3633120,1493658962,0xf31b8711bc46b04a6dd82dc2f9a722615b544e10e89e638a03c82279f3d68274,70,0xc222a5bfc9f2e073bce04bb0955772a939d54b6b28792ed1b5e5b7e6a28a11b5,0x1d0dcc8d8bcafa8e8502beaeef6cbd49d3affcdc,0x6810e776880c02933d47db1b9fc05908e5386b96,0x09f3480871b1a3384f948841c29eee9c1392e776,0,Gnosis,GNO,18,3,3000000,60000000000,1955850,2343924,deprecated,0x84a1f5a5,claimTokensFor(address[] _beneficiaries),21428412
3633120,1493658962,0xf31b8711bc46b04a6dd82dc2f9a722615b544e10e89e638a03c82279f3d68274,70,0xc222a5bfc9f2e073bce04bb0955772a939d54b6b28792ed1b5e5b7e6a28a11b5,0x1d0dcc8d8bcafa8e8502beaeef6cbd49d3affcdc,0x6810e776880c02933d47db1b9fc05908e5386b96,0x971f229b5aae7875daf68d35a1b21926e8895097,41877777777777777742,Gnosis,GNO,18,3,3000000,60000000000,1955850,2343924,deprecated,0x84a1f5a5,claimTokensFor(address[] _beneficiaries),21428412
3633120,1493658962,0xf31b8711bc46b04a6dd82dc2f9a722615b544e10e89e638a03c82279f3d68274,70,0xc222a5bfc9f2e073bce04bb0955772a939d54b6b28792ed1b5e5b7e6a28a11b5,0x1d0dcc8d8bcafa8e8502beaeef6cbd49d3affcdc,0x6810e776880c02933d47db1b9fc05908e5386b96,0x631b40d0ad3fd20315f3c7b7fb09662c97541de7,41877777777777777742,Gnosis,GNO,18,3,3000000,60000000000,1955850,2343924,deprecated,0x84a1f5a5,claimTokensFor(address[] _beneficiaries),21428412
3633120,1493658962,0xf31b8711bc46b04a6dd82dc2f9a722615b544e10e89e638a03c82279f3d68274,70,0xc222a5bfc9f2e073bce04bb0955772a939d54b6b28792ed1b5e5b7e6a28a11b5,0x1d0dcc8d8bcafa8e8502beaeef6cbd49d3affcdc,0x6810e776880c02933d47db1b9fc05908e5386b96,0x42b0f0976fdea2bc68455329ffa80410ecb825ca,41877777777777777742,Gnosis,GNO,18,3,3000000,60000000000,1955850,2343924,deprecated,0x84a1f5a5,claimTokensFor(address[] _beneficiaries),21428412
3633120,1493658962,0xf31b8711bc46b04a6dd82dc2f9a722615b544e10e89e638a03c82279f3d68274,70,0xc222a5bfc9f2e073bce04bb0955772a939d54b6b28792ed1b5e5b7e6a28a11b5,0x1d0dcc8d8bcafa8e8502beaeef6cbd49d3affcdc,0x6810e776880c02933d47db1b9fc05908e5386b96,0x9c5083dd4838e120dbeac44c052179692aa5dac5,41877777777777777742,Gnosis,GNO,18,3,3000000,60000000000,1955850,2343924,deprecated,0x84a1f5a5,claimTokensFor(address[] _beneficiaries),21428412
3633120,1493658962,0xf31b8711bc46b04a6dd82dc2f9a722615b544e10e89e638a03c82279f3d68274,70,0xc222a5bfc9f2e073bce04bb0955772a939d54b6b28792ed1b5e5b7e6a28a11b5,0x1d0dcc8d8bcafa8e8502beaeef6cbd49d3affcdc,0x6810e776880c02933d47db1b9fc05908e5386b96,0x40a0b2c1b4e30f27e21df94e734671856b485966,41877777777777777742,Gnosis,GNO,18,3,3000000,60000000000,1955850,2343924,deprecated,0x84a1f5a5,claimTokensFor(address[] _beneficiaries),21428412
3633120,1493658962,0xf31b8711bc46b04a6dd82dc2f9a722615b544e10e89e638a03c82279f3d68274,70,0xc222a5bfc9f2e073bce04bb0955772a939d54b6b28792ed1b5e5b7e6a28a11b5,0x1d0dcc8d8bcafa8e8502beaeef6cbd49d3affcdc,0x6810e776880c02933d47db1b9fc05908e5386b96,0xa15ec67b3daafd655c232129ba1633ab2f304fe9,41877777777777777742,Gnosis,GNO,18,3,3000000,60000000000,1955850,2343924,deprecated,0x84a1f5a5,claimTokensFor(address[] _beneficiaries),21428412
3633120,1493658962,0xf31b8711bc46b04a6dd82dc2f9a722615b544e10e89e638a03c82279f3d68274,70,0xc222a5bfc9f2e073bce04bb0955772a939d54b6b28792ed1b5e5b7e6a28a11b5,0x1d0dcc8d8bcafa8e8502beaeef6cbd49d3affcdc,0x6810e776880c02933d47db1b9fc05908e5386b96,0x00acdbec028172388149482cc83f285e9e05facb,41877777777777777742,Gnosis,GNO,18,3,3000000,60000000000,1955850,2343924,deprecated,0x84a1f5a5,claimTokensFor(address[] _beneficiaries),21428412
3633120,1493658962,0xf31b8711bc46b04a6dd82dc2f9a722615b544e10e89e638a03c82279f3d68274,70,0xc222a5bfc9f2e073bce04bb0955772a939d54b6b28792ed1b5e5b7e6a28a11b5,0x1d0dcc8d8bcafa8e8502beaeef6cbd49d3affcdc,0x6810e776880c02933d47db1b9fc05908e5386b96,0x753dfc80b4f585b0a47a05e0ef18c17eb98c0784,41877777777777777742,Gnosis,GNO,18,3,3000000,60000000000,1955850,2343924,deprecated,0x84a1f5a5,claimTokensFor(address[] _beneficiaries),21428412
3633120,1493658962,0xf31b8711bc46b04a6dd82dc2f9a722615b544e10e89e638a03c82279f3d68274,70,0xc222a5bfc9f2e073bce04bb0955772a939d54b6b28792ed1b5e5b7e6a28a11b5,0x1d0dcc8d8bcafa8e8502beaeef6cbd49d3affcdc,0x6810e776880c02933d47db1b9fc05908e5386b96,0x4e5b11bd1c0d0e06f0e61aa57fafd8581e9a0b0a,63654222222222222168,Gnosis,GNO,18,3,3000000,60000000000,1955850,2343924,deprecated,0x84a1f5a5,claimTokensFor(address[] _beneficiaries),21428412
3633120,1493658962,0xf31b8711bc46b04a6dd82dc2f9a722615b544e10e89e638a03c82279f3d68274,70,0xc222a5bfc9f2e073bce04bb0955772a939d54b6b28792ed1b5e5b7e6a28a11b5,0x1d0dcc8d8bcafa8e8502beaeef6cbd49d3affcdc,0x6810e776880c02933d47db1b9fc05908e5386b96,0xcf28898ec17ce32eda6495e4e3b856083ae385b0,0,Gnosis,GNO,18,3,3000000,60000000000,1955850,2343924,deprecated,0x84a1f5a5,claimTokensFor(address[] _beneficiaries),21428412
3633120,1493658962,0xf31b8711bc46b04a6dd82dc2f9a722615b544e10e89e638a03c82279f3d68274,70,0xc222a5bfc9f2e073bce04bb0955772a939d54b6b28792ed1b5e5b7e6a28a11b5,0x1d0dcc8d8bcafa8e8502beaeef6cbd49d3affcdc,0x6810e776880c02933d47db1b9fc05908e5386b96,0x1c3af2e277bbc0f412a0e55a897eedcb9de72953,41877777777777777742,Gnosis,GNO,18,3,3000000,60000000000,1955850,2343924,deprecated,0x84a1f5a5,claimTokensFor(address[] _beneficiaries),21428412
3633120,1493658962,0xf31b8711bc46b04a6dd82dc2f9a722615b544e10e89e638a03c82279f3d68274,70,0xc222a5bfc9f2e073bce04bb0955772a939d54b6b28792ed1b5e5b7e6a28a11b5,0x1d0dcc8d8bcafa8e8502beaeef6cbd49d3affcdc,0x6810e776880c02933d47db1b9fc05908e5386b96,0x5ce259aedcd14038ad2c35ecaa7b6b2974d339ac,0,Gnosis,GNO,18,3,3000000,60000000000,1955850,2343924,deprecated,0x84a1f5a5,claimTokensFor(address[] _beneficiaries),21428412
3633120,1493658962,0xf31b8711bc46b04a6dd82dc2f9a722615b544e10e89e638a03c82279f3d68274,70,0xc222a5bfc9f2e073bce04bb0955772a939d54b6b28792ed1b5e5b7e6a28a11b5,0x1d0dcc8d8bcafa8e8502beaeef6cbd49d3affcdc,0x6810e776880c02933d47db1b9fc05908e5386b96,0xde7fea21fe516d824641ae65f97b60552568e30a,58628888888888888839,Gnosis,GNO,18,3,3000000,60000000000,1955850,2343924,deprecated,0x84a1f5a5,claimTokensFor(address[] _beneficiaries),21428412
3633120,1493658962,0xf31b8711bc46b04a6dd82dc2f9a722615b544e10e89e638a03c82279f3d68274,70,0xc222a5bfc9f2e073bce04bb0955772a939d54b6b28792ed1b5e5b7e6a28a11b5,0x1d0dcc8d8bcafa8e8502beaeef6cbd49d3affcdc,0x6810e776880c02933d47db1b9fc05908e5386b96,0x06608f5ad0101bdf2786a6a47fc694c88a625a73,41877777777777777742,Gnosis,GNO,18,3,3000000,60000000000,1955850,2343924,deprecated,0x84a1f5a5,claimTokensFor(address[] _beneficiaries),21428412
3633120,1493658962,0xf31b8711bc46b04a6dd82dc2f9a722615b544e10e89e638a03c82279f3d68274,70,0xc222a5bfc9f2e073bce04bb0955772a939d54b6b28792ed1b5e5b7e6a28a11b5,0x1d0dcc8d8bcafa8e8502beaeef6cbd49d3affcdc,0x6810e776880c02933d47db1b9fc05908e5386b96,0xf6386dcedb811e9d2fb3b2a45fad5ef0f45401da,41877777777777777742,Gnosis,GNO,18,3,3000000,60000000000,1955850,2343924,deprecated,0x84a1f5a5,claimTokensFor(address[] _beneficiaries),21428412
3633120,1493658962,0xf31b8711bc46b04a6dd82dc2f9a722615b544e10e89e638a03c82279f3d68274,70,0xc222a5bfc9f2e073bce04bb0955772a939d54b6b28792ed1b5e5b7e6a28a11b5,0x1d0dcc8d8bcafa8e8502beaeef6cbd49d3affcdc,0x6810e776880c02933d47db1b9fc05908e5386b96,0xcc58018e9d8e1b041ba39d97223b4e47fef45dbb,41872350524007042742,Gnosis,GNO,18,3,3000000,60000000000,1955850,2343924,deprecated,0x84a1f5a5,claimTokensFor(address[] _beneficiaries),21428412
3633120,1493658962,0xf31b8711bc46b04a6dd82dc2f9a722615b544e10e89e638a03c82279f3d68274,70,0xc222a5bfc9f2e073bce04bb0955772a939d54b6b28792ed1b5e5b7e6a28a11b5,0x1d0dcc8d8bcafa8e8502beaeef6cbd49d3affcdc,0x6810e776880c02933d47db1b9fc05908e5386b96,0xf5b6c17e9dc7d10d71dd8382c98c3ec88ca08ed5,41871966867581306276,Gnosis,GNO,18,3,3000000,60000000000,1955850,2343924,deprecated,0x84a1f5a5,claimTokensFor(address[] _beneficiaries),21428412
3633120,1493658962,0xf31b8711bc46b04a6dd82dc2f9a722615b544e10e89e638a03c82279f3d68274,70,0xc222a5bfc9f2e073bce04bb0955772a939d54b6b28792ed1b5e5b7e6a28a11b5,0x1d0dcc8d8bcafa8e8502beaeef6cbd49d3affcdc,0x6810e776880c02933d47db1b9fc05908e5386b96,0x6e3c904a2db3b5efc7b619257d5127f39ca2653e,40202666666666666633,Gnosis,GNO,18,3,3000000,60000000000,1955850,2343924,deprecated,0x84a1f5a5,claimTokensFor(address[] _beneficiaries),21428412
3633120,1493658962,0xf31b8711bc46b04a6dd82dc2f9a722615b544e10e89e638a03c82279f3d68274,70,0xc222a5bfc9f2e073bce04bb0955772a939d54b6b28792ed1b5e5b7e6a28a11b5,0x1d0dcc8d8bcafa8e8502beaeef6cbd49d3affcdc,0x6810e776880c02933d47db1b9fc05908e5386b96,0x3b1723e768dd7a928e4ff966c63e44701c9e6bcd,40202666666666666633,Gnosis,GNO,18,3,3000000,60000000000,1955850,2343924,deprecated,0x84a1f5a5,claimTokensFor(address[] _beneficiaries),21428412
3633120,1493658962,0xf31b8711bc46b04a6dd82dc2f9a722615b544e10e89e638a03c82279f3d68274,70,0xc222a5bfc9f2e073bce04bb0955772a939d54b6b28792ed1b5e5b7e6a28a11b5,0x1d0dcc8d8bcafa8e8502beaeef6cbd49d3affcdc,0x6810e776880c02933d47db1b9fc05908e5386b96,0xaf6b01586af8b1527f9c6e84e0070b099ad56f09,46903111111111111071,Gnosis,GNO,18,3,3000000,60000000000,1955850,2343924,deprecated,0x84a1f5a5,claimTokensFor(address[] _beneficiaries),21428412
3633120,1493658962,0xf31b8711bc46b04a6dd82dc2f9a722615b544e10e89e638a03c82279f3d68274,70,0xc222a5bfc9f2e073bce04bb0955772a939d54b6b28792ed1b5e5b7e6a28a11b5,0x1d0dcc8d8bcafa8e8502beaeef6cbd49d3affcdc,0x6810e776880c02933d47db1b9fc05908e5386b96,0x5021ffbdfca81d34a91c8ad5db1aad120d35c696,36993656311111111080,Gnosis,GNO,18,3,3000000,60000000000,1955850,2343924,deprecated,0x84a1f5a5,claimTokensFor(address[] _beneficiaries),21428412
3633120,1493658962,0xf31b8711bc46b04a6dd82dc2f9a722615b544e10e89e638a03c82279f3d68274,70,0xc222a5bfc9f2e073bce04bb0955772a939d54b6b28792ed1b5e5b7e6a28a11b5,0x1d0dcc8d8bcafa8e8502beaeef6cbd49d3affcdc,0x6810e776880c02933d47db1b9fc05908e5386b96,0x3381b2e75086d113daaad7bf7434f8332331a348,40202666666666666633,Gnosis,GNO,18,3,3000000,60000000000,1955850,2343924,deprecated,0x84a1f5a5,claimTokensFor(address[] _beneficiaries),21428412
3633120,1493658962,0xf31b8711bc46b04a6dd82dc2f9a722615b544e10e89e638a03c82279f3d68274,70,0xc222a5bfc9f2e073bce04bb0955772a939d54b6b28792ed1b5e5b7e6a28a11b5,0x1d0dcc8d8bcafa8e8502beaeef6cbd49d3affcdc,0x6810e776880c02933d47db1b9fc05908e5386b96,0x7b1bf53a9cbe83a7dea434579fe72aac8d2a0cd0,36852444444444444413,Gnosis,GNO,18,3,3000000,60000000000,1955850,2343924,deprecated,0x84a1f5a5,claimTokensFor(address[] _beneficiaries),21428412
3633120,1493658962,0xf31b8711bc46b04a6dd82dc2f9a722615b544e10e89e638a03c82279f3d68274,70,0xc222a5bfc9f2e073bce04bb0955772a939d54b6b28792ed1b5e5b7e6a28a11b5,0x1d0dcc8d8bcafa8e8502beaeef6cbd49d3affcdc,0x6810e776880c02933d47db1b9fc05908e5386b96,0x8c78f1ee67ed97af4f26561dc57e3757e734d0eb,73704888888888888827,Gnosis,GNO,18,3,3000000,60000000000,1955850,2343924,deprecated,0x84a1f5a5,claimTokensFor(address[] _beneficiaries),21428412
3633120,1493658962,0xf31b8711bc46b04a6dd82dc2f9a722615b544e10e89e638a03c82279f3d68274,70,0xc222a5bfc9f2e073bce04bb0955772a939d54b6b28792ed1b5e5b7e6a28a11b5,0x1d0dcc8d8bcafa8e8502beaeef6cbd49d3affcdc,0x6810e776880c02933d47db1b9fc05908e5386b96,0xe5df2e6dfd03263d81eacb5c80606b0008860b10,35606718957904951876,Gnosis,GNO,18,3,3000000,60000000000,1955850,2343924,deprecated,0x84a1f5a5,claimTokensFor(address[] _beneficiaries),21428412
3633120,1493658962,0xf31b8711bc46b04a6dd82dc2f9a722615b544e10e89e638a03c82279f3d68274,70,0xc222a5bfc9f2e073bce04bb0955772a939d54b6b28792ed1b5e5b7e6a28a11b5,0x1d0dcc8d8bcafa8e8502beaeef6cbd49d3affcdc,0x6810e776880c02933d47db1b9fc05908e5386b96,0x9dfb2f4a8d89120655ddc687b84896d0eefa0e9b,35177333333333333303,Gnosis,GNO,18,3,3000000,60000000000,1955850,2343924,deprecated,0x84a1f5a5,claimTokensFor(address[] _beneficiaries),21428412
3633120,1493658962,0xf31b8711bc46b04a6dd82dc2f9a722615b544e10e89e638a03c82279f3d68274,70,0xc222a5bfc9f2e073bce04bb0955772a939d54b6b28792ed1b5e5b7e6a28a11b5,0x1d0dcc8d8bcafa8e8502beaeef6cbd49d3affcdc,0x6810e776880c02933d47db1b9fc05908e5386b96,0x38e03af4c5453985979a49ad5c1ec0d7bc3ff679,35177333333333333303,Gnosis,GNO,18,3,3000000,60000000000,1955850,2343924,deprecated,0x84a1f5a5,claimTokensFor(address[] _beneficiaries),21428412
3633120,1493658962,0xf31b8711bc46b04a6dd82dc2f9a722615b544e10e89e638a03c82279f3d68274,70,0xc222a5bfc9f2e073bce04bb0955772a939d54b6b28792ed1b5e5b7e6a28a11b5,0x1d0dcc8d8bcafa8e8502beaeef6cbd49d3affcdc,0x6810e776880c02933d47db1b9fc05908e5386b96,0xeb9c90916447f2450be21e9f7786d5236e5bd57e,35177333333333333303,Gnosis,GNO,18,3,3000000,60000000000,1955850,2343924,deprecated,0x84a1f5a5,claimTokensFor(address[] _beneficiaries),21428412
3633120,1493658962,0xf31b8711bc46b04a6dd82dc2f9a722615b544e10e89e638a03c82279f3d68274,70,0xc222a5bfc9f2e073bce04bb0955772a939d54b6b28792ed1b5e5b7e6a28a11b5,0x1d0dcc8d8bcafa8e8502beaeef6cbd49d3affcdc,0x6810e776880c02933d47db1b9fc05908e5386b96,0xf37a0b5a70ee29dc796485b0d34eaee72453d9ae,35167785199999999970,Gnosis,GNO,18,3,3000000,60000000000,1955850,2343924,deprecated,0x84a1f5a5,claimTokensFor(address[] _beneficiaries),21428412
3633120,1493658962,0xf31b8711bc46b04a6dd82dc2f9a722615b544e10e89e638a03c82279f3d68274,70,0xc222a5bfc9f2e073bce04bb0955772a939d54b6b28792ed1b5e5b7e6a28a11b5,0x1d0dcc8d8bcafa8e8502beaeef6cbd49d3affcdc,0x6810e776880c02933d47db1b9fc05908e5386b96,0x42ce6da5551ae47934eaf20724b53b56ea6677ea,35160582222222222192,Gnosis,GNO,18,3,3000000,60000000000,1955850,2343924,deprecated,0x84a1f5a5,claimTokensFor(address[] _beneficiaries),21428412
3633120,1493658962,0xf31b8711bc46b04a6dd82dc2f9a722615b544e10e89e638a03c82279f3d68274,70,0xc222a5bfc9f2e073bce04bb0955772a939d54b6b28792ed1b5e5b7e6a28a11b5,0x1d0dcc8d8bcafa8e8502beaeef6cbd49d3affcdc,0x6810e776880c02933d47db1b9fc05908e5386b96,0x67e3a2511e63160a253684ab88e996b4b6bbaeea,33630564433538319882,Gnosis,GNO,18,3,3000000,60000000000,1955850,2343924,deprecated,0x84a1f5a5,claimTokensFor(address[] _beneficiaries),21428412
3633120,1493658962,0xf31b8711bc46b04a6dd82dc2f9a722615b544e10e89e638a03c82279f3d68274,70,0xc222a5bfc9f2e073bce04bb0955772a939d54b6b28792ed1b5e5b7e6a28a11b5,0x1d0dcc8d8bcafa8e8502beaeef6cbd49d3affcdc,0x6810e776880c02933d47db1b9fc05908e5386b96,0x64615152ce74044b67f0b5ace567d6533ec22789,63746353333333333280,Gnosis,GNO,18,3,3000000,60000000000,1955850,2343924,deprecated,0x84a1f5a5,claimTokensFor(address[] _beneficiaries),21428412
3633120,1493658962,0xf31b8711bc46b04a6dd82dc2f9a722615b544e10e89e638a03c82279f3d68274,70,0xc222a5bfc9f2e073bce04bb0955772a939d54b6b28792ed1b5e5b7e6a28a11b5,0x1d0dcc8d8bcafa8e8502beaeef6cbd49d3affcdc,0x6810e776880c02933d47db1b9fc05908e5386b96,0x88f6bdd639de60b2f096f65dcb2a238b97cec6be,33502222222222222194,Gnosis,GNO,18,3,3000000,60000000000,1955850,2343924,deprecated,0x84a1f5a5,claimTokensFor(address[] _beneficiaries),21428412
3633120,1493658962,0xf31b8711bc46b04a6dd82dc2f9a722615b544e10e89e638a03c82279f3d68274,70,0xc222a5bfc9f2e073bce04bb0955772a939d54b6b28792ed1b5e5b7e6a28a11b5,0x1d0dcc8d8bcafa8e8502beaeef6cbd49d3affcdc,0x6810e776880c02933d47db1b9fc05908e5386b96,0x7b695420f8c2703f7dce9523728fe7f055733247,33502222222222222194,Gnosis,GNO,18,3,3000000,60000000000,1955850,2343924,deprecated,0x84a1f5a5,claimTokensFor(address[] _beneficiaries),21428412
3633120,1493658962,0xf31b8711bc46b04a6dd82dc2f9a722615b544e10e89e638a03c82279f3d68274,70,0xc222a5bfc9f2e073bce04bb0955772a939d54b6b28792ed1b5e5b7e6a28a11b5,0x1d0dcc8d8bcafa8e8502beaeef6cbd49d3affcdc,0x6810e776880c02933d47db1b9fc05908e5386b96,0x556302d9d1f5a9eff221fba4a55fd84fb71a526b,33502222222222222194,Gnosis,GNO,18,3,3000000,60000000000,1955850,2343924,deprecated,0x84a1f5a5,claimTokensFor(address[] _beneficiaries),21428412
3633120,1493658962,0xf31b8711bc46b04a6dd82dc2f9a722615b544e10e89e638a03c82279f3d68274,70,0xc222a5bfc9f2e073bce04bb0955772a939d54b6b28792ed1b5e5b7e6a28a11b5,0x1d0dcc8d8bcafa8e8502beaeef6cbd49d3affcdc,0x6810e776880c02933d47db1b9fc05908e5386b96,0xa6d549dd92e5b2844529e18af7094e8587499a46,33502222222222222194,Gnosis,GNO,18,3,3000000,60000000000,1955850,2343924,deprecated,0x84a1f5a5,claimTokensFor(address[] _beneficiaries),21428412
3633120,1493658962,0xf31b8711bc46b04a6dd82dc2f9a722615b544e10e89e638a03c82279f3d68274,70,0xc222a5bfc9f2e073bce04bb0955772a939d54b6b28792ed1b5e5b7e6a28a11b5,0x1d0dcc8d8bcafa8e8502beaeef6cbd49d3affcdc,0x6810e776880c02933d47db1b9fc05908e5386b96,0xfb2fe8271295859a21ea086f98329c9ca5a2ed9e,33502222222222222194,Gnosis,GNO,18,3,3000000,60000000000,1955850,2343924,deprecated,0x84a1f5a5,claimTokensFor(address[] _beneficiaries),21428412
3633120,1493658962,0xf31b8711bc46b04a6dd82dc2f9a722615b544e10e89e638a03c82279f3d68274,70,0xc222a5bfc9f2e073bce04bb0955772a939d54b6b28792ed1b5e5b7e6a28a11b5,0x1d0dcc8d8bcafa8e8502beaeef6cbd49d3affcdc,0x6810e776880c02933d47db1b9fc05908e5386b96,0xba20cadb3066492d34d2737c7d6371f5bbab3525,33502222222222222194,Gnosis,GNO,18,3,3000000,60000000000,1955850,2343924,deprecated,0x84a1f5a5,claimTokensFor(address[] _beneficiaries),21428412
3633120,1493658962,0xf31b8711bc46b04a6dd82dc2f9a722615b544e10e89e638a03c82279f3d68274,70,0xc222a5bfc9f2e073bce04bb0955772a939d54b6b28792ed1b5e5b7e6a28a11b5,0x1d0dcc8d8bcafa8e8502beaeef6cbd49d3affcdc,0x6810e776880c02933d47db1b9fc05908e5386b96,0x7d800c1b5cc96891bad2113bc25322ea65f8f032,33502222222222222194,Gnosis,GNO,18,3,3000000,60000000000,1955850,2343924,deprecated,0x84a1f5a5,claimTokensFor(address[] _beneficiaries),21428412
3633120,1493658962,0xf31b8711bc46b04a6dd82dc2f9a722615b544e10e89e638a03c82279f3d68274,70,0xc222a5bfc9f2e073bce04bb0955772a939d54b6b28792ed1b5e5b7e6a28a11b5,0x1d0dcc8d8bcafa8e8502beaeef6cbd49d3affcdc,0x6810e776880c02933d47db1b9fc05908e5386b96,0x4a80b762ff7c8322a7285c81f1c4b4bab083182d,33502222222222222194,Gnosis,GNO,18,3,3000000,60000000000,1955850,2343924,deprecated,0x84a1f5a5,claimTokensFor(address[] _beneficiaries),21428412
3633120,1493658962,0xf31b8711bc46b04a6dd82dc2f9a722615b544e10e89e638a03c82279f3d68274,70,0xc222a5bfc9f2e073bce04bb0955772a939d54b6b28792ed1b5e5b7e6a28a11b5,0x1d0dcc8d8bcafa8e8502beaeef6cbd49d3affcdc,0x6810e776880c02933d47db1b9fc05908e5386b96,0x009a6191f45a565b93b1d7524510fe5ba767588b,0,Gnosis,GNO,18,3,3000000,60000000000,1955850,2343924,deprecated,0x84a1f5a5,claimTokensFor(address[] _beneficiaries),21428412
3633120,1493658962,0xf31b8711bc46b04a6dd82dc2f9a722615b544e10e89e638a03c82279f3d68274,70,0xc222a5bfc9f2e073bce04bb0955772a939d54b6b28792ed1b5e5b7e6a28a11b5,0x1d0dcc8d8bcafa8e8502beaeef6cbd49d3affcdc,0x6810e776880c02933d47db1b9fc05908e5386b96,0xf59bf88fa2510720400a4187c3a4e17fcc8c1a93,67004444444444444388,Gnosis,GNO,18,3,3000000,60000000000,1955850,2343924,deprecated,0x84a1f5a5,claimTokensFor(address[] _beneficiaries),21428412
3633120,1493658962,0xf31b8711bc46b04a6dd82dc2f9a722615b544e10e89e638a03c82279f3d68274,70,0xc222a5bfc9f2e073bce04bb0955772a939d54b6b28792ed1b5e5b7e6a28a11b5,0x1d0dcc8d8bcafa8e8502beaeef6cbd49d3affcdc,0x6810e776880c02933d47db1b9fc05908e5386b96,0x1fbdf165ae35c0382156f1876bab65632bd4ff41,50253333333333333291,Gnosis,GNO,18,3,3000000,60000000000,1955850,2343924,deprecated,0x84a1f5a5,claimTokensFor(address[] _beneficiaries),21428412
3633120,1493658962,0xf31b8711bc46b04a6dd82dc2f9a722615b544e10e89e638a03c82279f3d68274,70,0xc222a5bfc9f2e073bce04bb0955772a939d54b6b28792ed1b5e5b7e6a28a11b5,0x1d0dcc8d8bcafa8e8502beaeef6cbd49d3affcdc,0x6810e776880c02933d47db1b9fc05908e5386b96,0x86c2c306ee299810f172db4b1c5b6227e81c0e19,33502222222222222194,Gnosis,GNO,18,3,3000000,60000000000,1955850,2343924,deprecated,0x84a1f5a5,claimTokensFor(address[] _beneficiaries),21428412
3633120,1493658962,0xf31b8711bc46b04a6dd82dc2f9a722615b544e10e89e638a03c82279f3d68274,70,0xc222a5bfc9f2e073bce04bb0955772a939d54b6b28792ed1b5e5b7e6a28a11b5,0x1d0dcc8d8bcafa8e8502beaeef6cbd49d3affcdc,0x6810e776880c02933d47db1b9fc05908e5386b96,0x48201c1dad6e53ab497153077e186823e6634c45,33502222222222222194,Gnosis,GNO,18,3,3000000,60000000000,1955850,2343924,deprecated,0x84a1f5a5,claimTokensFor(address[] _beneficiaries),21428412
3633121,1493658965,0x5e72338776fd235d5ddab332232e84dc04693498003f2f67cc376df379750da5,1,0x4cdb9ced7c39ad913e6c72527c6194fe1e1321ffcc5e8991a9779b1e865fc2cf,0x31cba7ad3483f9bff236df556e1c3695736a9615,0x6810e776880c02933d47db1b9fc05908e5386b96,0xa26b16bda42c14c928f872e79cdbdf5f47836bab,1000000000000000000,Gnosis,GNO,18,0,1290632,23751287936,102070,102070,deprecated,0xc01a8c84,confirmTransaction(uint256 transactionId),21428411
3633121,1493658965,0x761e67c1a3ec0a0fae6c9cfb5402b6df0f111469f3b852cc8ede86c8364bff84,3,0x4cdb9ced7c39ad913e6c72527c6194fe1e1321ffcc5e8991a9779b1e865fc2cf,0xdf8fa8c4791f79e102c4b7a1eb980084e4f19a99,0x6810e776880c02933d47db1b9fc05908e5386b96,0x2f62db4e50df53ca008188565d85a6c64b720136,8369600000000000000,Gnosis,GNO,18,6,150000,23101762990,51345,459050,deprecated,0xa9059cbb,"transfer(address _to, uint256 _value)",21428411
3633122,1493658985,0xe8dcad0ee57442ae7ea5ebd957c08e8b4bb11bf026f42c92bd6445fde1a5ace0,7,0x5098877e24989e583045ad8fd396f78093268743ec2a5cda46528e2600c4531f,0xe0644a8646b835aa9f72880ff846d00af571752e,0x6810e776880c02933d47db1b9fc05908e5386b96,0x1c14fc9cc74417ed38a590eb95cace7416f85254,42547822222222222186,Gnosis,GNO,18,1,136601,28000000000,21601,42601,deprecated,0xa9059cbb,"transfer(address _to, uint256 _value)",21428410
3633123,1493658997,0x8b8b1359243313f04299921878f05a595c5c0af9f034fa206556edc25c7c7641,38,0xff523524822b133584e214ca553c207825571f161c58034fdfef24047b1c2841,0xb2070e3c09ace4466ffe821278d3b83cbd3abab8,0x6810e776880c02933d47db1b9fc05908e5386b96,0x1695e4a637d8b24b4850034eec8dfe4f9ec6a42b,333000000000000000000,Gnosis,GNO,18,0,151474,77000000000,51473,51473,deprecated,0xa9059cbb,"transfer(address _to, uint256 _value)",21428409
3633123,1493658997,0x9ca3c4b5214b09a78bcc73f62a2c45ac7fa6e96cce73f4c5eeff163065a9ffcf,17,0xff523524822b133584e214ca553c207825571f161c58034fdfef24047b1c2841,0x1d0dcc8d8bcafa8e8502beaeef6cbd49d3affcdc,0x6810e776880c02933d47db1b9fc05908e5386b96,0x64615152ce74044b67f0b5ace567d6533ec22789,0,Gnosis,GNO,18,3,100000,23106390283,43853,141028,deprecated,0xdf8de3e7,claimTokens(address receiver),21428409
3633123,1493658997,0x97fb0056918fd7758f204b64a5a0342b12eea55c6d0c9e87e47a79321f3e33c8,5,0xff523524822b133584e214ca553c207825571f161c58034fdfef24047b1c2841,0x1d0dcc8d8bcafa8e8502beaeef6cbd49d3affcdc,0x6810e776880c02933d47db1b9fc05908e5386b96,0xba92b88898d7f5fde1752cecfb03181aece0ddb7,50253333333333333291,Gnosis,GNO,18,4,100000,22635132007,43853,184881,deprecated,0xdf8de3e7,claimTokens(address receiver),21428409
3633123,1493658997,0x4da9dcce110cfbcb16f600f56b7456b54d70465395ebabe9b9738448bbd4713d,7,0xff523524822b133584e214ca553c207825571f161c58034fdfef24047b1c2841,0x3bc1177284e0360ae48bd61b481cc448e563c43c,0x6810e776880c02933d47db1b9fc05908e5386b96,0x30ac6254c38df49d2cd2a01b1770e864df000c13,380000000000000000000,Gnosis,GNO,18,6,150000,22476364132,51409,257290,deprecated,0xa9059cbb,"transfer(address _to, uint256 _value)",21428409
3633123,1493658997,0xb552ddf8869d29b46c14650351efd9be62b195a8f79fffee73c8ba2be42b7787,2,0xff523524822b133584e214ca553c207825571f161c58034fdfef24047b1c2841,0x5fff589fbbc063e61e35d0dc526b567ba0e5a0b8,0x6810e776880c02933d47db1b9fc05908e5386b96,0x334a5477777f8b9aea4aba3bcb15bbdcb4f6350d,100000000000000000000,Gnosis,GNO,18,7,150000,22476364132,51473,308763,deprecated,0xa9059cbb,"transfer(address _to, uint256 _value)",21428409
3633123,1493658997,0x267cc647d2bcefab973efed50f2e6fec35b74ce8fb88a70b930538f2487edd3c,67,0xff523524822b133584e214ca553c207825571f161c58034fdfef24047b1c2841,0x1d0dcc8d8bcafa8e8502beaeef6cbd49d3affcdc,0x6810e776880c02933d47db1b9fc05908e5386b96,0x0fa38abec02bd4dbb87f189df50b674b9db0b468,16751111111111111097,Gnosis,GNO,18,12,100000,21888989574,43853,498674,deprecated,0xdf8de3e7,claimTokens(address receiver),21428409
3633123,1493658997,0x44171a7be92e2515d3955bee78e3caffc7ddaba28b09acf54482383fd94ab1b5,31,0xff523524822b133584e214ca553c207825571f161c58034fdfef24047b1c2841,0x1d0dcc8d8bcafa8e8502beaeef6cbd49d3affcdc,0x6810e776880c02933d47db1b9fc05908e5386b96,0xfd7c450df95b4aca3aca6aaecf6a5848fff6c2c4,11725777777777777767,Gnosis,GNO,18,13,160509,21798736663,45126,543800,deprecated,0xdf8de3e7,claimTokens(address receiver),21428409
3633123,1493658997,0x68888b79ddb1980922ed3a76015cb94dfb7ceedb6c17998f1047885a5a2c8e0a,2,0xff523524822b133584e214ca553c207825571f161c58034fdfef24047b1c2841,0x1d0dcc8d8bcafa8e8502beaeef6cbd49d3affcdc,0x6810e776880c02933d47db1b9fc05908e5386b96,0xe90ba8366a7838f9335fa4052959c94dff783348,0,Gnosis,GNO,18,15,100000,21643501266,43853,608653,deprecated,0xdf8de3e7,claimTokens(address receiver),21428409
3633123,1493658997,0x0ab926929b261c986cbfc67150ac8a180105bd64fc6f11032bcffe00100edad2,1,0xff523524822b133584e214ca553c207825571f161c58034fdfef24047b1c2841,0x19076bd01e86fa3d76334e27d4b8e6789688a42d,0x6810e776880c02933d47db1b9fc05908e5386b96,0xf60604c6d7e0ecce8c5e8e9a2c86e00af349c1c2,1993382222222222220554,Gnosis,GNO,18,18,210000,20000000000,43901,702645,deprecated,0x,,21428409
3633123,1493658997,0x0df81cd04d7fd6071fad43feb99ccb8dabe0a8abfd37afeaba349a53c7b372a3,1,0xff523524822b133584e214ca553c207825571f161c58034fdfef24047b1c2841,0x19076bd01e86fa3d76334e27d4b8e6789688a42d,0x6810e776880c02933d47db1b9fc05908e5386b96,0x786c69e13622ab824240127a561982490385e2f6,30151999999999999974,Gnosis,GNO,18,19,210000,20000000000,43901,746546,deprecated,0x,,21428409
3633123,1493658997,0x385837c09e9fb04ca41fe49d3ffc67d57737ce9228bd893b2b770bc2b1133aee,3,0xff523524822b133584e214ca553c207825571f161c58034fdfef24047b1c2841,0x19076bd01e86fa3d76334e27d4b8e6789688a42d,0x6810e776880c02933d47db1b9fc05908e5386b96,0x728d5bfb651287cfe27179ab137851d5c0a888bd,165835999999999999861,Gnosis,GNO,18,30,65211,20000000000,43901,1000447,deprecated,0x,,21428409
3633123,1493658997,0x4ed9f2d01bf09a626f06864dc26af0ffa357747a29f46002f1ec59f1d4ae4567,15,0xff523524822b133584e214ca553c207825571f161c58034fdfef24047b1c2841,0x7b42cb9e3a72757e9bedd3fc91b87a257e74dc20,0x6810e776880c02933d47db1b9fc05908e5386b96,0x4798fa6eb0cbaf32207eda77e372276ec4f98e92,23000000000000000000,Gnosis,GNO,18,36,135000,20000000000,51473,1161258,deprecated,0xa9059cbb,"transfer(address _to, uint256 _value)",21428409
3633123,1493658997,0x5258c3ab610e9c808ee4236d6a7e3265898d5d860265202012e0fc662ada45b6,190,0xff523524822b133584e214ca553c207825571f161c58034fdfef24047b1c2841,0x2421550c599663c6e4551b8ba36fdbb904b4f0b7,0x6810e776880c02933d47db1b9fc05908e5386b96,0xd47297cdcf36eed17305d6a5471c6cd482c7e91c,3350222222222222219419,Gnosis,GNO,18,39,136601,20000000000,21601,1224859,deprecated,0xa9059cbb,"transfer(address _to, uint256 _value)",21428409
3633123,1493658997,0x5c926b967ba812cbf48028ef44c4908bb3ee3e08f4ac37752dc202d72c1962b8,14,0xff523524822b133584e214ca553c207825571f161c58034fdfef24047b1c2841,0x7fe01ff0adaf111a94ad0d69ed27cde23553af44,0x6810e776880c02933d47db1b9fc05908e5386b96,0x6371fbc8831e1749c711338f231e46f632f865d3,8375555555555555548,Gnosis,GNO,18,41,56537,20000000000,36537,1283244,deprecated,0xa9059cbb,"transfer(address _to, uint256 _value)",21428409
3633123,1493658997,0x6491d5f5532f65069c5a5743459c7d32e21e1222c307157755d1376420fe962d,9,0xff523524822b133584e214ca553c207825571f161c58034fdfef24047b1c2841,0x9fd66eaa211282e3b26d3bb9fd8ac7e89600c4b2,0x6810e776880c02933d47db1b9fc05908e5386b96,0x9100d9a50244878d960bdb0250e3e87ab2f9481b,2000000000000000000,Gnosis,GNO,18,42,75000,20000000000,51345,1334589,deprecated,0xa9059cbb,"transfer(address _to, uint256 _value)",21428409
3633123,1493658997,0x6b5a47332be469040d9c50429b086b05eeba302cfcd534d21872b8d53b6d8a84,6,0xff523524822b133584e214ca553c207825571f161c58034fdfef24047b1c2841,0x19076bd01e86fa3d76334e27d4b8e6789688a42d,0x6810e776880c02933d47db1b9fc05908e5386b96,0xbcb985aaf416c4eb4148955701c3007bd5578615,88780888888888888814,Gnosis,GNO,18,43,100000,20000000000,43901,1378490,deprecated,0x,,21428409
3633123,1493658997,0x6d5c4e8b1d3fe53dbb686378e6f3b01e0d4fd4a664fd94e4622a4778476ed5df,4,0xff523524822b133584e214ca553c207825571f161c58034fdfef24047b1c2841,0x1d0dcc8d8bcafa8e8502beaeef6cbd49d3affcdc,0x6810e776880c02933d47db1b9fc05908e5386b96,0xb36afc551ddefd0cb4564df22991d1f3fad6a7d9,0,Gnosis,GNO,18,45,66897,20000000000,45126,1444616,deprecated,0xdf8de3e7,claimTokens(address receiver),21428409
3633123,1493658997,0x71643db932c3667ce9d6fd38ac0c586ba6622bc8316afd25f320fc93deb4dab4,1,0xff523524822b133584e214ca553c207825571f161c58034fdfef24047b1c2841,0x19076bd01e86fa3d76334e27d4b8e6789688a42d,0x6810e776880c02933d47db1b9fc05908e5386b96,0xd63370ee965429acfd740f83f4bbc1aa467bb89e,16583599999999999986,Gnosis,GNO,18,47,100000,20000000000,43901,1509517,deprecated,0x,,21428409
3633123,1493658997,0x7f610c7da41f9754e5a710b02fb4ced094cc623d1a3cff3932fdd115d3c28e64,1,0xff523524822b133584e214ca553c207825571f161c58034fdfef24047b1c2841,0x19076bd01e86fa3d76334e27d4b8e6789688a42d,0x6810e776880c02933d47db1b9fc05908e5386b96,0x9630de6a89c15790664b2ab7977deb7b71cddb3e,16667355555555555541,Gnosis,GNO,18,53,60000,20000000000,43901,1838266,deprecated,0x,,21428409
3633123,1493658997,0x8a87fc6df7430aeaa4af3111c2cfc950628df00f80ab398bc6279c93841268e1,1,0xff523524822b133584e214ca553c207825571f161c58034fdfef24047b1c2841,0x8424b83d1e332c75d2709a4cb8a9c30fec523d7b,0x6810e776880c02933d47db1b9fc05908e5386b96,0x02348c1d2e1963567efc15b3f0b0b2c543977dba,216926888888888888707,Gnosis,GNO,18,60,56601,20000000000,36601,2026465,deprecated,0xa9059cbb,"transfer(address _to, uint256 _value)",21428409
3633123,1493658997,0x96da1dbfd8076643a25e1418a597e13fcfb0925ab141ec05e06baf075ae9514c,1,0xff523524822b133584e214ca553c207825571f161c58034fdfef24047b1c2841,0x19076bd01e86fa3d76334e27d4b8e6789688a42d,0x6810e776880c02933d47db1b9fc05908e5386b96,0x357741326f9a4d4ed6d923db5942092a3ec01147,56116222222222222175,Gnosis,GNO,18,63,100000,20000000000,43901,2128576,deprecated,0x,,21428409
3633123,1493658997,0xa11eddea66a9255d08c02278b7dd8f16a78a57516088e1b13010bfa522bef095,28,0xff523524822b133584e214ca553c207825571f161c58034fdfef24047b1c2841,0xe31e4be4a7c65fbf14ff16ed654bd06b3a1c6750,0x6810e776880c02933d47db1b9fc05908e5386b96,0x542934d2c0569b5a66f9ccacccbf098181929b71,100000000000000000000,Gnosis,GNO,18,65,106473,20000000000,51473,2201049,deprecated,0xa9059cbb,"transfer(address _to, uint256 _value)",21428409
3633123,1493658997,0xa8b37a984d1c735fdaca78f56e9e49119ffb8340a3dcd5a8aca2a7156853a984,1,0xff523524822b133584e214ca553c207825571f161c58034fdfef24047b1c2841,0x19076bd01e86fa3d76334e27d4b8e6789688a42d,0x6810e776880c02933d47db1b9fc05908e5386b96,0x0e46129fa7bc5523dda07bbef74be9974fd153b9,31810359999999999973,Gnosis,GNO,18,67,130000,20000000000,43901,2273935,deprecated,0x,,21428409
3633123,1493658997,0xab15c071fd5e287d41a7b17d426d11186b4a238b0ad2ff902b5337001646ecc1,64,0xff523524822b133584e214ca553c207825571f161c58034fdfef24047b1c2841,0x1d0dcc8d8bcafa8e8502beaeef6cbd49d3affcdc,0x6810e776880c02933d47db1b9fc05908e5386b96,0xa3838e11ca8b24c964f8323a11890fb371bc525e,5025333333333333329,Gnosis,GNO,18,68,159236,20000000000,43853,2317788,deprecated,0xdf8de3e7,claimTokens(address receiver),21428409
3633123,1493658997,0xb0927b74b65b9cc37c76a227ab4e6e4d48bc5b8c78813a3a5c6a226f2179078d,7,0xff523524822b133584e214ca553c207825571f161c58034fdfef24047b1c2841,0x0e6b9964c81a5749ea2f63a22da257be52543b82,0x6810e776880c02933d47db1b9fc05908e5386b96,0xbb825e3e8459107eb7686b99b0a9cb08612d19bc,201013333333333333165,Gnosis,GNO,18,70,56601,20000000000,36601,2375389,deprecated,0xa9059cbb,"transfer(address _to, uint256 _value)",21428409
3633123,1493658997,0xb0c73f1089a6b0be07ee6d58d58aeb0a0584e4e3e1d80e3790936d12ce12ded6,3,0xff523524822b133584e214ca553c207825571f161c58034fdfef24047b1c2841,0x19076bd01e86fa3d76334e27d4b8e6789688a42d,0x6810e776880c02933d47db1b9fc05908e5386b96,0x746c19cddf1aa2c1a13fd2f7863a98da5271f376,132333777777777777667,Gnosis,GNO,18,71,210000,20000000000,43901,2419290,deprecated,0x,,21428409
3633123,1493658997,0xb3d5420667d91f66e94c104bd88022c6ef3810ddbaae9fe3c17b4379402c1fc6,35,0xff523524822b133584e214ca553c207825571f161c58034fdfef24047b1c2841,0xe76f5c3bc7597d1051859dea721a670e69290acb,0x6810e776880c02933d47db1b9fc05908e5386b96,0x2ece1f8b38915174b94f30143af2b9c177edfb67,124971555555555555283,Gnosis,GNO,18,72,100000,20000000000,51601,2470891,deprecated,0xa9059cbb,"transfer(address _to, uint256 _value)",21428409
3633123,1493658997,0xb6d8768efa8127646ee7ae1912487a5e13bfde5f8714a692f45912af6c9464ec,10,0xff523524822b133584e214ca553c207825571f161c58034fdfef24047b1c2841,0xcc39a604c91c43e8a1e7798a8947c5ac227b5d81,0x6810e776880c02933d47db1b9fc05908e5386b96,0x726adce88777ad597cc5fbc752a2ad1225ef7130,50000000000000000000,Gnosis,GNO,18,75,200000,20000000000,51473,2564364,deprecated,0xa9059cbb,"transfer(address _to, uint256 _value)",21428409
3633123,1493658997,0xc96e34c71742a826dc9c206b897a11a2187c48c1366d6e51d5101cc4175814c6,27,0xff523524822b133584e214ca553c207825571f161c58034fdfef24047b1c2841,0x5359df82e81a045e2289828754edbc5d398d6526,0x6810e776880c02933d47db1b9fc05908e5386b96,0xa468c8b9aff32be14108825ec8b89b1c46dea3fa,221114666666666666481,Gnosis,GNO,18,79,500000,20000000000,36601,2680041,deprecated,0xa9059cbb,"transfer(address _to, uint256 _value)",21428409
3633123,1493658997,0xccc52b5897cc1b5f813b7a62242de1a82d316f8f200c8df2f737786028dea758,2,0xff523524822b133584e214ca553c207825571f161c58034fdfef24047b1c2841,0x19076bd01e86fa3d76334e27d4b8e6789688a42d,0x6810e776880c02933d47db1b9fc05908e5386b96,0x6020f6baeebcc883c9a5c9d6f329dfce1e8c2ebb,7370488888888888882,Gnosis,GNO,18,80,70000,20000000000,43901,2723942,deprecated,0x,,21428409
3633123,1493658997,0xd98f37bdad25ad865e7be39d30a7cf6e58c761306af7a78595d95d6e0edd09f2,71,0xff523524822b133584e214ca553c207825571f161c58034fdfef24047b1c2841,0xf32866d5ce9a9b5673e076be48abcd6ed48ade78,0x6810e776880c02933d47db1b9fc05908e5386b96,0x44f19db5aceb2dc1f1a2f84f5df10890dd330703,100000000000000000,Gnosis,GNO,18,85,300000,20000000000,51409,2868767,deprecated,0xa9059cbb,"transfer(address _to, uint256 _value)",21428409
3633123,1493658997,0xdb8401ebc8383bb5b3075fcf8779b47cf2fb32bed899b95acaafc7f162d62b7e,9,0xff523524822b133584e214ca553c207825571f161c58034fdfef24047b1c2841,0x0719e9f01c0c947ada1caa50c65c6459887cc57f,0x6810e776880c02933d47db1b9fc05908e5386b96,0xc2a9c4fc88b7436d0059fc88d35071aa52d11284,20000000000000000000,Gnosis,GNO,18,87,61691,20000000000,51409,2941176,deprecated,0xa9059cbb,"transfer(address _to, uint256 _value)",21428409
3633123,1493658997,0xe5dd81a3694a03dec6be0bbea19cf8306db7960d7ef656ef730eee29a0b6bcf7,138,0xff523524822b133584e214ca553c207825571f161c58034fdfef24047b1c2841,0x1d0dcc8d8bcafa8e8502beaeef6cbd49d3affcdc,0x6810e776880c02933d47db1b9fc05908e5386b96,0xb3e05285df010683364cdf5868de0427a740bf96,0,Gnosis,GNO,18,91,150000,20000000000,45126,3049302,deprecated,0xdf8de3e7,claimTokens(address receiver),21428409
3633123,1493658997,0xe7f22525034fa7aacb8f17bf0504bc6578c6d59322adb1069b866967428712e6,1,0xff523524822b133584e214ca553c207825571f161c58034fdfef24047b1c2841,0x19076bd01e86fa3d76334e27d4b8e6789688a42d,0x6810e776880c02933d47db1b9fc05908e5386b96,0xc648d91c56e05d40d6ff618b7ee2032be6a48b8f,335022222222222221941,Gnosis,GNO,18,93,65211,20000000000,43901,3114203,deprecated,0x,,21428409
3633123,1493658997,0xb43bb825970e7b4ab28e725bbd71afd4681d7022bb868987a24667ec44be222f,10,0xff523524822b133584e214ca553c207825571f161c58034fdfef24047b1c2841,0x0719e9f01c0c947ada1caa50c65c6459887cc57f,0x6810e776880c02933d47db1b9fc05908e5386b96,0xa4740d111d8287c196787153ba15a5c61084f979,20000000000000000000,Gnosis,GNO,18,104,61768,20000000000,51473,3638627,deprecated,0xa9059cbb,"transfer(address _to, uint256 _value)",21428409
3633124,1493659015,0xf4b059322ba93f66b68a565a29728ddb9fc0c36414003921168f85081df2ed3d,33,0x815f7782a19050cbd356e5328ee9b561d0ce70b7236ec856dd6ef0c89fac5e62,0x3fe666fc563e5fa99f8e0e6988ee2070cea1fa6b,0x6810e776880c02933d47db1b9fc05908e5386b96,0xf21d2568b702c38718b6034544fdb8b746242530,4188000000000000000,Gnosis,GNO,18,0,151410,39000000000,51409,51409,deprecated,0xa9059cbb,"transfer(address _to, uint256 _value)",21428408
3633124,1493659015,0x1ac6d1c71bfea85e8ca7e21e3f4ca67e692c0f991c253b5ca4dc3078cff04052,2,0x815f7782a19050cbd356e5328ee9b561d0ce70b7236ec856dd6ef0c89fac5e62,0x19076bd01e86fa3d76334e27d4b8e6789688a42d,0x6810e776880c02933d47db1b9fc05908e5386b96,0xb89eae50f2d65aa3ac3f735acf5a4501e357699a,52744093030897777733,Gnosis,GNO,18,6,58901,20000000000,43901,240922,deprecated,0x,,21428408
3633124,1493659015,0x316becec52ad1b906edf91767561e5d101407c2b7cfdbb981887b94edab582dc,5,0x815f7782a19050cbd356e5328ee9b561d0ce70b7236ec856dd6ef0c89fac5e62,0x4870ca24d8b398743c02abfac346cf9dce476b28,0x6810e776880c02933d47db1b9fc05908e5386b96,0x298c5f3461109cc9d7f252c72707d503097c21cc,3350000000000000000,Gnosis,GNO,18,8,80000,20000000000,51409,313331,deprecated,0xa9059cbb,"transfer(address _to, uint256 _value)",21428408
3633124,1493659015,0x3733ac2c3d1ff73cc80f4679798450581e2f8a176e55fd9bcc049c524d0fe073,1,0x815f7782a19050cbd356e5328ee9b561d0ce70b7236ec856dd6ef0c89fac5e62,0x19076bd01e86fa3d76334e27d4b8e6789688a42d,0x6810e776880c02933d47db1b9fc05908e5386b96,0xffc3d8f40bccff3ac466caeb4efba78bfd06b3a9,70354666666666666607,Gnosis,GNO,18,9,130000,20000000000,43901,357232,deprecated,0x,,21428408
3633124,1493659015,0x37a3253965d6ff37e3df9c1e6c02133f8978be2aabbafea6127075076181926e,14,0x815f7782a19050cbd356e5328ee9b561d0ce70b7236ec856dd6ef0c89fac5e62,0x4aca686fd28c3253486dcc70982bfdcdf0cc522e,0x6810e776880c02933d47db1b9fc05908e5386b96,0xeaca360e9ff4a4f2565dd069a9683bbe8d06a2ac,300000000000000000000,Gnosis,GNO,18,10,106473,20000000000,51473,408705,deprecated,0xa9059cbb,"transfer(address _to, uint256 _value)",21428408
3633124,1493659015,0x59986ef1e257015b16473d7ca839ae3b18d4914c6b6ea413e36fa0fe947e0155,1,0x815f7782a19050cbd356e5328ee9b561d0ce70b7236ec856dd6ef0c89fac5e62,0x48f4c91c598102fcafff92f67bbca31ca7ae1fe4,0x6810e776880c02933d47db1b9fc05908e5386b96,0x491443c7626e2158c261d223acf1e692033b4a26,67004444444444444388,Gnosis,GNO,18,12,100000,20000000000,36601,466306,deprecated,0xa9059cbb,"transfer(address _to, uint256 _value)",21428408
3633124,1493659015,0x60692045a4295dc033abba96d965d7a0d716884b3c535d8a0efeb75622ed7995,5,0x815f7782a19050cbd356e5328ee9b561d0ce70b7236ec856dd6ef0c89fac5e62,0x822cfe25b892145ad4f4dd0ea203830aec878ca0,0x6810e776880c02933d47db1b9fc05908e5386b96,0xd8def14e839b6f6d022d724f4cc669f4acd6b9c2,9045599999999999992,Gnosis,GNO,18,13,120000,20000000000,36537,502843,deprecated,0xa9059cbb,"transfer(address _to, uint256 _value)",21428408
3633124,1493659015,0x821166ac6a1e653e94a7e56b057774a8d0a9fab8881a919464fd07f6c81e0d4e,88,0x815f7782a19050cbd356e5328ee9b561d0ce70b7236ec856dd6ef0c89fac5e62,0x60e16961ad6138d2fb3e556fc284d9c2fff41486,0x6810e776880c02933d47db1b9fc05908e5386b96,0xd47297cdcf36eed17305d6a5471c6cd482c7e91c,3350222222222222219419,Gnosis,GNO,18,17,136601,20000000000,21601,588356,deprecated,0xa9059cbb,"transfer(address _to, uint256 _value)",21428408
3633124,1493659015,0x8b748884154c1f97bd5a2eb7851b2e7076564e7754554a5d6b7b45a6ece6049a,2,0x815f7782a19050cbd356e5328ee9b561d0ce70b7236ec856dd6ef0c89fac5e62,0x0027ad9fca03cb1404bf9f10ed1181a03071cfad,0x6810e776880c02933d47db1b9fc05908e5386b96,0x00314152968b185bc516129d31fc5099e9c60a39,1000000000000000000,Gnosis,GNO,18,20,100000,20000000000,51345,681701,deprecated,0xa9059cbb,"transfer(address _to, uint256 _value)",21428408
3633124,1493659015,0x8c7e3864ef764647dfaef2051ba2d95c9e677ef706962c308a5161e8bc4ce274,4,0x815f7782a19050cbd356e5328ee9b561d0ce70b7236ec856dd6ef0c89fac5e62,0x19076bd01e86fa3d76334e27d4b8e6789688a42d,0x6810e776880c02933d47db1b9fc05908e5386b96,0xcf2baa760e0de81da7cca744379ac4705c2c9bb8,32162133333333333306,Gnosis,GNO,18,21,65211,20000000000,43901,725602,deprecated,0x,,21428408
3633125,1493659075,0xc7218d7af43445a7362085bffda90be24c81aa64b1ea297f667e119b77722568,15,0x3218229828dbfdbeb2d981650f456075cee693cf8491f67f0edff0edf3b20f4c,0x5d5cdbe25b2a044b7b9be383bcaa5807b06d3c6b,0x6810e776880c02933d47db1b9fc05908e5386b96,0xca4e22d7bb6ab99cd8a1497031baf61d835614a3,125000000000000000000,Gnosis,GNO,18,10,151474,28000000000,51473,293169,deprecated,0xa9059cbb,"transfer(address _to, uint256 _value)",21428407
3633125,1493659075,0x26930804f5a479daf92c906c2785ce279ed59f0f1ed76a6b6061122a4da64f2f,26,0x3218229828dbfdbeb2d981650f456075cee693cf8491f67f0edff0edf3b20f4c,0xd444e6d13077b5738f82d1c7d4ff4c2eee94b0e4,0x6810e776880c02933d47db1b9fc05908e5386b96,0x63a7052e229b444b41c4e8b6897bc8f113b5e594,5000000000000000000,Gnosis,GNO,18,11,151410,28000000000,51409,344578,deprecated,0xa9059cbb,"transfer(address _to, uint256 _value)",21428407
3633126,1493659083,0x47b15ed48960f5e011523b0ed1e4203b916f97a9b6e4c39bd712a082a52a8695,2848,0xacfbdeb5bfc491c4db9c54adfdbf015aabb4a55a478b1312ebd948a480449e5f,0x00888a06058fc008555f593e1ef911d63d8b59d2,0x6810e776880c02933d47db1b9fc05908e5386b96,0xb49091108e6804d1675d32eaa02989096384208a,100000000000000000000,Gnosis,GNO,18,1,70000,41000000000,27074,48074,deprecated,0xf5537ede,"transferToken(address erc20, address to, uint256 value)",21428406
3633126,1493659083,0x8069e091e56b00df862c2d88424987874e5c37fbaa52a7e6a81eb731bc2e715e,2849,0xacfbdeb5bfc491c4db9c54adfdbf015aabb4a55a478b1312ebd948a480449e5f,0x18b9e31443f0c6d935a2943df745d637ca7a0c4e,0x6810e776880c02933d47db1b9fc05908e5386b96,0xb49091108e6804d1675d32eaa02989096384208a,167467022186666666526,Gnosis,GNO,18,2,70000,41000000000,27202,75276,deprecated,0xf5537ede,"transferToken(address erc20, address to, uint256 value)",21428406
3633126,1493659083,0x11223e14b8d853ea96d046df02376f3c3c9dc5e56ecfdaf818eba6caa4d6670b,2850,0xacfbdeb5bfc491c4db9c54adfdbf015aabb4a55a478b1312ebd948a480449e5f,0x268361d457ef1634081c0a5ebed3694a7463d1b7,0x6810e776880c02933d47db1b9fc05908e5386b96,0xb49091108e6804d1675d32eaa02989096384208a,50227034088888888846,Gnosis,GNO,18,3,70000,41000000000,27202,102478,deprecated,0xf5537ede,"transferToken(address erc20, address to, uint256 value)",21428406
3633126,1493659083,0xade3500b9568cfc17f689e9597cb74eb2212bee28eb5426748a5b9b305305183,2851,0xacfbdeb5bfc491c4db9c54adfdbf015aabb4a55a478b1312ebd948a480449e5f,0x28c27a92963fc001c41da298cd56d5b07a0cfd4a,0x6810e776880c02933d47db1b9fc05908e5386b96,0xb49091108e6804d1675d32eaa02989096384208a,83747179999999999929,Gnosis,GNO,18,4,70000,41000000000,27202,129680,deprecated,0xf5537ede,"transferToken(address erc20, address to, uint256 value)",21428406
3633126,1493659083,0xa6833299106959bd1e950ca7f83de1730e442a2ae7e7deeb1c8ed4d220547ac8,2852,0xacfbdeb5bfc491c4db9c54adfdbf015aabb4a55a478b1312ebd948a480449e5f,0x5021ffbdfca81d34a91c8ad5db1aad120d35c696,0x6810e776880c02933d47db1b9fc05908e5386b96,0xb49091108e6804d1675d32eaa02989096384208a,36993656311111111080,Gnosis,GNO,18,5,70000,41000000000,27202,156882,deprecated,0xf5537ede,"transferToken(address erc20, address to, uint256 value)",21428406
3633126,1493659083,0xa867a473d18ec6b3b15d6750f8249e6737d8d04abbc3279a88fcdc0197c653d1,2853,0xacfbdeb5bfc491c4db9c54adfdbf015aabb4a55a478b1312ebd948a480449e5f,0x53e04a24598bcf79f9ee9e3e67393f062b3933a5,0x6810e776880c02933d47db1b9fc05908e5386b96,0xb49091108e6804d1675d32eaa02989096384208a,108873846666666666575,Gnosis,GNO,18,6,70000,41000000000,27202,184084,deprecated,0xf5537ede,"transferToken(address erc20, address to, uint256 value)",21428406
3633126,1493659083,0x3e6d8571bf1e448ae2e9c0aefa18cd8c365be8e9cd45fae20ce2e9a662ee4179,2854,0xacfbdeb5bfc491c4db9c54adfdbf015aabb4a55a478b1312ebd948a480449e5f,0x6e1207988b99779cd6835d5dd8b262a7f43e9451,0x6810e776880c02933d47db1b9fc05908e5386b96,0xb49091108e6804d1675d32eaa02989096384208a,58620513333333333284,Gnosis,GNO,18,7,70000,41000000000,27202,211286,deprecated,0xf5537ede,"transferToken(address erc20, address to, uint256 value)",21428406
3633126,1493659083,0xa9d2e3c0714ce2e5b98f14145e5e896e26b8a5c04302e20d71f25cc7bf75788c,2855,0xacfbdeb5bfc491c4db9c54adfdbf015aabb4a55a478b1312ebd948a480449e5f,0x701a88d7817929e7ac68ea76d65594491b2a2a10,0x6810e776880c02933d47db1b9fc05908e5386b96,0xb49091108e6804d1675d32eaa02989096384208a,51920068888888888845,Gnosis,GNO,18,8,70000,41000000000,27202,238488,deprecated,0xf5537ede,"transferToken(address erc20, address to, uint256 value)",21428406
3633126,1493659083,0x6d286c0ace912f1331a5d49212badeeb9eabe8365890eb4617f14ed16d9758aa,2856,0xacfbdeb5bfc491c4db9c54adfdbf015aabb4a55a478b1312ebd948a480449e5f,0x81d5c63fc1137b957e7bdabf575a62c7dbb2949a,0x6810e776880c02933d47db1b9fc05908e5386b96,0xb49091108e6804d1675d32eaa02989096384208a,66994896311111111055,Gnosis,GNO,18,9,70000,41000000000,27202,265690,deprecated,0xf5537ede,"transferToken(address erc20, address to, uint256 value)",21428406
3633126,1493659083,0x5871a240f7c255d70fb3b3a7bf9341e3d6084c8e802dddcdc70ef586d1acc757,2857,0xacfbdeb5bfc491c4db9c54adfdbf015aabb4a55a478b1312ebd948a480449e5f,0x845613b87591b6ee4ce9dfcd180b2023d10410f3,0x6810e776880c02933d47db1b9fc05908e5386b96,0xb49091108e6804d1675d32eaa02989096384208a,83747179999999999929,Gnosis,GNO,18,10,70000,41000000000,27202,292892,deprecated,0xf5537ede,"transferToken(address erc20, address to, uint256 value)",21428406
3633126,1493659083,0x025928c7fefcf5952a294c657df3a8f3c270159b9f87a5b71bd23489618e97d3,2858,0xacfbdeb5bfc491c4db9c54adfdbf015aabb4a55a478b1312ebd948a480449e5f,0x85947a5258069d2d4358760f13db05c210a794ae,0x6810e776880c02933d47db1b9fc05908e5386b96,0xb49091108e6804d1675d32eaa02989096384208a,83747179999999999929,Gnosis,GNO,18,11,70000,41000000000,27202,320094,deprecated,0xf5537ede,"transferToken(address erc20, address to, uint256 value)",21428406
3633126,1493659083,0x4e37eed5ac53fd79c21631bd956040e5221c594f934b74d6e854cc76eefeab0d,2859,0xacfbdeb5bfc491c4db9c54adfdbf015aabb4a55a478b1312ebd948a480449e5f,0x8a2041fc77852d94dab268da78b02ee42206a39f,0x6810e776880c02933d47db1b9fc05908e5386b96,0xb49091108e6804d1675d32eaa02989096384208a,41877777777777777742,Gnosis,GNO,18,12,70000,41000000000,27202,347296,deprecated,0xf5537ede,"transferToken(address erc20, address to, uint256 value)",21428406
3633126,1493659083,0x8dfd7b24462463a3023e60ddcaaa8cf865e3d6982cdb0b68527caf03fc9dd1ac,2860,0xacfbdeb5bfc491c4db9c54adfdbf015aabb4a55a478b1312ebd948a480449e5f,0x91f5296d426e2657d4fb16ef0f63411bb5a56338,0x6810e776880c02933d47db1b9fc05908e5386b96,0xb49091108e6804d1675d32eaa02989096384208a,55715786911111111064,Gnosis,GNO,18,13,70000,41000000000,27138,374434,deprecated,0xf5537ede,"transferToken(address erc20, address to, uint256 value)",21428406
3633126,1493659083,0x48fa2b43e3db198b26dc53a159ded5332ca405e60e2b6393640c56b307ea51f1,2861,0xacfbdeb5bfc491c4db9c54adfdbf015aabb4a55a478b1312ebd948a480449e5f,0xa1ca4cb202476972f41a6611b787d5794739e003,0x6810e776880c02933d47db1b9fc05908e5386b96,0xb49091108e6804d1675d32eaa02989096384208a,108036291111111111020,Gnosis,GNO,18,14,70000,41000000000,27202,401636,deprecated,0xf5537ede,"transferToken(address erc20, address to, uint256 value)",21428406
3633127,1493659092,0x828a97f17db85d15616bae34fdcbb642724dc1bb67557ef30dabfb4b8559a5d9,2862,0x232b3d38d0e9bacabcbbb35d3e5edae5f754276edd30d360e2d1c2ab2006e8e7,0xa26b16bda42c14c928f872e79cdbdf5f47836bab,0x6810e776880c02933d47db1b9fc05908e5386b96,0xb49091108e6804d1675d32eaa02989096384208a,1000000000000000000,Gnosis,GNO,18,0,70000,41000000000,27010,27010,deprecated,0xf5537ede,"transferToken(address erc20, address to, uint256 value)",21428405
3633127,1493659092,0x05ee24eb04c46b21adcbf4f13b92f04fca6994d908390720b3cf354e21b92464,18,0x232b3d38d0e9bacabcbbb35d3e5edae5f754276edd30d360e2d1c2ab2006e8e7,0x64615152ce74044b67f0b5ace567d6533ec22789,0x6810e776880c02933d47db1b9fc05908e5386b96,0xf57d5fc17a83952cf5d7d04d9c71f92cfeeada9e,63746300000000000000,Gnosis,GNO,18,7,56621,22189174841,51537,746531,deprecated,0xa9059cbb,"transfer(address _to, uint256 _value)",21428405
3633127,1493659092,0xbc64dd644860dd97ee279a1bb5a58be74076c2231b66cca1cf07b5d2da09d88e,2,0x232b3d38d0e9bacabcbbb35d3e5edae5f754276edd30d360e2d1c2ab2006e8e7,0xc74c896f34b94885124bddfecf093a6b1012fb1b,0x6810e776880c02933d47db1b9fc05908e5386b96,0xbb7e2520404756b7684b0f8304f383ada5461b9c,4908000000000000000,Gnosis,GNO,18,8,56551,22189174841,51409,797940,deprecated,0xa9059cbb,"transfer(address _to, uint256 _value)",21428405
3633127,1493659092,0xd9faad24dd2baf1799de8253768c9059063006ef47c75ecee53f8101c15f3f38,16,0x232b3d38d0e9bacabcbbb35d3e5edae5f754276edd30d360e2d1c2ab2006e8e7,0x19076bd01e86fa3d76334e27d4b8e6789688a42d,0x6810e776880c02933d47db1b9fc05908e5386b96,0xc945f66c22d48339c4887fef66bd4fb67693045b,33496844803984888860,Gnosis,GNO,18,17,143901,22000000000,43901,1305379,deprecated,0x,,21428405
3633127,1493659092,0x2dde2d5ab327b0fad2bcc87a6595365e519aa24ba7ee2ac8203d1e3f60db0987,3,0x232b3d38d0e9bacabcbbb35d3e5edae5f754276edd30d360e2d1c2ab2006e8e7,0x5fff589fbbc063e61e35d0dc526b567ba0e5a0b8,0x6810e776880c02933d47db1b9fc05908e5386b96,0x3aef5267527d8fd1698920bba12ff949d09867e6,17257700000000000000,Gnosis,GNO,18,18,150000,21883056152,51473,1356852,deprecated,0xa9059cbb,"transfer(address _to, uint256 _value)",21428405
3633127,1493659092,0xb2acdf4216825c01dd1e4cdfcab6da16b021de5aec5bc89110580737b6425233,2,0x232b3d38d0e9bacabcbbb35d3e5edae5f754276edd30d360e2d1c2ab2006e8e7,0x0ad0e5b722e8d66f0f89d41e65c400ff3461f4ae,0x6810e776880c02933d47db1b9fc05908e5386b96,0xdf7061c8f466aa44caf6909d6efb10a9dd1c3c08,14154600000000000000,Gnosis,GNO,18,20,74379,21770540000,51473,1429325,deprecated,0xa9059cbb,"transfer(address _to, uint256 _value)",21428405
3633127,1493659092,0x10042cbd165ffc922899237f40ee18d355660ab21c4bb27a728e6fd7fbeb1160,6,0x232b3d38d0e9bacabcbbb35d3e5edae5f754276edd30d360e2d1c2ab2006e8e7,0x19076bd01e86fa3d76334e27d4b8e6789688a42d,0x6810e776880c02933d47db1b9fc05908e5386b96,0x1c79f6d0edcdd3be64b359ecd6473a58fd65560c,368524444444444444136,Gnosis,GNO,18,24,150000,20000000000,43901,1538171,deprecated,0x,,21428405
3633127,1493659092,0x1119395cf99ead893b67024466cb874a6f0ba5d30aa38a43c6c9764ae0a56819,71,0x232b3d38d0e9bacabcbbb35d3e5edae5f754276edd30d360e2d1c2ab2006e8e7,0xd5a3c587bfe0f077106a5e2bcfd312c3c0ed7f35,0x6810e776880c02933d47db1b9fc05908e5386b96,0xdbf80244e8afc6f4e30c75e7f4514d8784ccd046,10000000000000000000,Gnosis,GNO,18,25,150000,20000000000,51409,1589580,deprecated,0xa9059cbb,"transfer(address _to, uint256 _value)",21428405
3633127,1493659092,0x128a25720c9a30cf0e7a7112ae72e8f783bb96d75ca078a87000286799e25cc8,100,0x232b3d38d0e9bacabcbbb35d3e5edae5f754276edd30d360e2d1c2ab2006e8e7,0x3c390780c30caa136a5dd3d1b54d894c5e4baad2,0x6810e776880c02933d47db1b9fc05908e5386b96,0x520ddbdd9fd13719f3b5346e615f929647c2368a,60000000000000000000,Gnosis,GNO,18,26,70000,20000000000,51473,1641053,deprecated,0xa9059cbb,"transfer(address _to, uint256 _value)",21428405
3633127,1493659092,0x146dea0f6702e12e28c8e45c87aa33d74379dd4522386b199e9498f71d675f42,3,0x232b3d38d0e9bacabcbbb35d3e5edae5f754276edd30d360e2d1c2ab2006e8e7,0x19076bd01e86fa3d76334e27d4b8e6789688a42d,0x6810e776880c02933d47db1b9fc05908e5386b96,0xfb5740c341f174d8570962ac0a61ac7c30728912,2546168888888888886,Gnosis,GNO,18,27,150000,20000000000,43901,1684954,deprecated,0x,,21428405
3633127,1493659092,0x150aa85b61271b309d1fef53c73f04eacbd29cf69239a3e967b237194f2b0985,38,0x232b3d38d0e9bacabcbbb35d3e5edae5f754276edd30d360e2d1c2ab2006e8e7,0x19076bd01e86fa3d76334e27d4b8e6789688a42d,0x6810e776880c02933d47db1b9fc05908e5386b96,0x938caae22ea8157c38233346fee0f095116837e3,67004444444444444388,Gnosis,GNO,18,28,130000,20000000000,43901,1728855,deprecated,0x,,21428405
3633127,1493659092,0x161e4ac6dda7c5f983597dfcf1ee46fb8738fec03de700e15a7f752ad81be0b3,6,0x232b3d38d0e9bacabcbbb35d3e5edae5f754276edd30d360e2d1c2ab2006e8e7,0xa16864c8eac411f3ead5f02590cf50f777103c24,0x6810e776880c02933d47db1b9fc05908e5386b96,0x8e481888cc701ce03ae9724e586981a56eef498c,1000000000000000000,Gnosis,GNO,18,29,60000,20000000000,51409,1780264,deprecated,0xa9059cbb,"transfer(address _to, uint256 _value)",21428405
3633127,1493659092,0x178043fc4780e2058c2971a3e5aaff2af44ea89fe27c5c846aef0e1a7c78a091,2,0x232b3d38d0e9bacabcbbb35d3e5edae5f754276edd30d360e2d1c2ab2006e8e7,0x19076bd01e86fa3d76334e27d4b8e6789688a42d,0x6810e776880c02933d47db1b9fc05908e5386b96,0xe23d4d14a66caee9fabe2d046acc420d5eacaf7e,41861026666666666631,Gnosis,GNO,18,30,130000,20000000000,43901,1824165,deprecated,0x,,21428405
3633127,1493659092,0x21440070a222ce7a595c59553714c531744744fe56abf2bf9b07400df73a06af,15,0x232b3d38d0e9bacabcbbb35d3e5edae5f754276edd30d360e2d1c2ab2006e8e7,0x19076bd01e86fa3d76334e27d4b8e6789688a42d,0x6810e776880c02933d47db1b9fc05908e5386b96,0x05d2cf849cfdd557e82b5625a15b09ec66bac960,388317691930186221897,Gnosis,GNO,18,33,90000,20000000000,43901,1934654,deprecated,0x,,21428405
3633127,1493659092,0x228c6151f02becb14d82f5d7ee2bfd53f9d1ceb35343005ef9b2ec4ac6047810,5,0x232b3d38d0e9bacabcbbb35d3e5edae5f754276edd30d360e2d1c2ab2006e8e7,0x489b88d42628fcae059018d47aa9dba420c9abd2,0x6810e776880c02933d47db1b9fc05908e5386b96,0x20acd660e466e06eab5fa619719aa58313391330,10000000000000000000,Gnosis,GNO,18,34,200000,20000000000,51409,1986063,deprecated,0xa9059cbb,"transfer(address _to, uint256 _value)",21428405
3633127,1493659092,0x2838e2e0e94055c1bfdb93250a6438c6542eec0a41401c830412c78ce6f6a8b8,1,0x232b3d38d0e9bacabcbbb35d3e5edae5f754276edd30d360e2d1c2ab2006e8e7,0xfd8552d3dafa2495d86c80daa5780e248352abad,0x6810e776880c02933d47db1b9fc05908e5386b96,0x536f029ddd167a0c6fb98db9cd4f156e01d92514,300000000000000000000,Gnosis,GNO,18,36,56473,20000000000,51473,2058536,deprecated,0xa9059cbb,"transfer(address _to, uint256 _value)",21428405
3633127,1493659092,0x2909cff74a0fa1b49a546b24c6cef4f95da3e3950ba708fec64ca18094991643,14,0x232b3d38d0e9bacabcbbb35d3e5edae5f754276edd30d360e2d1c2ab2006e8e7,0x19076bd01e86fa3d76334e27d4b8e6789688a42d,0x6810e776880c02933d47db1b9fc05908e5386b96,0x14e93fbc83719e0a9996321968b094fbda8acf32,167511111111111110970,Gnosis,GNO,18,37,170000,20000000000,43901,2102437,deprecated,0x,,21428405
3633127,1493659092,0x2981fcb5646b48860cc5b8f2edfcee909773b0e8a336c776840be623901c5712,42,0x232b3d38d0e9bacabcbbb35d3e5edae5f754276edd30d360e2d1c2ab2006e8e7,0x3381b2e75086d113daaad7bf7434f8332331a348,0x6810e776880c02933d47db1b9fc05908e5386b96,0x273dac6ec78733a72b78df1b878030c775afa85e,40202666666666666633,Gnosis,GNO,18,38,100000,20000000000,36601,2139038,deprecated,0xa9059cbb,"transfer(address _to, uint256 _value)",21428405
3633127,1493659092,0x308f06f9587b3cc2b984e029fac8f772db86b29b965fbd00c84627e46eed1123,11,0x232b3d38d0e9bacabcbbb35d3e5edae5f754276edd30d360e2d1c2ab2006e8e7,0x6b6044128855a568687263b78693629a4c900559,0x6810e776880c02933d47db1b9fc05908e5386b96,0x26b5a6b628e166baa190ff0cc4b9bf5a95a730be,230000000000000000000,Gnosis,GNO,18,39,100000,20000000000,51473,2190511,deprecated,0xa9059cbb,"transfer(address _to, uint256 _value)",21428405
3633127,1493659092,0x30ad0a4f87399592cc01d9d97ceebff589724f0fe3700d276c3df13a85cfc6ff,64,0x232b3d38d0e9bacabcbbb35d3e5edae5f754276edd30d360e2d1c2ab2006e8e7,0x19076bd01e86fa3d76334e27d4b8e6789688a42d,0x6810e776880c02933d47db1b9fc05908e5386b96,0xa17070c2e9c5a940a4ec0e4954c4d7d643be8f49,370792544888888888578,Gnosis,GNO,18,40,200000,20000000000,28901,2219412,deprecated,0x,,21428405
3633127,1493659092,0x344f7f2e4819351e12d54212dedcd87f55be13d85e48826ccb0bbf387b615df8,12,0x232b3d38d0e9bacabcbbb35d3e5edae5f754276edd30d360e2d1c2ab2006e8e7,0xafc1eee9222df08484d040350fb643e524ab474c,0x6810e776880c02933d47db1b9fc05908e5386b96,0xf9736bef018bd19d7f2baa7a7f7878d78358b75b,117200000000000000,Gnosis,GNO,18,43,61691,20000000000,51409,2361237,deprecated,0xa9059cbb,"transfer(address _to, uint256 _value)",21428405
3633127,1493659092,0x3e23222a77e13dc608a0fc742120f4c59cc45096ea62932a4697d86ea7c74e52,5,0x232b3d38d0e9bacabcbbb35d3e5edae5f754276edd30d360e2d1c2ab2006e8e7,0x14a926e168278cc0c00286837de51e29f814b8d3,0x6810e776880c02933d47db1b9fc05908e5386b96,0x509531bf0438e619eb108cd9cd057524721da481,47000000000000000000,Gnosis,GNO,18,45,60000,20000000000,51473,2433710,deprecated,0xa9059cbb,"transfer(address _to, uint256 _value)",21428405
3633127,1493659092,0x5970da78bd07fddda509b16e3905495bfc5e25371722fb89b73e68b13bd71284,118,0x232b3d38d0e9bacabcbbb35d3e5edae5f754276edd30d360e2d1c2ab2006e8e7,0x4b1117f5a39a1001cd0a19bc926e1765fbf3f346,0x6810e776880c02933d47db1b9fc05908e5386b96,0xd32714181e65a1a5e6a716bbb2c2e4f5a4c994c5,180000000000000000000,Gnosis,GNO,18,51,100000,20000000000,51409,2598210,deprecated,0xa9059cbb,"transfer(address _to, uint256 _value)",21428405
3633127,1493659092,0x621bb8c404ac6ae419161a8287de4fa9181bfa037c42ed2ea4d1a410a7817d33,2,0x232b3d38d0e9bacabcbbb35d3e5edae5f754276edd30d360e2d1c2ab2006e8e7,0x19076bd01e86fa3d76334e27d4b8e6789688a42d,0x6810e776880c02933d47db1b9fc05908e5386b96,0x56653bd37c7ef5cee1ae5be2b4c922b56bb35677,167511111111111110970,Gnosis,GNO,18,53,65211,20000000000,43901,2663111,deprecated,0x,,21428405
3633127,1493659092,0x69ea727e6bcfd39f057e3002d83e5d120d408a9286e2bbdf9281aa8c64aef266,97,0x232b3d38d0e9bacabcbbb35d3e5edae5f754276edd30d360e2d1c2ab2006e8e7,0x9cc5b4dd8d672da071ebb69a789956b54b820525,0x6810e776880c02933d47db1b9fc05908e5386b96,0x49bed06368166d53a9b0b1c36f47b2dc661e8fe3,167511111111111110970,Gnosis,GNO,18,55,61921,20000000000,36601,2736329,deprecated,0xa9059cbb,"transfer(address _to, uint256 _value)",21428405
3633127,1493659092,0x6aedf5622d46113931f0ac6a2e66e813a6bb442ae0354bd5b4a3194f52d5f0ee,2,0x232b3d38d0e9bacabcbbb35d3e5edae5f754276edd30d360e2d1c2ab2006e8e7,0x19076bd01e86fa3d76334e27d4b8e6789688a42d,0x6810e776880c02933d47db1b9fc05908e5386b96,0x47045d1ee924ad6ff890ce8b52d6c1f08ad42235,557811999999999999,Gnosis,GNO,18,56,120000,20000000000,43901,2780230,deprecated,0x,,21428405
3633127,1493659092,0x6e937b33081a017e2cbbce9a67265c7460f992c53109a2fe82d720fff948cdf0,50,0x232b3d38d0e9bacabcbbb35d3e5edae5f754276edd30d360e2d1c2ab2006e8e7,0x2d0efca5e73e90c7707931678dfaef38c068ac10,0x6810e776880c02933d47db1b9fc05908e5386b96,0xd0f5c85fc066b403cd92ac98adaaba533c37487f,4137937777777777765952,Gnosis,GNO,18,57,61921,20000000000,51601,2831831,deprecated,0xa9059cbb,"transfer(address _to, uint256 _value)",21428405
3633127,1493659092,0x76dd3b2f8613b2d2f024b94c90e873b7d1dcc1047a6f73c53555ecf303a4c68d,7,0x232b3d38d0e9bacabcbbb35d3e5edae5f754276edd30d360e2d1c2ab2006e8e7,0x6b200f4e534ff82117079b6cb7a554dad143e3f6,0x6810e776880c02933d47db1b9fc05908e5386b96,0x5b25056c0e34ba06a2e8dda96132df473452c60d,62258000000000000000,Gnosis,GNO,18,62,56409,20000000000,51409,2967240,deprecated,0xa9059cbb,"transfer(address _to, uint256 _value)",21428405
3633127,1493659092,0x820956064a26751a4fb0adcc0e72cc8c460aac193f253a7234b6945808f3e3a8,2,0x232b3d38d0e9bacabcbbb35d3e5edae5f754276edd30d360e2d1c2ab2006e8e7,0xb24e9d2980e935901db5803bc8c5aa9c0fd4f24c,0x6810e776880c02933d47db1b9fc05908e5386b96,0x349fb4dd2a42d33c3edb813971cb0d5f14247223,196860711000000000000,Gnosis,GNO,18,64,100000,20000000000,51537,3039777,deprecated,0xa9059cbb,"transfer(address _to, uint256 _value)",21428405
3633127,1493659092,0x845e4163ad32989e2ad55683a12b20e02d204ad22712c7628d5aacf7852412ae,2,0x232b3d38d0e9bacabcbbb35d3e5edae5f754276edd30d360e2d1c2ab2006e8e7,0x19076bd01e86fa3d76334e27d4b8e6789688a42d,0x6810e776880c02933d47db1b9fc05908e5386b96,0x67eb434513b3e5ee2a40457347e05fde3226f241,25126666666666666645,Gnosis,GNO,18,65,100000,20000000000,43901,3083678,deprecated,0x,,21428405
3633127,1493659092,0x890ca50a80a63ae141e105a62cb6cae1abafb9df925a334e62e87db93f59e409,1,0x232b3d38d0e9bacabcbbb35d3e5edae5f754276edd30d360e2d1c2ab2006e8e7,0x19076bd01e86fa3d76334e27d4b8e6789688a42d,0x6810e776880c02933d47db1b9fc05908e5386b96,0x41b39fb7e2d54e45aa8ceb3bacbf064c5bf62132,41777271111111111076,Gnosis,GNO,18,66,65211,20000000000,43901,3127579,deprecated,0x,,21428405
3633127,1493659092,0x8cd80b73ec408d3bc40df05dd2b17216908f2d0efbf3e0dea7021b4681d8d91a,1,0x232b3d38d0e9bacabcbbb35d3e5edae5f754276edd30d360e2d1c2ab2006e8e7,0x875bd01ef7aed08a11b236833736174cc478e186,0x6810e776880c02933d47db1b9fc05908e5386b96,0xbf6824b818ec73864e6f67746c003e7825130340,40000000000000000000,Gnosis,GNO,18,67,56409,20000000000,51409,3178988,deprecated,0xa9059cbb,"transfer(address _to, uint256 _value)",21428405
3633127,1493659092,0x9c595510656b6ee4257055c17659be0ca3605fe3f09ca366e0c6f1f1df163f92,60,0x232b3d38d0e9bacabcbbb35d3e5edae5f754276edd30d360e2d1c2ab2006e8e7,0xc4a69fbf4511a1377161834cb7a3b8766953db02,0x6810e776880c02933d47db1b9fc05908e5386b96,0xa0c63964038613bcb39c65d0cc67efddc60ecd53,150000000000000000000,Gnosis,GNO,18,70,56473,20000000000,51473,3280552,deprecated,0xa9059cbb,"transfer(address _to, uint256 _value)",21428405
3633127,1493659092,0xa05e94352e85263f8b201cba41a830d0d5538b7c48e54539b55abee958c0ad6e,3,0x232b3d38d0e9bacabcbbb35d3e5edae5f754276edd30d360e2d1c2ab2006e8e7,0x19076bd01e86fa3d76334e27d4b8e6789688a42d,0x6810e776880c02933d47db1b9fc05908e5386b96,0x2227bfbbb5219689f6da88ee4c6c84cc4501ce06,336697333333333333051,Gnosis,GNO,18,72,120000,20000000000,43901,3345453,deprecated,0x,,21428405
3633127,1493659092,0xa101cdeb014319928a8a2889db7237fed45470a648e4853f4e73e7247134fa97,32,0x232b3d38d0e9bacabcbbb35d3e5edae5f754276edd30d360e2d1c2ab2006e8e7,0xc81805f3e8534350e0669ddb3261417db5ff869e,0x6810e776880c02933d47db1b9fc05908e5386b96,0x3ce87dac6247c8ee44dc303485c3246499c71239,83755555555555555485,Gnosis,GNO,18,74,75000,20000000000,36601,3403054,deprecated,0xa9059cbb,"transfer(address _to, uint256 _value)",21428405
3633127,1493659092,0xa280e3971bd5db88eecccf0cf651f7dd81b976c749d0fbc686cb497948d748d3,2,0x232b3d38d0e9bacabcbbb35d3e5edae5f754276edd30d360e2d1c2ab2006e8e7,0x521e28a90ec2f1204b01c5fb58900c781591beae,0x6810e776880c02933d47db1b9fc05908e5386b96,0xb803490035da725a0e6cde6728222a9aa8bd6412,30000000000000000000,Gnosis,GNO,18,75,60000,20000000000,51409,3454463,deprecated,0xa9059cbb,"transfer(address _to, uint256 _value)",21428405
3633127,1493659092,0xa50596712dd0a0ab21c6b54a74cb2c4ef5338390bf4378303514a4cc65e2a157,10,0x232b3d38d0e9bacabcbbb35d3e5edae5f754276edd30d360e2d1c2ab2006e8e7,0x88257f9fef32b585360a5a6e13532afa9d8e2f64,0x6810e776880c02933d47db1b9fc05908e5386b96,0x802e43dbe10de89805e21fd1bfbbf66c77e7e287,6700000000000000000,Gnosis,GNO,18,76,80000,20000000000,51409,3505872,deprecated,0xa9059cbb,"transfer(address _to, uint256 _value)",21428405
3633127,1493659092,0xb022de833a6c307d1bc08f58bcd691be4808793aea546f1c998a27374545c0d2,2,0x232b3d38d0e9bacabcbbb35d3e5edae5f754276edd30d360e2d1c2ab2006e8e7,0x8d856843d8add1ceffb479dbbf34d8c3b8a8bf6e,0x6810e776880c02933d47db1b9fc05908e5386b96,0x10cdeb9de708a202d274af86e87c098b4bbaf70d,11000000000000000000,Gnosis,GNO,18,79,56409,20000000000,51409,3599281,deprecated,0xa9059cbb,"transfer(address _to, uint256 _value)",21428405
3633127,1493659092,0xb05d4bf5184a5d9897d028e37d78aab01c96bde05dbbc0ec45026a25618afca6,2,0x232b3d38d0e9bacabcbbb35d3e5edae5f754276edd30d360e2d1c2ab2006e8e7,0x19076bd01e86fa3d76334e27d4b8e6789688a42d,0x6810e776880c02933d47db1b9fc05908e5386b96,0xffeebbbeb25f9691d6aeb53619d6cafa3cb1093f,3266466666666666663,Gnosis,GNO,18,80,65211,20000000000,43901,3643182,deprecated,0x,,21428405
3633127,1493659092,0xb661911d8b7be810cd40c03df65c392c07421d89e1931f78bc7b78dcad91e318,4,0x232b3d38d0e9bacabcbbb35d3e5edae5f754276edd30d360e2d1c2ab2006e8e7,0x1bc1b320b58af723dcf3391ff428be3dc2ec39b6,0x6810e776880c02933d47db1b9fc05908e5386b96,0xc03d76765b0fab0cadf28feffc87106dbdf1c1d1,10000000000000000000,Gnosis,GNO,18,82,65000,20000000000,51409,3715591,deprecated,0xa9059cbb,"transfer(address _to, uint256 _value)",21428405
3633127,1493659092,0xc331c65d7d2c36d8cc66a0fb0293903056a006de99f693f1f1830443ffb2ef63,25,0x232b3d38d0e9bacabcbbb35d3e5edae5f754276edd30d360e2d1c2ab2006e8e7,0x0296edf4eb266dce6e3cbf44565beeb4a500ba78,0x6810e776880c02933d47db1b9fc05908e5386b96,0x813f24201100acc73cb002a6f0f5d9a46dfc05d3,83755555555555555485,Gnosis,GNO,18,85,56537,20000000000,36537,3825338,deprecated,0xa9059cbb,"transfer(address _to, uint256 _value)",21428405
3633127,1493659092,0xd2eafffd05274055bde99edf9c5a422965b5873cd6dc3ad2d98780ba8320020c,28,0x232b3d38d0e9bacabcbbb35d3e5edae5f754276edd30d360e2d1c2ab2006e8e7,0xda5c805cfcf76ccc44ba616e0898ef1e33286063,0x6810e776880c02933d47db1b9fc05908e5386b96,0x32c5c3b5d2eb4a60ba0e3eacc69a51d8356fc7e0,130286289466666666557689,Gnosis,GNO,18,89,100000,20000000000,29370,3917708,deprecated,0x,,21428405
3633127,1493659092,0xde02d22eae9c82569f67559c4396fd828e2218b0bfa8347287205d60260f37dc,3,0x232b3d38d0e9bacabcbbb35d3e5edae5f754276edd30d360e2d1c2ab2006e8e7,0xb2878ac81f5ea0ca9f2be275cdd244a83729929c,0x6810e776880c02933d47db1b9fc05908e5386b96,0x2286954933cd40c3475e610001dae46d48f56ec6,1000000000000000000,Gnosis,GNO,18,92,56345,20000000000,51345,4120301,deprecated,0xa9059cbb,"transfer(address _to, uint256 _value)",21428405
3633127,1493659092,0xdeca9270d4e49e624a8b9d9c3783a834aec90fd0bf37587adf9f92821f6a252a,29,0x232b3d38d0e9bacabcbbb35d3e5edae5f754276edd30d360e2d1c2ab2006e8e7,0xe31e4be4a7c65fbf14ff16ed654bd06b3a1c6750,0x6810e776880c02933d47db1b9fc05908e5386b96,0xb59458c7255c58f5d81d3f2822130ee548d16ae0,50000000000000000000,Gnosis,GNO,18,94,86473,20000000000,51473,4192774,deprecated,0xa9059cbb,"transfer(address _to, uint256 _value)",21428405
3633128,1493659093,0xcc7718b6d9d6351887ca063ba77dd6f8823fab89ae601c40193eb09c9a16544f,2863,0xf55f4176dce470882367dbf9465d2ae13d0ae7d89edda5907dc00267f973f1ac,0xc2e5e359db2921bbe0f1c6504153b9c97d6644c5,0x6810e776880c02933d47db1b9fc05908e5386b96,0xb49091108e6804d1675d32eaa02989096384208a,167489837199999999859,Gnosis,GNO,18,0,70000,41000000000,27202,27202,deprecated,0xf5537ede,"transferToken(address erc20, address to, uint256 value)",21428404
3633128,1493659093,0xd0b25cc1b23d25de53cf695e54712d2ce0f68501e7318f87d5a9ca94a737fff6,2864,0xf55f4176dce470882367dbf9465d2ae13d0ae7d89edda5907dc00267f973f1ac,0xcc9483d25c5a7f3d9a0f9fcebde56161452f12fd,0x6810e776880c02933d47db1b9fc05908e5386b96,0xb49091108e6804d1675d32eaa02989096384208a,83747179999999999929,Gnosis,GNO,18,1,70000,41000000000,27202,54404,deprecated,0xf5537ede,"transferToken(address erc20, address to, uint256 value)",21428404
3633128,1493659093,0x7634da3217f340b7976da8246e0c78580008bab864bc2115a42e859cda8f237e,2865,0xf55f4176dce470882367dbf9465d2ae13d0ae7d89edda5907dc00267f973f1ac,0xd172e12d8fb0185598495ead709791f3b384fa27,0x6810e776880c02933d47db1b9fc05908e5386b96,0xb49091108e6804d1675d32eaa02989096384208a,50244957777777777735,Gnosis,GNO,18,2,70000,41000000000,27202,81606,deprecated,0xf5537ede,"transferToken(address erc20, address to, uint256 value)",21428404
3633128,1493659093,0x2dd646ff7ee41dd03507efc4059f8c1e03efad3f9b325a2ff2bfb080ec9950cb,2866,0xf55f4176dce470882367dbf9465d2ae13d0ae7d89edda5907dc00267f973f1ac,0xdbde6ce8e80fa64429b4f2c740184a3960dc329e,0x6810e776880c02933d47db1b9fc05908e5386b96,0xb49091108e6804d1675d32eaa02989096384208a,58620513333333333284,Gnosis,GNO,18,3,70000,41000000000,27202,108808,deprecated,0xf5537ede,"transferToken(address erc20, address to, uint256 value)",21428404
3633128,1493659093,0x27182c7450014c2527876acb94174b2cae017b6a483767e6b441c25eefd3e71b,2867,0xf55f4176dce470882367dbf9465d2ae13d0ae7d89edda5907dc00267f973f1ac,0xf37a0b5a70ee29dc796485b0d34eaee72453d9ae,0x6810e776880c02933d47db1b9fc05908e5386b96,0xb49091108e6804d1675d32eaa02989096384208a,35167785199999999970,Gnosis,GNO,18,4,70000,41000000000,27202,136010,deprecated,0xf5537ede,"transferToken(address erc20, address to, uint256 value)",21428404
3633128,1493659093,0x3d77bfc958b6a748777bced3da60faa305a77dab300a1cef2a9221b2504c1196,2868,0xf55f4176dce470882367dbf9465d2ae13d0ae7d89edda5907dc00267f973f1ac,0xf7724ea9283f2f2676caeda493f718420e976e63,0x6810e776880c02933d47db1b9fc05908e5386b96,0xb49091108e6804d1675d32eaa02989096384208a,100498291111111111027,Gnosis,GNO,18,5,70000,41000000000,27202,163212,deprecated,0xf5537ede,"transferToken(address erc20, address to, uint256 value)",21428404
3633129,1493659121,0xbf4d1bcd43787be985e30cfe5803d0becf1a51ef20bad8155fdbcdb552042b9f,16,0xbd145057684731ac024ea0588962043dc8fabfe389fb2c37940d9244a509346a,0xca852a1fbd35b557c221166f8e75ab714d01fb9d,0x6810e776880c02933d47db1b9fc05908e5386b96,0x06302374c86dd30d91d90fff2702d259d2b9486c,1000000000000000000,Gnosis,GNO,18,0,151410,118000000000,51409,51409,deprecated,0xa9059cbb,"transfer(address _to, uint256 _value)",21428403
3633129,1493659121,0x9ea98c77ba83e7621543331dd3e7fa1371b83b79dfd8cd0d29fb201941a0c193,71,0xbd145057684731ac024ea0588962043dc8fabfe389fb2c37940d9244a509346a,0x1d0dcc8d8bcafa8e8502beaeef6cbd49d3affcdc,0x6810e776880c02933d47db1b9fc05908e5386b96,0xe7066e2fb60a57e4a266008f33b2311f7dbdc736,33502222222222222194,Gnosis,GNO,18,2,3000000,60000000000,1955530,3006939,deprecated,0x84a1f5a5,claimTokensFor(address[] _beneficiaries),21428403
3633129,1493659121,0x9ea98c77ba83e7621543331dd3e7fa1371b83b79dfd8cd0d29fb201941a0c193,71,0xbd145057684731ac024ea0588962043dc8fabfe389fb2c37940d9244a509346a,0x1d0dcc8d8bcafa8e8502beaeef6cbd49d3affcdc,0x6810e776880c02933d47db1b9fc05908e5386b96,0xd2704524655647e2ce193df288ae5b918fc219ee,33502222222222222194,Gnosis,GNO,18,2,3000000,60000000000,1955530,3006939,deprecated,0x84a1f5a5,claimTokensFor(address[] _beneficiaries),21428403
3633129,1493659121,0x9ea98c77ba83e7621543331dd3e7fa1371b83b79dfd8cd0d29fb201941a0c193,71,0xbd145057684731ac024ea0588962043dc8fabfe389fb2c37940d9244a509346a,0x1d0dcc8d8bcafa8e8502beaeef6cbd49d3affcdc,0x6810e776880c02933d47db1b9fc05908e5386b96,0xc4cc5d311bc360584ea6658f0d5daaea95dd31ee,33502222222222222194,Gnosis,GNO,18,2,3000000,60000000000,1955530,3006939,deprecated,0x84a1f5a5,claimTokensFor(address[] _beneficiaries),21428403
3633129,1493659121,0x9ea98c77ba83e7621543331dd3e7fa1371b83b79dfd8cd0d29fb201941a0c193,71,0xbd145057684731ac024ea0588962043dc8fabfe389fb2c37940d9244a509346a,0x1d0dcc8d8bcafa8e8502beaeef6cbd49d3affcdc,0x6810e776880c02933d47db1b9fc05908e5386b96,0x03e2cbb43f80eaa27f80d713fa4e7e4d431da230,0,Gnosis,GNO,18,2,3000000,60000000000,1955530,3006939,deprecated,0x84a1f5a5,claimTokensFor(address[] _beneficiaries),21428403
3633129,1493659121,0x9ea98c77ba83e7621543331dd3e7fa1371b83b79dfd8cd0d29fb201941a0c193,71,0xbd145057684731ac024ea0588962043dc8fabfe389fb2c37940d9244a509346a,0x1d0dcc8d8bcafa8e8502beaeef6cbd49d3affcdc,0x6810e776880c02933d47db1b9fc05908e5386b96,0x003711b4d497959ab688be58b713c4e3454ec924,33502222222222222194,Gnosis,GNO,18,2,3000000,60000000000,1955530,3006939,deprecated,0x84a1f5a5,claimTokensFor(address[] _beneficiaries),21428403
3633129,1493659121,0x9ea98c77ba83e7621543331dd3e7fa1371b83b79dfd8cd0d29fb201941a0c193,71,0xbd145057684731ac024ea0588962043dc8fabfe389fb2c37940d9244a509346a,0x1d0dcc8d8bcafa8e8502beaeef6cbd49d3affcdc,0x6810e776880c02933d47db1b9fc05908e5386b96,0x627d1dc28420dfe686ce027671c26a175a6404d9,33502222222222222194,Gnosis,GNO,18,2,3000000,60000000000,1955530,3006939,deprecated,0x84a1f5a5,claimTokensFor(address[] _beneficiaries),21428403
3633129,1493659121,0x9ea98c77ba83e7621543331dd3e7fa1371b83b79dfd8cd0d29fb201941a0c193,71,0xbd145057684731ac024ea0588962043dc8fabfe389fb2c37940d9244a509346a,0x1d0dcc8d8bcafa8e8502beaeef6cbd49d3affcdc,0x6810e776880c02933d47db1b9fc05908e5386b96,0xf59bf88fa2510720400a4187c3a4e17fcc8c1a93,0,Gnosis,GNO,18,2,3000000,60000000000,1955530,3006939,deprecated,0x84a1f5a5,claimTokensFor(address[] _beneficiaries),21428403
3633129,1493659121,0x9ea98c77ba83e7621543331dd3e7fa1371b83b79dfd8cd0d29fb201941a0c193,71,0xbd145057684731ac024ea0588962043dc8fabfe389fb2c37940d9244a509346a,0x1d0dcc8d8bcafa8e8502beaeef6cbd49d3affcdc,0x6810e776880c02933d47db1b9fc05908e5386b96,0x8c78f1ee67ed97af4f26561dc57e3757e734d0eb,0,Gnosis,GNO,18,2,3000000,60000000000,1955530,3006939,deprecated,0x84a1f5a5,claimTokensFor(address[] _beneficiaries),21428403
3633129,1493659121,0x9ea98c77ba83e7621543331dd3e7fa1371b83b79dfd8cd0d29fb201941a0c193,71,0xbd145057684731ac024ea0588962043dc8fabfe389fb2c37940d9244a509346a,0x1d0dcc8d8bcafa8e8502beaeef6cbd49d3affcdc,0x6810e776880c02933d47db1b9fc05908e5386b96,0x6dd5f1bf1ffa6a3173e333c1588f4cdde8c6799e,33502222222222222194,Gnosis,GNO,18,2,3000000,60000000000,1955530,3006939,deprecated,0x84a1f5a5,claimTokensFor(address[] _beneficiaries),21428403
3633129,1493659121,0x9ea98c77ba83e7621543331dd3e7fa1371b83b79dfd8cd0d29fb201941a0c193,71,0xbd145057684731ac024ea0588962043dc8fabfe389fb2c37940d9244a509346a,0x1d0dcc8d8bcafa8e8502beaeef6cbd49d3affcdc,0x6810e776880c02933d47db1b9fc05908e5386b96,0x000110fad59080856750eb1762eae0021e032f72,98831555555555555472,Gnosis,GNO,18,2,3000000,60000000000,1955530,3006939,deprecated,0x84a1f5a5,claimTokensFor(address[] _beneficiaries),21428403
3633129,1493659121,0x9ea98c77ba83e7621543331dd3e7fa1371b83b79dfd8cd0d29fb201941a0c193,71,0xbd145057684731ac024ea0588962043dc8fabfe389fb2c37940d9244a509346a,0x1d0dcc8d8bcafa8e8502beaeef6cbd49d3affcdc,0x6810e776880c02933d47db1b9fc05908e5386b96,0xf2cb9f99e5332449631370920844a97f2ac8ad80,60303999999999999949,Gnosis,GNO,18,2,3000000,60000000000,1955530,3006939,deprecated,0x84a1f5a5,claimTokensFor(address[] _beneficiaries),21428403
3633129,1493659121,0x9ea98c77ba83e7621543331dd3e7fa1371b83b79dfd8cd0d29fb201941a0c193,71,0xbd145057684731ac024ea0588962043dc8fabfe389fb2c37940d9244a509346a,0x1d0dcc8d8bcafa8e8502beaeef6cbd49d3affcdc,0x6810e776880c02933d47db1b9fc05908e5386b96,0x8b8aa73e3bb0a9208d351f12bd6fbba533b36d64,33502222222222222194,Gnosis,GNO,18,2,3000000,60000000000,1955530,3006939,deprecated,0x84a1f5a5,claimTokensFor(address[] _beneficiaries),21428403
3633129,1493659121,0x9ea98c77ba83e7621543331dd3e7fa1371b83b79dfd8cd0d29fb201941a0c193,71,0xbd145057684731ac024ea0588962043dc8fabfe389fb2c37940d9244a509346a,0x1d0dcc8d8bcafa8e8502beaeef6cbd49d3affcdc,0x6810e776880c02933d47db1b9fc05908e5386b96,0x16af41d7d554e5814b2a906b2ac27bac06c9a61a,33502222222222222194,Gnosis,GNO,18,2,3000000,60000000000,1955530,3006939,deprecated,0x84a1f5a5,claimTokensFor(address[] _beneficiaries),21428403
3633129,1493659121,0x9ea98c77ba83e7621543331dd3e7fa1371b83b79dfd8cd0d29fb201941a0c193,71,0xbd145057684731ac024ea0588962043dc8fabfe389fb2c37940d9244a509346a,0x1d0dcc8d8bcafa8e8502beaeef6cbd49d3affcdc,0x6810e776880c02933d47db1b9fc05908e5386b96,0xafb2ed195202999a69f8ea2a28bcaef7d0574c17,33502222222222222194,Gnosis,GNO,18,2,3000000,60000000000,1955530,3006939,deprecated,0x84a1f5a5,claimTokensFor(address[] _beneficiaries),21428403
3633129,1493659121,0x9ea98c77ba83e7621543331dd3e7fa1371b83b79dfd8cd0d29fb201941a0c193,71,0xbd145057684731ac024ea0588962043dc8fabfe389fb2c37940d9244a509346a,0x1d0dcc8d8bcafa8e8502beaeef6cbd49d3affcdc,0x6810e776880c02933d47db1b9fc05908e5386b96,0xe801fecff140c256e25cc9fa38bb2b2680c895fe,33502222222222222194,Gnosis,GNO,18,2,3000000,60000000000,1955530,3006939,deprecated,0x84a1f5a5,claimTokensFor(address[] _beneficiaries),21428403
3633129,1493659121,0x9ea98c77ba83e7621543331dd3e7fa1371b83b79dfd8cd0d29fb201941a0c193,71,0xbd145057684731ac024ea0588962043dc8fabfe389fb2c37940d9244a509346a,0x1d0dcc8d8bcafa8e8502beaeef6cbd49d3affcdc,0x6810e776880c02933d47db1b9fc05908e5386b96,0xfcd41b207549a2eea6d4c45fe36fad80f237d006,33496664579244198927,Gnosis,GNO,18,2,3000000,60000000000,1955530,3006939,deprecated,0x84a1f5a5,claimTokensFor(address[] _beneficiaries),21428403
3633129,1493659121,0x9ea98c77ba83e7621543331dd3e7fa1371b83b79dfd8cd0d29fb201941a0c193,71,0xbd145057684731ac024ea0588962043dc8fabfe389fb2c37940d9244a509346a,0x1d0dcc8d8bcafa8e8502beaeef6cbd49d3affcdc,0x6810e776880c02933d47db1b9fc05908e5386b96,0x3c9efa756aa0cb4efc3a77ed324fbd4967f5fe63,33495996823039473527,Gnosis,GNO,18,2,3000000,60000000000,1955530,3006939,deprecated,0x84a1f5a5,claimTokensFor(address[] _beneficiaries),21428403
3633129,1493659121,0x9ea98c77ba83e7621543331dd3e7fa1371b83b79dfd8cd0d29fb201941a0c193,71,0xbd145057684731ac024ea0588962043dc8fabfe389fb2c37940d9244a509346a,0x1d0dcc8d8bcafa8e8502beaeef6cbd49d3affcdc,0x6810e776880c02933d47db1b9fc05908e5386b96,0x0a986b1da7f8175391dfe2111300cf90829764fe,33485471111111111083,Gnosis,GNO,18,2,3000000,60000000000,1955530,3006939,deprecated,0x84a1f5a5,claimTokensFor(address[] _beneficiaries),21428403
3633129,1493659121,0x9ea98c77ba83e7621543331dd3e7fa1371b83b79dfd8cd0d29fb201941a0c193,71,0xbd145057684731ac024ea0588962043dc8fabfe389fb2c37940d9244a509346a,0x1d0dcc8d8bcafa8e8502beaeef6cbd49d3affcdc,0x6810e776880c02933d47db1b9fc05908e5386b96,0xba4326c43249c0c69249194724049624b34ce23b,33493884500717323032,Gnosis,GNO,18,2,3000000,60000000000,1955530,3006939,deprecated,0x84a1f5a5,claimTokensFor(address[] _beneficiaries),21428403
3633129,1493659121,0x9ea98c77ba83e7621543331dd3e7fa1371b83b79dfd8cd0d29fb201941a0c193,71,0xbd145057684731ac024ea0588962043dc8fabfe389fb2c37940d9244a509346a,0x1d0dcc8d8bcafa8e8502beaeef6cbd49d3affcdc,0x6810e776880c02933d47db1b9fc05908e5386b96,0x059aee6e70ac7902ad050df80cc5b664d37f97cc,32664666666666666639,Gnosis,GNO,18,2,3000000,60000000000,1955530,3006939,deprecated,0x84a1f5a5,claimTokensFor(address[] _beneficiaries),21428403
3633129,1493659121,0x9ea98c77ba83e7621543331dd3e7fa1371b83b79dfd8cd0d29fb201941a0c193,71,0xbd145057684731ac024ea0588962043dc8fabfe389fb2c37940d9244a509346a,0x1d0dcc8d8bcafa8e8502beaeef6cbd49d3affcdc,0x6810e776880c02933d47db1b9fc05908e5386b96,0x44183130edab544d30c8ff23ccd80f6396edb9f6,32279391111111111084,Gnosis,GNO,18,2,3000000,60000000000,1955530,3006939,deprecated,0x84a1f5a5,claimTokensFor(address[] _beneficiaries),21428403
3633129,1493659121,0x9ea98c77ba83e7621543331dd3e7fa1371b83b79dfd8cd0d29fb201941a0c193,71,0xbd145057684731ac024ea0588962043dc8fabfe389fb2c37940d9244a509346a,0x1d0dcc8d8bcafa8e8502beaeef6cbd49d3affcdc,0x6810e776880c02933d47db1b9fc05908e5386b96,0xc9acbb5370add6106874d561b228a0695cd8cf5b,32111879999999999973,Gnosis,GNO,18,2,3000000,60000000000,1955530,3006939,deprecated,0x84a1f5a5,claimTokensFor(address[] _beneficiaries),21428403
3633129,1493659121,0x9ea98c77ba83e7621543331dd3e7fa1371b83b79dfd8cd0d29fb201941a0c193,71,0xbd145057684731ac024ea0588962043dc8fabfe389fb2c37940d9244a509346a,0x1d0dcc8d8bcafa8e8502beaeef6cbd49d3affcdc,0x6810e776880c02933d47db1b9fc05908e5386b96,0x3fe940ec45ed7241bec230387eaf4d08cd142e90,31827111111111111084,Gnosis,GNO,18,2,3000000,60000000000,1955530,3006939,deprecated,0x84a1f5a5,claimTokensFor(address[] _beneficiaries),21428403
3633129,1493659121,0x9ea98c77ba83e7621543331dd3e7fa1371b83b79dfd8cd0d29fb201941a0c193,71,0xbd145057684731ac024ea0588962043dc8fabfe389fb2c37940d9244a509346a,0x1d0dcc8d8bcafa8e8502beaeef6cbd49d3affcdc,0x6810e776880c02933d47db1b9fc05908e5386b96,0xaecf86339f4d289f938acf75567f6ed64803f015,31827111111111111084,Gnosis,GNO,18,2,3000000,60000000000,1955530,3006939,deprecated,0x84a1f5a5,claimTokensFor(address[] _beneficiaries),21428403
3633129,1493659121,0x9ea98c77ba83e7621543331dd3e7fa1371b83b79dfd8cd0d29fb201941a0c193,71,0xbd145057684731ac024ea0588962043dc8fabfe389fb2c37940d9244a509346a,0x1d0dcc8d8bcafa8e8502beaeef6cbd49d3affcdc,0x6810e776880c02933d47db1b9fc05908e5386b96,0x9e267a1174891b5c8a96571977e5092ad68af495,30654533333333333307,Gnosis,GNO,18,2,3000000,60000000000,1955530,3006939,deprecated,0x84a1f5a5,claimTokensFor(address[] _beneficiaries),21428403
3633129,1493659121,0x9ea98c77ba83e7621543331dd3e7fa1371b83b79dfd8cd0d29fb201941a0c193,71,0xbd145057684731ac024ea0588962043dc8fabfe389fb2c37940d9244a509346a,0x1d0dcc8d8bcafa8e8502beaeef6cbd49d3affcdc,0x6810e776880c02933d47db1b9fc05908e5386b96,0xab5cb892109510e8fb51b81c4f15610339105bba,30151999999999999974,Gnosis,GNO,18,2,3000000,60000000000,1955530,3006939,deprecated,0x84a1f5a5,claimTokensFor(address[] _beneficiaries),21428403
3633129,1493659121,0x9ea98c77ba83e7621543331dd3e7fa1371b83b79dfd8cd0d29fb201941a0c193,71,0xbd145057684731ac024ea0588962043dc8fabfe389fb2c37940d9244a509346a,0x1d0dcc8d8bcafa8e8502beaeef6cbd49d3affcdc,0x6810e776880c02933d47db1b9fc05908e5386b96,0x64615152ce74044b67f0b5ace567d6533ec22789,0,Gnosis,GNO,18,2,3000000,60000000000,1955530,3006939,deprecated,0x84a1f5a5,claimTokensFor(address[] _beneficiaries),21428403
3633129,1493659121,0x9ea98c77ba83e7621543331dd3e7fa1371b83b79dfd8cd0d29fb201941a0c193,71,0xbd145057684731ac024ea0588962043dc8fabfe389fb2c37940d9244a509346a,0x1d0dcc8d8bcafa8e8502beaeef6cbd49d3affcdc,0x6810e776880c02933d47db1b9fc05908e5386b96,0xc6a286e065c85f3af74812ed8bd3a8ce5d25e21d,30151999999999999974,Gnosis,GNO,18,2,3000000,60000000000,1955530,3006939,deprecated,0x84a1f5a5,claimTokensFor(address[] _beneficiaries),21428403
3633129,1493659121,0x9ea98c77ba83e7621543331dd3e7fa1371b83b79dfd8cd0d29fb201941a0c193,71,0xbd145057684731ac024ea0588962043dc8fabfe389fb2c37940d9244a509346a,0x1d0dcc8d8bcafa8e8502beaeef6cbd49d3affcdc,0x6810e776880c02933d47db1b9fc05908e5386b96,0xd87134651dcb1ca7bb3b4cd9be9444db11c210f9,29347946666666666642,Gnosis,GNO,18,2,3000000,60000000000,1955530,3006939,deprecated,0x84a1f5a5,claimTokensFor(address[] _beneficiaries),21428403
3633129,1493659121,0x9ea98c77ba83e7621543331dd3e7fa1371b83b79dfd8cd0d29fb201941a0c193,71,0xbd145057684731ac024ea0588962043dc8fabfe389fb2c37940d9244a509346a,0x1d0dcc8d8bcafa8e8502beaeef6cbd49d3affcdc,0x6810e776880c02933d47db1b9fc05908e5386b96,0x6810e776880c02933d47db1b9fc05908e5386b96,0,Gnosis,GNO,18,2,3000000,60000000000,1955530,3006939,deprecated,0x84a1f5a5,claimTokensFor(address[] _beneficiaries),21428403
3633129,1493659121,0x9ea98c77ba83e7621543331dd3e7fa1371b83b79dfd8cd0d29fb201941a0c193,71,0xbd145057684731ac024ea0588962043dc8fabfe389fb2c37940d9244a509346a,0x1d0dcc8d8bcafa8e8502beaeef6cbd49d3affcdc,0x6810e776880c02933d47db1b9fc05908e5386b96,0xf106ce498fce313dd7767d0e6fdcb63fca72822f,30151999999999999974,Gnosis,GNO,18,2,3000000,60000000000,1955530,3006939,deprecated,0x84a1f5a5,claimTokensFor(address[] _beneficiaries),21428403
3633129,1493659121,0x9ea98c77ba83e7621543331dd3e7fa1371b83b79dfd8cd0d29fb201941a0c193,71,0xbd145057684731ac024ea0588962043dc8fabfe389fb2c37940d9244a509346a,0x1d0dcc8d8bcafa8e8502beaeef6cbd49d3affcdc,0x6810e776880c02933d47db1b9fc05908e5386b96,0x313575aec984a0d1d755cb28cc770e50d6bd444e,28453437333333333309,Gnosis,GNO,18,2,3000000,60000000000,1955530,3006939,deprecated,0x84a1f5a5,claimTokensFor(address[] _beneficiaries),21428403
3633129,1493659121,0x9ea98c77ba83e7621543331dd3e7fa1371b83b79dfd8cd0d29fb201941a0c193,71,0xbd145057684731ac024ea0588962043dc8fabfe389fb2c37940d9244a509346a,0x1d0dcc8d8bcafa8e8502beaeef6cbd49d3affcdc,0x6810e776880c02933d47db1b9fc05908e5386b96,0xaf642a9c8b04e5d98da0e4d97882eec1622d15ed,26801777777777777755,Gnosis,GNO,18,2,3000000,60000000000,1955530,3006939,deprecated,0x84a1f5a5,claimTokensFor(address[] _beneficiaries),21428403
3633129,1493659121,0x9ea98c77ba83e7621543331dd3e7fa1371b83b79dfd8cd0d29fb201941a0c193,71,0xbd145057684731ac024ea0588962043dc8fabfe389fb2c37940d9244a509346a,0x1d0dcc8d8bcafa8e8502beaeef6cbd49d3affcdc,0x6810e776880c02933d47db1b9fc05908e5386b96,0x995577028cde23ffdc25b4186f8fed74d25eaf97,26796423416450710422,Gnosis,GNO,18,2,3000000,60000000000,1955530,3006939,deprecated,0x84a1f5a5,claimTokensFor(address[] _beneficiaries),21428403
3633129,1493659121,0x9ea98c77ba83e7621543331dd3e7fa1371b83b79dfd8cd0d29fb201941a0c193,71,0xbd145057684731ac024ea0588962043dc8fabfe389fb2c37940d9244a509346a,0x1d0dcc8d8bcafa8e8502beaeef6cbd49d3affcdc,0x6810e776880c02933d47db1b9fc05908e5386b96,0xaf3b2bef0e2b7f6039733396056b8a71d411a659,26793402222222222199,Gnosis,GNO,18,2,3000000,60000000000,1955530,3006939,deprecated,0x84a1f5a5,claimTokensFor(address[] _beneficiaries),21428403
3633129,1493659121,0x9ea98c77ba83e7621543331dd3e7fa1371b83b79dfd8cd0d29fb201941a0c193,71,0xbd145057684731ac024ea0588962043dc8fabfe389fb2c37940d9244a509346a,0x1d0dcc8d8bcafa8e8502beaeef6cbd49d3affcdc,0x6810e776880c02933d47db1b9fc05908e5386b96,0xb6f6d7d3ae92c0dc8ff3438836e84e5fab4c431b,26466755555555555533,Gnosis,GNO,18,2,3000000,60000000000,1955530,3006939,deprecated,0x84a1f5a5,claimTokensFor(address[] _beneficiaries),21428403
3633129,1493659121,0x9ea98c77ba83e7621543331dd3e7fa1371b83b79dfd8cd0d29fb201941a0c193,71,0xbd145057684731ac024ea0588962043dc8fabfe389fb2c37940d9244a509346a,0x1d0dcc8d8bcafa8e8502beaeef6cbd49d3affcdc,0x6810e776880c02933d47db1b9fc05908e5386b96,0x1d0dcc8d8bcafa8e8502beaeef6cbd49d3affcdc,0,Gnosis,GNO,18,2,3000000,60000000000,1955530,3006939,deprecated,0x84a1f5a5,claimTokensFor(address[] _beneficiaries),21428403
3633129,1493659121,0x9ea98c77ba83e7621543331dd3e7fa1371b83b79dfd8cd0d29fb201941a0c193,71,0xbd145057684731ac024ea0588962043dc8fabfe389fb2c37940d9244a509346a,0x1d0dcc8d8bcafa8e8502beaeef6cbd49d3affcdc,0x6810e776880c02933d47db1b9fc05908e5386b96,0xc9559773b3a0b92eed1150020e7e5d6ca9ea0348,25126666666666666645,Gnosis,GNO,18,2,3000000,60000000000,1955530,3006939,deprecated,0x84a1f5a5,claimTokensFor(address[] _beneficiaries),21428403
3633129,1493659121,0x9ea98c77ba83e7621543331dd3e7fa1371b83b79dfd8cd0d29fb201941a0c193,71,0xbd145057684731ac024ea0588962043dc8fabfe389fb2c37940d9244a509346a,0x1d0dcc8d8bcafa8e8502beaeef6cbd49d3affcdc,0x6810e776880c02933d47db1b9fc05908e5386b96,0x99965345280551426757cdf170d1c3f5fd3aff61,25126666666666666645,Gnosis,GNO,18,2,3000000,60000000000,1955530,3006939,deprecated,0x84a1f5a5,claimTokensFor(address[] _beneficiaries),21428403
3633129,1493659121,0x9ea98c77ba83e7621543331dd3e7fa1371b83b79dfd8cd0d29fb201941a0c193,71,0xbd145057684731ac024ea0588962043dc8fabfe389fb2c37940d9244a509346a,0x1d0dcc8d8bcafa8e8502beaeef6cbd49d3affcdc,0x6810e776880c02933d47db1b9fc05908e5386b96,0xe80d5919a41466e0648005d12f57fc00e35837fb,25126666666666666645,Gnosis,GNO,18,2,3000000,60000000000,1955530,3006939,deprecated,0x84a1f5a5,claimTokensFor(address[] _beneficiaries),21428403
3633129,1493659121,0x9ea98c77ba83e7621543331dd3e7fa1371b83b79dfd8cd0d29fb201941a0c193,71,0xbd145057684731ac024ea0588962043dc8fabfe389fb2c37940d9244a509346a,0x1d0dcc8d8bcafa8e8502beaeef6cbd49d3affcdc,0x6810e776880c02933d47db1b9fc05908e5386b96,0xed7909a870c498bfd8584f248912637d7d90a1db,25126666666666666645,Gnosis,GNO,18,2,3000000,60000000000,1955530,3006939,deprecated,0x84a1f5a5,claimTokensFor(address[] _beneficiaries),21428403
3633129,1493659121,0x9ea98c77ba83e7621543331dd3e7fa1371b83b79dfd8cd0d29fb201941a0c193,71,0xbd145057684731ac024ea0588962043dc8fabfe389fb2c37940d9244a509346a,0x1d0dcc8d8bcafa8e8502beaeef6cbd49d3affcdc,0x6810e776880c02933d47db1b9fc05908e5386b96,0x56f97d34de8b39fc321b98f50900eb64e5e4ccea,25126666666666666645,Gnosis,GNO,18,2,3000000,60000000000,1955530,3006939,deprecated,0x84a1f5a5,claimTokensFor(address[] _beneficiaries),21428403
3633129,1493659121,0x9ea98c77ba83e7621543331dd3e7fa1371b83b79dfd8cd0d29fb201941a0c193,71,0xbd145057684731ac024ea0588962043dc8fabfe389fb2c37940d9244a509346a,0x1d0dcc8d8bcafa8e8502beaeef6cbd49d3affcdc,0x6810e776880c02933d47db1b9fc05908e5386b96,0xdae4d2c84046e46da756fbf664881e75c55b0808,25126666666666666645,Gnosis,GNO,18,2,3000000,60000000000,1955530,3006939,deprecated,0x84a1f5a5,claimTokensFor(address[] _beneficiaries),21428403
3633129,1493659121,0x9ea98c77ba83e7621543331dd3e7fa1371b83b79dfd8cd0d29fb201941a0c193,71,0xbd145057684731ac024ea0588962043dc8fabfe389fb2c37940d9244a509346a,0x1d0dcc8d8bcafa8e8502beaeef6cbd49d3affcdc,0x6810e776880c02933d47db1b9fc05908e5386b96,0xc69e6aa8f804914502033d0b9d8608e9d7986576,25126666666666666645,Gnosis,GNO,18,2,3000000,60000000000,1955530,3006939,deprecated,0x84a1f5a5,claimTokensFor(address[] _beneficiaries),21428403
3633129,1493659121,0x9ea98c77ba83e7621543331dd3e7fa1371b83b79dfd8cd0d29fb201941a0c193,71,0xbd145057684731ac024ea0588962043dc8fabfe389fb2c37940d9244a509346a,0x1d0dcc8d8bcafa8e8502beaeef6cbd49d3affcdc,0x6810e776880c02933d47db1b9fc05908e5386b96,0xff574074bdc23f333abc425cfd99076f51d8e881,25126666666666666645,Gnosis,GNO,18,2,3000000,60000000000,1955530,3006939,deprecated,0x84a1f5a5,claimTokensFor(address[] _beneficiaries),21428403
3633129,1493659121,0x9ea98c77ba83e7621543331dd3e7fa1371b83b79dfd8cd0d29fb201941a0c193,71,0xbd145057684731ac024ea0588962043dc8fabfe389fb2c37940d9244a509346a,0x1d0dcc8d8bcafa8e8502beaeef6cbd49d3affcdc,0x6810e776880c02933d47db1b9fc05908e5386b96,0x000110fad59080856750eb1762eae0021e032f72,0,Gnosis,GNO,18,2,3000000,60000000000,1955530,3006939,deprecated,0x84a1f5a5,claimTokensFor(address[] _beneficiaries),21428403
3633129,1493659121,0x9ea98c77ba83e7621543331dd3e7fa1371b83b79dfd8cd0d29fb201941a0c193,71,0xbd145057684731ac024ea0588962043dc8fabfe389fb2c37940d9244a509346a,0x1d0dcc8d8bcafa8e8502beaeef6cbd49d3affcdc,0x6810e776880c02933d47db1b9fc05908e5386b96,0x0736f65100bb1710296275d733e84bfa22371605,23445888877982764335,Gnosis,GNO,18,2,3000000,60000000000,1955530,3006939,deprecated,0x84a1f5a5,claimTokensFor(address[] _beneficiaries),21428403
3633129,1493659121,0x9ea98c77ba83e7621543331dd3e7fa1371b83b79dfd8cd0d29fb201941a0c193,71,0xbd145057684731ac024ea0588962043dc8fabfe389fb2c37940d9244a509346a,0x1d0dcc8d8bcafa8e8502beaeef6cbd49d3affcdc,0x6810e776880c02933d47db1b9fc05908e5386b96,0x4e5b11bd1c0d0e06f0e61aa57fafd8581e9a0b0a,0,Gnosis,GNO,18,2,3000000,60000000000,1955530,3006939,deprecated,0x84a1f5a5,claimTokensFor(address[] _beneficiaries),21428403
3633129,1493659121,0x9ea98c77ba83e7621543331dd3e7fa1371b83b79dfd8cd0d29fb201941a0c193,71,0xbd145057684731ac024ea0588962043dc8fabfe389fb2c37940d9244a509346a,0x1d0dcc8d8bcafa8e8502beaeef6cbd49d3affcdc,0x6810e776880c02933d47db1b9fc05908e5386b96,0x5dc74edff6a93ac4957e3f7cacf02b48f76e1d3d,20878283368888888871,Gnosis,GNO,18,2,3000000,60000000000,1955530,3006939,deprecated,0x84a1f5a5,claimTokensFor(address[] _beneficiaries),21428403
3633129,1493659121,0x9ea98c77ba83e7621543331dd3e7fa1371b83b79dfd8cd0d29fb201941a0c193,71,0xbd145057684731ac024ea0588962043dc8fabfe389fb2c37940d9244a509346a,0x1d0dcc8d8bcafa8e8502beaeef6cbd49d3affcdc,0x6810e776880c02933d47db1b9fc05908e5386b96,0x96e589ae0d6c8d5b4e3f893ce4895f815472034b,20573725069106666649,Gnosis,GNO,18,2,3000000,60000000000,1955530,3006939,deprecated,0x84a1f5a5,claimTokensFor(address[] _beneficiaries),21428403
3633129,1493659121,0x9ea98c77ba83e7621543331dd3e7fa1371b83b79dfd8cd0d29fb201941a0c193,71,0xbd145057684731ac024ea0588962043dc8fabfe389fb2c37940d9244a509346a,0x1d0dcc8d8bcafa8e8502beaeef6cbd49d3affcdc,0x6810e776880c02933d47db1b9fc05908e5386b96,0x6f93f65c43dff24ef9cae3f27cdf5f7a63b036d2,20103845999999999983,Gnosis,GNO,18,2,3000000,60000000000,1955530,3006939,deprecated,0x84a1f5a5,claimTokensFor(address[] _beneficiaries),21428403
3633129,1493659121,0x9ea98c77ba83e7621543331dd3e7fa1371b83b79dfd8cd0d29fb201941a0c193,71,0xbd145057684731ac024ea0588962043dc8fabfe389fb2c37940d9244a509346a,0x1d0dcc8d8bcafa8e8502beaeef6cbd49d3affcdc,0x6810e776880c02933d47db1b9fc05908e5386b96,0xa6c9257460ae18912d8c1c65a163dd233235b6f2,20101333333333333316,Gnosis,GNO,18,2,3000000,60000000000,1955530,3006939,deprecated,0x84a1f5a5,claimTokensFor(address[] _beneficiaries),21428403
3633129,1493659121,0x9ea98c77ba83e7621543331dd3e7fa1371b83b79dfd8cd0d29fb201941a0c193,71,0xbd145057684731ac024ea0588962043dc8fabfe389fb2c37940d9244a509346a,0x1d0dcc8d8bcafa8e8502beaeef6cbd49d3affcdc,0x6810e776880c02933d47db1b9fc05908e5386b96,0x9da1db798a30c424dce83abc6ec529beabd4233b,20101333333333333316,Gnosis,GNO,18,2,3000000,60000000000,1955530,3006939,deprecated,0x84a1f5a5,claimTokensFor(address[] _beneficiaries),21428403
3633129,1493659121,0x9ea98c77ba83e7621543331dd3e7fa1371b83b79dfd8cd0d29fb201941a0c193,71,0xbd145057684731ac024ea0588962043dc8fabfe389fb2c37940d9244a509346a,0x1d0dcc8d8bcafa8e8502beaeef6cbd49d3affcdc,0x6810e776880c02933d47db1b9fc05908e5386b96,0x3fd4af7d983c587d56199e4499159a2408953bbd,0,Gnosis,GNO,18,2,3000000,60000000000,1955530,3006939,deprecated,0x84a1f5a5,claimTokensFor(address[] _beneficiaries),21428403
3633129,1493659121,0x9ea98c77ba83e7621543331dd3e7fa1371b83b79dfd8cd0d29fb201941a0c193,71,0xbd145057684731ac024ea0588962043dc8fabfe389fb2c37940d9244a509346a,0x1d0dcc8d8bcafa8e8502beaeef6cbd49d3affcdc,0x6810e776880c02933d47db1b9fc05908e5386b96,0xe8faec39e5dedafac427b1ec30c9a87d646360a6,20101333333333333316,Gnosis,GNO,18,2,3000000,60000000000,1955530,3006939,deprecated,0x84a1f5a5,claimTokensFor(address[] _beneficiaries),21428403
3633129,1493659121,0x9ea98c77ba83e7621543331dd3e7fa1371b83b79dfd8cd0d29fb201941a0c193,71,0xbd145057684731ac024ea0588962043dc8fabfe389fb2c37940d9244a509346a,0x1d0dcc8d8bcafa8e8502beaeef6cbd49d3affcdc,0x6810e776880c02933d47db1b9fc05908e5386b96,0xf6a51b2051b72014c29614f9e823927975002992,20101333333333333316,Gnosis,GNO,18,2,3000000,60000000000,1955530,3006939,deprecated,0x84a1f5a5,claimTokensFor(address[] _beneficiaries),21428403
3633129,1493659121,0x9ea98c77ba83e7621543331dd3e7fa1371b83b79dfd8cd0d29fb201941a0c193,71,0xbd145057684731ac024ea0588962043dc8fabfe389fb2c37940d9244a509346a,0x1d0dcc8d8bcafa8e8502beaeef6cbd49d3affcdc,0x6810e776880c02933d47db1b9fc05908e5386b96,0x6810e776880c02933d47db1b9fc05908e5386b96,0,Gnosis,GNO,18,2,3000000,60000000000,1955530,3006939,deprecated,0x84a1f5a5,claimTokensFor(address[] _beneficiaries),21428403
3633129,1493659121,0x9ea98c77ba83e7621543331dd3e7fa1371b83b79dfd8cd0d29fb201941a0c193,71,0xbd145057684731ac024ea0588962043dc8fabfe389fb2c37940d9244a509346a,0x1d0dcc8d8bcafa8e8502beaeef6cbd49d3affcdc,0x6810e776880c02933d47db1b9fc05908e5386b96,0xbcee238d154c6352f6e7978d33470618f69b81ff,20101333333333333316,Gnosis,GNO,18,2,3000000,60000000000,1955530,3006939,deprecated,0x84a1f5a5,claimTokensFor(address[] _beneficiaries),21428403
3633129,1493659121,0x9ea98c77ba83e7621543331dd3e7fa1371b83b79dfd8cd0d29fb201941a0c193,71,0xbd145057684731ac024ea0588962043dc8fabfe389fb2c37940d9244a509346a,0x1d0dcc8d8bcafa8e8502beaeef6cbd49d3affcdc,0x6810e776880c02933d47db1b9fc05908e5386b96,0xffb6781148d1f2b6415c25dfca2ccafcab4099dc,20101333333333333316,Gnosis,GNO,18,2,3000000,60000000000,1955530,3006939,deprecated,0x84a1f5a5,claimTokensFor(address[] _beneficiaries),21428403
3633129,1493659121,0x9ea98c77ba83e7621543331dd3e7fa1371b83b79dfd8cd0d29fb201941a0c193,71,0xbd145057684731ac024ea0588962043dc8fabfe389fb2c37940d9244a509346a,0x1d0dcc8d8bcafa8e8502beaeef6cbd49d3affcdc,0x6810e776880c02933d47db1b9fc05908e5386b96,0x44ee99250cb42d4c842cac03282f4e3ad7d782aa,19431288888888888872,Gnosis,GNO,18,2,3000000,60000000000,1955530,3006939,deprecated,0x84a1f5a5,claimTokensFor(address[] _beneficiaries),21428403
3633129,1493659121,0x9ea98c77ba83e7621543331dd3e7fa1371b83b79dfd8cd0d29fb201941a0c193,71,0xbd145057684731ac024ea0588962043dc8fabfe389fb2c37940d9244a509346a,0x1d0dcc8d8bcafa8e8502beaeef6cbd49d3affcdc,0x6810e776880c02933d47db1b9fc05908e5386b96,0xc7cff37f61e120db781d078ec3979ed4efaf80a1,19263777777777777761,Gnosis,GNO,18,2,3000000,60000000000,1955530,3006939,deprecated,0x84a1f5a5,claimTokensFor(address[] _beneficiaries),21428403
3633129,1493659121,0x9ea98c77ba83e7621543331dd3e7fa1371b83b79dfd8cd0d29fb201941a0c193,71,0xbd145057684731ac024ea0588962043dc8fabfe389fb2c37940d9244a509346a,0x1d0dcc8d8bcafa8e8502beaeef6cbd49d3affcdc,0x6810e776880c02933d47db1b9fc05908e5386b96,0xedea79af2fc57373179a2b70d5aac397d4bf571d,18426222222222222206,Gnosis,GNO,18,2,3000000,60000000000,1955530,3006939,deprecated,0x84a1f5a5,claimTokensFor(address[] _beneficiaries),21428403
3633129,1493659121,0x9ea98c77ba83e7621543331dd3e7fa1371b83b79dfd8cd0d29fb201941a0c193,71,0xbd145057684731ac024ea0588962043dc8fabfe389fb2c37940d9244a509346a,0x1d0dcc8d8bcafa8e8502beaeef6cbd49d3affcdc,0x6810e776880c02933d47db1b9fc05908e5386b96,0x6810e776880c02933d47db1b9fc05908e5386b96,0,Gnosis,GNO,18,2,3000000,60000000000,1955530,3006939,deprecated,0x84a1f5a5,claimTokensFor(address[] _beneficiaries),21428403
3633129,1493659121,0x9ea98c77ba83e7621543331dd3e7fa1371b83b79dfd8cd0d29fb201941a0c193,71,0xbd145057684731ac024ea0588962043dc8fabfe389fb2c37940d9244a509346a,0x1d0dcc8d8bcafa8e8502beaeef6cbd49d3affcdc,0x6810e776880c02933d47db1b9fc05908e5386b96,0x9fdd51b3ab2cc2ba62ca4ec5238a6a14cf381c71,18426222222222222206,Gnosis,GNO,18,2,3000000,60000000000,1955530,3006939,deprecated,0x84a1f5a5,claimTokensFor(address[] _beneficiaries),21428403
3633129,1493659121,0x9ea98c77ba83e7621543331dd3e7fa1371b83b79dfd8cd0d29fb201941a0c193,71,0xbd145057684731ac024ea0588962043dc8fabfe389fb2c37940d9244a509346a,0x1d0dcc8d8bcafa8e8502beaeef6cbd49d3affcdc,0x6810e776880c02933d47db1b9fc05908e5386b96,0xab050ab59ecbabb672694dc186c0c3101ca02950,18403844664155555540,Gnosis,GNO,18,2,3000000,60000000000,1955530,3006939,deprecated,0x84a1f5a5,claimTokensFor(address[] _beneficiaries),21428403
3633129,1493659121,0x9ea98c77ba83e7621543331dd3e7fa1371b83b79dfd8cd0d29fb201941a0c193,71,0xbd145057684731ac024ea0588962043dc8fabfe389fb2c37940d9244a509346a,0x1d0dcc8d8bcafa8e8502beaeef6cbd49d3affcdc,0x6810e776880c02933d47db1b9fc05908e5386b96,0x8a8a7f2a54a47aff842c7b8eaaca5dd2f2fa4943,17839933333333333318,Gnosis,GNO,18,2,3000000,60000000000,1955530,3006939,deprecated,0x84a1f5a5,claimTokensFor(address[] _beneficiaries),21428403
3633129,1493659121,0x9ea98c77ba83e7621543331dd3e7fa1371b83b79dfd8cd0d29fb201941a0c193,71,0xbd145057684731ac024ea0588962043dc8fabfe389fb2c37940d9244a509346a,0x1d0dcc8d8bcafa8e8502beaeef6cbd49d3affcdc,0x6810e776880c02933d47db1b9fc05908e5386b96,0xa56071c0c89a99c4620e36292b16fb215ccee949,17588666666666666651,Gnosis,GNO,18,2,3000000,60000000000,1955530,3006939,deprecated,0x84a1f5a5,claimTokensFor(address[] _beneficiaries),21428403
3633129,1493659121,0x9ea98c77ba83e7621543331dd3e7fa1371b83b79dfd8cd0d29fb201941a0c193,71,0xbd145057684731ac024ea0588962043dc8fabfe389fb2c37940d9244a509346a,0x1d0dcc8d8bcafa8e8502beaeef6cbd49d3affcdc,0x6810e776880c02933d47db1b9fc05908e5386b96,0xf68c21b45a72b64f567d26c95c1842998a0cbfa5,17404404444444444429,Gnosis,GNO,18,2,3000000,60000000000,1955530,3006939,deprecated,0x84a1f5a5,claimTokensFor(address[] _beneficiaries),21428403
3633129,1493659121,0x9ea98c77ba83e7621543331dd3e7fa1371b83b79dfd8cd0d29fb201941a0c193,71,0xbd145057684731ac024ea0588962043dc8fabfe389fb2c37940d9244a509346a,0x1d0dcc8d8bcafa8e8502beaeef6cbd49d3affcdc,0x6810e776880c02933d47db1b9fc05908e5386b96,0xf8173a86bf7d817278f5bffe6e86ca629eb0e2f3,16912759333333333319,Gnosis,GNO,18,2,3000000,60000000000,1955530,3006939,deprecated,0x84a1f5a5,claimTokensFor(address[] _beneficiaries),21428403
3633129,1493659121,0x9ea98c77ba83e7621543331dd3e7fa1371b83b79dfd8cd0d29fb201941a0c193,71,0xbd145057684731ac024ea0588962043dc8fabfe389fb2c37940d9244a509346a,0x1d0dcc8d8bcafa8e8502beaeef6cbd49d3affcdc,0x6810e776880c02933d47db1b9fc05908e5386b96,0xc5f7ee146eacaeb3fbc2e94926f30b83e3bf80b2,16851505518995310052,Gnosis,GNO,18,2,3000000,60000000000,1955530,3006939,deprecated,0x84a1f5a5,claimTokensFor(address[] _beneficiaries),21428403
3633129,1493659121,0x9ea98c77ba83e7621543331dd3e7fa1371b83b79dfd8cd0d29fb201941a0c193,71,0xbd145057684731ac024ea0588962043dc8fabfe389fb2c37940d9244a509346a,0x1d0dcc8d8bcafa8e8502beaeef6cbd49d3affcdc,0x6810e776880c02933d47db1b9fc05908e5386b96,0x929601ae8699d85f25e6a66a5658253efdbabc42,16751111111111111097,Gnosis,GNO,18,2,3000000,60000000000,1955530,3006939,deprecated,0x84a1f5a5,claimTokensFor(address[] _beneficiaries),21428403
3633129,1493659121,0x9ea98c77ba83e7621543331dd3e7fa1371b83b79dfd8cd0d29fb201941a0c193,71,0xbd145057684731ac024ea0588962043dc8fabfe389fb2c37940d9244a509346a,0x1d0dcc8d8bcafa8e8502beaeef6cbd49d3affcdc,0x6810e776880c02933d47db1b9fc05908e5386b96,0xe7c2aa3e3f40541d65e412cd444ac3446b5c06f2,20101333333333333316,Gnosis,GNO,18,2,3000000,60000000000,1955530,3006939,deprecated,0x84a1f5a5,claimTokensFor(address[] _beneficiaries),21428403
3633129,1493659121,0x9ea98c77ba83e7621543331dd3e7fa1371b83b79dfd8cd0d29fb201941a0c193,71,0xbd145057684731ac024ea0588962043dc8fabfe389fb2c37940d9244a509346a,0x1d0dcc8d8bcafa8e8502beaeef6cbd49d3affcdc,0x6810e776880c02933d47db1b9fc05908e5386b96,0x741905e4b5f1f6ab55477991657294dcfdc4475a,16751111111111111097,Gnosis,GNO,18,2,3000000,60000000000,1955530,3006939,deprecated,0x84a1f5a5,claimTokensFor(address[] _beneficiaries),21428403
3633129,1493659121,0x9ea98c77ba83e7621543331dd3e7fa1371b83b79dfd8cd0d29fb201941a0c193,71,0xbd145057684731ac024ea0588962043dc8fabfe389fb2c37940d9244a509346a,0x1d0dcc8d8bcafa8e8502beaeef6cbd49d3affcdc,0x6810e776880c02933d47db1b9fc05908e5386b96,0x0719e9f01c0c947ada1caa50c65c6459887cc57f,0,Gnosis,GNO,18,2,3000000,60000000000,1955530,3006939,deprecated,0x84a1f5a5,claimTokensFor(address[] _beneficiaries),21428403
3633129,1493659121,0x9ea98c77ba83e7621543331dd3e7fa1371b83b79dfd8cd0d29fb201941a0c193,71,0xbd145057684731ac024ea0588962043dc8fabfe389fb2c37940d9244a509346a,0x1d0dcc8d8bcafa8e8502beaeef6cbd49d3affcdc,0x6810e776880c02933d47db1b9fc05908e5386b96,0x471f3522eaac53133bca7c5c766e1a06a4414f26,16751111111111111097,Gnosis,GNO,18,2,3000000,60000000000,1955530,3006939,deprecated,0x84a1f5a5,claimTokensFor(address[] _beneficiaries),21428403
3633130,1493659166,0x3c65eeb0c2a02f1979d42aba083e183f24f02e07a5cf434ca81ac74658bc780f,8,0x8bdf6610953fa8cc09ffd2863fa98406603902721879fe5a4e7ec5d5f320ded9,0xa1a638d6e73cfa666fb614efff18d749067fa5f7,0x6810e776880c02933d47db1b9fc05908e5386b96,0xeb635b0b62fa92747dfaacf5b38d5655750a1106,83755555555555555485,Gnosis,GNO,18,0,151601,89000000000,36601,36601,deprecated,0xa9059cbb,"transfer(address _to, uint256 _value)",21428402
3633130,1493659166,0x4408f9c13a0b06bf4a62758eb298a9342768e47d1a97717a2e002ae6208ff7d0,32,0x8bdf6610953fa8cc09ffd2863fa98406603902721879fe5a4e7ec5d5f320ded9,0x9c344098ba615a398f11d009905b177c44a7b602,0x6810e776880c02933d47db1b9fc05908e5386b96,0xb4eed11274d2540ad78795600f2c5a46bd3f5c00,50000000000000000000,Gnosis,GNO,18,1,61691,34911057719,51409,88010,deprecated,0xa9059cbb,"transfer(address _to, uint256 _value)",21428402
3633130,1493659166,0xa365e7d7ca4d3a2850d67f03a255147512e9bccbffbad7a7aad76b4c38c6da3a,15,0x8bdf6610953fa8cc09ffd2863fa98406603902721879fe5a4e7ec5d5f320ded9,0xe38cab6f620e598a081fdd7fcb08ad57a049cbe1,0x6810e776880c02933d47db1b9fc05908e5386b96,0x840b3eaf097a994b82bf48989d5a3290ade14ece,259600000000000000000,Gnosis,GNO,18,6,74771,23747892463,51473,254267,deprecated,0xa9059cbb,"transfer(address _to, uint256 _value)",21428402
3633130,1493659166,0x338ed204a6ad187d2dbb5879c9b4679a120c5dc872f7b06b3b4be022b093fd49,4,0x8bdf6610953fa8cc09ffd2863fa98406603902721879fe5a4e7ec5d5f320ded9,0x1d0dcc8d8bcafa8e8502beaeef6cbd49d3affcdc,0x6810e776880c02933d47db1b9fc05908e5386b96,0x818c69a3f3bd436087ec101f0ff8aa2d3cd35e62,16751111111111111097,Gnosis,GNO,18,8,100000,23490702788,43853,319120,deprecated,0xdf8de3e7,claimTokens(address receiver),21428402
3633131,1493659196,0x2fb27d013120dd6aefff32c3f3043e1a279123c22ab3d6b289c4a42633805bb5,72,0xc46095b06d2e48309e01a3718ffe6d58bcbe1d8ce5ba30d630590d26d2ac973e,0x1d0dcc8d8bcafa8e8502beaeef6cbd49d3affcdc,0x6810e776880c02933d47db1b9fc05908e5386b96,0xba92b88898d7f5fde1752cecfb03181aece0ddb7,0,Gnosis,GNO,18,1,3000000,60000000000,1955466,2955466,deprecated,0x84a1f5a5,claimTokensFor(address[] _beneficiaries),21428401
3633131,1493659196,0x2fb27d013120dd6aefff32c3f3043e1a279123c22ab3d6b289c4a42633805bb5,72,0xc46095b06d2e48309e01a3718ffe6d58bcbe1d8ce5ba30d630590d26d2ac973e,0x1d0dcc8d8bcafa8e8502beaeef6cbd49d3affcdc,0x6810e776880c02933d47db1b9fc05908e5386b96,0xba92b88898d7f5fde1752cecfb03181aece0ddb7,0,Gnosis,GNO,18,1,3000000,60000000000,1955466,2955466,deprecated,0x84a1f5a5,claimTokensFor(address[] _beneficiaries),21428401
3633131,1493659196,0x2fb27d013120dd6aefff32c3f3043e1a279123c22ab3d6b289c4a42633805bb5,72,0xc46095b06d2e48309e01a3718ffe6d58bcbe1d8ce5ba30d630590d26d2ac973e,0x1d0dcc8d8bcafa8e8502beaeef6cbd49d3affcdc,0x6810e776880c02933d47db1b9fc05908e5386b96,0x77744a927271f12dc5b9b8887064f07c37648829,16751111111111111097,Gnosis,GNO,18,1,3000000,60000000000,1955466,2955466,deprecated,0x84a1f5a5,claimTokensFor(address[] _beneficiaries),21428401
3633131,1493659196,0x2fb27d013120dd6aefff32c3f3043e1a279123c22ab3d6b289c4a42633805bb5,72,0xc46095b06d2e48309e01a3718ffe6d58bcbe1d8ce5ba30d630590d26d2ac973e,0x1d0dcc8d8bcafa8e8502beaeef6cbd49d3affcdc,0x6810e776880c02933d47db1b9fc05908e5386b96,0x454f4e3d0c40cc1e146a4ce176321fcf73790868,16751111111111111097,Gnosis,GNO,18,1,3000000,60000000000,1955466,2955466,deprecated,0x84a1f5a5,claimTokensFor(address[] _beneficiaries),21428401
3633131,1493659196,0x2fb27d013120dd6aefff32c3f3043e1a279123c22ab3d6b289c4a42633805bb5,72,0xc46095b06d2e48309e01a3718ffe6d58bcbe1d8ce5ba30d630590d26d2ac973e,0x1d0dcc8d8bcafa8e8502beaeef6cbd49d3affcdc,0x6810e776880c02933d47db1b9fc05908e5386b96,0x4cd7a2ea3cff43b21b1575c096e693a2601e9d8f,16751111111111111097,Gnosis,GNO,18,1,3000000,60000000000,1955466,2955466,deprecated,0x84a1f5a5,claimTokensFor(address[] _beneficiaries),21428401
3633131,1493659196,0x2fb27d013120dd6aefff32c3f3043e1a279123c22ab3d6b289c4a42633805bb5,72,0xc46095b06d2e48309e01a3718ffe6d58bcbe1d8ce5ba30d630590d26d2ac973e,0x1d0dcc8d8bcafa8e8502beaeef6cbd49d3affcdc,0x6810e776880c02933d47db1b9fc05908e5386b96,0xaa7e9c416ecc7c1fe13e2f945e38f438988dc0a0,16751111111111111097,Gnosis,GNO,18,1,3000000,60000000000,1955466,2955466,deprecated,0x84a1f5a5,claimTokensFor(address[] _beneficiaries),21428401
3633131,1493659196,0x2fb27d013120dd6aefff32c3f3043e1a279123c22ab3d6b289c4a42633805bb5,72,0xc46095b06d2e48309e01a3718ffe6d58bcbe1d8ce5ba30d630590d26d2ac973e,0x1d0dcc8d8bcafa8e8502beaeef6cbd49d3affcdc,0x6810e776880c02933d47db1b9fc05908e5386b96,0xbbb33d2e7bd7ddc722e53da9ca8ee97df41cfabf,16751111111111111097,Gnosis,GNO,18,1,3000000,60000000000,1955466,2955466,deprecated,0x84a1f5a5,claimTokensFor(address[] _beneficiaries),21428401
3633131,1493659196,0x2fb27d013120dd6aefff32c3f3043e1a279123c22ab3d6b289c4a42633805bb5,72,0xc46095b06d2e48309e01a3718ffe6d58bcbe1d8ce5ba30d630590d26d2ac973e,0x1d0dcc8d8bcafa8e8502beaeef6cbd49d3affcdc,0x6810e776880c02933d47db1b9fc05908e5386b96,0x6810e776880c02933d47db1b9fc05908e5386b96,0,Gnosis,GNO,18,1,3000000,60000000000,1955466,2955466,deprecated,0x84a1f5a5,claimTokensFor(address[] _beneficiaries),21428401
3633131,1493659196,0x2fb27d013120dd6aefff32c3f3043e1a279123c22ab3d6b289c4a42633805bb5,72,0xc46095b06d2e48309e01a3718ffe6d58bcbe1d8ce5ba30d630590d26d2ac973e,0x1d0dcc8d8bcafa8e8502beaeef6cbd49d3affcdc,0x6810e776880c02933d47db1b9fc05908e5386b96,0x0fa38abec02bd4dbb87f189df50b674b9db0b468,0,Gnosis,GNO,18,1,3000000,60000000000,1955466,2955466,deprecated,0x84a1f5a5,claimTokensFor(address[] _beneficiaries),21428401
3633131,1493659196,0x2fb27d013120dd6aefff32c3f3043e1a279123c22ab3d6b289c4a42633805bb5,72,0xc46095b06d2e48309e01a3718ffe6d58bcbe1d8ce5ba30d630590d26d2ac973e,0x1d0dcc8d8bcafa8e8502beaeef6cbd49d3affcdc,0x6810e776880c02933d47db1b9fc05908e5386b96,0xed293e417fbfff68451af85dca1a1f1365bce2f6,16751111111111111097,Gnosis,GNO,18,1,3000000,60000000000,1955466,2955466,deprecated,0x84a1f5a5,claimTokensFor(address[] _beneficiaries),21428401
3633131,1493659196,0x2fb27d013120dd6aefff32c3f3043e1a279123c22ab3d6b289c4a42633805bb5,72,0xc46095b06d2e48309e01a3718ffe6d58bcbe1d8ce5ba30d630590d26d2ac973e,0x1d0dcc8d8bcafa8e8502beaeef6cbd49d3affcdc,0x6810e776880c02933d47db1b9fc05908e5386b96,0x6810e776880c02933d47db1b9fc05908e5386b96,0,Gnosis,GNO,18,1,3000000,60000000000,1955466,2955466,deprecated,0x84a1f5a5,claimTokensFor(address[] _beneficiaries),21428401
3633131,1493659196,0x2fb27d013120dd6aefff32c3f3043e1a279123c22ab3d6b289c4a42633805bb5,72,0xc46095b06d2e48309e01a3718ffe6d58bcbe1d8ce5ba30d630590d26d2ac973e,0x1d0dcc8d8bcafa8e8502beaeef6cbd49d3affcdc,0x6810e776880c02933d47db1b9fc05908e5386b96,0x1fbdf165ae35c0382156f1876bab65632bd4ff41,0,Gnosis,GNO,18,1,3000000,60000000000,1955466,2955466,deprecated,0x84a1f5a5,claimTokensFor(address[] _beneficiaries),21428401
3633131,1493659196,0x2fb27d013120dd6aefff32c3f3043e1a279123c22ab3d6b289c4a42633805bb5,72,0xc46095b06d2e48309e01a3718ffe6d58bcbe1d8ce5ba30d630590d26d2ac973e,0x1d0dcc8d8bcafa8e8502beaeef6cbd49d3affcdc,0x6810e776880c02933d47db1b9fc05908e5386b96,0x2f8d05f3941b374f9d37ca8fd0c31ccedafed1d9,16751111111111111097,Gnosis,GNO,18,1,3000000,60000000000,1955466,2955466,deprecated,0x84a1f5a5,claimTokensFor(address[] _beneficiaries),21428401
3633131,1493659196,0x2fb27d013120dd6aefff32c3f3043e1a279123c22ab3d6b289c4a42633805bb5,72,0xc46095b06d2e48309e01a3718ffe6d58bcbe1d8ce5ba30d630590d26d2ac973e,0x1d0dcc8d8bcafa8e8502beaeef6cbd49d3affcdc,0x6810e776880c02933d47db1b9fc05908e5386b96,0x0f0b102033ed1fd0b6af11d6f89e8b9b06166264,16751111111111111097,Gnosis,GNO,18,1,3000000,60000000000,1955466,2955466,deprecated,0x84a1f5a5,claimTokensFor(address[] _beneficiaries),21428401
3633131,1493659196,0x2fb27d013120dd6aefff32c3f3043e1a279123c22ab3d6b289c4a42633805bb5,72,0xc46095b06d2e48309e01a3718ffe6d58bcbe1d8ce5ba30d630590d26d2ac973e,0x1d0dcc8d8bcafa8e8502beaeef6cbd49d3affcdc,0x6810e776880c02933d47db1b9fc05908e5386b96,0x000110fad59080856750eb1762eae0021e032f72,0,Gnosis,GNO,18,1,3000000,60000000000,1955466,2955466,deprecated,0x84a1f5a5,claimTokensFor(address[] _beneficiaries),21428401
3633131,1493659196,0x2fb27d013120dd6aefff32c3f3043e1a279123c22ab3d6b289c4a42633805bb5,72,0xc46095b06d2e48309e01a3718ffe6d58bcbe1d8ce5ba30d630590d26d2ac973e,0x1d0dcc8d8bcafa8e8502beaeef6cbd49d3affcdc,0x6810e776880c02933d47db1b9fc05908e5386b96,0x55b62f1e364c33475b02d019830f1504ec48f489,16751111111111111097,Gnosis,GNO,18,1,3000000,60000000000,1955466,2955466,deprecated,0x84a1f5a5,claimTokensFor(address[] _beneficiaries),21428401
3633131,1493659196,0x2fb27d013120dd6aefff32c3f3043e1a279123c22ab3d6b289c4a42633805bb5,72,0xc46095b06d2e48309e01a3718ffe6d58bcbe1d8ce5ba30d630590d26d2ac973e,0x1d0dcc8d8bcafa8e8502beaeef6cbd49d3affcdc,0x6810e776880c02933d47db1b9fc05908e5386b96,0xa63ddb00c28b4e753b44610dc4d960aaf1dcf6d2,16751111111111111097,Gnosis,GNO,18,1,3000000,60000000000,1955466,2955466,deprecated,0x84a1f5a5,claimTokensFor(address[] _beneficiaries),21428401
3633131,1493659196,0x2fb27d013120dd6aefff32c3f3043e1a279123c22ab3d6b289c4a42633805bb5,72,0xc46095b06d2e48309e01a3718ffe6d58bcbe1d8ce5ba30d630590d26d2ac973e,0x1d0dcc8d8bcafa8e8502beaeef6cbd49d3affcdc,0x6810e776880c02933d47db1b9fc05908e5386b96,0xde7fea21fe516d824641ae65f97b60552568e30a,0,Gnosis,GNO,18,1,3000000,60000000000,1955466,2955466,deprecated,0x84a1f5a5,claimTokensFor(address[] _beneficiaries),21428401
3633131,1493659196,0x2fb27d013120dd6aefff32c3f3043e1a279123c22ab3d6b289c4a42633805bb5,72,0xc46095b06d2e48309e01a3718ffe6d58bcbe1d8ce5ba30d630590d26d2ac973e,0x1d0dcc8d8bcafa8e8502beaeef6cbd49d3affcdc,0x6810e776880c02933d47db1b9fc05908e5386b96,0xe34e2df841e5a6352b0ae8bd5a797544f11d7e89,16751111111111111097,Gnosis,GNO,18,1,3000000,60000000000,1955466,2955466,deprecated,0x84a1f5a5,claimTokensFor(address[] _beneficiaries),21428401
3633131,1493659196,0x2fb27d013120dd6aefff32c3f3043e1a279123c22ab3d6b289c4a42633805bb5,72,0xc46095b06d2e48309e01a3718ffe6d58bcbe1d8ce5ba30d630590d26d2ac973e,0x1d0dcc8d8bcafa8e8502beaeef6cbd49d3affcdc,0x6810e776880c02933d47db1b9fc05908e5386b96,0xf2cb9f99e5332449631370920844a97f2ac8ad80,0,Gnosis,GNO,18,1,3000000,60000000000,1955466,2955466,deprecated,0x84a1f5a5,claimTokensFor(address[] _beneficiaries),21428401
3633131,1493659196,0x2fb27d013120dd6aefff32c3f3043e1a279123c22ab3d6b289c4a42633805bb5,72,0xc46095b06d2e48309e01a3718ffe6d58bcbe1d8ce5ba30d630590d26d2ac973e,0x1d0dcc8d8bcafa8e8502beaeef6cbd49d3affcdc,0x6810e776880c02933d47db1b9fc05908e5386b96,0x47c511960e1762d0e97c21b949a6a1d2d93b6f14,16759809342219751180,Gnosis,GNO,18,1,3000000,60000000000,1955466,2955466,deprecated,0x84a1f5a5,claimTokensFor(address[] _beneficiaries),21428401
3633131,1493659196,0x2fb27d013120dd6aefff32c3f3043e1a279123c22ab3d6b289c4a42633805bb5,72,0xc46095b06d2e48309e01a3718ffe6d58bcbe1d8ce5ba30d630590d26d2ac973e,0x1d0dcc8d8bcafa8e8502beaeef6cbd49d3affcdc,0x6810e776880c02933d47db1b9fc05908e5386b96,0x6387bc737c7cb10c366f1da8c8d0e844760f56ec,16751111111111111097,Gnosis,GNO,18,1,3000000,60000000000,1955466,2955466,deprecated,0x84a1f5a5,claimTokensFor(address[] _beneficiaries),21428401
3633131,1493659196,0x2fb27d013120dd6aefff32c3f3043e1a279123c22ab3d6b289c4a42633805bb5,72,0xc46095b06d2e48309e01a3718ffe6d58bcbe1d8ce5ba30d630590d26d2ac973e,0x1d0dcc8d8bcafa8e8502beaeef6cbd49d3affcdc,0x6810e776880c02933d47db1b9fc05908e5386b96,0x5487314abe5d19201dad26193eddd918a69fe844,16751111111111111097,Gnosis,GNO,18,1,3000000,60000000000,1955466,2955466,deprecated,0x84a1f5a5,claimTokensFor(address[] _beneficiaries),21428401
3633131,1493659196,0x2fb27d013120dd6aefff32c3f3043e1a279123c22ab3d6b289c4a42633805bb5,72,0xc46095b06d2e48309e01a3718ffe6d58bcbe1d8ce5ba30d630590d26d2ac973e,0x1d0dcc8d8bcafa8e8502beaeef6cbd49d3affcdc,0x6810e776880c02933d47db1b9fc05908e5386b96,0x08470155945fcfdd37a40f58c7e28cb3681c3f84,16751111111111111097,Gnosis,GNO,18,1,3000000,60000000000,1955466,2955466,deprecated,0x84a1f5a5,claimTokensFor(address[] _beneficiaries),21428401
3633131,1493659196,0x2fb27d013120dd6aefff32c3f3043e1a279123c22ab3d6b289c4a42633805bb5,72,0xc46095b06d2e48309e01a3718ffe6d58bcbe1d8ce5ba30d630590d26d2ac973e,0x1d0dcc8d8bcafa8e8502beaeef6cbd49d3affcdc,0x6810e776880c02933d47db1b9fc05908e5386b96,0xa626fbafab74c98a6587673ab6f4e9ed9ff00b11,16751111111111111097,Gnosis,GNO,18,1,3000000,60000000000,1955466,2955466,deprecated,0x84a1f5a5,claimTokensFor(address[] _beneficiaries),21428401
3633131,1493659196,0x2fb27d013120dd6aefff32c3f3043e1a279123c22ab3d6b289c4a42633805bb5,72,0xc46095b06d2e48309e01a3718ffe6d58bcbe1d8ce5ba30d630590d26d2ac973e,0x1d0dcc8d8bcafa8e8502beaeef6cbd49d3affcdc,0x6810e776880c02933d47db1b9fc05908e5386b96,0xf36d081965a0deedcf65178261fe83ce29340292,18426222222222222206,Gnosis,GNO,18,1,3000000,60000000000,1955466,2955466,deprecated,0x84a1f5a5,claimTokensFor(address[] _beneficiaries),21428401
3633131,1493659196,0x2fb27d013120dd6aefff32c3f3043e1a279123c22ab3d6b289c4a42633805bb5,72,0xc46095b06d2e48309e01a3718ffe6d58bcbe1d8ce5ba30d630590d26d2ac973e,0x1d0dcc8d8bcafa8e8502beaeef6cbd49d3affcdc,0x6810e776880c02933d47db1b9fc05908e5386b96,0x9c970f87d8a6deda65e31215134b6379202a0bc9,16751111111111111097,Gnosis,GNO,18,1,3000000,60000000000,1955466,2955466,deprecated,0x84a1f5a5,claimTokensFor(address[] _beneficiaries),21428401
3633131,1493659196,0x2fb27d013120dd6aefff32c3f3043e1a279123c22ab3d6b289c4a42633805bb5,72,0xc46095b06d2e48309e01a3718ffe6d58bcbe1d8ce5ba30d630590d26d2ac973e,0x1d0dcc8d8bcafa8e8502beaeef6cbd49d3affcdc,0x6810e776880c02933d47db1b9fc05908e5386b96,0x7c4b4151a62aa37fc2946ec7a6c638a170f4f290,16751111111111111097,Gnosis,GNO,18,1,3000000,60000000000,1955466,2955466,deprecated,0x84a1f5a5,claimTokensFor(address[] _beneficiaries),21428401
3633131,1493659196,0x2fb27d013120dd6aefff32c3f3043e1a279123c22ab3d6b289c4a42633805bb5,72,0xc46095b06d2e48309e01a3718ffe6d58bcbe1d8ce5ba30d630590d26d2ac973e,0x1d0dcc8d8bcafa8e8502beaeef6cbd49d3affcdc,0x6810e776880c02933d47db1b9fc05908e5386b96,0xb06d958cce8ced5b26ea37e63d26a3a3a0d3ab34,16751111111111111097,Gnosis,GNO,18,1,3000000,60000000000,1955466,2955466,deprecated,0x84a1f5a5,claimTokensFor(address[] _beneficiaries),21428401
3633131,1493659196,0x2fb27d013120dd6aefff32c3f3043e1a279123c22ab3d6b289c4a42633805bb5,72,0xc46095b06d2e48309e01a3718ffe6d58bcbe1d8ce5ba30d630590d26d2ac973e,0x1d0dcc8d8bcafa8e8502beaeef6cbd49d3affcdc,0x6810e776880c02933d47db1b9fc05908e5386b96,0x40fdc729e61ab661181246d822188ac08513dedb,16751111111111111097,Gnosis,GNO,18,1,3000000,60000000000,1955466,2955466,deprecated,0x84a1f5a5,claimTokensFor(address[] _beneficiaries),21428401
3633131,1493659196,0x2fb27d013120dd6aefff32c3f3043e1a279123c22ab3d6b289c4a42633805bb5,72,0xc46095b06d2e48309e01a3718ffe6d58bcbe1d8ce5ba30d630590d26d2ac973e,0x1d0dcc8d8bcafa8e8502beaeef6cbd49d3affcdc,0x6810e776880c02933d47db1b9fc05908e5386b96,0xd8a405518bc5c1c089810362292cf5853335ed25,16751111111111111097,Gnosis,GNO,18,1,3000000,60000000000,1955466,2955466,deprecated,0x84a1f5a5,claimTokensFor(address[] _beneficiaries),21428401
3633131,1493659196,0x2fb27d013120dd6aefff32c3f3043e1a279123c22ab3d6b289c4a42633805bb5,72,0xc46095b06d2e48309e01a3718ffe6d58bcbe1d8ce5ba30d630590d26d2ac973e,0x1d0dcc8d8bcafa8e8502beaeef6cbd49d3affcdc,0x6810e776880c02933d47db1b9fc05908e5386b96,0x0031ff4e3c9b00f53d622b9361fe2a86265cf324,16751111111111111097,Gnosis,GNO,18,1,3000000,60000000000,1955466,2955466,deprecated,0x84a1f5a5,claimTokensFor(address[] _beneficiaries),21428401
3633131,1493659196,0x2fb27d013120dd6aefff32c3f3043e1a279123c22ab3d6b289c4a42633805bb5,72,0xc46095b06d2e48309e01a3718ffe6d58bcbe1d8ce5ba30d630590d26d2ac973e,0x1d0dcc8d8bcafa8e8502beaeef6cbd49d3affcdc,0x6810e776880c02933d47db1b9fc05908e5386b96,0xe381369dc8c1babc6712d10d9b8364691d0efbb2,16751111111111111097,Gnosis,GNO,18,1,3000000,60000000000,1955466,2955466,deprecated,0x84a1f5a5,claimTokensFor(address[] _beneficiaries),21428401
3633131,1493659196,0x2fb27d013120dd6aefff32c3f3043e1a279123c22ab3d6b289c4a42633805bb5,72,0xc46095b06d2e48309e01a3718ffe6d58bcbe1d8ce5ba30d630590d26d2ac973e,0x1d0dcc8d8bcafa8e8502beaeef6cbd49d3affcdc,0x6810e776880c02933d47db1b9fc05908e5386b96,0xba92b88898d7f5fde1752cecfb03181aece0ddb7,0,Gnosis,GNO,18,1,3000000,60000000000,1955466,2955466,deprecated,0x84a1f5a5,claimTokensFor(address[] _beneficiaries),21428401
3633131,1493659196,0x2fb27d013120dd6aefff32c3f3043e1a279123c22ab3d6b289c4a42633805bb5,72,0xc46095b06d2e48309e01a3718ffe6d58bcbe1d8ce5ba30d630590d26d2ac973e,0x1d0dcc8d8bcafa8e8502beaeef6cbd49d3affcdc,0x6810e776880c02933d47db1b9fc05908e5386b96,0x995330e37b8642cd0ea97ddd1a5e42c0d6c1cb37,16767862222222222208,Gnosis,GNO,18,1,3000000,60000000000,1955466,2955466,deprecated,0x84a1f5a5,claimTokensFor(address[] _beneficiaries),21428401
3633131,1493659196,0x2fb27d013120dd6aefff32c3f3043e1a279123c22ab3d6b289c4a42633805bb5,72,0xc46095b06d2e48309e01a3718ffe6d58bcbe1d8ce5ba30d630590d26d2ac973e,0x1d0dcc8d8bcafa8e8502beaeef6cbd49d3affcdc,0x6810e776880c02933d47db1b9fc05908e5386b96,0x5f257d2d8d12db64574a5548e16f9f10dc0aa5a7,16751111111111111097,Gnosis,GNO,18,1,3000000,60000000000,1955466,2955466,deprecated,0x84a1f5a5,claimTokensFor(address[] _beneficiaries),21428401
3633131,1493659196,0x2fb27d013120dd6aefff32c3f3043e1a279123c22ab3d6b289c4a42633805bb5,72,0xc46095b06d2e48309e01a3718ffe6d58bcbe1d8ce5ba30d630590d26d2ac973e,0x1d0dcc8d8bcafa8e8502beaeef6cbd49d3affcdc,0x6810e776880c02933d47db1b9fc05908e5386b96,0x5eb1ca2d9d250ffad144c7b6f0191fafc97ae1ee,16751111111111111097,Gnosis,GNO,18,1,3000000,60000000000,1955466,2955466,deprecated,0x84a1f5a5,claimTokensFor(address[] _beneficiaries),21428401
3633131,1493659196,0x2fb27d013120dd6aefff32c3f3043e1a279123c22ab3d6b289c4a42633805bb5,72,0xc46095b06d2e48309e01a3718ffe6d58bcbe1d8ce5ba30d630590d26d2ac973e,0x1d0dcc8d8bcafa8e8502beaeef6cbd49d3affcdc,0x6810e776880c02933d47db1b9fc05908e5386b96,0xf9fd7c19a7c5e437fd38bc2edba4cb66d1df602d,16751111111111111097,Gnosis,GNO,18,1,3000000,60000000000,1955466,2955466,deprecated,0x84a1f5a5,claimTokensFor(address[] _beneficiaries),21428401
3633131,1493659196,0x2fb27d013120dd6aefff32c3f3043e1a279123c22ab3d6b289c4a42633805bb5,72,0xc46095b06d2e48309e01a3718ffe6d58bcbe1d8ce5ba30d630590d26d2ac973e,0x1d0dcc8d8bcafa8e8502beaeef6cbd49d3affcdc,0x6810e776880c02933d47db1b9fc05908e5386b96,0x69e3e1069d4efa3efa0529da3868151ab3a7a13e,16751111111111111097,Gnosis,GNO,18,1,3000000,60000000000,1955466,2955466,deprecated,0x84a1f5a5,claimTokensFor(address[] _beneficiaries),21428401
3633131,1493659196,0x2fb27d013120dd6aefff32c3f3043e1a279123c22ab3d6b289c4a42633805bb5,72,0xc46095b06d2e48309e01a3718ffe6d58bcbe1d8ce5ba30d630590d26d2ac973e,0x1d0dcc8d8bcafa8e8502beaeef6cbd49d3affcdc,0x6810e776880c02933d47db1b9fc05908e5386b96,0x2db8fa1726f93e8700c07fe368cc631a9998af81,16751111111111111097,Gnosis,GNO,18,1,3000000,60000000000,1955466,2955466,deprecated,0x84a1f5a5,claimTokensFor(address[] _beneficiaries),21428401
3633131,1493659196,0x2fb27d013120dd6aefff32c3f3043e1a279123c22ab3d6b289c4a42633805bb5,72,0xc46095b06d2e48309e01a3718ffe6d58bcbe1d8ce5ba30d630590d26d2ac973e,0x1d0dcc8d8bcafa8e8502beaeef6cbd49d3affcdc,0x6810e776880c02933d47db1b9fc05908e5386b96,0x875e70ef4561dbf138266dfa3275a59a65b1779a,16751111111111111097,Gnosis,GNO,18,1,3000000,60000000000,1955466,2955466,deprecated,0x84a1f5a5,claimTokensFor(address[] _beneficiaries),21428401
3633131,1493659196,0x2fb27d013120dd6aefff32c3f3043e1a279123c22ab3d6b289c4a42633805bb5,72,0xc46095b06d2e48309e01a3718ffe6d58bcbe1d8ce5ba30d630590d26d2ac973e,0x1d0dcc8d8bcafa8e8502beaeef6cbd49d3affcdc,0x6810e776880c02933d47db1b9fc05908e5386b96,0xdb88b5b807f3821fa735d99859ef4fc787b6eb98,16745314330286317963,Gnosis,GNO,18,1,3000000,60000000000,1955466,2955466,deprecated,0x84a1f5a5,claimTokensFor(address[] _beneficiaries),21428401
3633131,1493659196,0x2fb27d013120dd6aefff32c3f3043e1a279123c22ab3d6b289c4a42633805bb5,72,0xc46095b06d2e48309e01a3718ffe6d58bcbe1d8ce5ba30d630590d26d2ac973e,0x1d0dcc8d8bcafa8e8502beaeef6cbd49d3affcdc,0x6810e776880c02933d47db1b9fc05908e5386b96,0x1731dc9ad66a910fae1c7c066867db45d77e9650,16744410666666666652,Gnosis,GNO,18,1,3000000,60000000000,1955466,2955466,deprecated,0x84a1f5a5,claimTokensFor(address[] _beneficiaries),21428401
3633131,1493659196,0x2fb27d013120dd6aefff32c3f3043e1a279123c22ab3d6b289c4a42633805bb5,72,0xc46095b06d2e48309e01a3718ffe6d58bcbe1d8ce5ba30d630590d26d2ac973e,0x1d0dcc8d8bcafa8e8502beaeef6cbd49d3affcdc,0x6810e776880c02933d47db1b9fc05908e5386b96,0x2ed58e4dc4e58c11152068a94a93525ebc5241e2,16742735555555555541,Gnosis,GNO,18,1,3000000,60000000000,1955466,2955466,deprecated,0x84a1f5a5,claimTokensFor(address[] _beneficiaries),21428401
3633131,1493659196,0x2fb27d013120dd6aefff32c3f3043e1a279123c22ab3d6b289c4a42633805bb5,72,0xc46095b06d2e48309e01a3718ffe6d58bcbe1d8ce5ba30d630590d26d2ac973e,0x1d0dcc8d8bcafa8e8502beaeef6cbd49d3affcdc,0x6810e776880c02933d47db1b9fc05908e5386b96,0xe95663b7edc946897b1dee7b619f05a17d4be2c6,16742735555555555541,Gnosis,GNO,18,1,3000000,60000000000,1955466,2955466,deprecated,0x84a1f5a5,claimTokensFor(address[] _beneficiaries),21428401
3633131,1493659196,0x2fb27d013120dd6aefff32c3f3043e1a279123c22ab3d6b289c4a42633805bb5,72,0xc46095b06d2e48309e01a3718ffe6d58bcbe1d8ce5ba30d630590d26d2ac973e,0x1d0dcc8d8bcafa8e8502beaeef6cbd49d3affcdc,0x6810e776880c02933d47db1b9fc05908e5386b96,0xc7caaffbd29a249a96e6e1dfc54a9ab281e0ff03,0,Gnosis,GNO,18,1,3000000,60000000000,1955466,2955466,deprecated,0x84a1f5a5,claimTokensFor(address[] _beneficiaries),21428401
3633131,1493659196,0x2fb27d013120dd6aefff32c3f3043e1a279123c22ab3d6b289c4a42633805bb5,72,0xc46095b06d2e48309e01a3718ffe6d58bcbe1d8ce5ba30d630590d26d2ac973e,0x1d0dcc8d8bcafa8e8502beaeef6cbd49d3affcdc,0x6810e776880c02933d47db1b9fc05908e5386b96,0x55952c321b45cc21d668d7a3e42f845301b49f31,16734359999999999986,Gnosis,GNO,18,1,3000000,60000000000,1955466,2955466,deprecated,0x84a1f5a5,claimTokensFor(address[] _beneficiaries),21428401
3633131,1493659196,0x2fb27d013120dd6aefff32c3f3043e1a279123c22ab3d6b289c4a42633805bb5,72,0xc46095b06d2e48309e01a3718ffe6d58bcbe1d8ce5ba30d630590d26d2ac973e,0x1d0dcc8d8bcafa8e8502beaeef6cbd49d3affcdc,0x6810e776880c02933d47db1b9fc05908e5386b96,0x9b429acbce12bd7e5254a9fbb1ed045f20cfddb9,16650604444444444430,Gnosis,GNO,18,1,3000000,60000000000,1955466,2955466,deprecated,0x84a1f5a5,claimTokensFor(address[] _beneficiaries),21428401
3633131,1493659196,0x2fb27d013120dd6aefff32c3f3043e1a279123c22ab3d6b289c4a42633805bb5,72,0xc46095b06d2e48309e01a3718ffe6d58bcbe1d8ce5ba30d630590d26d2ac973e,0x1d0dcc8d8bcafa8e8502beaeef6cbd49d3affcdc,0x6810e776880c02933d47db1b9fc05908e5386b96,0xa61987e2c39166f7fe823dc29cb14d56b2ec9f9a,15762795555555555542,Gnosis,GNO,18,1,3000000,60000000000,1955466,2955466,deprecated,0x84a1f5a5,claimTokensFor(address[] _beneficiaries),21428401
3633131,1493659196,0x2fb27d013120dd6aefff32c3f3043e1a279123c22ab3d6b289c4a42633805bb5,72,0xc46095b06d2e48309e01a3718ffe6d58bcbe1d8ce5ba30d630590d26d2ac973e,0x1d0dcc8d8bcafa8e8502beaeef6cbd49d3affcdc,0x6810e776880c02933d47db1b9fc05908e5386b96,0xff17a3c1e9807a7bbdc014ae0c645b20e09b93f6,15075999999999999987,Gnosis,GNO,18,1,3000000,60000000000,1955466,2955466,deprecated,0x84a1f5a5,claimTokensFor(address[] _beneficiaries),21428401
3633131,1493659196,0x2fb27d013120dd6aefff32c3f3043e1a279123c22ab3d6b289c4a42633805bb5,72,0xc46095b06d2e48309e01a3718ffe6d58bcbe1d8ce5ba30d630590d26d2ac973e,0x1d0dcc8d8bcafa8e8502beaeef6cbd49d3affcdc,0x6810e776880c02933d47db1b9fc05908e5386b96,0xfd4e15b4dd20136a9621576743893a17d4dfff2d,15075999999999999987,Gnosis,GNO,18,1,3000000,60000000000,1955466,2955466,deprecated,0x84a1f5a5,claimTokensFor(address[] _beneficiaries),21428401
3633131,1493659196,0x2fb27d013120dd6aefff32c3f3043e1a279123c22ab3d6b289c4a42633805bb5,72,0xc46095b06d2e48309e01a3718ffe6d58bcbe1d8ce5ba30d630590d26d2ac973e,0x1d0dcc8d8bcafa8e8502beaeef6cbd49d3affcdc,0x6810e776880c02933d47db1b9fc05908e5386b96,0xae81977ad1cf9c1a35665dd5c45e4f21c6addeb9,15075999999999999987,Gnosis,GNO,18,1,3000000,60000000000,1955466,2955466,deprecated,0x84a1f5a5,claimTokensFor(address[] _beneficiaries),21428401
3633131,1493659196,0x2fb27d013120dd6aefff32c3f3043e1a279123c22ab3d6b289c4a42633805bb5,72,0xc46095b06d2e48309e01a3718ffe6d58bcbe1d8ce5ba30d630590d26d2ac973e,0x1d0dcc8d8bcafa8e8502beaeef6cbd49d3affcdc,0x6810e776880c02933d47db1b9fc05908e5386b96,0x3f3532121fc527f9771e8c2530623fc51693e8b4,15075999999999999987,Gnosis,GNO,18,1,3000000,60000000000,1955466,2955466,deprecated,0x84a1f5a5,claimTokensFor(address[] _beneficiaries),21428401
3633131,1493659196,0x2fb27d013120dd6aefff32c3f3043e1a279123c22ab3d6b289c4a42633805bb5,72,0xc46095b06d2e48309e01a3718ffe6d58bcbe1d8ce5ba30d630590d26d2ac973e,0x1d0dcc8d8bcafa8e8502beaeef6cbd49d3affcdc,0x6810e776880c02933d47db1b9fc05908e5386b96,0xc8f424b473398d6324f28b755cff51a02e26254f,0,Gnosis,GNO,18,1,3000000,60000000000,1955466,2955466,deprecated,0x84a1f5a5,claimTokensFor(address[] _beneficiaries),21428401
3633131,1493659196,0x2fb27d013120dd6aefff32c3f3043e1a279123c22ab3d6b289c4a42633805bb5,72,0xc46095b06d2e48309e01a3718ffe6d58bcbe1d8ce5ba30d630590d26d2ac973e,0x1d0dcc8d8bcafa8e8502beaeef6cbd49d3affcdc,0x6810e776880c02933d47db1b9fc05908e5386b96,0xea56152d94d6dc1d69c90e1bb4a2ef8c79d4d49d,14238444444444444432,Gnosis,GNO,18,1,3000000,60000000000,1955466,2955466,deprecated,0x84a1f5a5,claimTokensFor(address[] _beneficiaries),21428401
3633131,1493659196,0x2fb27d013120dd6aefff32c3f3043e1a279123c22ab3d6b289c4a42633805bb5,72,0xc46095b06d2e48309e01a3718ffe6d58bcbe1d8ce5ba30d630590d26d2ac973e,0x1d0dcc8d8bcafa8e8502beaeef6cbd49d3affcdc,0x6810e776880c02933d47db1b9fc05908e5386b96,0x0ad0e5b722e8d66f0f89d41e65c400ff3461f4ae,0,Gnosis,GNO,18,1,3000000,60000000000,1955466,2955466,deprecated,0x84a1f5a5,claimTokensFor(address[] _beneficiaries),21428401
3633131,1493659196,0x2fb27d013120dd6aefff32c3f3043e1a279123c22ab3d6b289c4a42633805bb5,72,0xc46095b06d2e48309e01a3718ffe6d58bcbe1d8ce5ba30d630590d26d2ac973e,0x1d0dcc8d8bcafa8e8502beaeef6cbd49d3affcdc,0x6810e776880c02933d47db1b9fc05908e5386b96,0x3955e672f3306fd39545edb3d7040cf8de2f9180,14070933333333333321,Gnosis,GNO,18,1,3000000,60000000000,1955466,2955466,deprecated,0x84a1f5a5,claimTokensFor(address[] _beneficiaries),21428401
3633131,1493659196,0x2fb27d013120dd6aefff32c3f3043e1a279123c22ab3d6b289c4a42633805bb5,72,0xc46095b06d2e48309e01a3718ffe6d58bcbe1d8ce5ba30d630590d26d2ac973e,0x1d0dcc8d8bcafa8e8502beaeef6cbd49d3affcdc,0x6810e776880c02933d47db1b9fc05908e5386b96,0x28aa26ce7d649a67cab486a6a31be0e7640bd3b2,13650798715555555544,Gnosis,GNO,18,1,3000000,60000000000,1955466,2955466,deprecated,0x84a1f5a5,claimTokensFor(address[] _beneficiaries),21428401
3633131,1493659196,0x2fb27d013120dd6aefff32c3f3043e1a279123c22ab3d6b289c4a42633805bb5,72,0xc46095b06d2e48309e01a3718ffe6d58bcbe1d8ce5ba30d630590d26d2ac973e,0x1d0dcc8d8bcafa8e8502beaeef6cbd49d3affcdc,0x6810e776880c02933d47db1b9fc05908e5386b96,0x8450dc9630511500be6bc9c44f928444b3919231,28141866666666666643,Gnosis,GNO,18,1,3000000,60000000000,1955466,2955466,deprecated,0x84a1f5a5,claimTokensFor(address[] _beneficiaries),21428401
3633131,1493659196,0x2fb27d013120dd6aefff32c3f3043e1a279123c22ab3d6b289c4a42633805bb5,72,0xc46095b06d2e48309e01a3718ffe6d58bcbe1d8ce5ba30d630590d26d2ac973e,0x1d0dcc8d8bcafa8e8502beaeef6cbd49d3affcdc,0x6810e776880c02933d47db1b9fc05908e5386b96,0xe509c5903a028597e7b80ff5a1be6a23d4e7ad33,13400888888888888877,Gnosis,GNO,18,1,3000000,60000000000,1955466,2955466,deprecated,0x84a1f5a5,claimTokensFor(address[] _beneficiaries),21428401
3633131,1493659196,0x2fb27d013120dd6aefff32c3f3043e1a279123c22ab3d6b289c4a42633805bb5,72,0xc46095b06d2e48309e01a3718ffe6d58bcbe1d8ce5ba30d630590d26d2ac973e,0x1d0dcc8d8bcafa8e8502beaeef6cbd49d3affcdc,0x6810e776880c02933d47db1b9fc05908e5386b96,0x8450dc9630511500be6bc9c44f928444b3919231,0,Gnosis,GNO,18,1,3000000,60000000000,1955466,2955466,deprecated,0x84a1f5a5,claimTokensFor(address[] _beneficiaries),21428401
3633131,1493659196,0x2fb27d013120dd6aefff32c3f3043e1a279123c22ab3d6b289c4a42633805bb5,72,0xc46095b06d2e48309e01a3718ffe6d58bcbe1d8ce5ba30d630590d26d2ac973e,0x1d0dcc8d8bcafa8e8502beaeef6cbd49d3affcdc,0x6810e776880c02933d47db1b9fc05908e5386b96,0xfe88dd131d675874d8475ed6d3e3e92993f76d51,13384137777777777766,Gnosis,GNO,18,1,3000000,60000000000,1955466,2955466,deprecated,0x84a1f5a5,claimTokensFor(address[] _beneficiaries),21428401
3633131,1493659196,0x2fb27d013120dd6aefff32c3f3043e1a279123c22ab3d6b289c4a42633805bb5,72,0xc46095b06d2e48309e01a3718ffe6d58bcbe1d8ce5ba30d630590d26d2ac973e,0x1d0dcc8d8bcafa8e8502beaeef6cbd49d3affcdc,0x6810e776880c02933d47db1b9fc05908e5386b96,0x8e65b5da5725a6da0dbf5c886fbe760d658fbf61,13367386666666666655,Gnosis,GNO,18,1,3000000,60000000000,1955466,2955466,deprecated,0x84a1f5a5,claimTokensFor(address[] _beneficiaries),21428401
3633131,1493659196,0x2fb27d013120dd6aefff32c3f3043e1a279123c22ab3d6b289c4a42633805bb5,72,0xc46095b06d2e48309e01a3718ffe6d58bcbe1d8ce5ba30d630590d26d2ac973e,0x1d0dcc8d8bcafa8e8502beaeef6cbd49d3affcdc,0x6810e776880c02933d47db1b9fc05908e5386b96,0xfd1bd9122e712ed08a7112928b4f7e7169028cfe,13233377777777777766,Gnosis,GNO,18,1,3000000,60000000000,1955466,2955466,deprecated,0x84a1f5a5,claimTokensFor(address[] _beneficiaries),21428401
3633131,1493659196,0x2fb27d013120dd6aefff32c3f3043e1a279123c22ab3d6b289c4a42633805bb5,72,0xc46095b06d2e48309e01a3718ffe6d58bcbe1d8ce5ba30d630590d26d2ac973e,0x1d0dcc8d8bcafa8e8502beaeef6cbd49d3affcdc,0x6810e776880c02933d47db1b9fc05908e5386b96,0x9491dc1488b64a1d136f9b9790cc2942ed83ef0b,12563333333333333322,Gnosis,GNO,18,1,3000000,60000000000,1955466,2955466,deprecated,0x84a1f5a5,claimTokensFor(address[] _beneficiaries),21428401
3633131,1493659196,0x2fb27d013120dd6aefff32c3f3043e1a279123c22ab3d6b289c4a42633805bb5,72,0xc46095b06d2e48309e01a3718ffe6d58bcbe1d8ce5ba30d630590d26d2ac973e,0x1d0dcc8d8bcafa8e8502beaeef6cbd49d3affcdc,0x6810e776880c02933d47db1b9fc05908e5386b96,0x3ea099878198541368ab67785388206a00483516,12546582222222222211,Gnosis,GNO,18,1,3000000,60000000000,1955466,2955466,deprecated,0x84a1f5a5,claimTokensFor(address[] _beneficiaries),21428401
3633131,1493659196,0x2fb27d013120dd6aefff32c3f3043e1a279123c22ab3d6b289c4a42633805bb5,72,0xc46095b06d2e48309e01a3718ffe6d58bcbe1d8ce5ba30d630590d26d2ac973e,0x1d0dcc8d8bcafa8e8502beaeef6cbd49d3affcdc,0x6810e776880c02933d47db1b9fc05908e5386b96,0x6358f1f297f3e86a7a107968396d52b2f4276c7d,12479577777777777767,Gnosis,GNO,18,1,3000000,60000000000,1955466,2955466,deprecated,0x84a1f5a5,claimTokensFor(address[] _beneficiaries),21428401
3633131,1493659196,0x2fb27d013120dd6aefff32c3f3043e1a279123c22ab3d6b289c4a42633805bb5,72,0xc46095b06d2e48309e01a3718ffe6d58bcbe1d8ce5ba30d630590d26d2ac973e,0x1d0dcc8d8bcafa8e8502beaeef6cbd49d3affcdc,0x6810e776880c02933d47db1b9fc05908e5386b96,0x63e656e68b2e411f846e3ddcdbb34f448b86d462,12231661333333333323,Gnosis,GNO,18,1,3000000,60000000000,1955466,2955466,deprecated,0x84a1f5a5,claimTokensFor(address[] _beneficiaries),21428401
3633131,1493659196,0x2fb27d013120dd6aefff32c3f3043e1a279123c22ab3d6b289c4a42633805bb5,72,0xc46095b06d2e48309e01a3718ffe6d58bcbe1d8ce5ba30d630590d26d2ac973e,0x1d0dcc8d8bcafa8e8502beaeef6cbd49d3affcdc,0x6810e776880c02933d47db1b9fc05908e5386b96,0x1d0dcc8d8bcafa8e8502beaeef6cbd49d3affcdc,0,Gnosis,GNO,18,1,3000000,60000000000,1955466,2955466,deprecated,0x84a1f5a5,claimTokensFor(address[] _beneficiaries),21428401
3633131,1493659196,0x2fb27d013120dd6aefff32c3f3043e1a279123c22ab3d6b289c4a42633805bb5,72,0xc46095b06d2e48309e01a3718ffe6d58bcbe1d8ce5ba30d630590d26d2ac973e,0x1d0dcc8d8bcafa8e8502beaeef6cbd49d3affcdc,0x6810e776880c02933d47db1b9fc05908e5386b96,0x000110fad59080856750eb1762eae0021e032f72,0,Gnosis,GNO,18,1,3000000,60000000000,1955466,2955466,deprecated,0x84a1f5a5,claimTokensFor(address[] _beneficiaries),21428401
3633131,1493659196,0x2fb27d013120dd6aefff32c3f3043e1a279123c22ab3d6b289c4a42633805bb5,72,0xc46095b06d2e48309e01a3718ffe6d58bcbe1d8ce5ba30d630590d26d2ac973e,0x1d0dcc8d8bcafa8e8502beaeef6cbd49d3affcdc,0x6810e776880c02933d47db1b9fc05908e5386b96,0xc5a81e5dfe05a93d1d8e28131d087aa8c55e63a3,11725777777777777767,Gnosis,GNO,18,1,3000000,60000000000,1955466,2955466,deprecated,0x84a1f5a5,claimTokensFor(address[] _beneficiaries),21428401
3633131,1493659196,0x2fb27d013120dd6aefff32c3f3043e1a279123c22ab3d6b289c4a42633805bb5,72,0xc46095b06d2e48309e01a3718ffe6d58bcbe1d8ce5ba30d630590d26d2ac973e,0x1d0dcc8d8bcafa8e8502beaeef6cbd49d3affcdc,0x6810e776880c02933d47db1b9fc05908e5386b96,0x033c321c4cc101ee9f543c3a337cea1adfbf5b6d,0,Gnosis,GNO,18,1,3000000,60000000000,1955466,2955466,deprecated,0x84a1f5a5,claimTokensFor(address[] _beneficiaries),21428401
3633131,1493659196,0x2fb27d013120dd6aefff32c3f3043e1a279123c22ab3d6b289c4a42633805bb5,72,0xc46095b06d2e48309e01a3718ffe6d58bcbe1d8ce5ba30d630590d26d2ac973e,0x1d0dcc8d8bcafa8e8502beaeef6cbd49d3affcdc,0x6810e776880c02933d47db1b9fc05908e5386b96,0xfd7c450df95b4aca3aca6aaecf6a5848fff6c2c4,0,Gnosis,GNO,18,1,3000000,60000000000,1955466,2955466,deprecated,0x84a1f5a5,claimTokensFor(address[] _beneficiaries),21428401
3633131,1493659196,0x2fb27d013120dd6aefff32c3f3043e1a279123c22ab3d6b289c4a42633805bb5,72,0xc46095b06d2e48309e01a3718ffe6d58bcbe1d8ce5ba30d630590d26d2ac973e,0x1d0dcc8d8bcafa8e8502beaeef6cbd49d3affcdc,0x6810e776880c02933d47db1b9fc05908e5386b96,0x829aa02de51d29c6d4b3ce80b7a2c084831899da,11720350524006791501,Gnosis,GNO,18,1,3000000,60000000000,1955466,2955466,deprecated,0x84a1f5a5,claimTokensFor(address[] _beneficiaries),21428401
3633131,1493659196,0x2fb27d013120dd6aefff32c3f3043e1a279123c22ab3d6b289c4a42633805bb5,72,0xc46095b06d2e48309e01a3718ffe6d58bcbe1d8ce5ba30d630590d26d2ac973e,0x1d0dcc8d8bcafa8e8502beaeef6cbd49d3affcdc,0x6810e776880c02933d47db1b9fc05908e5386b96,0x46fc2918149fc32448374731da3ee79f4b9f9595,11718574799999999990,Gnosis,GNO,18,1,3000000,60000000000,1955466,2955466,deprecated,0x84a1f5a5,claimTokensFor(address[] _beneficiaries),21428401
3633131,1493659196,0x42e2f0e1f7b9a43e92a9ca3870b11c7da43ab0cca74ddd29606655755c5c47a4,10,0xc46095b06d2e48309e01a3718ffe6d58bcbe1d8ce5ba30d630590d26d2ac973e,0x1d0dcc8d8bcafa8e8502beaeef6cbd49d3affcdc,0x6810e776880c02933d47db1b9fc05908e5386b96,0x346ad0d35004d2700f255465511099350fd6407e,0,Gnosis,GNO,18,2,145271,55000000000,45126,3000592,deprecated,0xdf8de3e7,claimTokens(address receiver),21428401
3633131,1493659196,0x6e0e41ae25c07006b7e2d48056894cc0582da88d29e91c5a67ecbb76f01f7be3,2869,0xc46095b06d2e48309e01a3718ffe6d58bcbe1d8ce5ba30d630590d26d2ac973e,0x298c5f3461109cc9d7f252c72707d503097c21cc,0x6810e776880c02933d47db1b9fc05908e5386b96,0xb49091108e6804d1675d32eaa02989096384208a,3350000000000000000,Gnosis,GNO,18,4,70000,41000000000,27010,3048602,deprecated,0xf5537ede,"transferToken(address erc20, address to, uint256 value)",21428401
3633131,1493659196,0x46f62d37703b96e24cda49f32fc3e056e33448797f7dd8ea89bfb7d465ed1444,33,0xc46095b06d2e48309e01a3718ffe6d58bcbe1d8ce5ba30d630590d26d2ac973e,0x9c344098ba615a398f11d009905b177c44a7b602,0x6810e776880c02933d47db1b9fc05908e5386b96,0xee8370c6a0a85ba35ca4232057ca57b7ac2de53f,67000000000000000000,Gnosis,GNO,18,5,61768,36427556969,51473,3100075,deprecated,0xa9059cbb,"transfer(address _to, uint256 _value)",21428401
3633131,1493659196,0xfcd34f8b4499328ea5ebec7998651a6f6bbeb7cca3eca64656efb9fb179dc3ad,2870,0xc46095b06d2e48309e01a3718ffe6d58bcbe1d8ce5ba30d630590d26d2ac973e,0x44f19db5aceb2dc1f1a2f84f5df10890dd330703,0x6810e776880c02933d47db1b9fc05908e5386b96,0xb49091108e6804d1675d32eaa02989096384208a,100000000000000000,Gnosis,GNO,18,9,70000,41000000000,27010,3193787,deprecated,0xf5537ede,"transferToken(address erc20, address to, uint256 value)",21428401
3633131,1493659196,0x1191cd3b90c7d64cf57be866927ba3237ff1ca5b682a5928c3489c971650df21,2871,0xc46095b06d2e48309e01a3718ffe6d58bcbe1d8ce5ba30d630590d26d2ac973e,0x509531bf0438e619eb108cd9cd057524721da481,0x6810e776880c02933d47db1b9fc05908e5386b96,0xb49091108e6804d1675d32eaa02989096384208a,47000000000000000000,Gnosis,GNO,18,10,70000,41000000000,27074,3220861,deprecated,0xf5537ede,"transferToken(address erc20, address to, uint256 value)",21428401
3633131,1493659196,0x1fa2454dd8d73918d465b695a1df59309ea1bb2beadb33acf505ac148a542ca0,2872,0xc46095b06d2e48309e01a3718ffe6d58bcbe1d8ce5ba30d630590d26d2ac973e,0x6371fbc8831e1749c711338f231e46f632f865d3,0x6810e776880c02933d47db1b9fc05908e5386b96,0xb49091108e6804d1675d32eaa02989096384208a,8375555555555555548,Gnosis,GNO,18,11,70000,41000000000,27138,3247999,deprecated,0xf5537ede,"transferToken(address erc20, address to, uint256 value)",21428401
3633131,1493659196,0x36e076fb19064a1e644a37019b311348429277a944914afd591fbb81e5bb5636,2873,0xc46095b06d2e48309e01a3718ffe6d58bcbe1d8ce5ba30d630590d26d2ac973e,0x726adce88777ad597cc5fbc752a2ad1225ef7130,0x6810e776880c02933d47db1b9fc05908e5386b96,0xb49091108e6804d1675d32eaa02989096384208a,50000000000000000000,Gnosis,GNO,18,12,70000,41000000000,27074,3275073,deprecated,0xf5537ede,"transferToken(address erc20, address to, uint256 value)",21428401
3633131,1493659196,0xf1c0308cc2ce98d58ea41bc64d046150c77de5aa3e2d7073bb9c4d61e685a0ae,2874,0xc46095b06d2e48309e01a3718ffe6d58bcbe1d8ce5ba30d630590d26d2ac973e,0x813f24201100acc73cb002a6f0f5d9a46dfc05d3,0x6810e776880c02933d47db1b9fc05908e5386b96,0xb49091108e6804d1675d32eaa02989096384208a,83755555555555555485,Gnosis,GNO,18,13,70000,41000000000,27202,3302275,deprecated,0xf5537ede,"transferToken(address erc20, address to, uint256 value)",21428401
3633131,1493659196,0x189ec82959bc518896e1c6df57847288c801f17001c3d16d0e3be23887099d3c,2875,0xc46095b06d2e48309e01a3718ffe6d58bcbe1d8ce5ba30d630590d26d2ac973e,0xa4740d111d8287c196787153ba15a5c61084f979,0x6810e776880c02933d47db1b9fc05908e5386b96,0xb49091108e6804d1675d32eaa02989096384208a,20000000000000000000,Gnosis,GNO,18,14,70000,41000000000,27074,3329349,deprecated,0xf5537ede,"transferToken(address erc20, address to, uint256 value)",21428401
3633131,1493659196,0xf1d686dc05e478f2c0243d4ee91ea62a8d16d3b8e685ef77c35bb969915cdf6f,2876,0xc46095b06d2e48309e01a3718ffe6d58bcbe1d8ce5ba30d630590d26d2ac973e,0xb803490035da725a0e6cde6728222a9aa8bd6412,0x6810e776880c02933d47db1b9fc05908e5386b96,0xb49091108e6804d1675d32eaa02989096384208a,30000000000000000000,Gnosis,GNO,18,15,70000,41000000000,27074,3356423,deprecated,0xf5537ede,"transferToken(address erc20, address to, uint256 value)",21428401
3633132,1493659201,0x33f1ece06d575eb82801ab2add967ef23521f8c71fed3c85d8ddb1639735a972,2877,0x68bfabc9cb5625f729ba85f07934dfc69e9f7db333a0b1707a496c3984f08a2f,0xdbf80244e8afc6f4e30c75e7f4514d8784ccd046,0x6810e776880c02933d47db1b9fc05908e5386b96,0xb49091108e6804d1675d32eaa02989096384208a,10000000000000000000,Gnosis,GNO,18,0,70000,41000000000,27010,27010,deprecated,0xf5537ede,"transferToken(address erc20, address to, uint256 value)",21428400
3633132,1493659201,0xe40efb27969e3d81f47d60873584fb154bc8b336fc2aeba0d1f6e91455e75cba,8,0x68bfabc9cb5625f729ba85f07934dfc69e9f7db333a0b1707a496c3984f08a2f,0xde623c87bf538d2254d7bb9617394ae35c0de755,0x6810e776880c02933d47db1b9fc05908e5386b96,0x6239dd6b0d20ef62fdc722822c6c0771243fedbd,100000000000000000000,Gnosis,GNO,18,1,151474,39000000000,51473,78483,deprecated,0xa9059cbb,"transfer(address _to, uint256 _value)",21428400
3633132,1493659201,0x3df93ff5a13087bb2ed71b233b7518bec3c70e10ba9599b29dcae32fd5592439,21,0x68bfabc9cb5625f729ba85f07934dfc69e9f7db333a0b1707a496c3984f08a2f,0x114ee4ee7e6c4bf88c112a1cd1590c82e71ab298,0x6810e776880c02933d47db1b9fc05908e5386b96,0x5c110c0f94fd7bf9f92c0f0e1d36d25f28130935,250000000000000000000,Gnosis,GNO,18,2,56621,23269420367,51473,129956,deprecated,0xa9059cbb,"transfer(address _to, uint256 _value)",21428400
3633132,1493659201,0xe75606adb4845eeff16779151d37789d333b10381c5a1429f257f9e9984774da,6,0x68bfabc9cb5625f729ba85f07934dfc69e9f7db333a0b1707a496c3984f08a2f,0x7b4a4ea6b348ab30485db514fbdd17d59539dc99,0x6810e776880c02933d47db1b9fc05908e5386b96,0x0bcba3cdd92c731dbfaeeb2b89c29b0670615703,435528800000000000000,Gnosis,GNO,18,14,51474,21544342494,51473,531633,deprecated,0xa9059cbb,"transfer(address _to, uint256 _value)",21428400
3633132,1493659201,0xa5b2899d962b42f1ee0ad08993213cb98dd834535378b8a8c44a373b680e8746,8,0x68bfabc9cb5625f729ba85f07934dfc69e9f7db333a0b1707a496c3984f08a2f,0x3bc1177284e0360ae48bd61b481cc448e563c43c,0x6810e776880c02933d47db1b9fc05908e5386b96,0x0490b09f387a32de44167a1674056dc1f643e4ea,500000000000000000000,Gnosis,GNO,18,15,150000,21474886701,36473,568106,deprecated,0xa9059cbb,"transfer(address _to, uint256 _value)",21428400
3633132,1493659201,0x8d6a8da516cecc52819965849e4cfaadb8083f8fa109018cd249d43dd41ef8fd,3,0x68bfabc9cb5625f729ba85f07934dfc69e9f7db333a0b1707a496c3984f08a2f,0xe90ba8366a7838f9335fa4052959c94dff783348,0x6810e776880c02933d47db1b9fc05908e5386b96,0xe4f86b0e1a230c92b8c38b3bba5c11c4142d3b37,65329300000000000000,Gnosis,GNO,18,17,75195,21328683625,51537,661643,deprecated,0xa9059cbb,"transfer(address _to, uint256 _value)",21428400
3633132,1493659201,0x0041ed6509c4cd0f674b85249a8a91a0d132eacb0b1b6c3da0f8c1cc2ea07b4f,21,0x68bfabc9cb5625f729ba85f07934dfc69e9f7db333a0b1707a496c3984f08a2f,0x09f3480871b1a3384f948841c29eee9c1392e776,0x6810e776880c02933d47db1b9fc05908e5386b96,0xd66442dd39fae33b3b0d284126ae9e1599d3cf74,11000000000000000000,Gnosis,GNO,18,20,56409,20000000000,51409,755052,deprecated,0xa9059cbb,"transfer(address _to, uint256 _value)",21428400
3633132,1493659201,0x01388c251b6caa4457d81bfe162d610b0ebf04082896e75849d20c9b47c5ddee,36,0x68bfabc9cb5625f729ba85f07934dfc69e9f7db333a0b1707a496c3984f08a2f,0x19076bd01e86fa3d76334e27d4b8e6789688a42d,0x6810e776880c02933d47db1b9fc05908e5386b96,0xa58287eb352768dfb371f8759dae13537f900ce3,4271533333333333329760,Gnosis,GNO,18,21,210000,20000000000,43901,798953,deprecated,0x,,21428400
3633132,1493659201,0x017c30d9359de2942fd468fd78f1e5af6bc456e3bb190d25d5b0e2c45882c535,4,0x68bfabc9cb5625f729ba85f07934dfc69e9f7db333a0b1707a496c3984f08a2f,0x01f5be9fcc63bb4ede40e89db317d507c5adf81b,0x6810e776880c02933d47db1b9fc05908e5386b96,0x2a67178b3c1cbfa0dd4a5a927b248e5707452c06,67004444444444444388,Gnosis,GNO,18,22,56601,20000000000,36601,835554,deprecated,0xa9059cbb,"transfer(address _to, uint256 _value)",21428400
3633132,1493659201,0x04b6b7b3167f000c80dc9b1476971db218bd2f813fa292b54432ce74f6410da8,3,0x68bfabc9cb5625f729ba85f07934dfc69e9f7db333a0b1707a496c3984f08a2f,0x635dc49b059db00bf0d2723645fa68ffc839a525,0x6810e776880c02933d47db1b9fc05908e5386b96,0x6a7ee9dae5ef572bf31ce64e8b797cdb2fbfce7f,3000000000000000000,Gnosis,GNO,18,23,100000,20000000000,51409,886963,deprecated,0xa9059cbb,"transfer(address _to, uint256 _value)",21428400
3633132,1493659201,0x05b3f9aa0a2744940ecc66b7d8e775c8badde84238f8956dd74cf0fd099e1c7d,10,0x68bfabc9cb5625f729ba85f07934dfc69e9f7db333a0b1707a496c3984f08a2f,0x19076bd01e86fa3d76334e27d4b8e6789688a42d,0x6810e776880c02933d47db1b9fc05908e5386b96,0x4861fa3b07d0e0ad28264453d1b1f0af90ba3e5b,55278666666666666620,Gnosis,GNO,18,24,150000,20000000000,43901,930864,deprecated,0x,,21428400
3633132,1493659201,0x0730cf0626a9c5686e5f8db2cf50b02a13ea8411b1b5860e16ff5a92ea76d9c1,5,0x68bfabc9cb5625f729ba85f07934dfc69e9f7db333a0b1707a496c3984f08a2f,0x19076bd01e86fa3d76334e27d4b8e6789688a42d,0x6810e776880c02933d47db1b9fc05908e5386b96,0xe66ef6fe93c04f60178b11744246fd2f497f583a,10636955555555555546,Gnosis,GNO,18,25,652110,20000000000,43901,974765,deprecated,0x,,21428400
3633132,1493659201,0x0d6e766ba614752e20073a5125d006a83cc97e3aa8fd135fe643ee4ffc32caf8,7,0x68bfabc9cb5625f729ba85f07934dfc69e9f7db333a0b1707a496c3984f08a2f,0x19076bd01e86fa3d76334e27d4b8e6789688a42d,0x6810e776880c02933d47db1b9fc05908e5386b96,0x03cbbd745b2deef4b05bfe631eb297452be94ce4,82080444444444444375,Gnosis,GNO,18,28,150000,20000000000,43901,1105488,deprecated,0x,,21428400
3633132,1493659201,0x0df8ed1033ebd8efb1c3705eba87bc494127dfb0fface14cc0f48bc9be9bdd30,2,0x68bfabc9cb5625f729ba85f07934dfc69e9f7db333a0b1707a496c3984f08a2f,0x2413f734f681acc9bed89ddaf7bff1d4cd075fcc,0x6810e776880c02933d47db1b9fc05908e5386b96,0xaa67d6b22ddf5aea9906cbd2886115b320513731,19500000000000000000,Gnosis,GNO,18,29,56473,20000000000,51473,1156961,deprecated,0xa9059cbb,"transfer(address _to, uint256 _value)",21428400
3633132,1493659201,0x1c4b22dbad52aacbaf0be0e68e624ec745c3ab2f214a92994d4019f9d22bb46e,2,0x68bfabc9cb5625f729ba85f07934dfc69e9f7db333a0b1707a496c3984f08a2f,0x875bd01ef7aed08a11b236833736174cc478e186,0x6810e776880c02933d47db1b9fc05908e5386b96,0x0dccd678e7ea2398bdff5fa243c6c52dbc968275,26500000000000000000,Gnosis,GNO,18,32,56473,20000000000,51473,1260415,deprecated,0xa9059cbb,"transfer(address _to, uint256 _value)",21428400
3633132,1493659201,0x1d8a6a8035614556f82ccb7629466bb68fcb5494c0d90f34a48b7ac07120fbcb,17,0x68bfabc9cb5625f729ba85f07934dfc69e9f7db333a0b1707a496c3984f08a2f,0x19076bd01e86fa3d76334e27d4b8e6789688a42d,0x6810e776880c02933d47db1b9fc05908e5386b96,0xc7e7681a8e5625555fe3894e01cc8cc2fbacc7ab,67004444444444444388,Gnosis,GNO,18,33,100000,20000000000,43901,1304316,deprecated,0x,,21428400
3633132,1493659201,0x20d684f12368617a4064b9e9f11d35b08a77d503e75415e1f773b61b039e2b86,12,0x68bfabc9cb5625f729ba85f07934dfc69e9f7db333a0b1707a496c3984f08a2f,0x6b6044128855a568687263b78693629a4c900559,0x6810e776880c02933d47db1b9fc05908e5386b96,0xd1f33d2fa572232561ef974843a36dbe802fec9a,220000000000000000000,Gnosis,GNO,18,35,70000,20000000000,51473,1376789,deprecated,0xa9059cbb,"transfer(address _to, uint256 _value)",21428400
3633132,1493659201,0x2cad484b3b75a2799562490a985a7d9aabc2473d5ee9bfa64bda97bbbe36bcaf,5,0x68bfabc9cb5625f729ba85f07934dfc69e9f7db333a0b1707a496c3984f08a2f,0x3d8fc849e979dbef0283c96bcc2d6c1f3c8475bd,0x6810e776880c02933d47db1b9fc05908e5386b96,0x000e8a2024b9d7cb2dd89fee74966e0993439f98,87105777777777777704,Gnosis,GNO,18,39,100000,20000000000,36537,1476326,deprecated,0xa9059cbb,"transfer(address _to, uint256 _value)",21428400
3633132,1493659201,0x2efd37fdb798ae9c3eb6d25db29a3defbced9a74ae515b8afd723be9b6d80628,7,0x68bfabc9cb5625f729ba85f07934dfc69e9f7db333a0b1707a496c3984f08a2f,0x19076bd01e86fa3d76334e27d4b8e6789688a42d,0x6810e776880c02933d47db1b9fc05908e5386b96,0xe128070ed251bf78971494bef8fcc8178f66a3e9,3768999999999999996,Gnosis,GNO,18,40,70000,20000000000,43901,1520227,deprecated,0x,,21428400
3633132,1493659201,0x33ae2d2198ae3acf6265ef22a2f47d3117972e7570aa8a12beea11fd4c0f5895,5,0x68bfabc9cb5625f729ba85f07934dfc69e9f7db333a0b1707a496c3984f08a2f,0x19076bd01e86fa3d76334e27d4b8e6789688a42d,0x6810e776880c02933d47db1b9fc05908e5386b96,0xd565a795cbb911bd4685abaf6054aa8a1d5b7abc,33502222222222222194,Gnosis,GNO,18,43,65211,20000000000,43901,1622274,deprecated,0x,,21428400
3633132,1493659201,0x3e33c518eb988b2e025698ec01fe5bbe81e71dbff887b3d2fe412a3058488287,5,0x68bfabc9cb5625f729ba85f07934dfc69e9f7db333a0b1707a496c3984f08a2f,0x1bc1b320b58af723dcf3391ff428be3dc2ec39b6,0x6810e776880c02933d47db1b9fc05908e5386b96,0x348a94924e27ba92934289697d3ab46f0c764dce,10000000000000000000,Gnosis,GNO,18,47,65000,20000000000,51409,1746664,deprecated,0xa9059cbb,"transfer(address _to, uint256 _value)",21428400
3633132,1493659201,0x44b534901a02458d9e858519b1adef0a97c5f7c3378d3f4bad75fa512667e287,4,0x68bfabc9cb5625f729ba85f07934dfc69e9f7db333a0b1707a496c3984f08a2f,0xba20cadb3066492d34d2737c7d6371f5bbab3525,0x6810e776880c02933d47db1b9fc05908e5386b96,0x07db33c0b41c6bb13090eccd50c6025fe3c31e88,500000000000000000,Gnosis,GNO,18,49,56409,20000000000,51409,1819073,deprecated,0xa9059cbb,"transfer(address _to, uint256 _value)",21428400
3633132,1493659201,0x465754ee39205380be63459af1e565701c818757a8699867a1229fb2ceb5abbc,2,0x68bfabc9cb5625f729ba85f07934dfc69e9f7db333a0b1707a496c3984f08a2f,0xfd8552d3dafa2495d86c80daa5780e248352abad,0x6810e776880c02933d47db1b9fc05908e5386b96,0x9b140d9f9cf21ed79726779434c6a5971b67733a,202533333333333332912,Gnosis,GNO,18,52,56601,20000000000,36601,2105674,deprecated,0xa9059cbb,"transfer(address _to, uint256 _value)",21428400
3633132,1493659201,0x4b758c607fc8494aed98ca63c23059eb94ab7ff911f986d2086d501ead0ce2b1,1,0x68bfabc9cb5625f729ba85f07934dfc69e9f7db333a0b1707a496c3984f08a2f,0x065471f3d083929fc6cd0c0e7e085f78fb7abeb1,0x6810e776880c02933d47db1b9fc05908e5386b96,0x4bf5f3b14710d2d2a1ac8682c174436302aa8c8f,507000000000000000,Gnosis,GNO,18,55,56473,20000000000,51473,2215357,deprecated,0xa9059cbb,"transfer(address _to, uint256 _value)",21428400
3633132,1493659201,0x532001b6ba879869608b1e1126088b689fa798228afd749892cbab2dcc324751,4,0x68bfabc9cb5625f729ba85f07934dfc69e9f7db333a0b1707a496c3984f08a2f,0x19076bd01e86fa3d76334e27d4b8e6789688a42d,0x6810e776880c02933d47db1b9fc05908e5386b96,0xf6efdb7ba2fb2905f79ac3cf458a44a4a8413b98,117257777777777777679,Gnosis,GNO,18,57,150000,20000000000,43901,2280258,deprecated,0x,,21428400
3633132,1493659201,0x565cc1c9e280ebf81f3fb211fcaf5394449739361c975ababa59684650c877d4,2,0x68bfabc9cb5625f729ba85f07934dfc69e9f7db333a0b1707a496c3984f08a2f,0x19076bd01e86fa3d76334e27d4b8e6789688a42d,0x6810e776880c02933d47db1b9fc05908e5386b96,0xbfd02239d5c6f5bbd38d5ba7eab81c067bf4984a,41877777777777777742,Gnosis,GNO,18,59,60000,20000000000,43901,2353250,deprecated,0x,,21428400
3633132,1493659201,0x5c07a4f82e64f37de0d68bdec2708bc33a9c2cc4a04d49f38f82b1692d6ec746,27,0x68bfabc9cb5625f729ba85f07934dfc69e9f7db333a0b1707a496c3984f08a2f,0x00006314ee6ba5a9421e4aa6a47c6867a882bd92,0x6810e776880c02933d47db1b9fc05908e5386b96,0xb1e2d603d7a9b817cf1939574cc31b44fbcb77bb,150000000000000000000,Gnosis,GNO,18,60,61768,20000000000,51473,2404723,deprecated,0xa9059cbb,"transfer(address _to, uint256 _value)",21428400
3633132,1493659201,0x5f3391b63b8a5ddd78a05509d69ca71f78ed4ffeeb56149a3e5141d5cb80a6e7,1,0x68bfabc9cb5625f729ba85f07934dfc69e9f7db333a0b1707a496c3984f08a2f,0x00a5cfd0825dacede7deca6bc9102238ca08d976,0x6810e776880c02933d47db1b9fc05908e5386b96,0x807bf915db86a949d892928ae86d018a432e2ac8,670044337349000000000,Gnosis,GNO,18,61,200000,20000000000,51537,2456260,deprecated,0xa9059cbb,"transfer(address _to, uint256 _value)",21428400
3633132,1493659201,0x699cb6616d30c5eb0c74892790e5e2edcbb7c711d4d299bcc3662c058f8e60ec,62,0x68bfabc9cb5625f729ba85f07934dfc69e9f7db333a0b1707a496c3984f08a2f,0x9fdd51b3ab2cc2ba62ca4ec5238a6a14cf381c71,0x6810e776880c02933d47db1b9fc05908e5386b96,0x6f0f804d5a7a70eae1f2dbe41f20b233c209800d,16000000000000000000,Gnosis,GNO,18,65,56409,20000000000,51409,2601879,deprecated,0xa9059cbb,"transfer(address _to, uint256 _value)",21428400
3633132,1493659201,0x6a1de3747a1489e9ba84bfd19af0fee25f42b10d6355d0e179672f208fc7aa4f,3,0x68bfabc9cb5625f729ba85f07934dfc69e9f7db333a0b1707a496c3984f08a2f,0x19076bd01e86fa3d76334e27d4b8e6789688a42d,0x6810e776880c02933d47db1b9fc05908e5386b96,0xceb3198eebe58f6173399907f1788bf85136aecf,16747628655617777763,Gnosis,GNO,18,66,95000,20000000000,43901,2645780,deprecated,0x,,21428400
3633132,1493659201,0x6d590c65652ac276add37eca66515e58986991e1d60bbc671368f832a0292aff,2,0x68bfabc9cb5625f729ba85f07934dfc69e9f7db333a0b1707a496c3984f08a2f,0x1a08bac3fa02c1ac7e12f8b961e3b2ed6ce31e00,0x6810e776880c02933d47db1b9fc05908e5386b96,0xa15ad961c57111759f40f4a4868e9343632d9740,5021983111111111106,Gnosis,GNO,18,67,100000,20000000000,36537,2682317,deprecated,0xa9059cbb,"transfer(address _to, uint256 _value)",21428400
3633132,1493659201,0x743c9c00782ebc0a8c99cbcf93140a91ac8c046adc8cfd7c9193d36200ed9299,20,0x68bfabc9cb5625f729ba85f07934dfc69e9f7db333a0b1707a496c3984f08a2f,0xb3e05285df010683364cdf5868de0427a740bf96,0x6810e776880c02933d47db1b9fc05908e5386b96,0xe502558a4040e096c71c58998a498e743ca34291,800000000000000000000,Gnosis,GNO,18,68,61768,20000000000,51473,2733790,deprecated,0xa9059cbb,"transfer(address _to, uint256 _value)",21428400
3633132,1493659201,0x786aff5e1f746359a9028182e83c44206127d7b663ed56c2f03bee8c8575e753,65,0x68bfabc9cb5625f729ba85f07934dfc69e9f7db333a0b1707a496c3984f08a2f,0xa17070c2e9c5a940a4ec0e4954c4d7d643be8f49,0x6810e776880c02933d47db1b9fc05908e5386b96,0xc0fad709ea2f445a1a2b1f508bec8e27743ce3d2,720000000000000000000,Gnosis,GNO,18,69,500000,20000000000,51473,2785263,deprecated,0xa9059cbb,"transfer(address _to, uint256 _value)",21428400
3633132,1493659201,0x78d0db80c8248146f690418eeddf5a14e603ca380ff438bb74548c70421fecac,2,0x68bfabc9cb5625f729ba85f07934dfc69e9f7db333a0b1707a496c3984f08a2f,0x19076bd01e86fa3d76334e27d4b8e6789688a42d,0x6810e776880c02933d47db1b9fc05908e5386b96,0x9ac759328b55f349427556d4ddbe4efafcf807dd,28476888888888888865,Gnosis,GNO,18,70,65211,20000000000,43901,2829164,deprecated,0x,,21428400
3633132,1493659201,0x7bc89f0bcdf903f9213c0966b727df5484fad2b78ec841f0aa3dc325fe65c419,2,0x68bfabc9cb5625f729ba85f07934dfc69e9f7db333a0b1707a496c3984f08a2f,0x41b39fb7e2d54e45aa8ceb3bacbf064c5bf62132,0x6810e776880c02933d47db1b9fc05908e5386b96,0xcca7785db8c481afa71138d247391e9c467f0dc4,41777271111111111076,Gnosis,GNO,18,71,136026,20000000000,36601,2865765,deprecated,0xa9059cbb,"transfer(address _to, uint256 _value)",21428400
3633132,1493659201,0x7e45c7f71b2700ee9cc89c244ba1f3b1de4798ccb9e2b4dd810fe08636ac500a,6,0x68bfabc9cb5625f729ba85f07934dfc69e9f7db333a0b1707a496c3984f08a2f,0x1466e94cc3dcc19760bd880b77f3da194a83a5da,0x6810e776880c02933d47db1b9fc05908e5386b96,0x678f00b38519e1e688e8bf99142b6cbaa4ece95c,80000000000000000000,Gnosis,GNO,18,72,151410,20000000000,51409,2917174,deprecated,0xa9059cbb,"transfer(address _to, uint256 _value)",21428400
3633132,1493659201,0x7f9129b27453982b52ff1d938b9febaf1a1cf088e69a518097e18a8482b76751,146,0x68bfabc9cb5625f729ba85f07934dfc69e9f7db333a0b1707a496c3984f08a2f,0xbbd2e65afd28e73cab552ad55b972a016f98dfa4,0x6810e776880c02933d47db1b9fc05908e5386b96,0x7bc0e5e882e11017b9cf61cea714241786525935,51000000000000000000,Gnosis,GNO,18,74,356473,20000000000,51473,2991613,deprecated,0xa9059cbb,"transfer(address _to, uint256 _value)",21428400
3633132,1493659201,0x84049cc606738dc816fd4675d8a1c46437daeef80bb7e6958502a41b1b6bccba,4,0x68bfabc9cb5625f729ba85f07934dfc69e9f7db333a0b1707a496c3984f08a2f,0x19076bd01e86fa3d76334e27d4b8e6789688a42d,0x6810e776880c02933d47db1b9fc05908e5386b96,0xfaee32c3aa1ad1cbd06c48a52c23cb52b9caa30c,11725777777777777767,Gnosis,GNO,18,77,120000,20000000000,43901,3116514,deprecated,0x,,21428400
3633132,1493659201,0x840e72b7f3c5a279495457bb93ccbfacd7c0a869bbc8f6f5113cff381bb3bc99,3,0x68bfabc9cb5625f729ba85f07934dfc69e9f7db333a0b1707a496c3984f08a2f,0x06608f5ad0101bdf2786a6a47fc694c88a625a73,0x6810e776880c02933d47db1b9fc05908e5386b96,0x025b90a00865e75f25185aa8cf76a535b4c85015,1000000000000000000,Gnosis,GNO,18,78,56409,20000000000,51409,3167923,deprecated,0xa9059cbb,"transfer(address _to, uint256 _value)",21428400
3633132,1493659201,0x87e26657e109feeb6b80764533b0654c47621641d105312e9e98f427ffd5ae36,144,0x68bfabc9cb5625f729ba85f07934dfc69e9f7db333a0b1707a496c3984f08a2f,0x245f27796a44d7e3d30654ed62850ff09ee85656,0x6810e776880c02933d47db1b9fc05908e5386b96,0x76f9b6621562155515f63155bdea4599c66b7813,2000000000000000000,Gnosis,GNO,18,79,61691,20000000000,51409,3219332,deprecated,0xa9059cbb,"transfer(address _to, uint256 _value)",21428400
3633132,1493659201,0x91c5babd91713ebc65f4dd831b2e7bb2b11b0159eaf1231a06de35dfddb8484e,12,0x68bfabc9cb5625f729ba85f07934dfc69e9f7db333a0b1707a496c3984f08a2f,0xddadd25b78ef5e288370c384eb2d0ce0e4cedd12,0x6810e776880c02933d47db1b9fc05908e5386b96,0xd8def14e839b6f6d022d724f4cc669f4acd6b9c2,115582666666666666569,Gnosis,GNO,18,81,150000,20000000000,21601,3261933,deprecated,0xa9059cbb,"transfer(address _to, uint256 _value)",21428400
3633132,1493659201,0x9c0afc29e017ce4d727941e91960ed1e1098c81d7f27c698e64c5be1dcb2c01d,37,0x68bfabc9cb5625f729ba85f07934dfc69e9f7db333a0b1707a496c3984f08a2f,0xc0f82fa8c0bb9d9222f133d3c842b6156b53932d,0x6810e776880c02933d47db1b9fc05908e5386b96,0xef770b17a073ad0343a52a52bcbda06c9d466589,67004000000000000000,Gnosis,GNO,18,84,56473,20000000000,51473,3371552,deprecated,0xa9059cbb,"transfer(address _to, uint256 _value)",21428400
3633132,1493659201,0xb3df5b47a85d2bc42ad6ce6056ebc108303c64c28aa5630ec95ed4862903141f,4,0x68bfabc9cb5625f729ba85f07934dfc69e9f7db333a0b1707a496c3984f08a2f,0xf0e9b760861b7366f9ea03d4c086e17476abba09,0x6810e776880c02933d47db1b9fc05908e5386b96,0xd8def14e839b6f6d022d724f4cc669f4acd6b9c2,13400888888888888877,Gnosis,GNO,18,88,100000,20000000000,21537,3466070,deprecated,0xa9059cbb,"transfer(address _to, uint256 _value)",21428400
3633132,1493659201,0xc4eb5e28c5212a5617d029d2a5bb61267391f357b17bae7ddd2eeebd68414c4d,3,0x68bfabc9cb5625f729ba85f07934dfc69e9f7db333a0b1707a496c3984f08a2f,0x19076bd01e86fa3d76334e27d4b8e6789688a42d,0x6810e776880c02933d47db1b9fc05908e5386b96,0x8c0a415b09311199dcdb9f0946d1f3feb09ad324,25126666666666666645,Gnosis,GNO,18,91,120000,20000000000,43901,3551971,deprecated,0x,,21428400
3633132,1493659201,0xc60f707bac3ffbfbeabbe40dd37c8845ab67834d6219d35e055b6ff648e0b985,2,0x68bfabc9cb5625f729ba85f07934dfc69e9f7db333a0b1707a496c3984f08a2f,0x83ce68322fba3613591c935c59afd8f5ac5e3779,0x6810e776880c02933d47db1b9fc05908e5386b96,0x8d5bdf6d217421a6693bdf4e4df77a5d818a8e76,10000000000000000000,Gnosis,GNO,18,94,100000,20000000000,51409,3645380,deprecated,0xa9059cbb,"transfer(address _to, uint256 _value)",21428400
3633132,1493659201,0xc83309a68da560c09e763deaf1e109889480feb0c104a9031b1556b6a1092a45,5,0x68bfabc9cb5625f729ba85f07934dfc69e9f7db333a0b1707a496c3984f08a2f,0xe26d79eb8f34a5648993e6c758126275b866aae4,0x6810e776880c02933d47db1b9fc05908e5386b96,0xc00ec8c8b3787d064da8cfaf73ce347783781123,6000000000000000000,Gnosis,GNO,18,95,56409,20000000000,51409,3696789,deprecated,0xa9059cbb,"transfer(address _to, uint256 _value)",21428400
3633132,1493659201,0xc991fa8ad3740856bca1d1fd254b9a1592a2ead4346ebab96c4f3182c5a768a3,2,0x68bfabc9cb5625f729ba85f07934dfc69e9f7db333a0b1707a496c3984f08a2f,0x19076bd01e86fa3d76334e27d4b8e6789688a42d,0x6810e776880c02933d47db1b9fc05908e5386b96,0x89823a32814f218c839fd0f9da03f9280b8c5fd0,55613688888888888842,Gnosis,GNO,18,96,120000,20000000000,43901,3740690,deprecated,0x,,21428400
3633132,1493659201,0xc9c8a69948c6c47fc0f55b58e5a61308c66c03e8cabf85aed4732a9585302a49,22,0x68bfabc9cb5625f729ba85f07934dfc69e9f7db333a0b1707a496c3984f08a2f,0x4168814716e4ed77f1650e4afc729b2b013149c4,0x6810e776880c02933d47db1b9fc05908e5386b96,0x11c3b8e08e62dd67637b7ca16bc2d5aef95b7004,50000000000000000000,Gnosis,GNO,18,97,59000,20000000000,51473,3792163,deprecated,0xa9059cbb,"transfer(address _to, uint256 _value)",21428400
3633132,1493659201,0xcb22cc83052f8bb35f130dc44b6578885d95405436c6433908d2bf004d75ee04,1,0x68bfabc9cb5625f729ba85f07934dfc69e9f7db333a0b1707a496c3984f08a2f,0x19076bd01e86fa3d76334e27d4b8e6789688a42d,0x6810e776880c02933d47db1b9fc05908e5386b96,0x8a07a0402b522203cc8c8192cc11e546dad476e1,17588666666666666651,Gnosis,GNO,18,98,65211,20000000000,43901,3836064,deprecated,0x,,21428400
3633132,1493659201,0xce27a2b7d45accf89141febb3d4effe2c8397848a3b2de056a01246e8aa222a7,15,0x68bfabc9cb5625f729ba85f07934dfc69e9f7db333a0b1707a496c3984f08a2f,0x19076bd01e86fa3d76334e27d4b8e6789688a42d,0x6810e776880c02933d47db1b9fc05908e5386b96,0x03a5e1bf92e0c68aed9a6b5c733773c718ef5bda,12041322248240179478,Gnosis,GNO,18,100,100000,20000000000,43901,3900965,deprecated,0x,,21428400
3633132,1493659201,0xd17269d34fd31fe1dd8c7e1ec8d27d37c9af550c0b633564bed7798b0318b011,15,0x68bfabc9cb5625f729ba85f07934dfc69e9f7db333a0b1707a496c3984f08a2f,0x4aca686fd28c3253486dcc70982bfdcdf0cc522e,0x6810e776880c02933d47db1b9fc05908e5386b96,0x7971931c229e1798e1f18c6ca65b9a19b625733f,202533333333333332912,Gnosis,GNO,18,101,106601,20000000000,36601,3937566,deprecated,0xa9059cbb,"transfer(address _to, uint256 _value)",21428400
3633132,1493659201,0xd4dc48fa22db2b3110df9168f2a5901ddfca51046ba271be9542cdb9501198c7,132,0x68bfabc9cb5625f729ba85f07934dfc69e9f7db333a0b1707a496c3984f08a2f,0xe3f423b1a081d5915454384c77d28c2187578ea8,0x6810e776880c02933d47db1b9fc05908e5386b96,0xe25ab101ce6456bd6a2dd74110b2b1f1fc712f25,8500000000000000000,Gnosis,GNO,18,104,250000,20000000000,51409,4062100,deprecated,0xa9059cbb,"transfer(address _to, uint256 _value)",21428400
3633132,1493659201,0xd5181258266b74d990abd84d84a6e8a3ff593f9d1222cee43c9e594b935932e4,2,0x68bfabc9cb5625f729ba85f07934dfc69e9f7db333a0b1707a496c3984f08a2f,0x19076bd01e86fa3d76334e27d4b8e6789688a42d,0x6810e776880c02933d47db1b9fc05908e5386b96,0x8d0cde4f252c6c3959c41cf0ac04a51abf86564a,6898107555555555549,Gnosis,GNO,18,105,65211,20000000000,43901,4106001,deprecated,0x,,21428400
3633132,1493659201,0xd6e2bad379013c1f5f0e7ed2ac8c70c06e82a1b96a9cd8636f817d98cd4e3fc8,13,0x68bfabc9cb5625f729ba85f07934dfc69e9f7db333a0b1707a496c3984f08a2f,0x339b48a764e04f1174990ecaeb0369daa1ed0ae3,0x6810e776880c02933d47db1b9fc05908e5386b96,0xc21e09d798a5f130e1e44dfd0b1dac546bc9a371,40202666666666666633,Gnosis,GNO,18,106,100000,20000000000,36601,4142602,deprecated,0xa9059cbb,"transfer(address _to, uint256 _value)",21428400
3633132,1493659201,0xe35dc7d36f30198d832ff4d598a21e5ea038e6a050777199d4d21dab94097560,2,0x68bfabc9cb5625f729ba85f07934dfc69e9f7db333a0b1707a496c3984f08a2f,0x966c5d38a903e118622797f7a2453957bbb49c98,0x6810e776880c02933d47db1b9fc05908e5386b96,0x604d4baf08ebb1681e3d661cf31be055fc0e2fbc,200000000000000000000,Gnosis,GNO,18,107,90000,20000000000,51473,4194075,deprecated,0xa9059cbb,"transfer(address _to, uint256 _value)",21428400
3633132,1493659201,0xe4bf9bb9cb251c22a0b71a897ad477aa3e5650eb26242dcedccc421a85da5a77,38,0x68bfabc9cb5625f729ba85f07934dfc69e9f7db333a0b1707a496c3984f08a2f,0xaf6b01586af8b1527f9c6e84e0070b099ad56f09,0x6810e776880c02933d47db1b9fc05908e5386b96,0xf48d28d3b74bd5813bb58c6fb13ed0271c2c69c5,46900000000000000000,Gnosis,GNO,18,108,56473,20000000000,51473,4245548,deprecated,0xa9059cbb,"transfer(address _to, uint256 _value)",21428400
3633133,1493659209,0x8830511b9f60275d97ffbc59e9834463840c52ae8c83710513c2e2becb206ad5,73,0x3c0e7d78190c9cd64eccd0af247ffb84fef3090077c820f426557c9fc4b92a46,0x1d0dcc8d8bcafa8e8502beaeef6cbd49d3affcdc,0x6810e776880c02933d47db1b9fc05908e5386b96,0xa1f9e29a5999eef1cafb06ce9fe9286de25c1a56,11716229644444444434,Gnosis,GNO,18,1,3000000,60000000000,1955594,2955594,deprecated,0x84a1f5a5,claimTokensFor(address[] _beneficiaries),21428399
3633133,1493659209,0x8830511b9f60275d97ffbc59e9834463840c52ae8c83710513c2e2becb206ad5,73,0x3c0e7d78190c9cd64eccd0af247ffb84fef3090077c820f426557c9fc4b92a46,0x1d0dcc8d8bcafa8e8502beaeef6cbd49d3affcdc,0x6810e776880c02933d47db1b9fc05908e5386b96,0xdebb3a4c1b757c20975f49b25d32663c33e50399,11558266666666666656,Gnosis,GNO,18,1,3000000,60000000000,1955594,2955594,deprecated,0x84a1f5a5,claimTokensFor(address[] _beneficiaries),21428399
3633133,1493659209,0x8830511b9f60275d97ffbc59e9834463840c52ae8c83710513c2e2becb206ad5,73,0x3c0e7d78190c9cd64eccd0af247ffb84fef3090077c820f426557c9fc4b92a46,0x1d0dcc8d8bcafa8e8502beaeef6cbd49d3affcdc,0x6810e776880c02933d47db1b9fc05908e5386b96,0x3cd65ea2bd3a6e7a05885a89d0da2bbf795be388,11395566843191111101,Gnosis,GNO,18,1,3000000,60000000000,1955594,2955594,deprecated,0x84a1f5a5,claimTokensFor(address[] _beneficiaries),21428399
3633133,1493659209,0x8830511b9f60275d97ffbc59e9834463840c52ae8c83710513c2e2becb206ad5,73,0x3c0e7d78190c9cd64eccd0af247ffb84fef3090077c820f426557c9fc4b92a46,0x1d0dcc8d8bcafa8e8502beaeef6cbd49d3affcdc,0x6810e776880c02933d47db1b9fc05908e5386b96,0xc08b2a33d1efb1d1aacb9216f3695b7a00713518,10636955555555555546,Gnosis,GNO,18,1,3000000,60000000000,1955594,2955594,deprecated,0x84a1f5a5,claimTokensFor(address[] _beneficiaries),21428399
3633133,1493659209,0x8830511b9f60275d97ffbc59e9834463840c52ae8c83710513c2e2becb206ad5,73,0x3c0e7d78190c9cd64eccd0af247ffb84fef3090077c820f426557c9fc4b92a46,0x1d0dcc8d8bcafa8e8502beaeef6cbd49d3affcdc,0x6810e776880c02933d47db1b9fc05908e5386b96,0xa898f9acfab4476153263029f0b826ea669f3c2c,10635549951395999991,Gnosis,GNO,18,1,3000000,60000000000,1955594,2955594,deprecated,0x84a1f5a5,claimTokensFor(address[] _beneficiaries),21428399
3633133,1493659209,0x8830511b9f60275d97ffbc59e9834463840c52ae8c83710513c2e2becb206ad5,73,0x3c0e7d78190c9cd64eccd0af247ffb84fef3090077c820f426557c9fc4b92a46,0x1d0dcc8d8bcafa8e8502beaeef6cbd49d3affcdc,0x6810e776880c02933d47db1b9fc05908e5386b96,0x865e6b25048f7efaec4e2fc5f4cece8a8b5c499a,10343811111111111102,Gnosis,GNO,18,1,3000000,60000000000,1955594,2955594,deprecated,0x84a1f5a5,claimTokensFor(address[] _beneficiaries),21428399
3633133,1493659209,0x8830511b9f60275d97ffbc59e9834463840c52ae8c83710513c2e2becb206ad5,73,0x3c0e7d78190c9cd64eccd0af247ffb84fef3090077c820f426557c9fc4b92a46,0x1d0dcc8d8bcafa8e8502beaeef6cbd49d3affcdc,0x6810e776880c02933d47db1b9fc05908e5386b96,0xbbb10e9053e029bc5d4b9e16a469a36ae14aebd0,10050666666666666658,Gnosis,GNO,18,1,3000000,60000000000,1955594,2955594,deprecated,0x84a1f5a5,claimTokensFor(address[] _beneficiaries),21428399
3633133,1493659209,0x8830511b9f60275d97ffbc59e9834463840c52ae8c83710513c2e2becb206ad5,73,0x3c0e7d78190c9cd64eccd0af247ffb84fef3090077c820f426557c9fc4b92a46,0x1d0dcc8d8bcafa8e8502beaeef6cbd49d3affcdc,0x6810e776880c02933d47db1b9fc05908e5386b96,0x396084a3a29a8286ec10cdfb0c8c7154fbbca4d9,10050666666666666658,Gnosis,GNO,18,1,3000000,60000000000,1955594,2955594,deprecated,0x84a1f5a5,claimTokensFor(address[] _beneficiaries),21428399
3633133,1493659209,0x8830511b9f60275d97ffbc59e9834463840c52ae8c83710513c2e2becb206ad5,73,0x3c0e7d78190c9cd64eccd0af247ffb84fef3090077c820f426557c9fc4b92a46,0x1d0dcc8d8bcafa8e8502beaeef6cbd49d3affcdc,0x6810e776880c02933d47db1b9fc05908e5386b96,0x6794fc5f237531d73fd32653d4f6787ac06c2c69,11725777777777777767,Gnosis,GNO,18,1,3000000,60000000000,1955594,2955594,deprecated,0x84a1f5a5,claimTokensFor(address[] _beneficiaries),21428399
3633133,1493659209,0x8830511b9f60275d97ffbc59e9834463840c52ae8c83710513c2e2becb206ad5,73,0x3c0e7d78190c9cd64eccd0af247ffb84fef3090077c820f426557c9fc4b92a46,0x1d0dcc8d8bcafa8e8502beaeef6cbd49d3affcdc,0x6810e776880c02933d47db1b9fc05908e5386b96,0xff3bf47f687d90e764c695654054ad40932dd9de,10050666666666666658,Gnosis,GNO,18,1,3000000,60000000000,1955594,2955594,deprecated,0x84a1f5a5,claimTokensFor(address[] _beneficiaries),21428399
3633133,1493659209,0x8830511b9f60275d97ffbc59e9834463840c52ae8c83710513c2e2becb206ad5,73,0x3c0e7d78190c9cd64eccd0af247ffb84fef3090077c820f426557c9fc4b92a46,0x1d0dcc8d8bcafa8e8502beaeef6cbd49d3affcdc,0x6810e776880c02933d47db1b9fc05908e5386b96,0x004c6b40c029f74081326caee4607cf384a9d735,0,Gnosis,GNO,18,1,3000000,60000000000,1955594,2955594,deprecated,0x84a1f5a5,claimTokensFor(address[] _beneficiaries),21428399
3633133,1493659209,0x8830511b9f60275d97ffbc59e9834463840c52ae8c83710513c2e2becb206ad5,73,0x3c0e7d78190c9cd64eccd0af247ffb84fef3090077c820f426557c9fc4b92a46,0x1d0dcc8d8bcafa8e8502beaeef6cbd49d3affcdc,0x6810e776880c02933d47db1b9fc05908e5386b96,0x739084bdcd3a2a0aa10bd573f2c0ba2cb2e7494e,10044747224790183391,Gnosis,GNO,18,1,3000000,60000000000,1955594,2955594,deprecated,0x84a1f5a5,claimTokensFor(address[] _beneficiaries),21428399
3633133,1493659209,0x8830511b9f60275d97ffbc59e9834463840c52ae8c83710513c2e2becb206ad5,73,0x3c0e7d78190c9cd64eccd0af247ffb84fef3090077c820f426557c9fc4b92a46,0x1d0dcc8d8bcafa8e8502beaeef6cbd49d3affcdc,0x6810e776880c02933d47db1b9fc05908e5386b96,0x3770fabe9c19823233ae284ab154547603e0ed73,9883155555555555547,Gnosis,GNO,18,1,3000000,60000000000,1955594,2955594,deprecated,0x84a1f5a5,claimTokensFor(address[] _beneficiaries),21428399
3633133,1493659209,0x8830511b9f60275d97ffbc59e9834463840c52ae8c83710513c2e2becb206ad5,73,0x3c0e7d78190c9cd64eccd0af247ffb84fef3090077c820f426557c9fc4b92a46,0x1d0dcc8d8bcafa8e8502beaeef6cbd49d3affcdc,0x6810e776880c02933d47db1b9fc05908e5386b96,0x3637f645f8bdb74e1cd1b28b5afc64c4a29c1f1b,9213111111111111103,Gnosis,GNO,18,1,3000000,60000000000,1955594,2955594,deprecated,0x84a1f5a5,claimTokensFor(address[] _beneficiaries),21428399
3633133,1493659209,0x8830511b9f60275d97ffbc59e9834463840c52ae8c83710513c2e2becb206ad5,73,0x3c0e7d78190c9cd64eccd0af247ffb84fef3090077c820f426557c9fc4b92a46,0x1d0dcc8d8bcafa8e8502beaeef6cbd49d3affcdc,0x6810e776880c02933d47db1b9fc05908e5386b96,0x3a937ed6ecdba890c0bb18a2a935fdeaa0551264,9207482583267874036,Gnosis,GNO,18,1,3000000,60000000000,1955594,2955594,deprecated,0x84a1f5a5,claimTokensFor(address[] _beneficiaries),21428399
3633133,1493659209,0x8830511b9f60275d97ffbc59e9834463840c52ae8c83710513c2e2becb206ad5,73,0x3c0e7d78190c9cd64eccd0af247ffb84fef3090077c820f426557c9fc4b92a46,0x1d0dcc8d8bcafa8e8502beaeef6cbd49d3affcdc,0x6810e776880c02933d47db1b9fc05908e5386b96,0xde61db4f37fe279e7be443bf84a94e63cb690441,8543066666666666659,Gnosis,GNO,18,1,3000000,60000000000,1955594,2955594,deprecated,0x84a1f5a5,claimTokensFor(address[] _beneficiaries),21428399
3633133,1493659209,0x8830511b9f60275d97ffbc59e9834463840c52ae8c83710513c2e2becb206ad5,73,0x3c0e7d78190c9cd64eccd0af247ffb84fef3090077c820f426557c9fc4b92a46,0x1d0dcc8d8bcafa8e8502beaeef6cbd49d3affcdc,0x6810e776880c02933d47db1b9fc05908e5386b96,0x6810e776880c02933d47db1b9fc05908e5386b96,0,Gnosis,GNO,18,1,3000000,60000000000,1955594,2955594,deprecated,0x84a1f5a5,claimTokensFor(address[] _beneficiaries),21428399
3633133,1493659209,0x8830511b9f60275d97ffbc59e9834463840c52ae8c83710513c2e2becb206ad5,73,0x3c0e7d78190c9cd64eccd0af247ffb84fef3090077c820f426557c9fc4b92a46,0x1d0dcc8d8bcafa8e8502beaeef6cbd49d3affcdc,0x6810e776880c02933d47db1b9fc05908e5386b96,0xe49c85e5f5189653e4c9e4331067d99ae8f06ca0,8375555555555555548,Gnosis,GNO,18,1,3000000,60000000000,1955594,2955594,deprecated,0x84a1f5a5,claimTokensFor(address[] _beneficiaries),21428399
3633133,1493659209,0x8830511b9f60275d97ffbc59e9834463840c52ae8c83710513c2e2becb206ad5,73,0x3c0e7d78190c9cd64eccd0af247ffb84fef3090077c820f426557c9fc4b92a46,0x1d0dcc8d8bcafa8e8502beaeef6cbd49d3affcdc,0x6810e776880c02933d47db1b9fc05908e5386b96,0x8ebae6cb0131d6cfeae8d090d642a75285641ded,8375555555555555548,Gnosis,GNO,18,1,3000000,60000000000,1955594,2955594,deprecated,0x84a1f5a5,claimTokensFor(address[] _beneficiaries),21428399
3633133,1493659209,0x8830511b9f60275d97ffbc59e9834463840c52ae8c83710513c2e2becb206ad5,73,0x3c0e7d78190c9cd64eccd0af247ffb84fef3090077c820f426557c9fc4b92a46,0x1d0dcc8d8bcafa8e8502beaeef6cbd49d3affcdc,0x6810e776880c02933d47db1b9fc05908e5386b96,0xc21c3ed8d218fe804459311bfa4674b618c39260,13400888888888888877,Gnosis,GNO,18,1,3000000,60000000000,1955594,2955594,deprecated,0x84a1f5a5,claimTokensFor(address[] _beneficiaries),21428399
3633133,1493659209,0x8830511b9f60275d97ffbc59e9834463840c52ae8c83710513c2e2becb206ad5,73,0x3c0e7d78190c9cd64eccd0af247ffb84fef3090077c820f426557c9fc4b92a46,0x1d0dcc8d8bcafa8e8502beaeef6cbd49d3affcdc,0x6810e776880c02933d47db1b9fc05908e5386b96,0x3b015942a9f81a04111b8828e1335e3a78ede5a7,0,Gnosis,GNO,18,1,3000000,60000000000,1955594,2955594,deprecated,0x84a1f5a5,claimTokensFor(address[] _beneficiaries),21428399
3633133,1493659209,0x8830511b9f60275d97ffbc59e9834463840c52ae8c83710513c2e2becb206ad5,73,0x3c0e7d78190c9cd64eccd0af247ffb84fef3090077c820f426557c9fc4b92a46,0x1d0dcc8d8bcafa8e8502beaeef6cbd49d3affcdc,0x6810e776880c02933d47db1b9fc05908e5386b96,0xb8714b77f9452720c0e16663dd56b8e850c7674f,8375555555555555548,Gnosis,GNO,18,1,3000000,60000000000,1955594,2955594,deprecated,0x84a1f5a5,claimTokensFor(address[] _beneficiaries),21428399
3633133,1493659209,0x8830511b9f60275d97ffbc59e9834463840c52ae8c83710513c2e2becb206ad5,73,0x3c0e7d78190c9cd64eccd0af247ffb84fef3090077c820f426557c9fc4b92a46,0x1d0dcc8d8bcafa8e8502beaeef6cbd49d3affcdc,0x6810e776880c02933d47db1b9fc05908e5386b96,0x6810e776880c02933d47db1b9fc05908e5386b96,0,Gnosis,GNO,18,1,3000000,60000000000,1955594,2955594,deprecated,0x84a1f5a5,claimTokensFor(address[] _beneficiaries),21428399
3633133,1493659209,0x8830511b9f60275d97ffbc59e9834463840c52ae8c83710513c2e2becb206ad5,73,0x3c0e7d78190c9cd64eccd0af247ffb84fef3090077c820f426557c9fc4b92a46,0x1d0dcc8d8bcafa8e8502beaeef6cbd49d3affcdc,0x6810e776880c02933d47db1b9fc05908e5386b96,0x05e7a8c085a64d92ae0862393f46d41ce885e2d5,8375555555555555548,Gnosis,GNO,18,1,3000000,60000000000,1955594,2955594,deprecated,0x84a1f5a5,claimTokensFor(address[] _beneficiaries),21428399
3633133,1493659209,0x8830511b9f60275d97ffbc59e9834463840c52ae8c83710513c2e2becb206ad5,73,0x3c0e7d78190c9cd64eccd0af247ffb84fef3090077c820f426557c9fc4b92a46,0x1d0dcc8d8bcafa8e8502beaeef6cbd49d3affcdc,0x6810e776880c02933d47db1b9fc05908e5386b96,0xf2971121acbd3c3d0d2af857a504337a22f41b84,0,Gnosis,GNO,18,1,3000000,60000000000,1955594,2955594,deprecated,0x84a1f5a5,claimTokensFor(address[] _beneficiaries),21428399
3633133,1493659209,0x8830511b9f60275d97ffbc59e9834463840c52ae8c83710513c2e2becb206ad5,73,0x3c0e7d78190c9cd64eccd0af247ffb84fef3090077c820f426557c9fc4b92a46,0x1d0dcc8d8bcafa8e8502beaeef6cbd49d3affcdc,0x6810e776880c02933d47db1b9fc05908e5386b96,0x6238ab3b3a323270b88b28a7619ef666396578d3,8375555555555555548,Gnosis,GNO,18,1,3000000,60000000000,1955594,2955594,deprecated,0x84a1f5a5,claimTokensFor(address[] _beneficiaries),21428399
3633133,1493659209,0x8830511b9f60275d97ffbc59e9834463840c52ae8c83710513c2e2becb206ad5,73,0x3c0e7d78190c9cd64eccd0af247ffb84fef3090077c820f426557c9fc4b92a46,0x1d0dcc8d8bcafa8e8502beaeef6cbd49d3affcdc,0x6810e776880c02933d47db1b9fc05908e5386b96,0x000110fad59080856750eb1762eae0021e032f72,0,Gnosis,GNO,18,1,3000000,60000000000,1955594,2955594,deprecated,0x84a1f5a5,claimTokensFor(address[] _beneficiaries),21428399
3633133,1493659209,0x8830511b9f60275d97ffbc59e9834463840c52ae8c83710513c2e2becb206ad5,73,0x3c0e7d78190c9cd64eccd0af247ffb84fef3090077c820f426557c9fc4b92a46,0x1d0dcc8d8bcafa8e8502beaeef6cbd49d3affcdc,0x6810e776880c02933d47db1b9fc05908e5386b96,0x1618fd1bfe7ff77f9efedfd2cf271bbee11d3faa,8375555555555555548,Gnosis,GNO,18,1,3000000,60000000000,1955594,2955594,deprecated,0x84a1f5a5,claimTokensFor(address[] _beneficiaries),21428399
3633133,1493659209,0x8830511b9f60275d97ffbc59e9834463840c52ae8c83710513c2e2becb206ad5,73,0x3c0e7d78190c9cd64eccd0af247ffb84fef3090077c820f426557c9fc4b92a46,0x1d0dcc8d8bcafa8e8502beaeef6cbd49d3affcdc,0x6810e776880c02933d47db1b9fc05908e5386b96,0x46b396728e61741d3abd6aa5bfc42610997c32c3,16751111111111111097,Gnosis,GNO,18,1,3000000,60000000000,1955594,2955594,deprecated,0x84a1f5a5,claimTokensFor(address[] _beneficiaries),21428399
3633133,1493659209,0x8830511b9f60275d97ffbc59e9834463840c52ae8c83710513c2e2becb206ad5,73,0x3c0e7d78190c9cd64eccd0af247ffb84fef3090077c820f426557c9fc4b92a46,0x1d0dcc8d8bcafa8e8502beaeef6cbd49d3affcdc,0x6810e776880c02933d47db1b9fc05908e5386b96,0x7d3efb7c2e6e2725dc6ab1845673db1eb98eba0e,0,Gnosis,GNO,18,1,3000000,60000000000,1955594,2955594,deprecated,0x84a1f5a5,claimTokensFor(address[] _beneficiaries),21428399
3633133,1493659209,0x8830511b9f60275d97ffbc59e9834463840c52ae8c83710513c2e2becb206ad5,73,0x3c0e7d78190c9cd64eccd0af247ffb84fef3090077c820f426557c9fc4b92a46,0x1d0dcc8d8bcafa8e8502beaeef6cbd49d3affcdc,0x6810e776880c02933d47db1b9fc05908e5386b96,0x818c69a3f3bd436087ec101f0ff8aa2d3cd35e62,0,Gnosis,GNO,18,1,3000000,60000000000,1955594,2955594,deprecated,0x84a1f5a5,claimTokensFor(address[] _beneficiaries),21428399
3633133,1493659209,0x8830511b9f60275d97ffbc59e9834463840c52ae8c83710513c2e2becb206ad5,73,0x3c0e7d78190c9cd64eccd0af247ffb84fef3090077c820f426557c9fc4b92a46,0x1d0dcc8d8bcafa8e8502beaeef6cbd49d3affcdc,0x6810e776880c02933d47db1b9fc05908e5386b96,0xaf6b01586af8b1527f9c6e84e0070b099ad56f09,0,Gnosis,GNO,18,1,3000000,60000000000,1955594,2955594,deprecated,0x84a1f5a5,claimTokensFor(address[] _beneficiaries),21428399
3633133,1493659209,0x8830511b9f60275d97ffbc59e9834463840c52ae8c83710513c2e2becb206ad5,73,0x3c0e7d78190c9cd64eccd0af247ffb84fef3090077c820f426557c9fc4b92a46,0x1d0dcc8d8bcafa8e8502beaeef6cbd49d3affcdc,0x6810e776880c02933d47db1b9fc05908e5386b96,0x46b396728e61741d3abd6aa5bfc42610997c32c3,0,Gnosis,GNO,18,1,3000000,60000000000,1955594,2955594,deprecated,0x84a1f5a5,claimTokensFor(address[] _beneficiaries),21428399
3633133,1493659209,0x8830511b9f60275d97ffbc59e9834463840c52ae8c83710513c2e2becb206ad5,73,0x3c0e7d78190c9cd64eccd0af247ffb84fef3090077c820f426557c9fc4b92a46,0x1d0dcc8d8bcafa8e8502beaeef6cbd49d3affcdc,0x6810e776880c02933d47db1b9fc05908e5386b96,0xf2cb9f99e5332449631370920844a97f2ac8ad80,0,Gnosis,GNO,18,1,3000000,60000000000,1955594,2955594,deprecated,0x84a1f5a5,claimTokensFor(address[] _beneficiaries),21428399
3633133,1493659209,0x8830511b9f60275d97ffbc59e9834463840c52ae8c83710513c2e2becb206ad5,73,0x3c0e7d78190c9cd64eccd0af247ffb84fef3090077c820f426557c9fc4b92a46,0x1d0dcc8d8bcafa8e8502beaeef6cbd49d3affcdc,0x6810e776880c02933d47db1b9fc05908e5386b96,0x5d8cfdca4778624db4c05581b44f1ce857ddd873,8375555555555555548,Gnosis,GNO,18,1,3000000,60000000000,1955594,2955594,deprecated,0x84a1f5a5,claimTokensFor(address[] _beneficiaries),21428399
3633133,1493659209,0x8830511b9f60275d97ffbc59e9834463840c52ae8c83710513c2e2becb206ad5,73,0x3c0e7d78190c9cd64eccd0af247ffb84fef3090077c820f426557c9fc4b92a46,0x1d0dcc8d8bcafa8e8502beaeef6cbd49d3affcdc,0x6810e776880c02933d47db1b9fc05908e5386b96,0xb87d9edb23e88bc7c1e6f2cd3aa65fae6397670f,10050666666666666658,Gnosis,GNO,18,1,3000000,60000000000,1955594,2955594,deprecated,0x84a1f5a5,claimTokensFor(address[] _beneficiaries),21428399
3633133,1493659209,0x8830511b9f60275d97ffbc59e9834463840c52ae8c83710513c2e2becb206ad5,73,0x3c0e7d78190c9cd64eccd0af247ffb84fef3090077c820f426557c9fc4b92a46,0x1d0dcc8d8bcafa8e8502beaeef6cbd49d3affcdc,0x6810e776880c02933d47db1b9fc05908e5386b96,0x0e3a6880ce160f1edc3bb91e60598de92994d876,8375555555555555548,Gnosis,GNO,18,1,3000000,60000000000,1955594,2955594,deprecated,0x84a1f5a5,claimTokensFor(address[] _beneficiaries),21428399
3633133,1493659209,0x8830511b9f60275d97ffbc59e9834463840c52ae8c83710513c2e2becb206ad5,73,0x3c0e7d78190c9cd64eccd0af247ffb84fef3090077c820f426557c9fc4b92a46,0x1d0dcc8d8bcafa8e8502beaeef6cbd49d3affcdc,0x6810e776880c02933d47db1b9fc05908e5386b96,0x00730fe3aa6b1a1322933e6263f55fababc17eb9,8375555555555555548,Gnosis,GNO,18,1,3000000,60000000000,1955594,2955594,deprecated,0x84a1f5a5,claimTokensFor(address[] _beneficiaries),21428399
3633133,1493659209,0x8830511b9f60275d97ffbc59e9834463840c52ae8c83710513c2e2becb206ad5,73,0x3c0e7d78190c9cd64eccd0af247ffb84fef3090077c820f426557c9fc4b92a46,0x1d0dcc8d8bcafa8e8502beaeef6cbd49d3affcdc,0x6810e776880c02933d47db1b9fc05908e5386b96,0x88c0a4496f78b987c189ab7da6bc1a3e660e5f71,8375555555555555548,Gnosis,GNO,18,1,3000000,60000000000,1955594,2955594,deprecated,0x84a1f5a5,claimTokensFor(address[] _beneficiaries),21428399
3633133,1493659209,0x8830511b9f60275d97ffbc59e9834463840c52ae8c83710513c2e2becb206ad5,73,0x3c0e7d78190c9cd64eccd0af247ffb84fef3090077c820f426557c9fc4b92a46,0x1d0dcc8d8bcafa8e8502beaeef6cbd49d3affcdc,0x6810e776880c02933d47db1b9fc05908e5386b96,0x1d0dcc8d8bcafa8e8502beaeef6cbd49d3affcdc,0,Gnosis,GNO,18,1,3000000,60000000000,1955594,2955594,deprecated,0x84a1f5a5,claimTokensFor(address[] _beneficiaries),21428399
3633133,1493659209,0x8830511b9f60275d97ffbc59e9834463840c52ae8c83710513c2e2becb206ad5,73,0x3c0e7d78190c9cd64eccd0af247ffb84fef3090077c820f426557c9fc4b92a46,0x1d0dcc8d8bcafa8e8502beaeef6cbd49d3affcdc,0x6810e776880c02933d47db1b9fc05908e5386b96,0xbafc582e9ca06fc61f9417d589af9d0dd4d51f49,16751111111111111097,Gnosis,GNO,18,1,3000000,60000000000,1955594,2955594,deprecated,0x84a1f5a5,claimTokensFor(address[] _beneficiaries),21428399
3633133,1493659209,0x8830511b9f60275d97ffbc59e9834463840c52ae8c83710513c2e2becb206ad5,73,0x3c0e7d78190c9cd64eccd0af247ffb84fef3090077c820f426557c9fc4b92a46,0x1d0dcc8d8bcafa8e8502beaeef6cbd49d3affcdc,0x6810e776880c02933d47db1b9fc05908e5386b96,0xbafc582e9ca06fc61f9417d589af9d0dd4d51f49,0,Gnosis,GNO,18,1,3000000,60000000000,1955594,2955594,deprecated,0x84a1f5a5,claimTokensFor(address[] _beneficiaries),21428399
3633133,1493659209,0x8830511b9f60275d97ffbc59e9834463840c52ae8c83710513c2e2becb206ad5,73,0x3c0e7d78190c9cd64eccd0af247ffb84fef3090077c820f426557c9fc4b92a46,0x1d0dcc8d8bcafa8e8502beaeef6cbd49d3affcdc,0x6810e776880c02933d47db1b9fc05908e5386b96,0x848d4791016ba03801a7938647e919c8b5d6dcbd,8375555555555555548,Gnosis,GNO,18,1,3000000,60000000000,1955594,2955594,deprecated,0x84a1f5a5,claimTokensFor(address[] _beneficiaries),21428399
3633133,1493659209,0x8830511b9f60275d97ffbc59e9834463840c52ae8c83710513c2e2becb206ad5,73,0x3c0e7d78190c9cd64eccd0af247ffb84fef3090077c820f426557c9fc4b92a46,0x1d0dcc8d8bcafa8e8502beaeef6cbd49d3affcdc,0x6810e776880c02933d47db1b9fc05908e5386b96,0x0038f3843c67080c93489a5a77f0598f100bc210,8375555555555555548,Gnosis,GNO,18,1,3000000,60000000000,1955594,2955594,deprecated,0x84a1f5a5,claimTokensFor(address[] _beneficiaries),21428399
3633133,1493659209,0x8830511b9f60275d97ffbc59e9834463840c52ae8c83710513c2e2becb206ad5,73,0x3c0e7d78190c9cd64eccd0af247ffb84fef3090077c820f426557c9fc4b92a46,0x1d0dcc8d8bcafa8e8502beaeef6cbd49d3affcdc,0x6810e776880c02933d47db1b9fc05908e5386b96,0x818c69a3f3bd436087ec101f0ff8aa2d3cd35e62,0,Gnosis,GNO,18,1,3000000,60000000000,1955594,2955594,deprecated,0x84a1f5a5,claimTokensFor(address[] _beneficiaries),21428399
3633133,1493659209,0x8830511b9f60275d97ffbc59e9834463840c52ae8c83710513c2e2becb206ad5,73,0x3c0e7d78190c9cd64eccd0af247ffb84fef3090077c820f426557c9fc4b92a46,0x1d0dcc8d8bcafa8e8502beaeef6cbd49d3affcdc,0x6810e776880c02933d47db1b9fc05908e5386b96,0x000ebb8b36ed2fa0533d54c7134cb423743fd0dd,8375555555555555548,Gnosis,GNO,18,1,3000000,60000000000,1955594,2955594,deprecated,0x84a1f5a5,claimTokensFor(address[] _beneficiaries),21428399
3633133,1493659209,0x8830511b9f60275d97ffbc59e9834463840c52ae8c83710513c2e2becb206ad5,73,0x3c0e7d78190c9cd64eccd0af247ffb84fef3090077c820f426557c9fc4b92a46,0x1d0dcc8d8bcafa8e8502beaeef6cbd49d3affcdc,0x6810e776880c02933d47db1b9fc05908e5386b96,0x451a6cfdd3699293b56aa27a35f27bd300fd9b51,8375555555555555548,Gnosis,GNO,18,1,3000000,60000000000,1955594,2955594,deprecated,0x84a1f5a5,claimTokensFor(address[] _beneficiaries),21428399
3633133,1493659209,0x8830511b9f60275d97ffbc59e9834463840c52ae8c83710513c2e2becb206ad5,73,0x3c0e7d78190c9cd64eccd0af247ffb84fef3090077c820f426557c9fc4b92a46,0x1d0dcc8d8bcafa8e8502beaeef6cbd49d3affcdc,0x6810e776880c02933d47db1b9fc05908e5386b96,0xdf8fa8c4791f79e102c4b7a1eb980084e4f19a99,0,Gnosis,GNO,18,1,3000000,60000000000,1955594,2955594,deprecated,0x84a1f5a5,claimTokensFor(address[] _beneficiaries),21428399
3633133,1493659209,0x8830511b9f60275d97ffbc59e9834463840c52ae8c83710513c2e2becb206ad5,73,0x3c0e7d78190c9cd64eccd0af247ffb84fef3090077c820f426557c9fc4b92a46,0x1d0dcc8d8bcafa8e8502beaeef6cbd49d3affcdc,0x6810e776880c02933d47db1b9fc05908e5386b96,0x78665d8b99f12dcb2ea38d4bbaee38eba0e3427f,8367179999999999993,Gnosis,GNO,18,1,3000000,60000000000,1955594,2955594,deprecated,0x84a1f5a5,claimTokensFor(address[] _beneficiaries),21428399
3633133,1493659209,0x8830511b9f60275d97ffbc59e9834463840c52ae8c83710513c2e2becb206ad5,73,0x3c0e7d78190c9cd64eccd0af247ffb84fef3090077c820f426557c9fc4b92a46,0x1d0dcc8d8bcafa8e8502beaeef6cbd49d3affcdc,0x6810e776880c02933d47db1b9fc05908e5386b96,0x64dcd9c2733262031abfe744614d9ed5aedb0efb,0,Gnosis,GNO,18,1,3000000,60000000000,1955594,2955594,deprecated,0x84a1f5a5,claimTokensFor(address[] _beneficiaries),21428399
3633133,1493659209,0x8830511b9f60275d97ffbc59e9834463840c52ae8c83710513c2e2becb206ad5,73,0x3c0e7d78190c9cd64eccd0af247ffb84fef3090077c820f426557c9fc4b92a46,0x1d0dcc8d8bcafa8e8502beaeef6cbd49d3affcdc,0x6810e776880c02933d47db1b9fc05908e5386b96,0x1d0dcc8d8bcafa8e8502beaeef6cbd49d3affcdc,0,Gnosis,GNO,18,1,3000000,60000000000,1955594,2955594,deprecated,0x84a1f5a5,claimTokensFor(address[] _beneficiaries),21428399
3633133,1493659209,0x8830511b9f60275d97ffbc59e9834463840c52ae8c83710513c2e2becb206ad5,73,0x3c0e7d78190c9cd64eccd0af247ffb84fef3090077c820f426557c9fc4b92a46,0x1d0dcc8d8bcafa8e8502beaeef6cbd49d3affcdc,0x6810e776880c02933d47db1b9fc05908e5386b96,0x4a3d8aa71ed4c5f21bd353b3689f52fc48da1f9a,8124288888888888882,Gnosis,GNO,18,1,3000000,60000000000,1955594,2955594,deprecated,0x84a1f5a5,claimTokensFor(address[] _beneficiaries),21428399
3633133,1493659209,0x8830511b9f60275d97ffbc59e9834463840c52ae8c83710513c2e2becb206ad5,73,0x3c0e7d78190c9cd64eccd0af247ffb84fef3090077c820f426557c9fc4b92a46,0x1d0dcc8d8bcafa8e8502beaeef6cbd49d3affcdc,0x6810e776880c02933d47db1b9fc05908e5386b96,0xc22cb3489144372d6f4643f6ee547a7c55ef04fa,7705511111111111104,Gnosis,GNO,18,1,3000000,60000000000,1955594,2955594,deprecated,0x84a1f5a5,claimTokensFor(address[] _beneficiaries),21428399
3633133,1493659209,0x8830511b9f60275d97ffbc59e9834463840c52ae8c83710513c2e2becb206ad5,73,0x3c0e7d78190c9cd64eccd0af247ffb84fef3090077c820f426557c9fc4b92a46,0x1d0dcc8d8bcafa8e8502beaeef6cbd49d3affcdc,0x6810e776880c02933d47db1b9fc05908e5386b96,0x962086e1e1058f37b3c45d88cad76afa6bc8455d,0,Gnosis,GNO,18,1,3000000,60000000000,1955594,2955594,deprecated,0x84a1f5a5,claimTokensFor(address[] _beneficiaries),21428399
3633133,1493659209,0x8830511b9f60275d97ffbc59e9834463840c52ae8c83710513c2e2becb206ad5,73,0x3c0e7d78190c9cd64eccd0af247ffb84fef3090077c820f426557c9fc4b92a46,0x1d0dcc8d8bcafa8e8502beaeef6cbd49d3affcdc,0x6810e776880c02933d47db1b9fc05908e5386b96,0xac79c6d3a56aad22e54c4c8bb8da0278cdaeea68,7537999999999999993,Gnosis,GNO,18,1,3000000,60000000000,1955594,2955594,deprecated,0x84a1f5a5,claimTokensFor(address[] _beneficiaries),21428399
3633133,1493659209,0x8830511b9f60275d97ffbc59e9834463840c52ae8c83710513c2e2becb206ad5,73,0x3c0e7d78190c9cd64eccd0af247ffb84fef3090077c820f426557c9fc4b92a46,0x1d0dcc8d8bcafa8e8502beaeef6cbd49d3affcdc,0x6810e776880c02933d47db1b9fc05908e5386b96,0x8b6409c4a9aa79671107df488567a497c8df1394,7529624444444444438,Gnosis,GNO,18,1,3000000,60000000000,1955594,2955594,deprecated,0x84a1f5a5,claimTokensFor(address[] _beneficiaries),21428399
3633133,1493659209,0x8830511b9f60275d97ffbc59e9834463840c52ae8c83710513c2e2becb206ad5,73,0x3c0e7d78190c9cd64eccd0af247ffb84fef3090077c820f426557c9fc4b92a46,0x1d0dcc8d8bcafa8e8502beaeef6cbd49d3affcdc,0x6810e776880c02933d47db1b9fc05908e5386b96,0xc4ecd52364f6a8ad29dfff149c6fd5ea1bc5bd60,7430792888888888882,Gnosis,GNO,18,1,3000000,60000000000,1955594,2955594,deprecated,0x84a1f5a5,claimTokensFor(address[] _beneficiaries),21428399
3633133,1493659209,0x8830511b9f60275d97ffbc59e9834463840c52ae8c83710513c2e2becb206ad5,73,0x3c0e7d78190c9cd64eccd0af247ffb84fef3090077c820f426557c9fc4b92a46,0x1d0dcc8d8bcafa8e8502beaeef6cbd49d3affcdc,0x6810e776880c02933d47db1b9fc05908e5386b96,0x84679b26fe514bb594e682b02b5a792f4111a784,7336986666666666660,Gnosis,GNO,18,1,3000000,60000000000,1955594,2955594,deprecated,0x84a1f5a5,claimTokensFor(address[] _beneficiaries),21428399
3633133,1493659209,0x8830511b9f60275d97ffbc59e9834463840c52ae8c83710513c2e2becb206ad5,73,0x3c0e7d78190c9cd64eccd0af247ffb84fef3090077c820f426557c9fc4b92a46,0x1d0dcc8d8bcafa8e8502beaeef6cbd49d3affcdc,0x6810e776880c02933d47db1b9fc05908e5386b96,0x2514109d650dcc0b630409c6a8e3685fecc5712e,7169475555555555549,Gnosis,GNO,18,1,3000000,60000000000,1955594,2955594,deprecated,0x84a1f5a5,claimTokensFor(address[] _beneficiaries),21428399
3633133,1493659209,0x8830511b9f60275d97ffbc59e9834463840c52ae8c83710513c2e2becb206ad5,73,0x3c0e7d78190c9cd64eccd0af247ffb84fef3090077c820f426557c9fc4b92a46,0x1d0dcc8d8bcafa8e8502beaeef6cbd49d3affcdc,0x6810e776880c02933d47db1b9fc05908e5386b96,0x9d7aacd6d0d57fa82b8160bca63387d98570787d,6889915365841873527,Gnosis,GNO,18,1,3000000,60000000000,1955594,2955594,deprecated,0x84a1f5a5,claimTokensFor(address[] _beneficiaries),21428399
3633133,1493659209,0x8830511b9f60275d97ffbc59e9834463840c52ae8c83710513c2e2becb206ad5,73,0x3c0e7d78190c9cd64eccd0af247ffb84fef3090077c820f426557c9fc4b92a46,0x1d0dcc8d8bcafa8e8502beaeef6cbd49d3affcdc,0x6810e776880c02933d47db1b9fc05908e5386b96,0x19aaec55eeccafcac109c2677567504ec7bf63a7,6700444444444444438,Gnosis,GNO,18,1,3000000,60000000000,1955594,2955594,deprecated,0x84a1f5a5,claimTokensFor(address[] _beneficiaries),21428399
3633133,1493659209,0x8830511b9f60275d97ffbc59e9834463840c52ae8c83710513c2e2becb206ad5,73,0x3c0e7d78190c9cd64eccd0af247ffb84fef3090077c820f426557c9fc4b92a46,0x1d0dcc8d8bcafa8e8502beaeef6cbd49d3affcdc,0x6810e776880c02933d47db1b9fc05908e5386b96,0xa9348ff37fc6fa8048092785ac62c3847310085b,6700444444444444438,Gnosis,GNO,18,1,3000000,60000000000,1955594,2955594,deprecated,0x84a1f5a5,claimTokensFor(address[] _beneficiaries),21428399
3633133,1493659209,0x8830511b9f60275d97ffbc59e9834463840c52ae8c83710513c2e2becb206ad5,73,0x3c0e7d78190c9cd64eccd0af247ffb84fef3090077c820f426557c9fc4b92a46,0x1d0dcc8d8bcafa8e8502beaeef6cbd49d3affcdc,0x6810e776880c02933d47db1b9fc05908e5386b96,0xaeed68bfad102eafbec2bdc47bd5ed9d228653ee,8375555555555555548,Gnosis,GNO,18,1,3000000,60000000000,1955594,2955594,deprecated,0x84a1f5a5,claimTokensFor(address[] _beneficiaries),21428399
3633133,1493659209,0x8830511b9f60275d97ffbc59e9834463840c52ae8c83710513c2e2becb206ad5,73,0x3c0e7d78190c9cd64eccd0af247ffb84fef3090077c820f426557c9fc4b92a46,0x1d0dcc8d8bcafa8e8502beaeef6cbd49d3affcdc,0x6810e776880c02933d47db1b9fc05908e5386b96,0xca74b142b51fab10be106836cb1157b7cfd29b38,6700444444444444438,Gnosis,GNO,18,1,3000000,60000000000,1955594,2955594,deprecated,0x84a1f5a5,claimTokensFor(address[] _beneficiaries),21428399
3633133,1493659209,0x8830511b9f60275d97ffbc59e9834463840c52ae8c83710513c2e2becb206ad5,73,0x3c0e7d78190c9cd64eccd0af247ffb84fef3090077c820f426557c9fc4b92a46,0x1d0dcc8d8bcafa8e8502beaeef6cbd49d3affcdc,0x6810e776880c02933d47db1b9fc05908e5386b96,0x9ab1771330a7486b6eba69f515044e0c7c78a28d,6700444444444444438,Gnosis,GNO,18,1,3000000,60000000000,1955594,2955594,deprecated,0x84a1f5a5,claimTokensFor(address[] _beneficiaries),21428399
3633133,1493659209,0x8830511b9f60275d97ffbc59e9834463840c52ae8c83710513c2e2becb206ad5,73,0x3c0e7d78190c9cd64eccd0af247ffb84fef3090077c820f426557c9fc4b92a46,0x1d0dcc8d8bcafa8e8502beaeef6cbd49d3affcdc,0x6810e776880c02933d47db1b9fc05908e5386b96,0xd3797c56456a126fa4fb769714b988b34fe51542,6700444444444444438,Gnosis,GNO,18,1,3000000,60000000000,1955594,2955594,deprecated,0x84a1f5a5,claimTokensFor(address[] _beneficiaries),21428399
3633133,1493659209,0x8830511b9f60275d97ffbc59e9834463840c52ae8c83710513c2e2becb206ad5,73,0x3c0e7d78190c9cd64eccd0af247ffb84fef3090077c820f426557c9fc4b92a46,0x1d0dcc8d8bcafa8e8502beaeef6cbd49d3affcdc,0x6810e776880c02933d47db1b9fc05908e5386b96,0x6a79af7dd5981ee5bb07282d5c350feb79c50978,6700444444444444438,Gnosis,GNO,18,1,3000000,60000000000,1955594,2955594,deprecated,0x84a1f5a5,claimTokensFor(address[] _beneficiaries),21428399
3633133,1493659209,0x8830511b9f60275d97ffbc59e9834463840c52ae8c83710513c2e2becb206ad5,73,0x3c0e7d78190c9cd64eccd0af247ffb84fef3090077c820f426557c9fc4b92a46,0x1d0dcc8d8bcafa8e8502beaeef6cbd49d3affcdc,0x6810e776880c02933d47db1b9fc05908e5386b96,0x1a5755d49fbfb675599863a491af333c04f9f4ba,6700444444444444438,Gnosis,GNO,18,1,3000000,60000000000,1955594,2955594,deprecated,0x84a1f5a5,claimTokensFor(address[] _beneficiaries),21428399
3633133,1493659209,0x8830511b9f60275d97ffbc59e9834463840c52ae8c83710513c2e2becb206ad5,73,0x3c0e7d78190c9cd64eccd0af247ffb84fef3090077c820f426557c9fc4b92a46,0x1d0dcc8d8bcafa8e8502beaeef6cbd49d3affcdc,0x6810e776880c02933d47db1b9fc05908e5386b96,0x90302fc34bf4401b34d73249f9b454ed1eeda6de,6700444444444444438,Gnosis,GNO,18,1,3000000,60000000000,1955594,2955594,deprecated,0x84a1f5a5,claimTokensFor(address[] _beneficiaries),21428399
3633133,1493659209,0x8830511b9f60275d97ffbc59e9834463840c52ae8c83710513c2e2becb206ad5,73,0x3c0e7d78190c9cd64eccd0af247ffb84fef3090077c820f426557c9fc4b92a46,0x1d0dcc8d8bcafa8e8502beaeef6cbd49d3affcdc,0x6810e776880c02933d47db1b9fc05908e5386b96,0xe3362375921fa33ee4e6e8e289c2b9fd8b645eae,6700444444444444438,Gnosis,GNO,18,1,3000000,60000000000,1955594,2955594,deprecated,0x84a1f5a5,claimTokensFor(address[] _beneficiaries),21428399
3633133,1493659209,0x8830511b9f60275d97ffbc59e9834463840c52ae8c83710513c2e2becb206ad5,73,0x3c0e7d78190c9cd64eccd0af247ffb84fef3090077c820f426557c9fc4b92a46,0x1d0dcc8d8bcafa8e8502beaeef6cbd49d3affcdc,0x6810e776880c02933d47db1b9fc05908e5386b96,0xdca158b16a64ffb25e5b810c38655b4937d647eb,6683693333333333327,Gnosis,GNO,18,1,3000000,60000000000,1955594,2955594,deprecated,0x84a1f5a5,claimTokensFor(address[] _beneficiaries),21428399
3633133,1493659209,0x8830511b9f60275d97ffbc59e9834463840c52ae8c83710513c2e2becb206ad5,73,0x3c0e7d78190c9cd64eccd0af247ffb84fef3090077c820f426557c9fc4b92a46,0x1d0dcc8d8bcafa8e8502beaeef6cbd49d3affcdc,0x6810e776880c02933d47db1b9fc05908e5386b96,0xc6f08dabdf04e895eab81468075ee8dc9d04e1d7,9963560888888888880,Gnosis,GNO,18,1,3000000,60000000000,1955594,2955594,deprecated,0x84a1f5a5,claimTokensFor(address[] _beneficiaries),21428399
3633133,1493659209,0x8830511b9f60275d97ffbc59e9834463840c52ae8c83710513c2e2becb206ad5,73,0x3c0e7d78190c9cd64eccd0af247ffb84fef3090077c820f426557c9fc4b92a46,0x1d0dcc8d8bcafa8e8502beaeef6cbd49d3affcdc,0x6810e776880c02933d47db1b9fc05908e5386b96,0xfbcf238a7846886dcdcb46a211a05fa16635f730,6586436382222222216,Gnosis,GNO,18,1,3000000,60000000000,1955594,2955594,deprecated,0x84a1f5a5,claimTokensFor(address[] _beneficiaries),21428399
3633133,1493659209,0x8830511b9f60275d97ffbc59e9834463840c52ae8c83710513c2e2becb206ad5,73,0x3c0e7d78190c9cd64eccd0af247ffb84fef3090077c820f426557c9fc4b92a46,0x1d0dcc8d8bcafa8e8502beaeef6cbd49d3affcdc,0x6810e776880c02933d47db1b9fc05908e5386b96,0xce5e16a5c9b79393fec673e94fb574a74e9b400c,6532933333333333327,Gnosis,GNO,18,1,3000000,60000000000,1955594,2955594,deprecated,0x84a1f5a5,claimTokensFor(address[] _beneficiaries),21428399
3633133,1493659209,0x8830511b9f60275d97ffbc59e9834463840c52ae8c83710513c2e2becb206ad5,73,0x3c0e7d78190c9cd64eccd0af247ffb84fef3090077c820f426557c9fc4b92a46,0x1d0dcc8d8bcafa8e8502beaeef6cbd49d3affcdc,0x6810e776880c02933d47db1b9fc05908e5386b96,0x07cd2dc37bfdb7c0693b97278181fb466e8cb33d,6666942222222222216,Gnosis,GNO,18,1,3000000,60000000000,1955594,2955594,deprecated,0x84a1f5a5,claimTokensFor(address[] _beneficiaries),21428399
3633133,1493659209,0x47ce7eecde224a002e9f23eca664e9cb5435ee3bc17355c090d7fcdd5e089a0a,2,0x3c0e7d78190c9cd64eccd0af247ffb84fef3090077c820f426557c9fc4b92a46,0x703d4b816bf5c4798fd742bb84371285097ea849,0x6810e776880c02933d47db1b9fc05908e5386b96,0x5eea584a1f95bf3ca244d4a3701082cfbefcf083,167510000000000000000,Gnosis,GNO,18,5,56621,21328683625,51473,3194182,deprecated,0xa9059cbb,"transfer(address _to, uint256 _value)",21428399
3633133,1493659209,0xe43d495d85074ccfaa6ea41fa35b6d925f4f4e4bfc206d9aae692f4a694ca6be,1,0x3c0e7d78190c9cd64eccd0af247ffb84fef3090077c820f426557c9fc4b92a46,0x19076bd01e86fa3d76334e27d4b8e6789688a42d,0x6810e776880c02933d47db1b9fc05908e5386b96,0xd3cd3e87b94b63209e65b54352f0a98739a9d088,83755555555555555485,Gnosis,GNO,18,15,130000,20000000000,43901,3467481,deprecated,0x,,21428399
