blockNumber,timeStamp,hash,nonce,blockHash,from,contractAddress,to,value,tokenName,tokenSymbol,tokenDecimal,transactionIndex,gas,gasPrice,gasUsed,cumulativeGasUsed,input,methodId,functionName,confirmations
12955455,1628035975,0xff16675ec33b14870a9cf533f6df4b1491351544f16dccbd99a1b95201f25fa1,219,0x1082e06b755c864991bd7ab126985e494087962dc82f83d24c5de6a574ccc73e,0x0000000000000000000000000000000000000000,0xccc8cb5229b0ac8069c51fd58367fd1e622afd97,0x177f9dd13ccc02065c7494ea8396e4e2ba54dfa1,500000000000000000000000000,Gods Unchained,GODS,18,99,108025,31000000000,72017,7919600,deprecated,0x40c10f19,"mint(address _owner, uint256 _amount)",12106077
13381063,1633734760,0x0aab114079f1ca646a4d071a293d113607d2e9746ed380fff9ac81b2aa445a5d,0,0xbb15adefd969b5da9f04793e80069aebe469dae1681723ab09947ac3bbb77c7e,0x177f9dd13ccc02065c7494ea8396e4e2ba54dfa1,0xccc8cb5229b0ac8069c51fd58367fd1e622afd97,0x78db576873f032a7c4749b214a8af6966b3be239,100000000000000000000,Gods Unchained,GODS,18,367,78769,73948631757,52513,28672699,deprecated,0xa9059cbb,"transfer(address _to, uint256 _value)",11680469
13382312,1633751768,0xed66784bce900e4070e3baba6aa5e94adcac726c9c40a16799d6a8c52bcc25dd,1,0xe9c358c0c4a1a59b9b82920103aedd86cdb852176fb855fd619b57fc4f615058,0x177f9dd13ccc02065c7494ea8396e4e2ba54dfa1,0xccc8cb5229b0ac8069c51fd58367fd1e622afd97,0x78db576873f032a7c4749b214a8af6966b3be239,3749900000000000000000000,Gods Unchained,GODS,18,13,53155,79526751478,35437,1304011,deprecated,0xa9059cbb,"transfer(address _to, uint256 _value)",11679220
13402363,1634024386,0x30fd544fa57ba8177dabfb4973316c644dbe305085af7978f0c605bb3292f10d,2,0xca7fbcd500472a9d4f14bccff3d061f99332f8f69f6a49d0de4dcde9d091e95f,0x177f9dd13ccc02065c7494ea8396e4e2ba54dfa1,0xccc8cb5229b0ac8069c51fd58367fd1e622afd97,0xf656de986435b2bf3d6d1238074c7d75cc5dfa27,100000000000000000000,Gods Unchained,GODS,18,276,78769,78322838891,52513,20792086,deprecated,0xa9059cbb,"transfer(address _to, uint256 _value)",11659169
13419378,1634255964,0x88083d07a16caf474b88ee04e2dbd7299c0e222b9bb6871e189652b2eda0aaf0,3,0xf8718163c17a739bbba16b28c1e358a110bba98c266b5a1f21e40d691a39e5ba,0x177f9dd13ccc02065c7494ea8396e4e2ba54dfa1,0xccc8cb5229b0ac8069c51fd58367fd1e622afd97,0x4c44ace3c59510588e4748c725d2e8106d4440f5,100000000000000000000,Gods Unchained,GODS,18,297,78769,110879040745,52513,23537238,deprecated,0xa9059cbb,"transfer(address _to, uint256 _value)",11642154
13420900,1634277689,0x384705ea4d8226e2c66d15a4e0612f1fd3b408bcf0304abf73510b9437acaef5,4,0x46de22b30ca28dec0b9d500fb95d45342d6fc2933bc4abde9cdb45509c1cf825,0x177f9dd13ccc02065c7494ea8396e4e2ba54dfa1,0xccc8cb5229b0ac8069c51fd58367fd1e622afd97,0x4c44ace3c59510588e4748c725d2e8106d4440f5,892657000000000000000000,Gods Unchained,GODS,18,189,53137,113323047357,35425,14572845,deprecated,0xa9059cbb,"transfer(address _to, uint256 _value)",11640632
13471890,1634966213,0xfad480b33e5c5dd08510ac04172d45c847065ae8037cc086fbba911c7ab5e8cb,14,0x8be4695c58334221b0569b984ab0782cfdb07729d35ff1ebbf6d53acf73a0f58,0x78db576873f032a7c4749b214a8af6966b3be239,0xccc8cb5229b0ac8069c51fd58367fd1e622afd97,0x6d67e3d0ebf8bf1710e4158432c0e24392cea666,50000000000000000000000,Gods Unchained,GODS,18,32,78787,79818593697,52525,2812290,deprecated,0xa9059cbb,"transfer(address _to, uint256 _value)",11589642
13471894,1634966247,0x36504f89a1a09f0046297c6901c0e9352d0f094bb56f7b27274e9149cc4094db,15,0xb2d630fbd204b8f9b1f57fba0c03390bfa23014c7420488da56c1a1aa2d987ef,0x78db576873f032a7c4749b214a8af6966b3be239,0xccc8cb5229b0ac8069c51fd58367fd1e622afd97,0x6d67e3d0ebf8bf1710e4158432c0e24392cea666,700000000000000000000000,Gods Unchained,GODS,18,375,53137,75075677646,35425,26368665,deprecated,0xa9059cbb,"transfer(address _to, uint256 _value)",11589638
13498601,1635326686,0xd8c9e689c256558c24123097300a4d53e6ea2fefa48e3924d97da80b738c7934,16,0xa3f2a70feb37fbab41d3ab2569a664e2be4ca18c2a2dc3c90be02d53892937de,0x78db576873f032a7c4749b214a8af6966b3be239,0xccc8cb5229b0ac8069c51fd58367fd1e622afd97,0xde014cebfe46cae799ed5e7b0900c3fafa671a27,5000000000000000000000,Gods Unchained,GODS,18,262,78769,148787325908,52513,24120387,deprecated,0xa9059cbb,"transfer(address _to, uint256 _value)",11562931
13503046,1635388089,0x507671bbfde84b1c5c21767f1ec74dc9108bba3c8199aaac80d6ebcb9038d0d0,6,0x2cd8db1dd41a92a6b21aed28c7b4770a4b453893ef22e5cecd0fa4ff6fc25846,0x177f9dd13ccc02065c7494ea8396e4e2ba54dfa1,0xccc8cb5229b0ac8069c51fd58367fd1e622afd97,0x4f3a120e72c76c22ae802d129f599bfdbc31cb81,100000000000000000000,Gods Unchained,GODS,18,273,78769,160506200602,52513,18629986,deprecated,0xa9059cbb,"transfer(address _to, uint256 _value)",11558486
13503079,1635388527,0xcb412fc4a3adfb28654139233e6190a6c0c7e555943dd33c1dd06bb3a59a00de,7,0x3ae24460830b097b5c2065a70112582b3c901c00d9a642917e2985098c65a170,0x177f9dd13ccc02065c7494ea8396e4e2ba54dfa1,0xccc8cb5229b0ac8069c51fd58367fd1e622afd97,0xbfac7c220c45c689f95a5168afb079b3104a9e8b,100000000000000000000,Gods Unchained,GODS,18,104,78769,171001925756,52513,4961992,deprecated,0xa9059cbb,"transfer(address _to, uint256 _value)",11558453
13503174,1635389855,0xf6599794578d61e0f16994e8c6fe7ca20da658a7229a0bf9b2431757e3906f76,8,0x55054be0330ef3f65c0461a1c2c755d1d5f48a5b92529b20aa4cd9570a59273f,0x177f9dd13ccc02065c7494ea8396e4e2ba54dfa1,0xccc8cb5229b0ac8069c51fd58367fd1e622afd97,0x4f3a120e72c76c22ae802d129f599bfdbc31cb81,3124900000000000000000000,Gods Unchained,GODS,18,104,53155,203706158631,35437,5880198,deprecated,0xa9059cbb,"transfer(address _to, uint256 _value)",11558358
13503212,1635390351,0x253612c7cb8671695fbf40618f667803dea0b40fa779fa1dee24c2f5dee8d549,9,0x2b561c2e270b61fbd94f6f113e12b41547972c396f49a933550b1b21e4cee718,0x177f9dd13ccc02065c7494ea8396e4e2ba54dfa1,0xccc8cb5229b0ac8069c51fd58367fd1e622afd97,0xbfac7c220c45c689f95a5168afb079b3104a9e8b,19638789000000000000000000,Gods Unchained,GODS,18,220,53155,185377840147,35437,17108646,deprecated,0xa9059cbb,"transfer(address _to, uint256 _value)",11558320
13503799,1635398268,0xc4d09dcfbdbf63fa34223e0853d505839aaf3e97ac0c93ef11d16b0053fc48b3,17,0xb90d6547dd52c1e663c775a509bca6921b01107b49afd6202d68b5ee31b3397d,0x78db576873f032a7c4749b214a8af6966b3be239,0xccc8cb5229b0ac8069c51fd58367fd1e622afd97,0xde014cebfe46cae799ed5e7b0900c3fafa671a27,1120000000000000000000000,Gods Unchained,GODS,18,253,53101,145057538761,35401,16161192,deprecated,0xa9059cbb,"transfer(address _to, uint256 _value)",11557733
13503918,1635399882,0xedad5ad5fe854e43dee81ba1b4e76c0a4844977a2f9c22a8157cb51f2a624457,3,0x95157e518ac890a59b7328cbe592c878a1acb099fea83e368b28b535d00ac1a3,0xbfac7c220c45c689f95a5168afb079b3104a9e8b,0xccc8cb5229b0ac8069c51fd58367fd1e622afd97,0x5fdcca53617f4d2b9134b29090c87d01058e27e9,100000000000000000000,Gods Unchained,GODS,18,195,129858,182104700615,126846,14716800,deprecated,0x2505c3d9,"deposit(uint256 _pid, uint256 _amount, uint256 _harvestBlock, uint256 _yield)",11557614
13504066,1635401943,0xa19ba1e2c6b884e0307c688d942390a5278bcbe801e9c7abcc85d71ee9cbc012,4,0x4b6c30eaf12c0a4371068bce1b23202c5f9ea0bb6e7460797dfd2bdf9f28b60d,0xbfac7c220c45c689f95a5168afb079b3104a9e8b,0xccc8cb5229b0ac8069c51fd58367fd1e622afd97,0x5fdcca53617f4d2b9134b29090c87d01058e27e9,19638789000000000000000000,Gods Unchained,GODS,18,65,94600,215280037552,83082,4361025,deprecated,0x2505c3d9,"deposit(uint256 _pid, uint256 _amount, uint256 _harvestBlock, uint256 _yield)",11557466
13506458,1635433771,0xc1bf2541619af9aae83c550a5ca3eedf6c4b48d785d298f5f850c7428161a7dd,104,0x6db6b862d8624b5bf13a22901db8c76c6679d98cc5c578936d652a0eaba2d56d,0x4f3a120e72c76c22ae802d129f599bfdbc31cb81,0xccc8cb5229b0ac8069c51fd58367fd1e622afd97,0x0000006daea1723962647b7e189d311d757fb793,1625000000000000000000000,Gods Unchained,GODS,18,158,140476,154818078238,104520,9228509,deprecated,0x6a761202,"execTransaction(address to, uint256 value, bytes data, uint8 operation, uint256 safeTxGas, uint256 baseGas, uint256 gasPrice, address gasToken, address refundReceiver, bytes signatures)",11555074
13510297,1635485735,0x3f0745a357708b829b38097f4ceba3d285e000d6df5c46bb1215d517ceca792a,18,0xf3ddefc3980b869e1cfeb21d1a92e76ecc18d501b9bfea526a1789f4473c9fcf,0x78db576873f032a7c4749b214a8af6966b3be239,0xccc8cb5229b0ac8069c51fd58367fd1e622afd97,0x6813401da1409641100f04c795a9c58ab4574c1d,1875000000000000000000000,Gods Unchained,GODS,18,243,78805,162614005460,47737,21361822,deprecated,0xa9059cbb,"transfer(address _to, uint256 _value)",11551235
13510843,1635493305,0x952b6e03e3c5006fa84b006e8c5e3b3dcd9ef36832c5b2f69f2bfafd4ef35a46,0,0xa9f2adcb8f8bf8cf8788b292718d2552bce8d644ea7eea002e19bb40961286cf,0xde014cebfe46cae799ed5e7b0900c3fafa671a27,0xccc8cb5229b0ac8069c51fd58367fd1e622afd97,0x15ecccdc910735aa3b36b881b0dd1666ad4bf55e,69000000000000000000,Gods Unchained,GODS,18,45,78769,154028080661,52513,3494744,deprecated,0xa9059cbb,"transfer(address _to, uint256 _value)",11550689
13510892,1635494012,0x70c5618cc923022c661dbaf60c9b621e9baa3d473ebd2d7d0763410879db2e07,1,0xbae0bb61a758e85bb90a6ad0a57e9f013cf11fa9d5851b16ce3f85391ec39621,0xde014cebfe46cae799ed5e7b0900c3fafa671a27,0xccc8cb5229b0ac8069c51fd58367fd1e622afd97,0x15ecccdc910735aa3b36b881b0dd1666ad4bf55e,1124931000000000000000000,Gods Unchained,GODS,18,139,53137,115645055619,30625,14609851,deprecated,0xa9059cbb,"transfer(address _to, uint256 _value)",11550640
13510940,1635494723,0x0d1c498a4cad0b11da3e9116e95fed9132fa101c40175e4dfa2d46f56e6e2880,283,0xa084cdfd38a2caf4d7e62ed4b7d3a7beca9f46ddba70077cf0ddb4d0c832e3a0,0x6d67e3d0ebf8bf1710e4158432c0e24392cea666,0xccc8cb5229b0ac8069c51fd58367fd1e622afd97,0xe30f5fccf3801d2563e63eb9b1f59aacf1dbac22,1000000000000000000000,Gods Unchained,GODS,18,152,78769,164049319433,52513,9188375,deprecated,0xa9059cbb,"transfer(address _to, uint256 _value)",11550592
13511010,1635495761,0xe1b47eccd8b6d78a376e8cd97196fe3c821dfc02d424b3466cca585b1c3a2655,58886,0x4bcff9a6107d7b77aecaf917e12c826932174a5a101287cf140031da942b1918,0x0000006daea1723962647b7e189d311d757fb793,0xccc8cb5229b0ac8069c51fd58367fd1e622afd97,0x0000f079e68bbcc79ab9600ace786b0a4db1c83c,3000000000000000000,Gods Unchained,GODS,18,70,200000,194893766732,60923,3590813,deprecated,0x48d5c7e3,"drain(address[] tokenAddress,uint256[] tokenAmounts)",11550522
13511043,1635496130,0x2b2b33abd2a1be20ee85bd39a5170b5eb6e4a24da20ea6fdb6173cdbe3ee76ce,284,0xccf4956a64f910b150a6f501dc1c6b5c2284f3d2c3b582f8415efbb0a84f8d50,0x6d67e3d0ebf8bf1710e4158432c0e24392cea666,0xccc8cb5229b0ac8069c51fd58367fd1e622afd97,0xe30f5fccf3801d2563e63eb9b1f59aacf1dbac22,749000000000000000000000,Gods Unchained,GODS,18,173,53137,124186019304,30625,9818626,deprecated,0xa9059cbb,"transfer(address _to, uint256 _value)",11550489
13511095,1635496954,0x7e0334d8d5e7eb6999cb136458b74f7136d05c18404a1df7528dcfba78b767ce,182,0xdf6c7045ce09a1cceb25ca0c9a67399d53dbfb20fe4567584ad4e4ca2eec40f2,0x4f3a120e72c76c22ae802d129f599bfdbc31cb81,0xccc8cb5229b0ac8069c51fd58367fd1e622afd97,0x03ae1a796dfe0400439211133d065bda774b9d3e,10000000000000000000,Gods Unchained,GODS,18,222,140464,150000000000,104508,12865328,deprecated,0x6a761202,"execTransaction(address to, uint256 value, bytes data, uint8 operation, uint256 safeTxGas, uint256 baseGas, uint256 gasPrice, address gasToken, address refundReceiver, bytes signatures)",11550437
13511126,1635497432,0x4f7cf258f708441a905e7e032ad6efa097eff82ebc8c6d591a576522c20f9cfc,184,0x84477c7a9abe20da142936b7ccc40e3418f05f6321f521eb63e04e7e52785a02,0x4f3a120e72c76c22ae802d129f599bfdbc31cb81,0xccc8cb5229b0ac8069c51fd58367fd1e622afd97,0x03ae1a796dfe0400439211133d065bda774b9d3e,500000000000000000000000,Gods Unchained,GODS,18,81,141560,148258733670,88505,6909431,deprecated,0x6a761202,"execTransaction(address to, uint256 value, bytes data, uint8 operation, uint256 safeTxGas, uint256 baseGas, uint256 gasPrice, address gasToken, address refundReceiver, bytes signatures)",11550406
13511258,1635499436,0xd0e2a1c463d0bbcfc8c6ca32b6a24d8b72f918d1868d3098ac8751a891a05e76,186,0x1b4a43251127b3861e2ca761360d8b77e569acb6d40eb04da789744671e96e31,0x4f3a120e72c76c22ae802d129f599bfdbc31cb81,0xccc8cb5229b0ac8069c51fd58367fd1e622afd97,0x295685c8fe08d8192981d21ea1fe856a07443920,75000000000000000000000,Gods Unchained,GODS,18,218,2677141,144725886812,2349060,13124202,deprecated,0x6a761202,"execTransaction(address to, uint256 value, bytes data, uint8 operation, uint256 safeTxGas, uint256 baseGas, uint256 gasPrice, address gasToken, address refundReceiver, bytes signatures)",11550274
13511292,1635499960,0xd1009bf9c1f43eb0590bba62c9644de726e13514d9bd0b2e9529f9061d45353a,52,0x8c6796b689282bf767e32fc77a6dddbff315341edd1ca018b472358ba2707122,0x295685c8fe08d8192981d21ea1fe856a07443920,0xccc8cb5229b0ac8069c51fd58367fd1e622afd97,0xa42d4eb2b3ef2cc77bab70b2356afde93ff62e31,144060504150984608837,Gods Unchained,GODS,18,228,284835,138842565620,223681,18064147,deprecated,0x38ed1739,"swapExactTokensForTokens(uint256 amountIn, uint256 amountOutMin, address[] path, address to, uint256 deadline)",11550240
13511297,1635500046,0x7abfad55c536278bff90d4236908f9eb341fc8c2bff500d684300d86f352729b,58,0xac71d10a5e524589237b6f5c87d0b2574c3d2f011c6ea67b3525414be3bc9b10,0x295685c8fe08d8192981d21ea1fe856a07443920,0xccc8cb5229b0ac8069c51fd58367fd1e622afd97,0xe80dca604f2ce94fdf5ca74b23a0a1bb80e0580e,1000000000000000000,Gods Unchained,GODS,18,119,183532,148282751081,128360,10981278,deprecated,0xfb3bdb41,"swapETHForExactTokens(uint256 amountOut, address[] path, address to, uint256 deadline)",11550235
13511299,1635500055,0x395f84dbefda85c66e32b9cdbb07f91161aca517fe0b8c5bc225d23d5f0223b2,9,0xc71eae8994785aa6d36e68e300de2d4b287747d689f4007a5099dbad77d450cf,0x4c44ace3c59510588e4748c725d2e8106d4440f5,0xccc8cb5229b0ac8069c51fd58367fd1e622afd97,0x6cc5f688a315f3dc28a7781717a9a798a59fda7b,892756999999999999999999,Gods Unchained,GODS,18,10,105000,199000000000,52549,433635,deprecated,0xa9059cbb,"transfer(address _to, uint256 _value)",11550233
13511299,1635500055,0x171596fa54066084c7fd3b3e8a872b90bc73dad9b9734ac92e7fef74d7a005f3,1,0xc71eae8994785aa6d36e68e300de2d4b287747d689f4007a5099dbad77d450cf,0xe30f5fccf3801d2563e63eb9b1f59aacf1dbac22,0xccc8cb5229b0ac8069c51fd58367fd1e622afd97,0x6cc5f688a315f3dc28a7781717a9a798a59fda7b,749999999999999999999999,Gods Unchained,GODS,18,11,105000,199000000000,35449,469084,deprecated,0xa9059cbb,"transfer(address _to, uint256 _value)",11550233
13511299,1635500055,0xa7178288ddd7691e0199ee44db2724c4ac2c88196e02c4a7833b9072e7fc439f,14,0xc71eae8994785aa6d36e68e300de2d4b287747d689f4007a5099dbad77d450cf,0x6813401da1409641100f04c795a9c58ab4574c1d,0xccc8cb5229b0ac8069c51fd58367fd1e622afd97,0x6cc5f688a315f3dc28a7781717a9a798a59fda7b,1874999999999999999999999,Gods Unchained,GODS,18,12,105000,199000000000,35461,504545,deprecated,0xa9059cbb,"transfer(address _to, uint256 _value)",11550233
13511299,1635500055,0x174f38c9862bff33f40731c1160ec9e8eecce0451f0b689212eb96e2287b0547,25,0xc71eae8994785aa6d36e68e300de2d4b287747d689f4007a5099dbad77d450cf,0xf656de986435b2bf3d6d1238074c7d75cc5dfa27,0xccc8cb5229b0ac8069c51fd58367fd1e622afd97,0x6cc5f688a315f3dc28a7781717a9a798a59fda7b,99999999999999999999,Gods Unchained,GODS,18,13,105000,199000000000,35437,539982,deprecated,0xa9059cbb,"transfer(address _to, uint256 _value)",11550233
13511352,1635500769,0xf3617ca2a2ab00a0d7e4d9413c4f2c76046f67ab901426ab176613f9572d2053,127505,0x78761827f22afa09cea94b4c9e47aced8f9934430b7cf8d5fd7a4a6c982a3b36,0x0000006daea1723962647b7e189d311d757fb793,0xccc8cb5229b0ac8069c51fd58367fd1e622afd97,0x295685c8fe08d8192981d21ea1fe856a07443920,7961357000835426092650,Gods Unchained,GODS,18,2,320000,182481886029,136649,809825,deprecated,0x178979ae,,11550180
13511352,1635500769,0x76b260ad2eda0bfc11a990416b2d1e69179ae3c29a57d51363a7a9be5f312d38,58888,0x78761827f22afa09cea94b4c9e47aced8f9934430b7cf8d5fd7a4a6c982a3b36,0x0000006daea1723962647b7e189d311d757fb793,0xccc8cb5229b0ac8069c51fd58367fd1e622afd97,0x0000f079e68bbcc79ab9600ace786b0a4db1c83c,3000000000000000000,Gods Unchained,GODS,18,7,200000,168590548455,43823,1047175,deprecated,0x48d5c7e3,"drain(address[] tokenAddress,uint256[] tokenAmounts)",11550180
13511357,1635500822,0x7170f04b61d7cccd11b4724c5ab33f585c8bf3f34f097c47bac7eaa44f7c80fc,127506,0x87da32caf776aed1867a28f54b34b6e6f353c6131a7ad1eddfcdff84643863ca,0x0000006daea1723962647b7e189d311d757fb793,0xccc8cb5229b0ac8069c51fd58367fd1e622afd97,0x295685c8fe08d8192981d21ea1fe856a07443920,7698188176432201125871,Gods Unchained,GODS,18,22,320000,167997156072,136649,1381555,deprecated,0x178979ae,,11550175
13511367,1635500911,0xe64ff0bb6574cd86a003439a417fb6c53a613f1b4d4907aec2e6f9e2b15a18a4,145817,0x90dd13235dc10a54ad5ef3b1646f6c48c58d154f674f39337938619e64135eaa,0x0000006daea1723962647b7e189d311d757fb793,0xccc8cb5229b0ac8069c51fd58367fd1e622afd97,0x295685c8fe08d8192981d21ea1fe856a07443920,9261758920624040988098,Gods Unchained,GODS,18,371,320000,144968450132,136649,14197331,deprecated,0x178979ae,,11550165
13511374,1635501051,0x0a707eb09d537ac38d7bc7d882388b76e011689c5dd9a9abec5fa50831ca7176,63,0x968a8b036a88f9f8c9971487978180b19c3dbaa83fe3140a311c03fdbab2263a,0x295685c8fe08d8192981d21ea1fe856a07443920,0xccc8cb5229b0ac8069c51fd58367fd1e622afd97,0x0d3f659c3e48fee2d50df98378fd4211f3eed8e2,2469448510939047395088,Gods Unchained,GODS,18,167,456779,117910122916,245955,8186505,deprecated,0x7c025200,0x7c025200(),11550158
13511377,1635501083,0x991d349fbdd4d94b259479abef19cacf88516036d5daf0bd953b945be97f0f95,64,0xea570552c6c58bbf4f10436fae9b0b9e7c08a3676b496d7c03389a4e039cf44c,0x295685c8fe08d8192981d21ea1fe856a07443920,0xccc8cb5229b0ac8069c51fd58367fd1e622afd97,0x0d3f659c3e48fee2d50df98378fd4211f3eed8e2,2251089792200329235205,Gods Unchained,GODS,18,145,367595,127206628333,233256,9809829,deprecated,0x7c025200,0x7c025200(),11550155
13511378,1635501103,0x57ed76fc646c02bfadb0ffd7dd2f3b4c8e1bfb44fc246a8ab3adc7043dc3d8cc,103289,0x682f636b7e0b92801463499bc3968fb85b8ce88b155c8fd9ecb14e2c4df30a41,0x0000f079e68bbcc79ab9600ace786b0a4db1c83c,0xccc8cb5229b0ac8069c51fd58367fd1e622afd97,0x03ae1a796dfe0400439211133d065bda774b9d3e,3000000000000000000,Gods Unchained,GODS,18,5,200000,191076011246,35389,289368,deprecated,0xa9059cbb,"transfer(address _to, uint256 _value)",11550154
13511378,1635501103,0x6e3ca025e5edc5a740785dba9db61b02d5f5eed941f48bc9cb90d024edc0d4e1,127508,0x682f636b7e0b92801463499bc3968fb85b8ce88b155c8fd9ecb14e2c4df30a41,0x0000006daea1723962647b7e189d311d757fb793,0xccc8cb5229b0ac8069c51fd58367fd1e622afd97,0x295685c8fe08d8192981d21ea1fe856a07443920,2377575818780750596312,Gods Unchained,GODS,18,58,320000,181066571119,136625,2190750,deprecated,0x178979ae,,11550154
13511381,1635501134,0xc345884db24f8786f6d4192afaaf39622338bfacdc4a231f86ff4256bb0432c4,65,0x3ef5d9bd0ed4ea68663b4653dfbe267f4bce850c70a9c18945990edd4a9fda97,0x295685c8fe08d8192981d21ea1fe856a07443920,0xccc8cb5229b0ac8069c51fd58367fd1e622afd97,0x0d3f659c3e48fee2d50df98378fd4211f3eed8e2,1039335570064994736696,Gods Unchained,GODS,18,173,135506,129218993281,97161,8735256,deprecated,0x2e95b6c8,"unoswap(address srcToken, uint256 amount, uint256 minReturn, bytes32[])",11550151
13511386,1635501171,0x36417f34a3f039811bd848e79399cfc59ec45e4893e8530c95e528515fbe3733,20984,0xa3e8dc57dd3c9b88224955dd360321e1a19dd47582cc8f7294d9085001bd4153,0x03ae1a796dfe0400439211133d065bda774b9d3e,0xccc8cb5229b0ac8069c51fd58367fd1e622afd97,0x6cc5f688a315f3dc28a7781717a9a798a59fda7b,500012999999999999999999,Gods Unchained,GODS,18,94,105000,157000000000,35449,5536141,deprecated,0xa9059cbb,"transfer(address _to, uint256 _value)",11550146
13511387,1635501203,0xd6dac06fb1212c0214590407396a14a298248cb78292bdd3839aeb2696fcd959,2677,0x4e630d857142ee45916139c2d1f96b2504a4ab48bf2c937152598b80b2bb9890,0x295685c8fe08d8192981d21ea1fe856a07443920,0xccc8cb5229b0ac8069c51fd58367fd1e622afd97,0xf88c6f6b080d2a43743d34920d15d9232db40cb8,469127186307431539053,Gods Unchained,GODS,18,73,230256,127886884361,194269,4777792,deprecated,0x38ed1739,"swapExactTokensForTokens(uint256 amountIn, uint256 amountOutMin, address[] path, address to, uint256 deadline)",11550145
13511418,1635501646,0x77435df0dab021d623ae1cca4b48d0f3ba9dfda0a4f45642d4fe8c13ea3ad56a,127510,0xbe60a0ccb45077c5dcc1f38bae70ce1ff3e4de3a4c5d37cad445b865b70d0ccf,0x0000006daea1723962647b7e189d311d757fb793,0xccc8cb5229b0ac8069c51fd58367fd1e622afd97,0x295685c8fe08d8192981d21ea1fe856a07443920,2426889387186526502406,Gods Unchained,GODS,18,329,320000,159526296291,136637,10750697,deprecated,0x178979ae,,11550114
13511444,1635501951,0x8a6367729ceebe908c560f71fde440d3b7cb6c705656398984ef10d06c20f5e7,23,0xb4451c70f77e21a6af43ea340233e3ea51e24825ee61d14af29593bcac5da9f8,0x295685c8fe08d8192981d21ea1fe856a07443920,0xccc8cb5229b0ac8069c51fd58367fd1e622afd97,0x74de5d4fcbf63e00296fd95d33236b9794016631,211732390892312540744,Gods Unchained,GODS,18,196,219521,119901625070,175975,12845238,deprecated,0x5f575529,"swap(string aggregatorId, address tokenFrom, uint256 amount, bytes data)",11550088
13511444,1635501951,0x8a6367729ceebe908c560f71fde440d3b7cb6c705656398984ef10d06c20f5e7,23,0xb4451c70f77e21a6af43ea340233e3ea51e24825ee61d14af29593bcac5da9f8,0x74de5d4fcbf63e00296fd95d33236b9794016631,0xccc8cb5229b0ac8069c51fd58367fd1e622afd97,0x2b73929dc74110a3ae714a4ceac4beb0b84cf3e6,211732390892312540744,Gods Unchained,GODS,18,196,219521,119901625070,175975,12845238,deprecated,0x5f575529,"swap(string aggregatorId, address tokenFrom, uint256 amount, bytes data)",11550088
13511449,1635502022,0xc826e725050fc1775b28f11c54fa07c11f527081f0558fe21e62259604844d39,0,0x419654d2a4ffc0599e67854abd54bbc851c93bf39a7102235b8a90de4ddc552d,0x15ecccdc910735aa3b36b881b0dd1666ad4bf55e,0xccc8cb5229b0ac8069c51fd58367fd1e622afd97,0x6cc5f688a315f3dc28a7781717a9a798a59fda7b,1124999999999999999999999,Gods Unchained,GODS,18,373,105000,128000000000,35449,18101032,deprecated,0xa9059cbb,"transfer(address _to, uint256 _value)",11550083
13511450,1635502057,0xca92bf41ba9107514f53f34eace6d21fd6629b127a4cbcf7e2ea9e7852528890,2,0xf823f9f8236a738d0e955c6d160128427e4453d052c25f9a1b88cfdc578c7f73,0x295685c8fe08d8192981d21ea1fe856a07443920,0xccc8cb5229b0ac8069c51fd58367fd1e622afd97,0x74de5d4fcbf63e00296fd95d33236b9794016631,105524015734477219822,Gods Unchained,GODS,18,93,219521,119974757999,175975,8773263,deprecated,0x5f575529,"swap(string aggregatorId, address tokenFrom, uint256 amount, bytes data)",11550082
13511450,1635502057,0xca92bf41ba9107514f53f34eace6d21fd6629b127a4cbcf7e2ea9e7852528890,2,0xf823f9f8236a738d0e955c6d160128427e4453d052c25f9a1b88cfdc578c7f73,0x74de5d4fcbf63e00296fd95d33236b9794016631,0xccc8cb5229b0ac8069c51fd58367fd1e622afd97,0xaa5a34c0f3bd981448a35f085fdf78dce00d3398,105524015734477219822,Gods Unchained,GODS,18,93,219521,119974757999,175975,8773263,deprecated,0x5f575529,"swap(string aggregatorId, address tokenFrom, uint256 amount, bytes data)",11550082
13511453,1635502072,0x91dc49475b0fc09195dffe3bc3d0f202541d6ca287aa39636bc3a4080e8a9128,6711,0xede2b56725b3dcc214e0e8baf8515e5cf281e0af2b50dfbf1da2d2efd547d5b2,0x295685c8fe08d8192981d21ea1fe856a07443920,0xccc8cb5229b0ac8069c51fd58367fd1e622afd97,0x000000bd31c24a2bd2835028c8f1e4d9d3f37108,2384085371602036074796,Gods Unchained,GODS,18,6,700000,252000000000,163100,2425522,deprecated,0x2e9c38d3,,11550079
13511469,1635502299,0x5833adf4fc309225fe1bdb2ca429c303262d80331877c14a59cfa111ca46b1cd,360,0x15ae997ea65c2278ca2224b0e598b0e468e7ad26bcc5d0ab08a83eddb32f3bf9,0x295685c8fe08d8192981d21ea1fe856a07443920,0xccc8cb5229b0ac8069c51fd58367fd1e622afd97,0x986f5cb57183377199bc5f99c1bd3be8ada832ec,480098114995883244787,Gods Unchained,GODS,18,349,243144,119478841026,189481,22796200,deprecated,0x38ed1739,"swapExactTokensForTokens(uint256 amountIn, uint256 amountOutMin, address[] path, address to, uint256 deadline)",11550063
13511472,1635502327,0x7a9166f8c29f69ef09c8662f21d99be4d465675a807317943bbe832d3d6d2170,32,0xf1b78a2f92374699894278dca1c11256e32a6b5e016a7b9b70d2a57d9469cb37,0x295685c8fe08d8192981d21ea1fe856a07443920,0xccc8cb5229b0ac8069c51fd58367fd1e622afd97,0x74de5d4fcbf63e00296fd95d33236b9794016631,1177240180229785959646,Gods Unchained,GODS,18,97,207969,121337743560,175975,7035757,deprecated,0x5f575529,"swap(string aggregatorId, address tokenFrom, uint256 amount, bytes data)",11550060
13511472,1635502327,0x7a9166f8c29f69ef09c8662f21d99be4d465675a807317943bbe832d3d6d2170,32,0xf1b78a2f92374699894278dca1c11256e32a6b5e016a7b9b70d2a57d9469cb37,0x74de5d4fcbf63e00296fd95d33236b9794016631,0xccc8cb5229b0ac8069c51fd58367fd1e622afd97,0x94645951e250fe9a2bd75230e9b84db01f72b6c7,1177240180229785959646,Gods Unchained,GODS,18,97,207969,121337743560,175975,7035757,deprecated,0x5f575529,"swap(string aggregatorId, address tokenFrom, uint256 amount, bytes data)",11550060
13511484,1635502459,0x093a2051fb1a503ac89fef7c3ac385742868ef3e176595db82594bcfa9fb3b10,25195,0xd266b91590a29c6cb08f1090424d97c762d516a06a0a2983f5b6cb9cc6875050,0x295685c8fe08d8192981d21ea1fe856a07443920,0xccc8cb5229b0ac8069c51fd58367fd1e622afd97,0x0000000000d41c96294ccdac8612bdfe29c641af,491972746325692028977,Gods Unchained,GODS,18,13,126166,108612551281,106102,390758,deprecated,0x00000000,buyAndFree22457070633(uint256 amount),11550048
13511484,1635502459,0xa5cf13d5b33420cff27a9a296a66992fa8336c1f2f6fc6a69027bba5d6c786a1,774,0xd266b91590a29c6cb08f1090424d97c762d516a06a0a2983f5b6cb9cc6875050,0x295685c8fe08d8192981d21ea1fe856a07443920,0xccc8cb5229b0ac8069c51fd58367fd1e622afd97,0x3f436e96f7fbba9dbd764294c424b38e9ff3fff8,9945370043638210769043,Gods Unchained,GODS,18,14,243158,110112551281,183733,574491,deprecated,0x38ed1739,"swapExactTokensForTokens(uint256 amountIn, uint256 amountOutMin, address[] path, address to, uint256 deadline)",11550048
13511484,1635502459,0x218ec5acb663c1fb24b222d1b1e3f51fbd7cb3894e27e281a97dce7794d5d836,25196,0xd266b91590a29c6cb08f1090424d97c762d516a06a0a2983f5b6cb9cc6875050,0x0000000000d41c96294ccdac8612bdfe29c641af,0xccc8cb5229b0ac8069c51fd58367fd1e622afd97,0x295685c8fe08d8192981d21ea1fe856a07443920,491972746325692028976,Gods Unchained,GODS,18,15,98488,1427236715412,78524,653015,deprecated,0x00000001,relay1GsWnfsIQROy(),11550048
13511485,1635502471,0xa04ae07500ba048a3614a2fdb2a7216eb66a3f889c254e730d5c41fc39f980bf,127515,0x9bd1d870ebd213e71014aec398e35df13a5f117fc023b38197e3e4fb924f8266,0x0000006daea1723962647b7e189d311d757fb793,0xccc8cb5229b0ac8069c51fd58367fd1e622afd97,0x295685c8fe08d8192981d21ea1fe856a07443920,10161853650681343496529,Gods Unchained,GODS,18,2,320000,193424134382,136649,448064,deprecated,0x178979ae,,11550047
13511487,1635502489,0x5980474f73ddb1aa183ad1f6ff4a38883cfa884849d69c102a4a659223e49987,4321,0x830e60b579ca5c4b09b1803a30c74dc7835dabf3c4165cf60a46aaa468ad56c2,0x000000bd31c24a2bd2835028c8f1e4d9d3f37108,0xccc8cb5229b0ac8069c51fd58367fd1e622afd97,0x295685c8fe08d8192981d21ea1fe856a07443920,2384085371602036074796,Gods Unchained,GODS,18,0,700000,186000000000,140820,140820,deprecated,0x2e9c38d3,,11550045
13511493,1635502616,0x50d345d7594f6273d51540850e1d4e70c5399bc8666d4ca5af80c404fe4936f5,225,0xabbb786a501910c1072d97ff8a0f59736267ab69d63d119a191771c769e9f68d,0x295685c8fe08d8192981d21ea1fe856a07443920,0xccc8cb5229b0ac8069c51fd58367fd1e622afd97,0x97de953cde13fd813ac6bf8e3ad8735cc18a74b7,1020575239782228770005,Gods Unchained,GODS,18,133,147858,138115037931,117609,6280096,deprecated,0x38ed1739,"swapExactTokensForTokens(uint256 amountIn, uint256 amountOutMin, address[] path, address to, uint256 deadline)",11550039
13511494,1635502625,0x915f17e9b2b1b6430b6f22f0703410570f6ec20bf48e321750da37fd49148696,1,0xa6d028b53d57a5131aca30a261e806f64a29b7c18cf5426cc3b3d0fa5596e6f8,0x295685c8fe08d8192981d21ea1fe856a07443920,0xccc8cb5229b0ac8069c51fd58367fd1e622afd97,0x74de5d4fcbf63e00296fd95d33236b9794016631,20014301531307119649,Gods Unchained,GODS,18,747,207918,138549732647,175927,24718233,deprecated,0x5f575529,"swap(string aggregatorId, address tokenFrom, uint256 amount, bytes data)",11550038
13511494,1635502625,0x915f17e9b2b1b6430b6f22f0703410570f6ec20bf48e321750da37fd49148696,1,0xa6d028b53d57a5131aca30a261e806f64a29b7c18cf5426cc3b3d0fa5596e6f8,0x74de5d4fcbf63e00296fd95d33236b9794016631,0xccc8cb5229b0ac8069c51fd58367fd1e622afd97,0xf119707b1dafb664755d18b3f86d3d8e3758554b,20014301531307119649,Gods Unchained,GODS,18,747,207918,138549732647,175927,24718233,deprecated,0x5f575529,"swap(string aggregatorId, address tokenFrom, uint256 amount, bytes data)",11550038
13511497,1635502721,0x58cbbe2c751d722806461adab162eda30e055c363a004e980128c6e1ac276688,226,0x54a5de2401e0597ebc29e76b48324c456849470546133a3a967ec48077462082,0x97de953cde13fd813ac6bf8e3ad8735cc18a74b7,0xccc8cb5229b0ac8069c51fd58367fd1e622afd97,0x1336d87b62c486a12ae87476002c989a42ed0fe6,1020575239782228770005,Gods Unchained,GODS,18,146,52525,155000000000,47725,6118611,deprecated,0xa9059cbb,"transfer(address _to, uint256 _value)",11550035
13511512,1635502920,0x3a35dd1a741e0c8080caf6da14343a33d1b9041c1d8fc2d313821c52cf13d5e4,25197,0xfcaf7fc3d994e203957294bc45f15902b3fd65438174d94dc72d715b8023b125,0x295685c8fe08d8192981d21ea1fe856a07443920,0xccc8cb5229b0ac8069c51fd58367fd1e622afd97,0x0000000000d41c96294ccdac8612bdfe29c641af,245630270390770325398,Gods Unchained,GODS,18,3,109066,135324847254,89002,522930,deprecated,0x00000000,buyAndFree22457070633(uint256 amount),11550020
13511512,1635502920,0x4c5d4b3b89f53550477e9e43c4fffe329e04e8a6a9914f6b3a18b9afee931a57,775,0xfcaf7fc3d994e203957294bc45f15902b3fd65438174d94dc72d715b8023b125,0x295685c8fe08d8192981d21ea1fe856a07443920,0xccc8cb5229b0ac8069c51fd58367fd1e622afd97,0x3f436e96f7fbba9dbd764294c424b38e9ff3fff8,5446494369211572119363,Gods Unchained,GODS,18,4,222312,136824847254,166633,689563,deprecated,0x38ed1739,"swapExactTokensForTokens(uint256 amountIn, uint256 amountOutMin, address[] path, address to, uint256 deadline)",11550020
13511512,1635502920,0x255b99cb6714c49d451227b93959137ffe8242be3df3d18d6ead55540bcaf3b5,25198,0xfcaf7fc3d994e203957294bc45f15902b3fd65438174d94dc72d715b8023b125,0x0000000000d41c96294ccdac8612bdfe29c641af,0xccc8cb5229b0ac8069c51fd58367fd1e622afd97,0x295685c8fe08d8192981d21ea1fe856a07443920,245630270390770325398,Gods Unchained,GODS,18,5,98488,211093258174,78524,768087,deprecated,0x00000001,relay1GsWnfsIQROy(),11550020
13511513,1635502936,0x7beebc1da946b313e1c112b7d54ad108b1d48a9f168eab9b4b61d726a62d40b6,155071,0x4da5cd6af5ac563b8aca275d3de2a00c97a79d3132fadae482db3446313f48cf,0x0000006daea1723962647b7e189d311d757fb793,0xccc8cb5229b0ac8069c51fd58367fd1e622afd97,0x295685c8fe08d8192981d21ea1fe856a07443920,2137640348134007459095,Gods Unchained,GODS,18,7,320000,172430741902,136637,364787,deprecated,0x178979ae,,11550019
13511513,1635502936,0xf55c4474af3196bd7a82da919e1835821e7fa7c1c6181e3d7d6408bcbdba5967,48,0x4da5cd6af5ac563b8aca275d3de2a00c97a79d3132fadae482db3446313f48cf,0x1336d87b62c486a12ae87476002c989a42ed0fe6,0xccc8cb5229b0ac8069c51fd58367fd1e622afd97,0x6cc5f688a315f3dc28a7781717a9a798a59fda7b,1020575239782228770004,Gods Unchained,GODS,18,9,105000,168000000000,35437,421224,deprecated,0xa9059cbb,"transfer(address _to, uint256 _value)",11550019
13511524,1635503095,0x1bc8be5360dda40fd4b4426d2e76ff6ca5052c0eb1609bb979986390b14b1466,33,0x4fa5baba24ae71825060f5cb20e85813a7f30cb2680bf094ac63a7590d76369f,0x295685c8fe08d8192981d21ea1fe856a07443920,0xccc8cb5229b0ac8069c51fd58367fd1e622afd97,0x74de5d4fcbf63e00296fd95d33236b9794016631,1105204952602942151206,Gods Unchained,GODS,18,263,189527,119742109562,158875,24046698,deprecated,0x5f575529,"swap(string aggregatorId, address tokenFrom, uint256 amount, bytes data)",11550008
13511524,1635503095,0x1bc8be5360dda40fd4b4426d2e76ff6ca5052c0eb1609bb979986390b14b1466,33,0x4fa5baba24ae71825060f5cb20e85813a7f30cb2680bf094ac63a7590d76369f,0x74de5d4fcbf63e00296fd95d33236b9794016631,0xccc8cb5229b0ac8069c51fd58367fd1e622afd97,0x94645951e250fe9a2bd75230e9b84db01f72b6c7,1105204952602942151206,Gods Unchained,GODS,18,263,189527,119742109562,158875,24046698,deprecated,0x5f575529,"swap(string aggregatorId, address tokenFrom, uint256 amount, bytes data)",11550008
13511554,1635503516,0x87876766557e5d926febe3f82f5857b480500198294b64d4b13bd2c2fc265022,9,0xb966ada22a0c1c953c46ec639cdef1ed3c78e82dad02204c9c0a14cc87f9c1d4,0x295685c8fe08d8192981d21ea1fe856a07443920,0xccc8cb5229b0ac8069c51fd58367fd1e622afd97,0xb8afe32e4a4e782c916be6b22345baa42b856854,24136183717245592309,Gods Unchained,GODS,18,415,175786,136864568946,120981,28160254,deprecated,0x7ff36ab5,"swapExactETHForTokens(uint256 amountOutMin, address[] path, address to, uint256 deadline)",11549978
13511555,1635503555,0x8a5f6cedb4580d09b22810f654cf97f436e4f08bacdf5431d8d753bedf0f698c,776,0x7fec7a36a99e40283cf75ee87ff9d02a1c1000bc1c62eff01fce68fb8fecddf2,0x295685c8fe08d8192981d21ea1fe856a07443920,0xccc8cb5229b0ac8069c51fd58367fd1e622afd97,0x3f436e96f7fbba9dbd764294c424b38e9ff3fff8,4992790146260543510378,Gods Unchained,GODS,18,106,222312,153383261699,177193,9120681,deprecated,0x38ed1739,"swapExactTokensForTokens(uint256 amountIn, uint256 amountOutMin, address[] path, address to, uint256 deadline)",11549977
13511556,1635503558,0x1d1b282ec43b0675a0f8b1f1a51d04fd1d896878392029529a13de2250f9dd6a,122575,0x3f9170cffc2de496115959bf1cec1656eed9f08175b1ba05603ca6226b2fb44c,0x0000006daea1723962647b7e189d311d757fb793,0xccc8cb5229b0ac8069c51fd58367fd1e622afd97,0x295685c8fe08d8192981d21ea1fe856a07443920,1953635692969084560316,Gods Unchained,GODS,18,4,320000,184736133029,136637,1914732,deprecated,0x178979ae,,11549976
13511558,1635503586,0x28ae2ac516d185e1df949aadbccf1bb2ab9ae014a728aa14514b5db1bf444518,15,0x3c0ec04ac1a55cffbb771820ff8d27772eb4d74e37bec2ad0c237d262bc80c0d,0x295685c8fe08d8192981d21ea1fe856a07443920,0xccc8cb5229b0ac8069c51fd58367fd1e622afd97,0x74de5d4fcbf63e00296fd95d33236b9794016631,42459471829732715640,Gods Unchained,GODS,18,361,215777,146385602525,175939,26494372,deprecated,0x5f575529,"swap(string aggregatorId, address tokenFrom, uint256 amount, bytes data)",11549974
13511558,1635503586,0x28ae2ac516d185e1df949aadbccf1bb2ab9ae014a728aa14514b5db1bf444518,15,0x3c0ec04ac1a55cffbb771820ff8d27772eb4d74e37bec2ad0c237d262bc80c0d,0x74de5d4fcbf63e00296fd95d33236b9794016631,0xccc8cb5229b0ac8069c51fd58367fd1e622afd97,0x3ebed59f1b64fb49d56f5a07ad6ee1fcbaf83662,42459471829732715640,Gods Unchained,GODS,18,361,215777,146385602525,175939,26494372,deprecated,0x5f575529,"swap(string aggregatorId, address tokenFrom, uint256 amount, bytes data)",11549974
13511560,1635503620,0x8281657e092db76d3e224b431eb06c275d4ffd2dcb58960579e4cfd767b6d004,155077,0x270201202fa5b49f6122071a034002a3d27fed17350fe9efc66f79378e3feec3,0x0000006daea1723962647b7e189d311d757fb793,0xccc8cb5229b0ac8069c51fd58367fd1e622afd97,0x295685c8fe08d8192981d21ea1fe856a07443920,2040475648729353505783,Gods Unchained,GODS,18,24,320000,199588567621,136625,1607286,deprecated,0x178979ae,,11549972
13511563,1635503719,0x6f41a6940986ccb077733ce8434616b52ace7dc78c30f4558022a74ee38244f7,25199,0x51f52203cae3e77336c6f4668f1468d989b35c74cc49d79b4a2ce61d6514e976,0x295685c8fe08d8192981d21ea1fe856a07443920,0xccc8cb5229b0ac8069c51fd58367fd1e622afd97,0x0000000000d41c96294ccdac8612bdfe29c641af,2209874277637213796867,Gods Unchained,GODS,18,0,109066,156970957086,89002,89002,deprecated,0x00000000,buyAndFree22457070633(uint256 amount),11549969
13511563,1635503719,0xd982a6d5ebd79ed4e5a2d88a0dd543ebda047ccd8e883511415096f9e3696ebf,183,0x51f52203cae3e77336c6f4668f1468d989b35c74cc49d79b4a2ce61d6514e976,0x295685c8fe08d8192981d21ea1fe856a07443920,0xccc8cb5229b0ac8069c51fd58367fd1e622afd97,0xe5b240ccab16f5a6e1f53cfa20ce2b3edf3d4555,1000000000000000000000,Gods Unchained,GODS,18,1,183547,158470957086,110544,199546,deprecated,0xfb3bdb41,"swapETHForExactTokens(uint256 amountOut, address[] path, address to, uint256 deadline)",11549969
13511563,1635503719,0x9a3b8d3f31135f0e0989678aa703a579f3138c97bb0ea3674ab749961fdf76cb,25200,0x51f52203cae3e77336c6f4668f1468d989b35c74cc49d79b4a2ce61d6514e976,0x0000000000d41c96294ccdac8612bdfe29c641af,0xccc8cb5229b0ac8069c51fd58367fd1e622afd97,0x295685c8fe08d8192981d21ea1fe856a07443920,2209874277637213796867,Gods Unchained,GODS,18,2,98488,359550097922,78524,278070,deprecated,0x00000001,relay1GsWnfsIQROy(),11549969
13511563,1635503719,0x043a60c719f8cfe3aaa59812e06f94311f267719180ceaf1751a4616f8e07dc9,155078,0x51f52203cae3e77336c6f4668f1468d989b35c74cc49d79b4a2ce61d6514e976,0x0000006daea1723962647b7e189d311d757fb793,0xccc8cb5229b0ac8069c51fd58367fd1e622afd97,0x295685c8fe08d8192981d21ea1fe856a07443920,2088567464379396053593,Gods Unchained,GODS,18,6,320000,217710677448,126077,846345,deprecated,0x178979ae,,11549969
13511576,1635503919,0x2f88d8e99401df28611d64f4ce13f85b262f9b82827f9d43769e4ca0a19ba14d,3,0x5b03f3f1da9bf93cbe6f53220b8ee93d29dd0bce9515fe4e783f8d32a26e422c,0x295685c8fe08d8192981d21ea1fe856a07443920,0xccc8cb5229b0ac8069c51fd58367fd1e622afd97,0x74de5d4fcbf63e00296fd95d33236b9794016631,181617149892900013791,Gods Unchained,GODS,18,159,200815,156994397201,158875,7802062,deprecated,0x5f575529,"swap(string aggregatorId, address tokenFrom, uint256 amount, bytes data)",11549956
13511576,1635503919,0x2f88d8e99401df28611d64f4ce13f85b262f9b82827f9d43769e4ca0a19ba14d,3,0x5b03f3f1da9bf93cbe6f53220b8ee93d29dd0bce9515fe4e783f8d32a26e422c,0x74de5d4fcbf63e00296fd95d33236b9794016631,0xccc8cb5229b0ac8069c51fd58367fd1e622afd97,0xaa5a34c0f3bd981448a35f085fdf78dce00d3398,181617149892900013791,Gods Unchained,GODS,18,159,200815,156994397201,158875,7802062,deprecated,0x5f575529,"swap(string aggregatorId, address tokenFrom, uint256 amount, bytes data)",11549956
13511576,1635503919,0xbd41fb110dc1f667fc86065490e5e51894322e300e7b930f59c71efa09867c11,20,0x5b03f3f1da9bf93cbe6f53220b8ee93d29dd0bce9515fe4e783f8d32a26e422c,0x295685c8fe08d8192981d21ea1fe856a07443920,0xccc8cb5229b0ac8069c51fd58367fd1e622afd97,0xd1c2fdf13a2da1523a88d0d140935b09d91df04b,315972003553195000284,Gods Unchained,GODS,18,240,175786,156494397201,110421,14332344,deprecated,0x7ff36ab5,"swapExactETHForTokens(uint256 amountOutMin, address[] path, address to, uint256 deadline)",11549956
13511585,1635504012,0x3bd573f7262dfd44824c5d8205338c813d8b1c029776e1a87c31a6a2fcf73f6e,4,0x725172956e0fb3fb1dd357ca7dae05681ba548474af0d55810d07e1755137b23,0x295685c8fe08d8192981d21ea1fe856a07443920,0xccc8cb5229b0ac8069c51fd58367fd1e622afd97,0x74de5d4fcbf63e00296fd95d33236b9794016631,44976568678297149515,Gods Unchained,GODS,18,286,246428,137744856656,185657,22963829,deprecated,0x5f575529,"swap(string aggregatorId, address tokenFrom, uint256 amount, bytes data)",11549947
13511585,1635504012,0x3bd573f7262dfd44824c5d8205338c813d8b1c029776e1a87c31a6a2fcf73f6e,4,0x725172956e0fb3fb1dd357ca7dae05681ba548474af0d55810d07e1755137b23,0x74de5d4fcbf63e00296fd95d33236b9794016631,0xccc8cb5229b0ac8069c51fd58367fd1e622afd97,0x1e08a73ba8bb326db92d5e4dd1855e680ecfb02d,44976568678297149515,Gods Unchained,GODS,18,286,246428,137744856656,185657,22963829,deprecated,0x5f575529,"swap(string aggregatorId, address tokenFrom, uint256 amount, bytes data)",11549947
13511593,1635504133,0x8862e51470f55a002e566527a0ab2a87f5290b515315e91279f2d767def8f93d,155082,0x710fa5a35d6eee3ec625506f3b562b2cd30474c53bab33fcc274364db9afc25f,0x0000006daea1723962647b7e189d311d757fb793,0xccc8cb5229b0ac8069c51fd58367fd1e622afd97,0x295685c8fe08d8192981d21ea1fe856a07443920,2158556870792432621551,Gods Unchained,GODS,18,42,320000,176256202910,136637,2066954,deprecated,0x178979ae,,11549939
13511625,1635504536,0x58197ffea0378c2c5d005f089ccaaf6f97c08539c99bbf0d4cef3d1139f29ac0,2296,0x0be9747b4414c18fba8049c2874c7f2a9016626e8708e38e0bbbfc62027cd07e,0x295685c8fe08d8192981d21ea1fe856a07443920,0xccc8cb5229b0ac8069c51fd58367fd1e622afd97,0x0000000000003f5e74c1ba8a66b48e6f3d71ae82,4207668486708056814534,Gods Unchained,GODS,18,0,250000,1640541858390,109279,109279,deprecated,0x0000004d,,11549907
13511625,1635504536,0x8d3a63292aa7d346e112d5dd0a790facc373f3bd8de718b573620b2655e96540,11,0x0be9747b4414c18fba8049c2874c7f2a9016626e8708e38e0bbbfc62027cd07e,0x295685c8fe08d8192981d21ea1fe856a07443920,0xccc8cb5229b0ac8069c51fd58367fd1e622afd97,0x0c1fd8441c36b288ec0f77e12ca8ba27a27b28bf,4719284270124014027128,Gods Unchained,GODS,18,398,243144,132607115297,183721,24148932,deprecated,0x38ed1739,"swapExactTokensForTokens(uint256 amountIn, uint256 amountOutMin, address[] path, address to, uint256 deadline)",11549907
13511625,1635504536,0xc1ea71249cb364faee6cc44c316718011070d45e6800b3dc34fe8eb636fc1366,12502,0x0be9747b4414c18fba8049c2874c7f2a9016626e8708e38e0bbbfc62027cd07e,0x0000000000003f5e74c1ba8a66b48e6f3d71ae82,0xccc8cb5229b0ac8069c51fd58367fd1e622afd97,0x295685c8fe08d8192981d21ea1fe856a07443920,4207668486708056814533,Gods Unchained,GODS,18,399,250000,132607115297,84893,24233825,deprecated,0x00000046,,11549907
13511626,1635504570,0x483ffe41aec70c11762c5660911b1742b2b6790c91f3cdabe061db6b583c0c41,155085,0xb9832e6641a04c2abba9a7741e7d62ee24fde42046ec4291e623e8445b3220ba,0x0000006daea1723962647b7e189d311d757fb793,0xccc8cb5229b0ac8069c51fd58367fd1e622afd97,0x295685c8fe08d8192981d21ea1fe856a07443920,11209201840571928894111,Gods Unchained,GODS,18,13,320000,186237215280,136649,904578,deprecated,0x178979ae,,11549906
13511626,1635504570,0x571c08cc81d4efdafe8ee5824e33d1990978d25c3fe518f69daf07439e415b52,3901,0xb9832e6641a04c2abba9a7741e7d62ee24fde42046ec4291e623e8445b3220ba,0x295685c8fe08d8192981d21ea1fe856a07443920,0xccc8cb5229b0ac8069c51fd58367fd1e622afd97,0x94c43145d2ae2f99a65ac6efcca9bd73b6da8637,4396296265688960790391,Gods Unchained,GODS,18,20,350000,178920488719,107253,1321283,deprecated,0x6e8dbd9c,,11549906
13511634,1635504689,0x1adef9e33b6611576fd8282ebaaa7ebc3b060947a887304e6da344c368c8286d,76,0x27baa63e25d577903484df13d8a9ed488e9e96cb759f1342dd9ece49aed12a4b,0x295685c8fe08d8192981d21ea1fe856a07443920,0xccc8cb5229b0ac8069c51fd58367fd1e622afd97,0x510b23f91242d79dff04c4632b94eed8b7adf62c,400000000000000000000,Gods Unchained,GODS,18,34,224708,148352441407,178918,913042,deprecated,0x8803dbee,"swapTokensForExactTokens(uint256 amountOut, uint256 amountInMax, address[] path, address to, uint256 deadline)",11549898
13511654,1635504939,0xbc189a161036846c11df0e8cf58895327192c683b9a03f698032d3188939c329,77,0xd6cf10020290c175476b97d9f1e687a833615a2565a0de245d5066932de30af1,0x295685c8fe08d8192981d21ea1fe856a07443920,0xccc8cb5229b0ac8069c51fd58367fd1e622afd97,0x510b23f91242d79dff04c4632b94eed8b7adf62c,600000000000000000000,Gods Unchained,GODS,18,3,203862,116272081949,161818,504405,deprecated,0x8803dbee,"swapTokensForExactTokens(uint256 amountOut, uint256 amountInMax, address[] path, address to, uint256 deadline)",11549878
13511693,1635505599,0xc2f7a4b15261266508c9d4ec42b1c5d0f31056af0fc96ab2339476d737b260b2,284,0x80cbabd50a1e3c0bc29ec908e21207f2db1c31b666591b2e3564a8a11e6c572d,0x295685c8fe08d8192981d21ea1fe856a07443920,0xccc8cb5229b0ac8069c51fd58367fd1e622afd97,0x1bf7aba88a2c311b47920b01adecdb4307bc006a,290787890105869839122,Gods Unchained,GODS,18,259,175772,135894102989,120969,24936819,deprecated,0x7ff36ab5,"swapExactETHForTokens(uint256 amountOutMin, address[] path, address to, uint256 deadline)",11549839
13511700,1635505660,0xd0de449a84308bf9d880dfee039bf81ba5636debc11cabcfecb72f713fe3fb62,227,0x5c985685446e41320ca3c527d90e4a70da26ecd8fbcf2d744f7ad6ca799e47df,0x295685c8fe08d8192981d21ea1fe856a07443920,0xccc8cb5229b0ac8069c51fd58367fd1e622afd97,0x97de953cde13fd813ac6bf8e3ad8735cc18a74b7,956405898469944043824,Gods Unchained,GODS,18,254,147858,125925051111,117609,15830190,deprecated,0x38ed1739,"swapExactTokensForTokens(uint256 amountIn, uint256 amountOutMin, address[] path, address to, uint256 deadline)",11549832
13511706,1635505729,0xddd88b023a1745c4ecb9bf8bd925634db8d15f1990aa2682e94c571f6dd11177,228,0xf7f365027fc5be496dee3604d47070e0b8a292bcf779a416eaae62244a4535f7,0x97de953cde13fd813ac6bf8e3ad8735cc18a74b7,0xccc8cb5229b0ac8069c51fd58367fd1e622afd97,0x1336d87b62c486a12ae87476002c989a42ed0fe6,956405898469944043824,Gods Unchained,GODS,18,26,35425,133400000000,30625,1744672,deprecated,0xa9059cbb,"transfer(address _to, uint256 _value)",11549826
13511712,1635505818,0xa7792ae67295913e239afb8191c1f55504aa909ae3bb7710fd8004bb900d331c,49,0x90a2a0554dea71c432c57fc5fa2f8a559c9ee6c5a78b8d08179807514679e0c4,0x1336d87b62c486a12ae87476002c989a42ed0fe6,0xccc8cb5229b0ac8069c51fd58367fd1e622afd97,0x6cc5f688a315f3dc28a7781717a9a798a59fda7b,956405898469944043824,Gods Unchained,GODS,18,39,105000,148000000000,35437,1912916,deprecated,0xa9059cbb,"transfer(address _to, uint256 _value)",11549820
13511729,1635506019,0xc41eff5df8d97ccdd1a596dbf3113c3e71619f0ab83c28533d9c0c96a6b08f11,70,0x7513df68a81d637a86a889adf6edeeb91a12c46158c676bb52b202e402cc4b61,0x295685c8fe08d8192981d21ea1fe856a07443920,0xccc8cb5229b0ac8069c51fd58367fd1e622afd97,0xdb6caa6a73fcff3e32781604704e5d6455d568ff,94563582652659917931,Gods Unchained,GODS,18,276,175786,115558635462,120981,27562946,deprecated,0x7ff36ab5,"swapExactETHForTokens(uint256 amountOutMin, address[] path, address to, uint256 deadline)",11549803
13511768,1635506443,0x73047be6966b85baa314baeb16f91ccf4676bd65a2b60b9f20a2f8904aa611d7,705,0x8c12d0161c560c88c9eddc2fbc83247761a2d223c6e924f37edcc1a4a9c69a85,0x295685c8fe08d8192981d21ea1fe856a07443920,0xccc8cb5229b0ac8069c51fd58367fd1e622afd97,0x24ed568bd4722e8cd494ea97a627507fce5a9259,609985976501556548658,Gods Unchained,GODS,18,101,175786,118836272511,120981,7184156,deprecated,0x7ff36ab5,"swapExactETHForTokens(uint256 amountOutMin, address[] path, address to, uint256 deadline)",11549764
13511779,1635506572,0x0a24c1e06e1f6fc463ac848a80ab628741a54f40415a88c3cbd8b6057d00775e,707,0x0f8e3b700f45e250e435467a2309a6f02f3d38c88c7934540d8a1711be45e640,0x295685c8fe08d8192981d21ea1fe856a07443920,0xccc8cb5229b0ac8069c51fd58367fd1e622afd97,0x24ed568bd4722e8cd494ea97a627507fce5a9259,186069583189090928286,Gods Unchained,GODS,18,200,127011,127438074702,95709,9531158,deprecated,0x38ed1739,"swapExactTokensForTokens(uint256 amountIn, uint256 amountOutMin, address[] path, address to, uint256 deadline)",11549753
13511812,1635507031,0xacc15f4c92d470017d3b5fcbe14f76d0266d923518506c8a77618895d82c4fc0,87,0x2a5caae454cbd1e9b108e1db7aeb89314932da7da07df9bb414dccaa4cedb644,0x295685c8fe08d8192981d21ea1fe856a07443920,0xccc8cb5229b0ac8069c51fd58367fd1e622afd97,0x27843ff8de6f765ba1fca7526d57763867543347,425111923795138345902,Gods Unchained,GODS,18,272,175786,140332651154,120981,11674798,deprecated,0x7ff36ab5,"swapExactETHForTokens(uint256 amountOutMin, address[] path, address to, uint256 deadline)",11549720
13511813,1635507056,0x616f4686e8be301ea6d23fe2d282a7f6a57bf661c0d155668dd8d3fbec8cebf6,1,0x5abe2c7eb584bfe5e12b15598f6f65946133166a9b387a17903b831d225a0786,0x295685c8fe08d8192981d21ea1fe856a07443920,0xccc8cb5229b0ac8069c51fd58367fd1e622afd97,0x183c6ff7fc22c419ea8f1a699600b09cde2daea0,829469201994210609145,Gods Unchained,GODS,18,307,162898,153555063636,120969,13481147,deprecated,0x7ff36ab5,"swapExactETHForTokens(uint256 amountOutMin, address[] path, address to, uint256 deadline)",11549719
13511835,1635507306,0x41f12d7907778544298ab1740bee797ff6045708a8b35e5e9616d830fda59513,155096,0x4fbc8348fe49986a34af3ae6e4c6cc16c6c0b7d7453fb0b3094cb440d459d0cf,0x0000006daea1723962647b7e189d311d757fb793,0xccc8cb5229b0ac8069c51fd58367fd1e622afd97,0x295685c8fe08d8192981d21ea1fe856a07443920,2153041966111771745562,Gods Unchained,GODS,18,110,320000,154283676140,136637,6221669,deprecated,0x178979ae,,11549697
13511888,1635507975,0xd9782b0fbd26de9986f7168e3dcc2e102680fd7d13b173e890eee31a43917abf,155103,0x4bf8de7575815179f0c3942b9dfb118b27faf7a6ce70500383325a079ef88365,0x0000006daea1723962647b7e189d311d757fb793,0xccc8cb5229b0ac8069c51fd58367fd1e622afd97,0x295685c8fe08d8192981d21ea1fe856a07443920,2268634224766606645437,Gods Unchained,GODS,18,23,320000,206367774670,136637,1659326,deprecated,0x178979ae,,11549644
13511940,1635508598,0x5e89f143d3d539bf8c5779b7f27fb59f46feadb538691fb3254399e5eb74e7cb,0,0x19d64300163190f036513c911ce844f0c81a2460236d7bc0b3f7e95baaaebfa2,0x295685c8fe08d8192981d21ea1fe856a07443920,0xccc8cb5229b0ac8069c51fd58367fd1e622afd97,0xddd09a71737bae07765e3a05b234e0dc1baf1797,203230072090391613296,Gods Unchained,GODS,18,158,175786,104500000000,120981,8149980,deprecated,0x7ff36ab5,"swapExactETHForTokens(uint256 amountOutMin, address[] path, address to, uint256 deadline)",11549592
13511959,1635508981,0x44373b22091c5566466c41604146390fc0196cfd9f567480ba8e5c968555ec6d,82,0xf2e01d9b879df56c05543fce693fd88590208f5aaac0a85831f26a34dee1e59f,0x295685c8fe08d8192981d21ea1fe856a07443920,0xccc8cb5229b0ac8069c51fd58367fd1e622afd97,0x933e6f59c3f00f256fae0e814424c5b8ecf53737,20000000000000000000,Gods Unchained,GODS,18,20,183547,161521594244,128372,1214121,deprecated,0xfb3bdb41,"swapETHForExactTokens(uint256 amountOut, address[] path, address to, uint256 deadline)",11549573
13511960,1635508982,0xe213345d97a763ae27d93c94e21d3875b6911449e3afbd80409917ad93f99f5c,538,0x102bced4801091ce53af95125b1946387ff5a28db07474c4b34d5379cf4c6ac7,0x295685c8fe08d8192981d21ea1fe856a07443920,0xccc8cb5229b0ac8069c51fd58367fd1e622afd97,0x74de5d4fcbf63e00296fd95d33236b9794016631,1209555180011764461560,Gods Unchained,GODS,18,116,219521,164000000000,175975,6588506,deprecated,0x5f575529,"swap(string aggregatorId, address tokenFrom, uint256 amount, bytes data)",11549572
13511960,1635508982,0xe213345d97a763ae27d93c94e21d3875b6911449e3afbd80409917ad93f99f5c,538,0x102bced4801091ce53af95125b1946387ff5a28db07474c4b34d5379cf4c6ac7,0x74de5d4fcbf63e00296fd95d33236b9794016631,0xccc8cb5229b0ac8069c51fd58367fd1e622afd97,0xb4499d3f58fd2337248815c116a66fbee26921c3,1209555180011764461560,Gods Unchained,GODS,18,116,219521,164000000000,175975,6588506,deprecated,0x5f575529,"swap(string aggregatorId, address tokenFrom, uint256 amount, bytes data)",11549572
13511991,1635509437,0x161878809df33123dd7007e6ffd62564ac5674e1849416d80b73c04613396d33,1161,0xce96286d04216ece2fbeeb666ce9ea64ed9c431e1cbff297fcefec40654f17d2,0x295685c8fe08d8192981d21ea1fe856a07443920,0xccc8cb5229b0ac8069c51fd58367fd1e622afd97,0x1cb8df16bb649126c8e20ed26a9ef9eb3a436d67,500000000000000000000,Gods Unchained,GODS,18,184,183547,156200151808,128372,11559289,deprecated,0xfb3bdb41,"swapETHForExactTokens(uint256 amountOut, address[] path, address to, uint256 deadline)",11549541
13511992,1635509449,0x0a4f2da412063f263b53d15bd5d21c816173403bde563a6b2eee13917359e1f2,155115,0x353ea2864af2c7cbcc6c81992ba089a9df22324cd7e724f47af3ad88a218a2ed,0x0000006daea1723962647b7e189d311d757fb793,0xccc8cb5229b0ac8069c51fd58367fd1e622afd97,0x295685c8fe08d8192981d21ea1fe856a07443920,2276448301491103547827,Gods Unchained,GODS,18,8,320000,210870926782,136637,738098,deprecated,0x178979ae,,11549540
13512019,1635509759,0x40827e72d6ce9ffec79329358964d3930cda66d5cd2b162269f1dace0d99f78f,40,0x5ae661397a6ea8bf64f6fb3b875e5bfda3d909c9618da84ddb422cc76a3a7afa,0x5fdcca53617f4d2b9134b29090c87d01058e27e9,0xccc8cb5229b0ac8069c51fd58367fd1e622afd97,0xd12872e7b4e58e5e0d31e8508f0e60624a1246f2,383000000000000000000,Gods Unchained,GODS,18,260,98246,124135461346,91403,18484196,deprecated,0x441a3e70,"withdraw(uint256 _eth, uint256 _wei)",11549513
13512025,1635509835,0xfbe4c1cdd7b213bbc1fedc7ce667f1709541c9d3383ccbc6e073115c04d9c7e2,4733,0xe3a4bcfd7b945a13b1432b36a757ad0dbf0d29b050b8bc049c491eb7385bac84,0x94c43145d2ae2f99a65ac6efcca9bd73b6da8637,0xccc8cb5229b0ac8069c51fd58367fd1e622afd97,0x295685c8fe08d8192981d21ea1fe856a07443920,4396296265688960790391,Gods Unchained,GODS,18,16,800000,162602337733,100167,610212,deprecated,0x9ff3c452,,11549507
13512030,1635509890,0xf97665fdf65b29338be498e27d22f748ecad23dbe17a5a9412954dcee2320796,1165,0x5eda19481e47add4d4de8b97f0607225f3595a7595a8df74c2754c0248e3b51d,0x1cb8df16bb649126c8e20ed26a9ef9eb3a436d67,0xccc8cb5229b0ac8069c51fd58367fd1e622afd97,0x295685c8fe08d8192981d21ea1fe856a07443920,500000000000000000000,Gods Unchained,GODS,18,319,174207,130036836926,115791,23255974,deprecated,0x18cbafe5,"swapExactTokensForETH(uint256 amountIn, uint256 amountOutMin, address[] path, address to, uint256 deadline)",11549502
13512043,1635510052,0x6a054c64a6805ab6a3c6aa7fc71b86ccc27902c5efa389dab0ec8c4d4c9765ef,2680,0x09d8f3c60cf241f97dc706f1c7f6250d1ffbfb95398cfc61d30e67e518be4805,0xf88c6f6b080d2a43743d34920d15d9232db40cb8,0xccc8cb5229b0ac8069c51fd58367fd1e622afd97,0x295685c8fe08d8192981d21ea1fe856a07443920,469127186307431539053,Gods Unchained,GODS,18,173,174236,134596645528,115815,10650777,deprecated,0x18cbafe5,"swapExactTokensForETH(uint256 amountIn, uint256 amountOutMin, address[] path, address to, uint256 deadline)",11549489
13512066,1635510331,0xf53da4302fe41a43334274b2a8d3eca2ea534c811b430dd71bad6599d750e4ae,229,0x9da90a97f84344b55b3e13639d256ae9d97faf27258edea8822d637630946f19,0x295685c8fe08d8192981d21ea1fe856a07443920,0xccc8cb5229b0ac8069c51fd58367fd1e622afd97,0x97de953cde13fd813ac6bf8e3ad8735cc18a74b7,1104044323281211457681,Gods Unchained,GODS,18,235,147858,135009415211,112809,14074445,deprecated,0x38ed1739,"swapExactTokensForTokens(uint256 amountIn, uint256 amountOutMin, address[] path, address to, uint256 deadline)",11549466
13512073,1635510416,0xcf205bad64730eec8b2db9f49957e4e299d358ce842bc5ab2219f745e27ff12c,230,0x82268c1e523b5d9db0811648b2fb8adfaae36d7319c065dadcc4d8969200c1a7,0x295685c8fe08d8192981d21ea1fe856a07443920,0xccc8cb5229b0ac8069c51fd58367fd1e622afd97,0x97de953cde13fd813ac6bf8e3ad8735cc18a74b7,650850719164983453689,Gods Unchained,GODS,18,252,154940,147607126731,103881,13372872,deprecated,0x7ff36ab5,"swapExactETHForTokens(uint256 amountOutMin, address[] path, address to, uint256 deadline)",11549459
13512076,1635510439,0x8775c004ff6165f4fba1a890a48401727344cfed04342bc243e0042496436a98,231,0x3cd41e65f5132b36e4498e18a73967e0b53929656277babaae1fa08e094fe2e0,0x97de953cde13fd813ac6bf8e3ad8735cc18a74b7,0xccc8cb5229b0ac8069c51fd58367fd1e622afd97,0x1336d87b62c486a12ae87476002c989a42ed0fe6,1754895042446194911370,Gods Unchained,GODS,18,334,35425,139000000000,30625,23452394,deprecated,0xa9059cbb,"transfer(address _to, uint256 _value)",11549456
13512093,1635510776,0x95c9cbe9e66e38b5512d4ad835a2202f8e7d9a9c553a74d926c3222987cb0e61,50,0xadf8e1ef31fe0071a4a9bff0b21f0ac4e009f23e67316bfc7c6420ea1d61bd24,0x1336d87b62c486a12ae87476002c989a42ed0fe6,0xccc8cb5229b0ac8069c51fd58367fd1e622afd97,0x6cc5f688a315f3dc28a7781717a9a798a59fda7b,1754895042446194911370,Gods Unchained,GODS,18,232,105000,213000000000,35437,10328405,deprecated,0xa9059cbb,"transfer(address _to, uint256 _value)",11549439
13512093,1635510776,0x36b57090a28bb5abc26a08d23b1082eed7f21aeb77102570c7ec43a272eb42a5,102,0xadf8e1ef31fe0071a4a9bff0b21f0ac4e009f23e67316bfc7c6420ea1d61bd24,0x5fdcca53617f4d2b9134b29090c87d01058e27e9,0xccc8cb5229b0ac8069c51fd58367fd1e622afd97,0x0a752aa1f7fa95940ec5a8787da0e584213304e9,383000000000000000000,Gods Unchained,GODS,18,493,98246,197639961166,91403,24075499,deprecated,0x441a3e70,"withdraw(uint256 _eth, uint256 _wei)",11549439
13512104,1635510955,0xc0870996fbe2ab9f0f122b4bb5e1033208fad4d24c0df5037d9352e18ae0d317,2,0xddfbf04110abe203f906127003cff3c212ef6c8d74514ea5612a6d889ea0dd07,0x295685c8fe08d8192981d21ea1fe856a07443920,0xccc8cb5229b0ac8069c51fd58367fd1e622afd97,0x183c6ff7fc22c419ea8f1a699600b09cde2daea0,493238671521486488362,Gods Unchained,GODS,18,366,154926,176121500037,103869,22530966,deprecated,0x7ff36ab5,"swapExactETHForTokens(uint256 amountOutMin, address[] path, address to, uint256 deadline)",11549428
13512124,1635511234,0xdb8c31a435e54cc1e84e9bac26f2fa09b0b20754e339b9181caed78dd2e7f4f9,23,0xdab0ef0c3f3f7fd2a3f94438ad9d7e5374b8c86391966be5e615fa5c28e5aa94,0x5fdcca53617f4d2b9134b29090c87d01058e27e9,0xccc8cb5229b0ac8069c51fd58367fd1e622afd97,0x731770f54372c902ad8c8710568f31335efb5e19,383000000000000000000,Gods Unchained,GODS,18,376,98246,155661127305,91403,23582261,deprecated,0x441a3e70,"withdraw(uint256 _eth, uint256 _wei)",11549408
13512126,1635511265,0x4ee8bc688b539b3517a1c3a02362518d5a92135e36c0a962065b75a2ddf79ab0,103,0x69e2b414797815965628ea0081652e772b6167685e4c1b1b5d5837cc485a9daf,0x0a752aa1f7fa95940ec5a8787da0e584213304e9,0xccc8cb5229b0ac8069c51fd58367fd1e622afd97,0xd12872e7b4e58e5e0d31e8508f0e60624a1246f2,383000000000000000000,Gods Unchained,GODS,18,386,53119,158878199175,30613,22338400,deprecated,0xa9059cbb,"transfer(address _to, uint256 _value)",11549406
13512134,1635511398,0x7fc62d554794a55a3f934b20cdbee0d3b8337922d796e3a71827a0e2170f4c9c,24,0x4b38c03163d52c6c2a49b112d18dd755dc1c2198d73555595637345cebe6d2ea,0x731770f54372c902ad8c8710568f31335efb5e19,0xccc8cb5229b0ac8069c51fd58367fd1e622afd97,0xd12872e7b4e58e5e0d31e8508f0e60624a1246f2,383000000000000000000,Gods Unchained,GODS,18,287,53119,167606164916,30613,17579302,deprecated,0xa9059cbb,"transfer(address _to, uint256 _value)",11549398
13512136,1635511415,0x24a30c2b607148e4c753fed50df2356f9e4c5714f11b0fedbad33a646081c646,25,0x0288b80a857685077efada030e1263fc48635b40f7cb3cf1d1ebb0680a4e27d2,0x5fdcca53617f4d2b9134b29090c87d01058e27e9,0xccc8cb5229b0ac8069c51fd58367fd1e622afd97,0x731770f54372c902ad8c8710568f31335efb5e19,0,Gods Unchained,GODS,18,240,71930,159198164332,70703,15093251,deprecated,0x441a3e70,"withdraw(uint256 _eth, uint256 _wei)",11549396
13512139,1635511463,0x596f8b07c67afdce3a7ea29ee3467d66576868a32514c8527ffa9dcf86d7b311,463,0x07a15953935e07d4a8acab0fd155f295de7f5f039abfe2ddd4161c6e6f9ed289,0x295685c8fe08d8192981d21ea1fe856a07443920,0xccc8cb5229b0ac8069c51fd58367fd1e622afd97,0xbfb8135a676e03050f5b70f429d4e30b3ad8d333,1000000000000000000000,Gods Unchained,GODS,18,45,183547,158956691458,128372,3537511,deprecated,0xfb3bdb41,"swapETHForExactTokens(uint256 amountOut, address[] path, address to, uint256 deadline)",11549393
13512144,1635511493,0xcae37628456b806d651dd537ec60518370320ff7c5334f7eed2b439815ea3ca5,388,0xba8c50888e988875ce463c7fdaae65d6fd0434ea121b843e231f34fd2fa600e2,0x5fdcca53617f4d2b9134b29090c87d01058e27e9,0xccc8cb5229b0ac8069c51fd58367fd1e622afd97,0x2e507d9c7882d4ba3daf87a5b90c6ff9b095acd8,383000000000000000000,Gods Unchained,GODS,18,476,98246,132638634313,91403,25287370,deprecated,0x441a3e70,"withdraw(uint256 _eth, uint256 _wei)",11549388
13512149,1635511572,0x8961dbda3e993fe320bcba793f19757f692617a06d8c24515601de7d1b22d7f2,389,0x95b8887f7f68f63e48faac82a2fc0805010a110aefc7aed779cf56651d8c3a3d,0x2e507d9c7882d4ba3daf87a5b90c6ff9b095acd8,0xccc8cb5229b0ac8069c51fd58367fd1e622afd97,0xd12872e7b4e58e5e0d31e8508f0e60624a1246f2,383000000000000000000,Gods Unchained,GODS,18,424,53119,149779704525,30613,25231694,deprecated,0xa9059cbb,"transfer(address _to, uint256 _value)",11549383
13512156,1635511748,0x9df298a13ed1e6abb519a9514f95c8f8bb438d3003d1499bf7ece03b5a72207b,994,0x696c29848d78406a68d54ca4f3ce0fa004d53eb40617bd245c85af9366a01a82,0x5fdcca53617f4d2b9134b29090c87d01058e27e9,0xccc8cb5229b0ac8069c51fd58367fd1e622afd97,0xa8a8e1a68e8188afb8b13dc689732791d430f200,715000000000000000000,Gods Unchained,GODS,18,123,98246,177636949269,91403,7588344,deprecated,0x441a3e70,"withdraw(uint256 _eth, uint256 _wei)",11549376
13512163,1635511820,0x1d24551c480a8737997485588b3858c42f91ff7e94b3ca21d7295138677c1bfb,995,0xbc84fa171644a3a87a47b6473c24c5857a2db104ee85de3fd33f3f91d3752679,0xa8a8e1a68e8188afb8b13dc689732791d430f200,0xccc8cb5229b0ac8069c51fd58367fd1e622afd97,0xd12872e7b4e58e5e0d31e8508f0e60624a1246f2,715000000000000000000,Gods Unchained,GODS,18,109,53119,172608042132,30613,6015043,deprecated,0xa9059cbb,"transfer(address _to, uint256 _value)",11549369
13512176,1635511981,0x4b193f67fc0bcc139384feaa361d0862ec38904b6948cadb613cdd717a890a89,108,0x6f610e032be0f91860fa48467880b72530aba5a6bb984dada39130aa3ca1877e,0x5fdcca53617f4d2b9134b29090c87d01058e27e9,0xccc8cb5229b0ac8069c51fd58367fd1e622afd97,0x038f484b896eec06543b1f9d71119c0fcdc1a863,539000000000000000000,Gods Unchained,GODS,18,284,98246,154319112147,91403,18117534,deprecated,0x441a3e70,"withdraw(uint256 _eth, uint256 _wei)",11549356
13512185,1635512056,0xc21a9b662f68b3bfeccfdf6d97d12805192c1b57255952dc98ec34aaf96ad3c5,109,0x783c9dbfe5631d8c77f4f0a893f08fc0d32b1aedadd3c71ac8c777902a59ee92,0x038f484b896eec06543b1f9d71119c0fcdc1a863,0xccc8cb5229b0ac8069c51fd58367fd1e622afd97,0xd12872e7b4e58e5e0d31e8508f0e60624a1246f2,539000000000000000000,Gods Unchained,GODS,18,59,53119,140091308766,30613,6933426,deprecated,0xa9059cbb,"transfer(address _to, uint256 _value)",11549347
13512193,1635512158,0x7fe30d3f04b45de9fc231274745fb67a52c8cbe400c2da0e999d67f3c7e81ad2,3,0xd33e64faee664c3c6cf32ae7709efe5b7b56d6336e6f35046cc4d61b382341c0,0x295685c8fe08d8192981d21ea1fe856a07443920,0xccc8cb5229b0ac8069c51fd58367fd1e622afd97,0x75046d02f9d1411fc887106fb6b23adc307192dd,52235813605839878952,Gods Unchained,GODS,18,250,175786,137147913049,120981,13645346,deprecated,0x7ff36ab5,"swapExactETHForTokens(uint256 amountOutMin, address[] path, address to, uint256 deadline)",11549339
13512198,1635512241,0x8dd078993c39cfb1120d792633dcab9964016503ded5add2b0bb8db2b9c6a785,4,0xeaa528881020f2d7c57d7b7663a3699123fd5d83c89a765a3bb043424982b5cc,0x5fdcca53617f4d2b9134b29090c87d01058e27e9,0xccc8cb5229b0ac8069c51fd58367fd1e622afd97,0x151389e559a7acdb5ddb4e4d0b6b6895bea61d32,386000000000000000000,Gods Unchained,GODS,18,446,98246,148097139657,91403,22904435,deprecated,0x441a3e70,"withdraw(uint256 _eth, uint256 _wei)",11549334
13512206,1635512397,0xc3f9d6dc8b431c24e4fe4bafe5a6d8511b8bfd1ea033b70e197dc10ab442678e,5,0x4b82dd9b893987b98662946bc54ffed23d433dc0c76a3bd37b167eff672d5c29,0x151389e559a7acdb5ddb4e4d0b6b6895bea61d32,0xccc8cb5229b0ac8069c51fd58367fd1e622afd97,0xd12872e7b4e58e5e0d31e8508f0e60624a1246f2,386000000000000000000,Gods Unchained,GODS,18,327,53119,177433929308,30613,17633121,deprecated,0xa9059cbb,"transfer(address _to, uint256 _value)",11549326
13512210,1635512432,0xf0a66936950c28481527925b237e468f41bff0f3e4efded27adc355e052674e8,636,0xcaf35739fa844f7391134c984461da35e682f6137dad0ed87550d8350bff81af,0x295685c8fe08d8192981d21ea1fe856a07443920,0xccc8cb5229b0ac8069c51fd58367fd1e622afd97,0xc1d1e1003c7443288fe7dd8104fb2afde4bc0562,673999260146579813669,Gods Unchained,GODS,18,124,175772,162624406650,120969,6506371,deprecated,0x7ff36ab5,"swapExactETHForTokens(uint256 amountOutMin, address[] path, address to, uint256 deadline)",11549322
13512224,1635512607,0x471a2c102cf3660c67cfd70d785fba08cdedcf0e1231786e128462b5962245af,5,0xf4fca501de82ef6acfbabba620310ae3dbfb2ce6b940acc0d913fd2c12ea460d,0x295685c8fe08d8192981d21ea1fe856a07443920,0xccc8cb5229b0ac8069c51fd58367fd1e622afd97,0x75046d02f9d1411fc887106fb6b23adc307192dd,256745657589151806839,Gods Unchained,GODS,18,339,154940,157746389158,103881,20117114,deprecated,0x7ff36ab5,"swapExactETHForTokens(uint256 amountOutMin, address[] path, address to, uint256 deadline)",11549308
13512233,1635512732,0xc2d50612c13c8dc1e758b1ff4df16dd1cf508a50d27a1d4d7059475ede7668d8,43,0xba542f689585b46ff31c11500505ed5e2f298b6b6861ae4f12d75799b13324dd,0xd12872e7b4e58e5e0d31e8508f0e60624a1246f2,0xccc8cb5229b0ac8069c51fd58367fd1e622afd97,0x74de5d4fcbf63e00296fd95d33236b9794016631,3172000000000000000000,Gods Unchained,GODS,18,83,254060,172472033235,195166,4205947,deprecated,0x5f575529,"swap(string aggregatorId, address tokenFrom, uint256 amount, bytes data)",11549299
13512233,1635512732,0xc2d50612c13c8dc1e758b1ff4df16dd1cf508a50d27a1d4d7059475ede7668d8,43,0xba542f689585b46ff31c11500505ed5e2f298b6b6861ae4f12d75799b13324dd,0x74de5d4fcbf63e00296fd95d33236b9794016631,0xccc8cb5229b0ac8069c51fd58367fd1e622afd97,0x295685c8fe08d8192981d21ea1fe856a07443920,3172000000000000000000,Gods Unchained,GODS,18,83,254060,172472033235,195166,4205947,deprecated,0x5f575529,"swap(string aggregatorId, address tokenFrom, uint256 amount, bytes data)",11549299
13512259,1635513034,0xd9560ad4e878278ef315aff87d3de067e05906d93951d8a3f651eb898b9b5d15,540,0x50477b5c8e0321b4a84f2d7ac190e9f7c069395d75ec3d65c89efa67b421a3f6,0xb4499d3f58fd2337248815c116a66fbee26921c3,0xccc8cb5229b0ac8069c51fd58367fd1e622afd97,0x74de5d4fcbf63e00296fd95d33236b9794016631,1209555180011764461560,Gods Unchained,GODS,18,41,223164,164000000000,173452,1942414,deprecated,0x5f575529,"swap(string aggregatorId, address tokenFrom, uint256 amount, bytes data)",11549273
13512259,1635513034,0xd9560ad4e878278ef315aff87d3de067e05906d93951d8a3f651eb898b9b5d15,540,0x50477b5c8e0321b4a84f2d7ac190e9f7c069395d75ec3d65c89efa67b421a3f6,0x74de5d4fcbf63e00296fd95d33236b9794016631,0xccc8cb5229b0ac8069c51fd58367fd1e622afd97,0x295685c8fe08d8192981d21ea1fe856a07443920,1209555180011764461560,Gods Unchained,GODS,18,41,223164,164000000000,173452,1942414,deprecated,0x5f575529,"swap(string aggregatorId, address tokenFrom, uint256 amount, bytes data)",11549273
13512265,1635513075,0x4f66382610881db5b3d23289f70ad79284e7a11aadcebf75437f63bb6e315eb4,427,0x1e847b605e30d24ad14dc3a8e6e572bcec7721a3c21927177fc0eac36f6f5185,0x295685c8fe08d8192981d21ea1fe856a07443920,0xccc8cb5229b0ac8069c51fd58367fd1e622afd97,0xdbcfd333629f6b02f150d36e087d48b67bdf43de,700000000000000000000,Gods Unchained,GODS,18,142,183547,160013899663,128372,9039511,deprecated,0xfb3bdb41,"swapETHForExactTokens(uint256 amountOut, address[] path, address to, uint256 deadline)",11549267
13512283,1635513326,0x8eb5a0274e5f7387d07250312b7e51c470eb994e135988ef114e09da82a26a1b,605,0x20e34ce77979b54f3af27cc4de2db4a07cf028ab6da44b1e817320743a0b8843,0x295685c8fe08d8192981d21ea1fe856a07443920,0xccc8cb5229b0ac8069c51fd58367fd1e622afd97,0x6c15b41105a01119211a9a9afb081e9d6a82b6ab,110260542939413451404,Gods Unchained,GODS,18,48,175786,153152124551,120981,3138082,deprecated,0x7ff36ab5,"swapExactETHForTokens(uint256 amountOutMin, address[] path, address to, uint256 deadline)",11549249
13512296,1635513420,0xf6e61a522ace7c8f3f4dac8520352219f3ef2ed1c2211646c8a7e40a84643420,2,0x41bb7bfd01b6f612b5d2288cca4656aaa3485b2136631ae86dc55a1bbdff85ab,0x295685c8fe08d8192981d21ea1fe856a07443920,0xccc8cb5229b0ac8069c51fd58367fd1e622afd97,0x2ea086e5f363e0289ecd73da07424283f6b739a4,142975466594502862385,Gods Unchained,GODS,18,347,172786,147196319640,120981,17114113,deprecated,0x7ff36ab5,"swapExactETHForTokens(uint256 amountOutMin, address[] path, address to, uint256 deadline)",11549236
13512312,1635513692,0x6d0bc9f316ede48f982741495c32e78e21e4fcd0d1f1fd3d5588c4f83f3fa7b9,232,0x8d29cf45e04d49550faccb000ab0e3cf43a065f454e7175e06251beda0bac2ca,0x295685c8fe08d8192981d21ea1fe856a07443920,0xccc8cb5229b0ac8069c51fd58367fd1e622afd97,0x97de953cde13fd813ac6bf8e3ad8735cc18a74b7,2149169750156894421305,Gods Unchained,GODS,18,240,175786,164323210344,120981,14480136,deprecated,0x7ff36ab5,"swapExactETHForTokens(uint256 amountOutMin, address[] path, address to, uint256 deadline)",11549220
13512330,1635513890,0xa3b1d840b7d8789879e4e01c4ffd4de4a5cdd5e11e6ff62bf42f9aeabe0d7d43,233,0x3ee55c8c170382afcf309078afe9165fd5d70d137a18d4dd18d1f508c7f88c43,0x97de953cde13fd813ac6bf8e3ad8735cc18a74b7,0xccc8cb5229b0ac8069c51fd58367fd1e622afd97,0x1336d87b62c486a12ae87476002c989a42ed0fe6,2149169000000000000000,Gods Unchained,GODS,18,129,35413,148000000000,35413,7460820,deprecated,0xa9059cbb,"transfer(address _to, uint256 _value)",11549202
13512339,1635513991,0x2940718fd0ee49d0f12f319e893499f82ab47c16181b58d4a37087bdc99073f3,51,0xe4fdd9fbfdedc95e04703e31d532809b0b3dc6bee05ac0c17f1719563212a2ad,0x1336d87b62c486a12ae87476002c989a42ed0fe6,0xccc8cb5229b0ac8069c51fd58367fd1e622afd97,0x6cc5f688a315f3dc28a7781717a9a798a59fda7b,2149169000000000000000,Gods Unchained,GODS,18,206,105000,183000000000,35425,9127232,deprecated,0xa9059cbb,"transfer(address _to, uint256 _value)",11549193
13512356,1635514250,0xc13d2ec5cff470e24bf96777e84af3fda79e8c8c07845f5a538e1388a6a7d359,35801,0x1267c589a0a9475e324fdbac7a1055be4908725d65a026393906fe5af0cf4b07,0x295685c8fe08d8192981d21ea1fe856a07443920,0xccc8cb5229b0ac8069c51fd58367fd1e622afd97,0x0000006daea1723962647b7e189d311d757fb793,2374352631673854630185,Gods Unchained,GODS,18,57,320000,206956946484,126491,2760992,deprecated,0x178979ae,,11549176
13512377,1635514473,0x3383a3df66be7502eb5f8f368fb6175aa652ed94a7f1b713af6edffa296f3751,35802,0x6389eae5f35cf3c21a9b66b62ab7e5ddf28998f5fa3babdcf34098a8354dfb29,0x295685c8fe08d8192981d21ea1fe856a07443920,0xccc8cb5229b0ac8069c51fd58367fd1e622afd97,0x0000006daea1723962647b7e189d311d757fb793,2262335326319526479040,Gods Unchained,GODS,18,2,320000,201643269002,126491,316700,deprecated,0x178979ae,,11549155
13512401,1635514765,0x125d02ebe030e116b05ee03d07039eee6c69f42f383e469589761dc82a78ca70,3,0xcee87060eef3b5cfb7e6c0484a8aacb5c70b8ce97839f89c51cbf6e26b3e336b,0x295685c8fe08d8192981d21ea1fe856a07443920,0xccc8cb5229b0ac8069c51fd58367fd1e622afd97,0xff2823fd4a5ea7b9ebc7691fd1b9e2e9df910479,95279663898833758147,Gods Unchained,GODS,18,77,175772,195796359101,120969,3449141,deprecated,0x7ff36ab5,"swapExactETHForTokens(uint256 amountOutMin, address[] path, address to, uint256 deadline)",11549131
13512431,1635515281,0xb2d6d338417dc36395b859f9641e99166f0b4a2b64eb123d91f44515e6f3f355,147,0xa3e797221d13e9f512a002b0697ad291fc3cc09df5c9a8150f14499efec72f2d,0x295685c8fe08d8192981d21ea1fe856a07443920,0xccc8cb5229b0ac8069c51fd58367fd1e622afd97,0xe868a0a9b9ec745c14d1c342cdbada009db88cb3,468773053395285547875,Gods Unchained,GODS,18,322,147858,179760227760,112809,19436221,deprecated,0x38ed1739,"swapExactTokensForTokens(uint256 amountIn, uint256 amountOutMin, address[] path, address to, uint256 deadline)",11549101
13512439,1635515400,0x727ffd9f93da3d62d85fb376f04d05d08b83b0372f222b9e5aa84014c0479b4d,234,0x3abac655c4d1fbd560102244e69b5bc4ae3e6ccb38b27cf0703a39e630e8b467,0x295685c8fe08d8192981d21ea1fe856a07443920,0xccc8cb5229b0ac8069c51fd58367fd1e622afd97,0x97de953cde13fd813ac6bf8e3ad8735cc18a74b7,932719434416187587058,Gods Unchained,GODS,18,236,154940,203142539949,103881,14794697,deprecated,0x7ff36ab5,"swapExactETHForTokens(uint256 amountOutMin, address[] path, address to, uint256 deadline)",11549093
13512443,1635515466,0xaf1e35acc077ae8b57b07a85de7374185359262ccea07889ef18a670f6924274,1,0xb039bf1c5d4748bee1d18f9674a0ab12e2c7171503bbe2d4fe647da9bcb5c5f0,0x295685c8fe08d8192981d21ea1fe856a07443920,0xccc8cb5229b0ac8069c51fd58367fd1e622afd97,0x74de5d4fcbf63e00296fd95d33236b9794016631,273739821231236850522,Gods Unchained,GODS,18,119,219521,203022197219,175975,6258504,deprecated,0x5f575529,"swap(string aggregatorId, address tokenFrom, uint256 amount, bytes data)",11549089
13512443,1635515466,0xaf1e35acc077ae8b57b07a85de7374185359262ccea07889ef18a670f6924274,1,0xb039bf1c5d4748bee1d18f9674a0ab12e2c7171503bbe2d4fe647da9bcb5c5f0,0x74de5d4fcbf63e00296fd95d33236b9794016631,0xccc8cb5229b0ac8069c51fd58367fd1e622afd97,0x262bc1485afac19d21e6d3fc42712e439d81ba5d,273739821231236850522,Gods Unchained,GODS,18,119,219521,203022197219,175975,6258504,deprecated,0x5f575529,"swap(string aggregatorId, address tokenFrom, uint256 amount, bytes data)",11549089
13512451,1635515540,0x43e551aeabc37d272024dcd96307696ad8bacebca2d43894fd55941ba7e9be4d,552,0x1ee488623bb727e90d6a1a68c525407e8d63bc0e18708fe42b668fd78815ef8f,0x295685c8fe08d8192981d21ea1fe856a07443920,0xccc8cb5229b0ac8069c51fd58367fd1e622afd97,0xf68f2092d7eb6e024f48432279bb76aad8feca1e,44049291662685895166,Gods Unchained,GODS,18,61,175786,223981941797,120981,2696359,deprecated,0x7ff36ab5,"swapExactETHForTokens(uint256 amountOutMin, address[] path, address to, uint256 deadline)",11549081
13512463,1635515753,0x3b1e4bbfac6bb614a0564f2a8a7eb554e9e00f6beef11e8c46de160d4f96aff2,146,0x090cfb575ab6b89455b03a0cf216844960907e499fdd178232304d61d55ccae6,0x295685c8fe08d8192981d21ea1fe856a07443920,0xccc8cb5229b0ac8069c51fd58367fd1e622afd97,0x54e250ea9b59f4d627b7c35570e7acd688916ba6,456143289623759432917,Gods Unchained,GODS,18,145,175786,187000000000,120981,14563461,deprecated,0x7ff36ab5,"swapExactETHForTokens(uint256 amountOutMin, address[] path, address to, uint256 deadline)",11549069
13512478,1635516094,0xb7d0cc4bc5e7b49c80a1eaef28a578a41a7fa38fcf9eb241e7b0fda90c54e9e4,129,0x28ced36560065143f4a0a4d1550623a5202dfad705c81667d8a7d44864c2b126,0x295685c8fe08d8192981d21ea1fe856a07443920,0xccc8cb5229b0ac8069c51fd58367fd1e622afd97,0x74de5d4fcbf63e00296fd95d33236b9794016631,616621479699078287764,Gods Unchained,GODS,18,123,219521,294087860426,175975,4942790,deprecated,0x5f575529,"swap(string aggregatorId, address tokenFrom, uint256 amount, bytes data)",11549054
13512478,1635516094,0xb7d0cc4bc5e7b49c80a1eaef28a578a41a7fa38fcf9eb241e7b0fda90c54e9e4,129,0x28ced36560065143f4a0a4d1550623a5202dfad705c81667d8a7d44864c2b126,0x74de5d4fcbf63e00296fd95d33236b9794016631,0xccc8cb5229b0ac8069c51fd58367fd1e622afd97,0x0a8406fec2aefecabd68eb48cd1294da573a4818,616621479699078287764,Gods Unchained,GODS,18,123,219521,294087860426,175975,4942790,deprecated,0x5f575529,"swap(string aggregatorId, address tokenFrom, uint256 amount, bytes data)",11549054
13512509,1635516468,0x466a37e312b87ea3f396d7487ca83c531628e2ced83ce5779f1f4a74a55073d8,235,0xf42c9b3c3b997f21ce4a450cd78ae889404a42f34d737f2f27f128b3ce9465ef,0x295685c8fe08d8192981d21ea1fe856a07443920,0xccc8cb5229b0ac8069c51fd58367fd1e622afd97,0x97de953cde13fd813ac6bf8e3ad8735cc18a74b7,886591381810116024303,Gods Unchained,GODS,18,239,154940,168320647248,103881,12730174,deprecated,0x7ff36ab5,"swapExactETHForTokens(uint256 amountOutMin, address[] path, address to, uint256 deadline)",11549023
13512522,1635516665,0xb46c6820e5ea852b44612e917b290584d61187989f7304944f8bc1267aa9a852,25233,0xfa757fd29089ad06d67feeada8d01730482434454d9b59bd63b4c0627394a9e1,0x295685c8fe08d8192981d21ea1fe856a07443920,0xccc8cb5229b0ac8069c51fd58367fd1e622afd97,0x0000000000d41c96294ccdac8612bdfe29c641af,2192159760984006045194,Gods Unchained,GODS,18,0,109066,193812458532,89002,89002,deprecated,0x00000000,buyAndFree22457070633(uint256 amount),11549010
13512522,1635516665,0xf9614e675952e0efdbb3796c12e8412d76b3613a53ac643cb0e0be13209217ef,48,0xfa757fd29089ad06d67feeada8d01730482434454d9b59bd63b4c0627394a9e1,0x295685c8fe08d8192981d21ea1fe856a07443920,0xccc8cb5229b0ac8069c51fd58367fd1e622afd97,0xb4b2123c291e57ad47ef8d63e467c7abe01988a8,3525986933977896852339,Gods Unchained,GODS,18,1,175786,195312458532,110421,199423,deprecated,0x7ff36ab5,"swapExactETHForTokens(uint256 amountOutMin, address[] path, address to, uint256 deadline)",11549010
13512522,1635516665,0x48d226d7ec324c9b7f9b9887920b19a933d9f5e98d65c69dcf59734206785151,25234,0xfa757fd29089ad06d67feeada8d01730482434454d9b59bd63b4c0627394a9e1,0x0000000000d41c96294ccdac8612bdfe29c641af,0xccc8cb5229b0ac8069c51fd58367fd1e622afd97,0x295685c8fe08d8192981d21ea1fe856a07443920,2192159760984006045194,Gods Unchained,GODS,18,2,98488,2346302665563,78524,277947,deprecated,0x00000001,relay1GsWnfsIQROy(),11549010
13512522,1635516665,0xbd37ba32a846b3db1242a2141a9be1c78655b15fd4ac2e53cc40a37595b600e1,155167,0xfa757fd29089ad06d67feeada8d01730482434454d9b59bd63b4c0627394a9e1,0x0000006daea1723962647b7e189d311d757fb793,0xccc8cb5229b0ac8069c51fd58367fd1e622afd97,0x295685c8fe08d8192981d21ea1fe856a07443920,10492905774048209763874,Gods Unchained,GODS,18,104,320000,268864176951,126089,6072155,deprecated,0x178979ae,,11549010
13512522,1635516665,0x9a01facbf1d3fe645f5238ca93eb9dbee4eb83af1d6c8e2cf11ce421bb075555,4739,0xfa757fd29089ad06d67feeada8d01730482434454d9b59bd63b4c0627394a9e1,0x295685c8fe08d8192981d21ea1fe856a07443920,0xccc8cb5229b0ac8069c51fd58367fd1e622afd97,0x94c43145d2ae2f99a65ac6efcca9bd73b6da8637,4205253178729197071682,Gods Unchained,GODS,18,157,350000,225312458532,107253,8249678,deprecated,0x6e8dbd9c,,11549010
13512548,1635517111,0xf25a21818803f73c8812137fed47180b22cd97246dee67d8fc72ee593bdc63b3,14,0x90ae356208603b4e2b152788e7ce04a3c025ad569e502b0fb7cbdd4453b6a99f,0x295685c8fe08d8192981d21ea1fe856a07443920,0xccc8cb5229b0ac8069c51fd58367fd1e622afd97,0x27239549dd40e1d60f5b80b0c4196923745b1fd2,1361391798324781021114,Gods Unchained,GODS,18,257,424015,212170511221,301473,12739059,deprecated,0x7c025200,0x7c025200(),11548984
13512548,1635517111,0xf25a21818803f73c8812137fed47180b22cd97246dee67d8fc72ee593bdc63b3,14,0x90ae356208603b4e2b152788e7ce04a3c025ad569e502b0fb7cbdd4453b6a99f,0x27239549dd40e1d60f5b80b0c4196923745b1fd2,0xccc8cb5229b0ac8069c51fd58367fd1e622afd97,0xab2c134a066fee127dba1afb5d8246dbc375ba64,1361391798324781021114,Gods Unchained,GODS,18,257,424015,212170511221,301473,12739059,deprecated,0x7c025200,0x7c025200(),11548984
13512575,1635517521,0x7f62d11c57125a5e6bbc1201ecde017cc2112a14e12406d4ea8614ac30b34ceb,4120,0xe8b6036af35590a12512a7b42a076567306744683c9b184b68e37b8dddeac302,0x94c43145d2ae2f99a65ac6efcca9bd73b6da8637,0xccc8cb5229b0ac8069c51fd58367fd1e622afd97,0x295685c8fe08d8192981d21ea1fe856a07443920,4205253178729197071682,Gods Unchained,GODS,18,101,800000,226759234332,100167,5095105,deprecated,0x9ff3c452,,11548957
13512578,1635517542,0xa7e60b2a63b3fb3dd2064bf75ec5de97b70ae68c2bf2750024b6df55285e55d1,155173,0x9cf1ce03489971d50105f5db8a6f30c0da72ae9bc17b3d1f011d72b7ba0a3a05,0x295685c8fe08d8192981d21ea1fe856a07443920,0xccc8cb5229b0ac8069c51fd58367fd1e622afd97,0x0000006daea1723962647b7e189d311d757fb793,2225394508968648844466,Gods Unchained,GODS,18,88,320000,248953826554,126491,5598530,deprecated,0x178979ae,,11548954
13512588,1635517680,0x0688dde6e5635449d830d078215585bf10ef3852ba7af1bd1835f2b60aa02714,388,0xefe4bf59a39be27e59643b7d92b86ae94c07c4bea2bb6390b91b976b894832d1,0x295685c8fe08d8192981d21ea1fe856a07443920,0xccc8cb5229b0ac8069c51fd58367fd1e622afd97,0x672af09e60806646e9df0411b31aa8bfdd2579ca,2000000000000000000000,Gods Unchained,GODS,18,214,183547,176338898570,128372,15124075,deprecated,0xfb3bdb41,"swapETHForExactTokens(uint256 amountOut, address[] path, address to, uint256 deadline)",11548944
13512618,1635518019,0x61a8375ee96e78aa295c386be4e4d8f48b2d3b785db7576e875a38a9619e4586,25241,0x434086cd37a6c2b6ad6511437b16d02e3d9915b0d601337b9d3fff82e2981467,0x295685c8fe08d8192981d21ea1fe856a07443920,0xccc8cb5229b0ac8069c51fd58367fd1e622afd97,0x0000000000d41c96294ccdac8612bdfe29c641af,236084493048224660860,Gods Unchained,GODS,18,0,109066,140585544493,89002,89002,deprecated,0x00000000,buyAndFree22457070633(uint256 amount),11548914
13512618,1635518019,0x8d61a5ba082147af16c2fff892ca68c186651feedc98acf167c95ee0002bb7f9,3549,0x434086cd37a6c2b6ad6511437b16d02e3d9915b0d601337b9d3fff82e2981467,0x295685c8fe08d8192981d21ea1fe856a07443920,0xccc8cb5229b0ac8069c51fd58367fd1e622afd97,0xe4d3df079fbef6529c893ee4e9298711d480ff35,8181301450860097092846,Gods Unchained,GODS,18,1,175801,142085544493,110433,199435,deprecated,0x7ff36ab5,"swapExactETHForTokens(uint256 amountOutMin, address[] path, address to, uint256 deadline)",11548914
13512618,1635518019,0x6a77ddc9a2e41116e1f435ecbd17bce318584b6f26991654eb2b26ea351ac6dc,25242,0x434086cd37a6c2b6ad6511437b16d02e3d9915b0d601337b9d3fff82e2981467,0x0000000000d41c96294ccdac8612bdfe29c641af,0xccc8cb5229b0ac8069c51fd58367fd1e622afd97,0x295685c8fe08d8192981d21ea1fe856a07443920,236084493048224660860,Gods Unchained,GODS,18,2,98488,498341334807,78524,277959,deprecated,0x00000001,relay1GsWnfsIQROy(),11548914
13512622,1635518109,0xf289d56b6066247a992406261fa46bdd2f7388a242eead287b21c1b7d0122f73,238,0xcc6c81f75ac75f00982680bb2236ce15bb480380eacbc6a3c74cd2148f51d039,0x97de953cde13fd813ac6bf8e3ad8735cc18a74b7,0xccc8cb5229b0ac8069c51fd58367fd1e622afd97,0x295685c8fe08d8192981d21ea1fe856a07443920,1819311566383198032666,Gods Unchained,GODS,18,16,243576,287437401561,179066,1239099,deprecated,0x38ed1739,"swapExactTokensForTokens(uint256 amountIn, uint256 amountOutMin, address[] path, address to, uint256 deadline)",11548910
13512622,1635518109,0xcf74b0ad6a973e0abda9606ee54e57d8a2c8c865f9acb73f6e708194a0841cc9,155177,0xcc6c81f75ac75f00982680bb2236ce15bb480380eacbc6a3c74cd2148f51d039,0x0000006daea1723962647b7e189d311d757fb793,0xccc8cb5229b0ac8069c51fd58367fd1e622afd97,0x295685c8fe08d8192981d21ea1fe856a07443920,7920984179611587782570,Gods Unchained,GODS,18,40,320000,232425000000,126089,2266786,deprecated,0x178979ae,,11548910
13512629,1635518198,0x996c8ab5e87a73376971330595e4ac111aeb0ffc349bf2a58da0cd00abcd8577,155178,0x57c3db7835969dae63fb9f848ed38051cedd07de6d9f50628a2a9875e3366550,0x295685c8fe08d8192981d21ea1fe856a07443920,0xccc8cb5229b0ac8069c51fd58367fd1e622afd97,0x0000006daea1723962647b7e189d311d757fb793,2101801105872521347180,Gods Unchained,GODS,18,25,320000,226836189648,126491,1427704,deprecated,0x178979ae,,11548903
13512636,1635518273,0xa462045d76fcf78c6ec4144a5d9b5e403c06cbc60f5d2e7ff044bf5f94decf95,64,0x1881cbd3e3a2c396d3b8d54f784d193fc556d0e4b25e8f7a25c6f5f7361fc7d9,0x295685c8fe08d8192981d21ea1fe856a07443920,0xccc8cb5229b0ac8069c51fd58367fd1e622afd97,0x1cada3851ee2f60a3f2cd6d45ea393431629bb7d,89196894254107033663,Gods Unchained,GODS,18,318,175786,173944597679,120981,18472738,deprecated,0x7ff36ab5,"swapExactETHForTokens(uint256 amountOutMin, address[] path, address to, uint256 deadline)",11548896
13512647,1635518434,0x29dab3390452ba78ccf9b26fcd5c02b17de7ffc431cf1f88b9e568dd77c03860,8,0xcbf4d63e6336331f7ab979762d3993eceb430402babdd0b2ac11defbf5ad32e8,0x295685c8fe08d8192981d21ea1fe856a07443920,0xccc8cb5229b0ac8069c51fd58367fd1e622afd97,0xf3136f58a2518b051ab584f9f3ddb5fc5a131856,177864401526193079491,Gods Unchained,GODS,18,318,162913,165174220979,120981,23981013,deprecated,0x7ff36ab5,"swapExactETHForTokens(uint256 amountOutMin, address[] path, address to, uint256 deadline)",11548885
13512665,1635518722,0x860cc8339f1e8575aee0f0c5dd7d6dbd203f7cf30c01afc48829a429b7053bef,25245,0x82b981129e589b22ac368d1320dc7e840c316516438b32badfad5c2a4c06d15c,0x295685c8fe08d8192981d21ea1fe856a07443920,0xccc8cb5229b0ac8069c51fd58367fd1e622afd97,0x0000000000d41c96294ccdac8612bdfe29c641af,233877600924204824260,Gods Unchained,GODS,18,12,109066,190667220747,89002,1270913,deprecated,0x00000000,buyAndFree22457070633(uint256 amount),11548867
13512665,1635518722,0x0f5cf5562eca75a719ba9eb7f3ddb9f3bb429e2be823a560b9731e028d0a23e0,3550,0x82b981129e589b22ac368d1320dc7e840c316516438b32badfad5c2a4c06d15c,0x295685c8fe08d8192981d21ea1fe856a07443920,0xccc8cb5229b0ac8069c51fd58367fd1e622afd97,0xe4d3df079fbef6529c893ee4e9298711d480ff35,8037215525313000222236,Gods Unchained,GODS,18,13,154954,192333164756,93333,1364246,deprecated,0x7ff36ab5,"swapExactETHForTokens(uint256 amountOutMin, address[] path, address to, uint256 deadline)",11548867
13512665,1635518722,0x5fe3b98a52475ce44dc84d0c7dec50eba92f8bda8f4b995882715caa59aabaf9,25246,0x82b981129e589b22ac368d1320dc7e840c316516438b32badfad5c2a4c06d15c,0x0000000000d41c96294ccdac8612bdfe29c641af,0xccc8cb5229b0ac8069c51fd58367fd1e622afd97,0x295685c8fe08d8192981d21ea1fe856a07443920,233877600924204824260,Gods Unchained,GODS,18,14,98488,445030760950,78524,1442770,deprecated,0x00000001,relay1GsWnfsIQROy(),11548867
13512668,1635518838,0xddf6db694cdfefad803894fe7d792ca0c84a3782d41ecef8f79017166b28c135,155182,0x6b4dd311b05a15c68cf74be74e0cf07cebad64c448857a1c59a60cf60143d3f1,0x0000006daea1723962647b7e189d311d757fb793,0xccc8cb5229b0ac8069c51fd58367fd1e622afd97,0x295685c8fe08d8192981d21ea1fe856a07443920,9509276554644457374378,Gods Unchained,GODS,18,39,320000,301201005096,136649,5316531,deprecated,0x178979ae,,11548864
13512680,1635519008,0x0bfcd241ce38510aa172e52807ed5a872ebc847a266425efc86b23e4e462b1ab,241,0xace6da760c77d14841fd9a590565293b8bbe2964615d5bc53415a4bd5d448078,0x295685c8fe08d8192981d21ea1fe856a07443920,0xccc8cb5229b0ac8069c51fd58367fd1e622afd97,0x97de953cde13fd813ac6bf8e3ad8735cc18a74b7,907235118542135451144,Gods Unchained,GODS,18,237,175786,216458110978,120981,12778732,deprecated,0x7ff36ab5,"swapExactETHForTokens(uint256 amountOutMin, address[] path, address to, uint256 deadline)",11548852
13512760,1635520109,0x34c651f731e0fae3c5a3b65b5aa820a7be6b0cb492ee1e427d6d707dda163615,6,0x33ac0f4d81d7add5cd7e24e4f3700bae13e9eb3332e2a7c936234d8175c41b54,0x295685c8fe08d8192981d21ea1fe856a07443920,0xccc8cb5229b0ac8069c51fd58367fd1e622afd97,0x274bb6143e20a7ed0c352f06eb119f3736c65956,107654684221535115226,Gods Unchained,GODS,18,304,175786,200000000000,120981,17080198,deprecated,0x7ff36ab5,"swapExactETHForTokens(uint256 amountOutMin, address[] path, address to, uint256 deadline)",11548772
13512812,1635520890,0xd411b2b1893ebb6a57630f57445d6eb393915f0408fd46c61e13411bc8e85ad4,3756,0x93d206e48c86e0a09eacf519c24e26bcc4b7b7ded8706c408e95eff8e4531a73,0x295685c8fe08d8192981d21ea1fe856a07443920,0xccc8cb5229b0ac8069c51fd58367fd1e622afd97,0x7cf09d7a9a74f746edcb06949b9d64bcd9d1604f,235105969470031705099,Gods Unchained,GODS,18,0,120942,173935552214,107148,107148,deprecated,0x0000ce30,,11548720
13512812,1635520890,0x42ec4b1ea90e946567715afa78652793a10972531c1307a05ca4220ac9284ce7,3552,0x93d206e48c86e0a09eacf519c24e26bcc4b7b7ded8706c408e95eff8e4531a73,0x295685c8fe08d8192981d21ea1fe856a07443920,0xccc8cb5229b0ac8069c51fd58367fd1e622afd97,0xe4d3df079fbef6529c893ee4e9298711d480ff35,8110861430393156917296,Gods Unchained,GODS,18,1,154954,175760893214,93333,200481,deprecated,0x7ff36ab5,"swapExactETHForTokens(uint256 amountOutMin, address[] path, address to, uint256 deadline)",11548720
13512812,1635520890,0x08f2e010070caa6292c4de0a0bedda8ece95e8febef7b82dd096cd67cbfd40fe,3757,0x93d206e48c86e0a09eacf519c24e26bcc4b7b7ded8706c408e95eff8e4531a73,0x7cf09d7a9a74f746edcb06949b9d64bcd9d1604f,0xccc8cb5229b0ac8069c51fd58367fd1e622afd97,0x295685c8fe08d8192981d21ea1fe856a07443920,235105969470031705098,Gods Unchained,GODS,18,2,92005,419756031190,80839,281320,deprecated,0x0100ce30,,11548720
13512813,1635520914,0x3414768c6f5c073b8f1b9c3ac780f32cb6cb78eeb99c77f3a55a85a9acbaba3d,155202,0xef126616ba8a2f6376f7112fd73622fcfe75cab329715beb466d957839d68c5d,0x0000006daea1723962647b7e189d311d757fb793,0xccc8cb5229b0ac8069c51fd58367fd1e622afd97,0x295685c8fe08d8192981d21ea1fe856a07443920,9493749611358211347393,Gods Unchained,GODS,18,66,320000,298835276172,136649,2791029,deprecated,0x178979ae,,11548719
13512820,1635521046,0xdcc064ca55c3c58a17cbc68a90a8ea82487650be1a94f2675d684b669fbb1062,9,0x77c375cf4b8e36117dc5dd928743321a8e9b5142b6f713c4d61edbd93e948faf,0x295685c8fe08d8192981d21ea1fe856a07443920,0xccc8cb5229b0ac8069c51fd58367fd1e622afd97,0xb699203bbc95aa76a77883b1372ade4c412a9051,101435322221145497771,Gods Unchained,GODS,18,129,175786,218620689412,120981,8555341,deprecated,0x7ff36ab5,"swapExactETHForTokens(uint256 amountOutMin, address[] path, address to, uint256 deadline)",11548712
13512820,1635521046,0x33a6be446fef092442058f2d2af5aa8304363125a9f08e933d134935487c112e,243,0x77c375cf4b8e36117dc5dd928743321a8e9b5142b6f713c4d61edbd93e948faf,0x295685c8fe08d8192981d21ea1fe856a07443920,0xccc8cb5229b0ac8069c51fd58367fd1e622afd97,0x97de953cde13fd813ac6bf8e3ad8735cc18a74b7,731009051392672339844,Gods Unchained,GODS,18,336,154940,218432509412,93321,24886173,deprecated,0x7ff36ab5,"swapExactETHForTokens(uint256 amountOutMin, address[] path, address to, uint256 deadline)",11548712
13512835,1635521320,0xd34b6c54781a4bce5ceb399366c362ce674943bc5ca1a2f9542ea9d7b2c608b9,118,0x80a3460583de2822078902795587f7a529c2dfcf89b043f8f6c7ac6fec8b6377,0x295685c8fe08d8192981d21ea1fe856a07443920,0xccc8cb5229b0ac8069c51fd58367fd1e622afd97,0x6fdff33396cb04d3da1046994bae29aacf72b420,280000000000000000000,Gods Unchained,GODS,18,68,183547,254964409246,128372,5356089,deprecated,0xfb3bdb41,"swapETHForExactTokens(uint256 amountOut, address[] path, address to, uint256 deadline)",11548697
13512855,1635521553,0xde686c7026e63a8920aeb6a32c7604246bd2260d1a005b95eeebf4b716944a2f,32,0x8cfe0bdb77779f1ab3ca49294560e93d6074299a684ec08389a6826f32573eab,0x295685c8fe08d8192981d21ea1fe856a07443920,0xccc8cb5229b0ac8069c51fd58367fd1e622afd97,0xfcef47ea11b020dfbc043663febe744d014c8137,233618051149418819076,Gods Unchained,GODS,18,313,147858,249048712570,112809,13719459,deprecated,0x38ed1739,"swapExactTokensForTokens(uint256 amountIn, uint256 amountOutMin, address[] path, address to, uint256 deadline)",11548677
13512909,1635522234,0xfd54b495f9250b979a28917ad0646c515a04ff7cdfcb1dc9207cff4a8b76d717,155213,0xf1cbb36479ec166080ef5083def31cbc832c2e6733008756fb1399fe64cae0c3,0x295685c8fe08d8192981d21ea1fe856a07443920,0xccc8cb5229b0ac8069c51fd58367fd1e622afd97,0x0000006daea1723962647b7e189d311d757fb793,1985712064514829479446,Gods Unchained,GODS,18,73,320000,308500000175,126491,3913312,deprecated,0x178979ae,,11548623
13512937,1635522591,0x42398c7c13690f5fa61763f942a3c84fa02d578ae8b155ec93a3e2d4a0a1e26c,709,0xefaa31d3cb9e73bca43dfb81c3e36c170a338e63bacc00d69e61dedcaedc3771,0x295685c8fe08d8192981d21ea1fe856a07443920,0xccc8cb5229b0ac8069c51fd58367fd1e622afd97,0xc39870e5a7fcba95660a099b4a65605a5f0b6d42,848000000000000000000,Gods Unchained,GODS,18,289,183547,205402639901,128372,16357219,deprecated,0xfb3bdb41,"swapETHForExactTokens(uint256 amountOut, address[] path, address to, uint256 deadline)",11548595
13512962,1635522917,0x48535c963b5ab98faf0d6ef569236c5e959e95e7b380d152cdcaa6c1b3b9c14a,155217,0x6fbeb0c4ce4fa6477d7ff7f68a4a4bd0011bdc666c5c3ac37dfff820b73c9c1d,0x295685c8fe08d8192981d21ea1fe856a07443920,0xccc8cb5229b0ac8069c51fd58367fd1e622afd97,0x0000006daea1723962647b7e189d311d757fb793,1852328863154164208410,Gods Unchained,GODS,18,9,320000,302515229252,126479,657630,deprecated,0x178979ae,,11548570
13512969,1635522993,0x569e304f3f399847f86d32e8bc2f0176b5ffa6105ec88e652ab0961fce66c5f7,83908,0xe0844a2bfa6a192df8cf11f10e2b2808eb830b5164125d66907a239f9b3ebd95,0x295685c8fe08d8192981d21ea1fe856a07443920,0xccc8cb5229b0ac8069c51fd58367fd1e622afd97,0x1d6e8bac6ea3730825bde4b005ed7b2b39a2932d,988232166751008136456,Gods Unchained,GODS,18,1,500003,210017438146,104950,545818,deprecated,0xce310901,,11548563
13512969,1635522993,0x03a179199f9ebf28d6bad0c5e17f33a397e58ea1b08a29df17ab5ab13c300172,246,0xe0844a2bfa6a192df8cf11f10e2b2808eb830b5164125d66907a239f9b3ebd95,0x295685c8fe08d8192981d21ea1fe856a07443920,0xccc8cb5229b0ac8069c51fd58367fd1e622afd97,0x97de953cde13fd813ac6bf8e3ad8735cc18a74b7,1778652548892321324632,Gods Unchained,GODS,18,2,209640,212438568507,161833,707651,deprecated,0x38ed1739,"swapExactTokensForTokens(uint256 amountIn, uint256 amountOutMin, address[] path, address to, uint256 deadline)",11548563
13512969,1635522993,0x670f9a52f795f77d9815bb9ae08b13397dbe68937b2e64e60dcacc1f984ba3b9,83909,0xe0844a2bfa6a192df8cf11f10e2b2808eb830b5164125d66907a239f9b3ebd95,0x1d6e8bac6ea3730825bde4b005ed7b2b39a2932d,0xccc8cb5229b0ac8069c51fd58367fd1e622afd97,0x295685c8fe08d8192981d21ea1fe856a07443920,988232166751008136455,Gods Unchained,GODS,18,3,127784,299101500408,77784,785435,deprecated,0xce310900,,11548563
13512974,1635523079,0xe78c01f75ccebc4b072bc91a1c1bc8f4ca8a6bae2382053cb6c8c6fc2cfa82d2,247,0x03718f723af6806ecf74600ea184261e1f87fc68322e8ebea27ee326a9db0285,0x97de953cde13fd813ac6bf8e3ad8735cc18a74b7,0xccc8cb5229b0ac8069c51fd58367fd1e622afd97,0x295685c8fe08d8192981d21ea1fe856a07443920,1000000000000000000000,Gods Unchained,GODS,18,136,230673,223662663105,194402,9438246,deprecated,0x38ed1739,"swapExactTokensForTokens(uint256 amountIn, uint256 amountOutMin, address[] path, address to, uint256 deadline)",11548558
13512983,1635523212,0xd492498421538bfba1a68c383ba7db5078bca3366fe57da3a59a33b35bb47307,5,0x38cbbc95bf887816c73e9ea041b9e873d96f7e4fde9e4c646be88cc08a3198e4,0x295685c8fe08d8192981d21ea1fe856a07443920,0xccc8cb5229b0ac8069c51fd58367fd1e622afd97,0x4b477625e6ab051196b3a8698176685d548ddca6,270000000000000000000,Gods Unchained,GODS,18,30,183532,239702513304,128360,3645488,deprecated,0xfb3bdb41,"swapETHForExactTokens(uint256 amountOut, address[] path, address to, uint256 deadline)",11548549
13512989,1635523362,0xa59cb6e66e956ce4e145a4a71c12f2d8093df2f40dbd03f237ea74f4d760d7a3,917,0x3583cbe0e27794c35ce42ed3d054b5ed58b591678f888bf90a76cc81dc178643,0x295685c8fe08d8192981d21ea1fe856a07443920,0xccc8cb5229b0ac8069c51fd58367fd1e622afd97,0x5acabc3222a7b74884bec8efe28a7a69a7920818,1542811029953315084288,Gods Unchained,GODS,18,108,152878,275017696357,114261,5702186,deprecated,0x2e95b6c8,"unoswap(address srcToken, uint256 amount, uint256 minReturn, bytes32[])",11548543
13512999,1635523455,0xb3f7e626f9f961a9576b8f0a2236b5fd8e335e5448eee6dd1478dafb735244d2,7,0x904092c7185f83138be268d3b3a57ca68a19128b4d0f85f00434ccb7bb7f22fb,0x295685c8fe08d8192981d21ea1fe856a07443920,0xccc8cb5229b0ac8069c51fd58367fd1e622afd97,0xbbe2a265863b6eeddc891deacf947ac555c36985,500000000000000000000,Gods Unchained,GODS,18,538,183547,225706644825,128372,28840952,deprecated,0xfb3bdb41,"swapETHForExactTokens(uint256 amountOut, address[] path, address to, uint256 deadline)",11548533
13513007,1635523607,0xcf2c3a1d5310d8fc4b6ccd73e448b2bb4d871120635fd1d70e5d32dabb24bbaa,248,0xc53c4aad13863180677e19f75b19bc3ad6584fc02301878d88f2792391b1d068,0x97de953cde13fd813ac6bf8e3ad8735cc18a74b7,0xccc8cb5229b0ac8069c51fd58367fd1e622afd97,0x1336d87b62c486a12ae87476002c989a42ed0fe6,2000000000000000000000,Gods Unchained,GODS,18,219,35401,271400000000,35401,10614055,deprecated,0xa9059cbb,"transfer(address _to, uint256 _value)",11548525
13513015,1635523737,0x5590efddf6ac7e804a6ac7fbd8907dd8a35f07ec87f08f87749e23f9d7940cbb,249,0x11e44da52429eab60b7eed72b131253fd76661f0ff82e567d8ce613d36a8d320,0x97de953cde13fd813ac6bf8e3ad8735cc18a74b7,0xccc8cb5229b0ac8069c51fd58367fd1e622afd97,0x295685c8fe08d8192981d21ea1fe856a07443920,416896718827129115620,Gods Unchained,GODS,18,123,222715,268847066135,172514,7546641,deprecated,0x38ed1739,"swapExactTokensForTokens(uint256 amountIn, uint256 amountOutMin, address[] path, address to, uint256 deadline)",11548517
13513019,1635523772,0x7adc8605207e3456d7c52e28f10e3acaaed9c28c8c4e2c85a473b7b712d18dd5,1572,0x3f258ecb58ca51f16a64fbee37b9d7295636c9823a3fef40fe76c483053d8336,0x295685c8fe08d8192981d21ea1fe856a07443920,0xccc8cb5229b0ac8069c51fd58367fd1e622afd97,0xb88a66748152b5ffa55073a49d17f92d9a678b59,748928885931059065702,Gods Unchained,GODS,18,2,175786,206002902019,120981,742108,deprecated,0x7ff36ab5,"swapExactETHForTokens(uint256 amountOutMin, address[] path, address to, uint256 deadline)",11548513
13513019,1635523772,0x5c4b88b3457471d50b4a1f5a051c25d0dd4b9a19d2f0d6700a088519e9dbfc2f,52,0x3f258ecb58ca51f16a64fbee37b9d7295636c9823a3fef40fe76c483053d8336,0x1336d87b62c486a12ae87476002c989a42ed0fe6,0xccc8cb5229b0ac8069c51fd58367fd1e622afd97,0x6cc5f688a315f3dc28a7781717a9a798a59fda7b,2000000000000000000000,Gods Unchained,GODS,18,163,105000,287000000000,35413,9141629,deprecated,0xa9059cbb,"transfer(address _to, uint256 _value)",11548513
13513024,1635523905,0x1a3443788ecb2c63327528af7d1e767e6424e1d980975c4667be9a60bb1dc1e6,19,0x7a496543ca4c0a71acd6bb4ab8e2e4db6c1cafa2dcf7d3a66a5b0c0afb7db733,0x295685c8fe08d8192981d21ea1fe856a07443920,0xccc8cb5229b0ac8069c51fd58367fd1e622afd97,0x7787d4c6202a72d11f16156571bad6ae41fc2dec,258933243612342666748,Gods Unchained,GODS,18,159,175772,289841525281,120969,7692045,deprecated,0x7ff36ab5,"swapExactETHForTokens(uint256 amountOutMin, address[] path, address to, uint256 deadline)",11548508
13513028,1635523981,0x8891ca9ab35d24a12d6be7f0aaf09fd3427d7f56c67a37c7a2695d2a42e0ae79,3,0x3457371dd29cec6e716e35b7e5434a1d6cb275348fd04ed029351def696b80c7,0x295685c8fe08d8192981d21ea1fe856a07443920,0xccc8cb5229b0ac8069c51fd58367fd1e622afd97,0x366c2fa1059fd82a7465e710f1ef37ed702fcf2f,73680880571335755079,Gods Unchained,GODS,18,80,175786,283122120298,120981,4764449,deprecated,0x7ff36ab5,"swapExactETHForTokens(uint256 amountOutMin, address[] path, address to, uint256 deadline)",11548504
13513033,1635524043,0x8a0c26b944826e81d3176f44be766a857c8a392eff25cf9993d156710e28c561,25,0xfd1968bdf63851d8141420be9aa6b331bbf0234fb120b52b1a5faeb8ff6d0f63,0x295685c8fe08d8192981d21ea1fe856a07443920,0xccc8cb5229b0ac8069c51fd58367fd1e622afd97,0x74de5d4fcbf63e00296fd95d33236b9794016631,21885239228355570506,Gods Unchained,GODS,18,322,200764,247580449436,158827,16366919,deprecated,0x5f575529,"swap(string aggregatorId, address tokenFrom, uint256 amount, bytes data)",11548499
13513033,1635524043,0x8a0c26b944826e81d3176f44be766a857c8a392eff25cf9993d156710e28c561,25,0xfd1968bdf63851d8141420be9aa6b331bbf0234fb120b52b1a5faeb8ff6d0f63,0x74de5d4fcbf63e00296fd95d33236b9794016631,0xccc8cb5229b0ac8069c51fd58367fd1e622afd97,0x2b73929dc74110a3ae714a4ceac4beb0b84cf3e6,21885239228355570506,Gods Unchained,GODS,18,322,200764,247580449436,158827,16366919,deprecated,0x5f575529,"swap(string aggregatorId, address tokenFrom, uint256 amount, bytes data)",11548499
13513033,1635524043,0xa43ffffc593366db18bce4f79e35764db0f12b0681985149ecca9bdb170adc92,484,0xfd1968bdf63851d8141420be9aa6b331bbf0234fb120b52b1a5faeb8ff6d0f63,0x295685c8fe08d8192981d21ea1fe856a07443920,0xccc8cb5229b0ac8069c51fd58367fd1e622afd97,0xefd8c5f81ee5e15f7eca03ac2eadc6019b8a2bc5,99939845910565906292,Gods Unchained,GODS,18,400,175786,245780409386,110421,22317811,deprecated,0x7ff36ab5,"swapExactETHForTokens(uint256 amountOutMin, address[] path, address to, uint256 deadline)",11548499
13513048,1635524291,0x82fa7820b466310a7a094ebe9bd40d285861629f7302cec5f28072e865835af6,2,0xe18851ed0b5b532ef0ad269851bc1b06ba43d1c84188ae795dbb598f56ca744f,0x295685c8fe08d8192981d21ea1fe856a07443920,0xccc8cb5229b0ac8069c51fd58367fd1e622afd97,0x1b5e409044ef86a27db4b0005ce2da8fd4d98739,11007794920848722178,Gods Unchained,GODS,18,167,175743,253645508517,120945,9136018,deprecated,0x7ff36ab5,"swapExactETHForTokens(uint256 amountOutMin, address[] path, address to, uint256 deadline)",11548484
13513064,1635524502,0x77d7e019c881fce5ae4cf9601b0355aa9037d8ef1cf4c3f5307a826560baa959,33,0x21a9fb0f3e8f15e3c17e96930ca5927d52bc980b2de34ab7ba4a7beff6c37835,0x295685c8fe08d8192981d21ea1fe856a07443920,0xccc8cb5229b0ac8069c51fd58367fd1e622afd97,0x77956dff58ebf279e260d1bddd74145a26da3ec1,115039527688087754356,Gods Unchained,GODS,18,103,175786,199100000000,120981,5497543,deprecated,0x7ff36ab5,"swapExactETHForTokens(uint256 amountOutMin, address[] path, address to, uint256 deadline)",11548468
13513065,1635524511,0x926f5de2e4fb0499e2c87a9487bd72935f1100906fc486f4480291036d19d498,918,0xd04a7d163859e7741009553add2deafef28da2793d020aded557a94c57664eef,0x5acabc3222a7b74884bec8efe28a7a69a7920818,0xccc8cb5229b0ac8069c51fd58367fd1e622afd97,0xd349991f579c5936b59d645f89e28eaec9c6217e,1542811029953315084288,Gods Unchained,GODS,18,156,52525,180000000000,47725,11290508,deprecated,0xa9059cbb,"transfer(address _to, uint256 _value)",11548467
13513071,1635524651,0x5db8db1cfd0f3014c460b079e97599f64716c6f56815f91798de5c2c80a5867d,14,0xb789ebd981153dcefe0e1c4d209830b656fb6ca10a751bab4e0adcd614b0a81a,0xd349991f579c5936b59d645f89e28eaec9c6217e,0xccc8cb5229b0ac8069c51fd58367fd1e622afd97,0x6cc5f688a315f3dc28a7781717a9a798a59fda7b,1542811029953315084287,Gods Unchained,GODS,18,27,105000,262000000000,35437,1612966,deprecated,0xa9059cbb,"transfer(address _to, uint256 _value)",11548461
13513079,1635524757,0x8010b88e62a1dc00492c4a0465c9dccbb4ee77e115ed31260c7dd18042fb5122,4,0xe47fba44bd58ed3af65e850bc53a68fb0af958e2027562e046a2c316b79c88de,0x295685c8fe08d8192981d21ea1fe856a07443920,0xccc8cb5229b0ac8069c51fd58367fd1e622afd97,0x63c2a68d4fefe709aae27e497a10c102d8c5c237,146075468047142621382,Gods Unchained,GODS,18,417,175786,203566296561,120981,28822629,deprecated,0x7ff36ab5,"swapExactETHForTokens(uint256 amountOutMin, address[] path, address to, uint256 deadline)",11548453
13513088,1635524954,0x55000654d6ecf82bc37b794c9a34bfd44d6d8ddbd705160385942d9eb9600029,70,0xbd4361b06f63fdaec0e97a8d80c41b65857b2f11dd6500414163222ce29a59dc,0x295685c8fe08d8192981d21ea1fe856a07443920,0xccc8cb5229b0ac8069c51fd58367fd1e622afd97,0xee3392c7042bb933d5a8f52b8cd67e16a12d36fa,100000000000000000000,Gods Unchained,GODS,18,250,183547,232419050303,128372,17450043,deprecated,0xfb3bdb41,"swapETHForExactTokens(uint256 amountOut, address[] path, address to, uint256 deadline)",11548444
13513104,1635525118,0x4ce9d9d6ad195800ac1cc86dfa07ff98d88a20911ca12e5b9251cb5331895642,35832,0x8dff6f5b70afd7c4fc3a9eeb59681aa4200745fea39d4ed6c10e8b92f78fb587,0x0000006daea1723962647b7e189d311d757fb793,0xccc8cb5229b0ac8069c51fd58367fd1e622afd97,0x295685c8fe08d8192981d21ea1fe856a07443920,1685910516633306261069,Gods Unchained,GODS,18,34,320000,277252412191,136625,2726532,deprecated,0x178979ae,,11548428
13513135,1635525510,0x4ea98a5f91e01e3d13771c1002793bff85ff655707e4782952e7d0c7f3f7e643,155238,0xd53d0dfffccd8fd5d923a1415aac1ba7808a592fe255b178066546efa4f02192,0x0000006daea1723962647b7e189d311d757fb793,0xccc8cb5229b0ac8069c51fd58367fd1e622afd97,0x295685c8fe08d8192981d21ea1fe856a07443920,1760232434170023192754,Gods Unchained,GODS,18,170,320000,267071596517,136637,11359466,deprecated,0x178979ae,,11548397
13513192,1635526476,0x68313ee5d4f5994b91d9c1aa89a536e754994cc5866b27e719aed6549b4376b7,25275,0x5c3edcf7ea6b7975ad6b5641fca918f24bee4e7fa662df12c8aa5d04f953d5b7,0x295685c8fe08d8192981d21ea1fe856a07443920,0xccc8cb5229b0ac8069c51fd58367fd1e622afd97,0x0000000000d41c96294ccdac8612bdfe29c641af,2011403824595547447603,Gods Unchained,GODS,18,0,109066,199272960927,89002,89002,deprecated,0x00000000,buyAndFree22457070633(uint256 amount),11548340
13513192,1635526476,0xa0cf091553a1823b7a1261a9158d9927598dbe4dd8e765271d72a6c8424445b2,3496,0x5c3edcf7ea6b7975ad6b5641fca918f24bee4e7fa662df12c8aa5d04f953d5b7,0x295685c8fe08d8192981d21ea1fe856a07443920,0xccc8cb5229b0ac8069c51fd58367fd1e622afd97,0x0e7af95de26bf10e6b9f00d846c22757aa582b9c,2714251387875885723595,Gods Unchained,GODS,18,1,295177,200990428978,219553,308555,deprecated,0x38ed1739,"swapExactTokensForTokens(uint256 amountIn, uint256 amountOutMin, address[] path, address to, uint256 deadline)",11548340
13513192,1635526476,0xea123a57e6ce57b60b63fcaa186ceef772d89e81606da4d75e90a254e3eedc60,25276,0x5c3edcf7ea6b7975ad6b5641fca918f24bee4e7fa662df12c8aa5d04f953d5b7,0x0000000000d41c96294ccdac8612bdfe29c641af,0xccc8cb5229b0ac8069c51fd58367fd1e622afd97,0x295685c8fe08d8192981d21ea1fe856a07443920,2011403824595547447603,Gods Unchained,GODS,18,2,98488,1826333890461,78524,387079,deprecated,0x00000001,relay1GsWnfsIQROy(),11548340
13513200,1635526601,0xe471cd074ecf883aaab7f2cc70e34e80508924b871c437fdb5d8fce3d672aff3,7,0x89030e81f2bc9f2974e94bce367ca0ae741d145b747758e618322708223b5f1f,0x295685c8fe08d8192981d21ea1fe856a07443920,0xccc8cb5229b0ac8069c51fd58367fd1e622afd97,0x74de5d4fcbf63e00296fd95d33236b9794016631,33734879962462154924,Gods Unchained,GODS,18,17,231084,217298559165,172595,1027723,deprecated,0x5f575529,"swap(string aggregatorId, address tokenFrom, uint256 amount, bytes data)",11548332
13513200,1635526601,0xe471cd074ecf883aaab7f2cc70e34e80508924b871c437fdb5d8fce3d672aff3,7,0x89030e81f2bc9f2974e94bce367ca0ae741d145b747758e618322708223b5f1f,0x74de5d4fcbf63e00296fd95d33236b9794016631,0xccc8cb5229b0ac8069c51fd58367fd1e622afd97,0xdf4c5b7c0e3ebc0bdc90a52c74d94170053204a3,33734879962462154924,Gods Unchained,GODS,18,17,231084,217298559165,172595,1027723,deprecated,0x5f575529,"swap(string aggregatorId, address tokenFrom, uint256 amount, bytes data)",11548332
13513228,1635526959,0x8b117c5558bed4bb572962e81f2006ce9215cb6e7c30884938634fe77c0944d5,1833,0x6d40d433bb46282c9307b160bef53aec4846a38fb80786922620105d49b4f595,0x295685c8fe08d8192981d21ea1fe856a07443920,0xccc8cb5229b0ac8069c51fd58367fd1e622afd97,0x290420874bf65691b98b67d042c06bbc31f85f11,1452888555491273382502,Gods Unchained,GODS,18,262,175772,202028012974,120969,13822963,deprecated,0x7ff36ab5,"swapExactETHForTokens(uint256 amountOutMin, address[] path, address to, uint256 deadline)",11548304
13513231,1635527010,0x9b66dfabcd63b5ba4c4cd696c53061479369f3b7862db64d78dcf8a25d271616,6731,0x1218f744053042ecc4eaa3f089136b4872580cafe65886a138374d2f6634c5c4,0x295685c8fe08d8192981d21ea1fe856a07443920,0xccc8cb5229b0ac8069c51fd58367fd1e622afd97,0xf4accdfa928bf863d097ecf4c4bb57ad77aa0cb2,707286693106007465179,Gods Unchained,GODS,18,264,162913,228943159608,120981,16550342,deprecated,0x7ff36ab5,"swapExactETHForTokens(uint256 amountOutMin, address[] path, address to, uint256 deadline)",11548301
13513233,1635527053,0x5f157fc3ddc8f9abf4f4511bbe251e148a4e30f3b4948a92a1c9ce2030717e25,155248,0xd22edec4ea6bcdf16ed02622208dd46f8ce6f77a66e7d5f81eb6f6dadc4f73b0,0x0000006daea1723962647b7e189d311d757fb793,0xccc8cb5229b0ac8069c51fd58367fd1e622afd97,0x295685c8fe08d8192981d21ea1fe856a07443920,6922300145706662115340,Gods Unchained,GODS,18,6,320000,308161030284,136649,1107899,deprecated,0x178979ae,,11548299
13513238,1635527111,0x8e242fcd684c372ec3d920b0cb683077871046c263d3ab89ae90027b0f71c47f,710,0x5e300b2e9fea9fa7544ce50d71119253c4e6e80b7e0fd07474d77db20cb38bf7,0x295685c8fe08d8192981d21ea1fe856a07443920,0xccc8cb5229b0ac8069c51fd58367fd1e622afd97,0xb172de5c47899b7d1995549e09202f7e78971acf,3188762301239569143621,Gods Unchained,GODS,18,341,175786,207744652287,120981,22439935,deprecated,0x7ff36ab5,"swapExactETHForTokens(uint256 amountOutMin, address[] path, address to, uint256 deadline)",11548294
13513242,1635527168,0x054f5c380eb2373341e21fd12a3c6fd3e961d1c12a5494dfd8f2bb2f4062bff4,4753,0xeb059d87dc22453247005ca6e5a8bd0defb5e98c1b455610d99f5e8898b2ac00,0x295685c8fe08d8192981d21ea1fe856a07443920,0xccc8cb5229b0ac8069c51fd58367fd1e622afd97,0x94c43145d2ae2f99a65ac6efcca9bd73b6da8637,2833229140230481920598,Gods Unchained,GODS,18,65,350000,241887849236,117679,4831911,deprecated,0x6e8dbd9c,,11548290
13513243,1635527188,0x8f3eb16ede12e0efbba9f63f3ce08c5740eb64e6686dca3e82f9571e028185d6,155251,0xd800cda33ef317573b3c6a52e589c68b8c5f650c9ee8b3358015b78b90882f70,0x0000006daea1723962647b7e189d311d757fb793,0xccc8cb5229b0ac8069c51fd58367fd1e622afd97,0x295685c8fe08d8192981d21ea1fe856a07443920,1659978569712674942519,Gods Unchained,GODS,18,21,320000,284667330347,136637,1955585,deprecated,0x178979ae,,11548289
13513258,1635527306,0xf09ea8b88c43e068d398e31dce7abda14c80c75784e77fd3e30f6b4ec8563425,1347,0x6a768c0e94a2917299b4f414d7470b4352ea8f58b9fa28f2a18961f07dc54f06,0x295685c8fe08d8192981d21ea1fe856a07443920,0xccc8cb5229b0ac8069c51fd58367fd1e622afd97,0x956a64f1028de63b3984637ddd10ae96662b3acd,2531935539681050058152,Gods Unchained,GODS,18,132,175786,163360532175,120981,6383834,deprecated,0x7ff36ab5,"swapExactETHForTokens(uint256 amountOutMin, address[] path, address to, uint256 deadline)",11548274
13513274,1635527475,0x2aa4f8b5ff850ca6cb012f37a56114ad9cc85976a42c95a1b74d0e0d5c4e43c5,155255,0x569cf9274998c6bc8751567afd1458716fe9a9b746e8b717ba64ac6f8734deed,0x0000006daea1723962647b7e189d311d757fb793,0xccc8cb5229b0ac8069c51fd58367fd1e622afd97,0x295685c8fe08d8192981d21ea1fe856a07443920,6922628718338630705531,Gods Unchained,GODS,18,101,320000,224427856948,136649,5481711,deprecated,0x178979ae,,11548258
13513279,1635527620,0x4ffbef3bac1a58f9d3e44eb174fb0e683306e12855325b4418d7d91f621c5dae,155256,0xff82a1ad623c784ea4d5f81fe59d402f5ce46a0b4647c579a7f8e447625e29ed,0x295685c8fe08d8192981d21ea1fe856a07443920,0xccc8cb5229b0ac8069c51fd58367fd1e622afd97,0x0000006daea1723962647b7e189d311d757fb793,1828869289048878010791,Gods Unchained,GODS,18,77,320000,247971885915,126491,3285289,deprecated,0x178979ae,,11548253
13513289,1635527805,0x4199b4a1b4b9b71ea066c804478e15a7f4aa3e98162ee73617b49cea96770224,678,0xb066a661baa609fc678f1d5f37d327ae11f67f969330923e722ddd4c60f949da,0x295685c8fe08d8192981d21ea1fe856a07443920,0xccc8cb5229b0ac8069c51fd58367fd1e622afd97,0x66f67946a786d25328b5ddc3a72801882310448e,785765230281486582582,Gods Unchained,GODS,18,80,175786,258301149544,120981,3157971,deprecated,0x7ff36ab5,"swapExactETHForTokens(uint256 amountOutMin, address[] path, address to, uint256 deadline)",11548243
13513291,1635527820,0xed3aecdf142ba9d0b2da462c656ed27579e2b183e4b18081aff6a775b02f8091,679,0x1ad2501dfcf6a979198ab0529f769a3ac02c3b4d36bf1bbcb93a701ef4342f26,0x295685c8fe08d8192981d21ea1fe856a07443920,0xccc8cb5229b0ac8069c51fd58367fd1e622afd97,0x66f67946a786d25328b5ddc3a72801882310448e,771355376174985252496,Gods Unchained,GODS,18,225,154940,235820262435,103881,11135870,deprecated,0x7ff36ab5,"swapExactETHForTokens(uint256 amountOutMin, address[] path, address to, uint256 deadline)",11548241
13513299,1635527903,0xc624b0f48b5868ced9e002ea0822162541af10f4ca99513b2ad84885f7e09c57,8683,0x6b1bcb89ae715cbde3f174d1771fde7ba9c1cc69e1849c09712ca6c4618ee053,0x295685c8fe08d8192981d21ea1fe856a07443920,0xccc8cb5229b0ac8069c51fd58367fd1e622afd97,0x5ee42438d0d8fc399c94ef3543665e993e847b49,757338497205857661602,Gods Unchained,GODS,18,523,134984,170319149720,117609,28654559,deprecated,0x38ed1739,"swapExactTokensForTokens(uint256 amountIn, uint256 amountOutMin, address[] path, address to, uint256 deadline)",11548233
13513310,1635528032,0x981a7292108be2a80ae21f8f0c5c2bd259aad81d7275350ecaea0fa75c725cad,70368,0xd1da5b145256f18fe176ee579862aa9bae3a687d4b54a5d5967530ca9047efb4,0x295685c8fe08d8192981d21ea1fe856a07443920,0xccc8cb5229b0ac8069c51fd58367fd1e622afd97,0x9008d19f58aabd9ed0d60971565aa8510560ab41,2024430290763230033718,Gods Unchained,GODS,18,234,412640,187794596559,310589,19236248,deprecated,0x13d79a0b,MoooZ1089603480(),11548222
13513310,1635528032,0x981a7292108be2a80ae21f8f0c5c2bd259aad81d7275350ecaea0fa75c725cad,70368,0xd1da5b145256f18fe176ee579862aa9bae3a687d4b54a5d5967530ca9047efb4,0x9008d19f58aabd9ed0d60971565aa8510560ab41,0xccc8cb5229b0ac8069c51fd58367fd1e622afd97,0xa2b45156b24509d4d336a9e63607f96462d7d4c3,2024430290763230033718,Gods Unchained,GODS,18,234,412640,187794596559,310589,19236248,deprecated,0x13d79a0b,MoooZ1089603480(),11548222
13513314,1635528069,0x035afa1e19fef41221c3d1b798bae4b21d0c752885b872dccfdc97507ff78dd8,155262,0xd290089b90c3aa9f0861792b7634cedca38590b82f484d8bdc14bf2d9d6384ae,0x0000006daea1723962647b7e189d311d757fb793,0xccc8cb5229b0ac8069c51fd58367fd1e622afd97,0x295685c8fe08d8192981d21ea1fe856a07443920,1655661361762132543939,Gods Unchained,GODS,18,48,320000,235243083938,136625,2552897,deprecated,0x178979ae,,11548218
13513333,1635528297,0xdd0a2af339584defae4620505a2584280d6e234403adbd1c60d3ccd8e90a310b,348,0x600572f29756d9674c2744d852c0d24b8c1a32320054dd0fe881c856a65b25f1,0x295685c8fe08d8192981d21ea1fe856a07443920,0xccc8cb5229b0ac8069c51fd58367fd1e622afd97,0xde7ce56ec6f5eebda6eabcb2295d3ee65dabaf17,370164460428908166733,Gods Unchained,GODS,18,476,175786,183778826455,120981,24997666,deprecated,0x7ff36ab5,"swapExactETHForTokens(uint256 amountOutMin, address[] path, address to, uint256 deadline)",11548199
13513350,1635528469,0x82cc5bac2ba626b2e2ebfc15dc3eea2ba7fea5b9180ce6bdd876be00d753a756,83916,0x0c48b4fdef483a7e2e807fd5e8b53ea86f4e2dba4fcf84e08c1d10070f88eb0d,0x295685c8fe08d8192981d21ea1fe856a07443920,0xccc8cb5229b0ac8069c51fd58367fd1e622afd97,0x1d6e8bac6ea3730825bde4b005ed7b2b39a2932d,211778698022285420348,Gods Unchained,GODS,18,1,500003,153670603646,87862,228294,deprecated,0xce328601,,11548182
13513350,1635528469,0x7fd95d89e54575a4d4dc39f33694408466cae99c0c2a4049dcadc3a660c982f2,1349,0x0c48b4fdef483a7e2e807fd5e8b53ea86f4e2dba4fcf84e08c1d10070f88eb0d,0x295685c8fe08d8192981d21ea1fe856a07443920,0xccc8cb5229b0ac8069c51fd58367fd1e622afd97,0x956a64f1028de63b3984637ddd10ae96662b3acd,6105917193865333052265,Gods Unchained,GODS,18,2,154940,155286569335,93321,321615,deprecated,0x7ff36ab5,"swapExactETHForTokens(uint256 amountOutMin, address[] path, address to, uint256 deadline)",11548182
13513350,1635528469,0xe852a5d29d124c77808a3eb6c387143552d9e85b0bb258ee8bd082bb3192ddaa,83917,0x0c48b4fdef483a7e2e807fd5e8b53ea86f4e2dba4fcf84e08c1d10070f88eb0d,0x1d6e8bac6ea3730825bde4b005ed7b2b39a2932d,0xccc8cb5229b0ac8069c51fd58367fd1e622afd97,0x295685c8fe08d8192981d21ea1fe856a07443920,211778698022285420348,Gods Unchained,GODS,18,3,127784,414194406290,77784,399399,deprecated,0xce328600,,11548182
13513351,1635528504,0x7208899db6e761fdc257e40e82da35ea56977ee3b50e5ce64549b5ce5b4f153c,155263,0xb867b4123a2ed6a6859c550939da39939e5684cb8e730b470f47c235c682bce2,0x0000006daea1723962647b7e189d311d757fb793,0xccc8cb5229b0ac8069c51fd58367fd1e622afd97,0x295685c8fe08d8192981d21ea1fe856a07443920,7902684575647864195449,Gods Unchained,GODS,18,6,320000,214634122975,136649,693115,deprecated,0x178979ae,,11548181
13513384,1635528879,0x97b5828c9b18f6ac0df694a63c256bbf8bccdb7619cc2354d063483b40b27815,3,0x7bcf017463d291b3a9cb6a91c6b6e75c9e86ea8ded529f16071632bf637e3f21,0xf119707b1dafb664755d18b3f86d3d8e3758554b,0xccc8cb5229b0ac8069c51fd58367fd1e622afd97,0x74de5d4fcbf63e00296fd95d33236b9794016631,20000000000000000000,Gods Unchained,GODS,18,61,229773,176550244991,178144,3020750,deprecated,0x5f575529,"swap(string aggregatorId, address tokenFrom, uint256 amount, bytes data)",11548148
13513384,1635528879,0x97b5828c9b18f6ac0df694a63c256bbf8bccdb7619cc2354d063483b40b27815,3,0x7bcf017463d291b3a9cb6a91c6b6e75c9e86ea8ded529f16071632bf637e3f21,0x74de5d4fcbf63e00296fd95d33236b9794016631,0xccc8cb5229b0ac8069c51fd58367fd1e622afd97,0x295685c8fe08d8192981d21ea1fe856a07443920,20000000000000000000,Gods Unchained,GODS,18,61,229773,176550244991,178144,3020750,deprecated,0x5f575529,"swap(string aggregatorId, address tokenFrom, uint256 amount, bytes data)",11548148
13513398,1635529095,0x599e0a53b480f1fbbae93c677938ab22c45891c99d76a15fdde3d3faf1df26e9,1351,0xfe4579ab841049b80dda5f9cb3cfe673e51090f861692f43c941026cff28bf0e,0x295685c8fe08d8192981d21ea1fe856a07443920,0xccc8cb5229b0ac8069c51fd58367fd1e622afd97,0x956a64f1028de63b3984637ddd10ae96662b3acd,1400000000000000000000,Gods Unchained,GODS,18,310,163027,192893517808,111272,17331840,deprecated,0xfb3bdb41,"swapETHForExactTokens(uint256 amountOut, address[] path, address to, uint256 deadline)",11548134
13513411,1635529196,0x5e48be63f4f74a46b1d41d0458cebd2912c7c68c784ea70931c3e8db4f6224e7,5,0xe15a7cb4831b086822cdc4eb4efcb47a8d7245056682d5e052445afdee39b542,0x295685c8fe08d8192981d21ea1fe856a07443920,0xccc8cb5229b0ac8069c51fd58367fd1e622afd97,0x314a58284312f4e0b3204c6af31571360b503417,269319027676036035716,Gods Unchained,GODS,18,161,175786,155500000000,120981,9721076,deprecated,0x7ff36ab5,"swapExactETHForTokens(uint256 amountOutMin, address[] path, address to, uint256 deadline)",11548121
13513435,1635529493,0x2e1dcec98a52d937236f762a6ef331ba5ffb65c9556574a956b4e67017bfb4aa,684,0x1c2ba0d63b70bede879f15f3048eb79fd02ac8383ab9d50f4d9431db0c38ebed,0x295685c8fe08d8192981d21ea1fe856a07443920,0xccc8cb5229b0ac8069c51fd58367fd1e622afd97,0x66f67946a786d25328b5ddc3a72801882310448e,732618409482703471731,Gods Unchained,GODS,18,116,154940,180009087346,103881,5343313,deprecated,0x7ff36ab5,"swapExactETHForTokens(uint256 amountOutMin, address[] path, address to, uint256 deadline)",11548097
13513460,1635529768,0x6ac78960e55b8663b0a89dba45a384f485fd3364dc4e0b4b1c453b92ea44fe7f,7,0xf96faac1f803a2df08c03d3e0d8953161178795363322f9014d58cf9a172b271,0x295685c8fe08d8192981d21ea1fe856a07443920,0xccc8cb5229b0ac8069c51fd58367fd1e622afd97,0x314a58284312f4e0b3204c6af31571360b503417,272341284487397843079,Gods Unchained,GODS,18,331,154940,148500000000,103881,27596986,deprecated,0x7ff36ab5,"swapExactETHForTokens(uint256 amountOutMin, address[] path, address to, uint256 deadline)",11548072
13513464,1635529894,0x94c3c25c2031cc454d70bca96c34c7253a126a1cba31103e16a38857aa553a7e,35840,0xdc16983ef953c07144f67eaa2043baa77e1e5313274eba996b553d668db5a073,0x0000006daea1723962647b7e189d311d757fb793,0xccc8cb5229b0ac8069c51fd58367fd1e622afd97,0x295685c8fe08d8192981d21ea1fe856a07443920,5238002153083012408051,Gods Unchained,GODS,18,10,320000,255102414051,136649,954523,deprecated,0x178979ae,,11548068
13513489,1635530262,0x1a622138be463292b34678b67a3e19144aa8eb44367aaa792cca539bd6de0d39,8,0xca9a7c7a47cd8873798123c03edf70b2f4909427b47551aa722ef4b012cc2033,0x295685c8fe08d8192981d21ea1fe856a07443920,0xccc8cb5229b0ac8069c51fd58367fd1e622afd97,0xdb76b88a4317ef52af6b4da10a872691bdcb7449,100000000000000000000,Gods Unchained,GODS,18,170,183547,189330395259,128372,9404742,deprecated,0xfb3bdb41,"swapETHForExactTokens(uint256 amountOut, address[] path, address to, uint256 deadline)",11548043
13513508,1635530439,0xdcff353eac6782be34d2d4a02f6b20faff19a4ca9db1fc701c70d6ad6e634035,333,0x8012ddff4d9ec960f46574c40832c51ebd09a1f950af14871f41437b81ce1d4c,0x295685c8fe08d8192981d21ea1fe856a07443920,0xccc8cb5229b0ac8069c51fd58367fd1e622afd97,0xebc3bb163bbb54127ae5b2fb318711aedaa05776,162752773930365084409,Gods Unchained,GODS,18,277,175786,166418200595,120981,17530859,deprecated,0x7ff36ab5,"swapExactETHForTokens(uint256 amountOutMin, address[] path, address to, uint256 deadline)",11548024
13513522,1635530701,0xb206fc64ab1f80dac3cc3d9fbf0a934128f90121a2d046b3826c6bb9691a5620,42,0xbf452ce987111ccdf94d99fd78f70139de158f66b10f56a560d7ff1b91da24c1,0x295685c8fe08d8192981d21ea1fe856a07443920,0xccc8cb5229b0ac8069c51fd58367fd1e622afd97,0xffde9d198da0d2f9bd85a20af7d0d931f8c4da40,121661435647475176399,Gods Unchained,GODS,18,365,147858,204536060803,117609,26299909,deprecated,0x38ed1739,"swapExactTokensForTokens(uint256 amountIn, uint256 amountOutMin, address[] path, address to, uint256 deadline)",11548010
13513525,1635530737,0x6c1a511beea017f7043f0df2c7ef4575055dd026bef7c6b397b933e9ee4148ee,148,0xcb7f909e1fdb316c1251a92355fa2af70fb5a6019931796c482788b0f48e569a,0x295685c8fe08d8192981d21ea1fe856a07443920,0xccc8cb5229b0ac8069c51fd58367fd1e622afd97,0x43743b802f7606078ee5b1562386177793558cef,1110991758186205966443,Gods Unchained,GODS,18,98,225037,218082864186,174392,5498933,deprecated,0x38ed1739,"swapExactTokensForTokens(uint256 amountIn, uint256 amountOutMin, address[] path, address to, uint256 deadline)",11548007
13513562,1635531209,0xc12a1abbe5290c58eb99a8ffbe3fef721c4c7d53f5682d8f4f32eb1f714648b1,155271,0xca56496c353d803da9ccab26506df6f4c0fe0382b442790f50a0ce650132809e,0x0000006daea1723962647b7e189d311d757fb793,0xccc8cb5229b0ac8069c51fd58367fd1e622afd97,0x295685c8fe08d8192981d21ea1fe856a07443920,1835725098808824659862,Gods Unchained,GODS,18,64,320000,231269005066,136637,3769922,deprecated,0x178979ae,,11547970
13513562,1635531209,0x87b64535a15520a160c83534774f2ccb66a807a7d277d3b198074e89faeb9e71,17,0xca56496c353d803da9ccab26506df6f4c0fe0382b442790f50a0ce650132809e,0x295685c8fe08d8192981d21ea1fe856a07443920,0xccc8cb5229b0ac8069c51fd58367fd1e622afd97,0x74de5d4fcbf63e00296fd95d33236b9794016631,154829133349172308846,Gods Unchained,GODS,18,236,219521,176996484516,165415,13810734,deprecated,0x5f575529,"swap(string aggregatorId, address tokenFrom, uint256 amount, bytes data)",11547970
13513562,1635531209,0x87b64535a15520a160c83534774f2ccb66a807a7d277d3b198074e89faeb9e71,17,0xca56496c353d803da9ccab26506df6f4c0fe0382b442790f50a0ce650132809e,0x74de5d4fcbf63e00296fd95d33236b9794016631,0xccc8cb5229b0ac8069c51fd58367fd1e622afd97,0x1f065f47472d09819e9ae7de0063bc206c089bc8,154829133349172308846,Gods Unchained,GODS,18,236,219521,176996484516,165415,13810734,deprecated,0x5f575529,"swap(string aggregatorId, address tokenFrom, uint256 amount, bytes data)",11547970
13513574,1635531332,0xdd9bc3c4b1cf055302803bd977233c5d39bd0d513b77e8b7486563ab527c6baf,14,0xd1e8040c90af59eca2a20771fd6d593752dba6afcf082332a77740a3f4e57d7f,0x295685c8fe08d8192981d21ea1fe856a07443920,0xccc8cb5229b0ac8069c51fd58367fd1e622afd97,0x88774db3624ccd15cdbdaa490ad778f21e559a42,513915115459443842294,Gods Unchained,GODS,18,120,175786,155668943508,120981,10741250,deprecated,0x7ff36ab5,"swapExactETHForTokens(uint256 amountOutMin, address[] path, address to, uint256 deadline)",11547958
13513664,1635532433,0xe9471ed08d6220d2f629adbb1c58be0d392d6f2ea1717c4829d437f42b904f1c,192,0x3b405abc3f764459841ffbba91d8b6b7a9cc410c161c9d4e148049088db47008,0x295685c8fe08d8192981d21ea1fe856a07443920,0xccc8cb5229b0ac8069c51fd58367fd1e622afd97,0x26ec018ccbaa9aef86250db5342cc41fcdaf5b14,908909687553144930548,Gods Unchained,GODS,18,129,175786,184031793115,120981,11565667,deprecated,0x7ff36ab5,"swapExactETHForTokens(uint256 amountOutMin, address[] path, address to, uint256 deadline)",11547868
13513690,1635532777,0x933df205e2870dc29333d8c4bd5c14e5ef39999fdc35123e03708c69ab1086ba,55,0xe61259f06bef25ac28ba50386f51f6b46689b72c226174c9cab2305a7ec93f8b,0x295685c8fe08d8192981d21ea1fe856a07443920,0xccc8cb5229b0ac8069c51fd58367fd1e622afd97,0x48d6aaefc242078ff5f5fea63e71b98dd5068818,786478209780110723784,Gods Unchained,GODS,18,354,175786,172060702951,120981,26266002,deprecated,0x7ff36ab5,"swapExactETHForTokens(uint256 amountOutMin, address[] path, address to, uint256 deadline)",11547842
13513744,1635533385,0x536cf4fbabe8e57bd55588346b75b73c266492977dcc241519275552f51ca0a9,0,0x4abf802d695de50eb214bbaa49aff69145433f139e79662908c0074e65f465f2,0x295685c8fe08d8192981d21ea1fe856a07443920,0xccc8cb5229b0ac8069c51fd58367fd1e622afd97,0x711a0d3c23c99ea4b50f701a2795642200525dc2,7791182750502530783,Gods Unchained,GODS,18,149,175758,145349020884,120957,11655590,deprecated,0x7ff36ab5,"swapExactETHForTokens(uint256 amountOutMin, address[] path, address to, uint256 deadline)",11547788
13513815,1635534292,0xc53ab17bb7a81af16e514ac3a69c5fe5f1c992ddaf7e139711c3dc293c0ef086,229,0x34528c4cb493fb607d15110e36787f1f483072ce85009e940120f373ba43afaf,0x295685c8fe08d8192981d21ea1fe856a07443920,0xccc8cb5229b0ac8069c51fd58367fd1e622afd97,0x81320549affb42febe279ff82428262080821fff,200000000000000000000,Gods Unchained,GODS,18,298,183547,151658342381,128372,28424320,deprecated,0xfb3bdb41,"swapETHForExactTokens(uint256 amountOut, address[] path, address to, uint256 deadline)",11547717
13513855,1635534719,0x66f6073d3f329f3972bb836c384687a478d6702bbcf8546aef546bc64edfa237,270,0xb2f02c16d262c01f140a68b49d2cab6422f13c81e96221b38490d40a46427726,0x295685c8fe08d8192981d21ea1fe856a07443920,0xccc8cb5229b0ac8069c51fd58367fd1e622afd97,0xc62fc3acac9f3b0da1c030f2885c4a08ab49a426,88606595232826871018,Gods Unchained,GODS,18,95,175786,175821248855,120981,7759414,deprecated,0x7ff36ab5,"swapExactETHForTokens(uint256 amountOutMin, address[] path, address to, uint256 deadline)",11547677
13513862,1635534846,0xdd1a2011ba2a63e7e4b522ec2718ded44e4fcdb153776f0ce2f76e4f21a49131,12,0x7eb0a213686829d8da3c2b46d12ef18b02ba25bf91b2ec88d393ea97e2b83ead,0x295685c8fe08d8192981d21ea1fe856a07443920,0xccc8cb5229b0ac8069c51fd58367fd1e622afd97,0x7a682cdb8e30402364aebcd0a94abe74d99af1b8,168749603945949077468,Gods Unchained,GODS,18,328,230270,191238113347,189481,21934713,deprecated,0x38ed1739,"swapExactTokensForTokens(uint256 amountIn, uint256 amountOutMin, address[] path, address to, uint256 deadline)",11547670
13513933,1635535718,0x1ddb40f2e0e22971ba6898de30cdc8a983d391ec8b2d15ce3a3fb0a4acad260d,306,0xf9613be8f18a62af5c42356e641371835accdc180b11aac7c63dddc6f0a62037,0x295685c8fe08d8192981d21ea1fe856a07443920,0xccc8cb5229b0ac8069c51fd58367fd1e622afd97,0x1e6ed64a0c6a43a8e9b94281dad71fd34d19bfed,268847700082160246353,Gods Unchained,GODS,18,46,175786,216703982524,120981,2142201,deprecated,0x7ff36ab5,"swapExactETHForTokens(uint256 amountOutMin, address[] path, address to, uint256 deadline)",11547599
13513967,1635536177,0xebf658add1b31c29e7b60313964df716d19c9f16948a9ec1595a3e34cefba235,70427,0x0f3b8610a41451e3dc77ea559b1c9b467dc965a060c0e0070ac3141eb8b6391a,0xa2b45156b24509d4d336a9e63607f96462d7d4c3,0xccc8cb5229b0ac8069c51fd58367fd1e622afd97,0x9008d19f58aabd9ed0d60971565aa8510560ab41,2024430290763230033718,Gods Unchained,GODS,18,122,404538,184837600957,316137,8219199,deprecated,0x13d79a0b,MoooZ1089603480(),11547565
13513967,1635536177,0xebf658add1b31c29e7b60313964df716d19c9f16948a9ec1595a3e34cefba235,70427,0x0f3b8610a41451e3dc77ea559b1c9b467dc965a060c0e0070ac3141eb8b6391a,0x9008d19f58aabd9ed0d60971565aa8510560ab41,0xccc8cb5229b0ac8069c51fd58367fd1e622afd97,0x295685c8fe08d8192981d21ea1fe856a07443920,2005223059845785059638,Gods Unchained,GODS,18,122,404538,184837600957,316137,8219199,deprecated,0x13d79a0b,MoooZ1089603480(),11547565
13513971,1635536252,0x3b438788dc634ceb94b3ebadddb789ff6474b29089fab1446fa39e5b5fbe2fd2,63,0x852e2a9883f4c50565f1ec38c8a9a5104d24a0ca64ec79a3f1293ff96206ceb1,0x295685c8fe08d8192981d21ea1fe856a07443920,0xccc8cb5229b0ac8069c51fd58367fd1e622afd97,0xcfca57d15530243f24dbc2b059666e8b85281d3d,297707912612606937519,Gods Unchained,GODS,18,299,232699,190154788731,180777,20793786,deprecated,0x38ed1739,"swapExactTokensForTokens(uint256 amountIn, uint256 amountOutMin, address[] path, address to, uint256 deadline)",11547561
13514005,1635536760,0xba1327e42aaf8c39d3d984e11d0d7b50b4d3b1316bd230d02f9738e83b384a4b,16,0x7357a5d33d3107d987f40b54061a0b9cc30f4354371edbe229add80a7182855a,0x295685c8fe08d8192981d21ea1fe856a07443920,0xccc8cb5229b0ac8069c51fd58367fd1e622afd97,0x74de5d4fcbf63e00296fd95d33236b9794016631,78949026810679784777,Gods Unchained,GODS,18,311,219521,218978404050,175975,21624450,deprecated,0x5f575529,"swap(string aggregatorId, address tokenFrom, uint256 amount, bytes data)",11547527
13514005,1635536760,0xba1327e42aaf8c39d3d984e11d0d7b50b4d3b1316bd230d02f9738e83b384a4b,16,0x7357a5d33d3107d987f40b54061a0b9cc30f4354371edbe229add80a7182855a,0x74de5d4fcbf63e00296fd95d33236b9794016631,0xccc8cb5229b0ac8069c51fd58367fd1e622afd97,0x2c5b3cfd01c01d5f35e34753db2f0920c0ad696c,78949026810679784777,Gods Unchained,GODS,18,311,219521,218978404050,175975,21624450,deprecated,0x5f575529,"swap(string aggregatorId, address tokenFrom, uint256 amount, bytes data)",11547527
13514037,1635537148,0xbfcf5091ec9952aad7252043a8e087278903e69553c246c2ece0850e611031dc,286,0xad0ef51ad1e341ef32d0b7ec6c44a83c96cd91a16b4b5ac05e111efbe9c978b7,0x1bf7aba88a2c311b47920b01adecdb4307bc006a,0xccc8cb5229b0ac8069c51fd58367fd1e622afd97,0x295685c8fe08d8192981d21ea1fe856a07443920,290787890105869839122,Gods Unchained,GODS,18,297,174222,176803675617,115803,18124445,deprecated,0x18cbafe5,"swapExactTokensForETH(uint256 amountIn, uint256 amountOutMin, address[] path, address to, uint256 deadline)",11547495
13514059,1635537511,0x0af2f8deeb284c8282240bbea679122a1d78305dca47bf538e0ec77609e4f866,148,0x15a82818b725e735b890483e38c31ff8f6c718187fead086fd2ef5ad95a37a86,0x295685c8fe08d8192981d21ea1fe856a07443920,0xccc8cb5229b0ac8069c51fd58367fd1e622afd97,0x56a5bbfb753ce8bc7bdeaaf5f68b073a658487b2,319263939088682814188,Gods Unchained,GODS,18,288,175786,235111651729,120981,15349251,deprecated,0x7ff36ab5,"swapExactETHForTokens(uint256 amountOutMin, address[] path, address to, uint256 deadline)",11547473
13514146,1635538526,0x08c7a300f8e2307072e8c3045259cb72619129ddf840756ed74130163b4349f9,137,0x1d8778d61b549c01a325a2453635d84ee91b781e2eb7205802b0b4e261ea3665,0x295685c8fe08d8192981d21ea1fe856a07443920,0xccc8cb5229b0ac8069c51fd58367fd1e622afd97,0xc002b9af899b125f1c39168788bda7260c0dd8b3,50000000000000000000,Gods Unchained,GODS,18,135,183547,197389339615,128372,8685096,deprecated,0xfb3bdb41,"swapETHForExactTokens(uint256 amountOut, address[] path, address to, uint256 deadline)",11547386
13514206,1635539087,0x8369981847c2b1184b0ca07c2fc3f093b25fe8c6a31d47121981c3e71e51525b,136,0x66a39b21eea65a73b2df0518990fac3bf9ee03da05eab12e65603ef567d6ae14,0x5fdcca53617f4d2b9134b29090c87d01058e27e9,0xccc8cb5229b0ac8069c51fd58367fd1e622afd97,0x1cfb7841b267663300454d408dee7d7cfaa44fc2,11311680000000000000000,Gods Unchained,GODS,18,288,98246,160450696106,91403,20985861,deprecated,0x441a3e70,"withdraw(uint256 _eth, uint256 _wei)",11547326
13514209,1635539271,0x118bf9982d68dac5c198d577ee693d38ef451aec841af223b220df29ef2383f5,3350,0xba036001d4c6cb0a516320a0b02317707e7db10d79420f061e471f62174ffd11,0x5fdcca53617f4d2b9134b29090c87d01058e27e9,0xccc8cb5229b0ac8069c51fd58367fd1e622afd97,0xd965a4f8f5b49dd2f5ba83ef4e61880d0646fd00,67630690000000000000000,Gods Unchained,GODS,18,459,98246,223838563344,91403,26526687,deprecated,0x441a3e70,"withdraw(uint256 _eth, uint256 _wei)",11547323
13514240,1635539714,0x96636478b9fa3f53bcbdb9374e768e8eadbbd697015085917a7725c0f9a233fc,4157,0x58c446046aed7673d7fa2eb8ad9629a98ac69c00a86935f9a7542f9b073ec4b3,0x94c43145d2ae2f99a65ac6efcca9bd73b6da8637,0xccc8cb5229b0ac8069c51fd58367fd1e622afd97,0x295685c8fe08d8192981d21ea1fe856a07443920,2833229140230481920598,Gods Unchained,GODS,18,71,800000,296723001815,115537,3740898,deprecated,0x881ea722,,11547292
13514246,1635539768,0x79e7adb2878b6424a28bb373688214813c3209022e22f4003687160f4d8790b4,139,0xf77df22700e002511129683f97509274eceef03cb272f4c38bd2c7b2c5cf0349,0x1cfb7841b267663300454d408dee7d7cfaa44fc2,0xccc8cb5229b0ac8069c51fd58367fd1e622afd97,0x295685c8fe08d8192981d21ea1fe856a07443920,11311680000000000000000,Gods Unchained,GODS,18,8,174207,304721262924,115791,383938,deprecated,0x18cbafe5,"swapExactTokensForETH(uint256 amountIn, uint256 amountOutMin, address[] path, address to, uint256 deadline)",11547286
13514250,1635539807,0x22b796b9905336524055b650adf1765a69f208ec6c3b660fe00fdf47f3b97c66,36,0x7cf8d8d088054e7404b2a76ab38d5b6eacd96dec55b1c75e24447d33c3d852da,0x295685c8fe08d8192981d21ea1fe856a07443920,0xccc8cb5229b0ac8069c51fd58367fd1e622afd97,0xff12658d104d6698d8742aa68faaa34089f1c18d,236931013911826366373,Gods Unchained,GODS,18,350,175786,194514112027,120981,21902591,deprecated,0x7ff36ab5,"swapExactETHForTokens(uint256 amountOutMin, address[] path, address to, uint256 deadline)",11547282
13514251,1635539812,0xafa1fdfddb5f7e3768b6b2b7a9e086d76a81991c37330f7a3468f68f00574613,155316,0xebe2ba4ce50963710f621744c5e0a376c2eeff906b95ac51a3bdb6f2547a1b96,0x295685c8fe08d8192981d21ea1fe856a07443920,0xccc8cb5229b0ac8069c51fd58367fd1e622afd97,0x0000006daea1723962647b7e189d311d757fb793,10842024949793261941793,Gods Unchained,GODS,18,32,320000,335134247158,126491,1916176,deprecated,0x178979ae,,11547281
13514258,1635539893,0xbfe2aca7bc21e15814f1bd82e942d11bc424491f6d802e6c2a96c32cc6800737,109,0xca4f532a7a1d3ca45c511e2358271eea00c93658ed099f1fcbf0ec81a3c22982,0x295685c8fe08d8192981d21ea1fe856a07443920,0xccc8cb5229b0ac8069c51fd58367fd1e622afd97,0x638e396acc91aebfcbd463fd2dcbe86f7400d526,339408426412476597606,Gods Unchained,GODS,18,250,175772,204717325261,120969,19629009,deprecated,0x7ff36ab5,"swapExactETHForTokens(uint256 amountOutMin, address[] path, address to, uint256 deadline)",11547274
13514259,1635539913,0xe73145a74cd3c1ddf828741534c0e8fb90da80a8c40c995fbd44a9a0da420062,59,0x8d76fa59b246691b100553b71e8fff62b2c5f3f1e975bf88bd424ef74c306387,0x5fdcca53617f4d2b9134b29090c87d01058e27e9,0xccc8cb5229b0ac8069c51fd58367fd1e622afd97,0x19c930b41ba70df115ffad8bab6daddd75d988e0,385424300000000000000,Gods Unchained,GODS,18,159,98246,212599716971,91403,8611944,deprecated,0x441a3e70,"withdraw(uint256 _eth, uint256 _wei)",11547273
13514262,1635539929,0x78d903167200b2964d5c44c949d5770f736bcf9917a946eaaa3eddf04328d0a7,793,0x5f94940469e1259c5e9c949b00a70a3c7ea0c8b513e2e99960e92c38c3e5c92f,0x5fdcca53617f4d2b9134b29090c87d01058e27e9,0xccc8cb5229b0ac8069c51fd58367fd1e622afd97,0x68897d280ea3849676e3d4f075430d957648dde8,3281000000000000000000,Gods Unchained,GODS,18,391,98246,177164011485,91403,27038972,deprecated,0x441a3e70,"withdraw(uint256 _eth, uint256 _wei)",11547270
13514263,1635539950,0xbe81d1be0db151dc7746f8d872abe4b68d00b115117cef27d13a425d32ebefef,60,0xe27ad2d265c39be46926375d50aadc76e13056a10af8a0013c54c914f24b43fd,0x19c930b41ba70df115ffad8bab6daddd75d988e0,0xccc8cb5229b0ac8069c51fd58367fd1e622afd97,0xfccb9a98e513036e400742f8246859d5cf3debfa,385424300000000000000,Gods Unchained,GODS,18,167,78787,199101935842,47725,10924803,deprecated,0xa9059cbb,"transfer(address _to, uint256 _value)",11547269
13514267,1635539971,0xaaab97a0c300228b1154989f2bf5ad5fc021a1553d6d14725441a147744a5836,3353,0xd2403c83b2447c579c48179fea5c336f94333e7376f44d4a4f5cdbf4a9859fc3,0xd965a4f8f5b49dd2f5ba83ef4e61880d0646fd00,0xccc8cb5229b0ac8069c51fd58367fd1e622afd97,0x295685c8fe08d8192981d21ea1fe856a07443920,15000000000000000000000,Gods Unchained,GODS,18,28,174207,313508779531,120591,857803,deprecated,0x18cbafe5,"swapExactTokensForETH(uint256 amountIn, uint256 amountOutMin, address[] path, address to, uint256 deadline)",11547265
13514270,1635540007,0x42112e88e71ae37eda4a500f00ba4afc6c372fcdcaf9c7538f0ab97a592930e7,3,0x3d18aa4a9b0603ae0703fd67be32bebf7239a8436ffd09bd9756b9cedc8b28de,0x295685c8fe08d8192981d21ea1fe856a07443920,0xccc8cb5229b0ac8069c51fd58367fd1e622afd97,0x88def4aa4f398bbe2313dd7b48d090237bac9eb7,104105947925774697927,Gods Unchained,GODS,18,285,147858,150582556805,112809,20880470,deprecated,0x38ed1739,"swapExactTokensForTokens(uint256 amountIn, uint256 amountOutMin, address[] path, address to, uint256 deadline)",11547262
13514274,1635540026,0x27087e2b3479db859044453a45e8403d4532dd5c4cf484f8851df4cda8a6ec5d,155319,0x2e278b45ded9dfa07db91cc9fcdddddd8dbf90a15f099bcc3135d0af1c7cc01c,0x295685c8fe08d8192981d21ea1fe856a07443920,0xccc8cb5229b0ac8069c51fd58367fd1e622afd97,0x0000006daea1723962647b7e189d311d757fb793,11615035816267926689719,Gods Unchained,GODS,18,38,320000,215678959166,126503,4772195,deprecated,0x178979ae,,11547258
13514278,1635540061,0x46e5c6bb349c5eae6fa3da84e5a51a1844430301bda2b3c255e3baccf2cbb0fe,84,0xf5209013d52d9cdfe4e02fde5b5085e64e5f1353678f5f9feb3217e8252c58dc,0x5fdcca53617f4d2b9134b29090c87d01058e27e9,0xccc8cb5229b0ac8069c51fd58367fd1e622afd97,0x4f8fe24a51f0084337628c25793126f045ff699d,383671100000000000000,Gods Unchained,GODS,18,141,98246,151228490735,91403,10116905,deprecated,0x441a3e70,"withdraw(uint256 _eth, uint256 _wei)",11547254
13514281,1635540076,0x0f925282edd22e9e607b9d467cb2357710360461ca297bb41f3c106dcc8931a0,3354,0x418f435e6797a661cefb8020af1f817dea18796a7ea9f398da99c859dd659868,0xd965a4f8f5b49dd2f5ba83ef4e61880d0646fd00,0xccc8cb5229b0ac8069c51fd58367fd1e622afd97,0x295685c8fe08d8192981d21ea1fe856a07443920,15000000000000000000000,Gods Unchained,GODS,18,0,174207,345571268500,120591,120591,deprecated,0x18cbafe5,"swapExactTokensForETH(uint256 amountIn, uint256 amountOutMin, address[] path, address to, uint256 deadline)",11547251
13514281,1635540076,0x756c92e92eb9cd8360d825cb90f7e5c7864c4c36b04ba0deaaf9f778a1079ddd,1104,0x418f435e6797a661cefb8020af1f817dea18796a7ea9f398da99c859dd659868,0x295685c8fe08d8192981d21ea1fe856a07443920,0xccc8cb5229b0ac8069c51fd58367fd1e622afd97,0x00000000726422a6fecb4759b44d47e48cf746aa,15191644808460915321978,Gods Unchained,GODS,18,1,350000,124050816351,95706,216297,deprecated,0x00000000,buyAndFree22457070633(uint256 amount),11547251
13514281,1635540076,0xefc8b8d7f54a73febd020b741f7084668c0ed6f36dd39f192ad8158c8a5dc316,3182,0x418f435e6797a661cefb8020af1f817dea18796a7ea9f398da99c859dd659868,0x295685c8fe08d8192981d21ea1fe856a07443920,0xccc8cb5229b0ac8069c51fd58367fd1e622afd97,0x1c012b03f1c2dea274d2eeeb566b0eeabfe3af1a,2634157906184893823157,Gods Unchained,GODS,18,2,175786,125571268500,110421,326718,deprecated,0x7ff36ab5,"swapExactETHForTokens(uint256 amountOutMin, address[] path, address to, uint256 deadline)",11547251
13514281,1635540076,0x2ef109984344f00bd8f8b4fdc9c8f9463f5ac58d106178742e81c9153b854027,1105,0x418f435e6797a661cefb8020af1f817dea18796a7ea9f398da99c859dd659868,0x00000000726422a6fecb4759b44d47e48cf746aa,0xccc8cb5229b0ac8069c51fd58367fd1e622afd97,0x295685c8fe08d8192981d21ea1fe856a07443920,15191644808460915321977,Gods Unchained,GODS,18,3,350000,4588495427179,79023,405741,deprecated,0x00000000,buyAndFree22457070633(uint256 amount),11547251
13514281,1635540076,0x1dfaf0378c9ac986cb2e55b1e114f958ff9c7a7e8c4b6efe045fd209df9bbce4,882,0x418f435e6797a661cefb8020af1f817dea18796a7ea9f398da99c859dd659868,0x5fdcca53617f4d2b9134b29090c87d01058e27e9,0xccc8cb5229b0ac8069c51fd58367fd1e622afd97,0x26cdee4269273e1ea5dfac6b5791df2656897738,64807840000000000000000,Gods Unchained,GODS,18,127,98246,224571268500,91403,8892939,deprecated,0x441a3e70,"withdraw(uint256 _eth, uint256 _wei)",11547251
13514281,1635540076,0x441b5586fb79bb20448d7e7b8d1d54e67d81eb7509b7fa252a1ad2fc469d318a,4158,0x418f435e6797a661cefb8020af1f817dea18796a7ea9f398da99c859dd659868,0x295685c8fe08d8192981d21ea1fe856a07443920,0xccc8cb5229b0ac8069c51fd58367fd1e622afd97,0x94c43145d2ae2f99a65ac6efcca9bd73b6da8637,4285362329991007240437,Gods Unchained,GODS,18,333,350000,155571268500,107241,24160506,deprecated,0x6e8dbd9c,,11547251
13514282,1635540131,0x230a86cf5519add3479e639dcb469d3fab6951470e319016e5bd1daf23d07891,0,0xd76f94b9482fe611d41d31858113754595ce007a1b3c584ef7542e106dd39a3e,0xfccb9a98e513036e400742f8246859d5cf3debfa,0xccc8cb5229b0ac8069c51fd58367fd1e622afd97,0x6cc5f688a315f3dc28a7781717a9a798a59fda7b,385424299999999999999,Gods Unchained,GODS,18,37,105000,226000000000,35437,3720490,deprecated,0xa9059cbb,"transfer(address _to, uint256 _value)",11547250
13514282,1635540131,0x84746c23f187b3e34e38dec86f2228c1f98f7677102d3fa68b88ad15e6b8a5a3,155320,0xd76f94b9482fe611d41d31858113754595ce007a1b3c584ef7542e106dd39a3e,0x295685c8fe08d8192981d21ea1fe856a07443920,0xccc8cb5229b0ac8069c51fd58367fd1e622afd97,0x0000006daea1723962647b7e189d311d757fb793,10848986265117882017759,Gods Unchained,GODS,18,52,320000,187706119964,126503,4443229,deprecated,0x178979ae,,11547250
13514283,1635540140,0x90aaeb7dab47b30388ad117efdf369c45df7aa033e745c5ee4998b01dad591ff,36,0x662ec15af18ab443b99eede98a311b42d23285d9e1295e00413310e85de9e916,0x5fdcca53617f4d2b9134b29090c87d01058e27e9,0xccc8cb5229b0ac8069c51fd58367fd1e622afd97,0xc34cbe021f3b28ca8f949ee8c16cd5d29546f9d2,383671100000000000000,Gods Unchained,GODS,18,206,98246,158232765521,91403,16820179,deprecated,0x441a3e70,"withdraw(uint256 _eth, uint256 _wei)",11547249
13514283,1635540140,0xd1b11f2e0f762b4b9631eac90797bab79ffa9ddc1ff02026216a10ce1aa2f935,911,0x662ec15af18ab443b99eede98a311b42d23285d9e1295e00413310e85de9e916,0x5fdcca53617f4d2b9134b29090c87d01058e27e9,0xccc8cb5229b0ac8069c51fd58367fd1e622afd97,0xc6753f87fea4433192feb0da9e4231d594fd80be,1265989000000000000000,Gods Unchained,GODS,18,278,98246,158185740919,91403,24582978,deprecated,0x441a3e70,"withdraw(uint256 _eth, uint256 _wei)",11547249
13514286,1635540167,0x1c8792968c4a2eda4574468e13c74a3da040a2a65136b2d2552959fb42ed7ad5,35849,0x0a5c795f096ae4874306643b9e93e6056dc4d19b6eaaf45a77aa39c856268e60,0x295685c8fe08d8192981d21ea1fe856a07443920,0xccc8cb5229b0ac8069c51fd58367fd1e622afd97,0x0000006daea1723962647b7e189d311d757fb793,1891149617862580740874,Gods Unchained,GODS,18,4,320000,215528439576,126491,325300,deprecated,0x178979ae,,11547246
13514287,1635540175,0xf74155609f228cb41f584d1780fecbe34c45510d176dd9f3bae899db9bf6cb92,37,0x2b36c18b6a082d834f71c7bc02308f77004f42b25248cac9334d723534f7a64d,0xc34cbe021f3b28ca8f949ee8c16cd5d29546f9d2,0xccc8cb5229b0ac8069c51fd58367fd1e622afd97,0xc7e60be5b968002cc1cb66d7f5ddba305bde06da,383671100000000000000,Gods Unchained,GODS,18,402,78769,170811128751,47713,20872628,deprecated,0xa9059cbb,"transfer(address _to, uint256 _value)",11547245
13514288,1635540207,0x9dde0455e8dadb751070c9523ab6c96135de390b0da45b5cdc051b4b4f1660da,3948,0x302c9ac1e03c1e103e62ee8742bb55d96b526e426f7ec075d1681017d5d1470f,0x94c43145d2ae2f99a65ac6efcca9bd73b6da8637,0xccc8cb5229b0ac8069c51fd58367fd1e622afd97,0x295685c8fe08d8192981d21ea1fe856a07443920,4285362329991007240437,Gods Unchained,GODS,18,4,800000,407417585669,100167,455112,deprecated,0x9ff3c452,,11547244
13514289,1635540235,0xa25764a1e6ede11298e253da0f1f190132e1124543570dee6f80444a54ebb611,1664,0xbb51d58623636f7f829da12c44400a0f553abf2489f968488ea9303638f65fb2,0x5fdcca53617f4d2b9134b29090c87d01058e27e9,0xccc8cb5229b0ac8069c51fd58367fd1e622afd97,0x3a63aa8ae11ecaa82fc352d0390634e8030b2ffd,2204984000000000000000,Gods Unchained,GODS,18,55,98246,206771858616,91403,2645970,deprecated,0x441a3e70,"withdraw(uint256 _eth, uint256 _wei)",11547243
13514291,1635540245,0x34ad0b9b0bbaa25db95c65173ae5d85cd7e20a440c5a47d97d09c80bd0296d34,155322,0xa3c445e6b1ef3c6601c4a1c626c90aa5b68d3b065396302568e45b853f6b9863,0x295685c8fe08d8192981d21ea1fe856a07443920,0xccc8cb5229b0ac8069c51fd58367fd1e622afd97,0x0000006daea1723962647b7e189d311d757fb793,7475856211040405286314,Gods Unchained,GODS,18,20,320000,181547440483,126503,1681512,deprecated,0x178979ae,,11547241
13514294,1635540258,0xe34ffb9acf89b6802dd1428aa2d35a4f1394d9b66133d62426d0aeb40a2f6ba6,3356,0x239ce33f4884489a4abe3b106a2c89dfb753c7faf43aea105390a1d9dae819b8,0xd965a4f8f5b49dd2f5ba83ef4e61880d0646fd00,0xccc8cb5229b0ac8069c51fd58367fd1e622afd97,0x295685c8fe08d8192981d21ea1fe856a07443920,15000000000000000000000,Gods Unchained,GODS,18,8,174207,483269762480,120591,945942,deprecated,0x18cbafe5,"swapExactTokensForETH(uint256 amountIn, uint256 amountOutMin, address[] path, address to, uint256 deadline)",11547238
13514294,1635540258,0x4f89ec6de719793c4c8b8b1faf3e9905092eb5a749be6efed8a3501795139e8b,912,0x239ce33f4884489a4abe3b106a2c89dfb753c7faf43aea105390a1d9dae819b8,0xc6753f87fea4433192feb0da9e4231d594fd80be,0xccc8cb5229b0ac8069c51fd58367fd1e622afd97,0x86fa9bc6cbc0eec89997349684c8295cc8864687,1265989000000000000000,Gods Unchained,GODS,18,363,78751,153269762480,47701,24689771,deprecated,0xa9059cbb,"transfer(address _to, uint256 _value)",11547238
13514294,1635540258,0x7b3e43ba6319f86e365b01c50fc1dba4b43ede5113b7049c04cb734cc6903a39,69,0x239ce33f4884489a4abe3b106a2c89dfb753c7faf43aea105390a1d9dae819b8,0x5fdcca53617f4d2b9134b29090c87d01058e27e9,0xccc8cb5229b0ac8069c51fd58367fd1e622afd97,0x7c6bc79f96381781683fad9d3fe950dda517a632,390000000000000000000,Gods Unchained,GODS,18,400,98234,153269762480,91391,28365611,deprecated,0x441a3e70,"withdraw(uint256 _eth, uint256 _wei)",11547238
13514296,1635540290,0x59daca26936b021da482d79f53ec8fb101dd58ba3f1e0df81e056c953b3bc90c,871,0x2076295c6bb8351eff23773b673b9e3519a439cc05e4b616c9cefc68d360383b,0x5fdcca53617f4d2b9134b29090c87d01058e27e9,0xccc8cb5229b0ac8069c51fd58367fd1e622afd97,0xcadc64f9f974f810b68a714e9001ce4800719b86,32292110000000000000000,Gods Unchained,GODS,18,186,98246,173344741661,91403,11467504,deprecated,0x441a3e70,"withdraw(uint256 _eth, uint256 _wei)",11547236
13514297,1635540322,0x5ea830faf6518b69dfd3fcde304327dcdff2182b5a73c46a84b0d5b18d58b61d,155323,0x2f6d73f8c76edb86e73e036333da39870245618eb3979bc93c907db450d0a30d,0x295685c8fe08d8192981d21ea1fe856a07443920,0xccc8cb5229b0ac8069c51fd58367fd1e622afd97,0x0000006daea1723962647b7e189d311d757fb793,10649555452596652492106,Gods Unchained,GODS,18,7,320000,215344558999,126503,670412,deprecated,0x178979ae,,11547235
13514297,1635540322,0xb84f24902bb167faf1223c6472acb5aeddb36903a6d1afb19c40e2ce0382458d,618,0x2f6d73f8c76edb86e73e036333da39870245618eb3979bc93c907db450d0a30d,0x5fdcca53617f4d2b9134b29090c87d01058e27e9,0xccc8cb5229b0ac8069c51fd58367fd1e622afd97,0x98c45d5ea9ccd8278fe43ba740e967a49cd19e6e,796255800000000000000,Gods Unchained,GODS,18,252,98234,163243216532,91391,18693870,deprecated,0x441a3e70,"withdraw(uint256 _eth, uint256 _wei)",11547235
13514298,1635540325,0xf4b1836babe5c07fc35461d84a79a29e967b9e40ec5844038d81616e9f9d131f,1581,0x613e593dbf607c51a102ffdeaa8fcc5cfeb025ad67c6381b381b1c92aef2f16a,0x5fdcca53617f4d2b9134b29090c87d01058e27e9,0xccc8cb5229b0ac8069c51fd58367fd1e622afd97,0x160f713d638f7c849f807b97c6b71a3581b01dc3,2381000000000000000000,Gods Unchained,GODS,18,129,98246,183014893514,91403,7119549,deprecated,0x441a3e70,"withdraw(uint256 _eth, uint256 _wei)",11547234
13514299,1635540337,0xfa00dc8bc3d6417e475576ea99b3c031c9e383756e60069ec83dfbd464d56c4a,213,0x5345b7920d98055c37fdf5875de06fb6ea4b88c623070f6421076857dd275590,0x5fdcca53617f4d2b9134b29090c87d01058e27e9,0xccc8cb5229b0ac8069c51fd58367fd1e622afd97,0x153509e78fd04144d482e27716ae14c52d7932b0,384278005000000000000,Gods Unchained,GODS,18,111,98246,174914520562,91403,6156287,deprecated,0x441a3e70,"withdraw(uint256 _eth, uint256 _wei)",11547233
13514301,1635540362,0xfcd4df99f4f8405423fc8855234042f2b50870b59bba5bd8456b6bb3bad55a94,2,0x329f0f82f166a9b35469f53222f66f510d47e02f88720fa53e5e96126de56bbe,0x86fa9bc6cbc0eec89997349684c8295cc8864687,0xccc8cb5229b0ac8069c51fd58367fd1e622afd97,0x6cc5f688a315f3dc28a7781717a9a798a59fda7b,1265988999999999999999,Gods Unchained,GODS,18,82,105000,205000000000,35413,3039251,deprecated,0xa9059cbb,"transfer(address _to, uint256 _value)",11547231
13514301,1635540362,0x0512f34339f491743a5f753e16ea0d11c31f998f48c0fe3b2af69324513618df,2295,0x329f0f82f166a9b35469f53222f66f510d47e02f88720fa53e5e96126de56bbe,0x5fdcca53617f4d2b9134b29090c87d01058e27e9,0xccc8cb5229b0ac8069c51fd58367fd1e622afd97,0xd454ed303748bb5a433388f9508433ba5d507030,1647723000000000000000,Gods Unchained,GODS,18,301,98234,151402592635,91391,21821179,deprecated,0x441a3e70,"withdraw(uint256 _eth, uint256 _wei)",11547231
13514301,1635540362,0xfe70ea16088b7c4b2b48a44654a228a5e2a0a3766551cc2873531945c8ea873f,2629,0x329f0f82f166a9b35469f53222f66f510d47e02f88720fa53e5e96126de56bbe,0x5fdcca53617f4d2b9134b29090c87d01058e27e9,0xccc8cb5229b0ac8069c51fd58367fd1e622afd97,0xa0fec1a6b8453873041c7529906de5c1acc1b26a,10000000000000000000000,Gods Unchained,GODS,18,310,98246,151402592635,91403,22564959,deprecated,0x441a3e70,"withdraw(uint256 _eth, uint256 _wei)",11547231
13514302,1635540367,0x5720aa5367aee2053695a4081c582538521d5c1350f2807e602c67e54f9294ee,0,0x6cbdd57635f5dcd77724201f47a8c28ed12375e0dcff458c63cbc291f269bf14,0xc7e60be5b968002cc1cb66d7f5ddba305bde06da,0xccc8cb5229b0ac8069c51fd58367fd1e622afd97,0x6cc5f688a315f3dc28a7781717a9a798a59fda7b,383671099999999999999,Gods Unchained,GODS,18,45,105000,205000000000,35437,2459297,deprecated,0xa9059cbb,"transfer(address _to, uint256 _value)",11547230
13514302,1635540367,0x45be0674db1c8c4a1b486dc58224dbd7046e22a821c6e394f5b13d858c63fa01,619,0x6cbdd57635f5dcd77724201f47a8c28ed12375e0dcff458c63cbc291f269bf14,0x98c45d5ea9ccd8278fe43ba740e967a49cd19e6e,0xccc8cb5229b0ac8069c51fd58367fd1e622afd97,0x295685c8fe08d8192981d21ea1fe856a07443920,796255800000000000000,Gods Unchained,GODS,18,314,174222,169571317800,115803,20346666,deprecated,0x18cbafe5,"swapExactTokensForETH(uint256 amountIn, uint256 amountOutMin, address[] path, address to, uint256 deadline)",11547230
13514304,1635540441,0x1168d985ea8c36d5effa0507bd369ad7135bcdd56399a0c1fda4658ad219aa59,327,0xa8a9bfd1cef351d561f6418e6a6acba556c9ce02067c8ad53a1e5c7713b1bb36,0x5fdcca53617f4d2b9134b29090c87d01058e27e9,0xccc8cb5229b0ac8069c51fd58367fd1e622afd97,0x62ad7f257e3f7fa97b7e5a7f39a9efca5cb9ab0b,663650100000000000000,Gods Unchained,GODS,18,240,98234,203181330822,91391,17740622,deprecated,0x441a3e70,"withdraw(uint256 _eth, uint256 _wei)",11547228
13514304,1635540441,0x0ccc00af4f01775ed0c085b113aeeb01c50d993cae3b752a5c92773c9d57bf92,312,0xa8a9bfd1cef351d561f6418e6a6acba556c9ce02067c8ad53a1e5c7713b1bb36,0x5fdcca53617f4d2b9134b29090c87d01058e27e9,0xccc8cb5229b0ac8069c51fd58367fd1e622afd97,0x5725a458b319d73b8ec84c47de80620e7b191b0c,582731300000000000000,Gods Unchained,GODS,18,319,98246,203181330822,91403,24943096,deprecated,0x441a3e70,"withdraw(uint256 _eth, uint256 _wei)",11547228
13514307,1635540473,0xe717d595c4e932d17b4a3a3304db64f589f7e5cd3dc2275059e88a5ad6681833,214,0xbf4697236b087d3060aa75bbfa769588ebe09b70bfb73232514c0d7873647fd8,0x153509e78fd04144d482e27716ae14c52d7932b0,0xccc8cb5229b0ac8069c51fd58367fd1e622afd97,0x3f16480409e73cc0f9100bcff00ab58bdf19a8a9,384278005000000000000,Gods Unchained,GODS,18,359,78787,182559001297,47725,18758693,deprecated,0xa9059cbb,"transfer(address _to, uint256 _value)",11547225
13514309,1635540500,0xfa0d19a55fd6c8418482ac0946aecc6c6b8eac96faf0936bfd09f49eb8d9f768,3358,0x9c08aad122542e01935706941eb5525a7393fafafae8cbcc2ff6a552ea1f8c7b,0xd965a4f8f5b49dd2f5ba83ef4e61880d0646fd00,0xccc8cb5229b0ac8069c51fd58367fd1e622afd97,0x295685c8fe08d8192981d21ea1fe856a07443920,12000000000000000000000,Gods Unchained,GODS,18,7,174207,316626843627,120591,985641,deprecated,0x18cbafe5,"swapExactTokensForETH(uint256 amountIn, uint256 amountOutMin, address[] path, address to, uint256 deadline)",11547223
13514309,1635540500,0xd4d851bd5a0c73b512cc235a6da9546a9754b333846a8c3fe22b4dee59f94485,155324,0x9c08aad122542e01935706941eb5525a7393fafafae8cbcc2ff6a552ea1f8c7b,0x295685c8fe08d8192981d21ea1fe856a07443920,0xccc8cb5229b0ac8069c51fd58367fd1e622afd97,0x0000006daea1723962647b7e189d311d757fb793,11078181859719079391033,Gods Unchained,GODS,18,31,320000,234497929248,115943,2199241,deprecated,0x178979ae,,11547223
13514309,1635540500,0xab9ff908e7baf068ec92b465d24c16f2c9fb1b232b209af306e02f76b33bb22d,85,0x9c08aad122542e01935706941eb5525a7393fafafae8cbcc2ff6a552ea1f8c7b,0x4f8fe24a51f0084337628c25793126f045ff699d,0xccc8cb5229b0ac8069c51fd58367fd1e622afd97,0x49a7a4dd87537866fe2cf9097b8ad4767d360fb1,383671100000000000000,Gods Unchained,GODS,18,348,78787,171481122433,47725,21553721,deprecated,0xa9059cbb,"transfer(address _to, uint256 _value)",11547223
13514310,1635540525,0x3f1736f26e032ac391b757e9302e3105f7b87adcea79d88cbdabe72c3585ef48,1667,0x12d74d525400c0c3e0bec1a98a4bc57362f9eda6248025ca979cd989c9d4f62a,0x3a63aa8ae11ecaa82fc352d0390634e8030b2ffd,0xccc8cb5229b0ac8069c51fd58367fd1e622afd97,0x295685c8fe08d8192981d21ea1fe856a07443920,2204984000000000000000,Gods Unchained,GODS,18,360,161535,193008411711,115791,19183721,deprecated,0x18cbafe5,"swapExactTokensForETH(uint256 amountIn, uint256 amountOutMin, address[] path, address to, uint256 deadline)",11547222
13514310,1635540525,0x8a9f04e0198130c0e0c596d83b746a21f6d93ee6ff3c08ef8c0ade62e518d49d,691,0x12d74d525400c0c3e0bec1a98a4bc57362f9eda6248025ca979cd989c9d4f62a,0x5fdcca53617f4d2b9134b29090c87d01058e27e9,0xccc8cb5229b0ac8069c51fd58367fd1e622afd97,0xca3b9275e38026532a6405d51b03f1d90785a549,1378000000000000000000,Gods Unchained,GODS,18,379,98246,192508411711,91403,20910188,deprecated,0x441a3e70,"withdraw(uint256 _eth, uint256 _wei)",11547222
13514310,1635540525,0x6307c15a9c9dfd63c1e8dd50b1553fc0e88a0a29106df78925a9372c950d5f0d,552,0x12d74d525400c0c3e0bec1a98a4bc57362f9eda6248025ca979cd989c9d4f62a,0x5fdcca53617f4d2b9134b29090c87d01058e27e9,0xccc8cb5229b0ac8069c51fd58367fd1e622afd97,0x467dbd4d95f690863f3cc843408fce23e7a7f771,1200000000000000000000,Gods Unchained,GODS,18,402,98246,192508411711,91403,22547662,deprecated,0x441a3e70,"withdraw(uint256 _eth, uint256 _wei)",11547222
13514311,1635540564,0x4168009d0c9d030bd85f4938297d8f500fdbdfa03548e79d3b5b0bbca2976696,131,0xa29b7e6dfbab60a4afaa691c3bf8e77fe5947b60da6e0d099c4eac3dccedeb22,0x5fdcca53617f4d2b9134b29090c87d01058e27e9,0xccc8cb5229b0ac8069c51fd58367fd1e622afd97,0xfece736fb93e91d9d15db24b68400dafedab98dd,1500000000000000000000,Gods Unchained,GODS,18,99,98234,216363890096,91391,7110243,deprecated,0x441a3e70,"withdraw(uint256 _eth, uint256 _wei)",11547221
13514312,1635540572,0x692bb72bc9ffa17d9b24632e88a8fd52e399baedc765511c8dcbdbffa69927ae,135,0xace148b860b7057058da3a6e8d4d0e04c1051b7e9c59626bf14672fd4e97d23a,0x5fdcca53617f4d2b9134b29090c87d01058e27e9,0xccc8cb5229b0ac8069c51fd58367fd1e622afd97,0x155166159f702e57b73309e86b6a3be29ba9474c,528751700000000000000,Gods Unchained,GODS,18,228,98246,206181227853,91403,13557815,deprecated,0x441a3e70,"withdraw(uint256 _eth, uint256 _wei)",11547220
13514312,1635540572,0x5a0660830a77fc27f05ce77b580143c1ced2f56023a33032a0073f8593084fc3,3184,0xace148b860b7057058da3a6e8d4d0e04c1051b7e9c59626bf14672fd4e97d23a,0x295685c8fe08d8192981d21ea1fe856a07443920,0xccc8cb5229b0ac8069c51fd58367fd1e622afd97,0x1c012b03f1c2dea274d2eeeb566b0eeabfe3af1a,1791748527863510650624,Gods Unchained,GODS,18,260,154940,206181227853,103881,16437221,deprecated,0x7ff36ab5,"swapExactETHForTokens(uint256 amountOutMin, address[] path, address to, uint256 deadline)",11547220
13514314,1635540612,0x9d804fdfad63fb9dad30f853aa82e0c28dfedb32b9d4bd8477848c909ae9b90b,1,0x45e4567a38991311992342d85330f353c01faf3c9f227b05be6412ff6df450e0,0x3f16480409e73cc0f9100bcff00ab58bdf19a8a9,0xccc8cb5229b0ac8069c51fd58367fd1e622afd97,0x6cc5f688a315f3dc28a7781717a9a798a59fda7b,384278004999999999999,Gods Unchained,GODS,18,14,105000,228000000000,35437,673362,deprecated,0xa9059cbb,"transfer(address _to, uint256 _value)",11547218
13514315,1635540622,0x07ca819a464f30d36010434d20c20dabe3e8073ca2eea9c82141a700f89efa85,3359,0x06fe074c580bbc46829e2027c840faa58a87ea733f4db0eb467405cbdaa710eb,0xd965a4f8f5b49dd2f5ba83ef4e61880d0646fd00,0xccc8cb5229b0ac8069c51fd58367fd1e622afd97,0x295685c8fe08d8192981d21ea1fe856a07443920,10630690000000000000000,Gods Unchained,GODS,18,62,174207,217305738907,115791,4457667,deprecated,0x18cbafe5,"swapExactTokensForETH(uint256 amountIn, uint256 amountOutMin, address[] path, address to, uint256 deadline)",11547217
13514316,1635540634,0x82a23f553fab59934202dbda4c48559679b809fb3dc51b8d8a6f842e6801771b,9446,0x1fc8b625cd9a7fb9d6f0a5e769ea99f8e4a77a2d5df815bea16cf078d55fcf36,0x5fdcca53617f4d2b9134b29090c87d01058e27e9,0xccc8cb5229b0ac8069c51fd58367fd1e622afd97,0x492842125e4c3a7d10cda0e0291ea22788e4ad60,14470210000000000000000,Gods Unchained,GODS,18,370,98246,205853563380,91403,22487875,deprecated,0x441a3e70,"withdraw(uint256 _eth, uint256 _wei)",11547216
13514316,1635540634,0x29168ccd84e0563517d8149da7799559a2f0fdc34f1f7a6ce6c153b078dfb3fa,209,0x1fc8b625cd9a7fb9d6f0a5e769ea99f8e4a77a2d5df815bea16cf078d55fcf36,0x5fdcca53617f4d2b9134b29090c87d01058e27e9,0xccc8cb5229b0ac8069c51fd58367fd1e622afd97,0x66414ea1b60390e4f94a83c95061cb1833423c83,1819000000000000000000,Gods Unchained,GODS,18,408,98246,205853563380,91403,26209304,deprecated,0x441a3e70,"withdraw(uint256 _eth, uint256 _wei)",11547216
13514319,1635540681,0xe6acd4ad113b76d1be3bb83cf38c815498ae9c595550db4f2a6e15d7a535f619,794,0xac916766c8a1385279b9e755892c14273f1102d0d41ef8f61d34d55959282cd2,0x68897d280ea3849676e3d4f075430d957648dde8,0xccc8cb5229b0ac8069c51fd58367fd1e622afd97,0x3e96bc20ebb8899cfae2812263436ec910582a67,3281000000000000000000,Gods Unchained,GODS,18,141,78769,195473780395,47713,9979367,deprecated,0xa9059cbb,"transfer(address _to, uint256 _value)",11547213
13514319,1635540681,0x73bcdbdd247314eed28860ce134c52ba95e8e471c76ac26391346fc6c49b7e53,2631,0xac916766c8a1385279b9e755892c14273f1102d0d41ef8f61d34d55959282cd2,0xa0fec1a6b8453873041c7529906de5c1acc1b26a,0xccc8cb5229b0ac8069c51fd58367fd1e622afd97,0x295685c8fe08d8192981d21ea1fe856a07443920,10000000000000000000000,Gods Unchained,GODS,18,194,174222,195473780395,115803,14325736,deprecated,0x18cbafe5,"swapExactTokensForETH(uint256 amountIn, uint256 amountOutMin, address[] path, address to, uint256 deadline)",11547213
13514320,1635540700,0xf2ab8dbf4eaafe0d66e241d8b113f1ee1eed3061ad9427d01292d7b688bc621a,0,0xf2fc6b04c0dfb01afb27951229ae7d905134963557b8c38a713e7252c7368ff5,0x49a7a4dd87537866fe2cf9097b8ad4767d360fb1,0xccc8cb5229b0ac8069c51fd58367fd1e622afd97,0x6cc5f688a315f3dc28a7781717a9a798a59fda7b,383671099999999999999,Gods Unchained,GODS,18,214,105000,244000000000,35437,10546859,deprecated,0xa9059cbb,"transfer(address _to, uint256 _value)",11547212
13514321,1635540768,0xb7f9d3bc8332d96b7e5b76121bfe9b404f94ea7a830be6334a4845e09935819a,61914,0xb97b3a666708954259ae0edc076cbd96a5547024af9894445b7b0d660454a9b4,0x295685c8fe08d8192981d21ea1fe856a07443920,0xccc8cb5229b0ac8069c51fd58367fd1e622afd97,0x00000000003b3cc22af3ae1eac0440bcee416b40,10225554254440291608513,Gods Unchained,GODS,18,0,2000000,229800855981,105508,105508,deprecated,0x0000ce36,,11547211
13514321,1635540768,0x079bed4cb4a084e2ff4a4f19aae90d156a23ca58d5293106773b9ededde5fac2,3185,0xb97b3a666708954259ae0edc076cbd96a5547024af9894445b7b0d660454a9b4,0x295685c8fe08d8192981d21ea1fe856a07443920,0xccc8cb5229b0ac8069c51fd58367fd1e622afd97,0x1c012b03f1c2dea274d2eeeb566b0eeabfe3af1a,2138733821951078373637,Gods Unchained,GODS,18,1,154940,231300855981,93321,198829,deprecated,0x7ff36ab5,"swapExactETHForTokens(uint256 amountOutMin, address[] path, address to, uint256 deadline)",11547211
13514321,1635540768,0x55de70d2f79a1915f4769b30527560d99a8e083b79873b399093c6cb93b6c581,61915,0xb97b3a666708954259ae0edc076cbd96a5547024af9894445b7b0d660454a9b4,0x00000000003b3cc22af3ae1eac0440bcee416b40,0xccc8cb5229b0ac8069c51fd58367fd1e622afd97,0x295685c8fe08d8192981d21ea1fe856a07443920,10225552447634932137523,Gods Unchained,GODS,18,2,137311,3388031171576,78459,277288,deprecated,0x0100ce36,,11547211
13514321,1635540768,0x9ac3cde2e8985e0be89cfb364c4fb748eea83fbf37aba3b4abbcb4cc35e47fea,156,0xb97b3a666708954259ae0edc076cbd96a5547024af9894445b7b0d660454a9b4,0x5fdcca53617f4d2b9134b29090c87d01058e27e9,0xccc8cb5229b0ac8069c51fd58367fd1e622afd97,0x8eda47b1d76ae28e6ca44b48c1a882e8daace290,383800000000000000000,Gods Unchained,GODS,18,330,98246,231300855981,91403,17109246,deprecated,0x441a3e70,"withdraw(uint256 _eth, uint256 _wei)",11547211
13514321,1635540768,0xbf17fc6e6fb5edf045dc2fd826d4dd72b8235f2c2f1e600210f583f83575033a,1582,0xb97b3a666708954259ae0edc076cbd96a5547024af9894445b7b0d660454a9b4,0x160f713d638f7c849f807b97c6b71a3581b01dc3,0xccc8cb5229b0ac8069c51fd58367fd1e622afd97,0xa9959f3433b3fd6cff55610243aa4fd31a9634dc,2381000000000000000000,Gods Unchained,GODS,18,410,78769,231300855981,47713,24480429,deprecated,0xa9059cbb,"transfer(address _to, uint256 _value)",11547211
13514321,1635540768,0x02997eabe348efdc0fe37d9eb97a33dd9d3b382e5ad49611b8fd869e64b0e775,692,0xb97b3a666708954259ae0edc076cbd96a5547024af9894445b7b0d660454a9b4,0xca3b9275e38026532a6405d51b03f1d90785a549,0xccc8cb5229b0ac8069c51fd58367fd1e622afd97,0x2fb8e92575e50d9092704318881d46eb1b144ed8,1378000000000000000000,Gods Unchained,GODS,18,460,78769,231300855981,47713,29632410,deprecated,0xa9059cbb,"transfer(address _to, uint256 _value)",11547211
13514324,1635540802,0x7e08401be1c85c05cfe4ca3ff70187fc0be03058b09ae92f53f966d5484fb746,4569,0x96d1c21adbaca6813c2a2a839b481d696918aa0ffcd8403f33ebb98834eb2503,0x295685c8fe08d8192981d21ea1fe856a07443920,0xccc8cb5229b0ac8069c51fd58367fd1e622afd97,0xa335ade338308b8e071cf2c8f3ca5e50f6563c60,8001940949270398435961,Gods Unchained,GODS,18,165,211883,228452440011,184068,7494106,deprecated,0xd9627aa4,"sellToUniswap(address[] tokens, uint256 sellAmount, uint256 minBuyAmount, bool isSushi)",11547208
13514324,1635540802,0x725e6a21f47d0584c57996b80c8d183c6692b058f72b18497745abb2918bf5b5,329,0x96d1c21adbaca6813c2a2a839b481d696918aa0ffcd8403f33ebb98834eb2503,0x62ad7f257e3f7fa97b7e5a7f39a9efca5cb9ab0b,0xccc8cb5229b0ac8069c51fd58367fd1e622afd97,0x795767e16cca3dbb65bbd6e1f9a85851449e0771,663650100000000000000,Gods Unchained,GODS,18,206,78787,227952440011,47725,11058847,deprecated,0xa9059cbb,"transfer(address _to, uint256 _value)",11547208
13514324,1635540802,0x43cfce0a576702cac1aed3486a6c36d3d44de23cada4d1f09ac775b88d7e326a,168,0x96d1c21adbaca6813c2a2a839b481d696918aa0ffcd8403f33ebb98834eb2503,0x5fdcca53617f4d2b9134b29090c87d01058e27e9,0xccc8cb5229b0ac8069c51fd58367fd1e622afd97,0x9d65a3912caaba6d51206e6e9c2c65340e7ab903,2489987000000000000000,Gods Unchained,GODS,18,300,98246,227952440011,91403,19072206,deprecated,0x441a3e70,"withdraw(uint256 _eth, uint256 _wei)",11547208
13514325,1635540822,0xb30bbca2f1c4bd506771eae218a914113bef78a72daa98ca183fb817e06a3760,0,0x3cb60f290a6674f01e92d27b2c582e0a9975ece72b06fc0d4981a9f8d1b37c02,0x2fb8e92575e50d9092704318881d46eb1b144ed8,0xccc8cb5229b0ac8069c51fd58367fd1e622afd97,0x6cc5f688a315f3dc28a7781717a9a798a59fda7b,1377999999999999999999,Gods Unchained,GODS,18,75,105000,277000000000,35437,4399170,deprecated,0xa9059cbb,"transfer(address _to, uint256 _value)",11547207
13514325,1635540822,0x2ac347ac126a4ee576da41017d0e14e6ebaba49001ea95a2a1042c8029d289ad,22,0x3cb60f290a6674f01e92d27b2c582e0a9975ece72b06fc0d4981a9f8d1b37c02,0x295685c8fe08d8192981d21ea1fe856a07443920,0xccc8cb5229b0ac8069c51fd58367fd1e622afd97,0xa7d21ddcbec6c8be6018037da30e4b2ecb62f572,272735871012479317988,Gods Unchained,GODS,18,356,162913,238111311980,120981,22677559,deprecated,0x7ff36ab5,"swapExactETHForTokens(uint256 amountOutMin, address[] path, address to, uint256 deadline)",11547207
13514326,1635540859,0xc39f045d4575aabe474184763682763c8f863a9cd7ad63a1c25d4bd48519e6ff,8,0x6d20d0c21cd1d5e335f4ab13dbebcc804bf0fdd09237be80efde12e8c7c8649d,0xa9959f3433b3fd6cff55610243aa4fd31a9634dc,0xccc8cb5229b0ac8069c51fd58367fd1e622afd97,0x6cc5f688a315f3dc28a7781717a9a798a59fda7b,2380999999999999999999,Gods Unchained,GODS,18,21,105000,277000000000,35437,1220097,deprecated,0xa9059cbb,"transfer(address _to, uint256 _value)",11547206
13514326,1635540859,0x6168ceae1987827d27b0311dbc7b9820d0c1544b5b149f21d379cf4276cb45b5,873,0x6d20d0c21cd1d5e335f4ab13dbebcc804bf0fdd09237be80efde12e8c7c8649d,0xcadc64f9f974f810b68a714e9001ce4800719b86,0xccc8cb5229b0ac8069c51fd58367fd1e622afd97,0x295685c8fe08d8192981d21ea1fe856a07443920,11000000000000000000000,Gods Unchained,GODS,18,36,161535,264740226932,120591,2135420,deprecated,0x18cbafe5,"swapExactTokensForETH(uint256 amountIn, uint256 amountOutMin, address[] path, address to, uint256 deadline)",11547206
13514326,1635540859,0x39911109ef60086052f2901b98848a84c49b28eade8ce0f889ef961e67f380c5,11596,0x6d20d0c21cd1d5e335f4ab13dbebcc804bf0fdd09237be80efde12e8c7c8649d,0x5fdcca53617f4d2b9134b29090c87d01058e27e9,0xccc8cb5229b0ac8069c51fd58367fd1e622afd97,0xbc9ca5bd0f07700929f8d538233b0a9e60f4ddc5,8689378000000000000000,Gods Unchained,GODS,18,85,98246,254740226932,91403,5767309,deprecated,0x441a3e70,"withdraw(uint256 _eth, uint256 _wei)",11547206
13514326,1635540859,0x51e5bbd91d9053f42415a399db3124e32d9f14431e6d3dd31e2083d699c0d1b7,701,0x6d20d0c21cd1d5e335f4ab13dbebcc804bf0fdd09237be80efde12e8c7c8649d,0x5fdcca53617f4d2b9134b29090c87d01058e27e9,0xccc8cb5229b0ac8069c51fd58367fd1e622afd97,0xe5a82f9360b9d105f82d264b35b09c7442c93bbf,1511780000000000000000,Gods Unchained,GODS,18,108,98246,254740226932,91403,7394427,deprecated,0x441a3e70,"withdraw(uint256 _eth, uint256 _wei)",11547206
13514327,1635540874,0xa1baad76c805b00b79af30325c3b7d31524aa212273a0bdffe3daadade9cd701,4570,0x23beea79d23d25a90bb1bc6eed54d39b8a65ab0587e02e4de4b516c42142cdec,0xa335ade338308b8e071cf2c8f3ca5e50f6563c60,0xccc8cb5229b0ac8069c51fd58367fd1e622afd97,0x35c32e3f463fce305d99fc2774675b589148cd53,8001940949270398435961,Gods Unchained,GODS,18,92,78823,245004504216,47749,4074532,deprecated,0xa9059cbb,"transfer(address _to, uint256 _value)",11547205
13514328,1635540878,0x706b5aa567da02f1e11d74f44e53450446966d712669db048e58a80acfae82e5,663,0xab718e4297e9b8e20f61e6c6958e1e49d0efbfcca472f8481df255bd61b81795,0x5fdcca53617f4d2b9134b29090c87d01058e27e9,0xccc8cb5229b0ac8069c51fd58367fd1e622afd97,0x61e4ea1abaee2dfe18bad49f1e9dbc0e9e0d3ced,14913380000000000000000,Gods Unchained,GODS,18,174,98234,226919823482,91391,8495467,deprecated,0x441a3e70,"withdraw(uint256 _eth, uint256 _wei)",11547204
13514328,1635540878,0x1943a583ff8d717b84db237c328da342b61110d8b3587ac4e711eb383a8bb7a5,1002,0xab718e4297e9b8e20f61e6c6958e1e49d0efbfcca472f8481df255bd61b81795,0x5fdcca53617f4d2b9134b29090c87d01058e27e9,0xccc8cb5229b0ac8069c51fd58367fd1e622afd97,0x695503b13dfe5a57dfca91cc9e00e6ad17c460a8,484000000000000000000,Gods Unchained,GODS,18,209,98246,226419823482,91403,11288591,deprecated,0x441a3e70,"withdraw(uint256 _eth, uint256 _wei)",11547204
13514332,1635540907,0x5fc7013b0638d803be821b5e5760e3189860cdb7595ef09069dd16b596508cac,61916,0x1e1ac12afe23e8dbb9c1f182274973d58ee7d5544f41ddb6a5bf6642a13b7813,0x295685c8fe08d8192981d21ea1fe856a07443920,0xccc8cb5229b0ac8069c51fd58367fd1e622afd97,0x00000000003b3cc22af3ae1eac0440bcee416b40,2967414180927606022092,Gods Unchained,GODS,18,0,2000000,180074221009,88396,88396,deprecated,0x0000ce36,,11547200
13514332,1635540907,0x6a52c4da6933ca804e348774d73b088ae3fb6b2cdfbd24fbf7dcee35f04cd1ee,3186,0x1e1ac12afe23e8dbb9c1f182274973d58ee7d5544f41ddb6a5bf6642a13b7813,0x295685c8fe08d8192981d21ea1fe856a07443920,0xccc8cb5229b0ac8069c51fd58367fd1e622afd97,0x1c012b03f1c2dea274d2eeeb566b0eeabfe3af1a,3678179378943935892765,Gods Unchained,GODS,18,1,154940,181574221009,93321,181717,deprecated,0x7ff36ab5,"swapExactETHForTokens(uint256 amountOutMin, address[] path, address to, uint256 deadline)",11547200
13514332,1635540907,0xe4d103ff71fd47a25861dea5bfb0454703317480f2184a404d552095ad24502f,61917,0x1e1ac12afe23e8dbb9c1f182274973d58ee7d5544f41ddb6a5bf6642a13b7813,0x00000000003b3cc22af3ae1eac0440bcee416b40,0xccc8cb5229b0ac8069c51fd58367fd1e622afd97,0x295685c8fe08d8192981d21ea1fe856a07443920,2967414031380312825814,Gods Unchained,GODS,18,2,137290,1569213261975,78447,260164,deprecated,0x0100ce36,,11547200
13514333,1635540915,0x9b97ba05c0467434a55996dbf27127fb955c90c1f6c8dc4755bee42d21b76579,157,0x9bec0071b7b76e878a227cd1d8109d711de92051faa82d21d912c183290131c2,0x8eda47b1d76ae28e6ca44b48c1a882e8daace290,0xccc8cb5229b0ac8069c51fd58367fd1e622afd97,0x5119f872b76e8935455e5505c9b38e54005c07d5,383800000000000000000,Gods Unchained,GODS,18,149,78751,179828420945,47701,9415927,deprecated,0xa9059cbb,"transfer(address _to, uint256 _value)",11547199
13514335,1635540934,0xdfd1a79fa8618633093a59c68dcc6ebe911bf68570c113b270ba53ef799b9bc0,4572,0xa13720475b23ff688a3dcaf430450e611cae1c0c917229ea7f2f45d7d6ce4625,0x295685c8fe08d8192981d21ea1fe856a07443920,0xccc8cb5229b0ac8069c51fd58367fd1e622afd97,0xa335ade338308b8e071cf2c8f3ca5e50f6563c60,6620661847162888395808,Gods Unchained,GODS,18,6,211883,217000000000,184068,951935,deprecated,0xd9627aa4,"sellToUniswap(address[] tokens, uint256 sellAmount, uint256 minBuyAmount, bool isSushi)",11547197
13514336,1635540942,0xcd340cf06e8a3fb0d5c9c67d2596f286038cf7fe61d527b34d9b76124f5b6c67,4065,0xb32c8b53b27050d98a26a193b02286d4126da2e6311b9eaf1dd5a3c6212a8620,0x295685c8fe08d8192981d21ea1fe856a07443920,0xccc8cb5229b0ac8069c51fd58367fd1e622afd97,0x000000bd31c24a2bd2835028c8f1e4d9d3f37108,2449218049658793048499,Gods Unchained,GODS,18,0,700000,350000000000,123268,123268,deprecated,0x2e9c38d3,,11547196
13514336,1635540942,0x8b0ef51b69c74d3ca438086a10204253b9d301e319622314f5d4838ed7b6da21,11597,0xb32c8b53b27050d98a26a193b02286d4126da2e6311b9eaf1dd5a3c6212a8620,0xbc9ca5bd0f07700929f8d538233b0a9e60f4ddc5,0xccc8cb5229b0ac8069c51fd58367fd1e622afd97,0x295685c8fe08d8192981d21ea1fe856a07443920,4000000000000000000000,Gods Unchained,GODS,18,7,174207,181986965278,110031,928556,deprecated,0x18cbafe5,"swapExactTokensForETH(uint256 amountIn, uint256 amountOutMin, address[] path, address to, uint256 deadline)",11547196
13514336,1635540942,0x0f9d21dbeb7000b4f6feb6584b901cb9852e604dec8efe90942ac18bb4bbfef9,16,0xb32c8b53b27050d98a26a193b02286d4126da2e6311b9eaf1dd5a3c6212a8620,0x35c32e3f463fce305d99fc2774675b589148cd53,0xccc8cb5229b0ac8069c51fd58367fd1e622afd97,0x6cc5f688a315f3dc28a7781717a9a798a59fda7b,8001940949270398435960,Gods Unchained,GODS,18,100,105000,260000000000,35449,5827096,deprecated,0xa9059cbb,"transfer(address _to, uint256 _value)",11547196
13514336,1635540942,0x72b1866bf9095a166824fae6accc1a3b6a2041529fcafa24358590b89317ea00,0,0xb32c8b53b27050d98a26a193b02286d4126da2e6311b9eaf1dd5a3c6212a8620,0x3e96bc20ebb8899cfae2812263436ec910582a67,0xccc8cb5229b0ac8069c51fd58367fd1e622afd97,0x6cc5f688a315f3dc28a7781717a9a798a59fda7b,3280999999999999999999,Gods Unchained,GODS,18,101,105000,260000000000,35437,5862533,deprecated,0xa9059cbb,"transfer(address _to, uint256 _value)",11547196
13514336,1635540942,0x40e7cd042caa30ab44e00bb03eecdcae7105a7fd68a51ff8814aaebb3b4f7c5e,0,0xb32c8b53b27050d98a26a193b02286d4126da2e6311b9eaf1dd5a3c6212a8620,0x795767e16cca3dbb65bbd6e1f9a85851449e0771,0xccc8cb5229b0ac8069c51fd58367fd1e622afd97,0x6cc5f688a315f3dc28a7781717a9a798a59fda7b,663650099999999999999,Gods Unchained,GODS,18,107,105000,258000000000,35437,6169189,deprecated,0xa9059cbb,"transfer(address _to, uint256 _value)",11547196
13514337,1635540995,0x8a62ffa2d903abc6cec239e4a994cfd7b52d6deeaca6dfb0fa9639444db60115,2296,0x0447e51cc1b201afba3abd2b68eebe76917081d80195824949dee59b9142bbac,0xd454ed303748bb5a433388f9508433ba5d507030,0xccc8cb5229b0ac8069c51fd58367fd1e622afd97,0x5d82940426716b1f718e4d2b212519275ae7c95b,1647723000000000000000,Gods Unchained,GODS,18,173,78787,198401750629,47725,15490906,deprecated,0xa9059cbb,"transfer(address _to, uint256 _value)",11547195
13514337,1635540995,0xbe4bcec9d1820787a61cf62891419a93e69b3b1c0dfc7a952c467b7031b7d4ee,170,0x0447e51cc1b201afba3abd2b68eebe76917081d80195824949dee59b9142bbac,0x9d65a3912caaba6d51206e6e9c2c65340e7ab903,0xccc8cb5229b0ac8069c51fd58367fd1e622afd97,0xfc16f803f31b322b13b98d589f0affd8821f989e,2489987000000000000000,Gods Unchained,GODS,18,190,78787,198401750629,47725,17902325,deprecated,0xa9059cbb,"transfer(address _to, uint256 _value)",11547195
13514337,1635540995,0xfc47885e60a8ef6b3407a57f315fed22a3725505f297f1ef4c7eadecf5d5649f,210,0x0447e51cc1b201afba3abd2b68eebe76917081d80195824949dee59b9142bbac,0x66414ea1b60390e4f94a83c95061cb1833423c83,0xccc8cb5229b0ac8069c51fd58367fd1e622afd97,0x8dc6d657f246891d7771e83680fa471bf78ae9d6,1819000000000000000000,Gods Unchained,GODS,18,201,78769,198401750629,47713,19123796,deprecated,0xa9059cbb,"transfer(address _to, uint256 _value)",11547195
13514337,1635540995,0xa3b8653c57adc7f663030bf5f955a07b37d9ab0514d6e8fefe1eacd554369db5,70,0x0447e51cc1b201afba3abd2b68eebe76917081d80195824949dee59b9142bbac,0x7c6bc79f96381781683fad9d3fe950dda517a632,0xccc8cb5229b0ac8069c51fd58367fd1e622afd97,0xf4f53c7e38a571a6d3e994b3bb222aecf2981047,390000000000000000000,Gods Unchained,GODS,18,202,78769,198401750629,47713,19171509,deprecated,0xa9059cbb,"transfer(address _to, uint256 _value)",11547195
13514339,1635541007,0x9f3fe9794575fd4b9cbd4f2dad30702cdc149e84d7ca89bced57c77d07ec1dde,4573,0x35fc2fad0e863cb95ef11df918c6bda096f309307a1242a8b773d2068a378ef7,0xa335ade338308b8e071cf2c8f3ca5e50f6563c60,0xccc8cb5229b0ac8069c51fd58367fd1e622afd97,0x35c32e3f463fce305d99fc2774675b589148cd53,6620661847162888395808,Gods Unchained,GODS,18,28,53173,196192854296,30649,2495678,deprecated,0xa9059cbb,"transfer(address _to, uint256 _value)",11547193
13514340,1635541013,0x968da4177c390d1a5a1dcc9399899d15739e4500601670331ed0b0264af422fc,4341,0x056fcd2ebd21f3b43fa9fe06971ca50435ffde75a2be1ee2ee5dae1243c447ef,0x000000bd31c24a2bd2835028c8f1e4d9d3f37108,0xccc8cb5229b0ac8069c51fd58367fd1e622afd97,0x295685c8fe08d8192981d21ea1fe856a07443920,2449218049658793048499,Gods Unchained,GODS,18,3,700000,394971425156,100976,163976,deprecated,0x2e9c38d3,,11547192
13514341,1635541061,0xffd61891f6522c7508753157ca19b2e83db5ee2ce1241b834e48895e95c0b936,4574,0x7b7e2d3925342889a821773655bdf6e12224204caff98066f95fd201e3ca37f9,0x295685c8fe08d8192981d21ea1fe856a07443920,0xccc8cb5229b0ac8069c51fd58367fd1e622afd97,0xa335ade338308b8e071cf2c8f3ca5e50f6563c60,3877167568233732191132,Gods Unchained,GODS,18,81,211870,227000000000,184056,4604682,deprecated,0xd9627aa4,"sellToUniswap(address[] tokens, uint256 sellAmount, uint256 minBuyAmount, bool isSushi)",11547191
13514341,1635541061,0x3545929482aeb318155dc81273b165cdfda4b1f8f80ecd3ce013e9846980a06f,875,0x7b7e2d3925342889a821773655bdf6e12224204caff98066f95fd201e3ca37f9,0xcadc64f9f974f810b68a714e9001ce4800719b86,0xccc8cb5229b0ac8069c51fd58367fd1e622afd97,0x295685c8fe08d8192981d21ea1fe856a07443920,11000000000000000000000,Gods Unchained,GODS,18,318,174207,199691555990,110031,17936948,deprecated,0x18cbafe5,"swapExactTokensForETH(uint256 amountIn, uint256 amountOutMin, address[] path, address to, uint256 deadline)",11547191
13514341,1635541061,0x925834d3fd67d602a4ce212286ca7f7e3c30c9aa0f9b565139560dbc3e60c644,906,0x7b7e2d3925342889a821773655bdf6e12224204caff98066f95fd201e3ca37f9,0x5fdcca53617f4d2b9134b29090c87d01058e27e9,0xccc8cb5229b0ac8069c51fd58367fd1e622afd97,0xc15792b8578fc26c10de7f88191ecff579151866,1605000000000000000000,Gods Unchained,GODS,18,331,98246,199691555990,91403,19096041,deprecated,0x441a3e70,"withdraw(uint256 _eth, uint256 _wei)",11547191
13514341,1635541061,0x593b90fbc94e868e3ce7127c69f0eac37a4bb7aeec9577ebd70149cd195957b8,469,0x7b7e2d3925342889a821773655bdf6e12224204caff98066f95fd201e3ca37f9,0x5fdcca53617f4d2b9134b29090c87d01058e27e9,0xccc8cb5229b0ac8069c51fd58367fd1e622afd97,0xbbfd97b490961417b02368dabf0ce2aba8928901,4638044000000000000000,Gods Unchained,GODS,18,365,98246,199691555990,91403,21804769,deprecated,0x441a3e70,"withdraw(uint256 _eth, uint256 _wei)",11547191
13514342,1635541082,0x25912c60850f4ba8cdfe5ee6f64b50b14e44e0f9332d1b1a349ae9c47c1c7884,1,0x0b0e992deea601a6b2c3d9cb566449bd4ddedb9fe20361bd40ac124e23fcb023,0xf4f53c7e38a571a6d3e994b3bb222aecf2981047,0xccc8cb5229b0ac8069c51fd58367fd1e622afd97,0x6cc5f688a315f3dc28a7781717a9a798a59fda7b,389999999999999999999,Gods Unchained,GODS,18,44,105000,240000000000,35437,1749950,deprecated,0xa9059cbb,"transfer(address _to, uint256 _value)",11547190
13514342,1635541082,0x0c8ce1e230607b1f21be3b44a0533424598739429bb1e017056da37868ab50e3,29,0x0b0e992deea601a6b2c3d9cb566449bd4ddedb9fe20361bd40ac124e23fcb023,0x5d82940426716b1f718e4d2b212519275ae7c95b,0xccc8cb5229b0ac8069c51fd58367fd1e622afd97,0x6cc5f688a315f3dc28a7781717a9a798a59fda7b,1647722999999999999999,Gods Unchained,GODS,18,47,105000,238000000000,35437,1873309,deprecated,0xa9059cbb,"transfer(address _to, uint256 _value)",11547190
13514342,1635541082,0x7f756adfae07fd3884689e69bca7dc89ee6436c983d38fbeea38e52c4b2835cb,0,0x0b0e992deea601a6b2c3d9cb566449bd4ddedb9fe20361bd40ac124e23fcb023,0xfc16f803f31b322b13b98d589f0affd8821f989e,0xccc8cb5229b0ac8069c51fd58367fd1e622afd97,0x6cc5f688a315f3dc28a7781717a9a798a59fda7b,2489986999999999999999,Gods Unchained,GODS,18,50,105000,238000000000,35437,2001219,deprecated,0xa9059cbb,"transfer(address _to, uint256 _value)",11547190
13514343,1635541107,0xcb09bef994664c49cb2bef0af14e516d0534c4f71ed773dbfd5757c7508f3ca9,4575,0x31ff6cc2cb1729323aefd92a175381988065c3f51681a845702827561977946b,0xa335ade338308b8e071cf2c8f3ca5e50f6563c60,0xccc8cb5229b0ac8069c51fd58367fd1e622afd97,0x35c32e3f463fce305d99fc2774675b589148cd53,3877167568233732191132,Gods Unchained,GODS,18,10,53155,223789868412,30637,1056208,deprecated,0xa9059cbb,"transfer(address _to, uint256 _value)",11547189
13514343,1635541107,0x741d24865dc32e869db2c3b11597fbee49ce25d063167055446c1a34479c98cf,168,0x31ff6cc2cb1729323aefd92a175381988065c3f51681a845702827561977946b,0x5fdcca53617f4d2b9134b29090c87d01058e27e9,0xccc8cb5229b0ac8069c51fd58367fd1e622afd97,0xa231a5ae629a0f15e1c1eb3ffbf813589e206926,388492500000000000000,Gods Unchained,GODS,18,13,98246,222197305915,91403,1327660,deprecated,0x441a3e70,"withdraw(uint256 _eth, uint256 _wei)",11547189
13514344,1635541125,0xb82677dc391b476a9af76b1d260db53d91f3faa6a9018d2bb02f37bf4ca2bd7b,470,0x2cf8a90ce939a5703fbbf6d49bef25809a3cb246e6b72ec01c420fc39f2fddb8,0xbbfd97b490961417b02368dabf0ce2aba8928901,0xccc8cb5229b0ac8069c51fd58367fd1e622afd97,0xad0a022db1cf81cffc7c2d1ca2fed705afe1d274,4638044000000000000000,Gods Unchained,GODS,18,78,78769,231151116358,47713,3854507,deprecated,0xa9059cbb,"transfer(address _to, uint256 _value)",11547188
13514345,1635541130,0xd716ea5f6eb1e56c0526287814309d990535b07499c06dbc0b24ebad40b9048f,4576,0xa370b8a47004edba62002c0238679a46669884a4d5f55a8d94b08a5a06fcd6d8,0x295685c8fe08d8192981d21ea1fe856a07443920,0xccc8cb5229b0ac8069c51fd58367fd1e622afd97,0xa335ade338308b8e071cf2c8f3ca5e50f6563c60,2978396911801262121169,Gods Unchained,GODS,18,7,211870,226000000000,184056,934132,deprecated,0xd9627aa4,"sellToUniswap(address[] tokens, uint256 sellAmount, uint256 minBuyAmount, bool isSushi)",11547187
13514345,1635541130,0xa41ab00bae4a2b489772488f4dc4408db31b58d16b8a8bd753839ddbdfcf373a,664,0xa370b8a47004edba62002c0238679a46669884a4d5f55a8d94b08a5a06fcd6d8,0x61e4ea1abaee2dfe18bad49f1e9dbc0e9e0d3ced,0xccc8cb5229b0ac8069c51fd58367fd1e622afd97,0xad0a022db1cf81cffc7c2d1ca2fed705afe1d274,14913380000000000000000,Gods Unchained,GODS,18,12,78787,211224498050,30625,1701059,deprecated,0xa9059cbb,"transfer(address _to, uint256 _value)",11547187
13514347,1635541153,0x40d4a92c949115c5cec4038b93d707de1b51ce5d847b10caf7235139fdad2a3f,2304,0x29988cc9b8330b4c8107256f119f2047dd836ecfd798176c16831e590f46f05b,0x5fdcca53617f4d2b9134b29090c87d01058e27e9,0xccc8cb5229b0ac8069c51fd58367fd1e622afd97,0x23a7f49dcd170407e84eba82e0733452db537d9b,2894446000000000000000,Gods Unchained,GODS,18,174,98246,195786580424,91403,8876269,deprecated,0x441a3e70,"withdraw(uint256 _eth, uint256 _wei)",11547185
13514347,1635541153,0x39ea30a4b3a4803d1a96418a80783538796de0f29db0c191754de326dbf94f34,7405,0x29988cc9b8330b4c8107256f119f2047dd836ecfd798176c16831e590f46f05b,0x5fdcca53617f4d2b9134b29090c87d01058e27e9,0xccc8cb5229b0ac8069c51fd58367fd1e622afd97,0x9627823b76decf20a2f422f53d765565e40f1e1d,2247500000000000000000,Gods Unchained,GODS,18,200,98246,195726580424,91403,11970437,deprecated,0x441a3e70,"withdraw(uint256 _eth, uint256 _wei)",11547185
13514347,1635541153,0x838153abf7634303043083609fea1aa09c793c01c0bcd9df17c1ea0570ed2092,169,0x29988cc9b8330b4c8107256f119f2047dd836ecfd798176c16831e590f46f05b,0xa231a5ae629a0f15e1c1eb3ffbf813589e206926,0xccc8cb5229b0ac8069c51fd58367fd1e622afd97,0x5d82940426716b1f718e4d2b212519275ae7c95b,388492500000000000000,Gods Unchained,GODS,18,222,53137,195668380424,30625,14102392,deprecated,0xa9059cbb,"transfer(address _to, uint256 _value)",11547185
13514349,1635541159,0xa461dd1eb465068cd515d2a8875ab9bcb53646601f416633b33dd6c58601145b,4577,0x42a6630a2e81e2378ce2368ea230239066a769418833e18bd10c5462cc9fdc44,0xa335ade338308b8e071cf2c8f3ca5e50f6563c60,0xccc8cb5229b0ac8069c51fd58367fd1e622afd97,0x35c32e3f463fce305d99fc2774675b589148cd53,2978396911801262121169,Gods Unchained,GODS,18,8,53155,177236450319,30637,719308,deprecated,0xa9059cbb,"transfer(address _to, uint256 _value)",11547183
13514349,1635541159,0x8a6496a657fe80e9f73ac228327d68a1cfd07c6e5ea1f5ebb2514e73f7fcca08,11600,0x42a6630a2e81e2378ce2368ea230239066a769418833e18bd10c5462cc9fdc44,0xbc9ca5bd0f07700929f8d538233b0a9e60f4ddc5,0xccc8cb5229b0ac8069c51fd58367fd1e622afd97,0x295685c8fe08d8192981d21ea1fe856a07443920,4689378000000000000000,Gods Unchained,GODS,18,10,174207,187336450319,115791,856099,deprecated,0x18cbafe5,"swapExactTokensForETH(uint256 amountIn, uint256 amountOutMin, address[] path, address to, uint256 deadline)",11547183
13514350,1635541190,0x814bfa4e56498996ec23743f7de6e7824dee5319f5a2cf0b9527de6df0f2277b,139,0x62737a99f4f24da59a9babb6068bf45b03ba3cf3ec2c17d48cdae807aced7fbf,0x155166159f702e57b73309e86b6a3be29ba9474c,0xccc8cb5229b0ac8069c51fd58367fd1e622afd97,0x295685c8fe08d8192981d21ea1fe856a07443920,528751700000000000000,Gods Unchained,GODS,18,110,174222,198994026075,115803,7380916,deprecated,0x18cbafe5,"swapExactTokensForETH(uint256 amountIn, uint256 amountOutMin, address[] path, address to, uint256 deadline)",11547182
13514350,1635541190,0x1db078396c581149400245164ed4b10d372648c9aba7ed9ea9a462ec86fc7216,33,0x62737a99f4f24da59a9babb6068bf45b03ba3cf3ec2c17d48cdae807aced7fbf,0x5fdcca53617f4d2b9134b29090c87d01058e27e9,0xccc8cb5229b0ac8069c51fd58367fd1e622afd97,0x4d8ac37be88a32a604285fc63ea55e5270e23852,383830000000000000000,Gods Unchained,GODS,18,236,98246,199052226075,91403,15965477,deprecated,0x441a3e70,"withdraw(uint256 _eth, uint256 _wei)",11547182
13514350,1635541190,0x131098085960aa3d2a6b4c9ebc7bf91a34ab1247cd3bef15fd6f521ef3117710,267,0x62737a99f4f24da59a9babb6068bf45b03ba3cf3ec2c17d48cdae807aced7fbf,0x5fdcca53617f4d2b9134b29090c87d01058e27e9,0xccc8cb5229b0ac8069c51fd58367fd1e622afd97,0x873524fbad9d14ba8cad3da224613d76fc9321cc,2129490000000000000000,Gods Unchained,GODS,18,260,98246,198994026075,91403,17302968,deprecated,0x441a3e70,"withdraw(uint256 _eth, uint256 _wei)",11547182
13514353,1635541206,0x3e789bf5b47b64d5eb8e286185d45f856455999dcb67ac4d5949929d283ec15d,83940,0x97426d73b7131adfe0c1b96a2368d78299f79bbc232861df0bc5fdbcb47993b9,0x295685c8fe08d8192981d21ea1fe856a07443920,0xccc8cb5229b0ac8069c51fd58367fd1e622afd97,0x1d6e8bac6ea3730825bde4b005ed7b2b39a2932d,2520696445667683856475,Gods Unchained,GODS,18,0,500096,176492865839,87874,87874,deprecated,0xce367101,,11547179
13514353,1635541206,0xb8ca77bc37ff9a1e1020c9bb850a152f8498461225a917d6a7ea4ea15571752e,3187,0x97426d73b7131adfe0c1b96a2368d78299f79bbc232861df0bc5fdbcb47993b9,0x295685c8fe08d8192981d21ea1fe856a07443920,0xccc8cb5229b0ac8069c51fd58367fd1e622afd97,0x1c012b03f1c2dea274d2eeeb566b0eeabfe3af1a,12052984961747893672182,Gods Unchained,GODS,18,1,136000,226000000000,94431,182305,deprecated,0xd9627aa4,"sellToUniswap(address[] tokens, uint256 sellAmount, uint256 minBuyAmount, bool isSushi)",11547179
13514353,1635541206,0xe06d32c7efa71b149231028f6bb4aa99e27b85ac347bb454af1a2d22a1263f4d,83941,0x97426d73b7131adfe0c1b96a2368d78299f79bbc232861df0bc5fdbcb47993b9,0x1d6e8bac6ea3730825bde4b005ed7b2b39a2932d,0xccc8cb5229b0ac8069c51fd58367fd1e622afd97,0x295685c8fe08d8192981d21ea1fe856a07443920,2520696445667683856475,Gods Unchained,GODS,18,2,137105,176492865839,87105,269410,deprecated,0xce367100,,11547179
13514353,1635541206,0xe2f1d03f40b112ec1d1787ff825b61f6519933aef6ea6ba46cb3267effd09ef8,2,0x97426d73b7131adfe0c1b96a2368d78299f79bbc232861df0bc5fdbcb47993b9,0xad0a022db1cf81cffc7c2d1ca2fed705afe1d274,0xccc8cb5229b0ac8069c51fd58367fd1e622afd97,0x6cc5f688a315f3dc28a7781717a9a798a59fda7b,19551423999999999999999,Gods Unchained,GODS,18,222,105000,237000000000,35449,10428874,deprecated,0xa9059cbb,"transfer(address _to, uint256 _value)",11547179
13514353,1635541206,0x8468e1d9d3f58eae438a4ad2eeedfca50a2248c67c6449aad00cb4d4173ee015,9452,0x97426d73b7131adfe0c1b96a2368d78299f79bbc232861df0bc5fdbcb47993b9,0x492842125e4c3a7d10cda0e0291ea22788e4ad60,0xccc8cb5229b0ac8069c51fd58367fd1e622afd97,0x295685c8fe08d8192981d21ea1fe856a07443920,14470210000000000000000,Gods Unchained,GODS,18,468,161535,186492865839,106185,28260823,deprecated,0x18cbafe5,"swapExactTokensForETH(uint256 amountIn, uint256 amountOutMin, address[] path, address to, uint256 deadline)",11547179
13514354,1635541247,0x2cb675db02416f28d7023f724bb23c61a87489b89f628732676384919fb5c4a4,83942,0x96cbdf763dc2d29b08c33b2cb5800173796f64df8bfcca13606aabd124867421,0x295685c8fe08d8192981d21ea1fe856a07443920,0xccc8cb5229b0ac8069c51fd58367fd1e622afd97,0x1d6e8bac6ea3730825bde4b005ed7b2b39a2932d,2656993382547374344643,Gods Unchained,GODS,18,3,500003,198546778642,88062,164664,deprecated,0xce367201,,11547178
13514354,1635541247,0x7fec65e7953d27d1ae42d06406c4b88008945f2068e927ae324d9a620bb8cd86,4578,0x96cbdf763dc2d29b08c33b2cb5800173796f64df8bfcca13606aabd124867421,0x295685c8fe08d8192981d21ea1fe856a07443920,0xccc8cb5229b0ac8069c51fd58367fd1e622afd97,0xa335ade338308b8e071cf2c8f3ca5e50f6563c60,4586176681253579793243,Gods Unchained,GODS,18,4,196433,234000000000,180582,345246,deprecated,0xd9627aa4,"sellToUniswap(address[] tokens, uint256 sellAmount, uint256 minBuyAmount, bool isSushi)",11547178
13514354,1635541247,0xf690f48e001a5525969f53a5a6881280613cf7038876786ab488e3abfad4b04d,83943,0x96cbdf763dc2d29b08c33b2cb5800173796f64df8bfcca13606aabd124867421,0x1d6e8bac6ea3730825bde4b005ed7b2b39a2932d,0xccc8cb5229b0ac8069c51fd58367fd1e622afd97,0x295685c8fe08d8192981d21ea1fe856a07443920,2656993382547374344643,Gods Unchained,GODS,18,5,127784,1611781285436,77784,423030,deprecated,0xce367200,,11547178
13514354,1635541247,0xfc05b868a1c5288b7aa0026dd6750384af597b6569f47098c55d224a3b20527a,908,0x96cbdf763dc2d29b08c33b2cb5800173796f64df8bfcca13606aabd124867421,0xc15792b8578fc26c10de7f88191ecff579151866,0xccc8cb5229b0ac8069c51fd58367fd1e622afd97,0x295685c8fe08d8192981d21ea1fe856a07443920,1605000000000000000000,Gods Unchained,GODS,18,294,243547,201486778642,168482,15725892,deprecated,0x38ed1739,"swapExactTokensForTokens(uint256 amountIn, uint256 amountOutMin, address[] path, address to, uint256 deadline)",11547178
13514354,1635541247,0x1d85dd28f546fbbd49226d20134b4146a5d8c30781c967f3317d8fa491336a5b,313,0x96cbdf763dc2d29b08c33b2cb5800173796f64df8bfcca13606aabd124867421,0x5725a458b319d73b8ec84c47de80620e7b191b0c,0xccc8cb5229b0ac8069c51fd58367fd1e622afd97,0x5d82940426716b1f718e4d2b212519275ae7c95b,582731300000000000000,Gods Unchained,GODS,18,336,78787,200546778642,30625,19329684,deprecated,0xa9059cbb,"transfer(address _to, uint256 _value)",11547178
13514356,1635541266,0x52c8d54bd0b00492cdcb01f544b4bd9e90e56899a98173d485766bd337e47cdb,4666,0xb244838355a66777bd66a1018b62ec18492b9830593b3d512507d24edb788288,0x5fdcca53617f4d2b9134b29090c87d01058e27e9,0xccc8cb5229b0ac8069c51fd58367fd1e622afd97,0xbace1e5f9cb38f56fa8b096e3fe940d9c34d189d,2748219000000000000000,Gods Unchained,GODS,18,39,98246,218807303203,91403,2647211,deprecated,0x441a3e70,"withdraw(uint256 _eth, uint256 _wei)",11547176
13514357,1635541273,0x61bf2d1d9d62926a43b547eadfe09196837f7c0819cf6561b46815fb94a4015b,2085,0x1b8f5af2a9f27dcf87cc1263ab0ed9904ee0c0ddda456f3a91e05e2af1b20b79,0x5fdcca53617f4d2b9134b29090c87d01058e27e9,0xccc8cb5229b0ac8069c51fd58367fd1e622afd97,0xaae8c50d76c76fb8947c9a203103d28b55862977,7659821000000000000000,Gods Unchained,GODS,18,225,98246,218702439096,91403,10666397,deprecated,0x441a3e70,"withdraw(uint256 _eth, uint256 _wei)",11547175
13514357,1635541273,0x5152adfadb72db44e0537f4b014c06f6780332f616304b5214c8b57e4c152d31,4579,0x1b8f5af2a9f27dcf87cc1263ab0ed9904ee0c0ddda456f3a91e05e2af1b20b79,0xa335ade338308b8e071cf2c8f3ca5e50f6563c60,0xccc8cb5229b0ac8069c51fd58367fd1e622afd97,0x35c32e3f463fce305d99fc2774675b589148cd53,4586176681253579793243,Gods Unchained,GODS,18,485,53155,198702439096,30637,21600341,deprecated,0xa9059cbb,"transfer(address _to, uint256 _value)",11547175
13514357,1635541273,0x7b288486c7d23611fa081ea49bc9cc9949ea68e6228dac812cb433da9761cfa6,2491,0x1b8f5af2a9f27dcf87cc1263ab0ed9904ee0c0ddda456f3a91e05e2af1b20b79,0x5fdcca53617f4d2b9134b29090c87d01058e27e9,0xccc8cb5229b0ac8069c51fd58367fd1e622afd97,0xb69b7d6bd5c83eb34b09990491a6bc73def9eaa4,1390570000000000000000,Gods Unchained,GODS,18,536,98246,198584239096,91403,26127372,deprecated,0x441a3e70,"withdraw(uint256 _eth, uint256 _wei)",11547175
13514357,1635541273,0x044ea6830ca7a295aac0dc870ce3a4d7f9b40cf239ce97837d57187f084969ba,133,0x1b8f5af2a9f27dcf87cc1263ab0ed9904ee0c0ddda456f3a91e05e2af1b20b79,0xfece736fb93e91d9d15db24b68400dafedab98dd,0xccc8cb5229b0ac8069c51fd58367fd1e622afd97,0x295685c8fe08d8192981d21ea1fe856a07443920,1500000000000000000000,Gods Unchained,GODS,18,571,174207,198584239096,115791,29777814,deprecated,0x18cbafe5,"swapExactTokensForETH(uint256 amountIn, uint256 amountOutMin, address[] path, address to, uint256 deadline)",11547175
13514358,1635541314,0xfe62bd71649199e96009b4a2284faaff8041817533fdbe557fd27e3b907244a3,25301,0xd8cdb537d570dc6c9f55f07b66fead2395ddca4c7478fc4a4748772e67740d19,0x295685c8fe08d8192981d21ea1fe856a07443920,0xccc8cb5229b0ac8069c51fd58367fd1e622afd97,0x0000000000d41c96294ccdac8612bdfe29c641af,1789703992766455373097,Gods Unchained,GODS,18,3,109066,221282594530,89002,351317,deprecated,0x00000000,buyAndFree22457070633(uint256 amount),11547174
13514358,1635541314,0x729c97b95b1e7a3e9b16bd4eb9e9b8c797fae933bf9ec90a782e039c43cfbfee,539,0xd8cdb537d570dc6c9f55f07b66fead2395ddca4c7478fc4a4748772e67740d19,0x295685c8fe08d8192981d21ea1fe856a07443920,0xccc8cb5229b0ac8069c51fd58367fd1e622afd97,0x29c7f6f9cf862277183bd91e5da94225a893e9cc,8962215711980424937299,Gods Unchained,GODS,18,4,175801,223164394530,110433,461750,deprecated,0x7ff36ab5,"swapExactETHForTokens(uint256 amountOutMin, address[] path, address to, uint256 deadline)",11547174
13514358,1635541314,0x2c09b5504c6fc1f98469a71afc0490cffbe9c5b0ae1ee6106ba30765c0badeb4,25302,0xd8cdb537d570dc6c9f55f07b66fead2395ddca4c7478fc4a4748772e67740d19,0x0000000000d41c96294ccdac8612bdfe29c641af,0xccc8cb5229b0ac8069c51fd58367fd1e622afd97,0x295685c8fe08d8192981d21ea1fe856a07443920,1789703992766455373097,Gods Unchained,GODS,18,5,98488,2503843842099,78524,540274,deprecated,0x00000001,relay1GsWnfsIQROy(),11547174
13514358,1635541314,0x65d546021eb949a31141d1986059e821b418b266212da1ee19ea141cd3ad3371,1003,0xd8cdb537d570dc6c9f55f07b66fead2395ddca4c7478fc4a4748772e67740d19,0x695503b13dfe5a57dfca91cc9e00e6ad17c460a8,0xccc8cb5229b0ac8069c51fd58367fd1e622afd97,0xa41738e49ef91cb18657ea30ebfd691f5deff489,484000000000000000000,Gods Unchained,GODS,18,382,78769,223164394530,47713,26026741,deprecated,0xa9059cbb,"transfer(address _to, uint256 _value)",11547174
13514358,1635541314,0x232e6a82b11c66d1980e4469860d5d629af52ffaf49d818ac8fa760b35c89913,11,0xd8cdb537d570dc6c9f55f07b66fead2395ddca4c7478fc4a4748772e67740d19,0x5fdcca53617f4d2b9134b29090c87d01058e27e9,0xccc8cb5229b0ac8069c51fd58367fd1e622afd97,0x671b378a6638abcd4013829b1f530e80bf79d3ed,383600000000000000000,Gods Unchained,GODS,18,384,98246,223164394530,91403,26139144,deprecated,0x441a3e70,"withdraw(uint256 _eth, uint256 _wei)",11547174
13514362,1635541372,0x6a1ebff36b7c4cbaa10b1920d3de4b2fb9bac13bb20ceefae9110ee4ae28ea32,876,0x6dfc597c94f8460a64f715579915e773412b69b3fbff0e6800de33cc4dd40fa3,0xcadc64f9f974f810b68a714e9001ce4800719b86,0xccc8cb5229b0ac8069c51fd58367fd1e622afd97,0x295685c8fe08d8192981d21ea1fe856a07443920,10292110000000000000000,Gods Unchained,GODS,18,4,174207,321099385437,115791,458753,deprecated,0x18cbafe5,"swapExactTokensForETH(uint256 amountIn, uint256 amountOutMin, address[] path, address to, uint256 deadline)",11547170
13514362,1635541372,0x8141d608c8841cc0f53716cd8808d71570227256054deb844da404a25d161837,1,0x6dfc597c94f8460a64f715579915e773412b69b3fbff0e6800de33cc4dd40fa3,0xa41738e49ef91cb18657ea30ebfd691f5deff489,0xccc8cb5229b0ac8069c51fd58367fd1e622afd97,0x6cc5f688a315f3dc28a7781717a9a798a59fda7b,483999999999999999999,Gods Unchained,GODS,18,53,105000,244000000000,35437,2628776,deprecated,0xa9059cbb,"transfer(address _to, uint256 _value)",11547170
13514362,1635541372,0x8260dc9432bcd9fef872d12ffb109229d081bae466ab29a919ecaa49bb3cc7f1,22,0x6dfc597c94f8460a64f715579915e773412b69b3fbff0e6800de33cc4dd40fa3,0x5fdcca53617f4d2b9134b29090c87d01058e27e9,0xccc8cb5229b0ac8069c51fd58367fd1e622afd97,0x4b900c8e3f9e45d2243a2d6deca02a9566c6455f,383500000000000000000,Gods Unchained,GODS,18,254,98246,211155839437,91403,19126433,deprecated,0x441a3e70,"withdraw(uint256 _eth, uint256 _wei)",11547170
13514362,1635541372,0x132c88446fdbf4e05df11ac55f06218e06953118cac57891f612872699223044,8466,0x6dfc597c94f8460a64f715579915e773412b69b3fbff0e6800de33cc4dd40fa3,0x5fdcca53617f4d2b9134b29090c87d01058e27e9,0xccc8cb5229b0ac8069c51fd58367fd1e622afd97,0xbb6b5e1377a36a668995b889b5b57aeb84018b4c,1969207000000000000000,Gods Unchained,GODS,18,286,98246,211099385437,91403,21755765,deprecated,0x441a3e70,"withdraw(uint256 _eth, uint256 _wei)",11547170
13514363,1635541389,0xcad24e25401ffcba9fe0523863041e385d8a71b7504ce78a75659c557f4bea34,34,0x8b7db0f2ac8a677c922994a3aa6ef323ad8c62cc5dbf2b6058899deb5d736066,0x4d8ac37be88a32a604285fc63ea55e5270e23852,0xccc8cb5229b0ac8069c51fd58367fd1e622afd97,0x9f27c241f336591842fb2f11019efa756946d74d,383830000000000000000,Gods Unchained,GODS,18,82,78769,229866633191,47713,6965978,deprecated,0xa9059cbb,"transfer(address _to, uint256 _value)",11547169
13514364,1635541397,0x14bb4b7f89a6d73fd56b2120bb02da725a7ca83ac3462b2367c15672c2eb8f7c,4581,0xdbb94a6a7b7135aea83b4b73db65dfd211a5d61044e95c023a32a0a3d130f3e0,0x295685c8fe08d8192981d21ea1fe856a07443920,0xccc8cb5229b0ac8069c51fd58367fd1e622afd97,0xa335ade338308b8e071cf2c8f3ca5e50f6563c60,7751042474126328306626,Gods Unchained,GODS,18,6,208062,228000000000,191154,1164779,deprecated,0xd9627aa4,"sellToUniswap(address[] tokens, uint256 sellAmount, uint256 minBuyAmount, bool isSushi)",11547168
13514364,1635541397,0x27b865b724f3b3b466e0244df790b5f8e8040d1cb635fdc9a18862772bbdd005,4670,0xdbb94a6a7b7135aea83b4b73db65dfd211a5d61044e95c023a32a0a3d130f3e0,0xbace1e5f9cb38f56fa8b096e3fe940d9c34d189d,0xccc8cb5229b0ac8069c51fd58367fd1e622afd97,0x295685c8fe08d8192981d21ea1fe856a07443920,2748219000000000000000,Gods Unchained,GODS,18,193,174222,216154163419,106195,12589256,deprecated,0x18cbafe5,"swapExactTokensForETH(uint256 amountIn, uint256 amountOutMin, address[] path, address to, uint256 deadline)",11547168
13514365,1635541411,0x00c82db34c828e258abffc3fa4aeeb960a6d4f8e59571239cb2875524147575f,2305,0x0ce00a9b3120834867283c81116d536e9c4f8d080cd005a58b79489267e53221,0x23a7f49dcd170407e84eba82e0733452db537d9b,0xccc8cb5229b0ac8069c51fd58367fd1e622afd97,0xa9959f3433b3fd6cff55610243aa4fd31a9634dc,2890000000000000000000,Gods Unchained,GODS,18,231,53119,212521108292,35413,12284747,deprecated,0xa9059cbb,"transfer(address _to, uint256 _value)",11547167
13514365,1635541411,0xd7fcd4867ab1dff823d25fd085b441619421a94595c00c44b7a9b049c22ca4cf,7408,0x0ce00a9b3120834867283c81116d536e9c4f8d080cd005a58b79489267e53221,0x9627823b76decf20a2f422f53d765565e40f1e1d,0xccc8cb5229b0ac8069c51fd58367fd1e622afd97,0x295685c8fe08d8192981d21ea1fe856a07443920,2247500000000000000000,Gods Unchained,GODS,18,277,161535,212346454292,115791,16872796,deprecated,0x18cbafe5,"swapExactTokensForETH(uint256 amountIn, uint256 amountOutMin, address[] path, address to, uint256 deadline)",11547167
13514366,1635541429,0x14c33b198428b42caab2010cce1d1a6593b27fca683c2604375132db14c77881,4582,0x8e1de4303a322af59e9a0beb475116aeadc2973c48f48d82ad74c66f0bba8f7a,0xa335ade338308b8e071cf2c8f3ca5e50f6563c60,0xccc8cb5229b0ac8069c51fd58367fd1e622afd97,0x35c32e3f463fce305d99fc2774675b589148cd53,7751042474126328306626,Gods Unchained,GODS,18,88,53173,218204448409,30649,5510716,deprecated,0xa9059cbb,"transfer(address _to, uint256 _value)",11547166
13514367,1635541436,0xd8eb24e52a9d746bcc0cf6542bdb9b89b025a293ee75cabd238bbd259ca93213,25303,0x960f412f9246fe8e9ba6260b1ef0ef6d49bb5b08dab3dc7326fdeb51e373e547,0x295685c8fe08d8192981d21ea1fe856a07443920,0xccc8cb5229b0ac8069c51fd58367fd1e622afd97,0x0000000000d41c96294ccdac8612bdfe29c641af,2298959697952539186185,Gods Unchained,GODS,18,2,109066,203457569456,89002,423010,deprecated,0x00000000,buyAndFree22457070633(uint256 amount),11547165
13514367,1635541436,0x1684dbcb0258d2643b7539ede7b13011093a86fcffc8874ada7c8fd43e0e7c82,540,0x960f412f9246fe8e9ba6260b1ef0ef6d49bb5b08dab3dc7326fdeb51e373e547,0x295685c8fe08d8192981d21ea1fe856a07443920,0xccc8cb5229b0ac8069c51fd58367fd1e622afd97,0x29c7f6f9cf862277183bd91e5da94225a893e9cc,8662690705938450719971,Gods Unchained,GODS,18,3,154954,205282915456,93333,516343,deprecated,0x7ff36ab5,"swapExactETHForTokens(uint256 amountOutMin, address[] path, address to, uint256 deadline)",11547165
13514367,1635541436,0xfa8e8d1a91d6cf5c1d2f9a744137d145fe74c5246730f176a3635970a465f007,25304,0x960f412f9246fe8e9ba6260b1ef0ef6d49bb5b08dab3dc7326fdeb51e373e547,0x0000000000d41c96294ccdac8612bdfe29c641af,0xccc8cb5229b0ac8069c51fd58367fd1e622afd97,0x295685c8fe08d8192981d21ea1fe856a07443920,2298959697952539186185,Gods Unchained,GODS,18,4,98488,3337764553248,78524,594867,deprecated,0x00000001,relay1GsWnfsIQROy(),11547165
13514367,1635541436,0x94124cb52f934f0e6b4c048cb0a526987be863d9cb33e3db45ed985274c8d175,13,0x960f412f9246fe8e9ba6260b1ef0ef6d49bb5b08dab3dc7326fdeb51e373e547,0x9f27c241f336591842fb2f11019efa756946d74d,0xccc8cb5229b0ac8069c51fd58367fd1e622afd97,0x6cc5f688a315f3dc28a7781717a9a798a59fda7b,383829999999999999999,Gods Unchained,GODS,18,57,105000,253000000000,35437,2812411,deprecated,0xa9059cbb,"transfer(address _to, uint256 _value)",11547165
13514367,1635541436,0x59f756af3b9c16946348f04a75bded6b0ce67ac33c8ba5808fff47cdece62555,2088,0x960f412f9246fe8e9ba6260b1ef0ef6d49bb5b08dab3dc7326fdeb51e373e547,0xaae8c50d76c76fb8947c9a203103d28b55862977,0xccc8cb5229b0ac8069c51fd58367fd1e622afd97,0x295685c8fe08d8192981d21ea1fe856a07443920,4000000000000000000000,Gods Unchained,GODS,18,124,174207,225457569456,110031,8028237,deprecated,0x18cbafe5,"swapExactTokensForETH(uint256 amountIn, uint256 amountOutMin, address[] path, address to, uint256 deadline)",11547165
13514367,1635541436,0x3f1046bec515d6c6c7ffe9f9f65bf2f87d3eaea4e6ddcf22b3abf01eb28397d5,159,0x960f412f9246fe8e9ba6260b1ef0ef6d49bb5b08dab3dc7326fdeb51e373e547,0x5fdcca53617f4d2b9134b29090c87d01058e27e9,0xccc8cb5229b0ac8069c51fd58367fd1e622afd97,0x8a2eeed55c6c7afc9c293f4254c17c85f77e4441,399720000000000000000,Gods Unchained,GODS,18,340,98234,205282915456,91391,19360136,deprecated,0x441a3e70,"withdraw(uint256 _eth, uint256 _wei)",11547165
13514367,1635541436,0xe237efb49c97e5d17290de7c7e3a017049934881b3140be7d7d8d1a7df46eebd,5346,0x960f412f9246fe8e9ba6260b1ef0ef6d49bb5b08dab3dc7326fdeb51e373e547,0x5fdcca53617f4d2b9134b29090c87d01058e27e9,0xccc8cb5229b0ac8069c51fd58367fd1e622afd97,0x9a568bfeb8cb19e4bafcb57ee69498d57d9591ca,1466802000000000000000,Gods Unchained,GODS,18,341,98246,205282915456,91403,19451539,deprecated,0x441a3e70,"withdraw(uint256 _eth, uint256 _wei)",11547165
13514367,1635541436,0x1acf11e1c674a35bf62ca9142b7e038725c4f1d4a9541df32aca7d69fdd3d44e,2492,0x960f412f9246fe8e9ba6260b1ef0ef6d49bb5b08dab3dc7326fdeb51e373e547,0xb69b7d6bd5c83eb34b09990491a6bc73def9eaa4,0xccc8cb5229b0ac8069c51fd58367fd1e622afd97,0x8cb0cbc67cef4ea2e65aa3e4a2b22b4a1aa39e1a,1390570000000000000000,Gods Unchained,GODS,18,362,78769,205282915456,47713,21231184,deprecated,0xa9059cbb,"transfer(address _to, uint256 _value)",11547165
13514369,1635541466,0xa6e4d90f00fa0fbdeda14a6741d7efa8a3857d3996868589f7ade9cf4b2696a7,9,0x46542ae6ff13dece34353c0939612f272eff2ca146491ce067f1282b5d960722,0x5fdcca53617f4d2b9134b29090c87d01058e27e9,0xccc8cb5229b0ac8069c51fd58367fd1e622afd97,0xab5110dac36bfc00090496476a94a95f9ebaa9a4,333772200000000000000,Gods Unchained,GODS,18,190,98246,198448821556,91403,9979055,deprecated,0x441a3e70,"withdraw(uint256 _eth, uint256 _wei)",11547163
13514369,1635541466,0x8f528e8e4c5ccfd3d793d4abe78be518a13df402b0add20fecb4853400603da7,12,0x46542ae6ff13dece34353c0939612f272eff2ca146491ce067f1282b5d960722,0x671b378a6638abcd4013829b1f530e80bf79d3ed,0xccc8cb5229b0ac8069c51fd58367fd1e622afd97,0x9f27c241f336591842fb2f11019efa756946d74d,383600000000000000000,Gods Unchained,GODS,18,210,44619,198448821556,30613,12099943,deprecated,0xa9059cbb,"transfer(address _to, uint256 _value)",11547163
13514369,1635541466,0xe8e8a75ade88b89a2f98014e168f1963a38a9aae52e9fc7f8a3e7e238c7f1a6e,23,0x46542ae6ff13dece34353c0939612f272eff2ca146491ce067f1282b5d960722,0x4b900c8e3f9e45d2243a2d6deca02a9566c6455f,0xccc8cb5229b0ac8069c51fd58367fd1e622afd97,0x9f27c241f336591842fb2f11019efa756946d74d,383500000000000000000,Gods Unchained,GODS,18,216,53119,198448821556,30613,12459148,deprecated,0xa9059cbb,"transfer(address _to, uint256 _value)",11547163
13514370,1635541474,0x82431d3df8c008e0736558ba19eb3d5682153d8cc6864f18519f6bc5a63b927f,4066,0x0a065cf8fd139082434d0dc6edd7b27d86deb8b02d918dbe07e6f83268b8cb75,0x295685c8fe08d8192981d21ea1fe856a07443920,0xccc8cb5229b0ac8069c51fd58367fd1e622afd97,0x000000bd31c24a2bd2835028c8f1e4d9d3f37108,2648887835347101577163,Gods Unchained,GODS,18,3,700000,346000000000,123268,382714,deprecated,0x2e9c38d3,,11547162
13514370,1635541474,0x22fc1a6218ab064dc0c6997bedc3ba8752044512d2f5c41aeea1766d4389cafc,704,0x0a065cf8fd139082434d0dc6edd7b27d86deb8b02d918dbe07e6f83268b8cb75,0xe5a82f9360b9d105f82d264b35b09c7442c93bbf,0xccc8cb5229b0ac8069c51fd58367fd1e622afd97,0x295685c8fe08d8192981d21ea1fe856a07443920,1511780000000000000000,Gods Unchained,GODS,18,136,161535,194922921848,106185,10839473,deprecated,0x18cbafe5,"swapExactTokensForETH(uint256 amountIn, uint256 amountOutMin, address[] path, address to, uint256 deadline)",11547162
13514371,1635541481,0x0ad2b24ad14c1ff625c74ed9ea9462af62ca7b227e539b08618bc802e95e2bd9,268,0xd5739aeb147831ede764c555da1593277f4ea89fc30f70f0029eb4be5151b34c,0x873524fbad9d14ba8cad3da224613d76fc9321cc,0xccc8cb5229b0ac8069c51fd58367fd1e622afd97,0x8fea97a9d71dce87cdd17bc873ccec58cd1708de,2129490000000000000000,Gods Unchained,GODS,18,125,78769,191015254259,47713,6998074,deprecated,0xa9059cbb,"transfer(address _to, uint256 _value)",11547161
13514372,1635541490,0xbd4959ee0efef09cbd37f5211b2fcec0785f517a0eb94f4743a2e824680274fa,4342,0x32563d34891b34858f421834b554f8e1d4ee781be61e9fd88d32e03573baefd0,0x000000bd31c24a2bd2835028c8f1e4d9d3f37108,0xccc8cb5229b0ac8069c51fd58367fd1e622afd97,0x295685c8fe08d8192981d21ea1fe856a07443920,2648887835347101577163,Gods Unchained,GODS,18,1,700000,460000000000,100988,272207,deprecated,0x2e9c38d3,,11547160
13514372,1635541490,0x824224e2f3093aa00b01bb0f136bca2d9770506ac38b573d2cdbef35d826643e,8619,0x32563d34891b34858f421834b554f8e1d4ee781be61e9fd88d32e03573baefd0,0x5fdcca53617f4d2b9134b29090c87d01058e27e9,0xccc8cb5229b0ac8069c51fd58367fd1e622afd97,0x2ce0fb9a765ba7f55d43897dd404c8d92e9c0708,3000000000000000000000,Gods Unchained,GODS,18,142,98246,181433720869,91403,10898905,deprecated,0x441a3e70,"withdraw(uint256 _eth, uint256 _wei)",11547160
13514374,1635541519,0xb2b37e1ec01deb7141456392fdc88f7895ac69f308686f3686d30f2622072c08,273,0x820b1073e60d0bb919bba7d1ca73ebad33d308404478b2493e6e82dd8ce5fdfe,0x5fdcca53617f4d2b9134b29090c87d01058e27e9,0xccc8cb5229b0ac8069c51fd58367fd1e622afd97,0x4271eb0d4ddcc6856ad0d9eb987257ca2ac5278c,383800000000000000000,Gods Unchained,GODS,18,53,98246,209950882807,91403,3671435,deprecated,0x441a3e70,"withdraw(uint256 _eth, uint256 _wei)",11547158
13514375,1635541530,0x4bedfabafc2ef7ca749bcf7fda0cafb97f901230a7bb2898e51a2588d27a4244,2090,0x21186cb44da493340ac2e2f975a3cd5d190d6751ee3ee263c44cb5be567b3286,0xaae8c50d76c76fb8947c9a203103d28b55862977,0xccc8cb5229b0ac8069c51fd58367fd1e622afd97,0x295685c8fe08d8192981d21ea1fe856a07443920,3659821000000000000000,Gods Unchained,GODS,18,89,174222,221602114254,115803,5368070,deprecated,0x18cbafe5,"swapExactTokensForETH(uint256 amountIn, uint256 amountOutMin, address[] path, address to, uint256 deadline)",11547157
13514375,1635541530,0x1f61485f28028d0d190c4bd4832b51f03b13861782c8ffd67a0ded47027a834b,4585,0x21186cb44da493340ac2e2f975a3cd5d190d6751ee3ee263c44cb5be567b3286,0x295685c8fe08d8192981d21ea1fe856a07443920,0xccc8cb5229b0ac8069c51fd58367fd1e622afd97,0xa335ade338308b8e071cf2c8f3ca5e50f6563c60,6041953130728331691808,Gods Unchained,GODS,18,270,219678,190602114254,180594,15533701,deprecated,0xd9627aa4,"sellToUniswap(address[] tokens, uint256 sellAmount, uint256 minBuyAmount, bool isSushi)",11547157
13514378,1635541557,0x6fea577caa871e7242f578c157f6d52262c3608b525c877be35d2fe64fb8a30a,155326,0x83336a118f2a063b63bbf056195b9476de18f9fe45366d9edc91cb9e83843c91,0x295685c8fe08d8192981d21ea1fe856a07443920,0xccc8cb5229b0ac8069c51fd58367fd1e622afd97,0x0000006daea1723962647b7e189d311d757fb793,12668611483152971208017,Gods Unchained,GODS,18,33,320000,262504381490,126503,1160081,deprecated,0x178979ae,,11547154
13514379,1635541564,0x3882ba4a2a55ad213bbe78773ae4af3ae9699862adbe7de6e342e94e488530a1,0,0x61b583a731eab56b0de79794e25eaa8ad7434469aea6bb3a730d0306d46b61f2,0x8fea97a9d71dce87cdd17bc873ccec58cd1708de,0xccc8cb5229b0ac8069c51fd58367fd1e622afd97,0x6cc5f688a315f3dc28a7781717a9a798a59fda7b,2129489999999999999999,Gods Unchained,GODS,18,45,105000,229000000000,35437,2272625,deprecated,0xa9059cbb,"transfer(address _to, uint256 _value)",11547153
13514379,1635541564,0xb5ece7639bb0147563e37b2897b4ca58445210ee975fe8bc41a9e9512e33e596,4586,0x61b583a731eab56b0de79794e25eaa8ad7434469aea6bb3a730d0306d46b61f2,0xa335ade338308b8e071cf2c8f3ca5e50f6563c60,0xccc8cb5229b0ac8069c51fd58367fd1e622afd97,0x35c32e3f463fce305d99fc2774675b589148cd53,6041953130728331691808,Gods Unchained,GODS,18,335,53173,169884300807,30649,20391908,deprecated,0xa9059cbb,"transfer(address _to, uint256 _value)",11547153
13514380,1635541573,0x38e0a9d22c12f22e66341d462766ff7e92c8ba7984b7bc8c4c17648946c63bce,315,0xd33bfabed7f27b0e37ba572a8ca3b319c12bcbbdedabc249b4ec29dc4495db0d,0x5fdcca53617f4d2b9134b29090c87d01058e27e9,0xccc8cb5229b0ac8069c51fd58367fd1e622afd97,0xfcd74222f30c36cd3e71dff66a4e85177520cf46,400000000000000000000,Gods Unchained,GODS,18,22,98234,190142552741,91391,1244048,deprecated,0x441a3e70,"withdraw(uint256 _eth, uint256 _wei)",11547152
13514380,1635541573,0x233df4bd27915fbbeaae8baef72fc1d480bbf443c8ea704c4126ec4f4ce61a6b,0,0xd33bfabed7f27b0e37ba572a8ca3b319c12bcbbdedabc249b4ec29dc4495db0d,0x8cb0cbc67cef4ea2e65aa3e4a2b22b4a1aa39e1a,0xccc8cb5229b0ac8069c51fd58367fd1e622afd97,0x6cc5f688a315f3dc28a7781717a9a798a59fda7b,1390569999999999999999,Gods Unchained,GODS,18,48,105000,229000000000,35437,2288699,deprecated,0xa9059cbb,"transfer(address _to, uint256 _value)",11547152
13514381,1635541584,0x89ac255504fd0cc801a94e5bf528c9d36898cc109aedbabc7d46ffffae35f53a,17,0x486433310752c3d1f72b6be44a7b9d86e573536638a89417c6008595d2f57290,0x35c32e3f463fce305d99fc2774675b589148cd53,0xccc8cb5229b0ac8069c51fd58367fd1e622afd97,0x6cc5f688a315f3dc28a7781717a9a798a59fda7b,25813445482577790807978,Gods Unchained,GODS,18,41,105000,227000000000,35449,1758724,deprecated,0xa9059cbb,"transfer(address _to, uint256 _value)",11547151
13514381,1635541584,0x8a29242f67e282ff1fbe79e380c91174cab148d2d597318c8888a44e97803c41,9,0x486433310752c3d1f72b6be44a7b9d86e573536638a89417c6008595d2f57290,0xa9959f3433b3fd6cff55610243aa4fd31a9634dc,0xccc8cb5229b0ac8069c51fd58367fd1e622afd97,0x6cc5f688a315f3dc28a7781717a9a798a59fda7b,2890000000000000000000,Gods Unchained,GODS,18,42,105000,227000000000,35413,1794137,deprecated,0xa9059cbb,"transfer(address _to, uint256 _value)",11547151
13514382,1635541590,0xdfd95cb4f540901510de124f480cce209a716a81a9be981fc638295f3d13195a,8468,0xf329163387f95ae0b22172fb9f371f9f99e8633af37090c76c16cad551a00841,0xbb6b5e1377a36a668995b889b5b57aeb84018b4c,0xccc8cb5229b0ac8069c51fd58367fd1e622afd97,0x295685c8fe08d8192981d21ea1fe856a07443920,1969207000000000000000,Gods Unchained,GODS,18,78,171276,193151620668,115803,4907246,deprecated,0x18cbafe5,"swapExactTokensForETH(uint256 amountIn, uint256 amountOutMin, address[] path, address to, uint256 deadline)",11547150
13514385,1635541634,0xe33e265a3aaf88aefc0d9e66047c8b4c42253dc68d4ebb43222d62f4d5d66ea1,160,0x1a6b5bae3f9a1512c99c00d9f5de568c4b1cd5d088140a9346f581499725d8c6,0x8a2eeed55c6c7afc9c293f4254c17c85f77e4441,0xccc8cb5229b0ac8069c51fd58367fd1e622afd97,0x35331138783270ec85caa15f28ec17771c910572,399720000000000000000,Gods Unchained,GODS,18,103,78769,176612018064,47713,6114835,deprecated,0xa9059cbb,"transfer(address _to, uint256 _value)",11547147
13514385,1635541634,0xda14ff0e772d43d1e934551eafe393bbffaaf29ade3dd093be411aab05b36f6b,884,0x1a6b5bae3f9a1512c99c00d9f5de568c4b1cd5d088140a9346f581499725d8c6,0x26cdee4269273e1ea5dfac6b5791df2656897738,0xccc8cb5229b0ac8069c51fd58367fd1e622afd97,0x295685c8fe08d8192981d21ea1fe856a07443920,10000000000000000000000,Gods Unchained,GODS,18,215,174222,176560494022,120603,22895619,deprecated,0x18cbafe5,"swapExactTokensForETH(uint256 amountIn, uint256 amountOutMin, address[] path, address to, uint256 deadline)",11547147
13514389,1635541662,0xb8f8e2cc3f2b3c1be4d5afe0907a7d095d5659249a44c78fea8d1f1f9e443e86,4587,0xac18edea3722d3dc5a67c28004c37d90e5981fb1e7609eed01ad7711a82cda3f,0x295685c8fe08d8192981d21ea1fe856a07443920,0xccc8cb5229b0ac8069c51fd58367fd1e622afd97,0xa335ade338308b8e071cf2c8f3ca5e50f6563c60,2834278486520701650196,Gods Unchained,GODS,18,90,197512,158102008824,166203,6463456,deprecated,0xd9627aa4,"sellToUniswap(address[] tokens, uint256 sellAmount, uint256 minBuyAmount, bool isSushi)",11547143
13514389,1635541662,0xe6f501b3b1eee1572be5b0f178fe6f93cbee7aa0d5c2b77098e2570e7625d583,5,0xac18edea3722d3dc5a67c28004c37d90e5981fb1e7609eed01ad7711a82cda3f,0x5fdcca53617f4d2b9134b29090c87d01058e27e9,0xccc8cb5229b0ac8069c51fd58367fd1e622afd97,0xaaef7ad86d7708374d03726c5ae86843a3a65e9b,432350000000000000000,Gods Unchained,GODS,18,151,98246,157767952833,91403,11345336,deprecated,0x441a3e70,"withdraw(uint256 _eth, uint256 _wei)",11547143
13514390,1635541666,0x683f8f8d436daf5c232b52fbfd70453f3329a358c5d7e1795b52bbb470ebec97,27,0xe9422dfbe49434d6b948bbdc09b7734b5d4a52af723a77711cb1087b8f92c1ec,0x5fdcca53617f4d2b9134b29090c87d01058e27e9,0xccc8cb5229b0ac8069c51fd58367fd1e622afd97,0x78429c569ee089296c0e5d1b092e213167f9b9eb,383805900000000000000,Gods Unchained,GODS,18,59,98246,161496334838,91403,3681793,deprecated,0x441a3e70,"withdraw(uint256 _eth, uint256 _wei)",11547142
13514393,1635541681,0xdec989f89d274e90d8fa7acfd96c8b11074da71d8cec4592c9a7d05d11d2fe81,4,0x36727e99f8a8b7294b638bc7bb796bb92c0808ea390ea766c76d051e933807ff,0x35331138783270ec85caa15f28ec17771c910572,0xccc8cb5229b0ac8069c51fd58367fd1e622afd97,0x6cc5f688a315f3dc28a7781717a9a798a59fda7b,399719999999999999999,Gods Unchained,GODS,18,14,105000,207000000000,35437,683534,deprecated,0xa9059cbb,"transfer(address _to, uint256 _value)",11547139
13514393,1635541681,0x480165e8cf74530fff5dea044005a77b58146f48195398af370699419e848045,4588,0x36727e99f8a8b7294b638bc7bb796bb92c0808ea390ea766c76d051e933807ff,0xa335ade338308b8e071cf2c8f3ca5e50f6563c60,0xccc8cb5229b0ac8069c51fd58367fd1e622afd97,0x35c32e3f463fce305d99fc2774675b589148cd53,2834278486520701650196,Gods Unchained,GODS,18,125,53155,143447378754,30637,7880553,deprecated,0xa9059cbb,"transfer(address _to, uint256 _value)",11547139
13514393,1635541681,0x28ddfdcb80764d94bdf8aaf154f39ef53ad6e9ee1fe0cc94b1cf2240e361e218,370,0x36727e99f8a8b7294b638bc7bb796bb92c0808ea390ea766c76d051e933807ff,0x5fdcca53617f4d2b9134b29090c87d01058e27e9,0xccc8cb5229b0ac8069c51fd58367fd1e622afd97,0x44e6ca301d6b18064f7752da5f60139ccd40e1b4,1080540000000000000000,Gods Unchained,GODS,18,214,98234,143063344443,91391,12084327,deprecated,0x441a3e70,"withdraw(uint256 _eth, uint256 _wei)",11547139
13514394,1635541691,0x13a940d754d3e6ee35e8f201c215ef9e9aca894ba6ccbc69dd46fa7ee50e4064,95,0xc18010acf65a162be8928a0b60f7046959186a40c7af4a5ec55f9f13cd4f5728,0x5fdcca53617f4d2b9134b29090c87d01058e27e9,0xccc8cb5229b0ac8069c51fd58367fd1e622afd97,0x826d2da3956d3870657a316eba2f4f1f6edc5ce1,383600000000000000000,Gods Unchained,GODS,18,275,98234,144034883298,91391,18494587,deprecated,0x441a3e70,"withdraw(uint256 _eth, uint256 _wei)",11547138
13514394,1635541691,0xd1af71a62bef1d9033de774b2ad7302069ed18d26516e1ef2f56df7fdc073be1,316,0xc18010acf65a162be8928a0b60f7046959186a40c7af4a5ec55f9f13cd4f5728,0xfcd74222f30c36cd3e71dff66a4e85177520cf46,0xccc8cb5229b0ac8069c51fd58367fd1e622afd97,0x53dcfe30b9e95cb159dc0783bf5c5b97fb5d09ad,400000000000000000000,Gods Unchained,GODS,18,334,78769,143936426007,47713,24564231,deprecated,0xa9059cbb,"transfer(address _to, uint256 _value)",11547138
13514398,1635541722,0xf68222049ae8c72a04d4d1b8d329d9ab6b4eb808b5983aae07af7c6585c8dbdf,885,0x853f6a9bbd36ec35b2f76298fd9c4d210444a07e2b79a8429e6a280272c59746,0x26cdee4269273e1ea5dfac6b5791df2656897738,0xccc8cb5229b0ac8069c51fd58367fd1e622afd97,0x295685c8fe08d8192981d21ea1fe856a07443920,10000000000000000000000,Gods Unchained,GODS,18,267,174222,155576941710,120603,19867601,deprecated,0x18cbafe5,"swapExactTokensForETH(uint256 amountIn, uint256 amountOutMin, address[] path, address to, uint256 deadline)",11547134
13514399,1635541758,0xa9a001c1a07e638015b679ea778f54970113e155487dd28f316dab1d1b299de8,4589,0x552d12b2ee0c3a271d0a0989918739eb560e605d652444aa476191e604f301e2,0x295685c8fe08d8192981d21ea1fe856a07443920,0xccc8cb5229b0ac8069c51fd58367fd1e622afd97,0xa335ade338308b8e071cf2c8f3ca5e50f6563c60,1686728401937820999071,Gods Unchained,GODS,18,2,200267,213000000000,179268,420429,deprecated,0xd9627aa4,"sellToUniswap(address[] tokens, uint256 sellAmount, uint256 minBuyAmount, bool isSushi)",11547133
13514403,1635541817,0x7d9619b5cdb108250d205d631fd3a56106b96ef5c7013a6c405a86e5fcd42d9c,22107,0xd56926a1a01c4e643459fa6bf0b82f07a8f44f93d671f6e0ddd87437e738237b,0x295685c8fe08d8192981d21ea1fe856a07443920,0xccc8cb5229b0ac8069c51fd58367fd1e622afd97,0x000000005736775feb0c8568e7dee77222a26880,5826209907147052074436,Gods Unchained,GODS,18,0,500000,164221652886,105468,105468,deprecated,0x00000001,relay1GsWnfsIQROy(),11547129
13514403,1635541817,0x3d7712b741c2ad0a855bd180c6bb785d5e6794cc38254d1dfc0e80d22d7b32e3,8282,0xd56926a1a01c4e643459fa6bf0b82f07a8f44f93d671f6e0ddd87437e738237b,0x295685c8fe08d8192981d21ea1fe856a07443920,0xccc8cb5229b0ac8069c51fd58367fd1e622afd97,0x25cc5677c82453ea26642f7a3f733c6006c31011,3589831116819080728524,Gods Unchained,GODS,18,1,175772,176699304659,110409,215877,deprecated,0x7ff36ab5,"swapExactETHForTokens(uint256 amountOutMin, address[] path, address to, uint256 deadline)",11547129
13514403,1635541817,0x48fb2afe7029c823e2bb27ab76c808847329fb7cad70cc89ebe2e79bd0013723,22108,0xd56926a1a01c4e643459fa6bf0b82f07a8f44f93d671f6e0ddd87437e738237b,0x000000005736775feb0c8568e7dee77222a26880,0xccc8cb5229b0ac8069c51fd58367fd1e622afd97,0x295685c8fe08d8192981d21ea1fe856a07443920,5826209907147052074435,Gods Unchained,GODS,18,2,500000,3316230713075,78029,293906,deprecated,0x00000001,relay1GsWnfsIQROy(),11547129
13514403,1635541817,0xd3037241c0b875ccc970fe437e06337e428c756cf3d67fc12bc2d87e16abb773,4590,0xd56926a1a01c4e643459fa6bf0b82f07a8f44f93d671f6e0ddd87437e738237b,0xa335ade338308b8e071cf2c8f3ca5e50f6563c60,0xccc8cb5229b0ac8069c51fd58367fd1e622afd97,0x35c32e3f463fce305d99fc2774675b589148cd53,1686728401937820999071,Gods Unchained,GODS,18,9,53155,166221652886,30637,1261996,deprecated,0xa9059cbb,"transfer(address _to, uint256 _value)",11547129
13514403,1635541817,0xee4a5fa7f02f71ac2e765152cba949e59f439a52412dab92626d3a5087915cb6,30,0xd56926a1a01c4e643459fa6bf0b82f07a8f44f93d671f6e0ddd87437e738237b,0x5d82940426716b1f718e4d2b212519275ae7c95b,0xccc8cb5229b0ac8069c51fd58367fd1e622afd97,0x6cc5f688a315f3dc28a7781717a9a798a59fda7b,971223800000000000000,Gods Unchained,GODS,18,101,105000,203000000000,35425,6363217,deprecated,0xa9059cbb,"transfer(address _to, uint256 _value)",11547129
13514403,1635541817,0xb50e5efdfd6fe06195a8aec4b6d2a98506cf00029978f7c184f860d3561ebd35,170,0xd56926a1a01c4e643459fa6bf0b82f07a8f44f93d671f6e0ddd87437e738237b,0x5fdcca53617f4d2b9134b29090c87d01058e27e9,0xccc8cb5229b0ac8069c51fd58367fd1e622afd97,0x19420a5a0ed9957c8328f7a1cacfcdfef41734a6,383637400000000000000,Gods Unchained,GODS,18,303,98234,166221652886,91391,16487787,deprecated,0x441a3e70,"withdraw(uint256 _eth, uint256 _wei)",11547129
13514404,1635541845,0x2904fe1123fc6adbfa9b1d2cac02ce4d7abe475770e912f62c8ebf19c913f24c,96,0x0b3205eb7f52690348e7615853a04c169f3211dd65822efb4817f30fbd730420,0x826d2da3956d3870657a316eba2f4f1f6edc5ce1,0xccc8cb5229b0ac8069c51fd58367fd1e622afd97,0x9f27c241f336591842fb2f11019efa756946d74d,383600000000000000000,Gods Unchained,GODS,18,177,100000,185831411784,30613,12601804,deprecated,0xa9059cbb,"transfer(address _to, uint256 _value)",11547128
13514405,1635541854,0x14402f365e117d1820539ff42809d85f74921f5cae73fdfc68a477f34221bd5f,85,0x13b50788cbe253f78df590ad83cbb4332f13d3f26da7d9a01b18c7ea15066ef7,0x8dc6d657f246891d7771e83680fa471bf78ae9d6,0xccc8cb5229b0ac8069c51fd58367fd1e622afd97,0x6cc5f688a315f3dc28a7781717a9a798a59fda7b,1818999999999999999999,Gods Unchained,GODS,18,38,105000,197000000000,35437,2434035,deprecated,0xa9059cbb,"transfer(address _to, uint256 _value)",11547127
13514406,1635541865,0xa3fc3ba5a4496005a84bd7f9601afdb3abb3e1371416cc092ce26221d8009aab,8620,0x5b5aa35ea58c87bb014ab311a84da461503a5d87b36aa005f3613131530bc1b0,0x2ce0fb9a765ba7f55d43897dd404c8d92e9c0708,0xccc8cb5229b0ac8069c51fd58367fd1e622afd97,0x46a745a708d801bf584c543b8208240f13b57410,3000000000000000000000,Gods Unchained,GODS,18,116,78769,168693352080,47713,7806074,deprecated,0xa9059cbb,"transfer(address _to, uint256 _value)",11547126
13514406,1635541865,0xa53e62afac307c1f4a6f8d803c5ee19aaca723e4e07e6d53fdc8fba1b0931cb0,75,0x5b5aa35ea58c87bb014ab311a84da461503a5d87b36aa005f3613131530bc1b0,0x5fdcca53617f4d2b9134b29090c87d01058e27e9,0xccc8cb5229b0ac8069c51fd58367fd1e622afd97,0xba581d0fcaf478f51f4801909c5c26e1d82bd35a,387000000000000000000,Gods Unchained,GODS,18,144,98246,168693352080,91403,12221956,deprecated,0x441a3e70,"withdraw(uint256 _eth, uint256 _wei)",11547126
13514406,1635541865,0xbb8f9bccb8e003f8b39845eb82c588992ac41e9ed2f25ecec9a377ef57aa0495,47,0x5b5aa35ea58c87bb014ab311a84da461503a5d87b36aa005f3613131530bc1b0,0x5fdcca53617f4d2b9134b29090c87d01058e27e9,0xccc8cb5229b0ac8069c51fd58367fd1e622afd97,0x054e195fb76e5beadb8d11b835714f51b19a732e,383671100000000000000,Gods Unchained,GODS,18,196,98234,168661814196,91391,17162264,deprecated,0x441a3e70,"withdraw(uint256 _eth, uint256 _wei)",11547126
13514406,1635541865,0xcd598f183f3a50e0659b181b4c54df3f4ab610e575c9a07c119c3e39f261e08a,193,0x5b5aa35ea58c87bb014ab311a84da461503a5d87b36aa005f3613131530bc1b0,0x5fdcca53617f4d2b9134b29090c87d01058e27e9,0xccc8cb5229b0ac8069c51fd58367fd1e622afd97,0x27000a1867d0ac4fc072b71c8522f772fb088196,458723300000000000000,Gods Unchained,GODS,18,275,98246,168570586469,91403,25555256,deprecated,0x441a3e70,"withdraw(uint256 _eth, uint256 _wei)",11547126
13514408,1635541873,0x581af54588a02783d6d3160fc8bd75b7b113abb6d0c22c6f8e0b2255a649ec32,3808,0xc7c0aa3915cbf1de8db6a00c3326c2b007a27a314223326b0dcd01e77049e48e,0x295685c8fe08d8192981d21ea1fe856a07443920,0xccc8cb5229b0ac8069c51fd58367fd1e622afd97,0x7cf09d7a9a74f746edcb06949b9d64bcd9d1604f,1088530964333828772831,Gods Unchained,GODS,18,0,102132,163411707329,90048,90048,deprecated,0x0000ce36,,11547124
13514408,1635541873,0xed407de2802646a589b2c4f8edf542fa2680f600f428ba5bde064c6eb7737caa,1340,0xc7c0aa3915cbf1de8db6a00c3326c2b007a27a314223326b0dcd01e77049e48e,0x295685c8fe08d8192981d21ea1fe856a07443920,0xccc8cb5229b0ac8069c51fd58367fd1e622afd97,0xdd076a47a1675fef205816b6d28b7c183f968006,2781261904693183221960,Gods Unchained,GODS,18,1,232699,165411702329,175017,265065,deprecated,0x38ed1739,"swapExactTokensForTokens(uint256 amountIn, uint256 amountOutMin, address[] path, address to, uint256 deadline)",11547124
13514408,1635541873,0x45e4ce2cf71c138cc25d2b857511d1813cde4463a191d87601b1a01f5bc708bb,3809,0xc7c0aa3915cbf1de8db6a00c3326c2b007a27a314223326b0dcd01e77049e48e,0x7cf09d7a9a74f746edcb06949b9d64bcd9d1604f,0xccc8cb5229b0ac8069c51fd58367fd1e622afd97,0x295685c8fe08d8192981d21ea1fe856a07443920,1088530964333828772831,Gods Unchained,GODS,18,2,92005,309412600166,80839,345904,deprecated,0x0100ce36,,11547124
13514408,1635541873,0xfc2a68c48928543c264ac43be5229a3125d959a91c246d6d4a4bd2109fab8ddc,1500,0xc7c0aa3915cbf1de8db6a00c3326c2b007a27a314223326b0dcd01e77049e48e,0x5fdcca53617f4d2b9134b29090c87d01058e27e9,0xccc8cb5229b0ac8069c51fd58367fd1e622afd97,0xfeaa535d0c6f25c120709238f665eceae0772527,2000000000000000000000,Gods Unchained,GODS,18,84,98246,165411702329,91403,4052325,deprecated,0x441a3e70,"withdraw(uint256 _eth, uint256 _wei)",11547124
13514409,1635541879,0xbfa4c23f90dd9e522dd6cdd12a5e23cbb645e0c2c1f222378045d6e9843dc2ed,3036,0x55bc78b54f2c0c3603a666973bba5494c12fbf6cadecd42c3fce81611604b81a,0x5fdcca53617f4d2b9134b29090c87d01058e27e9,0xccc8cb5229b0ac8069c51fd58367fd1e622afd97,0x9e6e058c06c7ceeb6090e8438fc722f7d34188a3,15000000000000000000000,Gods Unchained,GODS,18,18,98234,162000000000,91391,3364401,deprecated,0x441a3e70,"withdraw(uint256 _eth, uint256 _wei)",11547123
13514409,1635541879,0x8418dbda37ba0f45b41194ecc67885045c02b5d7a6b732b9de7ac5405f3d6999,115,0x55bc78b54f2c0c3603a666973bba5494c12fbf6cadecd42c3fce81611604b81a,0x5fdcca53617f4d2b9134b29090c87d01058e27e9,0xccc8cb5229b0ac8069c51fd58367fd1e622afd97,0xc03d8db64dfe98ebfd94a84bc1f825cab90ee15b,388000000000000000000,Gods Unchained,GODS,18,159,98246,153709689709,91403,20130843,deprecated,0x441a3e70,"withdraw(uint256 _eth, uint256 _wei)",11547123
13514409,1635541879,0xe74ce892b510f940abe49343884822c1e36e78da52ec3cf183cbe058b30d36a6,6,0x55bc78b54f2c0c3603a666973bba5494c12fbf6cadecd42c3fce81611604b81a,0xaaef7ad86d7708374d03726c5ae86843a3a65e9b,0xccc8cb5229b0ac8069c51fd58367fd1e622afd97,0x8dc6d657f246891d7771e83680fa471bf78ae9d6,432350000000000000000,Gods Unchained,GODS,18,211,53119,153709689709,30613,25210877,deprecated,0xa9059cbb,"transfer(address _to, uint256 _value)",11547123
13514409,1635541879,0xe3d3e6f27a5baf2c52f4a0224c096324477c6f682962af70eea4a231b552c3a3,10,0x55bc78b54f2c0c3603a666973bba5494c12fbf6cadecd42c3fce81611604b81a,0xab5110dac36bfc00090496476a94a95f9ebaa9a4,0xccc8cb5229b0ac8069c51fd58367fd1e622afd97,0x826ec572cb4f304f367fa4c5a3d7699f015b678e,333772200000000000000,Gods Unchained,GODS,18,224,78787,153709689709,47725,26909371,deprecated,0xa9059cbb,"transfer(address _to, uint256 _value)",11547123
13514409,1635541879,0x8e6a90fdf42a6ff9d323fbcafe6f84d8f09600abc96f7f4deb9328cb150f6f6f,16,0x55bc78b54f2c0c3603a666973bba5494c12fbf6cadecd42c3fce81611604b81a,0x5fdcca53617f4d2b9134b29090c87d01058e27e9,0xccc8cb5229b0ac8069c51fd58367fd1e622afd97,0x04282408823dd673b990eeab44c385126768a1e5,384311700000000000000,Gods Unchained,GODS,18,230,98246,153709689709,91403,27400376,deprecated,0x441a3e70,"withdraw(uint256 _eth, uint256 _wei)",11547123
13514413,1635541906,0x7596e0d16e4629be08e542c742915b5eb052699276876a9dafe0dcfc69b3f1e3,86,0x56c83d6b8d8e89aa2d9bd2df2ce64507b94dc51102dc5f5e4e9c196a027b201c,0x8dc6d657f246891d7771e83680fa471bf78ae9d6,0xccc8cb5229b0ac8069c51fd58367fd1e622afd97,0x6cc5f688a315f3dc28a7781717a9a798a59fda7b,432350000000000000000,Gods Unchained,GODS,18,65,105000,202000000000,35413,2526025,deprecated,0xa9059cbb,"transfer(address _to, uint256 _value)",11547119
13514413,1635541906,0xf1fad12391efa86d8ce856564bf455f481a438fd3cab0fcc507113a9a5c71aff,0,0x56c83d6b8d8e89aa2d9bd2df2ce64507b94dc51102dc5f5e4e9c196a027b201c,0x46a745a708d801bf584c543b8208240f13b57410,0xccc8cb5229b0ac8069c51fd58367fd1e622afd97,0x6cc5f688a315f3dc28a7781717a9a798a59fda7b,2999999999999999999999,Gods Unchained,GODS,18,69,105000,200000000000,35437,2717147,deprecated,0xa9059cbb,"transfer(address _to, uint256 _value)",11547119
13514413,1635541906,0xf970e49d8f28140328610b327418fb947af2e4c6bf224c32e976dd770aa4b926,401,0x56c83d6b8d8e89aa2d9bd2df2ce64507b94dc51102dc5f5e4e9c196a027b201c,0x5fdcca53617f4d2b9134b29090c87d01058e27e9,0xccc8cb5229b0ac8069c51fd58367fd1e622afd97,0x00321a3bc067860e482e74dc2cfbc78c2bfb2a82,457000000000000000000,Gods Unchained,GODS,18,325,98246,153052860404,91403,22390535,deprecated,0x441a3e70,"withdraw(uint256 _eth, uint256 _wei)",11547119
13514413,1635541906,0x605bd5ee28e5aa4abb6d94c4ee7bceb05f19dfba5a68fd24ce715d5ec2971bdd,2459,0x56c83d6b8d8e89aa2d9bd2df2ce64507b94dc51102dc5f5e4e9c196a027b201c,0x5fdcca53617f4d2b9134b29090c87d01058e27e9,0xccc8cb5229b0ac8069c51fd58367fd1e622afd97,0xcdc1f43c7ca36d42c6aad0bd4a4b6d48986e8f1b,734824900000000000000,Gods Unchained,GODS,18,360,98246,153052860404,91403,24744398,deprecated,0x441a3e70,"withdraw(uint256 _eth, uint256 _wei)",11547119
13514413,1635541906,0xe0ee5bea89668f8b534f9dda057f8944a9b7b02508fc3fd1a716fe34751a61f6,274,0x56c83d6b8d8e89aa2d9bd2df2ce64507b94dc51102dc5f5e4e9c196a027b201c,0x4271eb0d4ddcc6856ad0d9eb987257ca2ac5278c,0xccc8cb5229b0ac8069c51fd58367fd1e622afd97,0x45241542028ee1bcbdd1f827bf681fc1b27b3ebf,383800000000000000000,Gods Unchained,GODS,18,363,78769,153052860404,47713,24943944,deprecated,0xa9059cbb,"transfer(address _to, uint256 _value)",11547119
13514414,1635541930,0x28301efbe2863312c35f01378c5e65119a7f53ce69046474ef6589187c997400,0,0x7508ff3d68625e31ad2c5c217a2c7fa413532070a55f66d7a46b2d14be715da3,0x53dcfe30b9e95cb159dc0783bf5c5b97fb5d09ad,0xccc8cb5229b0ac8069c51fd58367fd1e622afd97,0x6cc5f688a315f3dc28a7781717a9a798a59fda7b,399999999999999999999,Gods Unchained,GODS,18,112,105000,196000000000,35437,5659883,deprecated,0xa9059cbb,"transfer(address _to, uint256 _value)",11547118
13514414,1635541930,0xac4feba9ed1fa4e980a7b26d3356a179907a94012a196c2fd46c0151ac2ec065,3037,0x7508ff3d68625e31ad2c5c217a2c7fa413532070a55f66d7a46b2d14be715da3,0x5fdcca53617f4d2b9134b29090c87d01058e27e9,0xccc8cb5229b0ac8069c51fd58367fd1e622afd97,0x9e6e058c06c7ceeb6090e8438fc722f7d34188a3,0,Gods Unchained,GODS,18,214,71918,173000000000,70691,11197361,deprecated,0x441a3e70,"withdraw(uint256 _eth, uint256 _wei)",11547118
13514415,1635541954,0x1d802bc11ad4daedd78fe98365a6421e931056ec9b96cfc0f61d10f6e7cd6b20,205,0xebfa3e9928883ff8d806ea76c07e92d49e66adf65b92a2d66cc5bdbe4ca254d9,0x5fdcca53617f4d2b9134b29090c87d01058e27e9,0xccc8cb5229b0ac8069c51fd58367fd1e622afd97,0xc84ee7d2b96e67d9c627ebb249090158fae38abf,383770000000000000000,Gods Unchained,GODS,18,296,98246,162740567157,91403,25458012,deprecated,0x441a3e70,"withdraw(uint256 _eth, uint256 _wei)",11547117
13514418,1635541991,0x945a9b108d8faba958bb79851ed83b04de95f5217998a6f2814778d7784cbb11,8688,0xa3dbe11b72b2c1723921b40f6aaa6c2eb1a0c6086487ae4adad7680e02bcb8bf,0x295685c8fe08d8192981d21ea1fe856a07443920,0xccc8cb5229b0ac8069c51fd58367fd1e622afd97,0x5ee42438d0d8fc399c94ef3543665e993e847b49,1211144348049855860460,Gods Unchained,GODS,18,72,127011,179632307156,100509,5085644,deprecated,0x38ed1739,"swapExactTokensForTokens(uint256 amountIn, uint256 amountOutMin, address[] path, address to, uint256 deadline)",11547114
13514419,1635541992,0x41011126c8b7725f3610898daf5c122b471814d7865722c5e865b8972b4d498e,14,0x3174b45f433731133e4836b1738f61bcbde7a47ef75deacb9f355c51deb935a7,0x9f27c241f336591842fb2f11019efa756946d74d,0xccc8cb5229b0ac8069c51fd58367fd1e622afd97,0x6cc5f688a315f3dc28a7781717a9a798a59fda7b,1150700000000000000000,Gods Unchained,GODS,18,372,105000,194000000000,35413,21487000,deprecated,0xa9059cbb,"transfer(address _to, uint256 _value)",11547113
13514420,1635542067,0xf568b9d79ffbcb78994dab0f8567313d96cab84cdc145b1070bc4fdcd6789f86,929,0xf1f626427e48bb0ec1d269c590fc26408957a01034a7e57a7472b89d696b0623,0x5fdcca53617f4d2b9134b29090c87d01058e27e9,0xccc8cb5229b0ac8069c51fd58367fd1e622afd97,0xc7d8fcab159616c1347fbe68304c764d299bddd2,18000000000000000000000,Gods Unchained,GODS,18,195,98234,189165102704,91391,11002966,deprecated,0x441a3e70,"withdraw(uint256 _eth, uint256 _wei)",11547112
13514420,1635542067,0x240b00371a82d633a89340c6f8cb922f3eb93b2e9722afffabd04fd58bb9650c,37,0xf1f626427e48bb0ec1d269c590fc26408957a01034a7e57a7472b89d696b0623,0x5fdcca53617f4d2b9134b29090c87d01058e27e9,0xccc8cb5229b0ac8069c51fd58367fd1e622afd97,0xa6d7c2095d2c5c5ff7fdd0511416d7f6ba3c088a,383637400000000000000,Gods Unchained,GODS,18,320,98234,188665102704,91391,23205969,deprecated,0x441a3e70,"withdraw(uint256 _eth, uint256 _wei)",11547112
13514420,1635542067,0xafe57b69054b6bd3670b5266e5c1e017673ad99ff5b43fdeeb0b44c1ac8a0e23,1014,0xf1f626427e48bb0ec1d269c590fc26408957a01034a7e57a7472b89d696b0623,0x5fdcca53617f4d2b9134b29090c87d01058e27e9,0xccc8cb5229b0ac8069c51fd58367fd1e622afd97,0xd20d9248977f955b9e0405987713e4257763c3df,2000000000000000000000,Gods Unchained,GODS,18,326,98246,188665102704,91403,23749180,deprecated,0x441a3e70,"withdraw(uint256 _eth, uint256 _wei)",11547112
13514420,1635542067,0xdc99592a46509692ca8702b3538041c3ff19befad42d23e23904891747d2361d,212,0xf1f626427e48bb0ec1d269c590fc26408957a01034a7e57a7472b89d696b0623,0x5fdcca53617f4d2b9134b29090c87d01058e27e9,0xccc8cb5229b0ac8069c51fd58367fd1e622afd97,0xbf598b7a1d3c3f3d34c9b6430bf6325cf8397aba,1707671000000000000000,Gods Unchained,GODS,18,332,98246,188665102704,91403,24249559,deprecated,0x441a3e70,"withdraw(uint256 _eth, uint256 _wei)",11547112
13514420,1635542067,0xf8aed2bb7949efdb99eebdc372ddaf17e70a37e280415e47de3001515fa0e55d,22,0xf1f626427e48bb0ec1d269c590fc26408957a01034a7e57a7472b89d696b0623,0x5fdcca53617f4d2b9134b29090c87d01058e27e9,0xccc8cb5229b0ac8069c51fd58367fd1e622afd97,0x38de753e13053692e18805bd440fdd6d59cb2ddc,383000000000000000000,Gods Unchained,GODS,18,360,98246,188665102704,91403,26905836,deprecated,0x441a3e70,"withdraw(uint256 _eth, uint256 _wei)",11547112
13514420,1635542067,0xd87a8d4db3b730d2053b0d288ecabb0184188e1e57c5a9a1ab24bdaa196b1b15,886,0xf1f626427e48bb0ec1d269c590fc26408957a01034a7e57a7472b89d696b0623,0x26cdee4269273e1ea5dfac6b5791df2656897738,0xccc8cb5229b0ac8069c51fd58367fd1e622afd97,0x295685c8fe08d8192981d21ea1fe856a07443920,10000000000000000000000,Gods Unchained,GODS,18,371,174222,188665102704,120603,27823594,deprecated,0x18cbafe5,"swapExactTokensForETH(uint256 amountIn, uint256 amountOutMin, address[] path, address to, uint256 deadline)",11547112
13514423,1635542082,0x9fed9d3213e8ef982175bb1b7da34e330850d318053264aa92277f9febc9a56d,35850,0x1b3ea699f5c8662f72b3cd9f26867fa812a66d7c4883b60875ec2cb4a787222c,0x295685c8fe08d8192981d21ea1fe856a07443920,0xccc8cb5229b0ac8069c51fd58367fd1e622afd97,0x0000006daea1723962647b7e189d311d757fb793,14305895609798762478516,Gods Unchained,GODS,18,68,320000,216200345939,126503,4150297,deprecated,0x178979ae,,11547109
13514423,1635542082,0xf95745191ebd19da334313a570a8171b75c61086e636e210547e77fe81197f7f,16,0x1b3ea699f5c8662f72b3cd9f26867fa812a66d7c4883b60875ec2cb4a787222c,0xdd076a47a1675fef205816b6d28b7c183f968006,0xccc8cb5229b0ac8069c51fd58367fd1e622afd97,0x6cc5f688a315f3dc28a7781717a9a798a59fda7b,2781261904693183221959,Gods Unchained,GODS,18,217,105000,194000000000,35437,8987941,deprecated,0xa9059cbb,"transfer(address _to, uint256 _value)",11547109
13514423,1635542082,0x28ad82b51433b8257279860ce773a732ca0bc9a59197df976c879c65ea4a7181,0,0x1b3ea699f5c8662f72b3cd9f26867fa812a66d7c4883b60875ec2cb4a787222c,0x826ec572cb4f304f367fa4c5a3d7699f015b678e,0xccc8cb5229b0ac8069c51fd58367fd1e622afd97,0x6cc5f688a315f3dc28a7781717a9a798a59fda7b,333772199999999999999,Gods Unchained,GODS,18,220,105000,192000000000,35437,9206749,deprecated,0xa9059cbb,"transfer(address _to, uint256 _value)",11547109
13514423,1635542082,0x896b6d19f2d0269f93875eb77920051803c0eb45c1f98d5bb11531444ffa6ccc,3,0x1b3ea699f5c8662f72b3cd9f26867fa812a66d7c4883b60875ec2cb4a787222c,0x45241542028ee1bcbdd1f827bf681fc1b27b3ebf,0xccc8cb5229b0ac8069c51fd58367fd1e622afd97,0x6cc5f688a315f3dc28a7781717a9a798a59fda7b,383799999999999999999,Gods Unchained,GODS,18,221,105000,192000000000,35437,9242186,deprecated,0xa9059cbb,"transfer(address _to, uint256 _value)",11547109
13514423,1635542082,0xf16db03b3923519abebb40299ebab23900d9b37fbef12e06c47ebec455a6dcff,90,0x1b3ea699f5c8662f72b3cd9f26867fa812a66d7c4883b60875ec2cb4a787222c,0x5fdcca53617f4d2b9134b29090c87d01058e27e9,0xccc8cb5229b0ac8069c51fd58367fd1e622afd97,0xc0fd531d1fc7a88278c3c251affae6279330b6dc,383500000000000000000,Gods Unchained,GODS,18,296,98246,190430747407,91403,22687499,deprecated,0x441a3e70,"withdraw(uint256 _eth, uint256 _wei)",11547109
13514423,1635542082,0xcb773cbf88eb32843a003dcdbfe6a64a4a7f7b7b326764a42d2820727dc24494,116,0x1b3ea699f5c8662f72b3cd9f26867fa812a66d7c4883b60875ec2cb4a787222c,0xc03d8db64dfe98ebfd94a84bc1f825cab90ee15b,0xccc8cb5229b0ac8069c51fd58367fd1e622afd97,0xb524bd0b91ae02bd5ac86e01664371755ee4cfff,388000000000000000000,Gods Unchained,GODS,18,298,78769,190430747407,47713,22781719,deprecated,0xa9059cbb,"transfer(address _to, uint256 _value)",11547109
13514423,1635542082,0x2a14cd9bbca553d1d57c41abe82ba292949abbf9bf28d289857ac1fa4461e469,1177,0x1b3ea699f5c8662f72b3cd9f26867fa812a66d7c4883b60875ec2cb4a787222c,0x5fdcca53617f4d2b9134b29090c87d01058e27e9,0xccc8cb5229b0ac8069c51fd58367fd1e622afd97,0xc1f89d01478f04d6c253ea2c2c958b4d85e0d5dd,1219000000000000000000,Gods Unchained,GODS,18,333,98246,190430747407,91403,26791524,deprecated,0x441a3e70,"withdraw(uint256 _eth, uint256 _wei)",11547109
13514428,1635542146,0x0adeea65c0b18a2305fcfce610f70529f439dcc84b91b3df830bde0ae50b3899,3039,0xea8b69cc2ef521676aa97db28516318d1aba3bce55f01f6916a038e42bf3dbff,0x9e6e058c06c7ceeb6090e8438fc722f7d34188a3,0xccc8cb5229b0ac8069c51fd58367fd1e622afd97,0x295685c8fe08d8192981d21ea1fe856a07443920,1000000000000000000000,Gods Unchained,GODS,18,158,174207,187000000000,120591,8490516,deprecated,0x18cbafe5,"swapExactTokensForETH(uint256 amountIn, uint256 amountOutMin, address[] path, address to, uint256 deadline)",11547104
13514429,1635542162,0xe6087bee821f7fd8ec7e931074b446c9aa66d9f6181c2a88d4862b99b232d33f,171,0x32c3309c43611c1b9ea246dce1f2dd9b74057f17544de0966c4d2863e4e23f83,0x5fdcca53617f4d2b9134b29090c87d01058e27e9,0xccc8cb5229b0ac8069c51fd58367fd1e622afd97,0x9d65a3912caaba6d51206e6e9c2c65340e7ab903,0,Gods Unchained,GODS,18,44,71930,189071526824,70703,3321305,deprecated,0x441a3e70,"withdraw(uint256 _eth, uint256 _wei)",11547103
13514431,1635542170,0xb85902ed949f752a5121d268871f4dad6cde810936e0f73a4025517fef91078f,18,0xafb4ae1fa13dddcaa902d853371a166238c0f00385d82ab5765625e98f8eb351,0x35c32e3f463fce305d99fc2774675b589148cd53,0xccc8cb5229b0ac8069c51fd58367fd1e622afd97,0x6cc5f688a315f3dc28a7781717a9a798a59fda7b,10562960019186854341075,Gods Unchained,GODS,18,74,105000,216000000000,35449,5495490,deprecated,0xa9059cbb,"transfer(address _to, uint256 _value)",11547101
13514431,1635542170,0x2aa936b5f8dd051f4ba9185494df04acc2244de49f38cd07f7eb59c8c952643e,91,0xafb4ae1fa13dddcaa902d853371a166238c0f00385d82ab5765625e98f8eb351,0xc0fd531d1fc7a88278c3c251affae6279330b6dc,0xccc8cb5229b0ac8069c51fd58367fd1e622afd97,0x9f27c241f336591842fb2f11019efa756946d74d,383500000000000000000,Gods Unchained,GODS,18,474,53119,163410718163,30613,28519676,deprecated,0xa9059cbb,"transfer(address _to, uint256 _value)",11547101
13514435,1635542234,0x78f6e31c6e60fa9d4b91ab4c244fcf21177c2b60acf3d14f419a18020590373b,69,0x956e15cb92e468ea961e430646132dbb1cecd18bebc021a45aca187378971697,0x5fdcca53617f4d2b9134b29090c87d01058e27e9,0xccc8cb5229b0ac8069c51fd58367fd1e622afd97,0x10ca253dae9465cdb3f87d5c1a127ab6f50c9a50,391000000000000000000,Gods Unchained,GODS,18,407,98246,167661018403,91403,26419455,deprecated,0x441a3e70,"withdraw(uint256 _eth, uint256 _wei)",11547097
13514435,1635542234,0xf9739e12a9d4adb14943b7d104ff00595946248e58ca6590044ec75145b71cbc,17,0x956e15cb92e468ea961e430646132dbb1cecd18bebc021a45aca187378971697,0x04282408823dd673b990eeab44c385126768a1e5,0xccc8cb5229b0ac8069c51fd58367fd1e622afd97,0x0217ca10039d4f634fe5f2c36162687e9f627299,384311700000000000000,Gods Unchained,GODS,18,437,78787,167661018403,47725,29233242,deprecated,0xa9059cbb,"transfer(address _to, uint256 _value)",11547097
13514438,1635542272,0xae5b3f4de2b953241bfa31c11a789aeb47558d78660267be9f67b49c112a6974,1,0x00d4377043969b00576c1e9dd2eac70c899720eea26436b71269fcbc0fdc9f51,0x0217ca10039d4f634fe5f2c36162687e9f627299,0xccc8cb5229b0ac8069c51fd58367fd1e622afd97,0x6cc5f688a315f3dc28a7781717a9a798a59fda7b,384311699999999999999,Gods Unchained,GODS,18,182,105000,240000000000,35437,8503491,deprecated,0xa9059cbb,"transfer(address _to, uint256 _value)",11547094
13514438,1635542272,0x94e3ebc6a7872b28112d7ad5a5629fec2fab3880ca06bc9191863382e4f07575,0,0x00d4377043969b00576c1e9dd2eac70c899720eea26436b71269fcbc0fdc9f51,0xb524bd0b91ae02bd5ac86e01664371755ee4cfff,0xccc8cb5229b0ac8069c51fd58367fd1e622afd97,0x6cc5f688a315f3dc28a7781717a9a798a59fda7b,387999999999999999999,Gods Unchained,GODS,18,187,105000,238000000000,35437,8653865,deprecated,0xa9059cbb,"transfer(address _to, uint256 _value)",11547094
13514439,1635542362,0x379525303776a60a76d30598afe7d6d668cc3b89268e9dfac48488e6b7665893,3190,0x899504769e192ac4c253ce429d371611bce6469545fe3d360b8a22f1ec7d2b99,0x1c012b03f1c2dea274d2eeeb566b0eeabfe3af1a,0xccc8cb5229b0ac8069c51fd58367fd1e622afd97,0x295685c8fe08d8192981d21ea1fe856a07443920,22295804596691312412365,Gods Unchained,GODS,18,105,264282,216224999030,189010,8098914,deprecated,0xf305d719,"addLiquidityETH(address token, uint256 amountTokenDesired, uint256 amountTokenMin, uint256 amountETHMin, address to, uint256 deadline)",11547093
13514439,1635542362,0x3e3813f842d65278e796b4727476a8797592dc4b633fe87deda924bc879b3b83,70,0x899504769e192ac4c253ce429d371611bce6469545fe3d360b8a22f1ec7d2b99,0x10ca253dae9465cdb3f87d5c1a127ab6f50c9a50,0xccc8cb5229b0ac8069c51fd58367fd1e622afd97,0x7da26b199e623aaa3416f29c2effef5f56e172fd,391000000000000000000,Gods Unchained,GODS,18,211,78769,216224999030,47713,17459826,deprecated,0xa9059cbb,"transfer(address _to, uint256 _value)",11547093
13514439,1635542362,0xa2f3d58b7685a55ca512c02c05874870ccbaf073283b54fca628f52f112ee0fb,555,0x899504769e192ac4c253ce429d371611bce6469545fe3d360b8a22f1ec7d2b99,0x467dbd4d95f690863f3cc843408fce23e7a7f771,0xccc8cb5229b0ac8069c51fd58367fd1e622afd97,0x295685c8fe08d8192981d21ea1fe856a07443920,1200000000000000000000,Gods Unchained,GODS,18,307,174207,216224999030,106185,25277537,deprecated,0x18cbafe5,"swapExactTokensForETH(uint256 amountIn, uint256 amountOutMin, address[] path, address to, uint256 deadline)",11547093
13514440,1635542365,0x740e998d9ef9e325d4ccec4eb7e5835de0284d566d00b7bb8cdec5a6013127e2,888,0xe0a415eff26757e3c6d9866d6b0e6ea66cbe1c805acfc443c30340ec34d70e30,0x26cdee4269273e1ea5dfac6b5791df2656897738,0xccc8cb5229b0ac8069c51fd58367fd1e622afd97,0x295685c8fe08d8192981d21ea1fe856a07443920,10000000000000000000000,Gods Unchained,GODS,18,155,174222,242661215013,120603,7751562,deprecated,0x18cbafe5,"swapExactTokensForETH(uint256 amountIn, uint256 amountOutMin, address[] path, address to, uint256 deadline)",11547092
13514443,1635542393,0x24de0eefbda2b5349fa7dd2d495f66edd54c6d434c689326bffd3d8d58cea126,4593,0xf7aacb787a803bf64ca904177566fe2a9e8c99dc9082651cab63645d003e8284,0x295685c8fe08d8192981d21ea1fe856a07443920,0xccc8cb5229b0ac8069c51fd58367fd1e622afd97,0xa335ade338308b8e071cf2c8f3ca5e50f6563c60,6355692358692461688939,Gods Unchained,GODS,18,1,139456,200000000000,122091,334762,deprecated,0xd9627aa4,"sellToUniswap(address[] tokens, uint256 sellAmount, uint256 minBuyAmount, bool isSushi)",11547089
13514443,1635542393,0xd99358a1503fc2aca50b4654f7c93a68d1e3c68613898c2ebefd9e26bc62c1c3,76,0xf7aacb787a803bf64ca904177566fe2a9e8c99dc9082651cab63645d003e8284,0xba581d0fcaf478f51f4801909c5c26e1d82bd35a,0xccc8cb5229b0ac8069c51fd58367fd1e622afd97,0x544128ddbfe87c1dc66aeac277c7ca2d5e4082f3,387000000000000000000,Gods Unchained,GODS,18,26,78769,197364459588,47713,2732608,deprecated,0xa9059cbb,"transfer(address _to, uint256 _value)",11547089
13514443,1635542393,0x36390a5d9611d33265fce145965891a5f655df1bc91d0b17445af0947e379996,2681,0xf7aacb787a803bf64ca904177566fe2a9e8c99dc9082651cab63645d003e8284,0x295685c8fe08d8192981d21ea1fe856a07443920,0xccc8cb5229b0ac8069c51fd58367fd1e622afd97,0xf88c6f6b080d2a43743d34920d15d9232db40cb8,545715647287975566990,Gods Unchained,GODS,18,40,230457,197864459588,183709,4381821,deprecated,0x38ed1739,"swapExactTokensForTokens(uint256 amountIn, uint256 amountOutMin, address[] path, address to, uint256 deadline)",11547089
13514445,1635542402,0xcd8625bbe53a36567ea9e6dc6184c63bb3aa14c9e3cb3d2f6114cce10c83d822,321,0x1c75513914fb68b1fd5d615be6d378d6ec3ff772d3977e7005e4923312b163a6,0x5fdcca53617f4d2b9134b29090c87d01058e27e9,0xccc8cb5229b0ac8069c51fd58367fd1e622afd97,0xd05e2e33751e5a0336bdc5297879ff751700c563,383940000000000000000,Gods Unchained,GODS,18,380,98246,176594548332,91403,29805317,deprecated,0x441a3e70,"withdraw(uint256 _eth, uint256 _wei)",11547087
13514446,1635542415,0x3895cde347f69a2053bd5f3c3b314b21264189afed8ca0130dc2c216ab27cfcd,4594,0x11e63eead0f8b9c3eae48cf75b9b8e4e8c50dd5e6f6262d6f1c91b8166fb52eb,0xa335ade338308b8e071cf2c8f3ca5e50f6563c60,0xccc8cb5229b0ac8069c51fd58367fd1e622afd97,0x35c32e3f463fce305d99fc2774675b589148cd53,6355692358692461688939,Gods Unchained,GODS,18,266,53173,198967622240,30649,13657550,deprecated,0xa9059cbb,"transfer(address _to, uint256 _value)",11547086
13514446,1635542415,0x741a68fb6660355aedc9163c993c5c9a9078de6bb45bbb836a2b490de095cc12,500,0x11e63eead0f8b9c3eae48cf75b9b8e4e8c50dd5e6f6262d6f1c91b8166fb52eb,0x5fdcca53617f4d2b9134b29090c87d01058e27e9,0xccc8cb5229b0ac8069c51fd58367fd1e622afd97,0xe6fecb2c5b470b4970fc0f307385350abe86877d,1787000000000000000000,Gods Unchained,GODS,18,311,98234,198849422240,91391,18703315,deprecated,0x441a3e70,"withdraw(uint256 _eth, uint256 _wei)",11547086
13514447,1635542441,0x1d12411cc2ae7764a4ea9e0b14f5e71e7b1088b37f37c8eeeed77efa31c7dd6a,486,0xc9cea3e2a7da3ec2c9c1a286b17c1724cdc8f7f639c661233959dbcc98800b47,0x5fdcca53617f4d2b9134b29090c87d01058e27e9,0xccc8cb5229b0ac8069c51fd58367fd1e622afd97,0x3fc711dc1fbede234ccf6975fc089163a292af67,1000000000000000000000,Gods Unchained,GODS,18,245,98234,207847152001,91391,13417143,deprecated,0x441a3e70,"withdraw(uint256 _eth, uint256 _wei)",11547085
13514449,1635542484,0x32463e541c6b0e8d4b16382cf14e93ded73d5d21572b4f99974ad54c7c2a308e,117,0x24a698857b889288b3047fe7c19e6f9af7abb66aa76297893127bdbf1c136c8c,0x5fdcca53617f4d2b9134b29090c87d01058e27e9,0xccc8cb5229b0ac8069c51fd58367fd1e622afd97,0x3273b47cd24f798735e9d6e4a0fb853055873ecb,384547700000000000000,Gods Unchained,GODS,18,139,98246,209230517805,91403,7703861,deprecated,0x441a3e70,"withdraw(uint256 _eth, uint256 _wei)",11547083
13514449,1635542484,0x26c43034876558f701d99cf8a3f576393d82457e77a2dbb8f3f4fa20ddb8d997,169,0x24a698857b889288b3047fe7c19e6f9af7abb66aa76297893127bdbf1c136c8c,0x5fdcca53617f4d2b9134b29090c87d01058e27e9,0xccc8cb5229b0ac8069c51fd58367fd1e622afd97,0x927a3a219dd469535b5b97fc63f2a89b85a50fdf,1094000000000000000000,Gods Unchained,GODS,18,161,98246,209172317805,91403,10081146,deprecated,0x441a3e70,"withdraw(uint256 _eth, uint256 _wei)",11547083
13514450,1635542495,0x65203e1971e7148748dbe43d8e3290a57de354b87677b6a379e54348575df49d,931,0x611b380d068ec949aded696091c3c5bfb1801c5ef9d287c0234376c0966d76b6,0xc7d8fcab159616c1347fbe68304c764d299bddd2,0xccc8cb5229b0ac8069c51fd58367fd1e622afd97,0x295685c8fe08d8192981d21ea1fe856a07443920,6000000000000000000000,Gods Unchained,GODS,18,49,134059,203156648008,106396,3237530,deprecated,0x38ed1739,"swapExactTokensForTokens(uint256 amountIn, uint256 amountOutMin, address[] path, address to, uint256 deadline)",11547082
13514452,1635542522,0xb06abdc6fcd1741561cebfd6084dc2be18fddfda9f9b9b9ef7c7470d854aaae3,1,0x62698e5fea84af8a5cc5a944a928a9ceecf53ac244ca066f7e676553950be702,0x7da26b199e623aaa3416f29c2effef5f56e172fd,0xccc8cb5229b0ac8069c51fd58367fd1e622afd97,0x6cc5f688a315f3dc28a7781717a9a798a59fda7b,390999999999999999999,Gods Unchained,GODS,18,25,105000,233000000000,35437,1160269,deprecated,0xa9059cbb,"transfer(address _to, uint256 _value)",11547080
13514453,1635542533,0x87eab31c715e8452cf96e52531ef53bf2dd649d8722b362f58e9546c3759b49d,0,0xa349bb2b14135f7d00c5556b4ab9fa18a6cd01ae70d0fc580d5b742fdf36ec5a,0x544128ddbfe87c1dc66aeac277c7ca2d5e4082f3,0xccc8cb5229b0ac8069c51fd58367fd1e622afd97,0x6cc5f688a315f3dc28a7781717a9a798a59fda7b,386999999999999999999,Gods Unchained,GODS,18,84,105000,233000000000,35437,3785493,deprecated,0xa9059cbb,"transfer(address _to, uint256 _value)",11547079
13514453,1635542533,0xee3200706505928f648747f7a8d5e9632c32cde2534191fe1d093651ccf87fd5,878,0xa349bb2b14135f7d00c5556b4ab9fa18a6cd01ae70d0fc580d5b742fdf36ec5a,0x5fdcca53617f4d2b9134b29090c87d01058e27e9,0xccc8cb5229b0ac8069c51fd58367fd1e622afd97,0xbdd0bb6c72e1f11953d95d581f4be5d4ab76b813,1322632000000000000000,Gods Unchained,GODS,18,347,98246,190701934765,91403,17750585,deprecated,0x441a3e70,"withdraw(uint256 _eth, uint256 _wei)",11547079
13514454,1635542553,0x2b52c3b05d223fae09fdb7182acae815d26fd0ac17488e6ba19e84afe6d4c418,17,0x21c49005833d7ce60abc8d181d0d8c5f502b44e8d54dcc26ba90a346e43c18b8,0x295685c8fe08d8192981d21ea1fe856a07443920,0xccc8cb5229b0ac8069c51fd58367fd1e622afd97,0x26b0393c7bb4cfb8cac81590d1364d94fbfe8369,600000000000000000000,Gods Unchained,GODS,18,100,183547,204728235053,128372,8266993,deprecated,0xfb3bdb41,"swapETHForExactTokens(uint256 amountOut, address[] path, address to, uint256 deadline)",11547078
13514455,1635542562,0xfb04af1257fe936e4b8347c83c2e4ed29175e6513b4aaea1f4f75677fb7df514,1341,0x53b364d46b53a525139edc852c631504e6d98f541b9736ac237229ba3d3526f2,0x295685c8fe08d8192981d21ea1fe856a07443920,0xccc8cb5229b0ac8069c51fd58367fd1e622afd97,0xdd076a47a1675fef205816b6d28b7c183f968006,2885472042549708971933,Gods Unchained,GODS,18,82,211852,195835383575,168477,4921301,deprecated,0x38ed1739,"swapExactTokensForTokens(uint256 amountIn, uint256 amountOutMin, address[] path, address to, uint256 deadline)",11547077
13514456,1635542570,0x11677381e88264b3d3ad3ef447df2a8b7f4c25d407b1eda2c38aa2b5d1205abc,206,0xff343f572406bf0cbaf107338cdc4fd4c848a819afe005e5020c7afd3b02dc05,0xc84ee7d2b96e67d9c627ebb249090158fae38abf,0xccc8cb5229b0ac8069c51fd58367fd1e622afd97,0x937715645770dd3fd4a3b4a6c107ca9d17796129,383770000000000000000,Gods Unchained,GODS,18,186,78769,184876812768,47713,12128264,deprecated,0xa9059cbb,"transfer(address _to, uint256 _value)",11547076
13514457,1635542581,0xe48cc1e918b8177751e868ebe5c510ffb2865190f98a839898e0505b4c20f0c7,402,0x578b924b1ad1851b53de86561db58a646d61f179939c734a36d49a80dafe7733,0x00321a3bc067860e482e74dc2cfbc78c2bfb2a82,0xccc8cb5229b0ac8069c51fd58367fd1e622afd97,0x88112c6afb7ada1c2160ac91b59b71a57211f843,457000000000000000000,Gods Unchained,GODS,18,112,78769,181219833594,47713,8564428,deprecated,0xa9059cbb,"transfer(address _to, uint256 _value)",11547075
13514458,1635542602,0x0894bb02a6bb0f9a33d87d6203a8c7437c9274da5ac212983eb35d765f5d49bf,1180,0xa33e8247c5834c9fecc698a81192afbfe729cd460b4ac934cd00d1a383ed115c,0xc1f89d01478f04d6c253ea2c2c958b4d85e0d5dd,0xccc8cb5229b0ac8069c51fd58367fd1e622afd97,0x295685c8fe08d8192981d21ea1fe856a07443920,1219000000000000000000,Gods Unchained,GODS,18,12,243532,193973699315,189590,1254818,deprecated,0x38ed1739,"swapExactTokensForTokens(uint256 amountIn, uint256 amountOutMin, address[] path, address to, uint256 deadline)",11547074
13514459,1635542612,0x8a5fad516f7ac56e69acc218375230d83e29d95a93bf8b42c54851d3d5415dfe,123,0xc64c2309a0b4e4c492c0f764368d6dd897da46f9998ed504900771fd83dd4d44,0x5fdcca53617f4d2b9134b29090c87d01058e27e9,0xccc8cb5229b0ac8069c51fd58367fd1e622afd97,0x831e45478224ca8db602c35a4d1d174733b6a08c,383805900000000000000,Gods Unchained,GODS,18,122,98246,188078025802,91403,6876960,deprecated,0x441a3e70,"withdraw(uint256 _eth, uint256 _wei)",11547073
13514461,1635542635,0x38c94f298aad6c5bb6802b28148242cca27c2f98d79ff4d05643350169b29e09,324,0xd036cfef4bb461d5e0c48fef31367162f3233e3b72e961c9333a4858569a7612,0xd05e2e33751e5a0336bdc5297879ff751700c563,0xccc8cb5229b0ac8069c51fd58367fd1e622afd97,0x295685c8fe08d8192981d21ea1fe856a07443920,383940000000000000000,Gods Unchained,GODS,18,235,161521,180958072934,115779,22200904,deprecated,0x18cbafe5,"swapExactTokensForETH(uint256 amountIn, uint256 amountOutMin, address[] path, address to, uint256 deadline)",11547071
13514461,1635542635,0x1c3723fe965e94f22eb3ba11ec03d7c5dc04dbc3645890ebd4bb757fe94fa430,20,0xd036cfef4bb461d5e0c48fef31367162f3233e3b72e961c9333a4858569a7612,0x5fdcca53617f4d2b9134b29090c87d01058e27e9,0xccc8cb5229b0ac8069c51fd58367fd1e622afd97,0xc87bfa87a13a1d5e90b3ac10607b0513c3a92851,1018748000000000000000,Gods Unchained,GODS,18,246,98246,180958072934,91403,23329759,deprecated,0x441a3e70,"withdraw(uint256 _eth, uint256 _wei)",11547071
13514462,1635542656,0x62ebdf0a117a8fc971ed1513115403051db64734d2d094e04f8bfbeee96852b5,15,0xe2da0ed971caba423535fa1d6cc8cf3e9f3a9e8cf9e824e8c24cabf00e3ee904,0x9f27c241f336591842fb2f11019efa756946d74d,0xccc8cb5229b0ac8069c51fd58367fd1e622afd97,0x6cc5f688a315f3dc28a7781717a9a798a59fda7b,383500000000000000000,Gods Unchained,GODS,18,47,105000,220000000000,35413,2527832,deprecated,0xa9059cbb,"transfer(address _to, uint256 _value)",11547070
13514462,1635542656,0x20840ade56b79c32f35dbcc34653ab9a08d5c2c3cbe6974cf3560b55d24ad9c2,17,0xe2da0ed971caba423535fa1d6cc8cf3e9f3a9e8cf9e824e8c24cabf00e3ee904,0xdd076a47a1675fef205816b6d28b7c183f968006,0xccc8cb5229b0ac8069c51fd58367fd1e622afd97,0x6cc5f688a315f3dc28a7781717a9a798a59fda7b,2885472042549708971933,Gods Unchained,GODS,18,49,105000,220000000000,35437,2758281,deprecated,0xa9059cbb,"transfer(address _to, uint256 _value)",11547070
13514462,1635542656,0xa4740a703b39ed2d75eeb9c78dac734349a8cd85806f770615ea03d37b0d221d,701,0xe2da0ed971caba423535fa1d6cc8cf3e9f3a9e8cf9e824e8c24cabf00e3ee904,0x5fdcca53617f4d2b9134b29090c87d01058e27e9,0xccc8cb5229b0ac8069c51fd58367fd1e622afd97,0xf377ce6924155da0a9f2ed707b3983419253a370,7491578000000000000000,Gods Unchained,GODS,18,197,98246,200517726652,91403,11747336,deprecated,0x441a3e70,"withdraw(uint256 _eth, uint256 _wei)",11547070
13514462,1635542656,0x5a969c3759cc8bb6b05efba573f5dca925c010cd7c8c1eb7d4f8638dfae30b90,107,0xe2da0ed971caba423535fa1d6cc8cf3e9f3a9e8cf9e824e8c24cabf00e3ee904,0x5fdcca53617f4d2b9134b29090c87d01058e27e9,0xccc8cb5229b0ac8069c51fd58367fd1e622afd97,0xb3d8bfee35c6272095db789b6eaa45ac2fb571b1,383805900000000000000,Gods Unchained,GODS,18,198,98246,200517726652,91403,11838739,deprecated,0x441a3e70,"withdraw(uint256 _eth, uint256 _wei)",11547070
13514466,1635542685,0xe85468e63e1dee03a01cf35ddcdc613d864125acd0ac18b0a3c1a7e2e8d15e3c,2460,0x717935d76f0e00aec6bc6dda85a75c2ea9df146cb3e4a045df748ca1ba8e68b1,0xcdc1f43c7ca36d42c6aad0bd4a4b6d48986e8f1b,0xccc8cb5229b0ac8069c51fd58367fd1e622afd97,0x1ff597cdd64a3fd0314c0525abdf0a75ac51de44,734824900000000000000,Gods Unchained,GODS,18,185,78787,196873999096,47725,13861349,deprecated,0xa9059cbb,"transfer(address _to, uint256 _value)",11547066
13514467,1635542725,0x4ce4cec8dcaf33273a5c588abea56779524d8239234b8483a64d2e04dad45920,57,0x804bf13aeb353d3eea2e2180a8a63b7dafb85971973928b401befed564b522ec,0x5fdcca53617f4d2b9134b29090c87d01058e27e9,0xccc8cb5229b0ac8069c51fd58367fd1e622afd97,0x300ef369708d850446dfde4c1c14d70e358d31cc,383671100000000000000,Gods Unchained,GODS,18,89,98234,182483033587,91391,6994358,deprecated,0x441a3e70,"withdraw(uint256 _eth, uint256 _wei)",11547065
13514467,1635542725,0xed578e859fe2911b2ea7c8a6a710446fef0aeec95e7f5c6fc7a65d8f7b478b51,0,0x804bf13aeb353d3eea2e2180a8a63b7dafb85971973928b401befed564b522ec,0x5fdcca53617f4d2b9134b29090c87d01058e27e9,0xccc8cb5229b0ac8069c51fd58367fd1e622afd97,0xaf1df6aebb92ba79cb19d5b8b6cc99376c951713,388155300000000000000,Gods Unchained,GODS,18,183,98246,182200501638,91403,12815873,deprecated,0x441a3e70,"withdraw(uint256 _eth, uint256 _wei)",11547065
13514467,1635542725,0x2b4073cf964aba14d3773671b5ed7247dc39d593ad8cc9e60f8f9e1f06704a9c,170,0x804bf13aeb353d3eea2e2180a8a63b7dafb85971973928b401befed564b522ec,0x927a3a219dd469535b5b97fc63f2a89b85a50fdf,0xccc8cb5229b0ac8069c51fd58367fd1e622afd97,0x25ceb8be6e822bfe187c71143a23de94ef310230,1094000000000000000000,Gods Unchained,GODS,18,226,78769,182200501638,47713,15563804,deprecated,0xa9059cbb,"transfer(address _to, uint256 _value)",11547065
13514467,1635542725,0x962791c910d1926ef2e19838b69e73bded700b7e9b76c4d1519c11ad51f56b0b,933,0x804bf13aeb353d3eea2e2180a8a63b7dafb85971973928b401befed564b522ec,0xc7d8fcab159616c1347fbe68304c764d299bddd2,0xccc8cb5229b0ac8069c51fd58367fd1e622afd97,0x295685c8fe08d8192981d21ea1fe856a07443920,6000000000000000000000,Gods Unchained,GODS,18,239,216128,182483033587,173843,16800953,deprecated,0xe8e33700,"addLiquidity(address tokenA, address tokenB, uint256 amountADesired, uint256 amountBDesired, uint256 amountAMin, uint256 amountBMin, address to, uint256 deadline)",11547065
13514469,1635542735,0x3d101bfdc6f70d73aa9f5f858beb01074211d4e6f32e0c5777ad4cd2d3395aef,21,0xc7f2517e6e95221cadccd18206f9f49b4cb27ddc291c34cd6af635cc722cd615,0xc87bfa87a13a1d5e90b3ac10607b0513c3a92851,0xccc8cb5229b0ac8069c51fd58367fd1e622afd97,0x0092ee785efa124206b8eb7055bfb20fbff4ccea,1018748000000000000000,Gods Unchained,GODS,18,184,78751,175945586781,47701,9677289,deprecated,0xa9059cbb,"transfer(address _to, uint256 _value)",11547063
13514471,1635542743,0xf9a7e0adfee902cd6955e03020a965585c4cb9528c338bba99a7c55c34929914,52,0xd46097baee06cebfdc2720a837c080d92101b703ed5ac9af19c8a2860f35ea71,0x5fdcca53617f4d2b9134b29090c87d01058e27e9,0xccc8cb5229b0ac8069c51fd58367fd1e622afd97,0x5314d31b61242506226bd8f80231527e52109431,384547700000000000000,Gods Unchained,GODS,18,161,98246,162171648247,91403,12864792,deprecated,0x441a3e70,"withdraw(uint256 _eth, uint256 _wei)",11547061
13514471,1635542743,0x704af929ecb4f09e6b43d675e83726b588907a1768d0624123e03a9a0b5114dd,44,0xd46097baee06cebfdc2720a837c080d92101b703ed5ac9af19c8a2860f35ea71,0x5fdcca53617f4d2b9134b29090c87d01058e27e9,0xccc8cb5229b0ac8069c51fd58367fd1e622afd97,0xe601b042bd730d42d472a44a36d842e796086e22,395404300000000000000,Gods Unchained,GODS,18,197,98246,161864180196,91403,15581712,deprecated,0x441a3e70,"withdraw(uint256 _eth, uint256 _wei)",11547061
13514472,1635542757,0x06c20e6af937257f4a865eb022cc5c6563e1bc6499bd507efb19df48a76763e9,124,0xb295cda20796d9989dc9074b06262770a008e5a9e89af1568858418f961798c9,0x5fdcca53617f4d2b9134b29090c87d01058e27e9,0xccc8cb5229b0ac8069c51fd58367fd1e622afd97,0x831e45478224ca8db602c35a4d1d174733b6a08c,0,Gods Unchained,GODS,18,213,71930,165443752904,70703,12974694,deprecated,0x441a3e70,"withdraw(uint256 _eth, uint256 _wei)",11547060
13514473,1635542771,0xd2cbe796da744549eccf1900ad1fe4437820572bcb9090c2fdf567bb249dcc75,0,0x8548ed86522a89ac58c953da4fdec46704970a6194762e7d7f370877bfce9eea,0x937715645770dd3fd4a3b4a6c107ca9d17796129,0xccc8cb5229b0ac8069c51fd58367fd1e622afd97,0x6cc5f688a315f3dc28a7781717a9a798a59fda7b,383769999999999999999,Gods Unchained,GODS,18,4,105000,220000000000,35437,209438,deprecated,0xa9059cbb,"transfer(address _to, uint256 _value)",11547059
13514474,1635542774,0x622bdab3217cfd12ed21da1413478ab2dbec5483c768a1218c1534a1e25a1feb,0,0x1a63e358646ddb29c412556ae0b2f4a0134fb22269be07c2e869c8ced6348663,0x88112c6afb7ada1c2160ac91b59b71a57211f843,0xccc8cb5229b0ac8069c51fd58367fd1e622afd97,0x6cc5f688a315f3dc28a7781717a9a798a59fda7b,456999999999999999999,Gods Unchained,GODS,18,0,105000,220000000000,35437,35437,deprecated,0xa9059cbb,"transfer(address _to, uint256 _value)",11547058
13514477,1635542782,0x1f731d01c4202d52a51fd448fa0852f614c517ff9cf7234f9559a4c60ea3160f,4595,0xe0bf5c5a6a4b6fd5c64aef36feda4f0217343fa52bd861bbc6cc1d2ce39d5570,0x295685c8fe08d8192981d21ea1fe856a07443920,0xccc8cb5229b0ac8069c51fd58367fd1e622afd97,0xa335ade338308b8e071cf2c8f3ca5e50f6563c60,6112807710644763795940,Gods Unchained,GODS,18,0,151059,193000000000,122079,122079,deprecated,0xd9627aa4,"sellToUniswap(address[] tokens, uint256 sellAmount, uint256 minBuyAmount, bool isSushi)",11547055
13514477,1635542782,0xdaa0ef20dea1308edc303d169c883239d55b3fd107bcc60a9f4e0ea38bdcbcad,9,0xe0bf5c5a6a4b6fd5c64aef36feda4f0217343fa52bd861bbc6cc1d2ce39d5570,0x1ff597cdd64a3fd0314c0525abdf0a75ac51de44,0xccc8cb5229b0ac8069c51fd58367fd1e622afd97,0x6cc5f688a315f3dc28a7781717a9a798a59fda7b,734824899999999999999,Gods Unchained,GODS,18,1,105000,220000000000,35437,157516,deprecated,0xa9059cbb,"transfer(address _to, uint256 _value)",11547055
13514480,1635542823,0x986d49d1c3df362e2d28adf0202d7e9e23621c86b34a826f5805372654635ab3,181,0xd373ef550f3416904648fa3f266e5a3e8cc1e5c32974b0a5212c662c2357481b,0x5fdcca53617f4d2b9134b29090c87d01058e27e9,0xccc8cb5229b0ac8069c51fd58367fd1e622afd97,0x5127c8d44affc893f7cc169091f74cea1fa4f6cb,407744400000000000000,Gods Unchained,GODS,18,310,98246,138277312561,91403,23579972,deprecated,0x441a3e70,"withdraw(uint256 _eth, uint256 _wei)",11547052
13514480,1635542823,0x874affe93536c6622006b24d741c47aee51745e18a360ee060869d02040b0c54,4596,0xd373ef550f3416904648fa3f266e5a3e8cc1e5c32974b0a5212c662c2357481b,0xa335ade338308b8e071cf2c8f3ca5e50f6563c60,0xccc8cb5229b0ac8069c51fd58367fd1e622afd97,0x35c32e3f463fce305d99fc2774675b589148cd53,6112807710644763795940,Gods Unchained,GODS,18,322,53173,138277312561,30649,24436552,deprecated,0xa9059cbb,"transfer(address _to, uint256 _value)",11547052
13514481,1635542833,0x8375829d259ba75ba5c4c1765ad5365ad58c59780e62641a8e7a812630d87c66,498,0xeac98445db28bbedcfc9a3ee7db1cfe41b65e8ac2718253b6697b63183697048,0x5fdcca53617f4d2b9134b29090c87d01058e27e9,0xccc8cb5229b0ac8069c51fd58367fd1e622afd97,0x6319f3563897f889b0a6ca45c9be588696215a16,1188745000000000000000,Gods Unchained,GODS,18,32,98246,155023879759,91403,3021583,deprecated,0x441a3e70,"withdraw(uint256 _eth, uint256 _wei)",11547051
13514481,1635542833,0xc176969b63e4896ae214f95126615b47514b39d2e99d809120ac9e4278242acb,18,0xeac98445db28bbedcfc9a3ee7db1cfe41b65e8ac2718253b6697b63183697048,0x26b0393c7bb4cfb8cac81590d1364d94fbfe8369,0xccc8cb5229b0ac8069c51fd58367fd1e622afd97,0x2e05f3574a9ce929cd97e4dfe0fef5648eac4a4f,10000000000000000000,Gods Unchained,GODS,18,50,78751,154972355717,52501,5411118,deprecated,0xa9059cbb,"transfer(address _to, uint256 _value)",11547051
13514481,1635542833,0x25167d383c849725eaa96ace535a935ba92a2d349fb3e5058acc514fb7e87734,1,0xeac98445db28bbedcfc9a3ee7db1cfe41b65e8ac2718253b6697b63183697048,0xaf1df6aebb92ba79cb19d5b8b6cc99376c951713,0xccc8cb5229b0ac8069c51fd58367fd1e622afd97,0x3273b47cd24f798735e9d6e4a0fb853055873ecb,388155300000000000000,Gods Unchained,GODS,18,103,53137,154806411708,30625,11140342,deprecated,0xa9059cbb,"transfer(address _to, uint256 _value)",11547051
13514482,1635542840,0x57ec94ee3e782ddd07baa8de58236e5a58b3a7be253a398d212a391eea4455be,94,0x507c35cc18e3a71e7944baf2c8e3d42cd59c20598fdf5348328a9a5b62885d43,0x5fdcca53617f4d2b9134b29090c87d01058e27e9,0xccc8cb5229b0ac8069c51fd58367fd1e622afd97,0x275d119c664028ce2c6371f43e3799c372a5c4ed,487000000000000000000,Gods Unchained,GODS,18,227,98246,169477992756,91403,13565840,deprecated,0x441a3e70,"withdraw(uint256 _eth, uint256 _wei)",11547050
13514483,1635542856,0x2723f7f10c98e08a957028133db64aff1aaf5c1ef664ac8f9b9ad8d39f67b62d,19,0x9cf13239439d54665ceff66cda6e518e8679c6859dd0bd4f94cf1c5e5fc4bacf,0x35c32e3f463fce305d99fc2774675b589148cd53,0xccc8cb5229b0ac8069c51fd58367fd1e622afd97,0x6cc5f688a315f3dc28a7781717a9a798a59fda7b,12468500069337225484879,Gods Unchained,GODS,18,65,105000,202000000000,35449,2246354,deprecated,0xa9059cbb,"transfer(address _to, uint256 _value)",11547049
13514485,1635542896,0x602b61d9d7702d604b7cf422d23d21578f0f8125cc42afa27db7cf913940f702,0,0x921e47161a3d50dfbbb8bd03b109e29152a2c79948c23b3048ad74b5326429a4,0x0092ee785efa124206b8eb7055bfb20fbff4ccea,0xccc8cb5229b0ac8069c51fd58367fd1e622afd97,0x6cc5f688a315f3dc28a7781717a9a798a59fda7b,1018747999999999999999,Gods Unchained,GODS,18,18,105000,198000000000,35437,909777,deprecated,0xa9059cbb,"transfer(address _to, uint256 _value)",11547047
13514487,1635542906,0x14e0c29b25bac40c2133d27e936c544ff90708e5daf4be011a6f6c2d0a3fe97d,0,0x60ee4c04d5778e14008fea9c96d89c50257dac04f4ce61fca2ef6553d0174e18,0x25ceb8be6e822bfe187c71143a23de94ef310230,0xccc8cb5229b0ac8069c51fd58367fd1e622afd97,0x6cc5f688a315f3dc28a7781717a9a798a59fda7b,1093999999999999999999,Gods Unchained,GODS,18,51,105000,194000000000,35437,6812491,deprecated,0xa9059cbb,"transfer(address _to, uint256 _value)",11547045
13514488,1635542918,0x060b396e6238f8f54e6dd1d8ae32d3e5f27c1fb940aa9a4b3eea9685f107159e,715,0x056cd8ba1461870ca1141700b8aef42af0ea74be7217331c4d1c39f990011db8,0x295685c8fe08d8192981d21ea1fe856a07443920,0xccc8cb5229b0ac8069c51fd58367fd1e622afd97,0xb172de5c47899b7d1995549e09202f7e78971acf,1158296989054912143557,Gods Unchained,GODS,18,319,152014,170281423948,103869,21274382,deprecated,0x7ff36ab5,"swapExactETHForTokens(uint256 amountOutMin, address[] path, address to, uint256 deadline)",11547044
13514488,1635542918,0x9334a22716836ac8d890712452b72ea7c99eb3abc85adf99361ef038ff121907,1051,0x056cd8ba1461870ca1141700b8aef42af0ea74be7217331c4d1c39f990011db8,0x5fdcca53617f4d2b9134b29090c87d01058e27e9,0xccc8cb5229b0ac8069c51fd58367fd1e622afd97,0x899293bb3c021cc95d29acd060da74dbe54d14bb,2326733000000000000000,Gods Unchained,GODS,18,341,98246,170281423948,91403,23174041,deprecated,0x441a3e70,"withdraw(uint256 _eth, uint256 _wei)",11547044
13514491,1635542979,0x521731c256a257ba7e2b1ba49a4eeecde5ec4576dacb1e91101a74b7e2633ab8,703,0x8d735eacc2382050254fd598b183e04f4259a5f0b2915c593ad04a38fc3d1834,0xf377ce6924155da0a9f2ed707b3983419253a370,0xccc8cb5229b0ac8069c51fd58367fd1e622afd97,0x295685c8fe08d8192981d21ea1fe856a07443920,7491578000000000000000,Gods Unchained,GODS,18,49,139845,190590560976,107931,2966811,deprecated,0x2e95b6c8,"unoswap(address srcToken, uint256 amount, uint256 minReturn, bytes32[])",11547041
13514492,1635542989,0x0ca506f1c662b4425601e61c1223a0a672b06a6f2767f10d48db1ba76d588a66,84543,0x6daf5464cc251053e047a298cc6ca3ff7208c8884bc813a22bb4426754ac6a0d,0x295685c8fe08d8192981d21ea1fe856a07443920,0xccc8cb5229b0ac8069c51fd58367fd1e622afd97,0x1d6e8bac6ea3730825bde4b005ed7b2b39a2932d,4517465985649150111077,Gods Unchained,GODS,18,0,500068,171590862222,88064,88064,deprecated,0xce36fc01,,11547040
13514492,1635542989,0x3e78382882d019d992c3aaec0a19b26f4ce27b7461c9f838d96d427a54a9907c,155330,0x6daf5464cc251053e047a298cc6ca3ff7208c8884bc813a22bb4426754ac6a0d,0x295685c8fe08d8192981d21ea1fe856a07443920,0xccc8cb5229b0ac8069c51fd58367fd1e622afd97,0x0000006daea1723962647b7e189d311d757fb793,12394210015751041819904,Gods Unchained,GODS,18,1,320000,208489191034,115943,204007,deprecated,0x178979ae,,11547040
13514492,1635542989,0x149f48293343c76e693272accbc896960b0fa7db8842a6bf7abd8a35aea6cafa,84544,0x6daf5464cc251053e047a298cc6ca3ff7208c8884bc813a22bb4426754ac6a0d,0x1d6e8bac6ea3730825bde4b005ed7b2b39a2932d,0xccc8cb5229b0ac8069c51fd58367fd1e622afd97,0x295685c8fe08d8192981d21ea1fe856a07443920,4517465985649150111077,Gods Unchained,GODS,18,2,127774,8895059109680,77774,281781,deprecated,0xce36fc00,,11547040
13514492,1635542989,0x631160caf9f2a003bb7976d374ebc987da6832002f16c561efffebc5f9dd2686,290,0x6daf5464cc251053e047a298cc6ca3ff7208c8884bc813a22bb4426754ac6a0d,0x5fdcca53617f4d2b9134b29090c87d01058e27e9,0xccc8cb5229b0ac8069c51fd58367fd1e622afd97,0x1d053f931be526653d6a492aba4e6460e11eaa43,400000000000000000000,Gods Unchained,GODS,18,448,98234,173090862222,91391,25073407,deprecated,0x441a3e70,"withdraw(uint256 _eth, uint256 _wei)",11547040
13514492,1635542989,0x4320a15f721c693aac92f577a78f68ffa68ab78abd2a43df4204115ec0524ee6,748,0x6daf5464cc251053e047a298cc6ca3ff7208c8884bc813a22bb4426754ac6a0d,0x5fdcca53617f4d2b9134b29090c87d01058e27e9,0xccc8cb5229b0ac8069c51fd58367fd1e622afd97,0x5adf6aae21988a5cc833997851710ab1ca54fe59,1723382000000000000000,Gods Unchained,GODS,18,474,98246,173090862222,91403,27309794,deprecated,0x441a3e70,"withdraw(uint256 _eth, uint256 _wei)",11547040
13514492,1635542989,0xff023e92633e2b22c56afcc7249021c8ddb54f16c4d96bc0ae19390d899fbb56,79,0x6daf5464cc251053e047a298cc6ca3ff7208c8884bc813a22bb4426754ac6a0d,0x5fdcca53617f4d2b9134b29090c87d01058e27e9,0xccc8cb5229b0ac8069c51fd58367fd1e622afd97,0xa027b5f28f540c2879c10c59440bcbd04dc48b00,400000000000000000000,Gods Unchained,GODS,18,501,98246,173090862222,91403,29744828,deprecated,0x441a3e70,"withdraw(uint256 _eth, uint256 _wei)",11547040
13514494,1635543009,0x8b9e205875789ed70767585d6f069b86bde9a595d95c43fe0c039f37c1c7016d,45,0x6a6797832cbb870c304ea9315e1247f8f1d8d4cccdd7f4946075e1a382fc1a66,0xe601b042bd730d42d472a44a36d842e796086e22,0xccc8cb5229b0ac8069c51fd58367fd1e622afd97,0xe1e6ad08c54116c69d9ae87e26578537116368f2,395404300000000000000,Gods Unchained,GODS,18,34,78787,183908657716,47725,2954494,deprecated,0xa9059cbb,"transfer(address _to, uint256 _value)",11547038
13514497,1635543030,0xf7bcbc55afdfad0998a931bc6bf5e1953af89255a29a393b7f7a934fbd750ad2,934,0xd0eaf5a6ca9023e97eb0e963ec4d58a145e76e0549dcdb95de1ec1a5e7a71859,0xc7d8fcab159616c1347fbe68304c764d299bddd2,0xccc8cb5229b0ac8069c51fd58367fd1e622afd97,0x295685c8fe08d8192981d21ea1fe856a07443920,6000000000000000000000,Gods Unchained,GODS,18,298,134059,153826926901,101596,16370827,deprecated,0x38ed1739,"swapExactTokensForTokens(uint256 amountIn, uint256 amountOutMin, address[] path, address to, uint256 deadline)",11547035
13514497,1635543030,0xb3256e4057ee4da7bcf14c28f89f0fb07d1155f9b6e9242293f5b4137471722d,183,0xd0eaf5a6ca9023e97eb0e963ec4d58a145e76e0549dcdb95de1ec1a5e7a71859,0x5fdcca53617f4d2b9134b29090c87d01058e27e9,0xccc8cb5229b0ac8069c51fd58367fd1e622afd97,0x63cd89e59d2f4d3fccc2b00483e58b2e752470b5,877000000000000000000,Gods Unchained,GODS,18,398,98246,153326926901,91403,25021776,deprecated,0x441a3e70,"withdraw(uint256 _eth, uint256 _wei)",11547035
13514501,1635543081,0x6fafc9f3ce264cacc7fa27cab50c1296891204b81b9be94e396575dc25742b14,5,0x953fee039a86ca2a540ec1b122b7f8a6b4ec5f0353c1f35250a276e3d0e58dc1,0x295685c8fe08d8192981d21ea1fe856a07443920,0xccc8cb5229b0ac8069c51fd58367fd1e622afd97,0x150779f240961cd8ba6d2386aa058c191699cdb8,174743202445596712600,Gods Unchained,GODS,18,179,175786,155449477467,120981,10848125,deprecated,0x7ff36ab5,"swapExactETHForTokens(uint256 amountOutMin, address[] path, address to, uint256 deadline)",11547031
13514501,1635543081,0xc698c1599f476c4d72975e30128ed0100ba00568aba4f846f345903e9b0cb2ca,95,0x953fee039a86ca2a540ec1b122b7f8a6b4ec5f0353c1f35250a276e3d0e58dc1,0x275d119c664028ce2c6371f43e3799c372a5c4ed,0xccc8cb5229b0ac8069c51fd58367fd1e622afd97,0x9136e459dcff2fae4834e330c95cad64ba767433,487000000000000000000,Gods Unchained,GODS,18,191,78769,155449477467,47713,11963115,deprecated,0xa9059cbb,"transfer(address _to, uint256 _value)",11547031
13514501,1635543081,0xa88dde5d3e7bd72b857607259663ed88f656724b2b4a0376c87404621cfe30fa,889,0x953fee039a86ca2a540ec1b122b7f8a6b4ec5f0353c1f35250a276e3d0e58dc1,0x26cdee4269273e1ea5dfac6b5791df2656897738,0xccc8cb5229b0ac8069c51fd58367fd1e622afd97,0x295685c8fe08d8192981d21ea1fe856a07443920,8500000000000000000000,Gods Unchained,GODS,18,252,174222,155449477467,110043,20424000,deprecated,0x18cbafe5,"swapExactTokensForETH(uint256 amountIn, uint256 amountOutMin, address[] path, address to, uint256 deadline)",11547031
13514503,1635543091,0x1b4754f4bb16a049b95145be786a09741693f2c3e0c831013e1d34ec38c3b660,120,0x4ab935956b4ca6b4946f049d5bc668c5adb82c97555446813cef81d5c1b472e7,0x3273b47cd24f798735e9d6e4a0fb853055873ecb,0xccc8cb5229b0ac8069c51fd58367fd1e622afd97,0x295685c8fe08d8192981d21ea1fe856a07443920,772703000000000000000,Gods Unchained,GODS,18,481,240016,160049448760,186705,27355532,deprecated,0x38ed1739,"swapExactTokensForTokens(uint256 amountIn, uint256 amountOutMin, address[] path, address to, uint256 deadline)",11547029
13514505,1635543125,0x463e8476486b405b2312837a7302c281a05feb60f5392bb7b34f899c0d5d1b2d,83950,0xf27152d9509bb46f13d49baa5a10bcc6e450397cffc3956c4ab884324fcd9b86,0x295685c8fe08d8192981d21ea1fe856a07443920,0xccc8cb5229b0ac8069c51fd58367fd1e622afd97,0x1d6e8bac6ea3730825bde4b005ed7b2b39a2932d,2177408440334038002833,Gods Unchained,GODS,18,0,500003,161112328100,87862,87862,deprecated,0xce370901,,11547027
13514505,1635543125,0xab43b7b2891a417bc0fc90404047d83c53e1aa1c1e4e7b3a0f157670def89f82,1343,0xf27152d9509bb46f13d49baa5a10bcc6e450397cffc3956c4ab884324fcd9b86,0x295685c8fe08d8192981d21ea1fe856a07443920,0xccc8cb5229b0ac8069c51fd58367fd1e622afd97,0xdd076a47a1675fef205816b6d28b7c183f968006,4556027289443975059904,Gods Unchained,GODS,18,1,211867,166112328100,153129,240991,deprecated,0x38ed1739,"swapExactTokensForTokens(uint256 amountIn, uint256 amountOutMin, address[] path, address to, uint256 deadline)",11547027
13514505,1635543125,0x84196dfc1e6b5efb1b16febf98463e737360a74d0db046858e678ba97988e372,83951,0xf27152d9509bb46f13d49baa5a10bcc6e450397cffc3956c4ab884324fcd9b86,0x1d6e8bac6ea3730825bde4b005ed7b2b39a2932d,0xccc8cb5229b0ac8069c51fd58367fd1e622afd97,0x295685c8fe08d8192981d21ea1fe856a07443920,2177408440334038002833,Gods Unchained,GODS,18,2,127784,1122044005964,77784,318775,deprecated,0xce370900,,11547027
13514505,1635543125,0x4de7744751f32a2ce8bd6c2f2968e2f8ea2132c2cab18fd9ff5b063826b2a8a4,19,0xf27152d9509bb46f13d49baa5a10bcc6e450397cffc3956c4ab884324fcd9b86,0x26b0393c7bb4cfb8cac81590d1364d94fbfe8369,0xccc8cb5229b0ac8069c51fd58367fd1e622afd97,0x2e05f3574a9ce929cd97e4dfe0fef5648eac4a4f,590000000000000000000,Gods Unchained,GODS,18,281,53119,162612328100,30613,19054730,deprecated,0xa9059cbb,"transfer(address _to, uint256 _value)",11547027
13514505,1635543125,0x1e65848e483ed1eab2caed3c25484df452d1d846591957d14deba2f07b1d2d46,98,0xf27152d9509bb46f13d49baa5a10bcc6e450397cffc3956c4ab884324fcd9b86,0x5fdcca53617f4d2b9134b29090c87d01058e27e9,0xccc8cb5229b0ac8069c51fd58367fd1e622afd97,0x70b88cc70ed86da444b145e7ae132a5d1a701dad,1429270000000000000000,Gods Unchained,GODS,18,317,98234,162612328100,91391,23084282,deprecated,0x441a3e70,"withdraw(uint256 _eth, uint256 _wei)",11547027
13514506,1635543141,0x263924a3ccb14486bf478bf67bb84203f953b863097393f1adbaf2f8ed494ca9,938,0x3ba4e751f31892d25002200af2792603c8e94dc2037f8f4bd9f1873c9989db44,0x5fdcca53617f4d2b9134b29090c87d01058e27e9,0xccc8cb5229b0ac8069c51fd58367fd1e622afd97,0xe3324cbacdc2dac1aeec60e70c831591e43da70c,987527600000000000000,Gods Unchained,GODS,18,345,98246,176565121891,91403,22476348,deprecated,0x441a3e70,"withdraw(uint256 _eth, uint256 _wei)",11547026
13514506,1635543141,0xb0b455686bb9e8c7497f67ec978567a95350a1f1a7ba45da01ba02cee27ab791,292,0x3ba4e751f31892d25002200af2792603c8e94dc2037f8f4bd9f1873c9989db44,0x1d053f931be526653d6a492aba4e6460e11eaa43,0xccc8cb5229b0ac8069c51fd58367fd1e622afd97,0x295685c8fe08d8192981d21ea1fe856a07443920,400000000000000000000,Gods Unchained,GODS,18,349,161535,176565121891,115791,22907206,deprecated,0x18cbafe5,"swapExactTokensForETH(uint256 amountIn, uint256 amountOutMin, address[] path, address to, uint256 deadline)",11547026
13514509,1635543228,0x0e1f9f5bfefd37079bf9699e74fcd351de62fe542add28714d003f5fa805e7b3,6,0x425c3ad42650cd0e2c4d2a8d38de91436eefcf4d1ac3a22174e83d24a9eeaf7d,0x5fdcca53617f4d2b9134b29090c87d01058e27e9,0xccc8cb5229b0ac8069c51fd58367fd1e622afd97,0xd0b4afe513ad3e4fcf4db2f76c41fe1737b36103,385356900000000000000,Gods Unchained,GODS,18,76,98246,223156196299,91403,5319367,deprecated,0x441a3e70,"withdraw(uint256 _eth, uint256 _wei)",11547023
13514509,1635543228,0xb1e750041d7bfeb13e748b0d7a7c7c052774148d28d3652fb45fdabfaf8b21a6,106,0x425c3ad42650cd0e2c4d2a8d38de91436eefcf4d1ac3a22174e83d24a9eeaf7d,0x5fdcca53617f4d2b9134b29090c87d01058e27e9,0xccc8cb5229b0ac8069c51fd58367fd1e622afd97,0xffaa9b864f22838a44916949a397b0ad068603b6,646320000000000000000,Gods Unchained,GODS,18,94,98246,223156196299,91403,6868323,deprecated,0x441a3e70,"withdraw(uint256 _eth, uint256 _wei)",11547023
13514511,1635543235,0xd5b5c93a26b47293559a3e57fe48c7fb94471c12835db797b05f7997a0ab38aa,3191,0x0197e7ef510c6d68ff800d710e72d61bf8b17d6ff6ecf71d23d037ad3ed1f8c1,0x295685c8fe08d8192981d21ea1fe856a07443920,0xccc8cb5229b0ac8069c51fd58367fd1e622afd97,0x1c012b03f1c2dea274d2eeeb566b0eeabfe3af1a,11496761247890415173875,Gods Unchained,GODS,18,49,151072,204000000000,122091,2683615,deprecated,0xd9627aa4,"sellToUniswap(address[] tokens, uint256 sellAmount, uint256 minBuyAmount, bool isSushi)",11547021
13514512,1635543242,0x96e6ec845e60226662fb5898511a4c2c70542a56b202e943e9958b6a52844bca,2,0x90b7fa0cff620689edab10260e249c1c2a0e34a7bd4467c1c761d02f85ce69b9,0x9136e459dcff2fae4834e330c95cad64ba767433,0xccc8cb5229b0ac8069c51fd58367fd1e622afd97,0x6cc5f688a315f3dc28a7781717a9a798a59fda7b,486999999999999999999,Gods Unchained,GODS,18,15,105000,248000000000,35437,1677308,deprecated,0xa9059cbb,"transfer(address _to, uint256 _value)",11547020
13514512,1635543242,0x59553e0bfa690759f91a67266ca0a200ffaf2807597694507021b085fee144ee,0,0x90b7fa0cff620689edab10260e249c1c2a0e34a7bd4467c1c761d02f85ce69b9,0xe1e6ad08c54116c69d9ae87e26578537116368f2,0xccc8cb5229b0ac8069c51fd58367fd1e622afd97,0x6cc5f688a315f3dc28a7781717a9a798a59fda7b,395404299999999999999,Gods Unchained,GODS,18,17,105000,248000000000,35437,1733745,deprecated,0xa9059cbb,"transfer(address _to, uint256 _value)",11547020
13514512,1635543242,0xce8fe176b330a054ce084927b8d176151d837b0e0193826ff492a833973f1e1a,1502,0x90b7fa0cff620689edab10260e249c1c2a0e34a7bd4467c1c761d02f85ce69b9,0xfeaa535d0c6f25c120709238f665eceae0772527,0xccc8cb5229b0ac8069c51fd58367fd1e622afd97,0x68d6493894f077bd6383807d5dcba96b6f6a633a,500000000000000000000,Gods Unchained,GODS,18,93,78769,193097654382,52513,8022941,deprecated,0xa9059cbb,"transfer(address _to, uint256 _value)",11547020
13514513,1635543257,0x6d8d47d6fa88baf67a19f59416cfe6cd1ba11aedbde4c8d95ecbdf89aba54e19,18,0xbbcd7c7ba84fa918d042439708f1df9429edc65c1c0c7d01345e99e2ed99b0de,0xdd076a47a1675fef205816b6d28b7c183f968006,0xccc8cb5229b0ac8069c51fd58367fd1e622afd97,0x6cc5f688a315f3dc28a7781717a9a798a59fda7b,4556027289443975059904,Gods Unchained,GODS,18,20,105000,248000000000,35437,1793029,deprecated,0xa9059cbb,"transfer(address _to, uint256 _value)",11547019
13514513,1635543257,0xa2ce0854692588bb61d4e867faa637c807a2b7da40c3393cf755ec6900fe41b9,373,0xbbcd7c7ba84fa918d042439708f1df9429edc65c1c0c7d01345e99e2ed99b0de,0x44e6ca301d6b18064f7752da5f60139ccd40e1b4,0xccc8cb5229b0ac8069c51fd58367fd1e622afd97,0x295685c8fe08d8192981d21ea1fe856a07443920,540000000000000000000,Gods Unchained,GODS,18,280,174193,189299273005,120579,13790790,deprecated,0x18cbafe5,"swapExactTokensForETH(uint256 amountIn, uint256 amountOutMin, address[] path, address to, uint256 deadline)",11547019
13514515,1635543288,0xa29689c428e5ea0f66822d7252333191fa09384517c607b0b8386ea969068227,290,0x38b507bc53409a27f55b61da8185906f01d34d5659d8736406e0bdf099658ac8,0x5fdcca53617f4d2b9134b29090c87d01058e27e9,0xccc8cb5229b0ac8069c51fd58367fd1e622afd97,0x7f540b2c9ed9eac62d06970b4fa3ecbf38dca502,391830400000000000000,Gods Unchained,GODS,18,117,98246,186235984284,91403,6742667,deprecated,0x441a3e70,"withdraw(uint256 _eth, uint256 _wei)",11547017
13514518,1635543300,0x49bf2c26d45fd7bd0404369c1eb5bfda8a9a6b1742d77e56cd8d351f86597df6,53,0x6d92698ddba8b2a41ccc6daa688cca867abf6bd3ed2d3c37eeb1a8199f8f625a,0x5314d31b61242506226bd8f80231527e52109431,0xccc8cb5229b0ac8069c51fd58367fd1e622afd97,0x2fb8e92575e50d9092704318881d46eb1b144ed8,384547700000000000000,Gods Unchained,GODS,18,283,53137,163527739652,30625,16327085,deprecated,0xa9059cbb,"transfer(address _to, uint256 _value)",11547014
13514521,1635543364,0xb0f28df80ac1d3515484bf334add9c241f7e6794cb073abe3dfa021b14576721,939,0x6a5679c36e0dc90acb8ec418bde7b8c22b45bbd06969676f8d43cd634b5dc961,0xe3324cbacdc2dac1aeec60e70c831591e43da70c,0xccc8cb5229b0ac8069c51fd58367fd1e622afd97,0x311dc62659c403c86eddce85c0a0d35bd3d70a96,987527600000000000000,Gods Unchained,GODS,18,197,78769,174906384917,47713,14536252,deprecated,0xa9059cbb,"transfer(address _to, uint256 _value)",11547011
13514522,1635543370,0xf207598eb8650196e08dafa92c7111c0b084f8fe6c133b311a274fe64aef7a3d,0,0x8222f339b8601324b24a792720f4f7420cd729266389b18181476e5b0db6c7e2,0x2e05f3574a9ce929cd97e4dfe0fef5648eac4a4f,0xccc8cb5229b0ac8069c51fd58367fd1e622afd97,0x6cc5f688a315f3dc28a7781717a9a798a59fda7b,599999999999999999999,Gods Unchained,GODS,18,20,105000,226000000000,35437,596070,deprecated,0xa9059cbb,"transfer(address _to, uint256 _value)",11547010
13514522,1635543370,0x57ac97932def4eb08472150e99cf17dc99d7f5d15a81bbda32a55527b88f5e38,0,0x8222f339b8601324b24a792720f4f7420cd729266389b18181476e5b0db6c7e2,0x68d6493894f077bd6383807d5dcba96b6f6a633a,0xccc8cb5229b0ac8069c51fd58367fd1e622afd97,0x6cc5f688a315f3dc28a7781717a9a798a59fda7b,499999999999999999999,Gods Unchained,GODS,18,21,105000,226000000000,35437,631507,deprecated,0xa9059cbb,"transfer(address _to, uint256 _value)",11547010
13514522,1635543370,0x40a51a9687dfb94730b3500fc748a961cbc6922cf8acf4ecf03756b057a64b48,58,0x8222f339b8601324b24a792720f4f7420cd729266389b18181476e5b0db6c7e2,0x300ef369708d850446dfde4c1c14d70e358d31cc,0xccc8cb5229b0ac8069c51fd58367fd1e622afd97,0xb98a018605ad7b706910da65c5a950e49a85a5b5,383671100000000000000,Gods Unchained,GODS,18,92,78787,193156899745,47725,3308432,deprecated,0xa9059cbb,"transfer(address _to, uint256 _value)",11547010
13514522,1635543370,0x7663605bb85ffccd1fb43dec4c9e8c4c01a150e1535690cdd09ee715ba501b20,750,0x8222f339b8601324b24a792720f4f7420cd729266389b18181476e5b0db6c7e2,0x5adf6aae21988a5cc833997851710ab1ca54fe59,0xccc8cb5229b0ac8069c51fd58367fd1e622afd97,0x295685c8fe08d8192981d21ea1fe856a07443920,1723382000000000000000,Gods Unchained,GODS,18,103,174207,193156899745,115791,4018644,deprecated,0x18cbafe5,"swapExactTokensForETH(uint256 amountIn, uint256 amountOutMin, address[] path, address to, uint256 deadline)",11547010
13514523,1635543392,0x935c8a9af152e6b1bdfd57d5fa5907107c3b5cba4304ce1fb2a9c7d4ae4db003,80,0x52148b4182a4c3f6f977bbb1049473d300b201ddc097326188fcce2010ce420e,0xa027b5f28f540c2879c10c59440bcbd04dc48b00,0xccc8cb5229b0ac8069c51fd58367fd1e622afd97,0x0bded521a7822d2d25e63860c86abe48065ff2cd,400000000000000000000,Gods Unchained,GODS,18,180,78769,178734102353,47713,11421802,deprecated,0xa9059cbb,"transfer(address _to, uint256 _value)",11547009
13514526,1635543425,0xbbb78033f93f9cc81a611d0e4d802023b0816c310530923b10524497b97ad8c9,109,0x210003d2b1fd429c9dfb2400a911f81f5664f190afd00049ec89de80a407bf3a,0xffaa9b864f22838a44916949a397b0ad068603b6,0xccc8cb5229b0ac8069c51fd58367fd1e622afd97,0x295685c8fe08d8192981d21ea1fe856a07443920,646320000000000000000,Gods Unchained,GODS,18,365,174207,168858379425,115791,28299861,deprecated,0x18cbafe5,"swapExactTokensForETH(uint256 amountIn, uint256 amountOutMin, address[] path, address to, uint256 deadline)",11547006
13514527,1635543445,0xbbb1283b4928e7bedba55344759bc2feee2c418015db1110033c19a717449ce0,1054,0x4ebf01494bfc41717a4cf4a4dd631ba8edbf35a069be877e8c860a8a9335b106,0x899293bb3c021cc95d29acd060da74dbe54d14bb,0xccc8cb5229b0ac8069c51fd58367fd1e622afd97,0x295685c8fe08d8192981d21ea1fe856a07443920,2326733000000000000000,Gods Unchained,GODS,18,301,161550,189825093559,115803,18421470,deprecated,0x18cbafe5,"swapExactTokensForETH(uint256 amountIn, uint256 amountOutMin, address[] path, address to, uint256 deadline)",11547005
13514530,1635543501,0xc502588996e0cfbb1ceea035b42683c596e9cd2400b62ddb9d99e3f668a5d51d,0,0xf61720a698bcab8587472bdd3a9454230ec348e23c00460e8bb2e120ede2e19f,0x0bded521a7822d2d25e63860c86abe48065ff2cd,0xccc8cb5229b0ac8069c51fd58367fd1e622afd97,0x6cc5f688a315f3dc28a7781717a9a798a59fda7b,399999999999999999999,Gods Unchained,GODS,18,25,105000,216000000000,35437,2218452,deprecated,0xa9059cbb,"transfer(address _to, uint256 _value)",11547002
13514530,1635543501,0x86f4cbfae77aecbe57ead33acd47e5fd4c340a1849e1e90fd638de52b1b37e1d,0,0xf61720a698bcab8587472bdd3a9454230ec348e23c00460e8bb2e120ede2e19f,0x311dc62659c403c86eddce85c0a0d35bd3d70a96,0xccc8cb5229b0ac8069c51fd58367fd1e622afd97,0x6cc5f688a315f3dc28a7781717a9a798a59fda7b,987527599999999999999,Gods Unchained,GODS,18,27,105000,214000000000,35437,2274889,deprecated,0xa9059cbb,"transfer(address _to, uint256 _value)",11547002
13514530,1635543501,0x69979cda35e679ec7afd524e9ba673677425c573684cef94cdede4fc54f5d03b,368,0xf61720a698bcab8587472bdd3a9454230ec348e23c00460e8bb2e120ede2e19f,0x5fdcca53617f4d2b9134b29090c87d01058e27e9,0xccc8cb5229b0ac8069c51fd58367fd1e622afd97,0xf4775496624c382f74adbae79c5780f353b1f83b,1136000000000000000000,Gods Unchained,GODS,18,106,98246,184691992886,91403,7300781,deprecated,0x441a3e70,"withdraw(uint256 _eth, uint256 _wei)",11547002
13514531,1635543502,0xa6f7fb39ae6444dee52f96688dd1b8901d91754d6b0680b86431713fd34096c0,0,0x4033430a50fefb28cb6986779121f890c66adb0907cce7137347bb4a0d1c9fa5,0xb98a018605ad7b706910da65c5a950e49a85a5b5,0xccc8cb5229b0ac8069c51fd58367fd1e622afd97,0x6cc5f688a315f3dc28a7781717a9a798a59fda7b,383671099999999999999,Gods Unchained,GODS,18,18,105000,214000000000,35437,1356206,deprecated,0xa9059cbb,"transfer(address _to, uint256 _value)",11547001
13514531,1635543502,0xbc23cd625ec62371731f83f323907e988934bf8957f308365b6b2d204c24826e,1,0x4033430a50fefb28cb6986779121f890c66adb0907cce7137347bb4a0d1c9fa5,0x2fb8e92575e50d9092704318881d46eb1b144ed8,0xccc8cb5229b0ac8069c51fd58367fd1e622afd97,0x6cc5f688a315f3dc28a7781717a9a798a59fda7b,384547700000000000000,Gods Unchained,GODS,18,19,105000,214000000000,35425,1391631,deprecated,0xa9059cbb,"transfer(address _to, uint256 _value)",11547001
13514533,1635543509,0xfdfbcd78c4d0b67ac874d77f8e981ed61a1a24ccce64e716d3a4207bfc078f44,1159,0x706cbddd3564b42a44385fde5c3111badf6a35ee060dcd8a5e25f8bd0d55a833,0x5fdcca53617f4d2b9134b29090c87d01058e27e9,0xccc8cb5229b0ac8069c51fd58367fd1e622afd97,0x4b355e7c632cd3eb3badc3115c29c78e5aeff51e,3228776000000000000000,Gods Unchained,GODS,18,138,98246,156861812036,91403,8086706,deprecated,0x441a3e70,"withdraw(uint256 _eth, uint256 _wei)",11546999
13514536,1635543565,0xf0cb1bc7add80dd50aa2a6164834673984aef9fe58595e515789cd115068d54e,3561,0xb163ed0d94defb78e768c933ea25f7c35482f80fb047e41555a8c72685c2b89f,0x5fdcca53617f4d2b9134b29090c87d01058e27e9,0xccc8cb5229b0ac8069c51fd58367fd1e622afd97,0xc78c5564333bfc50172904cdf484952e0576cfd9,3645946000000000000000,Gods Unchained,GODS,18,131,98246,157947535541,91403,8287316,deprecated,0x441a3e70,"withdraw(uint256 _eth, uint256 _wei)",11546996
13514536,1635543565,0xbe54e2ebeea9ba468dc17f261092b400f9831ba7ab97f0ebbaf84bcc2344a263,13,0xb163ed0d94defb78e768c933ea25f7c35482f80fb047e41555a8c72685c2b89f,0xbbe2a265863b6eeddc891deacf947ac555c36985,0xccc8cb5229b0ac8069c51fd58367fd1e622afd97,0x295685c8fe08d8192981d21ea1fe856a07443920,500000000000000000000,Gods Unchained,GODS,18,299,174207,157829335541,115791,21003100,deprecated,0x18cbafe5,"swapExactTokensForETH(uint256 amountIn, uint256 amountOutMin, address[] path, address to, uint256 deadline)",11546996
13514537,1635543573,0xac46e64c6259cf583db3ca51d57bddf27f2a68ff1943c2b56fb96130ed9b7ce6,291,0x38b414a1aa779ff467a8c1ec764d701061d71a3069725e61260517c16fde2691,0x7f540b2c9ed9eac62d06970b4fa3ecbf38dca502,0xccc8cb5229b0ac8069c51fd58367fd1e622afd97,0x9df32b5c581b14535aa641c80efa139303221fa6,391830400000000000000,Gods Unchained,GODS,18,109,78769,177253407063,47713,7898756,deprecated,0xa9059cbb,"transfer(address _to, uint256 _value)",11546995
13514541,1635543605,0xc570837c20c46b0093d2df5dcb9ab56765fc939f02627e2834dd1068b56510d5,501,0x2c9d18c6cc639f3d394bd3a6aaec899ae11e9029233ce99977ea0831a6689b1a,0x295685c8fe08d8192981d21ea1fe856a07443920,0xccc8cb5229b0ac8069c51fd58367fd1e622afd97,0xe6fecb2c5b470b4970fc0f307385350abe86877d,810964148819167174863,Gods Unchained,GODS,18,137,154940,143270989336,103881,12726506,deprecated,0x7ff36ab5,"swapExactETHForTokens(uint256 amountOutMin, address[] path, address to, uint256 deadline)",11546991
13514541,1635543605,0x648c62f36083b2e29758b1f3790d7b783d362fc50bb6def95fad9ccc9942b736,49,0x2c9d18c6cc639f3d394bd3a6aaec899ae11e9029233ce99977ea0831a6689b1a,0x5fdcca53617f4d2b9134b29090c87d01058e27e9,0xccc8cb5229b0ac8069c51fd58367fd1e622afd97,0xc72cc04d9b61711f958deb5ed3338bef86f7ae95,383630000000000000000,Gods Unchained,GODS,18,196,98234,142855643336,91391,22309392,deprecated,0x441a3e70,"withdraw(uint256 _eth, uint256 _wei)",11546991
13514543,1635543638,0x99f06452fe2e2bb603dcf9e35828ee1e02d4db3ab753cf1bf15184d3635a2215,155336,0x1c4c47efbbc9bb7dc3faa558d848e2f69e59790742c5abb79459e3eefdfd03a8,0x295685c8fe08d8192981d21ea1fe856a07443920,0xccc8cb5229b0ac8069c51fd58367fd1e622afd97,0x0000006daea1723962647b7e189d311d757fb793,7296873580485081816890,Gods Unchained,GODS,18,20,320000,226015211199,126503,1027271,deprecated,0x178979ae,,11546989
13514543,1635543638,0xd4671f9cd0109f280cd2b1b811c7f1c607dfd28e4a42a2eede1e11f4018da90a,183,0x1c4c47efbbc9bb7dc3faa558d848e2f69e59790742c5abb79459e3eefdfd03a8,0x5127c8d44affc893f7cc169091f74cea1fa4f6cb,0xccc8cb5229b0ac8069c51fd58367fd1e622afd97,0x295685c8fe08d8192981d21ea1fe856a07443920,407744400000000000000,Gods Unchained,GODS,18,192,161535,173345944782,106185,12350752,deprecated,0x18cbafe5,"swapExactTokensForETH(uint256 amountIn, uint256 amountOutMin, address[] path, address to, uint256 deadline)",11546989
13514543,1635543638,0x27347673bb6e195cf0821b4c466c397ee405a63c68578c9409cb13f9b51efcbf,973,0x1c4c47efbbc9bb7dc3faa558d848e2f69e59790742c5abb79459e3eefdfd03a8,0x5fdcca53617f4d2b9134b29090c87d01058e27e9,0xccc8cb5229b0ac8069c51fd58367fd1e622afd97,0x169efe5ffa1011fd90ee8438785e49066ed8ed31,2363956000000000000000,Gods Unchained,GODS,18,198,98234,173128476731,91391,12938527,deprecated,0x441a3e70,"withdraw(uint256 _eth, uint256 _wei)",11546989
13514543,1635543638,0xbc74379348d29f1fe4c391bc3c6b239fc413ef11d7aaca21750e6745472e2704,974,0x1c4c47efbbc9bb7dc3faa558d848e2f69e59790742c5abb79459e3eefdfd03a8,0x5fdcca53617f4d2b9134b29090c87d01058e27e9,0xccc8cb5229b0ac8069c51fd58367fd1e622afd97,0x169efe5ffa1011fd90ee8438785e49066ed8ed31,0,Gods Unchained,GODS,18,199,98230,173180476731,70691,13009218,deprecated,0x441a3e70,"withdraw(uint256 _eth, uint256 _wei)",11546989
13514545,1635543659,0x70c64e3d298a275d81fe4df82b2272ae7438bee2c4b195571e806a50344d5f42,111,0xf1c3154e752fad0cd5b2aec49bd1aee6088a5c720795667230f369232afaff7f,0xb3d8bfee35c6272095db789b6eaa45ac2fb571b1,0xccc8cb5229b0ac8069c51fd58367fd1e622afd97,0x295685c8fe08d8192981d21ea1fe856a07443920,383805900000000000000,Gods Unchained,GODS,18,313,222700,157830158352,172502,21319633,deprecated,0x38ed1739,"swapExactTokensForTokens(uint256 amountIn, uint256 amountOutMin, address[] path, address to, uint256 deadline)",11546987
13514547,1635543689,0xb84a392f36315100bfd864cf9808db69808041d27ae3ed74ac4ec4001faada57,101,0x6abcba83bdd00cf3c3104ae36d2737f287e528be1a9c44852e463f7f6e4ad09c,0x70b88cc70ed86da444b145e7ae132a5d1a701dad,0xccc8cb5229b0ac8069c51fd58367fd1e622afd97,0x295685c8fe08d8192981d21ea1fe856a07443920,1429270000000000000000,Gods Unchained,GODS,18,288,150393,172191852094,107919,16686146,deprecated,0x2e95b6c8,"unoswap(address srcToken, uint256 amount, uint256 minReturn, bytes32[])",11546985
13514547,1635543689,0x04a9c5151d5af3e2cf7a5debce5c2b5a9517507ac7d7aded7742d70494658526,1161,0x6abcba83bdd00cf3c3104ae36d2737f287e528be1a9c44852e463f7f6e4ad09c,0x4b355e7c632cd3eb3badc3115c29c78e5aeff51e,0xccc8cb5229b0ac8069c51fd58367fd1e622afd97,0x295685c8fe08d8192981d21ea1fe856a07443920,3228776000000000000000,Gods Unchained,GODS,18,328,174207,168303885529,106185,21145406,deprecated,0x18cbafe5,"swapExactTokensForETH(uint256 amountIn, uint256 amountOutMin, address[] path, address to, uint256 deadline)",11546985
13514548,1635543727,0x365575871c7e8e18813a8f6d116d227a7b03b86845d4af667918a71234aed3a4,369,0x5258933b04e6e01bceaaa789346d59e3c1297a3177a8839aa40443832948dc76,0xf4775496624c382f74adbae79c5780f353b1f83b,0xccc8cb5229b0ac8069c51fd58367fd1e622afd97,0x5b864557edace445e5c5f6ea78dda718bf432948,1136000000000000000000,Gods Unchained,GODS,18,55,78769,189074072546,47713,3872246,deprecated,0xa9059cbb,"transfer(address _to, uint256 _value)",11546984
13514548,1635543727,0xc8c3651ee32124a24a96b55d3bea4b19989dcf3254fa11efd185ab2fe9ceac1d,501,0x5258933b04e6e01bceaaa789346d59e3c1297a3177a8839aa40443832948dc76,0x6319f3563897f889b0a6ca45c9be588696215a16,0xccc8cb5229b0ac8069c51fd58367fd1e622afd97,0x295685c8fe08d8192981d21ea1fe856a07443920,1188745000000000000000,Gods Unchained,GODS,18,121,174222,188740016555,115803,9745274,deprecated,0x18cbafe5,"swapExactTokensForETH(uint256 amountIn, uint256 amountOutMin, address[] path, address to, uint256 deadline)",11546984
13514549,1635543735,0xed5d6ddb92d7ed4dd0d3e3319c555dd7e9490ba379d8f1630f9020ba5c413027,0,0x53e8c14b5d81d47d3815c55a62d75978721bbe25a2f17c6551fb223734ccb09b,0x9df32b5c581b14535aa641c80efa139303221fa6,0xccc8cb5229b0ac8069c51fd58367fd1e622afd97,0x6cc5f688a315f3dc28a7781717a9a798a59fda7b,391830399999999999999,Gods Unchained,GODS,18,32,105000,193000000000,35437,2257099,deprecated,0xa9059cbb,"transfer(address _to, uint256 _value)",11546983
13514551,1635543751,0x068d1241720eb105c1c873c6edb5938bf4dffbca5f012ff3dad7ac67e8d5201a,15266,0xaba8b4f78f2fbaff8234b439c926489265e5533318e90bf4dec0cc2b1227944a,0x5fdcca53617f4d2b9134b29090c87d01058e27e9,0xccc8cb5229b0ac8069c51fd58367fd1e622afd97,0x8fc339425b2c5be02035c00ef311fda7d1fa9ab7,448945600000000000000,Gods Unchained,GODS,18,159,98234,176661710843,91391,9402444,deprecated,0x441a3e70,"withdraw(uint256 _eth, uint256 _wei)",11546981
13514553,1635543769,0x66302643a90f9072ddf85b3f77789de2ae16ae0c5ebd3d8876355e3d35eb2390,262,0x7d6df4db3e79cfbc55f6b7a7490aa10b6288fdf9c1a349b37dfd02346db5ed1c,0x5fdcca53617f4d2b9134b29090c87d01058e27e9,0xccc8cb5229b0ac8069c51fd58367fd1e622afd97,0xa4bd0ec4dd0f92c3e3cd9e431bb9085b0dc631a6,480000000000000000000,Gods Unchained,GODS,18,333,98234,157639039368,91391,26833579,deprecated,0x441a3e70,"withdraw(uint256 _eth, uint256 _wei)",11546979
13514554,1635543787,0xd3f4a121929f7eab17e1da765c20744afdaf45cb15462ba9708ee808a42a0527,43,0x03e6631dfd358e33d9d652b5082c55a5ba766c455a7792a2b51985e47448fb91,0x5fdcca53617f4d2b9134b29090c87d01058e27e9,0xccc8cb5229b0ac8069c51fd58367fd1e622afd97,0xf9895c33e0c18a9b3831c20f7d7939dd23a1fdf0,383500000000000000000,Gods Unchained,GODS,18,260,98246,176983452761,91403,13805359,deprecated,0x441a3e70,"withdraw(uint256 _eth, uint256 _wei)",11546978
13514556,1635543812,0x2571c8ec5e0352f91be1d02a2cc55f89749ec28d63837b65f852f66d25ff8fc0,33,0xdf6927e7942ebcc33eec2cea555a6209e3d024b0589a6e89d4c83948b82e61c8,0x5fdcca53617f4d2b9134b29090c87d01058e27e9,0xccc8cb5229b0ac8069c51fd58367fd1e622afd97,0xbde2acb8f30cfd7a2d992034ed7a8757a50cbf91,383500000000000000000,Gods Unchained,GODS,18,364,98246,168893384614,91403,27316494,deprecated,0x441a3e70,"withdraw(uint256 _eth, uint256 _wei)",11546976
13514556,1635543812,0x92221c2716f70275af78ad7e170bfd277370533273f1cd2a3b9686e274217387,21,0xdf6927e7942ebcc33eec2cea555a6209e3d024b0589a6e89d4c83948b82e61c8,0x5fdcca53617f4d2b9134b29090c87d01058e27e9,0xccc8cb5229b0ac8069c51fd58367fd1e622afd97,0xe08a68abfba02b4e66ee23acbf583717abb1ef56,383000000000000000000,Gods Unchained,GODS,18,396,98246,168843406294,91403,29989720,deprecated,0x441a3e70,"withdraw(uint256 _eth, uint256 _wei)",11546976
13514559,1635543867,0x119b230141056d2ecce9c80bbfffe9294231ce5b9da3ff49da7a296897cd1e7b,15202,0xb08c0bc6d9e5070efea38396eb2232de281a6869869135853a91cb7730e3d11b,0x295685c8fe08d8192981d21ea1fe856a07443920,0xccc8cb5229b0ac8069c51fd58367fd1e622afd97,0x000000005736775feb0c8568e7dee77222a26880,336264064909721390443,Gods Unchained,GODS,18,1,500000,184569489517,88356,202261,deprecated,0x00000001,relay1GsWnfsIQROy(),11546973
13514559,1635543867,0x46a1cd92ca39d63183e46cb991cdf104e0da37c5dec30e981492e66d36cf091f,13,0xb08c0bc6d9e5070efea38396eb2232de281a6869869135853a91cb7730e3d11b,0x295685c8fe08d8192981d21ea1fe856a07443920,0xccc8cb5229b0ac8069c51fd58367fd1e622afd97,0x99fb3aa6c9c1595ac962884c751f45a5815f126f,8377945754080843363397,Gods Unchained,GODS,18,2,136523,188000000000,107805,310066,deprecated,0xd9627aa4,"sellToUniswap(address[] tokens, uint256 sellAmount, uint256 minBuyAmount, bool isSushi)",11546973
13514559,1635543867,0x14983252dce97354d98e221748198dcfa7a3065e8cad91f1c26eeefa4b32efae,15203,0xb08c0bc6d9e5070efea38396eb2232de281a6869869135853a91cb7730e3d11b,0x000000005736775feb0c8568e7dee77222a26880,0xccc8cb5229b0ac8069c51fd58367fd1e622afd97,0x295685c8fe08d8192981d21ea1fe856a07443920,336264064909721390442,Gods Unchained,GODS,18,3,500000,305462785986,78017,388083,deprecated,0x00000001,relay1GsWnfsIQROy(),11546973
13514560,1635543874,0x51551c6e795743fd175d4da1f95b5340dbabee8a38be420bc3874ae0854a0bd3,615,0xf413b9387de66c274a8cc030e87f2710ed7fdbd64de6be9c270c79b1cff9fea6,0x5fdcca53617f4d2b9134b29090c87d01058e27e9,0xccc8cb5229b0ac8069c51fd58367fd1e622afd97,0x06922d1c9181efa2fbbe20fda576ff40fcf9abcc,1088001000000000000000,Gods Unchained,GODS,18,234,98234,173743694263,91391,15535884,deprecated,0x441a3e70,"withdraw(uint256 _eth, uint256 _wei)",11546972
13514561,1635543890,0x968fd8d512f6c86346578f3f28c38a820493b106edde364c65a1b8503620a841,155339,0xd7ad72b58a1532436bbf74286b0deb0e4304b36b103f2233bf0a90a6b3a97988,0x0000006daea1723962647b7e189d311d757fb793,0xccc8cb5229b0ac8069c51fd58367fd1e622afd97,0x295685c8fe08d8192981d21ea1fe856a07443920,7122230150551992742869,Gods Unchained,GODS,18,2,320000,238023859807,136649,615033,deprecated,0x178979ae,,11546971
13514562,1635543905,0x04b739fc995642dec2591983edd8e6c1028d7c1065d03fc9b75670184983871b,19,0x838376e40203b102a6ac37db7889bedb99a8b822b30eb6d6c12803d2db3430ea,0x5fdcca53617f4d2b9134b29090c87d01058e27e9,0xccc8cb5229b0ac8069c51fd58367fd1e622afd97,0x9da6c19139a2e01f5d250c9c11a41997533d5435,384075710000000000000,Gods Unchained,GODS,18,67,98234,194697025809,91391,4273073,deprecated,0x441a3e70,"withdraw(uint256 _eth, uint256 _wei)",11546970
13514563,1635543927,0xbc1eec6a805738ebda33fe12fd0b1206d2b7dbbef64131944f360e6b787ca85d,98,0xd2a8945418b36c0414373e51ac49fd2e34ebe1aabdbab19aa74b886836128cec,0x5fdcca53617f4d2b9134b29090c87d01058e27e9,0xccc8cb5229b0ac8069c51fd58367fd1e622afd97,0x579b2ec3219a54edc1f9b59a07c412a0fb6ba5fe,380000000000000000000,Gods Unchained,GODS,18,345,98246,180836510405,91403,22656318,deprecated,0x441a3e70,"withdraw(uint256 _eth, uint256 _wei)",11546969
13514566,1635543941,0xbe17e8585504dcf47fbd35b10553b5191918b4242edb93707a5b2ac05628e023,34,0xf6690bc9d23c195f199af3bab6c1e9fcccf3feefbfbb753ee16d7a892230d3e4,0x5fdcca53617f4d2b9134b29090c87d01058e27e9,0xccc8cb5229b0ac8069c51fd58367fd1e622afd97,0x80dace7c79ecbdbe6b8b7e339bbf2f44576797d4,383500000000000000000,Gods Unchained,GODS,18,153,98246,158402647249,91403,7656932,deprecated,0x441a3e70,"withdraw(uint256 _eth, uint256 _wei)",11546966
13514568,1635543958,0x1f8334e63859dbc0a2a31f15306f4f484e43826cc65c1f67e627a514606c62b4,149,0x2e074e39ecb87e8137b4d12fb4c29188fb5e393fd5343f3fa077ecbd5d36e804,0x5fdcca53617f4d2b9134b29090c87d01058e27e9,0xccc8cb5229b0ac8069c51fd58367fd1e622afd97,0xbc0a8a9c8679b324e541d01dc75d739de8c94ef8,401600000000000000000,Gods Unchained,GODS,18,139,98246,146994617836,91403,8398642,deprecated,0x441a3e70,"withdraw(uint256 _eth, uint256 _wei)",11546964
13514568,1635543958,0xf51e975ecb3b190dba5540c136f9ac4f480cd8d8e24b854eca36e24eb6b019e9,893,0x2e074e39ecb87e8137b4d12fb4c29188fb5e393fd5343f3fa077ecbd5d36e804,0x26cdee4269273e1ea5dfac6b5791df2656897738,0xccc8cb5229b0ac8069c51fd58367fd1e622afd97,0x295685c8fe08d8192981d21ea1fe856a07443920,8000000000000000000000,Gods Unchained,GODS,18,159,174207,146844636503,120591,10441439,deprecated,0x18cbafe5,"swapExactTokensForETH(uint256 amountIn, uint256 amountOutMin, address[] path, address to, uint256 deadline)",11546964
13514568,1635543958,0x645beca66ad3f8f24ed86bd86c97b7cd8feb8d4734a2a020af004a8f08d07906,35,0x2e074e39ecb87e8137b4d12fb4c29188fb5e393fd5343f3fa077ecbd5d36e804,0x5fdcca53617f4d2b9134b29090c87d01058e27e9,0xccc8cb5229b0ac8069c51fd58367fd1e622afd97,0xf9a15a4c7106f6dee27be62cefdf8abce04249a3,383500000000000000000,Gods Unchained,GODS,18,163,98246,146844636503,91403,10928361,deprecated,0x441a3e70,"withdraw(uint256 _eth, uint256 _wei)",11546964
13514570,1635543976,0x1b3b5870d18144dde3c5bcb9d03da60dbf754ddfa364f31e8f18a89671a02617,4597,0x0300a651e3e035aa417fee5f4d90e1d34f3692f5fcac43883b64fe367c69094a,0x295685c8fe08d8192981d21ea1fe856a07443920,0xccc8cb5229b0ac8069c51fd58367fd1e622afd97,0xa335ade338308b8e071cf2c8f3ca5e50f6563c60,6692628949229372574430,Gods Unchained,GODS,18,4,211883,186000000000,184068,711853,deprecated,0xd9627aa4,"sellToUniswap(address[] tokens, uint256 sellAmount, uint256 minBuyAmount, bool isSushi)",11546962
13514570,1635543976,0xf4e92a2fce392b996d8d52f3db6a267b40706c80a8e2f448d3ce4706dbb643b9,0,0x0300a651e3e035aa417fee5f4d90e1d34f3692f5fcac43883b64fe367c69094a,0x5b864557edace445e5c5f6ea78dda718bf432948,0xccc8cb5229b0ac8069c51fd58367fd1e622afd97,0x6cc5f688a315f3dc28a7781717a9a798a59fda7b,1135999999999999999999,Gods Unchained,GODS,18,14,105000,213000000000,35437,1757935,deprecated,0xa9059cbb,"transfer(address _to, uint256 _value)",11546962
13514572,1635543995,0xf38159294883366e728b243fe0da9cf6ba774930529683d7f0a64434dbcbbbde,4598,0x5f424867fff23f1243bd2daf8242ded2657e2256635959a1587c76dfc2e2c290,0xa335ade338308b8e071cf2c8f3ca5e50f6563c60,0xccc8cb5229b0ac8069c51fd58367fd1e622afd97,0x35c32e3f463fce305d99fc2774675b589148cd53,6692628949229372574430,Gods Unchained,GODS,18,126,53173,149314799136,30649,9152497,deprecated,0xa9059cbb,"transfer(address _to, uint256 _value)",11546960
13514572,1635543995,0xc05cb9d74a6adf493e6d4f74dcfd2f7f478407e83d742c07ba0cb21445f9a16c,215,0x5f424867fff23f1243bd2daf8242ded2657e2256635959a1587c76dfc2e2c290,0xbf598b7a1d3c3f3d34c9b6430bf6325cf8397aba,0xccc8cb5229b0ac8069c51fd58367fd1e622afd97,0xcfef5460d00505c5726a3107afb24fe9eb42bd7a,1707671000000000000000,Gods Unchained,GODS,18,260,78787,148707645278,47725,19772740,deprecated,0xa9059cbb,"transfer(address _to, uint256 _value)",11546960
13514572,1635543995,0xe4afbbbf21b224c57aeb417296b9f29db5d0f1d3bba3f18b3b264e1f71353b3e,22,0x5f424867fff23f1243bd2daf8242ded2657e2256635959a1587c76dfc2e2c290,0xe08a68abfba02b4e66ee23acbf583717abb1ef56,0xccc8cb5229b0ac8069c51fd58367fd1e622afd97,0xd523364f3e9f766d084458392de3feeffbcccd39,383000000000000000000,Gods Unchained,GODS,18,261,78769,148707645278,47713,19820453,deprecated,0xa9059cbb,"transfer(address _to, uint256 _value)",11546960
13514572,1635543995,0x03db4a74aee91313b4eaf48539e3beacf923e950ef648c17a7afb0ab948fe28c,16,0x5f424867fff23f1243bd2daf8242ded2657e2256635959a1587c76dfc2e2c290,0x5fdcca53617f4d2b9134b29090c87d01058e27e9,0xccc8cb5229b0ac8069c51fd58367fd1e622afd97,0x6b9b3e6ba9e9a132c4fca35e61a4a7d26cdc8abc,383600000000000000000,Gods Unchained,GODS,18,348,98246,148659166308,91403,29781914,deprecated,0x441a3e70,"withdraw(uint256 _eth, uint256 _wei)",11546960
13514575,1635544030,0xa3d1f190409a7e17ccc0896f60aa91cfc5710dc670243c4b21ee6a93089c960c,20,0xd75d0cd1212f7f2b67b32cec6df37b7799467e1072e37dcf367eb564b7fa5899,0x35c32e3f463fce305d99fc2774675b589148cd53,0xccc8cb5229b0ac8069c51fd58367fd1e622afd97,0x6cc5f688a315f3dc28a7781717a9a798a59fda7b,6692628949229372574430,Gods Unchained,GODS,18,74,105000,203000000000,35449,3692499,deprecated,0xa9059cbb,"transfer(address _to, uint256 _value)",11546957
13514575,1635544030,0x1fbeeea2216cf6fe62a4887aeb56fbbdf12417ce211907fdb0022d5ae342403e,0,0xd75d0cd1212f7f2b67b32cec6df37b7799467e1072e37dcf367eb564b7fa5899,0xcfef5460d00505c5726a3107afb24fe9eb42bd7a,0xccc8cb5229b0ac8069c51fd58367fd1e622afd97,0x6cc5f688a315f3dc28a7781717a9a798a59fda7b,1707670999999999999999,Gods Unchained,GODS,18,75,105000,203000000000,35437,3727936,deprecated,0xa9059cbb,"transfer(address _to, uint256 _value)",11546957
13514575,1635544030,0x2add4764dd0dde57827674cc1ba80ffdd98703df04050a77533ab24918f99006,0,0xd75d0cd1212f7f2b67b32cec6df37b7799467e1072e37dcf367eb564b7fa5899,0xd523364f3e9f766d084458392de3feeffbcccd39,0xccc8cb5229b0ac8069c51fd58367fd1e622afd97,0x6cc5f688a315f3dc28a7781717a9a798a59fda7b,382999999999999999999,Gods Unchained,GODS,18,76,105000,203000000000,35437,3763373,deprecated,0xa9059cbb,"transfer(address _to, uint256 _value)",11546957
13514576,1635544055,0x5edf406a239cb665830a43b10e04b4337a06048f54bff4c19998296b4b4c7c74,21,0xecc2660f2d700b614157551502cbd8b887aff9c493ad39cf8d9ab178fda965bc,0x5fdcca53617f4d2b9134b29090c87d01058e27e9,0xccc8cb5229b0ac8069c51fd58367fd1e622afd97,0x3ad5e970fa44c05daf9df2d232feb88b0639536e,383400000000000000000,Gods Unchained,GODS,18,317,98246,162456146668,91403,25530496,deprecated,0x441a3e70,"withdraw(uint256 _eth, uint256 _wei)",11546956
13514580,1635544098,0x8af94819d313423b7ec8ae3968e4999b67894c243ec66ef0bbfa57f84fe43077,155341,0x89e4446f6482c12d0e00087e4a73bcf84d6c75c91bfddbc73685c0652fab6f51,0x295685c8fe08d8192981d21ea1fe856a07443920,0xccc8cb5229b0ac8069c51fd58367fd1e622afd97,0x0000006daea1723962647b7e189d311d757fb793,2501807331754253464631,Gods Unchained,GODS,18,36,320000,196372992775,126491,2554717,deprecated,0x178979ae,,11546952
13514580,1635544098,0xe0f5da7c9a9e81159536ab616c9aae9cef2ad3f11e0f183ef89f1f00a9cfe564,1638,0x89e4446f6482c12d0e00087e4a73bcf84d6c75c91bfddbc73685c0652fab6f51,0x5fdcca53617f4d2b9134b29090c87d01058e27e9,0xccc8cb5229b0ac8069c51fd58367fd1e622afd97,0x35e352e52fc7b7daa82c8e875c45294800bc530b,6000000000000000000000,Gods Unchained,GODS,18,271,98246,141667926270,91403,16752886,deprecated,0x441a3e70,"withdraw(uint256 _eth, uint256 _wei)",11546952
13514580,1635544098,0xd716e90e7243347e764ba3f7858ecec759be62b078c8241f415c1f8543c30d3f,894,0x89e4446f6482c12d0e00087e4a73bcf84d6c75c91bfddbc73685c0652fab6f51,0x26cdee4269273e1ea5dfac6b5791df2656897738,0xccc8cb5229b0ac8069c51fd58367fd1e622afd97,0x295685c8fe08d8192981d21ea1fe856a07443920,8307840000000000000000,Gods Unchained,GODS,18,282,174222,140801926270,106195,18757893,deprecated,0x18cbafe5,"swapExactTokensForETH(uint256 amountIn, uint256 amountOutMin, address[] path, address to, uint256 deadline)",11546952
13514580,1635544098,0x113db80511bd344dc6944ce154e18fca8750ace08442382547c853b3f6f9a8ab,48,0x89e4446f6482c12d0e00087e4a73bcf84d6c75c91bfddbc73685c0652fab6f51,0x054e195fb76e5beadb8d11b835714f51b19a732e,0xccc8cb5229b0ac8069c51fd58367fd1e622afd97,0xd217b828bd5e55c02c66ef1363fca4cb6edc10e5,383671100000000000000,Gods Unchained,GODS,18,399,78787,140607926270,47725,29293030,deprecated,0xa9059cbb,"transfer(address _to, uint256 _value)",11546952
13514581,1635544116,0x87bbbfc95b73e691106471a25374f60ca1743fc38caf7f90ea93b2b3eb053b76,19,0xf46ec79aec04157ffc325c51a6705e1a1678eaa20e5e417a24bd8e711ea93bbe,0x5fdcca53617f4d2b9134b29090c87d01058e27e9,0xccc8cb5229b0ac8069c51fd58367fd1e622afd97,0x2ef1a36643e2d4669fa2b72965d44bd4ab63456f,383400000000000000000,Gods Unchained,GODS,18,75,98246,157653671459,91403,6216170,deprecated,0x441a3e70,"withdraw(uint256 _eth, uint256 _wei)",11546951
13514581,1635544116,0x0b3a9555c3dd88b5c16165f7f0debdc81f3fdffb66608640d008b3ef83935f09,105,0xf46ec79aec04157ffc325c51a6705e1a1678eaa20e5e417a24bd8e711ea93bbe,0x5fdcca53617f4d2b9134b29090c87d01058e27e9,0xccc8cb5229b0ac8069c51fd58367fd1e622afd97,0x1e0589bc860cc050bb854d84ee69fb616ec497ba,460100000000000000000,Gods Unchained,GODS,18,111,98246,157234133575,91403,11452384,deprecated,0x441a3e70,"withdraw(uint256 _eth, uint256 _wei)",11546951
13514582,1635544120,0x28908088cc315b29515cc3bff9d41a36fcc5abb9c3923cf10228f328c1ae0ff7,44,0x2966ea2edda0a1e52b4534135f1fd463fe8f2ddbc6fa9aeace5180e12e5fb640,0xf9895c33e0c18a9b3831c20f7d7939dd23a1fdf0,0xccc8cb5229b0ac8069c51fd58367fd1e622afd97,0x9f27c241f336591842fb2f11019efa756946d74d,383500000000000000000,Gods Unchained,GODS,18,59,53119,165545903902,30613,3642842,deprecated,0xa9059cbb,"transfer(address _to, uint256 _value)",11546950
13514584,1635544135,0xf5fc56ce65465de579ccce4fa8d3311b31932f823596fcdeccf0952c763d2862,4599,0x9aa0c78cb8c50616e165bc8c49b696fa07a98086c8c89b1155249d4d2bd51068,0x295685c8fe08d8192981d21ea1fe856a07443920,0xccc8cb5229b0ac8069c51fd58367fd1e622afd97,0xa335ade338308b8e071cf2c8f3ca5e50f6563c60,6599270342032065405355,Gods Unchained,GODS,18,8,211883,178000000000,184068,492490,deprecated,0xd9627aa4,"sellToUniswap(address[] tokens, uint256 sellAmount, uint256 minBuyAmount, bool isSushi)",11546948
13514585,1635544139,0x98cefa6311bcfa32d1f6b1b0a4162afd5626350d0a3e2a850cbb537e8c277f06,99,0x6d588525f6ccee43cbedc2af9560a607575b698fc153d39e181b2654e07f7897,0x5fdcca53617f4d2b9134b29090c87d01058e27e9,0xccc8cb5229b0ac8069c51fd58367fd1e622afd97,0x9fcf43cd19e7521f5f4d134820c832e2492c2cf4,386907800000000000000,Gods Unchained,GODS,18,297,98246,126483448722,91403,25499187,deprecated,0x441a3e70,"withdraw(uint256 _eth, uint256 _wei)",11546947
13514586,1635544143,0x1f19bf3d1ed8f6e4b89927e6170ebf7f9c701ab54b526d6489329aa877e22ef6,618,0x0beffc971d471545c70132b5e5af5edee8cf83c52dc21d15c8174c966e1ead2a,0x06922d1c9181efa2fbbe20fda576ff40fcf9abcc,0xccc8cb5229b0ac8069c51fd58367fd1e622afd97,0x295685c8fe08d8192981d21ea1fe856a07443920,1088001000000000000000,Gods Unchained,GODS,18,265,174222,138874975374,115803,18894620,deprecated,0x18cbafe5,"swapExactTokensForETH(uint256 amountIn, uint256 amountOutMin, address[] path, address to, uint256 deadline)",11546946
13514586,1635544143,0x319312e17ad1a02c72be663ff9c0ba6eecb71ddca55e692dfa3e9ccb12d09541,263,0x0beffc971d471545c70132b5e5af5edee8cf83c52dc21d15c8174c966e1ead2a,0xa4bd0ec4dd0f92c3e3cd9e431bb9085b0dc631a6,0xccc8cb5229b0ac8069c51fd58367fd1e622afd97,0xd0a0d077cdebc027326efbfa33a6dea69191de70,480000000000000000000,Gods Unchained,GODS,18,360,78769,138698575374,47713,24986862,deprecated,0xa9059cbb,"transfer(address _to, uint256 _value)",11546946
13514586,1635544143,0xe252d2518e5fb45d3a4140d68246381f703368055ba95e6562fdaf0c24db0e19,20,0x0beffc971d471545c70132b5e5af5edee8cf83c52dc21d15c8174c966e1ead2a,0x9da6c19139a2e01f5d250c9c11a41997533d5435,0xccc8cb5229b0ac8069c51fd58367fd1e622afd97,0xde739bec0dedcdce051f219f4ea024b3fb6fd85c,384075710000000000000,Gods Unchained,GODS,18,402,78787,138374975374,47725,29583395,deprecated,0xa9059cbb,"transfer(address _to, uint256 _value)",11546946
13514586,1635544143,0x72de637cad797038903e4c5ec4bad7619a116d9354082b4d6c99f74e8e21f6d9,34,0x0beffc971d471545c70132b5e5af5edee8cf83c52dc21d15c8174c966e1ead2a,0xbde2acb8f30cfd7a2d992034ed7a8757a50cbf91,0xccc8cb5229b0ac8069c51fd58367fd1e622afd97,0x9f27c241f336591842fb2f11019efa756946d74d,383500000000000000000,Gods Unchained,GODS,18,408,53119,138374975374,30613,29830377,deprecated,0xa9059cbb,"transfer(address _to, uint256 _value)",11546946
13514587,1635544168,0xf0d19fec81309b21d5b45a71bbd54b93ca577243cddca66b071bf40d3662164f,155342,0x4d499e0a916692dfa109d9d9e89e2591728ec2cb10101dde43a7c80e2ce0c7bc,0x295685c8fe08d8192981d21ea1fe856a07443920,0xccc8cb5229b0ac8069c51fd58367fd1e622afd97,0x0000006daea1723962647b7e189d311d757fb793,2512889137272589010894,Gods Unchained,GODS,18,22,320000,220886449529,126491,1822511,deprecated,0x178979ae,,11546945
13514587,1635544168,0x54eaa5ed90830be37c885577821d1a71f68abe5285e4d32316f0b666eb7827b9,16,0x4d499e0a916692dfa109d9d9e89e2591728ec2cb10101dde43a7c80e2ce0c7bc,0x9f27c241f336591842fb2f11019efa756946d74d,0xccc8cb5229b0ac8069c51fd58367fd1e622afd97,0x6cc5f688a315f3dc28a7781717a9a798a59fda7b,767000000000000000000,Gods Unchained,GODS,18,79,105000,175000000000,35413,5445427,deprecated,0xa9059cbb,"transfer(address _to, uint256 _value)",11546945
13514587,1635544168,0xa4f811a2ce20e3ca6960d933f75acee8d71784b644bf43ef90680a1f4e50ea58,4600,0x4d499e0a916692dfa109d9d9e89e2591728ec2cb10101dde43a7c80e2ce0c7bc,0xa335ade338308b8e071cf2c8f3ca5e50f6563c60,0xccc8cb5229b0ac8069c51fd58367fd1e622afd97,0x35c32e3f463fce305d99fc2774675b589148cd53,6599270342032065405355,Gods Unchained,GODS,18,208,53173,155960837878,30649,14484381,deprecated,0xa9059cbb,"transfer(address _to, uint256 _value)",11546945
13514587,1635544168,0x6f5523df63101cf21589ebb9a63c3feaaf1867e022d16949d638c70c01c5310b,530,0x4d499e0a916692dfa109d9d9e89e2591728ec2cb10101dde43a7c80e2ce0c7bc,0x5fdcca53617f4d2b9134b29090c87d01058e27e9,0xccc8cb5229b0ac8069c51fd58367fd1e622afd97,0xb212fbcbcf20936824a258a1632aa86305a0c839,1512690000000000000000,Gods Unchained,GODS,18,251,98246,155460837878,91403,19057031,deprecated,0x441a3e70,"withdraw(uint256 _eth, uint256 _wei)",11546945
13514591,1635544211,0xc406c699f3ef218bcef4dd67e3d54da31fc4e2ec4d122c6f285d1200c9eb3153,1991,0x27de905fd56e5db552b458fa77354bb5eba71061eacbe1002d857ccbb50b4fcd,0x5fdcca53617f4d2b9134b29090c87d01058e27e9,0xccc8cb5229b0ac8069c51fd58367fd1e622afd97,0x3a9f45ac308ccc0a1a48b0f9e2f8ce859a0039ea,393887100000000000000,Gods Unchained,GODS,18,26,98246,145885401230,91403,2832932,deprecated,0x441a3e70,"withdraw(uint256 _eth, uint256 _wei)",11546941
13514591,1635544211,0xe9c7945227f1ca7f4deba3b1b7d6f376aad98612300b62c3cefbd6bab17c208c,25,0x27de905fd56e5db552b458fa77354bb5eba71061eacbe1002d857ccbb50b4fcd,0x38de753e13053692e18805bd440fdd6d59cb2ddc,0xccc8cb5229b0ac8069c51fd58367fd1e622afd97,0x295685c8fe08d8192981d21ea1fe856a07443920,383000000000000000000,Gods Unchained,GODS,18,113,161535,145885401230,115791,14388252,deprecated,0x18cbafe5,"swapExactTokensForETH(uint256 amountIn, uint256 amountOutMin, address[] path, address to, uint256 deadline)",11546941
13514595,1635544224,0xf7ece6372bb5e359d7f78f10d00cdad26b3f87731393f46eec0ba5c32ae7e184,150,0xb6cc18e7768592b14a474d5aae243edf7bc9313035ed104ca7303bff7da37c67,0xbc0a8a9c8679b324e541d01dc75d739de8c94ef8,0xccc8cb5229b0ac8069c51fd58367fd1e622afd97,0x1548d2cd29d17a6e1a0d3a8eeb2fe7498a17e2dc,401600000000000000000,Gods Unchained,GODS,18,64,78769,126638540512,47713,5066754,deprecated,0xa9059cbb,"transfer(address _to, uint256 _value)",11546937
13514596,1635544238,0xaa04277101ab38e3857529325c0ea8f747d0a0a21a9de83e1832710cc580f939,0,0xd5662b4e6517c91ef61da8dc29f8d54d44afc30c59c89b281eb6146fe4835b4c,0xd217b828bd5e55c02c66ef1363fca4cb6edc10e5,0xccc8cb5229b0ac8069c51fd58367fd1e622afd97,0x6cc5f688a315f3dc28a7781717a9a798a59fda7b,383671099999999999999,Gods Unchained,GODS,18,74,105000,173000000000,35437,6409965,deprecated,0xa9059cbb,"transfer(address _to, uint256 _value)",11546936
13514596,1635544238,0xdaabe46a7e0eb48cc982ddccf2e694c52a12dd248951ee54491cf5f1e0a00fdb,1395,0xd5662b4e6517c91ef61da8dc29f8d54d44afc30c59c89b281eb6146fe4835b4c,0x5fdcca53617f4d2b9134b29090c87d01058e27e9,0xccc8cb5229b0ac8069c51fd58367fd1e622afd97,0xdf29ee8f6d1b407808eb0270f5b128dc28303684,387818200000000000000,Gods Unchained,GODS,18,242,98246,118385499199,91403,17840030,deprecated,0x441a3e70,"withdraw(uint256 _eth, uint256 _wei)",11546936
13514597,1635544245,0x43272ad3fdc3f3b5a92b49be5950a9ef69e75d2247496a790ec67f172d5a4272,40,0xd3a047a06e183a1ba81c6f973a803d600ab2849a55efc4605ba76c32bd4fbdb3,0x5fdcca53617f4d2b9134b29090c87d01058e27e9,0xccc8cb5229b0ac8069c51fd58367fd1e622afd97,0x1b40da6efcf419850235bd9f173bbd8aa82c1758,383600000000000000000,Gods Unchained,GODS,18,76,98246,131075925505,91403,5442527,deprecated,0x441a3e70,"withdraw(uint256 _eth, uint256 _wei)",11546935
13514601,1635544279,0x39105d00e54a9eb6be5069c9e0a44b3f30ada07c9c615a8dbd6bc488d85878f0,301,0x8a8b423b79e6fd173ef2b088d45cf702c87c69812aaee460a8dfe755076ae92b,0x5fdcca53617f4d2b9134b29090c87d01058e27e9,0xccc8cb5229b0ac8069c51fd58367fd1e622afd97,0xadbdd54e5a07a69a9fd2dcea0cec79412b524b69,445700000000000000000,Gods Unchained,GODS,18,49,98246,128031610915,91403,3631043,deprecated,0x441a3e70,"withdraw(uint256 _eth, uint256 _wei)",11546931
13514602,1635544283,0x6f3bd84c9351df980c562b88e8ffffc791a347cbec39e4fde6f9371f77dfa300,66,0xcc3b9cb1b368aa6de7a1865bc723bc38c6d7768d6333b195b84a2bb754dc2447,0x5fdcca53617f4d2b9134b29090c87d01058e27e9,0xccc8cb5229b0ac8069c51fd58367fd1e622afd97,0x37a7a597af0f840371dc2501381f0b62f8fd332d,2152016000000000000000,Gods Unchained,GODS,18,407,98246,118092705632,91403,27238193,deprecated,0x441a3e70,"withdraw(uint256 _eth, uint256 _wei)",11546930
13514603,1635544297,0xc5f99c730ee720d24351ed9f3ef5cefc4b02e4a7294b12d12b7cc5e892ddb4dc,374,0xea7f87a406b25b426beceb439c2d861a21612d72865632d40e555b593726b563,0x44e6ca301d6b18064f7752da5f60139ccd40e1b4,0xccc8cb5229b0ac8069c51fd58367fd1e622afd97,0x295685c8fe08d8192981d21ea1fe856a07443920,540540000000000000000,Gods Unchained,GODS,18,207,174207,132551761637,115791,19188123,deprecated,0x18cbafe5,"swapExactTokensForETH(uint256 amountIn, uint256 amountOutMin, address[] path, address to, uint256 deadline)",11546929
13514603,1635544297,0x6f74be38c7822150f1bdaaa785cb81162d6439d34558e584f93e988dd7e46f81,35,0xea7f87a406b25b426beceb439c2d861a21612d72865632d40e555b593726b563,0x80dace7c79ecbdbe6b8b7e339bbf2f44576797d4,0xccc8cb5229b0ac8069c51fd58367fd1e622afd97,0x9f27c241f336591842fb2f11019efa756946d74d,383500000000000000000,Gods Unchained,GODS,18,253,53119,132551761637,30613,24681595,deprecated,0xa9059cbb,"transfer(address _to, uint256 _value)",11546929
13514606,1635544322,0x26be4677ed637b12b07ce791506da782e37016aba84b8e2e087468594305e267,14,0xd46998d98ac4babad6c27bcda62e3ea4dcf8e8b98c0a9f740c79a2886b51610e,0x5fdcca53617f4d2b9134b29090c87d01058e27e9,0xccc8cb5229b0ac8069c51fd58367fd1e622afd97,0x230b7e31ca72e45e5126b0a1914a74854e44a7b6,383700000000000000000,Gods Unchained,GODS,18,152,98246,124901551920,91403,10299011,deprecated,0x441a3e70,"withdraw(uint256 _eth, uint256 _wei)",11546926
13514608,1635544337,0x5c2bcc8d46fb3d622308692e55286cdbc2eeeda070611542c51f48537d457010,0,0x560cfd5fea2b9779c48515fbff1b5350e794518f7a9145467d21d2c8c4f6e3e4,0xd0a0d077cdebc027326efbfa33a6dea69191de70,0xccc8cb5229b0ac8069c51fd58367fd1e622afd97,0x6cc5f688a315f3dc28a7781717a9a798a59fda7b,479999999999999999999,Gods Unchained,GODS,18,20,105000,168000000000,35437,1680209,deprecated,0xa9059cbb,"transfer(address _to, uint256 _value)",11546924
13514609,1635544342,0x5a48f76920b2d3c9bc16f2cf6dab5916bb6c30bd20b3074bcedc6c059bab8f8c,36,0x13c608bb35c22240f88ce89e7816c012e8e8631bcab2cd4fca66e99e86c4a4b9,0xf9a15a4c7106f6dee27be62cefdf8abce04249a3,0xccc8cb5229b0ac8069c51fd58367fd1e622afd97,0x9f27c241f336591842fb2f11019efa756946d74d,383500000000000000000,Gods Unchained,GODS,18,90,53119,128016537615,30613,7030869,deprecated,0xa9059cbb,"transfer(address _to, uint256 _value)",11546923
13514610,1635544364,0x014fda4148b4ba91bf9c976a0343a53d1ac9081330eaebbcd8070988ce76f1cd,0,0xf805e474f62c847721b2fd8f5971fb39842de426474f322adf3ae9687ca732fc,0xde739bec0dedcdce051f219f4ea024b3fb6fd85c,0xccc8cb5229b0ac8069c51fd58367fd1e622afd97,0x6cc5f688a315f3dc28a7781717a9a798a59fda7b,384075709999999999999,Gods Unchained,GODS,18,74,105000,166000000000,35437,3132431,deprecated,0xa9059cbb,"transfer(address _to, uint256 _value)",11546922
13514610,1635544364,0xaa82bd3666bda29c2b9977332ee576e105395ab991085e888fb15a7d3a4e6ebf,99,0xf805e474f62c847721b2fd8f5971fb39842de426474f322adf3ae9687ca732fc,0x579b2ec3219a54edc1f9b59a07c412a0fb6ba5fe,0xccc8cb5229b0ac8069c51fd58367fd1e622afd97,0xc3f98d315b85a378b1077339d120bb0ad3148c17,380000000000000000000,Gods Unchained,GODS,18,392,78769,120140179130,47713,26811022,deprecated,0xa9059cbb,"transfer(address _to, uint256 _value)",11546922
13514617,1635544434,0x1453dee77818cbcf3ff4845ab057bced21589bf0f52f906be1974ebb5aa8f1f7,6,0xc7e0b42cff8a59357dc0d60b0de53efadd615939a8a15c019216f43b23aae109,0x5fdcca53617f4d2b9134b29090c87d01058e27e9,0xccc8cb5229b0ac8069c51fd58367fd1e622afd97,0xf3061bf86f49770063f52dd3389c772200a637dc,384000000000000000000,Gods Unchained,GODS,18,127,98246,136931560044,91403,7939337,deprecated,0x441a3e70,"withdraw(uint256 _eth, uint256 _wei)",11546915
13514617,1635544434,0x66f2dbbbd33c17ab9f444fe90fbe8374874cbd6e7ec2360109fe92e9ee572427,201,0xc7e0b42cff8a59357dc0d60b0de53efadd615939a8a15c019216f43b23aae109,0x5fdcca53617f4d2b9134b29090c87d01058e27e9,0xccc8cb5229b0ac8069c51fd58367fd1e622afd97,0x25fb6a2730570702f9b2b5eba96a3cbb5e5b7fc3,383000000000000000000,Gods Unchained,GODS,18,166,98234,136690228007,91391,13142218,deprecated,0x441a3e70,"withdraw(uint256 _eth, uint256 _wei)",11546915
13514618,1635544440,0xcdc465b0ffd64035d19869467e832b7b9173970dc2763b7f39c9d0380154a6e7,0,0x188563872b9a9068f7f1fc220f7d359f3df90b40568986355132eb3551a4d83c,0x1548d2cd29d17a6e1a0d3a8eeb2fe7498a17e2dc,0xccc8cb5229b0ac8069c51fd58367fd1e622afd97,0x6cc5f688a315f3dc28a7781717a9a798a59fda7b,401599999999999999999,Gods Unchained,GODS,18,160,105000,164000000000,35437,8346518,deprecated,0xa9059cbb,"transfer(address _to, uint256 _value)",11546914
13514619,1635544486,0x63bc862aac8b729db265842684c46cfe4d964840eac8d33f425aaf7d36a0858f,1640,0xf009704b71f8d902f0b39247c2ac850b186dd5e802dc43613b1e98627df3d48d,0x35e352e52fc7b7daa82c8e875c45294800bc530b,0xccc8cb5229b0ac8069c51fd58367fd1e622afd97,0x295685c8fe08d8192981d21ea1fe856a07443920,4000000000000000000000,Gods Unchained,GODS,18,168,174193,157247297498,120579,12512183,deprecated,0x18cbafe5,"swapExactTokensForETH(uint256 amountIn, uint256 amountOutMin, address[] path, address to, uint256 deadline)",11546913
13514619,1635544486,0xdca65ffced8bc2eae4747bb13220b60f799aa8478a18046fd911cefc1678ac5c,585,0xf009704b71f8d902f0b39247c2ac850b186dd5e802dc43613b1e98627df3d48d,0x5fdcca53617f4d2b9134b29090c87d01058e27e9,0xccc8cb5229b0ac8069c51fd58367fd1e622afd97,0xa5d224b43eab837aa2ee9c6ed727f1613f301a5e,764630000000000000000,Gods Unchained,GODS,18,290,98234,157247297498,91391,23387764,deprecated,0x441a3e70,"withdraw(uint256 _eth, uint256 _wei)",11546913
13514619,1635544486,0x027ba234fb378c57f4ba6cacc29404f8799fc98e4ad3551baad9d5c2c77e25d0,21,0xf009704b71f8d902f0b39247c2ac850b186dd5e802dc43613b1e98627df3d48d,0x5fdcca53617f4d2b9134b29090c87d01058e27e9,0xccc8cb5229b0ac8069c51fd58367fd1e622afd97,0x44a020d4f1e35568a05a857f745b43bbb8532c35,445708800000000000000,Gods Unchained,GODS,18,296,98246,157247297498,91403,24138970,deprecated,0x441a3e70,"withdraw(uint256 _eth, uint256 _wei)",11546913
13514621,1635544502,0xe5e9caba6372122197dae32dc45d12418e9793dea1309375bf424d551afa4ab7,145826,0x05c9c27129d08e0d665edfb29847680402b96ff4e283afa3c7ce1ee3fbd0f420,0x295685c8fe08d8192981d21ea1fe856a07443920,0xccc8cb5229b0ac8069c51fd58367fd1e622afd97,0x0000006daea1723962647b7e189d311d757fb793,7506655819089583313379,Gods Unchained,GODS,18,1,320000,203271166701,126503,247142,deprecated,0x178979ae,,11546911
13514622,1635544509,0x7769939c027b16e61df240dc862a52656b3943c6da23c37ffa79cb1622052862,155347,0xabe9de4ca6d4bc4b7b2ed21d21c68a0994ff7189c50bd6f9f4395f1ed429ae7c,0x0000006daea1723962647b7e189d311d757fb793,0xccc8cb5229b0ac8069c51fd58367fd1e622afd97,0x295685c8fe08d8192981d21ea1fe856a07443920,7556144528737339493833,Gods Unchained,GODS,18,58,320000,196921621872,136649,4072047,deprecated,0x178979ae,,11546910
13514622,1635544509,0x0846002711e011ef4ca1654e90358474c658d3cadc0976dc48424820c9095a84,184,0xabe9de4ca6d4bc4b7b2ed21d21c68a0994ff7189c50bd6f9f4395f1ed429ae7c,0x63cd89e59d2f4d3fccc2b00483e58b2e752470b5,0xccc8cb5229b0ac8069c51fd58367fd1e622afd97,0x78916d58eb47e7c1e0ab1943b2324a0fe23bcca4,877000000000000000000,Gods Unchained,GODS,18,127,57764,176689649205,47713,7031197,deprecated,0xa9059cbb,"transfer(address _to, uint256 _value)",11546910
13514623,1635544553,0xa6e8ae821588166f4607b7f54e50207a07c76c4d293853b79d388832b76a49c1,7,0x8ddde5951a52fceebb2fe04810748cd58b9c9e147951664d25f39e8ba3e50761,0xf3061bf86f49770063f52dd3389c772200a637dc,0xccc8cb5229b0ac8069c51fd58367fd1e622afd97,0x3ba8d9df97ad8792f42d743f72698980ebf4f4e8,384000000000000000000,Gods Unchained,GODS,18,393,78751,175782346685,47701,29477506,deprecated,0xa9059cbb,"transfer(address _to, uint256 _value)",11546909
13514626,1635544589,0xe508323e2dcee9e4f93b97c7bf8b070ad45729b26e3a758869ed7c894426b91e,0,0x341c26d9e6ec178ab9b93615056d141ebe1a439a76bf37e1356d211c99910d82,0xc3f98d315b85a378b1077339d120bb0ad3148c17,0xccc8cb5229b0ac8069c51fd58367fd1e622afd97,0x6cc5f688a315f3dc28a7781717a9a798a59fda7b,379999999999999999999,Gods Unchained,GODS,18,60,105000,189000000000,35437,2781905,deprecated,0xa9059cbb,"transfer(address _to, uint256 _value)",11546906
13514627,1635544596,0x3b44f68bc7e6f788a4218e9201d112b8c445fea7f6f81dab59ba761780e5f7e5,15,0xbf60086c728a348638797ed0378ee2000372c9af1d97a52e412e6480cd00fd6a,0x230b7e31ca72e45e5126b0a1914a74854e44a7b6,0xccc8cb5229b0ac8069c51fd58367fd1e622afd97,0x6de76af18dedd16483703c067e4b6f2624170b1f,383600000000000022737,Gods Unchained,GODS,18,72,78805,168759010931,52537,4247879,deprecated,0xa9059cbb,"transfer(address _to, uint256 _value)",11546905
13514629,1635544639,0x3d402440bf0ad30c4432254ecbf82fc12257ab802615b820997157e6fb051096,21,0xbcb314a435045505ac94782466089ed56be9d6043c158a7743e5275893bd7295,0x35c32e3f463fce305d99fc2774675b589148cd53,0xccc8cb5229b0ac8069c51fd58367fd1e622afd97,0x6cc5f688a315f3dc28a7781717a9a798a59fda7b,6599270342032065405355,Gods Unchained,GODS,18,7,105000,189000000000,35449,474363,deprecated,0xa9059cbb,"transfer(address _to, uint256 _value)",11546903
13514630,1635544642,0x30f89d4c8ec2c5f7162d4e5a5e63c7d854379b826cb08359811b9c27785791f5,17,0x7561919d13617c2c31ce43a887b13b393f8bbfe8b994447bd1cb177ac7e4b5e1,0x6b9b3e6ba9e9a132c4fca35e61a4a7d26cdc8abc,0xccc8cb5229b0ac8069c51fd58367fd1e622afd97,0x6de76af18dedd16483703c067e4b6f2624170b1f,383500000000000000000,Gods Unchained,GODS,18,313,53119,154931184802,35413,20947760,deprecated,0xa9059cbb,"transfer(address _to, uint256 _value)",11546902
13514632,1635544670,0x9b10817ac5e8e65d398b2c8fbc2c88c26111487d1547dfe70c725896c61e3fee,202,0x0f2bbf0def856d2b0cd915c1a27e135ba31d4d2c2f27b6a78bd5bf4b686ab4b6,0x25fb6a2730570702f9b2b5eba96a3cbb5e5b7fc3,0xccc8cb5229b0ac8069c51fd58367fd1e622afd97,0xd523364f3e9f766d084458392de3feeffbcccd39,383000000000000000000,Gods Unchained,GODS,18,341,53119,155426500409,30613,23485374,deprecated,0xa9059cbb,"transfer(address _to, uint256 _value)",11546900
13514632,1635544670,0xe174ca82a2388a4b1a7b97764baf0d8972ef059d7dd07dce4eefaf3a76420b73,41,0x0f2bbf0def856d2b0cd915c1a27e135ba31d4d2c2f27b6a78bd5bf4b686ab4b6,0x1b40da6efcf419850235bd9f173bbd8aa82c1758,0xccc8cb5229b0ac8069c51fd58367fd1e622afd97,0x6de76af18dedd16483703c067e4b6f2624170b1f,383500000000000000000,Gods Unchained,GODS,18,367,53119,155426500409,35413,26308159,deprecated,0xa9059cbb,"transfer(address _to, uint256 _value)",11546900
13514632,1635544670,0x21d57fcd2f932f18e7698964440a66a3d56599e20d7fdac31dd5f11b407f2877,50,0x0f2bbf0def856d2b0cd915c1a27e135ba31d4d2c2f27b6a78bd5bf4b686ab4b6,0xc72cc04d9b61711f958deb5ed3338bef86f7ae95,0xccc8cb5229b0ac8069c51fd58367fd1e622afd97,0x6de76af18dedd16483703c067e4b6f2624170b1f,383630000000000000000,Gods Unchained,GODS,18,405,53119,155313592409,30613,29858543,deprecated,0xa9059cbb,"transfer(address _to, uint256 _value)",11546900
13514635,1635544705,0xc3eb0d1e6228ad83e8c4608b57e087c3ee1aa5b9f375b8c9f1960b1f74af2799,1,0xbe2288c3e37a0f3473259bd1c1228bba424ba6fb1494b7484e4e15bde7d66922,0xd523364f3e9f766d084458392de3feeffbcccd39,0xccc8cb5229b0ac8069c51fd58367fd1e622afd97,0x6cc5f688a315f3dc28a7781717a9a798a59fda7b,383000000000000000000,Gods Unchained,GODS,18,52,105000,194000000000,35413,2314350,deprecated,0xa9059cbb,"transfer(address _to, uint256 _value)",11546897
13514635,1635544705,0x1f237ffe808af0401a93a3c97fe93f80d4385a8f32c2c490768599b0d333ab28,0,0xbe2288c3e37a0f3473259bd1c1228bba424ba6fb1494b7484e4e15bde7d66922,0x3ba8d9df97ad8792f42d743f72698980ebf4f4e8,0xccc8cb5229b0ac8069c51fd58367fd1e622afd97,0x6cc5f688a315f3dc28a7781717a9a798a59fda7b,383999999999999999999,Gods Unchained,GODS,18,78,105000,179000000000,35437,4006418,deprecated,0xa9059cbb,"transfer(address _to, uint256 _value)",11546897
13514635,1635544705,0xb5c4bdcbb563bcc5263e22089e9816d32ecaf6cf2c66f455517b67c5bb45d688,15,0xbe2288c3e37a0f3473259bd1c1228bba424ba6fb1494b7484e4e15bde7d66922,0x78916d58eb47e7c1e0ab1943b2324a0fe23bcca4,0xccc8cb5229b0ac8069c51fd58367fd1e622afd97,0x6cc5f688a315f3dc28a7781717a9a798a59fda7b,876999999999999999999,Gods Unchained,GODS,18,79,105000,179000000000,35437,4041855,deprecated,0xa9059cbb,"transfer(address _to, uint256 _value)",11546897
13514639,1635544764,0xd873a8ae90e383812378e4a57c006b02778a142593b4e4c2578baa53406d46b1,7,0x59ec7166425b9b80b8073004557eea5b694acba3539cdf2311e17ff53dec40a6,0x5fdcca53617f4d2b9134b29090c87d01058e27e9,0xccc8cb5229b0ac8069c51fd58367fd1e622afd97,0xfbd4903d790ada44fd17c2d5216b1f87c1496f26,385761500000000000000,Gods Unchained,GODS,18,110,98246,164088879106,91403,7440231,deprecated,0x441a3e70,"withdraw(uint256 _eth, uint256 _wei)",11546893
13514639,1635544764,0x75a5ec689a2c6e2958361fed799470d2040a3a236d62f7e910a21bf96f8190f3,31,0x59ec7166425b9b80b8073004557eea5b694acba3539cdf2311e17ff53dec40a6,0x295685c8fe08d8192981d21ea1fe856a07443920,0xccc8cb5229b0ac8069c51fd58367fd1e622afd97,0x786c5cb6a65de26393898541be61bccb1ac25b23,374118139766174257881,Gods Unchained,GODS,18,133,175786,164032425106,120981,9760189,deprecated,0x7ff36ab5,"swapExactETHForTokens(uint256 amountOutMin, address[] path, address to, uint256 deadline)",11546893
13514639,1635544764,0x13b0ab01f47a7520d96b86c9fa3f65f898bb3f38b0d83b3092fd75a514b599f9,11,0x59ec7166425b9b80b8073004557eea5b694acba3539cdf2311e17ff53dec40a6,0x5fdcca53617f4d2b9134b29090c87d01058e27e9,0xccc8cb5229b0ac8069c51fd58367fd1e622afd97,0x251fed40b0aacd4da7b4218ceb821c598266f8e6,383000000000000000000,Gods Unchained,GODS,18,162,98246,164032425106,91403,12376208,deprecated,0x441a3e70,"withdraw(uint256 _eth, uint256 _wei)",11546893
13514644,1635544782,0xd7611c30d5e3a27adaa5449cca21bcfd0275f05f5d612a339f85d059f22de249,17,0x288a0d311690136fe6f43e9ac5e398c801ba70c77a8ab6feed4afb0de149817f,0x9f27c241f336591842fb2f11019efa756946d74d,0xccc8cb5229b0ac8069c51fd58367fd1e622afd97,0x6cc5f688a315f3dc28a7781717a9a798a59fda7b,767000000000000000000,Gods Unchained,GODS,18,77,105000,191000000000,35413,6093583,deprecated,0xa9059cbb,"transfer(address _to, uint256 _value)",11546888
13514653,1635544940,0x161ac6d00859d554256df244b45dfb348f48da4686e94e00d52873a60d5f50ec,20,0xf63fe19694ddc9dd54641ab534ac22aff616affb0c0cfa7b93ad8211099bb7ff,0x2ef1a36643e2d4669fa2b72965d44bd4ab63456f,0xccc8cb5229b0ac8069c51fd58367fd1e622afd97,0x9f27c241f336591842fb2f11019efa756946d74d,383400000000000000000,Gods Unchained,GODS,18,168,53119,185060198198,30613,14830656,deprecated,0xa9059cbb,"transfer(address _to, uint256 _value)",11546879
13514654,1635544948,0xdbc2ad264082637bdd6059a910ea3a6e582cf5fb3c17d663bcc9f208d32d14ab,171,0xc1caeabd23f58751003e60f1b7e21b9c12f3709ea96c5a5659f50a98370b2bc8,0x5fdcca53617f4d2b9134b29090c87d01058e27e9,0xccc8cb5229b0ac8069c51fd58367fd1e622afd97,0x6de76af18dedd16483703c067e4b6f2624170b1f,383630000000000000000,Gods Unchained,GODS,18,166,98246,191456679574,74303,7647670,deprecated,0x441a3e70,"withdraw(uint256 _eth, uint256 _wei)",11546878
13514656,1635544966,0x136ee1ac0491b0732cadd7097491804356e5e09f6f04eabd5d3c2a32e77d4bb0,3289,0x87050905868a572e453fb7db1066e5f77293bc4e98a6171a18f3b5f8a3827233,0x295685c8fe08d8192981d21ea1fe856a07443920,0xccc8cb5229b0ac8069c51fd58367fd1e622afd97,0x00000000726422a6fecb4759b44d47e48cf746aa,344739275870143388472,Gods Unchained,GODS,18,4,350000,167094200504,89156,584678,deprecated,0x00000000,buyAndFree22457070633(uint256 amount),11546876
13514656,1635544966,0x4820fbc3ebad51c89eca484a77d79171d5abf6a658de53b3b21337dc44da3eca,3196,0x87050905868a572e453fb7db1066e5f77293bc4e98a6171a18f3b5f8a3827233,0x295685c8fe08d8192981d21ea1fe856a07443920,0xccc8cb5229b0ac8069c51fd58367fd1e622afd97,0x1c012b03f1c2dea274d2eeeb566b0eeabfe3af1a,10662752537579672846677,Gods Unchained,GODS,18,5,136000,179000000000,94431,679109,deprecated,0xd9627aa4,"sellToUniswap(address[] tokens, uint256 sellAmount, uint256 minBuyAmount, bool isSushi)",11546876
13514656,1635544966,0xac13f5eb1ee0a3aa8e31480d458d5003f67aed8495e51c3b78d6f20417e39724,3290,0x87050905868a572e453fb7db1066e5f77293bc4e98a6171a18f3b5f8a3827233,0x00000000726422a6fecb4759b44d47e48cf746aa,0xccc8cb5229b0ac8069c51fd58367fd1e622afd97,0x295685c8fe08d8192981d21ea1fe856a07443920,344739275870143388471,Gods Unchained,GODS,18,6,350000,431532972398,78989,758098,deprecated,0x00000000,buyAndFree22457070633(uint256 amount),11546876
13514660,1635544982,0xc7a8dae4bb732144dd1b664f3c203093b0566ee126a67619973fed76f36cc3a4,155351,0xccd79b06946afcb9a58bf97e11838d962bf155e6f03b55fc5cc4ca2478ce80c2,0x0000006daea1723962647b7e189d311d757fb793,0xccc8cb5229b0ac8069c51fd58367fd1e622afd97,0x295685c8fe08d8192981d21ea1fe856a07443920,9704123607559767333558,Gods Unchained,GODS,18,11,320000,242659797793,136637,1505927,deprecated,0x178979ae,,11546872
13514664,1635545012,0x205af63a6ab58800eeafa2137a0bec228061186ac0a41b6525dc0cc2e8c7e9d1,38,0xdf206c0530c725d9e68a92f83e7a641b0d47706ab39cba04caad18034dc5d96f,0x295685c8fe08d8192981d21ea1fe856a07443920,0xccc8cb5229b0ac8069c51fd58367fd1e622afd97,0x1b91af89b12d1f313ee3bf47bf505c19cdef0a65,1082086725568313236722,Gods Unchained,GODS,18,251,175786,139814739259,120981,21793371,deprecated,0x7ff36ab5,"swapExactETHForTokens(uint256 amountOutMin, address[] path, address to, uint256 deadline)",11546868
13514667,1635545046,0x57985d58ad0146ffa421fe151a05fd2f3ef4557ad55bb449bd2c96a8222fa0d9,122609,0x4a57e643ebce45ea2fdaa88c2e7a87c8a701222291e21cf26f3ad5129a2938a0,0x295685c8fe08d8192981d21ea1fe856a07443920,0xccc8cb5229b0ac8069c51fd58367fd1e622afd97,0x0000006daea1723962647b7e189d311d757fb793,2514159297168633766447,Gods Unchained,GODS,18,72,320000,196179270136,126491,5416295,deprecated,0x178979ae,,11546865
13514667,1635545046,0xf71e4c27460f4ffea3bcd3010b329d3d468166cff04d8c9a5bceddb1e140c63b,23,0x4a57e643ebce45ea2fdaa88c2e7a87c8a701222291e21cf26f3ad5129a2938a0,0x44a020d4f1e35568a05a857f745b43bbb8532c35,0xccc8cb5229b0ac8069c51fd58367fd1e622afd97,0x295685c8fe08d8192981d21ea1fe856a07443920,445708800000000000000,Gods Unchained,GODS,18,434,174207,141596241611,106185,28406186,deprecated,0x18cbafe5,"swapExactTokensForETH(uint256 amountIn, uint256 amountOutMin, address[] path, address to, uint256 deadline)",11546865
13514671,1635545166,0x3fd72b3e7d0888199c42a2e5c1dca5869e07b2cc4acdd976b68dec0c4ae877be,587,0xa9563d8ba64de6174a6971e8495c2869c427f4b73a2618235ebfab5ff12d6d5e,0xa5d224b43eab837aa2ee9c6ed727f1613f301a5e,0xccc8cb5229b0ac8069c51fd58367fd1e622afd97,0x295685c8fe08d8192981d21ea1fe856a07443920,764630000000000000000,Gods Unchained,GODS,18,98,174207,201629398351,115791,4992543,deprecated,0x18cbafe5,"swapExactTokensForETH(uint256 amountIn, uint256 amountOutMin, address[] path, address to, uint256 deadline)",11546861
13514676,1635545238,0x0908dc1c688a8f34ecc6e6aeadbedfe50119899028c612797c36720029e642e0,0,0x18c0eba73749aefea2252bf670d8d6e85d536490b8a45eb2abfd2c00015b8fe3,0x5fdcca53617f4d2b9134b29090c87d01058e27e9,0xccc8cb5229b0ac8069c51fd58367fd1e622afd97,0xf0d6b1c97ac263d14c00d65c170c596a88c79b0e,384446500000000000000,Gods Unchained,GODS,18,238,98246,166239329330,91403,17321880,deprecated,0x441a3e70,"withdraw(uint256 _eth, uint256 _wei)",11546856
13514676,1635545238,0xa7c1191c83dfdb02bef327812be1c942ed49834afad4f6ba91928f5e35b93ad1,4,0x18c0eba73749aefea2252bf670d8d6e85d536490b8a45eb2abfd2c00015b8fe3,0x5fdcca53617f4d2b9134b29090c87d01058e27e9,0xccc8cb5229b0ac8069c51fd58367fd1e622afd97,0xed01f7e7ffe3da5b73b4c7f8fa964c5ebebcb0c4,383000000000000000000,Gods Unchained,GODS,18,250,98246,166239329330,91403,18398811,deprecated,0x441a3e70,"withdraw(uint256 _eth, uint256 _wei)",11546856
13514676,1635545238,0x61e52cdc74f79e114137d5735b6cb84b092ac2bd987a085c5fe06729e31be5ba,367,0x18c0eba73749aefea2252bf670d8d6e85d536490b8a45eb2abfd2c00015b8fe3,0x295685c8fe08d8192981d21ea1fe856a07443920,0xccc8cb5229b0ac8069c51fd58367fd1e622afd97,0x4ea7338c40855d3dbbcbeed2815b5b533f38df3c,496286772308813725678,Gods Unchained,GODS,18,287,162913,166239329330,120981,22727567,deprecated,0x7ff36ab5,"swapExactETHForTokens(uint256 amountOutMin, address[] path, address to, uint256 deadline)",11546856
13514676,1635545238,0x58024b6ae1d4017092597f5d9da021b71d14db1449ff4a95747afae2c5b9fc0d,49,0x18c0eba73749aefea2252bf670d8d6e85d536490b8a45eb2abfd2c00015b8fe3,0x295685c8fe08d8192981d21ea1fe856a07443920,0xccc8cb5229b0ac8069c51fd58367fd1e622afd97,0xc90df27fd516b708c464b831be255a807ef7b6bd,348690820515983116713,Gods Unchained,GODS,18,314,207153,166239329330,170217,25491594,deprecated,0x38ed1739,"swapExactTokensForTokens(uint256 amountIn, uint256 amountOutMin, address[] path, address to, uint256 deadline)",11546856
13514676,1635545238,0x7790fa80ff1d6db03f87688ea1aa91b6c4e9908dddbcb96d0058c44fff2a9f21,188,0x18c0eba73749aefea2252bf670d8d6e85d536490b8a45eb2abfd2c00015b8fe3,0x5fdcca53617f4d2b9134b29090c87d01058e27e9,0xccc8cb5229b0ac8069c51fd58367fd1e622afd97,0x0c387030a5d3acdcde1a8ddaf26df31bbc1ce763,387851900000000000000,Gods Unchained,GODS,18,339,98246,166239329330,91403,27762269,deprecated,0x441a3e70,"withdraw(uint256 _eth, uint256 _wei)",11546856
13514676,1635545238,0x6fbe7a9cbda919676c407b67334c5b3b33292727c89dbedea088488b0a81a530,238,0x18c0eba73749aefea2252bf670d8d6e85d536490b8a45eb2abfd2c00015b8fe3,0x5fdcca53617f4d2b9134b29090c87d01058e27e9,0xccc8cb5229b0ac8069c51fd58367fd1e622afd97,0x74f90dbb59e9b8c4dfa0601cd303cb11e9fa4a78,2000000000000000000000,Gods Unchained,GODS,18,344,98246,166239329330,91403,28221703,deprecated,0x441a3e70,"withdraw(uint256 _eth, uint256 _wei)",11546856
13514677,1635545250,0xbcf5566cc2c1633ab8b7bb97f799e7f3d63c7861b4dfcfeb6280b4a4d848f3f6,109,0x8a9735b4c12e188856ace71d164ea532109433e42af10b40f8c04b276dd1aa49,0x1e0589bc860cc050bb854d84ee69fb616ec497ba,0xccc8cb5229b0ac8069c51fd58367fd1e622afd97,0x1b9fcb0e02df2a584ccbcc476031a9b0afd2a545,460100000000000000000,Gods Unchained,GODS,18,423,78769,185772077752,47713,22366183,deprecated,0xa9059cbb,"transfer(address _to, uint256 _value)",11546855
13514681,1635545340,0x4386d3d3328b0490b299a5671e36f46773bd285f35d65c4471e279c351c74a13,1994,0xe05c0363bc34c957b4954f1a4f3e75a8fff82bcef55c42ef0fceea7f375d6a26,0x3a9f45ac308ccc0a1a48b0f9e2f8ce859a0039ea,0xccc8cb5229b0ac8069c51fd58367fd1e622afd97,0x295685c8fe08d8192981d21ea1fe856a07443920,393887100000000000000,Gods Unchained,GODS,18,43,274207,212637347612,115791,2148550,deprecated,0x18cbafe5,"swapExactTokensForETH(uint256 amountIn, uint256 amountOutMin, address[] path, address to, uint256 deadline)",11546851
13514681,1635545340,0xe9c86f01edff63259fd54e85c525675140cc0db2ccbe35c95461a67c01a6e1f1,5,0xe05c0363bc34c957b4954f1a4f3e75a8fff82bcef55c42ef0fceea7f375d6a26,0xed01f7e7ffe3da5b73b4c7f8fa964c5ebebcb0c4,0xccc8cb5229b0ac8069c51fd58367fd1e622afd97,0xd523364f3e9f766d084458392de3feeffbcccd39,383000000000000000000,Gods Unchained,GODS,18,440,53119,178875601317,30613,27908952,deprecated,0xa9059cbb,"transfer(address _to, uint256 _value)",11546851
13514683,1635545354,0xd82262153d543fa8171510e73a6e68bf274f9e78ab77d7bd291df8441437638b,22,0xb2980f3f75268f316a0fa041eed83a9b5cb941599baae0b8b6821b07b1c7ac36,0x3ad5e970fa44c05daf9df2d232feb88b0639536e,0xccc8cb5229b0ac8069c51fd58367fd1e622afd97,0x2b53399f948e150d4682b2f0e0e8f7d862452d9c,383400000000000000000,Gods Unchained,GODS,18,82,100000,183448147172,47713,6975161,deprecated,0xa9059cbb,"transfer(address _to, uint256 _value)",11546849
13514684,1635545355,0x1e56d16483194050a878b2ecb3db893223a237ca5224c9066105a1a01aa700de,172,0x94ec7862066beea71fdf5095277f91f7240e6ed7bd78bcf37f5b99a35e4939eb,0x6de76af18dedd16483703c067e4b6f2624170b1f,0xccc8cb5229b0ac8069c51fd58367fd1e622afd97,0x30a1ef0a2a5268b0c5a448c2de052d23afe33f3c,1917860000000000022737,Gods Unchained,GODS,18,118,78805,171437371317,47737,6407146,deprecated,0xa9059cbb,"transfer(address _to, uint256 _value)",11546848
13514687,1635545376,0xc82739995c679c2ccec7f2e8401b7e21d9976db36ef617b89d5c68af9bee0d0d,2,0xca92be696b8898230e5c45f86d6b239fe77a5b858091bb785e078aacda73c2d9,0xd523364f3e9f766d084458392de3feeffbcccd39,0xccc8cb5229b0ac8069c51fd58367fd1e622afd97,0x6cc5f688a315f3dc28a7781717a9a798a59fda7b,383000000000000000000,Gods Unchained,GODS,18,52,105000,226000000000,35413,2478389,deprecated,0xa9059cbb,"transfer(address _to, uint256 _value)",11546845
13514687,1635545376,0xa2f83d3e39a6f7fced0fdc3da223ce846de415782fffe4e77419cdba5be541d6,4503,0xca92be696b8898230e5c45f86d6b239fe77a5b858091bb785e078aacda73c2d9,0x5fdcca53617f4d2b9134b29090c87d01058e27e9,0xccc8cb5229b0ac8069c51fd58367fd1e622afd97,0x813074b9a3c964c51ac66b841c2577a3ce1062f6,497700000000000000,Gods Unchained,GODS,18,398,98246,145974363697,91403,28975601,deprecated,0x441a3e70,"withdraw(uint256 _eth, uint256 _wei)",11546845
13514689,1635545383,0xe87d5f7d9aab68a733cf2349111be7238527984e130fad28cc980d6a029a15c7,18,0x0e046cddba9dae5633a14afe37dffacb22da6f50d0a60b7102e74aebb8401b5f,0x9f27c241f336591842fb2f11019efa756946d74d,0xccc8cb5229b0ac8069c51fd58367fd1e622afd97,0x6cc5f688a315f3dc28a7781717a9a798a59fda7b,383400000000000000000,Gods Unchained,GODS,18,29,105000,224000000000,35413,1838513,deprecated,0xa9059cbb,"transfer(address _to, uint256 _value)",11546843
13514689,1635545383,0x4ef09f56b37168440d59a6c232dd5df8e1f4990ebf48345a6968db613f824b00,3200,0x0e046cddba9dae5633a14afe37dffacb22da6f50d0a60b7102e74aebb8401b5f,0x295685c8fe08d8192981d21ea1fe856a07443920,0xccc8cb5229b0ac8069c51fd58367fd1e622afd97,0x1c012b03f1c2dea274d2eeeb566b0eeabfe3af1a,10129284639743370059955,Gods Unchained,GODS,18,52,136000,196000000000,104991,3613660,deprecated,0xd9627aa4,"sellToUniswap(address[] tokens, uint256 sellAmount, uint256 minBuyAmount, bool isSushi)",11546843
13514691,1635545412,0x046a3b48f5796805eec53d841224210a7652e757ecffb83e35de8766468b5f69,0,0x999d2aa91a75c4e5b484705d75221260eddae4ff65c777b8e037fd4c7095ec58,0x1b9fcb0e02df2a584ccbcc476031a9b0afd2a545,0xccc8cb5229b0ac8069c51fd58367fd1e622afd97,0x6cc5f688a315f3dc28a7781717a9a798a59fda7b,460099999999999999999,Gods Unchained,GODS,18,58,105000,218000000000,35437,2789312,deprecated,0xa9059cbb,"transfer(address _to, uint256 _value)",11546841
13514691,1635545412,0x4d78f00804ca8d3140244aea0f57a4d1acc05634bd7cfe60fffa6ce36fb73c60,0,0x999d2aa91a75c4e5b484705d75221260eddae4ff65c777b8e037fd4c7095ec58,0x30a1ef0a2a5268b0c5a448c2de052d23afe33f3c,0xccc8cb5229b0ac8069c51fd58367fd1e622afd97,0x6cc5f688a315f3dc28a7781717a9a798a59fda7b,1917860000000000022736,Gods Unchained,GODS,18,61,105000,218000000000,35437,2922755,deprecated,0xa9059cbb,"transfer(address _to, uint256 _value)",11546841
13514691,1635545412,0x18cd6f7a21f8d7289e56eb7afdac2349cf7901b469369746e2952cc1d91c9492,9,0x999d2aa91a75c4e5b484705d75221260eddae4ff65c777b8e037fd4c7095ec58,0xfbd4903d790ada44fd17c2d5216b1f87c1496f26,0xccc8cb5229b0ac8069c51fd58367fd1e622afd97,0x295685c8fe08d8192981d21ea1fe856a07443920,385761500000000000000,Gods Unchained,GODS,18,397,174222,157921353954,115803,24032539,deprecated,0x18cbafe5,"swapExactTokensForETH(uint256 amountIn, uint256 amountOutMin, address[] path, address to, uint256 deadline)",11546841
13514691,1635545412,0x016e27d1b76f1ae1d31f6e9adab9c3216132c70066230313834cbcb31f8c62fd,6,0x999d2aa91a75c4e5b484705d75221260eddae4ff65c777b8e037fd4c7095ec58,0x5fdcca53617f4d2b9134b29090c87d01058e27e9,0xccc8cb5229b0ac8069c51fd58367fd1e622afd97,0xf67e0c180cfb090a9ce5c19888c59381954e5f08,388020500000000000000,Gods Unchained,GODS,18,445,98234,157831353954,91391,27348360,deprecated,0x441a3e70,"withdraw(uint256 _eth, uint256 _wei)",11546841
13514692,1635545437,0x85e2201e8db5339ab9d49c53599a022c2a75df4ebf25e7db417cb65153f06443,13,0x2b2561f4ed09a2fbcc0dce6d6bb843d84a5c57c0e23a8aebfbc30fe0be2c8099,0x251fed40b0aacd4da7b4218ceb821c598266f8e6,0xccc8cb5229b0ac8069c51fd58367fd1e622afd97,0xd523364f3e9f766d084458392de3feeffbcccd39,383000000000000000000,Gods Unchained,GODS,18,118,53119,175213999473,30613,5584028,deprecated,0xa9059cbb,"transfer(address _to, uint256 _value)",11546840
13514693,1635545441,0x58ee779d99b27b6e15d465518efa4f1c78baa0fd7dd39cecba26e69b4c746784,22135,0x35e49a88762efdaaf5cf375e9445bce3ee4c76147b572a7ddc5064fb38a33213,0x295685c8fe08d8192981d21ea1fe856a07443920,0xccc8cb5229b0ac8069c51fd58367fd1e622afd97,0x000000005736775feb0c8568e7dee77222a26880,4316545769151138148705,Gods Unchained,GODS,18,0,500000,160248154919,88332,88332,deprecated,0x00000001,relay1GsWnfsIQROy(),11546839
13514693,1635545441,0x7b4924c57a0a0d569651f3312f135ae908d4294dbe67b20b6e336f559b035bd6,261,0x35e49a88762efdaaf5cf375e9445bce3ee4c76147b572a7ddc5064fb38a33213,0x295685c8fe08d8192981d21ea1fe856a07443920,0xccc8cb5229b0ac8069c51fd58367fd1e622afd97,0xc1dfd16259c2530e57aea8a2cf106db5671616b0,4201313206019991328066,Gods Unchained,GODS,18,1,300000,172120000000,108783,197115,deprecated,0x0000c09a,,11546839
13514693,1635545441,0xff3b55af14b199baf6c2aee62e6b4fd68987e3f479f7478ac1228b0da057d2cf,22136,0x35e49a88762efdaaf5cf375e9445bce3ee4c76147b572a7ddc5064fb38a33213,0x000000005736775feb0c8568e7dee77222a26880,0xccc8cb5229b0ac8069c51fd58367fd1e622afd97,0x295685c8fe08d8192981d21ea1fe856a07443920,4316545769151138148704,Gods Unchained,GODS,18,2,500000,3877041713346,77993,275108,deprecated,0x00000001,relay1GsWnfsIQROy(),11546839
13514693,1635545441,0x4a28bd5b31975b02293db4bf2c9c4e7c69a766c6c6c476aad8024b8afcaa0b63,35859,0x35e49a88762efdaaf5cf375e9445bce3ee4c76147b572a7ddc5064fb38a33213,0x0000006daea1723962647b7e189d311d757fb793,0xccc8cb5229b0ac8069c51fd58367fd1e622afd97,0x295685c8fe08d8192981d21ea1fe856a07443920,8567294206917280689180,Gods Unchained,GODS,18,103,320000,203290283206,126089,6056319,deprecated,0x178979ae,,11546839
13514693,1635545441,0x33f98f49e2b4a29fde5cff7833359a8c9961af1782d09c58238123291a2cf96a,3201,0x35e49a88762efdaaf5cf375e9445bce3ee4c76147b572a7ddc5064fb38a33213,0x295685c8fe08d8192981d21ea1fe856a07443920,0xccc8cb5229b0ac8069c51fd58367fd1e622afd97,0x1c012b03f1c2dea274d2eeeb566b0eeabfe3af1a,9325165682559819781110,Gods Unchained,GODS,18,187,136000,186000000000,94431,11366135,deprecated,0xd9627aa4,"sellToUniswap(address[] tokens, uint256 sellAmount, uint256 minBuyAmount, bool isSushi)",11546839
13514693,1635545441,0xd208dd092be7f3630bbbfbf71b29d9a673d522c746eb6960f72e5e2858555df8,488,0x35e49a88762efdaaf5cf375e9445bce3ee4c76147b572a7ddc5064fb38a33213,0x3fc711dc1fbede234ccf6975fc089163a292af67,0xccc8cb5229b0ac8069c51fd58367fd1e622afd97,0x295685c8fe08d8192981d21ea1fe856a07443920,1000000000000000000000,Gods Unchained,GODS,18,373,193626,162248154919,159045,25637824,deprecated,0x38ed1739,"swapExactTokensForTokens(uint256 amountIn, uint256 amountOutMin, address[] path, address to, uint256 deadline)",11546839
13514694,1635545485,0x5f2034331c98907949d52c68b99ce274652b9b2b3f239c30058540eb96204ee7,1127,0xad543274a6704626425fbe856f9fb7ec92fbce88c1eb5dd30ec060eda1c3b35a,0x5fdcca53617f4d2b9134b29090c87d01058e27e9,0xccc8cb5229b0ac8069c51fd58367fd1e622afd97,0xfeea4cd7a96dcffbdc6d2e6c814eb4544ab62667,405920000000000000000,Gods Unchained,GODS,18,224,98246,181344396943,91403,15244544,deprecated,0x441a3e70,"withdraw(uint256 _eth, uint256 _wei)",11546838
13514697,1635545503,0xedd16f0823da92cbae8fd7ba435c0d8411febb08a9c14c2e81c9c3f90a6d4c10,64,0x8bedd76b1d28d9d06a4f7dbf4f2e13c7c9e569c00af7f9fae05f62f52eb5e270,0x5fdcca53617f4d2b9134b29090c87d01058e27e9,0xccc8cb5229b0ac8069c51fd58367fd1e622afd97,0x2a7bcf45a561e30bf56160149b14c51564473633,385660300000000000000,Gods Unchained,GODS,18,211,98246,167986836616,91403,12791719,deprecated,0x441a3e70,"withdraw(uint256 _eth, uint256 _wei)",11546835
13514700,1635545523,0x837bdd55be4956402e7bf7a31a5e9822329b2effaf825c3e028dcdfe54e12237,3041,0xb607c1f428dc385585e0171d28e865d445ec611f4d87895fc71be5dd32ea455e,0x9e6e058c06c7ceeb6090e8438fc722f7d34188a3,0xccc8cb5229b0ac8069c51fd58367fd1e622afd97,0x295685c8fe08d8192981d21ea1fe856a07443920,1000000000000000000000,Gods Unchained,GODS,18,217,174207,170000000000,120591,13891591,deprecated,0x18cbafe5,"swapExactTokensForETH(uint256 amountIn, uint256 amountOutMin, address[] path, address to, uint256 deadline)",11546832
13514701,1635545569,0xd530130fb5538cf5e9bba64226ed1564a3a3235b5803727b24464ec51b3c9da6,155354,0x691ba667bc8c5c98dc5666986ac0da7a2ba664f4db0b6c716c7315d91670d2e3,0x0000006daea1723962647b7e189d311d757fb793,0xccc8cb5229b0ac8069c51fd58367fd1e622afd97,0x295685c8fe08d8192981d21ea1fe856a07443920,11154420888398570373658,Gods Unchained,GODS,18,8,320000,247647793124,136649,861223,deprecated,0x178979ae,,11546831
13514701,1635545569,0x3da587e2950efc9a733be16ec021b53667aa1681995839ee934e8e53ce5e3c57,53,0x691ba667bc8c5c98dc5666986ac0da7a2ba664f4db0b6c716c7315d91670d2e3,0x5fdcca53617f4d2b9134b29090c87d01058e27e9,0xccc8cb5229b0ac8069c51fd58367fd1e622afd97,0x010349096105e83557fd8ecc2b269d2d2dbff593,384000000000000000000,Gods Unchained,GODS,18,216,98234,169041969074,91391,22356949,deprecated,0x441a3e70,"withdraw(uint256 _eth, uint256 _wei)",11546831
13514704,1635545575,0x48594cf0c4d10884199c4afff02655eb1904ca332b234a940d6548ea8baf34b4,101,0xb18e6e5f83aed62292a6d1ad9036fcfef5135329bf923727dba7fdc36ea2c121,0x9fcf43cd19e7521f5f4d134820c832e2492c2cf4,0xccc8cb5229b0ac8069c51fd58367fd1e622afd97,0x603d188e7033aa06da67320d57845fc67f4a119a,386907800000000000000,Gods Unchained,GODS,18,228,78787,156508714817,47725,14154026,deprecated,0xa9059cbb,"transfer(address _to, uint256 _value)",11546828
13514706,1635545635,0x596f4689d1f6ce76008df5644e54e0441315951d12c72a24f478305a455a57b4,592,0xfb4aaa7bd1d10c6595174c2f55cfcf453c15c12235e4df5afd76c3cceb299820,0x5fdcca53617f4d2b9134b29090c87d01058e27e9,0xccc8cb5229b0ac8069c51fd58367fd1e622afd97,0xeb4ebdb34050fc9119327af4438d301db05e9b21,5186626000000000000000,Gods Unchained,GODS,18,208,98246,175254022129,91403,17541786,deprecated,0x441a3e70,"withdraw(uint256 _eth, uint256 _wei)",11546826
13514709,1635545658,0xf8c471e8ee28037ef32fe0025c64e477e9cad736ef6c18013046c547d7628930,8159,0x8fca2f64cee265de4cb4445aed0562407b75795c22376bf9afd6793377d2d2da,0x5fdcca53617f4d2b9134b29090c87d01058e27e9,0xccc8cb5229b0ac8069c51fd58367fd1e622afd97,0x12ef2cd4231d5cf655a6cdd4ac1524ffaa439c17,384918600000000000000,Gods Unchained,GODS,18,93,98246,168331447657,91403,5299294,deprecated,0x441a3e70,"withdraw(uint256 _eth, uint256 _wei)",11546823
13514722,1635545796,0x368ee1b477e4e59d4ef6eec013b124dac70988f23c37c1b78ade84cb93d5c9cd,1,0xe196759967cb53eb668b5ab1379597052c11b2f406fc11fcbc5fb5b96e713c5e,0x295685c8fe08d8192981d21ea1fe856a07443920,0xccc8cb5229b0ac8069c51fd58367fd1e622afd97,0x74de5d4fcbf63e00296fd95d33236b9794016631,1053505609646417394238,Gods Unchained,GODS,18,152,219521,150465152771,175975,10468210,deprecated,0x5f575529,"swap(string aggregatorId, address tokenFrom, uint256 amount, bytes data)",11546810
13514722,1635545796,0x368ee1b477e4e59d4ef6eec013b124dac70988f23c37c1b78ade84cb93d5c9cd,1,0xe196759967cb53eb668b5ab1379597052c11b2f406fc11fcbc5fb5b96e713c5e,0x74de5d4fcbf63e00296fd95d33236b9794016631,0xccc8cb5229b0ac8069c51fd58367fd1e622afd97,0x3c74df40b468f4b593b89011b9195d153f26d178,1053505609646417394238,Gods Unchained,GODS,18,152,219521,150465152771,175975,10468210,deprecated,0x5f575529,"swap(string aggregatorId, address tokenFrom, uint256 amount, bytes data)",11546810
13514722,1635545796,0xd9d64d6ef4b66e63319cefe00bb99db4fb6b786a39f07adc7fd60aa16fc69208,496,0xe196759967cb53eb668b5ab1379597052c11b2f406fc11fcbc5fb5b96e713c5e,0x5fdcca53617f4d2b9134b29090c87d01058e27e9,0xccc8cb5229b0ac8069c51fd58367fd1e622afd97,0x1fd252771bc2dfd38ec774efeeb3c6ab7e8e535b,1000000000000000000000,Gods Unchained,GODS,18,330,98234,149965152771,91391,25068175,deprecated,0x441a3e70,"withdraw(uint256 _eth, uint256 _wei)",11546810
13514722,1635545796,0xc3447b977a3d91c71d3fac1643c8bf71c8e9385b5388f01eb23bcf7dd3484a9f,3,0xe196759967cb53eb668b5ab1379597052c11b2f406fc11fcbc5fb5b96e713c5e,0x5fdcca53617f4d2b9134b29090c87d01058e27e9,0xccc8cb5229b0ac8069c51fd58367fd1e622afd97,0xd0da87deb5d8c47b0d3006baf2eb717f3c1ba274,384100000000000000000,Gods Unchained,GODS,18,349,98246,149965152771,91403,26734543,deprecated,0x441a3e70,"withdraw(uint256 _eth, uint256 _wei)",11546810
13514723,1635545800,0x8a03ea0fde8ad232824c250de26657f5d931f4c64f84635e0bf8c047cac2210a,0,0x254bd5de42e2ef5d783f23ba2e5c4283228a354a2c65b13ed61ce573a19eb846,0x603d188e7033aa06da67320d57845fc67f4a119a,0xccc8cb5229b0ac8069c51fd58367fd1e622afd97,0x6cc5f688a315f3dc28a7781717a9a798a59fda7b,386907799999999999999,Gods Unchained,GODS,18,28,105000,186000000000,35437,2094852,deprecated,0xa9059cbb,"transfer(address _to, uint256 _value)",11546809
13514724,1635545813,0x86a6c3a5593abfb36c3255630212ae260121d8719f24cb26ff685af189e7c10a,65,0x22c6ad49e01a9b6bc3711de4c0ac01e696372010683abc59114a55eb6dd76779,0x2a7bcf45a561e30bf56160149b14c51564473633,0xccc8cb5229b0ac8069c51fd58367fd1e622afd97,0xacaf5637da5b01ee106419cd53db4ce2e3b0fbab,385660300000000000000,Gods Unchained,GODS,18,406,78787,157358716508,47725,23581525,deprecated,0xa9059cbb,"transfer(address _to, uint256 _value)",11546808
13514727,1635545846,0xfb99479bbff79454ef1968bfeabb90edaba4be91667372f2542a3b72de858612,302,0x2c2c2bed64626a67d7e20cb5b979df152c83ad21fdab21b8b15fb9bd1be9c69a,0xadbdd54e5a07a69a9fd2dcea0cec79412b524b69,0xccc8cb5229b0ac8069c51fd58367fd1e622afd97,0xe7ecc2ab7aa43c163f7f3a838c6986aa980eb9af,445700000000000000000,Gods Unchained,GODS,18,225,78769,151019117130,47713,15182962,deprecated,0xa9059cbb,"transfer(address _to, uint256 _value)",11546805
13514734,1635545904,0x97dae9640a32ce9e596316bb816983402fc3b5410552e1163ff802013cf84805,0,0xf9125e206ad59b5454d6d6394e4a91c60d4dcdbfdaa359a4c17af27d4176245f,0xacaf5637da5b01ee106419cd53db4ce2e3b0fbab,0xccc8cb5229b0ac8069c51fd58367fd1e622afd97,0x6cc5f688a315f3dc28a7781717a9a798a59fda7b,385660299999999999999,Gods Unchained,GODS,18,24,105000,183000000000,35437,1515429,deprecated,0xa9059cbb,"transfer(address _to, uint256 _value)",11546798
13514737,1635545956,0xcce10e642d8e27a6e1b404453564d7a4e7c3b1d5f7ae280ee1507bad8ea1d743,4,0xe117eeed38461cd6aa4d793c4857308a1b74b7f71fa8a46857837678fef1ed60,0x5fdcca53617f4d2b9134b29090c87d01058e27e9,0xccc8cb5229b0ac8069c51fd58367fd1e622afd97,0x39ad78da51850e74340d44cbdf01e29dfa24f8a4,380000000000000000000,Gods Unchained,GODS,18,77,98246,156657587181,91403,7776157,deprecated,0x441a3e70,"withdraw(uint256 _eth, uint256 _wei)",11546795
13514737,1635545956,0xa76126b7427fbdc292dc0d1146422856b55de45f9953a43337c2c6a82a8abd6f,191,0xe117eeed38461cd6aa4d793c4857308a1b74b7f71fa8a46857837678fef1ed60,0x0c387030a5d3acdcde1a8ddaf26df31bbc1ce763,0xccc8cb5229b0ac8069c51fd58367fd1e622afd97,0x9b6dfb1f153a7b75e8b1c77f26931540491014c4,387851900000000000000,Gods Unchained,GODS,18,101,78787,156657587181,47725,10803626,deprecated,0xa9059cbb,"transfer(address _to, uint256 _value)",11546795
13514739,1635545971,0xcfb0c796702127e04bfc4681c104ebe98462f91f5529b8666dac3df9ed4a7108,3,0xe1ab8e7581cdf3e3f07d0b035f50ba166b35f518e0cf0a3d285e5ac541bda303,0xd523364f3e9f766d084458392de3feeffbcccd39,0xccc8cb5229b0ac8069c51fd58367fd1e622afd97,0x6cc5f688a315f3dc28a7781717a9a798a59fda7b,383000000000000000000,Gods Unchained,GODS,18,63,105000,185000000000,35413,3810400,deprecated,0xa9059cbb,"transfer(address _to, uint256 _value)",11546793
13514745,1635546030,0x24f2a9ea60d035ba7aa21aa7f7285c01e849c37c8e6bd7bdbdf3a4545427cfc5,1,0xabf7ac3a1dfc39b11a37ab2bb361780111626f275593a87d9d65a9115a2ced27,0x9b6dfb1f153a7b75e8b1c77f26931540491014c4,0xccc8cb5229b0ac8069c51fd58367fd1e622afd97,0x6cc5f688a315f3dc28a7781717a9a798a59fda7b,387851899999999999999,Gods Unchained,GODS,18,116,105000,184000000000,35437,7824908,deprecated,0xa9059cbb,"transfer(address _to, uint256 _value)",11546787
13514751,1635546130,0xfc266a9060bfef439e8b41e9a90a481632e0e97ce6d18db9dc977d624f637828,53,0x3147b529f88544c61e8912f90715fbc0b1bc3e5427dd90402e6267c416b65b39,0x295685c8fe08d8192981d21ea1fe856a07443920,0xccc8cb5229b0ac8069c51fd58367fd1e622afd97,0xdf9d89702b3b9e0b37690c86d0fab5d1ef0767b4,131610411779917561510,Gods Unchained,GODS,18,163,175786,148251805417,120981,18979201,deprecated,0x7ff36ab5,"swapExactETHForTokens(uint256 amountOutMin, address[] path, address to, uint256 deadline)",11546781
13514752,1635546132,0xa7da30082f1bb3c66f7658b545bf93cd1bfb0ee5570040b91d0b28d90e1b6129,594,0xbd8a1a9c8b0c93a62632593b3e99ca941fef7c4adb96f90f1aa6f2e671a7f340,0xeb4ebdb34050fc9119327af4438d301db05e9b21,0xccc8cb5229b0ac8069c51fd58367fd1e622afd97,0x295685c8fe08d8192981d21ea1fe856a07443920,5186626000000000000000,Gods Unchained,GODS,18,439,174222,166467073555,115803,27614614,deprecated,0x18cbafe5,"swapExactTokensForETH(uint256 amountIn, uint256 amountOutMin, address[] path, address to, uint256 deadline)",11546780
13514754,1635546207,0x5c5cdf5f6757b01d6bf4029eb9d8355a454003520f3913e44a24e84f14581009,531,0xe32f2b74b354c6d9986753ba9643dce2d74ded91e7e7968110e770fd548dd58b,0xb212fbcbcf20936824a258a1632aa86305a0c839,0xccc8cb5229b0ac8069c51fd58367fd1e622afd97,0xcca568dd17effa62a558518e8a5a7477f3fceb5f,1512000000000000000000,Gods Unchained,GODS,18,474,78769,183307444168,52513,26193679,deprecated,0xa9059cbb,"transfer(address _to, uint256 _value)",11546778
13514754,1635546207,0x38253fd597fbd9744c7fb83fce47d937a9a4bc6066a2bd5a255a0af40273f3f2,5126,0xe32f2b74b354c6d9986753ba9643dce2d74ded91e7e7968110e770fd548dd58b,0x5fdcca53617f4d2b9134b29090c87d01058e27e9,0xccc8cb5229b0ac8069c51fd58367fd1e622afd97,0x587a533ae239db6d5efad5b9906a4a4b2803951b,1525671000000000000000,Gods Unchained,GODS,18,509,98246,183307444168,91403,28684663,deprecated,0x441a3e70,"withdraw(uint256 _eth, uint256 _wei)",11546778
13514757,1635546257,0xdea9549a3bc523982d571c1f50e7a018288e254739dcffb67ca1e02aef9144ae,30,0xdca2cefafcba832b252c016267d52055496e0fdcc1cffba41e5d613a69d5e251,0x5fdcca53617f4d2b9134b29090c87d01058e27e9,0xccc8cb5229b0ac8069c51fd58367fd1e622afd97,0x3f9c6c0bb330f176d260dfd54462b6f0d31c03ea,384000000000000000000,Gods Unchained,GODS,18,279,98246,170172150788,91403,19585101,deprecated,0x441a3e70,"withdraw(uint256 _eth, uint256 _wei)",11546775
13514760,1635546272,0x0075a50771bd0548a45d8cc67552676f64ac481a775899f8f10519cd205e4d0e,22139,0xcc990281b82e07546fc35972dd6f2d209713211aed88c3f59860233ebebb6575,0x295685c8fe08d8192981d21ea1fe856a07443920,0xccc8cb5229b0ac8069c51fd58367fd1e622afd97,0x000000005736775feb0c8568e7dee77222a26880,5499855088461207456795,Gods Unchained,GODS,18,0,500000,158289617207,88368,88368,deprecated,0x00000001,relay1GsWnfsIQROy(),11546772
13514760,1635546272,0xc9daf4dd0c2378affd23e3eb8aa5e2c6bd7d2bcadba6720421edd85083fdc554,3202,0xcc990281b82e07546fc35972dd6f2d209713211aed88c3f59860233ebebb6575,0x295685c8fe08d8192981d21ea1fe856a07443920,0xccc8cb5229b0ac8069c51fd58367fd1e622afd97,0x1c012b03f1c2dea274d2eeeb566b0eeabfe3af1a,9659569067234097888062,Gods Unchained,GODS,18,1,136000,178000000000,94431,182799,deprecated,0xd9627aa4,"sellToUniswap(address[] tokens, uint256 sellAmount, uint256 minBuyAmount, bool isSushi)",11546772
13514760,1635546272,0x1437294a3c3992c1830b38dfa9587afb2d0507d94f7cae893f9cee6b72fcbf4b,22140,0xcc990281b82e07546fc35972dd6f2d209713211aed88c3f59860233ebebb6575,0x000000005736775feb0c8568e7dee77222a26880,0xccc8cb5229b0ac8069c51fd58367fd1e622afd97,0x295685c8fe08d8192981d21ea1fe856a07443920,5499855088461207456794,Gods Unchained,GODS,18,2,500000,9852883007622,78029,260828,deprecated,0x00000001,relay1GsWnfsIQROy(),11546772
13514760,1635546272,0x701b0b7c0cc0480641f2ef261c0540cdb900105b21f615c2b2621af7487ab9bc,0,0xcc990281b82e07546fc35972dd6f2d209713211aed88c3f59860233ebebb6575,0xe7ecc2ab7aa43c163f7f3a838c6986aa980eb9af,0xccc8cb5229b0ac8069c51fd58367fd1e622afd97,0x6cc5f688a315f3dc28a7781717a9a798a59fda7b,445699999999999999999,Gods Unchained,GODS,18,124,105000,164000000000,35437,6682242,deprecated,0xa9059cbb,"transfer(address _to, uint256 _value)",11546772
13514761,1635546276,0x84a62e586c4e99659e477fd87a7785c009eccb5f6da96604f60c1a18d4cdcbe3,290,0x1cf2f4e1fb0ff854d066015b0f54c1b47cd00dca7404c45eba430cf35f862a1e,0x5fdcca53617f4d2b9134b29090c87d01058e27e9,0xccc8cb5229b0ac8069c51fd58367fd1e622afd97,0x5e4868e860a6e12cd4decb5b262e15208a9479f2,384000000000000000000,Gods Unchained,GODS,18,134,98246,165955025101,91403,6487148,deprecated,0x441a3e70,"withdraw(uint256 _eth, uint256 _wei)",11546771
13514763,1635546300,0x93085166caa7271bcba1a5b43587c4ad3bb5e6c9a7353c8931f84f5048e89b8c,155356,0x31912b52eda03b9b7b00a6c7a200e118c6e902a117232f38f95eb40faf5915aa,0x0000006daea1723962647b7e189d311d757fb793,0xccc8cb5229b0ac8069c51fd58367fd1e622afd97,0x295685c8fe08d8192981d21ea1fe856a07443920,9634299972203286938076,Gods Unchained,GODS,18,6,320000,230818128670,136637,577071,deprecated,0x178979ae,,11546769
13514770,1635546347,0x9b3c55100c478ea54c5ecb9ef2c723f1ec5141ac05bf99ee5a5406d7a25377b2,1,0xfdbaf84ff30a72da540d68e511de2c991faa6afb2ffffb7a9f2ee2eb8752c9b8,0x5fdcca53617f4d2b9134b29090c87d01058e27e9,0xccc8cb5229b0ac8069c51fd58367fd1e622afd97,0x62bee234b4066af4709dee5fd3ffced6782f5c0d,383907100000000000000,Gods Unchained,GODS,18,189,98246,127068900475,91403,15884610,deprecated,0x441a3e70,"withdraw(uint256 _eth, uint256 _wei)",11546762
13514772,1635546382,0xc20a3be24b37ba08b53c9ef52092004c70fcdd60083b26f8e4abb0290a3f7701,6,0xffb2f22021124d8ffcc4f93f1ae46b3beab39215a4584cf0c6b41e74c5a0d5cf,0x39ad78da51850e74340d44cbdf01e29dfa24f8a4,0xccc8cb5229b0ac8069c51fd58367fd1e622afd97,0xd523364f3e9f766d084458392de3feeffbcccd39,380000000000000000000,Gods Unchained,GODS,18,254,53119,145562726939,30613,17206093,deprecated,0xa9059cbb,"transfer(address _to, uint256 _value)",11546760
13514772,1635546382,0x46cf2e7bc44c3c8cf746a8cb44058f91038066220df4c812da93b59302a03343,54,0xffb2f22021124d8ffcc4f93f1ae46b3beab39215a4584cf0c6b41e74c5a0d5cf,0x010349096105e83557fd8ecc2b269d2d2dbff593,0xccc8cb5229b0ac8069c51fd58367fd1e622afd97,0x437b6b5f169abcb68ab6a5a2efbd685371f1fe04,384000000000000000000,Gods Unchained,GODS,18,257,78751,145562726939,47701,17722980,deprecated,0xa9059cbb,"transfer(address _to, uint256 _value)",11546760
13514773,1635546397,0x8327828e6eadb1b0b00720ec80fadcaa643575f0e5b9bc16e3e8f2722bb6ec25,0,0x98766e89ed7fc0ec0685f2e2a34385518a679c9e268f6aabeed61dcb0186d011,0xcca568dd17effa62a558518e8a5a7477f3fceb5f,0xccc8cb5229b0ac8069c51fd58367fd1e622afd97,0x6cc5f688a315f3dc28a7781717a9a798a59fda7b,1511999999999999999999,Gods Unchained,GODS,18,154,105000,184000000000,35437,11947385,deprecated,0xa9059cbb,"transfer(address _to, uint256 _value)",11546759
13514778,1635546502,0xbc341870297e16c4bd25729dd6033a067169b508cf8876c2aab51a53e77b5770,1,0x6ffc9d64075c72e539daa296b942e1b9284c9b52a97051bc28e16c80ddaad677,0xf0d6b1c97ac263d14c00d65c170c596a88c79b0e,0xccc8cb5229b0ac8069c51fd58367fd1e622afd97,0x2ddd7556ffa8a07113d9efd439bc6367c0f6347a,384446500000000000000,Gods Unchained,GODS,18,209,78787,173416182091,47725,16840292,deprecated,0xa9059cbb,"transfer(address _to, uint256 _value)",11546754
13514785,1635546584,0x935007955395a073bd453943d30ee6c233b970b42abe9b4006ed2c5743751318,4,0x75003274e01ae58e974151134da0e112b8a1ac9af490e648507fd18ff42e5ce2,0xd523364f3e9f766d084458392de3feeffbcccd39,0xccc8cb5229b0ac8069c51fd58367fd1e622afd97,0x6cc5f688a315f3dc28a7781717a9a798a59fda7b,380000000000000000000,Gods Unchained,GODS,18,9,105000,257000000000,35413,1168478,deprecated,0xa9059cbb,"transfer(address _to, uint256 _value)",11546747
13514789,1635546626,0x56e42ca3269a8b858ba1c27797b2e43d4ffeefc76a1894e27cf7c6cf8fe9f95e,0,0x0bf71663e784a9e020228d16ee632a4e5cd41bd6fdba6a69ca806919a1fa1b81,0x2ddd7556ffa8a07113d9efd439bc6367c0f6347a,0xccc8cb5229b0ac8069c51fd58367fd1e622afd97,0x6cc5f688a315f3dc28a7781717a9a798a59fda7b,384446499999999999999,Gods Unchained,GODS,18,15,105000,247000000000,35437,1800289,deprecated,0xa9059cbb,"transfer(address _to, uint256 _value)",11546743
13514789,1635546626,0x10359087fc432bc2fb21979cc452971bd3f3b6c9f18296755ffbeec5bb6a598c,0,0x0bf71663e784a9e020228d16ee632a4e5cd41bd6fdba6a69ca806919a1fa1b81,0x437b6b5f169abcb68ab6a5a2efbd685371f1fe04,0xccc8cb5229b0ac8069c51fd58367fd1e622afd97,0x6cc5f688a315f3dc28a7781717a9a798a59fda7b,383999999999999999999,Gods Unchained,GODS,18,16,105000,247000000000,35437,1835726,deprecated,0xa9059cbb,"transfer(address _to, uint256 _value)",11546743
13514789,1635546626,0x9a435847b84ed47d52f221a7f9423e892ac6dfb761b738bac3a9b7a1f47ee524,833,0x0bf71663e784a9e020228d16ee632a4e5cd41bd6fdba6a69ca806919a1fa1b81,0x5fdcca53617f4d2b9134b29090c87d01058e27e9,0xccc8cb5229b0ac8069c51fd58367fd1e622afd97,0x5586e3a0e6c349fa927fa07edb1afb9e59c00b2b,502014800000000000000,Gods Unchained,GODS,18,429,98246,168489530758,91403,28693971,deprecated,0x441a3e70,"withdraw(uint256 _eth, uint256 _wei)",11546743
13514793,1635546671,0x6764ff6944c2913ca51ae2af8cf5da83b7440c95bb44b0a9b242a1460c597ed0,8,0xa2e7bfc6e3322f9bb736d8ef7bbd58938cc3b457b8ce8070ee1b961460e99bff,0x5fdcca53617f4d2b9134b29090c87d01058e27e9,0xccc8cb5229b0ac8069c51fd58367fd1e622afd97,0xd240009f522ab665652a014822be4e3b5175fc78,385990000000000000000,Gods Unchained,GODS,18,202,98246,156940771736,91403,12990240,deprecated,0x441a3e70,"withdraw(uint256 _eth, uint256 _wei)",11546739
13514793,1635546671,0xbdab8b993dcde19e123d18fcfd5596664e647bd7519d53c3bf3427acd0dd139b,3204,0xa2e7bfc6e3322f9bb736d8ef7bbd58938cc3b457b8ce8070ee1b961460e99bff,0x1c012b03f1c2dea274d2eeeb566b0eeabfe3af1a,0xccc8cb5229b0ac8069c51fd58367fd1e622afd97,0x295685c8fe08d8192981d21ea1fe856a07443920,51273533175007375749679,Gods Unchained,GODS,18,212,222723,156940771736,154919,13465169,deprecated,0xf305d719,"addLiquidityETH(address token, uint256 amountTokenDesired, uint256 amountTokenMin, uint256 amountETHMin, address to, uint256 deadline)",11546739
13514795,1635546689,0xfc85a61559f8a324cbf9b696ced0c80994a96fd490fb7c3e8ca13ea5584b5c2f,155359,0x96f9a05f219084ed48563260105c1fde07c9b3ea33d1e5e82c64df82ab25baf8,0x295685c8fe08d8192981d21ea1fe856a07443920,0xccc8cb5229b0ac8069c51fd58367fd1e622afd97,0x0000006daea1723962647b7e189d311d757fb793,2553292469249261584244,Gods Unchained,GODS,18,9,320000,245481071327,126491,1667918,deprecated,0x178979ae,,11546737
13514801,1635546769,0x16798e1aef71e87c70cc112f03ad8764fe621e09d5beed4b3d48def3b47bfdf6,33,0x0b1bd12e28b910d2e390755187f18922f2fbd4dabe80a0b96329bf177cff740a,0x5fdcca53617f4d2b9134b29090c87d01058e27e9,0xccc8cb5229b0ac8069c51fd58367fd1e622afd97,0x0d8fbfce9018950e97ea5b10f4dce118f02fda81,384446500000000000000,Gods Unchained,GODS,18,251,98246,161280046776,91403,16514307,deprecated,0x441a3e70,"withdraw(uint256 _eth, uint256 _wei)",11546731
13514805,1635546857,0x1435a8321a887085fea62b4cf3e2a794314ea3fccb6aab98e92219eaa1945cc6,7,0xf426bcff69892119fdf9789841f7b8737cda08dac7fb13758840ca5db5b088d3,0xf67e0c180cfb090a9ce5c19888c59381954e5f08,0xccc8cb5229b0ac8069c51fd58367fd1e622afd97,0xb548f3053c032cf1a455380ad14dbea9ea07424a,388020500000000000000,Gods Unchained,GODS,18,199,78787,193405822950,47725,8577050,deprecated,0xa9059cbb,"transfer(address _to, uint256 _value)",11546727
13514806,1635546881,0xbc71797843109ee2e1bf734e26b2a57f20148c1d56acf2cfb8172a1e48601259,122611,0x92b57a3ed1b15e132a5d947d1c897854f2d8d67222134b79615269c7c99818ce,0x295685c8fe08d8192981d21ea1fe856a07443920,0xccc8cb5229b0ac8069c51fd58367fd1e622afd97,0x0000006daea1723962647b7e189d311d757fb793,2483389283779066897865,Gods Unchained,GODS,18,2,320000,234779728881,126491,309340,deprecated,0x178979ae,,11546726
13514813,1635546953,0x074751953c7837250ab4d445f364bf665089a7c9fd55ed280c537f87c4785bb6,9,0xd5efae5745246b063eb7d5f86f434fb55744e9a50827f069c13ca5e9441bf363,0xd240009f522ab665652a014822be4e3b5175fc78,0xccc8cb5229b0ac8069c51fd58367fd1e622afd97,0x1e889230bf1fbac254c2369410f2ad9fd918a161,385990000000000000000,Gods Unchained,GODS,18,300,78769,166177266115,47713,21562105,deprecated,0xa9059cbb,"transfer(address _to, uint256 _value)",11546719
13514813,1635546953,0x44bf77ad1bfdda236cc661eed4fb0ef24054d0bcb609b6b53e4f6432a29b70f7,379,0xd5efae5745246b063eb7d5f86f434fb55744e9a50827f069c13ca5e9441bf363,0x5fdcca53617f4d2b9134b29090c87d01058e27e9,0xccc8cb5229b0ac8069c51fd58367fd1e622afd97,0xcc06ce8120afc5c02c8517597eadeacc810b130a,1029807000000000000000,Gods Unchained,GODS,18,332,98246,166087266115,91403,25164641,deprecated,0x441a3e70,"withdraw(uint256 _eth, uint256 _wei)",11546719
13514815,1635546968,0x5d7f535be538610eda30e1d45061c4e37f987f1885ca687625bc66b2bc852e7c,202,0x9fbafeedd48c9b03fd0b9b3059c6e670bd3c9426819f8af0a5bd7190dfc8fbac,0x5fdcca53617f4d2b9134b29090c87d01058e27e9,0xccc8cb5229b0ac8069c51fd58367fd1e622afd97,0x3a315f541003349aa597f6bfcf6df6a2feab58e1,395000000000000000000,Gods Unchained,GODS,18,135,98246,164485395443,91403,9382618,deprecated,0x441a3e70,"withdraw(uint256 _eth, uint256 _wei)",11546717
13514816,1635546980,0x6a316d961d84d8eeb395583931eee5de7002ae2f50d8f11c6b2ba3f9b5b80a7b,155363,0x646b789b87117316de7c1dddfbdbf3158a67191d63c7afef5e689afb5b2608cf,0x295685c8fe08d8192981d21ea1fe856a07443920,0xccc8cb5229b0ac8069c51fd58367fd1e622afd97,0x0000006daea1723962647b7e189d311d757fb793,7047987584576174361942,Gods Unchained,GODS,18,154,320000,213534528976,126491,8653823,deprecated,0x178979ae,,11546716
13514816,1635546980,0xe72ca017bcf2efc0c3392c88c6ba31408f3443bcb137d6b18f65e06c7d8d7c4f,0,0x646b789b87117316de7c1dddfbdbf3158a67191d63c7afef5e689afb5b2608cf,0xb548f3053c032cf1a455380ad14dbea9ea07424a,0xccc8cb5229b0ac8069c51fd58367fd1e622afd97,0x6cc5f688a315f3dc28a7781717a9a798a59fda7b,388020499999999999999,Gods Unchained,GODS,18,214,105000,193000000000,35437,11600501,deprecated,0xa9059cbb,"transfer(address _to, uint256 _value)",11546716
13514824,1635547096,0x6709fb1a00c0948c8903d957d315a89f6b9faacc3a61a583093bf25f29b4a529,0,0xc5d37bfc3eaefec7cf09da73c3d36af7fd0d8e88bd7085b484f8ff309a88466e,0x1e889230bf1fbac254c2369410f2ad9fd918a161,0xccc8cb5229b0ac8069c51fd58367fd1e622afd97,0x6cc5f688a315f3dc28a7781717a9a798a59fda7b,385989999999999999999,Gods Unchained,GODS,18,74,105000,195000000000,35437,4352329,deprecated,0xa9059cbb,"transfer(address _to, uint256 _value)",11546708
13514824,1635547096,0x4c91da7f12f4a201a15ae90d3b22f3df5e71147c37201c7407e94fd545968d0b,380,0xc5d37bfc3eaefec7cf09da73c3d36af7fd0d8e88bd7085b484f8ff309a88466e,0xcc06ce8120afc5c02c8517597eadeacc810b130a,0xccc8cb5229b0ac8069c51fd58367fd1e622afd97,0x4f0cbf059a241a0cc40f0d166cd0f388202b5472,1029807000000000000000,Gods Unchained,GODS,18,382,78787,147454379216,47725,25080296,deprecated,0xa9059cbb,"transfer(address _to, uint256 _value)",11546708
13514826,1635547164,0xbd01ca589b9bc73efc69f8b0198b6198d5aef81c1c96781e253e15d2a4bd815d,377,0x4e5f2c829052ddd0ce4ec7139643907bafa30f751ece4a31fad33c4c20b25ec7,0x5fdcca53617f4d2b9134b29090c87d01058e27e9,0xccc8cb5229b0ac8069c51fd58367fd1e622afd97,0xf7eb7637ded2696b152c7d5edee502902b0f1c91,2581189000000000000000,Gods Unchained,GODS,18,73,98246,181427874716,91403,5965317,deprecated,0x441a3e70,"withdraw(uint256 _eth, uint256 _wei)",11546706
13514827,1635547173,0xdcce0cb2771092fa9df2352ca860d22ff073987f2ce769a886b86dc0f1fc96be,203,0xef1ee801fee081508026614918c6a51fd6a34c60a9d2067a93b7b17f8614fbeb,0x3a315f541003349aa597f6bfcf6df6a2feab58e1,0xccc8cb5229b0ac8069c51fd58367fd1e622afd97,0xd3a5dcbc52cf8b077aac1933b95ff741be9a8462,395000000000000000000,Gods Unchained,GODS,18,246,78769,173298055619,47713,17503221,deprecated,0xa9059cbb,"transfer(address _to, uint256 _value)",11546705
13514827,1635547173,0x54c9a54115a30429948142a0d004025c3ce11abe337f1c5822868e457251e378,193,0xef1ee801fee081508026614918c6a51fd6a34c60a9d2067a93b7b17f8614fbeb,0x5fdcca53617f4d2b9134b29090c87d01058e27e9,0xccc8cb5229b0ac8069c51fd58367fd1e622afd97,0xcbb194a947d67964f25ff6effb6eb42693ac050a,1966004000000000000000,Gods Unchained,GODS,18,275,98234,173298055619,91391,20387741,deprecated,0x441a3e70,"withdraw(uint256 _eth, uint256 _wei)",11546705
13514830,1635547234,0xbe89bc0b6648a9a71b8257fc1982b5a874b544023339ff578a6b1c5799cdd549,1,0x3cdbf45430edf9a0f0e473ad1a5ef2c67505372513e0500bedb7a6aa769d3a8c,0x4f0cbf059a241a0cc40f0d166cd0f388202b5472,0xccc8cb5229b0ac8069c51fd58367fd1e622afd97,0x6cc5f688a315f3dc28a7781717a9a798a59fda7b,1029806999999999999999,Gods Unchained,GODS,18,16,105000,209000000000,35437,1080398,deprecated,0xa9059cbb,"transfer(address _to, uint256 _value)",11546702
13514832,1635547255,0x847f7c8aae6acc394e41031b76680ea44dada8f16f974087147453fa10eb4c26,1,0xa6878a928127c6565403ac16644d75af1b0d988eaa125ab9a71416b63ae005a7,0xd3a5dcbc52cf8b077aac1933b95ff741be9a8462,0xccc8cb5229b0ac8069c51fd58367fd1e622afd97,0x6cc5f688a315f3dc28a7781717a9a798a59fda7b,394999999999999999999,Gods Unchained,GODS,18,39,105000,207000000000,35437,2236416,deprecated,0xa9059cbb,"transfer(address _to, uint256 _value)",11546700
13514832,1635547255,0xab4fc1ae50051b2eebb0d4ba581c91cbcf23fdacf7880569ba10c9297dbf7470,13,0xa6878a928127c6565403ac16644d75af1b0d988eaa125ab9a71416b63ae005a7,0x5fdcca53617f4d2b9134b29090c87d01058e27e9,0xccc8cb5229b0ac8069c51fd58367fd1e622afd97,0xda9014a71004fdfc360586d31135d545b6d858a8,384817400000000000000,Gods Unchained,GODS,18,213,98246,172514781442,91403,13401195,deprecated,0x441a3e70,"withdraw(uint256 _eth, uint256 _wei)",11546700
13514837,1635547331,0x12debc170dddc03ec772565fe955ef8f77631a767a0bec7e949a35bafaf31135,5127,0xdb2c790ee8b584f1b70d910bcd27561a97a2c7e66dca12f7350f31498044d5b8,0x587a533ae239db6d5efad5b9906a4a4b2803951b,0xccc8cb5229b0ac8069c51fd58367fd1e622afd97,0xb21dd729f302ebbfa450c4c9fe317f1eacdbda2d,1525671000000000000000,Gods Unchained,GODS,18,286,78787,169285227564,47725,17445828,deprecated,0xa9059cbb,"transfer(address _to, uint256 _value)",11546695
13514839,1635547378,0x7c86ed77d3c43052b9efb34d7b9c400f212bb40a7b796d541f1ce1f6adfdb683,68,0x06575ffea067d3c0166036362ed7f816eeb43ae292219086413153f4d332cc4a,0x5fdcca53617f4d2b9134b29090c87d01058e27e9,0xccc8cb5229b0ac8069c51fd58367fd1e622afd97,0xe38fa0183f16fbdce648ea0d9cfa2aec5c942319,392000000000000000000,Gods Unchained,GODS,18,357,98246,184591392005,91403,18196462,deprecated,0x441a3e70,"withdraw(uint256 _eth, uint256 _wei)",11546693
13514839,1635547378,0x88e816ba3509fac23c471013b6cf673d964c9bfd12d534287e05586441361316,195,0x06575ffea067d3c0166036362ed7f816eeb43ae292219086413153f4d332cc4a,0xcbb194a947d67964f25ff6effb6eb42693ac050a,0xccc8cb5229b0ac8069c51fd58367fd1e622afd97,0x295685c8fe08d8192981d21ea1fe856a07443920,1966004000000000000000,Gods Unchained,GODS,18,422,174207,184591392005,115791,24041549,deprecated,0x18cbafe5,"swapExactTokensForETH(uint256 amountIn, uint256 amountOutMin, address[] path, address to, uint256 deadline)",11546693
13514842,1635547433,0x29a103fae4efb9a1eb0f40021c0a633aed3d6f1f3b0175dabec0e3b3693ffb6b,378,0x92cdda1ce553efe3bcef9ac64a8a33f699c9bec6228234753e2b122a5c9b5826,0x5fdcca53617f4d2b9134b29090c87d01058e27e9,0xccc8cb5229b0ac8069c51fd58367fd1e622afd97,0x5989cc6bbac8f8e3afc4143bfe57ba68ef20f84f,1977670000000000000000,Gods Unchained,GODS,18,90,98246,183987137199,91403,5477747,deprecated,0x441a3e70,"withdraw(uint256 _eth, uint256 _wei)",11546690
13514844,1635547444,0x2b5c74b1213d9545defcdcf9d77bd6573cb0e2f71d03a47c30d99acae9ad4e24,2,0xca784f7ff454d4229156542f21dc23901ca62c1df7c23bedd803528e287ed6a8,0x62bee234b4066af4709dee5fd3ffced6782f5c0d,0xccc8cb5229b0ac8069c51fd58367fd1e622afd97,0xc96ceb16f25a4216892b322f93533a89a6720248,383907100000000000000,Gods Unchained,GODS,18,298,78787,153490819341,47725,20713599,deprecated,0xa9059cbb,"transfer(address _to, uint256 _value)",11546688
13514845,1635547453,0x2b3f195bd75282997b3463cd651a39ad390bf2e32435dafbce036912b0d10161,24,0x6595e029b7a552b7eb1fecdb98d7050df065c9ef7daaf2613e0a7bb99d66deb3,0x295685c8fe08d8192981d21ea1fe856a07443920,0xccc8cb5229b0ac8069c51fd58367fd1e622afd97,0x74de5d4fcbf63e00296fd95d33236b9794016631,201129605140047836808,Gods Unchained,GODS,18,133,246465,162412849716,185693,8543677,deprecated,0x5f575529,"swap(string aggregatorId, address tokenFrom, uint256 amount, bytes data)",11546687
13514845,1635547453,0x2b3f195bd75282997b3463cd651a39ad390bf2e32435dafbce036912b0d10161,24,0x6595e029b7a552b7eb1fecdb98d7050df065c9ef7daaf2613e0a7bb99d66deb3,0x74de5d4fcbf63e00296fd95d33236b9794016631,0xccc8cb5229b0ac8069c51fd58367fd1e622afd97,0x469d2d6c69bddb7b09794b91559920e12bea57e8,201129605140047836808,Gods Unchained,GODS,18,133,246465,162412849716,185693,8543677,deprecated,0x5f575529,"swap(string aggregatorId, address tokenFrom, uint256 amount, bytes data)",11546687
13514846,1635547471,0xa22d177f6544ec2a3e3a6a37346b9cb4a6142fb7e0a4d54b464c573ab916e732,32,0x176a5ace4d410e758a83970ff3ce9ac48015909cef4a518468df79954803468f,0x3f9c6c0bb330f176d260dfd54462b6f0d31c03ea,0xccc8cb5229b0ac8069c51fd58367fd1e622afd97,0x295685c8fe08d8192981d21ea1fe856a07443920,384000000000000000000,Gods Unchained,GODS,18,254,174193,161383544007,115779,15319218,deprecated,0x18cbafe5,"swapExactTokensForETH(uint256 amountIn, uint256 amountOutMin, address[] path, address to, uint256 deadline)",11546686
13514848,1635547489,0x64d48e9787a7858b28009b8b3ce03f80c79da119fd76dfd465947a9b09ee8668,408,0xff4094e5f2a3e68ebdc20087232903e5d8470ffde209d6698b7e2c2745916a65,0x5fdcca53617f4d2b9134b29090c87d01058e27e9,0xccc8cb5229b0ac8069c51fd58367fd1e622afd97,0xe6611475f4f4b4ec6a3ec7e7960a556e380b67a0,2715818000000000000000,Gods Unchained,GODS,18,207,98246,153429350850,91403,13416893,deprecated,0x441a3e70,"withdraw(uint256 _eth, uint256 _wei)",11546684
13514848,1635547489,0xf5d88e30c8f602848a7e402938c1823080b6b784d6b56969711e95f03eab803f,651,0xff4094e5f2a3e68ebdc20087232903e5d8470ffde209d6698b7e2c2745916a65,0x5fdcca53617f4d2b9134b29090c87d01058e27e9,0xccc8cb5229b0ac8069c51fd58367fd1e622afd97,0x6f6b9a91a78c2e23ea086e45a53111ffa61195ad,463443500000000000000,Gods Unchained,GODS,18,371,98246,147228625177,91403,28545536,deprecated,0x441a3e70,"withdraw(uint256 _eth, uint256 _wei)",11546684
13514849,1635547512,0xa8aa6cd63a12165fa23a8ae172972068a3842f06bb272a12a25fa37071326918,14,0x77119d5177cfd443f7af130b3593983d2dc183850a5b190ce4939e8a49e126dd,0xda9014a71004fdfc360586d31135d545b6d858a8,0xccc8cb5229b0ac8069c51fd58367fd1e622afd97,0x239e90253e98ca2146b89f66fa3e5ca531a8b150,384817400000000000000,Gods Unchained,GODS,18,162,78787,165428415721,47725,12891977,deprecated,0xa9059cbb,"transfer(address _to, uint256 _value)",11546683
13514856,1635547602,0xe6e0b794435aaa0ba2abaaf541232d5aa7e8ede39d4fd3b013a9e45ee5dfbef3,194,0x239b44749855ac160bd7731a4e13aec3588ece6204e9c95445d766bc52a7eb89,0x5fdcca53617f4d2b9134b29090c87d01058e27e9,0xccc8cb5229b0ac8069c51fd58367fd1e622afd97,0x632eb766871b02c4e421abdf14aceafa9fbcb84d,417387200000000000000,Gods Unchained,GODS,18,199,98246,148627301752,91403,16372938,deprecated,0x441a3e70,"withdraw(uint256 _eth, uint256 _wei)",11546676
13514857,1635547612,0x23b1590ecd950e0f488b0466d17def4b18b3945e66ad488a537dcd8d9c872aeb,0,0xce6e22b4c16ea97af68843b6387e49e4f0e058b985e1add04225d9fa2640b566,0xb21dd729f302ebbfa450c4c9fe317f1eacdbda2d,0xccc8cb5229b0ac8069c51fd58367fd1e622afd97,0x6cc5f688a315f3dc28a7781717a9a798a59fda7b,1525670999999999999999,Gods Unchained,GODS,18,283,105000,205000000000,35437,21764844,deprecated,0xa9059cbb,"transfer(address _to, uint256 _value)",11546675
13514859,1635547639,0x3c8d89d1f98a33e1e7652a6423a325089176f1cf4d536de18d9d22790ffbffd2,0,0x3200e7ab52f13c4e1aac8a2d6900e7813de43858b062fb9fb3fe14a6b8734667,0x239e90253e98ca2146b89f66fa3e5ca531a8b150,0xccc8cb5229b0ac8069c51fd58367fd1e622afd97,0x6cc5f688a315f3dc28a7781717a9a798a59fda7b,384817399999999999999,Gods Unchained,GODS,18,17,105000,203000000000,35437,2038644,deprecated,0xa9059cbb,"transfer(address _to, uint256 _value)",11546673
13514859,1635547639,0xd3c326261ad29916d60ebcb9bf65a217f0669d0bd9c50cb1031522e535a38127,0,0x3200e7ab52f13c4e1aac8a2d6900e7813de43858b062fb9fb3fe14a6b8734667,0xc96ceb16f25a4216892b322f93533a89a6720248,0xccc8cb5229b0ac8069c51fd58367fd1e622afd97,0x6cc5f688a315f3dc28a7781717a9a798a59fda7b,383907099999999999999,Gods Unchained,GODS,18,18,105000,203000000000,35437,2074081,deprecated,0xa9059cbb,"transfer(address _to, uint256 _value)",11546673
13514879,1635547867,0xb848fd3820b129646d61ffc53ab86ebd9cd5b7eab57a4de3b0edcad1287b7417,31,0x2ce33ab5155ecd91a9fdc04de46adc52da136dd5187b4031d1192e401bcea112,0x5fdcca53617f4d2b9134b29090c87d01058e27e9,0xccc8cb5229b0ac8069c51fd58367fd1e622afd97,0x9c9773f43200f39202a1bb77ead079ae109b4ebb,325000000000000000000,Gods Unchained,GODS,18,41,98246,148809131153,91403,2120063,deprecated,0x441a3e70,"withdraw(uint256 _eth, uint256 _wei)",11546653
13514887,1635548017,0xab0489eb8a7430a48d985e94e8436a6ae07f8463a49026044fe714af49b03fe8,1861,0xa199d845900fa8fd2d802f29fe3675f9832b3b6f03760867c4825122ce901215,0x295685c8fe08d8192981d21ea1fe856a07443920,0xccc8cb5229b0ac8069c51fd58367fd1e622afd97,0x657b1d2f2af003e2681612a1fee94329e54ad0d5,400000000000000000000,Gods Unchained,GODS,18,126,183547,172002353350,128372,5893452,deprecated,0xfb3bdb41,"swapETHForExactTokens(uint256 amountOut, address[] path, address to, uint256 deadline)",11546645
13514888,1635548025,0x9b5fe47179bc78f2ad91b8d2b7a301a2349dc313bea89d47665fea60197344c8,112,0x3d47899b7ea18662b7b0092c7ca38f27adad41b29b30a1e63c36ca8ee43234e1,0x5fdcca53617f4d2b9134b29090c87d01058e27e9,0xccc8cb5229b0ac8069c51fd58367fd1e622afd97,0x5763164a6dc744dfe5185773235d71284ea116d1,383900000000000000000,Gods Unchained,GODS,18,169,98246,162918528247,91403,7150573,deprecated,0x441a3e70,"withdraw(uint256 _eth, uint256 _wei)",11546644
13514892,1635548053,0xa232c3e476bd1b9190f49706e90bcb62201b66885df11c8e073fcf127baa5658,11601,0x4b4824896bbd6d7901c278e142862a4137c89c934a1ebaa9b722835e87568db5,0x295685c8fe08d8192981d21ea1fe856a07443920,0xccc8cb5229b0ac8069c51fd58367fd1e622afd97,0xbc9ca5bd0f07700929f8d538233b0a9e60f4ddc5,2500000000000000000000,Gods Unchained,GODS,18,0,183547,148861265744,128372,128372,deprecated,0xfb3bdb41,"swapETHForExactTokens(uint256 amountOut, address[] path, address to, uint256 deadline)",11546640
13514892,1635548053,0x3a438754640d724727edb148fe664fc4ffcc2d95cc8361a4bd0e675e275c37ba,155377,0x4b4824896bbd6d7901c278e142862a4137c89c934a1ebaa9b722835e87568db5,0x0000006daea1723962647b7e189d311d757fb793,0xccc8cb5229b0ac8069c51fd58367fd1e622afd97,0x295685c8fe08d8192981d21ea1fe856a07443920,9461888046294779929167,Gods Unchained,GODS,18,6,320000,230683213094,126089,438943,deprecated,0x178979ae,,11546640
13514895,1635548087,0x547461455580612aa91aada6bfdf334e9287c1dfe9768ef8a4a46a3f304aa002,11602,0x99d76ba4b9688a507fd5901ea584a1650f7c7640a615d05472b3f28201c9a1d7,0x295685c8fe08d8192981d21ea1fe856a07443920,0xccc8cb5229b0ac8069c51fd58367fd1e622afd97,0xbc9ca5bd0f07700929f8d538233b0a9e60f4ddc5,2500000000000000000000,Gods Unchained,GODS,18,231,163027,160490351689,111272,12885563,deprecated,0xfb3bdb41,"swapETHForExactTokens(uint256 amountOut, address[] path, address to, uint256 deadline)",11546637
13514896,1635548125,0x733cbf5cc7208243864cccac06244b4d2ee087160e533b0fc929ed668eaba04a,222,0x5df1a21c2348ddba4a7a7fb11b43ac43ee289b663de5e7fe0cbd77f1caaff580,0x5fdcca53617f4d2b9134b29090c87d01058e27e9,0xccc8cb5229b0ac8069c51fd58367fd1e622afd97,0x3dd19ca9ff0db055e3f04cd93e7213c07e811b00,3448504000000000000000,Gods Unchained,GODS,18,244,98246,169978419478,91403,15908563,deprecated,0x441a3e70,"withdraw(uint256 _eth, uint256 _wei)",11546636
13514898,1635548151,0x0edcf41a57e00601df1695607082b26681aeeea8f717df29e8e3ea78ac272b7c,264,0xcc56dc8f79e7f42ea4bf2500e7866f34e2cf1fd72028e980e4a831fde9bf7e39,0x5fdcca53617f4d2b9134b29090c87d01058e27e9,0xccc8cb5229b0ac8069c51fd58367fd1e622afd97,0xd4bfd59d682e297bbc7f8e7bdc8f94544ab5842a,1779318000000000000000,Gods Unchained,GODS,18,147,98246,162859520329,91403,11377423,deprecated,0x441a3e70,"withdraw(uint256 _eth, uint256 _wei)",11546634
13514904,1635548198,0x8da356ab49894168c74075fc2814ecb7d0b0caae7b55b5756752b718d742135d,113,0x698493bb8b2e72e5c173b4a712ffefa16572398c839bb69e070df526560b59b4,0x5763164a6dc744dfe5185773235d71284ea116d1,0xccc8cb5229b0ac8069c51fd58367fd1e622afd97,0xd523364f3e9f766d084458392de3feeffbcccd39,220000000000000000000,Gods Unchained,GODS,18,415,53119,123314463998,35413,26955961,deprecated,0xa9059cbb,"transfer(address _to, uint256 _value)",11546628
13514909,1635548265,0xdb8f1fe29cc59533b5ed9854a3239d32b92ef1ad52b790fc6c3470a73b0c1690,5,0xce574392d66e13d239f3007446522e3deb1471cba9702d05c4c83d70f47a477a,0xd523364f3e9f766d084458392de3feeffbcccd39,0xccc8cb5229b0ac8069c51fd58367fd1e622afd97,0x6cc5f688a315f3dc28a7781717a9a798a59fda7b,220000000000000000000,Gods Unchained,GODS,18,6,105000,185000000000,35413,423898,deprecated,0xa9059cbb,"transfer(address _to, uint256 _value)",11546623
13514910,1635548269,0xc51c45920ef9b156a9f31193b368d337693b0c897aa24dc27a6d3f4a68e6c605,196,0x3c4acc16f97495c6dbe5d8a7e47bdfaf9f69f6952031e928a403031285b0f4bc,0x632eb766871b02c4e421abdf14aceafa9fbcb84d,0xccc8cb5229b0ac8069c51fd58367fd1e622afd97,0x295685c8fe08d8192981d21ea1fe856a07443920,417387200000000000000,Gods Unchained,GODS,18,344,243532,142362646088,189590,24832059,deprecated,0x38ed1739,"swapExactTokensForTokens(uint256 amountIn, uint256 amountOutMin, address[] path, address to, uint256 deadline)",11546622
13514914,1635548338,0x53a0cddf9920ba70ca7fd29f69a7519f2823bdb930aaf1796cd853ea659d5fbd,379,0xb5c820bab9abd595accd717bd5b27920364ddb9e385fe26640dab5fcedac70a4,0xf7eb7637ded2696b152c7d5edee502902b0f1c91,0xccc8cb5229b0ac8069c51fd58367fd1e622afd97,0x295685c8fe08d8192981d21ea1fe856a07443920,2581189000000000000000,Gods Unchained,GODS,18,144,161550,168897236884,115803,7872382,deprecated,0x18cbafe5,"swapExactTokensForETH(uint256 amountIn, uint256 amountOutMin, address[] path, address to, uint256 deadline)",11546618
13514916,1635548358,0x309ae57974acaac504feb9ce56ee94a4b4b0a9a5056925c5a9e6ded212d6f1e1,1240,0xd577d544259655cc4326478fa6c719299951cee8a12c67808e6636962db00f4d,0x5fdcca53617f4d2b9134b29090c87d01058e27e9,0xccc8cb5229b0ac8069c51fd58367fd1e622afd97,0x98c0fe160b049d3436d2c3c26bf454fcfad2a8c1,4888622000000000000000,Gods Unchained,GODS,18,139,98234,167000000000,91391,6334230,deprecated,0x441a3e70,"withdraw(uint256 _eth, uint256 _wei)",11546616
13514923,1635548396,0x8adbb455258cc1e8b29ed5f41c012b4ffcd40354ad46af1ed959cf04bf88dd4b,224,0x1fe24936e854b365427cb1ceb5e1dee48d9cda534fbde2a0c96ce50fc1f49761,0x3dd19ca9ff0db055e3f04cd93e7213c07e811b00,0xccc8cb5229b0ac8069c51fd58367fd1e622afd97,0x295685c8fe08d8192981d21ea1fe856a07443920,3448504000000000000000,Gods Unchained,GODS,18,361,174193,113282558382,115779,28212020,deprecated,0x18cbafe5,"swapExactTokensForETH(uint256 amountIn, uint256 amountOutMin, address[] path, address to, uint256 deadline)",11546609
13514925,1635548426,0x55b36c507b56d5b8d6dc2f183b224b3597ecbc97b7e6d50401adc0b43f02ee17,122614,0xb70a3e1b1fe8bb8c0494cebde664c48620e6e981f0d69fa87b244766654d20d1,0x295685c8fe08d8192981d21ea1fe856a07443920,0xccc8cb5229b0ac8069c51fd58367fd1e622afd97,0x0000006daea1723962647b7e189d311d757fb793,9812912979307976908505,Gods Unchained,GODS,18,36,320000,215610702058,126503,4902527,deprecated,0x178979ae,,11546607
13514930,1635548538,0x0adcc246f4d2ab49f207c56e1fc4db4ec32126d5d9e6390cf13c216361ef1030,654,0xf7034aed3e75d9c04ad7db78ec33628f6ceb55f286a3104fa7e0c2f9d80118c5,0x6f6b9a91a78c2e23ea086e45a53111ffa61195ad,0xccc8cb5229b0ac8069c51fd58367fd1e622afd97,0x295685c8fe08d8192981d21ea1fe856a07443920,463443500000000000000,Gods Unchained,GODS,18,252,174222,164388368273,115803,16849782,deprecated,0x18cbafe5,"swapExactTokensForETH(uint256 amountIn, uint256 amountOutMin, address[] path, address to, uint256 deadline)",11546602
13514944,1635548644,0x0219049a19530c0822a151f40b992b8970f0d8c45b99ef0e89d9459fab7fe6b9,1242,0x7ba87f53836f3df124ae2d57b9abcb7b0db6469b5fdfed02c0fcded3d1154394,0x98c0fe160b049d3436d2c3c26bf454fcfad2a8c1,0xccc8cb5229b0ac8069c51fd58367fd1e622afd97,0x295685c8fe08d8192981d21ea1fe856a07443920,1888622000000000000000,Gods Unchained,GODS,18,105,174207,166708791209,120591,6426466,deprecated,0x18cbafe5,"swapExactTokensForETH(uint256 amountIn, uint256 amountOutMin, address[] path, address to, uint256 deadline)",11546588
13514950,1635548718,0xe4ff9f07e5c8e124a862aa3ebed129061df20f9b7766d8e8bb38887374216f69,410,0x314dea77c17ed2cf43270b29b7c67c75025d62e7a921dd81953f724789c4b2ee,0xe6611475f4f4b4ec6a3ec7e7960a556e380b67a0,0xccc8cb5229b0ac8069c51fd58367fd1e622afd97,0x295685c8fe08d8192981d21ea1fe856a07443920,2715818000000000000000,Gods Unchained,GODS,18,53,174207,170000000000,115791,4525434,deprecated,0x18cbafe5,"swapExactTokensForETH(uint256 amountIn, uint256 amountOutMin, address[] path, address to, uint256 deadline)",11546582
13514954,1635548793,0x56d0ac27ff17221e078567cbaeb0b330c9c1e3cbac6b30a98089bdc54a83589b,19,0xd116e238cc342b15b9262ef0cf2d5eb944eef46fc4c912607530ccbb4634a369,0x5fdcca53617f4d2b9134b29090c87d01058e27e9,0xccc8cb5229b0ac8069c51fd58367fd1e622afd97,0x537340850de6a27e37829928bdec1e69b917c0d2,383907100000000000000,Gods Unchained,GODS,18,71,98246,164028903089,91403,5379769,deprecated,0x441a3e70,"withdraw(uint256 _eth, uint256 _wei)",11546578
13514957,1635548875,0xf061121acc74097db2544c9860fc26e9fcd956936c0928395dcf4be005d21400,155382,0x9acb62f47341e562a71b73d9b39ab34e0ea1fa206c9493a4598c667ab1ccae3e,0x295685c8fe08d8192981d21ea1fe856a07443920,0xccc8cb5229b0ac8069c51fd58367fd1e622afd97,0x0000006daea1723962647b7e189d311d757fb793,7100894672260653748812,Gods Unchained,GODS,18,2,320000,223120973774,126503,168503,deprecated,0x178979ae,,11546575
13514958,1635548887,0x8bb9895eb7bf94995875fd99b92ff4c23762f74d58ee02226d53c3aefc205a85,1470,0x4f446cb3453a14f9cebe9d02e59207a42b12bd1eb90a314803fb10464ab066ec,0x5fdcca53617f4d2b9134b29090c87d01058e27e9,0xccc8cb5229b0ac8069c51fd58367fd1e622afd97,0x237ec64cc27196f6a4c16abdbb558b4c518400c2,394120000000000000000,Gods Unchained,GODS,18,236,98246,168325212872,91403,15734970,deprecated,0x441a3e70,"withdraw(uint256 _eth, uint256 _wei)",11546574
13514971,1635549151,0x6495bb21f8dc3ea39b1f75558ba12e15d169e84eea54d5743dc7d6db76955269,14778,0x5d96a12eba47483b40fab970b36c558af74724de511ede6e8b4d064b3f483559,0x5fdcca53617f4d2b9134b29090c87d01058e27e9,0xccc8cb5229b0ac8069c51fd58367fd1e622afd97,0x721931508df2764fd4f70c53da646cb8aed16ace,71779670000000000000000,Gods Unchained,GODS,18,410,98246,188937618017,91403,28463133,deprecated,0x441a3e70,"withdraw(uint256 _eth, uint256 _wei)",11546561
13514977,1635549228,0x60daa7cae6318085f664b3af7ed54a0941651c9f13df671028c0cab94184838d,265,0xa4357d4049e3ae29fcbcfc59e3ccc7f6f63f4006f1efb4b26cd2f5acde0b0512,0xd4bfd59d682e297bbc7f8e7bdc8f94544ab5842a,0xccc8cb5229b0ac8069c51fd58367fd1e622afd97,0x116ba93ef17bd02b327c70ad8227ab5e9522710b,1779318000000000000000,Gods Unchained,GODS,18,47,78769,168276452764,47713,4885111,deprecated,0xa9059cbb,"transfer(address _to, uint256 _value)",11546555
13514980,1635549246,0x04849ad6759d63a461e5d9a09e5f506811660751535d3b6b77ffca7c8fdb16a5,519,0xcffaf58b2121e51d789e2dbf6a0a2b8b3b71a4344cd24963ba18b934e50aa791,0x295685c8fe08d8192981d21ea1fe856a07443920,0xccc8cb5229b0ac8069c51fd58367fd1e622afd97,0x986b63ee296da0c4f51c8ee824d26ab7bb67b317,2000000000000000000000,Gods Unchained,GODS,18,75,183547,164364347283,128372,7859758,deprecated,0xfb3bdb41,"swapETHForExactTokens(uint256 amountOut, address[] path, address to, uint256 deadline)",11546552
13514985,1635549278,0xdd28a39b0ca2de8bcfe6dfccba4291e7ecd7e62b7eb671cfdcb2903dcfa3b9fc,1472,0xeaec74a7ddf8f8b30c2edf255758ce0a3e41528189e3989b9a06ca50ddc262a2,0x237ec64cc27196f6a4c16abdbb558b4c518400c2,0xccc8cb5229b0ac8069c51fd58367fd1e622afd97,0x295685c8fe08d8192981d21ea1fe856a07443920,394120000000000000000,Gods Unchained,GODS,18,77,169075,180000000000,110652,3610316,deprecated,0xd9627aa4,"sellToUniswap(address[] tokens, uint256 sellAmount, uint256 minBuyAmount, bool isSushi)",11546547
13514995,1635549363,0x00eae6b8258ee25a0c563e21f3866e54b678308f928b00d64d3bc101bf332fb2,212,0x9174a35828d236abb6269b378f1b9d097b0fb959d0c4455998f70e026b0b6e5f,0x5fdcca53617f4d2b9134b29090c87d01058e27e9,0xccc8cb5229b0ac8069c51fd58367fd1e622afd97,0x8568870df0c68b17c9f93df2d6eae0cbb3735a60,743000000000000000000,Gods Unchained,GODS,18,306,98246,139790316358,91403,20349889,deprecated,0x441a3e70,"withdraw(uint256 _eth, uint256 _wei)",11546537
13514997,1635549382,0xac3e3b42e37735408ff0003d03ae9de3b3c4f6c8e88d5939352dbc4b9cab94da,155,0x458051f0573b351772bf9379e9f5dd2b5413612a3cf1f31050a48244e7ef7cbd,0x5fdcca53617f4d2b9134b29090c87d01058e27e9,0xccc8cb5229b0ac8069c51fd58367fd1e622afd97,0xd0865b4fb70ea178c702584abc38041e724f89cb,1496574000000000000000,Gods Unchained,GODS,18,258,98246,130339013735,91403,16294665,deprecated,0x441a3e70,"withdraw(uint256 _eth, uint256 _wei)",11546535
13514998,1635549397,0xca787929c132ef86111273bacf19fb8b0e75500e08684747169dc1384682efab,0,0x3e59f70e02c011c9d9ee18813e7659e5d5ee5d7bfc05aea8fe853b0279258ae2,0x116ba93ef17bd02b327c70ad8227ab5e9522710b,0xccc8cb5229b0ac8069c51fd58367fd1e622afd97,0x6cc5f688a315f3dc28a7781717a9a798a59fda7b,1779317999999999999999,Gods Unchained,GODS,18,42,105000,198000000000,35437,2487627,deprecated,0xa9059cbb,"transfer(address _to, uint256 _value)",11546534
13515000,1635549428,0x5e75e4ff91d9d3be058b45a2d4afcb19e52dd787aa88c1ed40d774f50112fabc,155385,0xf572b98621d34e87bb3add891c6e355153777766f13ddc35e9031642f74755dc,0x295685c8fe08d8192981d21ea1fe856a07443920,0xccc8cb5229b0ac8069c51fd58367fd1e622afd97,0x0000006daea1723962647b7e189d311d757fb793,2198879669982982485399,Gods Unchained,GODS,18,2,320000,214292876134,126479,411661,deprecated,0x178979ae,,11546532
13515004,1635549457,0xeaf83766f51635500a8aca2565e2f7d37d655190020f567dff8b31d92805af92,155386,0x08456b656487704cf991094b7d219d4ea7ea0b7885576e08baf88be0dca270a2,0x295685c8fe08d8192981d21ea1fe856a07443920,0xccc8cb5229b0ac8069c51fd58367fd1e622afd97,0x0000006daea1723962647b7e189d311d757fb793,2143087161319342726697,Gods Unchained,GODS,18,16,320000,184597148380,126491,1315146,deprecated,0x178979ae,,11546528
13515005,1635549474,0x1b73517afc6e69bf2a0aff8b1c51fc532e6c452fa1b52ff9551ebdacad2a9c3c,452,0x4a54d83714dab47c0548fe74672233fc6d4e6b930d99ed04cfefbe2376f3ec1f,0x5fdcca53617f4d2b9134b29090c87d01058e27e9,0xccc8cb5229b0ac8069c51fd58367fd1e622afd97,0x167589bf67752ccb079151fac71504d8bf8ac196,398641000000000000000,Gods Unchained,GODS,18,360,98234,133548503562,91391,21801708,deprecated,0x441a3e70,"withdraw(uint256 _eth, uint256 _wei)",11546527
13515006,1635549513,0x4ae1423e654dcb89cde58f64d9d5a32646061ec67cfb27e860cd4ad9d81424e4,258,0x4d9423fedd86052d4a9643902394ef5396b2e54b17f40f09914488e62ede3bb2,0x5fdcca53617f4d2b9134b29090c87d01058e27e9,0xccc8cb5229b0ac8069c51fd58367fd1e622afd97,0xea611e681b294c2e2137ef14b782a9e80cc6a44f,383671100000000000000,Gods Unchained,GODS,18,252,98234,149885014963,91391,13417762,deprecated,0x441a3e70,"withdraw(uint256 _eth, uint256 _wei)",11546526
13515013,1635549589,0x40a7bfc227369129fc704f5e956ec228b4456f2079649909ad2720642bfa54c3,1913,0xa28d35506bde13d64ec722bec2967d9426891e4ddc1bf349a2fe6ec77b00aaea,0x5fdcca53617f4d2b9134b29090c87d01058e27e9,0xccc8cb5229b0ac8069c51fd58367fd1e622afd97,0xa0fb525c9abaf57f34dfdbb1de6da9e8b4bf36ca,1004588000000000000000,Gods Unchained,GODS,18,428,98246,135058403063,91403,24907256,deprecated,0x441a3e70,"withdraw(uint256 _eth, uint256 _wei)",11546519
13515022,1635549744,0xb1624a351f91a98a3ad0c3906c789a53086a0b7f1a1f84ba6db8a0a057e38418,85,0x491898e37bfaa1cece3001073ce925e1fab2db19798ea6d0104c30775aa65e90,0x5fdcca53617f4d2b9134b29090c87d01058e27e9,0xccc8cb5229b0ac8069c51fd58367fd1e622afd97,0x2dcd5c2591b6617ca91b6654ea3939213dab7c38,385000000000000000000,Gods Unchained,GODS,18,99,98246,145239715657,91403,8533625,deprecated,0x441a3e70,"withdraw(uint256 _eth, uint256 _wei)",11546510
13515024,1635549782,0x4af0e645f977445d49e8849addcd0baec5e5a88b3feb2ced3966bb6bac0fb43b,1915,0x6d5d12c722f33067d8bd78910ce2bca674134bfbf7dad78fde59fe0f88a3e595,0xa0fb525c9abaf57f34dfdbb1de6da9e8b4bf36ca,0xccc8cb5229b0ac8069c51fd58367fd1e622afd97,0x295685c8fe08d8192981d21ea1fe856a07443920,1004588000000000000000,Gods Unchained,GODS,18,104,174207,154903588972,115791,7737422,deprecated,0x18cbafe5,"swapExactTokensForETH(uint256 amountIn, uint256 amountOutMin, address[] path, address to, uint256 deadline)",11546508
13515026,1635549802,0x86b58962af9c43153e2d1adc0868ab1bd7ec5e4b50cf7460edb2ef836c0a1ec0,213,0x50726b3920ec1b9fc8909496812db13bf47ca39413ad47fbcd58942d00e94cf2,0x8568870df0c68b17c9f93df2d6eae0cbb3735a60,0xccc8cb5229b0ac8069c51fd58367fd1e622afd97,0xd407d47ae10f5197c12195db124c97be40254e6a,743000000000000000000,Gods Unchained,GODS,18,138,78769,148887909522,47713,7525288,deprecated,0xa9059cbb,"transfer(address _to, uint256 _value)",11546506
13515029,1635549835,0x2cc13692afbc61c7d14cb720e9953c93eb0f1a07ec64956728e11e7dec5c831a,0,0x99d7badafab040ff7978dafd160365e0a3d800c1aba48e549a8dd85cb68a356a,0xd407d47ae10f5197c12195db124c97be40254e6a,0xccc8cb5229b0ac8069c51fd58367fd1e622afd97,0x6cc5f688a315f3dc28a7781717a9a798a59fda7b,742999999999999999999,Gods Unchained,GODS,18,81,105000,176000000000,35437,4388903,deprecated,0xa9059cbb,"transfer(address _to, uint256 _value)",11546503
13515030,1635549848,0x886d1366dcef2dc1f7d71c876c7d6984531e1c8fc0d2d945f24bd423ffe8b21b,240,0x41ed8246b0cd694bf989e612abc75b9808bd8d35f1903e93743af8aca2ff5d4e,0x74f90dbb59e9b8c4dfa0601cd303cb11e9fa4a78,0xccc8cb5229b0ac8069c51fd58367fd1e622afd97,0x295685c8fe08d8192981d21ea1fe856a07443920,1000000000000000000000,Gods Unchained,GODS,18,129,174207,143619030974,120591,7525719,deprecated,0x18cbafe5,"swapExactTokensForETH(uint256 amountIn, uint256 amountOutMin, address[] path, address to, uint256 deadline)",11546502
13515031,1635549857,0x536d94bffebcf30a8a485872205421e3ada7634b10df4fe1b1668dad047576c2,932,0x18c13dc63664e17c71915868a461dc046fdbe0eff4971b47ad772016cbb547dd,0x5fdcca53617f4d2b9134b29090c87d01058e27e9,0xccc8cb5229b0ac8069c51fd58367fd1e622afd97,0xdac7a91516112703448b5d1fbc8b679fce838e8a,533033700000000000000,Gods Unchained,GODS,18,100,98246,135084565571,91403,6679017,deprecated,0x441a3e70,"withdraw(uint256 _eth, uint256 _wei)",11546501
13515033,1635549866,0xfcef30f4e4eede7486432d98167affe8086ec1744c0d9c8ace9ea8f78475567f,156,0x6e928b00da563f70f43278c7ff19b939243070060ac60a765a2e6808096a9b33,0xd0865b4fb70ea178c702584abc38041e724f89cb,0xccc8cb5229b0ac8069c51fd58367fd1e622afd97,0x9097cd6b455e90258c4a5305be58efdae1c6b708,1496574000000000000000,Gods Unchained,GODS,18,357,78769,121285204762,47713,28231800,deprecated,0xa9059cbb,"transfer(address _to, uint256 _value)",11546499
13515037,1635549925,0x5a4eda423aa03ffd1171d6cba9b2566208c1ebc2e2edfb37c41e2d489807e5fe,3,0xdc96c583a314da4229b00d967cc8e7c189bf900659743cf35b65e09fc10aec0e,0x5fdcca53617f4d2b9134b29090c87d01058e27e9,0xccc8cb5229b0ac8069c51fd58367fd1e622afd97,0x98ec3de89799be76552f8873907028c01a0eccf0,384041900000000000000,Gods Unchained,GODS,18,266,98246,138227927412,91403,15923323,deprecated,0x441a3e70,"withdraw(uint256 _eth, uint256 _wei)",11546495
13515038,1635549944,0xbc884271e299fd18f6d1efbacd97dfc6e20f783c7f78819d560871e01983603b,934,0xf5901e530074ddb45fa89f014062ba0e91566e4fc4a45d6aed783e93c94c5cee,0xdac7a91516112703448b5d1fbc8b679fce838e8a,0xccc8cb5229b0ac8069c51fd58367fd1e622afd97,0xfe2913275dcf9f5a08064df3f0e527db1335ac36,533033700000000000000,Gods Unchained,GODS,18,189,78787,155300603632,47725,11019348,deprecated,0xa9059cbb,"transfer(address _to, uint256 _value)",11546494
13515043,1635550027,0x1135c9030448cbdd63cdc48cfb7808ba4fc89eabcc4f17fff1489dd691629ebc,2538,0x80a7d511b1fb79392cc83dda649a87331db9a832e1fd9d7ad78e33dc1df52166,0x295685c8fe08d8192981d21ea1fe856a07443920,0xccc8cb5229b0ac8069c51fd58367fd1e622afd97,0x7ae87729a49d8679f3d7fd10b00c5970397bbbb7,2203852313227583305336,Gods Unchained,GODS,18,99,147886,160978680976,112833,7025860,deprecated,0x38ed1739,"swapExactTokensForTokens(uint256 amountIn, uint256 amountOutMin, address[] path, address to, uint256 deadline)",11546489
13515047,1635550073,0xf6e64ee4cb577d4eb4fa884d72cd51bf7851605c09603c72d16c3fc99423eb7a,4,0x89d102f04f1885a654a8f723b2ce27ada225d82a931158fc0f3d743e5a923442,0x98ec3de89799be76552f8873907028c01a0eccf0,0xccc8cb5229b0ac8069c51fd58367fd1e622afd97,0xb4e74a70e6433bf1228d60b2fdae95c09d060cd7,384041900000000000000,Gods Unchained,GODS,18,179,78787,147536805607,47725,11043252,deprecated,0xa9059cbb,"transfer(address _to, uint256 _value)",11546485
13515050,1635550093,0x4b890aef62e460549b6fe552c0c8ea39d784bb84448ae901384324f30728fb1c,2064,0xc35f5bfaca8ee9531ca8a5729e78d7b538b568b8125be4473170921b62671d4d,0x5fdcca53617f4d2b9134b29090c87d01058e27e9,0xccc8cb5229b0ac8069c51fd58367fd1e622afd97,0x854f1269b659a727a2268ab86ff77cfb30bfb358,1235000000000000000000,Gods Unchained,GODS,18,369,98246,140487682873,91403,23337593,deprecated,0x441a3e70,"withdraw(uint256 _eth, uint256 _wei)",11546482
13515051,1635550119,0x31af3b69326d9cd457ef958ed5ddb8b1df5e0d37f84fa193662f561ac397b4a8,155389,0x836ee9f90b4df4668559020795ad3d4db023f2f50132fe509af756d82cdb3a7a,0x0000006daea1723962647b7e189d311d757fb793,0xccc8cb5229b0ac8069c51fd58367fd1e622afd97,0x295685c8fe08d8192981d21ea1fe856a07443920,2147152165366333150151,Gods Unchained,GODS,18,5,320000,194245067857,136637,1102443,deprecated,0x178979ae,,11546481
13515052,1635550129,0xc6c1d454deb928b61f47d6370e73138bd9dd6ed93cddcddc29dd0ef61a801d63,0,0x3793c8652613b4e21c4fc46b973cbecb6bb7448f47b00a6935d9a762f8b5bc53,0xfe2913275dcf9f5a08064df3f0e527db1335ac36,0xccc8cb5229b0ac8069c51fd58367fd1e622afd97,0x6cc5f688a315f3dc28a7781717a9a798a59fda7b,533033699999999999999,Gods Unchained,GODS,18,69,105000,172000000000,35437,2177022,deprecated,0xa9059cbb,"transfer(address _to, uint256 _value)",11546480
13515062,1635550291,0xe3bb0057bbc2264c4f587a587c65b17695b04a5ed1ecd156e479a8fdbfb9feaf,70506,0x8979d504e79014663dd79b589711fcaee89feaeab8db53c0d6e8983697ff79c4,0x295685c8fe08d8192981d21ea1fe856a07443920,0xccc8cb5229b0ac8069c51fd58367fd1e622afd97,0x9008d19f58aabd9ed0d60971565aa8510560ab41,1955534536771692085861,Gods Unchained,GODS,18,178,375214,199877879673,294501,9098751,deprecated,0x13d79a0b,MoooZ1089603480(),11546470
13515062,1635550291,0xe3bb0057bbc2264c4f587a587c65b17695b04a5ed1ecd156e479a8fdbfb9feaf,70506,0x8979d504e79014663dd79b589711fcaee89feaeab8db53c0d6e8983697ff79c4,0x9008d19f58aabd9ed0d60971565aa8510560ab41,0xccc8cb5229b0ac8069c51fd58367fd1e622afd97,0x1ace7abbe68210a9fbe1c6c30019781f3e2eaf86,1955534536771692085861,Gods Unchained,GODS,18,178,375214,199877879673,294501,9098751,deprecated,0x13d79a0b,MoooZ1089603480(),11546470
13515067,1635550359,0xe038fb366bed209b1f03281ceb4f5f5cab231de14e6a395c7f9d5a907737b7da,0,0x36c7805cd0aba7d87ca4a8a05f014a4490523de9b1db50870c9cd7a8ac23452a,0xb4e74a70e6433bf1228d60b2fdae95c09d060cd7,0xccc8cb5229b0ac8069c51fd58367fd1e622afd97,0x6cc5f688a315f3dc28a7781717a9a798a59fda7b,384041899999999999999,Gods Unchained,GODS,18,21,105000,212000000000,35437,1631408,deprecated,0xa9059cbb,"transfer(address _to, uint256 _value)",11546465
13515068,1635550370,0xc1690fcca8fd5574e7156dea71294067235ab9588005c64b9c9bbf6f80e3dca0,72,0x2bcd648c02f65ac4687ac67d022fb8fee6cedd465e89f8b8661902df680808e2,0x5fdcca53617f4d2b9134b29090c87d01058e27e9,0xccc8cb5229b0ac8069c51fd58367fd1e622afd97,0xe9a30aa19c7342c02741742ccf20fe1823ee53b7,384000000000000000000,Gods Unchained,GODS,18,127,98246,174560267338,91403,7849488,deprecated,0x441a3e70,"withdraw(uint256 _eth, uint256 _wei)",11546464
13515072,1635550418,0x672ca45108d6e0b568c89d04f79c7a88643eee8494b7864a126918af5264e388,1051,0xfb19e9a51a46546b7691df8eb490f081ef0e027274f6c816e7867eee6fc387ab,0x5fdcca53617f4d2b9134b29090c87d01058e27e9,0xccc8cb5229b0ac8069c51fd58367fd1e622afd97,0x85bf3d16fba2c6156f4ec086be8d02951da7ba14,2000698000000000000000,Gods Unchained,GODS,18,393,98234,165348977762,91391,29848046,deprecated,0x441a3e70,"withdraw(uint256 _eth, uint256 _wei)",11546460
13515076,1635550481,0x871a161f15a83ee675f802463214700c0f3dc8e74aba298dddf7c991d0053016,61,0xac6d1f2969d6b508363789a1c7a933948eee3fd64feb0f90bd65aafa1b31307b,0x295685c8fe08d8192981d21ea1fe856a07443920,0xccc8cb5229b0ac8069c51fd58367fd1e622afd97,0x8e12eaad968b97f99ef1508e8cd335cff1b4163a,210203331613122494911,Gods Unchained,GODS,18,123,243129,172853586987,194269,7702144,deprecated,0x38ed1739,"swapExactTokensForTokens(uint256 amountIn, uint256 amountOutMin, address[] path, address to, uint256 deadline)",11546456
13515076,1635550481,0x69a4cf1cc0a8a8827f1b6f5c1cdf3b6c56174aefd07985deffc630aad222d418,499,0xac6d1f2969d6b508363789a1c7a933948eee3fd64feb0f90bd65aafa1b31307b,0x5fdcca53617f4d2b9134b29090c87d01058e27e9,0xccc8cb5229b0ac8069c51fd58367fd1e622afd97,0x1f9ce9fe712c857128ee684f3c06ceb0c13a40fe,1500000000000000000000,Gods Unchained,GODS,18,149,98234,172853586987,91391,10146665,deprecated,0x441a3e70,"withdraw(uint256 _eth, uint256 _wei)",11546456
13515084,1635550589,0x8497c270ac1ac860984ecaa8fe6c00f6301deeefaca34091aaeee52ce3ca4559,1052,0x3fbbda54217b2e680eb5ac42d1f2feb9e72fc4ef418a4e167c81f2f59b42c5c4,0x85bf3d16fba2c6156f4ec086be8d02951da7ba14,0xccc8cb5229b0ac8069c51fd58367fd1e622afd97,0x2b3e0ca2f71bc2165a664958e046c50d7132fb5a,2000698000000000000000,Gods Unchained,GODS,18,203,78769,166845494180,47713,15992645,deprecated,0xa9059cbb,"transfer(address _to, uint256 _value)",11546448
13515086,1635550606,0xbab7bcefe9160494779426a3945f2b2e596c6faeba516081336cf8552d60b377,21,0x134d41c4b295c828d40f83a0a9da05fd36a3acbb0a3752065946dc2ed04a6db4,0x2b3e0ca2f71bc2165a664958e046c50d7132fb5a,0xccc8cb5229b0ac8069c51fd58367fd1e622afd97,0x6cc5f688a315f3dc28a7781717a9a798a59fda7b,2000697999999999999999,Gods Unchained,GODS,18,252,105000,188000000000,35437,13725096,deprecated,0xa9059cbb,"transfer(address _to, uint256 _value)",11546446
13515095,1635550758,0x704ae4789a93c8c8987c5a76fca763788fb3a85b28155e0cad83a9b47161bf58,2,0xa8b6a5dff6c75db4b2853f0f420d4174b656ef8c8fa8d092d14d455b116f8ac5,0x5fdcca53617f4d2b9134b29090c87d01058e27e9,0xccc8cb5229b0ac8069c51fd58367fd1e622afd97,0x92f1d93737978ca51291e4260e1f635587acd660,412936700000000000000,Gods Unchained,GODS,18,401,98246,164372398170,91403,28009052,deprecated,0x441a3e70,"withdraw(uint256 _eth, uint256 _wei)",11546437
13515099,1635550819,0xba54eb31ba0578df398f9d6f864aa5da2ea1ad60ee371d4ea23f74e0f1d77b83,654,0x62638bfc45b3d89c523fb4bdd47b578afea6ae2130caa567f81e146586d5f241,0x5fdcca53617f4d2b9134b29090c87d01058e27e9,0xccc8cb5229b0ac8069c51fd58367fd1e622afd97,0x9ba6baa919bac9acd901df3bfde848fe006d3cae,383000000000000000000,Gods Unchained,GODS,18,4,98246,161088366904,91403,643484,deprecated,0x441a3e70,"withdraw(uint256 _eth, uint256 _wei)",11546433
13515099,1635550819,0x759b1973a4b8ce7c63680d5328e07efad6b64344e816c599729a29e13ecd9c05,2705,0x62638bfc45b3d89c523fb4bdd47b578afea6ae2130caa567f81e146586d5f241,0x5fdcca53617f4d2b9134b29090c87d01058e27e9,0xccc8cb5229b0ac8069c51fd58367fd1e622afd97,0x081794bf52f18f781b4c4c1427d928fdefbb5ba5,388998200000000000000,Gods Unchained,GODS,18,273,98234,161088366904,91391,13697662,deprecated,0x441a3e70,"withdraw(uint256 _eth, uint256 _wei)",11546433
13515100,1635550843,0xd46ac3953390b6b0ed06f439d8dc9fbc2a22f156cb7773781a686a3dea66c52e,48,0xeecf7f956c90044a5e85dfe2e42894897454ff0d89b7bfefd1c57d15d15fbb01,0x5fdcca53617f4d2b9134b29090c87d01058e27e9,0xccc8cb5229b0ac8069c51fd58367fd1e622afd97,0xc8c87cc2a8b231264484de23c68fce2da663d458,384311700000000000000,Gods Unchained,GODS,18,102,98234,174644623074,91391,5884618,deprecated,0x441a3e70,"withdraw(uint256 _eth, uint256 _wei)",11546432
13515105,1635550862,0xcb75b09e171240aae634d158c86439ba1899bb1cc29114e260e862214fd3685c,155392,0xac99d04bfa2ea3a29fc6d6f4cdda9754f2c1771a017d527435492f98a252220d,0x0000006daea1723962647b7e189d311d757fb793,0xccc8cb5229b0ac8069c51fd58367fd1e622afd97,0x295685c8fe08d8192981d21ea1fe856a07443920,2152547792092212700577,Gods Unchained,GODS,18,24,320000,206860158329,136637,1479101,deprecated,0x178979ae,,11546427
13515108,1635550895,0x265ae68c99f07fe92027721cac323a9f93bb1c7afd8fdabec27fc226cc626688,9917,0xb0c89cea7006af71f50f516202236b116fbaa1f4f1d06707a2452ae7d2ccd930,0x5fdcca53617f4d2b9134b29090c87d01058e27e9,0xccc8cb5229b0ac8069c51fd58367fd1e622afd97,0xe2f033468adc8b1931541ef712bf750b318c4aed,1769270000000000000000,Gods Unchained,GODS,18,82,98234,129135435846,91391,7195462,deprecated,0x441a3e70,"withdraw(uint256 _eth, uint256 _wei)",11546424
13515110,1635550912,0x412cbe7b9e3ed04a444b18a27ea27784486d58e0279b766bf1eb599dd9cba9de,28,0xa68d8bf88dedc12609ac0aa7e7a047baacc7da91f6263fe9a14f211c0a6360df,0x78429c569ee089296c0e5d1b092e213167f9b9eb,0xccc8cb5229b0ac8069c51fd58367fd1e622afd97,0xab0b00eee26e0dc8fd056de9820e33b25cd5c1b4,383805900000000000000,Gods Unchained,GODS,18,312,78769,124615054603,47713,21100539,deprecated,0xa9059cbb,"transfer(address _to, uint256 _value)",11546422
13515121,1635551121,0x2c975ecd1518434f157a876c8e828ec382bb5de6e0a0a7e8a4b7dd6369444b15,12,0x7b0d9b946c7098a82fcfecdece0d8ec4bb007c9fbf7f5eccef0b0988b7f311cc,0x5fdcca53617f4d2b9134b29090c87d01058e27e9,0xccc8cb5229b0ac8069c51fd58367fd1e622afd97,0x5046066978253729394a5600df8db8a18c9347f3,435000000000000000000,Gods Unchained,GODS,18,328,98246,141165640995,91403,23217701,deprecated,0x441a3e70,"withdraw(uint256 _eth, uint256 _wei)",11546411
13515123,1635551140,0x30a526c64ae8ff27c696eba5e8a781741bda0498111803d150de1ebae4cf3a0c,500,0x36a509c72989d876675d729ac3ba358a5991c0b140551fc0d5cd94920bbe1fc1,0x1f9ce9fe712c857128ee684f3c06ceb0c13a40fe,0xccc8cb5229b0ac8069c51fd58367fd1e622afd97,0x0aae4bbbee21447eb1452d6b282e6b73f828feaf,1500000000000000000000,Gods Unchained,GODS,18,119,78769,147551183095,47713,13956002,deprecated,0xa9059cbb,"transfer(address _to, uint256 _value)",11546409
13515130,1635551195,0xfe68ae3fb71d321b95d7d4f1a6d30764ba109108e6342e8ac8b8743185998379,0,0xb4946b6c184a3c96fdcf45e95a484cc673b7e20983f213b28fe68f3df9c350f1,0xab0b00eee26e0dc8fd056de9820e33b25cd5c1b4,0xccc8cb5229b0ac8069c51fd58367fd1e622afd97,0x6cc5f688a315f3dc28a7781717a9a798a59fda7b,383805899999999999999,Gods Unchained,GODS,18,59,105000,187000000000,35437,3120819,deprecated,0xa9059cbb,"transfer(address _to, uint256 _value)",11546402
13515130,1635551195,0x2ed6965e254745a3219801e16e8e2da0edc063d3517478f3eeeae158779cef77,655,0xb4946b6c184a3c96fdcf45e95a484cc673b7e20983f213b28fe68f3df9c350f1,0x9ba6baa919bac9acd901df3bfde848fe006d3cae,0xccc8cb5229b0ac8069c51fd58367fd1e622afd97,0x19a719dde525339e6ef23f34d5648b8b874c1bf3,382900000000000000000,Gods Unchained,GODS,18,128,57764,162296315234,52513,7474246,deprecated,0xa9059cbb,"transfer(address _to, uint256 _value)",11546402
13515133,1635551255,0x6d44993a870c443cfd113bc3f83e7f9d65caeee21066c089dbb91ec4dca29c18,17,0x362cba1f9e3acf249ab2c5a161a276588b1a4a445d7c524bb693e0e1c5d9481e,0x19a719dde525339e6ef23f34d5648b8b874c1bf3,0xccc8cb5229b0ac8069c51fd58367fd1e622afd97,0x6cc5f688a315f3dc28a7781717a9a798a59fda7b,382899999999999999999,Gods Unchained,GODS,18,8,105000,179000000000,35437,311720,deprecated,0xa9059cbb,"transfer(address _to, uint256 _value)",11546399
13515140,1635551308,0x0705ffc34d843fe27748d955a4cc39a053f523866b19a5b2b990bd4fd27b5d26,428,0x8521fffa75dca2a292f7c22e1a3e33fbfbf90c848c2e1d2dd99d9d7190ca0d7c,0x5fdcca53617f4d2b9134b29090c87d01058e27e9,0xccc8cb5229b0ac8069c51fd58367fd1e622afd97,0x701200e5711512f2c2a463bdfd6797205abc4151,384540000000000000000,Gods Unchained,GODS,18,276,98234,125366637568,91391,23931836,deprecated,0x441a3e70,"withdraw(uint256 _eth, uint256 _wei)",11546392
13515142,1635551323,0xa8e21143fcdc2d562a76932b9140aa5843ddf8518fa8162daab727bd8010f83d,0,0x0e67a8afc1aa1b380a9d621a3bc2d1bbe02ebb5cd1d716f3508fb8ea23303525,0x0aae4bbbee21447eb1452d6b282e6b73f828feaf,0xccc8cb5229b0ac8069c51fd58367fd1e622afd97,0x6cc5f688a315f3dc28a7781717a9a798a59fda7b,1499999999999999999999,Gods Unchained,GODS,18,127,105000,176000000000,35437,6735573,deprecated,0xa9059cbb,"transfer(address _to, uint256 _value)",11546390
13515143,1635551361,0x92363330fecbd994e0da4163c7370827928d50d4683e63e1f7892784ceee29dc,2488,0x104351deb522dd85d2f0111f666a2ff3007717e68990a6a505e326c6980a0d70,0x5fdcca53617f4d2b9134b29090c87d01058e27e9,0xccc8cb5229b0ac8069c51fd58367fd1e622afd97,0x7d238bb0b5b3bf494144fa261d20522f6131b125,450091900000000000000,Gods Unchained,GODS,18,357,98246,143200122589,91403,25623566,deprecated,0x441a3e70,"withdraw(uint256 _eth, uint256 _wei)",11546389
13515143,1635551361,0xe3f670c35c9cebe03770c71f99a6725245cb5de37f62ee901357b04eba2483d6,577,0x104351deb522dd85d2f0111f666a2ff3007717e68990a6a505e326c6980a0d70,0x5fdcca53617f4d2b9134b29090c87d01058e27e9,0xccc8cb5229b0ac8069c51fd58367fd1e622afd97,0x16f33b4978301453a9ca8e6b33d1e45f3a8dfdea,13519960000000000000000,Gods Unchained,GODS,18,379,98246,143200122589,91403,28692217,deprecated,0x441a3e70,"withdraw(uint256 _eth, uint256 _wei)",11546389
13515150,1635551439,0x51ca5129757fc75ded32ae67cfb03c5e249c9a8578cf13fef42888ea4f5c5b3c,9919,0x7145829f6f38bf79132fe4f7391aa8a14b876bb0f37015b394e8621e57298220,0xe2f033468adc8b1931541ef712bf750b318c4aed,0xccc8cb5229b0ac8069c51fd58367fd1e622afd97,0x295685c8fe08d8192981d21ea1fe856a07443920,1769270000000000000000,Gods Unchained,GODS,18,172,174207,139717215082,115791,9251594,deprecated,0x18cbafe5,"swapExactTokensForETH(uint256 amountIn, uint256 amountOutMin, address[] path, address to, uint256 deadline)",11546382
13515160,1635551553,0x6b1d622cdd6b694c9f674f8f4182a6c9fac4f937aed14cd561cfca00fb33fddf,429,0xa0b6577592c03ffa2d4c622e80834f0384a1a777dfe8bae7cd1aad8831104bc2,0x701200e5711512f2c2a463bdfd6797205abc4151,0xccc8cb5229b0ac8069c51fd58367fd1e622afd97,0xc1fd88adca3d0ecac14fd2fbf2acc1de73c749c7,384540000000000000000,Gods Unchained,GODS,18,193,78769,129618826159,47713,18249319,deprecated,0xa9059cbb,"transfer(address _to, uint256 _value)",11546372
13515168,1635551680,0x7e74963599eb47353786efcdb73fc91793f9846cd213954c154fd17bee072095,0,0xb7676f9dea9104a7770709286a64982efd835274e645fe0f354b06895952535e,0xc1fd88adca3d0ecac14fd2fbf2acc1de73c749c7,0xccc8cb5229b0ac8069c51fd58367fd1e622afd97,0x6cc5f688a315f3dc28a7781717a9a798a59fda7b,384539999999999999999,Gods Unchained,GODS,18,275,105000,160000000000,35437,12730406,deprecated,0xa9059cbb,"transfer(address _to, uint256 _value)",11546364
13515177,1635551802,0x9ac643a259559315304e252b6df4ecc9c8f98aca715d1279a3ad3e5c109edcba,71,0x8b64b1d1679611cdfa30b4c26d602d4dafbce5dca614cff8747b92d9e4d2e84f,0x5fdcca53617f4d2b9134b29090c87d01058e27e9,0xccc8cb5229b0ac8069c51fd58367fd1e622afd97,0x80c2baae7ad68e22f4528210bbdba6fa23fa5d85,636946900000000000000,Gods Unchained,GODS,18,213,98246,133419261220,91403,14562394,deprecated,0x441a3e70,"withdraw(uint256 _eth, uint256 _wei)",11546355
13515181,1635551877,0x75bca2f8d8621714f1909f7be0c9d77e0429d86bc5fd47ca77c536d2dad0602a,41,0x2f32593d732f16c30f0e594bea80ccd8e1e0772adc6d231bf14c57dba0a822ee,0x5fdcca53617f4d2b9134b29090c87d01058e27e9,0xccc8cb5229b0ac8069c51fd58367fd1e622afd97,0x94cc63cc8608de86042cbcffe348d82e83ba92ab,383637400000000000000,Gods Unchained,GODS,18,166,98222,149946958974,91379,11928208,deprecated,0x441a3e70,"withdraw(uint256 _eth, uint256 _wei)",11546351
13515181,1635551877,0x4159f5f814fe4e7ecb94b3b9b4a5ac81b70e7debd0692ed2284d2b5effd8f3ec,13,0x2f32593d732f16c30f0e594bea80ccd8e1e0772adc6d231bf14c57dba0a822ee,0x5fdcca53617f4d2b9134b29090c87d01058e27e9,0xccc8cb5229b0ac8069c51fd58367fd1e622afd97,0xbfd809d6af6707fb5ef0430151a7b09b502ed075,383907000000000000000,Gods Unchained,GODS,18,191,98234,149946958974,91391,14518214,deprecated,0x441a3e70,"withdraw(uint256 _eth, uint256 _wei)",11546351
13515184,1635551896,0x03dfbccdd7d446d6eacc10e2721dc45e00da0ce8950a98d0b2b6c2811f8fdc72,103,0xd23080695346d23a6b5f6e48318d5b056e534e73d3aa63e1984899c2801d0637,0x5fdcca53617f4d2b9134b29090c87d01058e27e9,0xccc8cb5229b0ac8069c51fd58367fd1e622afd97,0x184bd73834d60be7a463d9f9f1cbc600c6e2a6e7,389740000000000000000,Gods Unchained,GODS,18,66,98246,136054725522,91403,4458403,deprecated,0x441a3e70,"withdraw(uint256 _eth, uint256 _wei)",11546348
13515187,1635551917,0x532dc981fbdaab54c78db93883e806e552000d4ae13c985d5aff5b06425743d7,73,0xd9c499733af3fac06e676ef6923f61f6d346954eebb4594b9bf5203b98e6aba0,0xe9a30aa19c7342c02741742ccf20fe1823ee53b7,0xccc8cb5229b0ac8069c51fd58367fd1e622afd97,0x5e45407dd550dbe5d1b31943858314b4438dbaff,384000000000000000000,Gods Unchained,GODS,18,202,78751,126385580180,47701,11508662,deprecated,0xa9059cbb,"transfer(address _to, uint256 _value)",11546345
13515194,1635551984,0x7de1f1a34478fc3008b817a31b7a014542866f1f95a689bb3b6de5d9d05a6e25,14,0xd760ea60f7fbce39036917f7c59c4c0723eda274d5da2600962f36f2a6436b76,0xbfd809d6af6707fb5ef0430151a7b09b502ed075,0xccc8cb5229b0ac8069c51fd58367fd1e622afd97,0x0217ca10039d4f634fe5f2c36162687e9f627299,383907000000000000000,Gods Unchained,GODS,18,151,53137,115950587537,30625,15861213,deprecated,0xa9059cbb,"transfer(address _to, uint256 _value)",11546338
13515197,1635552000,0x794266d3ed53359862b129844af0a645a5aa9c2fe78ccdc09cd92e4323feb168,14,0xf05228a9dadacadcc88ba7d63d35a9c3c4603ab841551ac61d32f98105a58f75,0x5046066978253729394a5600df8db8a18c9347f3,0xccc8cb5229b0ac8069c51fd58367fd1e622afd97,0x295685c8fe08d8192981d21ea1fe856a07443920,435000000000000000000,Gods Unchained,GODS,18,320,174193,117411436942,115779,24989454,deprecated,0x18cbafe5,"swapExactTokensForETH(uint256 amountIn, uint256 amountOutMin, address[] path, address to, uint256 deadline)",11546335
13515198,1635552015,0x980a4c26b185cac64955272880bc0d4cf5f340dcf8c3534cc3f35847397d2d5a,2,0xa7c46206579c6948e45c62efb31c4a2423f8fcc585ff6e4353c31f8a6c8e6140,0x0217ca10039d4f634fe5f2c36162687e9f627299,0xccc8cb5229b0ac8069c51fd58367fd1e622afd97,0x6cc5f688a315f3dc28a7781717a9a798a59fda7b,383907000000000000000,Gods Unchained,GODS,18,11,105000,168000000000,35425,1010886,deprecated,0xa9059cbb,"transfer(address _to, uint256 _value)",11546334
13515203,1635552047,0xcb516e30c8cc5e7ab3ee50db2b134c4f10b9df87283e39db4b00d218edc5a9db,0,0x00eb531e9afdc0e32b471c14d21283eac0a73b249868f060d03e1e19ccffda17,0x5e45407dd550dbe5d1b31943858314b4438dbaff,0xccc8cb5229b0ac8069c51fd58367fd1e622afd97,0x6cc5f688a315f3dc28a7781717a9a798a59fda7b,383999999999999999999,Gods Unchained,GODS,18,177,105000,160000000000,35437,7874439,deprecated,0xa9059cbb,"transfer(address _to, uint256 _value)",11546329
13515204,1635552081,0x653dd96c7155743ed19c750ef3f9cbd90ec8bdaa30faa1c743176199a786f9ea,504,0x4529b62313c19cac3289f97d651747b4d8035aa62fa4fb09841fa5223415b21e,0xe6fecb2c5b470b4970fc0f307385350abe86877d,0xccc8cb5229b0ac8069c51fd58367fd1e622afd97,0x295685c8fe08d8192981d21ea1fe856a07443920,2597964148819167174863,Gods Unchained,GODS,18,199,174236,137184237783,115815,13573829,deprecated,0x18cbafe5,"swapExactTokensForETH(uint256 amountIn, uint256 amountOutMin, address[] path, address to, uint256 deadline)",11546328
13515217,1635552292,0x67a441da72b4cfcd78fdf0d8928747db5bce43d36cd2f27ee6cf3a63d62af6e2,259,0x73785818e512f9fbcf148be029bed9dcf3007cc488bb61f1aff63f1264654c7b,0xea611e681b294c2e2137ef14b782a9e80cc6a44f,0xccc8cb5229b0ac8069c51fd58367fd1e622afd97,0x3e17c2c71b69327949a57627efc0e6672fb174bd,383671100000000000000,Gods Unchained,GODS,18,168,78787,154718617290,47725,10507871,deprecated,0xa9059cbb,"transfer(address _to, uint256 _value)",11546315
13515224,1635552336,0x7e8a168c535f3ef138644002ef341b3af8e27c5a81c0abf0d1b3e753d97e0e84,1758,0xfdfd68b2dc355927e4555f9f8864a609ff4cf63c0d1f3fc79fd8039bca0a2466,0x5fdcca53617f4d2b9134b29090c87d01058e27e9,0xccc8cb5229b0ac8069c51fd58367fd1e622afd97,0xa84e25e99106f34f467831bc4f3e3a54707c38f9,1158198000000000000000,Gods Unchained,GODS,18,157,98234,162000000000,91391,9994786,deprecated,0x441a3e70,"withdraw(uint256 _eth, uint256 _wei)",11546308
13515226,1635552404,0xda52c0f4f3f2ce255a97b18f218e0e8db88a576aabea643e1d6e319b7f72c99e,5,0xad7da6cd727acb2ff72075dfd5e3d28471c7f5de2359dfa4e05ecb239f5f63d4,0x3e17c2c71b69327949a57627efc0e6672fb174bd,0xccc8cb5229b0ac8069c51fd58367fd1e622afd97,0x6cc5f688a315f3dc28a7781717a9a798a59fda7b,383671099999999999999,Gods Unchained,GODS,18,37,105000,212000000000,35437,1762484,deprecated,0xa9059cbb,"transfer(address _to, uint256 _value)",11546306
13515228,1635552462,0x2c1254209f02b83bdaf3477d40d4ff35123bc1f2c2e3020c48cf6db1aee13be7,35876,0x9b119c92668d7f9f6d397ba355182d21f0c0f098ae76d7d14d041f5f1242b1e9,0x295685c8fe08d8192981d21ea1fe856a07443920,0xccc8cb5229b0ac8069c51fd58367fd1e622afd97,0x0000006daea1723962647b7e189d311d757fb793,2261180981944792606270,Gods Unchained,GODS,18,136,320000,198447670866,126491,7845954,deprecated,0x178979ae,,11546304
13515231,1635552512,0x7004229f5cef929e20ffcc9adf561cbede16159035359ec138ab9d24aa3a119b,273,0x6e93ba62728a3e1b3c99ddd1eb0d44904322340ff360945457688ea3066fa807,0x5fdcca53617f4d2b9134b29090c87d01058e27e9,0xccc8cb5229b0ac8069c51fd58367fd1e622afd97,0x78b8a76bea31733777556033e2a116df66c4c41c,559703200000000000000,Gods Unchained,GODS,18,69,98246,167064901237,91403,6326206,deprecated,0x441a3e70,"withdraw(uint256 _eth, uint256 _wei)",11546301
13515234,1635552536,0xf6ca929de830b57f092d78f016b8fcc2675494a2927ebdd6453d174ac4bb9695,1039,0xdd47f6a9f2ad2adf154d2a1e063db81eaf934ad6216238c33679b24bbfacb435,0x5fdcca53617f4d2b9134b29090c87d01058e27e9,0xccc8cb5229b0ac8069c51fd58367fd1e622afd97,0xd1535cc1c718a5f481d3529e04783460081c2936,509162600000000000000,Gods Unchained,GODS,18,210,98246,149542192883,91403,17139204,deprecated,0x441a3e70,"withdraw(uint256 _eth, uint256 _wei)",11546298
13515234,1635552536,0xf6a0e414365421a2dc1bcfe4637c131842b3c573dd4eac43a21204122d9ff8b0,4,0xdd47f6a9f2ad2adf154d2a1e063db81eaf934ad6216238c33679b24bbfacb435,0x92f1d93737978ca51291e4260e1f635587acd660,0xccc8cb5229b0ac8069c51fd58367fd1e622afd97,0x295685c8fe08d8192981d21ea1fe856a07443920,412936700000000000000,Gods Unchained,GODS,18,254,174222,149542192883,115803,21564405,deprecated,0x18cbafe5,"swapExactTokensForETH(uint256 amountIn, uint256 amountOutMin, address[] path, address to, uint256 deadline)",11546298
13515234,1635552536,0x143d7bc9f0f3cde9fcff1cb0978c0d520097ab1979b278ef10f7499b10fee6b6,34,0xdd47f6a9f2ad2adf154d2a1e063db81eaf934ad6216238c33679b24bbfacb435,0x5fdcca53617f4d2b9134b29090c87d01058e27e9,0xccc8cb5229b0ac8069c51fd58367fd1e622afd97,0xb84970924c72cf526e0ad4c63147441fec4d9a83,383772000000000000000,Gods Unchained,GODS,18,292,98246,149542192883,91403,25027166,deprecated,0x441a3e70,"withdraw(uint256 _eth, uint256 _wei)",11546298
13515234,1635552536,0x5bb601918f65afc2b783626ac1a4641d05205a27b78dc865f30d6019ffbbf7ea,207,0xdd47f6a9f2ad2adf154d2a1e063db81eaf934ad6216238c33679b24bbfacb435,0x5fdcca53617f4d2b9134b29090c87d01058e27e9,0xccc8cb5229b0ac8069c51fd58367fd1e622afd97,0x272988357ddd8d59b23b5b23031f8dabb5a1bd7f,566345300000000000000,Gods Unchained,GODS,18,350,98246,149542192883,91403,29074925,deprecated,0x441a3e70,"withdraw(uint256 _eth, uint256 _wei)",11546298
13515250,1635552633,0x4ad9b0f423a6f6999421209b31e2568c1996afc283adc7029710c7368a931d03,84551,0x8ebc9e0e54700a600f756b8df559199d8e743d8aef7bd97c87ac203a4e961e3f,0x295685c8fe08d8192981d21ea1fe856a07443920,0xccc8cb5229b0ac8069c51fd58367fd1e622afd97,0x1d6e8bac6ea3730825bde4b005ed7b2b39a2932d,2434367039662680550422,Gods Unchained,GODS,18,21,500086,113465819484,87864,629171,deprecated,0xce39f201,,11546282
13515250,1635552633,0x2d978688085ebe8ec1329cb33e37d520d6e7a9df7a74f842fb6702987fef9e26,155406,0x8ebc9e0e54700a600f756b8df559199d8e743d8aef7bd97c87ac203a4e961e3f,0x295685c8fe08d8192981d21ea1fe856a07443920,0xccc8cb5229b0ac8069c51fd58367fd1e622afd97,0x0000006daea1723962647b7e189d311d757fb793,2148746661651685717666,Gods Unchained,GODS,18,22,320000,186531023993,115931,745102,deprecated,0x178979ae,,11546282
13515250,1635552633,0x9c0267745a8c2b8ad60a6252764cd382db15dcc2063808ff7522be4ccea84fd2,84552,0x8ebc9e0e54700a600f756b8df559199d8e743d8aef7bd97c87ac203a4e961e3f,0x1d6e8bac6ea3730825bde4b005ed7b2b39a2932d,0xccc8cb5229b0ac8069c51fd58367fd1e622afd97,0x295685c8fe08d8192981d21ea1fe856a07443920,2434367039662680550422,Gods Unchained,GODS,18,23,127774,477061935009,77774,822876,deprecated,0xce39f200,,11546282
13515250,1635552633,0xfd4cd2dc09aa9448c57ff8711e27a7f3220d734cead61c4141a504ffc8ea302f,380,0x8ebc9e0e54700a600f756b8df559199d8e743d8aef7bd97c87ac203a4e961e3f,0x5989cc6bbac8f8e3afc4143bfe57ba68ef20f84f,0xccc8cb5229b0ac8069c51fd58367fd1e622afd97,0x295685c8fe08d8192981d21ea1fe856a07443920,1977670000000000000000,Gods Unchained,GODS,18,188,174207,143816463118,106185,12941841,deprecated,0x18cbafe5,"swapExactTokensForETH(uint256 amountIn, uint256 amountOutMin, address[] path, address to, uint256 deadline)",11546282
13515254,1635552735,0xf433c06cd4627bc528a981065be6f20aa45d22774ddf0c65b0558e8471d3d163,25327,0xb3eb5677714fc235dc9b63bd5ae626d45793655fee9902e7ecb38ab9974950fe,0x295685c8fe08d8192981d21ea1fe856a07443920,0xccc8cb5229b0ac8069c51fd58367fd1e622afd97,0x0000000000d41c96294ccdac8612bdfe29c641af,2755092120775260721343,Gods Unchained,GODS,18,0,109066,156933732304,89002,89002,deprecated,0x00000000,buyAndFree22457070633(uint256 amount),11546278
13515254,1635552735,0x1e24e37ed190a2b2eb74e9074ac261b732beae3c05e8954ea4df19eba6c6d6e1,288,0xb3eb5677714fc235dc9b63bd5ae626d45793655fee9902e7ecb38ab9974950fe,0x295685c8fe08d8192981d21ea1fe856a07443920,0xccc8cb5229b0ac8069c51fd58367fd1e622afd97,0x38cfac74446e146173d5a97a90f840628f6dc600,4641221358536879662441,Gods Unchained,GODS,18,1,162898,159033732304,110409,199411,deprecated,0x7ff36ab5,"swapExactETHForTokens(uint256 amountOutMin, address[] path, address to, uint256 deadline)",11546278
13515254,1635552735,0xb4c4aebddc93f868ce2ec49697fe62a39c3e08812ffc13c91de536990fcfce57,25328,0xb3eb5677714fc235dc9b63bd5ae626d45793655fee9902e7ecb38ab9974950fe,0x0000000000d41c96294ccdac8612bdfe29c641af,0xccc8cb5229b0ac8069c51fd58367fd1e622afd97,0x295685c8fe08d8192981d21ea1fe856a07443920,2755092120775260721343,Gods Unchained,GODS,18,2,98488,1671297454192,78524,277935,deprecated,0x00000001,relay1GsWnfsIQROy(),11546278
13515258,1635552792,0x91870bc1e9b09f048acdb5525480d510455856b1ce6ac4d2f56fc5a93d278da0,274,0x8156bac850d6aff8d1f36ab75225f70bc61ed74f0ad880cb3d7869b0b26628ba,0x78b8a76bea31733777556033e2a116df66c4c41c,0xccc8cb5229b0ac8069c51fd58367fd1e622afd97,0x4502bcba1ecdf6546db736230c7190c417c59b26,559703200000000000000,Gods Unchained,GODS,18,155,78769,148365418810,47713,7918302,deprecated,0xa9059cbb,"transfer(address _to, uint256 _value)",11546274
13515260,1635552810,0xdcccd7572df5710b2c89919e9934389b8abf6e68cfcf0b89af0f0ba695fb011f,49,0x5a1419b5c678737c67123bbcd8a908aa538371f3e3d1fef44c3ac69462f440b1,0xc8c87cc2a8b231264484de23c68fce2da663d458,0xccc8cb5229b0ac8069c51fd58367fd1e622afd97,0xfc9554b1a8038f1a8af6953ce05657b720adc0ff,384311700000000000000,Gods Unchained,GODS,18,160,52525,142000000000,47725,11416251,deprecated,0xa9059cbb,"transfer(address _to, uint256 _value)",11546272
13515260,1635552810,0xdd25f69ee00a23ecc092749670b2b7f83e40673255498c25cf1b4b3ec6abee73,11,0x5a1419b5c678737c67123bbcd8a908aa538371f3e3d1fef44c3ac69462f440b1,0x177f9dd13ccc02065c7494ea8396e4e2ba54dfa1,0xccc8cb5229b0ac8069c51fd58367fd1e622afd97,0xe5d0ef77aed07c302634dc370537126a2cd26590,892857000000000000000000,Gods Unchained,GODS,18,294,78787,131575938470,52525,23023099,deprecated,0xa9059cbb,"transfer(address _to, uint256 _value)",11546272
13515262,1635552823,0x2346a8e4a56c330a5cd308eb677ebaed5d25fe782527bc145083c5ac4c02bc95,1759,0xb81279e275350b93ee31cc52c9cbdfb4cb9668e2a4dfc6cba10fe080b187e91e,0xa84e25e99106f34f467831bc4f3e3a54707c38f9,0xccc8cb5229b0ac8069c51fd58367fd1e622afd97,0x11fcb6fbcb1803330bdd320e394a5c8dd02c5121,1158198000000000000000,Gods Unchained,GODS,18,227,78769,153000000000,47713,14091750,deprecated,0xa9059cbb,"transfer(address _to, uint256 _value)",11546270
13515262,1635552823,0x7bec779ff80366315349627003795a3b229d6beeb05b8ada31263d0fe81ae385,209,0xb81279e275350b93ee31cc52c9cbdfb4cb9668e2a4dfc6cba10fe080b187e91e,0x272988357ddd8d59b23b5b23031f8dabb5a1bd7f,0xccc8cb5229b0ac8069c51fd58367fd1e622afd97,0x74de5d4fcbf63e00296fd95d33236b9794016631,566345300000000000000,Gods Unchained,GODS,18,322,218099,139166998446,173416,22782956,deprecated,0x5f575529,"swap(string aggregatorId, address tokenFrom, uint256 amount, bytes data)",11546270
13515262,1635552823,0x7bec779ff80366315349627003795a3b229d6beeb05b8ada31263d0fe81ae385,209,0xb81279e275350b93ee31cc52c9cbdfb4cb9668e2a4dfc6cba10fe080b187e91e,0x74de5d4fcbf63e00296fd95d33236b9794016631,0xccc8cb5229b0ac8069c51fd58367fd1e622afd97,0x295685c8fe08d8192981d21ea1fe856a07443920,566345300000000000000,Gods Unchained,GODS,18,322,218099,139166998446,173416,22782956,deprecated,0x5f575529,"swap(string aggregatorId, address tokenFrom, uint256 amount, bytes data)",11546270
13515265,1635552895,0x056208d84d151dfb573819e1c1665f85cd239ac9021864025802a8d8cbf9df3d,26,0x027ab7981a871367315a7f88757a721d7fd394642e7ecda8000d43c6f22952ab,0x11fcb6fbcb1803330bdd320e394a5c8dd02c5121,0xccc8cb5229b0ac8069c51fd58367fd1e622afd97,0x6cc5f688a315f3dc28a7781717a9a798a59fda7b,1158197999999999999999,Gods Unchained,GODS,18,105,105000,184000000000,35437,5876597,deprecated,0xa9059cbb,"transfer(address _to, uint256 _value)",11546267
13515270,1635552943,0x0b4bf2dcea9c8121c8db80c6dddb34257c4418117bc7d896f1ae937de6427135,499,0xdeff57cd43bf16ce9eea6d237c1c69c028ade04e1959fa495722057bd028a461,0x1fd252771bc2dfd38ec774efeeb3c6ab7e8e535b,0xccc8cb5229b0ac8069c51fd58367fd1e622afd97,0x295685c8fe08d8192981d21ea1fe856a07443920,1000000000000000000000,Gods Unchained,GODS,18,348,174207,140550084213,115791,24828012,deprecated,0x18cbafe5,"swapExactTokensForETH(uint256 amountIn, uint256 amountOutMin, address[] path, address to, uint256 deadline)",11546262
13515271,1635552968,0x4355cee0397ad6d162534d0310984e651bd964a907340233a3dfb4215ee4242f,574,0xa1cb822b801dd2f28383abe2d45f746a89b52cc066976f485c890d11fa5c2ea4,0x5fdcca53617f4d2b9134b29090c87d01058e27e9,0xccc8cb5229b0ac8069c51fd58367fd1e622afd97,0x810ced39fcca778ae50e0dae16fca55b648b375b,507881400000000000000,Gods Unchained,GODS,18,157,98246,158075147717,91403,12204084,deprecated,0x441a3e70,"withdraw(uint256 _eth, uint256 _wei)",11546261
13515275,1635552992,0x8cd60f6bb0cddfe09dc33665c037e4f1f66781b539d2de77caac6ac23685c6dd,6455,0xc4c077c1ad080bcc33e3e834c4b8e67cc792ef88fdca2ff20d0fb5fb267f7a23,0x5fdcca53617f4d2b9134b29090c87d01058e27e9,0xccc8cb5229b0ac8069c51fd58367fd1e622afd97,0x0662596a2a8f7fe81e13f5b68f77e851a1251f73,387379800000000000000,Gods Unchained,GODS,18,225,98246,128085074899,91403,12510299,deprecated,0x441a3e70,"withdraw(uint256 _eth, uint256 _wei)",11546257
13515277,1635553025,0x2e46183f5471d31e2cb1bc110d07834b34b51e9e164a33f9c3d345669b039848,0,0x8ffa0e71ca888e2af2926dba6cd02666a6647add8ef73118163c123bcd12b6c6,0x4502bcba1ecdf6546db736230c7190c417c59b26,0xccc8cb5229b0ac8069c51fd58367fd1e622afd97,0x6cc5f688a315f3dc28a7781717a9a798a59fda7b,559703199999999999999,Gods Unchained,GODS,18,27,105000,182000000000,35437,1270040,deprecated,0xa9059cbb,"transfer(address _to, uint256 _value)",11546255
13515277,1635553025,0xf0180552d2127ae4596ca5570dbcc335fcacf9086506d66c7b1dd5efc4d0363d,0,0x8ffa0e71ca888e2af2926dba6cd02666a6647add8ef73118163c123bcd12b6c6,0xfc9554b1a8038f1a8af6953ce05657b720adc0ff,0xccc8cb5229b0ac8069c51fd58367fd1e622afd97,0x6cc5f688a315f3dc28a7781717a9a798a59fda7b,384311699999999999999,Gods Unchained,GODS,18,28,105000,182000000000,35437,1305477,deprecated,0xa9059cbb,"transfer(address _to, uint256 _value)",11546255
13515284,1635553096,0xe730e3fac00006c1de3b5af48a0b033533d3fda2bc2d5d38a78d9656e69d27cd,210,0x9372a48f9bd36ed96887fef5e6d2738bf53a47d3cd32b57e4c9f79c176e65fa3,0x5fdcca53617f4d2b9134b29090c87d01058e27e9,0xccc8cb5229b0ac8069c51fd58367fd1e622afd97,0x9ea462948843d122b641157aa9ca7fd8e1314cbc,22156350000000000000000,Gods Unchained,GODS,18,300,98246,115455390126,91403,29921753,deprecated,0x441a3e70,"withdraw(uint256 _eth, uint256 _wei)",11546248
13515287,1635553109,0x2bdfba7e58b338a8b2f73236c06ed5c81eb231b6e1e9e3f77ea3ae1a1075d677,63,0xe4e1c6a4c248012decd07582e4c8fdc7bdc1201ff0dab0011928400c7a54bc2b,0x5fdcca53617f4d2b9134b29090c87d01058e27e9,0xccc8cb5229b0ac8069c51fd58367fd1e622afd97,0x0cfda5ea80b631c2f93f9c7bb3f4f5c7955d5d1b,629000000000000000000,Gods Unchained,GODS,18,100,98246,114915165881,91403,9245788,deprecated,0x441a3e70,"withdraw(uint256 _eth, uint256 _wei)",11546245
13515287,1635553109,0xcc10105b4e27bb94569a966bd6599d66a30bcefdf007cd6f3a4d310587e9d938,35,0xe4e1c6a4c248012decd07582e4c8fdc7bdc1201ff0dab0011928400c7a54bc2b,0xb84970924c72cf526e0ad4c63147441fec4d9a83,0xccc8cb5229b0ac8069c51fd58367fd1e622afd97,0x0217ca10039d4f634fe5f2c36162687e9f627299,383772000000000000000,Gods Unchained,GODS,18,132,53119,114915165881,30613,12707954,deprecated,0xa9059cbb,"transfer(address _to, uint256 _value)",11546245
13515287,1635553109,0xa3dd29eb3c27321aabc200b62a0be37ba3857b5e7155426939ddc4bf620916d2,655,0xe4e1c6a4c248012decd07582e4c8fdc7bdc1201ff0dab0011928400c7a54bc2b,0x5fdcca53617f4d2b9134b29090c87d01058e27e9,0xccc8cb5229b0ac8069c51fd58367fd1e622afd97,0xd5102725cc00421854dd616a2d8769ce36017315,384884800000000000000,Gods Unchained,GODS,18,152,98246,114915165881,91403,14980533,deprecated,0x441a3e70,"withdraw(uint256 _eth, uint256 _wei)",11546245
13515289,1635553114,0x47e896bb3d5d67f4728561b67ffd962a666c304406b3c41c8a77ece8fc538c50,155413,0x3214d1429c9b155117711f7c4fb9e1168ccc527f337e29b3568c791aa94deb2a,0x295685c8fe08d8192981d21ea1fe856a07443920,0xccc8cb5229b0ac8069c51fd58367fd1e622afd97,0x0000006daea1723962647b7e189d311d757fb793,2134588178121205132995,Gods Unchained,GODS,18,70,320000,165218497252,126491,4847470,deprecated,0x178979ae,,11546243
13515292,1635553144,0x40325f186fef180542c302ce4c456720f3d6d19b33b2e50935a2f79c54cafea8,3,0xe5d45a4bb31a27a51a452ca97f8aa83c88eb2756a34262e2f64478a51583a2da,0x0217ca10039d4f634fe5f2c36162687e9f627299,0xccc8cb5229b0ac8069c51fd58367fd1e622afd97,0x6cc5f688a315f3dc28a7781717a9a798a59fda7b,383772000000000000000,Gods Unchained,GODS,18,53,105000,158000000000,35413,3960888,deprecated,0xa9059cbb,"transfer(address _to, uint256 _value)",11546240
13515295,1635553206,0x5657a05cd24ef57f2998a2f8d7118e46bf974eeb48052bd6c1e95300ca5840fa,47,0x02e6b2f9eddcc46c9432aa8f93d379ca5e4efaac5fa58a2a24d512388a9ea392,0x5fdcca53617f4d2b9134b29090c87d01058e27e9,0xccc8cb5229b0ac8069c51fd58367fd1e622afd97,0x0a68d342d9e0af3ae99e514efe286a1b29df09ad,700000000000000000000,Gods Unchained,GODS,18,109,98246,143965444510,91403,12499920,deprecated,0x441a3e70,"withdraw(uint256 _eth, uint256 _wei)",11546237
13515298,1635553250,0x6176cf57e6d82d2c3494b75a97527b6cb45fc331977d3ff0f4cdcd926cd63d11,65,0xa3ceb1f2a8f89e758b0644c0cd78f7d46379b1b9a734ca50abf41c855c0192b5,0x0cfda5ea80b631c2f93f9c7bb3f4f5c7955d5d1b,0xccc8cb5229b0ac8069c51fd58367fd1e622afd97,0x74de5d4fcbf63e00296fd95d33236b9794016631,629000000000000000000,Gods Unchained,GODS,18,166,229812,148019350652,173380,11214423,deprecated,0x5f575529,"swap(string aggregatorId, address tokenFrom, uint256 amount, bytes data)",11546234
13515298,1635553250,0x6176cf57e6d82d2c3494b75a97527b6cb45fc331977d3ff0f4cdcd926cd63d11,65,0xa3ceb1f2a8f89e758b0644c0cd78f7d46379b1b9a734ca50abf41c855c0192b5,0x74de5d4fcbf63e00296fd95d33236b9794016631,0xccc8cb5229b0ac8069c51fd58367fd1e622afd97,0x295685c8fe08d8192981d21ea1fe856a07443920,629000000000000000000,Gods Unchained,GODS,18,166,229812,148019350652,173380,11214423,deprecated,0x5f575529,"swap(string aggregatorId, address tokenFrom, uint256 amount, bytes data)",11546234
13515302,1635553318,0x5d6fa653eab250ac6047c94af96b951f6246bc94f150e291fffe94d8c884d2b8,835,0x513fc1232a5517db89367ad3bd6932b583e84b09199de68d1429cb77a88c8362,0x5586e3a0e6c349fa927fa07edb1afb9e59c00b2b,0xccc8cb5229b0ac8069c51fd58367fd1e622afd97,0x295685c8fe08d8192981d21ea1fe856a07443920,250000000000000000000,Gods Unchained,GODS,18,348,174207,155068447269,120591,23147051,deprecated,0x18cbafe5,"swapExactTokensForETH(uint256 amountIn, uint256 amountOutMin, address[] path, address to, uint256 deadline)",11546230
13515304,1635553349,0x77d892b32cd8ee0d6d336eb08c2e2c7061e59e205ab6aef7063cc2244da2ce00,35878,0x04eb48e719c93c8a2fdeba365caf56b858ea2e1c272df853d27ff7ccccf52c7d,0x295685c8fe08d8192981d21ea1fe856a07443920,0xccc8cb5229b0ac8069c51fd58367fd1e622afd97,0x0000006daea1723962647b7e189d311d757fb793,2107256672497387517413,Gods Unchained,GODS,18,34,320000,182460451492,126479,2018492,deprecated,0x178979ae,,11546228
13515307,1635553368,0xcb4bd9e97ad6831a1de77404835f3485c4c4ca90237d5403a026b4a7d1e48583,54,0xac5e277f974bf0f85becde3c31436ab18e66bc91a64ce8f09e7e29586c01b292,0x5fdcca53617f4d2b9134b29090c87d01058e27e9,0xccc8cb5229b0ac8069c51fd58367fd1e622afd97,0x2526617a210cbfcfcd0561ddd8f86f7fddaeb9f2,10305190000000000000000,Gods Unchained,GODS,18,177,98246,136294837666,91403,12352941,deprecated,0x441a3e70,"withdraw(uint256 _eth, uint256 _wei)",11546225
13515308,1635553378,0x87b4441640279178dbb25205242292158aed3920de5442c2be53bdc625454284,8,0x3f33224511d62b35f468381fd952ec1bcba46f6a83317799af7873c0de5cd916,0x5fdcca53617f4d2b9134b29090c87d01058e27e9,0xccc8cb5229b0ac8069c51fd58367fd1e622afd97,0x1a8a042c803cf56dde3c6440d7b9a165e7a78104,391000000000000000000,Gods Unchained,GODS,18,286,98246,148479314435,91403,19834437,deprecated,0x441a3e70,"withdraw(uint256 _eth, uint256 _wei)",11546224
13515312,1635553452,0xe213265c2e835affae3669597b6838f653de56dd21910bbf9dd386200ce82f1c,1,0xbe3b35ba353b202ae977ad4c3b7d12bdf7f91ad6d2ddc8d7c016bea99b259936,0x5fdcca53617f4d2b9134b29090c87d01058e27e9,0xccc8cb5229b0ac8069c51fd58367fd1e622afd97,0xa6f70ed7ef0f187343792e105d053ceca43d49b5,42965930000000000000000,Gods Unchained,GODS,18,242,98246,153222715713,91403,20533407,deprecated,0x441a3e70,"withdraw(uint256 _eth, uint256 _wei)",11546220
13515326,1635553616,0xeb1dd0710ab60a7bc6bde15aed0ba79760b505414147b900c2e77deec2e29399,43,0x8f6a46abfdbbd95329d9d88707034f8419628e380b740ca401d4bed7bf638e68,0x5fdcca53617f4d2b9134b29090c87d01058e27e9,0xccc8cb5229b0ac8069c51fd58367fd1e622afd97,0x3035f74c81dc785852c86818424003cab40243f4,383704800000000000000,Gods Unchained,GODS,18,150,98246,133000000000,91403,12860169,deprecated,0x441a3e70,"withdraw(uint256 _eth, uint256 _wei)",11546206
13515334,1635553732,0xf0fe61c1af1f96e9c820fd852b3d00161ba8a8323978d33f46ed4894bfafcbd5,2,0xd2709e61f845936e7558cde7dc2429f4622a3e28f8f816ee61c6d6ffc9e91f42,0x5fdcca53617f4d2b9134b29090c87d01058e27e9,0xccc8cb5229b0ac8069c51fd58367fd1e622afd97,0x7b120d6ac33ae8020f57331cc32a44b92cad1c0d,383738500000000000000,Gods Unchained,GODS,18,308,98246,136421265159,91403,20845419,deprecated,0x441a3e70,"withdraw(uint256 _eth, uint256 _wei)",11546198
13515335,1635553756,0x9b9689506d99e31b873f94f80ae2e6ec4715fe0b9b2987fbd585c58ace34eecd,55,0xd81e5eec65e17a8e125e1a95e5d75e9da721ce4315d356626bec9c995fa677c1,0x5fdcca53617f4d2b9134b29090c87d01058e27e9,0xccc8cb5229b0ac8069c51fd58367fd1e622afd97,0x2526617a210cbfcfcd0561ddd8f86f7fddaeb9f2,0,Gods Unchained,GODS,18,46,98246,153200444367,70703,4003684,deprecated,0x441a3e70,"withdraw(uint256 _eth, uint256 _wei)",11546197
13515335,1635553756,0xfdbe3fd625bb153498afada054c09f0c2173bdaed7d39dfc6832ba81c8fd6759,56,0xd81e5eec65e17a8e125e1a95e5d75e9da721ce4315d356626bec9c995fa677c1,0x2526617a210cbfcfcd0561ddd8f86f7fddaeb9f2,0xccc8cb5229b0ac8069c51fd58367fd1e622afd97,0x5070e23c1990fdde93ac51fad8ba7298f66a9747,10305190000000000000000,Gods Unchained,GODS,18,50,78787,153025790367,47725,4437651,deprecated,0xa9059cbb,"transfer(address _to, uint256 _value)",11546197
13515335,1635553756,0x5710b53fb1b54aa62e750dcf0a60c34a36286498ccd3471879f7dbd929000ff9,9,0xd81e5eec65e17a8e125e1a95e5d75e9da721ce4315d356626bec9c995fa677c1,0x1a8a042c803cf56dde3c6440d7b9a165e7a78104,0xccc8cb5229b0ac8069c51fd58367fd1e622afd97,0xbb19c0ee3352d1b68895848bec96659c8a89f796,391000000000000000000,Gods Unchained,GODS,18,111,78769,152917912418,47713,12145074,deprecated,0xa9059cbb,"transfer(address _to, uint256 _value)",11546197
13515350,1635553953,0xf9327c89db3e197eccfeed89269c7a76cc073abc0fd61ea092d208c6a052db7d,0,0x1250caf819aa36f8055336849dc4e48ba145fecf3a9d1077a88929fcaf2d3b71,0x5070e23c1990fdde93ac51fad8ba7298f66a9747,0xccc8cb5229b0ac8069c51fd58367fd1e622afd97,0x6cc5f688a315f3dc28a7781717a9a798a59fda7b,10305189999999999999999,Gods Unchained,GODS,18,123,105000,187000000000,35449,5633479,deprecated,0xa9059cbb,"transfer(address _to, uint256 _value)",11546182
13515351,1635553971,0x70643cb5796fb246681949ea913170764c59511a58416bd451caade1899f024f,0,0xce675473318ab5490c7bbd27a579c8c6716e352b36c605037f1631909c7947f1,0xbb19c0ee3352d1b68895848bec96659c8a89f796,0xccc8cb5229b0ac8069c51fd58367fd1e622afd97,0x6cc5f688a315f3dc28a7781717a9a798a59fda7b,390999999999999999999,Gods Unchained,GODS,18,48,105000,187000000000,35437,2381341,deprecated,0xa9059cbb,"transfer(address _to, uint256 _value)",11546181
13515353,1635554059,0xcd746dea2d0054c6d79a6db181a5c6c3ee3649dddbf17e2e0e7ac11cd225ccd4,292,0x16538d179bf739df09a9a286ef8cd5b19a919ebff474b1feb9daa7bf97a1a32f,0x5e4868e860a6e12cd4decb5b262e15208a9479f2,0xccc8cb5229b0ac8069c51fd58367fd1e622afd97,0x2b26e8e6ad9f5c27af49bace7a82c675e0f3fa15,384000000000000000000,Gods Unchained,GODS,18,261,78751,174121244570,47701,12241784,deprecated,0xa9059cbb,"transfer(address _to, uint256 _value)",11546179
13515359,1635554153,0x831875f5be040b331d83e985d0b1d4ec20576e53ff6ed5d0dee0e6c21e53c98a,11,0xf748af204d4e117b14a470227d879344334aab65d0de321fb073c9a9f8a1ce63,0x295685c8fe08d8192981d21ea1fe856a07443920,0xccc8cb5229b0ac8069c51fd58367fd1e622afd97,0x8f4abb2922169ee7b16baa5418596a15ebea665e,216741477053428858329,Gods Unchained,GODS,18,207,175786,169962130663,120981,13130737,deprecated,0x7ff36ab5,"swapExactETHForTokens(uint256 amountOutMin, address[] path, address to, uint256 deadline)",11546173
13515359,1635554153,0x57a5e354333816c134990f830815da949cdc9da0d03faa7b772f046493d8e828,453,0xf748af204d4e117b14a470227d879344334aab65d0de321fb073c9a9f8a1ce63,0x167589bf67752ccb079151fac71504d8bf8ac196,0xccc8cb5229b0ac8069c51fd58367fd1e622afd97,0xae5e4bb31d4e200b86e6cacebf3ee5a985800518,398641000000000000000,Gods Unchained,GODS,18,402,78787,159523689983,47725,29162386,deprecated,0xa9059cbb,"transfer(address _to, uint256 _value)",11546173
13515363,1635554207,0x1049d475a8bd9ee5400c3f5ac996c70201e918c742264c173c43f576b1538410,0,0xeb29b0a93c335e00f794886b49444a01b1da400acff7ebba02b32b5f38689091,0x2b26e8e6ad9f5c27af49bace7a82c675e0f3fa15,0xccc8cb5229b0ac8069c51fd58367fd1e622afd97,0x6cc5f688a315f3dc28a7781717a9a798a59fda7b,383999999999999999999,Gods Unchained,GODS,18,68,105000,206000000000,35437,3478057,deprecated,0xa9059cbb,"transfer(address _to, uint256 _value)",11546169
13515363,1635554207,0x6184eaa70858820aca7b11b0915f507fb8cff4e48e0670bf8ea2ecb4c1b1ddf2,533,0xeb29b0a93c335e00f794886b49444a01b1da400acff7ebba02b32b5f38689091,0x5fdcca53617f4d2b9134b29090c87d01058e27e9,0xccc8cb5229b0ac8069c51fd58367fd1e622afd97,0x79affe26c6e008a67ba8f6f2235395af049e1f82,425000000000000000000,Gods Unchained,GODS,18,200,98246,167000000000,91403,13016322,deprecated,0x441a3e70,"withdraw(uint256 _eth, uint256 _wei)",11546169
13515364,1635554233,0xc21db89f12b2ce699d16ad8e1d50aa15d66d546d55cd3fc2c8ed226b17470a60,65,0x137df80a724a69af03ab2dc359cb5ac20b29f41dbbe61e4a1cf750d4e9379efd,0x5fdcca53617f4d2b9134b29090c87d01058e27e9,0xccc8cb5229b0ac8069c51fd58367fd1e622afd97,0x45aaccf96b8ebeef13fa48f55af7487a81a4f7d6,14295090000000000000000,Gods Unchained,GODS,18,187,98246,167522725229,91403,14130503,deprecated,0x441a3e70,"withdraw(uint256 _eth, uint256 _wei)",11546168
13515365,1635554250,0x1538e4cf0456c5824192938be7cf056becc83cbd1705c8af077b3c53bb6bea07,211,0x6e4d11ff4cf11035d6c6176039eaf93087b6f4a55c43b46563407dad3ed0083c,0x9ea462948843d122b641157aa9ca7fd8e1314cbc,0xccc8cb5229b0ac8069c51fd58367fd1e622afd97,0x5070e23c1990fdde93ac51fad8ba7298f66a9747,22156350000000000000000,Gods Unchained,GODS,18,183,53137,172547438895,30625,8240440,deprecated,0xa9059cbb,"transfer(address _to, uint256 _value)",11546167
13515370,1635554299,0xafc7221d17c4785120c976f53e92b19fbe458ba861990a1365336e050a74df7e,0,0x8ed7c8e3d400125af15c5cefe159ea7520aba1fd7a486b89a3b2bce068cc6f82,0xae5e4bb31d4e200b86e6cacebf3ee5a985800518,0xccc8cb5229b0ac8069c51fd58367fd1e622afd97,0x6cc5f688a315f3dc28a7781717a9a798a59fda7b,398640999999999999999,Gods Unchained,GODS,18,185,105000,191000000000,35437,12773203,deprecated,0xa9059cbb,"transfer(address _to, uint256 _value)",11546162
13515371,1635554409,0x3e1f8184a344067797eb9e22b8f416cf1ba2ce1eb5144ccf7287cee188d240dc,66,0x81ebeed3b47e352043adb5b36eee04a96ffe3d71d3a8dcebf62745b21e966aaf,0x45aaccf96b8ebeef13fa48f55af7487a81a4f7d6,0xccc8cb5229b0ac8069c51fd58367fd1e622afd97,0x5070e23c1990fdde93ac51fad8ba7298f66a9747,14295090000000000000000,Gods Unchained,GODS,18,420,53137,161725485439,30625,28650290,deprecated,0xa9059cbb,"transfer(address _to, uint256 _value)",11546161
13515373,1635554437,0x0969455b977889dff3da3367e883eff295314801bf3cb89e5bf9860f637897c9,320,0x2c1a1b7d6784222d85ad6ee5e9fa21b52998d07cafd6c41b404e5d437ac02cbf,0x5fdcca53617f4d2b9134b29090c87d01058e27e9,0xccc8cb5229b0ac8069c51fd58367fd1e622afd97,0x91242abd745e7390c3b12af09f40f559089cdbb1,10000000000000000000,Gods Unchained,GODS,18,154,98246,172570865390,91403,8946002,deprecated,0x441a3e70,"withdraw(uint256 _eth, uint256 _wei)",11546159
13515373,1635554437,0x3f172c1d035e7f0b15e8ae76b8cff7c63af04391dc8ef73e48661014893e0118,21,0x2c1a1b7d6784222d85ad6ee5e9fa21b52998d07cafd6c41b404e5d437ac02cbf,0x5fdcca53617f4d2b9134b29090c87d01058e27e9,0xccc8cb5229b0ac8069c51fd58367fd1e622afd97,0xe3cdbd84dde2c02e4645a128d35ecaa7485a9c08,11022840000000000000000,Gods Unchained,GODS,18,235,98234,172570865390,91391,19113426,deprecated,0x441a3e70,"withdraw(uint256 _eth, uint256 _wei)",11546159
13515373,1635554437,0xeda05c444c1747f5651d3d0cba70398f4ab1259ac3043ad45089f22e8dbbfd79,71,0x2c1a1b7d6784222d85ad6ee5e9fa21b52998d07cafd6c41b404e5d437ac02cbf,0x295685c8fe08d8192981d21ea1fe856a07443920,0xccc8cb5229b0ac8069c51fd58367fd1e622afd97,0x0b01576e6472af5f0abc0f02bf6228f067bb23ce,500000000000000000000,Gods Unchained,GODS,18,236,183532,172570865390,128360,19241786,deprecated,0xfb3bdb41,"swapETHForExactTokens(uint256 amountOut, address[] path, address to, uint256 deadline)",11546159
13515373,1635554437,0x41a73fe305092bbbd8b200b2192b74746767ec2f64aed38d27f856973ac3b27e,48,0x2c1a1b7d6784222d85ad6ee5e9fa21b52998d07cafd6c41b404e5d437ac02cbf,0x0a68d342d9e0af3ae99e514efe286a1b29df09ad,0xccc8cb5229b0ac8069c51fd58367fd1e622afd97,0x6fc4c5587043ac012054a5a19fc2b17c1cdb823f,700000000000000000000,Gods Unchained,GODS,18,268,78769,172570865390,47713,22728340,deprecated,0xa9059cbb,"transfer(address _to, uint256 _value)",11546159
13515373,1635554437,0xdbfddf61cc1beaf4f626e569774d37fd40ac3e77bf32dde49f329facb5c312a6,152,0x2c1a1b7d6784222d85ad6ee5e9fa21b52998d07cafd6c41b404e5d437ac02cbf,0x5fdcca53617f4d2b9134b29090c87d01058e27e9,0xccc8cb5229b0ac8069c51fd58367fd1e622afd97,0x7de2f46f4dafebc223926e97a2b7d238b764a16a,440853700000000000000,Gods Unchained,GODS,18,319,98246,172570865390,91403,27924435,deprecated,0x441a3e70,"withdraw(uint256 _eth, uint256 _wei)",11546159
13515375,1635554450,0x78df8558a4e83ed446bc434bf9756ad3ac58c470b6e89b4fcfa771c888341c56,535,0xd1a35bd8bbbb2a33ebb7fd4b17b8dbe437c914be1db81e9e9914e6b767009853,0x79affe26c6e008a67ba8f6f2235395af049e1f82,0xccc8cb5229b0ac8069c51fd58367fd1e622afd97,0x295685c8fe08d8192981d21ea1fe856a07443920,425000000000000000000,Gods Unchained,GODS,18,6,161535,174553473414,115791,342620,deprecated,0x18cbafe5,"swapExactTokensForETH(uint256 amountIn, uint256 amountOutMin, address[] path, address to, uint256 deadline)",11546157
13515376,1635554454,0x5c43a562a10b715a0c97841f117672bde1cf9118494d9e850d0909e427cdc06c,2582,0xec96775ae967cb4348f69c6152e7e1b51f8612dcb860b4379c94088865d3711e,0x295685c8fe08d8192981d21ea1fe856a07443920,0xccc8cb5229b0ac8069c51fd58367fd1e622afd97,0x928efa31db4d805dc355945a5ab3c8c7a8db2fe2,904615695332447564934,Gods Unchained,GODS,18,426,175772,154260108741,120969,28283388,deprecated,0x7ff36ab5,"swapExactETHForTokens(uint256 amountOutMin, address[] path, address to, uint256 deadline)",11546156
13515380,1635554518,0xd5f6f64b304e3d6cbcf8725314227a00ffc092a8c013e4ce420bf2f792ffd6a1,1,0xa47515a243cbc70a2f8683d03fd8ca06942b6036a61b9d1a7dd0302f522b8d2f,0x5070e23c1990fdde93ac51fad8ba7298f66a9747,0xccc8cb5229b0ac8069c51fd58367fd1e622afd97,0x6cc5f688a315f3dc28a7781717a9a798a59fda7b,36451440000000000000000,Gods Unchained,GODS,18,207,105000,192000000000,35425,11234493,deprecated,0xa9059cbb,"transfer(address _to, uint256 _value)",11546152
13515382,1635554595,0x336ccb57a368e49463c532188d688b21c13c4c86417562388f9a5cb447abf369,1913,0x9ee73ead5b9be211d8ba023bb7355fb9cae7c8fe9804334c71a07fad2ae4c7dd,0x5fdcca53617f4d2b9134b29090c87d01058e27e9,0xccc8cb5229b0ac8069c51fd58367fd1e622afd97,0xe18979f2576856d4199c6abaf4ffdf5672d930bd,1222000000000000000000,Gods Unchained,GODS,18,157,98234,179698001564,91391,15339095,deprecated,0x441a3e70,"withdraw(uint256 _eth, uint256 _wei)",11546150
13515388,1635554641,0x1b91c77120b3a0decce66ff6697efbde7e229fbe50b019e76455ffacea48ccd4,6,0xc1e5164dadb5942711ccf664b53a93254b3af7ddf838b096c6d5b5cd746c2bba,0x295685c8fe08d8192981d21ea1fe856a07443920,0xccc8cb5229b0ac8069c51fd58367fd1e622afd97,0xfa1f1c4d9ee171d88c72b01e026b2d87bc425b2b,127641306768064129074,Gods Unchained,GODS,18,52,172786,169686119615,120981,4612683,deprecated,0x7ff36ab5,"swapExactETHForTokens(uint256 amountOutMin, address[] path, address to, uint256 deadline)",11546144
13515391,1635554674,0xb5bb2c90af648777f6618292bb15255423b7e460ec4f7715a3b3d47c2507c167,0,0x02a2a1adff807d8e2fc86a1a2f90f7688f99596c576b7bac8a175ed90b2c126e,0x6fc4c5587043ac012054a5a19fc2b17c1cdb823f,0xccc8cb5229b0ac8069c51fd58367fd1e622afd97,0x6cc5f688a315f3dc28a7781717a9a798a59fda7b,699999999999999999999,Gods Unchained,GODS,18,42,105000,196000000000,35437,5085654,deprecated,0xa9059cbb,"transfer(address _to, uint256 _value)",11546141
13515391,1635554674,0xb340608a74da22029e555e7734cd18cbdee1784467f3bc4f0c182db37965ac84,1915,0x02a2a1adff807d8e2fc86a1a2f90f7688f99596c576b7bac8a175ed90b2c126e,0xe18979f2576856d4199c6abaf4ffdf5672d930bd,0xccc8cb5229b0ac8069c51fd58367fd1e622afd97,0x295685c8fe08d8192981d21ea1fe856a07443920,1222000000000000000000,Gods Unchained,GODS,18,259,174207,163390634732,115791,19063256,deprecated,0x18cbafe5,"swapExactTokensForETH(uint256 amountIn, uint256 amountOutMin, address[] path, address to, uint256 deadline)",11546141
13515397,1635554751,0x237c0997d6f4afd8670ec2aac0abae0a035e3b5a6ebb4387b8f014af1bd93fe4,0,0x19291d207a2c141e2bee9918b511985d65d1fa9dbb44d11d2258a2f5b4713ef9,0x5fdcca53617f4d2b9134b29090c87d01058e27e9,0xccc8cb5229b0ac8069c51fd58367fd1e622afd97,0x181271a84d444b2c16f1def234f349abefd41ef1,383839600000000000000,Gods Unchained,GODS,18,306,98246,142571336067,91403,24878793,deprecated,0x441a3e70,"withdraw(uint256 _eth, uint256 _wei)",11546135
13515400,1635554801,0xc0141172753ceb0667b1640743a35d62913d78a34001530dbaf9542805408118,3499,0xff3ec50ad7743c4e35719dcd3caf76661f9c277ffc92b2944a52f7edc0217a56,0x5fdcca53617f4d2b9134b29090c87d01058e27e9,0xccc8cb5229b0ac8069c51fd58367fd1e622afd97,0x901f4ba839381b8080917c616796f4fe3e1b84d3,5702564000000000000000,Gods Unchained,GODS,18,58,98246,155832257475,91403,4028601,deprecated,0x441a3e70,"withdraw(uint256 _eth, uint256 _wei)",11546132
13515408,1635554911,0xca36967defbaf86d5c6b8e2ef3c642e75d138797b91525d541817ccd67ce90e8,3501,0xbfaaff694aee44ad79daa76a98899b6c97ac88867146da70015df2dd9b70782c,0x901f4ba839381b8080917c616796f4fe3e1b84d3,0xccc8cb5229b0ac8069c51fd58367fd1e622afd97,0x295685c8fe08d8192981d21ea1fe856a07443920,5702564000000000000000,Gods Unchained,GODS,18,97,174222,149154707925,115803,7557290,deprecated,0x18cbafe5,"swapExactTokensForETH(uint256 amountIn, uint256 amountOutMin, address[] path, address to, uint256 deadline)",11546124
13515408,1635554911,0x60d6a0bf8f013adef97e95c48bb1bf940f43402d5bbbfc21351493ade37bd7c5,22,0xbfaaff694aee44ad79daa76a98899b6c97ac88867146da70015df2dd9b70782c,0xe3cdbd84dde2c02e4645a128d35ecaa7485a9c08,0xccc8cb5229b0ac8069c51fd58367fd1e622afd97,0x5070e23c1990fdde93ac51fad8ba7298f66a9747,11022840000000000000000,Gods Unchained,GODS,18,205,53137,147948822686,30625,15560149,deprecated,0xa9059cbb,"transfer(address _to, uint256 _value)",11546124
13515414,1635555017,0x757e345334aacb696c9b93455ba511304660b43e109b193fbe24d395acf4734c,396,0x3ddaad3a482cdb2530201886cf17510db70aa654801123bccb0c594283e505e7,0x5fdcca53617f4d2b9134b29090c87d01058e27e9,0xccc8cb5229b0ac8069c51fd58367fd1e622afd97,0x1eac4062a9e7b8fa0590a0dd2d07bae86b128cdc,65154380000000000000000,Gods Unchained,GODS,18,391,98234,146079001988,91391,25387035,deprecated,0x441a3e70,"withdraw(uint256 _eth, uint256 _wei)",11546118
13515422,1635555089,0x4d8989e051e23d8a1d50838c3e19e98b5ce43b52cc12e6402d954669933e7e8b,321,0x96347e60b5101940dcec3a40dccabdad8a73f23a979bfccf062ffa1ad7a893ae,0x5fdcca53617f4d2b9134b29090c87d01058e27e9,0xccc8cb5229b0ac8069c51fd58367fd1e622afd97,0x5fc119ab880c1910237d55b3381021d185c7f34f,383671100000000000000,Gods Unchained,GODS,18,156,98246,130000000000,91403,7426217,deprecated,0x441a3e70,"withdraw(uint256 _eth, uint256 _wei)",11546110
13515422,1635555089,0xf0e29ba9753a8c9c4a3076d1ca06ce5361a791590c3dc934bc62d8761cb37bdf,69,0x96347e60b5101940dcec3a40dccabdad8a73f23a979bfccf062ffa1ad7a893ae,0x295685c8fe08d8192981d21ea1fe856a07443920,0xccc8cb5229b0ac8069c51fd58367fd1e622afd97,0x4a9da45d717ae47077be57cfb467b4b71b54d649,1065275654562286415648,Gods Unchained,GODS,18,312,232713,127514825969,180789,21283416,deprecated,0x38ed1739,"swapExactTokensForTokens(uint256 amountIn, uint256 amountOutMin, address[] path, address to, uint256 deadline)",11546110
13515422,1635555089,0xfea5f709eea042054933a42ac177dfdd6d8396596515bc55302b2cef5dff77d9,1064,0x96347e60b5101940dcec3a40dccabdad8a73f23a979bfccf062ffa1ad7a893ae,0x5fdcca53617f4d2b9134b29090c87d01058e27e9,0xccc8cb5229b0ac8069c51fd58367fd1e622afd97,0x2d675694f071422297575d11648d072323a9820a,753200000000000000000,Gods Unchained,GODS,18,328,98246,127424825969,91403,24863146,deprecated,0x441a3e70,"withdraw(uint256 _eth, uint256 _wei)",11546110
13515423,1635555092,0x574189b22faa18001cfda725f5a3f13001dfef7580e5927e1bb8eb790fd453d0,1960,0x97cc9aa5f89fef2384dae0d77e236622ef95cdc00ccfc3a8d2c19260a731b9cb,0x5fdcca53617f4d2b9134b29090c87d01058e27e9,0xccc8cb5229b0ac8069c51fd58367fd1e622afd97,0x47d228fb786bb14117625147f1055638f46b6893,384143100000000000000,Gods Unchained,GODS,18,307,98246,142971454019,91403,19637369,deprecated,0x441a3e70,"withdraw(uint256 _eth, uint256 _wei)",11546109
13515423,1635555092,0x54478a9c9507478eb44ae326b1fb96e0543e42312b545fa2e45add1ba59af01a,153,0x97cc9aa5f89fef2384dae0d77e236622ef95cdc00ccfc3a8d2c19260a731b9cb,0x7de2f46f4dafebc223926e97a2b7d238b764a16a,0xccc8cb5229b0ac8069c51fd58367fd1e622afd97,0x5733f911681ce4a76fd67cc1fc42b26e3cb79a02,440853700000000000000,Gods Unchained,GODS,18,308,78787,142971454019,47725,19685094,deprecated,0xa9059cbb,"transfer(address _to, uint256 _value)",11546109
13515423,1635555092,0xc6904c9691e6c8771c32f46945c36d56597d6da7606eb14e108981d5a93031c0,397,0x97cc9aa5f89fef2384dae0d77e236622ef95cdc00ccfc3a8d2c19260a731b9cb,0x1eac4062a9e7b8fa0590a0dd2d07bae86b128cdc,0xccc8cb5229b0ac8069c51fd58367fd1e622afd97,0x5070e23c1990fdde93ac51fad8ba7298f66a9747,65154380000000000000000,Gods Unchained,GODS,18,333,53137,142971454019,30625,21989002,deprecated,0xa9059cbb,"transfer(address _to, uint256 _value)",11546109
13515423,1635555092,0xaf11775c64b537590d68b8f46120c8b2f12e30280a9f00d0ad0458fab5283588,306,0x97cc9aa5f89fef2384dae0d77e236622ef95cdc00ccfc3a8d2c19260a731b9cb,0x5fdcca53617f4d2b9134b29090c87d01058e27e9,0xccc8cb5229b0ac8069c51fd58367fd1e622afd97,0x0ba38abac43f9013b3180f52572379fb94585022,384851100000000000000,Gods Unchained,GODS,18,344,98246,142881454019,91403,23300374,deprecated,0x441a3e70,"withdraw(uint256 _eth, uint256 _wei)",11546109
13515425,1635555130,0x6b19221f33f85ad565f4634e57b3c7d52f46c7e89c72ceb4e8e4339f76422797,2,0xd1582df0a24a8818f4caea72ea1931408fd57d15ba4b16edac060019c867a1dc,0x181271a84d444b2c16f1def234f349abefd41ef1,0xccc8cb5229b0ac8069c51fd58367fd1e622afd97,0xc191e3738686159f9fd6783b0257645efdc386f5,383839600000000000000,Gods Unchained,GODS,18,93,78769,148713480492,47713,8767498,deprecated,0xa9059cbb,"transfer(address _to, uint256 _value)",11546107
13515427,1635555159,0x16e28681f5786711b09af6c5c32b7e48b632aa99e2a236cc8ae82dbccfd02a8e,2,0x9b4c438ac71ec797f9f2d2622655ea45c46c0551805b457435ec93090ff82a0e,0x5070e23c1990fdde93ac51fad8ba7298f66a9747,0xccc8cb5229b0ac8069c51fd58367fd1e622afd97,0x6cc5f688a315f3dc28a7781717a9a798a59fda7b,76177220000000000000000,Gods Unchained,GODS,18,110,105000,172000000000,35425,6441665,deprecated,0xa9059cbb,"transfer(address _to, uint256 _value)",11546105
13515427,1635555159,0x4910410ace5ab07de1cbbcdffbd5ac6e4059e9d8f5a799faa04eb7bdb243ef1e,29,0x9b4c438ac71ec797f9f2d2622655ea45c46c0551805b457435ec93090ff82a0e,0x5fdcca53617f4d2b9134b29090c87d01058e27e9,0xccc8cb5229b0ac8069c51fd58367fd1e622afd97,0x742098c98f2efd0142b235fe2e4e2c5a8958cba6,12020970000000000000000,Gods Unchained,GODS,18,312,98246,159132913529,91403,22715874,deprecated,0x441a3e70,"withdraw(uint256 _eth, uint256 _wei)",11546105
13515433,1635555275,0xdc6653a9bcaa6411462c15225532d0c38e1e73f726640b3daef94df14628673b,0,0xa2c5bd9a12a1beeffca99aa26f7c05123525eaa1c73135dfe1c3c512ad6d5b74,0xc191e3738686159f9fd6783b0257645efdc386f5,0xccc8cb5229b0ac8069c51fd58367fd1e622afd97,0x6cc5f688a315f3dc28a7781717a9a798a59fda7b,383839599999999999999,Gods Unchained,GODS,18,84,105000,181000000000,35437,4158735,deprecated,0xa9059cbb,"transfer(address _to, uint256 _value)",11546099
13515433,1635555275,0xc4ac88d535a410ac1dc89f522bc70568b71792a8e4d7016662c584a71616be4b,1,0xa2c5bd9a12a1beeffca99aa26f7c05123525eaa1c73135dfe1c3c512ad6d5b74,0x5733f911681ce4a76fd67cc1fc42b26e3cb79a02,0xccc8cb5229b0ac8069c51fd58367fd1e622afd97,0x6cc5f688a315f3dc28a7781717a9a798a59fda7b,440853699999999999999,Gods Unchained,GODS,18,85,105000,181000000000,35437,4194172,deprecated,0xa9059cbb,"transfer(address _to, uint256 _value)",11546099
13515435,1635555303,0x9d4eeb9c97c23f7ca1c3b049bfc4c71e12b34383d5948cb17596a3f65d7b0848,30,0xa6122e855b8bb366666f8e93a39da03866c8846f87cd8933dec5311fdbf5a3ea,0x742098c98f2efd0142b235fe2e4e2c5a8958cba6,0xccc8cb5229b0ac8069c51fd58367fd1e622afd97,0x5070e23c1990fdde93ac51fad8ba7298f66a9747,12020970000000000000000,Gods Unchained,GODS,18,281,53137,163270487559,30625,15308269,deprecated,0xa9059cbb,"transfer(address _to, uint256 _value)",11546097
13515437,1635555345,0x261c75178ee5d45702b531ee05d9eeb0e60fcc9a099010bf1ec6b0ccd11055e2,81,0x73e3aee4410603bcc78d5d404cf4eb5f34ee1b5cca00f5bb6076f1dc2a3292cb,0x5fdcca53617f4d2b9134b29090c87d01058e27e9,0xccc8cb5229b0ac8069c51fd58367fd1e622afd97,0x8442d1340b441b4c22970581a415567c509df3d9,479100000000000000000,Gods Unchained,GODS,18,146,98246,174319136529,91403,8169564,deprecated,0x441a3e70,"withdraw(uint256 _eth, uint256 _wei)",11546095
13515439,1635555367,0xe575a38a2c50bf80914fab87e5ace544697e543096271fdd8d6970b66c072cfd,35,0xa32d36a02bf0e7a644ac9fe0e86229769c74e4be8620d23de2bd82d1b376e07c,0x5fdcca53617f4d2b9134b29090c87d01058e27e9,0xccc8cb5229b0ac8069c51fd58367fd1e622afd97,0x1cb01a307d4ac6c0285934aea9ced85e328ae6e9,18167630000000000000000,Gods Unchained,GODS,18,160,98246,171517939221,91403,11404853,deprecated,0x441a3e70,"withdraw(uint256 _eth, uint256 _wei)",11546093
13515443,1635555395,0x30c2c07cc735358456f14b7bc20a4334dc1503fb77793cafbc4d18b42907d634,82,0x92903ebf38c3dd743ddf151fe18a9d7d15d9b1ce683af5258c2acd362fe73fa9,0x8442d1340b441b4c22970581a415567c509df3d9,0xccc8cb5229b0ac8069c51fd58367fd1e622afd97,0x0d1556fa17ea6bfa9f45b83b16814f3618bc01bd,479100000000000000000,Gods Unchained,GODS,18,117,78769,143456221680,47713,9848907,deprecated,0xa9059cbb,"transfer(address _to, uint256 _value)",11546089
13515451,1635555466,0xebfd2fa7d4e7143a90b3ceef94cb02df6036a368e24ed97c25adc94fd6264453,36,0x5a75da2ac2fdcdf01775e32d5c0e996192f0a553de3f029dfa509f9297ef009b,0x1cb01a307d4ac6c0285934aea9ced85e328ae6e9,0xccc8cb5229b0ac8069c51fd58367fd1e622afd97,0x5070e23c1990fdde93ac51fad8ba7298f66a9747,18167630000000000000000,Gods Unchained,GODS,18,39,53137,133115378490,30625,3497950,deprecated,0xa9059cbb,"transfer(address _to, uint256 _value)",11546081
13515459,1635555595,0x24dfbbb2189f66a9705f83b66898e9f643edf203430e53541a5b305d6822bb0b,5526,0x30941614e037938537b4465a021fdf4eb5c73bf4a7c6724249184ecc76837a7d,0x5fdcca53617f4d2b9134b29090c87d01058e27e9,0xccc8cb5229b0ac8069c51fd58367fd1e622afd97,0xd2af803ad747ea12acf5ae468056703ae48785b5,11355310000000000000000,Gods Unchained,GODS,18,63,98234,162291216582,91391,3723256,deprecated,0x441a3e70,"withdraw(uint256 _eth, uint256 _wei)",11546073
13515461,1635555630,0x5dcd5c6704b8373e04b36d3bbe342fc541424eea0f2ab0ae0b7e34c56f5ff1bd,429,0x8f245c0540f63c94bf33672a9de4c0d3e8f5bed6a344ddc4b2fb88f7397a78b9,0x0d1556fa17ea6bfa9f45b83b16814f3618bc01bd,0xccc8cb5229b0ac8069c51fd58367fd1e622afd97,0x93aaa257c6c62f26b615863cdd5ade07bf481453,200000000000000000000,Gods Unchained,GODS,18,308,78769,167319932149,52513,14747419,deprecated,0xa9059cbb,"transfer(address _to, uint256 _value)",11546071
13515461,1635555630,0x9a93b4f2d5d6c0b7a4ab8f97185de7018d2ef9c5d1166ee1bbb95c46cb0134ba,5527,0x8f245c0540f63c94bf33672a9de4c0d3e8f5bed6a344ddc4b2fb88f7397a78b9,0xd2af803ad747ea12acf5ae468056703ae48785b5,0xccc8cb5229b0ac8069c51fd58367fd1e622afd97,0x5070e23c1990fdde93ac51fad8ba7298f66a9747,11355310000000000000000,Gods Unchained,GODS,18,390,53137,167037400200,30625,20431296,deprecated,0xa9059cbb,"transfer(address _to, uint256 _value)",11546071
13515464,1635555688,0x52ae6c2e30c25a0f396dbb23d71ef28164c5640209c92a07506775794dfe1c58,6458,0xf0716b999be2a3db0e797c73d1a4b1ceade51d303f7dd87ebbde0483e640e2cc,0x0662596a2a8f7fe81e13f5b68f77e851a1251f73,0xccc8cb5229b0ac8069c51fd58367fd1e622afd97,0x295685c8fe08d8192981d21ea1fe856a07443920,387379800000000000000,Gods Unchained,GODS,18,231,174222,171651058115,115803,12248313,deprecated,0x18cbafe5,"swapExactTokensForETH(uint256 amountIn, uint256 amountOutMin, address[] path, address to, uint256 deadline)",11546068
13515464,1635555688,0x1f3909ca1455a8f045967cef2e1dc50f035d84bf406e4cc10fec74a467669db7,1724,0xf0716b999be2a3db0e797c73d1a4b1ceade51d303f7dd87ebbde0483e640e2cc,0x5fdcca53617f4d2b9134b29090c87d01058e27e9,0xccc8cb5229b0ac8069c51fd58367fd1e622afd97,0xfe70e4fdd19489d1384e50cc2dbfe993f7b94589,629495600000000000000,Gods Unchained,GODS,18,385,98234,170317002124,91391,21968653,deprecated,0x441a3e70,"withdraw(uint256 _eth, uint256 _wei)",11546068
13515471,1635555789,0x2d99f28dddc59295d3ee94fc253ec09e3b06bd15db197bc458e60ed710bf5008,1642,0x619a33015f88e9de7302094a2eca6c04c8dd51fd7b7569a8589596b0ece6b0b2,0x35e352e52fc7b7daa82c8e875c45294800bc530b,0xccc8cb5229b0ac8069c51fd58367fd1e622afd97,0x295685c8fe08d8192981d21ea1fe856a07443920,2000000000000000000000,Gods Unchained,GODS,18,126,174178,142171565016,115767,14670331,deprecated,0x18cbafe5,"swapExactTokensForETH(uint256 amountIn, uint256 amountOutMin, address[] path, address to, uint256 deadline)",11546061
13515475,1635555892,0xdc9f4f40aebe62666b8d55fc3653141df4457953d284c8bcc2c55ce86d5d036e,0,0x0b80c57728cb2ab9062f01eefeacf69ceb59f0d0ed3bb4d00692b6f52b3d6dd7,0x93aaa257c6c62f26b615863cdd5ade07bf481453,0xccc8cb5229b0ac8069c51fd58367fd1e622afd97,0x6cc5f688a315f3dc28a7781717a9a798a59fda7b,199999999999999999999,Gods Unchained,GODS,18,33,105000,186000000000,35437,1678367,deprecated,0xa9059cbb,"transfer(address _to, uint256 _value)",11546057
13515475,1635555892,0x55c26f3e54e4905cdb00415b65d3c465c18d9aa057a3551ea229591ff8cda259,3,0x0b80c57728cb2ab9062f01eefeacf69ceb59f0d0ed3bb4d00692b6f52b3d6dd7,0x5070e23c1990fdde93ac51fad8ba7298f66a9747,0xccc8cb5229b0ac8069c51fd58367fd1e622afd97,0x6cc5f688a315f3dc28a7781717a9a798a59fda7b,41543910000000000000000,Gods Unchained,GODS,18,35,105000,185000000000,35425,1968520,deprecated,0xa9059cbb,"transfer(address _to, uint256 _value)",11546057
13515483,1635556055,0x11d52ffdd06646d54dec0146d36080b9f82898f03f43028db33499fb4f07dd53,431,0xfd6bcf68967c2443a01ea0ebac7570a8a53413c9e93c173cecadf0567b1fb215,0x5fdcca53617f4d2b9134b29090c87d01058e27e9,0xccc8cb5229b0ac8069c51fd58367fd1e622afd97,0x02754affcd0c7fd1791df3238a760b665c317c4c,2000000000000000000000,Gods Unchained,GODS,18,276,98234,183008946505,91391,16052390,deprecated,0x441a3e70,"withdraw(uint256 _eth, uint256 _wei)",11546049
13515483,1635556055,0xc6f04fd36f366b5072efb68e3257a35f0b860c75bb22113d7b789396fecbaf30,482,0xfd6bcf68967c2443a01ea0ebac7570a8a53413c9e93c173cecadf0567b1fb215,0x5fdcca53617f4d2b9134b29090c87d01058e27e9,0xccc8cb5229b0ac8069c51fd58367fd1e622afd97,0xefa5d5c4816b2fdca66a6cbfb01b7f1767e82176,405519100000000000000,Gods Unchained,GODS,18,368,98246,183008946505,91403,24292746,deprecated,0x441a3e70,"withdraw(uint256 _eth, uint256 _wei)",11546049
13515486,1635556096,0xd4e21facaa0cd6917c6c8038837691920276c7807151e7da911e56c2ce20373b,72,0x2ecc0de04c86510064812252185a275b389f394767bc76c45ee5885825b68382,0x80c2baae7ad68e22f4528210bbdba6fa23fa5d85,0xccc8cb5229b0ac8069c51fd58367fd1e622afd97,0x424390b7b26b13c6e08fdf9d219737d58b10ac4e,636946900000000000000,Gods Unchained,GODS,18,209,78787,179061514255,47725,12110220,deprecated,0xa9059cbb,"transfer(address _to, uint256 _value)",11546046
