blockNumber,timeStamp,hash,nonce,blockHash,from,contractAddress,to,value,tokenName,tokenSymbol,tokenDecimal,transactionIndex,gas,gasPrice,gasUsed,cumulativeGasUsed,input,methodId,functionName,confirmations
10998076,1601931978,0x6089ee96e43b2207c5e748818c717fe08bc2ba6fac236b8e5ce9973507aa7b06,5,0x210f5af86997f7d817c4ec0773f9d6439f48007a224d602f4bd4f843de8b99bd,0x0000000000000000000000000000000000000000,0xaea46a60368a7bd060eec7df8cba43b7ef41ad85,0xa47c0bd4874f788ee9831bd1c8d1e8d439be7ac5,1152997575000000000000000000,Fetch,FET,18,43,1925057,36000000000,1750052,6265598,deprecated,0x60806040,"atInversebrah(int248 a, uint48[] b, uint32 c, bytes20[] d, bytes30[] e)",14063449
11054593,1602688992,0x5cc5f0db6d00d2567ad236f1885ba84348205f9cc22e62f3fcbfa7896492bf5b,13,0x18aaf3b76e448ff2f6b16fcfe15f24fffd11fc1b3cbf301ac100ce3a4c6da226,0xa47c0bd4874f788ee9831bd1c8d1e8d439be7ac5,0xaea46a60368a7bd060eec7df8cba43b7ef41ad85,0xd152f549545093347a162dce210e7293f1452150,1056670627436890261208560669,Fetch,FET,18,46,9607518,85000000000,8714709,11434363,deprecated,0xc73a2d60,"disperseToken(address token, address[] recipients, uint256[] values)",14006932
11054593,1602688992,0x5cc5f0db6d00d2567ad236f1885ba84348205f9cc22e62f3fcbfa7896492bf5b,13,0x18aaf3b76e448ff2f6b16fcfe15f24fffd11fc1b3cbf301ac100ce3a4c6da226,0xd152f549545093347a162dce210e7293f1452150,0xaea46a60368a7bd060eec7df8cba43b7ef41ad85,0x8400ac235ed4f139a3e05670a9a3c724e448129b,355348622590000000000000000,Fetch,FET,18,46,9607518,85000000000,8714709,11434363,deprecated,0xc73a2d60,"disperseToken(address token, address[] recipients, uint256[] values)",14006932
11054593,1602688992,0x5cc5f0db6d00d2567ad236f1885ba84348205f9cc22e62f3fcbfa7896492bf5b,13,0x18aaf3b76e448ff2f6b16fcfe15f24fffd11fc1b3cbf301ac100ce3a4c6da226,0xd152f549545093347a162dce210e7293f1452150,0xaea46a60368a7bd060eec7df8cba43b7ef41ad85,0xbe0eb53f46cd790cd13851d5eff43d12404d33e8,330060901686892553140470590,Fetch,FET,18,46,9607518,85000000000,8714709,11434363,deprecated,0xc73a2d60,"disperseToken(address token, address[] recipients, uint256[] values)",14006932
11054593,1602688992,0x5cc5f0db6d00d2567ad236f1885ba84348205f9cc22e62f3fcbfa7896492bf5b,13,0x18aaf3b76e448ff2f6b16fcfe15f24fffd11fc1b3cbf301ac100ce3a4c6da226,0xd152f549545093347a162dce210e7293f1452150,0xaea46a60368a7bd060eec7df8cba43b7ef41ad85,0xf977814e90da44bfa03b6295a0616a897441acec,100000000000000000000000000,Fetch,FET,18,46,9607518,85000000000,8714709,11434363,deprecated,0xc73a2d60,"disperseToken(address token, address[] recipients, uint256[] values)",14006932
11054593,1602688992,0x5cc5f0db6d00d2567ad236f1885ba84348205f9cc22e62f3fcbfa7896492bf5b,13,0x18aaf3b76e448ff2f6b16fcfe15f24fffd11fc1b3cbf301ac100ce3a4c6da226,0xd152f549545093347a162dce210e7293f1452150,0xaea46a60368a7bd060eec7df8cba43b7ef41ad85,0x4d29e44819a950f506f8e0f1c033f4a36c81dda1,29017035357426004867779132,Fetch,FET,18,46,9607518,85000000000,8714709,11434363,deprecated,0xc73a2d60,"disperseToken(address token, address[] recipients, uint256[] values)",14006932
11054593,1602688992,0x5cc5f0db6d00d2567ad236f1885ba84348205f9cc22e62f3fcbfa7896492bf5b,13,0x18aaf3b76e448ff2f6b16fcfe15f24fffd11fc1b3cbf301ac100ce3a4c6da226,0xd152f549545093347a162dce210e7293f1452150,0xaea46a60368a7bd060eec7df8cba43b7ef41ad85,0x0a4d99b38c04f981d175bd2d6fb46db457944dc4,24760752771000000000000000,Fetch,FET,18,46,9607518,85000000000,8714709,11434363,deprecated,0xc73a2d60,"disperseToken(address token, address[] recipients, uint256[] values)",14006932
11054593,1602688992,0x5cc5f0db6d00d2567ad236f1885ba84348205f9cc22e62f3fcbfa7896492bf5b,13,0x18aaf3b76e448ff2f6b16fcfe15f24fffd11fc1b3cbf301ac100ce3a4c6da226,0xd152f549545093347a162dce210e7293f1452150,0xaea46a60368a7bd060eec7df8cba43b7ef41ad85,0xfc475b880d333a8a16a0ec4fa24a6490559f5e71,15000000000000000000000000,Fetch,FET,18,46,9607518,85000000000,8714709,11434363,deprecated,0xc73a2d60,"disperseToken(address token, address[] recipients, uint256[] values)",14006932
11054593,1602688992,0x5cc5f0db6d00d2567ad236f1885ba84348205f9cc22e62f3fcbfa7896492bf5b,13,0x18aaf3b76e448ff2f6b16fcfe15f24fffd11fc1b3cbf301ac100ce3a4c6da226,0xd152f549545093347a162dce210e7293f1452150,0xaea46a60368a7bd060eec7df8cba43b7ef41ad85,0x4872af36a71627300cdb22b900018d055e9e21df,12446233716000000000000000,Fetch,FET,18,46,9607518,85000000000,8714709,11434363,deprecated,0xc73a2d60,"disperseToken(address token, address[] recipients, uint256[] values)",14006932
11054593,1602688992,0x5cc5f0db6d00d2567ad236f1885ba84348205f9cc22e62f3fcbfa7896492bf5b,13,0x18aaf3b76e448ff2f6b16fcfe15f24fffd11fc1b3cbf301ac100ce3a4c6da226,0xd152f549545093347a162dce210e7293f1452150,0xaea46a60368a7bd060eec7df8cba43b7ef41ad85,0xf46a35d45632ad6cae524ed2c412c8ccd556b958,7895127370000000000000000,Fetch,FET,18,46,9607518,85000000000,8714709,11434363,deprecated,0xc73a2d60,"disperseToken(address token, address[] recipients, uint256[] values)",14006932
11054593,1602688992,0x5cc5f0db6d00d2567ad236f1885ba84348205f9cc22e62f3fcbfa7896492bf5b,13,0x18aaf3b76e448ff2f6b16fcfe15f24fffd11fc1b3cbf301ac100ce3a4c6da226,0xd152f549545093347a162dce210e7293f1452150,0xaea46a60368a7bd060eec7df8cba43b7ef41ad85,0x4de0ce3e7222568bcb49c7a7e081597d1b5e4535,7012815450000000000000000,Fetch,FET,18,46,9607518,85000000000,8714709,11434363,deprecated,0xc73a2d60,"disperseToken(address token, address[] recipients, uint256[] values)",14006932
11054593,1602688992,0x5cc5f0db6d00d2567ad236f1885ba84348205f9cc22e62f3fcbfa7896492bf5b,13,0x18aaf3b76e448ff2f6b16fcfe15f24fffd11fc1b3cbf301ac100ce3a4c6da226,0xd152f549545093347a162dce210e7293f1452150,0xaea46a60368a7bd060eec7df8cba43b7ef41ad85,0x876eabf441b2ee5b5b0554fd502a8e0600950cfa,6401519188474199438098974,Fetch,FET,18,46,9607518,85000000000,8714709,11434363,deprecated,0xc73a2d60,"disperseToken(address token, address[] recipients, uint256[] values)",14006932
11054593,1602688992,0x5cc5f0db6d00d2567ad236f1885ba84348205f9cc22e62f3fcbfa7896492bf5b,13,0x18aaf3b76e448ff2f6b16fcfe15f24fffd11fc1b3cbf301ac100ce3a4c6da226,0xd152f549545093347a162dce210e7293f1452150,0xaea46a60368a7bd060eec7df8cba43b7ef41ad85,0x7328eada6ff1e0974309f7d8f062101ce25c36bc,6124133691500540000000000,Fetch,FET,18,46,9607518,85000000000,8714709,11434363,deprecated,0xc73a2d60,"disperseToken(address token, address[] recipients, uint256[] values)",14006932
11054593,1602688992,0x5cc5f0db6d00d2567ad236f1885ba84348205f9cc22e62f3fcbfa7896492bf5b,13,0x18aaf3b76e448ff2f6b16fcfe15f24fffd11fc1b3cbf301ac100ce3a4c6da226,0xd152f549545093347a162dce210e7293f1452150,0xaea46a60368a7bd060eec7df8cba43b7ef41ad85,0x3f5ce5fbfe3e9af3971dd833d26ba9b5c936f0be,6071331341181528044711697,Fetch,FET,18,46,9607518,85000000000,8714709,11434363,deprecated,0xc73a2d60,"disperseToken(address token, address[] recipients, uint256[] values)",14006932
11054593,1602688992,0x5cc5f0db6d00d2567ad236f1885ba84348205f9cc22e62f3fcbfa7896492bf5b,13,0x18aaf3b76e448ff2f6b16fcfe15f24fffd11fc1b3cbf301ac100ce3a4c6da226,0xd152f549545093347a162dce210e7293f1452150,0xaea46a60368a7bd060eec7df8cba43b7ef41ad85,0x3a87b4790e8ca77c1954e59996d52cf5b818b232,6046978160000000000000000,Fetch,FET,18,46,9607518,85000000000,8714709,11434363,deprecated,0xc73a2d60,"disperseToken(address token, address[] recipients, uint256[] values)",14006932
11054593,1602688992,0x5cc5f0db6d00d2567ad236f1885ba84348205f9cc22e62f3fcbfa7896492bf5b,13,0x18aaf3b76e448ff2f6b16fcfe15f24fffd11fc1b3cbf301ac100ce3a4c6da226,0xd152f549545093347a162dce210e7293f1452150,0xaea46a60368a7bd060eec7df8cba43b7ef41ad85,0x17fb18e234f2ce638ad1eac37966a3092996c366,5430000000000000000000000,Fetch,FET,18,46,9607518,85000000000,8714709,11434363,deprecated,0xc73a2d60,"disperseToken(address token, address[] recipients, uint256[] values)",14006932
11054593,1602688992,0x5cc5f0db6d00d2567ad236f1885ba84348205f9cc22e62f3fcbfa7896492bf5b,13,0x18aaf3b76e448ff2f6b16fcfe15f24fffd11fc1b3cbf301ac100ce3a4c6da226,0xd152f549545093347a162dce210e7293f1452150,0xaea46a60368a7bd060eec7df8cba43b7ef41ad85,0x6262998ced04146fa42253a5c0af90ca02dfd2a3,5202543165521619937281607,Fetch,FET,18,46,9607518,85000000000,8714709,11434363,deprecated,0xc73a2d60,"disperseToken(address token, address[] recipients, uint256[] values)",14006932
11054593,1602688992,0x5cc5f0db6d00d2567ad236f1885ba84348205f9cc22e62f3fcbfa7896492bf5b,13,0x18aaf3b76e448ff2f6b16fcfe15f24fffd11fc1b3cbf301ac100ce3a4c6da226,0xd152f549545093347a162dce210e7293f1452150,0xaea46a60368a7bd060eec7df8cba43b7ef41ad85,0xfcb9370bd11ab8f7e3d71b690428702d88fab892,5201966224000000000000000,Fetch,FET,18,46,9607518,85000000000,8714709,11434363,deprecated,0xc73a2d60,"disperseToken(address token, address[] recipients, uint256[] values)",14006932
11054593,1602688992,0x5cc5f0db6d00d2567ad236f1885ba84348205f9cc22e62f3fcbfa7896492bf5b,13,0x18aaf3b76e448ff2f6b16fcfe15f24fffd11fc1b3cbf301ac100ce3a4c6da226,0xd152f549545093347a162dce210e7293f1452150,0xaea46a60368a7bd060eec7df8cba43b7ef41ad85,0xd46d9e120071f4b8fc5a1018d5166cce30c4cd2d,5000000000000000000000000,Fetch,FET,18,46,9607518,85000000000,8714709,11434363,deprecated,0xc73a2d60,"disperseToken(address token, address[] recipients, uint256[] values)",14006932
11054593,1602688992,0x5cc5f0db6d00d2567ad236f1885ba84348205f9cc22e62f3fcbfa7896492bf5b,13,0x18aaf3b76e448ff2f6b16fcfe15f24fffd11fc1b3cbf301ac100ce3a4c6da226,0xd152f549545093347a162dce210e7293f1452150,0xaea46a60368a7bd060eec7df8cba43b7ef41ad85,0x742d35cc6634c0532925a3b844bc454e4438f44e,5000000000000000000000000,Fetch,FET,18,46,9607518,85000000000,8714709,11434363,deprecated,0xc73a2d60,"disperseToken(address token, address[] recipients, uint256[] values)",14006932
11054593,1602688992,0x5cc5f0db6d00d2567ad236f1885ba84348205f9cc22e62f3fcbfa7896492bf5b,13,0x18aaf3b76e448ff2f6b16fcfe15f24fffd11fc1b3cbf301ac100ce3a4c6da226,0xd152f549545093347a162dce210e7293f1452150,0xaea46a60368a7bd060eec7df8cba43b7ef41ad85,0xe1d007ca9114552c5c0f519fa536961dababef3a,4701000000000000000000000,Fetch,FET,18,46,9607518,85000000000,8714709,11434363,deprecated,0xc73a2d60,"disperseToken(address token, address[] recipients, uint256[] values)",14006932
11054593,1602688992,0x5cc5f0db6d00d2567ad236f1885ba84348205f9cc22e62f3fcbfa7896492bf5b,13,0x18aaf3b76e448ff2f6b16fcfe15f24fffd11fc1b3cbf301ac100ce3a4c6da226,0xd152f549545093347a162dce210e7293f1452150,0xaea46a60368a7bd060eec7df8cba43b7ef41ad85,0x6b656dba82d2d39cfa4ab04686ae88f5422d3b51,3881514000000000000000000,Fetch,FET,18,46,9607518,85000000000,8714709,11434363,deprecated,0xc73a2d60,"disperseToken(address token, address[] recipients, uint256[] values)",14006932
11054593,1602688992,0x5cc5f0db6d00d2567ad236f1885ba84348205f9cc22e62f3fcbfa7896492bf5b,13,0x18aaf3b76e448ff2f6b16fcfe15f24fffd11fc1b3cbf301ac100ce3a4c6da226,0xd152f549545093347a162dce210e7293f1452150,0xaea46a60368a7bd060eec7df8cba43b7ef41ad85,0x066c1305f5cbcfde7cc83d66168dd70c1a6b3706,3719530761360200000000000,Fetch,FET,18,46,9607518,85000000000,8714709,11434363,deprecated,0xc73a2d60,"disperseToken(address token, address[] recipients, uint256[] values)",14006932
11054593,1602688992,0x5cc5f0db6d00d2567ad236f1885ba84348205f9cc22e62f3fcbfa7896492bf5b,13,0x18aaf3b76e448ff2f6b16fcfe15f24fffd11fc1b3cbf301ac100ce3a4c6da226,0xd152f549545093347a162dce210e7293f1452150,0xaea46a60368a7bd060eec7df8cba43b7ef41ad85,0xe4c82df0b79bf4c672226e3415ddb8c8c318dff3,2877607400000000000000000,Fetch,FET,18,46,9607518,85000000000,8714709,11434363,deprecated,0xc73a2d60,"disperseToken(address token, address[] recipients, uint256[] values)",14006932
11054593,1602688992,0x5cc5f0db6d00d2567ad236f1885ba84348205f9cc22e62f3fcbfa7896492bf5b,13,0x18aaf3b76e448ff2f6b16fcfe15f24fffd11fc1b3cbf301ac100ce3a4c6da226,0xd152f549545093347a162dce210e7293f1452150,0xaea46a60368a7bd060eec7df8cba43b7ef41ad85,0xf35a6bd6e0459a4b53a27862c51a2a7292b383d1,2500000000000000000000000,Fetch,FET,18,46,9607518,85000000000,8714709,11434363,deprecated,0xc73a2d60,"disperseToken(address token, address[] recipients, uint256[] values)",14006932
11054593,1602688992,0x5cc5f0db6d00d2567ad236f1885ba84348205f9cc22e62f3fcbfa7896492bf5b,13,0x18aaf3b76e448ff2f6b16fcfe15f24fffd11fc1b3cbf301ac100ce3a4c6da226,0xd152f549545093347a162dce210e7293f1452150,0xaea46a60368a7bd060eec7df8cba43b7ef41ad85,0x19184ab45c40c2920b0e0e31413b9434abd243ed,2499880000000000000000000,Fetch,FET,18,46,9607518,85000000000,8714709,11434363,deprecated,0xc73a2d60,"disperseToken(address token, address[] recipients, uint256[] values)",14006932
11054593,1602688992,0x5cc5f0db6d00d2567ad236f1885ba84348205f9cc22e62f3fcbfa7896492bf5b,13,0x18aaf3b76e448ff2f6b16fcfe15f24fffd11fc1b3cbf301ac100ce3a4c6da226,0xd152f549545093347a162dce210e7293f1452150,0xaea46a60368a7bd060eec7df8cba43b7ef41ad85,0x90becd9042a15f2d12f2589fab3dbee997878269,2445167783552740000000000,Fetch,FET,18,46,9607518,85000000000,8714709,11434363,deprecated,0xc73a2d60,"disperseToken(address token, address[] recipients, uint256[] values)",14006932
11054593,1602688992,0x5cc5f0db6d00d2567ad236f1885ba84348205f9cc22e62f3fcbfa7896492bf5b,13,0x18aaf3b76e448ff2f6b16fcfe15f24fffd11fc1b3cbf301ac100ce3a4c6da226,0xd152f549545093347a162dce210e7293f1452150,0xaea46a60368a7bd060eec7df8cba43b7ef41ad85,0xf39d80e71313a5cef6a662782422ed2af96c675a,2420016000000000000000000,Fetch,FET,18,46,9607518,85000000000,8714709,11434363,deprecated,0xc73a2d60,"disperseToken(address token, address[] recipients, uint256[] values)",14006932
11054593,1602688992,0x5cc5f0db6d00d2567ad236f1885ba84348205f9cc22e62f3fcbfa7896492bf5b,13,0x18aaf3b76e448ff2f6b16fcfe15f24fffd11fc1b3cbf301ac100ce3a4c6da226,0xd152f549545093347a162dce210e7293f1452150,0xaea46a60368a7bd060eec7df8cba43b7ef41ad85,0x370253451dad2d72720b6ce0f80ef5a5854f50fb,2224918270981050000000000,Fetch,FET,18,46,9607518,85000000000,8714709,11434363,deprecated,0xc73a2d60,"disperseToken(address token, address[] recipients, uint256[] values)",14006932
11054593,1602688992,0x5cc5f0db6d00d2567ad236f1885ba84348205f9cc22e62f3fcbfa7896492bf5b,13,0x18aaf3b76e448ff2f6b16fcfe15f24fffd11fc1b3cbf301ac100ce3a4c6da226,0xd152f549545093347a162dce210e7293f1452150,0xaea46a60368a7bd060eec7df8cba43b7ef41ad85,0x35c68ac3e466758f0a748eb4efe280ec61198fa3,2125977901032090000000000,Fetch,FET,18,46,9607518,85000000000,8714709,11434363,deprecated,0xc73a2d60,"disperseToken(address token, address[] recipients, uint256[] values)",14006932
11054593,1602688992,0x5cc5f0db6d00d2567ad236f1885ba84348205f9cc22e62f3fcbfa7896492bf5b,13,0x18aaf3b76e448ff2f6b16fcfe15f24fffd11fc1b3cbf301ac100ce3a4c6da226,0xd152f549545093347a162dce210e7293f1452150,0xaea46a60368a7bd060eec7df8cba43b7ef41ad85,0x346d7a0dfbb8f2d4f435c484c322049038870b40,1839244540000000000000000,Fetch,FET,18,46,9607518,85000000000,8714709,11434363,deprecated,0xc73a2d60,"disperseToken(address token, address[] recipients, uint256[] values)",14006932
11054593,1602688992,0x5cc5f0db6d00d2567ad236f1885ba84348205f9cc22e62f3fcbfa7896492bf5b,13,0x18aaf3b76e448ff2f6b16fcfe15f24fffd11fc1b3cbf301ac100ce3a4c6da226,0xd152f549545093347a162dce210e7293f1452150,0xaea46a60368a7bd060eec7df8cba43b7ef41ad85,0x838f33fc689a5a3af9a298bd2f4e976e446eb01d,1729496360000000000000000,Fetch,FET,18,46,9607518,85000000000,8714709,11434363,deprecated,0xc73a2d60,"disperseToken(address token, address[] recipients, uint256[] values)",14006932
11054593,1602688992,0x5cc5f0db6d00d2567ad236f1885ba84348205f9cc22e62f3fcbfa7896492bf5b,13,0x18aaf3b76e448ff2f6b16fcfe15f24fffd11fc1b3cbf301ac100ce3a4c6da226,0xd152f549545093347a162dce210e7293f1452150,0xaea46a60368a7bd060eec7df8cba43b7ef41ad85,0x8789533d15f4c9d9a6111b1cfeee99187fe89c84,1537172230000000000000000,Fetch,FET,18,46,9607518,85000000000,8714709,11434363,deprecated,0xc73a2d60,"disperseToken(address token, address[] recipients, uint256[] values)",14006932
11054593,1602688992,0x5cc5f0db6d00d2567ad236f1885ba84348205f9cc22e62f3fcbfa7896492bf5b,13,0x18aaf3b76e448ff2f6b16fcfe15f24fffd11fc1b3cbf301ac100ce3a4c6da226,0xd152f549545093347a162dce210e7293f1452150,0xaea46a60368a7bd060eec7df8cba43b7ef41ad85,0x32de547d2a6e9828c1e21b99956de947fbd30609,1518970569806290000000000,Fetch,FET,18,46,9607518,85000000000,8714709,11434363,deprecated,0xc73a2d60,"disperseToken(address token, address[] recipients, uint256[] values)",14006932
11054593,1602688992,0x5cc5f0db6d00d2567ad236f1885ba84348205f9cc22e62f3fcbfa7896492bf5b,13,0x18aaf3b76e448ff2f6b16fcfe15f24fffd11fc1b3cbf301ac100ce3a4c6da226,0xd152f549545093347a162dce210e7293f1452150,0xaea46a60368a7bd060eec7df8cba43b7ef41ad85,0x621bdd8c443f88a5913125d038954084139c489f,1487364822764346877550107,Fetch,FET,18,46,9607518,85000000000,8714709,11434363,deprecated,0xc73a2d60,"disperseToken(address token, address[] recipients, uint256[] values)",14006932
11054593,1602688992,0x5cc5f0db6d00d2567ad236f1885ba84348205f9cc22e62f3fcbfa7896492bf5b,13,0x18aaf3b76e448ff2f6b16fcfe15f24fffd11fc1b3cbf301ac100ce3a4c6da226,0xd152f549545093347a162dce210e7293f1452150,0xaea46a60368a7bd060eec7df8cba43b7ef41ad85,0x0960da039bb8151cacfef620476e8baf34bd9565,1395944523700000000000000,Fetch,FET,18,46,9607518,85000000000,8714709,11434363,deprecated,0xc73a2d60,"disperseToken(address token, address[] recipients, uint256[] values)",14006932
11054593,1602688992,0x5cc5f0db6d00d2567ad236f1885ba84348205f9cc22e62f3fcbfa7896492bf5b,13,0x18aaf3b76e448ff2f6b16fcfe15f24fffd11fc1b3cbf301ac100ce3a4c6da226,0xd152f549545093347a162dce210e7293f1452150,0xaea46a60368a7bd060eec7df8cba43b7ef41ad85,0x1bf56217c022852fb97abbeb722f2418be6f486c,1353506454233086082695584,Fetch,FET,18,46,9607518,85000000000,8714709,11434363,deprecated,0xc73a2d60,"disperseToken(address token, address[] recipients, uint256[] values)",14006932
11054593,1602688992,0x5cc5f0db6d00d2567ad236f1885ba84348205f9cc22e62f3fcbfa7896492bf5b,13,0x18aaf3b76e448ff2f6b16fcfe15f24fffd11fc1b3cbf301ac100ce3a4c6da226,0xd152f549545093347a162dce210e7293f1452150,0xaea46a60368a7bd060eec7df8cba43b7ef41ad85,0x6f3832a5c989b784e4798087867216f82cf51731,1290732689917800000000000,Fetch,FET,18,46,9607518,85000000000,8714709,11434363,deprecated,0xc73a2d60,"disperseToken(address token, address[] recipients, uint256[] values)",14006932
11054593,1602688992,0x5cc5f0db6d00d2567ad236f1885ba84348205f9cc22e62f3fcbfa7896492bf5b,13,0x18aaf3b76e448ff2f6b16fcfe15f24fffd11fc1b3cbf301ac100ce3a4c6da226,0xd152f549545093347a162dce210e7293f1452150,0xaea46a60368a7bd060eec7df8cba43b7ef41ad85,0x75e89d5979e4f6fba9f97c104c2f0afb3f1dcb88,1154274185223844896919450,Fetch,FET,18,46,9607518,85000000000,8714709,11434363,deprecated,0xc73a2d60,"disperseToken(address token, address[] recipients, uint256[] values)",14006932
11054593,1602688992,0x5cc5f0db6d00d2567ad236f1885ba84348205f9cc22e62f3fcbfa7896492bf5b,13,0x18aaf3b76e448ff2f6b16fcfe15f24fffd11fc1b3cbf301ac100ce3a4c6da226,0xd152f549545093347a162dce210e7293f1452150,0xaea46a60368a7bd060eec7df8cba43b7ef41ad85,0x14ad89694c1a9ece213f73bca169907d90222249,1072702584710000000000000,Fetch,FET,18,46,9607518,85000000000,8714709,11434363,deprecated,0xc73a2d60,"disperseToken(address token, address[] recipients, uint256[] values)",14006932
11054593,1602688992,0x5cc5f0db6d00d2567ad236f1885ba84348205f9cc22e62f3fcbfa7896492bf5b,13,0x18aaf3b76e448ff2f6b16fcfe15f24fffd11fc1b3cbf301ac100ce3a4c6da226,0xd152f549545093347a162dce210e7293f1452150,0xaea46a60368a7bd060eec7df8cba43b7ef41ad85,0x1349a36bbbb1c45ee5b26f4b9a7a14af985e1428,1062305161614570000000000,Fetch,FET,18,46,9607518,85000000000,8714709,11434363,deprecated,0xc73a2d60,"disperseToken(address token, address[] recipients, uint256[] values)",14006932
11054593,1602688992,0x5cc5f0db6d00d2567ad236f1885ba84348205f9cc22e62f3fcbfa7896492bf5b,13,0x18aaf3b76e448ff2f6b16fcfe15f24fffd11fc1b3cbf301ac100ce3a4c6da226,0xd152f549545093347a162dce210e7293f1452150,0xaea46a60368a7bd060eec7df8cba43b7ef41ad85,0x5cfdc6faeca3a60f13d50887479c48f8055875e9,1025734285366390000000000,Fetch,FET,18,46,9607518,85000000000,8714709,11434363,deprecated,0xc73a2d60,"disperseToken(address token, address[] recipients, uint256[] values)",14006932
11054593,1602688992,0x5cc5f0db6d00d2567ad236f1885ba84348205f9cc22e62f3fcbfa7896492bf5b,13,0x18aaf3b76e448ff2f6b16fcfe15f24fffd11fc1b3cbf301ac100ce3a4c6da226,0xd152f549545093347a162dce210e7293f1452150,0xaea46a60368a7bd060eec7df8cba43b7ef41ad85,0x0211f3cedbef3143223d3acf0e589747933e8527,1021167708051200000000000,Fetch,FET,18,46,9607518,85000000000,8714709,11434363,deprecated,0xc73a2d60,"disperseToken(address token, address[] recipients, uint256[] values)",14006932
11054593,1602688992,0x5cc5f0db6d00d2567ad236f1885ba84348205f9cc22e62f3fcbfa7896492bf5b,13,0x18aaf3b76e448ff2f6b16fcfe15f24fffd11fc1b3cbf301ac100ce3a4c6da226,0xd152f549545093347a162dce210e7293f1452150,0xaea46a60368a7bd060eec7df8cba43b7ef41ad85,0xb45148b7d83f14ddc155908be7c015b42452f033,1010480000000000000000000,Fetch,FET,18,46,9607518,85000000000,8714709,11434363,deprecated,0xc73a2d60,"disperseToken(address token, address[] recipients, uint256[] values)",14006932
11054593,1602688992,0x5cc5f0db6d00d2567ad236f1885ba84348205f9cc22e62f3fcbfa7896492bf5b,13,0x18aaf3b76e448ff2f6b16fcfe15f24fffd11fc1b3cbf301ac100ce3a4c6da226,0xd152f549545093347a162dce210e7293f1452150,0xaea46a60368a7bd060eec7df8cba43b7ef41ad85,0x4a02e1b7de486cd1edb23a0719c5b3999a4b350b,1003039144784790000000000,Fetch,FET,18,46,9607518,85000000000,8714709,11434363,deprecated,0xc73a2d60,"disperseToken(address token, address[] recipients, uint256[] values)",14006932
11054593,1602688992,0x5cc5f0db6d00d2567ad236f1885ba84348205f9cc22e62f3fcbfa7896492bf5b,13,0x18aaf3b76e448ff2f6b16fcfe15f24fffd11fc1b3cbf301ac100ce3a4c6da226,0xd152f549545093347a162dce210e7293f1452150,0xaea46a60368a7bd060eec7df8cba43b7ef41ad85,0x0681d8db095565fe8a346fa0277bffde9c0edbbf,1000777838985180000000000,Fetch,FET,18,46,9607518,85000000000,8714709,11434363,deprecated,0xc73a2d60,"disperseToken(address token, address[] recipients, uint256[] values)",14006932
11054593,1602688992,0x5cc5f0db6d00d2567ad236f1885ba84348205f9cc22e62f3fcbfa7896492bf5b,13,0x18aaf3b76e448ff2f6b16fcfe15f24fffd11fc1b3cbf301ac100ce3a4c6da226,0xd152f549545093347a162dce210e7293f1452150,0xaea46a60368a7bd060eec7df8cba43b7ef41ad85,0x87f303136d541646dd28bdc531180bcdbefdfc88,1000682685997550000000000,Fetch,FET,18,46,9607518,85000000000,8714709,11434363,deprecated,0xc73a2d60,"disperseToken(address token, address[] recipients, uint256[] values)",14006932
11054593,1602688992,0x5cc5f0db6d00d2567ad236f1885ba84348205f9cc22e62f3fcbfa7896492bf5b,13,0x18aaf3b76e448ff2f6b16fcfe15f24fffd11fc1b3cbf301ac100ce3a4c6da226,0xd152f549545093347a162dce210e7293f1452150,0xaea46a60368a7bd060eec7df8cba43b7ef41ad85,0xdbdfca7a81465ba9724eae0fcf8a65bf589211f2,1000000034462719216503865,Fetch,FET,18,46,9607518,85000000000,8714709,11434363,deprecated,0xc73a2d60,"disperseToken(address token, address[] recipients, uint256[] values)",14006932
11054593,1602688992,0x5cc5f0db6d00d2567ad236f1885ba84348205f9cc22e62f3fcbfa7896492bf5b,13,0x18aaf3b76e448ff2f6b16fcfe15f24fffd11fc1b3cbf301ac100ce3a4c6da226,0xd152f549545093347a162dce210e7293f1452150,0xaea46a60368a7bd060eec7df8cba43b7ef41ad85,0x387c9557014803aa1d16d0565bdb5472fed5e39a,952438000000000000000000,Fetch,FET,18,46,9607518,85000000000,8714709,11434363,deprecated,0xc73a2d60,"disperseToken(address token, address[] recipients, uint256[] values)",14006932
11054593,1602688992,0x5cc5f0db6d00d2567ad236f1885ba84348205f9cc22e62f3fcbfa7896492bf5b,13,0x18aaf3b76e448ff2f6b16fcfe15f24fffd11fc1b3cbf301ac100ce3a4c6da226,0xd152f549545093347a162dce210e7293f1452150,0xaea46a60368a7bd060eec7df8cba43b7ef41ad85,0xb2802b4a8a5c01f8297a807d853ab4127a9b590b,946000000000000000000000,Fetch,FET,18,46,9607518,85000000000,8714709,11434363,deprecated,0xc73a2d60,"disperseToken(address token, address[] recipients, uint256[] values)",14006932
11054593,1602688992,0x5cc5f0db6d00d2567ad236f1885ba84348205f9cc22e62f3fcbfa7896492bf5b,13,0x18aaf3b76e448ff2f6b16fcfe15f24fffd11fc1b3cbf301ac100ce3a4c6da226,0xd152f549545093347a162dce210e7293f1452150,0xaea46a60368a7bd060eec7df8cba43b7ef41ad85,0x983b20b269351402ca7cb1d684d0d12979a50ff8,944352226600000000000000,Fetch,FET,18,46,9607518,85000000000,8714709,11434363,deprecated,0xc73a2d60,"disperseToken(address token, address[] recipients, uint256[] values)",14006932
11054593,1602688992,0x5cc5f0db6d00d2567ad236f1885ba84348205f9cc22e62f3fcbfa7896492bf5b,13,0x18aaf3b76e448ff2f6b16fcfe15f24fffd11fc1b3cbf301ac100ce3a4c6da226,0xd152f549545093347a162dce210e7293f1452150,0xaea46a60368a7bd060eec7df8cba43b7ef41ad85,0x04ede46c36e138daee85b7e1f7711fa8ee908b00,920867026120170000000000,Fetch,FET,18,46,9607518,85000000000,8714709,11434363,deprecated,0xc73a2d60,"disperseToken(address token, address[] recipients, uint256[] values)",14006932
11054593,1602688992,0x5cc5f0db6d00d2567ad236f1885ba84348205f9cc22e62f3fcbfa7896492bf5b,13,0x18aaf3b76e448ff2f6b16fcfe15f24fffd11fc1b3cbf301ac100ce3a4c6da226,0xd152f549545093347a162dce210e7293f1452150,0xaea46a60368a7bd060eec7df8cba43b7ef41ad85,0x167a9333bf582556f35bd4d16a7e80e191aa6476,916253450035900000000000,Fetch,FET,18,46,9607518,85000000000,8714709,11434363,deprecated,0xc73a2d60,"disperseToken(address token, address[] recipients, uint256[] values)",14006932
11054593,1602688992,0x5cc5f0db6d00d2567ad236f1885ba84348205f9cc22e62f3fcbfa7896492bf5b,13,0x18aaf3b76e448ff2f6b16fcfe15f24fffd11fc1b3cbf301ac100ce3a4c6da226,0xd152f549545093347a162dce210e7293f1452150,0xaea46a60368a7bd060eec7df8cba43b7ef41ad85,0x9796a43459594f87f1376fac15a2edd0e83d324c,900000000000000000000000,Fetch,FET,18,46,9607518,85000000000,8714709,11434363,deprecated,0xc73a2d60,"disperseToken(address token, address[] recipients, uint256[] values)",14006932
11054593,1602688992,0x5cc5f0db6d00d2567ad236f1885ba84348205f9cc22e62f3fcbfa7896492bf5b,13,0x18aaf3b76e448ff2f6b16fcfe15f24fffd11fc1b3cbf301ac100ce3a4c6da226,0xd152f549545093347a162dce210e7293f1452150,0xaea46a60368a7bd060eec7df8cba43b7ef41ad85,0x4b37e334b4c61ec0a25f43e26782a424711780a4,896478091331800000000000,Fetch,FET,18,46,9607518,85000000000,8714709,11434363,deprecated,0xc73a2d60,"disperseToken(address token, address[] recipients, uint256[] values)",14006932
11054593,1602688992,0x5cc5f0db6d00d2567ad236f1885ba84348205f9cc22e62f3fcbfa7896492bf5b,13,0x18aaf3b76e448ff2f6b16fcfe15f24fffd11fc1b3cbf301ac100ce3a4c6da226,0xd152f549545093347a162dce210e7293f1452150,0xaea46a60368a7bd060eec7df8cba43b7ef41ad85,0xbddb8926c5646772fc356b84190dcd209eb3fc31,889199669754440000000000,Fetch,FET,18,46,9607518,85000000000,8714709,11434363,deprecated,0xc73a2d60,"disperseToken(address token, address[] recipients, uint256[] values)",14006932
11054593,1602688992,0x5cc5f0db6d00d2567ad236f1885ba84348205f9cc22e62f3fcbfa7896492bf5b,13,0x18aaf3b76e448ff2f6b16fcfe15f24fffd11fc1b3cbf301ac100ce3a4c6da226,0xd152f549545093347a162dce210e7293f1452150,0xaea46a60368a7bd060eec7df8cba43b7ef41ad85,0x564286362092d8e7936f0549571a803b203aaced,871524452325970000000000,Fetch,FET,18,46,9607518,85000000000,8714709,11434363,deprecated,0xc73a2d60,"disperseToken(address token, address[] recipients, uint256[] values)",14006932
11054593,1602688992,0x5cc5f0db6d00d2567ad236f1885ba84348205f9cc22e62f3fcbfa7896492bf5b,13,0x18aaf3b76e448ff2f6b16fcfe15f24fffd11fc1b3cbf301ac100ce3a4c6da226,0xd152f549545093347a162dce210e7293f1452150,0xaea46a60368a7bd060eec7df8cba43b7ef41ad85,0x54b6a667656049f0033669f2e74c2decbed2b0ec,850000000000000000000000,Fetch,FET,18,46,9607518,85000000000,8714709,11434363,deprecated,0xc73a2d60,"disperseToken(address token, address[] recipients, uint256[] values)",14006932
11054593,1602688992,0x5cc5f0db6d00d2567ad236f1885ba84348205f9cc22e62f3fcbfa7896492bf5b,13,0x18aaf3b76e448ff2f6b16fcfe15f24fffd11fc1b3cbf301ac100ce3a4c6da226,0xd152f549545093347a162dce210e7293f1452150,0xaea46a60368a7bd060eec7df8cba43b7ef41ad85,0x43f20f6b4a0fa9299a73b996ede6caac379ac400,800000000343800000000000,Fetch,FET,18,46,9607518,85000000000,8714709,11434363,deprecated,0xc73a2d60,"disperseToken(address token, address[] recipients, uint256[] values)",14006932
11054593,1602688992,0x5cc5f0db6d00d2567ad236f1885ba84348205f9cc22e62f3fcbfa7896492bf5b,13,0x18aaf3b76e448ff2f6b16fcfe15f24fffd11fc1b3cbf301ac100ce3a4c6da226,0xd152f549545093347a162dce210e7293f1452150,0xaea46a60368a7bd060eec7df8cba43b7ef41ad85,0xd551234ae421e3bcba99a0da6d736074f22192ff,787478002474120000000000,Fetch,FET,18,46,9607518,85000000000,8714709,11434363,deprecated,0xc73a2d60,"disperseToken(address token, address[] recipients, uint256[] values)",14006932
11054593,1602688992,0x5cc5f0db6d00d2567ad236f1885ba84348205f9cc22e62f3fcbfa7896492bf5b,13,0x18aaf3b76e448ff2f6b16fcfe15f24fffd11fc1b3cbf301ac100ce3a4c6da226,0xd152f549545093347a162dce210e7293f1452150,0xaea46a60368a7bd060eec7df8cba43b7ef41ad85,0x924cc7b1b38255fb385dee242723cae9fc8b310e,787299612302120000000000,Fetch,FET,18,46,9607518,85000000000,8714709,11434363,deprecated,0xc73a2d60,"disperseToken(address token, address[] recipients, uint256[] values)",14006932
11054593,1602688992,0x5cc5f0db6d00d2567ad236f1885ba84348205f9cc22e62f3fcbfa7896492bf5b,13,0x18aaf3b76e448ff2f6b16fcfe15f24fffd11fc1b3cbf301ac100ce3a4c6da226,0xd152f549545093347a162dce210e7293f1452150,0xaea46a60368a7bd060eec7df8cba43b7ef41ad85,0x83ec0d66b71817de7c927e9db3ea4e993466af26,768918000000000000000000,Fetch,FET,18,46,9607518,85000000000,8714709,11434363,deprecated,0xc73a2d60,"disperseToken(address token, address[] recipients, uint256[] values)",14006932
11054593,1602688992,0x5cc5f0db6d00d2567ad236f1885ba84348205f9cc22e62f3fcbfa7896492bf5b,13,0x18aaf3b76e448ff2f6b16fcfe15f24fffd11fc1b3cbf301ac100ce3a4c6da226,0xd152f549545093347a162dce210e7293f1452150,0xaea46a60368a7bd060eec7df8cba43b7ef41ad85,0x72a481dd959c0ebb934e00041c90c5dc087d7cfb,749220712400000000000000,Fetch,FET,18,46,9607518,85000000000,8714709,11434363,deprecated,0xc73a2d60,"disperseToken(address token, address[] recipients, uint256[] values)",14006932
11054593,1602688992,0x5cc5f0db6d00d2567ad236f1885ba84348205f9cc22e62f3fcbfa7896492bf5b,13,0x18aaf3b76e448ff2f6b16fcfe15f24fffd11fc1b3cbf301ac100ce3a4c6da226,0xd152f549545093347a162dce210e7293f1452150,0xaea46a60368a7bd060eec7df8cba43b7ef41ad85,0x7bc153339d0341ee1d2733aaf51aa1125d20697e,746431471651710000000000,Fetch,FET,18,46,9607518,85000000000,8714709,11434363,deprecated,0xc73a2d60,"disperseToken(address token, address[] recipients, uint256[] values)",14006932
11054593,1602688992,0x5cc5f0db6d00d2567ad236f1885ba84348205f9cc22e62f3fcbfa7896492bf5b,13,0x18aaf3b76e448ff2f6b16fcfe15f24fffd11fc1b3cbf301ac100ce3a4c6da226,0xd152f549545093347a162dce210e7293f1452150,0xaea46a60368a7bd060eec7df8cba43b7ef41ad85,0x98673e60f5332ca2c63034ddeda50ecbe6a9d2d2,706000000000000000000000,Fetch,FET,18,46,9607518,85000000000,8714709,11434363,deprecated,0xc73a2d60,"disperseToken(address token, address[] recipients, uint256[] values)",14006932
11054593,1602688992,0x5cc5f0db6d00d2567ad236f1885ba84348205f9cc22e62f3fcbfa7896492bf5b,13,0x18aaf3b76e448ff2f6b16fcfe15f24fffd11fc1b3cbf301ac100ce3a4c6da226,0xd152f549545093347a162dce210e7293f1452150,0xaea46a60368a7bd060eec7df8cba43b7ef41ad85,0xb24760e0f0e779ac93997d0bf0faf0631d98f668,703669638968560000000000,Fetch,FET,18,46,9607518,85000000000,8714709,11434363,deprecated,0xc73a2d60,"disperseToken(address token, address[] recipients, uint256[] values)",14006932
11054593,1602688992,0x5cc5f0db6d00d2567ad236f1885ba84348205f9cc22e62f3fcbfa7896492bf5b,13,0x18aaf3b76e448ff2f6b16fcfe15f24fffd11fc1b3cbf301ac100ce3a4c6da226,0xd152f549545093347a162dce210e7293f1452150,0xaea46a60368a7bd060eec7df8cba43b7ef41ad85,0x1692e170361cefd1eb7240ec13d048fd9af6d667,703512593031546936616970,Fetch,FET,18,46,9607518,85000000000,8714709,11434363,deprecated,0xc73a2d60,"disperseToken(address token, address[] recipients, uint256[] values)",14006932
11054593,1602688992,0x5cc5f0db6d00d2567ad236f1885ba84348205f9cc22e62f3fcbfa7896492bf5b,13,0x18aaf3b76e448ff2f6b16fcfe15f24fffd11fc1b3cbf301ac100ce3a4c6da226,0xd152f549545093347a162dce210e7293f1452150,0xaea46a60368a7bd060eec7df8cba43b7ef41ad85,0x91ed10593afe53a483d5f5c8ba17dc684aaeb214,700000000000000000000000,Fetch,FET,18,46,9607518,85000000000,8714709,11434363,deprecated,0xc73a2d60,"disperseToken(address token, address[] recipients, uint256[] values)",14006932
11054593,1602688992,0x5cc5f0db6d00d2567ad236f1885ba84348205f9cc22e62f3fcbfa7896492bf5b,13,0x18aaf3b76e448ff2f6b16fcfe15f24fffd11fc1b3cbf301ac100ce3a4c6da226,0xd152f549545093347a162dce210e7293f1452150,0xaea46a60368a7bd060eec7df8cba43b7ef41ad85,0x2ec1cb86f37c728f27cf5a73af028e5460a608a0,686436091307080000000000,Fetch,FET,18,46,9607518,85000000000,8714709,11434363,deprecated,0xc73a2d60,"disperseToken(address token, address[] recipients, uint256[] values)",14006932
11054593,1602688992,0x5cc5f0db6d00d2567ad236f1885ba84348205f9cc22e62f3fcbfa7896492bf5b,13,0x18aaf3b76e448ff2f6b16fcfe15f24fffd11fc1b3cbf301ac100ce3a4c6da226,0xd152f549545093347a162dce210e7293f1452150,0xaea46a60368a7bd060eec7df8cba43b7ef41ad85,0xa26a99d1c1a5f6ac2a72eca9caeed696ea1e26b5,670830610000000000000000,Fetch,FET,18,46,9607518,85000000000,8714709,11434363,deprecated,0xc73a2d60,"disperseToken(address token, address[] recipients, uint256[] values)",14006932
11054593,1602688992,0x5cc5f0db6d00d2567ad236f1885ba84348205f9cc22e62f3fcbfa7896492bf5b,13,0x18aaf3b76e448ff2f6b16fcfe15f24fffd11fc1b3cbf301ac100ce3a4c6da226,0xd152f549545093347a162dce210e7293f1452150,0xaea46a60368a7bd060eec7df8cba43b7ef41ad85,0x5187cf632064ebc8b7a287a766339703109ec83a,615627750000000000000000,Fetch,FET,18,46,9607518,85000000000,8714709,11434363,deprecated,0xc73a2d60,"disperseToken(address token, address[] recipients, uint256[] values)",14006932
11054593,1602688992,0x5cc5f0db6d00d2567ad236f1885ba84348205f9cc22e62f3fcbfa7896492bf5b,13,0x18aaf3b76e448ff2f6b16fcfe15f24fffd11fc1b3cbf301ac100ce3a4c6da226,0xd152f549545093347a162dce210e7293f1452150,0xaea46a60368a7bd060eec7df8cba43b7ef41ad85,0x24247ade61e16dfcbd5659e7f919f4a3f365abd1,602473586704960000000000,Fetch,FET,18,46,9607518,85000000000,8714709,11434363,deprecated,0xc73a2d60,"disperseToken(address token, address[] recipients, uint256[] values)",14006932
11054593,1602688992,0x5cc5f0db6d00d2567ad236f1885ba84348205f9cc22e62f3fcbfa7896492bf5b,13,0x18aaf3b76e448ff2f6b16fcfe15f24fffd11fc1b3cbf301ac100ce3a4c6da226,0xd152f549545093347a162dce210e7293f1452150,0xaea46a60368a7bd060eec7df8cba43b7ef41ad85,0xc0a0e674a8a764c5dea0a97d71dd17fa58ca5219,600958000000000000000000,Fetch,FET,18,46,9607518,85000000000,8714709,11434363,deprecated,0xc73a2d60,"disperseToken(address token, address[] recipients, uint256[] values)",14006932
11054593,1602688992,0x5cc5f0db6d00d2567ad236f1885ba84348205f9cc22e62f3fcbfa7896492bf5b,13,0x18aaf3b76e448ff2f6b16fcfe15f24fffd11fc1b3cbf301ac100ce3a4c6da226,0xd152f549545093347a162dce210e7293f1452150,0xaea46a60368a7bd060eec7df8cba43b7ef41ad85,0x79c909fa228a4cb0d6ad61c0d8dfd271ffc0ddf1,598955472000000000000000,Fetch,FET,18,46,9607518,85000000000,8714709,11434363,deprecated,0xc73a2d60,"disperseToken(address token, address[] recipients, uint256[] values)",14006932
11054593,1602688992,0x5cc5f0db6d00d2567ad236f1885ba84348205f9cc22e62f3fcbfa7896492bf5b,13,0x18aaf3b76e448ff2f6b16fcfe15f24fffd11fc1b3cbf301ac100ce3a4c6da226,0xd152f549545093347a162dce210e7293f1452150,0xaea46a60368a7bd060eec7df8cba43b7ef41ad85,0x15362cd5369596edfc9ebab556bad0f7f166b50d,591676870967720000000000,Fetch,FET,18,46,9607518,85000000000,8714709,11434363,deprecated,0xc73a2d60,"disperseToken(address token, address[] recipients, uint256[] values)",14006932
11054593,1602688992,0x5cc5f0db6d00d2567ad236f1885ba84348205f9cc22e62f3fcbfa7896492bf5b,13,0x18aaf3b76e448ff2f6b16fcfe15f24fffd11fc1b3cbf301ac100ce3a4c6da226,0xd152f549545093347a162dce210e7293f1452150,0xaea46a60368a7bd060eec7df8cba43b7ef41ad85,0x874753a791b969eca00128ec231c1b7abf17666b,572063337000000000000000,Fetch,FET,18,46,9607518,85000000000,8714709,11434363,deprecated,0xc73a2d60,"disperseToken(address token, address[] recipients, uint256[] values)",14006932
11054593,1602688992,0x5cc5f0db6d00d2567ad236f1885ba84348205f9cc22e62f3fcbfa7896492bf5b,13,0x18aaf3b76e448ff2f6b16fcfe15f24fffd11fc1b3cbf301ac100ce3a4c6da226,0xd152f549545093347a162dce210e7293f1452150,0xaea46a60368a7bd060eec7df8cba43b7ef41ad85,0xe2e07b5aa3dac1783721d15cefa0a74db43aee22,564676908684010000000000,Fetch,FET,18,46,9607518,85000000000,8714709,11434363,deprecated,0xc73a2d60,"disperseToken(address token, address[] recipients, uint256[] values)",14006932
11054593,1602688992,0x5cc5f0db6d00d2567ad236f1885ba84348205f9cc22e62f3fcbfa7896492bf5b,13,0x18aaf3b76e448ff2f6b16fcfe15f24fffd11fc1b3cbf301ac100ce3a4c6da226,0xd152f549545093347a162dce210e7293f1452150,0xaea46a60368a7bd060eec7df8cba43b7ef41ad85,0x057b4f0038c0b811aa40ed35da08c704b38e2ca2,552584033739165094535787,Fetch,FET,18,46,9607518,85000000000,8714709,11434363,deprecated,0xc73a2d60,"disperseToken(address token, address[] recipients, uint256[] values)",14006932
11054593,1602688992,0x5cc5f0db6d00d2567ad236f1885ba84348205f9cc22e62f3fcbfa7896492bf5b,13,0x18aaf3b76e448ff2f6b16fcfe15f24fffd11fc1b3cbf301ac100ce3a4c6da226,0xd152f549545093347a162dce210e7293f1452150,0xaea46a60368a7bd060eec7df8cba43b7ef41ad85,0x94671cb0fb6782c6c08ae88325b9b11337493995,538242000000000000000000,Fetch,FET,18,46,9607518,85000000000,8714709,11434363,deprecated,0xc73a2d60,"disperseToken(address token, address[] recipients, uint256[] values)",14006932
11054593,1602688992,0x5cc5f0db6d00d2567ad236f1885ba84348205f9cc22e62f3fcbfa7896492bf5b,13,0x18aaf3b76e448ff2f6b16fcfe15f24fffd11fc1b3cbf301ac100ce3a4c6da226,0xd152f549545093347a162dce210e7293f1452150,0xaea46a60368a7bd060eec7df8cba43b7ef41ad85,0x212044fbeaf10bfcb57c69c7f29b8bf2195fb367,530871323586239521536937,Fetch,FET,18,46,9607518,85000000000,8714709,11434363,deprecated,0xc73a2d60,"disperseToken(address token, address[] recipients, uint256[] values)",14006932
11054593,1602688992,0x5cc5f0db6d00d2567ad236f1885ba84348205f9cc22e62f3fcbfa7896492bf5b,13,0x18aaf3b76e448ff2f6b16fcfe15f24fffd11fc1b3cbf301ac100ce3a4c6da226,0xd152f549545093347a162dce210e7293f1452150,0xaea46a60368a7bd060eec7df8cba43b7ef41ad85,0xed7211b9eba22d039b0b8ff967e4503e555dfcf5,503536328600000000000000,Fetch,FET,18,46,9607518,85000000000,8714709,11434363,deprecated,0xc73a2d60,"disperseToken(address token, address[] recipients, uint256[] values)",14006932
11054593,1602688992,0x5cc5f0db6d00d2567ad236f1885ba84348205f9cc22e62f3fcbfa7896492bf5b,13,0x18aaf3b76e448ff2f6b16fcfe15f24fffd11fc1b3cbf301ac100ce3a4c6da226,0xd152f549545093347a162dce210e7293f1452150,0xaea46a60368a7bd060eec7df8cba43b7ef41ad85,0xe3f3292b0e325445a7f988792416a7fdfbd5dbcc,502391957000000000000000,Fetch,FET,18,46,9607518,85000000000,8714709,11434363,deprecated,0xc73a2d60,"disperseToken(address token, address[] recipients, uint256[] values)",14006932
11054593,1602688992,0x5cc5f0db6d00d2567ad236f1885ba84348205f9cc22e62f3fcbfa7896492bf5b,13,0x18aaf3b76e448ff2f6b16fcfe15f24fffd11fc1b3cbf301ac100ce3a4c6da226,0xd152f549545093347a162dce210e7293f1452150,0xaea46a60368a7bd060eec7df8cba43b7ef41ad85,0x133d93566f9699b3af46fe150daa8a67a9563ed6,501825502100000000000000,Fetch,FET,18,46,9607518,85000000000,8714709,11434363,deprecated,0xc73a2d60,"disperseToken(address token, address[] recipients, uint256[] values)",14006932
11054593,1602688992,0x5cc5f0db6d00d2567ad236f1885ba84348205f9cc22e62f3fcbfa7896492bf5b,13,0x18aaf3b76e448ff2f6b16fcfe15f24fffd11fc1b3cbf301ac100ce3a4c6da226,0xd152f549545093347a162dce210e7293f1452150,0xaea46a60368a7bd060eec7df8cba43b7ef41ad85,0xd2257ca447a50a67405815db970f9a33bc11ff6e,500665791000000000000000,Fetch,FET,18,46,9607518,85000000000,8714709,11434363,deprecated,0xc73a2d60,"disperseToken(address token, address[] recipients, uint256[] values)",14006932
11054593,1602688992,0x5cc5f0db6d00d2567ad236f1885ba84348205f9cc22e62f3fcbfa7896492bf5b,13,0x18aaf3b76e448ff2f6b16fcfe15f24fffd11fc1b3cbf301ac100ce3a4c6da226,0xd152f549545093347a162dce210e7293f1452150,0xaea46a60368a7bd060eec7df8cba43b7ef41ad85,0x7df9bb71765989e6af75ab817b1f403b69039b73,500118700000000000000000,Fetch,FET,18,46,9607518,85000000000,8714709,11434363,deprecated,0xc73a2d60,"disperseToken(address token, address[] recipients, uint256[] values)",14006932
11054593,1602688992,0x5cc5f0db6d00d2567ad236f1885ba84348205f9cc22e62f3fcbfa7896492bf5b,13,0x18aaf3b76e448ff2f6b16fcfe15f24fffd11fc1b3cbf301ac100ce3a4c6da226,0xd152f549545093347a162dce210e7293f1452150,0xaea46a60368a7bd060eec7df8cba43b7ef41ad85,0x5a5f892d3f1ea27d09ff43cea1f14471e067784d,500085000000000000000000,Fetch,FET,18,46,9607518,85000000000,8714709,11434363,deprecated,0xc73a2d60,"disperseToken(address token, address[] recipients, uint256[] values)",14006932
11054593,1602688992,0x5cc5f0db6d00d2567ad236f1885ba84348205f9cc22e62f3fcbfa7896492bf5b,13,0x18aaf3b76e448ff2f6b16fcfe15f24fffd11fc1b3cbf301ac100ce3a4c6da226,0xd152f549545093347a162dce210e7293f1452150,0xaea46a60368a7bd060eec7df8cba43b7ef41ad85,0xe3cac04684227c2e3112d4599fe2031fd184aabd,500001648200000000000000,Fetch,FET,18,46,9607518,85000000000,8714709,11434363,deprecated,0xc73a2d60,"disperseToken(address token, address[] recipients, uint256[] values)",14006932
11054593,1602688992,0x5cc5f0db6d00d2567ad236f1885ba84348205f9cc22e62f3fcbfa7896492bf5b,13,0x18aaf3b76e448ff2f6b16fcfe15f24fffd11fc1b3cbf301ac100ce3a4c6da226,0xd152f549545093347a162dce210e7293f1452150,0xaea46a60368a7bd060eec7df8cba43b7ef41ad85,0x0ec75f19f22cc296ae14827a99132bd369b9a243,500000000000000000000000,Fetch,FET,18,46,9607518,85000000000,8714709,11434363,deprecated,0xc73a2d60,"disperseToken(address token, address[] recipients, uint256[] values)",14006932
11054593,1602688992,0x5cc5f0db6d00d2567ad236f1885ba84348205f9cc22e62f3fcbfa7896492bf5b,13,0x18aaf3b76e448ff2f6b16fcfe15f24fffd11fc1b3cbf301ac100ce3a4c6da226,0xd152f549545093347a162dce210e7293f1452150,0xaea46a60368a7bd060eec7df8cba43b7ef41ad85,0xeffa8a01fd600f7b402e194a0d677617799db500,498238779707930000000000,Fetch,FET,18,46,9607518,85000000000,8714709,11434363,deprecated,0xc73a2d60,"disperseToken(address token, address[] recipients, uint256[] values)",14006932
11054593,1602688992,0x5cc5f0db6d00d2567ad236f1885ba84348205f9cc22e62f3fcbfa7896492bf5b,13,0x18aaf3b76e448ff2f6b16fcfe15f24fffd11fc1b3cbf301ac100ce3a4c6da226,0xd152f549545093347a162dce210e7293f1452150,0xaea46a60368a7bd060eec7df8cba43b7ef41ad85,0x916ed5586bb328e0ec1a428af060dc3d10919d84,493590084373356208835632,Fetch,FET,18,46,9607518,85000000000,8714709,11434363,deprecated,0xc73a2d60,"disperseToken(address token, address[] recipients, uint256[] values)",14006932
11054593,1602688992,0x5cc5f0db6d00d2567ad236f1885ba84348205f9cc22e62f3fcbfa7896492bf5b,13,0x18aaf3b76e448ff2f6b16fcfe15f24fffd11fc1b3cbf301ac100ce3a4c6da226,0xd152f549545093347a162dce210e7293f1452150,0xaea46a60368a7bd060eec7df8cba43b7ef41ad85,0x148b68cfb4626ca52688d74eb0a53d1235ff879c,489252239339710000000000,Fetch,FET,18,46,9607518,85000000000,8714709,11434363,deprecated,0xc73a2d60,"disperseToken(address token, address[] recipients, uint256[] values)",14006932
11054593,1602688992,0x5cc5f0db6d00d2567ad236f1885ba84348205f9cc22e62f3fcbfa7896492bf5b,13,0x18aaf3b76e448ff2f6b16fcfe15f24fffd11fc1b3cbf301ac100ce3a4c6da226,0xd152f549545093347a162dce210e7293f1452150,0xaea46a60368a7bd060eec7df8cba43b7ef41ad85,0x30ce6f10a617fb8c66b93817adce1379853a7b13,479389085000000000000000,Fetch,FET,18,46,9607518,85000000000,8714709,11434363,deprecated,0xc73a2d60,"disperseToken(address token, address[] recipients, uint256[] values)",14006932
11054593,1602688992,0x5cc5f0db6d00d2567ad236f1885ba84348205f9cc22e62f3fcbfa7896492bf5b,13,0x18aaf3b76e448ff2f6b16fcfe15f24fffd11fc1b3cbf301ac100ce3a4c6da226,0xd152f549545093347a162dce210e7293f1452150,0xaea46a60368a7bd060eec7df8cba43b7ef41ad85,0x391c9d82af4edd7d3ec23cefabf9a35b630b3a7a,474055331198399992200000,Fetch,FET,18,46,9607518,85000000000,8714709,11434363,deprecated,0xc73a2d60,"disperseToken(address token, address[] recipients, uint256[] values)",14006932
11054593,1602688992,0x5cc5f0db6d00d2567ad236f1885ba84348205f9cc22e62f3fcbfa7896492bf5b,13,0x18aaf3b76e448ff2f6b16fcfe15f24fffd11fc1b3cbf301ac100ce3a4c6da226,0xd152f549545093347a162dce210e7293f1452150,0xaea46a60368a7bd060eec7df8cba43b7ef41ad85,0x23048d7d24c62f1287fa6c21e88b8bc96076bdf5,470800387000000000000000,Fetch,FET,18,46,9607518,85000000000,8714709,11434363,deprecated,0xc73a2d60,"disperseToken(address token, address[] recipients, uint256[] values)",14006932
11054593,1602688992,0x5cc5f0db6d00d2567ad236f1885ba84348205f9cc22e62f3fcbfa7896492bf5b,13,0x18aaf3b76e448ff2f6b16fcfe15f24fffd11fc1b3cbf301ac100ce3a4c6da226,0xd152f549545093347a162dce210e7293f1452150,0xaea46a60368a7bd060eec7df8cba43b7ef41ad85,0x18d322bf2c6a694ca46fae0291f7854e86b9a9a7,458109994782314872979648,Fetch,FET,18,46,9607518,85000000000,8714709,11434363,deprecated,0xc73a2d60,"disperseToken(address token, address[] recipients, uint256[] values)",14006932
11054593,1602688992,0x5cc5f0db6d00d2567ad236f1885ba84348205f9cc22e62f3fcbfa7896492bf5b,13,0x18aaf3b76e448ff2f6b16fcfe15f24fffd11fc1b3cbf301ac100ce3a4c6da226,0xd152f549545093347a162dce210e7293f1452150,0xaea46a60368a7bd060eec7df8cba43b7ef41ad85,0x42aa37102b76c210224f696cc37d4596e96a9bbd,457693708000000000000000,Fetch,FET,18,46,9607518,85000000000,8714709,11434363,deprecated,0xc73a2d60,"disperseToken(address token, address[] recipients, uint256[] values)",14006932
11054593,1602688992,0x5cc5f0db6d00d2567ad236f1885ba84348205f9cc22e62f3fcbfa7896492bf5b,13,0x18aaf3b76e448ff2f6b16fcfe15f24fffd11fc1b3cbf301ac100ce3a4c6da226,0xd152f549545093347a162dce210e7293f1452150,0xaea46a60368a7bd060eec7df8cba43b7ef41ad85,0x1e54ff941449994ea81240e904a7d1b40e364a23,440624330000000000000002,Fetch,FET,18,46,9607518,85000000000,8714709,11434363,deprecated,0xc73a2d60,"disperseToken(address token, address[] recipients, uint256[] values)",14006932
11054593,1602688992,0x5cc5f0db6d00d2567ad236f1885ba84348205f9cc22e62f3fcbfa7896492bf5b,13,0x18aaf3b76e448ff2f6b16fcfe15f24fffd11fc1b3cbf301ac100ce3a4c6da226,0xd152f549545093347a162dce210e7293f1452150,0xaea46a60368a7bd060eec7df8cba43b7ef41ad85,0x391aec8543528fbd40a61023675f747c0766c281,440347540000000000000003,Fetch,FET,18,46,9607518,85000000000,8714709,11434363,deprecated,0xc73a2d60,"disperseToken(address token, address[] recipients, uint256[] values)",14006932
11054593,1602688992,0x5cc5f0db6d00d2567ad236f1885ba84348205f9cc22e62f3fcbfa7896492bf5b,13,0x18aaf3b76e448ff2f6b16fcfe15f24fffd11fc1b3cbf301ac100ce3a4c6da226,0xd152f549545093347a162dce210e7293f1452150,0xaea46a60368a7bd060eec7df8cba43b7ef41ad85,0x70a2487e8bcf493fc56d4e147099458e518b3e7e,417866373906000000000000,Fetch,FET,18,46,9607518,85000000000,8714709,11434363,deprecated,0xc73a2d60,"disperseToken(address token, address[] recipients, uint256[] values)",14006932
11054593,1602688992,0x5cc5f0db6d00d2567ad236f1885ba84348205f9cc22e62f3fcbfa7896492bf5b,13,0x18aaf3b76e448ff2f6b16fcfe15f24fffd11fc1b3cbf301ac100ce3a4c6da226,0xd152f549545093347a162dce210e7293f1452150,0xaea46a60368a7bd060eec7df8cba43b7ef41ad85,0x686a2229da897d7ed720359497730672dfd30b2b,413002954200000000000000,Fetch,FET,18,46,9607518,85000000000,8714709,11434363,deprecated,0xc73a2d60,"disperseToken(address token, address[] recipients, uint256[] values)",14006932
11054593,1602688992,0x5cc5f0db6d00d2567ad236f1885ba84348205f9cc22e62f3fcbfa7896492bf5b,13,0x18aaf3b76e448ff2f6b16fcfe15f24fffd11fc1b3cbf301ac100ce3a4c6da226,0xd152f549545093347a162dce210e7293f1452150,0xaea46a60368a7bd060eec7df8cba43b7ef41ad85,0x93471e6895135e73488a8d84db97471fb8bbce9f,408001528417610000000000,Fetch,FET,18,46,9607518,85000000000,8714709,11434363,deprecated,0xc73a2d60,"disperseToken(address token, address[] recipients, uint256[] values)",14006932
11054593,1602688992,0x5cc5f0db6d00d2567ad236f1885ba84348205f9cc22e62f3fcbfa7896492bf5b,13,0x18aaf3b76e448ff2f6b16fcfe15f24fffd11fc1b3cbf301ac100ce3a4c6da226,0xd152f549545093347a162dce210e7293f1452150,0xaea46a60368a7bd060eec7df8cba43b7ef41ad85,0x3b51b11815ce489e83a0f0476fd979dc78933151,406175779765000000000000,Fetch,FET,18,46,9607518,85000000000,8714709,11434363,deprecated,0xc73a2d60,"disperseToken(address token, address[] recipients, uint256[] values)",14006932
11054593,1602688992,0x5cc5f0db6d00d2567ad236f1885ba84348205f9cc22e62f3fcbfa7896492bf5b,13,0x18aaf3b76e448ff2f6b16fcfe15f24fffd11fc1b3cbf301ac100ce3a4c6da226,0xd152f549545093347a162dce210e7293f1452150,0xaea46a60368a7bd060eec7df8cba43b7ef41ad85,0x46340b20830761efd32832a74d7169b29feb9758,403074077447774519353136,Fetch,FET,18,46,9607518,85000000000,8714709,11434363,deprecated,0xc73a2d60,"disperseToken(address token, address[] recipients, uint256[] values)",14006932
11054593,1602688992,0x5cc5f0db6d00d2567ad236f1885ba84348205f9cc22e62f3fcbfa7896492bf5b,13,0x18aaf3b76e448ff2f6b16fcfe15f24fffd11fc1b3cbf301ac100ce3a4c6da226,0xd152f549545093347a162dce210e7293f1452150,0xaea46a60368a7bd060eec7df8cba43b7ef41ad85,0xa367e5d3bfca7159d85d8e622506adf034ed2e0c,402174346640000000000000,Fetch,FET,18,46,9607518,85000000000,8714709,11434363,deprecated,0xc73a2d60,"disperseToken(address token, address[] recipients, uint256[] values)",14006932
11054593,1602688992,0x5cc5f0db6d00d2567ad236f1885ba84348205f9cc22e62f3fcbfa7896492bf5b,13,0x18aaf3b76e448ff2f6b16fcfe15f24fffd11fc1b3cbf301ac100ce3a4c6da226,0xd152f549545093347a162dce210e7293f1452150,0xaea46a60368a7bd060eec7df8cba43b7ef41ad85,0x8988d4f9b4007a6b28ae22bd62c2686f5c7995f6,400477641600811657918387,Fetch,FET,18,46,9607518,85000000000,8714709,11434363,deprecated,0xc73a2d60,"disperseToken(address token, address[] recipients, uint256[] values)",14006932
11054593,1602688992,0x5cc5f0db6d00d2567ad236f1885ba84348205f9cc22e62f3fcbfa7896492bf5b,13,0x18aaf3b76e448ff2f6b16fcfe15f24fffd11fc1b3cbf301ac100ce3a4c6da226,0xd152f549545093347a162dce210e7293f1452150,0xaea46a60368a7bd060eec7df8cba43b7ef41ad85,0x686092be4ce927b5918733dfd2dabb48309cee45,400138000000000000000000,Fetch,FET,18,46,9607518,85000000000,8714709,11434363,deprecated,0xc73a2d60,"disperseToken(address token, address[] recipients, uint256[] values)",14006932
11054593,1602688992,0x5cc5f0db6d00d2567ad236f1885ba84348205f9cc22e62f3fcbfa7896492bf5b,13,0x18aaf3b76e448ff2f6b16fcfe15f24fffd11fc1b3cbf301ac100ce3a4c6da226,0xd152f549545093347a162dce210e7293f1452150,0xaea46a60368a7bd060eec7df8cba43b7ef41ad85,0x212a112a3ce35fb3d13e09e9cd5d42d88e9b921f,400000000000000000000000,Fetch,FET,18,46,9607518,85000000000,8714709,11434363,deprecated,0xc73a2d60,"disperseToken(address token, address[] recipients, uint256[] values)",14006932
11054593,1602688992,0x5cc5f0db6d00d2567ad236f1885ba84348205f9cc22e62f3fcbfa7896492bf5b,13,0x18aaf3b76e448ff2f6b16fcfe15f24fffd11fc1b3cbf301ac100ce3a4c6da226,0xd152f549545093347a162dce210e7293f1452150,0xaea46a60368a7bd060eec7df8cba43b7ef41ad85,0x329421ec1e67227e20c47aa8c84e915a0fb03cb8,400000000000000000000000,Fetch,FET,18,46,9607518,85000000000,8714709,11434363,deprecated,0xc73a2d60,"disperseToken(address token, address[] recipients, uint256[] values)",14006932
11054593,1602688992,0x5cc5f0db6d00d2567ad236f1885ba84348205f9cc22e62f3fcbfa7896492bf5b,13,0x18aaf3b76e448ff2f6b16fcfe15f24fffd11fc1b3cbf301ac100ce3a4c6da226,0xd152f549545093347a162dce210e7293f1452150,0xaea46a60368a7bd060eec7df8cba43b7ef41ad85,0xd056c9ae9c1b6a74e5848396f31069a6509988a5,399855397488360000000000,Fetch,FET,18,46,9607518,85000000000,8714709,11434363,deprecated,0xc73a2d60,"disperseToken(address token, address[] recipients, uint256[] values)",14006932
11054593,1602688992,0x5cc5f0db6d00d2567ad236f1885ba84348205f9cc22e62f3fcbfa7896492bf5b,13,0x18aaf3b76e448ff2f6b16fcfe15f24fffd11fc1b3cbf301ac100ce3a4c6da226,0xd152f549545093347a162dce210e7293f1452150,0xaea46a60368a7bd060eec7df8cba43b7ef41ad85,0x64a53dd6ca8c248df0a7e64be2a78775bd7d55c3,395541277900000000000000,Fetch,FET,18,46,9607518,85000000000,8714709,11434363,deprecated,0xc73a2d60,"disperseToken(address token, address[] recipients, uint256[] values)",14006932
11054593,1602688992,0x5cc5f0db6d00d2567ad236f1885ba84348205f9cc22e62f3fcbfa7896492bf5b,13,0x18aaf3b76e448ff2f6b16fcfe15f24fffd11fc1b3cbf301ac100ce3a4c6da226,0xd152f549545093347a162dce210e7293f1452150,0xaea46a60368a7bd060eec7df8cba43b7ef41ad85,0xd9106ba2e6884820a1d074ea280d6e1e9beafdab,395383961611300000000000,Fetch,FET,18,46,9607518,85000000000,8714709,11434363,deprecated,0xc73a2d60,"disperseToken(address token, address[] recipients, uint256[] values)",14006932
11054593,1602688992,0x5cc5f0db6d00d2567ad236f1885ba84348205f9cc22e62f3fcbfa7896492bf5b,13,0x18aaf3b76e448ff2f6b16fcfe15f24fffd11fc1b3cbf301ac100ce3a4c6da226,0xd152f549545093347a162dce210e7293f1452150,0xaea46a60368a7bd060eec7df8cba43b7ef41ad85,0x586157a6b845f7dbc63c76cd15462f3655ef9106,393750322845230000000000,Fetch,FET,18,46,9607518,85000000000,8714709,11434363,deprecated,0xc73a2d60,"disperseToken(address token, address[] recipients, uint256[] values)",14006932
11054593,1602688992,0x5cc5f0db6d00d2567ad236f1885ba84348205f9cc22e62f3fcbfa7896492bf5b,13,0x18aaf3b76e448ff2f6b16fcfe15f24fffd11fc1b3cbf301ac100ce3a4c6da226,0xd152f549545093347a162dce210e7293f1452150,0xaea46a60368a7bd060eec7df8cba43b7ef41ad85,0xd473cc7c057df03f48f1f52166ffa8a9cc5b6387,386271388348440000000000,Fetch,FET,18,46,9607518,85000000000,8714709,11434363,deprecated,0xc73a2d60,"disperseToken(address token, address[] recipients, uint256[] values)",14006932
11054593,1602688992,0x5cc5f0db6d00d2567ad236f1885ba84348205f9cc22e62f3fcbfa7896492bf5b,13,0x18aaf3b76e448ff2f6b16fcfe15f24fffd11fc1b3cbf301ac100ce3a4c6da226,0xd152f549545093347a162dce210e7293f1452150,0xaea46a60368a7bd060eec7df8cba43b7ef41ad85,0x8c11437e11a1ef48dcfb4d6d5d5af3095bcc9b5a,381090623494300000000000,Fetch,FET,18,46,9607518,85000000000,8714709,11434363,deprecated,0xc73a2d60,"disperseToken(address token, address[] recipients, uint256[] values)",14006932
11054593,1602688992,0x5cc5f0db6d00d2567ad236f1885ba84348205f9cc22e62f3fcbfa7896492bf5b,13,0x18aaf3b76e448ff2f6b16fcfe15f24fffd11fc1b3cbf301ac100ce3a4c6da226,0xd152f549545093347a162dce210e7293f1452150,0xaea46a60368a7bd060eec7df8cba43b7ef41ad85,0x6cc5f688a315f3dc28a7781717a9a798a59fda7b,372984087919619999999621,Fetch,FET,18,46,9607518,85000000000,8714709,11434363,deprecated,0xc73a2d60,"disperseToken(address token, address[] recipients, uint256[] values)",14006932
11054593,1602688992,0x5cc5f0db6d00d2567ad236f1885ba84348205f9cc22e62f3fcbfa7896492bf5b,13,0x18aaf3b76e448ff2f6b16fcfe15f24fffd11fc1b3cbf301ac100ce3a4c6da226,0xd152f549545093347a162dce210e7293f1452150,0xaea46a60368a7bd060eec7df8cba43b7ef41ad85,0xbf9d1a1edf01cb6db0a3ea20ecde234e32094357,370000590000000000000003,Fetch,FET,18,46,9607518,85000000000,8714709,11434363,deprecated,0xc73a2d60,"disperseToken(address token, address[] recipients, uint256[] values)",14006932
11054593,1602688992,0x5cc5f0db6d00d2567ad236f1885ba84348205f9cc22e62f3fcbfa7896492bf5b,13,0x18aaf3b76e448ff2f6b16fcfe15f24fffd11fc1b3cbf301ac100ce3a4c6da226,0xd152f549545093347a162dce210e7293f1452150,0xaea46a60368a7bd060eec7df8cba43b7ef41ad85,0x618ffd1cdabee36ce5992a857cc7463f21272bd7,365539054595620000000000,Fetch,FET,18,46,9607518,85000000000,8714709,11434363,deprecated,0xc73a2d60,"disperseToken(address token, address[] recipients, uint256[] values)",14006932
11054593,1602688992,0x5cc5f0db6d00d2567ad236f1885ba84348205f9cc22e62f3fcbfa7896492bf5b,13,0x18aaf3b76e448ff2f6b16fcfe15f24fffd11fc1b3cbf301ac100ce3a4c6da226,0xd152f549545093347a162dce210e7293f1452150,0xaea46a60368a7bd060eec7df8cba43b7ef41ad85,0x485be95e7c86550e76be32137148479e89d713d6,362941348800000000000000,Fetch,FET,18,46,9607518,85000000000,8714709,11434363,deprecated,0xc73a2d60,"disperseToken(address token, address[] recipients, uint256[] values)",14006932
11054593,1602688992,0x5cc5f0db6d00d2567ad236f1885ba84348205f9cc22e62f3fcbfa7896492bf5b,13,0x18aaf3b76e448ff2f6b16fcfe15f24fffd11fc1b3cbf301ac100ce3a4c6da226,0xd152f549545093347a162dce210e7293f1452150,0xaea46a60368a7bd060eec7df8cba43b7ef41ad85,0x39bc47c3aeaee37f681772234e103890ce88391c,358000890075580000000000,Fetch,FET,18,46,9607518,85000000000,8714709,11434363,deprecated,0xc73a2d60,"disperseToken(address token, address[] recipients, uint256[] values)",14006932
11054593,1602688992,0x5cc5f0db6d00d2567ad236f1885ba84348205f9cc22e62f3fcbfa7896492bf5b,13,0x18aaf3b76e448ff2f6b16fcfe15f24fffd11fc1b3cbf301ac100ce3a4c6da226,0xd152f549545093347a162dce210e7293f1452150,0xaea46a60368a7bd060eec7df8cba43b7ef41ad85,0x5c4cf3eb7ef19b3ea04072c4eae7f9b9bad47732,354291952100000000000000,Fetch,FET,18,46,9607518,85000000000,8714709,11434363,deprecated,0xc73a2d60,"disperseToken(address token, address[] recipients, uint256[] values)",14006932
11054593,1602688992,0x5cc5f0db6d00d2567ad236f1885ba84348205f9cc22e62f3fcbfa7896492bf5b,13,0x18aaf3b76e448ff2f6b16fcfe15f24fffd11fc1b3cbf301ac100ce3a4c6da226,0xd152f549545093347a162dce210e7293f1452150,0xaea46a60368a7bd060eec7df8cba43b7ef41ad85,0x497687b561d5ded10a752541e32b2a399510fd4b,349513122914190000000000,Fetch,FET,18,46,9607518,85000000000,8714709,11434363,deprecated,0xc73a2d60,"disperseToken(address token, address[] recipients, uint256[] values)",14006932
11054593,1602688992,0x5cc5f0db6d00d2567ad236f1885ba84348205f9cc22e62f3fcbfa7896492bf5b,13,0x18aaf3b76e448ff2f6b16fcfe15f24fffd11fc1b3cbf301ac100ce3a4c6da226,0xd152f549545093347a162dce210e7293f1452150,0xaea46a60368a7bd060eec7df8cba43b7ef41ad85,0x5368e06902bdc4eb3db79d03feed30ce71c6d8e8,344476201200000000000000,Fetch,FET,18,46,9607518,85000000000,8714709,11434363,deprecated,0xc73a2d60,"disperseToken(address token, address[] recipients, uint256[] values)",14006932
11054593,1602688992,0x5cc5f0db6d00d2567ad236f1885ba84348205f9cc22e62f3fcbfa7896492bf5b,13,0x18aaf3b76e448ff2f6b16fcfe15f24fffd11fc1b3cbf301ac100ce3a4c6da226,0xd152f549545093347a162dce210e7293f1452150,0xaea46a60368a7bd060eec7df8cba43b7ef41ad85,0x6253780c788764689781dd8c247dcca892239614,343968520190860000000000,Fetch,FET,18,46,9607518,85000000000,8714709,11434363,deprecated,0xc73a2d60,"disperseToken(address token, address[] recipients, uint256[] values)",14006932
11054593,1602688992,0x5cc5f0db6d00d2567ad236f1885ba84348205f9cc22e62f3fcbfa7896492bf5b,13,0x18aaf3b76e448ff2f6b16fcfe15f24fffd11fc1b3cbf301ac100ce3a4c6da226,0xd152f549545093347a162dce210e7293f1452150,0xaea46a60368a7bd060eec7df8cba43b7ef41ad85,0x129ca7e09c379ead912843ed63e902db76ef598d,337297000000000000000000,Fetch,FET,18,46,9607518,85000000000,8714709,11434363,deprecated,0xc73a2d60,"disperseToken(address token, address[] recipients, uint256[] values)",14006932
11054593,1602688992,0x5cc5f0db6d00d2567ad236f1885ba84348205f9cc22e62f3fcbfa7896492bf5b,13,0x18aaf3b76e448ff2f6b16fcfe15f24fffd11fc1b3cbf301ac100ce3a4c6da226,0xd152f549545093347a162dce210e7293f1452150,0xaea46a60368a7bd060eec7df8cba43b7ef41ad85,0xd5aa91059c816e1ea33532140cb1d3582c669232,336046700000000000000000,Fetch,FET,18,46,9607518,85000000000,8714709,11434363,deprecated,0xc73a2d60,"disperseToken(address token, address[] recipients, uint256[] values)",14006932
11054593,1602688992,0x5cc5f0db6d00d2567ad236f1885ba84348205f9cc22e62f3fcbfa7896492bf5b,13,0x18aaf3b76e448ff2f6b16fcfe15f24fffd11fc1b3cbf301ac100ce3a4c6da226,0xd152f549545093347a162dce210e7293f1452150,0xaea46a60368a7bd060eec7df8cba43b7ef41ad85,0x986a2fca9eda0e06fbf7839b89bfc006ee2a23dd,332702668349142668807504,Fetch,FET,18,46,9607518,85000000000,8714709,11434363,deprecated,0xc73a2d60,"disperseToken(address token, address[] recipients, uint256[] values)",14006932
11054593,1602688992,0x5cc5f0db6d00d2567ad236f1885ba84348205f9cc22e62f3fcbfa7896492bf5b,13,0x18aaf3b76e448ff2f6b16fcfe15f24fffd11fc1b3cbf301ac100ce3a4c6da226,0xd152f549545093347a162dce210e7293f1452150,0xaea46a60368a7bd060eec7df8cba43b7ef41ad85,0x393502295327fbcb02b10ba596cd3885ecd378ca,326514864578170000000000,Fetch,FET,18,46,9607518,85000000000,8714709,11434363,deprecated,0xc73a2d60,"disperseToken(address token, address[] recipients, uint256[] values)",14006932
11054593,1602688992,0x5cc5f0db6d00d2567ad236f1885ba84348205f9cc22e62f3fcbfa7896492bf5b,13,0x18aaf3b76e448ff2f6b16fcfe15f24fffd11fc1b3cbf301ac100ce3a4c6da226,0xd152f549545093347a162dce210e7293f1452150,0xaea46a60368a7bd060eec7df8cba43b7ef41ad85,0x2c790748f04ec756fecb93a5fc3d7db7643cc2e1,321537941689360000000000,Fetch,FET,18,46,9607518,85000000000,8714709,11434363,deprecated,0xc73a2d60,"disperseToken(address token, address[] recipients, uint256[] values)",14006932
11054593,1602688992,0x5cc5f0db6d00d2567ad236f1885ba84348205f9cc22e62f3fcbfa7896492bf5b,13,0x18aaf3b76e448ff2f6b16fcfe15f24fffd11fc1b3cbf301ac100ce3a4c6da226,0xd152f549545093347a162dce210e7293f1452150,0xaea46a60368a7bd060eec7df8cba43b7ef41ad85,0xfba3c59e359d39eb1c9f1a87197524c30491e1c2,320180000000000000000003,Fetch,FET,18,46,9607518,85000000000,8714709,11434363,deprecated,0xc73a2d60,"disperseToken(address token, address[] recipients, uint256[] values)",14006932
11054593,1602688992,0x5cc5f0db6d00d2567ad236f1885ba84348205f9cc22e62f3fcbfa7896492bf5b,13,0x18aaf3b76e448ff2f6b16fcfe15f24fffd11fc1b3cbf301ac100ce3a4c6da226,0xd152f549545093347a162dce210e7293f1452150,0xaea46a60368a7bd060eec7df8cba43b7ef41ad85,0x567a9a5532aa87e1624866c514c8abd774bbb8e2,307965626900000000000000,Fetch,FET,18,46,9607518,85000000000,8714709,11434363,deprecated,0xc73a2d60,"disperseToken(address token, address[] recipients, uint256[] values)",14006932
11054593,1602688992,0x5cc5f0db6d00d2567ad236f1885ba84348205f9cc22e62f3fcbfa7896492bf5b,13,0x18aaf3b76e448ff2f6b16fcfe15f24fffd11fc1b3cbf301ac100ce3a4c6da226,0xd152f549545093347a162dce210e7293f1452150,0xaea46a60368a7bd060eec7df8cba43b7ef41ad85,0x441efea2f87cafba55499b88a56aa4a7050f761b,307566000000000000000000,Fetch,FET,18,46,9607518,85000000000,8714709,11434363,deprecated,0xc73a2d60,"disperseToken(address token, address[] recipients, uint256[] values)",14006932
11054593,1602688992,0x5cc5f0db6d00d2567ad236f1885ba84348205f9cc22e62f3fcbfa7896492bf5b,13,0x18aaf3b76e448ff2f6b16fcfe15f24fffd11fc1b3cbf301ac100ce3a4c6da226,0xd152f549545093347a162dce210e7293f1452150,0xaea46a60368a7bd060eec7df8cba43b7ef41ad85,0x6163e3fe51dcebf7bff46b4df4ea24e70785df9d,306095965759380000000000,Fetch,FET,18,46,9607518,85000000000,8714709,11434363,deprecated,0xc73a2d60,"disperseToken(address token, address[] recipients, uint256[] values)",14006932
11054593,1602688992,0x5cc5f0db6d00d2567ad236f1885ba84348205f9cc22e62f3fcbfa7896492bf5b,13,0x18aaf3b76e448ff2f6b16fcfe15f24fffd11fc1b3cbf301ac100ce3a4c6da226,0xd152f549545093347a162dce210e7293f1452150,0xaea46a60368a7bd060eec7df8cba43b7ef41ad85,0xe13dbbf7325647d1504efe5fb3fe04ffce28282b,305973660621465484498137,Fetch,FET,18,46,9607518,85000000000,8714709,11434363,deprecated,0xc73a2d60,"disperseToken(address token, address[] recipients, uint256[] values)",14006932
11054593,1602688992,0x5cc5f0db6d00d2567ad236f1885ba84348205f9cc22e62f3fcbfa7896492bf5b,13,0x18aaf3b76e448ff2f6b16fcfe15f24fffd11fc1b3cbf301ac100ce3a4c6da226,0xd152f549545093347a162dce210e7293f1452150,0xaea46a60368a7bd060eec7df8cba43b7ef41ad85,0x188a7ce9f72484f8613a34dcacde7e28769f5cc3,300018211090910000000000,Fetch,FET,18,46,9607518,85000000000,8714709,11434363,deprecated,0xc73a2d60,"disperseToken(address token, address[] recipients, uint256[] values)",14006932
11054593,1602688992,0x5cc5f0db6d00d2567ad236f1885ba84348205f9cc22e62f3fcbfa7896492bf5b,13,0x18aaf3b76e448ff2f6b16fcfe15f24fffd11fc1b3cbf301ac100ce3a4c6da226,0xd152f549545093347a162dce210e7293f1452150,0xaea46a60368a7bd060eec7df8cba43b7ef41ad85,0x072754b366ad97d357fb960ad8a12a587a4126a1,300000000000000000000000,Fetch,FET,18,46,9607518,85000000000,8714709,11434363,deprecated,0xc73a2d60,"disperseToken(address token, address[] recipients, uint256[] values)",14006932
11054593,1602688992,0x5cc5f0db6d00d2567ad236f1885ba84348205f9cc22e62f3fcbfa7896492bf5b,13,0x18aaf3b76e448ff2f6b16fcfe15f24fffd11fc1b3cbf301ac100ce3a4c6da226,0xd152f549545093347a162dce210e7293f1452150,0xaea46a60368a7bd060eec7df8cba43b7ef41ad85,0xb931427e274e217cd75613f290d43405b80d5926,300000000000000000000000,Fetch,FET,18,46,9607518,85000000000,8714709,11434363,deprecated,0xc73a2d60,"disperseToken(address token, address[] recipients, uint256[] values)",14006932
11054593,1602688992,0x5cc5f0db6d00d2567ad236f1885ba84348205f9cc22e62f3fcbfa7896492bf5b,13,0x18aaf3b76e448ff2f6b16fcfe15f24fffd11fc1b3cbf301ac100ce3a4c6da226,0xd152f549545093347a162dce210e7293f1452150,0xaea46a60368a7bd060eec7df8cba43b7ef41ad85,0x12bb2d969b59ff2830c1c6d760a2b87e8204109c,299823141471770000000000,Fetch,FET,18,46,9607518,85000000000,8714709,11434363,deprecated,0xc73a2d60,"disperseToken(address token, address[] recipients, uint256[] values)",14006932
11054593,1602688992,0x5cc5f0db6d00d2567ad236f1885ba84348205f9cc22e62f3fcbfa7896492bf5b,13,0x18aaf3b76e448ff2f6b16fcfe15f24fffd11fc1b3cbf301ac100ce3a4c6da226,0xd152f549545093347a162dce210e7293f1452150,0xaea46a60368a7bd060eec7df8cba43b7ef41ad85,0x5f48b795701579681d2578510f6090ab6c448bef,297040819883540000000000,Fetch,FET,18,46,9607518,85000000000,8714709,11434363,deprecated,0xc73a2d60,"disperseToken(address token, address[] recipients, uint256[] values)",14006932
11054593,1602688992,0x5cc5f0db6d00d2567ad236f1885ba84348205f9cc22e62f3fcbfa7896492bf5b,13,0x18aaf3b76e448ff2f6b16fcfe15f24fffd11fc1b3cbf301ac100ce3a4c6da226,0xd152f549545093347a162dce210e7293f1452150,0xaea46a60368a7bd060eec7df8cba43b7ef41ad85,0x15a0e86ec1a099dfe20a2d9e2e9deebc9a90986f,289886000000000000000000,Fetch,FET,18,46,9607518,85000000000,8714709,11434363,deprecated,0xc73a2d60,"disperseToken(address token, address[] recipients, uint256[] values)",14006932
11054593,1602688992,0x5cc5f0db6d00d2567ad236f1885ba84348205f9cc22e62f3fcbfa7896492bf5b,13,0x18aaf3b76e448ff2f6b16fcfe15f24fffd11fc1b3cbf301ac100ce3a4c6da226,0xd152f549545093347a162dce210e7293f1452150,0xaea46a60368a7bd060eec7df8cba43b7ef41ad85,0x3ef7c6633e6e4508d46c5547e5ff520d868f1749,288581582157640000000000,Fetch,FET,18,46,9607518,85000000000,8714709,11434363,deprecated,0xc73a2d60,"disperseToken(address token, address[] recipients, uint256[] values)",14006932
11054593,1602688992,0x5cc5f0db6d00d2567ad236f1885ba84348205f9cc22e62f3fcbfa7896492bf5b,13,0x18aaf3b76e448ff2f6b16fcfe15f24fffd11fc1b3cbf301ac100ce3a4c6da226,0xd152f549545093347a162dce210e7293f1452150,0xaea46a60368a7bd060eec7df8cba43b7ef41ad85,0x3ebf99eab58cc56c0bbeea39042295a0911f8c54,284121040300000000000000,Fetch,FET,18,46,9607518,85000000000,8714709,11434363,deprecated,0xc73a2d60,"disperseToken(address token, address[] recipients, uint256[] values)",14006932
11054593,1602688992,0x5cc5f0db6d00d2567ad236f1885ba84348205f9cc22e62f3fcbfa7896492bf5b,13,0x18aaf3b76e448ff2f6b16fcfe15f24fffd11fc1b3cbf301ac100ce3a4c6da226,0xd152f549545093347a162dce210e7293f1452150,0xaea46a60368a7bd060eec7df8cba43b7ef41ad85,0x57a999b3375587470083f07abb26ea70c3dca91a,281005381477660000000000,Fetch,FET,18,46,9607518,85000000000,8714709,11434363,deprecated,0xc73a2d60,"disperseToken(address token, address[] recipients, uint256[] values)",14006932
11054593,1602688992,0x5cc5f0db6d00d2567ad236f1885ba84348205f9cc22e62f3fcbfa7896492bf5b,13,0x18aaf3b76e448ff2f6b16fcfe15f24fffd11fc1b3cbf301ac100ce3a4c6da226,0xd152f549545093347a162dce210e7293f1452150,0xaea46a60368a7bd060eec7df8cba43b7ef41ad85,0xb9e401eb4bc954d44d1c51ca7ad5efb151994ed5,280238000000000000000000,Fetch,FET,18,46,9607518,85000000000,8714709,11434363,deprecated,0xc73a2d60,"disperseToken(address token, address[] recipients, uint256[] values)",14006932
11054593,1602688992,0x5cc5f0db6d00d2567ad236f1885ba84348205f9cc22e62f3fcbfa7896492bf5b,13,0x18aaf3b76e448ff2f6b16fcfe15f24fffd11fc1b3cbf301ac100ce3a4c6da226,0xd152f549545093347a162dce210e7293f1452150,0xaea46a60368a7bd060eec7df8cba43b7ef41ad85,0xf807df137209f4eedf8969a4c3f36921729498d0,275065000000000000000000,Fetch,FET,18,46,9607518,85000000000,8714709,11434363,deprecated,0xc73a2d60,"disperseToken(address token, address[] recipients, uint256[] values)",14006932
11054593,1602688992,0x5cc5f0db6d00d2567ad236f1885ba84348205f9cc22e62f3fcbfa7896492bf5b,13,0x18aaf3b76e448ff2f6b16fcfe15f24fffd11fc1b3cbf301ac100ce3a4c6da226,0xd152f549545093347a162dce210e7293f1452150,0xaea46a60368a7bd060eec7df8cba43b7ef41ad85,0xc80d1e0cd0aa1e30d5ed5b6797fbcceec44f438a,272034880556000000000000,Fetch,FET,18,46,9607518,85000000000,8714709,11434363,deprecated,0xc73a2d60,"disperseToken(address token, address[] recipients, uint256[] values)",14006932
11054593,1602688992,0x5cc5f0db6d00d2567ad236f1885ba84348205f9cc22e62f3fcbfa7896492bf5b,13,0x18aaf3b76e448ff2f6b16fcfe15f24fffd11fc1b3cbf301ac100ce3a4c6da226,0xd152f549545093347a162dce210e7293f1452150,0xaea46a60368a7bd060eec7df8cba43b7ef41ad85,0x12e3b0b12545dc11a41417bf4d94ee7e52e9990a,265804219000000000000000,Fetch,FET,18,46,9607518,85000000000,8714709,11434363,deprecated,0xc73a2d60,"disperseToken(address token, address[] recipients, uint256[] values)",14006932
11054593,1602688992,0x5cc5f0db6d00d2567ad236f1885ba84348205f9cc22e62f3fcbfa7896492bf5b,13,0x18aaf3b76e448ff2f6b16fcfe15f24fffd11fc1b3cbf301ac100ce3a4c6da226,0xd152f549545093347a162dce210e7293f1452150,0xaea46a60368a7bd060eec7df8cba43b7ef41ad85,0x9d86a7f15c668ad1511b0fab20bc8d7448108ba8,264460713080626400816193,Fetch,FET,18,46,9607518,85000000000,8714709,11434363,deprecated,0xc73a2d60,"disperseToken(address token, address[] recipients, uint256[] values)",14006932
11054593,1602688992,0x5cc5f0db6d00d2567ad236f1885ba84348205f9cc22e62f3fcbfa7896492bf5b,13,0x18aaf3b76e448ff2f6b16fcfe15f24fffd11fc1b3cbf301ac100ce3a4c6da226,0xd152f549545093347a162dce210e7293f1452150,0xaea46a60368a7bd060eec7df8cba43b7ef41ad85,0x98c62c11d10f48a2d4c542bc4d18f28a8ffc3817,264021076730830000000000,Fetch,FET,18,46,9607518,85000000000,8714709,11434363,deprecated,0xc73a2d60,"disperseToken(address token, address[] recipients, uint256[] values)",14006932
11054593,1602688992,0x5cc5f0db6d00d2567ad236f1885ba84348205f9cc22e62f3fcbfa7896492bf5b,13,0x18aaf3b76e448ff2f6b16fcfe15f24fffd11fc1b3cbf301ac100ce3a4c6da226,0xd152f549545093347a162dce210e7293f1452150,0xaea46a60368a7bd060eec7df8cba43b7ef41ad85,0xf7791248951da4f9221fe4efa0a3a9825b48861d,253755774775382433014113,Fetch,FET,18,46,9607518,85000000000,8714709,11434363,deprecated,0xc73a2d60,"disperseToken(address token, address[] recipients, uint256[] values)",14006932
11054593,1602688992,0x5cc5f0db6d00d2567ad236f1885ba84348205f9cc22e62f3fcbfa7896492bf5b,13,0x18aaf3b76e448ff2f6b16fcfe15f24fffd11fc1b3cbf301ac100ce3a4c6da226,0xd152f549545093347a162dce210e7293f1452150,0xaea46a60368a7bd060eec7df8cba43b7ef41ad85,0x3cdc7e2da5181c852fb4323166318dc62395bcf1,253638830242210000000000,Fetch,FET,18,46,9607518,85000000000,8714709,11434363,deprecated,0xc73a2d60,"disperseToken(address token, address[] recipients, uint256[] values)",14006932
11054593,1602688992,0x5cc5f0db6d00d2567ad236f1885ba84348205f9cc22e62f3fcbfa7896492bf5b,13,0x18aaf3b76e448ff2f6b16fcfe15f24fffd11fc1b3cbf301ac100ce3a4c6da226,0xd152f549545093347a162dce210e7293f1452150,0xaea46a60368a7bd060eec7df8cba43b7ef41ad85,0xa72e480fc297e8c36591e50573727a89345ab64f,250004991166200000000000,Fetch,FET,18,46,9607518,85000000000,8714709,11434363,deprecated,0xc73a2d60,"disperseToken(address token, address[] recipients, uint256[] values)",14006932
11054593,1602688992,0x5cc5f0db6d00d2567ad236f1885ba84348205f9cc22e62f3fcbfa7896492bf5b,13,0x18aaf3b76e448ff2f6b16fcfe15f24fffd11fc1b3cbf301ac100ce3a4c6da226,0xd152f549545093347a162dce210e7293f1452150,0xaea46a60368a7bd060eec7df8cba43b7ef41ad85,0x39208fc3eb3d24dbcc60beda70402c5450b16a82,249467000000000000000000,Fetch,FET,18,46,9607518,85000000000,8714709,11434363,deprecated,0xc73a2d60,"disperseToken(address token, address[] recipients, uint256[] values)",14006932
11054593,1602688992,0x5cc5f0db6d00d2567ad236f1885ba84348205f9cc22e62f3fcbfa7896492bf5b,13,0x18aaf3b76e448ff2f6b16fcfe15f24fffd11fc1b3cbf301ac100ce3a4c6da226,0xd152f549545093347a162dce210e7293f1452150,0xaea46a60368a7bd060eec7df8cba43b7ef41ad85,0x2dfbd758b6dfaf409212024691764da78cf130f1,249158332978800000000000,Fetch,FET,18,46,9607518,85000000000,8714709,11434363,deprecated,0xc73a2d60,"disperseToken(address token, address[] recipients, uint256[] values)",14006932
11054593,1602688992,0x5cc5f0db6d00d2567ad236f1885ba84348205f9cc22e62f3fcbfa7896492bf5b,13,0x18aaf3b76e448ff2f6b16fcfe15f24fffd11fc1b3cbf301ac100ce3a4c6da226,0xd152f549545093347a162dce210e7293f1452150,0xaea46a60368a7bd060eec7df8cba43b7ef41ad85,0xc9ae2e00de5435d1135e12fbe6fa1da0bb07e3f9,240000000000000000000000,Fetch,FET,18,46,9607518,85000000000,8714709,11434363,deprecated,0xc73a2d60,"disperseToken(address token, address[] recipients, uint256[] values)",14006932
11054593,1602688992,0x5cc5f0db6d00d2567ad236f1885ba84348205f9cc22e62f3fcbfa7896492bf5b,13,0x18aaf3b76e448ff2f6b16fcfe15f24fffd11fc1b3cbf301ac100ce3a4c6da226,0xd152f549545093347a162dce210e7293f1452150,0xaea46a60368a7bd060eec7df8cba43b7ef41ad85,0x44d0c6f4c36a19c663ab1127c4db3ad7d80c744b,237680437923508014778624,Fetch,FET,18,46,9607518,85000000000,8714709,11434363,deprecated,0xc73a2d60,"disperseToken(address token, address[] recipients, uint256[] values)",14006932
11054593,1602688992,0x5cc5f0db6d00d2567ad236f1885ba84348205f9cc22e62f3fcbfa7896492bf5b,13,0x18aaf3b76e448ff2f6b16fcfe15f24fffd11fc1b3cbf301ac100ce3a4c6da226,0xd152f549545093347a162dce210e7293f1452150,0xaea46a60368a7bd060eec7df8cba43b7ef41ad85,0xfc2f4f93fd4f2ee2a99f7df486f4521beec3ff62,235918429388610000000000,Fetch,FET,18,46,9607518,85000000000,8714709,11434363,deprecated,0xc73a2d60,"disperseToken(address token, address[] recipients, uint256[] values)",14006932
11054593,1602688992,0x5cc5f0db6d00d2567ad236f1885ba84348205f9cc22e62f3fcbfa7896492bf5b,13,0x18aaf3b76e448ff2f6b16fcfe15f24fffd11fc1b3cbf301ac100ce3a4c6da226,0xd152f549545093347a162dce210e7293f1452150,0xaea46a60368a7bd060eec7df8cba43b7ef41ad85,0x95290446f3342a3fe19ba37773ae6fda661c884a,234651102480167685557277,Fetch,FET,18,46,9607518,85000000000,8714709,11434363,deprecated,0xc73a2d60,"disperseToken(address token, address[] recipients, uint256[] values)",14006932
11054593,1602688992,0x5cc5f0db6d00d2567ad236f1885ba84348205f9cc22e62f3fcbfa7896492bf5b,13,0x18aaf3b76e448ff2f6b16fcfe15f24fffd11fc1b3cbf301ac100ce3a4c6da226,0xd152f549545093347a162dce210e7293f1452150,0xaea46a60368a7bd060eec7df8cba43b7ef41ad85,0x61778ba41a6d333204f2f13b7e6c78a08f908f9d,234599400885755702151711,Fetch,FET,18,46,9607518,85000000000,8714709,11434363,deprecated,0xc73a2d60,"disperseToken(address token, address[] recipients, uint256[] values)",14006932
11054593,1602688992,0x5cc5f0db6d00d2567ad236f1885ba84348205f9cc22e62f3fcbfa7896492bf5b,13,0x18aaf3b76e448ff2f6b16fcfe15f24fffd11fc1b3cbf301ac100ce3a4c6da226,0xd152f549545093347a162dce210e7293f1452150,0xaea46a60368a7bd060eec7df8cba43b7ef41ad85,0x8907ec68ef127f84288a227413e639f3e0c9dd06,229970000000000000000000,Fetch,FET,18,46,9607518,85000000000,8714709,11434363,deprecated,0xc73a2d60,"disperseToken(address token, address[] recipients, uint256[] values)",14006932
11054593,1602688992,0x5cc5f0db6d00d2567ad236f1885ba84348205f9cc22e62f3fcbfa7896492bf5b,13,0x18aaf3b76e448ff2f6b16fcfe15f24fffd11fc1b3cbf301ac100ce3a4c6da226,0xd152f549545093347a162dce210e7293f1452150,0xaea46a60368a7bd060eec7df8cba43b7ef41ad85,0x9f0c590db1b7b0f4d229fe210a677891035a7351,223685963329680000000000,Fetch,FET,18,46,9607518,85000000000,8714709,11434363,deprecated,0xc73a2d60,"disperseToken(address token, address[] recipients, uint256[] values)",14006932
11054593,1602688992,0x5cc5f0db6d00d2567ad236f1885ba84348205f9cc22e62f3fcbfa7896492bf5b,13,0x18aaf3b76e448ff2f6b16fcfe15f24fffd11fc1b3cbf301ac100ce3a4c6da226,0xd152f549545093347a162dce210e7293f1452150,0xaea46a60368a7bd060eec7df8cba43b7ef41ad85,0xdaec0d2e5e8e2a35ea4cac36a475e90d687bf9e2,223112581844290000000000,Fetch,FET,18,46,9607518,85000000000,8714709,11434363,deprecated,0xc73a2d60,"disperseToken(address token, address[] recipients, uint256[] values)",14006932
11054593,1602688992,0x5cc5f0db6d00d2567ad236f1885ba84348205f9cc22e62f3fcbfa7896492bf5b,13,0x18aaf3b76e448ff2f6b16fcfe15f24fffd11fc1b3cbf301ac100ce3a4c6da226,0xd152f549545093347a162dce210e7293f1452150,0xaea46a60368a7bd060eec7df8cba43b7ef41ad85,0xf0186e38c75d0c6e9f09144596fe79588f5a9362,220000000000000000000000,Fetch,FET,18,46,9607518,85000000000,8714709,11434363,deprecated,0xc73a2d60,"disperseToken(address token, address[] recipients, uint256[] values)",14006932
11054593,1602688992,0x5cc5f0db6d00d2567ad236f1885ba84348205f9cc22e62f3fcbfa7896492bf5b,13,0x18aaf3b76e448ff2f6b16fcfe15f24fffd11fc1b3cbf301ac100ce3a4c6da226,0xd152f549545093347a162dce210e7293f1452150,0xaea46a60368a7bd060eec7df8cba43b7ef41ad85,0xa996fa806dd5774054deaf77d453c74491fde542,217246049711210000000000,Fetch,FET,18,46,9607518,85000000000,8714709,11434363,deprecated,0xc73a2d60,"disperseToken(address token, address[] recipients, uint256[] values)",14006932
11054593,1602688992,0x5cc5f0db6d00d2567ad236f1885ba84348205f9cc22e62f3fcbfa7896492bf5b,13,0x18aaf3b76e448ff2f6b16fcfe15f24fffd11fc1b3cbf301ac100ce3a4c6da226,0xd152f549545093347a162dce210e7293f1452150,0xaea46a60368a7bd060eec7df8cba43b7ef41ad85,0x19740a4e563de948df0eda7ec9c140ab525a0438,215968000000000000000000,Fetch,FET,18,46,9607518,85000000000,8714709,11434363,deprecated,0xc73a2d60,"disperseToken(address token, address[] recipients, uint256[] values)",14006932
11054593,1602688992,0x5cc5f0db6d00d2567ad236f1885ba84348205f9cc22e62f3fcbfa7896492bf5b,13,0x18aaf3b76e448ff2f6b16fcfe15f24fffd11fc1b3cbf301ac100ce3a4c6da226,0xd152f549545093347a162dce210e7293f1452150,0xaea46a60368a7bd060eec7df8cba43b7ef41ad85,0x15ba966f36781cbd00889d690cb39ba13635ace0,215058710565890000000000,Fetch,FET,18,46,9607518,85000000000,8714709,11434363,deprecated,0xc73a2d60,"disperseToken(address token, address[] recipients, uint256[] values)",14006932
11054593,1602688992,0x5cc5f0db6d00d2567ad236f1885ba84348205f9cc22e62f3fcbfa7896492bf5b,13,0x18aaf3b76e448ff2f6b16fcfe15f24fffd11fc1b3cbf301ac100ce3a4c6da226,0xd152f549545093347a162dce210e7293f1452150,0xaea46a60368a7bd060eec7df8cba43b7ef41ad85,0x0a4bfc8046ff84e634831a9efae08dbb2a51940f,215000762880000000000000,Fetch,FET,18,46,9607518,85000000000,8714709,11434363,deprecated,0xc73a2d60,"disperseToken(address token, address[] recipients, uint256[] values)",14006932
11054593,1602688992,0x5cc5f0db6d00d2567ad236f1885ba84348205f9cc22e62f3fcbfa7896492bf5b,13,0x18aaf3b76e448ff2f6b16fcfe15f24fffd11fc1b3cbf301ac100ce3a4c6da226,0xd152f549545093347a162dce210e7293f1452150,0xaea46a60368a7bd060eec7df8cba43b7ef41ad85,0x1cb4831b6df1d9cb07279b93a0e101db9b2295d0,214790497066340000000000,Fetch,FET,18,46,9607518,85000000000,8714709,11434363,deprecated,0xc73a2d60,"disperseToken(address token, address[] recipients, uint256[] values)",14006932
11054593,1602688992,0x5cc5f0db6d00d2567ad236f1885ba84348205f9cc22e62f3fcbfa7896492bf5b,13,0x18aaf3b76e448ff2f6b16fcfe15f24fffd11fc1b3cbf301ac100ce3a4c6da226,0xd152f549545093347a162dce210e7293f1452150,0xaea46a60368a7bd060eec7df8cba43b7ef41ad85,0xc5c00bcc479ac8a616051b01f68560672e4329b1,214505000000000000000000,Fetch,FET,18,46,9607518,85000000000,8714709,11434363,deprecated,0xc73a2d60,"disperseToken(address token, address[] recipients, uint256[] values)",14006932
11054593,1602688992,0x5cc5f0db6d00d2567ad236f1885ba84348205f9cc22e62f3fcbfa7896492bf5b,13,0x18aaf3b76e448ff2f6b16fcfe15f24fffd11fc1b3cbf301ac100ce3a4c6da226,0xd152f549545093347a162dce210e7293f1452150,0xaea46a60368a7bd060eec7df8cba43b7ef41ad85,0xc019e7c3831f392d0def7874861693dd7116f456,214398403000000000000000,Fetch,FET,18,46,9607518,85000000000,8714709,11434363,deprecated,0xc73a2d60,"disperseToken(address token, address[] recipients, uint256[] values)",14006932
11054593,1602688992,0x5cc5f0db6d00d2567ad236f1885ba84348205f9cc22e62f3fcbfa7896492bf5b,13,0x18aaf3b76e448ff2f6b16fcfe15f24fffd11fc1b3cbf301ac100ce3a4c6da226,0xd152f549545093347a162dce210e7293f1452150,0xaea46a60368a7bd060eec7df8cba43b7ef41ad85,0xebc0b66a2b0a91a56ea65652ab390bb7157ebb19,212882995554100000000000,Fetch,FET,18,46,9607518,85000000000,8714709,11434363,deprecated,0xc73a2d60,"disperseToken(address token, address[] recipients, uint256[] values)",14006932
11054593,1602688992,0x5cc5f0db6d00d2567ad236f1885ba84348205f9cc22e62f3fcbfa7896492bf5b,13,0x18aaf3b76e448ff2f6b16fcfe15f24fffd11fc1b3cbf301ac100ce3a4c6da226,0xd152f549545093347a162dce210e7293f1452150,0xaea46a60368a7bd060eec7df8cba43b7ef41ad85,0x82e8936b187d83fd6eb2b7dab5b19556e9deff1c,211433450000000000000000,Fetch,FET,18,46,9607518,85000000000,8714709,11434363,deprecated,0xc73a2d60,"disperseToken(address token, address[] recipients, uint256[] values)",14006932
11054593,1602688992,0x5cc5f0db6d00d2567ad236f1885ba84348205f9cc22e62f3fcbfa7896492bf5b,13,0x18aaf3b76e448ff2f6b16fcfe15f24fffd11fc1b3cbf301ac100ce3a4c6da226,0xd152f549545093347a162dce210e7293f1452150,0xaea46a60368a7bd060eec7df8cba43b7ef41ad85,0xb50a9b583fcfe7da041b5db8bf2b876ef3812c6d,210000000000000000000000,Fetch,FET,18,46,9607518,85000000000,8714709,11434363,deprecated,0xc73a2d60,"disperseToken(address token, address[] recipients, uint256[] values)",14006932
11054593,1602688992,0x5cc5f0db6d00d2567ad236f1885ba84348205f9cc22e62f3fcbfa7896492bf5b,13,0x18aaf3b76e448ff2f6b16fcfe15f24fffd11fc1b3cbf301ac100ce3a4c6da226,0xd152f549545093347a162dce210e7293f1452150,0xaea46a60368a7bd060eec7df8cba43b7ef41ad85,0xcfa2eddc40772d553d1a70777995538f982d489a,207582796973447735779519,Fetch,FET,18,46,9607518,85000000000,8714709,11434363,deprecated,0xc73a2d60,"disperseToken(address token, address[] recipients, uint256[] values)",14006932
11054593,1602688992,0x5cc5f0db6d00d2567ad236f1885ba84348205f9cc22e62f3fcbfa7896492bf5b,13,0x18aaf3b76e448ff2f6b16fcfe15f24fffd11fc1b3cbf301ac100ce3a4c6da226,0xd152f549545093347a162dce210e7293f1452150,0xaea46a60368a7bd060eec7df8cba43b7ef41ad85,0xcc12965085f6b8f289b0662a8322aacecb180ba3,202968709857820000000000,Fetch,FET,18,46,9607518,85000000000,8714709,11434363,deprecated,0xc73a2d60,"disperseToken(address token, address[] recipients, uint256[] values)",14006932
11054593,1602688992,0x5cc5f0db6d00d2567ad236f1885ba84348205f9cc22e62f3fcbfa7896492bf5b,13,0x18aaf3b76e448ff2f6b16fcfe15f24fffd11fc1b3cbf301ac100ce3a4c6da226,0xd152f549545093347a162dce210e7293f1452150,0xaea46a60368a7bd060eec7df8cba43b7ef41ad85,0x67d9fe5a6f890b002059238a40f402e00530b0d1,201892558393990000000000,Fetch,FET,18,46,9607518,85000000000,8714709,11434363,deprecated,0xc73a2d60,"disperseToken(address token, address[] recipients, uint256[] values)",14006932
11054593,1602688992,0x5cc5f0db6d00d2567ad236f1885ba84348205f9cc22e62f3fcbfa7896492bf5b,13,0x18aaf3b76e448ff2f6b16fcfe15f24fffd11fc1b3cbf301ac100ce3a4c6da226,0xd152f549545093347a162dce210e7293f1452150,0xaea46a60368a7bd060eec7df8cba43b7ef41ad85,0xa185a13f21eadffe7581b2a50a7ad1d462a40ca0,200529352324660000000000,Fetch,FET,18,46,9607518,85000000000,8714709,11434363,deprecated,0xc73a2d60,"disperseToken(address token, address[] recipients, uint256[] values)",14006932
11054593,1602688992,0x5cc5f0db6d00d2567ad236f1885ba84348205f9cc22e62f3fcbfa7896492bf5b,13,0x18aaf3b76e448ff2f6b16fcfe15f24fffd11fc1b3cbf301ac100ce3a4c6da226,0xd152f549545093347a162dce210e7293f1452150,0xaea46a60368a7bd060eec7df8cba43b7ef41ad85,0x56d8888e2bc8d8fb4774bb290dcf5b4f8f99611c,200212000000000000000000,Fetch,FET,18,46,9607518,85000000000,8714709,11434363,deprecated,0xc73a2d60,"disperseToken(address token, address[] recipients, uint256[] values)",14006932
11054593,1602688992,0x5cc5f0db6d00d2567ad236f1885ba84348205f9cc22e62f3fcbfa7896492bf5b,13,0x18aaf3b76e448ff2f6b16fcfe15f24fffd11fc1b3cbf301ac100ce3a4c6da226,0xd152f549545093347a162dce210e7293f1452150,0xaea46a60368a7bd060eec7df8cba43b7ef41ad85,0x788a604baa3e95c5858974455fcfe33ee90ed6fb,200000000000000000000000,Fetch,FET,18,46,9607518,85000000000,8714709,11434363,deprecated,0xc73a2d60,"disperseToken(address token, address[] recipients, uint256[] values)",14006932
11054593,1602688992,0x5cc5f0db6d00d2567ad236f1885ba84348205f9cc22e62f3fcbfa7896492bf5b,13,0x18aaf3b76e448ff2f6b16fcfe15f24fffd11fc1b3cbf301ac100ce3a4c6da226,0xd152f549545093347a162dce210e7293f1452150,0xaea46a60368a7bd060eec7df8cba43b7ef41ad85,0xcf51bc1944b71edc21725bfe942ff1f7da0a5647,199914268624890000000000,Fetch,FET,18,46,9607518,85000000000,8714709,11434363,deprecated,0xc73a2d60,"disperseToken(address token, address[] recipients, uint256[] values)",14006932
11054593,1602688992,0x5cc5f0db6d00d2567ad236f1885ba84348205f9cc22e62f3fcbfa7896492bf5b,13,0x18aaf3b76e448ff2f6b16fcfe15f24fffd11fc1b3cbf301ac100ce3a4c6da226,0xd152f549545093347a162dce210e7293f1452150,0xaea46a60368a7bd060eec7df8cba43b7ef41ad85,0xbe80f4be02f66b725928d543c4bd883d9c4560a3,199888000000000000000000,Fetch,FET,18,46,9607518,85000000000,8714709,11434363,deprecated,0xc73a2d60,"disperseToken(address token, address[] recipients, uint256[] values)",14006932
11054593,1602688992,0x5cc5f0db6d00d2567ad236f1885ba84348205f9cc22e62f3fcbfa7896492bf5b,13,0x18aaf3b76e448ff2f6b16fcfe15f24fffd11fc1b3cbf301ac100ce3a4c6da226,0xd152f549545093347a162dce210e7293f1452150,0xaea46a60368a7bd060eec7df8cba43b7ef41ad85,0x9f643a408f3a287ca0d019176c288e2c5a8da7c4,199846647682480000000000,Fetch,FET,18,46,9607518,85000000000,8714709,11434363,deprecated,0xc73a2d60,"disperseToken(address token, address[] recipients, uint256[] values)",14006932
11054593,1602688992,0x5cc5f0db6d00d2567ad236f1885ba84348205f9cc22e62f3fcbfa7896492bf5b,13,0x18aaf3b76e448ff2f6b16fcfe15f24fffd11fc1b3cbf301ac100ce3a4c6da226,0xd152f549545093347a162dce210e7293f1452150,0xaea46a60368a7bd060eec7df8cba43b7ef41ad85,0xf4a1e3a1f332eff134f5e8f9384d66878ce56a9d,195883690000000000000000,Fetch,FET,18,46,9607518,85000000000,8714709,11434363,deprecated,0xc73a2d60,"disperseToken(address token, address[] recipients, uint256[] values)",14006932
11054593,1602688992,0x5cc5f0db6d00d2567ad236f1885ba84348205f9cc22e62f3fcbfa7896492bf5b,13,0x18aaf3b76e448ff2f6b16fcfe15f24fffd11fc1b3cbf301ac100ce3a4c6da226,0xd152f549545093347a162dce210e7293f1452150,0xaea46a60368a7bd060eec7df8cba43b7ef41ad85,0xf0f6aca8e7b609cd6f15930c6809014508e754c3,192841350887910020000000,Fetch,FET,18,46,9607518,85000000000,8714709,11434363,deprecated,0xc73a2d60,"disperseToken(address token, address[] recipients, uint256[] values)",14006932
11054593,1602688992,0x5cc5f0db6d00d2567ad236f1885ba84348205f9cc22e62f3fcbfa7896492bf5b,13,0x18aaf3b76e448ff2f6b16fcfe15f24fffd11fc1b3cbf301ac100ce3a4c6da226,0xd152f549545093347a162dce210e7293f1452150,0xaea46a60368a7bd060eec7df8cba43b7ef41ad85,0xaec2661a09abf64a69d4ab0ffbad5880d7a20f43,190626399419640000000000,Fetch,FET,18,46,9607518,85000000000,8714709,11434363,deprecated,0xc73a2d60,"disperseToken(address token, address[] recipients, uint256[] values)",14006932
11054593,1602688992,0x5cc5f0db6d00d2567ad236f1885ba84348205f9cc22e62f3fcbfa7896492bf5b,13,0x18aaf3b76e448ff2f6b16fcfe15f24fffd11fc1b3cbf301ac100ce3a4c6da226,0xd152f549545093347a162dce210e7293f1452150,0xaea46a60368a7bd060eec7df8cba43b7ef41ad85,0x4a3bb151ac39a46349fd99f4c473a15a6a567d38,190305820282570000000000,Fetch,FET,18,46,9607518,85000000000,8714709,11434363,deprecated,0xc73a2d60,"disperseToken(address token, address[] recipients, uint256[] values)",14006932
11054593,1602688992,0x5cc5f0db6d00d2567ad236f1885ba84348205f9cc22e62f3fcbfa7896492bf5b,13,0x18aaf3b76e448ff2f6b16fcfe15f24fffd11fc1b3cbf301ac100ce3a4c6da226,0xd152f549545093347a162dce210e7293f1452150,0xaea46a60368a7bd060eec7df8cba43b7ef41ad85,0x8dfb8d53f843c2b7ac6cde9c2dae6d7cfa771627,190005254941170000000000,Fetch,FET,18,46,9607518,85000000000,8714709,11434363,deprecated,0xc73a2d60,"disperseToken(address token, address[] recipients, uint256[] values)",14006932
11054593,1602688992,0x5cc5f0db6d00d2567ad236f1885ba84348205f9cc22e62f3fcbfa7896492bf5b,13,0x18aaf3b76e448ff2f6b16fcfe15f24fffd11fc1b3cbf301ac100ce3a4c6da226,0xd152f549545093347a162dce210e7293f1452150,0xaea46a60368a7bd060eec7df8cba43b7ef41ad85,0xa765d51d77f55b5139e4ce933895faecbf46d4ea,188921570342930000000000,Fetch,FET,18,46,9607518,85000000000,8714709,11434363,deprecated,0xc73a2d60,"disperseToken(address token, address[] recipients, uint256[] values)",14006932
11054593,1602688992,0x5cc5f0db6d00d2567ad236f1885ba84348205f9cc22e62f3fcbfa7896492bf5b,13,0x18aaf3b76e448ff2f6b16fcfe15f24fffd11fc1b3cbf301ac100ce3a4c6da226,0xd152f549545093347a162dce210e7293f1452150,0xaea46a60368a7bd060eec7df8cba43b7ef41ad85,0x8d48c3251818e135a0da0ef868a441a196c97596,188000000000000000000000,Fetch,FET,18,46,9607518,85000000000,8714709,11434363,deprecated,0xc73a2d60,"disperseToken(address token, address[] recipients, uint256[] values)",14006932
11054593,1602688992,0x5cc5f0db6d00d2567ad236f1885ba84348205f9cc22e62f3fcbfa7896492bf5b,13,0x18aaf3b76e448ff2f6b16fcfe15f24fffd11fc1b3cbf301ac100ce3a4c6da226,0xd152f549545093347a162dce210e7293f1452150,0xaea46a60368a7bd060eec7df8cba43b7ef41ad85,0xc2bb96eb059b2018352137aa40c4f277c38e1b33,184381050000000000000003,Fetch,FET,18,46,9607518,85000000000,8714709,11434363,deprecated,0xc73a2d60,"disperseToken(address token, address[] recipients, uint256[] values)",14006932
11054593,1602688992,0x5cc5f0db6d00d2567ad236f1885ba84348205f9cc22e62f3fcbfa7896492bf5b,13,0x18aaf3b76e448ff2f6b16fcfe15f24fffd11fc1b3cbf301ac100ce3a4c6da226,0xd152f549545093347a162dce210e7293f1452150,0xaea46a60368a7bd060eec7df8cba43b7ef41ad85,0xfa9c5b0ab2bb52e288a03cb3dabe46116854f2b7,181137758500000000000000,Fetch,FET,18,46,9607518,85000000000,8714709,11434363,deprecated,0xc73a2d60,"disperseToken(address token, address[] recipients, uint256[] values)",14006932
11054593,1602688992,0x5cc5f0db6d00d2567ad236f1885ba84348205f9cc22e62f3fcbfa7896492bf5b,13,0x18aaf3b76e448ff2f6b16fcfe15f24fffd11fc1b3cbf301ac100ce3a4c6da226,0xd152f549545093347a162dce210e7293f1452150,0xaea46a60368a7bd060eec7df8cba43b7ef41ad85,0x97a9a7d909bb4274e84a4abfe84e2098524c0221,178136907908680000000000,Fetch,FET,18,46,9607518,85000000000,8714709,11434363,deprecated,0xc73a2d60,"disperseToken(address token, address[] recipients, uint256[] values)",14006932
11054593,1602688992,0x5cc5f0db6d00d2567ad236f1885ba84348205f9cc22e62f3fcbfa7896492bf5b,13,0x18aaf3b76e448ff2f6b16fcfe15f24fffd11fc1b3cbf301ac100ce3a4c6da226,0xd152f549545093347a162dce210e7293f1452150,0xaea46a60368a7bd060eec7df8cba43b7ef41ad85,0x01943d2e848a7a8b60dbaec8dfc6c82702b4b96f,177242593900000000000000,Fetch,FET,18,46,9607518,85000000000,8714709,11434363,deprecated,0xc73a2d60,"disperseToken(address token, address[] recipients, uint256[] values)",14006932
11054593,1602688992,0x5cc5f0db6d00d2567ad236f1885ba84348205f9cc22e62f3fcbfa7896492bf5b,13,0x18aaf3b76e448ff2f6b16fcfe15f24fffd11fc1b3cbf301ac100ce3a4c6da226,0xd152f549545093347a162dce210e7293f1452150,0xaea46a60368a7bd060eec7df8cba43b7ef41ad85,0xdee3ac81081ec6318f689df4a35258d046ddd329,176486994300000000000000,Fetch,FET,18,46,9607518,85000000000,8714709,11434363,deprecated,0xc73a2d60,"disperseToken(address token, address[] recipients, uint256[] values)",14006932
11054593,1602688992,0x5cc5f0db6d00d2567ad236f1885ba84348205f9cc22e62f3fcbfa7896492bf5b,13,0x18aaf3b76e448ff2f6b16fcfe15f24fffd11fc1b3cbf301ac100ce3a4c6da226,0xd152f549545093347a162dce210e7293f1452150,0xaea46a60368a7bd060eec7df8cba43b7ef41ad85,0x35dc319dd9e7f9b6da3f178f3861b814fa787188,175767294438290000000000,Fetch,FET,18,46,9607518,85000000000,8714709,11434363,deprecated,0xc73a2d60,"disperseToken(address token, address[] recipients, uint256[] values)",14006932
11054593,1602688992,0x5cc5f0db6d00d2567ad236f1885ba84348205f9cc22e62f3fcbfa7896492bf5b,13,0x18aaf3b76e448ff2f6b16fcfe15f24fffd11fc1b3cbf301ac100ce3a4c6da226,0xd152f549545093347a162dce210e7293f1452150,0xaea46a60368a7bd060eec7df8cba43b7ef41ad85,0x222ae85d0f9e5db3d34746a740b4b62e45b45378,175637264111110000000000,Fetch,FET,18,46,9607518,85000000000,8714709,11434363,deprecated,0xc73a2d60,"disperseToken(address token, address[] recipients, uint256[] values)",14006932
11054593,1602688992,0x5cc5f0db6d00d2567ad236f1885ba84348205f9cc22e62f3fcbfa7896492bf5b,13,0x18aaf3b76e448ff2f6b16fcfe15f24fffd11fc1b3cbf301ac100ce3a4c6da226,0xd152f549545093347a162dce210e7293f1452150,0xaea46a60368a7bd060eec7df8cba43b7ef41ad85,0x6a3de4cfbb5d9cc59e598f5df4b64a729711cc1e,171311431500000000000000,Fetch,FET,18,46,9607518,85000000000,8714709,11434363,deprecated,0xc73a2d60,"disperseToken(address token, address[] recipients, uint256[] values)",14006932
11054593,1602688992,0x5cc5f0db6d00d2567ad236f1885ba84348205f9cc22e62f3fcbfa7896492bf5b,13,0x18aaf3b76e448ff2f6b16fcfe15f24fffd11fc1b3cbf301ac100ce3a4c6da226,0xd152f549545093347a162dce210e7293f1452150,0xaea46a60368a7bd060eec7df8cba43b7ef41ad85,0x4a218549c3799fac77b38681320d64baf6b40777,169400397000000000000000,Fetch,FET,18,46,9607518,85000000000,8714709,11434363,deprecated,0xc73a2d60,"disperseToken(address token, address[] recipients, uint256[] values)",14006932
11054593,1602688992,0x5cc5f0db6d00d2567ad236f1885ba84348205f9cc22e62f3fcbfa7896492bf5b,13,0x18aaf3b76e448ff2f6b16fcfe15f24fffd11fc1b3cbf301ac100ce3a4c6da226,0xd152f549545093347a162dce210e7293f1452150,0xaea46a60368a7bd060eec7df8cba43b7ef41ad85,0x1ee152ab86979091ce0e989a54b9502f08a741bc,166567637600000000000000,Fetch,FET,18,46,9607518,85000000000,8714709,11434363,deprecated,0xc73a2d60,"disperseToken(address token, address[] recipients, uint256[] values)",14006932
11054593,1602688992,0x5cc5f0db6d00d2567ad236f1885ba84348205f9cc22e62f3fcbfa7896492bf5b,13,0x18aaf3b76e448ff2f6b16fcfe15f24fffd11fc1b3cbf301ac100ce3a4c6da226,0xd152f549545093347a162dce210e7293f1452150,0xaea46a60368a7bd060eec7df8cba43b7ef41ad85,0x296210ad4b139e0a107fe3e8bc3637267cd3c3f5,162456000000000000000003,Fetch,FET,18,46,9607518,85000000000,8714709,11434363,deprecated,0xc73a2d60,"disperseToken(address token, address[] recipients, uint256[] values)",14006932
11054593,1602688992,0x5cc5f0db6d00d2567ad236f1885ba84348205f9cc22e62f3fcbfa7896492bf5b,13,0x18aaf3b76e448ff2f6b16fcfe15f24fffd11fc1b3cbf301ac100ce3a4c6da226,0xd152f549545093347a162dce210e7293f1452150,0xaea46a60368a7bd060eec7df8cba43b7ef41ad85,0xd26500a8dce39f6d3e17cbbee09b0e0d684e8937,159480000000000000000000,Fetch,FET,18,46,9607518,85000000000,8714709,11434363,deprecated,0xc73a2d60,"disperseToken(address token, address[] recipients, uint256[] values)",14006932
11054593,1602688992,0x5cc5f0db6d00d2567ad236f1885ba84348205f9cc22e62f3fcbfa7896492bf5b,13,0x18aaf3b76e448ff2f6b16fcfe15f24fffd11fc1b3cbf301ac100ce3a4c6da226,0xd152f549545093347a162dce210e7293f1452150,0xaea46a60368a7bd060eec7df8cba43b7ef41ad85,0xf31ccfa657abeab1af2516767891d10b54dc4ecc,158245147297690000000000,Fetch,FET,18,46,9607518,85000000000,8714709,11434363,deprecated,0xc73a2d60,"disperseToken(address token, address[] recipients, uint256[] values)",14006932
11054593,1602688992,0x5cc5f0db6d00d2567ad236f1885ba84348205f9cc22e62f3fcbfa7896492bf5b,13,0x18aaf3b76e448ff2f6b16fcfe15f24fffd11fc1b3cbf301ac100ce3a4c6da226,0xd152f549545093347a162dce210e7293f1452150,0xaea46a60368a7bd060eec7df8cba43b7ef41ad85,0xb145189215b62ff3c8907c91541f5d5447b3daf3,158244778300000000000000,Fetch,FET,18,46,9607518,85000000000,8714709,11434363,deprecated,0xc73a2d60,"disperseToken(address token, address[] recipients, uint256[] values)",14006932
11054593,1602688992,0x5cc5f0db6d00d2567ad236f1885ba84348205f9cc22e62f3fcbfa7896492bf5b,13,0x18aaf3b76e448ff2f6b16fcfe15f24fffd11fc1b3cbf301ac100ce3a4c6da226,0xd152f549545093347a162dce210e7293f1452150,0xaea46a60368a7bd060eec7df8cba43b7ef41ad85,0xc165896160920cf5c3553746641f384e4d16d3fa,155906822481650000000000,Fetch,FET,18,46,9607518,85000000000,8714709,11434363,deprecated,0xc73a2d60,"disperseToken(address token, address[] recipients, uint256[] values)",14006932
11054593,1602688992,0x5cc5f0db6d00d2567ad236f1885ba84348205f9cc22e62f3fcbfa7896492bf5b,13,0x18aaf3b76e448ff2f6b16fcfe15f24fffd11fc1b3cbf301ac100ce3a4c6da226,0xd152f549545093347a162dce210e7293f1452150,0xaea46a60368a7bd060eec7df8cba43b7ef41ad85,0x4cca1b1184b6ee68a58d91c05f393d3185eb45b6,154614388800000000000000,Fetch,FET,18,46,9607518,85000000000,8714709,11434363,deprecated,0xc73a2d60,"disperseToken(address token, address[] recipients, uint256[] values)",14006932
11054593,1602688992,0x5cc5f0db6d00d2567ad236f1885ba84348205f9cc22e62f3fcbfa7896492bf5b,13,0x18aaf3b76e448ff2f6b16fcfe15f24fffd11fc1b3cbf301ac100ce3a4c6da226,0xd152f549545093347a162dce210e7293f1452150,0xaea46a60368a7bd060eec7df8cba43b7ef41ad85,0x27df796771b95f217be32a287f3932a9333a4ce2,153783000000000000000000,Fetch,FET,18,46,9607518,85000000000,8714709,11434363,deprecated,0xc73a2d60,"disperseToken(address token, address[] recipients, uint256[] values)",14006932
11054593,1602688992,0x5cc5f0db6d00d2567ad236f1885ba84348205f9cc22e62f3fcbfa7896492bf5b,13,0x18aaf3b76e448ff2f6b16fcfe15f24fffd11fc1b3cbf301ac100ce3a4c6da226,0xd152f549545093347a162dce210e7293f1452150,0xaea46a60368a7bd060eec7df8cba43b7ef41ad85,0xc787e5c727cbc9cce4888eb1c92d5f8f8966b824,152998348987450000000000,Fetch,FET,18,46,9607518,85000000000,8714709,11434363,deprecated,0xc73a2d60,"disperseToken(address token, address[] recipients, uint256[] values)",14006932
11054593,1602688992,0x5cc5f0db6d00d2567ad236f1885ba84348205f9cc22e62f3fcbfa7896492bf5b,13,0x18aaf3b76e448ff2f6b16fcfe15f24fffd11fc1b3cbf301ac100ce3a4c6da226,0xd152f549545093347a162dce210e7293f1452150,0xaea46a60368a7bd060eec7df8cba43b7ef41ad85,0x413ef9af66c78cb93bb602775e83dc2018d42906,152647970536050000000000,Fetch,FET,18,46,9607518,85000000000,8714709,11434363,deprecated,0xc73a2d60,"disperseToken(address token, address[] recipients, uint256[] values)",14006932
11054593,1602688992,0x5cc5f0db6d00d2567ad236f1885ba84348205f9cc22e62f3fcbfa7896492bf5b,13,0x18aaf3b76e448ff2f6b16fcfe15f24fffd11fc1b3cbf301ac100ce3a4c6da226,0xd152f549545093347a162dce210e7293f1452150,0xaea46a60368a7bd060eec7df8cba43b7ef41ad85,0x8b5ebd889c850cf6b42b16ce3ac9db14277d09ff,151922061410000000000000,Fetch,FET,18,46,9607518,85000000000,8714709,11434363,deprecated,0xc73a2d60,"disperseToken(address token, address[] recipients, uint256[] values)",14006932
11054593,1602688992,0x5cc5f0db6d00d2567ad236f1885ba84348205f9cc22e62f3fcbfa7896492bf5b,13,0x18aaf3b76e448ff2f6b16fcfe15f24fffd11fc1b3cbf301ac100ce3a4c6da226,0xd152f549545093347a162dce210e7293f1452150,0xaea46a60368a7bd060eec7df8cba43b7ef41ad85,0xbb57c81620ae04cfeb067a8f2e0c365635990741,151818000000000000000000,Fetch,FET,18,46,9607518,85000000000,8714709,11434363,deprecated,0xc73a2d60,"disperseToken(address token, address[] recipients, uint256[] values)",14006932
11054593,1602688992,0x5cc5f0db6d00d2567ad236f1885ba84348205f9cc22e62f3fcbfa7896492bf5b,13,0x18aaf3b76e448ff2f6b16fcfe15f24fffd11fc1b3cbf301ac100ce3a4c6da226,0xd152f549545093347a162dce210e7293f1452150,0xaea46a60368a7bd060eec7df8cba43b7ef41ad85,0xdd47c28a6d3ab771f7e9e3c0cb7cc24422178044,151516700000000000000000,Fetch,FET,18,46,9607518,85000000000,8714709,11434363,deprecated,0xc73a2d60,"disperseToken(address token, address[] recipients, uint256[] values)",14006932
11054593,1602688992,0x5cc5f0db6d00d2567ad236f1885ba84348205f9cc22e62f3fcbfa7896492bf5b,13,0x18aaf3b76e448ff2f6b16fcfe15f24fffd11fc1b3cbf301ac100ce3a4c6da226,0xd152f549545093347a162dce210e7293f1452150,0xaea46a60368a7bd060eec7df8cba43b7ef41ad85,0x2b996249c82fdb361c63d42cb087029638ee7590,151407830313841920296166,Fetch,FET,18,46,9607518,85000000000,8714709,11434363,deprecated,0xc73a2d60,"disperseToken(address token, address[] recipients, uint256[] values)",14006932
11054593,1602688992,0x5cc5f0db6d00d2567ad236f1885ba84348205f9cc22e62f3fcbfa7896492bf5b,13,0x18aaf3b76e448ff2f6b16fcfe15f24fffd11fc1b3cbf301ac100ce3a4c6da226,0xd152f549545093347a162dce210e7293f1452150,0xaea46a60368a7bd060eec7df8cba43b7ef41ad85,0xa12431d0b9db640034b0cdfceef9cce161e62be4,151108896352979468299430,Fetch,FET,18,46,9607518,85000000000,8714709,11434363,deprecated,0xc73a2d60,"disperseToken(address token, address[] recipients, uint256[] values)",14006932
11054593,1602688992,0x5cc5f0db6d00d2567ad236f1885ba84348205f9cc22e62f3fcbfa7896492bf5b,13,0x18aaf3b76e448ff2f6b16fcfe15f24fffd11fc1b3cbf301ac100ce3a4c6da226,0xd152f549545093347a162dce210e7293f1452150,0xaea46a60368a7bd060eec7df8cba43b7ef41ad85,0xebecf424f1dc91a826b128e33b81e22fd84198bd,150071000000000000000000,Fetch,FET,18,46,9607518,85000000000,8714709,11434363,deprecated,0xc73a2d60,"disperseToken(address token, address[] recipients, uint256[] values)",14006932
11054593,1602688992,0x5cc5f0db6d00d2567ad236f1885ba84348205f9cc22e62f3fcbfa7896492bf5b,13,0x18aaf3b76e448ff2f6b16fcfe15f24fffd11fc1b3cbf301ac100ce3a4c6da226,0xd152f549545093347a162dce210e7293f1452150,0xaea46a60368a7bd060eec7df8cba43b7ef41ad85,0xbd8d3793c85dabdb995a1dd60723a8d634c54da5,150000000000000000000000,Fetch,FET,18,46,9607518,85000000000,8714709,11434363,deprecated,0xc73a2d60,"disperseToken(address token, address[] recipients, uint256[] values)",14006932
11054593,1602688992,0x5cc5f0db6d00d2567ad236f1885ba84348205f9cc22e62f3fcbfa7896492bf5b,13,0x18aaf3b76e448ff2f6b16fcfe15f24fffd11fc1b3cbf301ac100ce3a4c6da226,0xd152f549545093347a162dce210e7293f1452150,0xaea46a60368a7bd060eec7df8cba43b7ef41ad85,0xf95069be411c1901e1d61339b981ead99e9ac6d5,149938027026900000000000,Fetch,FET,18,46,9607518,85000000000,8714709,11434363,deprecated,0xc73a2d60,"disperseToken(address token, address[] recipients, uint256[] values)",14006932
11054593,1602688992,0x5cc5f0db6d00d2567ad236f1885ba84348205f9cc22e62f3fcbfa7896492bf5b,13,0x18aaf3b76e448ff2f6b16fcfe15f24fffd11fc1b3cbf301ac100ce3a4c6da226,0xd152f549545093347a162dce210e7293f1452150,0xaea46a60368a7bd060eec7df8cba43b7ef41ad85,0xef6ee1ece8664605493e69de51f490c096beeaa7,149615246441000000000000,Fetch,FET,18,46,9607518,85000000000,8714709,11434363,deprecated,0xc73a2d60,"disperseToken(address token, address[] recipients, uint256[] values)",14006932
11054593,1602688992,0x5cc5f0db6d00d2567ad236f1885ba84348205f9cc22e62f3fcbfa7896492bf5b,13,0x18aaf3b76e448ff2f6b16fcfe15f24fffd11fc1b3cbf301ac100ce3a4c6da226,0xd152f549545093347a162dce210e7293f1452150,0xaea46a60368a7bd060eec7df8cba43b7ef41ad85,0x5c9e5ebacf35a98233a2dcbb35ca10022e24808c,149598220000000000000003,Fetch,FET,18,46,9607518,85000000000,8714709,11434363,deprecated,0xc73a2d60,"disperseToken(address token, address[] recipients, uint256[] values)",14006932
11054593,1602688992,0x5cc5f0db6d00d2567ad236f1885ba84348205f9cc22e62f3fcbfa7896492bf5b,13,0x18aaf3b76e448ff2f6b16fcfe15f24fffd11fc1b3cbf301ac100ce3a4c6da226,0xd152f549545093347a162dce210e7293f1452150,0xaea46a60368a7bd060eec7df8cba43b7ef41ad85,0x7972e8969645f006a671f5498572792779b44de3,149465515070612894934893,Fetch,FET,18,46,9607518,85000000000,8714709,11434363,deprecated,0xc73a2d60,"disperseToken(address token, address[] recipients, uint256[] values)",14006932
11054593,1602688992,0x5cc5f0db6d00d2567ad236f1885ba84348205f9cc22e62f3fcbfa7896492bf5b,13,0x18aaf3b76e448ff2f6b16fcfe15f24fffd11fc1b3cbf301ac100ce3a4c6da226,0xd152f549545093347a162dce210e7293f1452150,0xaea46a60368a7bd060eec7df8cba43b7ef41ad85,0x992ac607743f3dd0c4a6374a00165ca11bb8cf83,149063000000000000000000,Fetch,FET,18,46,9607518,85000000000,8714709,11434363,deprecated,0xc73a2d60,"disperseToken(address token, address[] recipients, uint256[] values)",14006932
11054593,1602688992,0x5cc5f0db6d00d2567ad236f1885ba84348205f9cc22e62f3fcbfa7896492bf5b,13,0x18aaf3b76e448ff2f6b16fcfe15f24fffd11fc1b3cbf301ac100ce3a4c6da226,0xd152f549545093347a162dce210e7293f1452150,0xaea46a60368a7bd060eec7df8cba43b7ef41ad85,0x467d89d59b50abedc87b30f1f01a9004ea392f54,148696268022300000000000,Fetch,FET,18,46,9607518,85000000000,8714709,11434363,deprecated,0xc73a2d60,"disperseToken(address token, address[] recipients, uint256[] values)",14006932
11054593,1602688992,0x5cc5f0db6d00d2567ad236f1885ba84348205f9cc22e62f3fcbfa7896492bf5b,13,0x18aaf3b76e448ff2f6b16fcfe15f24fffd11fc1b3cbf301ac100ce3a4c6da226,0xd152f549545093347a162dce210e7293f1452150,0xaea46a60368a7bd060eec7df8cba43b7ef41ad85,0x3c49e87594a13be1b5bff736a0cc932849cd8871,147657261573510000000000,Fetch,FET,18,46,9607518,85000000000,8714709,11434363,deprecated,0xc73a2d60,"disperseToken(address token, address[] recipients, uint256[] values)",14006932
11054593,1602688992,0x5cc5f0db6d00d2567ad236f1885ba84348205f9cc22e62f3fcbfa7896492bf5b,13,0x18aaf3b76e448ff2f6b16fcfe15f24fffd11fc1b3cbf301ac100ce3a4c6da226,0xd152f549545093347a162dce210e7293f1452150,0xaea46a60368a7bd060eec7df8cba43b7ef41ad85,0x31b07f7f51b833ff97136fc4285ac69fe442204a,146827000000000000000000,Fetch,FET,18,46,9607518,85000000000,8714709,11434363,deprecated,0xc73a2d60,"disperseToken(address token, address[] recipients, uint256[] values)",14006932
11054593,1602688992,0x5cc5f0db6d00d2567ad236f1885ba84348205f9cc22e62f3fcbfa7896492bf5b,13,0x18aaf3b76e448ff2f6b16fcfe15f24fffd11fc1b3cbf301ac100ce3a4c6da226,0xd152f549545093347a162dce210e7293f1452150,0xaea46a60368a7bd060eec7df8cba43b7ef41ad85,0x8d2583c3d2ba9133b8956c11dc0fd633f3e44048,145428650000000000000000,Fetch,FET,18,46,9607518,85000000000,8714709,11434363,deprecated,0xc73a2d60,"disperseToken(address token, address[] recipients, uint256[] values)",14006932
11054593,1602688992,0x5cc5f0db6d00d2567ad236f1885ba84348205f9cc22e62f3fcbfa7896492bf5b,13,0x18aaf3b76e448ff2f6b16fcfe15f24fffd11fc1b3cbf301ac100ce3a4c6da226,0xd152f549545093347a162dce210e7293f1452150,0xaea46a60368a7bd060eec7df8cba43b7ef41ad85,0x94c1d51c03f75c7ca39e5afd507093d634c3e43d,144656620000000000000003,Fetch,FET,18,46,9607518,85000000000,8714709,11434363,deprecated,0xc73a2d60,"disperseToken(address token, address[] recipients, uint256[] values)",14006932
11054593,1602688992,0x5cc5f0db6d00d2567ad236f1885ba84348205f9cc22e62f3fcbfa7896492bf5b,13,0x18aaf3b76e448ff2f6b16fcfe15f24fffd11fc1b3cbf301ac100ce3a4c6da226,0xd152f549545093347a162dce210e7293f1452150,0xaea46a60368a7bd060eec7df8cba43b7ef41ad85,0xa68691609954d6bc3c86b5ce2c08ff43c9627b9d,142533825043510000000000,Fetch,FET,18,46,9607518,85000000000,8714709,11434363,deprecated,0xc73a2d60,"disperseToken(address token, address[] recipients, uint256[] values)",14006932
11054593,1602688992,0x5cc5f0db6d00d2567ad236f1885ba84348205f9cc22e62f3fcbfa7896492bf5b,13,0x18aaf3b76e448ff2f6b16fcfe15f24fffd11fc1b3cbf301ac100ce3a4c6da226,0xd152f549545093347a162dce210e7293f1452150,0xaea46a60368a7bd060eec7df8cba43b7ef41ad85,0x2dd32a8a16e9f0d113a9b835f4bf0c3ab103ef6c,142458937124960000000000,Fetch,FET,18,46,9607518,85000000000,8714709,11434363,deprecated,0xc73a2d60,"disperseToken(address token, address[] recipients, uint256[] values)",14006932
11054593,1602688992,0x5cc5f0db6d00d2567ad236f1885ba84348205f9cc22e62f3fcbfa7896492bf5b,13,0x18aaf3b76e448ff2f6b16fcfe15f24fffd11fc1b3cbf301ac100ce3a4c6da226,0xd152f549545093347a162dce210e7293f1452150,0xaea46a60368a7bd060eec7df8cba43b7ef41ad85,0xddbc1841be23b2ab55501deb4d6bc39e3f8aa2d7,140337773087420000000000,Fetch,FET,18,46,9607518,85000000000,8714709,11434363,deprecated,0xc73a2d60,"disperseToken(address token, address[] recipients, uint256[] values)",14006932
11054593,1602688992,0x5cc5f0db6d00d2567ad236f1885ba84348205f9cc22e62f3fcbfa7896492bf5b,13,0x18aaf3b76e448ff2f6b16fcfe15f24fffd11fc1b3cbf301ac100ce3a4c6da226,0xd152f549545093347a162dce210e7293f1452150,0xaea46a60368a7bd060eec7df8cba43b7ef41ad85,0xc7b4478cd18b945026e1608d2f7863918e1a8e57,139837177039340000000000,Fetch,FET,18,46,9607518,85000000000,8714709,11434363,deprecated,0xc73a2d60,"disperseToken(address token, address[] recipients, uint256[] values)",14006932
11054593,1602688992,0x5cc5f0db6d00d2567ad236f1885ba84348205f9cc22e62f3fcbfa7896492bf5b,13,0x18aaf3b76e448ff2f6b16fcfe15f24fffd11fc1b3cbf301ac100ce3a4c6da226,0xd152f549545093347a162dce210e7293f1452150,0xaea46a60368a7bd060eec7df8cba43b7ef41ad85,0x7773abc176a27bc59c343384357d7e4acbd3773a,139445000000000000000000,Fetch,FET,18,46,9607518,85000000000,8714709,11434363,deprecated,0xc73a2d60,"disperseToken(address token, address[] recipients, uint256[] values)",14006932
11054593,1602688992,0x5cc5f0db6d00d2567ad236f1885ba84348205f9cc22e62f3fcbfa7896492bf5b,13,0x18aaf3b76e448ff2f6b16fcfe15f24fffd11fc1b3cbf301ac100ce3a4c6da226,0xd152f549545093347a162dce210e7293f1452150,0xaea46a60368a7bd060eec7df8cba43b7ef41ad85,0x00fa08456a8a2cd6595065f02ae178c7b155624c,138455115809250000000000,Fetch,FET,18,46,9607518,85000000000,8714709,11434363,deprecated,0xc73a2d60,"disperseToken(address token, address[] recipients, uint256[] values)",14006932
11054593,1602688992,0x5cc5f0db6d00d2567ad236f1885ba84348205f9cc22e62f3fcbfa7896492bf5b,13,0x18aaf3b76e448ff2f6b16fcfe15f24fffd11fc1b3cbf301ac100ce3a4c6da226,0xd152f549545093347a162dce210e7293f1452150,0xaea46a60368a7bd060eec7df8cba43b7ef41ad85,0x6cf807bb1dee8e2d4c55e8cf6c875544edb2fcfe,137082924000000000000003,Fetch,FET,18,46,9607518,85000000000,8714709,11434363,deprecated,0xc73a2d60,"disperseToken(address token, address[] recipients, uint256[] values)",14006932
11054593,1602688992,0x5cc5f0db6d00d2567ad236f1885ba84348205f9cc22e62f3fcbfa7896492bf5b,13,0x18aaf3b76e448ff2f6b16fcfe15f24fffd11fc1b3cbf301ac100ce3a4c6da226,0xd152f549545093347a162dce210e7293f1452150,0xaea46a60368a7bd060eec7df8cba43b7ef41ad85,0x7926e500f762991d1513956fb8e6d445aa6fbde8,136781000000000000000000,Fetch,FET,18,46,9607518,85000000000,8714709,11434363,deprecated,0xc73a2d60,"disperseToken(address token, address[] recipients, uint256[] values)",14006932
11054593,1602688992,0x5cc5f0db6d00d2567ad236f1885ba84348205f9cc22e62f3fcbfa7896492bf5b,13,0x18aaf3b76e448ff2f6b16fcfe15f24fffd11fc1b3cbf301ac100ce3a4c6da226,0xd152f549545093347a162dce210e7293f1452150,0xaea46a60368a7bd060eec7df8cba43b7ef41ad85,0x27d114f2610238184867e5eeff5a91f049db7b9f,136601790154810000000000,Fetch,FET,18,46,9607518,85000000000,8714709,11434363,deprecated,0xc73a2d60,"disperseToken(address token, address[] recipients, uint256[] values)",14006932
11054593,1602688992,0x5cc5f0db6d00d2567ad236f1885ba84348205f9cc22e62f3fcbfa7896492bf5b,13,0x18aaf3b76e448ff2f6b16fcfe15f24fffd11fc1b3cbf301ac100ce3a4c6da226,0xd152f549545093347a162dce210e7293f1452150,0xaea46a60368a7bd060eec7df8cba43b7ef41ad85,0xf3b62157fb18dcd17fb6cba515bc45294ab0f7d7,136589140000000000000000,Fetch,FET,18,46,9607518,85000000000,8714709,11434363,deprecated,0xc73a2d60,"disperseToken(address token, address[] recipients, uint256[] values)",14006932
11054593,1602688992,0x5cc5f0db6d00d2567ad236f1885ba84348205f9cc22e62f3fcbfa7896492bf5b,13,0x18aaf3b76e448ff2f6b16fcfe15f24fffd11fc1b3cbf301ac100ce3a4c6da226,0xd152f549545093347a162dce210e7293f1452150,0xaea46a60368a7bd060eec7df8cba43b7ef41ad85,0x5249eed1c23cb39d497cd9d863be84674ab89646,135000000000000000000000,Fetch,FET,18,46,9607518,85000000000,8714709,11434363,deprecated,0xc73a2d60,"disperseToken(address token, address[] recipients, uint256[] values)",14006932
11054593,1602688992,0x5cc5f0db6d00d2567ad236f1885ba84348205f9cc22e62f3fcbfa7896492bf5b,13,0x18aaf3b76e448ff2f6b16fcfe15f24fffd11fc1b3cbf301ac100ce3a4c6da226,0xd152f549545093347a162dce210e7293f1452150,0xaea46a60368a7bd060eec7df8cba43b7ef41ad85,0xa2d298e56123bbab030b2c1f38f9dac696a214f8,132789330000000000000000,Fetch,FET,18,46,9607518,85000000000,8714709,11434363,deprecated,0xc73a2d60,"disperseToken(address token, address[] recipients, uint256[] values)",14006932
11054593,1602688992,0x5cc5f0db6d00d2567ad236f1885ba84348205f9cc22e62f3fcbfa7896492bf5b,13,0x18aaf3b76e448ff2f6b16fcfe15f24fffd11fc1b3cbf301ac100ce3a4c6da226,0xd152f549545093347a162dce210e7293f1452150,0xaea46a60368a7bd060eec7df8cba43b7ef41ad85,0xa16e49911be8884662933385e48b0c7171647e46,131250581975860000000000,Fetch,FET,18,46,9607518,85000000000,8714709,11434363,deprecated,0xc73a2d60,"disperseToken(address token, address[] recipients, uint256[] values)",14006932
11054593,1602688992,0x5cc5f0db6d00d2567ad236f1885ba84348205f9cc22e62f3fcbfa7896492bf5b,13,0x18aaf3b76e448ff2f6b16fcfe15f24fffd11fc1b3cbf301ac100ce3a4c6da226,0xd152f549545093347a162dce210e7293f1452150,0xaea46a60368a7bd060eec7df8cba43b7ef41ad85,0x6a55a21985cee90e6d36f55fd33c3fd538447642,131215448300000000000000,Fetch,FET,18,46,9607518,85000000000,8714709,11434363,deprecated,0xc73a2d60,"disperseToken(address token, address[] recipients, uint256[] values)",14006932
11054593,1602688992,0x5cc5f0db6d00d2567ad236f1885ba84348205f9cc22e62f3fcbfa7896492bf5b,13,0x18aaf3b76e448ff2f6b16fcfe15f24fffd11fc1b3cbf301ac100ce3a4c6da226,0xd152f549545093347a162dce210e7293f1452150,0xaea46a60368a7bd060eec7df8cba43b7ef41ad85,0x184f76edd4074922e931fe0341bd5a70e609bd80,131130000000000000000000,Fetch,FET,18,46,9607518,85000000000,8714709,11434363,deprecated,0xc73a2d60,"disperseToken(address token, address[] recipients, uint256[] values)",14006932
11054593,1602688992,0x5cc5f0db6d00d2567ad236f1885ba84348205f9cc22e62f3fcbfa7896492bf5b,13,0x18aaf3b76e448ff2f6b16fcfe15f24fffd11fc1b3cbf301ac100ce3a4c6da226,0xd152f549545093347a162dce210e7293f1452150,0xaea46a60368a7bd060eec7df8cba43b7ef41ad85,0xfa0df50f64707104545473ef8e721b7159c3423d,130949489877100000000000,Fetch,FET,18,46,9607518,85000000000,8714709,11434363,deprecated,0xc73a2d60,"disperseToken(address token, address[] recipients, uint256[] values)",14006932
11054593,1602688992,0x5cc5f0db6d00d2567ad236f1885ba84348205f9cc22e62f3fcbfa7896492bf5b,13,0x18aaf3b76e448ff2f6b16fcfe15f24fffd11fc1b3cbf301ac100ce3a4c6da226,0xd152f549545093347a162dce210e7293f1452150,0xaea46a60368a7bd060eec7df8cba43b7ef41ad85,0x2c230931df835c3650478aa9d3eae53ce14f1cbd,129980000000000000000000,Fetch,FET,18,46,9607518,85000000000,8714709,11434363,deprecated,0xc73a2d60,"disperseToken(address token, address[] recipients, uint256[] values)",14006932
11054593,1602688992,0x5cc5f0db6d00d2567ad236f1885ba84348205f9cc22e62f3fcbfa7896492bf5b,13,0x18aaf3b76e448ff2f6b16fcfe15f24fffd11fc1b3cbf301ac100ce3a4c6da226,0xd152f549545093347a162dce210e7293f1452150,0xaea46a60368a7bd060eec7df8cba43b7ef41ad85,0x318867a53e1c08cdb9e52bc7b53d841604c4c7bc,128810525850871029549408,Fetch,FET,18,46,9607518,85000000000,8714709,11434363,deprecated,0xc73a2d60,"disperseToken(address token, address[] recipients, uint256[] values)",14006932
11054593,1602688992,0x5cc5f0db6d00d2567ad236f1885ba84348205f9cc22e62f3fcbfa7896492bf5b,13,0x18aaf3b76e448ff2f6b16fcfe15f24fffd11fc1b3cbf301ac100ce3a4c6da226,0xd152f549545093347a162dce210e7293f1452150,0xaea46a60368a7bd060eec7df8cba43b7ef41ad85,0x3b368e20628dfc8184a210245dd5b0b2dd814996,127539000000000000000000,Fetch,FET,18,46,9607518,85000000000,8714709,11434363,deprecated,0xc73a2d60,"disperseToken(address token, address[] recipients, uint256[] values)",14006932
11054593,1602688992,0x5cc5f0db6d00d2567ad236f1885ba84348205f9cc22e62f3fcbfa7896492bf5b,13,0x18aaf3b76e448ff2f6b16fcfe15f24fffd11fc1b3cbf301ac100ce3a4c6da226,0xd152f549545093347a162dce210e7293f1452150,0xaea46a60368a7bd060eec7df8cba43b7ef41ad85,0x23df87ead1b7219f59a8f9172e5537ce7fdc0d84,126705007305520000000000,Fetch,FET,18,46,9607518,85000000000,8714709,11434363,deprecated,0xc73a2d60,"disperseToken(address token, address[] recipients, uint256[] values)",14006932
11054593,1602688992,0x5cc5f0db6d00d2567ad236f1885ba84348205f9cc22e62f3fcbfa7896492bf5b,13,0x18aaf3b76e448ff2f6b16fcfe15f24fffd11fc1b3cbf301ac100ce3a4c6da226,0xd152f549545093347a162dce210e7293f1452150,0xaea46a60368a7bd060eec7df8cba43b7ef41ad85,0x26252157b7a06f3d9b8fb9892f7c2f016f00b07b,125806742800000000000000,Fetch,FET,18,46,9607518,85000000000,8714709,11434363,deprecated,0xc73a2d60,"disperseToken(address token, address[] recipients, uint256[] values)",14006932
11054593,1602688992,0x5cc5f0db6d00d2567ad236f1885ba84348205f9cc22e62f3fcbfa7896492bf5b,13,0x18aaf3b76e448ff2f6b16fcfe15f24fffd11fc1b3cbf301ac100ce3a4c6da226,0xd152f549545093347a162dce210e7293f1452150,0xaea46a60368a7bd060eec7df8cba43b7ef41ad85,0xbc3914cf5901cef180a1cdde5d9f87afee3772cb,125776000000000000000000,Fetch,FET,18,46,9607518,85000000000,8714709,11434363,deprecated,0xc73a2d60,"disperseToken(address token, address[] recipients, uint256[] values)",14006932
11054593,1602688992,0x5cc5f0db6d00d2567ad236f1885ba84348205f9cc22e62f3fcbfa7896492bf5b,13,0x18aaf3b76e448ff2f6b16fcfe15f24fffd11fc1b3cbf301ac100ce3a4c6da226,0xd152f549545093347a162dce210e7293f1452150,0xaea46a60368a7bd060eec7df8cba43b7ef41ad85,0xcf0555f574c0d6d0b05bb47204fe17d162bf8ebe,125452750177800000000000,Fetch,FET,18,46,9607518,85000000000,8714709,11434363,deprecated,0xc73a2d60,"disperseToken(address token, address[] recipients, uint256[] values)",14006932
11054593,1602688992,0x5cc5f0db6d00d2567ad236f1885ba84348205f9cc22e62f3fcbfa7896492bf5b,13,0x18aaf3b76e448ff2f6b16fcfe15f24fffd11fc1b3cbf301ac100ce3a4c6da226,0xd152f549545093347a162dce210e7293f1452150,0xaea46a60368a7bd060eec7df8cba43b7ef41ad85,0xf86b319dfc9c0ee45eccc555020b8c99435e235f,125334320200770000000000,Fetch,FET,18,46,9607518,85000000000,8714709,11434363,deprecated,0xc73a2d60,"disperseToken(address token, address[] recipients, uint256[] values)",14006932
11054593,1602688992,0x5cc5f0db6d00d2567ad236f1885ba84348205f9cc22e62f3fcbfa7896492bf5b,13,0x18aaf3b76e448ff2f6b16fcfe15f24fffd11fc1b3cbf301ac100ce3a4c6da226,0xd152f549545093347a162dce210e7293f1452150,0xaea46a60368a7bd060eec7df8cba43b7ef41ad85,0x501487766371e468602623109dbbf6139d5053b7,123581038000000000000000,Fetch,FET,18,46,9607518,85000000000,8714709,11434363,deprecated,0xc73a2d60,"disperseToken(address token, address[] recipients, uint256[] values)",14006932
11054593,1602688992,0x5cc5f0db6d00d2567ad236f1885ba84348205f9cc22e62f3fcbfa7896492bf5b,13,0x18aaf3b76e448ff2f6b16fcfe15f24fffd11fc1b3cbf301ac100ce3a4c6da226,0xd152f549545093347a162dce210e7293f1452150,0xaea46a60368a7bd060eec7df8cba43b7ef41ad85,0xcbe45d7815a1f27299421975dea25dc67a651455,122121433466820000000000,Fetch,FET,18,46,9607518,85000000000,8714709,11434363,deprecated,0xc73a2d60,"disperseToken(address token, address[] recipients, uint256[] values)",14006932
11054593,1602688992,0x5cc5f0db6d00d2567ad236f1885ba84348205f9cc22e62f3fcbfa7896492bf5b,13,0x18aaf3b76e448ff2f6b16fcfe15f24fffd11fc1b3cbf301ac100ce3a4c6da226,0xd152f549545093347a162dce210e7293f1452150,0xaea46a60368a7bd060eec7df8cba43b7ef41ad85,0x6ed611581f047be8188c9eb085df6022265885ec,121524168095583680089337,Fetch,FET,18,46,9607518,85000000000,8714709,11434363,deprecated,0xc73a2d60,"disperseToken(address token, address[] recipients, uint256[] values)",14006932
11054593,1602688992,0x5cc5f0db6d00d2567ad236f1885ba84348205f9cc22e62f3fcbfa7896492bf5b,13,0x18aaf3b76e448ff2f6b16fcfe15f24fffd11fc1b3cbf301ac100ce3a4c6da226,0xd152f549545093347a162dce210e7293f1452150,0xaea46a60368a7bd060eec7df8cba43b7ef41ad85,0x70ee8b8bb4c01bd85d2b35eac8929a9bb69c53d8,121287927074520000000000,Fetch,FET,18,46,9607518,85000000000,8714709,11434363,deprecated,0xc73a2d60,"disperseToken(address token, address[] recipients, uint256[] values)",14006932
11054593,1602688992,0x5cc5f0db6d00d2567ad236f1885ba84348205f9cc22e62f3fcbfa7896492bf5b,13,0x18aaf3b76e448ff2f6b16fcfe15f24fffd11fc1b3cbf301ac100ce3a4c6da226,0xd152f549545093347a162dce210e7293f1452150,0xaea46a60368a7bd060eec7df8cba43b7ef41ad85,0x3797905d33a534a0067deaf04c7eef6138f30c86,120621676000000000000000,Fetch,FET,18,46,9607518,85000000000,8714709,11434363,deprecated,0xc73a2d60,"disperseToken(address token, address[] recipients, uint256[] values)",14006932
11054593,1602688992,0x5cc5f0db6d00d2567ad236f1885ba84348205f9cc22e62f3fcbfa7896492bf5b,13,0x18aaf3b76e448ff2f6b16fcfe15f24fffd11fc1b3cbf301ac100ce3a4c6da226,0xd152f549545093347a162dce210e7293f1452150,0xaea46a60368a7bd060eec7df8cba43b7ef41ad85,0x4b1a99467a284cc690e3237bc69105956816f762,120216747218136873068527,Fetch,FET,18,46,9607518,85000000000,8714709,11434363,deprecated,0xc73a2d60,"disperseToken(address token, address[] recipients, uint256[] values)",14006932
11054593,1602688992,0x5cc5f0db6d00d2567ad236f1885ba84348205f9cc22e62f3fcbfa7896492bf5b,13,0x18aaf3b76e448ff2f6b16fcfe15f24fffd11fc1b3cbf301ac100ce3a4c6da226,0xd152f549545093347a162dce210e7293f1452150,0xaea46a60368a7bd060eec7df8cba43b7ef41ad85,0x0dbe994ad1e8b24320d561c58a2406dc1caac8c7,119956204395890000000000,Fetch,FET,18,46,9607518,85000000000,8714709,11434363,deprecated,0xc73a2d60,"disperseToken(address token, address[] recipients, uint256[] values)",14006932
11054593,1602688992,0x5cc5f0db6d00d2567ad236f1885ba84348205f9cc22e62f3fcbfa7896492bf5b,13,0x18aaf3b76e448ff2f6b16fcfe15f24fffd11fc1b3cbf301ac100ce3a4c6da226,0xd152f549545093347a162dce210e7293f1452150,0xaea46a60368a7bd060eec7df8cba43b7ef41ad85,0x30d49f446afec40bc10a20b25f0b4bb2d14f1afa,119429000000000000000000,Fetch,FET,18,46,9607518,85000000000,8714709,11434363,deprecated,0xc73a2d60,"disperseToken(address token, address[] recipients, uint256[] values)",14006932
11054593,1602688992,0x5cc5f0db6d00d2567ad236f1885ba84348205f9cc22e62f3fcbfa7896492bf5b,13,0x18aaf3b76e448ff2f6b16fcfe15f24fffd11fc1b3cbf301ac100ce3a4c6da226,0xd152f549545093347a162dce210e7293f1452150,0xaea46a60368a7bd060eec7df8cba43b7ef41ad85,0xb2c05cc06f3de252fd515f5f1cc5fa184d8cf728,119346052253340000000000,Fetch,FET,18,46,9607518,85000000000,8714709,11434363,deprecated,0xc73a2d60,"disperseToken(address token, address[] recipients, uint256[] values)",14006932
11054593,1602688992,0x5cc5f0db6d00d2567ad236f1885ba84348205f9cc22e62f3fcbfa7896492bf5b,13,0x18aaf3b76e448ff2f6b16fcfe15f24fffd11fc1b3cbf301ac100ce3a4c6da226,0xd152f549545093347a162dce210e7293f1452150,0xaea46a60368a7bd060eec7df8cba43b7ef41ad85,0x5b0f3a439e6654207d11f0495afbfc630467d51f,117480717610820000000000,Fetch,FET,18,46,9607518,85000000000,8714709,11434363,deprecated,0xc73a2d60,"disperseToken(address token, address[] recipients, uint256[] values)",14006932
11054593,1602688992,0x5cc5f0db6d00d2567ad236f1885ba84348205f9cc22e62f3fcbfa7896492bf5b,13,0x18aaf3b76e448ff2f6b16fcfe15f24fffd11fc1b3cbf301ac100ce3a4c6da226,0xd152f549545093347a162dce210e7293f1452150,0xaea46a60368a7bd060eec7df8cba43b7ef41ad85,0xfe19e35a253283c1726040d446295501d6cfe520,115487355000000000000000,Fetch,FET,18,46,9607518,85000000000,8714709,11434363,deprecated,0xc73a2d60,"disperseToken(address token, address[] recipients, uint256[] values)",14006932
11054593,1602688992,0x5cc5f0db6d00d2567ad236f1885ba84348205f9cc22e62f3fcbfa7896492bf5b,13,0x18aaf3b76e448ff2f6b16fcfe15f24fffd11fc1b3cbf301ac100ce3a4c6da226,0xd152f549545093347a162dce210e7293f1452150,0xaea46a60368a7bd060eec7df8cba43b7ef41ad85,0x6b29887b9d14210243c125250bab14b245667c66,114812034500000000000000,Fetch,FET,18,46,9607518,85000000000,8714709,11434363,deprecated,0xc73a2d60,"disperseToken(address token, address[] recipients, uint256[] values)",14006932
11054593,1602688992,0x5cc5f0db6d00d2567ad236f1885ba84348205f9cc22e62f3fcbfa7896492bf5b,13,0x18aaf3b76e448ff2f6b16fcfe15f24fffd11fc1b3cbf301ac100ce3a4c6da226,0xd152f549545093347a162dce210e7293f1452150,0xaea46a60368a7bd060eec7df8cba43b7ef41ad85,0x3b7b41f27b89f07269a0599f15fba723f21f2442,114478958357310000000000,Fetch,FET,18,46,9607518,85000000000,8714709,11434363,deprecated,0xc73a2d60,"disperseToken(address token, address[] recipients, uint256[] values)",14006932
11054593,1602688992,0x5cc5f0db6d00d2567ad236f1885ba84348205f9cc22e62f3fcbfa7896492bf5b,13,0x18aaf3b76e448ff2f6b16fcfe15f24fffd11fc1b3cbf301ac100ce3a4c6da226,0xd152f549545093347a162dce210e7293f1452150,0xaea46a60368a7bd060eec7df8cba43b7ef41ad85,0x3ac1183d993177f33c5c2bbc7b0322f1e6bb8dd3,113579516700000000000000,Fetch,FET,18,46,9607518,85000000000,8714709,11434363,deprecated,0xc73a2d60,"disperseToken(address token, address[] recipients, uint256[] values)",14006932
11054593,1602688992,0x5cc5f0db6d00d2567ad236f1885ba84348205f9cc22e62f3fcbfa7896492bf5b,13,0x18aaf3b76e448ff2f6b16fcfe15f24fffd11fc1b3cbf301ac100ce3a4c6da226,0xd152f549545093347a162dce210e7293f1452150,0xaea46a60368a7bd060eec7df8cba43b7ef41ad85,0xd721615588c0ad46944be321d32a1fe78394cf7e,112119000209050000000000,Fetch,FET,18,46,9607518,85000000000,8714709,11434363,deprecated,0xc73a2d60,"disperseToken(address token, address[] recipients, uint256[] values)",14006932
11054593,1602688992,0x5cc5f0db6d00d2567ad236f1885ba84348205f9cc22e62f3fcbfa7896492bf5b,13,0x18aaf3b76e448ff2f6b16fcfe15f24fffd11fc1b3cbf301ac100ce3a4c6da226,0xd152f549545093347a162dce210e7293f1452150,0xaea46a60368a7bd060eec7df8cba43b7ef41ad85,0xfb7c128acb6c8ac3581013cee8e91f0c8d7c677a,111192177300000000000000,Fetch,FET,18,46,9607518,85000000000,8714709,11434363,deprecated,0xc73a2d60,"disperseToken(address token, address[] recipients, uint256[] values)",14006932
11054593,1602688992,0x5cc5f0db6d00d2567ad236f1885ba84348205f9cc22e62f3fcbfa7896492bf5b,13,0x18aaf3b76e448ff2f6b16fcfe15f24fffd11fc1b3cbf301ac100ce3a4c6da226,0xd152f549545093347a162dce210e7293f1452150,0xaea46a60368a7bd060eec7df8cba43b7ef41ad85,0x4bbc16ef56ea535927b8bbd8cdd869d5e5c7791b,110590000000000000000000,Fetch,FET,18,46,9607518,85000000000,8714709,11434363,deprecated,0xc73a2d60,"disperseToken(address token, address[] recipients, uint256[] values)",14006932
11054593,1602688992,0x5cc5f0db6d00d2567ad236f1885ba84348205f9cc22e62f3fcbfa7896492bf5b,13,0x18aaf3b76e448ff2f6b16fcfe15f24fffd11fc1b3cbf301ac100ce3a4c6da226,0xd152f549545093347a162dce210e7293f1452150,0xaea46a60368a7bd060eec7df8cba43b7ef41ad85,0x274f3c32c90517975e29dfc209a23f315c1e5fc7,108705543222590520659382,Fetch,FET,18,46,9607518,85000000000,8714709,11434363,deprecated,0xc73a2d60,"disperseToken(address token, address[] recipients, uint256[] values)",14006932
11054593,1602688992,0x5cc5f0db6d00d2567ad236f1885ba84348205f9cc22e62f3fcbfa7896492bf5b,13,0x18aaf3b76e448ff2f6b16fcfe15f24fffd11fc1b3cbf301ac100ce3a4c6da226,0xd152f549545093347a162dce210e7293f1452150,0xaea46a60368a7bd060eec7df8cba43b7ef41ad85,0x5df1a17011ad7afdcefb4ae505ca433865888205,107676790000000000000003,Fetch,FET,18,46,9607518,85000000000,8714709,11434363,deprecated,0xc73a2d60,"disperseToken(address token, address[] recipients, uint256[] values)",14006932
11054593,1602688992,0x5cc5f0db6d00d2567ad236f1885ba84348205f9cc22e62f3fcbfa7896492bf5b,13,0x18aaf3b76e448ff2f6b16fcfe15f24fffd11fc1b3cbf301ac100ce3a4c6da226,0xd152f549545093347a162dce210e7293f1452150,0xaea46a60368a7bd060eec7df8cba43b7ef41ad85,0x79e7c38a13e29ff12ad175db3d345ee06286e356,106047133805000000000000,Fetch,FET,18,46,9607518,85000000000,8714709,11434363,deprecated,0xc73a2d60,"disperseToken(address token, address[] recipients, uint256[] values)",14006932
11054593,1602688992,0x5cc5f0db6d00d2567ad236f1885ba84348205f9cc22e62f3fcbfa7896492bf5b,13,0x18aaf3b76e448ff2f6b16fcfe15f24fffd11fc1b3cbf301ac100ce3a4c6da226,0xd152f549545093347a162dce210e7293f1452150,0xaea46a60368a7bd060eec7df8cba43b7ef41ad85,0x008283d61a97e12399c6d8c5141b97eb78f68b7c,105968000000000000000000,Fetch,FET,18,46,9607518,85000000000,8714709,11434363,deprecated,0xc73a2d60,"disperseToken(address token, address[] recipients, uint256[] values)",14006932
11054593,1602688992,0x5cc5f0db6d00d2567ad236f1885ba84348205f9cc22e62f3fcbfa7896492bf5b,13,0x18aaf3b76e448ff2f6b16fcfe15f24fffd11fc1b3cbf301ac100ce3a4c6da226,0xd152f549545093347a162dce210e7293f1452150,0xaea46a60368a7bd060eec7df8cba43b7ef41ad85,0x86719d80e80fed2d8a5548a1da4ac304876ee492,105823547623570000000000,Fetch,FET,18,46,9607518,85000000000,8714709,11434363,deprecated,0xc73a2d60,"disperseToken(address token, address[] recipients, uint256[] values)",14006932
11054593,1602688992,0x5cc5f0db6d00d2567ad236f1885ba84348205f9cc22e62f3fcbfa7896492bf5b,13,0x18aaf3b76e448ff2f6b16fcfe15f24fffd11fc1b3cbf301ac100ce3a4c6da226,0xd152f549545093347a162dce210e7293f1452150,0xaea46a60368a7bd060eec7df8cba43b7ef41ad85,0xb2e19dd996848818d972dd3a60a1b7faffb82330,105610312110200000000000,Fetch,FET,18,46,9607518,85000000000,8714709,11434363,deprecated,0xc73a2d60,"disperseToken(address token, address[] recipients, uint256[] values)",14006932
11054593,1602688992,0x5cc5f0db6d00d2567ad236f1885ba84348205f9cc22e62f3fcbfa7896492bf5b,13,0x18aaf3b76e448ff2f6b16fcfe15f24fffd11fc1b3cbf301ac100ce3a4c6da226,0xd152f549545093347a162dce210e7293f1452150,0xaea46a60368a7bd060eec7df8cba43b7ef41ad85,0x011ee51e2d647105a82dde72ece54e099a6d68fd,105356552499997370273286,Fetch,FET,18,46,9607518,85000000000,8714709,11434363,deprecated,0xc73a2d60,"disperseToken(address token, address[] recipients, uint256[] values)",14006932
11054593,1602688992,0x5cc5f0db6d00d2567ad236f1885ba84348205f9cc22e62f3fcbfa7896492bf5b,13,0x18aaf3b76e448ff2f6b16fcfe15f24fffd11fc1b3cbf301ac100ce3a4c6da226,0xd152f549545093347a162dce210e7293f1452150,0xaea46a60368a7bd060eec7df8cba43b7ef41ad85,0x28ec6d5ffc3a4f153292e5115f6f99bb34a97fdd,105303619217470000000000,Fetch,FET,18,46,9607518,85000000000,8714709,11434363,deprecated,0xc73a2d60,"disperseToken(address token, address[] recipients, uint256[] values)",14006932
11054593,1602688992,0x5cc5f0db6d00d2567ad236f1885ba84348205f9cc22e62f3fcbfa7896492bf5b,13,0x18aaf3b76e448ff2f6b16fcfe15f24fffd11fc1b3cbf301ac100ce3a4c6da226,0xd152f549545093347a162dce210e7293f1452150,0xaea46a60368a7bd060eec7df8cba43b7ef41ad85,0x1e327184ca3a387afe88569f50a4440527682d0b,105095000000000000000003,Fetch,FET,18,46,9607518,85000000000,8714709,11434363,deprecated,0xc73a2d60,"disperseToken(address token, address[] recipients, uint256[] values)",14006932
11054593,1602688992,0x5cc5f0db6d00d2567ad236f1885ba84348205f9cc22e62f3fcbfa7896492bf5b,13,0x18aaf3b76e448ff2f6b16fcfe15f24fffd11fc1b3cbf301ac100ce3a4c6da226,0xd152f549545093347a162dce210e7293f1452150,0xaea46a60368a7bd060eec7df8cba43b7ef41ad85,0xf4bab5aa4216614091bb46353bc9dfd948d00af4,104855472000000000000000,Fetch,FET,18,46,9607518,85000000000,8714709,11434363,deprecated,0xc73a2d60,"disperseToken(address token, address[] recipients, uint256[] values)",14006932
11054593,1602688992,0x5cc5f0db6d00d2567ad236f1885ba84348205f9cc22e62f3fcbfa7896492bf5b,13,0x18aaf3b76e448ff2f6b16fcfe15f24fffd11fc1b3cbf301ac100ce3a4c6da226,0xd152f549545093347a162dce210e7293f1452150,0xaea46a60368a7bd060eec7df8cba43b7ef41ad85,0x00fc34b9dc3c10f7247c092831f9832c1ea05ac0,103838926099070000000000,Fetch,FET,18,46,9607518,85000000000,8714709,11434363,deprecated,0xc73a2d60,"disperseToken(address token, address[] recipients, uint256[] values)",14006932
11054593,1602688992,0x5cc5f0db6d00d2567ad236f1885ba84348205f9cc22e62f3fcbfa7896492bf5b,13,0x18aaf3b76e448ff2f6b16fcfe15f24fffd11fc1b3cbf301ac100ce3a4c6da226,0xd152f549545093347a162dce210e7293f1452150,0xaea46a60368a7bd060eec7df8cba43b7ef41ad85,0x86820e3b6d07c0182b42435eabff0478e7bcf3ef,103525800000000000000000,Fetch,FET,18,46,9607518,85000000000,8714709,11434363,deprecated,0xc73a2d60,"disperseToken(address token, address[] recipients, uint256[] values)",14006932
11054593,1602688992,0x5cc5f0db6d00d2567ad236f1885ba84348205f9cc22e62f3fcbfa7896492bf5b,13,0x18aaf3b76e448ff2f6b16fcfe15f24fffd11fc1b3cbf301ac100ce3a4c6da226,0xd152f549545093347a162dce210e7293f1452150,0xaea46a60368a7bd060eec7df8cba43b7ef41ad85,0xa2960bbcbb4d0f5934e41b17eca57feea971a72c,103458373730000000000000,Fetch,FET,18,46,9607518,85000000000,8714709,11434363,deprecated,0xc73a2d60,"disperseToken(address token, address[] recipients, uint256[] values)",14006932
11054593,1602688992,0x5cc5f0db6d00d2567ad236f1885ba84348205f9cc22e62f3fcbfa7896492bf5b,13,0x18aaf3b76e448ff2f6b16fcfe15f24fffd11fc1b3cbf301ac100ce3a4c6da226,0xd152f549545093347a162dce210e7293f1452150,0xaea46a60368a7bd060eec7df8cba43b7ef41ad85,0x9c462502a1dfb5acda25a25055b5bb2cfd7f7786,102228000000000000000003,Fetch,FET,18,46,9607518,85000000000,8714709,11434363,deprecated,0xc73a2d60,"disperseToken(address token, address[] recipients, uint256[] values)",14006932
11054593,1602688992,0x5cc5f0db6d00d2567ad236f1885ba84348205f9cc22e62f3fcbfa7896492bf5b,13,0x18aaf3b76e448ff2f6b16fcfe15f24fffd11fc1b3cbf301ac100ce3a4c6da226,0xd152f549545093347a162dce210e7293f1452150,0xaea46a60368a7bd060eec7df8cba43b7ef41ad85,0x066083fb3dd633b8fbf1e056c1554f1374ac1212,101643862511250000000000,Fetch,FET,18,46,9607518,85000000000,8714709,11434363,deprecated,0xc73a2d60,"disperseToken(address token, address[] recipients, uint256[] values)",14006932
11054593,1602688992,0x5cc5f0db6d00d2567ad236f1885ba84348205f9cc22e62f3fcbfa7896492bf5b,13,0x18aaf3b76e448ff2f6b16fcfe15f24fffd11fc1b3cbf301ac100ce3a4c6da226,0xd152f549545093347a162dce210e7293f1452150,0xaea46a60368a7bd060eec7df8cba43b7ef41ad85,0x66bffe7ba1cfac317fd81eed662e8116dfafae0c,101637998427200000000000,Fetch,FET,18,46,9607518,85000000000,8714709,11434363,deprecated,0xc73a2d60,"disperseToken(address token, address[] recipients, uint256[] values)",14006932
11054593,1602688992,0x5cc5f0db6d00d2567ad236f1885ba84348205f9cc22e62f3fcbfa7896492bf5b,13,0x18aaf3b76e448ff2f6b16fcfe15f24fffd11fc1b3cbf301ac100ce3a4c6da226,0xd152f549545093347a162dce210e7293f1452150,0xaea46a60368a7bd060eec7df8cba43b7ef41ad85,0x4e6c218e1750d80b9d8293d60bc3614921209e1f,101246000000000000000003,Fetch,FET,18,46,9607518,85000000000,8714709,11434363,deprecated,0xc73a2d60,"disperseToken(address token, address[] recipients, uint256[] values)",14006932
11054593,1602688992,0x5cc5f0db6d00d2567ad236f1885ba84348205f9cc22e62f3fcbfa7896492bf5b,13,0x18aaf3b76e448ff2f6b16fcfe15f24fffd11fc1b3cbf301ac100ce3a4c6da226,0xd152f549545093347a162dce210e7293f1452150,0xaea46a60368a7bd060eec7df8cba43b7ef41ad85,0x913bf9327f608957cb134d277c0922f40c846a95,100958766010430000000000,Fetch,FET,18,46,9607518,85000000000,8714709,11434363,deprecated,0xc73a2d60,"disperseToken(address token, address[] recipients, uint256[] values)",14006932
11054593,1602688992,0x5cc5f0db6d00d2567ad236f1885ba84348205f9cc22e62f3fcbfa7896492bf5b,13,0x18aaf3b76e448ff2f6b16fcfe15f24fffd11fc1b3cbf301ac100ce3a4c6da226,0xd152f549545093347a162dce210e7293f1452150,0xaea46a60368a7bd060eec7df8cba43b7ef41ad85,0xb94a1473f2c418aaa06bf664c76d13685c559362,100955771480000000000000,Fetch,FET,18,46,9607518,85000000000,8714709,11434363,deprecated,0xc73a2d60,"disperseToken(address token, address[] recipients, uint256[] values)",14006932
11054593,1602688992,0x5cc5f0db6d00d2567ad236f1885ba84348205f9cc22e62f3fcbfa7896492bf5b,13,0x18aaf3b76e448ff2f6b16fcfe15f24fffd11fc1b3cbf301ac100ce3a4c6da226,0xd152f549545093347a162dce210e7293f1452150,0xaea46a60368a7bd060eec7df8cba43b7ef41ad85,0x25bd59dfc74b90161b46f326ba1367387f77bd02,100904556588510000000000,Fetch,FET,18,46,9607518,85000000000,8714709,11434363,deprecated,0xc73a2d60,"disperseToken(address token, address[] recipients, uint256[] values)",14006932
11054593,1602688992,0x5cc5f0db6d00d2567ad236f1885ba84348205f9cc22e62f3fcbfa7896492bf5b,13,0x18aaf3b76e448ff2f6b16fcfe15f24fffd11fc1b3cbf301ac100ce3a4c6da226,0xd152f549545093347a162dce210e7293f1452150,0xaea46a60368a7bd060eec7df8cba43b7ef41ad85,0x03213691f8041badb84c2f6e45939862b1214f9b,100555000000000000000000,Fetch,FET,18,46,9607518,85000000000,8714709,11434363,deprecated,0xc73a2d60,"disperseToken(address token, address[] recipients, uint256[] values)",14006932
11054593,1602688992,0x5cc5f0db6d00d2567ad236f1885ba84348205f9cc22e62f3fcbfa7896492bf5b,13,0x18aaf3b76e448ff2f6b16fcfe15f24fffd11fc1b3cbf301ac100ce3a4c6da226,0xd152f549545093347a162dce210e7293f1452150,0xaea46a60368a7bd060eec7df8cba43b7ef41ad85,0xd30f732451c0c5cc3ae58197f25e0ae87d268c37,100472294166880000000000,Fetch,FET,18,46,9607518,85000000000,8714709,11434363,deprecated,0xc73a2d60,"disperseToken(address token, address[] recipients, uint256[] values)",14006932
11054593,1602688992,0x5cc5f0db6d00d2567ad236f1885ba84348205f9cc22e62f3fcbfa7896492bf5b,13,0x18aaf3b76e448ff2f6b16fcfe15f24fffd11fc1b3cbf301ac100ce3a4c6da226,0xd152f549545093347a162dce210e7293f1452150,0xaea46a60368a7bd060eec7df8cba43b7ef41ad85,0x34d89a5517888316cf83e7aa9d59b0c13af0eccb,100329753000000000000000,Fetch,FET,18,46,9607518,85000000000,8714709,11434363,deprecated,0xc73a2d60,"disperseToken(address token, address[] recipients, uint256[] values)",14006932
11054593,1602688992,0x5cc5f0db6d00d2567ad236f1885ba84348205f9cc22e62f3fcbfa7896492bf5b,13,0x18aaf3b76e448ff2f6b16fcfe15f24fffd11fc1b3cbf301ac100ce3a4c6da226,0xd152f549545093347a162dce210e7293f1452150,0xaea46a60368a7bd060eec7df8cba43b7ef41ad85,0xf4c41ffa7fdfc12642203dac3d97eae81223fd38,100029000000000000000000,Fetch,FET,18,46,9607518,85000000000,8714709,11434363,deprecated,0xc73a2d60,"disperseToken(address token, address[] recipients, uint256[] values)",14006932
11054593,1602688992,0x5cc5f0db6d00d2567ad236f1885ba84348205f9cc22e62f3fcbfa7896492bf5b,13,0x18aaf3b76e448ff2f6b16fcfe15f24fffd11fc1b3cbf301ac100ce3a4c6da226,0xd152f549545093347a162dce210e7293f1452150,0xaea46a60368a7bd060eec7df8cba43b7ef41ad85,0xfdf36ec3227bec1afbc9519bb7779a3763925a02,100002000000000000000000,Fetch,FET,18,46,9607518,85000000000,8714709,11434363,deprecated,0xc73a2d60,"disperseToken(address token, address[] recipients, uint256[] values)",14006932
11054593,1602688992,0x5cc5f0db6d00d2567ad236f1885ba84348205f9cc22e62f3fcbfa7896492bf5b,13,0x18aaf3b76e448ff2f6b16fcfe15f24fffd11fc1b3cbf301ac100ce3a4c6da226,0xd152f549545093347a162dce210e7293f1452150,0xaea46a60368a7bd060eec7df8cba43b7ef41ad85,0xc4bdef213d381c363cf7854104680b07add1a08d,100000000000000000000000,Fetch,FET,18,46,9607518,85000000000,8714709,11434363,deprecated,0xc73a2d60,"disperseToken(address token, address[] recipients, uint256[] values)",14006932
11054593,1602688992,0x5cc5f0db6d00d2567ad236f1885ba84348205f9cc22e62f3fcbfa7896492bf5b,13,0x18aaf3b76e448ff2f6b16fcfe15f24fffd11fc1b3cbf301ac100ce3a4c6da226,0xd152f549545093347a162dce210e7293f1452150,0xaea46a60368a7bd060eec7df8cba43b7ef41ad85,0x39040496a804b2cee50c40c2891a61087a34fa3c,100000000000000000000000,Fetch,FET,18,46,9607518,85000000000,8714709,11434363,deprecated,0xc73a2d60,"disperseToken(address token, address[] recipients, uint256[] values)",14006932
11054593,1602688992,0x5cc5f0db6d00d2567ad236f1885ba84348205f9cc22e62f3fcbfa7896492bf5b,13,0x18aaf3b76e448ff2f6b16fcfe15f24fffd11fc1b3cbf301ac100ce3a4c6da226,0xd152f549545093347a162dce210e7293f1452150,0xaea46a60368a7bd060eec7df8cba43b7ef41ad85,0x76c2040d70906ce98f78db4f75997345fc3befb6,99964553183410000000000,Fetch,FET,18,46,9607518,85000000000,8714709,11434363,deprecated,0xc73a2d60,"disperseToken(address token, address[] recipients, uint256[] values)",14006932
11054593,1602688992,0x5cc5f0db6d00d2567ad236f1885ba84348205f9cc22e62f3fcbfa7896492bf5b,13,0x18aaf3b76e448ff2f6b16fcfe15f24fffd11fc1b3cbf301ac100ce3a4c6da226,0xd152f549545093347a162dce210e7293f1452150,0xaea46a60368a7bd060eec7df8cba43b7ef41ad85,0xd042501f7690d8239d4c3b32b4de805de6cedbe9,99959223751940000000000,Fetch,FET,18,46,9607518,85000000000,8714709,11434363,deprecated,0xc73a2d60,"disperseToken(address token, address[] recipients, uint256[] values)",14006932
11054593,1602688992,0x5cc5f0db6d00d2567ad236f1885ba84348205f9cc22e62f3fcbfa7896492bf5b,13,0x18aaf3b76e448ff2f6b16fcfe15f24fffd11fc1b3cbf301ac100ce3a4c6da226,0xd152f549545093347a162dce210e7293f1452150,0xaea46a60368a7bd060eec7df8cba43b7ef41ad85,0x7cd386e014d41e5dfc5fbd1927675ca7a5dcf567,99923380672600000000000,Fetch,FET,18,46,9607518,85000000000,8714709,11434363,deprecated,0xc73a2d60,"disperseToken(address token, address[] recipients, uint256[] values)",14006932
11054593,1602688992,0x5cc5f0db6d00d2567ad236f1885ba84348205f9cc22e62f3fcbfa7896492bf5b,13,0x18aaf3b76e448ff2f6b16fcfe15f24fffd11fc1b3cbf301ac100ce3a4c6da226,0xd152f549545093347a162dce210e7293f1452150,0xaea46a60368a7bd060eec7df8cba43b7ef41ad85,0xef7bd77708109d05df93c8b8c9fb410c42bc7c29,98647211000000000000000,Fetch,FET,18,46,9607518,85000000000,8714709,11434363,deprecated,0xc73a2d60,"disperseToken(address token, address[] recipients, uint256[] values)",14006932
11054593,1602688992,0x5cc5f0db6d00d2567ad236f1885ba84348205f9cc22e62f3fcbfa7896492bf5b,13,0x18aaf3b76e448ff2f6b16fcfe15f24fffd11fc1b3cbf301ac100ce3a4c6da226,0xd152f549545093347a162dce210e7293f1452150,0xaea46a60368a7bd060eec7df8cba43b7ef41ad85,0x962645c4ce8a990c356c809dc61b45ba7af4514a,98352000000000000000000,Fetch,FET,18,46,9607518,85000000000,8714709,11434363,deprecated,0xc73a2d60,"disperseToken(address token, address[] recipients, uint256[] values)",14006932
11054593,1602688992,0x5cc5f0db6d00d2567ad236f1885ba84348205f9cc22e62f3fcbfa7896492bf5b,13,0x18aaf3b76e448ff2f6b16fcfe15f24fffd11fc1b3cbf301ac100ce3a4c6da226,0xd152f549545093347a162dce210e7293f1452150,0xaea46a60368a7bd060eec7df8cba43b7ef41ad85,0x022766b23fef0f84b3c654e954141b0b4e38005c,97930726299130000000000,Fetch,FET,18,46,9607518,85000000000,8714709,11434363,deprecated,0xc73a2d60,"disperseToken(address token, address[] recipients, uint256[] values)",14006932
11054593,1602688992,0x5cc5f0db6d00d2567ad236f1885ba84348205f9cc22e62f3fcbfa7896492bf5b,13,0x18aaf3b76e448ff2f6b16fcfe15f24fffd11fc1b3cbf301ac100ce3a4c6da226,0xd152f549545093347a162dce210e7293f1452150,0xaea46a60368a7bd060eec7df8cba43b7ef41ad85,0x57080ef7511d29ff64610b58abd73a9e402c7095,96879671300000000000000,Fetch,FET,18,46,9607518,85000000000,8714709,11434363,deprecated,0xc73a2d60,"disperseToken(address token, address[] recipients, uint256[] values)",14006932
11054593,1602688992,0x5cc5f0db6d00d2567ad236f1885ba84348205f9cc22e62f3fcbfa7896492bf5b,13,0x18aaf3b76e448ff2f6b16fcfe15f24fffd11fc1b3cbf301ac100ce3a4c6da226,0xd152f549545093347a162dce210e7293f1452150,0xaea46a60368a7bd060eec7df8cba43b7ef41ad85,0x784e100001edef03abca6329985a78477fb7524d,96782190478340000000000,Fetch,FET,18,46,9607518,85000000000,8714709,11434363,deprecated,0xc73a2d60,"disperseToken(address token, address[] recipients, uint256[] values)",14006932
11054593,1602688992,0x5cc5f0db6d00d2567ad236f1885ba84348205f9cc22e62f3fcbfa7896492bf5b,13,0x18aaf3b76e448ff2f6b16fcfe15f24fffd11fc1b3cbf301ac100ce3a4c6da226,0xd152f549545093347a162dce210e7293f1452150,0xaea46a60368a7bd060eec7df8cba43b7ef41ad85,0x2a9d901354be2cd3962ccbdb13e3db59ea2c74e6,95826386109770000000000,Fetch,FET,18,46,9607518,85000000000,8714709,11434363,deprecated,0xc73a2d60,"disperseToken(address token, address[] recipients, uint256[] values)",14006932
11054593,1602688992,0x5cc5f0db6d00d2567ad236f1885ba84348205f9cc22e62f3fcbfa7896492bf5b,13,0x18aaf3b76e448ff2f6b16fcfe15f24fffd11fc1b3cbf301ac100ce3a4c6da226,0xd152f549545093347a162dce210e7293f1452150,0xaea46a60368a7bd060eec7df8cba43b7ef41ad85,0x3e0aed887bb39c696c9c9994801a456fff8c0ec6,95433000000000000000000,Fetch,FET,18,46,9607518,85000000000,8714709,11434363,deprecated,0xc73a2d60,"disperseToken(address token, address[] recipients, uint256[] values)",14006932
11054595,1602689029,0x0c3183d53bb0dd1b1ada77e8181618dca030d9be8e578bcc5ecba409075779ea,14,0xbb3da38363b70dc3dc970423ff11b677c2070fd82214dcb9b243bae8fffffb48,0xa47c0bd4874f788ee9831bd1c8d1e8d439be7ac5,0xaea46a60368a7bd060eec7df8cba43b7ef41ad85,0xd152f549545093347a162dce210e7293f1452150,16676832584797267354786236,Fetch,FET,18,13,9606990,85000000000,8714229,9411591,deprecated,0xc73a2d60,"disperseToken(address token, address[] recipients, uint256[] values)",14006930
11054595,1602689029,0x0c3183d53bb0dd1b1ada77e8181618dca030d9be8e578bcc5ecba409075779ea,14,0xbb3da38363b70dc3dc970423ff11b677c2070fd82214dcb9b243bae8fffffb48,0xd152f549545093347a162dce210e7293f1452150,0xaea46a60368a7bd060eec7df8cba43b7ef41ad85,0xa7997a5284dc8ab65251aed0224d4d0aa7937b60,95327795891450000000000,Fetch,FET,18,13,9606990,85000000000,8714229,9411591,deprecated,0xc73a2d60,"disperseToken(address token, address[] recipients, uint256[] values)",14006930
11054595,1602689029,0x0c3183d53bb0dd1b1ada77e8181618dca030d9be8e578bcc5ecba409075779ea,14,0xbb3da38363b70dc3dc970423ff11b677c2070fd82214dcb9b243bae8fffffb48,0xd152f549545093347a162dce210e7293f1452150,0xaea46a60368a7bd060eec7df8cba43b7ef41ad85,0x6eda7c96ce0669f460d7adab70f16113b2e2eba3,94445000000000000000000,Fetch,FET,18,13,9606990,85000000000,8714229,9411591,deprecated,0xc73a2d60,"disperseToken(address token, address[] recipients, uint256[] values)",14006930
11054595,1602689029,0x0c3183d53bb0dd1b1ada77e8181618dca030d9be8e578bcc5ecba409075779ea,14,0xbb3da38363b70dc3dc970423ff11b677c2070fd82214dcb9b243bae8fffffb48,0xd152f549545093347a162dce210e7293f1452150,0xaea46a60368a7bd060eec7df8cba43b7ef41ad85,0x048134c4efc92fb04f7cc649ec8a166fc9738b99,94026216578590000000000,Fetch,FET,18,13,9606990,85000000000,8714229,9411591,deprecated,0xc73a2d60,"disperseToken(address token, address[] recipients, uint256[] values)",14006930
11054595,1602689029,0x0c3183d53bb0dd1b1ada77e8181618dca030d9be8e578bcc5ecba409075779ea,14,0xbb3da38363b70dc3dc970423ff11b677c2070fd82214dcb9b243bae8fffffb48,0xd152f549545093347a162dce210e7293f1452150,0xaea46a60368a7bd060eec7df8cba43b7ef41ad85,0x113552d9d31197db3a09005cc85bd2caf63ae9dc,93971300000000000000000,Fetch,FET,18,13,9606990,85000000000,8714229,9411591,deprecated,0xc73a2d60,"disperseToken(address token, address[] recipients, uint256[] values)",14006930
11054595,1602689029,0x0c3183d53bb0dd1b1ada77e8181618dca030d9be8e578bcc5ecba409075779ea,14,0xbb3da38363b70dc3dc970423ff11b677c2070fd82214dcb9b243bae8fffffb48,0xd152f549545093347a162dce210e7293f1452150,0xaea46a60368a7bd060eec7df8cba43b7ef41ad85,0x9cf0cfbedae9b91ac9b188daf52aa114873662e9,93899242979460000000000,Fetch,FET,18,13,9606990,85000000000,8714229,9411591,deprecated,0xc73a2d60,"disperseToken(address token, address[] recipients, uint256[] values)",14006930
11054595,1602689029,0x0c3183d53bb0dd1b1ada77e8181618dca030d9be8e578bcc5ecba409075779ea,14,0xbb3da38363b70dc3dc970423ff11b677c2070fd82214dcb9b243bae8fffffb48,0xd152f549545093347a162dce210e7293f1452150,0xaea46a60368a7bd060eec7df8cba43b7ef41ad85,0xa7ef1257c27dd6735cc714c6aa459ab84c9abd6f,93499137819490000000000,Fetch,FET,18,13,9606990,85000000000,8714229,9411591,deprecated,0xc73a2d60,"disperseToken(address token, address[] recipients, uint256[] values)",14006930
11054595,1602689029,0x0c3183d53bb0dd1b1ada77e8181618dca030d9be8e578bcc5ecba409075779ea,14,0xbb3da38363b70dc3dc970423ff11b677c2070fd82214dcb9b243bae8fffffb48,0xd152f549545093347a162dce210e7293f1452150,0xaea46a60368a7bd060eec7df8cba43b7ef41ad85,0x2ec5b6fcd929de441c44f8eade17eae74a4cde74,92003431814940898590329,Fetch,FET,18,13,9606990,85000000000,8714229,9411591,deprecated,0xc73a2d60,"disperseToken(address token, address[] recipients, uint256[] values)",14006930
11054595,1602689029,0x0c3183d53bb0dd1b1ada77e8181618dca030d9be8e578bcc5ecba409075779ea,14,0xbb3da38363b70dc3dc970423ff11b677c2070fd82214dcb9b243bae8fffffb48,0xd152f549545093347a162dce210e7293f1452150,0xaea46a60368a7bd060eec7df8cba43b7ef41ad85,0x4c06f4dc4923f88258e6999bcdda152440a641aa,91587500000000000000000,Fetch,FET,18,13,9606990,85000000000,8714229,9411591,deprecated,0xc73a2d60,"disperseToken(address token, address[] recipients, uint256[] values)",14006930
11054595,1602689029,0x0c3183d53bb0dd1b1ada77e8181618dca030d9be8e578bcc5ecba409075779ea,14,0xbb3da38363b70dc3dc970423ff11b677c2070fd82214dcb9b243bae8fffffb48,0xd152f549545093347a162dce210e7293f1452150,0xaea46a60368a7bd060eec7df8cba43b7ef41ad85,0x1409f89e13827ab4a24076ca446f855faeb1fda4,90434571683970000000000,Fetch,FET,18,13,9606990,85000000000,8714229,9411591,deprecated,0xc73a2d60,"disperseToken(address token, address[] recipients, uint256[] values)",14006930
11054595,1602689029,0x0c3183d53bb0dd1b1ada77e8181618dca030d9be8e578bcc5ecba409075779ea,14,0xbb3da38363b70dc3dc970423ff11b677c2070fd82214dcb9b243bae8fffffb48,0xd152f549545093347a162dce210e7293f1452150,0xaea46a60368a7bd060eec7df8cba43b7ef41ad85,0x3bf61d69c105ae7ed4f62fb09b7cc465c5a97b89,90011040100000000000000,Fetch,FET,18,13,9606990,85000000000,8714229,9411591,deprecated,0xc73a2d60,"disperseToken(address token, address[] recipients, uint256[] values)",14006930
11054595,1602689029,0x0c3183d53bb0dd1b1ada77e8181618dca030d9be8e578bcc5ecba409075779ea,14,0xbb3da38363b70dc3dc970423ff11b677c2070fd82214dcb9b243bae8fffffb48,0xd152f549545093347a162dce210e7293f1452150,0xaea46a60368a7bd060eec7df8cba43b7ef41ad85,0x672b29c01a6d36deb1d14ae1c35beccde589522a,90000007060000000000000,Fetch,FET,18,13,9606990,85000000000,8714229,9411591,deprecated,0xc73a2d60,"disperseToken(address token, address[] recipients, uint256[] values)",14006930
11054595,1602689029,0x0c3183d53bb0dd1b1ada77e8181618dca030d9be8e578bcc5ecba409075779ea,14,0xbb3da38363b70dc3dc970423ff11b677c2070fd82214dcb9b243bae8fffffb48,0xd152f549545093347a162dce210e7293f1452150,0xaea46a60368a7bd060eec7df8cba43b7ef41ad85,0x16c20fcebf719754df8c27410faa8ad6fd78dce6,90000000000000000000000,Fetch,FET,18,13,9606990,85000000000,8714229,9411591,deprecated,0xc73a2d60,"disperseToken(address token, address[] recipients, uint256[] values)",14006930
11054595,1602689029,0x0c3183d53bb0dd1b1ada77e8181618dca030d9be8e578bcc5ecba409075779ea,14,0xbb3da38363b70dc3dc970423ff11b677c2070fd82214dcb9b243bae8fffffb48,0xd152f549545093347a162dce210e7293f1452150,0xaea46a60368a7bd060eec7df8cba43b7ef41ad85,0x4871d47c4e9b1de9643dc1d89832cf677e844c20,90000000000000000000000,Fetch,FET,18,13,9606990,85000000000,8714229,9411591,deprecated,0xc73a2d60,"disperseToken(address token, address[] recipients, uint256[] values)",14006930
11054595,1602689029,0x0c3183d53bb0dd1b1ada77e8181618dca030d9be8e578bcc5ecba409075779ea,14,0xbb3da38363b70dc3dc970423ff11b677c2070fd82214dcb9b243bae8fffffb48,0xd152f549545093347a162dce210e7293f1452150,0xaea46a60368a7bd060eec7df8cba43b7ef41ad85,0x3e9247cde3b27ee91ee4a553804f8a23d1c83daf,89820000000000000000000,Fetch,FET,18,13,9606990,85000000000,8714229,9411591,deprecated,0xc73a2d60,"disperseToken(address token, address[] recipients, uint256[] values)",14006930
11054595,1602689029,0x0c3183d53bb0dd1b1ada77e8181618dca030d9be8e578bcc5ecba409075779ea,14,0xbb3da38363b70dc3dc970423ff11b677c2070fd82214dcb9b243bae8fffffb48,0xd152f549545093347a162dce210e7293f1452150,0xaea46a60368a7bd060eec7df8cba43b7ef41ad85,0xba9d7f85cc21bb5b856ff9d0694eb4055a2e6631,89605963059460000000000,Fetch,FET,18,13,9606990,85000000000,8714229,9411591,deprecated,0xc73a2d60,"disperseToken(address token, address[] recipients, uint256[] values)",14006930
11054595,1602689029,0x0c3183d53bb0dd1b1ada77e8181618dca030d9be8e578bcc5ecba409075779ea,14,0xbb3da38363b70dc3dc970423ff11b677c2070fd82214dcb9b243bae8fffffb48,0xd152f549545093347a162dce210e7293f1452150,0xaea46a60368a7bd060eec7df8cba43b7ef41ad85,0xc8e99dd497ae1fc981c1dd48f49fb804fbfcb99d,88298696300000000000000,Fetch,FET,18,13,9606990,85000000000,8714229,9411591,deprecated,0xc73a2d60,"disperseToken(address token, address[] recipients, uint256[] values)",14006930
11054595,1602689029,0x0c3183d53bb0dd1b1ada77e8181618dca030d9be8e578bcc5ecba409075779ea,14,0xbb3da38363b70dc3dc970423ff11b677c2070fd82214dcb9b243bae8fffffb48,0xd152f549545093347a162dce210e7293f1452150,0xaea46a60368a7bd060eec7df8cba43b7ef41ad85,0x6b2429a2b76edb016deee4fd0990d398279b739b,88020819795060000000000,Fetch,FET,18,13,9606990,85000000000,8714229,9411591,deprecated,0xc73a2d60,"disperseToken(address token, address[] recipients, uint256[] values)",14006930
11054595,1602689029,0x0c3183d53bb0dd1b1ada77e8181618dca030d9be8e578bcc5ecba409075779ea,14,0xbb3da38363b70dc3dc970423ff11b677c2070fd82214dcb9b243bae8fffffb48,0xd152f549545093347a162dce210e7293f1452150,0xaea46a60368a7bd060eec7df8cba43b7ef41ad85,0xe50e53b0e3ff44b524c5b9657c9784238840eca9,87978520286380000000000,Fetch,FET,18,13,9606990,85000000000,8714229,9411591,deprecated,0xc73a2d60,"disperseToken(address token, address[] recipients, uint256[] values)",14006930
11054595,1602689029,0x0c3183d53bb0dd1b1ada77e8181618dca030d9be8e578bcc5ecba409075779ea,14,0xbb3da38363b70dc3dc970423ff11b677c2070fd82214dcb9b243bae8fffffb48,0xd152f549545093347a162dce210e7293f1452150,0xaea46a60368a7bd060eec7df8cba43b7ef41ad85,0x6f4a6c2a8b5869b948beb572a1b0fb191ea27298,87857840000000000000000,Fetch,FET,18,13,9606990,85000000000,8714229,9411591,deprecated,0xc73a2d60,"disperseToken(address token, address[] recipients, uint256[] values)",14006930
11054595,1602689029,0x0c3183d53bb0dd1b1ada77e8181618dca030d9be8e578bcc5ecba409075779ea,14,0xbb3da38363b70dc3dc970423ff11b677c2070fd82214dcb9b243bae8fffffb48,0xd152f549545093347a162dce210e7293f1452150,0xaea46a60368a7bd060eec7df8cba43b7ef41ad85,0xff5090112bbad89d3cab3f33085db207f48570e1,87600000000000000000000,Fetch,FET,18,13,9606990,85000000000,8714229,9411591,deprecated,0xc73a2d60,"disperseToken(address token, address[] recipients, uint256[] values)",14006930
11054595,1602689029,0x0c3183d53bb0dd1b1ada77e8181618dca030d9be8e578bcc5ecba409075779ea,14,0xbb3da38363b70dc3dc970423ff11b677c2070fd82214dcb9b243bae8fffffb48,0xd152f549545093347a162dce210e7293f1452150,0xaea46a60368a7bd060eec7df8cba43b7ef41ad85,0xf717f4770ff741a0288631995ec89605dff47b57,86433748264880000000000,Fetch,FET,18,13,9606990,85000000000,8714229,9411591,deprecated,0xc73a2d60,"disperseToken(address token, address[] recipients, uint256[] values)",14006930
11054595,1602689029,0x0c3183d53bb0dd1b1ada77e8181618dca030d9be8e578bcc5ecba409075779ea,14,0xbb3da38363b70dc3dc970423ff11b677c2070fd82214dcb9b243bae8fffffb48,0xd152f549545093347a162dce210e7293f1452150,0xaea46a60368a7bd060eec7df8cba43b7ef41ad85,0xafb6e74e97fda82de7622e382170793579f19f5f,85157708000000000000000,Fetch,FET,18,13,9606990,85000000000,8714229,9411591,deprecated,0xc73a2d60,"disperseToken(address token, address[] recipients, uint256[] values)",14006930
11054595,1602689029,0x0c3183d53bb0dd1b1ada77e8181618dca030d9be8e578bcc5ecba409075779ea,14,0xbb3da38363b70dc3dc970423ff11b677c2070fd82214dcb9b243bae8fffffb48,0xd152f549545093347a162dce210e7293f1452150,0xaea46a60368a7bd060eec7df8cba43b7ef41ad85,0x562e09bbae86ddf1753483fe27963b801cfb784f,84885000000000000000000,Fetch,FET,18,13,9606990,85000000000,8714229,9411591,deprecated,0xc73a2d60,"disperseToken(address token, address[] recipients, uint256[] values)",14006930
11054595,1602689029,0x0c3183d53bb0dd1b1ada77e8181618dca030d9be8e578bcc5ecba409075779ea,14,0xbb3da38363b70dc3dc970423ff11b677c2070fd82214dcb9b243bae8fffffb48,0xd152f549545093347a162dce210e7293f1452150,0xaea46a60368a7bd060eec7df8cba43b7ef41ad85,0x4d401544e61132381bd7358cf668982f1c82b18e,84730302700000000000000,Fetch,FET,18,13,9606990,85000000000,8714229,9411591,deprecated,0xc73a2d60,"disperseToken(address token, address[] recipients, uint256[] values)",14006930
11054595,1602689029,0x0c3183d53bb0dd1b1ada77e8181618dca030d9be8e578bcc5ecba409075779ea,14,0xbb3da38363b70dc3dc970423ff11b677c2070fd82214dcb9b243bae8fffffb48,0xd152f549545093347a162dce210e7293f1452150,0xaea46a60368a7bd060eec7df8cba43b7ef41ad85,0x848e7da46bfce489d96a38be53b0f1f6c0326382,82554000000000000000000,Fetch,FET,18,13,9606990,85000000000,8714229,9411591,deprecated,0xc73a2d60,"disperseToken(address token, address[] recipients, uint256[] values)",14006930
11054595,1602689029,0x0c3183d53bb0dd1b1ada77e8181618dca030d9be8e578bcc5ecba409075779ea,14,0xbb3da38363b70dc3dc970423ff11b677c2070fd82214dcb9b243bae8fffffb48,0xd152f549545093347a162dce210e7293f1452150,0xaea46a60368a7bd060eec7df8cba43b7ef41ad85,0x8fea46d68311b18126d8723f552292e7f0c78538,82307100000000000000000,Fetch,FET,18,13,9606990,85000000000,8714229,9411591,deprecated,0xc73a2d60,"disperseToken(address token, address[] recipients, uint256[] values)",14006930
11054595,1602689029,0x0c3183d53bb0dd1b1ada77e8181618dca030d9be8e578bcc5ecba409075779ea,14,0xbb3da38363b70dc3dc970423ff11b677c2070fd82214dcb9b243bae8fffffb48,0xd152f549545093347a162dce210e7293f1452150,0xaea46a60368a7bd060eec7df8cba43b7ef41ad85,0xb54015aef635ecfffc3dd46024f634e9c16b07f1,82245630000000000000000,Fetch,FET,18,13,9606990,85000000000,8714229,9411591,deprecated,0xc73a2d60,"disperseToken(address token, address[] recipients, uint256[] values)",14006930
11054595,1602689029,0x0c3183d53bb0dd1b1ada77e8181618dca030d9be8e578bcc5ecba409075779ea,14,0xbb3da38363b70dc3dc970423ff11b677c2070fd82214dcb9b243bae8fffffb48,0xd152f549545093347a162dce210e7293f1452150,0xaea46a60368a7bd060eec7df8cba43b7ef41ad85,0x6099b873858717d325ec5631b10b330c3d1546fd,81608708730900000000000,Fetch,FET,18,13,9606990,85000000000,8714229,9411591,deprecated,0xc73a2d60,"disperseToken(address token, address[] recipients, uint256[] values)",14006930
11054595,1602689029,0x0c3183d53bb0dd1b1ada77e8181618dca030d9be8e578bcc5ecba409075779ea,14,0xbb3da38363b70dc3dc970423ff11b677c2070fd82214dcb9b243bae8fffffb48,0xd152f549545093347a162dce210e7293f1452150,0xaea46a60368a7bd060eec7df8cba43b7ef41ad85,0x02dc26bda75321d2eb8ea62c5b9dcd04f6c7b740,81477727206980000000000,Fetch,FET,18,13,9606990,85000000000,8714229,9411591,deprecated,0xc73a2d60,"disperseToken(address token, address[] recipients, uint256[] values)",14006930
11054595,1602689029,0x0c3183d53bb0dd1b1ada77e8181618dca030d9be8e578bcc5ecba409075779ea,14,0xbb3da38363b70dc3dc970423ff11b677c2070fd82214dcb9b243bae8fffffb48,0xd152f549545093347a162dce210e7293f1452150,0xaea46a60368a7bd060eec7df8cba43b7ef41ad85,0x32af336f98cfb09f64deea130c75ce29192c1f23,81334310609943618657099,Fetch,FET,18,13,9606990,85000000000,8714229,9411591,deprecated,0xc73a2d60,"disperseToken(address token, address[] recipients, uint256[] values)",14006930
11054595,1602689029,0x0c3183d53bb0dd1b1ada77e8181618dca030d9be8e578bcc5ecba409075779ea,14,0xbb3da38363b70dc3dc970423ff11b677c2070fd82214dcb9b243bae8fffffb48,0xd152f549545093347a162dce210e7293f1452150,0xaea46a60368a7bd060eec7df8cba43b7ef41ad85,0x9d074aae9475a4f709119ef617337977e41772df,81104776000000000000000,Fetch,FET,18,13,9606990,85000000000,8714229,9411591,deprecated,0xc73a2d60,"disperseToken(address token, address[] recipients, uint256[] values)",14006930
11054595,1602689029,0x0c3183d53bb0dd1b1ada77e8181618dca030d9be8e578bcc5ecba409075779ea,14,0xbb3da38363b70dc3dc970423ff11b677c2070fd82214dcb9b243bae8fffffb48,0xd152f549545093347a162dce210e7293f1452150,0xaea46a60368a7bd060eec7df8cba43b7ef41ad85,0x4cfe41f80f32e3507a7fdeef75c48d568f4871d8,80839786039440000000000,Fetch,FET,18,13,9606990,85000000000,8714229,9411591,deprecated,0xc73a2d60,"disperseToken(address token, address[] recipients, uint256[] values)",14006930
11054595,1602689029,0x0c3183d53bb0dd1b1ada77e8181618dca030d9be8e578bcc5ecba409075779ea,14,0xbb3da38363b70dc3dc970423ff11b677c2070fd82214dcb9b243bae8fffffb48,0xd152f549545093347a162dce210e7293f1452150,0xaea46a60368a7bd060eec7df8cba43b7ef41ad85,0x7517ee6de7ef1006fb5d79953c85c77c2ab1ff40,79940000000000000000000,Fetch,FET,18,13,9606990,85000000000,8714229,9411591,deprecated,0xc73a2d60,"disperseToken(address token, address[] recipients, uint256[] values)",14006930
11054595,1602689029,0x0c3183d53bb0dd1b1ada77e8181618dca030d9be8e578bcc5ecba409075779ea,14,0xbb3da38363b70dc3dc970423ff11b677c2070fd82214dcb9b243bae8fffffb48,0xd152f549545093347a162dce210e7293f1452150,0xaea46a60368a7bd060eec7df8cba43b7ef41ad85,0xc5be3f7a8c6ccab3e35c471912609dae9c060363,79850395810800000000000,Fetch,FET,18,13,9606990,85000000000,8714229,9411591,deprecated,0xc73a2d60,"disperseToken(address token, address[] recipients, uint256[] values)",14006930
11054595,1602689029,0x0c3183d53bb0dd1b1ada77e8181618dca030d9be8e578bcc5ecba409075779ea,14,0xbb3da38363b70dc3dc970423ff11b677c2070fd82214dcb9b243bae8fffffb48,0xd152f549545093347a162dce210e7293f1452150,0xaea46a60368a7bd060eec7df8cba43b7ef41ad85,0x8fe0404edbe8cef4e6d323d23074901bfab868e2,78767715230420000000000,Fetch,FET,18,13,9606990,85000000000,8714229,9411591,deprecated,0xc73a2d60,"disperseToken(address token, address[] recipients, uint256[] values)",14006930
11054595,1602689029,0x0c3183d53bb0dd1b1ada77e8181618dca030d9be8e578bcc5ecba409075779ea,14,0xbb3da38363b70dc3dc970423ff11b677c2070fd82214dcb9b243bae8fffffb48,0xd152f549545093347a162dce210e7293f1452150,0xaea46a60368a7bd060eec7df8cba43b7ef41ad85,0x0bc9abae8001a31baf602dcd9504e106e8ffad45,78707000000000000000000,Fetch,FET,18,13,9606990,85000000000,8714229,9411591,deprecated,0xc73a2d60,"disperseToken(address token, address[] recipients, uint256[] values)",14006930
11054595,1602689029,0x0c3183d53bb0dd1b1ada77e8181618dca030d9be8e578bcc5ecba409075779ea,14,0xbb3da38363b70dc3dc970423ff11b677c2070fd82214dcb9b243bae8fffffb48,0xd152f549545093347a162dce210e7293f1452150,0xaea46a60368a7bd060eec7df8cba43b7ef41ad85,0x20a00eb93aeeebe020b197c0732c8017626440dd,78522434500000000000000,Fetch,FET,18,13,9606990,85000000000,8714229,9411591,deprecated,0xc73a2d60,"disperseToken(address token, address[] recipients, uint256[] values)",14006930
11054595,1602689029,0x0c3183d53bb0dd1b1ada77e8181618dca030d9be8e578bcc5ecba409075779ea,14,0xbb3da38363b70dc3dc970423ff11b677c2070fd82214dcb9b243bae8fffffb48,0xd152f549545093347a162dce210e7293f1452150,0xaea46a60368a7bd060eec7df8cba43b7ef41ad85,0x19089e05414e80a0a4640012169988845fcfeae8,78514688005550000000000,Fetch,FET,18,13,9606990,85000000000,8714229,9411591,deprecated,0xc73a2d60,"disperseToken(address token, address[] recipients, uint256[] values)",14006930
11054595,1602689029,0x0c3183d53bb0dd1b1ada77e8181618dca030d9be8e578bcc5ecba409075779ea,14,0xbb3da38363b70dc3dc970423ff11b677c2070fd82214dcb9b243bae8fffffb48,0xd152f549545093347a162dce210e7293f1452150,0xaea46a60368a7bd060eec7df8cba43b7ef41ad85,0xb75273976e8905e0bb9120b56e79dbf02a04fc86,77587146000000000000000,Fetch,FET,18,13,9606990,85000000000,8714229,9411591,deprecated,0xc73a2d60,"disperseToken(address token, address[] recipients, uint256[] values)",14006930
11054595,1602689029,0x0c3183d53bb0dd1b1ada77e8181618dca030d9be8e578bcc5ecba409075779ea,14,0xbb3da38363b70dc3dc970423ff11b677c2070fd82214dcb9b243bae8fffffb48,0xd152f549545093347a162dce210e7293f1452150,0xaea46a60368a7bd060eec7df8cba43b7ef41ad85,0x604f0739f39a65077835e5ab101b77c5b2d19958,77178000000000000000003,Fetch,FET,18,13,9606990,85000000000,8714229,9411591,deprecated,0xc73a2d60,"disperseToken(address token, address[] recipients, uint256[] values)",14006930
11054595,1602689029,0x0c3183d53bb0dd1b1ada77e8181618dca030d9be8e578bcc5ecba409075779ea,14,0xbb3da38363b70dc3dc970423ff11b677c2070fd82214dcb9b243bae8fffffb48,0xd152f549545093347a162dce210e7293f1452150,0xaea46a60368a7bd060eec7df8cba43b7ef41ad85,0x3fe179e6058892ab17515fa81e19197f289c8f7f,77041459481250000000000,Fetch,FET,18,13,9606990,85000000000,8714229,9411591,deprecated,0xc73a2d60,"disperseToken(address token, address[] recipients, uint256[] values)",14006930
11054595,1602689029,0x0c3183d53bb0dd1b1ada77e8181618dca030d9be8e578bcc5ecba409075779ea,14,0xbb3da38363b70dc3dc970423ff11b677c2070fd82214dcb9b243bae8fffffb48,0xd152f549545093347a162dce210e7293f1452150,0xaea46a60368a7bd060eec7df8cba43b7ef41ad85,0xf52c35b0f7ad455d7474b467647a28f3b06269e9,76768962178930000000000,Fetch,FET,18,13,9606990,85000000000,8714229,9411591,deprecated,0xc73a2d60,"disperseToken(address token, address[] recipients, uint256[] values)",14006930
11054595,1602689029,0x0c3183d53bb0dd1b1ada77e8181618dca030d9be8e578bcc5ecba409075779ea,14,0xbb3da38363b70dc3dc970423ff11b677c2070fd82214dcb9b243bae8fffffb48,0xd152f549545093347a162dce210e7293f1452150,0xaea46a60368a7bd060eec7df8cba43b7ef41ad85,0x849a992852911a99965a009ab839fce6a0595ec4,76730938729613846852954,Fetch,FET,18,13,9606990,85000000000,8714229,9411591,deprecated,0xc73a2d60,"disperseToken(address token, address[] recipients, uint256[] values)",14006930
11054595,1602689029,0x0c3183d53bb0dd1b1ada77e8181618dca030d9be8e578bcc5ecba409075779ea,14,0xbb3da38363b70dc3dc970423ff11b677c2070fd82214dcb9b243bae8fffffb48,0xd152f549545093347a162dce210e7293f1452150,0xaea46a60368a7bd060eec7df8cba43b7ef41ad85,0x3f24ff17e037af64f7ba31e8b3a4a6dcbec3a141,76655683374050001000000,Fetch,FET,18,13,9606990,85000000000,8714229,9411591,deprecated,0xc73a2d60,"disperseToken(address token, address[] recipients, uint256[] values)",14006930
11054595,1602689029,0x0c3183d53bb0dd1b1ada77e8181618dca030d9be8e578bcc5ecba409075779ea,14,0xbb3da38363b70dc3dc970423ff11b677c2070fd82214dcb9b243bae8fffffb48,0xd152f549545093347a162dce210e7293f1452150,0xaea46a60368a7bd060eec7df8cba43b7ef41ad85,0xcf1d3cc6951494f51cd221bb9e93ff7496b33253,76000000000000000000000,Fetch,FET,18,13,9606990,85000000000,8714229,9411591,deprecated,0xc73a2d60,"disperseToken(address token, address[] recipients, uint256[] values)",14006930
11054595,1602689029,0x0c3183d53bb0dd1b1ada77e8181618dca030d9be8e578bcc5ecba409075779ea,14,0xbb3da38363b70dc3dc970423ff11b677c2070fd82214dcb9b243bae8fffffb48,0xd152f549545093347a162dce210e7293f1452150,0xaea46a60368a7bd060eec7df8cba43b7ef41ad85,0x7f8f4a34a14561fd67884b8037d2aabf791517fc,75368000000000000000000,Fetch,FET,18,13,9606990,85000000000,8714229,9411591,deprecated,0xc73a2d60,"disperseToken(address token, address[] recipients, uint256[] values)",14006930
11054595,1602689029,0x0c3183d53bb0dd1b1ada77e8181618dca030d9be8e578bcc5ecba409075779ea,14,0xbb3da38363b70dc3dc970423ff11b677c2070fd82214dcb9b243bae8fffffb48,0xd152f549545093347a162dce210e7293f1452150,0xaea46a60368a7bd060eec7df8cba43b7ef41ad85,0x044a191ecf9862aed8a3c7a8cf1e7ed45bcae3f5,75000000000000000000000,Fetch,FET,18,13,9606990,85000000000,8714229,9411591,deprecated,0xc73a2d60,"disperseToken(address token, address[] recipients, uint256[] values)",14006930
11054595,1602689029,0x0c3183d53bb0dd1b1ada77e8181618dca030d9be8e578bcc5ecba409075779ea,14,0xbb3da38363b70dc3dc970423ff11b677c2070fd82214dcb9b243bae8fffffb48,0xd152f549545093347a162dce210e7293f1452150,0xaea46a60368a7bd060eec7df8cba43b7ef41ad85,0x6bdc622137b11e2148333a72dc9e5fad8b38a2f2,74958000000000000000000,Fetch,FET,18,13,9606990,85000000000,8714229,9411591,deprecated,0xc73a2d60,"disperseToken(address token, address[] recipients, uint256[] values)",14006930
11054595,1602689029,0x0c3183d53bb0dd1b1ada77e8181618dca030d9be8e578bcc5ecba409075779ea,14,0xbb3da38363b70dc3dc970423ff11b677c2070fd82214dcb9b243bae8fffffb48,0xd152f549545093347a162dce210e7293f1452150,0xaea46a60368a7bd060eec7df8cba43b7ef41ad85,0x2280bdcde72eeddaab71acd059201d03bcbeb30d,74896745700000000000000,Fetch,FET,18,13,9606990,85000000000,8714229,9411591,deprecated,0xc73a2d60,"disperseToken(address token, address[] recipients, uint256[] values)",14006930
11054595,1602689029,0x0c3183d53bb0dd1b1ada77e8181618dca030d9be8e578bcc5ecba409075779ea,14,0xbb3da38363b70dc3dc970423ff11b677c2070fd82214dcb9b243bae8fffffb48,0xd152f549545093347a162dce210e7293f1452150,0xaea46a60368a7bd060eec7df8cba43b7ef41ad85,0xa7a11e7168e51d6c147543ca8e6d52e2708cdde5,74405610740890000000000,Fetch,FET,18,13,9606990,85000000000,8714229,9411591,deprecated,0xc73a2d60,"disperseToken(address token, address[] recipients, uint256[] values)",14006930
11054595,1602689029,0x0c3183d53bb0dd1b1ada77e8181618dca030d9be8e578bcc5ecba409075779ea,14,0xbb3da38363b70dc3dc970423ff11b677c2070fd82214dcb9b243bae8fffffb48,0xd152f549545093347a162dce210e7293f1452150,0xaea46a60368a7bd060eec7df8cba43b7ef41ad85,0x7be5b2b6b4bf331876a0f222bf2887db06e61f5d,74026159500000000000000,Fetch,FET,18,13,9606990,85000000000,8714229,9411591,deprecated,0xc73a2d60,"disperseToken(address token, address[] recipients, uint256[] values)",14006930
11054595,1602689029,0x0c3183d53bb0dd1b1ada77e8181618dca030d9be8e578bcc5ecba409075779ea,14,0xbb3da38363b70dc3dc970423ff11b677c2070fd82214dcb9b243bae8fffffb48,0xd152f549545093347a162dce210e7293f1452150,0xaea46a60368a7bd060eec7df8cba43b7ef41ad85,0xd3d9b6492433e3efe2e97efc7d7167a523a83715,73839353833600000000000,Fetch,FET,18,13,9606990,85000000000,8714229,9411591,deprecated,0xc73a2d60,"disperseToken(address token, address[] recipients, uint256[] values)",14006930
11054595,1602689029,0x0c3183d53bb0dd1b1ada77e8181618dca030d9be8e578bcc5ecba409075779ea,14,0xbb3da38363b70dc3dc970423ff11b677c2070fd82214dcb9b243bae8fffffb48,0xd152f549545093347a162dce210e7293f1452150,0xaea46a60368a7bd060eec7df8cba43b7ef41ad85,0x17a01d74836e08609da21f0eee39cc3028cc4c96,72667498800000000000000,Fetch,FET,18,13,9606990,85000000000,8714229,9411591,deprecated,0xc73a2d60,"disperseToken(address token, address[] recipients, uint256[] values)",14006930
11054595,1602689029,0x0c3183d53bb0dd1b1ada77e8181618dca030d9be8e578bcc5ecba409075779ea,14,0xbb3da38363b70dc3dc970423ff11b677c2070fd82214dcb9b243bae8fffffb48,0xd152f549545093347a162dce210e7293f1452150,0xaea46a60368a7bd060eec7df8cba43b7ef41ad85,0x545a95cdcdf44d6290e3d0435bcc05c39c3e38d2,72554062150460000000000,Fetch,FET,18,13,9606990,85000000000,8714229,9411591,deprecated,0xc73a2d60,"disperseToken(address token, address[] recipients, uint256[] values)",14006930
11054595,1602689029,0x0c3183d53bb0dd1b1ada77e8181618dca030d9be8e578bcc5ecba409075779ea,14,0xbb3da38363b70dc3dc970423ff11b677c2070fd82214dcb9b243bae8fffffb48,0xd152f549545093347a162dce210e7293f1452150,0xaea46a60368a7bd060eec7df8cba43b7ef41ad85,0x07a871cecb4f90e740ca4c69db4ee16cd103e5c8,72396853894330000000000,Fetch,FET,18,13,9606990,85000000000,8714229,9411591,deprecated,0xc73a2d60,"disperseToken(address token, address[] recipients, uint256[] values)",14006930
11054595,1602689029,0x0c3183d53bb0dd1b1ada77e8181618dca030d9be8e578bcc5ecba409075779ea,14,0xbb3da38363b70dc3dc970423ff11b677c2070fd82214dcb9b243bae8fffffb48,0xd152f549545093347a162dce210e7293f1452150,0xaea46a60368a7bd060eec7df8cba43b7ef41ad85,0xdd06e7b86a7eade254d57f32d4076c1cf9507284,71198186000000000000000,Fetch,FET,18,13,9606990,85000000000,8714229,9411591,deprecated,0xc73a2d60,"disperseToken(address token, address[] recipients, uint256[] values)",14006930
11054595,1602689029,0x0c3183d53bb0dd1b1ada77e8181618dca030d9be8e578bcc5ecba409075779ea,14,0xbb3da38363b70dc3dc970423ff11b677c2070fd82214dcb9b243bae8fffffb48,0xd152f549545093347a162dce210e7293f1452150,0xaea46a60368a7bd060eec7df8cba43b7ef41ad85,0xe9c2c98e2433cdfa0dfb18bb17decc46f6b4f769,70230000000000000000000,Fetch,FET,18,13,9606990,85000000000,8714229,9411591,deprecated,0xc73a2d60,"disperseToken(address token, address[] recipients, uint256[] values)",14006930
11054595,1602689029,0x0c3183d53bb0dd1b1ada77e8181618dca030d9be8e578bcc5ecba409075779ea,14,0xbb3da38363b70dc3dc970423ff11b677c2070fd82214dcb9b243bae8fffffb48,0xd152f549545093347a162dce210e7293f1452150,0xaea46a60368a7bd060eec7df8cba43b7ef41ad85,0x7e29bc2282c70291a5ed193e4cd1167df22e657a,70092234031510000000000,Fetch,FET,18,13,9606990,85000000000,8714229,9411591,deprecated,0xc73a2d60,"disperseToken(address token, address[] recipients, uint256[] values)",14006930
11054595,1602689029,0x0c3183d53bb0dd1b1ada77e8181618dca030d9be8e578bcc5ecba409075779ea,14,0xbb3da38363b70dc3dc970423ff11b677c2070fd82214dcb9b243bae8fffffb48,0xd152f549545093347a162dce210e7293f1452150,0xaea46a60368a7bd060eec7df8cba43b7ef41ad85,0x0af1bbd286ec899876d98ec6931b8073d9ae9aab,70018350721680000000000,Fetch,FET,18,13,9606990,85000000000,8714229,9411591,deprecated,0xc73a2d60,"disperseToken(address token, address[] recipients, uint256[] values)",14006930
11054595,1602689029,0x0c3183d53bb0dd1b1ada77e8181618dca030d9be8e578bcc5ecba409075779ea,14,0xbb3da38363b70dc3dc970423ff11b677c2070fd82214dcb9b243bae8fffffb48,0xd152f549545093347a162dce210e7293f1452150,0xaea46a60368a7bd060eec7df8cba43b7ef41ad85,0x6607affa365d418eddc076c1d84757f8ffe3e660,69922655600000000000000,Fetch,FET,18,13,9606990,85000000000,8714229,9411591,deprecated,0xc73a2d60,"disperseToken(address token, address[] recipients, uint256[] values)",14006930
11054595,1602689029,0x0c3183d53bb0dd1b1ada77e8181618dca030d9be8e578bcc5ecba409075779ea,14,0xbb3da38363b70dc3dc970423ff11b677c2070fd82214dcb9b243bae8fffffb48,0xd152f549545093347a162dce210e7293f1452150,0xaea46a60368a7bd060eec7df8cba43b7ef41ad85,0x2bf46bdb37ea6ea5854c50c7f23eaa18c33d60e5,69251000000000000000000,Fetch,FET,18,13,9606990,85000000000,8714229,9411591,deprecated,0xc73a2d60,"disperseToken(address token, address[] recipients, uint256[] values)",14006930
11054595,1602689029,0x0c3183d53bb0dd1b1ada77e8181618dca030d9be8e578bcc5ecba409075779ea,14,0xbb3da38363b70dc3dc970423ff11b677c2070fd82214dcb9b243bae8fffffb48,0xd152f549545093347a162dce210e7293f1452150,0xaea46a60368a7bd060eec7df8cba43b7ef41ad85,0x3522dc9df74f46cf40e528b5efad15e5db37dc95,69036000000000000000000,Fetch,FET,18,13,9606990,85000000000,8714229,9411591,deprecated,0xc73a2d60,"disperseToken(address token, address[] recipients, uint256[] values)",14006930
11054595,1602689029,0x0c3183d53bb0dd1b1ada77e8181618dca030d9be8e578bcc5ecba409075779ea,14,0xbb3da38363b70dc3dc970423ff11b677c2070fd82214dcb9b243bae8fffffb48,0xd152f549545093347a162dce210e7293f1452150,0xaea46a60368a7bd060eec7df8cba43b7ef41ad85,0x600b12b64e24d0733c1f48f695aa442d2b958213,68998998042484566740905,Fetch,FET,18,13,9606990,85000000000,8714229,9411591,deprecated,0xc73a2d60,"disperseToken(address token, address[] recipients, uint256[] values)",14006930
11054595,1602689029,0x0c3183d53bb0dd1b1ada77e8181618dca030d9be8e578bcc5ecba409075779ea,14,0xbb3da38363b70dc3dc970423ff11b677c2070fd82214dcb9b243bae8fffffb48,0xd152f549545093347a162dce210e7293f1452150,0xaea46a60368a7bd060eec7df8cba43b7ef41ad85,0x423d37bbc27ecbf678182875805f258ee0f7a18f,68984572948177604571479,Fetch,FET,18,13,9606990,85000000000,8714229,9411591,deprecated,0xc73a2d60,"disperseToken(address token, address[] recipients, uint256[] values)",14006930
11054595,1602689029,0x0c3183d53bb0dd1b1ada77e8181618dca030d9be8e578bcc5ecba409075779ea,14,0xbb3da38363b70dc3dc970423ff11b677c2070fd82214dcb9b243bae8fffffb48,0xd152f549545093347a162dce210e7293f1452150,0xaea46a60368a7bd060eec7df8cba43b7ef41ad85,0x75b001d6f66620982961750e6b6ba0ba199121d4,68669820752070000000000,Fetch,FET,18,13,9606990,85000000000,8714229,9411591,deprecated,0xc73a2d60,"disperseToken(address token, address[] recipients, uint256[] values)",14006930
11054595,1602689029,0x0c3183d53bb0dd1b1ada77e8181618dca030d9be8e578bcc5ecba409075779ea,14,0xbb3da38363b70dc3dc970423ff11b677c2070fd82214dcb9b243bae8fffffb48,0xd152f549545093347a162dce210e7293f1452150,0xaea46a60368a7bd060eec7df8cba43b7ef41ad85,0x965bf0bae79ea55a5a5582b9a76b29cdbc11f5cf,68139826819160000000000,Fetch,FET,18,13,9606990,85000000000,8714229,9411591,deprecated,0xc73a2d60,"disperseToken(address token, address[] recipients, uint256[] values)",14006930
11054595,1602689029,0x0c3183d53bb0dd1b1ada77e8181618dca030d9be8e578bcc5ecba409075779ea,14,0xbb3da38363b70dc3dc970423ff11b677c2070fd82214dcb9b243bae8fffffb48,0xd152f549545093347a162dce210e7293f1452150,0xaea46a60368a7bd060eec7df8cba43b7ef41ad85,0x3a0a09ce01ab8ede9777029c1ccbaf73fbf6f8a0,66670063327280000000000,Fetch,FET,18,13,9606990,85000000000,8714229,9411591,deprecated,0xc73a2d60,"disperseToken(address token, address[] recipients, uint256[] values)",14006930
11054595,1602689029,0x0c3183d53bb0dd1b1ada77e8181618dca030d9be8e578bcc5ecba409075779ea,14,0xbb3da38363b70dc3dc970423ff11b677c2070fd82214dcb9b243bae8fffffb48,0xd152f549545093347a162dce210e7293f1452150,0xaea46a60368a7bd060eec7df8cba43b7ef41ad85,0xa62c3f8c1be00ab346215a19bfc024df8afb0b10,65563152754460000000000,Fetch,FET,18,13,9606990,85000000000,8714229,9411591,deprecated,0xc73a2d60,"disperseToken(address token, address[] recipients, uint256[] values)",14006930
11054595,1602689029,0x0c3183d53bb0dd1b1ada77e8181618dca030d9be8e578bcc5ecba409075779ea,14,0xbb3da38363b70dc3dc970423ff11b677c2070fd82214dcb9b243bae8fffffb48,0xd152f549545093347a162dce210e7293f1452150,0xaea46a60368a7bd060eec7df8cba43b7ef41ad85,0xcd57a22ea15f45583b663fc61e1b642c2fb6a50d,65514392000000000000000,Fetch,FET,18,13,9606990,85000000000,8714229,9411591,deprecated,0xc73a2d60,"disperseToken(address token, address[] recipients, uint256[] values)",14006930
11054595,1602689029,0x0c3183d53bb0dd1b1ada77e8181618dca030d9be8e578bcc5ecba409075779ea,14,0xbb3da38363b70dc3dc970423ff11b677c2070fd82214dcb9b243bae8fffffb48,0xd152f549545093347a162dce210e7293f1452150,0xaea46a60368a7bd060eec7df8cba43b7ef41ad85,0xb657913f314b9f7c15948fb467355acd02f69e9b,65396000000000000000000,Fetch,FET,18,13,9606990,85000000000,8714229,9411591,deprecated,0xc73a2d60,"disperseToken(address token, address[] recipients, uint256[] values)",14006930
11054595,1602689029,0x0c3183d53bb0dd1b1ada77e8181618dca030d9be8e578bcc5ecba409075779ea,14,0xbb3da38363b70dc3dc970423ff11b677c2070fd82214dcb9b243bae8fffffb48,0xd152f549545093347a162dce210e7293f1452150,0xaea46a60368a7bd060eec7df8cba43b7ef41ad85,0x5657c809fecbee9c79ff330e7350528e58ceb2f7,65336798000000000000003,Fetch,FET,18,13,9606990,85000000000,8714229,9411591,deprecated,0xc73a2d60,"disperseToken(address token, address[] recipients, uint256[] values)",14006930
11054595,1602689029,0x0c3183d53bb0dd1b1ada77e8181618dca030d9be8e578bcc5ecba409075779ea,14,0xbb3da38363b70dc3dc970423ff11b677c2070fd82214dcb9b243bae8fffffb48,0xd152f549545093347a162dce210e7293f1452150,0xaea46a60368a7bd060eec7df8cba43b7ef41ad85,0x340f693ddd9f4e7a7a205b9157963e3ea575637d,65000000000000000000000,Fetch,FET,18,13,9606990,85000000000,8714229,9411591,deprecated,0xc73a2d60,"disperseToken(address token, address[] recipients, uint256[] values)",14006930
11054595,1602689029,0x0c3183d53bb0dd1b1ada77e8181618dca030d9be8e578bcc5ecba409075779ea,14,0xbb3da38363b70dc3dc970423ff11b677c2070fd82214dcb9b243bae8fffffb48,0xd152f549545093347a162dce210e7293f1452150,0xaea46a60368a7bd060eec7df8cba43b7ef41ad85,0x9cfbdf8f55aa1824ceb37f85bb6250290d37972f,64929667300000000000000,Fetch,FET,18,13,9606990,85000000000,8714229,9411591,deprecated,0xc73a2d60,"disperseToken(address token, address[] recipients, uint256[] values)",14006930
11054595,1602689029,0x0c3183d53bb0dd1b1ada77e8181618dca030d9be8e578bcc5ecba409075779ea,14,0xbb3da38363b70dc3dc970423ff11b677c2070fd82214dcb9b243bae8fffffb48,0xd152f549545093347a162dce210e7293f1452150,0xaea46a60368a7bd060eec7df8cba43b7ef41ad85,0x3801582a0a8d4138333f7f1322477aa232093990,64747311559710000000000,Fetch,FET,18,13,9606990,85000000000,8714229,9411591,deprecated,0xc73a2d60,"disperseToken(address token, address[] recipients, uint256[] values)",14006930
11054595,1602689029,0x0c3183d53bb0dd1b1ada77e8181618dca030d9be8e578bcc5ecba409075779ea,14,0xbb3da38363b70dc3dc970423ff11b677c2070fd82214dcb9b243bae8fffffb48,0xd152f549545093347a162dce210e7293f1452150,0xaea46a60368a7bd060eec7df8cba43b7ef41ad85,0xb5ab36171a6b96c78f6bc375f8beae86adfe6adc,64488000000000000000003,Fetch,FET,18,13,9606990,85000000000,8714229,9411591,deprecated,0xc73a2d60,"disperseToken(address token, address[] recipients, uint256[] values)",14006930
11054595,1602689029,0x0c3183d53bb0dd1b1ada77e8181618dca030d9be8e578bcc5ecba409075779ea,14,0xbb3da38363b70dc3dc970423ff11b677c2070fd82214dcb9b243bae8fffffb48,0xd152f549545093347a162dce210e7293f1452150,0xaea46a60368a7bd060eec7df8cba43b7ef41ad85,0xc0aa84dc16323b1a7e4107ec981c1e5806b33821,64222774715050000000000,Fetch,FET,18,13,9606990,85000000000,8714229,9411591,deprecated,0xc73a2d60,"disperseToken(address token, address[] recipients, uint256[] values)",14006930
11054595,1602689029,0x0c3183d53bb0dd1b1ada77e8181618dca030d9be8e578bcc5ecba409075779ea,14,0xbb3da38363b70dc3dc970423ff11b677c2070fd82214dcb9b243bae8fffffb48,0xd152f549545093347a162dce210e7293f1452150,0xaea46a60368a7bd060eec7df8cba43b7ef41ad85,0x233c4b301a137de4e0739b4076f0223f21c01242,64007483773770000000000,Fetch,FET,18,13,9606990,85000000000,8714229,9411591,deprecated,0xc73a2d60,"disperseToken(address token, address[] recipients, uint256[] values)",14006930
11054595,1602689029,0x0c3183d53bb0dd1b1ada77e8181618dca030d9be8e578bcc5ecba409075779ea,14,0xbb3da38363b70dc3dc970423ff11b677c2070fd82214dcb9b243bae8fffffb48,0xd152f549545093347a162dce210e7293f1452150,0xaea46a60368a7bd060eec7df8cba43b7ef41ad85,0x7161d839f59bc6105889a09a2dd322ae61e5e689,63909747155670000000000,Fetch,FET,18,13,9606990,85000000000,8714229,9411591,deprecated,0xc73a2d60,"disperseToken(address token, address[] recipients, uint256[] values)",14006930
11054595,1602689029,0x0c3183d53bb0dd1b1ada77e8181618dca030d9be8e578bcc5ecba409075779ea,14,0xbb3da38363b70dc3dc970423ff11b677c2070fd82214dcb9b243bae8fffffb48,0xd152f549545093347a162dce210e7293f1452150,0xaea46a60368a7bd060eec7df8cba43b7ef41ad85,0x36dba05eb2a68de09c3375c35b043d666b27f128,63842000000000000000000,Fetch,FET,18,13,9606990,85000000000,8714229,9411591,deprecated,0xc73a2d60,"disperseToken(address token, address[] recipients, uint256[] values)",14006930
11054595,1602689029,0x0c3183d53bb0dd1b1ada77e8181618dca030d9be8e578bcc5ecba409075779ea,14,0xbb3da38363b70dc3dc970423ff11b677c2070fd82214dcb9b243bae8fffffb48,0xd152f549545093347a162dce210e7293f1452150,0xaea46a60368a7bd060eec7df8cba43b7ef41ad85,0x5949c124b5228ff6ef52d2995aa41a7d974a8f88,63582726600000000000000,Fetch,FET,18,13,9606990,85000000000,8714229,9411591,deprecated,0xc73a2d60,"disperseToken(address token, address[] recipients, uint256[] values)",14006930
11054595,1602689029,0x0c3183d53bb0dd1b1ada77e8181618dca030d9be8e578bcc5ecba409075779ea,14,0xbb3da38363b70dc3dc970423ff11b677c2070fd82214dcb9b243bae8fffffb48,0xd152f549545093347a162dce210e7293f1452150,0xaea46a60368a7bd060eec7df8cba43b7ef41ad85,0x433c46c31b515740a0b3115516e93c7ee53da7a1,63114377900000000000000,Fetch,FET,18,13,9606990,85000000000,8714229,9411591,deprecated,0xc73a2d60,"disperseToken(address token, address[] recipients, uint256[] values)",14006930
11054595,1602689029,0x0c3183d53bb0dd1b1ada77e8181618dca030d9be8e578bcc5ecba409075779ea,14,0xbb3da38363b70dc3dc970423ff11b677c2070fd82214dcb9b243bae8fffffb48,0xd152f549545093347a162dce210e7293f1452150,0xaea46a60368a7bd060eec7df8cba43b7ef41ad85,0x53603413d7098fce94dcb33a718d0a108781f166,63101651024519501261365,Fetch,FET,18,13,9606990,85000000000,8714229,9411591,deprecated,0xc73a2d60,"disperseToken(address token, address[] recipients, uint256[] values)",14006930
11054595,1602689029,0x0c3183d53bb0dd1b1ada77e8181618dca030d9be8e578bcc5ecba409075779ea,14,0xbb3da38363b70dc3dc970423ff11b677c2070fd82214dcb9b243bae8fffffb48,0xd152f549545093347a162dce210e7293f1452150,0xaea46a60368a7bd060eec7df8cba43b7ef41ad85,0xd9f8fbcfa0704311d39557896033f9a811868d3a,62818658100000000000000,Fetch,FET,18,13,9606990,85000000000,8714229,9411591,deprecated,0xc73a2d60,"disperseToken(address token, address[] recipients, uint256[] values)",14006930
11054595,1602689029,0x0c3183d53bb0dd1b1ada77e8181618dca030d9be8e578bcc5ecba409075779ea,14,0xbb3da38363b70dc3dc970423ff11b677c2070fd82214dcb9b243bae8fffffb48,0xd152f549545093347a162dce210e7293f1452150,0xaea46a60368a7bd060eec7df8cba43b7ef41ad85,0x93b5ea7d4e35ad61fc63b6ff5c8fb63d63b3d299,62817050868600000000000,Fetch,FET,18,13,9606990,85000000000,8714229,9411591,deprecated,0xc73a2d60,"disperseToken(address token, address[] recipients, uint256[] values)",14006930
11054595,1602689029,0x0c3183d53bb0dd1b1ada77e8181618dca030d9be8e578bcc5ecba409075779ea,14,0xbb3da38363b70dc3dc970423ff11b677c2070fd82214dcb9b243bae8fffffb48,0xd152f549545093347a162dce210e7293f1452150,0xaea46a60368a7bd060eec7df8cba43b7ef41ad85,0x1a0c3e6ecd910579cbd346b129d0abeccf2533da,62683768403000000000000,Fetch,FET,18,13,9606990,85000000000,8714229,9411591,deprecated,0xc73a2d60,"disperseToken(address token, address[] recipients, uint256[] values)",14006930
11054595,1602689029,0x0c3183d53bb0dd1b1ada77e8181618dca030d9be8e578bcc5ecba409075779ea,14,0xbb3da38363b70dc3dc970423ff11b677c2070fd82214dcb9b243bae8fffffb48,0xd152f549545093347a162dce210e7293f1452150,0xaea46a60368a7bd060eec7df8cba43b7ef41ad85,0xc1011f850fbcbbc6996c93cf3745ad9784ab0504,62370000000000000000000,Fetch,FET,18,13,9606990,85000000000,8714229,9411591,deprecated,0xc73a2d60,"disperseToken(address token, address[] recipients, uint256[] values)",14006930
11054595,1602689029,0x0c3183d53bb0dd1b1ada77e8181618dca030d9be8e578bcc5ecba409075779ea,14,0xbb3da38363b70dc3dc970423ff11b677c2070fd82214dcb9b243bae8fffffb48,0xd152f549545093347a162dce210e7293f1452150,0xaea46a60368a7bd060eec7df8cba43b7ef41ad85,0x29e4cc1481767847b74d6a2ff5b5da9954d8b784,62138940000000000000000,Fetch,FET,18,13,9606990,85000000000,8714229,9411591,deprecated,0xc73a2d60,"disperseToken(address token, address[] recipients, uint256[] values)",14006930
11054595,1602689029,0x0c3183d53bb0dd1b1ada77e8181618dca030d9be8e578bcc5ecba409075779ea,14,0xbb3da38363b70dc3dc970423ff11b677c2070fd82214dcb9b243bae8fffffb48,0xd152f549545093347a162dce210e7293f1452150,0xaea46a60368a7bd060eec7df8cba43b7ef41ad85,0x94a603ead33996cc7f7e367a0d757efddcdb83fb,62050522070930000000000,Fetch,FET,18,13,9606990,85000000000,8714229,9411591,deprecated,0xc73a2d60,"disperseToken(address token, address[] recipients, uint256[] values)",14006930
11054595,1602689029,0x0c3183d53bb0dd1b1ada77e8181618dca030d9be8e578bcc5ecba409075779ea,14,0xbb3da38363b70dc3dc970423ff11b677c2070fd82214dcb9b243bae8fffffb48,0xd152f549545093347a162dce210e7293f1452150,0xaea46a60368a7bd060eec7df8cba43b7ef41ad85,0x180cab3558e61b2ecbad214958d5733206ebd7be,61934981371536074486464,Fetch,FET,18,13,9606990,85000000000,8714229,9411591,deprecated,0xc73a2d60,"disperseToken(address token, address[] recipients, uint256[] values)",14006930
11054595,1602689029,0x0c3183d53bb0dd1b1ada77e8181618dca030d9be8e578bcc5ecba409075779ea,14,0xbb3da38363b70dc3dc970423ff11b677c2070fd82214dcb9b243bae8fffffb48,0xd152f549545093347a162dce210e7293f1452150,0xaea46a60368a7bd060eec7df8cba43b7ef41ad85,0x6c2d446b275bdc7e87a1044ff8c5664d64ff7965,61827039000000000000000,Fetch,FET,18,13,9606990,85000000000,8714229,9411591,deprecated,0xc73a2d60,"disperseToken(address token, address[] recipients, uint256[] values)",14006930
11054595,1602689029,0x0c3183d53bb0dd1b1ada77e8181618dca030d9be8e578bcc5ecba409075779ea,14,0xbb3da38363b70dc3dc970423ff11b677c2070fd82214dcb9b243bae8fffffb48,0xd152f549545093347a162dce210e7293f1452150,0xaea46a60368a7bd060eec7df8cba43b7ef41ad85,0x504aebe594719c1b518e55cc44ec46395f8fc811,61117097558140000000000,Fetch,FET,18,13,9606990,85000000000,8714229,9411591,deprecated,0xc73a2d60,"disperseToken(address token, address[] recipients, uint256[] values)",14006930
11054595,1602689029,0x0c3183d53bb0dd1b1ada77e8181618dca030d9be8e578bcc5ecba409075779ea,14,0xbb3da38363b70dc3dc970423ff11b677c2070fd82214dcb9b243bae8fffffb48,0xd152f549545093347a162dce210e7293f1452150,0xaea46a60368a7bd060eec7df8cba43b7ef41ad85,0x3e078e57ce8650c1f31e02e1733d69bac0477918,60784000000000000000000,Fetch,FET,18,13,9606990,85000000000,8714229,9411591,deprecated,0xc73a2d60,"disperseToken(address token, address[] recipients, uint256[] values)",14006930
11054595,1602689029,0x0c3183d53bb0dd1b1ada77e8181618dca030d9be8e578bcc5ecba409075779ea,14,0xbb3da38363b70dc3dc970423ff11b677c2070fd82214dcb9b243bae8fffffb48,0xd152f549545093347a162dce210e7293f1452150,0xaea46a60368a7bd060eec7df8cba43b7ef41ad85,0xf2ed56781570686ad24e95955c534d40ebae275f,60378797666540000000000,Fetch,FET,18,13,9606990,85000000000,8714229,9411591,deprecated,0xc73a2d60,"disperseToken(address token, address[] recipients, uint256[] values)",14006930
11054595,1602689029,0x0c3183d53bb0dd1b1ada77e8181618dca030d9be8e578bcc5ecba409075779ea,14,0xbb3da38363b70dc3dc970423ff11b677c2070fd82214dcb9b243bae8fffffb48,0xd152f549545093347a162dce210e7293f1452150,0xaea46a60368a7bd060eec7df8cba43b7ef41ad85,0xfe710f7089b9031c790898c1ad633f22b082517d,60104259420000000000000,Fetch,FET,18,13,9606990,85000000000,8714229,9411591,deprecated,0xc73a2d60,"disperseToken(address token, address[] recipients, uint256[] values)",14006930
11054595,1602689029,0x0c3183d53bb0dd1b1ada77e8181618dca030d9be8e578bcc5ecba409075779ea,14,0xbb3da38363b70dc3dc970423ff11b677c2070fd82214dcb9b243bae8fffffb48,0xd152f549545093347a162dce210e7293f1452150,0xaea46a60368a7bd060eec7df8cba43b7ef41ad85,0xeda2911b925a9ac3caec765aa3310b5d0f522a7d,60002216014220000000000,Fetch,FET,18,13,9606990,85000000000,8714229,9411591,deprecated,0xc73a2d60,"disperseToken(address token, address[] recipients, uint256[] values)",14006930
11054595,1602689029,0x0c3183d53bb0dd1b1ada77e8181618dca030d9be8e578bcc5ecba409075779ea,14,0xbb3da38363b70dc3dc970423ff11b677c2070fd82214dcb9b243bae8fffffb48,0xd152f549545093347a162dce210e7293f1452150,0xaea46a60368a7bd060eec7df8cba43b7ef41ad85,0x15a95b7e841694bf7541f615609093d6a8793aea,60000000058080000000000,Fetch,FET,18,13,9606990,85000000000,8714229,9411591,deprecated,0xc73a2d60,"disperseToken(address token, address[] recipients, uint256[] values)",14006930
11054595,1602689029,0x0c3183d53bb0dd1b1ada77e8181618dca030d9be8e578bcc5ecba409075779ea,14,0xbb3da38363b70dc3dc970423ff11b677c2070fd82214dcb9b243bae8fffffb48,0xd152f549545093347a162dce210e7293f1452150,0xaea46a60368a7bd060eec7df8cba43b7ef41ad85,0xabb5a5fd8ff59d722db74402547690b8fe0e2d18,59999764780850000000000,Fetch,FET,18,13,9606990,85000000000,8714229,9411591,deprecated,0xc73a2d60,"disperseToken(address token, address[] recipients, uint256[] values)",14006930
11054595,1602689029,0x0c3183d53bb0dd1b1ada77e8181618dca030d9be8e578bcc5ecba409075779ea,14,0xbb3da38363b70dc3dc970423ff11b677c2070fd82214dcb9b243bae8fffffb48,0xd152f549545093347a162dce210e7293f1452150,0xaea46a60368a7bd060eec7df8cba43b7ef41ad85,0x39caa5e5109934b63f338f14d93d13ee1b005e10,59974000000000000000000,Fetch,FET,18,13,9606990,85000000000,8714229,9411591,deprecated,0xc73a2d60,"disperseToken(address token, address[] recipients, uint256[] values)",14006930
11054595,1602689029,0x0c3183d53bb0dd1b1ada77e8181618dca030d9be8e578bcc5ecba409075779ea,14,0xbb3da38363b70dc3dc970423ff11b677c2070fd82214dcb9b243bae8fffffb48,0xd152f549545093347a162dce210e7293f1452150,0xaea46a60368a7bd060eec7df8cba43b7ef41ad85,0x22ce16578690442f7ff0d85cda99a77d35ff9aa5,59955000000000000000000,Fetch,FET,18,13,9606990,85000000000,8714229,9411591,deprecated,0xc73a2d60,"disperseToken(address token, address[] recipients, uint256[] values)",14006930
11054595,1602689029,0x0c3183d53bb0dd1b1ada77e8181618dca030d9be8e578bcc5ecba409075779ea,14,0xbb3da38363b70dc3dc970423ff11b677c2070fd82214dcb9b243bae8fffffb48,0xd152f549545093347a162dce210e7293f1452150,0xaea46a60368a7bd060eec7df8cba43b7ef41ad85,0xfc442a70f8f4e3d436f1cf8d666d29aa02c3594b,59838000000000000000000,Fetch,FET,18,13,9606990,85000000000,8714229,9411591,deprecated,0xc73a2d60,"disperseToken(address token, address[] recipients, uint256[] values)",14006930
11054595,1602689029,0x0c3183d53bb0dd1b1ada77e8181618dca030d9be8e578bcc5ecba409075779ea,14,0xbb3da38363b70dc3dc970423ff11b677c2070fd82214dcb9b243bae8fffffb48,0xd152f549545093347a162dce210e7293f1452150,0xaea46a60368a7bd060eec7df8cba43b7ef41ad85,0x6f31d347457962c9811ff953742870ef5a755de3,59823793542420000000000,Fetch,FET,18,13,9606990,85000000000,8714229,9411591,deprecated,0xc73a2d60,"disperseToken(address token, address[] recipients, uint256[] values)",14006930
11054595,1602689029,0x0c3183d53bb0dd1b1ada77e8181618dca030d9be8e578bcc5ecba409075779ea,14,0xbb3da38363b70dc3dc970423ff11b677c2070fd82214dcb9b243bae8fffffb48,0xd152f549545093347a162dce210e7293f1452150,0xaea46a60368a7bd060eec7df8cba43b7ef41ad85,0x96e77398f5cc8444d3e607df2773c8d50a26450a,59580621664360000000000,Fetch,FET,18,13,9606990,85000000000,8714229,9411591,deprecated,0xc73a2d60,"disperseToken(address token, address[] recipients, uint256[] values)",14006930
11054595,1602689029,0x0c3183d53bb0dd1b1ada77e8181618dca030d9be8e578bcc5ecba409075779ea,14,0xbb3da38363b70dc3dc970423ff11b677c2070fd82214dcb9b243bae8fffffb48,0xd152f549545093347a162dce210e7293f1452150,0xaea46a60368a7bd060eec7df8cba43b7ef41ad85,0xfa6eeb0bbcf61f9cedb994480a4b20ed19fecb0a,59515660700000000000000,Fetch,FET,18,13,9606990,85000000000,8714229,9411591,deprecated,0xc73a2d60,"disperseToken(address token, address[] recipients, uint256[] values)",14006930
11054595,1602689029,0x0c3183d53bb0dd1b1ada77e8181618dca030d9be8e578bcc5ecba409075779ea,14,0xbb3da38363b70dc3dc970423ff11b677c2070fd82214dcb9b243bae8fffffb48,0xd152f549545093347a162dce210e7293f1452150,0xaea46a60368a7bd060eec7df8cba43b7ef41ad85,0x8e0a6335a97e7943a91f4d402e820c08993e800e,59195122808142053453397,Fetch,FET,18,13,9606990,85000000000,8714229,9411591,deprecated,0xc73a2d60,"disperseToken(address token, address[] recipients, uint256[] values)",14006930
11054595,1602689029,0x0c3183d53bb0dd1b1ada77e8181618dca030d9be8e578bcc5ecba409075779ea,14,0xbb3da38363b70dc3dc970423ff11b677c2070fd82214dcb9b243bae8fffffb48,0xd152f549545093347a162dce210e7293f1452150,0xaea46a60368a7bd060eec7df8cba43b7ef41ad85,0xc25c7a5b8543835e17f3b3d282251df90cac7d9b,58935011300000000000000,Fetch,FET,18,13,9606990,85000000000,8714229,9411591,deprecated,0xc73a2d60,"disperseToken(address token, address[] recipients, uint256[] values)",14006930
11054595,1602689029,0x0c3183d53bb0dd1b1ada77e8181618dca030d9be8e578bcc5ecba409075779ea,14,0xbb3da38363b70dc3dc970423ff11b677c2070fd82214dcb9b243bae8fffffb48,0xd152f549545093347a162dce210e7293f1452150,0xaea46a60368a7bd060eec7df8cba43b7ef41ad85,0xc12fed59792b046474f9b17ceca7c3db5d7339ef,58711614300260000000000,Fetch,FET,18,13,9606990,85000000000,8714229,9411591,deprecated,0xc73a2d60,"disperseToken(address token, address[] recipients, uint256[] values)",14006930
11054595,1602689029,0x0c3183d53bb0dd1b1ada77e8181618dca030d9be8e578bcc5ecba409075779ea,14,0xbb3da38363b70dc3dc970423ff11b677c2070fd82214dcb9b243bae8fffffb48,0xd152f549545093347a162dce210e7293f1452150,0xaea46a60368a7bd060eec7df8cba43b7ef41ad85,0x5c688d7d370fc1c961ce58a41b6175e96bd35e84,58629285052300000000000,Fetch,FET,18,13,9606990,85000000000,8714229,9411591,deprecated,0xc73a2d60,"disperseToken(address token, address[] recipients, uint256[] values)",14006930
11054595,1602689029,0x0c3183d53bb0dd1b1ada77e8181618dca030d9be8e578bcc5ecba409075779ea,14,0xbb3da38363b70dc3dc970423ff11b677c2070fd82214dcb9b243bae8fffffb48,0xd152f549545093347a162dce210e7293f1452150,0xaea46a60368a7bd060eec7df8cba43b7ef41ad85,0xa2dcb52f5cf34a84a2ebfb7d937f7051ae4c697b,58542190632110000000000,Fetch,FET,18,13,9606990,85000000000,8714229,9411591,deprecated,0xc73a2d60,"disperseToken(address token, address[] recipients, uint256[] values)",14006930
11054595,1602689029,0x0c3183d53bb0dd1b1ada77e8181618dca030d9be8e578bcc5ecba409075779ea,14,0xbb3da38363b70dc3dc970423ff11b677c2070fd82214dcb9b243bae8fffffb48,0xd152f549545093347a162dce210e7293f1452150,0xaea46a60368a7bd060eec7df8cba43b7ef41ad85,0x47355d7e87c9c742623bc1e9a82520ea802867af,58208407486423112332883,Fetch,FET,18,13,9606990,85000000000,8714229,9411591,deprecated,0xc73a2d60,"disperseToken(address token, address[] recipients, uint256[] values)",14006930
11054595,1602689029,0x0c3183d53bb0dd1b1ada77e8181618dca030d9be8e578bcc5ecba409075779ea,14,0xbb3da38363b70dc3dc970423ff11b677c2070fd82214dcb9b243bae8fffffb48,0xd152f549545093347a162dce210e7293f1452150,0xaea46a60368a7bd060eec7df8cba43b7ef41ad85,0xd9beebfe80416deb0f091f914c1602b314aee68c,57971053153750000000000,Fetch,FET,18,13,9606990,85000000000,8714229,9411591,deprecated,0xc73a2d60,"disperseToken(address token, address[] recipients, uint256[] values)",14006930
11054595,1602689029,0x0c3183d53bb0dd1b1ada77e8181618dca030d9be8e578bcc5ecba409075779ea,14,0xbb3da38363b70dc3dc970423ff11b677c2070fd82214dcb9b243bae8fffffb48,0xd152f549545093347a162dce210e7293f1452150,0xaea46a60368a7bd060eec7df8cba43b7ef41ad85,0x2d86449dc83db3bb4e74477b2a4d29d44e974e0b,57435000000000000000000,Fetch,FET,18,13,9606990,85000000000,8714229,9411591,deprecated,0xc73a2d60,"disperseToken(address token, address[] recipients, uint256[] values)",14006930
11054595,1602689029,0x0c3183d53bb0dd1b1ada77e8181618dca030d9be8e578bcc5ecba409075779ea,14,0xbb3da38363b70dc3dc970423ff11b677c2070fd82214dcb9b243bae8fffffb48,0xd152f549545093347a162dce210e7293f1452150,0xaea46a60368a7bd060eec7df8cba43b7ef41ad85,0xb7cefff14dced1b13cad6e05c51e4d0f1733dfad,57316831979541397378222,Fetch,FET,18,13,9606990,85000000000,8714229,9411591,deprecated,0xc73a2d60,"disperseToken(address token, address[] recipients, uint256[] values)",14006930
11054595,1602689029,0x0c3183d53bb0dd1b1ada77e8181618dca030d9be8e578bcc5ecba409075779ea,14,0xbb3da38363b70dc3dc970423ff11b677c2070fd82214dcb9b243bae8fffffb48,0xd152f549545093347a162dce210e7293f1452150,0xaea46a60368a7bd060eec7df8cba43b7ef41ad85,0x52c556e0a05ed45cef232db92411ba017a92e421,57022449637212070082761,Fetch,FET,18,13,9606990,85000000000,8714229,9411591,deprecated,0xc73a2d60,"disperseToken(address token, address[] recipients, uint256[] values)",14006930
11054595,1602689029,0x0c3183d53bb0dd1b1ada77e8181618dca030d9be8e578bcc5ecba409075779ea,14,0xbb3da38363b70dc3dc970423ff11b677c2070fd82214dcb9b243bae8fffffb48,0xd152f549545093347a162dce210e7293f1452150,0xaea46a60368a7bd060eec7df8cba43b7ef41ad85,0x4d0f89c6b18dca95ee1a249b22b77cd70d1b2d24,57016283500000000000000,Fetch,FET,18,13,9606990,85000000000,8714229,9411591,deprecated,0xc73a2d60,"disperseToken(address token, address[] recipients, uint256[] values)",14006930
11054595,1602689029,0x0c3183d53bb0dd1b1ada77e8181618dca030d9be8e578bcc5ecba409075779ea,14,0xbb3da38363b70dc3dc970423ff11b677c2070fd82214dcb9b243bae8fffffb48,0xd152f549545093347a162dce210e7293f1452150,0xaea46a60368a7bd060eec7df8cba43b7ef41ad85,0x1ca06d867e4958b499e98322f2d16bff33ff923f,56354366600000000000000,Fetch,FET,18,13,9606990,85000000000,8714229,9411591,deprecated,0xc73a2d60,"disperseToken(address token, address[] recipients, uint256[] values)",14006930
11054595,1602689029,0x0c3183d53bb0dd1b1ada77e8181618dca030d9be8e578bcc5ecba409075779ea,14,0xbb3da38363b70dc3dc970423ff11b677c2070fd82214dcb9b243bae8fffffb48,0xd152f549545093347a162dce210e7293f1452150,0xaea46a60368a7bd060eec7df8cba43b7ef41ad85,0x5ebf997d0cb40f42027e9d979f075a09149d8aa2,55588887221600000000000,Fetch,FET,18,13,9606990,85000000000,8714229,9411591,deprecated,0xc73a2d60,"disperseToken(address token, address[] recipients, uint256[] values)",14006930
11054595,1602689029,0x0c3183d53bb0dd1b1ada77e8181618dca030d9be8e578bcc5ecba409075779ea,14,0xbb3da38363b70dc3dc970423ff11b677c2070fd82214dcb9b243bae8fffffb48,0xd152f549545093347a162dce210e7293f1452150,0xaea46a60368a7bd060eec7df8cba43b7ef41ad85,0xf7a1ccc20277e9c1f4bbe73e4445450af68fd22a,55121600430890000000000,Fetch,FET,18,13,9606990,85000000000,8714229,9411591,deprecated,0xc73a2d60,"disperseToken(address token, address[] recipients, uint256[] values)",14006930
11054595,1602689029,0x0c3183d53bb0dd1b1ada77e8181618dca030d9be8e578bcc5ecba409075779ea,14,0xbb3da38363b70dc3dc970423ff11b677c2070fd82214dcb9b243bae8fffffb48,0xd152f549545093347a162dce210e7293f1452150,0xaea46a60368a7bd060eec7df8cba43b7ef41ad85,0x5800ae65899124724bbaaf743bda6d69eaca9443,54913000000000000000000,Fetch,FET,18,13,9606990,85000000000,8714229,9411591,deprecated,0xc73a2d60,"disperseToken(address token, address[] recipients, uint256[] values)",14006930
11054595,1602689029,0x0c3183d53bb0dd1b1ada77e8181618dca030d9be8e578bcc5ecba409075779ea,14,0xbb3da38363b70dc3dc970423ff11b677c2070fd82214dcb9b243bae8fffffb48,0xd152f549545093347a162dce210e7293f1452150,0xaea46a60368a7bd060eec7df8cba43b7ef41ad85,0x51f5f93c6123bb38b4d6f8a9116903ef670a1997,54901265222760000000000,Fetch,FET,18,13,9606990,85000000000,8714229,9411591,deprecated,0xc73a2d60,"disperseToken(address token, address[] recipients, uint256[] values)",14006930
11054595,1602689029,0x0c3183d53bb0dd1b1ada77e8181618dca030d9be8e578bcc5ecba409075779ea,14,0xbb3da38363b70dc3dc970423ff11b677c2070fd82214dcb9b243bae8fffffb48,0xd152f549545093347a162dce210e7293f1452150,0xaea46a60368a7bd060eec7df8cba43b7ef41ad85,0x72fdb2c5d3988350c99d68fe886577217b0fafca,54675000000000000000000,Fetch,FET,18,13,9606990,85000000000,8714229,9411591,deprecated,0xc73a2d60,"disperseToken(address token, address[] recipients, uint256[] values)",14006930
11054595,1602689029,0x0c3183d53bb0dd1b1ada77e8181618dca030d9be8e578bcc5ecba409075779ea,14,0xbb3da38363b70dc3dc970423ff11b677c2070fd82214dcb9b243bae8fffffb48,0xd152f549545093347a162dce210e7293f1452150,0xaea46a60368a7bd060eec7df8cba43b7ef41ad85,0x1c812b8720cab75698bdd0a4d4b2bc8e099d7022,54512925421050000000000,Fetch,FET,18,13,9606990,85000000000,8714229,9411591,deprecated,0xc73a2d60,"disperseToken(address token, address[] recipients, uint256[] values)",14006930
11054595,1602689029,0x0c3183d53bb0dd1b1ada77e8181618dca030d9be8e578bcc5ecba409075779ea,14,0xbb3da38363b70dc3dc970423ff11b677c2070fd82214dcb9b243bae8fffffb48,0xd152f549545093347a162dce210e7293f1452150,0xaea46a60368a7bd060eec7df8cba43b7ef41ad85,0x62223b4d1a5902d8e4bf204807fb6e3ae9da2ddf,53773352380000000000000,Fetch,FET,18,13,9606990,85000000000,8714229,9411591,deprecated,0xc73a2d60,"disperseToken(address token, address[] recipients, uint256[] values)",14006930
11054595,1602689029,0x0c3183d53bb0dd1b1ada77e8181618dca030d9be8e578bcc5ecba409075779ea,14,0xbb3da38363b70dc3dc970423ff11b677c2070fd82214dcb9b243bae8fffffb48,0xd152f549545093347a162dce210e7293f1452150,0xaea46a60368a7bd060eec7df8cba43b7ef41ad85,0xecae7522d5596d145ae4e5c8093374848c04ba15,53617000000000000000000,Fetch,FET,18,13,9606990,85000000000,8714229,9411591,deprecated,0xc73a2d60,"disperseToken(address token, address[] recipients, uint256[] values)",14006930
11054595,1602689029,0x0c3183d53bb0dd1b1ada77e8181618dca030d9be8e578bcc5ecba409075779ea,14,0xbb3da38363b70dc3dc970423ff11b677c2070fd82214dcb9b243bae8fffffb48,0xd152f549545093347a162dce210e7293f1452150,0xaea46a60368a7bd060eec7df8cba43b7ef41ad85,0xdc9d7c056b5d1314eb8bb8a6ef53cebeb02767e5,53601673409685363465534,Fetch,FET,18,13,9606990,85000000000,8714229,9411591,deprecated,0xc73a2d60,"disperseToken(address token, address[] recipients, uint256[] values)",14006930
11054595,1602689029,0x0c3183d53bb0dd1b1ada77e8181618dca030d9be8e578bcc5ecba409075779ea,14,0xbb3da38363b70dc3dc970423ff11b677c2070fd82214dcb9b243bae8fffffb48,0xd152f549545093347a162dce210e7293f1452150,0xaea46a60368a7bd060eec7df8cba43b7ef41ad85,0x8380acac6d6c41a38614ddac6189a2008f65c331,53277600000000000000000,Fetch,FET,18,13,9606990,85000000000,8714229,9411591,deprecated,0xc73a2d60,"disperseToken(address token, address[] recipients, uint256[] values)",14006930
11054595,1602689029,0x0c3183d53bb0dd1b1ada77e8181618dca030d9be8e578bcc5ecba409075779ea,14,0xbb3da38363b70dc3dc970423ff11b677c2070fd82214dcb9b243bae8fffffb48,0xd152f549545093347a162dce210e7293f1452150,0xaea46a60368a7bd060eec7df8cba43b7ef41ad85,0x9f810f12572ec7c5e6afea836addf758bd13da67,52927600000000000000000,Fetch,FET,18,13,9606990,85000000000,8714229,9411591,deprecated,0xc73a2d60,"disperseToken(address token, address[] recipients, uint256[] values)",14006930
11054595,1602689029,0x0c3183d53bb0dd1b1ada77e8181618dca030d9be8e578bcc5ecba409075779ea,14,0xbb3da38363b70dc3dc970423ff11b677c2070fd82214dcb9b243bae8fffffb48,0xd152f549545093347a162dce210e7293f1452150,0xaea46a60368a7bd060eec7df8cba43b7ef41ad85,0x2bd5341d1c4dd9b5c4460cdb82115ff828be7c02,52732000000000000000000,Fetch,FET,18,13,9606990,85000000000,8714229,9411591,deprecated,0xc73a2d60,"disperseToken(address token, address[] recipients, uint256[] values)",14006930
11054595,1602689029,0x0c3183d53bb0dd1b1ada77e8181618dca030d9be8e578bcc5ecba409075779ea,14,0xbb3da38363b70dc3dc970423ff11b677c2070fd82214dcb9b243bae8fffffb48,0xd152f549545093347a162dce210e7293f1452150,0xaea46a60368a7bd060eec7df8cba43b7ef41ad85,0x49dc122969479f592b1ebef0e2706ebd8bd5003c,52631000000000000000000,Fetch,FET,18,13,9606990,85000000000,8714229,9411591,deprecated,0xc73a2d60,"disperseToken(address token, address[] recipients, uint256[] values)",14006930
11054595,1602689029,0x0c3183d53bb0dd1b1ada77e8181618dca030d9be8e578bcc5ecba409075779ea,14,0xbb3da38363b70dc3dc970423ff11b677c2070fd82214dcb9b243bae8fffffb48,0xd152f549545093347a162dce210e7293f1452150,0xaea46a60368a7bd060eec7df8cba43b7ef41ad85,0xed84f5f60659086ececa5d05c83ee9df046bb2f7,52485000000000000000000,Fetch,FET,18,13,9606990,85000000000,8714229,9411591,deprecated,0xc73a2d60,"disperseToken(address token, address[] recipients, uint256[] values)",14006930
11054595,1602689029,0x0c3183d53bb0dd1b1ada77e8181618dca030d9be8e578bcc5ecba409075779ea,14,0xbb3da38363b70dc3dc970423ff11b677c2070fd82214dcb9b243bae8fffffb48,0xd152f549545093347a162dce210e7293f1452150,0xaea46a60368a7bd060eec7df8cba43b7ef41ad85,0x13d3af6def95a7a4f11e3b8d8efb213a570daaba,51867609534320000000000,Fetch,FET,18,13,9606990,85000000000,8714229,9411591,deprecated,0xc73a2d60,"disperseToken(address token, address[] recipients, uint256[] values)",14006930
11054595,1602689029,0x0c3183d53bb0dd1b1ada77e8181618dca030d9be8e578bcc5ecba409075779ea,14,0xbb3da38363b70dc3dc970423ff11b677c2070fd82214dcb9b243bae8fffffb48,0xd152f549545093347a162dce210e7293f1452150,0xaea46a60368a7bd060eec7df8cba43b7ef41ad85,0xeff7195a9cfde278e8e8ccb5af1a00bca6f0fd0d,51678129925648310567749,Fetch,FET,18,13,9606990,85000000000,8714229,9411591,deprecated,0xc73a2d60,"disperseToken(address token, address[] recipients, uint256[] values)",14006930
11054595,1602689029,0x0c3183d53bb0dd1b1ada77e8181618dca030d9be8e578bcc5ecba409075779ea,14,0xbb3da38363b70dc3dc970423ff11b677c2070fd82214dcb9b243bae8fffffb48,0xd152f549545093347a162dce210e7293f1452150,0xaea46a60368a7bd060eec7df8cba43b7ef41ad85,0x9ec62f8d9ae1f09df3093476b59153db5c5bbac9,51395478558270636672171,Fetch,FET,18,13,9606990,85000000000,8714229,9411591,deprecated,0xc73a2d60,"disperseToken(address token, address[] recipients, uint256[] values)",14006930
11054595,1602689029,0x0c3183d53bb0dd1b1ada77e8181618dca030d9be8e578bcc5ecba409075779ea,14,0xbb3da38363b70dc3dc970423ff11b677c2070fd82214dcb9b243bae8fffffb48,0xd152f549545093347a162dce210e7293f1452150,0xaea46a60368a7bd060eec7df8cba43b7ef41ad85,0xfbe724d2bb7c52ca469912e3caa85ff53023d452,51198692000000000000000,Fetch,FET,18,13,9606990,85000000000,8714229,9411591,deprecated,0xc73a2d60,"disperseToken(address token, address[] recipients, uint256[] values)",14006930
11054595,1602689029,0x0c3183d53bb0dd1b1ada77e8181618dca030d9be8e578bcc5ecba409075779ea,14,0xbb3da38363b70dc3dc970423ff11b677c2070fd82214dcb9b243bae8fffffb48,0xd152f549545093347a162dce210e7293f1452150,0xaea46a60368a7bd060eec7df8cba43b7ef41ad85,0x60a309b7346a16b817aa437066d50b5503feb9b3,51072000000000000000000,Fetch,FET,18,13,9606990,85000000000,8714229,9411591,deprecated,0xc73a2d60,"disperseToken(address token, address[] recipients, uint256[] values)",14006930
11054595,1602689029,0x0c3183d53bb0dd1b1ada77e8181618dca030d9be8e578bcc5ecba409075779ea,14,0xbb3da38363b70dc3dc970423ff11b677c2070fd82214dcb9b243bae8fffffb48,0xd152f549545093347a162dce210e7293f1452150,0xaea46a60368a7bd060eec7df8cba43b7ef41ad85,0xd0f9899ec83bf1cf915bf101d6e7949361151523,50784000000000000000000,Fetch,FET,18,13,9606990,85000000000,8714229,9411591,deprecated,0xc73a2d60,"disperseToken(address token, address[] recipients, uint256[] values)",14006930
11054595,1602689029,0x0c3183d53bb0dd1b1ada77e8181618dca030d9be8e578bcc5ecba409075779ea,14,0xbb3da38363b70dc3dc970423ff11b677c2070fd82214dcb9b243bae8fffffb48,0xd152f549545093347a162dce210e7293f1452150,0xaea46a60368a7bd060eec7df8cba43b7ef41ad85,0x4da602878bd75fd6f7558d3538faf32843510a55,50679372475190000000000,Fetch,FET,18,13,9606990,85000000000,8714229,9411591,deprecated,0xc73a2d60,"disperseToken(address token, address[] recipients, uint256[] values)",14006930
11054595,1602689029,0x0c3183d53bb0dd1b1ada77e8181618dca030d9be8e578bcc5ecba409075779ea,14,0xbb3da38363b70dc3dc970423ff11b677c2070fd82214dcb9b243bae8fffffb48,0xd152f549545093347a162dce210e7293f1452150,0xaea46a60368a7bd060eec7df8cba43b7ef41ad85,0xe60a9fd5fe190de7620341636c3f02abf5b20ea5,50627498236680000000000,Fetch,FET,18,13,9606990,85000000000,8714229,9411591,deprecated,0xc73a2d60,"disperseToken(address token, address[] recipients, uint256[] values)",14006930
11054595,1602689029,0x0c3183d53bb0dd1b1ada77e8181618dca030d9be8e578bcc5ecba409075779ea,14,0xbb3da38363b70dc3dc970423ff11b677c2070fd82214dcb9b243bae8fffffb48,0xd152f549545093347a162dce210e7293f1452150,0xaea46a60368a7bd060eec7df8cba43b7ef41ad85,0xdd80646f3c2cdd3ca673781ba225782695dce8d2,50220000000000000000000,Fetch,FET,18,13,9606990,85000000000,8714229,9411591,deprecated,0xc73a2d60,"disperseToken(address token, address[] recipients, uint256[] values)",14006930
11054595,1602689029,0x0c3183d53bb0dd1b1ada77e8181618dca030d9be8e578bcc5ecba409075779ea,14,0xbb3da38363b70dc3dc970423ff11b677c2070fd82214dcb9b243bae8fffffb48,0xd152f549545093347a162dce210e7293f1452150,0xaea46a60368a7bd060eec7df8cba43b7ef41ad85,0x942e3359d68096e3ca45cb4da7d002e639ae5ec7,50079000000000000000000,Fetch,FET,18,13,9606990,85000000000,8714229,9411591,deprecated,0xc73a2d60,"disperseToken(address token, address[] recipients, uint256[] values)",14006930
11054595,1602689029,0x0c3183d53bb0dd1b1ada77e8181618dca030d9be8e578bcc5ecba409075779ea,14,0xbb3da38363b70dc3dc970423ff11b677c2070fd82214dcb9b243bae8fffffb48,0xd152f549545093347a162dce210e7293f1452150,0xaea46a60368a7bd060eec7df8cba43b7ef41ad85,0x6dd888be1b7099bb004dae0504fc948b42259eab,50055047860000000000000,Fetch,FET,18,13,9606990,85000000000,8714229,9411591,deprecated,0xc73a2d60,"disperseToken(address token, address[] recipients, uint256[] values)",14006930
11054595,1602689029,0x0c3183d53bb0dd1b1ada77e8181618dca030d9be8e578bcc5ecba409075779ea,14,0xbb3da38363b70dc3dc970423ff11b677c2070fd82214dcb9b243bae8fffffb48,0xd152f549545093347a162dce210e7293f1452150,0xaea46a60368a7bd060eec7df8cba43b7ef41ad85,0x2be8af1c100a5fa9d28ec28442831ba9982d7e96,50051000000000000000000,Fetch,FET,18,13,9606990,85000000000,8714229,9411591,deprecated,0xc73a2d60,"disperseToken(address token, address[] recipients, uint256[] values)",14006930
11054595,1602689029,0x0c3183d53bb0dd1b1ada77e8181618dca030d9be8e578bcc5ecba409075779ea,14,0xbb3da38363b70dc3dc970423ff11b677c2070fd82214dcb9b243bae8fffffb48,0xd152f549545093347a162dce210e7293f1452150,0xaea46a60368a7bd060eec7df8cba43b7ef41ad85,0x339be2c6162bc536f06f15cb4781eb117f9f9c88,50048000000000000000000,Fetch,FET,18,13,9606990,85000000000,8714229,9411591,deprecated,0xc73a2d60,"disperseToken(address token, address[] recipients, uint256[] values)",14006930
11054595,1602689029,0x0c3183d53bb0dd1b1ada77e8181618dca030d9be8e578bcc5ecba409075779ea,14,0xbb3da38363b70dc3dc970423ff11b677c2070fd82214dcb9b243bae8fffffb48,0xd152f549545093347a162dce210e7293f1452150,0xaea46a60368a7bd060eec7df8cba43b7ef41ad85,0xb755c1aa68bc000c0cb939a6d0a895a9615a0729,50042000000000000000000,Fetch,FET,18,13,9606990,85000000000,8714229,9411591,deprecated,0xc73a2d60,"disperseToken(address token, address[] recipients, uint256[] values)",14006930
11054595,1602689029,0x0c3183d53bb0dd1b1ada77e8181618dca030d9be8e578bcc5ecba409075779ea,14,0xbb3da38363b70dc3dc970423ff11b677c2070fd82214dcb9b243bae8fffffb48,0xd152f549545093347a162dce210e7293f1452150,0xaea46a60368a7bd060eec7df8cba43b7ef41ad85,0x5c7c0444e9528eb364997778ce15d7350d5a82cf,50037707753390000000000,Fetch,FET,18,13,9606990,85000000000,8714229,9411591,deprecated,0xc73a2d60,"disperseToken(address token, address[] recipients, uint256[] values)",14006930
11054595,1602689029,0x0c3183d53bb0dd1b1ada77e8181618dca030d9be8e578bcc5ecba409075779ea,14,0xbb3da38363b70dc3dc970423ff11b677c2070fd82214dcb9b243bae8fffffb48,0xd152f549545093347a162dce210e7293f1452150,0xaea46a60368a7bd060eec7df8cba43b7ef41ad85,0x29c5db73b2556fa8fe7c7b9b4847c10b262b43f6,50010997000000000000000,Fetch,FET,18,13,9606990,85000000000,8714229,9411591,deprecated,0xc73a2d60,"disperseToken(address token, address[] recipients, uint256[] values)",14006930
11054595,1602689029,0x0c3183d53bb0dd1b1ada77e8181618dca030d9be8e578bcc5ecba409075779ea,14,0xbb3da38363b70dc3dc970423ff11b677c2070fd82214dcb9b243bae8fffffb48,0xd152f549545093347a162dce210e7293f1452150,0xaea46a60368a7bd060eec7df8cba43b7ef41ad85,0xa5c071916bd1dc65e4defa553aee4c2822bf5b30,50007100000000000000000,Fetch,FET,18,13,9606990,85000000000,8714229,9411591,deprecated,0xc73a2d60,"disperseToken(address token, address[] recipients, uint256[] values)",14006930
11054595,1602689029,0x0c3183d53bb0dd1b1ada77e8181618dca030d9be8e578bcc5ecba409075779ea,14,0xbb3da38363b70dc3dc970423ff11b677c2070fd82214dcb9b243bae8fffffb48,0xd152f549545093347a162dce210e7293f1452150,0xaea46a60368a7bd060eec7df8cba43b7ef41ad85,0xdaec3ad42514cfd377d89ad37730a00e154119bf,50004940000000000000000,Fetch,FET,18,13,9606990,85000000000,8714229,9411591,deprecated,0xc73a2d60,"disperseToken(address token, address[] recipients, uint256[] values)",14006930
11054595,1602689029,0x0c3183d53bb0dd1b1ada77e8181618dca030d9be8e578bcc5ecba409075779ea,14,0xbb3da38363b70dc3dc970423ff11b677c2070fd82214dcb9b243bae8fffffb48,0xd152f549545093347a162dce210e7293f1452150,0xaea46a60368a7bd060eec7df8cba43b7ef41ad85,0xfe9acd158bf139073e0ff1c4cd02e7dfad682fc8,50000000000000000000000,Fetch,FET,18,13,9606990,85000000000,8714229,9411591,deprecated,0xc73a2d60,"disperseToken(address token, address[] recipients, uint256[] values)",14006930
11054595,1602689029,0x0c3183d53bb0dd1b1ada77e8181618dca030d9be8e578bcc5ecba409075779ea,14,0xbb3da38363b70dc3dc970423ff11b677c2070fd82214dcb9b243bae8fffffb48,0xd152f549545093347a162dce210e7293f1452150,0xaea46a60368a7bd060eec7df8cba43b7ef41ad85,0xa89728188f1b9336ab1739d9ab44ccad861030f8,50000000000000000000000,Fetch,FET,18,13,9606990,85000000000,8714229,9411591,deprecated,0xc73a2d60,"disperseToken(address token, address[] recipients, uint256[] values)",14006930
11054595,1602689029,0x0c3183d53bb0dd1b1ada77e8181618dca030d9be8e578bcc5ecba409075779ea,14,0xbb3da38363b70dc3dc970423ff11b677c2070fd82214dcb9b243bae8fffffb48,0xd152f549545093347a162dce210e7293f1452150,0xaea46a60368a7bd060eec7df8cba43b7ef41ad85,0xcd8b319284e9e0a78e1077144be27c41bdb1549a,50000000000000000000000,Fetch,FET,18,13,9606990,85000000000,8714229,9411591,deprecated,0xc73a2d60,"disperseToken(address token, address[] recipients, uint256[] values)",14006930
11054595,1602689029,0x0c3183d53bb0dd1b1ada77e8181618dca030d9be8e578bcc5ecba409075779ea,14,0xbb3da38363b70dc3dc970423ff11b677c2070fd82214dcb9b243bae8fffffb48,0xd152f549545093347a162dce210e7293f1452150,0xaea46a60368a7bd060eec7df8cba43b7ef41ad85,0x63513f7954b3eea445d85f86d5c5b42f9e41b9b7,50000000000000000000000,Fetch,FET,18,13,9606990,85000000000,8714229,9411591,deprecated,0xc73a2d60,"disperseToken(address token, address[] recipients, uint256[] values)",14006930
11054595,1602689029,0x0c3183d53bb0dd1b1ada77e8181618dca030d9be8e578bcc5ecba409075779ea,14,0xbb3da38363b70dc3dc970423ff11b677c2070fd82214dcb9b243bae8fffffb48,0xd152f549545093347a162dce210e7293f1452150,0xaea46a60368a7bd060eec7df8cba43b7ef41ad85,0xd2c6c66120fe4b14a889173c6746c74277751e36,50000000000000000000000,Fetch,FET,18,13,9606990,85000000000,8714229,9411591,deprecated,0xc73a2d60,"disperseToken(address token, address[] recipients, uint256[] values)",14006930
11054595,1602689029,0x0c3183d53bb0dd1b1ada77e8181618dca030d9be8e578bcc5ecba409075779ea,14,0xbb3da38363b70dc3dc970423ff11b677c2070fd82214dcb9b243bae8fffffb48,0xd152f549545093347a162dce210e7293f1452150,0xaea46a60368a7bd060eec7df8cba43b7ef41ad85,0x34b582909ed9f23627c8be633ffc01173c68b13e,50000000000000000000000,Fetch,FET,18,13,9606990,85000000000,8714229,9411591,deprecated,0xc73a2d60,"disperseToken(address token, address[] recipients, uint256[] values)",14006930
11054595,1602689029,0x0c3183d53bb0dd1b1ada77e8181618dca030d9be8e578bcc5ecba409075779ea,14,0xbb3da38363b70dc3dc970423ff11b677c2070fd82214dcb9b243bae8fffffb48,0xd152f549545093347a162dce210e7293f1452150,0xaea46a60368a7bd060eec7df8cba43b7ef41ad85,0x49bd517c0cda4e91c80a2d932f72f5b449a807ed,50000000000000000000000,Fetch,FET,18,13,9606990,85000000000,8714229,9411591,deprecated,0xc73a2d60,"disperseToken(address token, address[] recipients, uint256[] values)",14006930
11054595,1602689029,0x0c3183d53bb0dd1b1ada77e8181618dca030d9be8e578bcc5ecba409075779ea,14,0xbb3da38363b70dc3dc970423ff11b677c2070fd82214dcb9b243bae8fffffb48,0xd152f549545093347a162dce210e7293f1452150,0xaea46a60368a7bd060eec7df8cba43b7ef41ad85,0x28bcca1bce788af3befa8470286febdc10280ced,49999000000000000000000,Fetch,FET,18,13,9606990,85000000000,8714229,9411591,deprecated,0xc73a2d60,"disperseToken(address token, address[] recipients, uint256[] values)",14006930
11054595,1602689029,0x0c3183d53bb0dd1b1ada77e8181618dca030d9be8e578bcc5ecba409075779ea,14,0xbb3da38363b70dc3dc970423ff11b677c2070fd82214dcb9b243bae8fffffb48,0xd152f549545093347a162dce210e7293f1452150,0xaea46a60368a7bd060eec7df8cba43b7ef41ad85,0x952fa84833aaa9034ee6f2688de796a95aedd6cb,49970783100000000000000,Fetch,FET,18,13,9606990,85000000000,8714229,9411591,deprecated,0xc73a2d60,"disperseToken(address token, address[] recipients, uint256[] values)",14006930
11054595,1602689029,0x0c3183d53bb0dd1b1ada77e8181618dca030d9be8e578bcc5ecba409075779ea,14,0xbb3da38363b70dc3dc970423ff11b677c2070fd82214dcb9b243bae8fffffb48,0xd152f549545093347a162dce210e7293f1452150,0xaea46a60368a7bd060eec7df8cba43b7ef41ad85,0xe6088558f30ebaf668744f54ba050097a10c04d9,49969968000000000000000,Fetch,FET,18,13,9606990,85000000000,8714229,9411591,deprecated,0xc73a2d60,"disperseToken(address token, address[] recipients, uint256[] values)",14006930
11054595,1602689029,0x0c3183d53bb0dd1b1ada77e8181618dca030d9be8e578bcc5ecba409075779ea,14,0xbb3da38363b70dc3dc970423ff11b677c2070fd82214dcb9b243bae8fffffb48,0xd152f549545093347a162dce210e7293f1452150,0xaea46a60368a7bd060eec7df8cba43b7ef41ad85,0x8dc8b848ca098d6ff895126b37ed666cdaa639fd,49958432782220000000000,Fetch,FET,18,13,9606990,85000000000,8714229,9411591,deprecated,0xc73a2d60,"disperseToken(address token, address[] recipients, uint256[] values)",14006930
11054595,1602689029,0x0c3183d53bb0dd1b1ada77e8181618dca030d9be8e578bcc5ecba409075779ea,14,0xbb3da38363b70dc3dc970423ff11b677c2070fd82214dcb9b243bae8fffffb48,0xd152f549545093347a162dce210e7293f1452150,0xaea46a60368a7bd060eec7df8cba43b7ef41ad85,0xe9fa9a9d648f558d46c055b0acae6d4f534df1aa,49956796928280000000000,Fetch,FET,18,13,9606990,85000000000,8714229,9411591,deprecated,0xc73a2d60,"disperseToken(address token, address[] recipients, uint256[] values)",14006930
11054595,1602689029,0x0c3183d53bb0dd1b1ada77e8181618dca030d9be8e578bcc5ecba409075779ea,14,0xbb3da38363b70dc3dc970423ff11b677c2070fd82214dcb9b243bae8fffffb48,0xd152f549545093347a162dce210e7293f1452150,0xaea46a60368a7bd060eec7df8cba43b7ef41ad85,0xa6da3835a3224344b08cc4868a006215153516d3,49950877503000000000000,Fetch,FET,18,13,9606990,85000000000,8714229,9411591,deprecated,0xc73a2d60,"disperseToken(address token, address[] recipients, uint256[] values)",14006930
11054595,1602689029,0x0c3183d53bb0dd1b1ada77e8181618dca030d9be8e578bcc5ecba409075779ea,14,0xbb3da38363b70dc3dc970423ff11b677c2070fd82214dcb9b243bae8fffffb48,0xd152f549545093347a162dce210e7293f1452150,0xaea46a60368a7bd060eec7df8cba43b7ef41ad85,0x30ef271fd7d0c3cec28dca07b46f7bfddeac6df1,49940000000000000000000,Fetch,FET,18,13,9606990,85000000000,8714229,9411591,deprecated,0xc73a2d60,"disperseToken(address token, address[] recipients, uint256[] values)",14006930
11054595,1602689029,0x0c3183d53bb0dd1b1ada77e8181618dca030d9be8e578bcc5ecba409075779ea,14,0xbb3da38363b70dc3dc970423ff11b677c2070fd82214dcb9b243bae8fffffb48,0xd152f549545093347a162dce210e7293f1452150,0xaea46a60368a7bd060eec7df8cba43b7ef41ad85,0x9f9abcac94a1fa206865bc2a173598dab40117eb,49914400000000000000000,Fetch,FET,18,13,9606990,85000000000,8714229,9411591,deprecated,0xc73a2d60,"disperseToken(address token, address[] recipients, uint256[] values)",14006930
11054595,1602689029,0x0c3183d53bb0dd1b1ada77e8181618dca030d9be8e578bcc5ecba409075779ea,14,0xbb3da38363b70dc3dc970423ff11b677c2070fd82214dcb9b243bae8fffffb48,0xd152f549545093347a162dce210e7293f1452150,0xaea46a60368a7bd060eec7df8cba43b7ef41ad85,0x2dcddce18dd8935a498364096436b0d8f33e3801,49910000000000000000000,Fetch,FET,18,13,9606990,85000000000,8714229,9411591,deprecated,0xc73a2d60,"disperseToken(address token, address[] recipients, uint256[] values)",14006930
11054595,1602689029,0x0c3183d53bb0dd1b1ada77e8181618dca030d9be8e578bcc5ecba409075779ea,14,0xbb3da38363b70dc3dc970423ff11b677c2070fd82214dcb9b243bae8fffffb48,0xd152f549545093347a162dce210e7293f1452150,0xaea46a60368a7bd060eec7df8cba43b7ef41ad85,0x7fe28df5948d6cf554378d1bd4fed8ac7a87bc88,49824000000000000000000,Fetch,FET,18,13,9606990,85000000000,8714229,9411591,deprecated,0xc73a2d60,"disperseToken(address token, address[] recipients, uint256[] values)",14006930
11054595,1602689029,0x0c3183d53bb0dd1b1ada77e8181618dca030d9be8e578bcc5ecba409075779ea,14,0xbb3da38363b70dc3dc970423ff11b677c2070fd82214dcb9b243bae8fffffb48,0xd152f549545093347a162dce210e7293f1452150,0xaea46a60368a7bd060eec7df8cba43b7ef41ad85,0x4dc6bb3953d4a7100a2ba71ded2f63f3d25878b1,49560784711760002000000,Fetch,FET,18,13,9606990,85000000000,8714229,9411591,deprecated,0xc73a2d60,"disperseToken(address token, address[] recipients, uint256[] values)",14006930
11054595,1602689029,0x0c3183d53bb0dd1b1ada77e8181618dca030d9be8e578bcc5ecba409075779ea,14,0xbb3da38363b70dc3dc970423ff11b677c2070fd82214dcb9b243bae8fffffb48,0xd152f549545093347a162dce210e7293f1452150,0xaea46a60368a7bd060eec7df8cba43b7ef41ad85,0x5a8050270ef9cdc578aef96bd991cd8c074d9d05,49447000000000000000000,Fetch,FET,18,13,9606990,85000000000,8714229,9411591,deprecated,0xc73a2d60,"disperseToken(address token, address[] recipients, uint256[] values)",14006930
11054595,1602689029,0x0c3183d53bb0dd1b1ada77e8181618dca030d9be8e578bcc5ecba409075779ea,14,0xbb3da38363b70dc3dc970423ff11b677c2070fd82214dcb9b243bae8fffffb48,0xd152f549545093347a162dce210e7293f1452150,0xaea46a60368a7bd060eec7df8cba43b7ef41ad85,0x2dd47d3e097ee9d94bba842cbb4410ea02972142,49326080499990000000000,Fetch,FET,18,13,9606990,85000000000,8714229,9411591,deprecated,0xc73a2d60,"disperseToken(address token, address[] recipients, uint256[] values)",14006930
11054595,1602689029,0x0c3183d53bb0dd1b1ada77e8181618dca030d9be8e578bcc5ecba409075779ea,14,0xbb3da38363b70dc3dc970423ff11b677c2070fd82214dcb9b243bae8fffffb48,0xd152f549545093347a162dce210e7293f1452150,0xaea46a60368a7bd060eec7df8cba43b7ef41ad85,0x24d75402917d4f9735fca22414d7dca6c826f152,49236050849850000000000,Fetch,FET,18,13,9606990,85000000000,8714229,9411591,deprecated,0xc73a2d60,"disperseToken(address token, address[] recipients, uint256[] values)",14006930
11054595,1602689029,0x0c3183d53bb0dd1b1ada77e8181618dca030d9be8e578bcc5ecba409075779ea,14,0xbb3da38363b70dc3dc970423ff11b677c2070fd82214dcb9b243bae8fffffb48,0xd152f549545093347a162dce210e7293f1452150,0xaea46a60368a7bd060eec7df8cba43b7ef41ad85,0x2e6e75a7185999992657517ae6c6ef207053e744,49032292399470000000000,Fetch,FET,18,13,9606990,85000000000,8714229,9411591,deprecated,0xc73a2d60,"disperseToken(address token, address[] recipients, uint256[] values)",14006930
11054595,1602689029,0x0c3183d53bb0dd1b1ada77e8181618dca030d9be8e578bcc5ecba409075779ea,14,0xbb3da38363b70dc3dc970423ff11b677c2070fd82214dcb9b243bae8fffffb48,0xd152f549545093347a162dce210e7293f1452150,0xaea46a60368a7bd060eec7df8cba43b7ef41ad85,0x2a26bb07569ee4f05f6c574c1c73b68cb55a0942,48860241000000000000000,Fetch,FET,18,13,9606990,85000000000,8714229,9411591,deprecated,0xc73a2d60,"disperseToken(address token, address[] recipients, uint256[] values)",14006930
11054595,1602689029,0x0c3183d53bb0dd1b1ada77e8181618dca030d9be8e578bcc5ecba409075779ea,14,0xbb3da38363b70dc3dc970423ff11b677c2070fd82214dcb9b243bae8fffffb48,0xd152f549545093347a162dce210e7293f1452150,0xaea46a60368a7bd060eec7df8cba43b7ef41ad85,0xf9b1f93610b2ba9172a0d51219f1329b2a157496,48831684000000000000000,Fetch,FET,18,13,9606990,85000000000,8714229,9411591,deprecated,0xc73a2d60,"disperseToken(address token, address[] recipients, uint256[] values)",14006930
11054595,1602689029,0x0c3183d53bb0dd1b1ada77e8181618dca030d9be8e578bcc5ecba409075779ea,14,0xbb3da38363b70dc3dc970423ff11b677c2070fd82214dcb9b243bae8fffffb48,0xd152f549545093347a162dce210e7293f1452150,0xaea46a60368a7bd060eec7df8cba43b7ef41ad85,0xf703eede0002c8bcf6954ebd2d163a0f21b762b1,48667741518300000000000,Fetch,FET,18,13,9606990,85000000000,8714229,9411591,deprecated,0xc73a2d60,"disperseToken(address token, address[] recipients, uint256[] values)",14006930
11054595,1602689029,0x0c3183d53bb0dd1b1ada77e8181618dca030d9be8e578bcc5ecba409075779ea,14,0xbb3da38363b70dc3dc970423ff11b677c2070fd82214dcb9b243bae8fffffb48,0xd152f549545093347a162dce210e7293f1452150,0xaea46a60368a7bd060eec7df8cba43b7ef41ad85,0x717f628ddfae8f7adcee76915c1c968229249a16,48660236400000000000000,Fetch,FET,18,13,9606990,85000000000,8714229,9411591,deprecated,0xc73a2d60,"disperseToken(address token, address[] recipients, uint256[] values)",14006930
11054595,1602689029,0x0c3183d53bb0dd1b1ada77e8181618dca030d9be8e578bcc5ecba409075779ea,14,0xbb3da38363b70dc3dc970423ff11b677c2070fd82214dcb9b243bae8fffffb48,0xd152f549545093347a162dce210e7293f1452150,0xaea46a60368a7bd060eec7df8cba43b7ef41ad85,0x5ce0b45f0079a8f1fe2687786da1d7e45c12f345,48626283000000000000000,Fetch,FET,18,13,9606990,85000000000,8714229,9411591,deprecated,0xc73a2d60,"disperseToken(address token, address[] recipients, uint256[] values)",14006930
11054595,1602689029,0x0c3183d53bb0dd1b1ada77e8181618dca030d9be8e578bcc5ecba409075779ea,14,0xbb3da38363b70dc3dc970423ff11b677c2070fd82214dcb9b243bae8fffffb48,0xd152f549545093347a162dce210e7293f1452150,0xaea46a60368a7bd060eec7df8cba43b7ef41ad85,0x2ffbc532dc374b690f6af9a0d04f04f196eec2a3,48555356300000000000000,Fetch,FET,18,13,9606990,85000000000,8714229,9411591,deprecated,0xc73a2d60,"disperseToken(address token, address[] recipients, uint256[] values)",14006930
11054595,1602689029,0x0c3183d53bb0dd1b1ada77e8181618dca030d9be8e578bcc5ecba409075779ea,14,0xbb3da38363b70dc3dc970423ff11b677c2070fd82214dcb9b243bae8fffffb48,0xd152f549545093347a162dce210e7293f1452150,0xaea46a60368a7bd060eec7df8cba43b7ef41ad85,0x71679233ba1f01e474814b2718e994884f1cec32,48533000000000000000000,Fetch,FET,18,13,9606990,85000000000,8714229,9411591,deprecated,0xc73a2d60,"disperseToken(address token, address[] recipients, uint256[] values)",14006930
11054595,1602689029,0x0c3183d53bb0dd1b1ada77e8181618dca030d9be8e578bcc5ecba409075779ea,14,0xbb3da38363b70dc3dc970423ff11b677c2070fd82214dcb9b243bae8fffffb48,0xd152f549545093347a162dce210e7293f1452150,0xaea46a60368a7bd060eec7df8cba43b7ef41ad85,0x8236a838771b65e8b8add286a5f3a656fdc69599,48190206484310000000000,Fetch,FET,18,13,9606990,85000000000,8714229,9411591,deprecated,0xc73a2d60,"disperseToken(address token, address[] recipients, uint256[] values)",14006930
11054595,1602689029,0x0c3183d53bb0dd1b1ada77e8181618dca030d9be8e578bcc5ecba409075779ea,14,0xbb3da38363b70dc3dc970423ff11b677c2070fd82214dcb9b243bae8fffffb48,0xd152f549545093347a162dce210e7293f1452150,0xaea46a60368a7bd060eec7df8cba43b7ef41ad85,0x0b60c18f61aa24f398bfe6eca2cfc0feaed79b1f,48189080000000000000000,Fetch,FET,18,13,9606990,85000000000,8714229,9411591,deprecated,0xc73a2d60,"disperseToken(address token, address[] recipients, uint256[] values)",14006930
11054595,1602689029,0x0c3183d53bb0dd1b1ada77e8181618dca030d9be8e578bcc5ecba409075779ea,14,0xbb3da38363b70dc3dc970423ff11b677c2070fd82214dcb9b243bae8fffffb48,0xd152f549545093347a162dce210e7293f1452150,0xaea46a60368a7bd060eec7df8cba43b7ef41ad85,0x380edcf8b38cac2cc7538cb92edd99e9f4b8af54,47807563798640000000000,Fetch,FET,18,13,9606990,85000000000,8714229,9411591,deprecated,0xc73a2d60,"disperseToken(address token, address[] recipients, uint256[] values)",14006930
11054595,1602689029,0x0c3183d53bb0dd1b1ada77e8181618dca030d9be8e578bcc5ecba409075779ea,14,0xbb3da38363b70dc3dc970423ff11b677c2070fd82214dcb9b243bae8fffffb48,0xd152f549545093347a162dce210e7293f1452150,0xaea46a60368a7bd060eec7df8cba43b7ef41ad85,0xac497c95c2469ee8401a9c6e5cf7dff551f76967,47801166900000000000000,Fetch,FET,18,13,9606990,85000000000,8714229,9411591,deprecated,0xc73a2d60,"disperseToken(address token, address[] recipients, uint256[] values)",14006930
11054595,1602689029,0x0c3183d53bb0dd1b1ada77e8181618dca030d9be8e578bcc5ecba409075779ea,14,0xbb3da38363b70dc3dc970423ff11b677c2070fd82214dcb9b243bae8fffffb48,0xd152f549545093347a162dce210e7293f1452150,0xaea46a60368a7bd060eec7df8cba43b7ef41ad85,0xd83ccf5dd7452ffa3ed7a524fa77d3c4a7feada0,47678600000000000000000,Fetch,FET,18,13,9606990,85000000000,8714229,9411591,deprecated,0xc73a2d60,"disperseToken(address token, address[] recipients, uint256[] values)",14006930
11054595,1602689029,0x0c3183d53bb0dd1b1ada77e8181618dca030d9be8e578bcc5ecba409075779ea,14,0xbb3da38363b70dc3dc970423ff11b677c2070fd82214dcb9b243bae8fffffb48,0xd152f549545093347a162dce210e7293f1452150,0xaea46a60368a7bd060eec7df8cba43b7ef41ad85,0xd91f0cfda3f819e44136d08b8a1eca602d1fd54d,47417451100000000000000,Fetch,FET,18,13,9606990,85000000000,8714229,9411591,deprecated,0xc73a2d60,"disperseToken(address token, address[] recipients, uint256[] values)",14006930
11054595,1602689029,0x0c3183d53bb0dd1b1ada77e8181618dca030d9be8e578bcc5ecba409075779ea,14,0xbb3da38363b70dc3dc970423ff11b677c2070fd82214dcb9b243bae8fffffb48,0xd152f549545093347a162dce210e7293f1452150,0xaea46a60368a7bd060eec7df8cba43b7ef41ad85,0x07bc814f2c9c1a50cd356dfc323afb3f972382cd,47361120711430000000000,Fetch,FET,18,13,9606990,85000000000,8714229,9411591,deprecated,0xc73a2d60,"disperseToken(address token, address[] recipients, uint256[] values)",14006930
11054595,1602689029,0x0c3183d53bb0dd1b1ada77e8181618dca030d9be8e578bcc5ecba409075779ea,14,0xbb3da38363b70dc3dc970423ff11b677c2070fd82214dcb9b243bae8fffffb48,0xd152f549545093347a162dce210e7293f1452150,0xaea46a60368a7bd060eec7df8cba43b7ef41ad85,0xb7a18aa59f5907655c60bd38492f151bab92f296,47196697402636544008288,Fetch,FET,18,13,9606990,85000000000,8714229,9411591,deprecated,0xc73a2d60,"disperseToken(address token, address[] recipients, uint256[] values)",14006930
11054595,1602689029,0x0c3183d53bb0dd1b1ada77e8181618dca030d9be8e578bcc5ecba409075779ea,14,0xbb3da38363b70dc3dc970423ff11b677c2070fd82214dcb9b243bae8fffffb48,0xd152f549545093347a162dce210e7293f1452150,0xaea46a60368a7bd060eec7df8cba43b7ef41ad85,0x673b380f16274a12c1eb960150e330c40ba518d3,47032173000000000000000,Fetch,FET,18,13,9606990,85000000000,8714229,9411591,deprecated,0xc73a2d60,"disperseToken(address token, address[] recipients, uint256[] values)",14006930
11054595,1602689029,0x0c3183d53bb0dd1b1ada77e8181618dca030d9be8e578bcc5ecba409075779ea,14,0xbb3da38363b70dc3dc970423ff11b677c2070fd82214dcb9b243bae8fffffb48,0xd152f549545093347a162dce210e7293f1452150,0xaea46a60368a7bd060eec7df8cba43b7ef41ad85,0xc539de6a8a789c4b8c795642ccafe6c504673870,46634004000000000000000,Fetch,FET,18,13,9606990,85000000000,8714229,9411591,deprecated,0xc73a2d60,"disperseToken(address token, address[] recipients, uint256[] values)",14006930
11054595,1602689029,0x0c3183d53bb0dd1b1ada77e8181618dca030d9be8e578bcc5ecba409075779ea,14,0xbb3da38363b70dc3dc970423ff11b677c2070fd82214dcb9b243bae8fffffb48,0xd152f549545093347a162dce210e7293f1452150,0xaea46a60368a7bd060eec7df8cba43b7ef41ad85,0x343ecbb5bdc88a51ebf9624bb1b4ebcfb242c087,46357036350880000000000,Fetch,FET,18,13,9606990,85000000000,8714229,9411591,deprecated,0xc73a2d60,"disperseToken(address token, address[] recipients, uint256[] values)",14006930
11054595,1602689029,0x0c3183d53bb0dd1b1ada77e8181618dca030d9be8e578bcc5ecba409075779ea,14,0xbb3da38363b70dc3dc970423ff11b677c2070fd82214dcb9b243bae8fffffb48,0xd152f549545093347a162dce210e7293f1452150,0xaea46a60368a7bd060eec7df8cba43b7ef41ad85,0x97044ab8a7c8467e2e8f7274aecf4487660144f0,46293211300000000000000,Fetch,FET,18,13,9606990,85000000000,8714229,9411591,deprecated,0xc73a2d60,"disperseToken(address token, address[] recipients, uint256[] values)",14006930
11054595,1602689029,0x0c3183d53bb0dd1b1ada77e8181618dca030d9be8e578bcc5ecba409075779ea,14,0xbb3da38363b70dc3dc970423ff11b677c2070fd82214dcb9b243bae8fffffb48,0xd152f549545093347a162dce210e7293f1452150,0xaea46a60368a7bd060eec7df8cba43b7ef41ad85,0x2ce659924b3c22688d3a474a71fa7b8cd5ee88f5,46027435997450000000000,Fetch,FET,18,13,9606990,85000000000,8714229,9411591,deprecated,0xc73a2d60,"disperseToken(address token, address[] recipients, uint256[] values)",14006930
11054595,1602689029,0x0c3183d53bb0dd1b1ada77e8181618dca030d9be8e578bcc5ecba409075779ea,14,0xbb3da38363b70dc3dc970423ff11b677c2070fd82214dcb9b243bae8fffffb48,0xd152f549545093347a162dce210e7293f1452150,0xaea46a60368a7bd060eec7df8cba43b7ef41ad85,0x815ee19a2e638140bb15b7dd14151bbb2c8a8169,46010020094150526579858,Fetch,FET,18,13,9606990,85000000000,8714229,9411591,deprecated,0xc73a2d60,"disperseToken(address token, address[] recipients, uint256[] values)",14006930
11054595,1602689029,0x0c3183d53bb0dd1b1ada77e8181618dca030d9be8e578bcc5ecba409075779ea,14,0xbb3da38363b70dc3dc970423ff11b677c2070fd82214dcb9b243bae8fffffb48,0xd152f549545093347a162dce210e7293f1452150,0xaea46a60368a7bd060eec7df8cba43b7ef41ad85,0x5e4af380fd047e8d76ec5ad96da12d640524a5ba,45920000000000000000000,Fetch,FET,18,13,9606990,85000000000,8714229,9411591,deprecated,0xc73a2d60,"disperseToken(address token, address[] recipients, uint256[] values)",14006930
11054595,1602689029,0x0c3183d53bb0dd1b1ada77e8181618dca030d9be8e578bcc5ecba409075779ea,14,0xbb3da38363b70dc3dc970423ff11b677c2070fd82214dcb9b243bae8fffffb48,0xd152f549545093347a162dce210e7293f1452150,0xaea46a60368a7bd060eec7df8cba43b7ef41ad85,0x3699d134afc4746c85c1b18d15e46a9ca675fcd0,45851081000000000000000,Fetch,FET,18,13,9606990,85000000000,8714229,9411591,deprecated,0xc73a2d60,"disperseToken(address token, address[] recipients, uint256[] values)",14006930
11054595,1602689029,0x0c3183d53bb0dd1b1ada77e8181618dca030d9be8e578bcc5ecba409075779ea,14,0xbb3da38363b70dc3dc970423ff11b677c2070fd82214dcb9b243bae8fffffb48,0xd152f549545093347a162dce210e7293f1452150,0xaea46a60368a7bd060eec7df8cba43b7ef41ad85,0x4c6aae2988b0a3e5c516d9599f3d13a86bdce860,45728030212760000000000,Fetch,FET,18,13,9606990,85000000000,8714229,9411591,deprecated,0xc73a2d60,"disperseToken(address token, address[] recipients, uint256[] values)",14006930
11054595,1602689029,0x0c3183d53bb0dd1b1ada77e8181618dca030d9be8e578bcc5ecba409075779ea,14,0xbb3da38363b70dc3dc970423ff11b677c2070fd82214dcb9b243bae8fffffb48,0xd152f549545093347a162dce210e7293f1452150,0xaea46a60368a7bd060eec7df8cba43b7ef41ad85,0x4ff1656cd4a1deeb7bd739550c86a6d03a428bb0,45597513866900000000000,Fetch,FET,18,13,9606990,85000000000,8714229,9411591,deprecated,0xc73a2d60,"disperseToken(address token, address[] recipients, uint256[] values)",14006930
11054595,1602689029,0x0c3183d53bb0dd1b1ada77e8181618dca030d9be8e578bcc5ecba409075779ea,14,0xbb3da38363b70dc3dc970423ff11b677c2070fd82214dcb9b243bae8fffffb48,0xd152f549545093347a162dce210e7293f1452150,0xaea46a60368a7bd060eec7df8cba43b7ef41ad85,0xa506ee9865a98b0c1bba46de43c061254c9dd897,45348364090070000000000,Fetch,FET,18,13,9606990,85000000000,8714229,9411591,deprecated,0xc73a2d60,"disperseToken(address token, address[] recipients, uint256[] values)",14006930
11054595,1602689029,0x0c3183d53bb0dd1b1ada77e8181618dca030d9be8e578bcc5ecba409075779ea,14,0xbb3da38363b70dc3dc970423ff11b677c2070fd82214dcb9b243bae8fffffb48,0xd152f549545093347a162dce210e7293f1452150,0xaea46a60368a7bd060eec7df8cba43b7ef41ad85,0xa4ee91dbc1a1da6df174255069aba538baad7019,45320601000000000000000,Fetch,FET,18,13,9606990,85000000000,8714229,9411591,deprecated,0xc73a2d60,"disperseToken(address token, address[] recipients, uint256[] values)",14006930
11054595,1602689029,0x0c3183d53bb0dd1b1ada77e8181618dca030d9be8e578bcc5ecba409075779ea,14,0xbb3da38363b70dc3dc970423ff11b677c2070fd82214dcb9b243bae8fffffb48,0xd152f549545093347a162dce210e7293f1452150,0xaea46a60368a7bd060eec7df8cba43b7ef41ad85,0xff2ba16fd74389907f4e9ad808ef6c6b25e7e5c5,45314195400000000000000,Fetch,FET,18,13,9606990,85000000000,8714229,9411591,deprecated,0xc73a2d60,"disperseToken(address token, address[] recipients, uint256[] values)",14006930
11054595,1602689029,0x0c3183d53bb0dd1b1ada77e8181618dca030d9be8e578bcc5ecba409075779ea,14,0xbb3da38363b70dc3dc970423ff11b677c2070fd82214dcb9b243bae8fffffb48,0xd152f549545093347a162dce210e7293f1452150,0xaea46a60368a7bd060eec7df8cba43b7ef41ad85,0xa22ba8f1d7230eadbf5b0534394494815ddd4413,45236522539264369915031,Fetch,FET,18,13,9606990,85000000000,8714229,9411591,deprecated,0xc73a2d60,"disperseToken(address token, address[] recipients, uint256[] values)",14006930
11054595,1602689029,0x0c3183d53bb0dd1b1ada77e8181618dca030d9be8e578bcc5ecba409075779ea,14,0xbb3da38363b70dc3dc970423ff11b677c2070fd82214dcb9b243bae8fffffb48,0xd152f549545093347a162dce210e7293f1452150,0xaea46a60368a7bd060eec7df8cba43b7ef41ad85,0x45ce5e08b25df83b7e481c6838deb71617c3ec60,45178058280330000000000,Fetch,FET,18,13,9606990,85000000000,8714229,9411591,deprecated,0xc73a2d60,"disperseToken(address token, address[] recipients, uint256[] values)",14006930
11054595,1602689029,0x0c3183d53bb0dd1b1ada77e8181618dca030d9be8e578bcc5ecba409075779ea,14,0xbb3da38363b70dc3dc970423ff11b677c2070fd82214dcb9b243bae8fffffb48,0xd152f549545093347a162dce210e7293f1452150,0xaea46a60368a7bd060eec7df8cba43b7ef41ad85,0xcc7eca11441ed231c39cada8fb0d719130ac25da,45176000000000000000000,Fetch,FET,18,13,9606990,85000000000,8714229,9411591,deprecated,0xc73a2d60,"disperseToken(address token, address[] recipients, uint256[] values)",14006930
11054595,1602689029,0x0c3183d53bb0dd1b1ada77e8181618dca030d9be8e578bcc5ecba409075779ea,14,0xbb3da38363b70dc3dc970423ff11b677c2070fd82214dcb9b243bae8fffffb48,0xd152f549545093347a162dce210e7293f1452150,0xaea46a60368a7bd060eec7df8cba43b7ef41ad85,0xfbb1b73c4f0bda4f67dca266ce6ef42f520fbb98,45104565251640000000000,Fetch,FET,18,13,9606990,85000000000,8714229,9411591,deprecated,0xc73a2d60,"disperseToken(address token, address[] recipients, uint256[] values)",14006930
11054595,1602689029,0x0c3183d53bb0dd1b1ada77e8181618dca030d9be8e578bcc5ecba409075779ea,14,0xbb3da38363b70dc3dc970423ff11b677c2070fd82214dcb9b243bae8fffffb48,0xd152f549545093347a162dce210e7293f1452150,0xaea46a60368a7bd060eec7df8cba43b7ef41ad85,0xd37990de522178dce267bab43faa31be60faeb04,45103300000000000000000,Fetch,FET,18,13,9606990,85000000000,8714229,9411591,deprecated,0xc73a2d60,"disperseToken(address token, address[] recipients, uint256[] values)",14006930
11054595,1602689029,0x0c3183d53bb0dd1b1ada77e8181618dca030d9be8e578bcc5ecba409075779ea,14,0xbb3da38363b70dc3dc970423ff11b677c2070fd82214dcb9b243bae8fffffb48,0xd152f549545093347a162dce210e7293f1452150,0xaea46a60368a7bd060eec7df8cba43b7ef41ad85,0xdeb4bebc05a38547a86b8c0324d9045bd351863f,45094482800000000000000,Fetch,FET,18,13,9606990,85000000000,8714229,9411591,deprecated,0xc73a2d60,"disperseToken(address token, address[] recipients, uint256[] values)",14006930
11054595,1602689029,0x0c3183d53bb0dd1b1ada77e8181618dca030d9be8e578bcc5ecba409075779ea,14,0xbb3da38363b70dc3dc970423ff11b677c2070fd82214dcb9b243bae8fffffb48,0xd152f549545093347a162dce210e7293f1452150,0xaea46a60368a7bd060eec7df8cba43b7ef41ad85,0x5dee6e7480b07f5c0687cbdba81f7c6f2270d3fc,45063031800000000000000,Fetch,FET,18,13,9606990,85000000000,8714229,9411591,deprecated,0xc73a2d60,"disperseToken(address token, address[] recipients, uint256[] values)",14006930
11054595,1602689029,0x0c3183d53bb0dd1b1ada77e8181618dca030d9be8e578bcc5ecba409075779ea,14,0xbb3da38363b70dc3dc970423ff11b677c2070fd82214dcb9b243bae8fffffb48,0xd152f549545093347a162dce210e7293f1452150,0xaea46a60368a7bd060eec7df8cba43b7ef41ad85,0xb5c90dd462a0063f9acdc34cba9c5c6463ab60d8,45000000000000000000000,Fetch,FET,18,13,9606990,85000000000,8714229,9411591,deprecated,0xc73a2d60,"disperseToken(address token, address[] recipients, uint256[] values)",14006930
11054595,1602689029,0x0c3183d53bb0dd1b1ada77e8181618dca030d9be8e578bcc5ecba409075779ea,14,0xbb3da38363b70dc3dc970423ff11b677c2070fd82214dcb9b243bae8fffffb48,0xd152f549545093347a162dce210e7293f1452150,0xaea46a60368a7bd060eec7df8cba43b7ef41ad85,0x74548971e6f504a18489f429822e7a4986e7b616,45000000000000000000000,Fetch,FET,18,13,9606990,85000000000,8714229,9411591,deprecated,0xc73a2d60,"disperseToken(address token, address[] recipients, uint256[] values)",14006930
11054595,1602689029,0x0c3183d53bb0dd1b1ada77e8181618dca030d9be8e578bcc5ecba409075779ea,14,0xbb3da38363b70dc3dc970423ff11b677c2070fd82214dcb9b243bae8fffffb48,0xd152f549545093347a162dce210e7293f1452150,0xaea46a60368a7bd060eec7df8cba43b7ef41ad85,0x770ee5d60d2352e38bd606ebff5fa6fe5199d2be,44999635291990000000000,Fetch,FET,18,13,9606990,85000000000,8714229,9411591,deprecated,0xc73a2d60,"disperseToken(address token, address[] recipients, uint256[] values)",14006930
11054595,1602689029,0x0c3183d53bb0dd1b1ada77e8181618dca030d9be8e578bcc5ecba409075779ea,14,0xbb3da38363b70dc3dc970423ff11b677c2070fd82214dcb9b243bae8fffffb48,0xd152f549545093347a162dce210e7293f1452150,0xaea46a60368a7bd060eec7df8cba43b7ef41ad85,0x2fa199bbc13481d42d1ece7a4e89cb4816f3e443,44997544822950000000000,Fetch,FET,18,13,9606990,85000000000,8714229,9411591,deprecated,0xc73a2d60,"disperseToken(address token, address[] recipients, uint256[] values)",14006930
11054595,1602689029,0x0c3183d53bb0dd1b1ada77e8181618dca030d9be8e578bcc5ecba409075779ea,14,0xbb3da38363b70dc3dc970423ff11b677c2070fd82214dcb9b243bae8fffffb48,0xd152f549545093347a162dce210e7293f1452150,0xaea46a60368a7bd060eec7df8cba43b7ef41ad85,0xe340d8bb8c9b41802fe280e475d5cad7a45d0688,44973884653640000000000,Fetch,FET,18,13,9606990,85000000000,8714229,9411591,deprecated,0xc73a2d60,"disperseToken(address token, address[] recipients, uint256[] values)",14006930
11054595,1602689029,0x0c3183d53bb0dd1b1ada77e8181618dca030d9be8e578bcc5ecba409075779ea,14,0xbb3da38363b70dc3dc970423ff11b677c2070fd82214dcb9b243bae8fffffb48,0xd152f549545093347a162dce210e7293f1452150,0xaea46a60368a7bd060eec7df8cba43b7ef41ad85,0x44c3513ec18b095318df38fdba7a59e1f053debc,44910000000000000000000,Fetch,FET,18,13,9606990,85000000000,8714229,9411591,deprecated,0xc73a2d60,"disperseToken(address token, address[] recipients, uint256[] values)",14006930
11054595,1602689029,0x0c3183d53bb0dd1b1ada77e8181618dca030d9be8e578bcc5ecba409075779ea,14,0xbb3da38363b70dc3dc970423ff11b677c2070fd82214dcb9b243bae8fffffb48,0xd152f549545093347a162dce210e7293f1452150,0xaea46a60368a7bd060eec7df8cba43b7ef41ad85,0x30bc507a159b68f3868a1e215350bd591ee38da6,44762699065020006000000,Fetch,FET,18,13,9606990,85000000000,8714229,9411591,deprecated,0xc73a2d60,"disperseToken(address token, address[] recipients, uint256[] values)",14006930
11054595,1602689029,0x0c3183d53bb0dd1b1ada77e8181618dca030d9be8e578bcc5ecba409075779ea,14,0xbb3da38363b70dc3dc970423ff11b677c2070fd82214dcb9b243bae8fffffb48,0xd152f549545093347a162dce210e7293f1452150,0xaea46a60368a7bd060eec7df8cba43b7ef41ad85,0x0e9df09656e59caa867116a60f72006092da24c3,44708113400000000000000,Fetch,FET,18,13,9606990,85000000000,8714229,9411591,deprecated,0xc73a2d60,"disperseToken(address token, address[] recipients, uint256[] values)",14006930
11054595,1602689029,0x0c3183d53bb0dd1b1ada77e8181618dca030d9be8e578bcc5ecba409075779ea,14,0xbb3da38363b70dc3dc970423ff11b677c2070fd82214dcb9b243bae8fffffb48,0xd152f549545093347a162dce210e7293f1452150,0xaea46a60368a7bd060eec7df8cba43b7ef41ad85,0xe2165c77263aac08a80b9d0238c3e42a7c8ceb14,44705673100000000000000,Fetch,FET,18,13,9606990,85000000000,8714229,9411591,deprecated,0xc73a2d60,"disperseToken(address token, address[] recipients, uint256[] values)",14006930
11054595,1602689029,0x0c3183d53bb0dd1b1ada77e8181618dca030d9be8e578bcc5ecba409075779ea,14,0xbb3da38363b70dc3dc970423ff11b677c2070fd82214dcb9b243bae8fffffb48,0xd152f549545093347a162dce210e7293f1452150,0xaea46a60368a7bd060eec7df8cba43b7ef41ad85,0xc4821cb25e0d20016d70c8fc42df542d0c17031c,44701956600000000000000,Fetch,FET,18,13,9606990,85000000000,8714229,9411591,deprecated,0xc73a2d60,"disperseToken(address token, address[] recipients, uint256[] values)",14006930
11054595,1602689029,0x0c3183d53bb0dd1b1ada77e8181618dca030d9be8e578bcc5ecba409075779ea,14,0xbb3da38363b70dc3dc970423ff11b677c2070fd82214dcb9b243bae8fffffb48,0xd152f549545093347a162dce210e7293f1452150,0xaea46a60368a7bd060eec7df8cba43b7ef41ad85,0xcd7700e8fa450bf781f3927d55313e98a4b617ee,44655292900000000000000,Fetch,FET,18,13,9606990,85000000000,8714229,9411591,deprecated,0xc73a2d60,"disperseToken(address token, address[] recipients, uint256[] values)",14006930
11054595,1602689029,0x0c3183d53bb0dd1b1ada77e8181618dca030d9be8e578bcc5ecba409075779ea,14,0xbb3da38363b70dc3dc970423ff11b677c2070fd82214dcb9b243bae8fffffb48,0xd152f549545093347a162dce210e7293f1452150,0xaea46a60368a7bd060eec7df8cba43b7ef41ad85,0xeeeb089c1935b45bf3f474b5698397e0c212ec9a,44621990160000000000000,Fetch,FET,18,13,9606990,85000000000,8714229,9411591,deprecated,0xc73a2d60,"disperseToken(address token, address[] recipients, uint256[] values)",14006930
11054595,1602689029,0x0c3183d53bb0dd1b1ada77e8181618dca030d9be8e578bcc5ecba409075779ea,14,0xbb3da38363b70dc3dc970423ff11b677c2070fd82214dcb9b243bae8fffffb48,0xd152f549545093347a162dce210e7293f1452150,0xaea46a60368a7bd060eec7df8cba43b7ef41ad85,0x1d4571c482f54d171b2ba0c0466789970d70d831,44573000000000000000000,Fetch,FET,18,13,9606990,85000000000,8714229,9411591,deprecated,0xc73a2d60,"disperseToken(address token, address[] recipients, uint256[] values)",14006930
11054595,1602689029,0x0c3183d53bb0dd1b1ada77e8181618dca030d9be8e578bcc5ecba409075779ea,14,0xbb3da38363b70dc3dc970423ff11b677c2070fd82214dcb9b243bae8fffffb48,0xd152f549545093347a162dce210e7293f1452150,0xaea46a60368a7bd060eec7df8cba43b7ef41ad85,0xc6298f4a1bf5c9b498f19dce90c41ce8861d29df,44475204160000000000000,Fetch,FET,18,13,9606990,85000000000,8714229,9411591,deprecated,0xc73a2d60,"disperseToken(address token, address[] recipients, uint256[] values)",14006930
11054595,1602689029,0x0c3183d53bb0dd1b1ada77e8181618dca030d9be8e578bcc5ecba409075779ea,14,0xbb3da38363b70dc3dc970423ff11b677c2070fd82214dcb9b243bae8fffffb48,0xd152f549545093347a162dce210e7293f1452150,0xaea46a60368a7bd060eec7df8cba43b7ef41ad85,0xf88c022f7ebff09a76bf895eb5782a1d92f25fc7,44430676160000000000000,Fetch,FET,18,13,9606990,85000000000,8714229,9411591,deprecated,0xc73a2d60,"disperseToken(address token, address[] recipients, uint256[] values)",14006930
11054595,1602689029,0x0c3183d53bb0dd1b1ada77e8181618dca030d9be8e578bcc5ecba409075779ea,14,0xbb3da38363b70dc3dc970423ff11b677c2070fd82214dcb9b243bae8fffffb48,0xd152f549545093347a162dce210e7293f1452150,0xaea46a60368a7bd060eec7df8cba43b7ef41ad85,0x2707af541b5fcb3e1a83cfe171610b8837fd82ab,44407839160000000000000,Fetch,FET,18,13,9606990,85000000000,8714229,9411591,deprecated,0xc73a2d60,"disperseToken(address token, address[] recipients, uint256[] values)",14006930
11054595,1602689029,0x0c3183d53bb0dd1b1ada77e8181618dca030d9be8e578bcc5ecba409075779ea,14,0xbb3da38363b70dc3dc970423ff11b677c2070fd82214dcb9b243bae8fffffb48,0xd152f549545093347a162dce210e7293f1452150,0xaea46a60368a7bd060eec7df8cba43b7ef41ad85,0x4dc0d41d23b9b704d0b50e85f6368a6284a0209f,44407839160000000000000,Fetch,FET,18,13,9606990,85000000000,8714229,9411591,deprecated,0xc73a2d60,"disperseToken(address token, address[] recipients, uint256[] values)",14006930
11054595,1602689029,0x0c3183d53bb0dd1b1ada77e8181618dca030d9be8e578bcc5ecba409075779ea,14,0xbb3da38363b70dc3dc970423ff11b677c2070fd82214dcb9b243bae8fffffb48,0xd152f549545093347a162dce210e7293f1452150,0xaea46a60368a7bd060eec7df8cba43b7ef41ad85,0x683c114acbc6f06d726b51d6414ce34da5a8c9fb,43929918466960000000000,Fetch,FET,18,13,9606990,85000000000,8714229,9411591,deprecated,0xc73a2d60,"disperseToken(address token, address[] recipients, uint256[] values)",14006930
11054595,1602689029,0x0c3183d53bb0dd1b1ada77e8181618dca030d9be8e578bcc5ecba409075779ea,14,0xbb3da38363b70dc3dc970423ff11b677c2070fd82214dcb9b243bae8fffffb48,0xd152f549545093347a162dce210e7293f1452150,0xaea46a60368a7bd060eec7df8cba43b7ef41ad85,0xb6f80576e759a05da0e79a6f0f577d4a5564e742,43767106100000000000000,Fetch,FET,18,13,9606990,85000000000,8714229,9411591,deprecated,0xc73a2d60,"disperseToken(address token, address[] recipients, uint256[] values)",14006930
11054595,1602689029,0x0c3183d53bb0dd1b1ada77e8181618dca030d9be8e578bcc5ecba409075779ea,14,0xbb3da38363b70dc3dc970423ff11b677c2070fd82214dcb9b243bae8fffffb48,0xd152f549545093347a162dce210e7293f1452150,0xaea46a60368a7bd060eec7df8cba43b7ef41ad85,0xbe84efa4c4c18ac6aced5bb577f740889baa9f2a,43237213200000000000000,Fetch,FET,18,13,9606990,85000000000,8714229,9411591,deprecated,0xc73a2d60,"disperseToken(address token, address[] recipients, uint256[] values)",14006930
11054595,1602689029,0x0c3183d53bb0dd1b1ada77e8181618dca030d9be8e578bcc5ecba409075779ea,14,0xbb3da38363b70dc3dc970423ff11b677c2070fd82214dcb9b243bae8fffffb48,0xd152f549545093347a162dce210e7293f1452150,0xaea46a60368a7bd060eec7df8cba43b7ef41ad85,0xf7cbc20109fb53f7ffef81e74ddb522fb099cf21,43202668000000000000000,Fetch,FET,18,13,9606990,85000000000,8714229,9411591,deprecated,0xc73a2d60,"disperseToken(address token, address[] recipients, uint256[] values)",14006930
11054595,1602689029,0x0c3183d53bb0dd1b1ada77e8181618dca030d9be8e578bcc5ecba409075779ea,14,0xbb3da38363b70dc3dc970423ff11b677c2070fd82214dcb9b243bae8fffffb48,0xd152f549545093347a162dce210e7293f1452150,0xaea46a60368a7bd060eec7df8cba43b7ef41ad85,0x917e5f152cdf36518abccd2574e7a5390745ae96,43114790000000000000000,Fetch,FET,18,13,9606990,85000000000,8714229,9411591,deprecated,0xc73a2d60,"disperseToken(address token, address[] recipients, uint256[] values)",14006930
11054595,1602689029,0x0c3183d53bb0dd1b1ada77e8181618dca030d9be8e578bcc5ecba409075779ea,14,0xbb3da38363b70dc3dc970423ff11b677c2070fd82214dcb9b243bae8fffffb48,0xd152f549545093347a162dce210e7293f1452150,0xaea46a60368a7bd060eec7df8cba43b7ef41ad85,0x9db96da6c9d8b1682e0b2ee532650a9e5a915e55,43078787805360000000000,Fetch,FET,18,13,9606990,85000000000,8714229,9411591,deprecated,0xc73a2d60,"disperseToken(address token, address[] recipients, uint256[] values)",14006930
11054595,1602689029,0x0c3183d53bb0dd1b1ada77e8181618dca030d9be8e578bcc5ecba409075779ea,14,0xbb3da38363b70dc3dc970423ff11b677c2070fd82214dcb9b243bae8fffffb48,0xd152f549545093347a162dce210e7293f1452150,0xaea46a60368a7bd060eec7df8cba43b7ef41ad85,0x771ffcd90aa08ff7d8b830eb46673607d4c8f60b,43000000000000000000000,Fetch,FET,18,13,9606990,85000000000,8714229,9411591,deprecated,0xc73a2d60,"disperseToken(address token, address[] recipients, uint256[] values)",14006930
11054595,1602689029,0x0c3183d53bb0dd1b1ada77e8181618dca030d9be8e578bcc5ecba409075779ea,14,0xbb3da38363b70dc3dc970423ff11b677c2070fd82214dcb9b243bae8fffffb48,0xd152f549545093347a162dce210e7293f1452150,0xaea46a60368a7bd060eec7df8cba43b7ef41ad85,0xbef945df2d8f78c84b7fc6450ade834a11c0eeaf,42887176643400000000000,Fetch,FET,18,13,9606990,85000000000,8714229,9411591,deprecated,0xc73a2d60,"disperseToken(address token, address[] recipients, uint256[] values)",14006930
11054595,1602689029,0x0c3183d53bb0dd1b1ada77e8181618dca030d9be8e578bcc5ecba409075779ea,14,0xbb3da38363b70dc3dc970423ff11b677c2070fd82214dcb9b243bae8fffffb48,0xd152f549545093347a162dce210e7293f1452150,0xaea46a60368a7bd060eec7df8cba43b7ef41ad85,0x4d215a4e10f137710dafcb9589e023afd0215e03,42549484000000000000000,Fetch,FET,18,13,9606990,85000000000,8714229,9411591,deprecated,0xc73a2d60,"disperseToken(address token, address[] recipients, uint256[] values)",14006930
11054595,1602689029,0x0c3183d53bb0dd1b1ada77e8181618dca030d9be8e578bcc5ecba409075779ea,14,0xbb3da38363b70dc3dc970423ff11b677c2070fd82214dcb9b243bae8fffffb48,0xd152f549545093347a162dce210e7293f1452150,0xaea46a60368a7bd060eec7df8cba43b7ef41ad85,0x4a32a2a2640abad3d4fe15100afc625355733077,42534083853590000000000,Fetch,FET,18,13,9606990,85000000000,8714229,9411591,deprecated,0xc73a2d60,"disperseToken(address token, address[] recipients, uint256[] values)",14006930
11054595,1602689029,0x0c3183d53bb0dd1b1ada77e8181618dca030d9be8e578bcc5ecba409075779ea,14,0xbb3da38363b70dc3dc970423ff11b677c2070fd82214dcb9b243bae8fffffb48,0xd152f549545093347a162dce210e7293f1452150,0xaea46a60368a7bd060eec7df8cba43b7ef41ad85,0x8c4f2a78b04e518c1c3fbb7849fc93dc1c30b223,42438490348920000000000,Fetch,FET,18,13,9606990,85000000000,8714229,9411591,deprecated,0xc73a2d60,"disperseToken(address token, address[] recipients, uint256[] values)",14006930
11054595,1602689029,0x0c3183d53bb0dd1b1ada77e8181618dca030d9be8e578bcc5ecba409075779ea,14,0xbb3da38363b70dc3dc970423ff11b677c2070fd82214dcb9b243bae8fffffb48,0xd152f549545093347a162dce210e7293f1452150,0xaea46a60368a7bd060eec7df8cba43b7ef41ad85,0x588098cc780b04bb7f57a0366c4ba783ab8dce69,42134495700000000000000,Fetch,FET,18,13,9606990,85000000000,8714229,9411591,deprecated,0xc73a2d60,"disperseToken(address token, address[] recipients, uint256[] values)",14006930
11054595,1602689029,0x0c3183d53bb0dd1b1ada77e8181618dca030d9be8e578bcc5ecba409075779ea,14,0xbb3da38363b70dc3dc970423ff11b677c2070fd82214dcb9b243bae8fffffb48,0xd152f549545093347a162dce210e7293f1452150,0xaea46a60368a7bd060eec7df8cba43b7ef41ad85,0x4dbec2b381e2031018df964953c12155c089b68d,42034918000000000000000,Fetch,FET,18,13,9606990,85000000000,8714229,9411591,deprecated,0xc73a2d60,"disperseToken(address token, address[] recipients, uint256[] values)",14006930
11054595,1602689029,0x0c3183d53bb0dd1b1ada77e8181618dca030d9be8e578bcc5ecba409075779ea,14,0xbb3da38363b70dc3dc970423ff11b677c2070fd82214dcb9b243bae8fffffb48,0xd152f549545093347a162dce210e7293f1452150,0xaea46a60368a7bd060eec7df8cba43b7ef41ad85,0x8b564f6f59f71bd5cc5ec623605f97458911715e,41927888741420000000000,Fetch,FET,18,13,9606990,85000000000,8714229,9411591,deprecated,0xc73a2d60,"disperseToken(address token, address[] recipients, uint256[] values)",14006930
11054595,1602689029,0x0c3183d53bb0dd1b1ada77e8181618dca030d9be8e578bcc5ecba409075779ea,14,0xbb3da38363b70dc3dc970423ff11b677c2070fd82214dcb9b243bae8fffffb48,0xd152f549545093347a162dce210e7293f1452150,0xaea46a60368a7bd060eec7df8cba43b7ef41ad85,0xa1c76211292684f322e8a553163c4c10576a1ea4,41811878200000000000000,Fetch,FET,18,13,9606990,85000000000,8714229,9411591,deprecated,0xc73a2d60,"disperseToken(address token, address[] recipients, uint256[] values)",14006930
11054595,1602689029,0x0c3183d53bb0dd1b1ada77e8181618dca030d9be8e578bcc5ecba409075779ea,14,0xbb3da38363b70dc3dc970423ff11b677c2070fd82214dcb9b243bae8fffffb48,0xd152f549545093347a162dce210e7293f1452150,0xaea46a60368a7bd060eec7df8cba43b7ef41ad85,0x708a8e03662539a47e5fb93a778f3956a0ef057b,41741461255490000000000,Fetch,FET,18,13,9606990,85000000000,8714229,9411591,deprecated,0xc73a2d60,"disperseToken(address token, address[] recipients, uint256[] values)",14006930
11054595,1602689029,0x0c3183d53bb0dd1b1ada77e8181618dca030d9be8e578bcc5ecba409075779ea,14,0xbb3da38363b70dc3dc970423ff11b677c2070fd82214dcb9b243bae8fffffb48,0xd152f549545093347a162dce210e7293f1452150,0xaea46a60368a7bd060eec7df8cba43b7ef41ad85,0x27f7113588031aac24b9bd97f08896656fb31101,41738269900000000000000,Fetch,FET,18,13,9606990,85000000000,8714229,9411591,deprecated,0xc73a2d60,"disperseToken(address token, address[] recipients, uint256[] values)",14006930
11054595,1602689029,0x0c3183d53bb0dd1b1ada77e8181618dca030d9be8e578bcc5ecba409075779ea,14,0xbb3da38363b70dc3dc970423ff11b677c2070fd82214dcb9b243bae8fffffb48,0xd152f549545093347a162dce210e7293f1452150,0xaea46a60368a7bd060eec7df8cba43b7ef41ad85,0xb955d9abce5861df127eb4a7739125bc1739d188,41657397000000000000000,Fetch,FET,18,13,9606990,85000000000,8714229,9411591,deprecated,0xc73a2d60,"disperseToken(address token, address[] recipients, uint256[] values)",14006930
11054595,1602689029,0x0c3183d53bb0dd1b1ada77e8181618dca030d9be8e578bcc5ecba409075779ea,14,0xbb3da38363b70dc3dc970423ff11b677c2070fd82214dcb9b243bae8fffffb48,0xd152f549545093347a162dce210e7293f1452150,0xaea46a60368a7bd060eec7df8cba43b7ef41ad85,0x79c5df02b321c1175dfd3ac4c142679c0e7cc8d1,41635566524430000000000,Fetch,FET,18,13,9606990,85000000000,8714229,9411591,deprecated,0xc73a2d60,"disperseToken(address token, address[] recipients, uint256[] values)",14006930
11054595,1602689029,0x0c3183d53bb0dd1b1ada77e8181618dca030d9be8e578bcc5ecba409075779ea,14,0xbb3da38363b70dc3dc970423ff11b677c2070fd82214dcb9b243bae8fffffb48,0xd152f549545093347a162dce210e7293f1452150,0xaea46a60368a7bd060eec7df8cba43b7ef41ad85,0x971c9855bac8f708e8821af9c3e357a6022860e2,41633793373110000000000,Fetch,FET,18,13,9606990,85000000000,8714229,9411591,deprecated,0xc73a2d60,"disperseToken(address token, address[] recipients, uint256[] values)",14006930
11054595,1602689029,0x0c3183d53bb0dd1b1ada77e8181618dca030d9be8e578bcc5ecba409075779ea,14,0xbb3da38363b70dc3dc970423ff11b677c2070fd82214dcb9b243bae8fffffb48,0xd152f549545093347a162dce210e7293f1452150,0xaea46a60368a7bd060eec7df8cba43b7ef41ad85,0xcdfba547d1c850196645a9cbc3201ddfe9c9580d,41266000000000000000000,Fetch,FET,18,13,9606990,85000000000,8714229,9411591,deprecated,0xc73a2d60,"disperseToken(address token, address[] recipients, uint256[] values)",14006930
11054595,1602689029,0x0c3183d53bb0dd1b1ada77e8181618dca030d9be8e578bcc5ecba409075779ea,14,0xbb3da38363b70dc3dc970423ff11b677c2070fd82214dcb9b243bae8fffffb48,0xd152f549545093347a162dce210e7293f1452150,0xaea46a60368a7bd060eec7df8cba43b7ef41ad85,0x4b282bbacb08f20b3edff2bf8428bc2dfadc8dd3,41238700000000000000000,Fetch,FET,18,13,9606990,85000000000,8714229,9411591,deprecated,0xc73a2d60,"disperseToken(address token, address[] recipients, uint256[] values)",14006930
11054595,1602689029,0x0c3183d53bb0dd1b1ada77e8181618dca030d9be8e578bcc5ecba409075779ea,14,0xbb3da38363b70dc3dc970423ff11b677c2070fd82214dcb9b243bae8fffffb48,0xd152f549545093347a162dce210e7293f1452150,0xaea46a60368a7bd060eec7df8cba43b7ef41ad85,0x0009af4fc4318de8b959a5e8c0f622e297929417,41229234675830000000000,Fetch,FET,18,13,9606990,85000000000,8714229,9411591,deprecated,0xc73a2d60,"disperseToken(address token, address[] recipients, uint256[] values)",14006930
11054595,1602689029,0x0c3183d53bb0dd1b1ada77e8181618dca030d9be8e578bcc5ecba409075779ea,14,0xbb3da38363b70dc3dc970423ff11b677c2070fd82214dcb9b243bae8fffffb48,0xd152f549545093347a162dce210e7293f1452150,0xaea46a60368a7bd060eec7df8cba43b7ef41ad85,0xe7d9037857bd0c2627dc3117379d1536ce13c4ef,41100856600000000000000,Fetch,FET,18,13,9606990,85000000000,8714229,9411591,deprecated,0xc73a2d60,"disperseToken(address token, address[] recipients, uint256[] values)",14006930
11054595,1602689029,0x0c3183d53bb0dd1b1ada77e8181618dca030d9be8e578bcc5ecba409075779ea,14,0xbb3da38363b70dc3dc970423ff11b677c2070fd82214dcb9b243bae8fffffb48,0xd152f549545093347a162dce210e7293f1452150,0xaea46a60368a7bd060eec7df8cba43b7ef41ad85,0xc037a837fa5e3673fb65b7beb8cda1d260a2d581,41088156523850000000000,Fetch,FET,18,13,9606990,85000000000,8714229,9411591,deprecated,0xc73a2d60,"disperseToken(address token, address[] recipients, uint256[] values)",14006930
11054595,1602689029,0x0c3183d53bb0dd1b1ada77e8181618dca030d9be8e578bcc5ecba409075779ea,14,0xbb3da38363b70dc3dc970423ff11b677c2070fd82214dcb9b243bae8fffffb48,0xd152f549545093347a162dce210e7293f1452150,0xaea46a60368a7bd060eec7df8cba43b7ef41ad85,0xa5274a29bb694c92cde4c7385dd00913d679c32f,40947811313290000000000,Fetch,FET,18,13,9606990,85000000000,8714229,9411591,deprecated,0xc73a2d60,"disperseToken(address token, address[] recipients, uint256[] values)",14006930
11054595,1602689029,0x0c3183d53bb0dd1b1ada77e8181618dca030d9be8e578bcc5ecba409075779ea,14,0xbb3da38363b70dc3dc970423ff11b677c2070fd82214dcb9b243bae8fffffb48,0xd152f549545093347a162dce210e7293f1452150,0xaea46a60368a7bd060eec7df8cba43b7ef41ad85,0xeaac5314f358273561473ed6efbacf4a7d33c64d,40900000000000000000000,Fetch,FET,18,13,9606990,85000000000,8714229,9411591,deprecated,0xc73a2d60,"disperseToken(address token, address[] recipients, uint256[] values)",14006930
11054595,1602689029,0x0c3183d53bb0dd1b1ada77e8181618dca030d9be8e578bcc5ecba409075779ea,14,0xbb3da38363b70dc3dc970423ff11b677c2070fd82214dcb9b243bae8fffffb48,0xd152f549545093347a162dce210e7293f1452150,0xaea46a60368a7bd060eec7df8cba43b7ef41ad85,0xe8e40028ccc6aee11a75cb31672df37c35522484,40880771162210000000000,Fetch,FET,18,13,9606990,85000000000,8714229,9411591,deprecated,0xc73a2d60,"disperseToken(address token, address[] recipients, uint256[] values)",14006930
11054595,1602689029,0x0c3183d53bb0dd1b1ada77e8181618dca030d9be8e578bcc5ecba409075779ea,14,0xbb3da38363b70dc3dc970423ff11b677c2070fd82214dcb9b243bae8fffffb48,0xd152f549545093347a162dce210e7293f1452150,0xaea46a60368a7bd060eec7df8cba43b7ef41ad85,0x523c00131ef14dfe144137088fca435cc38a697f,40582952973320000000000,Fetch,FET,18,13,9606990,85000000000,8714229,9411591,deprecated,0xc73a2d60,"disperseToken(address token, address[] recipients, uint256[] values)",14006930
11054595,1602689029,0x0c3183d53bb0dd1b1ada77e8181618dca030d9be8e578bcc5ecba409075779ea,14,0xbb3da38363b70dc3dc970423ff11b677c2070fd82214dcb9b243bae8fffffb48,0xd152f549545093347a162dce210e7293f1452150,0xaea46a60368a7bd060eec7df8cba43b7ef41ad85,0x3c5d6c7e499559fd6eb16440b58471aeb893dfca,40446622900000000000000,Fetch,FET,18,13,9606990,85000000000,8714229,9411591,deprecated,0xc73a2d60,"disperseToken(address token, address[] recipients, uint256[] values)",14006930
11054595,1602689029,0x0c3183d53bb0dd1b1ada77e8181618dca030d9be8e578bcc5ecba409075779ea,14,0xbb3da38363b70dc3dc970423ff11b677c2070fd82214dcb9b243bae8fffffb48,0xd152f549545093347a162dce210e7293f1452150,0xaea46a60368a7bd060eec7df8cba43b7ef41ad85,0x537f3555c8644471247e7c4b01e0d65264c4eb6f,40408259600000000000000,Fetch,FET,18,13,9606990,85000000000,8714229,9411591,deprecated,0xc73a2d60,"disperseToken(address token, address[] recipients, uint256[] values)",14006930
11054595,1602689029,0x0c3183d53bb0dd1b1ada77e8181618dca030d9be8e578bcc5ecba409075779ea,14,0xbb3da38363b70dc3dc970423ff11b677c2070fd82214dcb9b243bae8fffffb48,0xd152f549545093347a162dce210e7293f1452150,0xaea46a60368a7bd060eec7df8cba43b7ef41ad85,0x0fa3e5eda3c04b7df6ff44656651d16e001bff3a,40353719623890000000000,Fetch,FET,18,13,9606990,85000000000,8714229,9411591,deprecated,0xc73a2d60,"disperseToken(address token, address[] recipients, uint256[] values)",14006930
11054595,1602689029,0x0c3183d53bb0dd1b1ada77e8181618dca030d9be8e578bcc5ecba409075779ea,14,0xbb3da38363b70dc3dc970423ff11b677c2070fd82214dcb9b243bae8fffffb48,0xd152f549545093347a162dce210e7293f1452150,0xaea46a60368a7bd060eec7df8cba43b7ef41ad85,0x59d6e150ee8a5dfdd79d3423e19e756fb6231479,40204056999990000000000,Fetch,FET,18,13,9606990,85000000000,8714229,9411591,deprecated,0xc73a2d60,"disperseToken(address token, address[] recipients, uint256[] values)",14006930
11054595,1602689029,0x0c3183d53bb0dd1b1ada77e8181618dca030d9be8e578bcc5ecba409075779ea,14,0xbb3da38363b70dc3dc970423ff11b677c2070fd82214dcb9b243bae8fffffb48,0xd152f549545093347a162dce210e7293f1452150,0xaea46a60368a7bd060eec7df8cba43b7ef41ad85,0x820779208b9c4595f1f1ea1eeaaef2f586e5944c,40181570586070000000000,Fetch,FET,18,13,9606990,85000000000,8714229,9411591,deprecated,0xc73a2d60,"disperseToken(address token, address[] recipients, uint256[] values)",14006930
11054595,1602689029,0x0c3183d53bb0dd1b1ada77e8181618dca030d9be8e578bcc5ecba409075779ea,14,0xbb3da38363b70dc3dc970423ff11b677c2070fd82214dcb9b243bae8fffffb48,0xd152f549545093347a162dce210e7293f1452150,0xaea46a60368a7bd060eec7df8cba43b7ef41ad85,0xc0d7b02092b5f80d3ae4351c3fc42d367e4362bf,40128179832540000000000,Fetch,FET,18,13,9606990,85000000000,8714229,9411591,deprecated,0xc73a2d60,"disperseToken(address token, address[] recipients, uint256[] values)",14006930
11054595,1602689029,0x0c3183d53bb0dd1b1ada77e8181618dca030d9be8e578bcc5ecba409075779ea,14,0xbb3da38363b70dc3dc970423ff11b677c2070fd82214dcb9b243bae8fffffb48,0xd152f549545093347a162dce210e7293f1452150,0xaea46a60368a7bd060eec7df8cba43b7ef41ad85,0xf9c53facb8036e440b1a3c821370ac7bb22314f7,40069899900000000000000,Fetch,FET,18,13,9606990,85000000000,8714229,9411591,deprecated,0xc73a2d60,"disperseToken(address token, address[] recipients, uint256[] values)",14006930
11054595,1602689029,0x0c3183d53bb0dd1b1ada77e8181618dca030d9be8e578bcc5ecba409075779ea,14,0xbb3da38363b70dc3dc970423ff11b677c2070fd82214dcb9b243bae8fffffb48,0xd152f549545093347a162dce210e7293f1452150,0xaea46a60368a7bd060eec7df8cba43b7ef41ad85,0x626cf543a0fb9f3db46a3be233618af2143b0b40,40054111601120000000000,Fetch,FET,18,13,9606990,85000000000,8714229,9411591,deprecated,0xc73a2d60,"disperseToken(address token, address[] recipients, uint256[] values)",14006930
11054595,1602689029,0x0c3183d53bb0dd1b1ada77e8181618dca030d9be8e578bcc5ecba409075779ea,14,0xbb3da38363b70dc3dc970423ff11b677c2070fd82214dcb9b243bae8fffffb48,0xd152f549545093347a162dce210e7293f1452150,0xaea46a60368a7bd060eec7df8cba43b7ef41ad85,0xa1dd3677f88c797bb2fe94f5ea666e9ef6f2e010,40041732366646123152854,Fetch,FET,18,13,9606990,85000000000,8714229,9411591,deprecated,0xc73a2d60,"disperseToken(address token, address[] recipients, uint256[] values)",14006930
11054595,1602689029,0x0c3183d53bb0dd1b1ada77e8181618dca030d9be8e578bcc5ecba409075779ea,14,0xbb3da38363b70dc3dc970423ff11b677c2070fd82214dcb9b243bae8fffffb48,0xd152f549545093347a162dce210e7293f1452150,0xaea46a60368a7bd060eec7df8cba43b7ef41ad85,0x8559de9a8f069e1f9af571a01f228ef256a7bde2,40028336224970000000000,Fetch,FET,18,13,9606990,85000000000,8714229,9411591,deprecated,0xc73a2d60,"disperseToken(address token, address[] recipients, uint256[] values)",14006930
11054595,1602689029,0x0c3183d53bb0dd1b1ada77e8181618dca030d9be8e578bcc5ecba409075779ea,14,0xbb3da38363b70dc3dc970423ff11b677c2070fd82214dcb9b243bae8fffffb48,0xd152f549545093347a162dce210e7293f1452150,0xaea46a60368a7bd060eec7df8cba43b7ef41ad85,0x020df69deccdfaf31f0ac4b593fe7c5ccd6e82a6,40000000500000000000000,Fetch,FET,18,13,9606990,85000000000,8714229,9411591,deprecated,0xc73a2d60,"disperseToken(address token, address[] recipients, uint256[] values)",14006930
11054595,1602689029,0x0c3183d53bb0dd1b1ada77e8181618dca030d9be8e578bcc5ecba409075779ea,14,0xbb3da38363b70dc3dc970423ff11b677c2070fd82214dcb9b243bae8fffffb48,0xd152f549545093347a162dce210e7293f1452150,0xaea46a60368a7bd060eec7df8cba43b7ef41ad85,0x7c5900991f678acdd93d6ca4b08a93ccaebb7e84,39996227784590000000000,Fetch,FET,18,13,9606990,85000000000,8714229,9411591,deprecated,0xc73a2d60,"disperseToken(address token, address[] recipients, uint256[] values)",14006930
11054595,1602689029,0x0c3183d53bb0dd1b1ada77e8181618dca030d9be8e578bcc5ecba409075779ea,14,0xbb3da38363b70dc3dc970423ff11b677c2070fd82214dcb9b243bae8fffffb48,0xd152f549545093347a162dce210e7293f1452150,0xaea46a60368a7bd060eec7df8cba43b7ef41ad85,0x0da1fa9dc63e15500a69442246c16cbb888e4416,39974434540960000000000,Fetch,FET,18,13,9606990,85000000000,8714229,9411591,deprecated,0xc73a2d60,"disperseToken(address token, address[] recipients, uint256[] values)",14006930
11054595,1602689029,0x0c3183d53bb0dd1b1ada77e8181618dca030d9be8e578bcc5ecba409075779ea,14,0xbb3da38363b70dc3dc970423ff11b677c2070fd82214dcb9b243bae8fffffb48,0xd152f549545093347a162dce210e7293f1452150,0xaea46a60368a7bd060eec7df8cba43b7ef41ad85,0x16c1ac8e698b1285bf1b9e971359823e60221bbb,39958000000000000000000,Fetch,FET,18,13,9606990,85000000000,8714229,9411591,deprecated,0xc73a2d60,"disperseToken(address token, address[] recipients, uint256[] values)",14006930
11054595,1602689029,0x0c3183d53bb0dd1b1ada77e8181618dca030d9be8e578bcc5ecba409075779ea,14,0xbb3da38363b70dc3dc970423ff11b677c2070fd82214dcb9b243bae8fffffb48,0xd152f549545093347a162dce210e7293f1452150,0xaea46a60368a7bd060eec7df8cba43b7ef41ad85,0xf1ad3e424118eb8b4aac85fcea3471aafc924648,39955472000000000000000,Fetch,FET,18,13,9606990,85000000000,8714229,9411591,deprecated,0xc73a2d60,"disperseToken(address token, address[] recipients, uint256[] values)",14006930
11054595,1602689029,0x0c3183d53bb0dd1b1ada77e8181618dca030d9be8e578bcc5ecba409075779ea,14,0xbb3da38363b70dc3dc970423ff11b677c2070fd82214dcb9b243bae8fffffb48,0xd152f549545093347a162dce210e7293f1452150,0xaea46a60368a7bd060eec7df8cba43b7ef41ad85,0x57a79ae1c745f8af679f196a5837fa5668ba6826,39955000000000000000000,Fetch,FET,18,13,9606990,85000000000,8714229,9411591,deprecated,0xc73a2d60,"disperseToken(address token, address[] recipients, uint256[] values)",14006930
11054595,1602689029,0x0c3183d53bb0dd1b1ada77e8181618dca030d9be8e578bcc5ecba409075779ea,14,0xbb3da38363b70dc3dc970423ff11b677c2070fd82214dcb9b243bae8fffffb48,0xd152f549545093347a162dce210e7293f1452150,0xaea46a60368a7bd060eec7df8cba43b7ef41ad85,0x4beacd32189cc50ad3d405d87ff591542cc33710,39955000000000000000000,Fetch,FET,18,13,9606990,85000000000,8714229,9411591,deprecated,0xc73a2d60,"disperseToken(address token, address[] recipients, uint256[] values)",14006930
11054595,1602689029,0x0c3183d53bb0dd1b1ada77e8181618dca030d9be8e578bcc5ecba409075779ea,14,0xbb3da38363b70dc3dc970423ff11b677c2070fd82214dcb9b243bae8fffffb48,0xd152f549545093347a162dce210e7293f1452150,0xaea46a60368a7bd060eec7df8cba43b7ef41ad85,0x5dc4c7538d446a16aeb596c07fb8aded0da19218,39950624806150000000000,Fetch,FET,18,13,9606990,85000000000,8714229,9411591,deprecated,0xc73a2d60,"disperseToken(address token, address[] recipients, uint256[] values)",14006930
11054595,1602689029,0x0c3183d53bb0dd1b1ada77e8181618dca030d9be8e578bcc5ecba409075779ea,14,0xbb3da38363b70dc3dc970423ff11b677c2070fd82214dcb9b243bae8fffffb48,0xd152f549545093347a162dce210e7293f1452150,0xaea46a60368a7bd060eec7df8cba43b7ef41ad85,0x49ba42255f73dab40d16cc3f9014b11ef8c9f4b0,39874000000000000000000,Fetch,FET,18,13,9606990,85000000000,8714229,9411591,deprecated,0xc73a2d60,"disperseToken(address token, address[] recipients, uint256[] values)",14006930
11054595,1602689029,0x0c3183d53bb0dd1b1ada77e8181618dca030d9be8e578bcc5ecba409075779ea,14,0xbb3da38363b70dc3dc970423ff11b677c2070fd82214dcb9b243bae8fffffb48,0xd152f549545093347a162dce210e7293f1452150,0xaea46a60368a7bd060eec7df8cba43b7ef41ad85,0x98ba51bb42956fa5713fc5fe8fc4a8dd86b45dd3,39768162000000000000000,Fetch,FET,18,13,9606990,85000000000,8714229,9411591,deprecated,0xc73a2d60,"disperseToken(address token, address[] recipients, uint256[] values)",14006930
11054595,1602689029,0x0c3183d53bb0dd1b1ada77e8181618dca030d9be8e578bcc5ecba409075779ea,14,0xbb3da38363b70dc3dc970423ff11b677c2070fd82214dcb9b243bae8fffffb48,0xd152f549545093347a162dce210e7293f1452150,0xaea46a60368a7bd060eec7df8cba43b7ef41ad85,0x4f9f9b2bba2957e3238762e6541b49e89baadcdb,39755000000000000000000,Fetch,FET,18,13,9606990,85000000000,8714229,9411591,deprecated,0xc73a2d60,"disperseToken(address token, address[] recipients, uint256[] values)",14006930
11054595,1602689029,0x0c3183d53bb0dd1b1ada77e8181618dca030d9be8e578bcc5ecba409075779ea,14,0xbb3da38363b70dc3dc970423ff11b677c2070fd82214dcb9b243bae8fffffb48,0xd152f549545093347a162dce210e7293f1452150,0xaea46a60368a7bd060eec7df8cba43b7ef41ad85,0x6aee39fae7ee5423ffa9ae24bfc23ad3a7d244b9,39735175709460000000000,Fetch,FET,18,13,9606990,85000000000,8714229,9411591,deprecated,0xc73a2d60,"disperseToken(address token, address[] recipients, uint256[] values)",14006930
11054595,1602689029,0x0c3183d53bb0dd1b1ada77e8181618dca030d9be8e578bcc5ecba409075779ea,14,0xbb3da38363b70dc3dc970423ff11b677c2070fd82214dcb9b243bae8fffffb48,0xd152f549545093347a162dce210e7293f1452150,0xaea46a60368a7bd060eec7df8cba43b7ef41ad85,0xa9ec555cc6edfe620f2203cc9010ccb03d8ee4b1,39557039380730000000000,Fetch,FET,18,13,9606990,85000000000,8714229,9411591,deprecated,0xc73a2d60,"disperseToken(address token, address[] recipients, uint256[] values)",14006930
11054595,1602689029,0x0c3183d53bb0dd1b1ada77e8181618dca030d9be8e578bcc5ecba409075779ea,14,0xbb3da38363b70dc3dc970423ff11b677c2070fd82214dcb9b243bae8fffffb48,0xd152f549545093347a162dce210e7293f1452150,0xaea46a60368a7bd060eec7df8cba43b7ef41ad85,0x8ae7b8d7ea166b2b6d76f45b61ef86fcb9a4a7ad,39426174795270000000000,Fetch,FET,18,13,9606990,85000000000,8714229,9411591,deprecated,0xc73a2d60,"disperseToken(address token, address[] recipients, uint256[] values)",14006930
11054595,1602689029,0x0c3183d53bb0dd1b1ada77e8181618dca030d9be8e578bcc5ecba409075779ea,14,0xbb3da38363b70dc3dc970423ff11b677c2070fd82214dcb9b243bae8fffffb48,0xd152f549545093347a162dce210e7293f1452150,0xaea46a60368a7bd060eec7df8cba43b7ef41ad85,0x96ac649bf902c3643fb4155aaf85abace0d5d416,39423449198280000000000,Fetch,FET,18,13,9606990,85000000000,8714229,9411591,deprecated,0xc73a2d60,"disperseToken(address token, address[] recipients, uint256[] values)",14006930
11054595,1602689029,0x0c3183d53bb0dd1b1ada77e8181618dca030d9be8e578bcc5ecba409075779ea,14,0xbb3da38363b70dc3dc970423ff11b677c2070fd82214dcb9b243bae8fffffb48,0xd152f549545093347a162dce210e7293f1452150,0xaea46a60368a7bd060eec7df8cba43b7ef41ad85,0xfcb8b6c7014f6ff73bce7484563203525cbbe72e,39388829818600000000000,Fetch,FET,18,13,9606990,85000000000,8714229,9411591,deprecated,0xc73a2d60,"disperseToken(address token, address[] recipients, uint256[] values)",14006930
11054595,1602689029,0x0c3183d53bb0dd1b1ada77e8181618dca030d9be8e578bcc5ecba409075779ea,14,0xbb3da38363b70dc3dc970423ff11b677c2070fd82214dcb9b243bae8fffffb48,0xd152f549545093347a162dce210e7293f1452150,0xaea46a60368a7bd060eec7df8cba43b7ef41ad85,0x5f9cca789957ae6a5743a10c7f92fcacb283f309,39254453009610000000000,Fetch,FET,18,13,9606990,85000000000,8714229,9411591,deprecated,0xc73a2d60,"disperseToken(address token, address[] recipients, uint256[] values)",14006930
11054595,1602689029,0x0c3183d53bb0dd1b1ada77e8181618dca030d9be8e578bcc5ecba409075779ea,14,0xbb3da38363b70dc3dc970423ff11b677c2070fd82214dcb9b243bae8fffffb48,0xd152f549545093347a162dce210e7293f1452150,0xaea46a60368a7bd060eec7df8cba43b7ef41ad85,0xe8fc77c8a63b80c27ee43aa4873fcb9b8950c77d,39148000000000000000000,Fetch,FET,18,13,9606990,85000000000,8714229,9411591,deprecated,0xc73a2d60,"disperseToken(address token, address[] recipients, uint256[] values)",14006930
11054595,1602689029,0x0c3183d53bb0dd1b1ada77e8181618dca030d9be8e578bcc5ecba409075779ea,14,0xbb3da38363b70dc3dc970423ff11b677c2070fd82214dcb9b243bae8fffffb48,0xd152f549545093347a162dce210e7293f1452150,0xaea46a60368a7bd060eec7df8cba43b7ef41ad85,0x697853dd02450efa44ddd094a8cb391a40ee10a0,39044000000000000000000,Fetch,FET,18,13,9606990,85000000000,8714229,9411591,deprecated,0xc73a2d60,"disperseToken(address token, address[] recipients, uint256[] values)",14006930
11054595,1602689029,0x0c3183d53bb0dd1b1ada77e8181618dca030d9be8e578bcc5ecba409075779ea,14,0xbb3da38363b70dc3dc970423ff11b677c2070fd82214dcb9b243bae8fffffb48,0xd152f549545093347a162dce210e7293f1452150,0xaea46a60368a7bd060eec7df8cba43b7ef41ad85,0xb9e1c539e23109124c0a6f341bc45b5814c1d986,38893767129280000000000,Fetch,FET,18,13,9606990,85000000000,8714229,9411591,deprecated,0xc73a2d60,"disperseToken(address token, address[] recipients, uint256[] values)",14006930
11054595,1602689029,0x0c3183d53bb0dd1b1ada77e8181618dca030d9be8e578bcc5ecba409075779ea,14,0xbb3da38363b70dc3dc970423ff11b677c2070fd82214dcb9b243bae8fffffb48,0xd152f549545093347a162dce210e7293f1452150,0xaea46a60368a7bd060eec7df8cba43b7ef41ad85,0x6ae58d608074b6ea706cebafe739e74e719d4a85,38889000000000000000000,Fetch,FET,18,13,9606990,85000000000,8714229,9411591,deprecated,0xc73a2d60,"disperseToken(address token, address[] recipients, uint256[] values)",14006930
11054595,1602689029,0x0c3183d53bb0dd1b1ada77e8181618dca030d9be8e578bcc5ecba409075779ea,14,0xbb3da38363b70dc3dc970423ff11b677c2070fd82214dcb9b243bae8fffffb48,0xd152f549545093347a162dce210e7293f1452150,0xaea46a60368a7bd060eec7df8cba43b7ef41ad85,0xbcedcac7162a75da677010e896bea5d978319d3b,38848248000000010000000,Fetch,FET,18,13,9606990,85000000000,8714229,9411591,deprecated,0xc73a2d60,"disperseToken(address token, address[] recipients, uint256[] values)",14006930
11054595,1602689029,0x0c3183d53bb0dd1b1ada77e8181618dca030d9be8e578bcc5ecba409075779ea,14,0xbb3da38363b70dc3dc970423ff11b677c2070fd82214dcb9b243bae8fffffb48,0xd152f549545093347a162dce210e7293f1452150,0xaea46a60368a7bd060eec7df8cba43b7ef41ad85,0x62b0d3a51530e94c856ee0e745be1414ac2bef5b,38661640345950000000000,Fetch,FET,18,13,9606990,85000000000,8714229,9411591,deprecated,0xc73a2d60,"disperseToken(address token, address[] recipients, uint256[] values)",14006930
11054595,1602689029,0x0c3183d53bb0dd1b1ada77e8181618dca030d9be8e578bcc5ecba409075779ea,14,0xbb3da38363b70dc3dc970423ff11b677c2070fd82214dcb9b243bae8fffffb48,0xd152f549545093347a162dce210e7293f1452150,0xaea46a60368a7bd060eec7df8cba43b7ef41ad85,0xa8d71b7470bd375f1ed21e7b91f0a8a7ce4592f9,38572833320412867228597,Fetch,FET,18,13,9606990,85000000000,8714229,9411591,deprecated,0xc73a2d60,"disperseToken(address token, address[] recipients, uint256[] values)",14006930
11054595,1602689029,0x0c3183d53bb0dd1b1ada77e8181618dca030d9be8e578bcc5ecba409075779ea,14,0xbb3da38363b70dc3dc970423ff11b677c2070fd82214dcb9b243bae8fffffb48,0xd152f549545093347a162dce210e7293f1452150,0xaea46a60368a7bd060eec7df8cba43b7ef41ad85,0x924cd9b60f4173dcdd5254ddd38c4f9cab68fe6b,38514930000000000000000,Fetch,FET,18,13,9606990,85000000000,8714229,9411591,deprecated,0xc73a2d60,"disperseToken(address token, address[] recipients, uint256[] values)",14006930
11054595,1602689029,0x0c3183d53bb0dd1b1ada77e8181618dca030d9be8e578bcc5ecba409075779ea,14,0xbb3da38363b70dc3dc970423ff11b677c2070fd82214dcb9b243bae8fffffb48,0xd152f549545093347a162dce210e7293f1452150,0xaea46a60368a7bd060eec7df8cba43b7ef41ad85,0xc4d0ebf58746fd697205b5446a3986f15a213464,38464000000000000000000,Fetch,FET,18,13,9606990,85000000000,8714229,9411591,deprecated,0xc73a2d60,"disperseToken(address token, address[] recipients, uint256[] values)",14006930
11054595,1602689029,0x0c3183d53bb0dd1b1ada77e8181618dca030d9be8e578bcc5ecba409075779ea,14,0xbb3da38363b70dc3dc970423ff11b677c2070fd82214dcb9b243bae8fffffb48,0xd152f549545093347a162dce210e7293f1452150,0xaea46a60368a7bd060eec7df8cba43b7ef41ad85,0x91bd0252c665254f3ec2d8f8cf85576f2292f290,38454578829637639955274,Fetch,FET,18,13,9606990,85000000000,8714229,9411591,deprecated,0xc73a2d60,"disperseToken(address token, address[] recipients, uint256[] values)",14006930
11054595,1602689029,0x0c3183d53bb0dd1b1ada77e8181618dca030d9be8e578bcc5ecba409075779ea,14,0xbb3da38363b70dc3dc970423ff11b677c2070fd82214dcb9b243bae8fffffb48,0xd152f549545093347a162dce210e7293f1452150,0xaea46a60368a7bd060eec7df8cba43b7ef41ad85,0xb8f3a9296637123b591a56d31c4343f9c75c01bd,38439166000000000000000,Fetch,FET,18,13,9606990,85000000000,8714229,9411591,deprecated,0xc73a2d60,"disperseToken(address token, address[] recipients, uint256[] values)",14006930
11054595,1602689029,0x0c3183d53bb0dd1b1ada77e8181618dca030d9be8e578bcc5ecba409075779ea,14,0xbb3da38363b70dc3dc970423ff11b677c2070fd82214dcb9b243bae8fffffb48,0xd152f549545093347a162dce210e7293f1452150,0xaea46a60368a7bd060eec7df8cba43b7ef41ad85,0x1a9bba84ebe203b37447785afb25c9d09a71d3fe,38431394000820000000000,Fetch,FET,18,13,9606990,85000000000,8714229,9411591,deprecated,0xc73a2d60,"disperseToken(address token, address[] recipients, uint256[] values)",14006930
11054595,1602689029,0x0c3183d53bb0dd1b1ada77e8181618dca030d9be8e578bcc5ecba409075779ea,14,0xbb3da38363b70dc3dc970423ff11b677c2070fd82214dcb9b243bae8fffffb48,0xd152f549545093347a162dce210e7293f1452150,0xaea46a60368a7bd060eec7df8cba43b7ef41ad85,0xae6349a37679679626efd5a6eb3b35c25daf98ec,38401024718270000000000,Fetch,FET,18,13,9606990,85000000000,8714229,9411591,deprecated,0xc73a2d60,"disperseToken(address token, address[] recipients, uint256[] values)",14006930
11054595,1602689029,0x0c3183d53bb0dd1b1ada77e8181618dca030d9be8e578bcc5ecba409075779ea,14,0xbb3da38363b70dc3dc970423ff11b677c2070fd82214dcb9b243bae8fffffb48,0xd152f549545093347a162dce210e7293f1452150,0xaea46a60368a7bd060eec7df8cba43b7ef41ad85,0x0a0ee01f79a05f80bb90f21a44a3effb63441169,38346304695000000000000,Fetch,FET,18,13,9606990,85000000000,8714229,9411591,deprecated,0xc73a2d60,"disperseToken(address token, address[] recipients, uint256[] values)",14006930
11054595,1602689029,0x0c3183d53bb0dd1b1ada77e8181618dca030d9be8e578bcc5ecba409075779ea,14,0xbb3da38363b70dc3dc970423ff11b677c2070fd82214dcb9b243bae8fffffb48,0xd152f549545093347a162dce210e7293f1452150,0xaea46a60368a7bd060eec7df8cba43b7ef41ad85,0xbda2cc4f974362d260c6b930059981d80fcd9e95,38335207779891414869981,Fetch,FET,18,13,9606990,85000000000,8714229,9411591,deprecated,0xc73a2d60,"disperseToken(address token, address[] recipients, uint256[] values)",14006930
11054595,1602689029,0x0c3183d53bb0dd1b1ada77e8181618dca030d9be8e578bcc5ecba409075779ea,14,0xbb3da38363b70dc3dc970423ff11b677c2070fd82214dcb9b243bae8fffffb48,0xd152f549545093347a162dce210e7293f1452150,0xaea46a60368a7bd060eec7df8cba43b7ef41ad85,0x3094bf40a33dd869d4c0ec3ce90d860118e313ad,38319112338860000000000,Fetch,FET,18,13,9606990,85000000000,8714229,9411591,deprecated,0xc73a2d60,"disperseToken(address token, address[] recipients, uint256[] values)",14006930
11054595,1602689029,0x0c3183d53bb0dd1b1ada77e8181618dca030d9be8e578bcc5ecba409075779ea,14,0xbb3da38363b70dc3dc970423ff11b677c2070fd82214dcb9b243bae8fffffb48,0xd152f549545093347a162dce210e7293f1452150,0xaea46a60368a7bd060eec7df8cba43b7ef41ad85,0xfe22dc8a10cd4055239d4c314df55278142a5471,38226068800000000000000,Fetch,FET,18,13,9606990,85000000000,8714229,9411591,deprecated,0xc73a2d60,"disperseToken(address token, address[] recipients, uint256[] values)",14006930
11054595,1602689029,0x0c3183d53bb0dd1b1ada77e8181618dca030d9be8e578bcc5ecba409075779ea,14,0xbb3da38363b70dc3dc970423ff11b677c2070fd82214dcb9b243bae8fffffb48,0xd152f549545093347a162dce210e7293f1452150,0xaea46a60368a7bd060eec7df8cba43b7ef41ad85,0x7e8eed737f694e40a270ae48d37694fcbb0db2ba,38195928261630000000000,Fetch,FET,18,13,9606990,85000000000,8714229,9411591,deprecated,0xc73a2d60,"disperseToken(address token, address[] recipients, uint256[] values)",14006930
11054595,1602689029,0x0c3183d53bb0dd1b1ada77e8181618dca030d9be8e578bcc5ecba409075779ea,14,0xbb3da38363b70dc3dc970423ff11b677c2070fd82214dcb9b243bae8fffffb48,0xd152f549545093347a162dce210e7293f1452150,0xaea46a60368a7bd060eec7df8cba43b7ef41ad85,0xd4f0d905d52fad298c533dd2f99eee3eebeacf86,38151425471760000000000,Fetch,FET,18,13,9606990,85000000000,8714229,9411591,deprecated,0xc73a2d60,"disperseToken(address token, address[] recipients, uint256[] values)",14006930
11054595,1602689029,0x0c3183d53bb0dd1b1ada77e8181618dca030d9be8e578bcc5ecba409075779ea,14,0xbb3da38363b70dc3dc970423ff11b677c2070fd82214dcb9b243bae8fffffb48,0xd152f549545093347a162dce210e7293f1452150,0xaea46a60368a7bd060eec7df8cba43b7ef41ad85,0x5b78c2321f569c6e3ef47fd4178e84e4d330fc6b,38137157621080000000000,Fetch,FET,18,13,9606990,85000000000,8714229,9411591,deprecated,0xc73a2d60,"disperseToken(address token, address[] recipients, uint256[] values)",14006930
11054595,1602689029,0x0c3183d53bb0dd1b1ada77e8181618dca030d9be8e578bcc5ecba409075779ea,14,0xbb3da38363b70dc3dc970423ff11b677c2070fd82214dcb9b243bae8fffffb48,0xd152f549545093347a162dce210e7293f1452150,0xaea46a60368a7bd060eec7df8cba43b7ef41ad85,0x377af2d92f7e09009847a38cec9b35d5fc95bd35,38106279341974610534649,Fetch,FET,18,13,9606990,85000000000,8714229,9411591,deprecated,0xc73a2d60,"disperseToken(address token, address[] recipients, uint256[] values)",14006930
11054595,1602689029,0x0c3183d53bb0dd1b1ada77e8181618dca030d9be8e578bcc5ecba409075779ea,14,0xbb3da38363b70dc3dc970423ff11b677c2070fd82214dcb9b243bae8fffffb48,0xd152f549545093347a162dce210e7293f1452150,0xaea46a60368a7bd060eec7df8cba43b7ef41ad85,0x67dcf41e7805b686afe43288fdbc846108353559,37988332043760000000000,Fetch,FET,18,13,9606990,85000000000,8714229,9411591,deprecated,0xc73a2d60,"disperseToken(address token, address[] recipients, uint256[] values)",14006930
11054595,1602689029,0x0c3183d53bb0dd1b1ada77e8181618dca030d9be8e578bcc5ecba409075779ea,14,0xbb3da38363b70dc3dc970423ff11b677c2070fd82214dcb9b243bae8fffffb48,0xd152f549545093347a162dce210e7293f1452150,0xaea46a60368a7bd060eec7df8cba43b7ef41ad85,0x1285b6853556f23a65bea593e2cc718ada45558f,37958266577674184428383,Fetch,FET,18,13,9606990,85000000000,8714229,9411591,deprecated,0xc73a2d60,"disperseToken(address token, address[] recipients, uint256[] values)",14006930
11054596,1602689031,0x23809bb69d4e20ee674b83534c489f470c0abdabd4616c67b61a40e9e12b7cbc,15,0xc2083ed0ed9321377f7af9408c7c113c582967e0081986d7f6d5a5b22450362c,0xa47c0bd4874f788ee9831bd1c8d1e8d439be7ac5,0xaea46a60368a7bd060eec7df8cba43b7ef41ad85,0xd152f549545093347a162dce210e7293f1452150,8700739589134729362839736,Fetch,FET,18,32,9607030,85000000000,8714265,10928597,deprecated,0xc73a2d60,"disperseToken(address token, address[] recipients, uint256[] values)",14006929
11054596,1602689031,0x23809bb69d4e20ee674b83534c489f470c0abdabd4616c67b61a40e9e12b7cbc,15,0xc2083ed0ed9321377f7af9408c7c113c582967e0081986d7f6d5a5b22450362c,0xd152f549545093347a162dce210e7293f1452150,0xaea46a60368a7bd060eec7df8cba43b7ef41ad85,0x0c35bdcb4515348f227a778c64c47cb9d2236bde,37882898886710020502306,Fetch,FET,18,32,9607030,85000000000,8714265,10928597,deprecated,0xc73a2d60,"disperseToken(address token, address[] recipients, uint256[] values)",14006929
11054596,1602689031,0x23809bb69d4e20ee674b83534c489f470c0abdabd4616c67b61a40e9e12b7cbc,15,0xc2083ed0ed9321377f7af9408c7c113c582967e0081986d7f6d5a5b22450362c,0xd152f549545093347a162dce210e7293f1452150,0xaea46a60368a7bd060eec7df8cba43b7ef41ad85,0xe70bf58f0d054fdd1106a7efd48e199def2d4f5b,37792865100000000000000,Fetch,FET,18,32,9607030,85000000000,8714265,10928597,deprecated,0xc73a2d60,"disperseToken(address token, address[] recipients, uint256[] values)",14006929
11054596,1602689031,0x23809bb69d4e20ee674b83534c489f470c0abdabd4616c67b61a40e9e12b7cbc,15,0xc2083ed0ed9321377f7af9408c7c113c582967e0081986d7f6d5a5b22450362c,0xd152f549545093347a162dce210e7293f1452150,0xaea46a60368a7bd060eec7df8cba43b7ef41ad85,0x7f60021ba853a28233066f85be47effd6884342b,37790000000000000000000,Fetch,FET,18,32,9607030,85000000000,8714265,10928597,deprecated,0xc73a2d60,"disperseToken(address token, address[] recipients, uint256[] values)",14006929
11054596,1602689031,0x23809bb69d4e20ee674b83534c489f470c0abdabd4616c67b61a40e9e12b7cbc,15,0xc2083ed0ed9321377f7af9408c7c113c582967e0081986d7f6d5a5b22450362c,0xd152f549545093347a162dce210e7293f1452150,0xaea46a60368a7bd060eec7df8cba43b7ef41ad85,0xf437378645cc86810737a046f33e9b451f2e6532,37782565434050000000000,Fetch,FET,18,32,9607030,85000000000,8714265,10928597,deprecated,0xc73a2d60,"disperseToken(address token, address[] recipients, uint256[] values)",14006929
11054596,1602689031,0x23809bb69d4e20ee674b83534c489f470c0abdabd4616c67b61a40e9e12b7cbc,15,0xc2083ed0ed9321377f7af9408c7c113c582967e0081986d7f6d5a5b22450362c,0xd152f549545093347a162dce210e7293f1452150,0xaea46a60368a7bd060eec7df8cba43b7ef41ad85,0xc2dbb43f7a0b9a7a2bb7462ac79cc31e4da1f3ae,37780018000000000000000,Fetch,FET,18,32,9607030,85000000000,8714265,10928597,deprecated,0xc73a2d60,"disperseToken(address token, address[] recipients, uint256[] values)",14006929
11054596,1602689031,0x23809bb69d4e20ee674b83534c489f470c0abdabd4616c67b61a40e9e12b7cbc,15,0xc2083ed0ed9321377f7af9408c7c113c582967e0081986d7f6d5a5b22450362c,0xd152f549545093347a162dce210e7293f1452150,0xaea46a60368a7bd060eec7df8cba43b7ef41ad85,0xbcf5ec0c8520a72c3e8c5af775f0662eb472fc1d,37718365376940000000000,Fetch,FET,18,32,9607030,85000000000,8714265,10928597,deprecated,0xc73a2d60,"disperseToken(address token, address[] recipients, uint256[] values)",14006929
11054596,1602689031,0x23809bb69d4e20ee674b83534c489f470c0abdabd4616c67b61a40e9e12b7cbc,15,0xc2083ed0ed9321377f7af9408c7c113c582967e0081986d7f6d5a5b22450362c,0xd152f549545093347a162dce210e7293f1452150,0xaea46a60368a7bd060eec7df8cba43b7ef41ad85,0xf94556c4b94f40bd57190e770948a0efdc6de8c9,37711805985620000000000,Fetch,FET,18,32,9607030,85000000000,8714265,10928597,deprecated,0xc73a2d60,"disperseToken(address token, address[] recipients, uint256[] values)",14006929
11054596,1602689031,0x23809bb69d4e20ee674b83534c489f470c0abdabd4616c67b61a40e9e12b7cbc,15,0xc2083ed0ed9321377f7af9408c7c113c582967e0081986d7f6d5a5b22450362c,0xd152f549545093347a162dce210e7293f1452150,0xaea46a60368a7bd060eec7df8cba43b7ef41ad85,0xbb6716b8e6f261cf35b12040134e8f8263fd969d,37652789507991330801283,Fetch,FET,18,32,9607030,85000000000,8714265,10928597,deprecated,0xc73a2d60,"disperseToken(address token, address[] recipients, uint256[] values)",14006929
11054596,1602689031,0x23809bb69d4e20ee674b83534c489f470c0abdabd4616c67b61a40e9e12b7cbc,15,0xc2083ed0ed9321377f7af9408c7c113c582967e0081986d7f6d5a5b22450362c,0xd152f549545093347a162dce210e7293f1452150,0xaea46a60368a7bd060eec7df8cba43b7ef41ad85,0x073153779742d350cf128cb9e4f3726930fae69d,37557496397230000000000,Fetch,FET,18,32,9607030,85000000000,8714265,10928597,deprecated,0xc73a2d60,"disperseToken(address token, address[] recipients, uint256[] values)",14006929
11054596,1602689031,0x23809bb69d4e20ee674b83534c489f470c0abdabd4616c67b61a40e9e12b7cbc,15,0xc2083ed0ed9321377f7af9408c7c113c582967e0081986d7f6d5a5b22450362c,0xd152f549545093347a162dce210e7293f1452150,0xaea46a60368a7bd060eec7df8cba43b7ef41ad85,0x8195f3e96f3ecc98f39074ac1627df86e546959a,36958925743131727319323,Fetch,FET,18,32,9607030,85000000000,8714265,10928597,deprecated,0xc73a2d60,"disperseToken(address token, address[] recipients, uint256[] values)",14006929
11054596,1602689031,0x23809bb69d4e20ee674b83534c489f470c0abdabd4616c67b61a40e9e12b7cbc,15,0xc2083ed0ed9321377f7af9408c7c113c582967e0081986d7f6d5a5b22450362c,0xd152f549545093347a162dce210e7293f1452150,0xaea46a60368a7bd060eec7df8cba43b7ef41ad85,0x8c6eba9f0f5554ffced671ce71c52c7347268019,36896400000000000000000,Fetch,FET,18,32,9607030,85000000000,8714265,10928597,deprecated,0xc73a2d60,"disperseToken(address token, address[] recipients, uint256[] values)",14006929
11054596,1602689031,0x23809bb69d4e20ee674b83534c489f470c0abdabd4616c67b61a40e9e12b7cbc,15,0xc2083ed0ed9321377f7af9408c7c113c582967e0081986d7f6d5a5b22450362c,0xd152f549545093347a162dce210e7293f1452150,0xaea46a60368a7bd060eec7df8cba43b7ef41ad85,0xfade77331d7e49e7937adad0aed7b5c740fee54d,36640276200000000000000,Fetch,FET,18,32,9607030,85000000000,8714265,10928597,deprecated,0xc73a2d60,"disperseToken(address token, address[] recipients, uint256[] values)",14006929
11054596,1602689031,0x23809bb69d4e20ee674b83534c489f470c0abdabd4616c67b61a40e9e12b7cbc,15,0xc2083ed0ed9321377f7af9408c7c113c582967e0081986d7f6d5a5b22450362c,0xd152f549545093347a162dce210e7293f1452150,0xaea46a60368a7bd060eec7df8cba43b7ef41ad85,0x912a344cc7beef643d8f2f063c61334998d6cf53,36623946520670000000000,Fetch,FET,18,32,9607030,85000000000,8714265,10928597,deprecated,0xc73a2d60,"disperseToken(address token, address[] recipients, uint256[] values)",14006929
11054596,1602689031,0x23809bb69d4e20ee674b83534c489f470c0abdabd4616c67b61a40e9e12b7cbc,15,0xc2083ed0ed9321377f7af9408c7c113c582967e0081986d7f6d5a5b22450362c,0xd152f549545093347a162dce210e7293f1452150,0xaea46a60368a7bd060eec7df8cba43b7ef41ad85,0x6e71622bdb14970d84650a445f17bdc44364bd25,36621345900000000000000,Fetch,FET,18,32,9607030,85000000000,8714265,10928597,deprecated,0xc73a2d60,"disperseToken(address token, address[] recipients, uint256[] values)",14006929
11054596,1602689031,0x23809bb69d4e20ee674b83534c489f470c0abdabd4616c67b61a40e9e12b7cbc,15,0xc2083ed0ed9321377f7af9408c7c113c582967e0081986d7f6d5a5b22450362c,0xd152f549545093347a162dce210e7293f1452150,0xaea46a60368a7bd060eec7df8cba43b7ef41ad85,0x7c7017671f4e1e7e38b56f32c69ba24ab567caae,36558044637310000000000,Fetch,FET,18,32,9607030,85000000000,8714265,10928597,deprecated,0xc73a2d60,"disperseToken(address token, address[] recipients, uint256[] values)",14006929
11054596,1602689031,0x23809bb69d4e20ee674b83534c489f470c0abdabd4616c67b61a40e9e12b7cbc,15,0xc2083ed0ed9321377f7af9408c7c113c582967e0081986d7f6d5a5b22450362c,0xd152f549545093347a162dce210e7293f1452150,0xaea46a60368a7bd060eec7df8cba43b7ef41ad85,0xf75fff1e100c78cc1150052eea6c0e9ed98f827f,36500000000000000000000,Fetch,FET,18,32,9607030,85000000000,8714265,10928597,deprecated,0xc73a2d60,"disperseToken(address token, address[] recipients, uint256[] values)",14006929
11054596,1602689031,0x23809bb69d4e20ee674b83534c489f470c0abdabd4616c67b61a40e9e12b7cbc,15,0xc2083ed0ed9321377f7af9408c7c113c582967e0081986d7f6d5a5b22450362c,0xd152f549545093347a162dce210e7293f1452150,0xaea46a60368a7bd060eec7df8cba43b7ef41ad85,0x2edbd49681b6ac6243cd76ea525f86e887670532,36458917647816091824751,Fetch,FET,18,32,9607030,85000000000,8714265,10928597,deprecated,0xc73a2d60,"disperseToken(address token, address[] recipients, uint256[] values)",14006929
11054596,1602689031,0x23809bb69d4e20ee674b83534c489f470c0abdabd4616c67b61a40e9e12b7cbc,15,0xc2083ed0ed9321377f7af9408c7c113c582967e0081986d7f6d5a5b22450362c,0xd152f549545093347a162dce210e7293f1452150,0xaea46a60368a7bd060eec7df8cba43b7ef41ad85,0xdc6d8682e89d675ea49de9ff686d38f0bf1f0d28,36428000000000000000000,Fetch,FET,18,32,9607030,85000000000,8714265,10928597,deprecated,0xc73a2d60,"disperseToken(address token, address[] recipients, uint256[] values)",14006929
11054596,1602689031,0x23809bb69d4e20ee674b83534c489f470c0abdabd4616c67b61a40e9e12b7cbc,15,0xc2083ed0ed9321377f7af9408c7c113c582967e0081986d7f6d5a5b22450362c,0xd152f549545093347a162dce210e7293f1452150,0xaea46a60368a7bd060eec7df8cba43b7ef41ad85,0xcac7b1691f766fc6e905ed9aedbe2f2c2ee5ee48,36400000000000000000000,Fetch,FET,18,32,9607030,85000000000,8714265,10928597,deprecated,0xc73a2d60,"disperseToken(address token, address[] recipients, uint256[] values)",14006929
11054596,1602689031,0x23809bb69d4e20ee674b83534c489f470c0abdabd4616c67b61a40e9e12b7cbc,15,0xc2083ed0ed9321377f7af9408c7c113c582967e0081986d7f6d5a5b22450362c,0xd152f549545093347a162dce210e7293f1452150,0xaea46a60368a7bd060eec7df8cba43b7ef41ad85,0xd10e36dd1b534f80451c4b1fa94c745cdb4712bb,36101643335572703583711,Fetch,FET,18,32,9607030,85000000000,8714265,10928597,deprecated,0xc73a2d60,"disperseToken(address token, address[] recipients, uint256[] values)",14006929
11054596,1602689031,0x23809bb69d4e20ee674b83534c489f470c0abdabd4616c67b61a40e9e12b7cbc,15,0xc2083ed0ed9321377f7af9408c7c113c582967e0081986d7f6d5a5b22450362c,0xd152f549545093347a162dce210e7293f1452150,0xaea46a60368a7bd060eec7df8cba43b7ef41ad85,0x7eb52f6825a46583fbf8e0d3abc7d530b58b57fb,35935300000000000000000,Fetch,FET,18,32,9607030,85000000000,8714265,10928597,deprecated,0xc73a2d60,"disperseToken(address token, address[] recipients, uint256[] values)",14006929
11054596,1602689031,0x23809bb69d4e20ee674b83534c489f470c0abdabd4616c67b61a40e9e12b7cbc,15,0xc2083ed0ed9321377f7af9408c7c113c582967e0081986d7f6d5a5b22450362c,0xd152f549545093347a162dce210e7293f1452150,0xaea46a60368a7bd060eec7df8cba43b7ef41ad85,0x3be1f9c75bd9d4bb385c34d8810c272f888d20db,35924636439370000000000,Fetch,FET,18,32,9607030,85000000000,8714265,10928597,deprecated,0xc73a2d60,"disperseToken(address token, address[] recipients, uint256[] values)",14006929
11054596,1602689031,0x23809bb69d4e20ee674b83534c489f470c0abdabd4616c67b61a40e9e12b7cbc,15,0xc2083ed0ed9321377f7af9408c7c113c582967e0081986d7f6d5a5b22450362c,0xd152f549545093347a162dce210e7293f1452150,0xaea46a60368a7bd060eec7df8cba43b7ef41ad85,0x2548284b3c9a0ff8549a1fb800ff3c6b95627922,35888850710000000000000,Fetch,FET,18,32,9607030,85000000000,8714265,10928597,deprecated,0xc73a2d60,"disperseToken(address token, address[] recipients, uint256[] values)",14006929
11054596,1602689031,0x23809bb69d4e20ee674b83534c489f470c0abdabd4616c67b61a40e9e12b7cbc,15,0xc2083ed0ed9321377f7af9408c7c113c582967e0081986d7f6d5a5b22450362c,0xd152f549545093347a162dce210e7293f1452150,0xaea46a60368a7bd060eec7df8cba43b7ef41ad85,0xfc05056fbe5f4ddd029dc1f674239ffa7a85363e,35838066753512668176798,Fetch,FET,18,32,9607030,85000000000,8714265,10928597,deprecated,0xc73a2d60,"disperseToken(address token, address[] recipients, uint256[] values)",14006929
11054596,1602689031,0x23809bb69d4e20ee674b83534c489f470c0abdabd4616c67b61a40e9e12b7cbc,15,0xc2083ed0ed9321377f7af9408c7c113c582967e0081986d7f6d5a5b22450362c,0xd152f549545093347a162dce210e7293f1452150,0xaea46a60368a7bd060eec7df8cba43b7ef41ad85,0x88942731f5d7faf319478256fc406047973abd7a,35781000000000000000000,Fetch,FET,18,32,9607030,85000000000,8714265,10928597,deprecated,0xc73a2d60,"disperseToken(address token, address[] recipients, uint256[] values)",14006929
11054596,1602689031,0x23809bb69d4e20ee674b83534c489f470c0abdabd4616c67b61a40e9e12b7cbc,15,0xc2083ed0ed9321377f7af9408c7c113c582967e0081986d7f6d5a5b22450362c,0xd152f549545093347a162dce210e7293f1452150,0xaea46a60368a7bd060eec7df8cba43b7ef41ad85,0x14db7e14c854a5e4e544fa2cf096efe469b83d03,35706000000000000000000,Fetch,FET,18,32,9607030,85000000000,8714265,10928597,deprecated,0xc73a2d60,"disperseToken(address token, address[] recipients, uint256[] values)",14006929
11054596,1602689031,0x23809bb69d4e20ee674b83534c489f470c0abdabd4616c67b61a40e9e12b7cbc,15,0xc2083ed0ed9321377f7af9408c7c113c582967e0081986d7f6d5a5b22450362c,0xd152f549545093347a162dce210e7293f1452150,0xaea46a60368a7bd060eec7df8cba43b7ef41ad85,0x102547bd0075f7228f351452f762be6047356814,35639110575390000000000,Fetch,FET,18,32,9607030,85000000000,8714265,10928597,deprecated,0xc73a2d60,"disperseToken(address token, address[] recipients, uint256[] values)",14006929
11054596,1602689031,0x23809bb69d4e20ee674b83534c489f470c0abdabd4616c67b61a40e9e12b7cbc,15,0xc2083ed0ed9321377f7af9408c7c113c582967e0081986d7f6d5a5b22450362c,0xd152f549545093347a162dce210e7293f1452150,0xaea46a60368a7bd060eec7df8cba43b7ef41ad85,0x08dd871a1eb517c8d2212af10c9735ff057c54bb,35420756700000000000000,Fetch,FET,18,32,9607030,85000000000,8714265,10928597,deprecated,0xc73a2d60,"disperseToken(address token, address[] recipients, uint256[] values)",14006929
11054596,1602689031,0x23809bb69d4e20ee674b83534c489f470c0abdabd4616c67b61a40e9e12b7cbc,15,0xc2083ed0ed9321377f7af9408c7c113c582967e0081986d7f6d5a5b22450362c,0xd152f549545093347a162dce210e7293f1452150,0xaea46a60368a7bd060eec7df8cba43b7ef41ad85,0xf3a4440f84d56b8f8df2f9dd863f1afc386f7ff0,35300220309090000000000,Fetch,FET,18,32,9607030,85000000000,8714265,10928597,deprecated,0xc73a2d60,"disperseToken(address token, address[] recipients, uint256[] values)",14006929
11054596,1602689031,0x23809bb69d4e20ee674b83534c489f470c0abdabd4616c67b61a40e9e12b7cbc,15,0xc2083ed0ed9321377f7af9408c7c113c582967e0081986d7f6d5a5b22450362c,0xd152f549545093347a162dce210e7293f1452150,0xaea46a60368a7bd060eec7df8cba43b7ef41ad85,0x34bf2e2339e0cdf3954820177125b1e60a79e36b,35280191000000000000000,Fetch,FET,18,32,9607030,85000000000,8714265,10928597,deprecated,0xc73a2d60,"disperseToken(address token, address[] recipients, uint256[] values)",14006929
11054596,1602689031,0x23809bb69d4e20ee674b83534c489f470c0abdabd4616c67b61a40e9e12b7cbc,15,0xc2083ed0ed9321377f7af9408c7c113c582967e0081986d7f6d5a5b22450362c,0xd152f549545093347a162dce210e7293f1452150,0xaea46a60368a7bd060eec7df8cba43b7ef41ad85,0xa515257af578da4976b43ad9984b4410194b1d5b,35221154261500000000000,Fetch,FET,18,32,9607030,85000000000,8714265,10928597,deprecated,0xc73a2d60,"disperseToken(address token, address[] recipients, uint256[] values)",14006929
11054596,1602689031,0x23809bb69d4e20ee674b83534c489f470c0abdabd4616c67b61a40e9e12b7cbc,15,0xc2083ed0ed9321377f7af9408c7c113c582967e0081986d7f6d5a5b22450362c,0xd152f549545093347a162dce210e7293f1452150,0xaea46a60368a7bd060eec7df8cba43b7ef41ad85,0xcdfd48a28d2f3dc8f9735f645baccaf3fe00364a,35180270000000000000000,Fetch,FET,18,32,9607030,85000000000,8714265,10928597,deprecated,0xc73a2d60,"disperseToken(address token, address[] recipients, uint256[] values)",14006929
11054596,1602689031,0x23809bb69d4e20ee674b83534c489f470c0abdabd4616c67b61a40e9e12b7cbc,15,0xc2083ed0ed9321377f7af9408c7c113c582967e0081986d7f6d5a5b22450362c,0xd152f549545093347a162dce210e7293f1452150,0xaea46a60368a7bd060eec7df8cba43b7ef41ad85,0x218249ea4c2b58f6a797d63cf5946a6de77204cc,35008666749990000000000,Fetch,FET,18,32,9607030,85000000000,8714265,10928597,deprecated,0xc73a2d60,"disperseToken(address token, address[] recipients, uint256[] values)",14006929
11054596,1602689031,0x23809bb69d4e20ee674b83534c489f470c0abdabd4616c67b61a40e9e12b7cbc,15,0xc2083ed0ed9321377f7af9408c7c113c582967e0081986d7f6d5a5b22450362c,0xd152f549545093347a162dce210e7293f1452150,0xaea46a60368a7bd060eec7df8cba43b7ef41ad85,0xf45e3d6c812497777919205eb9d013593d71e2a9,35003900000000000000000,Fetch,FET,18,32,9607030,85000000000,8714265,10928597,deprecated,0xc73a2d60,"disperseToken(address token, address[] recipients, uint256[] values)",14006929
11054596,1602689031,0x23809bb69d4e20ee674b83534c489f470c0abdabd4616c67b61a40e9e12b7cbc,15,0xc2083ed0ed9321377f7af9408c7c113c582967e0081986d7f6d5a5b22450362c,0xd152f549545093347a162dce210e7293f1452150,0xaea46a60368a7bd060eec7df8cba43b7ef41ad85,0xb145e10900f79130783b239c4c31e184739e57d5,35000000000000000000000,Fetch,FET,18,32,9607030,85000000000,8714265,10928597,deprecated,0xc73a2d60,"disperseToken(address token, address[] recipients, uint256[] values)",14006929
11054596,1602689031,0x23809bb69d4e20ee674b83534c489f470c0abdabd4616c67b61a40e9e12b7cbc,15,0xc2083ed0ed9321377f7af9408c7c113c582967e0081986d7f6d5a5b22450362c,0xd152f549545093347a162dce210e7293f1452150,0xaea46a60368a7bd060eec7df8cba43b7ef41ad85,0x1faaed5c6b0f644511d4a4c00944d5ef65a4e427,34985220000000000000000,Fetch,FET,18,32,9607030,85000000000,8714265,10928597,deprecated,0xc73a2d60,"disperseToken(address token, address[] recipients, uint256[] values)",14006929
11054596,1602689031,0x23809bb69d4e20ee674b83534c489f470c0abdabd4616c67b61a40e9e12b7cbc,15,0xc2083ed0ed9321377f7af9408c7c113c582967e0081986d7f6d5a5b22450362c,0xd152f549545093347a162dce210e7293f1452150,0xaea46a60368a7bd060eec7df8cba43b7ef41ad85,0x82e70e8fcd2c108f936cfa2469b42c63bdab2b49,34965000000000000000000,Fetch,FET,18,32,9607030,85000000000,8714265,10928597,deprecated,0xc73a2d60,"disperseToken(address token, address[] recipients, uint256[] values)",14006929
11054596,1602689031,0x23809bb69d4e20ee674b83534c489f470c0abdabd4616c67b61a40e9e12b7cbc,15,0xc2083ed0ed9321377f7af9408c7c113c582967e0081986d7f6d5a5b22450362c,0xd152f549545093347a162dce210e7293f1452150,0xaea46a60368a7bd060eec7df8cba43b7ef41ad85,0x9fea1ec9310b026bf21c42932186f3353a25677a,34955000000000000000000,Fetch,FET,18,32,9607030,85000000000,8714265,10928597,deprecated,0xc73a2d60,"disperseToken(address token, address[] recipients, uint256[] values)",14006929
11054596,1602689031,0x23809bb69d4e20ee674b83534c489f470c0abdabd4616c67b61a40e9e12b7cbc,15,0xc2083ed0ed9321377f7af9408c7c113c582967e0081986d7f6d5a5b22450362c,0xd152f549545093347a162dce210e7293f1452150,0xaea46a60368a7bd060eec7df8cba43b7ef41ad85,0x4c6676c42cdafa21134f84633ecfc126c8ffc635,34823000000000000000000,Fetch,FET,18,32,9607030,85000000000,8714265,10928597,deprecated,0xc73a2d60,"disperseToken(address token, address[] recipients, uint256[] values)",14006929
11054596,1602689031,0x23809bb69d4e20ee674b83534c489f470c0abdabd4616c67b61a40e9e12b7cbc,15,0xc2083ed0ed9321377f7af9408c7c113c582967e0081986d7f6d5a5b22450362c,0xd152f549545093347a162dce210e7293f1452150,0xaea46a60368a7bd060eec7df8cba43b7ef41ad85,0x1732068e12f8494311dc7a11f3cb937da488b7dd,34687835793880000000000,Fetch,FET,18,32,9607030,85000000000,8714265,10928597,deprecated,0xc73a2d60,"disperseToken(address token, address[] recipients, uint256[] values)",14006929
11054596,1602689031,0x23809bb69d4e20ee674b83534c489f470c0abdabd4616c67b61a40e9e12b7cbc,15,0xc2083ed0ed9321377f7af9408c7c113c582967e0081986d7f6d5a5b22450362c,0xd152f549545093347a162dce210e7293f1452150,0xaea46a60368a7bd060eec7df8cba43b7ef41ad85,0xff9a8e04780c3f59725081c3ac99deeb132f17c4,34475533781818374285410,Fetch,FET,18,32,9607030,85000000000,8714265,10928597,deprecated,0xc73a2d60,"disperseToken(address token, address[] recipients, uint256[] values)",14006929
11054596,1602689031,0x23809bb69d4e20ee674b83534c489f470c0abdabd4616c67b61a40e9e12b7cbc,15,0xc2083ed0ed9321377f7af9408c7c113c582967e0081986d7f6d5a5b22450362c,0xd152f549545093347a162dce210e7293f1452150,0xaea46a60368a7bd060eec7df8cba43b7ef41ad85,0xeae2453333573b028f4bcb445d76f3c2446a40d8,34422004000000000000000,Fetch,FET,18,32,9607030,85000000000,8714265,10928597,deprecated,0xc73a2d60,"disperseToken(address token, address[] recipients, uint256[] values)",14006929
11054596,1602689031,0x23809bb69d4e20ee674b83534c489f470c0abdabd4616c67b61a40e9e12b7cbc,15,0xc2083ed0ed9321377f7af9408c7c113c582967e0081986d7f6d5a5b22450362c,0xd152f549545093347a162dce210e7293f1452150,0xaea46a60368a7bd060eec7df8cba43b7ef41ad85,0x3588fcebf6dfce08360947501c69ec3976005ac5,34386236500000000000000,Fetch,FET,18,32,9607030,85000000000,8714265,10928597,deprecated,0xc73a2d60,"disperseToken(address token, address[] recipients, uint256[] values)",14006929
11054596,1602689031,0x23809bb69d4e20ee674b83534c489f470c0abdabd4616c67b61a40e9e12b7cbc,15,0xc2083ed0ed9321377f7af9408c7c113c582967e0081986d7f6d5a5b22450362c,0xd152f549545093347a162dce210e7293f1452150,0xaea46a60368a7bd060eec7df8cba43b7ef41ad85,0x356eccf1e4fc914c0696e4a1dc5b4b71a22f67bd,34360874827250000000000,Fetch,FET,18,32,9607030,85000000000,8714265,10928597,deprecated,0xc73a2d60,"disperseToken(address token, address[] recipients, uint256[] values)",14006929
11054596,1602689031,0x23809bb69d4e20ee674b83534c489f470c0abdabd4616c67b61a40e9e12b7cbc,15,0xc2083ed0ed9321377f7af9408c7c113c582967e0081986d7f6d5a5b22450362c,0xd152f549545093347a162dce210e7293f1452150,0xaea46a60368a7bd060eec7df8cba43b7ef41ad85,0x14457d7ad84c2e9ec66ae1abee3ad25bc386630b,34347304069400000000000,Fetch,FET,18,32,9607030,85000000000,8714265,10928597,deprecated,0xc73a2d60,"disperseToken(address token, address[] recipients, uint256[] values)",14006929
11054596,1602689031,0x23809bb69d4e20ee674b83534c489f470c0abdabd4616c67b61a40e9e12b7cbc,15,0xc2083ed0ed9321377f7af9408c7c113c582967e0081986d7f6d5a5b22450362c,0xd152f549545093347a162dce210e7293f1452150,0xaea46a60368a7bd060eec7df8cba43b7ef41ad85,0x460501463ddadf0b28e1b396f20e01df83a68274,34302636661660000000000,Fetch,FET,18,32,9607030,85000000000,8714265,10928597,deprecated,0xc73a2d60,"disperseToken(address token, address[] recipients, uint256[] values)",14006929
11054596,1602689031,0x23809bb69d4e20ee674b83534c489f470c0abdabd4616c67b61a40e9e12b7cbc,15,0xc2083ed0ed9321377f7af9408c7c113c582967e0081986d7f6d5a5b22450362c,0xd152f549545093347a162dce210e7293f1452150,0xaea46a60368a7bd060eec7df8cba43b7ef41ad85,0xd6cff7d85d2eef6133e1660c3dc74c9fd325c63e,34080823160000000000000,Fetch,FET,18,32,9607030,85000000000,8714265,10928597,deprecated,0xc73a2d60,"disperseToken(address token, address[] recipients, uint256[] values)",14006929
11054596,1602689031,0x23809bb69d4e20ee674b83534c489f470c0abdabd4616c67b61a40e9e12b7cbc,15,0xc2083ed0ed9321377f7af9408c7c113c582967e0081986d7f6d5a5b22450362c,0xd152f549545093347a162dce210e7293f1452150,0xaea46a60368a7bd060eec7df8cba43b7ef41ad85,0x37b1f6bd94ec161cb0d37c2d8276ac0218f3d8f9,34078032100000000000000,Fetch,FET,18,32,9607030,85000000000,8714265,10928597,deprecated,0xc73a2d60,"disperseToken(address token, address[] recipients, uint256[] values)",14006929
11054596,1602689031,0x23809bb69d4e20ee674b83534c489f470c0abdabd4616c67b61a40e9e12b7cbc,15,0xc2083ed0ed9321377f7af9408c7c113c582967e0081986d7f6d5a5b22450362c,0xd152f549545093347a162dce210e7293f1452150,0xaea46a60368a7bd060eec7df8cba43b7ef41ad85,0x98a8701903bccfd1d54d5e4f6c80f0171a609096,34060000000000000000000,Fetch,FET,18,32,9607030,85000000000,8714265,10928597,deprecated,0xc73a2d60,"disperseToken(address token, address[] recipients, uint256[] values)",14006929
11054596,1602689031,0x23809bb69d4e20ee674b83534c489f470c0abdabd4616c67b61a40e9e12b7cbc,15,0xc2083ed0ed9321377f7af9408c7c113c582967e0081986d7f6d5a5b22450362c,0xd152f549545093347a162dce210e7293f1452150,0xaea46a60368a7bd060eec7df8cba43b7ef41ad85,0xfe6524ac5f0c01132785e56d518b77e89184a6ff,34034271800000000000000,Fetch,FET,18,32,9607030,85000000000,8714265,10928597,deprecated,0xc73a2d60,"disperseToken(address token, address[] recipients, uint256[] values)",14006929
11054596,1602689031,0x23809bb69d4e20ee674b83534c489f470c0abdabd4616c67b61a40e9e12b7cbc,15,0xc2083ed0ed9321377f7af9408c7c113c582967e0081986d7f6d5a5b22450362c,0xd152f549545093347a162dce210e7293f1452150,0xaea46a60368a7bd060eec7df8cba43b7ef41ad85,0xf7e8393f9a95b7a3b25abe13c0727787ca7f7b06,33801000000000000000000,Fetch,FET,18,32,9607030,85000000000,8714265,10928597,deprecated,0xc73a2d60,"disperseToken(address token, address[] recipients, uint256[] values)",14006929
11054596,1602689031,0x23809bb69d4e20ee674b83534c489f470c0abdabd4616c67b61a40e9e12b7cbc,15,0xc2083ed0ed9321377f7af9408c7c113c582967e0081986d7f6d5a5b22450362c,0xd152f549545093347a162dce210e7293f1452150,0xaea46a60368a7bd060eec7df8cba43b7ef41ad85,0x18f93fa526e598769fd909f1d2c82315219d49ed,33769460900000000000000,Fetch,FET,18,32,9607030,85000000000,8714265,10928597,deprecated,0xc73a2d60,"disperseToken(address token, address[] recipients, uint256[] values)",14006929
11054596,1602689031,0x23809bb69d4e20ee674b83534c489f470c0abdabd4616c67b61a40e9e12b7cbc,15,0xc2083ed0ed9321377f7af9408c7c113c582967e0081986d7f6d5a5b22450362c,0xd152f549545093347a162dce210e7293f1452150,0xaea46a60368a7bd060eec7df8cba43b7ef41ad85,0x2ce108b5f12287183aa7f33195548952a3806a34,33729900000000000000000,Fetch,FET,18,32,9607030,85000000000,8714265,10928597,deprecated,0xc73a2d60,"disperseToken(address token, address[] recipients, uint256[] values)",14006929
11054596,1602689031,0x23809bb69d4e20ee674b83534c489f470c0abdabd4616c67b61a40e9e12b7cbc,15,0xc2083ed0ed9321377f7af9408c7c113c582967e0081986d7f6d5a5b22450362c,0xd152f549545093347a162dce210e7293f1452150,0xaea46a60368a7bd060eec7df8cba43b7ef41ad85,0x8ff47de5d629a8cc8a78a702c681da78e04672c1,33616917500000000000000,Fetch,FET,18,32,9607030,85000000000,8714265,10928597,deprecated,0xc73a2d60,"disperseToken(address token, address[] recipients, uint256[] values)",14006929
11054596,1602689031,0x23809bb69d4e20ee674b83534c489f470c0abdabd4616c67b61a40e9e12b7cbc,15,0xc2083ed0ed9321377f7af9408c7c113c582967e0081986d7f6d5a5b22450362c,0xd152f549545093347a162dce210e7293f1452150,0xaea46a60368a7bd060eec7df8cba43b7ef41ad85,0x001b76d8a6559a798e0921ab9849b9829c33e168,33535921200000000000000,Fetch,FET,18,32,9607030,85000000000,8714265,10928597,deprecated,0xc73a2d60,"disperseToken(address token, address[] recipients, uint256[] values)",14006929
11054596,1602689031,0x23809bb69d4e20ee674b83534c489f470c0abdabd4616c67b61a40e9e12b7cbc,15,0xc2083ed0ed9321377f7af9408c7c113c582967e0081986d7f6d5a5b22450362c,0xd152f549545093347a162dce210e7293f1452150,0xaea46a60368a7bd060eec7df8cba43b7ef41ad85,0xc780ca472cd312de98b4730520c9a60bc0886fb5,33494339600000000000000,Fetch,FET,18,32,9607030,85000000000,8714265,10928597,deprecated,0xc73a2d60,"disperseToken(address token, address[] recipients, uint256[] values)",14006929
11054596,1602689031,0x23809bb69d4e20ee674b83534c489f470c0abdabd4616c67b61a40e9e12b7cbc,15,0xc2083ed0ed9321377f7af9408c7c113c582967e0081986d7f6d5a5b22450362c,0xd152f549545093347a162dce210e7293f1452150,0xaea46a60368a7bd060eec7df8cba43b7ef41ad85,0xfddd5dc05875c66ea722e8c8b8dbd6491e42eacf,33466624990470000000000,Fetch,FET,18,32,9607030,85000000000,8714265,10928597,deprecated,0xc73a2d60,"disperseToken(address token, address[] recipients, uint256[] values)",14006929
11054596,1602689031,0x23809bb69d4e20ee674b83534c489f470c0abdabd4616c67b61a40e9e12b7cbc,15,0xc2083ed0ed9321377f7af9408c7c113c582967e0081986d7f6d5a5b22450362c,0xd152f549545093347a162dce210e7293f1452150,0xaea46a60368a7bd060eec7df8cba43b7ef41ad85,0x25570364ce95f11e24e671c4831da7fa3add15a9,33369553200000000000000,Fetch,FET,18,32,9607030,85000000000,8714265,10928597,deprecated,0xc73a2d60,"disperseToken(address token, address[] recipients, uint256[] values)",14006929
11054596,1602689031,0x23809bb69d4e20ee674b83534c489f470c0abdabd4616c67b61a40e9e12b7cbc,15,0xc2083ed0ed9321377f7af9408c7c113c582967e0081986d7f6d5a5b22450362c,0xd152f549545093347a162dce210e7293f1452150,0xaea46a60368a7bd060eec7df8cba43b7ef41ad85,0xb81a1bd9b09fe94203a15be3ad0af59b9d5e8b64,33353908761140000000000,Fetch,FET,18,32,9607030,85000000000,8714265,10928597,deprecated,0xc73a2d60,"disperseToken(address token, address[] recipients, uint256[] values)",14006929
11054596,1602689031,0x23809bb69d4e20ee674b83534c489f470c0abdabd4616c67b61a40e9e12b7cbc,15,0xc2083ed0ed9321377f7af9408c7c113c582967e0081986d7f6d5a5b22450362c,0xd152f549545093347a162dce210e7293f1452150,0xaea46a60368a7bd060eec7df8cba43b7ef41ad85,0x32e9dc9968fab4c4528165cd37b613dd5d229650,33219638875000000000000,Fetch,FET,18,32,9607030,85000000000,8714265,10928597,deprecated,0xc73a2d60,"disperseToken(address token, address[] recipients, uint256[] values)",14006929
11054596,1602689031,0x23809bb69d4e20ee674b83534c489f470c0abdabd4616c67b61a40e9e12b7cbc,15,0xc2083ed0ed9321377f7af9408c7c113c582967e0081986d7f6d5a5b22450362c,0xd152f549545093347a162dce210e7293f1452150,0xaea46a60368a7bd060eec7df8cba43b7ef41ad85,0xc95670758c5e2e56ad5ac9eba966940f1a2d0d47,33027970000000000000000,Fetch,FET,18,32,9607030,85000000000,8714265,10928597,deprecated,0xc73a2d60,"disperseToken(address token, address[] recipients, uint256[] values)",14006929
11054596,1602689031,0x23809bb69d4e20ee674b83534c489f470c0abdabd4616c67b61a40e9e12b7cbc,15,0xc2083ed0ed9321377f7af9408c7c113c582967e0081986d7f6d5a5b22450362c,0xd152f549545093347a162dce210e7293f1452150,0xaea46a60368a7bd060eec7df8cba43b7ef41ad85,0x306edead644f3e81112277493a6763c2e2c54ae3,33000000000000000000000,Fetch,FET,18,32,9607030,85000000000,8714265,10928597,deprecated,0xc73a2d60,"disperseToken(address token, address[] recipients, uint256[] values)",14006929
11054596,1602689031,0x23809bb69d4e20ee674b83534c489f470c0abdabd4616c67b61a40e9e12b7cbc,15,0xc2083ed0ed9321377f7af9408c7c113c582967e0081986d7f6d5a5b22450362c,0xd152f549545093347a162dce210e7293f1452150,0xaea46a60368a7bd060eec7df8cba43b7ef41ad85,0xbe41d60f1e3b4cad1df618cf8bc099efc57e412a,32947000000000000000000,Fetch,FET,18,32,9607030,85000000000,8714265,10928597,deprecated,0xc73a2d60,"disperseToken(address token, address[] recipients, uint256[] values)",14006929
11054596,1602689031,0x23809bb69d4e20ee674b83534c489f470c0abdabd4616c67b61a40e9e12b7cbc,15,0xc2083ed0ed9321377f7af9408c7c113c582967e0081986d7f6d5a5b22450362c,0xd152f549545093347a162dce210e7293f1452150,0xaea46a60368a7bd060eec7df8cba43b7ef41ad85,0x00ca93636ebc42bea95095c4d19d76c2599fa014,32944951000000000000000,Fetch,FET,18,32,9607030,85000000000,8714265,10928597,deprecated,0xc73a2d60,"disperseToken(address token, address[] recipients, uint256[] values)",14006929
11054596,1602689031,0x23809bb69d4e20ee674b83534c489f470c0abdabd4616c67b61a40e9e12b7cbc,15,0xc2083ed0ed9321377f7af9408c7c113c582967e0081986d7f6d5a5b22450362c,0xd152f549545093347a162dce210e7293f1452150,0xaea46a60368a7bd060eec7df8cba43b7ef41ad85,0x84c4b427c73fa3c8fc068df420e8910c7b1d851c,32930848705041135671816,Fetch,FET,18,32,9607030,85000000000,8714265,10928597,deprecated,0xc73a2d60,"disperseToken(address token, address[] recipients, uint256[] values)",14006929
11054596,1602689031,0x23809bb69d4e20ee674b83534c489f470c0abdabd4616c67b61a40e9e12b7cbc,15,0xc2083ed0ed9321377f7af9408c7c113c582967e0081986d7f6d5a5b22450362c,0xd152f549545093347a162dce210e7293f1452150,0xaea46a60368a7bd060eec7df8cba43b7ef41ad85,0x9cc1ad4f2848084d940ebf322b8a727fc5b97db1,32910000000000000000000,Fetch,FET,18,32,9607030,85000000000,8714265,10928597,deprecated,0xc73a2d60,"disperseToken(address token, address[] recipients, uint256[] values)",14006929
11054596,1602689031,0x23809bb69d4e20ee674b83534c489f470c0abdabd4616c67b61a40e9e12b7cbc,15,0xc2083ed0ed9321377f7af9408c7c113c582967e0081986d7f6d5a5b22450362c,0xd152f549545093347a162dce210e7293f1452150,0xaea46a60368a7bd060eec7df8cba43b7ef41ad85,0x903e6e90ccc203fa7618a5e51efc484a00f8f688,32888000000000000000000,Fetch,FET,18,32,9607030,85000000000,8714265,10928597,deprecated,0xc73a2d60,"disperseToken(address token, address[] recipients, uint256[] values)",14006929
11054596,1602689031,0x23809bb69d4e20ee674b83534c489f470c0abdabd4616c67b61a40e9e12b7cbc,15,0xc2083ed0ed9321377f7af9408c7c113c582967e0081986d7f6d5a5b22450362c,0xd152f549545093347a162dce210e7293f1452150,0xaea46a60368a7bd060eec7df8cba43b7ef41ad85,0x66a7eaf59321159b654466adecf630b372bac122,32850000000000000000000,Fetch,FET,18,32,9607030,85000000000,8714265,10928597,deprecated,0xc73a2d60,"disperseToken(address token, address[] recipients, uint256[] values)",14006929
11054596,1602689031,0x23809bb69d4e20ee674b83534c489f470c0abdabd4616c67b61a40e9e12b7cbc,15,0xc2083ed0ed9321377f7af9408c7c113c582967e0081986d7f6d5a5b22450362c,0xd152f549545093347a162dce210e7293f1452150,0xaea46a60368a7bd060eec7df8cba43b7ef41ad85,0x804d09a47118750d18803affdf6add4f59db2abb,32786313615830000000000,Fetch,FET,18,32,9607030,85000000000,8714265,10928597,deprecated,0xc73a2d60,"disperseToken(address token, address[] recipients, uint256[] values)",14006929
11054596,1602689031,0x23809bb69d4e20ee674b83534c489f470c0abdabd4616c67b61a40e9e12b7cbc,15,0xc2083ed0ed9321377f7af9408c7c113c582967e0081986d7f6d5a5b22450362c,0xd152f549545093347a162dce210e7293f1452150,0xaea46a60368a7bd060eec7df8cba43b7ef41ad85,0xbe5f34edb573b9eac9c2807132d87c8c6b6b9b41,32762482170000000000000,Fetch,FET,18,32,9607030,85000000000,8714265,10928597,deprecated,0xc73a2d60,"disperseToken(address token, address[] recipients, uint256[] values)",14006929
11054596,1602689031,0x23809bb69d4e20ee674b83534c489f470c0abdabd4616c67b61a40e9e12b7cbc,15,0xc2083ed0ed9321377f7af9408c7c113c582967e0081986d7f6d5a5b22450362c,0xd152f549545093347a162dce210e7293f1452150,0xaea46a60368a7bd060eec7df8cba43b7ef41ad85,0x7c2e11f05bfaefbcc0c85917dff619737fad6077,32656734000000000000000,Fetch,FET,18,32,9607030,85000000000,8714265,10928597,deprecated,0xc73a2d60,"disperseToken(address token, address[] recipients, uint256[] values)",14006929
11054596,1602689031,0x23809bb69d4e20ee674b83534c489f470c0abdabd4616c67b61a40e9e12b7cbc,15,0xc2083ed0ed9321377f7af9408c7c113c582967e0081986d7f6d5a5b22450362c,0xd152f549545093347a162dce210e7293f1452150,0xaea46a60368a7bd060eec7df8cba43b7ef41ad85,0xca585f540956602689202c81c3d770cb4b1a9b7d,32648286108930000000000,Fetch,FET,18,32,9607030,85000000000,8714265,10928597,deprecated,0xc73a2d60,"disperseToken(address token, address[] recipients, uint256[] values)",14006929
11054596,1602689031,0x23809bb69d4e20ee674b83534c489f470c0abdabd4616c67b61a40e9e12b7cbc,15,0xc2083ed0ed9321377f7af9408c7c113c582967e0081986d7f6d5a5b22450362c,0xd152f549545093347a162dce210e7293f1452150,0xaea46a60368a7bd060eec7df8cba43b7ef41ad85,0xe845782215af57fc7e2b622e93d0ec7e017ff8bd,32564265000000000000000,Fetch,FET,18,32,9607030,85000000000,8714265,10928597,deprecated,0xc73a2d60,"disperseToken(address token, address[] recipients, uint256[] values)",14006929
11054596,1602689031,0x23809bb69d4e20ee674b83534c489f470c0abdabd4616c67b61a40e9e12b7cbc,15,0xc2083ed0ed9321377f7af9408c7c113c582967e0081986d7f6d5a5b22450362c,0xd152f549545093347a162dce210e7293f1452150,0xaea46a60368a7bd060eec7df8cba43b7ef41ad85,0x4921588ba1210a5b78788b7a0875c183592b016a,32550000000000000000000,Fetch,FET,18,32,9607030,85000000000,8714265,10928597,deprecated,0xc73a2d60,"disperseToken(address token, address[] recipients, uint256[] values)",14006929
11054596,1602689031,0x23809bb69d4e20ee674b83534c489f470c0abdabd4616c67b61a40e9e12b7cbc,15,0xc2083ed0ed9321377f7af9408c7c113c582967e0081986d7f6d5a5b22450362c,0xd152f549545093347a162dce210e7293f1452150,0xaea46a60368a7bd060eec7df8cba43b7ef41ad85,0x411966de2e40d0e5d51ff7b5dceffa0dabf22e01,32512140000000000000000,Fetch,FET,18,32,9607030,85000000000,8714265,10928597,deprecated,0xc73a2d60,"disperseToken(address token, address[] recipients, uint256[] values)",14006929
11054596,1602689031,0x23809bb69d4e20ee674b83534c489f470c0abdabd4616c67b61a40e9e12b7cbc,15,0xc2083ed0ed9321377f7af9408c7c113c582967e0081986d7f6d5a5b22450362c,0xd152f549545093347a162dce210e7293f1452150,0xaea46a60368a7bd060eec7df8cba43b7ef41ad85,0x207ca6b1126285276858e6016f471ffb33f809c8,32508784556500000000000,Fetch,FET,18,32,9607030,85000000000,8714265,10928597,deprecated,0xc73a2d60,"disperseToken(address token, address[] recipients, uint256[] values)",14006929
11054596,1602689031,0x23809bb69d4e20ee674b83534c489f470c0abdabd4616c67b61a40e9e12b7cbc,15,0xc2083ed0ed9321377f7af9408c7c113c582967e0081986d7f6d5a5b22450362c,0xd152f549545093347a162dce210e7293f1452150,0xaea46a60368a7bd060eec7df8cba43b7ef41ad85,0x415858878308ffad804b68cf3def4d3496240f0f,32498922451510000000000,Fetch,FET,18,32,9607030,85000000000,8714265,10928597,deprecated,0xc73a2d60,"disperseToken(address token, address[] recipients, uint256[] values)",14006929
11054596,1602689031,0x23809bb69d4e20ee674b83534c489f470c0abdabd4616c67b61a40e9e12b7cbc,15,0xc2083ed0ed9321377f7af9408c7c113c582967e0081986d7f6d5a5b22450362c,0xd152f549545093347a162dce210e7293f1452150,0xaea46a60368a7bd060eec7df8cba43b7ef41ad85,0xd5b42d2480a377cdc0938eafdb071ce7dfc1698a,32283000000000000000000,Fetch,FET,18,32,9607030,85000000000,8714265,10928597,deprecated,0xc73a2d60,"disperseToken(address token, address[] recipients, uint256[] values)",14006929
11054596,1602689031,0x23809bb69d4e20ee674b83534c489f470c0abdabd4616c67b61a40e9e12b7cbc,15,0xc2083ed0ed9321377f7af9408c7c113c582967e0081986d7f6d5a5b22450362c,0xd152f549545093347a162dce210e7293f1452150,0xaea46a60368a7bd060eec7df8cba43b7ef41ad85,0x985a1b6e23cb25b732c324a96095b33e494f499e,32263613600000000000000,Fetch,FET,18,32,9607030,85000000000,8714265,10928597,deprecated,0xc73a2d60,"disperseToken(address token, address[] recipients, uint256[] values)",14006929
11054596,1602689031,0x23809bb69d4e20ee674b83534c489f470c0abdabd4616c67b61a40e9e12b7cbc,15,0xc2083ed0ed9321377f7af9408c7c113c582967e0081986d7f6d5a5b22450362c,0xd152f549545093347a162dce210e7293f1452150,0xaea46a60368a7bd060eec7df8cba43b7ef41ad85,0xf9d8f8972c58e076d87b72ddbacff50c1f9c783b,32089241399990000000000,Fetch,FET,18,32,9607030,85000000000,8714265,10928597,deprecated,0xc73a2d60,"disperseToken(address token, address[] recipients, uint256[] values)",14006929
11054596,1602689031,0x23809bb69d4e20ee674b83534c489f470c0abdabd4616c67b61a40e9e12b7cbc,15,0xc2083ed0ed9321377f7af9408c7c113c582967e0081986d7f6d5a5b22450362c,0xd152f549545093347a162dce210e7293f1452150,0xaea46a60368a7bd060eec7df8cba43b7ef41ad85,0xfcba85877f8c8deddbb225935af7eea50d84da90,32022807100000000000000,Fetch,FET,18,32,9607030,85000000000,8714265,10928597,deprecated,0xc73a2d60,"disperseToken(address token, address[] recipients, uint256[] values)",14006929
11054596,1602689031,0x23809bb69d4e20ee674b83534c489f470c0abdabd4616c67b61a40e9e12b7cbc,15,0xc2083ed0ed9321377f7af9408c7c113c582967e0081986d7f6d5a5b22450362c,0xd152f549545093347a162dce210e7293f1452150,0xaea46a60368a7bd060eec7df8cba43b7ef41ad85,0x3b7df1802e87098961ed1d986f51a2118b0c8b61,32018104100000000000000,Fetch,FET,18,32,9607030,85000000000,8714265,10928597,deprecated,0xc73a2d60,"disperseToken(address token, address[] recipients, uint256[] values)",14006929
11054596,1602689031,0x23809bb69d4e20ee674b83534c489f470c0abdabd4616c67b61a40e9e12b7cbc,15,0xc2083ed0ed9321377f7af9408c7c113c582967e0081986d7f6d5a5b22450362c,0xd152f549545093347a162dce210e7293f1452150,0xaea46a60368a7bd060eec7df8cba43b7ef41ad85,0x5d1a70694d0ab6ec5087cbaa5f16aec9ce0802fd,32000000000000000000000,Fetch,FET,18,32,9607030,85000000000,8714265,10928597,deprecated,0xc73a2d60,"disperseToken(address token, address[] recipients, uint256[] values)",14006929
11054596,1602689031,0x23809bb69d4e20ee674b83534c489f470c0abdabd4616c67b61a40e9e12b7cbc,15,0xc2083ed0ed9321377f7af9408c7c113c582967e0081986d7f6d5a5b22450362c,0xd152f549545093347a162dce210e7293f1452150,0xaea46a60368a7bd060eec7df8cba43b7ef41ad85,0x25e8c609ac1dfca0a7211df78239312e6055717b,32000000000000000000000,Fetch,FET,18,32,9607030,85000000000,8714265,10928597,deprecated,0xc73a2d60,"disperseToken(address token, address[] recipients, uint256[] values)",14006929
11054596,1602689031,0x23809bb69d4e20ee674b83534c489f470c0abdabd4616c67b61a40e9e12b7cbc,15,0xc2083ed0ed9321377f7af9408c7c113c582967e0081986d7f6d5a5b22450362c,0xd152f549545093347a162dce210e7293f1452150,0xaea46a60368a7bd060eec7df8cba43b7ef41ad85,0x7b271f5589a982053a3bbe1eec88930fbe4c9144,31779000000000000000000,Fetch,FET,18,32,9607030,85000000000,8714265,10928597,deprecated,0xc73a2d60,"disperseToken(address token, address[] recipients, uint256[] values)",14006929
11054596,1602689031,0x23809bb69d4e20ee674b83534c489f470c0abdabd4616c67b61a40e9e12b7cbc,15,0xc2083ed0ed9321377f7af9408c7c113c582967e0081986d7f6d5a5b22450362c,0xd152f549545093347a162dce210e7293f1452150,0xaea46a60368a7bd060eec7df8cba43b7ef41ad85,0x2ac9ec1715204388a7bcc6789de27174bcf5164f,31700000000000000000000,Fetch,FET,18,32,9607030,85000000000,8714265,10928597,deprecated,0xc73a2d60,"disperseToken(address token, address[] recipients, uint256[] values)",14006929
11054596,1602689031,0x23809bb69d4e20ee674b83534c489f470c0abdabd4616c67b61a40e9e12b7cbc,15,0xc2083ed0ed9321377f7af9408c7c113c582967e0081986d7f6d5a5b22450362c,0xd152f549545093347a162dce210e7293f1452150,0xaea46a60368a7bd060eec7df8cba43b7ef41ad85,0xdabe67085d02688677942f59afda1ea46c541647,31592533000000000000000,Fetch,FET,18,32,9607030,85000000000,8714265,10928597,deprecated,0xc73a2d60,"disperseToken(address token, address[] recipients, uint256[] values)",14006929
11054596,1602689031,0x23809bb69d4e20ee674b83534c489f470c0abdabd4616c67b61a40e9e12b7cbc,15,0xc2083ed0ed9321377f7af9408c7c113c582967e0081986d7f6d5a5b22450362c,0xd152f549545093347a162dce210e7293f1452150,0xaea46a60368a7bd060eec7df8cba43b7ef41ad85,0xb252af2407c3449bfa006d33ef1e5ed9d4c61d46,31500618883800000000000,Fetch,FET,18,32,9607030,85000000000,8714265,10928597,deprecated,0xc73a2d60,"disperseToken(address token, address[] recipients, uint256[] values)",14006929
11054596,1602689031,0x23809bb69d4e20ee674b83534c489f470c0abdabd4616c67b61a40e9e12b7cbc,15,0xc2083ed0ed9321377f7af9408c7c113c582967e0081986d7f6d5a5b22450362c,0xd152f549545093347a162dce210e7293f1452150,0xaea46a60368a7bd060eec7df8cba43b7ef41ad85,0x064d30ecee34773328670ae201d65b884b7538a2,31500000000000000000000,Fetch,FET,18,32,9607030,85000000000,8714265,10928597,deprecated,0xc73a2d60,"disperseToken(address token, address[] recipients, uint256[] values)",14006929
11054596,1602689031,0x23809bb69d4e20ee674b83534c489f470c0abdabd4616c67b61a40e9e12b7cbc,15,0xc2083ed0ed9321377f7af9408c7c113c582967e0081986d7f6d5a5b22450362c,0xd152f549545093347a162dce210e7293f1452150,0xaea46a60368a7bd060eec7df8cba43b7ef41ad85,0xf4b7b86354e804d56540f6d0bad93a0fa83b750d,31406000000000000000000,Fetch,FET,18,32,9607030,85000000000,8714265,10928597,deprecated,0xc73a2d60,"disperseToken(address token, address[] recipients, uint256[] values)",14006929
11054596,1602689031,0x23809bb69d4e20ee674b83534c489f470c0abdabd4616c67b61a40e9e12b7cbc,15,0xc2083ed0ed9321377f7af9408c7c113c582967e0081986d7f6d5a5b22450362c,0xd152f549545093347a162dce210e7293f1452150,0xaea46a60368a7bd060eec7df8cba43b7ef41ad85,0x4e63fcb7541925d4b2e250e9dd7fcbf9d0b1a1bf,31386000000000000000000,Fetch,FET,18,32,9607030,85000000000,8714265,10928597,deprecated,0xc73a2d60,"disperseToken(address token, address[] recipients, uint256[] values)",14006929
11054596,1602689031,0x23809bb69d4e20ee674b83534c489f470c0abdabd4616c67b61a40e9e12b7cbc,15,0xc2083ed0ed9321377f7af9408c7c113c582967e0081986d7f6d5a5b22450362c,0xd152f549545093347a162dce210e7293f1452150,0xaea46a60368a7bd060eec7df8cba43b7ef41ad85,0x4ad9dde778543e7d4fb2540b9da57f715f125651,31355000000000000000000,Fetch,FET,18,32,9607030,85000000000,8714265,10928597,deprecated,0xc73a2d60,"disperseToken(address token, address[] recipients, uint256[] values)",14006929
11054596,1602689031,0x23809bb69d4e20ee674b83534c489f470c0abdabd4616c67b61a40e9e12b7cbc,15,0xc2083ed0ed9321377f7af9408c7c113c582967e0081986d7f6d5a5b22450362c,0xd152f549545093347a162dce210e7293f1452150,0xaea46a60368a7bd060eec7df8cba43b7ef41ad85,0x1bd3072bb3a0cf4a9b4841f57d2e289f2136f556,31341171126180000000000,Fetch,FET,18,32,9607030,85000000000,8714265,10928597,deprecated,0xc73a2d60,"disperseToken(address token, address[] recipients, uint256[] values)",14006929
11054596,1602689031,0x23809bb69d4e20ee674b83534c489f470c0abdabd4616c67b61a40e9e12b7cbc,15,0xc2083ed0ed9321377f7af9408c7c113c582967e0081986d7f6d5a5b22450362c,0xd152f549545093347a162dce210e7293f1452150,0xaea46a60368a7bd060eec7df8cba43b7ef41ad85,0x53484038da21f971acef1939e1abb71132772c6a,31313000000000000000000,Fetch,FET,18,32,9607030,85000000000,8714265,10928597,deprecated,0xc73a2d60,"disperseToken(address token, address[] recipients, uint256[] values)",14006929
11054596,1602689031,0x23809bb69d4e20ee674b83534c489f470c0abdabd4616c67b61a40e9e12b7cbc,15,0xc2083ed0ed9321377f7af9408c7c113c582967e0081986d7f6d5a5b22450362c,0xd152f549545093347a162dce210e7293f1452150,0xaea46a60368a7bd060eec7df8cba43b7ef41ad85,0x766435301faaf547b9c87ea331ced9bff57f83ee,31242000000000000000000,Fetch,FET,18,32,9607030,85000000000,8714265,10928597,deprecated,0xc73a2d60,"disperseToken(address token, address[] recipients, uint256[] values)",14006929
11054596,1602689031,0x23809bb69d4e20ee674b83534c489f470c0abdabd4616c67b61a40e9e12b7cbc,15,0xc2083ed0ed9321377f7af9408c7c113c582967e0081986d7f6d5a5b22450362c,0xd152f549545093347a162dce210e7293f1452150,0xaea46a60368a7bd060eec7df8cba43b7ef41ad85,0x469dd19dea23ca84be9896ffdc92b105f3830cb8,31236148710030000000000,Fetch,FET,18,32,9607030,85000000000,8714265,10928597,deprecated,0xc73a2d60,"disperseToken(address token, address[] recipients, uint256[] values)",14006929
11054596,1602689031,0x23809bb69d4e20ee674b83534c489f470c0abdabd4616c67b61a40e9e12b7cbc,15,0xc2083ed0ed9321377f7af9408c7c113c582967e0081986d7f6d5a5b22450362c,0xd152f549545093347a162dce210e7293f1452150,0xaea46a60368a7bd060eec7df8cba43b7ef41ad85,0xd30b7154106819824348f0ef4c67d38d2283effd,31078901324760000000000,Fetch,FET,18,32,9607030,85000000000,8714265,10928597,deprecated,0xc73a2d60,"disperseToken(address token, address[] recipients, uint256[] values)",14006929
11054596,1602689031,0x23809bb69d4e20ee674b83534c489f470c0abdabd4616c67b61a40e9e12b7cbc,15,0xc2083ed0ed9321377f7af9408c7c113c582967e0081986d7f6d5a5b22450362c,0xd152f549545093347a162dce210e7293f1452150,0xaea46a60368a7bd060eec7df8cba43b7ef41ad85,0x967e065d1ff18d3be6a4a32fc4597dc176a10d90,31014141684360000000000,Fetch,FET,18,32,9607030,85000000000,8714265,10928597,deprecated,0xc73a2d60,"disperseToken(address token, address[] recipients, uint256[] values)",14006929
11054596,1602689031,0x23809bb69d4e20ee674b83534c489f470c0abdabd4616c67b61a40e9e12b7cbc,15,0xc2083ed0ed9321377f7af9408c7c113c582967e0081986d7f6d5a5b22450362c,0xd152f549545093347a162dce210e7293f1452150,0xaea46a60368a7bd060eec7df8cba43b7ef41ad85,0xcbfdaa26c714b4208639e2554f769e0b59d8313f,31000000000000000000000,Fetch,FET,18,32,9607030,85000000000,8714265,10928597,deprecated,0xc73a2d60,"disperseToken(address token, address[] recipients, uint256[] values)",14006929
11054596,1602689031,0x23809bb69d4e20ee674b83534c489f470c0abdabd4616c67b61a40e9e12b7cbc,15,0xc2083ed0ed9321377f7af9408c7c113c582967e0081986d7f6d5a5b22450362c,0xd152f549545093347a162dce210e7293f1452150,0xaea46a60368a7bd060eec7df8cba43b7ef41ad85,0x4dc5cd9f0de75f1b15be4abe4ee6c23e60b722c6,30971000000000000000000,Fetch,FET,18,32,9607030,85000000000,8714265,10928597,deprecated,0xc73a2d60,"disperseToken(address token, address[] recipients, uint256[] values)",14006929
11054596,1602689031,0x23809bb69d4e20ee674b83534c489f470c0abdabd4616c67b61a40e9e12b7cbc,15,0xc2083ed0ed9321377f7af9408c7c113c582967e0081986d7f6d5a5b22450362c,0xd152f549545093347a162dce210e7293f1452150,0xaea46a60368a7bd060eec7df8cba43b7ef41ad85,0xa448e67186f7d509d9fdaee890a7fe569c29c6cd,30955030945540000000000,Fetch,FET,18,32,9607030,85000000000,8714265,10928597,deprecated,0xc73a2d60,"disperseToken(address token, address[] recipients, uint256[] values)",14006929
11054596,1602689031,0x23809bb69d4e20ee674b83534c489f470c0abdabd4616c67b61a40e9e12b7cbc,15,0xc2083ed0ed9321377f7af9408c7c113c582967e0081986d7f6d5a5b22450362c,0xd152f549545093347a162dce210e7293f1452150,0xaea46a60368a7bd060eec7df8cba43b7ef41ad85,0x8da97511ccc23c97595b7d44724078af65fa921f,30921984845870000000000,Fetch,FET,18,32,9607030,85000000000,8714265,10928597,deprecated,0xc73a2d60,"disperseToken(address token, address[] recipients, uint256[] values)",14006929
11054596,1602689031,0x23809bb69d4e20ee674b83534c489f470c0abdabd4616c67b61a40e9e12b7cbc,15,0xc2083ed0ed9321377f7af9408c7c113c582967e0081986d7f6d5a5b22450362c,0xd152f549545093347a162dce210e7293f1452150,0xaea46a60368a7bd060eec7df8cba43b7ef41ad85,0x9d3d9de17a509b117395f72270f5be47234f4635,30918305700000000000000,Fetch,FET,18,32,9607030,85000000000,8714265,10928597,deprecated,0xc73a2d60,"disperseToken(address token, address[] recipients, uint256[] values)",14006929
11054596,1602689031,0x23809bb69d4e20ee674b83534c489f470c0abdabd4616c67b61a40e9e12b7cbc,15,0xc2083ed0ed9321377f7af9408c7c113c582967e0081986d7f6d5a5b22450362c,0xd152f549545093347a162dce210e7293f1452150,0xaea46a60368a7bd060eec7df8cba43b7ef41ad85,0xf8a0b189d8b41e75d4b695aa92d252a1e29ea308,30914000000000000000000,Fetch,FET,18,32,9607030,85000000000,8714265,10928597,deprecated,0xc73a2d60,"disperseToken(address token, address[] recipients, uint256[] values)",14006929
11054596,1602689031,0x23809bb69d4e20ee674b83534c489f470c0abdabd4616c67b61a40e9e12b7cbc,15,0xc2083ed0ed9321377f7af9408c7c113c582967e0081986d7f6d5a5b22450362c,0xd152f549545093347a162dce210e7293f1452150,0xaea46a60368a7bd060eec7df8cba43b7ef41ad85,0x6a4596b263d3a6ecdc077faa8836ca8bcd3b97ac,30911007000000000000000,Fetch,FET,18,32,9607030,85000000000,8714265,10928597,deprecated,0xc73a2d60,"disperseToken(address token, address[] recipients, uint256[] values)",14006929
11054596,1602689031,0x23809bb69d4e20ee674b83534c489f470c0abdabd4616c67b61a40e9e12b7cbc,15,0xc2083ed0ed9321377f7af9408c7c113c582967e0081986d7f6d5a5b22450362c,0xd152f549545093347a162dce210e7293f1452150,0xaea46a60368a7bd060eec7df8cba43b7ef41ad85,0xac621475a5443bbd6664aa55bceef791a6c2f704,30858662830180000000000,Fetch,FET,18,32,9607030,85000000000,8714265,10928597,deprecated,0xc73a2d60,"disperseToken(address token, address[] recipients, uint256[] values)",14006929
11054596,1602689031,0x23809bb69d4e20ee674b83534c489f470c0abdabd4616c67b61a40e9e12b7cbc,15,0xc2083ed0ed9321377f7af9408c7c113c582967e0081986d7f6d5a5b22450362c,0xd152f549545093347a162dce210e7293f1452150,0xaea46a60368a7bd060eec7df8cba43b7ef41ad85,0x23df4fddd5df52b6f13a16d5ff61de9e4952ba36,30717625000000000000000,Fetch,FET,18,32,9607030,85000000000,8714265,10928597,deprecated,0xc73a2d60,"disperseToken(address token, address[] recipients, uint256[] values)",14006929
11054596,1602689031,0x23809bb69d4e20ee674b83534c489f470c0abdabd4616c67b61a40e9e12b7cbc,15,0xc2083ed0ed9321377f7af9408c7c113c582967e0081986d7f6d5a5b22450362c,0xd152f549545093347a162dce210e7293f1452150,0xaea46a60368a7bd060eec7df8cba43b7ef41ad85,0x604de87a5a5825c93c4fd66164fa72476f33b179,30684122945830000000000,Fetch,FET,18,32,9607030,85000000000,8714265,10928597,deprecated,0xc73a2d60,"disperseToken(address token, address[] recipients, uint256[] values)",14006929
11054596,1602689031,0x23809bb69d4e20ee674b83534c489f470c0abdabd4616c67b61a40e9e12b7cbc,15,0xc2083ed0ed9321377f7af9408c7c113c582967e0081986d7f6d5a5b22450362c,0xd152f549545093347a162dce210e7293f1452150,0xaea46a60368a7bd060eec7df8cba43b7ef41ad85,0x5601221a8b92884e289d86cf5879f8f9550bfc84,30651612700000000000000,Fetch,FET,18,32,9607030,85000000000,8714265,10928597,deprecated,0xc73a2d60,"disperseToken(address token, address[] recipients, uint256[] values)",14006929
11054596,1602689031,0x23809bb69d4e20ee674b83534c489f470c0abdabd4616c67b61a40e9e12b7cbc,15,0xc2083ed0ed9321377f7af9408c7c113c582967e0081986d7f6d5a5b22450362c,0xd152f549545093347a162dce210e7293f1452150,0xaea46a60368a7bd060eec7df8cba43b7ef41ad85,0xdac0e6a94c051aecd37956a122133564b465660f,30584052000000000000000,Fetch,FET,18,32,9607030,85000000000,8714265,10928597,deprecated,0xc73a2d60,"disperseToken(address token, address[] recipients, uint256[] values)",14006929
11054596,1602689031,0x23809bb69d4e20ee674b83534c489f470c0abdabd4616c67b61a40e9e12b7cbc,15,0xc2083ed0ed9321377f7af9408c7c113c582967e0081986d7f6d5a5b22450362c,0xd152f549545093347a162dce210e7293f1452150,0xaea46a60368a7bd060eec7df8cba43b7ef41ad85,0xaec886a56346d6c7b113c91cb6c03adcc29d18d3,30514076900000000000000,Fetch,FET,18,32,9607030,85000000000,8714265,10928597,deprecated,0xc73a2d60,"disperseToken(address token, address[] recipients, uint256[] values)",14006929
11054596,1602689031,0x23809bb69d4e20ee674b83534c489f470c0abdabd4616c67b61a40e9e12b7cbc,15,0xc2083ed0ed9321377f7af9408c7c113c582967e0081986d7f6d5a5b22450362c,0xd152f549545093347a162dce210e7293f1452150,0xaea46a60368a7bd060eec7df8cba43b7ef41ad85,0xbdbf7f7135218fc78bea7e0ebbd6769a31af2976,30500000000000000000000,Fetch,FET,18,32,9607030,85000000000,8714265,10928597,deprecated,0xc73a2d60,"disperseToken(address token, address[] recipients, uint256[] values)",14006929
11054596,1602689031,0x23809bb69d4e20ee674b83534c489f470c0abdabd4616c67b61a40e9e12b7cbc,15,0xc2083ed0ed9321377f7af9408c7c113c582967e0081986d7f6d5a5b22450362c,0xd152f549545093347a162dce210e7293f1452150,0xaea46a60368a7bd060eec7df8cba43b7ef41ad85,0x1e4c58d08f71bf1c7d08443dc54b1a1e248accae,30489256622950000000000,Fetch,FET,18,32,9607030,85000000000,8714265,10928597,deprecated,0xc73a2d60,"disperseToken(address token, address[] recipients, uint256[] values)",14006929
11054596,1602689031,0x23809bb69d4e20ee674b83534c489f470c0abdabd4616c67b61a40e9e12b7cbc,15,0xc2083ed0ed9321377f7af9408c7c113c582967e0081986d7f6d5a5b22450362c,0xd152f549545093347a162dce210e7293f1452150,0xaea46a60368a7bd060eec7df8cba43b7ef41ad85,0xd53aea87dd3facab06932027a88322e3c44736d2,30474000364490000000000,Fetch,FET,18,32,9607030,85000000000,8714265,10928597,deprecated,0xc73a2d60,"disperseToken(address token, address[] recipients, uint256[] values)",14006929
11054596,1602689031,0x23809bb69d4e20ee674b83534c489f470c0abdabd4616c67b61a40e9e12b7cbc,15,0xc2083ed0ed9321377f7af9408c7c113c582967e0081986d7f6d5a5b22450362c,0xd152f549545093347a162dce210e7293f1452150,0xaea46a60368a7bd060eec7df8cba43b7ef41ad85,0x020df683398737a76052d0eedc392c1a4e0df927,30455871000000000000000,Fetch,FET,18,32,9607030,85000000000,8714265,10928597,deprecated,0xc73a2d60,"disperseToken(address token, address[] recipients, uint256[] values)",14006929
11054596,1602689031,0x23809bb69d4e20ee674b83534c489f470c0abdabd4616c67b61a40e9e12b7cbc,15,0xc2083ed0ed9321377f7af9408c7c113c582967e0081986d7f6d5a5b22450362c,0xd152f549545093347a162dce210e7293f1452150,0xaea46a60368a7bd060eec7df8cba43b7ef41ad85,0xb78ad2f2dde461e22c5be18815fa539afbacf852,30418082300000000000000,Fetch,FET,18,32,9607030,85000000000,8714265,10928597,deprecated,0xc73a2d60,"disperseToken(address token, address[] recipients, uint256[] values)",14006929
11054596,1602689031,0x23809bb69d4e20ee674b83534c489f470c0abdabd4616c67b61a40e9e12b7cbc,15,0xc2083ed0ed9321377f7af9408c7c113c582967e0081986d7f6d5a5b22450362c,0xd152f549545093347a162dce210e7293f1452150,0xaea46a60368a7bd060eec7df8cba43b7ef41ad85,0xb4ca2dc27f19727300d88db3d7ff623ca1a46f43,30408750000000000000000,Fetch,FET,18,32,9607030,85000000000,8714265,10928597,deprecated,0xc73a2d60,"disperseToken(address token, address[] recipients, uint256[] values)",14006929
11054596,1602689031,0x23809bb69d4e20ee674b83534c489f470c0abdabd4616c67b61a40e9e12b7cbc,15,0xc2083ed0ed9321377f7af9408c7c113c582967e0081986d7f6d5a5b22450362c,0xd152f549545093347a162dce210e7293f1452150,0xaea46a60368a7bd060eec7df8cba43b7ef41ad85,0x9de792f2c646adcee2b3ea40fd4a9171c75b39b9,30395508000000000000000,Fetch,FET,18,32,9607030,85000000000,8714265,10928597,deprecated,0xc73a2d60,"disperseToken(address token, address[] recipients, uint256[] values)",14006929
11054596,1602689031,0x23809bb69d4e20ee674b83534c489f470c0abdabd4616c67b61a40e9e12b7cbc,15,0xc2083ed0ed9321377f7af9408c7c113c582967e0081986d7f6d5a5b22450362c,0xd152f549545093347a162dce210e7293f1452150,0xaea46a60368a7bd060eec7df8cba43b7ef41ad85,0x9d066dfd9478e59d52725fbf88be3b2201a71eec,30310000000000000000000,Fetch,FET,18,32,9607030,85000000000,8714265,10928597,deprecated,0xc73a2d60,"disperseToken(address token, address[] recipients, uint256[] values)",14006929
11054596,1602689031,0x23809bb69d4e20ee674b83534c489f470c0abdabd4616c67b61a40e9e12b7cbc,15,0xc2083ed0ed9321377f7af9408c7c113c582967e0081986d7f6d5a5b22450362c,0xd152f549545093347a162dce210e7293f1452150,0xaea46a60368a7bd060eec7df8cba43b7ef41ad85,0x9d3c74959109153f3f281ea9380ce7bb437e5d8e,30190413747790000000000,Fetch,FET,18,32,9607030,85000000000,8714265,10928597,deprecated,0xc73a2d60,"disperseToken(address token, address[] recipients, uint256[] values)",14006929
11054596,1602689031,0x23809bb69d4e20ee674b83534c489f470c0abdabd4616c67b61a40e9e12b7cbc,15,0xc2083ed0ed9321377f7af9408c7c113c582967e0081986d7f6d5a5b22450362c,0xd152f549545093347a162dce210e7293f1452150,0xaea46a60368a7bd060eec7df8cba43b7ef41ad85,0x8d646e10ee031279400bc8766b57cc6a53176014,30170283388628929658660,Fetch,FET,18,32,9607030,85000000000,8714265,10928597,deprecated,0xc73a2d60,"disperseToken(address token, address[] recipients, uint256[] values)",14006929
11054596,1602689031,0x23809bb69d4e20ee674b83534c489f470c0abdabd4616c67b61a40e9e12b7cbc,15,0xc2083ed0ed9321377f7af9408c7c113c582967e0081986d7f6d5a5b22450362c,0xd152f549545093347a162dce210e7293f1452150,0xaea46a60368a7bd060eec7df8cba43b7ef41ad85,0xcf59776bdb61cff46de00ae6b827b2c2283e21ff,30133287000000000000000,Fetch,FET,18,32,9607030,85000000000,8714265,10928597,deprecated,0xc73a2d60,"disperseToken(address token, address[] recipients, uint256[] values)",14006929
11054596,1602689031,0x23809bb69d4e20ee674b83534c489f470c0abdabd4616c67b61a40e9e12b7cbc,15,0xc2083ed0ed9321377f7af9408c7c113c582967e0081986d7f6d5a5b22450362c,0xd152f549545093347a162dce210e7293f1452150,0xaea46a60368a7bd060eec7df8cba43b7ef41ad85,0x0b862cc8ee4fa6eb36c9efc963eacf6799a918a2,30111898916120000000000,Fetch,FET,18,32,9607030,85000000000,8714265,10928597,deprecated,0xc73a2d60,"disperseToken(address token, address[] recipients, uint256[] values)",14006929
11054596,1602689031,0x23809bb69d4e20ee674b83534c489f470c0abdabd4616c67b61a40e9e12b7cbc,15,0xc2083ed0ed9321377f7af9408c7c113c582967e0081986d7f6d5a5b22450362c,0xd152f549545093347a162dce210e7293f1452150,0xaea46a60368a7bd060eec7df8cba43b7ef41ad85,0x8ee74034a7bb84043203183c7ab525ce93cd0ac3,30085938989247639962353,Fetch,FET,18,32,9607030,85000000000,8714265,10928597,deprecated,0xc73a2d60,"disperseToken(address token, address[] recipients, uint256[] values)",14006929
11054596,1602689031,0x23809bb69d4e20ee674b83534c489f470c0abdabd4616c67b61a40e9e12b7cbc,15,0xc2083ed0ed9321377f7af9408c7c113c582967e0081986d7f6d5a5b22450362c,0xd152f549545093347a162dce210e7293f1452150,0xaea46a60368a7bd060eec7df8cba43b7ef41ad85,0x198304b8258108866963b4fa8e85814cdab220e2,30000000000000000000000,Fetch,FET,18,32,9607030,85000000000,8714265,10928597,deprecated,0xc73a2d60,"disperseToken(address token, address[] recipients, uint256[] values)",14006929
11054596,1602689031,0x23809bb69d4e20ee674b83534c489f470c0abdabd4616c67b61a40e9e12b7cbc,15,0xc2083ed0ed9321377f7af9408c7c113c582967e0081986d7f6d5a5b22450362c,0xd152f549545093347a162dce210e7293f1452150,0xaea46a60368a7bd060eec7df8cba43b7ef41ad85,0x05886a684e4c72f216f5eedacd25a7b7824ef99d,30000000000000000000000,Fetch,FET,18,32,9607030,85000000000,8714265,10928597,deprecated,0xc73a2d60,"disperseToken(address token, address[] recipients, uint256[] values)",14006929
11054596,1602689031,0x23809bb69d4e20ee674b83534c489f470c0abdabd4616c67b61a40e9e12b7cbc,15,0xc2083ed0ed9321377f7af9408c7c113c582967e0081986d7f6d5a5b22450362c,0xd152f549545093347a162dce210e7293f1452150,0xaea46a60368a7bd060eec7df8cba43b7ef41ad85,0xe477c7c1a3f2f4417da328473bd56d12ac1d20d7,30000000000000000000000,Fetch,FET,18,32,9607030,85000000000,8714265,10928597,deprecated,0xc73a2d60,"disperseToken(address token, address[] recipients, uint256[] values)",14006929
11054596,1602689031,0x23809bb69d4e20ee674b83534c489f470c0abdabd4616c67b61a40e9e12b7cbc,15,0xc2083ed0ed9321377f7af9408c7c113c582967e0081986d7f6d5a5b22450362c,0xd152f549545093347a162dce210e7293f1452150,0xaea46a60368a7bd060eec7df8cba43b7ef41ad85,0xef5961ee49bad672f8035f0766b8072274a08584,30000000000000000000000,Fetch,FET,18,32,9607030,85000000000,8714265,10928597,deprecated,0xc73a2d60,"disperseToken(address token, address[] recipients, uint256[] values)",14006929
11054596,1602689031,0x23809bb69d4e20ee674b83534c489f470c0abdabd4616c67b61a40e9e12b7cbc,15,0xc2083ed0ed9321377f7af9408c7c113c582967e0081986d7f6d5a5b22450362c,0xd152f549545093347a162dce210e7293f1452150,0xaea46a60368a7bd060eec7df8cba43b7ef41ad85,0x2051cf81501afc3620834e8acffe9616334efcf7,29982684162160000000000,Fetch,FET,18,32,9607030,85000000000,8714265,10928597,deprecated,0xc73a2d60,"disperseToken(address token, address[] recipients, uint256[] values)",14006929
11054596,1602689031,0x23809bb69d4e20ee674b83534c489f470c0abdabd4616c67b61a40e9e12b7cbc,15,0xc2083ed0ed9321377f7af9408c7c113c582967e0081986d7f6d5a5b22450362c,0xd152f549545093347a162dce210e7293f1452150,0xaea46a60368a7bd060eec7df8cba43b7ef41ad85,0xec7f5734b7d55dd48d7d05f54479b74fc1c68167,29973142000000000000000,Fetch,FET,18,32,9607030,85000000000,8714265,10928597,deprecated,0xc73a2d60,"disperseToken(address token, address[] recipients, uint256[] values)",14006929
11054596,1602689031,0x23809bb69d4e20ee674b83534c489f470c0abdabd4616c67b61a40e9e12b7cbc,15,0xc2083ed0ed9321377f7af9408c7c113c582967e0081986d7f6d5a5b22450362c,0xd152f549545093347a162dce210e7293f1452150,0xaea46a60368a7bd060eec7df8cba43b7ef41ad85,0xb6c289f0db98f67dc5935e39fdb484bb8048a8a9,29959494653139998000000,Fetch,FET,18,32,9607030,85000000000,8714265,10928597,deprecated,0xc73a2d60,"disperseToken(address token, address[] recipients, uint256[] values)",14006929
11054596,1602689031,0x23809bb69d4e20ee674b83534c489f470c0abdabd4616c67b61a40e9e12b7cbc,15,0xc2083ed0ed9321377f7af9408c7c113c582967e0081986d7f6d5a5b22450362c,0xd152f549545093347a162dce210e7293f1452150,0xaea46a60368a7bd060eec7df8cba43b7ef41ad85,0xa58987411a7334ee32553ce59136b2e47ad216e4,29955000000000000000000,Fetch,FET,18,32,9607030,85000000000,8714265,10928597,deprecated,0xc73a2d60,"disperseToken(address token, address[] recipients, uint256[] values)",14006929
11054596,1602689031,0x23809bb69d4e20ee674b83534c489f470c0abdabd4616c67b61a40e9e12b7cbc,15,0xc2083ed0ed9321377f7af9408c7c113c582967e0081986d7f6d5a5b22450362c,0xd152f549545093347a162dce210e7293f1452150,0xaea46a60368a7bd060eec7df8cba43b7ef41ad85,0xc6f2805b1fba46ac79fd340b7f71fec175a93bab,29938000000000000000000,Fetch,FET,18,32,9607030,85000000000,8714265,10928597,deprecated,0xc73a2d60,"disperseToken(address token, address[] recipients, uint256[] values)",14006929
11054596,1602689031,0x23809bb69d4e20ee674b83534c489f470c0abdabd4616c67b61a40e9e12b7cbc,15,0xc2083ed0ed9321377f7af9408c7c113c582967e0081986d7f6d5a5b22450362c,0xd152f549545093347a162dce210e7293f1452150,0xaea46a60368a7bd060eec7df8cba43b7ef41ad85,0xa387e8a269a85a352cb1818db24918a0da5fa648,29891460629308802596884,Fetch,FET,18,32,9607030,85000000000,8714265,10928597,deprecated,0xc73a2d60,"disperseToken(address token, address[] recipients, uint256[] values)",14006929
11054596,1602689031,0x23809bb69d4e20ee674b83534c489f470c0abdabd4616c67b61a40e9e12b7cbc,15,0xc2083ed0ed9321377f7af9408c7c113c582967e0081986d7f6d5a5b22450362c,0xd152f549545093347a162dce210e7293f1452150,0xaea46a60368a7bd060eec7df8cba43b7ef41ad85,0xad3ad8a60ce1e0636aa4d06a7751dc1cfd17f531,29870000000000000000000,Fetch,FET,18,32,9607030,85000000000,8714265,10928597,deprecated,0xc73a2d60,"disperseToken(address token, address[] recipients, uint256[] values)",14006929
11054596,1602689031,0x23809bb69d4e20ee674b83534c489f470c0abdabd4616c67b61a40e9e12b7cbc,15,0xc2083ed0ed9321377f7af9408c7c113c582967e0081986d7f6d5a5b22450362c,0xd152f549545093347a162dce210e7293f1452150,0xaea46a60368a7bd060eec7df8cba43b7ef41ad85,0x837fd105c7f5cb156d04368aa2a3c71db854d8f3,29842998000000000000000,Fetch,FET,18,32,9607030,85000000000,8714265,10928597,deprecated,0xc73a2d60,"disperseToken(address token, address[] recipients, uint256[] values)",14006929
11054596,1602689031,0x23809bb69d4e20ee674b83534c489f470c0abdabd4616c67b61a40e9e12b7cbc,15,0xc2083ed0ed9321377f7af9408c7c113c582967e0081986d7f6d5a5b22450362c,0xd152f549545093347a162dce210e7293f1452150,0xaea46a60368a7bd060eec7df8cba43b7ef41ad85,0x639ef0fe7877ec2a6a0341e161a1ab6d1f502dd7,29801000000000000000000,Fetch,FET,18,32,9607030,85000000000,8714265,10928597,deprecated,0xc73a2d60,"disperseToken(address token, address[] recipients, uint256[] values)",14006929
11054596,1602689031,0x23809bb69d4e20ee674b83534c489f470c0abdabd4616c67b61a40e9e12b7cbc,15,0xc2083ed0ed9321377f7af9408c7c113c582967e0081986d7f6d5a5b22450362c,0xd152f549545093347a162dce210e7293f1452150,0xaea46a60368a7bd060eec7df8cba43b7ef41ad85,0x28682af0a6e777278c767283808e5cbbd4c3ca76,29745762000000000000000,Fetch,FET,18,32,9607030,85000000000,8714265,10928597,deprecated,0xc73a2d60,"disperseToken(address token, address[] recipients, uint256[] values)",14006929
11054596,1602689031,0x23809bb69d4e20ee674b83534c489f470c0abdabd4616c67b61a40e9e12b7cbc,15,0xc2083ed0ed9321377f7af9408c7c113c582967e0081986d7f6d5a5b22450362c,0xd152f549545093347a162dce210e7293f1452150,0xaea46a60368a7bd060eec7df8cba43b7ef41ad85,0xd717510a4e08531a5255c73d42365b10914c3557,29744440329200000000000,Fetch,FET,18,32,9607030,85000000000,8714265,10928597,deprecated,0xc73a2d60,"disperseToken(address token, address[] recipients, uint256[] values)",14006929
11054596,1602689031,0x23809bb69d4e20ee674b83534c489f470c0abdabd4616c67b61a40e9e12b7cbc,15,0xc2083ed0ed9321377f7af9408c7c113c582967e0081986d7f6d5a5b22450362c,0xd152f549545093347a162dce210e7293f1452150,0xaea46a60368a7bd060eec7df8cba43b7ef41ad85,0x8b3afe17f99b114806361efed1eb335365a6c590,29662003051310000000000,Fetch,FET,18,32,9607030,85000000000,8714265,10928597,deprecated,0xc73a2d60,"disperseToken(address token, address[] recipients, uint256[] values)",14006929
11054596,1602689031,0x23809bb69d4e20ee674b83534c489f470c0abdabd4616c67b61a40e9e12b7cbc,15,0xc2083ed0ed9321377f7af9408c7c113c582967e0081986d7f6d5a5b22450362c,0xd152f549545093347a162dce210e7293f1452150,0xaea46a60368a7bd060eec7df8cba43b7ef41ad85,0x54382b402526020c0331c5c9abc3ac93de21fe9e,29656852971880000000000,Fetch,FET,18,32,9607030,85000000000,8714265,10928597,deprecated,0xc73a2d60,"disperseToken(address token, address[] recipients, uint256[] values)",14006929
11054596,1602689031,0x23809bb69d4e20ee674b83534c489f470c0abdabd4616c67b61a40e9e12b7cbc,15,0xc2083ed0ed9321377f7af9408c7c113c582967e0081986d7f6d5a5b22450362c,0xd152f549545093347a162dce210e7293f1452150,0xaea46a60368a7bd060eec7df8cba43b7ef41ad85,0x53e6e9c74c05e99feafadef1427b13e0abe4f462,29628281973660000000000,Fetch,FET,18,32,9607030,85000000000,8714265,10928597,deprecated,0xc73a2d60,"disperseToken(address token, address[] recipients, uint256[] values)",14006929
11054596,1602689031,0x23809bb69d4e20ee674b83534c489f470c0abdabd4616c67b61a40e9e12b7cbc,15,0xc2083ed0ed9321377f7af9408c7c113c582967e0081986d7f6d5a5b22450362c,0xd152f549545093347a162dce210e7293f1452150,0xaea46a60368a7bd060eec7df8cba43b7ef41ad85,0xd86fcad0561f6baaa0307960092993ed614cf66a,29377440082340000000000,Fetch,FET,18,32,9607030,85000000000,8714265,10928597,deprecated,0xc73a2d60,"disperseToken(address token, address[] recipients, uint256[] values)",14006929
11054596,1602689031,0x23809bb69d4e20ee674b83534c489f470c0abdabd4616c67b61a40e9e12b7cbc,15,0xc2083ed0ed9321377f7af9408c7c113c582967e0081986d7f6d5a5b22450362c,0xd152f549545093347a162dce210e7293f1452150,0xaea46a60368a7bd060eec7df8cba43b7ef41ad85,0xf9a5eae7e0b1d51cc8411bb612ba3b9d2cb4500a,29276008257130000000000,Fetch,FET,18,32,9607030,85000000000,8714265,10928597,deprecated,0xc73a2d60,"disperseToken(address token, address[] recipients, uint256[] values)",14006929
11054596,1602689031,0x23809bb69d4e20ee674b83534c489f470c0abdabd4616c67b61a40e9e12b7cbc,15,0xc2083ed0ed9321377f7af9408c7c113c582967e0081986d7f6d5a5b22450362c,0xd152f549545093347a162dce210e7293f1452150,0xaea46a60368a7bd060eec7df8cba43b7ef41ad85,0x260c1c5bbda67dafe2019fdf2157e4e23f928591,29254422452000000000000,Fetch,FET,18,32,9607030,85000000000,8714265,10928597,deprecated,0xc73a2d60,"disperseToken(address token, address[] recipients, uint256[] values)",14006929
11054596,1602689031,0x23809bb69d4e20ee674b83534c489f470c0abdabd4616c67b61a40e9e12b7cbc,15,0xc2083ed0ed9321377f7af9408c7c113c582967e0081986d7f6d5a5b22450362c,0xd152f549545093347a162dce210e7293f1452150,0xaea46a60368a7bd060eec7df8cba43b7ef41ad85,0x766a36b14f60af0b6782da88eca0d33a99acb87b,29149693052260000000000,Fetch,FET,18,32,9607030,85000000000,8714265,10928597,deprecated,0xc73a2d60,"disperseToken(address token, address[] recipients, uint256[] values)",14006929
11054596,1602689031,0x23809bb69d4e20ee674b83534c489f470c0abdabd4616c67b61a40e9e12b7cbc,15,0xc2083ed0ed9321377f7af9408c7c113c582967e0081986d7f6d5a5b22450362c,0xd152f549545093347a162dce210e7293f1452150,0xaea46a60368a7bd060eec7df8cba43b7ef41ad85,0xb05ce8f376a99e468a2fc16f46024c1b3231a95c,29137410006270000000000,Fetch,FET,18,32,9607030,85000000000,8714265,10928597,deprecated,0xc73a2d60,"disperseToken(address token, address[] recipients, uint256[] values)",14006929
11054596,1602689031,0x23809bb69d4e20ee674b83534c489f470c0abdabd4616c67b61a40e9e12b7cbc,15,0xc2083ed0ed9321377f7af9408c7c113c582967e0081986d7f6d5a5b22450362c,0xd152f549545093347a162dce210e7293f1452150,0xaea46a60368a7bd060eec7df8cba43b7ef41ad85,0xfe9d223a5239448309778880c7126eeecf21e2d0,28982074662360000000000,Fetch,FET,18,32,9607030,85000000000,8714265,10928597,deprecated,0xc73a2d60,"disperseToken(address token, address[] recipients, uint256[] values)",14006929
11054596,1602689031,0x23809bb69d4e20ee674b83534c489f470c0abdabd4616c67b61a40e9e12b7cbc,15,0xc2083ed0ed9321377f7af9408c7c113c582967e0081986d7f6d5a5b22450362c,0xd152f549545093347a162dce210e7293f1452150,0xaea46a60368a7bd060eec7df8cba43b7ef41ad85,0xd7aa0653b92b15e3de035ed53ee3275c9ef8320c,28965000000000000000000,Fetch,FET,18,32,9607030,85000000000,8714265,10928597,deprecated,0xc73a2d60,"disperseToken(address token, address[] recipients, uint256[] values)",14006929
11054596,1602689031,0x23809bb69d4e20ee674b83534c489f470c0abdabd4616c67b61a40e9e12b7cbc,15,0xc2083ed0ed9321377f7af9408c7c113c582967e0081986d7f6d5a5b22450362c,0xd152f549545093347a162dce210e7293f1452150,0xaea46a60368a7bd060eec7df8cba43b7ef41ad85,0x5cdf382af90dce1d6ac35f5f31f35ba932014175,28931824485390000000000,Fetch,FET,18,32,9607030,85000000000,8714265,10928597,deprecated,0xc73a2d60,"disperseToken(address token, address[] recipients, uint256[] values)",14006929
11054596,1602689031,0x23809bb69d4e20ee674b83534c489f470c0abdabd4616c67b61a40e9e12b7cbc,15,0xc2083ed0ed9321377f7af9408c7c113c582967e0081986d7f6d5a5b22450362c,0xd152f549545093347a162dce210e7293f1452150,0xaea46a60368a7bd060eec7df8cba43b7ef41ad85,0xfed42de3fc29f2863f339f2717404983f1de66ce,28894761193610000000000,Fetch,FET,18,32,9607030,85000000000,8714265,10928597,deprecated,0xc73a2d60,"disperseToken(address token, address[] recipients, uint256[] values)",14006929
11054596,1602689031,0x23809bb69d4e20ee674b83534c489f470c0abdabd4616c67b61a40e9e12b7cbc,15,0xc2083ed0ed9321377f7af9408c7c113c582967e0081986d7f6d5a5b22450362c,0xd152f549545093347a162dce210e7293f1452150,0xaea46a60368a7bd060eec7df8cba43b7ef41ad85,0x1d9f9356c556a8418569ae14f394cdcf72ea66fe,28797599803428504017443,Fetch,FET,18,32,9607030,85000000000,8714265,10928597,deprecated,0xc73a2d60,"disperseToken(address token, address[] recipients, uint256[] values)",14006929
11054596,1602689031,0x23809bb69d4e20ee674b83534c489f470c0abdabd4616c67b61a40e9e12b7cbc,15,0xc2083ed0ed9321377f7af9408c7c113c582967e0081986d7f6d5a5b22450362c,0xd152f549545093347a162dce210e7293f1452150,0xaea46a60368a7bd060eec7df8cba43b7ef41ad85,0x22c9960034927070066e359b845b89522496b878,28787917252070000000000,Fetch,FET,18,32,9607030,85000000000,8714265,10928597,deprecated,0xc73a2d60,"disperseToken(address token, address[] recipients, uint256[] values)",14006929
11054596,1602689031,0x23809bb69d4e20ee674b83534c489f470c0abdabd4616c67b61a40e9e12b7cbc,15,0xc2083ed0ed9321377f7af9408c7c113c582967e0081986d7f6d5a5b22450362c,0xd152f549545093347a162dce210e7293f1452150,0xaea46a60368a7bd060eec7df8cba43b7ef41ad85,0x929671ee50617af316d7f29b1046ae26bee69f25,28759534533610000000000,Fetch,FET,18,32,9607030,85000000000,8714265,10928597,deprecated,0xc73a2d60,"disperseToken(address token, address[] recipients, uint256[] values)",14006929
11054596,1602689031,0x23809bb69d4e20ee674b83534c489f470c0abdabd4616c67b61a40e9e12b7cbc,15,0xc2083ed0ed9321377f7af9408c7c113c582967e0081986d7f6d5a5b22450362c,0xd152f549545093347a162dce210e7293f1452150,0xaea46a60368a7bd060eec7df8cba43b7ef41ad85,0x63271b8bba862f2c3591f168df6f03297ce26ff9,28742805924120000000000,Fetch,FET,18,32,9607030,85000000000,8714265,10928597,deprecated,0xc73a2d60,"disperseToken(address token, address[] recipients, uint256[] values)",14006929
11054596,1602689031,0x23809bb69d4e20ee674b83534c489f470c0abdabd4616c67b61a40e9e12b7cbc,15,0xc2083ed0ed9321377f7af9408c7c113c582967e0081986d7f6d5a5b22450362c,0xd152f549545093347a162dce210e7293f1452150,0xaea46a60368a7bd060eec7df8cba43b7ef41ad85,0xe83119ebcb731827b3eecd6d49c8f295e3972eea,28709884855965656078548,Fetch,FET,18,32,9607030,85000000000,8714265,10928597,deprecated,0xc73a2d60,"disperseToken(address token, address[] recipients, uint256[] values)",14006929
11054596,1602689031,0x23809bb69d4e20ee674b83534c489f470c0abdabd4616c67b61a40e9e12b7cbc,15,0xc2083ed0ed9321377f7af9408c7c113c582967e0081986d7f6d5a5b22450362c,0xd152f549545093347a162dce210e7293f1452150,0xaea46a60368a7bd060eec7df8cba43b7ef41ad85,0x3c0173dbcd08f7a2cd521b8b1a077ab6b2508fba,28642260999990000000000,Fetch,FET,18,32,9607030,85000000000,8714265,10928597,deprecated,0xc73a2d60,"disperseToken(address token, address[] recipients, uint256[] values)",14006929
11054596,1602689031,0x23809bb69d4e20ee674b83534c489f470c0abdabd4616c67b61a40e9e12b7cbc,15,0xc2083ed0ed9321377f7af9408c7c113c582967e0081986d7f6d5a5b22450362c,0xd152f549545093347a162dce210e7293f1452150,0xaea46a60368a7bd060eec7df8cba43b7ef41ad85,0x8136f7f36dbdade77dc5664b67f625d46a100374,28593431100000000000000,Fetch,FET,18,32,9607030,85000000000,8714265,10928597,deprecated,0xc73a2d60,"disperseToken(address token, address[] recipients, uint256[] values)",14006929
11054596,1602689031,0x23809bb69d4e20ee674b83534c489f470c0abdabd4616c67b61a40e9e12b7cbc,15,0xc2083ed0ed9321377f7af9408c7c113c582967e0081986d7f6d5a5b22450362c,0xd152f549545093347a162dce210e7293f1452150,0xaea46a60368a7bd060eec7df8cba43b7ef41ad85,0xa2a08fcc4452829cc755a9e7d8e6f4c1e2665ba2,28574260999990000000000,Fetch,FET,18,32,9607030,85000000000,8714265,10928597,deprecated,0xc73a2d60,"disperseToken(address token, address[] recipients, uint256[] values)",14006929
11054596,1602689031,0x23809bb69d4e20ee674b83534c489f470c0abdabd4616c67b61a40e9e12b7cbc,15,0xc2083ed0ed9321377f7af9408c7c113c582967e0081986d7f6d5a5b22450362c,0xd152f549545093347a162dce210e7293f1452150,0xaea46a60368a7bd060eec7df8cba43b7ef41ad85,0x7773de8d4659169031641a652a3df99f5810d11a,28506640769400000000000,Fetch,FET,18,32,9607030,85000000000,8714265,10928597,deprecated,0xc73a2d60,"disperseToken(address token, address[] recipients, uint256[] values)",14006929
11054596,1602689031,0x23809bb69d4e20ee674b83534c489f470c0abdabd4616c67b61a40e9e12b7cbc,15,0xc2083ed0ed9321377f7af9408c7c113c582967e0081986d7f6d5a5b22450362c,0xd152f549545093347a162dce210e7293f1452150,0xaea46a60368a7bd060eec7df8cba43b7ef41ad85,0x58de3232bc013e3db34fe201997cb0219dd9f81b,28343574000000000000000,Fetch,FET,18,32,9607030,85000000000,8714265,10928597,deprecated,0xc73a2d60,"disperseToken(address token, address[] recipients, uint256[] values)",14006929
11054596,1602689031,0x23809bb69d4e20ee674b83534c489f470c0abdabd4616c67b61a40e9e12b7cbc,15,0xc2083ed0ed9321377f7af9408c7c113c582967e0081986d7f6d5a5b22450362c,0xd152f549545093347a162dce210e7293f1452150,0xaea46a60368a7bd060eec7df8cba43b7ef41ad85,0x2b19797488f5318afca8b86cbe86955665bcceae,28307224151420000000000,Fetch,FET,18,32,9607030,85000000000,8714265,10928597,deprecated,0xc73a2d60,"disperseToken(address token, address[] recipients, uint256[] values)",14006929
11054596,1602689031,0x23809bb69d4e20ee674b83534c489f470c0abdabd4616c67b61a40e9e12b7cbc,15,0xc2083ed0ed9321377f7af9408c7c113c582967e0081986d7f6d5a5b22450362c,0xd152f549545093347a162dce210e7293f1452150,0xaea46a60368a7bd060eec7df8cba43b7ef41ad85,0xd9167900b63917e94eb1c539592a3a4b1818a4f0,28254498041010000000000,Fetch,FET,18,32,9607030,85000000000,8714265,10928597,deprecated,0xc73a2d60,"disperseToken(address token, address[] recipients, uint256[] values)",14006929
11054596,1602689031,0x23809bb69d4e20ee674b83534c489f470c0abdabd4616c67b61a40e9e12b7cbc,15,0xc2083ed0ed9321377f7af9408c7c113c582967e0081986d7f6d5a5b22450362c,0xd152f549545093347a162dce210e7293f1452150,0xaea46a60368a7bd060eec7df8cba43b7ef41ad85,0x17325971239b8bcb39aa40fbe55e860f44c85893,28139424800000000000000,Fetch,FET,18,32,9607030,85000000000,8714265,10928597,deprecated,0xc73a2d60,"disperseToken(address token, address[] recipients, uint256[] values)",14006929
11054596,1602689031,0x23809bb69d4e20ee674b83534c489f470c0abdabd4616c67b61a40e9e12b7cbc,15,0xc2083ed0ed9321377f7af9408c7c113c582967e0081986d7f6d5a5b22450362c,0xd152f549545093347a162dce210e7293f1452150,0xaea46a60368a7bd060eec7df8cba43b7ef41ad85,0xda40a74f9aa04e145c320822f953541f19ca3c68,28116861000000000000000,Fetch,FET,18,32,9607030,85000000000,8714265,10928597,deprecated,0xc73a2d60,"disperseToken(address token, address[] recipients, uint256[] values)",14006929
11054596,1602689031,0x23809bb69d4e20ee674b83534c489f470c0abdabd4616c67b61a40e9e12b7cbc,15,0xc2083ed0ed9321377f7af9408c7c113c582967e0081986d7f6d5a5b22450362c,0xd152f549545093347a162dce210e7293f1452150,0xaea46a60368a7bd060eec7df8cba43b7ef41ad85,0x02abf657d5b5104d916247f7f64642fb9c120cff,28104099391820000000000,Fetch,FET,18,32,9607030,85000000000,8714265,10928597,deprecated,0xc73a2d60,"disperseToken(address token, address[] recipients, uint256[] values)",14006929
11054596,1602689031,0x23809bb69d4e20ee674b83534c489f470c0abdabd4616c67b61a40e9e12b7cbc,15,0xc2083ed0ed9321377f7af9408c7c113c582967e0081986d7f6d5a5b22450362c,0xd152f549545093347a162dce210e7293f1452150,0xaea46a60368a7bd060eec7df8cba43b7ef41ad85,0x05d577e85e15b5614ff757c9c4007b611ab395d4,28051153340360000000000,Fetch,FET,18,32,9607030,85000000000,8714265,10928597,deprecated,0xc73a2d60,"disperseToken(address token, address[] recipients, uint256[] values)",14006929
11054596,1602689031,0x23809bb69d4e20ee674b83534c489f470c0abdabd4616c67b61a40e9e12b7cbc,15,0xc2083ed0ed9321377f7af9408c7c113c582967e0081986d7f6d5a5b22450362c,0xd152f549545093347a162dce210e7293f1452150,0xaea46a60368a7bd060eec7df8cba43b7ef41ad85,0x7f378f09044ee0679db83c54ba216f6780bcfa7f,27969687200000000000000,Fetch,FET,18,32,9607030,85000000000,8714265,10928597,deprecated,0xc73a2d60,"disperseToken(address token, address[] recipients, uint256[] values)",14006929
11054596,1602689031,0x23809bb69d4e20ee674b83534c489f470c0abdabd4616c67b61a40e9e12b7cbc,15,0xc2083ed0ed9321377f7af9408c7c113c582967e0081986d7f6d5a5b22450362c,0xd152f549545093347a162dce210e7293f1452150,0xaea46a60368a7bd060eec7df8cba43b7ef41ad85,0x0ca44351ba6f9505f894a4dbbd1b58307ff8bce0,27957100000000000000000,Fetch,FET,18,32,9607030,85000000000,8714265,10928597,deprecated,0xc73a2d60,"disperseToken(address token, address[] recipients, uint256[] values)",14006929
11054596,1602689031,0x23809bb69d4e20ee674b83534c489f470c0abdabd4616c67b61a40e9e12b7cbc,15,0xc2083ed0ed9321377f7af9408c7c113c582967e0081986d7f6d5a5b22450362c,0xd152f549545093347a162dce210e7293f1452150,0xaea46a60368a7bd060eec7df8cba43b7ef41ad85,0xd19a1c94965025f6d2604cb9a2a3cd08eb3ef1db,27913000000000000000000,Fetch,FET,18,32,9607030,85000000000,8714265,10928597,deprecated,0xc73a2d60,"disperseToken(address token, address[] recipients, uint256[] values)",14006929
11054596,1602689031,0x23809bb69d4e20ee674b83534c489f470c0abdabd4616c67b61a40e9e12b7cbc,15,0xc2083ed0ed9321377f7af9408c7c113c582967e0081986d7f6d5a5b22450362c,0xd152f549545093347a162dce210e7293f1452150,0xaea46a60368a7bd060eec7df8cba43b7ef41ad85,0x3f6ce79381c472012cee759a849439a9bfc05db1,27910012750000000000000,Fetch,FET,18,32,9607030,85000000000,8714265,10928597,deprecated,0xc73a2d60,"disperseToken(address token, address[] recipients, uint256[] values)",14006929
11054596,1602689031,0x23809bb69d4e20ee674b83534c489f470c0abdabd4616c67b61a40e9e12b7cbc,15,0xc2083ed0ed9321377f7af9408c7c113c582967e0081986d7f6d5a5b22450362c,0xd152f549545093347a162dce210e7293f1452150,0xaea46a60368a7bd060eec7df8cba43b7ef41ad85,0x0e8161a418407b9901694da760d6566a5cb3ca1d,27870000000000000000000,Fetch,FET,18,32,9607030,85000000000,8714265,10928597,deprecated,0xc73a2d60,"disperseToken(address token, address[] recipients, uint256[] values)",14006929
11054596,1602689031,0x23809bb69d4e20ee674b83534c489f470c0abdabd4616c67b61a40e9e12b7cbc,15,0xc2083ed0ed9321377f7af9408c7c113c582967e0081986d7f6d5a5b22450362c,0xd152f549545093347a162dce210e7293f1452150,0xaea46a60368a7bd060eec7df8cba43b7ef41ad85,0xceec5df597e7b9a8fc2fd47b17fe699bfa2fe0ff,27830327264970000000000,Fetch,FET,18,32,9607030,85000000000,8714265,10928597,deprecated,0xc73a2d60,"disperseToken(address token, address[] recipients, uint256[] values)",14006929
11054596,1602689031,0x23809bb69d4e20ee674b83534c489f470c0abdabd4616c67b61a40e9e12b7cbc,15,0xc2083ed0ed9321377f7af9408c7c113c582967e0081986d7f6d5a5b22450362c,0xd152f549545093347a162dce210e7293f1452150,0xaea46a60368a7bd060eec7df8cba43b7ef41ad85,0xf590385719fdc95a1b394558ce3a2f583aabb083,27763986995000000000000,Fetch,FET,18,32,9607030,85000000000,8714265,10928597,deprecated,0xc73a2d60,"disperseToken(address token, address[] recipients, uint256[] values)",14006929
11054596,1602689031,0x23809bb69d4e20ee674b83534c489f470c0abdabd4616c67b61a40e9e12b7cbc,15,0xc2083ed0ed9321377f7af9408c7c113c582967e0081986d7f6d5a5b22450362c,0xd152f549545093347a162dce210e7293f1452150,0xaea46a60368a7bd060eec7df8cba43b7ef41ad85,0x7e216e54e0d11212a6ac70a9459e543a5593899c,27738207000000000000000,Fetch,FET,18,32,9607030,85000000000,8714265,10928597,deprecated,0xc73a2d60,"disperseToken(address token, address[] recipients, uint256[] values)",14006929
11054596,1602689031,0x23809bb69d4e20ee674b83534c489f470c0abdabd4616c67b61a40e9e12b7cbc,15,0xc2083ed0ed9321377f7af9408c7c113c582967e0081986d7f6d5a5b22450362c,0xd152f549545093347a162dce210e7293f1452150,0xaea46a60368a7bd060eec7df8cba43b7ef41ad85,0xa9e5bde108b1003ec4abf88dffc31b8f0a782eec,27605947900000000000000,Fetch,FET,18,32,9607030,85000000000,8714265,10928597,deprecated,0xc73a2d60,"disperseToken(address token, address[] recipients, uint256[] values)",14006929
11054596,1602689031,0x23809bb69d4e20ee674b83534c489f470c0abdabd4616c67b61a40e9e12b7cbc,15,0xc2083ed0ed9321377f7af9408c7c113c582967e0081986d7f6d5a5b22450362c,0xd152f549545093347a162dce210e7293f1452150,0xaea46a60368a7bd060eec7df8cba43b7ef41ad85,0xd2cb35bccf2a1560e4b71ae302ad24682d0a933f,27597800000000000000000,Fetch,FET,18,32,9607030,85000000000,8714265,10928597,deprecated,0xc73a2d60,"disperseToken(address token, address[] recipients, uint256[] values)",14006929
11054596,1602689031,0x23809bb69d4e20ee674b83534c489f470c0abdabd4616c67b61a40e9e12b7cbc,15,0xc2083ed0ed9321377f7af9408c7c113c582967e0081986d7f6d5a5b22450362c,0xd152f549545093347a162dce210e7293f1452150,0xaea46a60368a7bd060eec7df8cba43b7ef41ad85,0xe802ab44ae79be0d46f87bbb1b8ea7396a7e05fb,27582158141591791919071,Fetch,FET,18,32,9607030,85000000000,8714265,10928597,deprecated,0xc73a2d60,"disperseToken(address token, address[] recipients, uint256[] values)",14006929
11054596,1602689031,0x23809bb69d4e20ee674b83534c489f470c0abdabd4616c67b61a40e9e12b7cbc,15,0xc2083ed0ed9321377f7af9408c7c113c582967e0081986d7f6d5a5b22450362c,0xd152f549545093347a162dce210e7293f1452150,0xaea46a60368a7bd060eec7df8cba43b7ef41ad85,0xb345fbc34761034e4b5dc0a89fc465d9dc21143f,27574302000000000000000,Fetch,FET,18,32,9607030,85000000000,8714265,10928597,deprecated,0xc73a2d60,"disperseToken(address token, address[] recipients, uint256[] values)",14006929
11054596,1602689031,0x23809bb69d4e20ee674b83534c489f470c0abdabd4616c67b61a40e9e12b7cbc,15,0xc2083ed0ed9321377f7af9408c7c113c582967e0081986d7f6d5a5b22450362c,0xd152f549545093347a162dce210e7293f1452150,0xaea46a60368a7bd060eec7df8cba43b7ef41ad85,0xd216dcfe04461c50426891e25b447a0ee7d93037,27557390000000000000000,Fetch,FET,18,32,9607030,85000000000,8714265,10928597,deprecated,0xc73a2d60,"disperseToken(address token, address[] recipients, uint256[] values)",14006929
11054596,1602689031,0x23809bb69d4e20ee674b83534c489f470c0abdabd4616c67b61a40e9e12b7cbc,15,0xc2083ed0ed9321377f7af9408c7c113c582967e0081986d7f6d5a5b22450362c,0xd152f549545093347a162dce210e7293f1452150,0xaea46a60368a7bd060eec7df8cba43b7ef41ad85,0xc61a1eb446f8daf90ec48c8ac10ced84d06bb3c2,27514857800000000000000,Fetch,FET,18,32,9607030,85000000000,8714265,10928597,deprecated,0xc73a2d60,"disperseToken(address token, address[] recipients, uint256[] values)",14006929
11054596,1602689031,0x23809bb69d4e20ee674b83534c489f470c0abdabd4616c67b61a40e9e12b7cbc,15,0xc2083ed0ed9321377f7af9408c7c113c582967e0081986d7f6d5a5b22450362c,0xd152f549545093347a162dce210e7293f1452150,0xaea46a60368a7bd060eec7df8cba43b7ef41ad85,0x9081b58ba407939e954c3d5b36f18a696d781af0,27461830086930000000000,Fetch,FET,18,32,9607030,85000000000,8714265,10928597,deprecated,0xc73a2d60,"disperseToken(address token, address[] recipients, uint256[] values)",14006929
11054596,1602689031,0x23809bb69d4e20ee674b83534c489f470c0abdabd4616c67b61a40e9e12b7cbc,15,0xc2083ed0ed9321377f7af9408c7c113c582967e0081986d7f6d5a5b22450362c,0xd152f549545093347a162dce210e7293f1452150,0xaea46a60368a7bd060eec7df8cba43b7ef41ad85,0x52258bbaba5c3038fb67ef2dbe7c33441328e077,27446819820478738363239,Fetch,FET,18,32,9607030,85000000000,8714265,10928597,deprecated,0xc73a2d60,"disperseToken(address token, address[] recipients, uint256[] values)",14006929
11054596,1602689031,0x23809bb69d4e20ee674b83534c489f470c0abdabd4616c67b61a40e9e12b7cbc,15,0xc2083ed0ed9321377f7af9408c7c113c582967e0081986d7f6d5a5b22450362c,0xd152f549545093347a162dce210e7293f1452150,0xaea46a60368a7bd060eec7df8cba43b7ef41ad85,0x7b916a85b354bc6d6283cf355949e88519c1c679,27375164442830000000000,Fetch,FET,18,32,9607030,85000000000,8714265,10928597,deprecated,0xc73a2d60,"disperseToken(address token, address[] recipients, uint256[] values)",14006929
11054596,1602689031,0x23809bb69d4e20ee674b83534c489f470c0abdabd4616c67b61a40e9e12b7cbc,15,0xc2083ed0ed9321377f7af9408c7c113c582967e0081986d7f6d5a5b22450362c,0xd152f549545093347a162dce210e7293f1452150,0xaea46a60368a7bd060eec7df8cba43b7ef41ad85,0x5617d8e7d30ce6d22b3f281c7396ca94c6b1dfae,27367518789690000000000,Fetch,FET,18,32,9607030,85000000000,8714265,10928597,deprecated,0xc73a2d60,"disperseToken(address token, address[] recipients, uint256[] values)",14006929
11054596,1602689031,0x23809bb69d4e20ee674b83534c489f470c0abdabd4616c67b61a40e9e12b7cbc,15,0xc2083ed0ed9321377f7af9408c7c113c582967e0081986d7f6d5a5b22450362c,0xd152f549545093347a162dce210e7293f1452150,0xaea46a60368a7bd060eec7df8cba43b7ef41ad85,0xf470bbc8b1cdf24782c972eea4071957f135e50f,27295000587920000000000,Fetch,FET,18,32,9607030,85000000000,8714265,10928597,deprecated,0xc73a2d60,"disperseToken(address token, address[] recipients, uint256[] values)",14006929
11054596,1602689031,0x23809bb69d4e20ee674b83534c489f470c0abdabd4616c67b61a40e9e12b7cbc,15,0xc2083ed0ed9321377f7af9408c7c113c582967e0081986d7f6d5a5b22450362c,0xd152f549545093347a162dce210e7293f1452150,0xaea46a60368a7bd060eec7df8cba43b7ef41ad85,0x8c9e22372e00a3e1ae374379742d57acb781430a,27280312000000000000000,Fetch,FET,18,32,9607030,85000000000,8714265,10928597,deprecated,0xc73a2d60,"disperseToken(address token, address[] recipients, uint256[] values)",14006929
11054596,1602689031,0x23809bb69d4e20ee674b83534c489f470c0abdabd4616c67b61a40e9e12b7cbc,15,0xc2083ed0ed9321377f7af9408c7c113c582967e0081986d7f6d5a5b22450362c,0xd152f549545093347a162dce210e7293f1452150,0xaea46a60368a7bd060eec7df8cba43b7ef41ad85,0x09631c9e814b43e442cf6e3972cdc0b02d9b847a,27201000000000000000000,Fetch,FET,18,32,9607030,85000000000,8714265,10928597,deprecated,0xc73a2d60,"disperseToken(address token, address[] recipients, uint256[] values)",14006929
11054596,1602689031,0x23809bb69d4e20ee674b83534c489f470c0abdabd4616c67b61a40e9e12b7cbc,15,0xc2083ed0ed9321377f7af9408c7c113c582967e0081986d7f6d5a5b22450362c,0xd152f549545093347a162dce210e7293f1452150,0xaea46a60368a7bd060eec7df8cba43b7ef41ad85,0x025cfa0519fb30716446aaeced7f4364cac84f32,27198238632220000000000,Fetch,FET,18,32,9607030,85000000000,8714265,10928597,deprecated,0xc73a2d60,"disperseToken(address token, address[] recipients, uint256[] values)",14006929
11054596,1602689031,0x23809bb69d4e20ee674b83534c489f470c0abdabd4616c67b61a40e9e12b7cbc,15,0xc2083ed0ed9321377f7af9408c7c113c582967e0081986d7f6d5a5b22450362c,0xd152f549545093347a162dce210e7293f1452150,0xaea46a60368a7bd060eec7df8cba43b7ef41ad85,0x0ea9239001e8ebe447d9dec97b3433e5efcec5a8,27152710605330000000000,Fetch,FET,18,32,9607030,85000000000,8714265,10928597,deprecated,0xc73a2d60,"disperseToken(address token, address[] recipients, uint256[] values)",14006929
11054596,1602689031,0x23809bb69d4e20ee674b83534c489f470c0abdabd4616c67b61a40e9e12b7cbc,15,0xc2083ed0ed9321377f7af9408c7c113c582967e0081986d7f6d5a5b22450362c,0xd152f549545093347a162dce210e7293f1452150,0xaea46a60368a7bd060eec7df8cba43b7ef41ad85,0xf362813369cd4c1e5a65ccc42a9936f636b64562,26912000000000000000000,Fetch,FET,18,32,9607030,85000000000,8714265,10928597,deprecated,0xc73a2d60,"disperseToken(address token, address[] recipients, uint256[] values)",14006929
11054596,1602689031,0x23809bb69d4e20ee674b83534c489f470c0abdabd4616c67b61a40e9e12b7cbc,15,0xc2083ed0ed9321377f7af9408c7c113c582967e0081986d7f6d5a5b22450362c,0xd152f549545093347a162dce210e7293f1452150,0xaea46a60368a7bd060eec7df8cba43b7ef41ad85,0xe2ae6c52a92da605ad99f72095eb74bb0ee77191,26880634306230000000000,Fetch,FET,18,32,9607030,85000000000,8714265,10928597,deprecated,0xc73a2d60,"disperseToken(address token, address[] recipients, uint256[] values)",14006929
11054596,1602689031,0x23809bb69d4e20ee674b83534c489f470c0abdabd4616c67b61a40e9e12b7cbc,15,0xc2083ed0ed9321377f7af9408c7c113c582967e0081986d7f6d5a5b22450362c,0xd152f549545093347a162dce210e7293f1452150,0xaea46a60368a7bd060eec7df8cba43b7ef41ad85,0x9c89ca1ac4611280a1d98d652ab0d1d4f4459e97,26728834861580000000000,Fetch,FET,18,32,9607030,85000000000,8714265,10928597,deprecated,0xc73a2d60,"disperseToken(address token, address[] recipients, uint256[] values)",14006929
11054596,1602689031,0x23809bb69d4e20ee674b83534c489f470c0abdabd4616c67b61a40e9e12b7cbc,15,0xc2083ed0ed9321377f7af9408c7c113c582967e0081986d7f6d5a5b22450362c,0xd152f549545093347a162dce210e7293f1452150,0xaea46a60368a7bd060eec7df8cba43b7ef41ad85,0x6a50e59c327a245c265687f32a355147b1b647cc,26636174080940000000000,Fetch,FET,18,32,9607030,85000000000,8714265,10928597,deprecated,0xc73a2d60,"disperseToken(address token, address[] recipients, uint256[] values)",14006929
11054596,1602689031,0x23809bb69d4e20ee674b83534c489f470c0abdabd4616c67b61a40e9e12b7cbc,15,0xc2083ed0ed9321377f7af9408c7c113c582967e0081986d7f6d5a5b22450362c,0xd152f549545093347a162dce210e7293f1452150,0xaea46a60368a7bd060eec7df8cba43b7ef41ad85,0xb519f4191a75973571a70377a99b5b1b7d60c8c4,26599440283390000000000,Fetch,FET,18,32,9607030,85000000000,8714265,10928597,deprecated,0xc73a2d60,"disperseToken(address token, address[] recipients, uint256[] values)",14006929
11054596,1602689031,0x23809bb69d4e20ee674b83534c489f470c0abdabd4616c67b61a40e9e12b7cbc,15,0xc2083ed0ed9321377f7af9408c7c113c582967e0081986d7f6d5a5b22450362c,0xd152f549545093347a162dce210e7293f1452150,0xaea46a60368a7bd060eec7df8cba43b7ef41ad85,0xbf2c4793d0601b30d841193d1a969e65bd9fea3c,26526711742940000000000,Fetch,FET,18,32,9607030,85000000000,8714265,10928597,deprecated,0xc73a2d60,"disperseToken(address token, address[] recipients, uint256[] values)",14006929
11054596,1602689031,0x23809bb69d4e20ee674b83534c489f470c0abdabd4616c67b61a40e9e12b7cbc,15,0xc2083ed0ed9321377f7af9408c7c113c582967e0081986d7f6d5a5b22450362c,0xd152f549545093347a162dce210e7293f1452150,0xaea46a60368a7bd060eec7df8cba43b7ef41ad85,0x10f3d354e4ea2d115b03e71616e5eb5d057a6d16,26279000000000000000000,Fetch,FET,18,32,9607030,85000000000,8714265,10928597,deprecated,0xc73a2d60,"disperseToken(address token, address[] recipients, uint256[] values)",14006929
11054596,1602689031,0x23809bb69d4e20ee674b83534c489f470c0abdabd4616c67b61a40e9e12b7cbc,15,0xc2083ed0ed9321377f7af9408c7c113c582967e0081986d7f6d5a5b22450362c,0xd152f549545093347a162dce210e7293f1452150,0xaea46a60368a7bd060eec7df8cba43b7ef41ad85,0x7e0ded3c7f6612987687f539febaf21bd92d753b,26159690000000000000000,Fetch,FET,18,32,9607030,85000000000,8714265,10928597,deprecated,0xc73a2d60,"disperseToken(address token, address[] recipients, uint256[] values)",14006929
11054596,1602689031,0x23809bb69d4e20ee674b83534c489f470c0abdabd4616c67b61a40e9e12b7cbc,15,0xc2083ed0ed9321377f7af9408c7c113c582967e0081986d7f6d5a5b22450362c,0xd152f549545093347a162dce210e7293f1452150,0xaea46a60368a7bd060eec7df8cba43b7ef41ad85,0xa30f78dc594a6aec15196916705cc43879a3fc13,26106079456150000000000,Fetch,FET,18,32,9607030,85000000000,8714265,10928597,deprecated,0xc73a2d60,"disperseToken(address token, address[] recipients, uint256[] values)",14006929
11054596,1602689031,0x23809bb69d4e20ee674b83534c489f470c0abdabd4616c67b61a40e9e12b7cbc,15,0xc2083ed0ed9321377f7af9408c7c113c582967e0081986d7f6d5a5b22450362c,0xd152f549545093347a162dce210e7293f1452150,0xaea46a60368a7bd060eec7df8cba43b7ef41ad85,0xd1167061b7cdb9a234759409eaf2fe68a9d1459f,26091727319210019172016,Fetch,FET,18,32,9607030,85000000000,8714265,10928597,deprecated,0xc73a2d60,"disperseToken(address token, address[] recipients, uint256[] values)",14006929
11054596,1602689031,0x23809bb69d4e20ee674b83534c489f470c0abdabd4616c67b61a40e9e12b7cbc,15,0xc2083ed0ed9321377f7af9408c7c113c582967e0081986d7f6d5a5b22450362c,0xd152f549545093347a162dce210e7293f1452150,0xaea46a60368a7bd060eec7df8cba43b7ef41ad85,0x0a55cb82eedc8a24cc698f27a3c07a72d611afd2,26089719000000000000000,Fetch,FET,18,32,9607030,85000000000,8714265,10928597,deprecated,0xc73a2d60,"disperseToken(address token, address[] recipients, uint256[] values)",14006929
11054596,1602689031,0x23809bb69d4e20ee674b83534c489f470c0abdabd4616c67b61a40e9e12b7cbc,15,0xc2083ed0ed9321377f7af9408c7c113c582967e0081986d7f6d5a5b22450362c,0xd152f549545093347a162dce210e7293f1452150,0xaea46a60368a7bd060eec7df8cba43b7ef41ad85,0xd70e13e7a25029a2a74a3474c75c6f1c822d74e1,26054811900000000000000,Fetch,FET,18,32,9607030,85000000000,8714265,10928597,deprecated,0xc73a2d60,"disperseToken(address token, address[] recipients, uint256[] values)",14006929
11054596,1602689031,0x23809bb69d4e20ee674b83534c489f470c0abdabd4616c67b61a40e9e12b7cbc,15,0xc2083ed0ed9321377f7af9408c7c113c582967e0081986d7f6d5a5b22450362c,0xd152f549545093347a162dce210e7293f1452150,0xaea46a60368a7bd060eec7df8cba43b7ef41ad85,0x603a4cfe1d1b5e10f26838e3d16edf31a193a012,25970000000000000000000,Fetch,FET,18,32,9607030,85000000000,8714265,10928597,deprecated,0xc73a2d60,"disperseToken(address token, address[] recipients, uint256[] values)",14006929
11054596,1602689031,0x23809bb69d4e20ee674b83534c489f470c0abdabd4616c67b61a40e9e12b7cbc,15,0xc2083ed0ed9321377f7af9408c7c113c582967e0081986d7f6d5a5b22450362c,0xd152f549545093347a162dce210e7293f1452150,0xaea46a60368a7bd060eec7df8cba43b7ef41ad85,0x6a604bb3dc580b8af00ccc90b7404f8c2e0b64ed,25955012099010000000000,Fetch,FET,18,32,9607030,85000000000,8714265,10928597,deprecated,0xc73a2d60,"disperseToken(address token, address[] recipients, uint256[] values)",14006929
11054596,1602689031,0x23809bb69d4e20ee674b83534c489f470c0abdabd4616c67b61a40e9e12b7cbc,15,0xc2083ed0ed9321377f7af9408c7c113c582967e0081986d7f6d5a5b22450362c,0xd152f549545093347a162dce210e7293f1452150,0xaea46a60368a7bd060eec7df8cba43b7ef41ad85,0xe1b5fb95b8221d03f75b2dca820b60afdf691129,25955000000000000000000,Fetch,FET,18,32,9607030,85000000000,8714265,10928597,deprecated,0xc73a2d60,"disperseToken(address token, address[] recipients, uint256[] values)",14006929
11054596,1602689031,0x23809bb69d4e20ee674b83534c489f470c0abdabd4616c67b61a40e9e12b7cbc,15,0xc2083ed0ed9321377f7af9408c7c113c582967e0081986d7f6d5a5b22450362c,0xd152f549545093347a162dce210e7293f1452150,0xaea46a60368a7bd060eec7df8cba43b7ef41ad85,0x00b45ad909551562e9fa0399a53ec87b873b9a30,25940421500000000000000,Fetch,FET,18,32,9607030,85000000000,8714265,10928597,deprecated,0xc73a2d60,"disperseToken(address token, address[] recipients, uint256[] values)",14006929
11054596,1602689031,0x23809bb69d4e20ee674b83534c489f470c0abdabd4616c67b61a40e9e12b7cbc,15,0xc2083ed0ed9321377f7af9408c7c113c582967e0081986d7f6d5a5b22450362c,0xd152f549545093347a162dce210e7293f1452150,0xaea46a60368a7bd060eec7df8cba43b7ef41ad85,0x272c1feaee0ca813fcff39a71fdcb8c8aefedf56,25848587999000000000000,Fetch,FET,18,32,9607030,85000000000,8714265,10928597,deprecated,0xc73a2d60,"disperseToken(address token, address[] recipients, uint256[] values)",14006929
11054596,1602689031,0x23809bb69d4e20ee674b83534c489f470c0abdabd4616c67b61a40e9e12b7cbc,15,0xc2083ed0ed9321377f7af9408c7c113c582967e0081986d7f6d5a5b22450362c,0xd152f549545093347a162dce210e7293f1452150,0xaea46a60368a7bd060eec7df8cba43b7ef41ad85,0x9c8fac780ce8b2502386f6e941227341b935275d,25813590000000000000000,Fetch,FET,18,32,9607030,85000000000,8714265,10928597,deprecated,0xc73a2d60,"disperseToken(address token, address[] recipients, uint256[] values)",14006929
11054596,1602689031,0x23809bb69d4e20ee674b83534c489f470c0abdabd4616c67b61a40e9e12b7cbc,15,0xc2083ed0ed9321377f7af9408c7c113c582967e0081986d7f6d5a5b22450362c,0xd152f549545093347a162dce210e7293f1452150,0xaea46a60368a7bd060eec7df8cba43b7ef41ad85,0xd7ae1f1660c4a1f898a4875a46d5dbc6c03c292e,25793545824190000000000,Fetch,FET,18,32,9607030,85000000000,8714265,10928597,deprecated,0xc73a2d60,"disperseToken(address token, address[] recipients, uint256[] values)",14006929
11054596,1602689031,0x23809bb69d4e20ee674b83534c489f470c0abdabd4616c67b61a40e9e12b7cbc,15,0xc2083ed0ed9321377f7af9408c7c113c582967e0081986d7f6d5a5b22450362c,0xd152f549545093347a162dce210e7293f1452150,0xaea46a60368a7bd060eec7df8cba43b7ef41ad85,0xe2b673706be8dc84614e35fa00076b7b80601cb9,25691701551150000000000,Fetch,FET,18,32,9607030,85000000000,8714265,10928597,deprecated,0xc73a2d60,"disperseToken(address token, address[] recipients, uint256[] values)",14006929
11054596,1602689031,0x23809bb69d4e20ee674b83534c489f470c0abdabd4616c67b61a40e9e12b7cbc,15,0xc2083ed0ed9321377f7af9408c7c113c582967e0081986d7f6d5a5b22450362c,0xd152f549545093347a162dce210e7293f1452150,0xaea46a60368a7bd060eec7df8cba43b7ef41ad85,0xfba975d67f08cfa4fb70dd9c772743d8be78a4df,25665000000000000000000,Fetch,FET,18,32,9607030,85000000000,8714265,10928597,deprecated,0xc73a2d60,"disperseToken(address token, address[] recipients, uint256[] values)",14006929
11054596,1602689031,0x23809bb69d4e20ee674b83534c489f470c0abdabd4616c67b61a40e9e12b7cbc,15,0xc2083ed0ed9321377f7af9408c7c113c582967e0081986d7f6d5a5b22450362c,0xd152f549545093347a162dce210e7293f1452150,0xaea46a60368a7bd060eec7df8cba43b7ef41ad85,0xac603707872262337d16ca73914063286d80d6b5,25599473500000000000000,Fetch,FET,18,32,9607030,85000000000,8714265,10928597,deprecated,0xc73a2d60,"disperseToken(address token, address[] recipients, uint256[] values)",14006929
11054596,1602689031,0x23809bb69d4e20ee674b83534c489f470c0abdabd4616c67b61a40e9e12b7cbc,15,0xc2083ed0ed9321377f7af9408c7c113c582967e0081986d7f6d5a5b22450362c,0xd152f549545093347a162dce210e7293f1452150,0xaea46a60368a7bd060eec7df8cba43b7ef41ad85,0xbd5dc7284d44a6e6fd4d07614956f62cba35fac5,25467866191460000000000,Fetch,FET,18,32,9607030,85000000000,8714265,10928597,deprecated,0xc73a2d60,"disperseToken(address token, address[] recipients, uint256[] values)",14006929
11054596,1602689031,0x23809bb69d4e20ee674b83534c489f470c0abdabd4616c67b61a40e9e12b7cbc,15,0xc2083ed0ed9321377f7af9408c7c113c582967e0081986d7f6d5a5b22450362c,0xd152f549545093347a162dce210e7293f1452150,0xaea46a60368a7bd060eec7df8cba43b7ef41ad85,0x08728883040198bf8f0f47c7713b0b4e50251a4c,25420000000000000000000,Fetch,FET,18,32,9607030,85000000000,8714265,10928597,deprecated,0xc73a2d60,"disperseToken(address token, address[] recipients, uint256[] values)",14006929
11054596,1602689031,0x23809bb69d4e20ee674b83534c489f470c0abdabd4616c67b61a40e9e12b7cbc,15,0xc2083ed0ed9321377f7af9408c7c113c582967e0081986d7f6d5a5b22450362c,0xd152f549545093347a162dce210e7293f1452150,0xaea46a60368a7bd060eec7df8cba43b7ef41ad85,0xeab3e9b42bad58f337297ba86befe4c658bc5b64,25411248968120000000000,Fetch,FET,18,32,9607030,85000000000,8714265,10928597,deprecated,0xc73a2d60,"disperseToken(address token, address[] recipients, uint256[] values)",14006929
11054596,1602689031,0x23809bb69d4e20ee674b83534c489f470c0abdabd4616c67b61a40e9e12b7cbc,15,0xc2083ed0ed9321377f7af9408c7c113c582967e0081986d7f6d5a5b22450362c,0xd152f549545093347a162dce210e7293f1452150,0xaea46a60368a7bd060eec7df8cba43b7ef41ad85,0x2430092e167d61a945a8bc517e6885969d69cfb3,25229160128797006803627,Fetch,FET,18,32,9607030,85000000000,8714265,10928597,deprecated,0xc73a2d60,"disperseToken(address token, address[] recipients, uint256[] values)",14006929
11054596,1602689031,0x23809bb69d4e20ee674b83534c489f470c0abdabd4616c67b61a40e9e12b7cbc,15,0xc2083ed0ed9321377f7af9408c7c113c582967e0081986d7f6d5a5b22450362c,0xd152f549545093347a162dce210e7293f1452150,0xaea46a60368a7bd060eec7df8cba43b7ef41ad85,0xabf3d398dc7f7774171c957c457d2d32014807e9,25207500000000000000000,Fetch,FET,18,32,9607030,85000000000,8714265,10928597,deprecated,0xc73a2d60,"disperseToken(address token, address[] recipients, uint256[] values)",14006929
11054596,1602689031,0x23809bb69d4e20ee674b83534c489f470c0abdabd4616c67b61a40e9e12b7cbc,15,0xc2083ed0ed9321377f7af9408c7c113c582967e0081986d7f6d5a5b22450362c,0xd152f549545093347a162dce210e7293f1452150,0xaea46a60368a7bd060eec7df8cba43b7ef41ad85,0x730ca48122b6ab13182be308d6d7f5b17a534bc6,25190000000000000000000,Fetch,FET,18,32,9607030,85000000000,8714265,10928597,deprecated,0xc73a2d60,"disperseToken(address token, address[] recipients, uint256[] values)",14006929
11054596,1602689031,0x23809bb69d4e20ee674b83534c489f470c0abdabd4616c67b61a40e9e12b7cbc,15,0xc2083ed0ed9321377f7af9408c7c113c582967e0081986d7f6d5a5b22450362c,0xd152f549545093347a162dce210e7293f1452150,0xaea46a60368a7bd060eec7df8cba43b7ef41ad85,0x8ed2ef4602d540b57274226b2d1925fe095b5ecb,25159904384780000000000,Fetch,FET,18,32,9607030,85000000000,8714265,10928597,deprecated,0xc73a2d60,"disperseToken(address token, address[] recipients, uint256[] values)",14006929
11054596,1602689031,0x23809bb69d4e20ee674b83534c489f470c0abdabd4616c67b61a40e9e12b7cbc,15,0xc2083ed0ed9321377f7af9408c7c113c582967e0081986d7f6d5a5b22450362c,0xd152f549545093347a162dce210e7293f1452150,0xaea46a60368a7bd060eec7df8cba43b7ef41ad85,0x296bb7941330e2495de4169620536cbeabb83db1,25147033859800000000000,Fetch,FET,18,32,9607030,85000000000,8714265,10928597,deprecated,0xc73a2d60,"disperseToken(address token, address[] recipients, uint256[] values)",14006929
11054596,1602689031,0x23809bb69d4e20ee674b83534c489f470c0abdabd4616c67b61a40e9e12b7cbc,15,0xc2083ed0ed9321377f7af9408c7c113c582967e0081986d7f6d5a5b22450362c,0xd152f549545093347a162dce210e7293f1452150,0xaea46a60368a7bd060eec7df8cba43b7ef41ad85,0xc663aae7b9521526ce6dab8c64217ac52b4144d2,25075273304870000000000,Fetch,FET,18,32,9607030,85000000000,8714265,10928597,deprecated,0xc73a2d60,"disperseToken(address token, address[] recipients, uint256[] values)",14006929
11054596,1602689031,0x23809bb69d4e20ee674b83534c489f470c0abdabd4616c67b61a40e9e12b7cbc,15,0xc2083ed0ed9321377f7af9408c7c113c582967e0081986d7f6d5a5b22450362c,0xd152f549545093347a162dce210e7293f1452150,0xaea46a60368a7bd060eec7df8cba43b7ef41ad85,0xb688f534ee0d640993d6694162bafb37e88fa655,25072799366590000000000,Fetch,FET,18,32,9607030,85000000000,8714265,10928597,deprecated,0xc73a2d60,"disperseToken(address token, address[] recipients, uint256[] values)",14006929
11054596,1602689031,0x23809bb69d4e20ee674b83534c489f470c0abdabd4616c67b61a40e9e12b7cbc,15,0xc2083ed0ed9321377f7af9408c7c113c582967e0081986d7f6d5a5b22450362c,0xd152f549545093347a162dce210e7293f1452150,0xaea46a60368a7bd060eec7df8cba43b7ef41ad85,0x20c27c130155685070a7bf3cfe7084e70e06bf64,25040008000000000000000,Fetch,FET,18,32,9607030,85000000000,8714265,10928597,deprecated,0xc73a2d60,"disperseToken(address token, address[] recipients, uint256[] values)",14006929
11054596,1602689031,0x23809bb69d4e20ee674b83534c489f470c0abdabd4616c67b61a40e9e12b7cbc,15,0xc2083ed0ed9321377f7af9408c7c113c582967e0081986d7f6d5a5b22450362c,0xd152f549545093347a162dce210e7293f1452150,0xaea46a60368a7bd060eec7df8cba43b7ef41ad85,0x13df035952316f5fb663c262064ee39e44aa6b43,25009539400000000000000,Fetch,FET,18,32,9607030,85000000000,8714265,10928597,deprecated,0xc73a2d60,"disperseToken(address token, address[] recipients, uint256[] values)",14006929
11054596,1602689031,0x23809bb69d4e20ee674b83534c489f470c0abdabd4616c67b61a40e9e12b7cbc,15,0xc2083ed0ed9321377f7af9408c7c113c582967e0081986d7f6d5a5b22450362c,0xd152f549545093347a162dce210e7293f1452150,0xaea46a60368a7bd060eec7df8cba43b7ef41ad85,0x8512de853df444c894a743205537f0daf2a9fc8f,25000000000000000000000,Fetch,FET,18,32,9607030,85000000000,8714265,10928597,deprecated,0xc73a2d60,"disperseToken(address token, address[] recipients, uint256[] values)",14006929
11054596,1602689031,0x23809bb69d4e20ee674b83534c489f470c0abdabd4616c67b61a40e9e12b7cbc,15,0xc2083ed0ed9321377f7af9408c7c113c582967e0081986d7f6d5a5b22450362c,0xd152f549545093347a162dce210e7293f1452150,0xaea46a60368a7bd060eec7df8cba43b7ef41ad85,0x975cc3099af2c4c61d60b8bf671ae57f2b8ef08d,24958677600000000000000,Fetch,FET,18,32,9607030,85000000000,8714265,10928597,deprecated,0xc73a2d60,"disperseToken(address token, address[] recipients, uint256[] values)",14006929
11054596,1602689031,0x23809bb69d4e20ee674b83534c489f470c0abdabd4616c67b61a40e9e12b7cbc,15,0xc2083ed0ed9321377f7af9408c7c113c582967e0081986d7f6d5a5b22450362c,0xd152f549545093347a162dce210e7293f1452150,0xaea46a60368a7bd060eec7df8cba43b7ef41ad85,0xf97a2ad407b0aaa7057d304fb0ed6628e89fc53f,24955000000000000000000,Fetch,FET,18,32,9607030,85000000000,8714265,10928597,deprecated,0xc73a2d60,"disperseToken(address token, address[] recipients, uint256[] values)",14006929
11054596,1602689031,0x23809bb69d4e20ee674b83534c489f470c0abdabd4616c67b61a40e9e12b7cbc,15,0xc2083ed0ed9321377f7af9408c7c113c582967e0081986d7f6d5a5b22450362c,0xd152f549545093347a162dce210e7293f1452150,0xaea46a60368a7bd060eec7df8cba43b7ef41ad85,0x7495faf6f68a2c7dfea7f9f7e712ab0dd2468386,24953421000000000000000,Fetch,FET,18,32,9607030,85000000000,8714265,10928597,deprecated,0xc73a2d60,"disperseToken(address token, address[] recipients, uint256[] values)",14006929
11054596,1602689031,0x23809bb69d4e20ee674b83534c489f470c0abdabd4616c67b61a40e9e12b7cbc,15,0xc2083ed0ed9321377f7af9408c7c113c582967e0081986d7f6d5a5b22450362c,0xd152f549545093347a162dce210e7293f1452150,0xaea46a60368a7bd060eec7df8cba43b7ef41ad85,0xce56d6b89aba96c43e8fbf02c3bf34a751952c19,24951033000000000000000,Fetch,FET,18,32,9607030,85000000000,8714265,10928597,deprecated,0xc73a2d60,"disperseToken(address token, address[] recipients, uint256[] values)",14006929
11054596,1602689031,0x23809bb69d4e20ee674b83534c489f470c0abdabd4616c67b61a40e9e12b7cbc,15,0xc2083ed0ed9321377f7af9408c7c113c582967e0081986d7f6d5a5b22450362c,0xd152f549545093347a162dce210e7293f1452150,0xaea46a60368a7bd060eec7df8cba43b7ef41ad85,0x4fa0c941fe596bfafb62e58fa585c3e900e6c9db,24940094000000000000000,Fetch,FET,18,32,9607030,85000000000,8714265,10928597,deprecated,0xc73a2d60,"disperseToken(address token, address[] recipients, uint256[] values)",14006929
11054596,1602689031,0x23809bb69d4e20ee674b83534c489f470c0abdabd4616c67b61a40e9e12b7cbc,15,0xc2083ed0ed9321377f7af9408c7c113c582967e0081986d7f6d5a5b22450362c,0xd152f549545093347a162dce210e7293f1452150,0xaea46a60368a7bd060eec7df8cba43b7ef41ad85,0x87abd23c92635e7214fe028c81e480e34a05cc0d,24928819901650000000000,Fetch,FET,18,32,9607030,85000000000,8714265,10928597,deprecated,0xc73a2d60,"disperseToken(address token, address[] recipients, uint256[] values)",14006929
11054596,1602689031,0x23809bb69d4e20ee674b83534c489f470c0abdabd4616c67b61a40e9e12b7cbc,15,0xc2083ed0ed9321377f7af9408c7c113c582967e0081986d7f6d5a5b22450362c,0xd152f549545093347a162dce210e7293f1452150,0xaea46a60368a7bd060eec7df8cba43b7ef41ad85,0x8e246b17f79b12f166f70e8159291e02c34ec443,24917768654740000000000,Fetch,FET,18,32,9607030,85000000000,8714265,10928597,deprecated,0xc73a2d60,"disperseToken(address token, address[] recipients, uint256[] values)",14006929
11054596,1602689031,0x23809bb69d4e20ee674b83534c489f470c0abdabd4616c67b61a40e9e12b7cbc,15,0xc2083ed0ed9321377f7af9408c7c113c582967e0081986d7f6d5a5b22450362c,0xd152f549545093347a162dce210e7293f1452150,0xaea46a60368a7bd060eec7df8cba43b7ef41ad85,0x3ec73fc792ca878f17d48e8e16a822284aab2f41,24900000000000000000000,Fetch,FET,18,32,9607030,85000000000,8714265,10928597,deprecated,0xc73a2d60,"disperseToken(address token, address[] recipients, uint256[] values)",14006929
11054596,1602689031,0x23809bb69d4e20ee674b83534c489f470c0abdabd4616c67b61a40e9e12b7cbc,15,0xc2083ed0ed9321377f7af9408c7c113c582967e0081986d7f6d5a5b22450362c,0xd152f549545093347a162dce210e7293f1452150,0xaea46a60368a7bd060eec7df8cba43b7ef41ad85,0x9095b0969ccd2d44c706ab1c9705cbbe284c5256,24865000000000000000000,Fetch,FET,18,32,9607030,85000000000,8714265,10928597,deprecated,0xc73a2d60,"disperseToken(address token, address[] recipients, uint256[] values)",14006929
11054596,1602689031,0x23809bb69d4e20ee674b83534c489f470c0abdabd4616c67b61a40e9e12b7cbc,15,0xc2083ed0ed9321377f7af9408c7c113c582967e0081986d7f6d5a5b22450362c,0xd152f549545093347a162dce210e7293f1452150,0xaea46a60368a7bd060eec7df8cba43b7ef41ad85,0xbfeee8425b64af3198ccc8726cff9d08febf7c31,24807010800000000000000,Fetch,FET,18,32,9607030,85000000000,8714265,10928597,deprecated,0xc73a2d60,"disperseToken(address token, address[] recipients, uint256[] values)",14006929
11054596,1602689031,0x23809bb69d4e20ee674b83534c489f470c0abdabd4616c67b61a40e9e12b7cbc,15,0xc2083ed0ed9321377f7af9408c7c113c582967e0081986d7f6d5a5b22450362c,0xd152f549545093347a162dce210e7293f1452150,0xaea46a60368a7bd060eec7df8cba43b7ef41ad85,0x75d661ca56ad5e6760c20fbc95c3d9819540c454,24799573598000000000000,Fetch,FET,18,32,9607030,85000000000,8714265,10928597,deprecated,0xc73a2d60,"disperseToken(address token, address[] recipients, uint256[] values)",14006929
11054596,1602689031,0x23809bb69d4e20ee674b83534c489f470c0abdabd4616c67b61a40e9e12b7cbc,15,0xc2083ed0ed9321377f7af9408c7c113c582967e0081986d7f6d5a5b22450362c,0xd152f549545093347a162dce210e7293f1452150,0xaea46a60368a7bd060eec7df8cba43b7ef41ad85,0x9e1a135ff9ec51a35d63e99416451fab12f79376,24723786300000000000000,Fetch,FET,18,32,9607030,85000000000,8714265,10928597,deprecated,0xc73a2d60,"disperseToken(address token, address[] recipients, uint256[] values)",14006929
11054596,1602689031,0x23809bb69d4e20ee674b83534c489f470c0abdabd4616c67b61a40e9e12b7cbc,15,0xc2083ed0ed9321377f7af9408c7c113c582967e0081986d7f6d5a5b22450362c,0xd152f549545093347a162dce210e7293f1452150,0xaea46a60368a7bd060eec7df8cba43b7ef41ad85,0xee138f7a3673092bfc92d7e30853349345470ed8,24639372806135315222962,Fetch,FET,18,32,9607030,85000000000,8714265,10928597,deprecated,0xc73a2d60,"disperseToken(address token, address[] recipients, uint256[] values)",14006929
11054596,1602689031,0x23809bb69d4e20ee674b83534c489f470c0abdabd4616c67b61a40e9e12b7cbc,15,0xc2083ed0ed9321377f7af9408c7c113c582967e0081986d7f6d5a5b22450362c,0xd152f549545093347a162dce210e7293f1452150,0xaea46a60368a7bd060eec7df8cba43b7ef41ad85,0x7d6c977a91e1e2dcd4cd6699b9467cf477917e0d,24639283828754484879548,Fetch,FET,18,32,9607030,85000000000,8714265,10928597,deprecated,0xc73a2d60,"disperseToken(address token, address[] recipients, uint256[] values)",14006929
11054596,1602689031,0x23809bb69d4e20ee674b83534c489f470c0abdabd4616c67b61a40e9e12b7cbc,15,0xc2083ed0ed9321377f7af9408c7c113c582967e0081986d7f6d5a5b22450362c,0xd152f549545093347a162dce210e7293f1452150,0xaea46a60368a7bd060eec7df8cba43b7ef41ad85,0x9222c28ce44d709ddd8bc7c1af6c2ed3fe2e697e,24639283828754484879548,Fetch,FET,18,32,9607030,85000000000,8714265,10928597,deprecated,0xc73a2d60,"disperseToken(address token, address[] recipients, uint256[] values)",14006929
11054596,1602689031,0x23809bb69d4e20ee674b83534c489f470c0abdabd4616c67b61a40e9e12b7cbc,15,0xc2083ed0ed9321377f7af9408c7c113c582967e0081986d7f6d5a5b22450362c,0xd152f549545093347a162dce210e7293f1452150,0xaea46a60368a7bd060eec7df8cba43b7ef41ad85,0xbec0aac4735f9e7ca902156114d78f6ce079dd60,24589806000000000000000,Fetch,FET,18,32,9607030,85000000000,8714265,10928597,deprecated,0xc73a2d60,"disperseToken(address token, address[] recipients, uint256[] values)",14006929
11054596,1602689031,0x23809bb69d4e20ee674b83534c489f470c0abdabd4616c67b61a40e9e12b7cbc,15,0xc2083ed0ed9321377f7af9408c7c113c582967e0081986d7f6d5a5b22450362c,0xd152f549545093347a162dce210e7293f1452150,0xaea46a60368a7bd060eec7df8cba43b7ef41ad85,0x5898213b10f76f422871b1300069e10ae7d56e89,24585558799966553709815,Fetch,FET,18,32,9607030,85000000000,8714265,10928597,deprecated,0xc73a2d60,"disperseToken(address token, address[] recipients, uint256[] values)",14006929
11054596,1602689031,0x23809bb69d4e20ee674b83534c489f470c0abdabd4616c67b61a40e9e12b7cbc,15,0xc2083ed0ed9321377f7af9408c7c113c582967e0081986d7f6d5a5b22450362c,0xd152f549545093347a162dce210e7293f1452150,0xaea46a60368a7bd060eec7df8cba43b7ef41ad85,0xdd1211584e78397fe45377c848ddfc66aea7082b,24477693351360000000000,Fetch,FET,18,32,9607030,85000000000,8714265,10928597,deprecated,0xc73a2d60,"disperseToken(address token, address[] recipients, uint256[] values)",14006929
11054596,1602689031,0x23809bb69d4e20ee674b83534c489f470c0abdabd4616c67b61a40e9e12b7cbc,15,0xc2083ed0ed9321377f7af9408c7c113c582967e0081986d7f6d5a5b22450362c,0xd152f549545093347a162dce210e7293f1452150,0xaea46a60368a7bd060eec7df8cba43b7ef41ad85,0x32d2d043052c02ca5acd6bdc785e4c0b7481a72c,24451557154750000000000,Fetch,FET,18,32,9607030,85000000000,8714265,10928597,deprecated,0xc73a2d60,"disperseToken(address token, address[] recipients, uint256[] values)",14006929
11054596,1602689031,0x23809bb69d4e20ee674b83534c489f470c0abdabd4616c67b61a40e9e12b7cbc,15,0xc2083ed0ed9321377f7af9408c7c113c582967e0081986d7f6d5a5b22450362c,0xd152f549545093347a162dce210e7293f1452150,0xaea46a60368a7bd060eec7df8cba43b7ef41ad85,0x9ed136345253da774a3323cc99bd3142a0c804d9,24450000000000000000000,Fetch,FET,18,32,9607030,85000000000,8714265,10928597,deprecated,0xc73a2d60,"disperseToken(address token, address[] recipients, uint256[] values)",14006929
11054596,1602689031,0x23809bb69d4e20ee674b83534c489f470c0abdabd4616c67b61a40e9e12b7cbc,15,0xc2083ed0ed9321377f7af9408c7c113c582967e0081986d7f6d5a5b22450362c,0xd152f549545093347a162dce210e7293f1452150,0xaea46a60368a7bd060eec7df8cba43b7ef41ad85,0x481aa0798319e4f91498273d434d3312268e8aba,24413000000000000000000,Fetch,FET,18,32,9607030,85000000000,8714265,10928597,deprecated,0xc73a2d60,"disperseToken(address token, address[] recipients, uint256[] values)",14006929
11054596,1602689031,0x23809bb69d4e20ee674b83534c489f470c0abdabd4616c67b61a40e9e12b7cbc,15,0xc2083ed0ed9321377f7af9408c7c113c582967e0081986d7f6d5a5b22450362c,0xd152f549545093347a162dce210e7293f1452150,0xaea46a60368a7bd060eec7df8cba43b7ef41ad85,0x0ac5a429bd722cf549b765ce5199fdcff828a3c5,24234113000000000000000,Fetch,FET,18,32,9607030,85000000000,8714265,10928597,deprecated,0xc73a2d60,"disperseToken(address token, address[] recipients, uint256[] values)",14006929
11054596,1602689031,0x23809bb69d4e20ee674b83534c489f470c0abdabd4616c67b61a40e9e12b7cbc,15,0xc2083ed0ed9321377f7af9408c7c113c582967e0081986d7f6d5a5b22450362c,0xd152f549545093347a162dce210e7293f1452150,0xaea46a60368a7bd060eec7df8cba43b7ef41ad85,0x5750d1b5aca240d18b258edd4bb380717a33058d,24216777354290919924174,Fetch,FET,18,32,9607030,85000000000,8714265,10928597,deprecated,0xc73a2d60,"disperseToken(address token, address[] recipients, uint256[] values)",14006929
11054596,1602689031,0x23809bb69d4e20ee674b83534c489f470c0abdabd4616c67b61a40e9e12b7cbc,15,0xc2083ed0ed9321377f7af9408c7c113c582967e0081986d7f6d5a5b22450362c,0xd152f549545093347a162dce210e7293f1452150,0xaea46a60368a7bd060eec7df8cba43b7ef41ad85,0x671543107f1fd00988d58aede97f965961411b80,24176158600000000000000,Fetch,FET,18,32,9607030,85000000000,8714265,10928597,deprecated,0xc73a2d60,"disperseToken(address token, address[] recipients, uint256[] values)",14006929
11054596,1602689031,0x23809bb69d4e20ee674b83534c489f470c0abdabd4616c67b61a40e9e12b7cbc,15,0xc2083ed0ed9321377f7af9408c7c113c582967e0081986d7f6d5a5b22450362c,0xd152f549545093347a162dce210e7293f1452150,0xaea46a60368a7bd060eec7df8cba43b7ef41ad85,0x8f73ec6c62dee6ac418524bf267dde717a736e29,24111248954448031814938,Fetch,FET,18,32,9607030,85000000000,8714265,10928597,deprecated,0xc73a2d60,"disperseToken(address token, address[] recipients, uint256[] values)",14006929
11054596,1602689031,0x23809bb69d4e20ee674b83534c489f470c0abdabd4616c67b61a40e9e12b7cbc,15,0xc2083ed0ed9321377f7af9408c7c113c582967e0081986d7f6d5a5b22450362c,0xd152f549545093347a162dce210e7293f1452150,0xaea46a60368a7bd060eec7df8cba43b7ef41ad85,0x3b523a6457d6fd6a25a7eaa1c25739d1bcc8af90,24080000000000000000000,Fetch,FET,18,32,9607030,85000000000,8714265,10928597,deprecated,0xc73a2d60,"disperseToken(address token, address[] recipients, uint256[] values)",14006929
11054596,1602689031,0x23809bb69d4e20ee674b83534c489f470c0abdabd4616c67b61a40e9e12b7cbc,15,0xc2083ed0ed9321377f7af9408c7c113c582967e0081986d7f6d5a5b22450362c,0xd152f549545093347a162dce210e7293f1452150,0xaea46a60368a7bd060eec7df8cba43b7ef41ad85,0x2d4c1d98c47a0aadb7b0d1a5fb40b04f797d82c6,24068000000000000000000,Fetch,FET,18,32,9607030,85000000000,8714265,10928597,deprecated,0xc73a2d60,"disperseToken(address token, address[] recipients, uint256[] values)",14006929
11054596,1602689031,0x23809bb69d4e20ee674b83534c489f470c0abdabd4616c67b61a40e9e12b7cbc,15,0xc2083ed0ed9321377f7af9408c7c113c582967e0081986d7f6d5a5b22450362c,0xd152f549545093347a162dce210e7293f1452150,0xaea46a60368a7bd060eec7df8cba43b7ef41ad85,0x10768487495592e91f204ace91986aaf0ea4eb06,24000141271760000000000,Fetch,FET,18,32,9607030,85000000000,8714265,10928597,deprecated,0xc73a2d60,"disperseToken(address token, address[] recipients, uint256[] values)",14006929
11054596,1602689031,0x23809bb69d4e20ee674b83534c489f470c0abdabd4616c67b61a40e9e12b7cbc,15,0xc2083ed0ed9321377f7af9408c7c113c582967e0081986d7f6d5a5b22450362c,0xd152f549545093347a162dce210e7293f1452150,0xaea46a60368a7bd060eec7df8cba43b7ef41ad85,0x5996c16781f5fc2404f6dd2f2d09c76b39acee23,23960118800000000000000,Fetch,FET,18,32,9607030,85000000000,8714265,10928597,deprecated,0xc73a2d60,"disperseToken(address token, address[] recipients, uint256[] values)",14006929
11054596,1602689031,0x23809bb69d4e20ee674b83534c489f470c0abdabd4616c67b61a40e9e12b7cbc,15,0xc2083ed0ed9321377f7af9408c7c113c582967e0081986d7f6d5a5b22450362c,0xd152f549545093347a162dce210e7293f1452150,0xaea46a60368a7bd060eec7df8cba43b7ef41ad85,0x230bc1a9dd73013e65e80bc4e40c9dda367e7fa1,23840000000000000000000,Fetch,FET,18,32,9607030,85000000000,8714265,10928597,deprecated,0xc73a2d60,"disperseToken(address token, address[] recipients, uint256[] values)",14006929
11054596,1602689031,0x23809bb69d4e20ee674b83534c489f470c0abdabd4616c67b61a40e9e12b7cbc,15,0xc2083ed0ed9321377f7af9408c7c113c582967e0081986d7f6d5a5b22450362c,0xd152f549545093347a162dce210e7293f1452150,0xaea46a60368a7bd060eec7df8cba43b7ef41ad85,0xb0965c23f412039d4e43f21c58cfaebeac4ff854,23832248665800000000000,Fetch,FET,18,32,9607030,85000000000,8714265,10928597,deprecated,0xc73a2d60,"disperseToken(address token, address[] recipients, uint256[] values)",14006929
11054596,1602689031,0x23809bb69d4e20ee674b83534c489f470c0abdabd4616c67b61a40e9e12b7cbc,15,0xc2083ed0ed9321377f7af9408c7c113c582967e0081986d7f6d5a5b22450362c,0xd152f549545093347a162dce210e7293f1452150,0xaea46a60368a7bd060eec7df8cba43b7ef41ad85,0x5808a2fa0f3f6fd9d2bb95fc7f7aae6e40dd9fa4,23832062166970000000000,Fetch,FET,18,32,9607030,85000000000,8714265,10928597,deprecated,0xc73a2d60,"disperseToken(address token, address[] recipients, uint256[] values)",14006929
11054596,1602689031,0x23809bb69d4e20ee674b83534c489f470c0abdabd4616c67b61a40e9e12b7cbc,15,0xc2083ed0ed9321377f7af9408c7c113c582967e0081986d7f6d5a5b22450362c,0xd152f549545093347a162dce210e7293f1452150,0xaea46a60368a7bd060eec7df8cba43b7ef41ad85,0xf5a1e6e147d7c5d21483ca967795156106a05a6d,23744170542220000000000,Fetch,FET,18,32,9607030,85000000000,8714265,10928597,deprecated,0xc73a2d60,"disperseToken(address token, address[] recipients, uint256[] values)",14006929
11054596,1602689031,0x23809bb69d4e20ee674b83534c489f470c0abdabd4616c67b61a40e9e12b7cbc,15,0xc2083ed0ed9321377f7af9408c7c113c582967e0081986d7f6d5a5b22450362c,0xd152f549545093347a162dce210e7293f1452150,0xaea46a60368a7bd060eec7df8cba43b7ef41ad85,0x119b8979e894678d50dcce7495faffe56309a2fa,23742692497911561435188,Fetch,FET,18,32,9607030,85000000000,8714265,10928597,deprecated,0xc73a2d60,"disperseToken(address token, address[] recipients, uint256[] values)",14006929
11054596,1602689031,0x23809bb69d4e20ee674b83534c489f470c0abdabd4616c67b61a40e9e12b7cbc,15,0xc2083ed0ed9321377f7af9408c7c113c582967e0081986d7f6d5a5b22450362c,0xd152f549545093347a162dce210e7293f1452150,0xaea46a60368a7bd060eec7df8cba43b7ef41ad85,0x286c1e80b9a9e990ed78bd94863501c8fd6d3a1a,23738754000000000000000,Fetch,FET,18,32,9607030,85000000000,8714265,10928597,deprecated,0xc73a2d60,"disperseToken(address token, address[] recipients, uint256[] values)",14006929
11054596,1602689031,0x23809bb69d4e20ee674b83534c489f470c0abdabd4616c67b61a40e9e12b7cbc,15,0xc2083ed0ed9321377f7af9408c7c113c582967e0081986d7f6d5a5b22450362c,0xd152f549545093347a162dce210e7293f1452150,0xaea46a60368a7bd060eec7df8cba43b7ef41ad85,0xbd52889a4cb198a0e2ce36b52cdf75c4e65875a8,23676444251130000000000,Fetch,FET,18,32,9607030,85000000000,8714265,10928597,deprecated,0xc73a2d60,"disperseToken(address token, address[] recipients, uint256[] values)",14006929
11054596,1602689031,0x23809bb69d4e20ee674b83534c489f470c0abdabd4616c67b61a40e9e12b7cbc,15,0xc2083ed0ed9321377f7af9408c7c113c582967e0081986d7f6d5a5b22450362c,0xd152f549545093347a162dce210e7293f1452150,0xaea46a60368a7bd060eec7df8cba43b7ef41ad85,0x272a1a7276d6ca4f7703b0cfb88713c52bd6a374,23603622650230000000000,Fetch,FET,18,32,9607030,85000000000,8714265,10928597,deprecated,0xc73a2d60,"disperseToken(address token, address[] recipients, uint256[] values)",14006929
11054596,1602689031,0x23809bb69d4e20ee674b83534c489f470c0abdabd4616c67b61a40e9e12b7cbc,15,0xc2083ed0ed9321377f7af9408c7c113c582967e0081986d7f6d5a5b22450362c,0xd152f549545093347a162dce210e7293f1452150,0xaea46a60368a7bd060eec7df8cba43b7ef41ad85,0x81399e7cbd4d40b2d47aadf40fabdf20831a188e,23490057000000000000000,Fetch,FET,18,32,9607030,85000000000,8714265,10928597,deprecated,0xc73a2d60,"disperseToken(address token, address[] recipients, uint256[] values)",14006929
11054596,1602689031,0x23809bb69d4e20ee674b83534c489f470c0abdabd4616c67b61a40e9e12b7cbc,15,0xc2083ed0ed9321377f7af9408c7c113c582967e0081986d7f6d5a5b22450362c,0xd152f549545093347a162dce210e7293f1452150,0xaea46a60368a7bd060eec7df8cba43b7ef41ad85,0x6f66b1ca1f7d30541aa1a7980e493866c973286c,23487436300000000000000,Fetch,FET,18,32,9607030,85000000000,8714265,10928597,deprecated,0xc73a2d60,"disperseToken(address token, address[] recipients, uint256[] values)",14006929
11054596,1602689031,0x23809bb69d4e20ee674b83534c489f470c0abdabd4616c67b61a40e9e12b7cbc,15,0xc2083ed0ed9321377f7af9408c7c113c582967e0081986d7f6d5a5b22450362c,0xd152f549545093347a162dce210e7293f1452150,0xaea46a60368a7bd060eec7df8cba43b7ef41ad85,0xef856b2a595c6a56d9bc3afbc70e0c689f78d2a3,23474000000000000000000,Fetch,FET,18,32,9607030,85000000000,8714265,10928597,deprecated,0xc73a2d60,"disperseToken(address token, address[] recipients, uint256[] values)",14006929
11054596,1602689031,0x23809bb69d4e20ee674b83534c489f470c0abdabd4616c67b61a40e9e12b7cbc,15,0xc2083ed0ed9321377f7af9408c7c113c582967e0081986d7f6d5a5b22450362c,0xd152f549545093347a162dce210e7293f1452150,0xaea46a60368a7bd060eec7df8cba43b7ef41ad85,0x1bcee1a5ff65ce8f0fd736c92ff2dbd1327e1f23,23383965600000000000000,Fetch,FET,18,32,9607030,85000000000,8714265,10928597,deprecated,0xc73a2d60,"disperseToken(address token, address[] recipients, uint256[] values)",14006929
11054596,1602689031,0x23809bb69d4e20ee674b83534c489f470c0abdabd4616c67b61a40e9e12b7cbc,15,0xc2083ed0ed9321377f7af9408c7c113c582967e0081986d7f6d5a5b22450362c,0xd152f549545093347a162dce210e7293f1452150,0xaea46a60368a7bd060eec7df8cba43b7ef41ad85,0x4e5b0f8d232ec873f5635b4be9cac974cb150acd,23356410500000000000000,Fetch,FET,18,32,9607030,85000000000,8714265,10928597,deprecated,0xc73a2d60,"disperseToken(address token, address[] recipients, uint256[] values)",14006929
11054596,1602689031,0x23809bb69d4e20ee674b83534c489f470c0abdabd4616c67b61a40e9e12b7cbc,15,0xc2083ed0ed9321377f7af9408c7c113c582967e0081986d7f6d5a5b22450362c,0xd152f549545093347a162dce210e7293f1452150,0xaea46a60368a7bd060eec7df8cba43b7ef41ad85,0xe728593fa04a70d4a093ffbd345c42c200e80a32,23322611000000000000000,Fetch,FET,18,32,9607030,85000000000,8714265,10928597,deprecated,0xc73a2d60,"disperseToken(address token, address[] recipients, uint256[] values)",14006929
11054596,1602689031,0x23809bb69d4e20ee674b83534c489f470c0abdabd4616c67b61a40e9e12b7cbc,15,0xc2083ed0ed9321377f7af9408c7c113c582967e0081986d7f6d5a5b22450362c,0xd152f549545093347a162dce210e7293f1452150,0xaea46a60368a7bd060eec7df8cba43b7ef41ad85,0x8b6e70365ab1796e31b376b1e4532365ba310c5e,23284850000000000000000,Fetch,FET,18,32,9607030,85000000000,8714265,10928597,deprecated,0xc73a2d60,"disperseToken(address token, address[] recipients, uint256[] values)",14006929
11054596,1602689031,0x23809bb69d4e20ee674b83534c489f470c0abdabd4616c67b61a40e9e12b7cbc,15,0xc2083ed0ed9321377f7af9408c7c113c582967e0081986d7f6d5a5b22450362c,0xd152f549545093347a162dce210e7293f1452150,0xaea46a60368a7bd060eec7df8cba43b7ef41ad85,0x8a9d43371b104b68ce6b15b5fbb1eb86e4e0befc,23278494161060000000000,Fetch,FET,18,32,9607030,85000000000,8714265,10928597,deprecated,0xc73a2d60,"disperseToken(address token, address[] recipients, uint256[] values)",14006929
11054596,1602689031,0x23809bb69d4e20ee674b83534c489f470c0abdabd4616c67b61a40e9e12b7cbc,15,0xc2083ed0ed9321377f7af9408c7c113c582967e0081986d7f6d5a5b22450362c,0xd152f549545093347a162dce210e7293f1452150,0xaea46a60368a7bd060eec7df8cba43b7ef41ad85,0xc99dcf38aa6c2d0f6e5cdef69d96c1545fb75021,23254995800000000000000,Fetch,FET,18,32,9607030,85000000000,8714265,10928597,deprecated,0xc73a2d60,"disperseToken(address token, address[] recipients, uint256[] values)",14006929
11054596,1602689031,0x23809bb69d4e20ee674b83534c489f470c0abdabd4616c67b61a40e9e12b7cbc,15,0xc2083ed0ed9321377f7af9408c7c113c582967e0081986d7f6d5a5b22450362c,0xd152f549545093347a162dce210e7293f1452150,0xaea46a60368a7bd060eec7df8cba43b7ef41ad85,0x635e6dcb5a4abea8c0f7da6910f1fedb100e2499,23197451400000000000000,Fetch,FET,18,32,9607030,85000000000,8714265,10928597,deprecated,0xc73a2d60,"disperseToken(address token, address[] recipients, uint256[] values)",14006929
11054596,1602689031,0x23809bb69d4e20ee674b83534c489f470c0abdabd4616c67b61a40e9e12b7cbc,15,0xc2083ed0ed9321377f7af9408c7c113c582967e0081986d7f6d5a5b22450362c,0xd152f549545093347a162dce210e7293f1452150,0xaea46a60368a7bd060eec7df8cba43b7ef41ad85,0xf28054d36413b881692c4efc28ff4fe2f89762fa,23127582000000000000000,Fetch,FET,18,32,9607030,85000000000,8714265,10928597,deprecated,0xc73a2d60,"disperseToken(address token, address[] recipients, uint256[] values)",14006929
11054596,1602689031,0x23809bb69d4e20ee674b83534c489f470c0abdabd4616c67b61a40e9e12b7cbc,15,0xc2083ed0ed9321377f7af9408c7c113c582967e0081986d7f6d5a5b22450362c,0xd152f549545093347a162dce210e7293f1452150,0xaea46a60368a7bd060eec7df8cba43b7ef41ad85,0xac12112056744f77b36d69a924e4d55bdcc57732,23059571424883769055329,Fetch,FET,18,32,9607030,85000000000,8714265,10928597,deprecated,0xc73a2d60,"disperseToken(address token, address[] recipients, uint256[] values)",14006929
11054596,1602689031,0x23809bb69d4e20ee674b83534c489f470c0abdabd4616c67b61a40e9e12b7cbc,15,0xc2083ed0ed9321377f7af9408c7c113c582967e0081986d7f6d5a5b22450362c,0xd152f549545093347a162dce210e7293f1452150,0xaea46a60368a7bd060eec7df8cba43b7ef41ad85,0x345fa4f148bfdca72ad3590f7986c537e8067ea3,23054998000000000000000,Fetch,FET,18,32,9607030,85000000000,8714265,10928597,deprecated,0xc73a2d60,"disperseToken(address token, address[] recipients, uint256[] values)",14006929
11054596,1602689031,0x23809bb69d4e20ee674b83534c489f470c0abdabd4616c67b61a40e9e12b7cbc,15,0xc2083ed0ed9321377f7af9408c7c113c582967e0081986d7f6d5a5b22450362c,0xd152f549545093347a162dce210e7293f1452150,0xaea46a60368a7bd060eec7df8cba43b7ef41ad85,0xbddf0f8b4f20364845ada6837b293729114e37b6,23012000000000000000000,Fetch,FET,18,32,9607030,85000000000,8714265,10928597,deprecated,0xc73a2d60,"disperseToken(address token, address[] recipients, uint256[] values)",14006929
11054596,1602689031,0x23809bb69d4e20ee674b83534c489f470c0abdabd4616c67b61a40e9e12b7cbc,15,0xc2083ed0ed9321377f7af9408c7c113c582967e0081986d7f6d5a5b22450362c,0xd152f549545093347a162dce210e7293f1452150,0xaea46a60368a7bd060eec7df8cba43b7ef41ad85,0x361b3ccd611163ab58d9dfc6b3d302e28fbbd682,23012000000000000000000,Fetch,FET,18,32,9607030,85000000000,8714265,10928597,deprecated,0xc73a2d60,"disperseToken(address token, address[] recipients, uint256[] values)",14006929
11054596,1602689031,0x23809bb69d4e20ee674b83534c489f470c0abdabd4616c67b61a40e9e12b7cbc,15,0xc2083ed0ed9321377f7af9408c7c113c582967e0081986d7f6d5a5b22450362c,0xd152f549545093347a162dce210e7293f1452150,0xaea46a60368a7bd060eec7df8cba43b7ef41ad85,0xae0c474a7c09333b038e5b61a697016ab3fe7043,23005010047075263289929,Fetch,FET,18,32,9607030,85000000000,8714265,10928597,deprecated,0xc73a2d60,"disperseToken(address token, address[] recipients, uint256[] values)",14006929
11054596,1602689031,0x23809bb69d4e20ee674b83534c489f470c0abdabd4616c67b61a40e9e12b7cbc,15,0xc2083ed0ed9321377f7af9408c7c113c582967e0081986d7f6d5a5b22450362c,0xd152f549545093347a162dce210e7293f1452150,0xaea46a60368a7bd060eec7df8cba43b7ef41ad85,0x21641ff4f762354ca40b4647f7d55f5b2aaa1e2e,22990130497571903042056,Fetch,FET,18,32,9607030,85000000000,8714265,10928597,deprecated,0xc73a2d60,"disperseToken(address token, address[] recipients, uint256[] values)",14006929
11054596,1602689031,0x23809bb69d4e20ee674b83534c489f470c0abdabd4616c67b61a40e9e12b7cbc,15,0xc2083ed0ed9321377f7af9408c7c113c582967e0081986d7f6d5a5b22450362c,0xd152f549545093347a162dce210e7293f1452150,0xaea46a60368a7bd060eec7df8cba43b7ef41ad85,0xf1d2e9fc780f7098b74b7f1904e5b75ac7deb824,22990130497571903042056,Fetch,FET,18,32,9607030,85000000000,8714265,10928597,deprecated,0xc73a2d60,"disperseToken(address token, address[] recipients, uint256[] values)",14006929
11054596,1602689031,0x23809bb69d4e20ee674b83534c489f470c0abdabd4616c67b61a40e9e12b7cbc,15,0xc2083ed0ed9321377f7af9408c7c113c582967e0081986d7f6d5a5b22450362c,0xd152f549545093347a162dce210e7293f1452150,0xaea46a60368a7bd060eec7df8cba43b7ef41ad85,0xb657d4df603705e3cece2e14917ca90c6ca57a59,22990130497571903042056,Fetch,FET,18,32,9607030,85000000000,8714265,10928597,deprecated,0xc73a2d60,"disperseToken(address token, address[] recipients, uint256[] values)",14006929
11054596,1602689031,0x23809bb69d4e20ee674b83534c489f470c0abdabd4616c67b61a40e9e12b7cbc,15,0xc2083ed0ed9321377f7af9408c7c113c582967e0081986d7f6d5a5b22450362c,0xd152f549545093347a162dce210e7293f1452150,0xaea46a60368a7bd060eec7df8cba43b7ef41ad85,0xbb9c84017e0d2233e88fc7fdcadb9f2ef28b4f25,22923678200000000000000,Fetch,FET,18,32,9607030,85000000000,8714265,10928597,deprecated,0xc73a2d60,"disperseToken(address token, address[] recipients, uint256[] values)",14006929
11054596,1602689031,0x23809bb69d4e20ee674b83534c489f470c0abdabd4616c67b61a40e9e12b7cbc,15,0xc2083ed0ed9321377f7af9408c7c113c582967e0081986d7f6d5a5b22450362c,0xd152f549545093347a162dce210e7293f1452150,0xaea46a60368a7bd060eec7df8cba43b7ef41ad85,0xd8895c04cb7d43ed16d83268d91cf946fffa4254,22728000000000000000000,Fetch,FET,18,32,9607030,85000000000,8714265,10928597,deprecated,0xc73a2d60,"disperseToken(address token, address[] recipients, uint256[] values)",14006929
11054596,1602689031,0x23809bb69d4e20ee674b83534c489f470c0abdabd4616c67b61a40e9e12b7cbc,15,0xc2083ed0ed9321377f7af9408c7c113c582967e0081986d7f6d5a5b22450362c,0xd152f549545093347a162dce210e7293f1452150,0xaea46a60368a7bd060eec7df8cba43b7ef41ad85,0xd5a794dbf3a5c67ef797ea5b4323521cbbe52045,22648009253670000000000,Fetch,FET,18,32,9607030,85000000000,8714265,10928597,deprecated,0xc73a2d60,"disperseToken(address token, address[] recipients, uint256[] values)",14006929
11054596,1602689031,0x23809bb69d4e20ee674b83534c489f470c0abdabd4616c67b61a40e9e12b7cbc,15,0xc2083ed0ed9321377f7af9408c7c113c582967e0081986d7f6d5a5b22450362c,0xd152f549545093347a162dce210e7293f1452150,0xaea46a60368a7bd060eec7df8cba43b7ef41ad85,0xec70d2220f8d57a3ae34bc614ac4af4a5a239621,22618372777812441899726,Fetch,FET,18,32,9607030,85000000000,8714265,10928597,deprecated,0xc73a2d60,"disperseToken(address token, address[] recipients, uint256[] values)",14006929
11054596,1602689031,0x23809bb69d4e20ee674b83534c489f470c0abdabd4616c67b61a40e9e12b7cbc,15,0xc2083ed0ed9321377f7af9408c7c113c582967e0081986d7f6d5a5b22450362c,0xd152f549545093347a162dce210e7293f1452150,0xaea46a60368a7bd060eec7df8cba43b7ef41ad85,0xf0d16617dd7c296bfb6ac422d617de4d6252e743,22378871734910000000000,Fetch,FET,18,32,9607030,85000000000,8714265,10928597,deprecated,0xc73a2d60,"disperseToken(address token, address[] recipients, uint256[] values)",14006929
11054596,1602689031,0x23809bb69d4e20ee674b83534c489f470c0abdabd4616c67b61a40e9e12b7cbc,15,0xc2083ed0ed9321377f7af9408c7c113c582967e0081986d7f6d5a5b22450362c,0xd152f549545093347a162dce210e7293f1452150,0xaea46a60368a7bd060eec7df8cba43b7ef41ad85,0xd0bcffcf931af6fe009bceed7c172d81aeb5cfd2,22377977268830000000000,Fetch,FET,18,32,9607030,85000000000,8714265,10928597,deprecated,0xc73a2d60,"disperseToken(address token, address[] recipients, uint256[] values)",14006929
11054596,1602689031,0x23809bb69d4e20ee674b83534c489f470c0abdabd4616c67b61a40e9e12b7cbc,15,0xc2083ed0ed9321377f7af9408c7c113c582967e0081986d7f6d5a5b22450362c,0xd152f549545093347a162dce210e7293f1452150,0xaea46a60368a7bd060eec7df8cba43b7ef41ad85,0x53b0fb4fa4db5c894786d84304b231cff6ec3969,22315408736270000000000,Fetch,FET,18,32,9607030,85000000000,8714265,10928597,deprecated,0xc73a2d60,"disperseToken(address token, address[] recipients, uint256[] values)",14006929
11054596,1602689031,0x23809bb69d4e20ee674b83534c489f470c0abdabd4616c67b61a40e9e12b7cbc,15,0xc2083ed0ed9321377f7af9408c7c113c582967e0081986d7f6d5a5b22450362c,0xd152f549545093347a162dce210e7293f1452150,0xaea46a60368a7bd060eec7df8cba43b7ef41ad85,0xd8c39a8e2779efa2f3e8c57d9bcd18ae0bbad76c,22285636412510000000000,Fetch,FET,18,32,9607030,85000000000,8714265,10928597,deprecated,0xc73a2d60,"disperseToken(address token, address[] recipients, uint256[] values)",14006929
11054596,1602689031,0x23809bb69d4e20ee674b83534c489f470c0abdabd4616c67b61a40e9e12b7cbc,15,0xc2083ed0ed9321377f7af9408c7c113c582967e0081986d7f6d5a5b22450362c,0xd152f549545093347a162dce210e7293f1452150,0xaea46a60368a7bd060eec7df8cba43b7ef41ad85,0xe915eca66b6384dc2d57b0048fcffc85f4fafe25,22254392870000000000000,Fetch,FET,18,32,9607030,85000000000,8714265,10928597,deprecated,0xc73a2d60,"disperseToken(address token, address[] recipients, uint256[] values)",14006929
11054596,1602689031,0x23809bb69d4e20ee674b83534c489f470c0abdabd4616c67b61a40e9e12b7cbc,15,0xc2083ed0ed9321377f7af9408c7c113c582967e0081986d7f6d5a5b22450362c,0xd152f549545093347a162dce210e7293f1452150,0xaea46a60368a7bd060eec7df8cba43b7ef41ad85,0x9303059585c44373680de5cfeca8194307363cab,22207856580000000000000,Fetch,FET,18,32,9607030,85000000000,8714265,10928597,deprecated,0xc73a2d60,"disperseToken(address token, address[] recipients, uint256[] values)",14006929
11054596,1602689031,0x23809bb69d4e20ee674b83534c489f470c0abdabd4616c67b61a40e9e12b7cbc,15,0xc2083ed0ed9321377f7af9408c7c113c582967e0081986d7f6d5a5b22450362c,0xd152f549545093347a162dce210e7293f1452150,0xaea46a60368a7bd060eec7df8cba43b7ef41ad85,0x0dcc9a095913f6313201c057abcd30fdc9c4219c,22200000000000000000000,Fetch,FET,18,32,9607030,85000000000,8714265,10928597,deprecated,0xc73a2d60,"disperseToken(address token, address[] recipients, uint256[] values)",14006929
11054596,1602689031,0x23809bb69d4e20ee674b83534c489f470c0abdabd4616c67b61a40e9e12b7cbc,15,0xc2083ed0ed9321377f7af9408c7c113c582967e0081986d7f6d5a5b22450362c,0xd152f549545093347a162dce210e7293f1452150,0xaea46a60368a7bd060eec7df8cba43b7ef41ad85,0x2130fd01026867a6c8dde24ad5e64f2e2dfce196,22155843082966787688377,Fetch,FET,18,32,9607030,85000000000,8714265,10928597,deprecated,0xc73a2d60,"disperseToken(address token, address[] recipients, uint256[] values)",14006929
11054596,1602689031,0x23809bb69d4e20ee674b83534c489f470c0abdabd4616c67b61a40e9e12b7cbc,15,0xc2083ed0ed9321377f7af9408c7c113c582967e0081986d7f6d5a5b22450362c,0xd152f549545093347a162dce210e7293f1452150,0xaea46a60368a7bd060eec7df8cba43b7ef41ad85,0xfc217c7f377225e3a6c5e78094674fbaea77a7ec,22089206600000000000000,Fetch,FET,18,32,9607030,85000000000,8714265,10928597,deprecated,0xc73a2d60,"disperseToken(address token, address[] recipients, uint256[] values)",14006929
11054596,1602689031,0x23809bb69d4e20ee674b83534c489f470c0abdabd4616c67b61a40e9e12b7cbc,15,0xc2083ed0ed9321377f7af9408c7c113c582967e0081986d7f6d5a5b22450362c,0xd152f549545093347a162dce210e7293f1452150,0xaea46a60368a7bd060eec7df8cba43b7ef41ad85,0x296cafbc1b03df1e14a240d7352eb1f69dcb3fde,22071000000000000000000,Fetch,FET,18,32,9607030,85000000000,8714265,10928597,deprecated,0xc73a2d60,"disperseToken(address token, address[] recipients, uint256[] values)",14006929
11054596,1602689031,0x23809bb69d4e20ee674b83534c489f470c0abdabd4616c67b61a40e9e12b7cbc,15,0xc2083ed0ed9321377f7af9408c7c113c582967e0081986d7f6d5a5b22450362c,0xd152f549545093347a162dce210e7293f1452150,0xaea46a60368a7bd060eec7df8cba43b7ef41ad85,0x8fc2236ac32307df8ab5116024b5c73827c37ceb,22065130443152901176795,Fetch,FET,18,32,9607030,85000000000,8714265,10928597,deprecated,0xc73a2d60,"disperseToken(address token, address[] recipients, uint256[] values)",14006929
11054596,1602689031,0x23809bb69d4e20ee674b83534c489f470c0abdabd4616c67b61a40e9e12b7cbc,15,0xc2083ed0ed9321377f7af9408c7c113c582967e0081986d7f6d5a5b22450362c,0xd152f549545093347a162dce210e7293f1452150,0xaea46a60368a7bd060eec7df8cba43b7ef41ad85,0xe01a6792e16d0b94f5bf939689f25823668cae22,22049682973550000000000,Fetch,FET,18,32,9607030,85000000000,8714265,10928597,deprecated,0xc73a2d60,"disperseToken(address token, address[] recipients, uint256[] values)",14006929
11054596,1602689031,0x23809bb69d4e20ee674b83534c489f470c0abdabd4616c67b61a40e9e12b7cbc,15,0xc2083ed0ed9321377f7af9408c7c113c582967e0081986d7f6d5a5b22450362c,0xd152f549545093347a162dce210e7293f1452150,0xaea46a60368a7bd060eec7df8cba43b7ef41ad85,0x2fb31b5dcf10aac7896be982eb06e65510c1644a,22038000000000000000000,Fetch,FET,18,32,9607030,85000000000,8714265,10928597,deprecated,0xc73a2d60,"disperseToken(address token, address[] recipients, uint256[] values)",14006929
11054596,1602689031,0x23809bb69d4e20ee674b83534c489f470c0abdabd4616c67b61a40e9e12b7cbc,15,0xc2083ed0ed9321377f7af9408c7c113c582967e0081986d7f6d5a5b22450362c,0xd152f549545093347a162dce210e7293f1452150,0xaea46a60368a7bd060eec7df8cba43b7ef41ad85,0x8f7c6462401548fa48912e2c4eccf3de7cf93a4f,22032402499990000000000,Fetch,FET,18,32,9607030,85000000000,8714265,10928597,deprecated,0xc73a2d60,"disperseToken(address token, address[] recipients, uint256[] values)",14006929
11054596,1602689031,0x23809bb69d4e20ee674b83534c489f470c0abdabd4616c67b61a40e9e12b7cbc,15,0xc2083ed0ed9321377f7af9408c7c113c582967e0081986d7f6d5a5b22450362c,0xd152f549545093347a162dce210e7293f1452150,0xaea46a60368a7bd060eec7df8cba43b7ef41ad85,0x4079421b8b14081f1f084c08a992a1299ee1d7b9,21986000000000000000000,Fetch,FET,18,32,9607030,85000000000,8714265,10928597,deprecated,0xc73a2d60,"disperseToken(address token, address[] recipients, uint256[] values)",14006929
11054599,1602689115,0xbf81b2b7b9248981d070895676246edd8dbae5299f7d21e1dba59491d87b2307,16,0x97d4e3b53dfe9468fed3524bffee9c9662300b34c6c03f8fc5847ab4859f55d8,0xa47c0bd4874f788ee9831bd1c8d1e8d439be7ac5,0xaea46a60368a7bd060eec7df8cba43b7ef41ad85,0xd152f549545093347a162dce210e7293f1452150,5451331112919847928938238,Fetch,FET,18,37,9606674,85000000000,8713941,10608653,deprecated,0xc73a2d60,"disperseToken(address token, address[] recipients, uint256[] values)",14006926
11054599,1602689115,0xbf81b2b7b9248981d070895676246edd8dbae5299f7d21e1dba59491d87b2307,16,0x97d4e3b53dfe9468fed3524bffee9c9662300b34c6c03f8fc5847ab4859f55d8,0xd152f549545093347a162dce210e7293f1452150,0xaea46a60368a7bd060eec7df8cba43b7ef41ad85,0xf9d6c288736fc2d9ffc84573f7d28ebf467bec29,21951914609965402295006,Fetch,FET,18,37,9606674,85000000000,8713941,10608653,deprecated,0xc73a2d60,"disperseToken(address token, address[] recipients, uint256[] values)",14006926
11054599,1602689115,0xbf81b2b7b9248981d070895676246edd8dbae5299f7d21e1dba59491d87b2307,16,0x97d4e3b53dfe9468fed3524bffee9c9662300b34c6c03f8fc5847ab4859f55d8,0xd152f549545093347a162dce210e7293f1452150,0xaea46a60368a7bd060eec7df8cba43b7ef41ad85,0xcf1879f64751ecdc8e07df0f713eb97b3dbf5f27,21900000000000000000000,Fetch,FET,18,37,9606674,85000000000,8713941,10608653,deprecated,0xc73a2d60,"disperseToken(address token, address[] recipients, uint256[] values)",14006926
11054599,1602689115,0xbf81b2b7b9248981d070895676246edd8dbae5299f7d21e1dba59491d87b2307,16,0x97d4e3b53dfe9468fed3524bffee9c9662300b34c6c03f8fc5847ab4859f55d8,0xd152f549545093347a162dce210e7293f1452150,0xaea46a60368a7bd060eec7df8cba43b7ef41ad85,0xb81a8c435507282e81dc38ea3b7ab2861b5a4581,21900000000000000000000,Fetch,FET,18,37,9606674,85000000000,8713941,10608653,deprecated,0xc73a2d60,"disperseToken(address token, address[] recipients, uint256[] values)",14006926
11054599,1602689115,0xbf81b2b7b9248981d070895676246edd8dbae5299f7d21e1dba59491d87b2307,16,0x97d4e3b53dfe9468fed3524bffee9c9662300b34c6c03f8fc5847ab4859f55d8,0xd152f549545093347a162dce210e7293f1452150,0xaea46a60368a7bd060eec7df8cba43b7ef41ad85,0x20d3c5fa62b06330a27861eec3e68ef2332f0efc,21775915286640000000000,Fetch,FET,18,37,9606674,85000000000,8713941,10608653,deprecated,0xc73a2d60,"disperseToken(address token, address[] recipients, uint256[] values)",14006926
11054599,1602689115,0xbf81b2b7b9248981d070895676246edd8dbae5299f7d21e1dba59491d87b2307,16,0x97d4e3b53dfe9468fed3524bffee9c9662300b34c6c03f8fc5847ab4859f55d8,0xd152f549545093347a162dce210e7293f1452150,0xaea46a60368a7bd060eec7df8cba43b7ef41ad85,0x2efc576b3e089942692abad9f2ac957b9110d9cc,21613225311990000000000,Fetch,FET,18,37,9606674,85000000000,8713941,10608653,deprecated,0xc73a2d60,"disperseToken(address token, address[] recipients, uint256[] values)",14006926
11054599,1602689115,0xbf81b2b7b9248981d070895676246edd8dbae5299f7d21e1dba59491d87b2307,16,0x97d4e3b53dfe9468fed3524bffee9c9662300b34c6c03f8fc5847ab4859f55d8,0xd152f549545093347a162dce210e7293f1452150,0xaea46a60368a7bd060eec7df8cba43b7ef41ad85,0xdf554822654f2a875234a627244fe50eaaaff00e,21600000000000000000000,Fetch,FET,18,37,9606674,85000000000,8713941,10608653,deprecated,0xc73a2d60,"disperseToken(address token, address[] recipients, uint256[] values)",14006926
11054599,1602689115,0xbf81b2b7b9248981d070895676246edd8dbae5299f7d21e1dba59491d87b2307,16,0x97d4e3b53dfe9468fed3524bffee9c9662300b34c6c03f8fc5847ab4859f55d8,0xd152f549545093347a162dce210e7293f1452150,0xaea46a60368a7bd060eec7df8cba43b7ef41ad85,0x6f5a116d07802d7edbf031fcf4a555d0a2551fb5,21584000000000000000000,Fetch,FET,18,37,9606674,85000000000,8713941,10608653,deprecated,0xc73a2d60,"disperseToken(address token, address[] recipients, uint256[] values)",14006926
11054599,1602689115,0xbf81b2b7b9248981d070895676246edd8dbae5299f7d21e1dba59491d87b2307,16,0x97d4e3b53dfe9468fed3524bffee9c9662300b34c6c03f8fc5847ab4859f55d8,0xd152f549545093347a162dce210e7293f1452150,0xaea46a60368a7bd060eec7df8cba43b7ef41ad85,0x594fec30431b2b1033ca5bc57b1c8e620ec22123,21536300000000000000000,Fetch,FET,18,37,9606674,85000000000,8713941,10608653,deprecated,0xc73a2d60,"disperseToken(address token, address[] recipients, uint256[] values)",14006926
11054599,1602689115,0xbf81b2b7b9248981d070895676246edd8dbae5299f7d21e1dba59491d87b2307,16,0x97d4e3b53dfe9468fed3524bffee9c9662300b34c6c03f8fc5847ab4859f55d8,0xd152f549545093347a162dce210e7293f1452150,0xaea46a60368a7bd060eec7df8cba43b7ef41ad85,0xc4d009e8368c6682aa6716ae8aedd557ea56cf91,21528000000000000000000,Fetch,FET,18,37,9606674,85000000000,8713941,10608653,deprecated,0xc73a2d60,"disperseToken(address token, address[] recipients, uint256[] values)",14006926
11054599,1602689115,0xbf81b2b7b9248981d070895676246edd8dbae5299f7d21e1dba59491d87b2307,16,0x97d4e3b53dfe9468fed3524bffee9c9662300b34c6c03f8fc5847ab4859f55d8,0xd152f549545093347a162dce210e7293f1452150,0xaea46a60368a7bd060eec7df8cba43b7ef41ad85,0x6ba1a699f1aa74ec4831e8d57faf2bd771bfa869,21493000000000000000000,Fetch,FET,18,37,9606674,85000000000,8713941,10608653,deprecated,0xc73a2d60,"disperseToken(address token, address[] recipients, uint256[] values)",14006926
11054599,1602689115,0xbf81b2b7b9248981d070895676246edd8dbae5299f7d21e1dba59491d87b2307,16,0x97d4e3b53dfe9468fed3524bffee9c9662300b34c6c03f8fc5847ab4859f55d8,0xd152f549545093347a162dce210e7293f1452150,0xaea46a60368a7bd060eec7df8cba43b7ef41ad85,0xde10d6159b8512fb1cbdbd72403c52a717f2d353,21485000000000000000000,Fetch,FET,18,37,9606674,85000000000,8713941,10608653,deprecated,0xc73a2d60,"disperseToken(address token, address[] recipients, uint256[] values)",14006926
11054599,1602689115,0xbf81b2b7b9248981d070895676246edd8dbae5299f7d21e1dba59491d87b2307,16,0x97d4e3b53dfe9468fed3524bffee9c9662300b34c6c03f8fc5847ab4859f55d8,0xd152f549545093347a162dce210e7293f1452150,0xaea46a60368a7bd060eec7df8cba43b7ef41ad85,0xe49d7e11a59d4c9d96068578e263ed9164b352ed,21428763750350000000000,Fetch,FET,18,37,9606674,85000000000,8713941,10608653,deprecated,0xc73a2d60,"disperseToken(address token, address[] recipients, uint256[] values)",14006926
11054599,1602689115,0xbf81b2b7b9248981d070895676246edd8dbae5299f7d21e1dba59491d87b2307,16,0x97d4e3b53dfe9468fed3524bffee9c9662300b34c6c03f8fc5847ab4859f55d8,0xd152f549545093347a162dce210e7293f1452150,0xaea46a60368a7bd060eec7df8cba43b7ef41ad85,0x75649234fa40833b17e923e1d64219c5b6bc2fcd,21405763929240000000000,Fetch,FET,18,37,9606674,85000000000,8713941,10608653,deprecated,0xc73a2d60,"disperseToken(address token, address[] recipients, uint256[] values)",14006926
11054599,1602689115,0xbf81b2b7b9248981d070895676246edd8dbae5299f7d21e1dba59491d87b2307,16,0x97d4e3b53dfe9468fed3524bffee9c9662300b34c6c03f8fc5847ab4859f55d8,0xd152f549545093347a162dce210e7293f1452150,0xaea46a60368a7bd060eec7df8cba43b7ef41ad85,0x75ae6321019c084cf330569c332ff55b7b2d7339,21366000000000000000000,Fetch,FET,18,37,9606674,85000000000,8713941,10608653,deprecated,0xc73a2d60,"disperseToken(address token, address[] recipients, uint256[] values)",14006926
11054599,1602689115,0xbf81b2b7b9248981d070895676246edd8dbae5299f7d21e1dba59491d87b2307,16,0x97d4e3b53dfe9468fed3524bffee9c9662300b34c6c03f8fc5847ab4859f55d8,0xd152f549545093347a162dce210e7293f1452150,0xaea46a60368a7bd060eec7df8cba43b7ef41ad85,0xe29f52b0cdc61486effe434b6329b35db248eac7,21310147000000000000000,Fetch,FET,18,37,9606674,85000000000,8713941,10608653,deprecated,0xc73a2d60,"disperseToken(address token, address[] recipients, uint256[] values)",14006926
11054599,1602689115,0xbf81b2b7b9248981d070895676246edd8dbae5299f7d21e1dba59491d87b2307,16,0x97d4e3b53dfe9468fed3524bffee9c9662300b34c6c03f8fc5847ab4859f55d8,0xd152f549545093347a162dce210e7293f1452150,0xaea46a60368a7bd060eec7df8cba43b7ef41ad85,0xec8fabefadfc45bcbc8b996c621b4075fc03d4fc,21277000000000000000000,Fetch,FET,18,37,9606674,85000000000,8713941,10608653,deprecated,0xc73a2d60,"disperseToken(address token, address[] recipients, uint256[] values)",14006926
11054599,1602689115,0xbf81b2b7b9248981d070895676246edd8dbae5299f7d21e1dba59491d87b2307,16,0x97d4e3b53dfe9468fed3524bffee9c9662300b34c6c03f8fc5847ab4859f55d8,0xd152f549545093347a162dce210e7293f1452150,0xaea46a60368a7bd060eec7df8cba43b7ef41ad85,0xe2c84565324ab2a9d957d1e12a84afd9bddea598,21265147000000000000000,Fetch,FET,18,37,9606674,85000000000,8713941,10608653,deprecated,0xc73a2d60,"disperseToken(address token, address[] recipients, uint256[] values)",14006926
11054599,1602689115,0xbf81b2b7b9248981d070895676246edd8dbae5299f7d21e1dba59491d87b2307,16,0x97d4e3b53dfe9468fed3524bffee9c9662300b34c6c03f8fc5847ab4859f55d8,0xd152f549545093347a162dce210e7293f1452150,0xaea46a60368a7bd060eec7df8cba43b7ef41ad85,0x838acc029b19b7e344391ff7192d7754c915f034,21212421300000000000000,Fetch,FET,18,37,9606674,85000000000,8713941,10608653,deprecated,0xc73a2d60,"disperseToken(address token, address[] recipients, uint256[] values)",14006926
11054599,1602689115,0xbf81b2b7b9248981d070895676246edd8dbae5299f7d21e1dba59491d87b2307,16,0x97d4e3b53dfe9468fed3524bffee9c9662300b34c6c03f8fc5847ab4859f55d8,0xd152f549545093347a162dce210e7293f1452150,0xaea46a60368a7bd060eec7df8cba43b7ef41ad85,0x8ddcd8604b4b93954e53c7c4ff22f4269511f9f6,21194900000000000000000,Fetch,FET,18,37,9606674,85000000000,8713941,10608653,deprecated,0xc73a2d60,"disperseToken(address token, address[] recipients, uint256[] values)",14006926
11054599,1602689115,0xbf81b2b7b9248981d070895676246edd8dbae5299f7d21e1dba59491d87b2307,16,0x97d4e3b53dfe9468fed3524bffee9c9662300b34c6c03f8fc5847ab4859f55d8,0xd152f549545093347a162dce210e7293f1452150,0xaea46a60368a7bd060eec7df8cba43b7ef41ad85,0x571cb5c0a973667fbd84de18b96e6983aa9909b1,21190259500000000000000,Fetch,FET,18,37,9606674,85000000000,8713941,10608653,deprecated,0xc73a2d60,"disperseToken(address token, address[] recipients, uint256[] values)",14006926
11054599,1602689115,0xbf81b2b7b9248981d070895676246edd8dbae5299f7d21e1dba59491d87b2307,16,0x97d4e3b53dfe9468fed3524bffee9c9662300b34c6c03f8fc5847ab4859f55d8,0xd152f549545093347a162dce210e7293f1452150,0xaea46a60368a7bd060eec7df8cba43b7ef41ad85,0x030511cf796ab581f74574ea7e6127aca821a3e4,21169973644325000000000,Fetch,FET,18,37,9606674,85000000000,8713941,10608653,deprecated,0xc73a2d60,"disperseToken(address token, address[] recipients, uint256[] values)",14006926
11054599,1602689115,0xbf81b2b7b9248981d070895676246edd8dbae5299f7d21e1dba59491d87b2307,16,0x97d4e3b53dfe9468fed3524bffee9c9662300b34c6c03f8fc5847ab4859f55d8,0xd152f549545093347a162dce210e7293f1452150,0xaea46a60368a7bd060eec7df8cba43b7ef41ad85,0x82a2ee453f0435978488a9a35d7a923e0c2b3831,21160644444059204832535,Fetch,FET,18,37,9606674,85000000000,8713941,10608653,deprecated,0xc73a2d60,"disperseToken(address token, address[] recipients, uint256[] values)",14006926
11054599,1602689115,0xbf81b2b7b9248981d070895676246edd8dbae5299f7d21e1dba59491d87b2307,16,0x97d4e3b53dfe9468fed3524bffee9c9662300b34c6c03f8fc5847ab4859f55d8,0xd152f549545093347a162dce210e7293f1452150,0xaea46a60368a7bd060eec7df8cba43b7ef41ad85,0x0ccac419213085cc6eae9e0121257f9a16f826ef,21153181760000000000000,Fetch,FET,18,37,9606674,85000000000,8713941,10608653,deprecated,0xc73a2d60,"disperseToken(address token, address[] recipients, uint256[] values)",14006926
11054599,1602689115,0xbf81b2b7b9248981d070895676246edd8dbae5299f7d21e1dba59491d87b2307,16,0x97d4e3b53dfe9468fed3524bffee9c9662300b34c6c03f8fc5847ab4859f55d8,0xd152f549545093347a162dce210e7293f1452150,0xaea46a60368a7bd060eec7df8cba43b7ef41ad85,0xcc25d92048d84c90db89bd0168185e9c085ad5bd,21083678286130000000000,Fetch,FET,18,37,9606674,85000000000,8713941,10608653,deprecated,0xc73a2d60,"disperseToken(address token, address[] recipients, uint256[] values)",14006926
11054599,1602689115,0xbf81b2b7b9248981d070895676246edd8dbae5299f7d21e1dba59491d87b2307,16,0x97d4e3b53dfe9468fed3524bffee9c9662300b34c6c03f8fc5847ab4859f55d8,0xd152f549545093347a162dce210e7293f1452150,0xaea46a60368a7bd060eec7df8cba43b7ef41ad85,0x37a24434257fb361fa5946bc1bec2ded7ab1eaff,21000000000000000000000,Fetch,FET,18,37,9606674,85000000000,8713941,10608653,deprecated,0xc73a2d60,"disperseToken(address token, address[] recipients, uint256[] values)",14006926
11054599,1602689115,0xbf81b2b7b9248981d070895676246edd8dbae5299f7d21e1dba59491d87b2307,16,0x97d4e3b53dfe9468fed3524bffee9c9662300b34c6c03f8fc5847ab4859f55d8,0xd152f549545093347a162dce210e7293f1452150,0xaea46a60368a7bd060eec7df8cba43b7ef41ad85,0x48483f034b2ed802c9bd9f93d491a4e589944487,20979000000000000000000,Fetch,FET,18,37,9606674,85000000000,8713941,10608653,deprecated,0xc73a2d60,"disperseToken(address token, address[] recipients, uint256[] values)",14006926
11054599,1602689115,0xbf81b2b7b9248981d070895676246edd8dbae5299f7d21e1dba59491d87b2307,16,0x97d4e3b53dfe9468fed3524bffee9c9662300b34c6c03f8fc5847ab4859f55d8,0xd152f549545093347a162dce210e7293f1452150,0xaea46a60368a7bd060eec7df8cba43b7ef41ad85,0x12020d6734d85d04ddf948e7fea35d7492dede8a,20912242290000000000000,Fetch,FET,18,37,9606674,85000000000,8713941,10608653,deprecated,0xc73a2d60,"disperseToken(address token, address[] recipients, uint256[] values)",14006926
11054599,1602689115,0xbf81b2b7b9248981d070895676246edd8dbae5299f7d21e1dba59491d87b2307,16,0x97d4e3b53dfe9468fed3524bffee9c9662300b34c6c03f8fc5847ab4859f55d8,0xd152f549545093347a162dce210e7293f1452150,0xaea46a60368a7bd060eec7df8cba43b7ef41ad85,0x86786cef7cff74e7fd8c5da569835c4e07463169,20863074000000000000000,Fetch,FET,18,37,9606674,85000000000,8713941,10608653,deprecated,0xc73a2d60,"disperseToken(address token, address[] recipients, uint256[] values)",14006926
11054599,1602689115,0xbf81b2b7b9248981d070895676246edd8dbae5299f7d21e1dba59491d87b2307,16,0x97d4e3b53dfe9468fed3524bffee9c9662300b34c6c03f8fc5847ab4859f55d8,0xd152f549545093347a162dce210e7293f1452150,0xaea46a60368a7bd060eec7df8cba43b7ef41ad85,0x5c638f6c9b320910e91d2baeb934e9c0f1899b09,20849563800000000000000,Fetch,FET,18,37,9606674,85000000000,8713941,10608653,deprecated,0xc73a2d60,"disperseToken(address token, address[] recipients, uint256[] values)",14006926
11054599,1602689115,0xbf81b2b7b9248981d070895676246edd8dbae5299f7d21e1dba59491d87b2307,16,0x97d4e3b53dfe9468fed3524bffee9c9662300b34c6c03f8fc5847ab4859f55d8,0xd152f549545093347a162dce210e7293f1452150,0xaea46a60368a7bd060eec7df8cba43b7ef41ad85,0x578b299a4745eacd60b3103bc964e29da88835a2,20808000000000000000000,Fetch,FET,18,37,9606674,85000000000,8713941,10608653,deprecated,0xc73a2d60,"disperseToken(address token, address[] recipients, uint256[] values)",14006926
11054599,1602689115,0xbf81b2b7b9248981d070895676246edd8dbae5299f7d21e1dba59491d87b2307,16,0x97d4e3b53dfe9468fed3524bffee9c9662300b34c6c03f8fc5847ab4859f55d8,0xd152f549545093347a162dce210e7293f1452150,0xaea46a60368a7bd060eec7df8cba43b7ef41ad85,0x23cd39c8e8da84e7322904947370e625be5efec3,20783400000000000000000,Fetch,FET,18,37,9606674,85000000000,8713941,10608653,deprecated,0xc73a2d60,"disperseToken(address token, address[] recipients, uint256[] values)",14006926
11054599,1602689115,0xbf81b2b7b9248981d070895676246edd8dbae5299f7d21e1dba59491d87b2307,16,0x97d4e3b53dfe9468fed3524bffee9c9662300b34c6c03f8fc5847ab4859f55d8,0xd152f549545093347a162dce210e7293f1452150,0xaea46a60368a7bd060eec7df8cba43b7ef41ad85,0x2c626bac171885065f6ab3ded30a136b1a40ec3d,20753048440340000000000,Fetch,FET,18,37,9606674,85000000000,8713941,10608653,deprecated,0xc73a2d60,"disperseToken(address token, address[] recipients, uint256[] values)",14006926
11054599,1602689115,0xbf81b2b7b9248981d070895676246edd8dbae5299f7d21e1dba59491d87b2307,16,0x97d4e3b53dfe9468fed3524bffee9c9662300b34c6c03f8fc5847ab4859f55d8,0xd152f549545093347a162dce210e7293f1452150,0xaea46a60368a7bd060eec7df8cba43b7ef41ad85,0x4de219c8cf5462a141917553d9bec211684549e3,20704856250990000000000,Fetch,FET,18,37,9606674,85000000000,8713941,10608653,deprecated,0xc73a2d60,"disperseToken(address token, address[] recipients, uint256[] values)",14006926
11054599,1602689115,0xbf81b2b7b9248981d070895676246edd8dbae5299f7d21e1dba59491d87b2307,16,0x97d4e3b53dfe9468fed3524bffee9c9662300b34c6c03f8fc5847ab4859f55d8,0xd152f549545093347a162dce210e7293f1452150,0xaea46a60368a7bd060eec7df8cba43b7ef41ad85,0xea85c970d7599f754ca540001ddc5a3ad96c6405,20689687120326269857114,Fetch,FET,18,37,9606674,85000000000,8713941,10608653,deprecated,0xc73a2d60,"disperseToken(address token, address[] recipients, uint256[] values)",14006926
11054599,1602689115,0xbf81b2b7b9248981d070895676246edd8dbae5299f7d21e1dba59491d87b2307,16,0x97d4e3b53dfe9468fed3524bffee9c9662300b34c6c03f8fc5847ab4859f55d8,0xd152f549545093347a162dce210e7293f1452150,0xaea46a60368a7bd060eec7df8cba43b7ef41ad85,0xc955a3a1a4a9743374b79f94260529753b5197e5,20685150610477627707216,Fetch,FET,18,37,9606674,85000000000,8713941,10608653,deprecated,0xc73a2d60,"disperseToken(address token, address[] recipients, uint256[] values)",14006926
11054599,1602689115,0xbf81b2b7b9248981d070895676246edd8dbae5299f7d21e1dba59491d87b2307,16,0x97d4e3b53dfe9468fed3524bffee9c9662300b34c6c03f8fc5847ab4859f55d8,0xd152f549545093347a162dce210e7293f1452150,0xaea46a60368a7bd060eec7df8cba43b7ef41ad85,0xc02bab958821c2f95118141b473813e166bfe93c,20678398600000000000000,Fetch,FET,18,37,9606674,85000000000,8713941,10608653,deprecated,0xc73a2d60,"disperseToken(address token, address[] recipients, uint256[] values)",14006926
11054599,1602689115,0xbf81b2b7b9248981d070895676246edd8dbae5299f7d21e1dba59491d87b2307,16,0x97d4e3b53dfe9468fed3524bffee9c9662300b34c6c03f8fc5847ab4859f55d8,0xd152f549545093347a162dce210e7293f1452150,0xaea46a60368a7bd060eec7df8cba43b7ef41ad85,0x952f89380ee728cb4f88daa839e8324cfae73ecf,20660000000000000000000,Fetch,FET,18,37,9606674,85000000000,8713941,10608653,deprecated,0xc73a2d60,"disperseToken(address token, address[] recipients, uint256[] values)",14006926
11054599,1602689115,0xbf81b2b7b9248981d070895676246edd8dbae5299f7d21e1dba59491d87b2307,16,0x97d4e3b53dfe9468fed3524bffee9c9662300b34c6c03f8fc5847ab4859f55d8,0xd152f549545093347a162dce210e7293f1452150,0xaea46a60368a7bd060eec7df8cba43b7ef41ad85,0x7e650232cbfde31a80c0220700ad688fa5a16634,20639866300000000000000,Fetch,FET,18,37,9606674,85000000000,8713941,10608653,deprecated,0xc73a2d60,"disperseToken(address token, address[] recipients, uint256[] values)",14006926
11054599,1602689115,0xbf81b2b7b9248981d070895676246edd8dbae5299f7d21e1dba59491d87b2307,16,0x97d4e3b53dfe9468fed3524bffee9c9662300b34c6c03f8fc5847ab4859f55d8,0xd152f549545093347a162dce210e7293f1452150,0xaea46a60368a7bd060eec7df8cba43b7ef41ad85,0x818aa87368876d6864e64aa256cc6a2a43b54207,20618810000000000000000,Fetch,FET,18,37,9606674,85000000000,8713941,10608653,deprecated,0xc73a2d60,"disperseToken(address token, address[] recipients, uint256[] values)",14006926
11054599,1602689115,0xbf81b2b7b9248981d070895676246edd8dbae5299f7d21e1dba59491d87b2307,16,0x97d4e3b53dfe9468fed3524bffee9c9662300b34c6c03f8fc5847ab4859f55d8,0xd152f549545093347a162dce210e7293f1452150,0xaea46a60368a7bd060eec7df8cba43b7ef41ad85,0x7bb0f4314db3a242b98d789b756e88c0c6d26042,20608142707446265736720,Fetch,FET,18,37,9606674,85000000000,8713941,10608653,deprecated,0xc73a2d60,"disperseToken(address token, address[] recipients, uint256[] values)",14006926
11054599,1602689115,0xbf81b2b7b9248981d070895676246edd8dbae5299f7d21e1dba59491d87b2307,16,0x97d4e3b53dfe9468fed3524bffee9c9662300b34c6c03f8fc5847ab4859f55d8,0xd152f549545093347a162dce210e7293f1452150,0xaea46a60368a7bd060eec7df8cba43b7ef41ad85,0x70812a4b4c4aebd2606e169253e0c22d406b6cfa,20608000000000000000000,Fetch,FET,18,37,9606674,85000000000,8713941,10608653,deprecated,0xc73a2d60,"disperseToken(address token, address[] recipients, uint256[] values)",14006926
11054599,1602689115,0xbf81b2b7b9248981d070895676246edd8dbae5299f7d21e1dba59491d87b2307,16,0x97d4e3b53dfe9468fed3524bffee9c9662300b34c6c03f8fc5847ab4859f55d8,0xd152f549545093347a162dce210e7293f1452150,0xaea46a60368a7bd060eec7df8cba43b7ef41ad85,0x0272907b1ec54b3fe05ea21af705b6fc493cd722,20531412000000000000000,Fetch,FET,18,37,9606674,85000000000,8713941,10608653,deprecated,0xc73a2d60,"disperseToken(address token, address[] recipients, uint256[] values)",14006926
11054599,1602689115,0xbf81b2b7b9248981d070895676246edd8dbae5299f7d21e1dba59491d87b2307,16,0x97d4e3b53dfe9468fed3524bffee9c9662300b34c6c03f8fc5847ab4859f55d8,0xd152f549545093347a162dce210e7293f1452150,0xaea46a60368a7bd060eec7df8cba43b7ef41ad85,0x2abaead300d4447bfabffea79a8abdc174a01b1b,20475000000000000000000,Fetch,FET,18,37,9606674,85000000000,8713941,10608653,deprecated,0xc73a2d60,"disperseToken(address token, address[] recipients, uint256[] values)",14006926
11054599,1602689115,0xbf81b2b7b9248981d070895676246edd8dbae5299f7d21e1dba59491d87b2307,16,0x97d4e3b53dfe9468fed3524bffee9c9662300b34c6c03f8fc5847ab4859f55d8,0xd152f549545093347a162dce210e7293f1452150,0xaea46a60368a7bd060eec7df8cba43b7ef41ad85,0x3950b6d9d8cf39e8d663480c71a9c5edd3ad6db5,20465854600000000000000,Fetch,FET,18,37,9606674,85000000000,8713941,10608653,deprecated,0xc73a2d60,"disperseToken(address token, address[] recipients, uint256[] values)",14006926
11054599,1602689115,0xbf81b2b7b9248981d070895676246edd8dbae5299f7d21e1dba59491d87b2307,16,0x97d4e3b53dfe9468fed3524bffee9c9662300b34c6c03f8fc5847ab4859f55d8,0xd152f549545093347a162dce210e7293f1452150,0xaea46a60368a7bd060eec7df8cba43b7ef41ad85,0x57f88f9e40a85f70b39c537441e9b965183e744e,20364911908910000000000,Fetch,FET,18,37,9606674,85000000000,8713941,10608653,deprecated,0xc73a2d60,"disperseToken(address token, address[] recipients, uint256[] values)",14006926
11054599,1602689115,0xbf81b2b7b9248981d070895676246edd8dbae5299f7d21e1dba59491d87b2307,16,0x97d4e3b53dfe9468fed3524bffee9c9662300b34c6c03f8fc5847ab4859f55d8,0xd152f549545093347a162dce210e7293f1452150,0xaea46a60368a7bd060eec7df8cba43b7ef41ad85,0x166f832e6d68933a10d0b62d18bacbbbf9fb0cb6,20314844384560000000000,Fetch,FET,18,37,9606674,85000000000,8713941,10608653,deprecated,0xc73a2d60,"disperseToken(address token, address[] recipients, uint256[] values)",14006926
11054599,1602689115,0xbf81b2b7b9248981d070895676246edd8dbae5299f7d21e1dba59491d87b2307,16,0x97d4e3b53dfe9468fed3524bffee9c9662300b34c6c03f8fc5847ab4859f55d8,0xd152f549545093347a162dce210e7293f1452150,0xaea46a60368a7bd060eec7df8cba43b7ef41ad85,0x012faef92f2b3b8bbb70cca224ec2622f99eaefd,20308000000000000000000,Fetch,FET,18,37,9606674,85000000000,8713941,10608653,deprecated,0xc73a2d60,"disperseToken(address token, address[] recipients, uint256[] values)",14006926
11054599,1602689115,0xbf81b2b7b9248981d070895676246edd8dbae5299f7d21e1dba59491d87b2307,16,0x97d4e3b53dfe9468fed3524bffee9c9662300b34c6c03f8fc5847ab4859f55d8,0xd152f549545093347a162dce210e7293f1452150,0xaea46a60368a7bd060eec7df8cba43b7ef41ad85,0xa1aef27deaa60a076c2105f9921a6ae79e3a72ec,20286106464220000000000,Fetch,FET,18,37,9606674,85000000000,8713941,10608653,deprecated,0xc73a2d60,"disperseToken(address token, address[] recipients, uint256[] values)",14006926
11054599,1602689115,0xbf81b2b7b9248981d070895676246edd8dbae5299f7d21e1dba59491d87b2307,16,0x97d4e3b53dfe9468fed3524bffee9c9662300b34c6c03f8fc5847ab4859f55d8,0xd152f549545093347a162dce210e7293f1452150,0xaea46a60368a7bd060eec7df8cba43b7ef41ad85,0x3b687a0ae6a2f40aaea75428e26aeb89ba382c01,20278011834110000000000,Fetch,FET,18,37,9606674,85000000000,8713941,10608653,deprecated,0xc73a2d60,"disperseToken(address token, address[] recipients, uint256[] values)",14006926
11054599,1602689115,0xbf81b2b7b9248981d070895676246edd8dbae5299f7d21e1dba59491d87b2307,16,0x97d4e3b53dfe9468fed3524bffee9c9662300b34c6c03f8fc5847ab4859f55d8,0xd152f549545093347a162dce210e7293f1452150,0xaea46a60368a7bd060eec7df8cba43b7ef41ad85,0x5e0477381cadfcceb6b3275a490eb544cc22d91c,20219700000000000000000,Fetch,FET,18,37,9606674,85000000000,8713941,10608653,deprecated,0xc73a2d60,"disperseToken(address token, address[] recipients, uint256[] values)",14006926
11054599,1602689115,0xbf81b2b7b9248981d070895676246edd8dbae5299f7d21e1dba59491d87b2307,16,0x97d4e3b53dfe9468fed3524bffee9c9662300b34c6c03f8fc5847ab4859f55d8,0xd152f549545093347a162dce210e7293f1452150,0xaea46a60368a7bd060eec7df8cba43b7ef41ad85,0x5998a390fcc551c08646019ac8c083f4c94f5003,20195579000000000000000,Fetch,FET,18,37,9606674,85000000000,8713941,10608653,deprecated,0xc73a2d60,"disperseToken(address token, address[] recipients, uint256[] values)",14006926
11054599,1602689115,0xbf81b2b7b9248981d070895676246edd8dbae5299f7d21e1dba59491d87b2307,16,0x97d4e3b53dfe9468fed3524bffee9c9662300b34c6c03f8fc5847ab4859f55d8,0xd152f549545093347a162dce210e7293f1452150,0xaea46a60368a7bd060eec7df8cba43b7ef41ad85,0xf78be22e03c4ca1e79dd3b738703b2c14e3f5b52,20178431600000000000000,Fetch,FET,18,37,9606674,85000000000,8713941,10608653,deprecated,0xc73a2d60,"disperseToken(address token, address[] recipients, uint256[] values)",14006926
11054599,1602689115,0xbf81b2b7b9248981d070895676246edd8dbae5299f7d21e1dba59491d87b2307,16,0x97d4e3b53dfe9468fed3524bffee9c9662300b34c6c03f8fc5847ab4859f55d8,0xd152f549545093347a162dce210e7293f1452150,0xaea46a60368a7bd060eec7df8cba43b7ef41ad85,0x4b5ad4dde51098e8f9314777db5c7656e9506517,20158993489310000000000,Fetch,FET,18,37,9606674,85000000000,8713941,10608653,deprecated,0xc73a2d60,"disperseToken(address token, address[] recipients, uint256[] values)",14006926
11054599,1602689115,0xbf81b2b7b9248981d070895676246edd8dbae5299f7d21e1dba59491d87b2307,16,0x97d4e3b53dfe9468fed3524bffee9c9662300b34c6c03f8fc5847ab4859f55d8,0xd152f549545093347a162dce210e7293f1452150,0xaea46a60368a7bd060eec7df8cba43b7ef41ad85,0x3a23c8fabee451f9ced46cdb08afd12d7573b103,20132424400000000000000,Fetch,FET,18,37,9606674,85000000000,8713941,10608653,deprecated,0xc73a2d60,"disperseToken(address token, address[] recipients, uint256[] values)",14006926
11054599,1602689115,0xbf81b2b7b9248981d070895676246edd8dbae5299f7d21e1dba59491d87b2307,16,0x97d4e3b53dfe9468fed3524bffee9c9662300b34c6c03f8fc5847ab4859f55d8,0xd152f549545093347a162dce210e7293f1452150,0xaea46a60368a7bd060eec7df8cba43b7ef41ad85,0xe0b5d6c9e013c5efcb65d4296650c0ec9626ab60,20105358000000000000000,Fetch,FET,18,37,9606674,85000000000,8713941,10608653,deprecated,0xc73a2d60,"disperseToken(address token, address[] recipients, uint256[] values)",14006926
11054599,1602689115,0xbf81b2b7b9248981d070895676246edd8dbae5299f7d21e1dba59491d87b2307,16,0x97d4e3b53dfe9468fed3524bffee9c9662300b34c6c03f8fc5847ab4859f55d8,0xd152f549545093347a162dce210e7293f1452150,0xaea46a60368a7bd060eec7df8cba43b7ef41ad85,0xd34ee219440f145c48ca82ca27b1e31b30803916,20084142000000000000000,Fetch,FET,18,37,9606674,85000000000,8713941,10608653,deprecated,0xc73a2d60,"disperseToken(address token, address[] recipients, uint256[] values)",14006926
11054599,1602689115,0xbf81b2b7b9248981d070895676246edd8dbae5299f7d21e1dba59491d87b2307,16,0x97d4e3b53dfe9468fed3524bffee9c9662300b34c6c03f8fc5847ab4859f55d8,0xd152f549545093347a162dce210e7293f1452150,0xaea46a60368a7bd060eec7df8cba43b7ef41ad85,0x552e49333c1df83b9f8a8064fe1050477ad92c4b,20079292000000000000000,Fetch,FET,18,37,9606674,85000000000,8713941,10608653,deprecated,0xc73a2d60,"disperseToken(address token, address[] recipients, uint256[] values)",14006926
11054599,1602689115,0xbf81b2b7b9248981d070895676246edd8dbae5299f7d21e1dba59491d87b2307,16,0x97d4e3b53dfe9468fed3524bffee9c9662300b34c6c03f8fc5847ab4859f55d8,0xd152f549545093347a162dce210e7293f1452150,0xaea46a60368a7bd060eec7df8cba43b7ef41ad85,0x5db6d8741f4e3bb214f6206531cbf65b82258a71,20064000000000000000000,Fetch,FET,18,37,9606674,85000000000,8713941,10608653,deprecated,0xc73a2d60,"disperseToken(address token, address[] recipients, uint256[] values)",14006926
11054599,1602689115,0xbf81b2b7b9248981d070895676246edd8dbae5299f7d21e1dba59491d87b2307,16,0x97d4e3b53dfe9468fed3524bffee9c9662300b34c6c03f8fc5847ab4859f55d8,0xd152f549545093347a162dce210e7293f1452150,0xaea46a60368a7bd060eec7df8cba43b7ef41ad85,0x226c65e685c5bbbf9f8259709063aaa967e21850,20059000000000000000000,Fetch,FET,18,37,9606674,85000000000,8713941,10608653,deprecated,0xc73a2d60,"disperseToken(address token, address[] recipients, uint256[] values)",14006926
11054599,1602689115,0xbf81b2b7b9248981d070895676246edd8dbae5299f7d21e1dba59491d87b2307,16,0x97d4e3b53dfe9468fed3524bffee9c9662300b34c6c03f8fc5847ab4859f55d8,0xd152f549545093347a162dce210e7293f1452150,0xaea46a60368a7bd060eec7df8cba43b7ef41ad85,0x15f2ffd7e45d1352bbf2cd6c6c78cfd7dfdd34ff,20050745173460000000000,Fetch,FET,18,37,9606674,85000000000,8713941,10608653,deprecated,0xc73a2d60,"disperseToken(address token, address[] recipients, uint256[] values)",14006926
11054599,1602689115,0xbf81b2b7b9248981d070895676246edd8dbae5299f7d21e1dba59491d87b2307,16,0x97d4e3b53dfe9468fed3524bffee9c9662300b34c6c03f8fc5847ab4859f55d8,0xd152f549545093347a162dce210e7293f1452150,0xaea46a60368a7bd060eec7df8cba43b7ef41ad85,0xd8797f3f9f1461cef86b3092288caff1e8520e56,20044464239320000000000,Fetch,FET,18,37,9606674,85000000000,8713941,10608653,deprecated,0xc73a2d60,"disperseToken(address token, address[] recipients, uint256[] values)",14006926
11054599,1602689115,0xbf81b2b7b9248981d070895676246edd8dbae5299f7d21e1dba59491d87b2307,16,0x97d4e3b53dfe9468fed3524bffee9c9662300b34c6c03f8fc5847ab4859f55d8,0xd152f549545093347a162dce210e7293f1452150,0xaea46a60368a7bd060eec7df8cba43b7ef41ad85,0x067ece1a9c1f72f019c4454f657cb9b3c06561f1,20038046282670000000000,Fetch,FET,18,37,9606674,85000000000,8713941,10608653,deprecated,0xc73a2d60,"disperseToken(address token, address[] recipients, uint256[] values)",14006926
11054599,1602689115,0xbf81b2b7b9248981d070895676246edd8dbae5299f7d21e1dba59491d87b2307,16,0x97d4e3b53dfe9468fed3524bffee9c9662300b34c6c03f8fc5847ab4859f55d8,0xd152f549545093347a162dce210e7293f1452150,0xaea46a60368a7bd060eec7df8cba43b7ef41ad85,0xd5af8c3b9ecca5d95668749c9eb3ce5e91708143,20033821872380000000000,Fetch,FET,18,37,9606674,85000000000,8713941,10608653,deprecated,0xc73a2d60,"disperseToken(address token, address[] recipients, uint256[] values)",14006926
11054599,1602689115,0xbf81b2b7b9248981d070895676246edd8dbae5299f7d21e1dba59491d87b2307,16,0x97d4e3b53dfe9468fed3524bffee9c9662300b34c6c03f8fc5847ab4859f55d8,0xd152f549545093347a162dce210e7293f1452150,0xaea46a60368a7bd060eec7df8cba43b7ef41ad85,0xf57d86f6bfcc76aa2c7f62616b2436c60ad397e2,20020105204740000000000,Fetch,FET,18,37,9606674,85000000000,8713941,10608653,deprecated,0xc73a2d60,"disperseToken(address token, address[] recipients, uint256[] values)",14006926
11054599,1602689115,0xbf81b2b7b9248981d070895676246edd8dbae5299f7d21e1dba59491d87b2307,16,0x97d4e3b53dfe9468fed3524bffee9c9662300b34c6c03f8fc5847ab4859f55d8,0xd152f549545093347a162dce210e7293f1452150,0xaea46a60368a7bd060eec7df8cba43b7ef41ad85,0xaef55415380b32ed19a929c36c105747d8ef2ca8,20000000000000000000000,Fetch,FET,18,37,9606674,85000000000,8713941,10608653,deprecated,0xc73a2d60,"disperseToken(address token, address[] recipients, uint256[] values)",14006926
11054599,1602689115,0xbf81b2b7b9248981d070895676246edd8dbae5299f7d21e1dba59491d87b2307,16,0x97d4e3b53dfe9468fed3524bffee9c9662300b34c6c03f8fc5847ab4859f55d8,0xd152f549545093347a162dce210e7293f1452150,0xaea46a60368a7bd060eec7df8cba43b7ef41ad85,0x141f81114e0e020db0b410467c9e3486ff5429ea,20000000000000000000000,Fetch,FET,18,37,9606674,85000000000,8713941,10608653,deprecated,0xc73a2d60,"disperseToken(address token, address[] recipients, uint256[] values)",14006926
11054599,1602689115,0xbf81b2b7b9248981d070895676246edd8dbae5299f7d21e1dba59491d87b2307,16,0x97d4e3b53dfe9468fed3524bffee9c9662300b34c6c03f8fc5847ab4859f55d8,0xd152f549545093347a162dce210e7293f1452150,0xaea46a60368a7bd060eec7df8cba43b7ef41ad85,0xe10a2be86c9b629f9aee65e6922f5e1827f71c56,20000000000000000000000,Fetch,FET,18,37,9606674,85000000000,8713941,10608653,deprecated,0xc73a2d60,"disperseToken(address token, address[] recipients, uint256[] values)",14006926
11054599,1602689115,0xbf81b2b7b9248981d070895676246edd8dbae5299f7d21e1dba59491d87b2307,16,0x97d4e3b53dfe9468fed3524bffee9c9662300b34c6c03f8fc5847ab4859f55d8,0xd152f549545093347a162dce210e7293f1452150,0xaea46a60368a7bd060eec7df8cba43b7ef41ad85,0x096826822131d0c2516bed2988eda8d9e4a617e6,20000000000000000000000,Fetch,FET,18,37,9606674,85000000000,8713941,10608653,deprecated,0xc73a2d60,"disperseToken(address token, address[] recipients, uint256[] values)",14006926
11054599,1602689115,0xbf81b2b7b9248981d070895676246edd8dbae5299f7d21e1dba59491d87b2307,16,0x97d4e3b53dfe9468fed3524bffee9c9662300b34c6c03f8fc5847ab4859f55d8,0xd152f549545093347a162dce210e7293f1452150,0xaea46a60368a7bd060eec7df8cba43b7ef41ad85,0x91e78bae7118bb6cc6ac0ba5ebd50efd5282ca36,20000000000000000000000,Fetch,FET,18,37,9606674,85000000000,8713941,10608653,deprecated,0xc73a2d60,"disperseToken(address token, address[] recipients, uint256[] values)",14006926
11054599,1602689115,0xbf81b2b7b9248981d070895676246edd8dbae5299f7d21e1dba59491d87b2307,16,0x97d4e3b53dfe9468fed3524bffee9c9662300b34c6c03f8fc5847ab4859f55d8,0xd152f549545093347a162dce210e7293f1452150,0xaea46a60368a7bd060eec7df8cba43b7ef41ad85,0xa51946d2906a9b73cd8c481c303649b4d23a5e48,20000000000000000000000,Fetch,FET,18,37,9606674,85000000000,8713941,10608653,deprecated,0xc73a2d60,"disperseToken(address token, address[] recipients, uint256[] values)",14006926
11054599,1602689115,0xbf81b2b7b9248981d070895676246edd8dbae5299f7d21e1dba59491d87b2307,16,0x97d4e3b53dfe9468fed3524bffee9c9662300b34c6c03f8fc5847ab4859f55d8,0xd152f549545093347a162dce210e7293f1452150,0xaea46a60368a7bd060eec7df8cba43b7ef41ad85,0x9102e0fc73edab24e7690fd3b017670b0e0f6a86,20000000000000000000000,Fetch,FET,18,37,9606674,85000000000,8713941,10608653,deprecated,0xc73a2d60,"disperseToken(address token, address[] recipients, uint256[] values)",14006926
11054599,1602689115,0xbf81b2b7b9248981d070895676246edd8dbae5299f7d21e1dba59491d87b2307,16,0x97d4e3b53dfe9468fed3524bffee9c9662300b34c6c03f8fc5847ab4859f55d8,0xd152f549545093347a162dce210e7293f1452150,0xaea46a60368a7bd060eec7df8cba43b7ef41ad85,0x3c247e89b42c84c69a89c48c366f022fff93c7de,20000000000000000000000,Fetch,FET,18,37,9606674,85000000000,8713941,10608653,deprecated,0xc73a2d60,"disperseToken(address token, address[] recipients, uint256[] values)",14006926
11054599,1602689115,0xbf81b2b7b9248981d070895676246edd8dbae5299f7d21e1dba59491d87b2307,16,0x97d4e3b53dfe9468fed3524bffee9c9662300b34c6c03f8fc5847ab4859f55d8,0xd152f549545093347a162dce210e7293f1452150,0xaea46a60368a7bd060eec7df8cba43b7ef41ad85,0xc92968a3dd7a46212b1455fcbeb382905e441722,20000000000000000000000,Fetch,FET,18,37,9606674,85000000000,8713941,10608653,deprecated,0xc73a2d60,"disperseToken(address token, address[] recipients, uint256[] values)",14006926
11054599,1602689115,0xbf81b2b7b9248981d070895676246edd8dbae5299f7d21e1dba59491d87b2307,16,0x97d4e3b53dfe9468fed3524bffee9c9662300b34c6c03f8fc5847ab4859f55d8,0xd152f549545093347a162dce210e7293f1452150,0xaea46a60368a7bd060eec7df8cba43b7ef41ad85,0x546c6c3fe06f16a783085d5929e2832164b934de,20000000000000000000000,Fetch,FET,18,37,9606674,85000000000,8713941,10608653,deprecated,0xc73a2d60,"disperseToken(address token, address[] recipients, uint256[] values)",14006926
11054599,1602689115,0xbf81b2b7b9248981d070895676246edd8dbae5299f7d21e1dba59491d87b2307,16,0x97d4e3b53dfe9468fed3524bffee9c9662300b34c6c03f8fc5847ab4859f55d8,0xd152f549545093347a162dce210e7293f1452150,0xaea46a60368a7bd060eec7df8cba43b7ef41ad85,0x1c676bc567ad16610ab64278669a53bbeaa5bad1,20000000000000000000000,Fetch,FET,18,37,9606674,85000000000,8713941,10608653,deprecated,0xc73a2d60,"disperseToken(address token, address[] recipients, uint256[] values)",14006926
11054599,1602689115,0xbf81b2b7b9248981d070895676246edd8dbae5299f7d21e1dba59491d87b2307,16,0x97d4e3b53dfe9468fed3524bffee9c9662300b34c6c03f8fc5847ab4859f55d8,0xd152f549545093347a162dce210e7293f1452150,0xaea46a60368a7bd060eec7df8cba43b7ef41ad85,0xf0981b3bbe078a58a62a4a465f8381d82c6c25a0,20000000000000000000000,Fetch,FET,18,37,9606674,85000000000,8713941,10608653,deprecated,0xc73a2d60,"disperseToken(address token, address[] recipients, uint256[] values)",14006926
11054599,1602689115,0xbf81b2b7b9248981d070895676246edd8dbae5299f7d21e1dba59491d87b2307,16,0x97d4e3b53dfe9468fed3524bffee9c9662300b34c6c03f8fc5847ab4859f55d8,0xd152f549545093347a162dce210e7293f1452150,0xaea46a60368a7bd060eec7df8cba43b7ef41ad85,0x9475f1f4fda6c209ac020645a41329a7ca46a8c6,19999891595900000000000,Fetch,FET,18,37,9606674,85000000000,8713941,10608653,deprecated,0xc73a2d60,"disperseToken(address token, address[] recipients, uint256[] values)",14006926
11054599,1602689115,0xbf81b2b7b9248981d070895676246edd8dbae5299f7d21e1dba59491d87b2307,16,0x97d4e3b53dfe9468fed3524bffee9c9662300b34c6c03f8fc5847ab4859f55d8,0xd152f549545093347a162dce210e7293f1452150,0xaea46a60368a7bd060eec7df8cba43b7ef41ad85,0x559b522dfead3baa216f0d29f874f6710e0229e0,19996647849750000000000,Fetch,FET,18,37,9606674,85000000000,8713941,10608653,deprecated,0xc73a2d60,"disperseToken(address token, address[] recipients, uint256[] values)",14006926
11054599,1602689115,0xbf81b2b7b9248981d070895676246edd8dbae5299f7d21e1dba59491d87b2307,16,0x97d4e3b53dfe9468fed3524bffee9c9662300b34c6c03f8fc5847ab4859f55d8,0xd152f549545093347a162dce210e7293f1452150,0xaea46a60368a7bd060eec7df8cba43b7ef41ad85,0xabfa08d847699124d6d15a592ff924aca6a6ea0f,19990000000000000000000,Fetch,FET,18,37,9606674,85000000000,8713941,10608653,deprecated,0xc73a2d60,"disperseToken(address token, address[] recipients, uint256[] values)",14006926
11054599,1602689115,0xbf81b2b7b9248981d070895676246edd8dbae5299f7d21e1dba59491d87b2307,16,0x97d4e3b53dfe9468fed3524bffee9c9662300b34c6c03f8fc5847ab4859f55d8,0xd152f549545093347a162dce210e7293f1452150,0xaea46a60368a7bd060eec7df8cba43b7ef41ad85,0xf1ab1dd9b6bf780cb18de962cec04ef68bc3d07f,19990000000000000000000,Fetch,FET,18,37,9606674,85000000000,8713941,10608653,deprecated,0xc73a2d60,"disperseToken(address token, address[] recipients, uint256[] values)",14006926
11054599,1602689115,0xbf81b2b7b9248981d070895676246edd8dbae5299f7d21e1dba59491d87b2307,16,0x97d4e3b53dfe9468fed3524bffee9c9662300b34c6c03f8fc5847ab4859f55d8,0xd152f549545093347a162dce210e7293f1452150,0xaea46a60368a7bd060eec7df8cba43b7ef41ad85,0xf42311171d213ab9e46afbf960c4cd792fc21704,19990000000000000000000,Fetch,FET,18,37,9606674,85000000000,8713941,10608653,deprecated,0xc73a2d60,"disperseToken(address token, address[] recipients, uint256[] values)",14006926
11054599,1602689115,0xbf81b2b7b9248981d070895676246edd8dbae5299f7d21e1dba59491d87b2307,16,0x97d4e3b53dfe9468fed3524bffee9c9662300b34c6c03f8fc5847ab4859f55d8,0xd152f549545093347a162dce210e7293f1452150,0xaea46a60368a7bd060eec7df8cba43b7ef41ad85,0x5c67a7dd9824219b19252daacdd97f3e020ba09b,19988000000000000000000,Fetch,FET,18,37,9606674,85000000000,8713941,10608653,deprecated,0xc73a2d60,"disperseToken(address token, address[] recipients, uint256[] values)",14006926
11054599,1602689115,0xbf81b2b7b9248981d070895676246edd8dbae5299f7d21e1dba59491d87b2307,16,0x97d4e3b53dfe9468fed3524bffee9c9662300b34c6c03f8fc5847ab4859f55d8,0xd152f549545093347a162dce210e7293f1452150,0xaea46a60368a7bd060eec7df8cba43b7ef41ad85,0x79a1842b3bffa02c7011e9999217821f39e6179e,19982019300000000000000,Fetch,FET,18,37,9606674,85000000000,8713941,10608653,deprecated,0xc73a2d60,"disperseToken(address token, address[] recipients, uint256[] values)",14006926
11054599,1602689115,0xbf81b2b7b9248981d070895676246edd8dbae5299f7d21e1dba59491d87b2307,16,0x97d4e3b53dfe9468fed3524bffee9c9662300b34c6c03f8fc5847ab4859f55d8,0xd152f549545093347a162dce210e7293f1452150,0xaea46a60368a7bd060eec7df8cba43b7ef41ad85,0x80260c7a0a3cfff8ebd38dd57be7716a4f819d70,19980000000000000000000,Fetch,FET,18,37,9606674,85000000000,8713941,10608653,deprecated,0xc73a2d60,"disperseToken(address token, address[] recipients, uint256[] values)",14006926
11054599,1602689115,0xbf81b2b7b9248981d070895676246edd8dbae5299f7d21e1dba59491d87b2307,16,0x97d4e3b53dfe9468fed3524bffee9c9662300b34c6c03f8fc5847ab4859f55d8,0xd152f549545093347a162dce210e7293f1452150,0xaea46a60368a7bd060eec7df8cba43b7ef41ad85,0x942e254c4810f8e2312fee5bc3bbf3d891faf36a,19977332700000000000000,Fetch,FET,18,37,9606674,85000000000,8713941,10608653,deprecated,0xc73a2d60,"disperseToken(address token, address[] recipients, uint256[] values)",14006926
11054599,1602689115,0xbf81b2b7b9248981d070895676246edd8dbae5299f7d21e1dba59491d87b2307,16,0x97d4e3b53dfe9468fed3524bffee9c9662300b34c6c03f8fc5847ab4859f55d8,0xd152f549545093347a162dce210e7293f1452150,0xaea46a60368a7bd060eec7df8cba43b7ef41ad85,0x90b50ee9aeb83001fbeaf61541fc666341f36400,19972235433350000000000,Fetch,FET,18,37,9606674,85000000000,8713941,10608653,deprecated,0xc73a2d60,"disperseToken(address token, address[] recipients, uint256[] values)",14006926
11054599,1602689115,0xbf81b2b7b9248981d070895676246edd8dbae5299f7d21e1dba59491d87b2307,16,0x97d4e3b53dfe9468fed3524bffee9c9662300b34c6c03f8fc5847ab4859f55d8,0xd152f549545093347a162dce210e7293f1452150,0xaea46a60368a7bd060eec7df8cba43b7ef41ad85,0x13b8b6d784c5d258ec2552183d4be977ace77b75,19960000000000000000000,Fetch,FET,18,37,9606674,85000000000,8713941,10608653,deprecated,0xc73a2d60,"disperseToken(address token, address[] recipients, uint256[] values)",14006926
11054599,1602689115,0xbf81b2b7b9248981d070895676246edd8dbae5299f7d21e1dba59491d87b2307,16,0x97d4e3b53dfe9468fed3524bffee9c9662300b34c6c03f8fc5847ab4859f55d8,0xd152f549545093347a162dce210e7293f1452150,0xaea46a60368a7bd060eec7df8cba43b7ef41ad85,0x30b6c60af533d689959f56043b03a61a4a0586af,19957489999999999000000,Fetch,FET,18,37,9606674,85000000000,8713941,10608653,deprecated,0xc73a2d60,"disperseToken(address token, address[] recipients, uint256[] values)",14006926
11054599,1602689115,0xbf81b2b7b9248981d070895676246edd8dbae5299f7d21e1dba59491d87b2307,16,0x97d4e3b53dfe9468fed3524bffee9c9662300b34c6c03f8fc5847ab4859f55d8,0xd152f549545093347a162dce210e7293f1452150,0xaea46a60368a7bd060eec7df8cba43b7ef41ad85,0x454458acf0dbecb9031f4a162c9eb37b5ce609dc,19957389065490000000000,Fetch,FET,18,37,9606674,85000000000,8713941,10608653,deprecated,0xc73a2d60,"disperseToken(address token, address[] recipients, uint256[] values)",14006926
11054599,1602689115,0xbf81b2b7b9248981d070895676246edd8dbae5299f7d21e1dba59491d87b2307,16,0x97d4e3b53dfe9468fed3524bffee9c9662300b34c6c03f8fc5847ab4859f55d8,0xd152f549545093347a162dce210e7293f1452150,0xaea46a60368a7bd060eec7df8cba43b7ef41ad85,0xd46271a089f521192611cd493008a4b8cc70cb15,19955000000000000000000,Fetch,FET,18,37,9606674,85000000000,8713941,10608653,deprecated,0xc73a2d60,"disperseToken(address token, address[] recipients, uint256[] values)",14006926
11054599,1602689115,0xbf81b2b7b9248981d070895676246edd8dbae5299f7d21e1dba59491d87b2307,16,0x97d4e3b53dfe9468fed3524bffee9c9662300b34c6c03f8fc5847ab4859f55d8,0xd152f549545093347a162dce210e7293f1452150,0xaea46a60368a7bd060eec7df8cba43b7ef41ad85,0x3cc9e3ab3679d8f4d0640c87e25fe377c4b51d72,19955000000000000000000,Fetch,FET,18,37,9606674,85000000000,8713941,10608653,deprecated,0xc73a2d60,"disperseToken(address token, address[] recipients, uint256[] values)",14006926
11054599,1602689115,0xbf81b2b7b9248981d070895676246edd8dbae5299f7d21e1dba59491d87b2307,16,0x97d4e3b53dfe9468fed3524bffee9c9662300b34c6c03f8fc5847ab4859f55d8,0xd152f549545093347a162dce210e7293f1452150,0xaea46a60368a7bd060eec7df8cba43b7ef41ad85,0x055948d23817eec4c515e42169b0b2bc43afd977,19949000000000000000000,Fetch,FET,18,37,9606674,85000000000,8713941,10608653,deprecated,0xc73a2d60,"disperseToken(address token, address[] recipients, uint256[] values)",14006926
11054599,1602689115,0xbf81b2b7b9248981d070895676246edd8dbae5299f7d21e1dba59491d87b2307,16,0x97d4e3b53dfe9468fed3524bffee9c9662300b34c6c03f8fc5847ab4859f55d8,0xd152f549545093347a162dce210e7293f1452150,0xaea46a60368a7bd060eec7df8cba43b7ef41ad85,0x6c15614cd3fd646d56e88f0cdd4041575d8472a2,19947235433350000000000,Fetch,FET,18,37,9606674,85000000000,8713941,10608653,deprecated,0xc73a2d60,"disperseToken(address token, address[] recipients, uint256[] values)",14006926
11054599,1602689115,0xbf81b2b7b9248981d070895676246edd8dbae5299f7d21e1dba59491d87b2307,16,0x97d4e3b53dfe9468fed3524bffee9c9662300b34c6c03f8fc5847ab4859f55d8,0xd152f549545093347a162dce210e7293f1452150,0xaea46a60368a7bd060eec7df8cba43b7ef41ad85,0x0ff294075dfdbd575fdecaed3f0f359b042c2877,19946464000000000000000,Fetch,FET,18,37,9606674,85000000000,8713941,10608653,deprecated,0xc73a2d60,"disperseToken(address token, address[] recipients, uint256[] values)",14006926
11054599,1602689115,0xbf81b2b7b9248981d070895676246edd8dbae5299f7d21e1dba59491d87b2307,16,0x97d4e3b53dfe9468fed3524bffee9c9662300b34c6c03f8fc5847ab4859f55d8,0xd152f549545093347a162dce210e7293f1452150,0xaea46a60368a7bd060eec7df8cba43b7ef41ad85,0x8f813a28787aa963de8a25a06dc1f1b01aec5b11,19937216663810000000000,Fetch,FET,18,37,9606674,85000000000,8713941,10608653,deprecated,0xc73a2d60,"disperseToken(address token, address[] recipients, uint256[] values)",14006926
