blockNumber,timeStamp,hash,nonce,blockHash,from,contractAddress,to,value,tokenName,tokenSymbol,tokenDecimal,transactionIndex,gas,gasPrice,gasUsed,cumulativeGasUsed,input,methodId,functionName,confirmations
7605604,1555778052,0x730627aaf76922ef8a46fcf511f088c4f613872a5e4821d382f28511b15e58d1,5,0xc6f23d82564cb553808edac76db12f85e9405c33e2c5ec15f7b6b02c0ac2f66d,0x0000000000000000000000000000000000000000,0x7d1afa7b718fb893db30a3abc0cfc608aacfebb0,0x78655080b65f42e2cee5fa5673689cc44d4e1cfc,10000000000000000000000000000,Matic Token,MATIC,18,112,1030468,2000000000,1030468,6492042,deprecated,0x60806040,"atInversebrah(int248 a, uint48[] b, uint32 c, bytes20[] d, bytes30[] e)",17455954
7605793,1555780922,0x46502c32106315f8e263d775188da3e21cfe31ac53fb8ea293da8bb3ab2fc1da,7,0x3b45c7e11882e3cdd3886203259838043cdb1efa2a860a129b5049a94f6b1316,0x78655080b65f42e2cee5fa5673689cc44d4e1cfc,0x7d1afa7b718fb893db30a3abc0cfc608aacfebb0,0xcbfe11b78c2e6cb25c6eda2c6ff46cd4755c8fca,10000000000000000000000000000,Matic Token,MATIC,18,15,52156,3000000000,37156,620530,deprecated,0xa9059cbb,"transfer(address _to, uint256 _value)",17455765
7605866,1555781762,0xad22761141307941f8f2c129f59dfc228e617569bc0c1532390dae072455c9ed,8,0x55804a1bd67ad0f8dd4fe4ba9cd8ee05310f0a03b321fbe0c426536355e76a7b,0xcbfe11b78c2e6cb25c6eda2c6ff46cd4755c8fca,0x7d1afa7b718fb893db30a3abc0cfc608aacfebb0,0xb316fa9fa91700d7084d377bfdc81eb9f232f5ff,3230085552000000000000000000,Matic Token,MATIC,18,52,70241,2000000000,70241,2278405,deprecated,0x37bdc99b,release(uint256 amount),17455692
7622973,1556011626,0xaa56cc28f30136a63473c789aec91e751628fd357c868f4151478d3e2b5f75c7,9,0x6970e40f425fe25b1c91766ac44fd65d947a3c6e50da5a037e598f534c81ce1f,0xb316fa9fa91700d7084d377bfdc81eb9f232f5ff,0x7d1afa7b718fb893db30a3abc0cfc608aacfebb0,0x2a39f6e325055f6a8b90ee42ad007dcaac56368b,1900000000000000000000000000,Matic Token,MATIC,18,146,500000,3000000000,238359,6682918,deprecated,0xc6427474,"submitTransaction(address destination, uint256 value, bytes data)",17438585
7628252,1556082823,0xda98cfc9a32e7b4bed4f16b6911708055ab7b1a3814cee309d99c15b0da7fd41,10,0x49ea87788856d2bbf2614519bfb06aa9c4ad58ee39f40cca882be43d5107e1c2,0xb316fa9fa91700d7084d377bfdc81eb9f232f5ff,0x7d1afa7b718fb893db30a3abc0cfc608aacfebb0,0x50d669f43b484166680ecc3670e4766cdb0945ce,1000000000000000000,Matic Token,MATIC,18,76,500000,3000000000,223231,3576264,deprecated,0xc6427474,"submitTransaction(address destination, uint256 value, bytes data)",17433306
7628278,1556083164,0x91776fc6d0b43a13e6c71618606f294a5f295fb5b86f45ccf77dec133927cb90,11,0xcc138ca9c6462adf444e195f11975626d0292d3f825514b77935a851cb1914ef,0xb316fa9fa91700d7084d377bfdc81eb9f232f5ff,0x7d1afa7b718fb893db30a3abc0cfc608aacfebb0,0xccb04768f3abcf1af1e749085ef67d8ec7c5fdd2,1000000000000000000,Matic Token,MATIC,18,38,500000,3000000000,223231,1866821,deprecated,0xc6427474,"submitTransaction(address destination, uint256 value, bytes data)",17433280
7628449,1556085552,0x767b7c9e015a239ad9e6796d6287a4b209dc0b313ec2840f7faccb1d5358afdc,12,0x556227f22884b6cd60ee36389fa38c97aaab278497a05c1a58a7efd5c5c2185c,0xb316fa9fa91700d7084d377bfdc81eb9f232f5ff,0x7d1afa7b718fb893db30a3abc0cfc608aacfebb0,0x50d669f43b484166680ecc3670e4766cdb0945ce,399999999000000000000000000,Matic Token,MATIC,18,36,500000,3000000000,208487,3860457,deprecated,0xc6427474,"submitTransaction(address destination, uint256 value, bytes data)",17433109
7628464,1556085830,0xd4a98c128d68d04a9b3a0fdc0444c0fb6e20ceae1082b961b1784cf4a4a28b78,13,0x98b25cc2819da33c3eec93441228785b0e383297a29885294bb5cde2d107a51e,0xb316fa9fa91700d7084d377bfdc81eb9f232f5ff,0x7d1afa7b718fb893db30a3abc0cfc608aacfebb0,0xccb04768f3abcf1af1e749085ef67d8ec7c5fdd2,466666666000000000000000000,Matic Token,MATIC,18,171,500000,3000000000,208487,7073453,deprecated,0xc6427474,"submitTransaction(address destination, uint256 value, bytes data)",17433094
7636519,1556195043,0x3bfd8c90248c5079e748a5fc79c9389a0a7353da7963501871e89d8022dbb067,15,0xf285b0fc8c4004ccfdf5dad7cee12915a9bacbe7e9b69483c0850f4802b3bd4c,0xb316fa9fa91700d7084d377bfdc81eb9f232f5ff,0x7d1afa7b718fb893db30a3abc0cfc608aacfebb0,0x6d61048dc66d613ddb660d572f3d2e89d0f18690,1000000000000000000,Matic Token,MATIC,18,163,500000,3000000000,223231,7694360,deprecated,0xc6427474,"submitTransaction(address destination, uint256 value, bytes data)",17425039
7636529,1556195122,0x505cc36275a61fab4c7b0f997fd0439255354a7fa6f29a3d3799aae32be7640b,16,0xbfd46c7613e2cdff2500ed93cd08c2cbd30da9c52df6485a48c55993933e7a68,0xb316fa9fa91700d7084d377bfdc81eb9f232f5ff,0x7d1afa7b718fb893db30a3abc0cfc608aacfebb0,0x6d61048dc66d613ddb660d572f3d2e89d0f18690,190114067000000000000000000,Matic Token,MATIC,18,57,500000,3000000000,208423,3750677,deprecated,0xc6427474,"submitTransaction(address destination, uint256 value, bytes data)",17425029
7636554,1556195454,0xfc98e97855c2c1069654d6af854f76ceb54e3d18b1fba027a768f22bbfcdf73d,0,0x72282279af94118f3aa83113e194c83bcc9fb67d165e4dbc4067197d34015439,0x6d61048dc66d613ddb660d572f3d2e89d0f18690,0x7d1afa7b718fb893db30a3abc0cfc608aacfebb0,0xebe9457129589a41a0d6ed9a67c8d6f4921b056d,1160000000000000000,Matic Token,MATIC,18,8,77946,4000000000,51964,307920,deprecated,0xa9059cbb,"transfer(address _to, uint256 _value)",17425004
7636565,1556195540,0xfa7cb81b6605e0872bc954fd08a0a7cdb8b7f38738c39208e9434e13efb8d7a2,1,0x77a784a6b1772fb4feba71c6cb4bf0ad19a17ce482aa349f835f1b9bba95b69f,0x6d61048dc66d613ddb660d572f3d2e89d0f18690,0x7d1afa7b718fb893db30a3abc0cfc608aacfebb0,0xf2f6f1ef2e9da1edebab153fdecd7e033da19ed2,1170000000000000000,Matic Token,MATIC,18,28,77946,3000000000,51964,1615086,deprecated,0xa9059cbb,"transfer(address _to, uint256 _value)",17424993
7636584,1556195725,0xf2c271275fa54db7a9a460a607bace902a1446f5d9d81b19c688a1656d1a3f14,2,0x3fcf69c8ef55617f86a27e3fc647adce89ee7381983c9334d26ad24a6cd1c64c,0x6d61048dc66d613ddb660d572f3d2e89d0f18690,0x7d1afa7b718fb893db30a3abc0cfc608aacfebb0,0x494e8214453507726aa7ed9b07488745b90fd966,1200000000000000000,Matic Token,MATIC,18,113,77946,4000000000,51964,7455694,deprecated,0xa9059cbb,"transfer(address _to, uint256 _value)",17424974
7636585,1556195731,0x2f6a64e3664516dc8a24aab7a91195357807c8e9a578ad0d7da3bb6ebfc76e3d,3,0x0a0975587ddfd7a6e65c032aa609199c2f466f1592e61bc85fa6ffcbbe558d6b,0x6d61048dc66d613ddb660d572f3d2e89d0f18690,0x7d1afa7b718fb893db30a3abc0cfc608aacfebb0,0xf5b251ea06dba6907b6b41d10c57e6c7b5524302,1210000000000000000,Matic Token,MATIC,18,36,77946,4000000000,51964,1722806,deprecated,0xa9059cbb,"transfer(address _to, uint256 _value)",17424973
7636590,1556195775,0x405d85f2cddec1d4cad84c4b218b415ad4407f19955877ff157e8c5910dfebab,4,0x07317a738754df888e4e09422cdc844632cbea3473278ebf0c5e451f48500f08,0x6d61048dc66d613ddb660d572f3d2e89d0f18690,0x7d1afa7b718fb893db30a3abc0cfc608aacfebb0,0xcc9fc66d16f34d0bffbd1b1d20352d49ca6f7d51,1220000000000000000,Matic Token,MATIC,18,107,77946,4000000000,51964,3778447,deprecated,0xa9059cbb,"transfer(address _to, uint256 _value)",17424968
7636595,1556195795,0x3fe79a7e3310e63620cccbf2360836497c06bcddd63b5fff1782836fc72e3d43,5,0x7cc1ec3f1df5cdf5aad9fcacc2bd472acde7d92f2e78bc4c95a845767caa7da4,0x6d61048dc66d613ddb660d572f3d2e89d0f18690,0x7d1afa7b718fb893db30a3abc0cfc608aacfebb0,0x1659452d98b9c1771743f72479bdbb916ebce15f,1230000000000000000,Matic Token,MATIC,18,12,77946,4000000000,51964,410884,deprecated,0xa9059cbb,"transfer(address _to, uint256 _value)",17424963
7636598,1556195811,0xe4f4c06cd0d419eae18212bd5ecf80dd24c9ba3cf572a141f28f165459d93e2d,6,0x2fc076d60c3aae456f46a0f2a0d4018681a0bcd95e459832e7ccf6318e96f6d4,0x6d61048dc66d613ddb660d572f3d2e89d0f18690,0x7d1afa7b718fb893db30a3abc0cfc608aacfebb0,0x602c73b01bcab34f2932c1efdc303b48fc592701,1250000000000000000,Matic Token,MATIC,18,160,77946,4000000000,51964,7080576,deprecated,0xa9059cbb,"transfer(address _to, uint256 _value)",17424960
7636599,1556195839,0x2a781bc79c53270e6f1fdca1cd5a2aee11402519e80e7da50e35d6f4ed3cae97,7,0xc650be4df9d1099cd81154f35dea397f7afb86b97dcca78de49393792ceb0560,0x6d61048dc66d613ddb660d572f3d2e89d0f18690,0x7d1afa7b718fb893db30a3abc0cfc608aacfebb0,0x6080ce4385ed7220ceb618a03ba19dbbfc8c3355,1260000000000000000,Matic Token,MATIC,18,76,77850,4000000000,51900,5688498,deprecated,0xa9059cbb,"transfer(address _to, uint256 _value)",17424959
7636601,1556195878,0xbd1b65fb1fd29083df5e14fe3db421ffea7c132677df7023ea94c1afe6c1ea5d,8,0xfaf49f488a8ac8a02e9f1e960d075911286092972d87ff6a8e07c3dc84f1c8fd,0x6d61048dc66d613ddb660d572f3d2e89d0f18690,0x7d1afa7b718fb893db30a3abc0cfc608aacfebb0,0x1e1f3ff05b930131c4dba2747114eb00e9a98b6f,1270000000000000000,Matic Token,MATIC,18,75,77850,4000000000,51900,7146751,deprecated,0xa9059cbb,"transfer(address _to, uint256 _value)",17424957
7636604,1556195895,0xac22a1a87c20f0dd5d052b043827ab918ba67baff6acd957fc931151c2fdd2b3,9,0x64fca8ddbe85f784bdc25bc4f01c36430e4f05555d90e3ffba93120986ce8d08,0x6d61048dc66d613ddb660d572f3d2e89d0f18690,0x7d1afa7b718fb893db30a3abc0cfc608aacfebb0,0x692acc40bb72aeba1b5dbe461f04ad5376902404,1280000000000000000,Matic Token,MATIC,18,49,77946,4000000000,51964,1750797,deprecated,0xa9059cbb,"transfer(address _to, uint256 _value)",17424954
7636607,1556195948,0xc19f2b2c6f60b5ec82807eaf1a6e672f0b1b5e496191965f282c7c01654617d7,10,0xb0872093f31d09e1342c4e0a85a0cb8a9c0582b48ee96d49680c4f9e93cd7808,0x6d61048dc66d613ddb660d572f3d2e89d0f18690,0x7d1afa7b718fb893db30a3abc0cfc608aacfebb0,0x55f9ec09b07e5283d0a2a8d1bf17b9c85a743d43,1180000000000000000,Matic Token,MATIC,18,103,77946,4000000000,51964,6237673,deprecated,0xa9059cbb,"transfer(address _to, uint256 _value)",17424951
7636609,1556195980,0xa3638af4179594e65dfb939770eb1ae39f5df84c08ffa2c64f0a7788e50175b4,11,0x4dacc6d6d9fe6f77df61655cc1f625217540efca4e56d0169a68d596e455daa4,0x6d61048dc66d613ddb660d572f3d2e89d0f18690,0x7d1afa7b718fb893db30a3abc0cfc608aacfebb0,0xe5374e2ac1b9dd1d155e5e587fbb683071b96e69,1180000000000000000,Matic Token,MATIC,18,59,77946,4000000000,51964,4658405,deprecated,0xa9059cbb,"transfer(address _to, uint256 _value)",17424949
7636621,1556196148,0x1a7022982ce208d21fe2f25fed61c07c3d795ece94084d05697dc9902048a126,12,0x079d26cd04b96106c826d0e7ee108c0d180865a7cb2694f3d641b8edf54c11be,0x6d61048dc66d613ddb660d572f3d2e89d0f18690,0x7d1afa7b718fb893db30a3abc0cfc608aacfebb0,0x717672a6698ea265fefac3485c599bd47a08aa81,1150000000000000000,Matic Token,MATIC,18,223,77946,4000000000,51964,7685503,deprecated,0xa9059cbb,"transfer(address _to, uint256 _value)",17424937
7636638,1556196351,0xb07e0e262142eb7c1acf70596546d001ff7f1d3074579e9ae3ed56df3337af1a,13,0xfc7a7ce8ab5c3b0e66eceb8e42956475ba1ecef459effc84b76cfe593097023b,0x6d61048dc66d613ddb660d572f3d2e89d0f18690,0x7d1afa7b718fb893db30a3abc0cfc608aacfebb0,0x00c8bf90e55fb2b5242ecd147cf638f2f94a45d9,1620000000000000000,Matic Token,MATIC,18,88,77850,4000000000,51900,4049385,deprecated,0xa9059cbb,"transfer(address _to, uint256 _value)",17424920
7637858,1556212474,0x0122ac5ebd31911cde1e3d6d81b29d4e63086ad52d1ac80050afd639f3be0534,14,0x2d960c265666885f23f8dc98de2dc5cacca821503593af113fe2aa1a75e5633d,0x6d61048dc66d613ddb660d572f3d2e89d0f18690,0x7d1afa7b718fb893db30a3abc0cfc608aacfebb0,0xebe9457129589a41a0d6ed9a67c8d6f4921b056d,9505703000000000000000000,Matic Token,MATIC,18,12,55734,10000000000,37156,546853,deprecated,0xa9059cbb,"transfer(address _to, uint256 _value)",17423700
7637874,1556212760,0x12bd23678f82bee70bdc2918864e92d88362be7ac9e5e948b9d60a2c58f12bf2,15,0x4b2ba435431f087503714f0112ebf4b7f96cbf9e545bc08aec864492774625bd,0x6d61048dc66d613ddb660d572f3d2e89d0f18690,0x7d1afa7b718fb893db30a3abc0cfc608aacfebb0,0x55f9ec09b07e5283d0a2a8d1bf17b9c85a743d43,4752851000000000000000000,Matic Token,MATIC,18,33,55638,10000000000,37092,2736841,deprecated,0xa9059cbb,"transfer(address _to, uint256 _value)",17423684
7637889,1556212976,0x1cdf2afb4b8bfd28ef0fa3aa5c8c14e3bd8c73e1c64a65e1d1b21d02f35877e2,16,0x97cdc7ad197088903e793463dcfb8ab53445ce701436b2c006b968d6b1e6ef40,0x6d61048dc66d613ddb660d572f3d2e89d0f18690,0x7d1afa7b718fb893db30a3abc0cfc608aacfebb0,0xe5374e2ac1b9dd1d155e5e587fbb683071b96e69,4752851000000000000000000,Matic Token,MATIC,18,58,55638,10000000000,37092,2543758,deprecated,0xa9059cbb,"transfer(address _to, uint256 _value)",17423669
7637912,1556213257,0x60258db9e251944edf6c69c950bd4598809d1f2ec4ffa063983f6baefd364af6,17,0x42770c0bfacfea1c699058b9390f3cecf212410834f4801ba4ce50ff6d208eba,0x6d61048dc66d613ddb660d572f3d2e89d0f18690,0x7d1afa7b718fb893db30a3abc0cfc608aacfebb0,0xf2f6f1ef2e9da1edebab153fdecd7e033da19ed2,2281369000000000000000000,Matic Token,MATIC,18,14,55638,10000000000,37092,442106,deprecated,0xa9059cbb,"transfer(address _to, uint256 _value)",17423646
7637929,1556213447,0x86d271bd6f5f21c08ae7d25cd2580ca439d1ce827e70d61dbcb8b2cd8340e83f,18,0xf011ae21771efc2adc90cb9c051a7cc2007faf82ead3b7e3964ed7b7548f0e06,0x6d61048dc66d613ddb660d572f3d2e89d0f18690,0x7d1afa7b718fb893db30a3abc0cfc608aacfebb0,0x602c73b01bcab34f2932c1efdc303b48fc592701,10997412000000000000000000,Matic Token,MATIC,18,34,55734,10000000000,37156,1499956,deprecated,0xa9059cbb,"transfer(address _to, uint256 _value)",17423629
7637958,1556213744,0x557c3df24bd6eeee1d05aff0bc0f7bd7ac2367cec8b18396a09e8bf40e028a9a,19,0x087cf5c6a85a5d128d74521abd58e910cf381c5d12885363126344e1733522a6,0x6d61048dc66d613ddb660d572f3d2e89d0f18690,0x7d1afa7b718fb893db30a3abc0cfc608aacfebb0,0xf5b251ea06dba6907b6b41d10c57e6c7b5524302,12520421000000000000000000,Matic Token,MATIC,18,20,55734,10000000000,37156,692955,deprecated,0xa9059cbb,"transfer(address _to, uint256 _value)",17423600
7637972,1556213897,0x431e9fa88f7498f97c47bbb00e47eed7b12ac7e58ff97dca4fe35ad51089de00,20,0x8834078897faa4f746f6b2ae7464a1ae9fe67e046a9dd3243512ac58392cbd09,0x6d61048dc66d613ddb660d572f3d2e89d0f18690,0x7d1afa7b718fb893db30a3abc0cfc608aacfebb0,0x00c8bf90e55fb2b5242ecd147cf638f2f94a45d9,1520913000000000000000000,Matic Token,MATIC,18,13,55638,10000000000,37092,1693169,deprecated,0xa9059cbb,"transfer(address _to, uint256 _value)",17423586
7638066,1556215019,0xb1a5212060a335df2396079602ada54192a0db3f62fabe37c5c9de4995a9f317,21,0x7692f9158fc1288d5ad05a561fb8290d633ff8e3f872f17f402f14ffcb1f0bb2,0x6d61048dc66d613ddb660d572f3d2e89d0f18690,0x7d1afa7b718fb893db30a3abc0cfc608aacfebb0,0x1659452d98b9c1771743f72479bdbb916ebce15f,4515254000000000000000000,Matic Token,MATIC,18,32,55734,10000000000,37156,939007,deprecated,0xa9059cbb,"transfer(address _to, uint256 _value)",17423492
7638077,1556215194,0x2f676df8a54f995b9084bb9326e392c369c5a0f58f4cae772db5f1f6f4b764cc,13,0xd9da398fc2a4e1fb55c1506d662b1d058157a7844d61d9ed78b287a961543821,0x602c73b01bcab34f2932c1efdc303b48fc592701,0x7d1afa7b718fb893db30a3abc0cfc608aacfebb0,0x3f5ce5fbfe3e9af3971dd833d26ba9b5c936f0be,10997413250000000000000000,Matic Token,MATIC,18,127,104312,20000000000,37156,3337754,deprecated,0xa9059cbb,"transfer(address _to, uint256 _value)",17423481
7638077,1556215194,0x6e03580dd321f342164bee8053b357be7df95185b01ddde506eaf5c4ed5119fb,22,0xd9da398fc2a4e1fb55c1506d662b1d058157a7844d61d9ed78b287a961543821,0x6d61048dc66d613ddb660d572f3d2e89d0f18690,0x7d1afa7b718fb893db30a3abc0cfc608aacfebb0,0x494e8214453507726aa7ed9b07488745b90fd966,10614702000000000000000000,Matic Token,MATIC,18,254,55734,10000000000,37156,6873953,deprecated,0xa9059cbb,"transfer(address _to, uint256 _value)",17423481
7638152,1556216289,0x9be65f5501502a1cefc8e95f4aa13ff85935026bb03c27fe9fd937f1ac1b51f6,23,0xb6968b91037adb6e44f37b940616dd06881dc6d4e3f8c8af8b7f4f35c3f75dbf,0x6d61048dc66d613ddb660d572f3d2e89d0f18690,0x7d1afa7b718fb893db30a3abc0cfc608aacfebb0,0x692acc40bb72aeba1b5dbe461f04ad5376902404,39190114000000000000000000,Matic Token,MATIC,18,32,55734,10000000000,37156,996044,deprecated,0xa9059cbb,"transfer(address _to, uint256 _value)",17423406
7638153,1556216314,0x5d7dd0480d5d412c441be83e9f8a564bfe7b2eaf362b60660e36302b6a3f9538,24,0xb9680a18f67c829bf24317c08326c87a57d221e345479c0e6c6a9e4b90f7d22b,0x6d61048dc66d613ddb660d572f3d2e89d0f18690,0x7d1afa7b718fb893db30a3abc0cfc608aacfebb0,0x2f22df09e84b3974538cdd0341f9fa56717c26a1,1190000000000000000,Matic Token,MATIC,18,34,77946,10000000000,51964,1145618,deprecated,0xa9059cbb,"transfer(address _to, uint256 _value)",17423405
7638162,1556216409,0x3a8e14b2623c7a0aa322bb6c7f2444c3425d48d5f7c3d99aead1ddd03652f87c,25,0x71d0a8d6c2fb0d26aea3bf4a776748edb2678c7332c8691885fbfcf93c41a703,0x6d61048dc66d613ddb660d572f3d2e89d0f18690,0x7d1afa7b718fb893db30a3abc0cfc608aacfebb0,0x2ea17d9aa34686491798b42bec1f07190a4775a2,1140000000000000000,Matic Token,MATIC,18,14,77946,10000000000,51964,517375,deprecated,0xa9059cbb,"transfer(address _to, uint256 _value)",17423396
7638342,1556218811,0x3379fcdf7fb28627bc101e616972a3dd6fbb76df88ac695122fd7371180958af,5,0x5615d0f9cfa7954489993110cccf8f3619be2df87a65d15e07eb1972080215f7,0x1659452d98b9c1771743f72479bdbb916ebce15f,0x7d1afa7b718fb893db30a3abc0cfc608aacfebb0,0x3f5ce5fbfe3e9af3971dd833d26ba9b5c936f0be,4515255230000000000000000,Matic Token,MATIC,18,169,74312,20000000000,22156,4513547,deprecated,0xa9059cbb,"transfer(address _to, uint256 _value)",17423216
7638506,1556220931,0x000e531aa269403d35d390672e47043b396845fc18cdf6aa86c60d8cba2bd916,26,0x682ca8fdb0c06c9ab7cb6c9e773d4df56cff62deed96776f9ce08b670302e453,0x6d61048dc66d613ddb660d572f3d2e89d0f18690,0x7d1afa7b718fb893db30a3abc0cfc608aacfebb0,0x2f22df09e84b3974538cdd0341f9fa56717c26a1,16109969000000000000000000,Matic Token,MATIC,18,25,55734,10000000000,37156,652629,deprecated,0xa9059cbb,"transfer(address _to, uint256 _value)",17423052
7638535,1556221271,0xf851c4a7cad530793a0d5e87ba9866681f11778a8a17d012ae34ab40ec895bda,27,0x4b387df023a99a0d9c37cb609f58c91108c2efc31e59d4a101b6f50a961983e4,0x6d61048dc66d613ddb660d572f3d2e89d0f18690,0x7d1afa7b718fb893db30a3abc0cfc608aacfebb0,0x2ea17d9aa34686491798b42bec1f07190a4775a2,38022814000000000000000000,Matic Token,MATIC,18,23,55734,10000000000,37156,1108028,deprecated,0xa9059cbb,"transfer(address _to, uint256 _value)",17423023
7638547,1556221434,0x23d31b744fe99e431c8b924f4d00220ba18ffd624e1387c88e436971fa92a53e,28,0x23210ea0db3a4803fa708c93a47d02b56ff9c62ef5b1a06e686ebb00868df048,0x6d61048dc66d613ddb660d572f3d2e89d0f18690,0x7d1afa7b718fb893db30a3abc0cfc608aacfebb0,0x6080ce4385ed7220ceb618a03ba19dbbfc8c3355,1312731000000000000000000,Matic Token,MATIC,18,63,55734,10000000000,37156,3354684,deprecated,0xa9059cbb,"transfer(address _to, uint256 _value)",17423011
7638554,1556221534,0xff6407d9a6defdaac5de04cb8ac4df3dd373c1977f131b739628e2d96a05463d,29,0x6d02a2f5770de800418bc6c61fc3b6b837b452102637e19ce0f14086a5867e99,0x6d61048dc66d613ddb660d572f3d2e89d0f18690,0x7d1afa7b718fb893db30a3abc0cfc608aacfebb0,0x2e72030b038d4cca70800c0e974aae7c6de32523,1240000000000000000,Matic Token,MATIC,18,0,77946,10000000000,51964,51964,deprecated,0xa9059cbb,"transfer(address _to, uint256 _value)",17423004
7638640,1556222539,0x22abfaf19acf9741fb6fdd3657bcfe81b6516addda867207c03597f9a0b88492,30,0x42bae49e3a5444dbcadc46b99afdfdd7dcb3b3e13a7bac326de20144c4c6a81b,0x6d61048dc66d613ddb660d572f3d2e89d0f18690,0x7d1afa7b718fb893db30a3abc0cfc608aacfebb0,0x2e72030b038d4cca70800c0e974aae7c6de32523,3196422000000000000000000,Matic Token,MATIC,18,4,55734,10000000000,37156,169736,deprecated,0xa9059cbb,"transfer(address _to, uint256 _value)",17422918
7638652,1556222697,0x1a4cad753a6b060d6ded4a63d2ae4a42ad76f53d3f656eaf698fc41c57fd37ea,31,0x051faeff08ffbaf4aa25bfb044a11eb4a94e1cb4ce8b5f9b5be599d1323c8444,0x6d61048dc66d613ddb660d572f3d2e89d0f18690,0x7d1afa7b718fb893db30a3abc0cfc608aacfebb0,0x1e1f3ff05b930131c4dba2747114eb00e9a98b6f,1121673000000000000000000,Matic Token,MATIC,18,26,55542,10000000000,37028,1036076,deprecated,0xa9059cbb,"transfer(address _to, uint256 _value)",17422906
7638759,1556224192,0x82bd0fba4e43c497a36179c33aa1f6fb8f2cf38d02da086a9e9c6797a92923ae,0,0xd9c5aee7874c0cb0085780a225ba530bc5a30430588f130dfdf2f28f9008ea84,0x2ea17d9aa34686491798b42bec1f07190a4775a2,0x7d1afa7b718fb893db30a3abc0cfc608aacfebb0,0x3f5ce5fbfe3e9af3971dd833d26ba9b5c936f0be,38022815140000000000000000,Matic Token,MATIC,18,19,74312,20000000000,22156,621704,deprecated,0xa9059cbb,"transfer(address _to, uint256 _value)",17422799
7638888,1556226004,0x953aaf2ca251021326c3ee7264f8aaaa61c4f73154711c5430f81bd783568357,0,0xe81164aa5373742ca292d3bc240b36bad83b7a17a4e00576d68ba5ae494895be,0x2e72030b038d4cca70800c0e974aae7c6de32523,0x7d1afa7b718fb893db30a3abc0cfc608aacfebb0,0x3f5ce5fbfe3e9af3971dd833d26ba9b5c936f0be,3196423240000000000000000,Matic Token,MATIC,18,2,74312,20000000000,22156,64156,deprecated,0xa9059cbb,"transfer(address _to, uint256 _value)",17422670
7639502,1556234525,0x08730a25f2ded3abafdf6a325867d8949eab0207d13e5a47b58fa2c23ec0bc55,0,0xf307934559c37105acf832601829800d5e09e32b5f99b3f6d5be3f994ca7bc1c,0xf5b251ea06dba6907b6b41d10c57e6c7b5524302,0x7d1afa7b718fb893db30a3abc0cfc608aacfebb0,0x10fbe652feb92f07347167ddbe3c4c0b87cf80f7,2000000000000000000,Matic Token,MATIC,18,58,77946,4000000000,51964,2652488,deprecated,0xa9059cbb,"transfer(address _to, uint256 _value)",17422056
7639529,1556234936,0x2ec245c9e1cc53dbec27885cbe886edcc7d1554d9ccd8d75d650a4c95fe70ba9,0,0x93533a75375e0ed4dc491a07e6fe211733352770846eecac1ecbf29aff987185,0x692acc40bb72aeba1b5dbe461f04ad5376902404,0x7d1afa7b718fb893db30a3abc0cfc608aacfebb0,0x12b1468a40c4331b84de304e22a9d9821e235f61,22860735000000000000000000,Matic Token,MATIC,18,26,78234,10000000000,52156,1107808,deprecated,0xa9059cbb,"transfer(address _to, uint256 _value)",17422029
7639537,1556235096,0x1b77fd43607c27f2d10aadbedc137594bacb95623af9ba0e82745b4398914997,1,0x5e6755de95cda735cb922e698a7c4d81650d2d9abf00f7ae3c704740a3221016,0x692acc40bb72aeba1b5dbe461f04ad5376902404,0x7d1afa7b718fb893db30a3abc0cfc608aacfebb0,0xee825db37b2de0d13d961e3c236a0c4d091af74d,5635437000000000000000000,Matic Token,MATIC,18,88,78234,10000000000,52156,2982065,deprecated,0xa9059cbb,"transfer(address _to, uint256 _value)",17422021
7639548,1556235248,0x1fc7f7e536724d1df5bdfc9a9f324a3ff203e241e4ebc39b0b9d997df4425279,1,0x2009e89acbf47c2af1247f76a422c9d63463ed5cac02fd3deede3d45ebf8a84b,0xf5b251ea06dba6907b6b41d10c57e6c7b5524302,0x7d1afa7b718fb893db30a3abc0cfc608aacfebb0,0x2efabb70bc175291f3c93059a69ea550de56fb34,2000000000000000000,Matic Token,MATIC,18,91,77946,4000000000,51964,6362231,deprecated,0xa9059cbb,"transfer(address _to, uint256 _value)",17422010
7639552,1556235311,0x018b0f59dfb308f26e3dda0de83da08a8b92c2aa0ea086650a1913f1d845631d,2,0x69d30b6729870da13ad65f1bc35ca298fb91948ddeb517823ad4ef0d54ab6a0d,0x692acc40bb72aeba1b5dbe461f04ad5376902404,0x7d1afa7b718fb893db30a3abc0cfc608aacfebb0,0x94549348ad488967b6001f56084b13c7eda12a66,2825597000000000000000000,Matic Token,MATIC,18,25,78138,10000000000,52092,1289269,deprecated,0xa9059cbb,"transfer(address _to, uint256 _value)",17422006
7639591,1556235710,0x12d8cdc1277dfcdde55c2b27ed31153e5a4ae530a8a9fa3bd202a771012d2583,3,0x72e221da85e5523801f88519988c8576ec903a758c98250c3096ba7cf407e3f0,0x692acc40bb72aeba1b5dbe461f04ad5376902404,0x7d1afa7b718fb893db30a3abc0cfc608aacfebb0,0x1d233d758240db5e118481a23221076fd056631c,531645000000000000000000,Matic Token,MATIC,18,87,78138,10000000000,52092,4385073,deprecated,0xa9059cbb,"transfer(address _to, uint256 _value)",17421967
7639668,1556236800,0x48c5e5d1c5d9e7c79991eb91d219f8262a35f359280fcd4a6e2416a6d54f5396,35,0xfe3fb88d79812ff2a7b4f3beaf4afda735e0f7171cae4a17a0e7dad6ed9575da,0x1d233d758240db5e118481a23221076fd056631c,0x7d1afa7b718fb893db30a3abc0cfc608aacfebb0,0x3f5ce5fbfe3e9af3971dd833d26ba9b5c936f0be,531645000000000000000000,Matic Token,MATIC,18,91,74184,20000000000,22092,2243954,deprecated,0xa9059cbb,"transfer(address _to, uint256 _value)",17421890
7639668,1556236800,0xc5f09d7eaba25b3e155e95964bd61ecbccecb28be2895f8e79d3ec706b38b7f8,13,0xfe3fb88d79812ff2a7b4f3beaf4afda735e0f7171cae4a17a0e7dad6ed9575da,0xee825db37b2de0d13d961e3c236a0c4d091af74d,0x7d1afa7b718fb893db30a3abc0cfc608aacfebb0,0x3f5ce5fbfe3e9af3971dd833d26ba9b5c936f0be,5635437000000000000000000,Matic Token,MATIC,18,104,74312,20000000000,22156,2549660,deprecated,0xa9059cbb,"transfer(address _to, uint256 _value)",17421890
7639668,1556236800,0x5bbb9b3977725773dedc150f4016bb6b563a3ebd3eb400d7392a22f6dd136514,62,0xfe3fb88d79812ff2a7b4f3beaf4afda735e0f7171cae4a17a0e7dad6ed9575da,0x12b1468a40c4331b84de304e22a9d9821e235f61,0x7d1afa7b718fb893db30a3abc0cfc608aacfebb0,0x3f5ce5fbfe3e9af3971dd833d26ba9b5c936f0be,22860735000000000000000000,Matic Token,MATIC,18,123,74312,20000000000,22156,2953923,deprecated,0xa9059cbb,"transfer(address _to, uint256 _value)",17421890
7639668,1556236800,0xfb95addd2d79aaec1fb3159b02d2876bffda00fdbae1320ee274b58e874d798c,59,0xfe3fb88d79812ff2a7b4f3beaf4afda735e0f7171cae4a17a0e7dad6ed9575da,0x94549348ad488967b6001f56084b13c7eda12a66,0x7d1afa7b718fb893db30a3abc0cfc608aacfebb0,0x3f5ce5fbfe3e9af3971dd833d26ba9b5c936f0be,2825597000000000000000000,Matic Token,MATIC,18,167,74312,20000000000,22156,3918121,deprecated,0xa9059cbb,"transfer(address _to, uint256 _value)",17421890
7639678,1556236921,0x9ff312c3973fc06a66b669289c73ac913b7bd3daa5337048ae48017579bffd7d,2,0x12c4e1f902de29f844e5cb1a4d13f35e76fd0bb4b7d9aed8237fa84b04312d26,0xf5b251ea06dba6907b6b41d10c57e6c7b5524302,0x7d1afa7b718fb893db30a3abc0cfc608aacfebb0,0x2efabb70bc175291f3c93059a69ea550de56fb34,1005000000000000000000000,Matic Token,MATIC,18,40,55638,10000000000,37092,1770426,deprecated,0xa9059cbb,"transfer(address _to, uint256 _value)",17421880
7639693,1556237061,0x8d4bb517c40e4291960fe6403d8dfd9e6953b548aed4e1cd449af063949c8183,3102949,0x1a5526c237909ec851a85bce921f9a382b53fd84a65495b740505804a8f02a44,0x3f5ce5fbfe3e9af3971dd833d26ba9b5c936f0be,0x7d1afa7b718fb893db30a3abc0cfc608aacfebb0,0x564286362092d8e7936f0549571a803b203aaced,53367362000000000000000000,Matic Token,MATIC,18,4,104312,40000000000,52156,153803,deprecated,0xa9059cbb,"transfer(address _to, uint256 _value)",17421865
7639739,1556237662,0xb6e3c98ab9c3e163f55120c62f1bfe0f70a993e0e5125fb5079bd85887ae8735,3,0x47ea3d7b32affe184a3e6171516ea7a16860909391db6f6b71ab74c319ca6614,0xf5b251ea06dba6907b6b41d10c57e6c7b5524302,0x7d1afa7b718fb893db30a3abc0cfc608aacfebb0,0x2efabb70bc175291f3c93059a69ea550de56fb34,171006000000000000000000,Matic Token,MATIC,18,36,55638,10000000000,37092,1386802,deprecated,0xa9059cbb,"transfer(address _to, uint256 _value)",17421819
7639812,1556238605,0x2fd00b0a1280de6c82db159449103eda276c76a2a8249e0bfea6fa3ef2967bf2,0,0x578432aaa0b50ebb91c6cd8c96a1e91c1f3c350315cfee725d725d4248cc3746,0x2efabb70bc175291f3c93059a69ea550de56fb34,0x7d1afa7b718fb893db30a3abc0cfc608aacfebb0,0x3f5ce5fbfe3e9af3971dd833d26ba9b5c936f0be,1176008000000000000000000,Matic Token,MATIC,18,37,74184,20000000000,22092,1375769,deprecated,0xa9059cbb,"transfer(address _to, uint256 _value)",17421746
7640562,1556249010,0x47571ece5ebcfd7b25795715ec81b828e54bd463c944673eb65a627ecda792c9,0,0x963b194860d714929ef0f53005b7342f74e42e4b5f8ca3eebaf85cacb96d7ed1,0xebe9457129589a41a0d6ed9a67c8d6f4921b056d,0x7d1afa7b718fb893db30a3abc0cfc608aacfebb0,0x2eeccddc8439519bd5cb265676b631eb709ffc40,1000000000000000000,Matic Token,MATIC,18,58,77946,4000000000,51964,4806678,deprecated,0xa9059cbb,"transfer(address _to, uint256 _value)",17420996
7640585,1556249356,0xcf45db544b02054ff8b07b51c39207b2ffdaba0b858d7abbc10de048797dd1f1,1,0xad164e42e6cdec3f8a382f37a189f619dd39c731530757cfb23cb906559733ba,0xebe9457129589a41a0d6ed9a67c8d6f4921b056d,0x7d1afa7b718fb893db30a3abc0cfc608aacfebb0,0x2eeccddc8439519bd5cb265676b631eb709ffc40,9505703160000000000000000,Matic Token,MATIC,18,68,54870,4000000000,22156,5104472,deprecated,0xa9059cbb,"transfer(address _to, uint256 _value)",17420973
7640897,1556253587,0xe7c89848f142f677be0743b55dbead514db7f550374d5aca03a53fceb98f5c0b,32,0xc0046d457ff0df724ce4017a145f5d0449b81fc5348f81a6503dcd8a8ec4cf23,0x6d61048dc66d613ddb660d572f3d2e89d0f18690,0x7d1afa7b718fb893db30a3abc0cfc608aacfebb0,0xcc9fc66d16f34d0bffbd1b1d20352d49ca6f7d51,2522180000000000000000000,Matic Token,MATIC,18,127,55734,10000000000,37156,7498625,deprecated,0xa9059cbb,"transfer(address _to, uint256 _value)",17420661
7641074,1556255963,0xe2f0532283ac7d666f0001995e6df84b5284cf22aa89cc776952de5f4a477be3,4,0x5d4d9aedad1d4a38c38e14e06c6053bd4e45753a698a66e93dd054aeb5475502,0x692acc40bb72aeba1b5dbe461f04ad5376902404,0x7d1afa7b718fb893db30a3abc0cfc608aacfebb0,0x1034ad92b3cb4f3bb06ea5fa519d7be35be5f1a1,1594935000000000000000000,Matic Token,MATIC,18,20,78234,12000000000,52156,706465,deprecated,0xa9059cbb,"transfer(address _to, uint256 _value)",17420484
7641102,1556256328,0xd2e32afe9be5df89dc17b715cc307355e3aa97a712effe21f231326b22044c3f,5,0x6435f9f110adaed1dee245df5facde6518d1232f1e8b3388aad3d7048dbad80d,0x692acc40bb72aeba1b5dbe461f04ad5376902404,0x7d1afa7b718fb893db30a3abc0cfc608aacfebb0,0x368e8386aa0b3284c7817ebdd77638982646a6b9,1594935000000000000000000,Matic Token,MATIC,18,161,78234,12000000000,52156,7310631,deprecated,0xa9059cbb,"transfer(address _to, uint256 _value)",17420456
7641182,1556257331,0x3989747495f1e3fef5d97ae4a3472ff55b40afae26376b5efe850673c20fcc28,4,0x2d3564711ffd376e9ddd9ece71e8b377aaf82f6fb3021e9e28020d375b0db82a,0xf5b251ea06dba6907b6b41d10c57e6c7b5524302,0x7d1afa7b718fb893db30a3abc0cfc608aacfebb0,0x2efabb70bc175291f3c93059a69ea550de56fb34,2050423000000000000000000,Matic Token,MATIC,18,120,78234,10000000000,52156,6843519,deprecated,0xa9059cbb,"transfer(address _to, uint256 _value)",17420376
7641213,1556257741,0xf9850ff8f10013271d438ce67265fc2b4c854d8b4e2a9ff4647b70377a26ca61,5,0xc561a060c7c8a96524f0ddb0a9e788cb2699d9f1c50f8164cb6e3256e70236d8,0xf5b251ea06dba6907b6b41d10c57e6c7b5524302,0x7d1afa7b718fb893db30a3abc0cfc608aacfebb0,0x10fbe652feb92f07347167ddbe3c4c0b87cf80f7,10000000000000000000,Matic Token,MATIC,18,120,55446,4000000000,36964,7757856,deprecated,0xa9059cbb,"transfer(address _to, uint256 _value)",17420345
7641261,1556258445,0xdebb8f4fabdec01ee209ddc97accd60561025ec536c3406b8223fbde90a7118b,6,0xb34356ba6cc935fe564a1bec99592faa4d57599d7243d76810e34f08cb4dd04c,0xf5b251ea06dba6907b6b41d10c57e6c7b5524302,0x7d1afa7b718fb893db30a3abc0cfc608aacfebb0,0x10fbe652feb92f07347167ddbe3c4c0b87cf80f7,2000000000000000000000000,Matic Token,MATIC,18,24,55638,10000000000,37092,2691051,deprecated,0xa9059cbb,"transfer(address _to, uint256 _value)",17420297
7641322,1556259291,0x133b440113a08d028974747813c9cd4b204dcd8a7f23064c585b59a1045bb569,7,0x1de29b70584d6172283e3e907c1639a65642850c4779c1c057b505114b35e5be,0xf5b251ea06dba6907b6b41d10c57e6c7b5524302,0x7d1afa7b718fb893db30a3abc0cfc608aacfebb0,0x10fbe652feb92f07347167ddbe3c4c0b87cf80f7,4000000000000000000000000,Matic Token,MATIC,18,77,54870,10000000000,37092,4302072,deprecated,0xa9059cbb,"transfer(address _to, uint256 _value)",17420236
7641323,1556259299,0x08d43ffdb3bd0dbe335aee2ce884488e6f0826221a66c3169b202f33037c32b4,8,0x75662484b8fd198b8047e76684535a3560d709bb38bbe481751631252bdc93b5,0xf5b251ea06dba6907b6b41d10c57e6c7b5524302,0x7d1afa7b718fb893db30a3abc0cfc608aacfebb0,0x10fbe652feb92f07347167ddbe3c4c0b87cf80f7,3000000000000000000000000,Matic Token,MATIC,18,87,55638,10000000000,37092,4791053,deprecated,0xa9059cbb,"transfer(address _to, uint256 _value)",17420235
7641343,1556259552,0xaf7f7089a25269e342877584200f76c24dd82eab424070b144b04ad0b6725ed1,10,0x43c7eb4fb2b9ee817dfd4d89c926807770297252c374dde3c4fb560bd2dea275,0xf5b251ea06dba6907b6b41d10c57e6c7b5524302,0x7d1afa7b718fb893db30a3abc0cfc608aacfebb0,0x10fbe652feb92f07347167ddbe3c4c0b87cf80f7,293979210000000000000000,Matic Token,MATIC,18,152,55638,10000000000,22092,6994970,deprecated,0xa9059cbb,"transfer(address _to, uint256 _value)",17420215
7641550,1556262664,0x3ba8d847c4974f2f6d76674709801f3da7261b68ec1238276c907728a0c7e799,0,0xbfa314851a147f4bdb36575237613d875eeeb09711ca1038d8f4d1e154542da0,0xcc9fc66d16f34d0bffbd1b1d20352d49ca6f7d51,0x7d1afa7b718fb893db30a3abc0cfc608aacfebb0,0x8e77f67d1ba758766db46b5fece89eb275d81d8b,0,Matic Token,MATIC,18,159,54870,10000000000,36580,5505941,deprecated,0xa9059cbb,"transfer(address _to, uint256 _value)",17420008
7641559,1556262852,0x1751af3d8229046adca64b6a3f47948f4dafb40476752c578700d7749eea90fa,1,0xbbb2b36317864226e6683a01d6a500050bc2effdab7b620ad7cdbfa5b36cbe38,0xcc9fc66d16f34d0bffbd1b1d20352d49ca6f7d51,0x7d1afa7b718fb893db30a3abc0cfc608aacfebb0,0x8e77f67d1ba758766db46b5fece89eb275d81d8b,2522181220000000000000000,Matic Token,MATIC,18,148,78234,10000000000,37156,5742373,deprecated,0xa9059cbb,"transfer(address _to, uint256 _value)",17419999
7641645,1556263944,0xd17dbf1c87cabe47a07751e17d84bccc3e9fca7f8cda5af1c099f910295fa8ed,6,0x1e9b5ce0ccf7447e50b5f42e558c8700854dcc54ed65f87f185434ffba735c5f,0x692acc40bb72aeba1b5dbe461f04ad5376902404,0x7d1afa7b718fb893db30a3abc0cfc608aacfebb0,0xae263b3bb3fb57acac9b48c10ea4724437705cbd,1064000280000000000000000,Matic Token,MATIC,18,157,78042,12000000000,52028,6955946,deprecated,0xa9059cbb,"transfer(address _to, uint256 _value)",17419913
7641652,1556264025,0x1a3cb816a654c9d76c9f6993150cce1700a8db9f8512ebb523a34ceb5fc7124a,4,0xab42a387d75ba38a5f0d0eb4cda7f03e5bebbbb08d9547e82d9a035db3d04ae8,0x55f9ec09b07e5283d0a2a8d1bf17b9c85a743d43,0x7d1afa7b718fb893db30a3abc0cfc608aacfebb0,0x1fc8f188870617948ea517c6463856d4d4c18d45,1000000000000000000,Matic Token,MATIC,18,58,55000,7000000000,51964,2761644,deprecated,0xa9059cbb,"transfer(address _to, uint256 _value)",17419906
7641662,1556264156,0xe904308e3bd680fcd5b3d9d4c4b47f002ad089978cd93410d44b2e49b9fadfaf,7,0xeff3b3e8860622a38f75be94ee09b9c0c94a12fb0b8d3f9cfaab25af5fbf88e7,0x692acc40bb72aeba1b5dbe461f04ad5376902404,0x7d1afa7b718fb893db30a3abc0cfc608aacfebb0,0x7ccb3abf8aa1cdb55216543e13e2719132e9c788,3082831000000000000000000,Matic Token,MATIC,18,217,78234,15000000000,37156,6373197,deprecated,0xa9059cbb,"transfer(address _to, uint256 _value)",17419896
7641700,1556264738,0x2b2fe2ad199c2da5f6be346caede64d4abb4d65148b941e44e7e66c24a549540,5,0x897bcf6285fa992136fe5d169e9af71035b01b6cd7e9add2c947dc93a8370089,0x55f9ec09b07e5283d0a2a8d1bf17b9c85a743d43,0x7d1afa7b718fb893db30a3abc0cfc608aacfebb0,0x1fc8f188870617948ea517c6463856d4d4c18d45,4752851000000000000000000,Matic Token,MATIC,18,173,55000,10000000000,37092,7720555,deprecated,0xa9059cbb,"transfer(address _to, uint256 _value)",17419858
7641779,1556265610,0x5452e57f4d357ce697e18859b6f949f1de721e1722b7355818fd6e0a4294c2be,44,0x99bf2e097891bd8c1e350b6d92228b58e6aae797f5aa280b8d3d7da0ef6130d7,0x7ccb3abf8aa1cdb55216543e13e2719132e9c788,0x7d1afa7b718fb893db30a3abc0cfc608aacfebb0,0x3f5ce5fbfe3e9af3971dd833d26ba9b5c936f0be,3082831000000000000000000,Matic Token,MATIC,18,35,74312,20000000000,22156,7644668,deprecated,0xa9059cbb,"transfer(address _to, uint256 _value)",17419779
7641779,1556265610,0x2ec839804acd447b76965cf4739474d8ee952e90965cc4ea9abb53fdb55b2df3,9,0x99bf2e097891bd8c1e350b6d92228b58e6aae797f5aa280b8d3d7da0ef6130d7,0x1fc8f188870617948ea517c6463856d4d4c18d45,0x7d1afa7b718fb893db30a3abc0cfc608aacfebb0,0x3f5ce5fbfe3e9af3971dd833d26ba9b5c936f0be,4752852000000000000000000,Matic Token,MATIC,18,36,74312,20000000000,22156,7666824,deprecated,0xa9059cbb,"transfer(address _to, uint256 _value)",17419779
7641779,1556265610,0x39f3ab581732c547c4ee25c9445fda9d6e75feb829401bf9b9c74e745ffe0b13,16,0x99bf2e097891bd8c1e350b6d92228b58e6aae797f5aa280b8d3d7da0ef6130d7,0x368e8386aa0b3284c7817ebdd77638982646a6b9,0x7d1afa7b718fb893db30a3abc0cfc608aacfebb0,0x3f5ce5fbfe3e9af3971dd833d26ba9b5c936f0be,1594935000000000000000000,Matic Token,MATIC,18,41,74312,20000000000,22156,7779164,deprecated,0xa9059cbb,"transfer(address _to, uint256 _value)",17419779
7641780,1556265616,0x9bf08d6969d101301f6335a1c3f3804e87a11810112f0e5800670ff66b9c1740,30,0x550d8de2adafb82b5006d458f02ea0287be4e69e965def00ec92394133f6bb8f,0x1034ad92b3cb4f3bb06ea5fa519d7be35be5f1a1,0x7d1afa7b718fb893db30a3abc0cfc608aacfebb0,0x3f5ce5fbfe3e9af3971dd833d26ba9b5c936f0be,1594935000000000000000000,Matic Token,MATIC,18,77,74312,20000000000,22156,7173940,deprecated,0xa9059cbb,"transfer(address _to, uint256 _value)",17419778
7641780,1556265616,0x817dff75e0cb9966cb3d1ecd7edd30b7526e4e3ba0a7163397e149d4606f0667,4,0x550d8de2adafb82b5006d458f02ea0287be4e69e965def00ec92394133f6bb8f,0x8e77f67d1ba758766db46b5fece89eb275d81d8b,0x7d1afa7b718fb893db30a3abc0cfc608aacfebb0,0x3f5ce5fbfe3e9af3971dd833d26ba9b5c936f0be,2522181220000000000000000,Matic Token,MATIC,18,82,74312,20000000000,22156,7295516,deprecated,0xa9059cbb,"transfer(address _to, uint256 _value)",17419778
7641780,1556265616,0xb2f451e435dfa82f30c2a387a720ffb89309b311ce1fa2604a3c24ac55a7c8d5,0,0x550d8de2adafb82b5006d458f02ea0287be4e69e965def00ec92394133f6bb8f,0x2eeccddc8439519bd5cb265676b631eb709ffc40,0x7d1afa7b718fb893db30a3abc0cfc608aacfebb0,0x3f5ce5fbfe3e9af3971dd833d26ba9b5c936f0be,9505704160000000000000000,Matic Token,MATIC,18,101,74312,20000000000,22156,7806618,deprecated,0xa9059cbb,"transfer(address _to, uint256 _value)",17419778
7641781,1556265633,0xdd0744b7dd17f8db89a3f7d3c069961f57d087927e86d7ea3ca95da497804f88,1,0x34eb3793f1e02ee81f8fe9753875c73c167fbe4bb0a9e91722b913342527bfb8,0x10fbe652feb92f07347167ddbe3c4c0b87cf80f7,0x7d1afa7b718fb893db30a3abc0cfc608aacfebb0,0x3f5ce5fbfe3e9af3971dd833d26ba9b5c936f0be,9293991210000000000000000,Matic Token,MATIC,18,49,74312,20000000000,22156,7752578,deprecated,0xa9059cbb,"transfer(address _to, uint256 _value)",17419777
7641782,1556265654,0xa262397983972314b963e5f127a4a3fc866085f2c11072f76c66c493b7d56a35,1,0xbc00085d5498147577723ee45a56d40085b73f232f224684ea45c40de8053e75,0x2efabb70bc175291f3c93059a69ea550de56fb34,0x7d1afa7b718fb893db30a3abc0cfc608aacfebb0,0x3f5ce5fbfe3e9af3971dd833d26ba9b5c936f0be,2050423000000000000000000,Matic Token,MATIC,18,48,74312,20000000000,22156,4862236,deprecated,0xa9059cbb,"transfer(address _to, uint256 _value)",17419776
7641787,1556265718,0x6953f2ad5ff98f5f92d286d144e70501143a49e66da8a0900bafc155d8f93470,0,0x7667a422849e9fa120e41aac5576332124710450359eb13b58a2e1c56bea3c98,0x2a39f6e325055f6a8b90ee42ad007dcaac56368b,0x7d1afa7b718fb893db30a3abc0cfc608aacfebb0,0x3f5ce5fbfe3e9af3971dd833d26ba9b5c936f0be,1900000000000000000000000000,Matic Token,MATIC,18,85,74312,20000000000,22156,4312757,deprecated,0xa9059cbb,"transfer(address _to, uint256 _value)",17419771
7641788,1556265729,0x0d35fb783867d51da66c41e97cb6c1abf523cbf4f1e17b6773749951d43fafe5,22,0xba57f4840170825d8f62d2415520c4ff278b3424fbb1f683a68242ffc232cc38,0xae263b3bb3fb57acac9b48c10ea4724437705cbd,0x7d1afa7b718fb893db30a3abc0cfc608aacfebb0,0x3f5ce5fbfe3e9af3971dd833d26ba9b5c936f0be,1064000280000000000000000,Matic Token,MATIC,18,32,74056,20000000000,22028,967253,deprecated,0xa9059cbb,"transfer(address _to, uint256 _value)",17419770
7641790,1556265751,0x9bd14b9dfa69ddaaf9570cdd6bb17e9aa09d317aa66ababe31a1fcd9b0fdd79f,3103748,0x2adb6ddd72e86b238c0e0862b168563abb8c78ac352ad620909e588dbfdb9951,0x3f5ce5fbfe3e9af3971dd833d26ba9b5c936f0be,0x7d1afa7b718fb893db30a3abc0cfc608aacfebb0,0xd551234ae421e3bcba99a0da6d736074f22192ff,53367362000000000000000000,Matic Token,MATIC,18,98,104312,40000000000,52156,2402294,deprecated,0xa9059cbb,"transfer(address _to, uint256 _value)",17419768
7641790,1556265751,0xa20be4f370ffbf72312125033a34ac2ee8f23ce2ed8d618c0bc8b3100de8084a,3103749,0x2adb6ddd72e86b238c0e0862b168563abb8c78ac352ad620909e588dbfdb9951,0x3f5ce5fbfe3e9af3971dd833d26ba9b5c936f0be,0x7d1afa7b718fb893db30a3abc0cfc608aacfebb0,0x0681d8db095565fe8a346fa0277bffde9c0edbbf,53367362000000000000000000,Matic Token,MATIC,18,99,104312,40000000000,52156,2454450,deprecated,0xa9059cbb,"transfer(address _to, uint256 _value)",17419768
7641841,1556266444,0xf3627b221f69885954518f0ed279e7f1dc188b23b53b6c557bbe9d124d0da73b,3103767,0x3ac8c7a8795c517c7151f32bba8f0a63533bf023976b8293ccb6d2e4c9a3f864,0x3f5ce5fbfe3e9af3971dd833d26ba9b5c936f0be,0x7d1afa7b718fb893db30a3abc0cfc608aacfebb0,0x4e9ce36e442e55ecd9025b9a6e0d88485d628a67,1598284285730000000000000000,Matic Token,MATIC,18,12,104440,40000000000,52220,337366,deprecated,0xa9059cbb,"transfer(address _to, uint256 _value)",17419717
7642559,1556276035,0x6dd6c2594231a778067dee57e86cd875e5ad8fa1adf7e4d7c5506f3d28ab5789,68,0x73e6a7aa0978837b73c006167e4be7d3f842b908908dd1346838230cc0198030,0xf2f6f1ef2e9da1edebab153fdecd7e033da19ed2,0x7d1afa7b718fb893db30a3abc0cfc608aacfebb0,0xf2ff4f93bdf3d96be418c54fe6883dccf52b8fb4,10000000000000000000,Matic Token,MATIC,18,7,51964,41000000000,51964,261921,deprecated,0xa9059cbb,"transfer(address _to, uint256 _value)",17418999
7642575,1556276246,0x3d3c88976e757483db9db59c01328c0d8e3fc2470e2ead9b6aa08df5aa3aa413,3,0x7ccc4354d75290ba46d6221ba3cba3bb38a4500526a9c3fafa4ba62abb9c54a4,0xf2ff4f93bdf3d96be418c54fe6883dccf52b8fb4,0x7d1afa7b718fb893db30a3abc0cfc608aacfebb0,0x3f5ce5fbfe3e9af3971dd833d26ba9b5c936f0be,10000000000000000000,Matic Token,MATIC,18,20,73928,20000000000,21964,535225,deprecated,0xa9059cbb,"transfer(address _to, uint256 _value)",17418983
7642600,1556276598,0x223be0592a5c6edf38a3858402a351c8a3ac8cee41dc61d85d317f1a7f20a0be,69,0x82e158f95dc07c3f027a57cf316f54ba17c55994e92b1693598175b0f3a19643,0xf2f6f1ef2e9da1edebab153fdecd7e033da19ed2,0x7d1afa7b718fb893db30a3abc0cfc608aacfebb0,0xf2ff4f93bdf3d96be418c54fe6883dccf52b8fb4,570332500000000000000000,Matic Token,MATIC,18,23,52092,41000000000,52092,780662,deprecated,0xa9059cbb,"transfer(address _to, uint256 _value)",17418958
7642604,1556276677,0xcd2d82589e196203fd9955a6783a4a320c1c35a4e7b5f2056039d0d1b4f99d0e,70,0x5cd2b899dedaa7ce51e35ca908e823b8ca07c7774d2e702ab2418cd24b6941ab,0xf2f6f1ef2e9da1edebab153fdecd7e033da19ed2,0x7d1afa7b718fb893db30a3abc0cfc608aacfebb0,0x053eca2b43916f007714f00756b23d5d6dfe41f8,570342500000000000000000,Matic Token,MATIC,18,3,52028,41000000000,52028,115028,deprecated,0xa9059cbb,"transfer(address _to, uint256 _value)",17418954
7642608,1556276702,0x721d110aabaf15f6d9ed720d91fe0738951ea059b8a499b2d5bfa12393fbff42,71,0xb55c78c9e6f8cca6bf13bcc8346525213d629af9becba7432c618c04a9ce08ac,0xf2f6f1ef2e9da1edebab153fdecd7e033da19ed2,0x7d1afa7b718fb893db30a3abc0cfc608aacfebb0,0xd1b04db9910e85c15f1c1fd5495669ad736f67a2,570342500000000000000000,Matic Token,MATIC,18,12,52092,41000000000,52092,631116,deprecated,0xa9059cbb,"transfer(address _to, uint256 _value)",17418950
7642744,1556278198,0xa7917f9358eb42c9a433909891bfd5790dc315b756dd35fd4fa598175e74331b,4,0x8a16c94116c7b532e8ddebc35431e2499dd4ba8ef439b2be5bb27f5c97f00b05,0xf2ff4f93bdf3d96be418c54fe6883dccf52b8fb4,0x7d1afa7b718fb893db30a3abc0cfc608aacfebb0,0x3f5ce5fbfe3e9af3971dd833d26ba9b5c936f0be,570332500000000000000000,Matic Token,MATIC,18,36,74184,20000000000,22092,1044237,deprecated,0xa9059cbb,"transfer(address _to, uint256 _value)",17418814
7642744,1556278198,0x752530dcb7d3c9ab4da1ffd9ea2c9ed9237610dbc54da87b12bff77aae3c103c,44,0x8a16c94116c7b532e8ddebc35431e2499dd4ba8ef439b2be5bb27f5c97f00b05,0x053eca2b43916f007714f00756b23d5d6dfe41f8,0x7d1afa7b718fb893db30a3abc0cfc608aacfebb0,0x3f5ce5fbfe3e9af3971dd833d26ba9b5c936f0be,570342500000000000000000,Matic Token,MATIC,18,39,74184,20000000000,22092,1110315,deprecated,0xa9059cbb,"transfer(address _to, uint256 _value)",17418814
7642888,1556279905,0x6128c2826f775a8d9be67adceb1dfa454f1146c37e55d473b66f4089ecbf1fb5,0,0x8b3f06e34b00d9b3ecb91c7a804169a9701288b67f149e6980d579c52da4aecc,0x2f22df09e84b3974538cdd0341f9fa56717c26a1,0x7d1afa7b718fb893db30a3abc0cfc608aacfebb0,0x2e60da0e4d4f0c3d35fc045e4d62baeb5f8a08ea,11000000000000000000,Matic Token,MATIC,18,11,51964,11000000000,51964,1271857,deprecated,0xa9059cbb,"transfer(address _to, uint256 _value)",17418670
7642904,1556280174,0xaaca142bc62baeae4057dc626a0ff232c0f6dc14e184e64723d34e4a875cfdc0,1,0xca1718958426488ef64a3f89bc0958d693b300b59eae30102e2a4e5b7160340d,0x2f22df09e84b3974538cdd0341f9fa56717c26a1,0x7d1afa7b718fb893db30a3abc0cfc608aacfebb0,0x2e60da0e4d4f0c3d35fc045e4d62baeb5f8a08ea,12082477000000000000000000,Matic Token,MATIC,18,4,37156,11000000000,37156,121156,deprecated,0xa9059cbb,"transfer(address _to, uint256 _value)",17418654
7643037,1556282104,0x3c7ce3a03b86bf4d3350e715f617207ae8a00bb4519cee6c555af2c28cfaee43,0,0x280c089aec1fb764f2f1ec4820405273e7cff12d8557b9e3b218c99723715f8a,0xccb04768f3abcf1af1e749085ef67d8ec7c5fdd2,0x7d1afa7b718fb893db30a3abc0cfc608aacfebb0,0x2f4ee65d536c5a2dd72004778167b30aecb8719c,30000000000000000000000000,Matic Token,MATIC,18,13,52092,41000000000,52092,419805,deprecated,0xa9059cbb,"transfer(address _to, uint256 _value)",17418521
7643088,1556282766,0x6c6dc83d7468c063ecd227b94bfd62f9c2729a7e87555eeb79aeb9e2b93988f8,38,0x8ba9e5ca8d8c6c6acab5b800e6b6be5ab5142263ab5065398a04ca0db9ad4819,0x1e1f3ff05b930131c4dba2747114eb00e9a98b6f,0x7d1afa7b718fb893db30a3abc0cfc608aacfebb0,0x142bf60eddbba8e913ee38df4e6d6b815808f0bc,1200000000000000000,Matic Token,MATIC,18,70,54870,10000000000,51964,3391748,deprecated,0xa9059cbb,"transfer(address _to, uint256 _value)",17418470
7643123,1556283273,0x7d1573c3a3d2237bdfd41ec997a0aecc168a76d3c4d78c043d467e6ee51b1d9c,33,0x8e15b1c0d98e8303049b027fa4dc6474f88f6d14119c11eb9d89b2eea69f9f77,0x6d61048dc66d613ddb660d572f3d2e89d0f18690,0x7d1afa7b718fb893db30a3abc0cfc608aacfebb0,0x717672a6698ea265fefac3485c599bd47a08aa81,4752852000000000000000000,Matic Token,MATIC,18,16,55734,10000000000,37156,452675,deprecated,0xa9059cbb,"transfer(address _to, uint256 _value)",17418435
7643148,1556283573,0x12b19e509f56bda20a64bf96fd29982fece6659b81d89cbfed44bf7bf55addb5,39,0x307a92f698a52bdea123335b7583782ed424ea147f31b3ff20ecb1a5801fc177,0x1e1f3ff05b930131c4dba2747114eb00e9a98b6f,0x7d1afa7b718fb893db30a3abc0cfc608aacfebb0,0x142bf60eddbba8e913ee38df4e6d6b815808f0bc,1121673000000000000000000,Matic Token,MATIC,18,27,55638,4000000000,37092,2250379,deprecated,0xa9059cbb,"transfer(address _to, uint256 _value)",17418410
7643152,1556283609,0x5c64f99819ce0f032393ba912376782af0fb0570eb7e9e8a30c8cca71636c84b,0,0xa25d8ca264fd13dd22a69951194321633538100baee7c7a9a788b9d07c1f23a2,0x2e60da0e4d4f0c3d35fc045e4d62baeb5f8a08ea,0x7d1afa7b718fb893db30a3abc0cfc608aacfebb0,0x3f5ce5fbfe3e9af3971dd833d26ba9b5c936f0be,12082488000000000000000000,Matic Token,MATIC,18,26,74312,20000000000,22156,7493968,deprecated,0xa9059cbb,"transfer(address _to, uint256 _value)",17418406
7643269,1556285388,0x04f6400b14d1a4d1c7476e4a2596a3fd54d72c16c441b8ce75f8c94dbeeea6c3,0,0x2835f717b2e3240ab848040ac20eb7e3980beaae9914d9899f2b094a692900e7,0x2f4ee65d536c5a2dd72004778167b30aecb8719c,0x7d1afa7b718fb893db30a3abc0cfc608aacfebb0,0x3f5ce5fbfe3e9af3971dd833d26ba9b5c936f0be,30000000000000000000000000,Matic Token,MATIC,18,45,74184,20000000000,22092,1533756,deprecated,0xa9059cbb,"transfer(address _to, uint256 _value)",17418289
7643306,1556285819,0x05012d9ffa50a40edb0c1b3ad65ba82ed99e002a88992c3849858fe1a50f91f2,72,0x0731024c8bae4696ad0464b4b62ed987e4c8f0d228f547d4cac297dea0e0876a,0xf2f6f1ef2e9da1edebab153fdecd7e033da19ed2,0x7d1afa7b718fb893db30a3abc0cfc608aacfebb0,0x0d0170dc995c22edfb6a34a42856ddf208d4bd20,570342670000000000000000,Matic Token,MATIC,18,40,52092,8000000000,37092,2642434,deprecated,0xa9059cbb,"transfer(address _to, uint256 _value)",17418252
7643332,1556286167,0x13ae5396516089be21a25f6d5cc5da14f5019e2e35657d0c7c35547c817f8a7e,0,0xf407f9d3bb08292f8519a191c5720c872ce8811752b4ca662a0a5561bf69b8ce,0xe5374e2ac1b9dd1d155e5e587fbb683071b96e69,0x7d1afa7b718fb893db30a3abc0cfc608aacfebb0,0xb1c8260a8a79a22f5ebf56cb2a86bdb810bf5d47,3802282180000000000000000,Matic Token,MATIC,18,58,52156,10000000000,52156,3187093,deprecated,0xa9059cbb,"transfer(address _to, uint256 _value)",17418226
7643353,1556286467,0x9352eee4ad7f21263f2da5f33baa370f6f8d0aae8a46e8886ef6a318a9ab4903,1,0xb5ddb1ac045e6eb4c8dcc607a14acb5e94a5b6e399bac0b037ae34c771e95538,0xe5374e2ac1b9dd1d155e5e587fbb683071b96e69,0x7d1afa7b718fb893db30a3abc0cfc608aacfebb0,0xddd4d6cd4b546d48651cc669c3f5fbe155b8dbd5,950570000000000000000000,Matic Token,MATIC,18,81,52092,20000000000,37092,2860983,deprecated,0xa9059cbb,"transfer(address _to, uint256 _value)",17418205
7643395,1556287208,0x44d2da254ba77b974b49a6b1df516e844e6ad12a79fb2ad6a3d646288da9d329,21,0xc30c21762ccc281cdf2643764574f312e7a1b3104cf1e43cecaaa7482bc21e2a,0x0d0170dc995c22edfb6a34a42856ddf208d4bd20,0x7d1afa7b718fb893db30a3abc0cfc608aacfebb0,0x3f5ce5fbfe3e9af3971dd833d26ba9b5c936f0be,570342670000000000000000,Matic Token,MATIC,18,44,74184,20000000000,22092,7856335,deprecated,0xa9059cbb,"transfer(address _to, uint256 _value)",17418163
7643395,1556287208,0x18b736f893c33cd8be691937bfdb5db297fcbd7ed94346e03dd9d5c3c0e23a13,116,0xc30c21762ccc281cdf2643764574f312e7a1b3104cf1e43cecaaa7482bc21e2a,0xb1c8260a8a79a22f5ebf56cb2a86bdb810bf5d47,0x7d1afa7b718fb893db30a3abc0cfc608aacfebb0,0x3f5ce5fbfe3e9af3971dd833d26ba9b5c936f0be,3802282180000000000000000,Matic Token,MATIC,18,48,74312,20000000000,22156,7945735,deprecated,0xa9059cbb,"transfer(address _to, uint256 _value)",17418163
7643396,1556287212,0x385c5c28a929168ddebfc4f8aaa90d6c7024cae2cd0cb402bdd4fa7ec41884b9,1,0xbf1b2291fb4306f17c33d5ffadbedd63b245bb25c9f32e9433b451f469b32482,0x142bf60eddbba8e913ee38df4e6d6b815808f0bc,0x7d1afa7b718fb893db30a3abc0cfc608aacfebb0,0x3f5ce5fbfe3e9af3971dd833d26ba9b5c936f0be,1121674200000000000000000,Matic Token,MATIC,18,26,74184,20000000000,22092,7591137,deprecated,0xa9059cbb,"transfer(address _to, uint256 _value)",17418162
7643526,1556288976,0x89be9891507552bf32061686f1cb67a9e24923160c5a73fb56a6085cd20393d7,0,0xba7029df2837376c417391f66f430d301d34aa4af417fb2fe6446bc006a40701,0xddd4d6cd4b546d48651cc669c3f5fbe155b8dbd5,0x7d1afa7b718fb893db30a3abc0cfc608aacfebb0,0x875c72582409375b21428712e46c0809405c0402,950570000000000000000000,Matic Token,MATIC,18,127,52092,10000000000,37092,4609885,deprecated,0xa9059cbb,"transfer(address _to, uint256 _value)",17418032
7643687,1556290826,0x7f9c9baa51bc81b559a44c50b0bf73b4ff7b9e8fce6c90a50d2b04ac72699514,6,0x9dc1406f1c50c0b0e3fbc600a6398df15b0a75dfb513d76e0af86eb6cb51aa45,0x875c72582409375b21428712e46c0809405c0402,0x7d1afa7b718fb893db30a3abc0cfc608aacfebb0,0x3f5ce5fbfe3e9af3971dd833d26ba9b5c936f0be,950570000000000000000000,Matic Token,MATIC,18,20,74184,20000000000,22092,7492831,deprecated,0xa9059cbb,"transfer(address _to, uint256 _value)",17417871
7643751,1556291634,0x3fce4a04f954fe1a0809280fe41c645cfde7e45fba5b3407bf5ded70940c5e58,3104388,0xc1d763f3c7582d46032dcda14763a0cc1237bc2941184e973909fe8c3903f5f6,0x3f5ce5fbfe3e9af3971dd833d26ba9b5c936f0be,0x7d1afa7b718fb893db30a3abc0cfc608aacfebb0,0x246a16c63ac8c76924e9b90a0f3e69c8daed6723,49900000000000000000000,Matic Token,MATIC,18,7,104184,40000000000,52092,315112,deprecated,0xa9059cbb,"transfer(address _to, uint256 _value)",17417807
7643756,1556291734,0xe0c8b4b94adceefe57a8e9aefc2d56e6498660fd0ae44dbf066ab344b97eab65,1425258,0x952822f4630bde815e9843dd73ef18acc51495b88509b46bf3b212a1df4d736f,0xd551234ae421e3bcba99a0da6d736074f22192ff,0x7d1afa7b718fb893db30a3abc0cfc608aacfebb0,0x6b9679e3d911e2c38809a75e74b6f7ebd7c05dc6,113904560000000000000000,Matic Token,MATIC,18,19,104184,40000000000,52092,524139,deprecated,0xa9059cbb,"transfer(address _to, uint256 _value)",17417802
7643756,1556291734,0xfa78bf2c48ac9b6dde7d280eaae49aac1d1198d6d98bd9b92e594de730eeddeb,1425259,0x952822f4630bde815e9843dd73ef18acc51495b88509b46bf3b212a1df4d736f,0xd551234ae421e3bcba99a0da6d736074f22192ff,0x7d1afa7b718fb893db30a3abc0cfc608aacfebb0,0x1df46555484302c19ec69377ab684576e5288560,1223434276000000000000000,Matic Token,MATIC,18,20,104312,40000000000,52156,576295,deprecated,0xa9059cbb,"transfer(address _to, uint256 _value)",17417802
7643756,1556291734,0xffb4348dc4a31fbef840a8ef128cc4896bd0acfddc3f6242658bae76a101a662,1425260,0x952822f4630bde815e9843dd73ef18acc51495b88509b46bf3b212a1df4d736f,0xd551234ae421e3bcba99a0da6d736074f22192ff,0x7d1afa7b718fb893db30a3abc0cfc608aacfebb0,0x80cbdc9d14f900c776034fb1bcc008b9b0df8a2d,227909120000000000000000,Matic Token,MATIC,18,21,103928,40000000000,51964,628259,deprecated,0xa9059cbb,"transfer(address _to, uint256 _value)",17417802
7643756,1556291734,0x0fa266aff13cb111a4d1761f2722a7575f57fc751d038f5ace7bfb21b7236594,1425261,0x952822f4630bde815e9843dd73ef18acc51495b88509b46bf3b212a1df4d736f,0xd551234ae421e3bcba99a0da6d736074f22192ff,0x7d1afa7b718fb893db30a3abc0cfc608aacfebb0,0x9944dbe4b123192b3133b7ab5dbb4d2ff5eacc34,159810490000000000000000,Matic Token,MATIC,18,22,104184,40000000000,52092,680351,deprecated,0xa9059cbb,"transfer(address _to, uint256 _value)",17417802
7643756,1556291734,0x22dd1ef67f27d42ce931b6ce4d3aa0e2db993ef2d1cc5a6ef0677dd03297c67e,1399740,0x952822f4630bde815e9843dd73ef18acc51495b88509b46bf3b212a1df4d736f,0x0681d8db095565fe8a346fa0277bffde9c0edbbf,0x7d1afa7b718fb893db30a3abc0cfc608aacfebb0,0xc3ffed0d4db9707c7916062dc3ea9ae6344c96fd,100000000000000000000,Matic Token,MATIC,18,24,104056,40000000000,52028,769368,deprecated,0xa9059cbb,"transfer(address _to, uint256 _value)",17417802
7643756,1556291734,0xc90337a136f9bbf6c245174f48f8675a6e297a2b81d9aae0273c305b3578f006,3104393,0x952822f4630bde815e9843dd73ef18acc51495b88509b46bf3b212a1df4d736f,0x3f5ce5fbfe3e9af3971dd833d26ba9b5c936f0be,0x7d1afa7b718fb893db30a3abc0cfc608aacfebb0,0xb4c2c05aaf8c9f0608e4e595273e5a838434e23f,341900800000000000000000,Matic Token,MATIC,18,27,104056,40000000000,52028,1020702,deprecated,0xa9059cbb,"transfer(address _to, uint256 _value)",17417802
7643756,1556291734,0xc3b7256238c212e01ef079ae974b5f7f8604751963d33fb4538bd737100981c2,3104395,0x952822f4630bde815e9843dd73ef18acc51495b88509b46bf3b212a1df4d736f,0x3f5ce5fbfe3e9af3971dd833d26ba9b5c936f0be,0x7d1afa7b718fb893db30a3abc0cfc608aacfebb0,0xb9c45af0a362a8af82107a93da7456986270f3b9,341913680000000000000000,Matic Token,MATIC,18,29,104184,40000000000,52092,1109719,deprecated,0xa9059cbb,"transfer(address _to, uint256 _value)",17417802
7643756,1556291734,0xe4ad1d276d4e6675bd72d2149702b0fc736f4726bd03f5a9a01fa571efd73404,1335016,0x952822f4630bde815e9843dd73ef18acc51495b88509b46bf3b212a1df4d736f,0x564286362092d8e7936f0549571a803b203aaced,0x7d1afa7b718fb893db30a3abc0cfc608aacfebb0,0xce21f712cfdc2b2a77e53fd1386780588f7ea64a,227909120000000000000000,Matic Token,MATIC,18,32,104056,40000000000,52028,1266228,deprecated,0xa9059cbb,"transfer(address _to, uint256 _value)",17417802
7643756,1556291734,0x3ca2bf8ac00c57a08fbd4f8217da6daa23137d16072070ece745d7c8da67ee77,1335017,0x952822f4630bde815e9843dd73ef18acc51495b88509b46bf3b212a1df4d736f,0x564286362092d8e7936f0549571a803b203aaced,0x7d1afa7b718fb893db30a3abc0cfc608aacfebb0,0x7490405ce3a7f0692b7b8860dc11903b946b8088,80980043100000000000000,Matic Token,MATIC,18,33,104312,40000000000,52156,1318384,deprecated,0xa9059cbb,"transfer(address _to, uint256 _value)",17417802
7643769,1556291881,0x92e89b3a875c26edd231da4264f1bf0bc80ea2bf0cd4b3be00e6b3a1af58b7db,3104407,0x5f9cdcbec399fc6eb923a79c512b1d81687ed82623468eeef0ed9a7211320f54,0x3f5ce5fbfe3e9af3971dd833d26ba9b5c936f0be,0x7d1afa7b718fb893db30a3abc0cfc608aacfebb0,0x161fd72dce15c24521e3753c34f6c9f4d2fe230a,42651560000000000000000,Matic Token,MATIC,18,81,104184,40000000000,52092,1943763,deprecated,0xa9059cbb,"transfer(address _to, uint256 _value)",17417789
7643769,1556291881,0x6d3ea64fa32439463f346c7d2195d768024ca92128e3aa1545e378e7be160434,3104409,0x5f9cdcbec399fc6eb923a79c512b1d81687ed82623468eeef0ed9a7211320f54,0x3f5ce5fbfe3e9af3971dd833d26ba9b5c936f0be,0x7d1afa7b718fb893db30a3abc0cfc608aacfebb0,0x13052e70496235f139bd5e5000714582aae3f48a,341913680000000000000000,Matic Token,MATIC,18,83,104056,40000000000,52028,2050614,deprecated,0xa9059cbb,"transfer(address _to, uint256 _value)",17417789
7643769,1556291881,0xa1d4cefdc76520d9e017918b61167c7bb1acc1c9564851b8cd3432061182def1,3104411,0x5f9cdcbec399fc6eb923a79c512b1d81687ed82623468eeef0ed9a7211320f54,0x3f5ce5fbfe3e9af3971dd833d26ba9b5c936f0be,0x7d1afa7b718fb893db30a3abc0cfc608aacfebb0,0xea56ba73650cff405199645319a8cd017f96037a,27261094400000000000000,Matic Token,MATIC,18,85,104184,40000000000,52092,2155384,deprecated,0xa9059cbb,"transfer(address _to, uint256 _value)",17417789
7643769,1556291881,0xaa7d69aabf80c75178a693c2f74e3a4043e1e0288dfb177931022c4edd81eca7,3104412,0x5f9cdcbec399fc6eb923a79c512b1d81687ed82623468eeef0ed9a7211320f54,0x3f5ce5fbfe3e9af3971dd833d26ba9b5c936f0be,0x7d1afa7b718fb893db30a3abc0cfc608aacfebb0,0x58a6f532c74573d0b682c4266386ff6cb7646b29,341913680000000000000000,Matic Token,MATIC,18,86,104184,40000000000,52092,2207476,deprecated,0xa9059cbb,"transfer(address _to, uint256 _value)",17417789
7643769,1556291881,0xd691b7c4919f7edfc6546015861a84b8302e981a4cfa3b9757ab24ec87764a3e,1425270,0x5f9cdcbec399fc6eb923a79c512b1d81687ed82623468eeef0ed9a7211320f54,0xd551234ae421e3bcba99a0da6d736074f22192ff,0x7d1afa7b718fb893db30a3abc0cfc608aacfebb0,0x9944dbe4b123192b3133b7ab5dbb4d2ff5eacc34,113904560000000000000000,Matic Token,MATIC,18,93,74184,40000000000,37092,2373751,deprecated,0xa9059cbb,"transfer(address _to, uint256 _value)",17417789
7643769,1556291881,0x5199edf3fae9bc72c2cb0bde1e00586da36eefddcbb9437bd9a873457e7a0a4f,1425271,0x5f9cdcbec399fc6eb923a79c512b1d81687ed82623468eeef0ed9a7211320f54,0xd551234ae421e3bcba99a0da6d736074f22192ff,0x7d1afa7b718fb893db30a3abc0cfc608aacfebb0,0x2b45f1734509265fca0298d18fa9b14c68bf5335,341913680000000000000000,Matic Token,MATIC,18,94,104184,40000000000,52092,2425843,deprecated,0xa9059cbb,"transfer(address _to, uint256 _value)",17417789
7643769,1556291881,0x17f8a009302fea05117347036251d59e248bdb867d52e53be89e1fec33318a85,1425272,0x5f9cdcbec399fc6eb923a79c512b1d81687ed82623468eeef0ed9a7211320f54,0xd551234ae421e3bcba99a0da6d736074f22192ff,0x7d1afa7b718fb893db30a3abc0cfc608aacfebb0,0xbe487457bf996a847401f86ec3617d6c0db670aa,341913680000000000000000,Matic Token,MATIC,18,95,104184,40000000000,52092,2477935,deprecated,0xa9059cbb,"transfer(address _to, uint256 _value)",17417789
7643769,1556291881,0x2ebd02bbf39eae55b17ac74800ec3c600cc90d439a131d72677618d3158ce6f3,1425273,0x5f9cdcbec399fc6eb923a79c512b1d81687ed82623468eeef0ed9a7211320f54,0xd551234ae421e3bcba99a0da6d736074f22192ff,0x7d1afa7b718fb893db30a3abc0cfc608aacfebb0,0x58a6f532c74573d0b682c4266386ff6cb7646b29,341913680000000000000000,Matic Token,MATIC,18,96,104184,40000000000,37092,2515027,deprecated,0xa9059cbb,"transfer(address _to, uint256 _value)",17417789
7643769,1556291881,0xa2adaaf869fe62f48d37274527b22098eb24f71dfad8083e8a738305b77fd732,1425274,0x5f9cdcbec399fc6eb923a79c512b1d81687ed82623468eeef0ed9a7211320f54,0xd551234ae421e3bcba99a0da6d736074f22192ff,0x7d1afa7b718fb893db30a3abc0cfc608aacfebb0,0xbee8845cd016350af73e4cc1ae6d24b832218037,113904560000000000000000,Matic Token,MATIC,18,97,104184,40000000000,52092,2567119,deprecated,0xa9059cbb,"transfer(address _to, uint256 _value)",17417789
7643769,1556291881,0x06545a391ef1f4b67538413767d355e723ecb816fc54b2ee8a65d891e46e2cbc,1425275,0x5f9cdcbec399fc6eb923a79c512b1d81687ed82623468eeef0ed9a7211320f54,0xd551234ae421e3bcba99a0da6d736074f22192ff,0x7d1afa7b718fb893db30a3abc0cfc608aacfebb0,0xcf4ab85b56eb84bfe23d38bdc3a2d515f7802ec5,258562757000000000000000,Matic Token,MATIC,18,98,104312,40000000000,52156,2619275,deprecated,0xa9059cbb,"transfer(address _to, uint256 _value)",17417789
7643769,1556291881,0x02c3a368d3c422c6708888c59f8557ce0cfc1e7efbd9495a152c6e0390b0df17,1335028,0x5f9cdcbec399fc6eb923a79c512b1d81687ed82623468eeef0ed9a7211320f54,0x564286362092d8e7936f0549571a803b203aaced,0x7d1afa7b718fb893db30a3abc0cfc608aacfebb0,0x80cbdc9d14f900c776034fb1bcc008b9b0df8a2d,101227253000000000000000,Matic Token,MATIC,18,104,74184,40000000000,37092,2766292,deprecated,0xa9059cbb,"transfer(address _to, uint256 _value)",17417789
7643769,1556291881,0x6aa4c142811ef426a1ffa63a8c3873afb746095f818f0f8c15c37ffbfb4e3694,1335029,0x5f9cdcbec399fc6eb923a79c512b1d81687ed82623468eeef0ed9a7211320f54,0x564286362092d8e7936f0549571a803b203aaced,0x7d1afa7b718fb893db30a3abc0cfc608aacfebb0,0x161fd72dce15c24521e3753c34f6c9f4d2fe230a,113904560000000000000000,Matic Token,MATIC,18,105,104184,40000000000,37092,2803384,deprecated,0xa9059cbb,"transfer(address _to, uint256 _value)",17417789
7643769,1556291881,0x27d84696f5b7d7a3b5f2b0f5bfadeeed95685c80485e6d0bb7c9330d8d5ac8bf,1335030,0x5f9cdcbec399fc6eb923a79c512b1d81687ed82623468eeef0ed9a7211320f54,0x564286362092d8e7936f0549571a803b203aaced,0x7d1afa7b718fb893db30a3abc0cfc608aacfebb0,0xddb66410fcb9ee913a7cb196471038f426ece9dd,113904560000000000000000,Matic Token,MATIC,18,106,104184,40000000000,52092,2855476,deprecated,0xa9059cbb,"transfer(address _to, uint256 _value)",17417789
7643769,1556291881,0xfdd2b55560677101427040e36473b3e26cee4f9f38f4f6933e1fae1a0a8bdc59,1399751,0x5f9cdcbec399fc6eb923a79c512b1d81687ed82623468eeef0ed9a7211320f54,0x0681d8db095565fe8a346fa0277bffde9c0edbbf,0x7d1afa7b718fb893db30a3abc0cfc608aacfebb0,0xc5c94c7130e475dbb567ff07ae99336d7df79b3e,113904560000000000000000,Matic Token,MATIC,18,112,104184,40000000000,52092,3075049,deprecated,0xa9059cbb,"transfer(address _to, uint256 _value)",17417789
7643774,1556291956,0x09436f51f10a5353839e96d3f8f155b3db2dddc162a467f27add73428289ad6c,3104413,0xf6ee93de8337ae35b62c80d59cbcfa34b3e92acb7bbbb719a4ee5de72084d161,0x3f5ce5fbfe3e9af3971dd833d26ba9b5c936f0be,0x7d1afa7b718fb893db30a3abc0cfc608aacfebb0,0x758eae6e8417147d6f255c458ca5c8a181993b9c,900000000000000000000,Matic Token,MATIC,18,9,104056,40000000000,52028,288899,deprecated,0xa9059cbb,"transfer(address _to, uint256 _value)",17417784
7643774,1556291956,0x7811ff86a9d5be1c3e890ab3a80795d5d2c0687f6d045549d5bd9e4c31f7d369,1335032,0xf6ee93de8337ae35b62c80d59cbcfa34b3e92acb7bbbb719a4ee5de72084d161,0x564286362092d8e7936f0549571a803b203aaced,0x7d1afa7b718fb893db30a3abc0cfc608aacfebb0,0xcdf94220ba0b7c4dfcddcb8000154ea1ceced672,113904560000000000000000,Matic Token,MATIC,18,10,104056,40000000000,52028,340927,deprecated,0xa9059cbb,"transfer(address _to, uint256 _value)",17417784
7643774,1556291956,0xa556aa48af8264d80b8c351b8a1f568908dd01f64eade0c589e1068e2f538833,1425277,0xf6ee93de8337ae35b62c80d59cbcfa34b3e92acb7bbbb719a4ee5de72084d161,0xd551234ae421e3bcba99a0da6d736074f22192ff,0x7d1afa7b718fb893db30a3abc0cfc608aacfebb0,0x8bb7da6a24b0f167626265069d9808f89a13549c,227909120000000000000000,Matic Token,MATIC,18,11,104056,40000000000,52028,392955,deprecated,0xa9059cbb,"transfer(address _to, uint256 _value)",17417784
7643774,1556291956,0x76163161dbd53ca2d18c08b592dff2e0644689fdcafc03995912f98d2fa3ae4b,1399752,0xf6ee93de8337ae35b62c80d59cbcfa34b3e92acb7bbbb719a4ee5de72084d161,0x0681d8db095565fe8a346fa0277bffde9c0edbbf,0x7d1afa7b718fb893db30a3abc0cfc608aacfebb0,0xab484aa36ad40b61a41912abccc3ef3083684642,11300000000000000000000,Matic Token,MATIC,18,12,104056,40000000000,52028,444983,deprecated,0xa9059cbb,"transfer(address _to, uint256 _value)",17417784
7643774,1556291956,0xe9b556585de02fa5e81a24a4a141f67e3caf627ab0db94a2ffc9e332f936b178,3104414,0xf6ee93de8337ae35b62c80d59cbcfa34b3e92acb7bbbb719a4ee5de72084d161,0x3f5ce5fbfe3e9af3971dd833d26ba9b5c936f0be,0x7d1afa7b718fb893db30a3abc0cfc608aacfebb0,0xbd9e1745694b77004128e77f5d316d8eb818a6e2,37635000000000000000000,Matic Token,MATIC,18,13,104056,40000000000,52028,497011,deprecated,0xa9059cbb,"transfer(address _to, uint256 _value)",17417784
7643774,1556291956,0x222d300c866f8ff5db06bf6927dd9d50d4b80cb6d754111f2b05862783f2f327,1335033,0xf6ee93de8337ae35b62c80d59cbcfa34b3e92acb7bbbb719a4ee5de72084d161,0x564286362092d8e7936f0549571a803b203aaced,0x7d1afa7b718fb893db30a3abc0cfc608aacfebb0,0x86904e32b0d7a8e1ab4dc4a02bae7ff93e9a2d33,569922800000000000000000,Matic Token,MATIC,18,14,104184,40000000000,52092,549103,deprecated,0xa9059cbb,"transfer(address _to, uint256 _value)",17417784
7643774,1556291956,0x4c0c02911b3233836812c50faa2fe1e2b1f2252db77319f11326f6cc0ab555b6,3104415,0xf6ee93de8337ae35b62c80d59cbcfa34b3e92acb7bbbb719a4ee5de72084d161,0x3f5ce5fbfe3e9af3971dd833d26ba9b5c936f0be,0x7d1afa7b718fb893db30a3abc0cfc608aacfebb0,0xdf350cec26e18f70ea2c8c607c4c8c1d7a0e4d17,139226534000000000000000,Matic Token,MATIC,18,15,104184,40000000000,52092,601195,deprecated,0xa9059cbb,"transfer(address _to, uint256 _value)",17417784
7643774,1556291956,0x9beef1fdd5d9e74964d909ff8e025678faba8d398cda0c87621c41c006165687,1399753,0xf6ee93de8337ae35b62c80d59cbcfa34b3e92acb7bbbb719a4ee5de72084d161,0x0681d8db095565fe8a346fa0277bffde9c0edbbf,0x7d1afa7b718fb893db30a3abc0cfc608aacfebb0,0x8bb7da6a24b0f167626265069d9808f89a13549c,227909120000000000000000,Matic Token,MATIC,18,16,104056,40000000000,37028,638223,deprecated,0xa9059cbb,"transfer(address _to, uint256 _value)",17417784
7643774,1556291956,0x3b9453dd39d289406bd164e3f968e54581905612991facddbbe51b6568cd751d,3104416,0xf6ee93de8337ae35b62c80d59cbcfa34b3e92acb7bbbb719a4ee5de72084d161,0x3f5ce5fbfe3e9af3971dd833d26ba9b5c936f0be,0x7d1afa7b718fb893db30a3abc0cfc608aacfebb0,0xe915eca66b6384dc2d57b0048fcffc85f4fafe25,113904560000000000000000,Matic Token,MATIC,18,17,104184,40000000000,52092,690315,deprecated,0xa9059cbb,"transfer(address _to, uint256 _value)",17417784
7643774,1556291956,0x180c99a739debcbf860837b0620308cbd209400e8e98f843bdbd4b89864957b1,3104417,0xf6ee93de8337ae35b62c80d59cbcfa34b3e92acb7bbbb719a4ee5de72084d161,0x3f5ce5fbfe3e9af3971dd833d26ba9b5c936f0be,0x7d1afa7b718fb893db30a3abc0cfc608aacfebb0,0x2b45f1734509265fca0298d18fa9b14c68bf5335,227909120000000000000000,Matic Token,MATIC,18,18,74056,40000000000,37028,727343,deprecated,0xa9059cbb,"transfer(address _to, uint256 _value)",17417784
7643774,1556291956,0xa33c43b9488f117e03dd429f98691bc315077cecdf0c661515e499a16590d310,1399754,0xf6ee93de8337ae35b62c80d59cbcfa34b3e92acb7bbbb719a4ee5de72084d161,0x0681d8db095565fe8a346fa0277bffde9c0edbbf,0x7d1afa7b718fb893db30a3abc0cfc608aacfebb0,0xcf4ab85b56eb84bfe23d38bdc3a2d515f7802ec5,199763936000000000000000,Matic Token,MATIC,18,20,74184,40000000000,37092,817068,deprecated,0xa9059cbb,"transfer(address _to, uint256 _value)",17417784
7643774,1556291956,0x47179955dd2e278d96c91d5a845d4f60afe06b49e9b1cc6cea5fe493668172cc,1425278,0xf6ee93de8337ae35b62c80d59cbcfa34b3e92acb7bbbb719a4ee5de72084d161,0xd551234ae421e3bcba99a0da6d736074f22192ff,0x7d1afa7b718fb893db30a3abc0cfc608aacfebb0,0xe91c5c1fd041bbfb497bc917dbf67bc0f3914b01,113904560000000000000000,Matic Token,MATIC,18,21,104184,40000000000,52092,869160,deprecated,0xa9059cbb,"transfer(address _to, uint256 _value)",17417784
7643774,1556291956,0x307167641511d1e504d89342ed5daf2f14e347e52fe4886b8e8617c7a263703f,1399755,0xf6ee93de8337ae35b62c80d59cbcfa34b3e92acb7bbbb719a4ee5de72084d161,0x0681d8db095565fe8a346fa0277bffde9c0edbbf,0x7d1afa7b718fb893db30a3abc0cfc608aacfebb0,0xd60c3f2b21a61fe68cf4a5db212573bac73b0170,113968000000000000000000,Matic Token,MATIC,18,22,104184,40000000000,52092,921252,deprecated,0xa9059cbb,"transfer(address _to, uint256 _value)",17417784
7643774,1556291956,0x9e0fdf2d3a01d44b09122d4011a5c5c8d7ef280f87f29d2d1d9c2bdecc075043,1425279,0xf6ee93de8337ae35b62c80d59cbcfa34b3e92acb7bbbb719a4ee5de72084d161,0xd551234ae421e3bcba99a0da6d736074f22192ff,0x7d1afa7b718fb893db30a3abc0cfc608aacfebb0,0x97d5b96b73ded9a42a28b86a68a319636c973253,113904560000000000000000,Matic Token,MATIC,18,23,104184,40000000000,52092,973344,deprecated,0xa9059cbb,"transfer(address _to, uint256 _value)",17417784
7643774,1556291956,0x94154e3f0faac01668b170c0bfacd653ca993441f69bde26c6109d9a3b264476,3104419,0xf6ee93de8337ae35b62c80d59cbcfa34b3e92acb7bbbb719a4ee5de72084d161,0x3f5ce5fbfe3e9af3971dd833d26ba9b5c936f0be,0x7d1afa7b718fb893db30a3abc0cfc608aacfebb0,0xca32c534325a5486d95f02ef61ab48d0ee8d7e05,151906240000000000000000,Matic Token,MATIC,18,24,104184,40000000000,52092,1025436,deprecated,0xa9059cbb,"transfer(address _to, uint256 _value)",17417784
7643785,1556292079,0x3ca45d56856900f585462c87af7e18919b34481a22b93e38d4942482d6a0a0fb,3104430,0xbf8a5a34d9f430717eac7c1211392e4d60df8e816cb30a4817aba67c970d046a,0x3f5ce5fbfe3e9af3971dd833d26ba9b5c936f0be,0x7d1afa7b718fb893db30a3abc0cfc608aacfebb0,0xb4c2c05aaf8c9f0608e4e595273e5a838434e23f,273713680000000000000000,Matic Token,MATIC,18,4,74184,40000000000,37092,202975,deprecated,0xa9059cbb,"transfer(address _to, uint256 _value)",17417773
7643785,1556292079,0x04cdd3d633e68c42ebb24a67bd39f9e41dce12aca881b6755267294ce9e8a496,3104431,0xbf8a5a34d9f430717eac7c1211392e4d60df8e816cb30a4817aba67c970d046a,0x3f5ce5fbfe3e9af3971dd833d26ba9b5c936f0be,0x7d1afa7b718fb893db30a3abc0cfc608aacfebb0,0xb4a4f3fe3d3fae144b2815064a9e595f293b90cd,113904560000000000000000,Matic Token,MATIC,18,5,104184,40000000000,52092,255067,deprecated,0xa9059cbb,"transfer(address _to, uint256 _value)",17417773
7643785,1556292079,0xa5a3570529eb87f7ad2e83e51120d60f57cf5bc2111970b79e1949bf14fbf041,1335045,0xbf8a5a34d9f430717eac7c1211392e4d60df8e816cb30a4817aba67c970d046a,0x564286362092d8e7936f0549571a803b203aaced,0x7d1afa7b718fb893db30a3abc0cfc608aacfebb0,0xbee8845cd016350af73e4cc1ae6d24b832218037,227909120000000000000000,Matic Token,MATIC,18,6,74056,40000000000,37028,292095,deprecated,0xa9059cbb,"transfer(address _to, uint256 _value)",17417773
7643785,1556292079,0xfabd9297fd4c41a1e04f8281d6eb0c947933481b2491af13ed35e24d636c658d,1335046,0xbf8a5a34d9f430717eac7c1211392e4d60df8e816cb30a4817aba67c970d046a,0x564286362092d8e7936f0549571a803b203aaced,0x7d1afa7b718fb893db30a3abc0cfc608aacfebb0,0x7a21a9a0de46d3820a4cf90da58cd01990b1fa2b,254405560000000000000000,Matic Token,MATIC,18,7,104184,40000000000,52092,344187,deprecated,0xa9059cbb,"transfer(address _to, uint256 _value)",17417773
7643785,1556292079,0x6853a9b41892e3460df13bf17240bef2f1bdd6abe14536d90ace90479c427a79,1425285,0xbf8a5a34d9f430717eac7c1211392e4d60df8e816cb30a4817aba67c970d046a,0xd551234ae421e3bcba99a0da6d736074f22192ff,0x7d1afa7b718fb893db30a3abc0cfc608aacfebb0,0xc31aa2162d0efc66e349fc2d2ed1ace4d136eb50,119570770000000000000000,Matic Token,MATIC,18,9,104184,40000000000,52092,450948,deprecated,0xa9059cbb,"transfer(address _to, uint256 _value)",17417773
7643785,1556292079,0xb07600f900309084104b4532444bed90b1f5e5c461ec6c7ff3e1662b5128ffa4,1425286,0xbf8a5a34d9f430717eac7c1211392e4d60df8e816cb30a4817aba67c970d046a,0xd551234ae421e3bcba99a0da6d736074f22192ff,0x7d1afa7b718fb893db30a3abc0cfc608aacfebb0,0x8e96a231947c27caa7fe008831c37edf2fb22c72,113904560000000000000000,Matic Token,MATIC,18,10,104056,40000000000,52028,502976,deprecated,0xa9059cbb,"transfer(address _to, uint256 _value)",17417773
7643785,1556292079,0x723b7cc27404fedb21d6574815efb7e8b9a9fddc3806cf20ced19c48a3140c36,1399761,0xbf8a5a34d9f430717eac7c1211392e4d60df8e816cb30a4817aba67c970d046a,0x0681d8db095565fe8a346fa0277bffde9c0edbbf,0x7d1afa7b718fb893db30a3abc0cfc608aacfebb0,0xb4a4f3fe3d3fae144b2815064a9e595f293b90cd,113904560000000000000000,Matic Token,MATIC,18,11,104184,40000000000,37092,540068,deprecated,0xa9059cbb,"transfer(address _to, uint256 _value)",17417773
7643785,1556292079,0x7129c74ee25e196450aa52632dd83ab723958b7ed283e97601516d4571abff73,1399762,0xbf8a5a34d9f430717eac7c1211392e4d60df8e816cb30a4817aba67c970d046a,0x0681d8db095565fe8a346fa0277bffde9c0edbbf,0x7d1afa7b718fb893db30a3abc0cfc608aacfebb0,0x67778e5db3d5f7da18bab29c77055502429d9be4,262837478000000000000000,Matic Token,MATIC,18,12,104184,40000000000,52092,592160,deprecated,0xa9059cbb,"transfer(address _to, uint256 _value)",17417773
7643785,1556292079,0x51064f92ddc923f1a774c8f1b55e9496d731080a6e20e489ee1956070fec2abe,1399763,0xbf8a5a34d9f430717eac7c1211392e4d60df8e816cb30a4817aba67c970d046a,0x0681d8db095565fe8a346fa0277bffde9c0edbbf,0x7d1afa7b718fb893db30a3abc0cfc608aacfebb0,0xe91c5c1fd041bbfb497bc917dbf67bc0f3914b01,113904560000000000000000,Matic Token,MATIC,18,13,74184,40000000000,37092,629252,deprecated,0xa9059cbb,"transfer(address _to, uint256 _value)",17417773
7643795,1556292222,0x31affd93cbef5e3c748ba125a2b23707d579d653eedbc25d01c00e8407bc5f2e,3104434,0x014f6bca40a9a4262f0056a6263ba0b60ecaf0c880223ff3b34a92adf244f75e,0x3f5ce5fbfe3e9af3971dd833d26ba9b5c936f0be,0x7d1afa7b718fb893db30a3abc0cfc608aacfebb0,0xb4a4f3fe3d3fae144b2815064a9e595f293b90cd,113904560000000000000000,Matic Token,MATIC,18,9,74184,40000000000,37092,326385,deprecated,0xa9059cbb,"transfer(address _to, uint256 _value)",17417763
7643795,1556292222,0xe86f0b32dd1e08e30b9d8c5f5bcf77793257b3558cc256e0eee0bb68217c3a7a,3104435,0x014f6bca40a9a4262f0056a6263ba0b60ecaf0c880223ff3b34a92adf244f75e,0x3f5ce5fbfe3e9af3971dd833d26ba9b5c936f0be,0x7d1afa7b718fb893db30a3abc0cfc608aacfebb0,0x30700f5580f9e7011831014e58950f9f0e99875c,113904560000000000000000,Matic Token,MATIC,18,10,104184,40000000000,52092,378477,deprecated,0xa9059cbb,"transfer(address _to, uint256 _value)",17417763
7643795,1556292222,0xe9105dc461bc3604e587f2e2ab1ab446e4353cf29f4c27f37febf3ab5509970d,3104436,0x014f6bca40a9a4262f0056a6263ba0b60ecaf0c880223ff3b34a92adf244f75e,0x3f5ce5fbfe3e9af3971dd833d26ba9b5c936f0be,0x7d1afa7b718fb893db30a3abc0cfc608aacfebb0,0xbe487457bf996a847401f86ec3617d6c0db670aa,569922800000000000000000,Matic Token,MATIC,18,11,74184,40000000000,37092,415569,deprecated,0xa9059cbb,"transfer(address _to, uint256 _value)",17417763
7643795,1556292222,0xc1858ab2c9c1f215d8fae41b862505491bd1502eba00b94e8f44161d373068b0,1335055,0x014f6bca40a9a4262f0056a6263ba0b60ecaf0c880223ff3b34a92adf244f75e,0x564286362092d8e7936f0549571a803b203aaced,0x7d1afa7b718fb893db30a3abc0cfc608aacfebb0,0x7a21a9a0de46d3820a4cf90da58cd01990b1fa2b,113904560000000000000000,Matic Token,MATIC,18,16,74184,40000000000,37092,604217,deprecated,0xa9059cbb,"transfer(address _to, uint256 _value)",17417763
7643795,1556292222,0xdae789f13bb1b192f6938e8d276ab0e5ec7703f098362ef0462924ca08ce127a,1335056,0x014f6bca40a9a4262f0056a6263ba0b60ecaf0c880223ff3b34a92adf244f75e,0x564286362092d8e7936f0549571a803b203aaced,0x7d1afa7b718fb893db30a3abc0cfc608aacfebb0,0xce304fc42a6daee31a9c95697e49531d21d21796,113904560000000000000000,Matic Token,MATIC,18,17,104184,40000000000,52092,656309,deprecated,0xa9059cbb,"transfer(address _to, uint256 _value)",17417763
7643795,1556292222,0xf432af8c3ecfc7029ebeeaf232c855d8ce97571f668f189e9ceae9088adb6691,1335057,0x014f6bca40a9a4262f0056a6263ba0b60ecaf0c880223ff3b34a92adf244f75e,0x564286362092d8e7936f0549571a803b203aaced,0x7d1afa7b718fb893db30a3abc0cfc608aacfebb0,0x0e31266b978225fbcca0825deca75ae78eeab25f,56902280000000000000000,Matic Token,MATIC,18,18,104184,40000000000,52092,708401,deprecated,0xa9059cbb,"transfer(address _to, uint256 _value)",17417763
7643795,1556292222,0xc47a625712ce8bd25c415ca201a517fd1ee80c6e5a4b9ea8bc17ead18381d799,1399776,0x014f6bca40a9a4262f0056a6263ba0b60ecaf0c880223ff3b34a92adf244f75e,0x0681d8db095565fe8a346fa0277bffde9c0edbbf,0x7d1afa7b718fb893db30a3abc0cfc608aacfebb0,0xbe487457bf996a847401f86ec3617d6c0db670aa,227909120000000000000000,Matic Token,MATIC,18,23,74056,40000000000,37028,863316,deprecated,0xa9059cbb,"transfer(address _to, uint256 _value)",17417763
7643795,1556292222,0xc9d433bc236b04d1b896a35e1ffa1f55357cf30cf24050fe1c6221074ad6ec7e,1399777,0x014f6bca40a9a4262f0056a6263ba0b60ecaf0c880223ff3b34a92adf244f75e,0x0681d8db095565fe8a346fa0277bffde9c0edbbf,0x7d1afa7b718fb893db30a3abc0cfc608aacfebb0,0xa358a8e27e86559baf85fcb424b2b6b00ddaf9d0,113904560000000000000000,Matic Token,MATIC,18,24,104184,40000000000,52092,915408,deprecated,0xa9059cbb,"transfer(address _to, uint256 _value)",17417763
7643795,1556292222,0x4ec4f94e7f7f5b46aae3a3e7d0972e102112741b103aacb5ebc9ff45fafd6184,1399778,0x014f6bca40a9a4262f0056a6263ba0b60ecaf0c880223ff3b34a92adf244f75e,0x0681d8db095565fe8a346fa0277bffde9c0edbbf,0x7d1afa7b718fb893db30a3abc0cfc608aacfebb0,0xb4a4f3fe3d3fae144b2815064a9e595f293b90cd,264318674000000000000000,Matic Token,MATIC,18,25,74184,40000000000,37092,952500,deprecated,0xa9059cbb,"transfer(address _to, uint256 _value)",17417763
7643795,1556292222,0x95aba303df3ab5d775446a46576261f9e12ff8ff4f6f8cae42f533e4a4f42570,1425290,0x014f6bca40a9a4262f0056a6263ba0b60ecaf0c880223ff3b34a92adf244f75e,0xd551234ae421e3bcba99a0da6d736074f22192ff,0x7d1afa7b718fb893db30a3abc0cfc608aacfebb0,0x7a21a9a0de46d3820a4cf90da58cd01990b1fa2b,113904560000000000000000,Matic Token,MATIC,18,28,74184,40000000000,37092,1063225,deprecated,0xa9059cbb,"transfer(address _to, uint256 _value)",17417763
7643795,1556292222,0x6c872b83ce5a93653042a0f887f04b583a6becedb2ff6c0c32c6df24a6b2b0d8,1425291,0x014f6bca40a9a4262f0056a6263ba0b60ecaf0c880223ff3b34a92adf244f75e,0xd551234ae421e3bcba99a0da6d736074f22192ff,0x7d1afa7b718fb893db30a3abc0cfc608aacfebb0,0xce304fc42a6daee31a9c95697e49531d21d21796,113904560000000000000000,Matic Token,MATIC,18,29,104184,40000000000,37092,1100317,deprecated,0xa9059cbb,"transfer(address _to, uint256 _value)",17417763
7643802,1556292361,0xde87599619d8f90fc09e38b46891d968d966b5674c63d0699ae2320221fad656,1335060,0xbe1218e3da3e80e6e88fd32d63bbdd6d308d529b4e0487c06a743b1daefaf227,0x564286362092d8e7936f0549571a803b203aaced,0x7d1afa7b718fb893db30a3abc0cfc608aacfebb0,0xe91c5c1fd041bbfb497bc917dbf67bc0f3914b01,113904560000000000000000,Matic Token,MATIC,18,3,74184,40000000000,37092,116205,deprecated,0xa9059cbb,"transfer(address _to, uint256 _value)",17417756
7643802,1556292361,0x0fa8134d4970ed6b32b55c51f3395afcbcc6b03f7d0178ab52c56ff35362d27b,1335061,0xbe1218e3da3e80e6e88fd32d63bbdd6d308d529b4e0487c06a743b1daefaf227,0x564286362092d8e7936f0549571a803b203aaced,0x7d1afa7b718fb893db30a3abc0cfc608aacfebb0,0xd6f3d19b92fcbff2597d5c67c8dcff95bd94c228,227909120000000000000000,Matic Token,MATIC,18,4,104056,40000000000,52028,168233,deprecated,0xa9059cbb,"transfer(address _to, uint256 _value)",17417756
7643802,1556292361,0x5909148f23a262804398584a6c7b766902c54caa2428f9709521b25737a549c7,1335062,0xbe1218e3da3e80e6e88fd32d63bbdd6d308d529b4e0487c06a743b1daefaf227,0x564286362092d8e7936f0549571a803b203aaced,0x7d1afa7b718fb893db30a3abc0cfc608aacfebb0,0x7a21a9a0de46d3820a4cf90da58cd01990b1fa2b,113904560000000000000000,Matic Token,MATIC,18,5,74184,40000000000,37092,205325,deprecated,0xa9059cbb,"transfer(address _to, uint256 _value)",17417756
7643802,1556292361,0xc6db30c925e958de26cbdb1576a10c9ec8136542697aa402999fd2863a1e7c2a,1335063,0xbe1218e3da3e80e6e88fd32d63bbdd6d308d529b4e0487c06a743b1daefaf227,0x564286362092d8e7936f0549571a803b203aaced,0x7d1afa7b718fb893db30a3abc0cfc608aacfebb0,0x7a21a9a0de46d3820a4cf90da58cd01990b1fa2b,113904560000000000000000,Matic Token,MATIC,18,6,74184,40000000000,37092,242417,deprecated,0xa9059cbb,"transfer(address _to, uint256 _value)",17417756
7643802,1556292361,0xf19394d62e04363b33698f7e30bc7cf3a1e559af959e9ad7ff26de59a24313cc,1335064,0xbe1218e3da3e80e6e88fd32d63bbdd6d308d529b4e0487c06a743b1daefaf227,0x564286362092d8e7936f0549571a803b203aaced,0x7d1afa7b718fb893db30a3abc0cfc608aacfebb0,0x7a21a9a0de46d3820a4cf90da58cd01990b1fa2b,113904560000000000000000,Matic Token,MATIC,18,7,74184,40000000000,37092,279509,deprecated,0xa9059cbb,"transfer(address _to, uint256 _value)",17417756
7643802,1556292361,0xe9114f9b5d17c43f9866aaea23fa42e06e4b0361b45bf8a45ede0fa1b7bf5a81,1425295,0xbe1218e3da3e80e6e88fd32d63bbdd6d308d529b4e0487c06a743b1daefaf227,0xd551234ae421e3bcba99a0da6d736074f22192ff,0x7d1afa7b718fb893db30a3abc0cfc608aacfebb0,0xc3ffed0d4db9707c7916062dc3ea9ae6344c96fd,341713680000000000000000,Matic Token,MATIC,18,9,74184,40000000000,37092,371270,deprecated,0xa9059cbb,"transfer(address _to, uint256 _value)",17417756
7643802,1556292361,0x6c6c42d26c45dfb8e214906f06d4a0b80c0d370aa71b1968d974f3ba1852bbe8,1425296,0xbe1218e3da3e80e6e88fd32d63bbdd6d308d529b4e0487c06a743b1daefaf227,0xd551234ae421e3bcba99a0da6d736074f22192ff,0x7d1afa7b718fb893db30a3abc0cfc608aacfebb0,0x8493bb050e9199882e19c94f5f3a23dbd3c57f98,113904000000000000000000,Matic Token,MATIC,18,10,104184,40000000000,52092,423362,deprecated,0xa9059cbb,"transfer(address _to, uint256 _value)",17417756
7643802,1556292361,0x1dd97e6d4b7f17d12c2629fe8d9e98580c11d78d21633f31e6cbd0d3d39c5c3c,1425297,0xbe1218e3da3e80e6e88fd32d63bbdd6d308d529b4e0487c06a743b1daefaf227,0xd551234ae421e3bcba99a0da6d736074f22192ff,0x7d1afa7b718fb893db30a3abc0cfc608aacfebb0,0x7f849c92e48e3c0a5dd8e5b9b53f91aae8b6c1c1,518131682500000000000000,Matic Token,MATIC,18,11,104312,40000000000,52156,475518,deprecated,0xa9059cbb,"transfer(address _to, uint256 _value)",17417756
7643802,1556292361,0xfbbd231adfa4fafa7c881ed8971f2d9e521486b6a58a81b1075576f9006e5202,3104440,0xbe1218e3da3e80e6e88fd32d63bbdd6d308d529b4e0487c06a743b1daefaf227,0x3f5ce5fbfe3e9af3971dd833d26ba9b5c936f0be,0x7d1afa7b718fb893db30a3abc0cfc608aacfebb0,0x7a21a9a0de46d3820a4cf90da58cd01990b1fa2b,113904560000000000000000,Matic Token,MATIC,18,13,74184,40000000000,37092,567279,deprecated,0xa9059cbb,"transfer(address _to, uint256 _value)",17417756
7643802,1556292361,0xe48910f1ce9537e43cdf4f8af61663672d5c06587b198f04ce5f340c13a02f53,3104441,0xbe1218e3da3e80e6e88fd32d63bbdd6d308d529b4e0487c06a743b1daefaf227,0x3f5ce5fbfe3e9af3971dd833d26ba9b5c936f0be,0x7d1afa7b718fb893db30a3abc0cfc608aacfebb0,0x2b45f1734509265fca0298d18fa9b14c68bf5335,227909120000000000000000,Matic Token,MATIC,18,14,74056,40000000000,37028,604307,deprecated,0xa9059cbb,"transfer(address _to, uint256 _value)",17417756
7643802,1556292361,0x66f6a44463c6199c411a8fdba54c2cc9b8504506c72717e0580d8618330b2e8a,1399782,0xbe1218e3da3e80e6e88fd32d63bbdd6d308d529b4e0487c06a743b1daefaf227,0x0681d8db095565fe8a346fa0277bffde9c0edbbf,0x7d1afa7b718fb893db30a3abc0cfc608aacfebb0,0xbf4fa54286507c1e2f6f1201424d903e3267a988,113904560000000000000000,Matic Token,MATIC,18,15,104184,40000000000,52092,656399,deprecated,0xa9059cbb,"transfer(address _to, uint256 _value)",17417756
7643806,1556292413,0xa748ad0b19a8ceea17d043e942bda76597fd1245b7a36ae83f21e6890b8cce63,12,0xe989b2a34d6f7d9a7f32062791530c638c743adeb2f66bcaa5e0041e09a2402f,0xc5c94c7130e475dbb567ff07ae99336d7df79b3e,0x7d1afa7b718fb893db30a3abc0cfc608aacfebb0,0x9d19aa0d24e604f77aba4cd250ffbaf6b15819b7,113904560000000000000000,Matic Token,MATIC,18,164,52092,5000000000,37092,7888009,deprecated,0xa9059cbb,"transfer(address _to, uint256 _value)",17417752
7643812,1556292478,0xf5af5a82fe87e32e81def4fc8233a9bdf752bccb25690fbf42a7657ada17e2a3,1335070,0xa92bc72dcd21ef058f73b93db79a394a24c5333e21d26dcb9b3154eb5735a8fb,0x564286362092d8e7936f0549571a803b203aaced,0x7d1afa7b718fb893db30a3abc0cfc608aacfebb0,0xe91c5c1fd041bbfb497bc917dbf67bc0f3914b01,113904560000000000000000,Matic Token,MATIC,18,0,74184,40000000000,37092,37092,deprecated,0xa9059cbb,"transfer(address _to, uint256 _value)",17417746
7643812,1556292478,0xc8c70e18064b7adf06393d3ffb5b660e2698ee112be7e072e3c694a743cfe4e3,1335071,0xa92bc72dcd21ef058f73b93db79a394a24c5333e21d26dcb9b3154eb5735a8fb,0x564286362092d8e7936f0549571a803b203aaced,0x7d1afa7b718fb893db30a3abc0cfc608aacfebb0,0xbee8845cd016350af73e4cc1ae6d24b832218037,113904560000000000000000,Matic Token,MATIC,18,1,74184,40000000000,37092,74184,deprecated,0xa9059cbb,"transfer(address _to, uint256 _value)",17417746
7643812,1556292478,0x88dc50d915536166e0566203b2b65c00fedaef409463616a1199dd61f41998ad,1335072,0xa92bc72dcd21ef058f73b93db79a394a24c5333e21d26dcb9b3154eb5735a8fb,0x564286362092d8e7936f0549571a803b203aaced,0x7d1afa7b718fb893db30a3abc0cfc608aacfebb0,0xa8907e00dd09a844e03143720b241e8b3bf62582,227909120000000000000000,Matic Token,MATIC,18,2,103928,40000000000,51964,126148,deprecated,0xa9059cbb,"transfer(address _to, uint256 _value)",17417746
7643812,1556292478,0xec984a00217e54675dd30a492a06d7d5278d165b1c5ea828dc4b8b9775e67c06,1335073,0xa92bc72dcd21ef058f73b93db79a394a24c5333e21d26dcb9b3154eb5735a8fb,0x564286362092d8e7936f0549571a803b203aaced,0x7d1afa7b718fb893db30a3abc0cfc608aacfebb0,0x92bd9a85fda3b5f80988437e77cb56084d89ca05,227909120000000000000000,Matic Token,MATIC,18,3,104056,40000000000,52028,178176,deprecated,0xa9059cbb,"transfer(address _to, uint256 _value)",17417746
7643812,1556292478,0x0986e44aea929e7bf66d008478b758cf12ec3d43881396297230d76f4ac99376,1399785,0xa92bc72dcd21ef058f73b93db79a394a24c5333e21d26dcb9b3154eb5735a8fb,0x0681d8db095565fe8a346fa0277bffde9c0edbbf,0x7d1afa7b718fb893db30a3abc0cfc608aacfebb0,0x92bd9a85fda3b5f80988437e77cb56084d89ca05,341913680000000000000000,Matic Token,MATIC,18,4,104184,40000000000,37092,215268,deprecated,0xa9059cbb,"transfer(address _to, uint256 _value)",17417746
7643812,1556292478,0x8523b7ccf8b6177dd8ce0de76ddf6efc168fce30108c50b5b02983bebf1a50b4,1399786,0xa92bc72dcd21ef058f73b93db79a394a24c5333e21d26dcb9b3154eb5735a8fb,0x0681d8db095565fe8a346fa0277bffde9c0edbbf,0x7d1afa7b718fb893db30a3abc0cfc608aacfebb0,0xbe487457bf996a847401f86ec3617d6c0db670aa,341913680000000000000000,Matic Token,MATIC,18,5,74184,40000000000,37092,252360,deprecated,0xa9059cbb,"transfer(address _to, uint256 _value)",17417746
7643812,1556292478,0xb9a711c11b3212c81deb81f52eb5a0de4f541f83a3d7b1962074bc8c9c0e25be,1399787,0xa92bc72dcd21ef058f73b93db79a394a24c5333e21d26dcb9b3154eb5735a8fb,0x0681d8db095565fe8a346fa0277bffde9c0edbbf,0x7d1afa7b718fb893db30a3abc0cfc608aacfebb0,0x92bd9a85fda3b5f80988437e77cb56084d89ca05,227909120000000000000000,Matic Token,MATIC,18,6,104056,40000000000,37028,289388,deprecated,0xa9059cbb,"transfer(address _to, uint256 _value)",17417746
7643812,1556292478,0xbf0d2b1f95f89a504f27af74429c7f42dd20e74d7622d11b95277996c56e856e,1399788,0xa92bc72dcd21ef058f73b93db79a394a24c5333e21d26dcb9b3154eb5735a8fb,0x0681d8db095565fe8a346fa0277bffde9c0edbbf,0x7d1afa7b718fb893db30a3abc0cfc608aacfebb0,0xb40e94b07307fc4bc40b668ae27f29e03226f380,79703192000000000000000,Matic Token,MATIC,18,7,104184,40000000000,52092,341480,deprecated,0xa9059cbb,"transfer(address _to, uint256 _value)",17417746
7643812,1556292478,0xd4f65e1b215911df2e737b6bee1307ce58bf76767cac95f3c64bc5953f22971e,1399789,0xa92bc72dcd21ef058f73b93db79a394a24c5333e21d26dcb9b3154eb5735a8fb,0x0681d8db095565fe8a346fa0277bffde9c0edbbf,0x7d1afa7b718fb893db30a3abc0cfc608aacfebb0,0x1807b656cf306cb64905d38a2a087b72c3b08680,113904560000000000000000,Matic Token,MATIC,18,8,104184,40000000000,52092,393572,deprecated,0xa9059cbb,"transfer(address _to, uint256 _value)",17417746
7643812,1556292478,0x1afc5ae06bbb2f2f5bf3d5aa1a9b46505230d0355d0f5defda31fdc46e68e6ef,1399790,0xa92bc72dcd21ef058f73b93db79a394a24c5333e21d26dcb9b3154eb5735a8fb,0x0681d8db095565fe8a346fa0277bffde9c0edbbf,0x7d1afa7b718fb893db30a3abc0cfc608aacfebb0,0xe91c5c1fd041bbfb497bc917dbf67bc0f3914b01,113904560000000000000000,Matic Token,MATIC,18,9,74184,40000000000,37092,430664,deprecated,0xa9059cbb,"transfer(address _to, uint256 _value)",17417746
7643812,1556292478,0x081fc98df1fd97e80d2971accbdf02075c2320855a3d5136d4c2563e6d82e201,1425306,0xa92bc72dcd21ef058f73b93db79a394a24c5333e21d26dcb9b3154eb5735a8fb,0xd551234ae421e3bcba99a0da6d736074f22192ff,0x7d1afa7b718fb893db30a3abc0cfc608aacfebb0,0x92bd9a85fda3b5f80988437e77cb56084d89ca05,113904560000000000000000,Matic Token,MATIC,18,10,104184,40000000000,37092,467756,deprecated,0xa9059cbb,"transfer(address _to, uint256 _value)",17417746
7643812,1556292478,0x3f939daf46b144f35777ffac442aeb767f9e87f0c84ca207c6a0866904387652,3104449,0xa92bc72dcd21ef058f73b93db79a394a24c5333e21d26dcb9b3154eb5735a8fb,0x3f5ce5fbfe3e9af3971dd833d26ba9b5c936f0be,0x7d1afa7b718fb893db30a3abc0cfc608aacfebb0,0x758eae6e8417147d6f255c458ca5c8a181993b9c,226909120000000000000000,Matic Token,MATIC,18,11,74184,40000000000,37092,504848,deprecated,0xa9059cbb,"transfer(address _to, uint256 _value)",17417746
7643824,1556292594,0x73183815fa81326f210c11308f6e5cc190dd1d248785fe456df6480c20b42939,25,0x4537ddbaa981c6ebe7b0196d1ce37b8428eb5d7e95d09ee1137b69e471e6e2d1,0x67778e5db3d5f7da18bab29c77055502429d9be4,0x7d1afa7b718fb893db30a3abc0cfc608aacfebb0,0x3f5ce5fbfe3e9af3971dd833d26ba9b5c936f0be,262837478000000000000000,Matic Token,MATIC,18,34,74184,20000000000,22092,1304200,deprecated,0xa9059cbb,"transfer(address _to, uint256 _value)",17417734
7643824,1556292594,0x00a5793b7f745e7b7cb405299eda986a1ef455bc4af684f2793957b6df4955fc,25,0x4537ddbaa981c6ebe7b0196d1ce37b8428eb5d7e95d09ee1137b69e471e6e2d1,0x7a21a9a0de46d3820a4cf90da58cd01990b1fa2b,0x7d1afa7b718fb893db30a3abc0cfc608aacfebb0,0x3f5ce5fbfe3e9af3971dd833d26ba9b5c936f0be,937832920000000000000000,Matic Token,MATIC,18,38,74184,20000000000,22092,1404859,deprecated,0xa9059cbb,"transfer(address _to, uint256 _value)",17417734
7643824,1556292594,0xdec2e2a63cc1f1a92dcd6db37b77b99fe2419e4ae85eded5ef9ec5829d62e6d7,2,0x4537ddbaa981c6ebe7b0196d1ce37b8428eb5d7e95d09ee1137b69e471e6e2d1,0xca32c534325a5486d95f02ef61ab48d0ee8d7e05,0x7d1afa7b718fb893db30a3abc0cfc608aacfebb0,0x3f5ce5fbfe3e9af3971dd833d26ba9b5c936f0be,151906240000000000000000,Matic Token,MATIC,18,39,74184,20000000000,22092,1426951,deprecated,0xa9059cbb,"transfer(address _to, uint256 _value)",17417734
7643824,1556292594,0x1c3f90fd074da21df25034dfa91c4cca48f82a17e35a15c1325e818523e173ec,8,0x4537ddbaa981c6ebe7b0196d1ce37b8428eb5d7e95d09ee1137b69e471e6e2d1,0xbee8845cd016350af73e4cc1ae6d24b832218037,0x7d1afa7b718fb893db30a3abc0cfc608aacfebb0,0x3f5ce5fbfe3e9af3971dd833d26ba9b5c936f0be,455718240000000000000000,Matic Token,MATIC,18,40,74184,20000000000,22092,1449043,deprecated,0xa9059cbb,"transfer(address _to, uint256 _value)",17417734
7643824,1556292594,0xdee93dab8cd84bab9ce41b94265ef5b1121b2c2ada9ed98b73ac85183dfeb249,58,0x4537ddbaa981c6ebe7b0196d1ce37b8428eb5d7e95d09ee1137b69e471e6e2d1,0x2b45f1734509265fca0298d18fa9b14c68bf5335,0x7d1afa7b718fb893db30a3abc0cfc608aacfebb0,0x3f5ce5fbfe3e9af3971dd833d26ba9b5c936f0be,797731920000000000000000,Matic Token,MATIC,18,43,74184,20000000000,22092,1517107,deprecated,0xa9059cbb,"transfer(address _to, uint256 _value)",17417734
7643824,1556292594,0x39b3270e782d59c4c7e2321f3ac815c972c4677ffe397f98397a05adef284c87,14,0x4537ddbaa981c6ebe7b0196d1ce37b8428eb5d7e95d09ee1137b69e471e6e2d1,0xb9c45af0a362a8af82107a93da7456986270f3b9,0x7d1afa7b718fb893db30a3abc0cfc608aacfebb0,0x3f5ce5fbfe3e9af3971dd833d26ba9b5c936f0be,341913680000000000000000,Matic Token,MATIC,18,45,74184,20000000000,22092,1592318,deprecated,0xa9059cbb,"transfer(address _to, uint256 _value)",17417734
7643824,1556292594,0x2459094c29a270eb3e2796d49a9c1a685acf4445f9067c6c42b9053f3429073b,24,0x4537ddbaa981c6ebe7b0196d1ce37b8428eb5d7e95d09ee1137b69e471e6e2d1,0x6b9679e3d911e2c38809a75e74b6f7ebd7c05dc6,0x7d1afa7b718fb893db30a3abc0cfc608aacfebb0,0x3f5ce5fbfe3e9af3971dd833d26ba9b5c936f0be,113904560000000000000000,Matic Token,MATIC,18,47,74184,20000000000,22092,1644737,deprecated,0xa9059cbb,"transfer(address _to, uint256 _value)",17417734
7643824,1556292594,0x7c38c069f2908d96cc54b1962b1d2cf6e3209131e2ccdffde56a9c1fdda4acde,4,0x4537ddbaa981c6ebe7b0196d1ce37b8428eb5d7e95d09ee1137b69e471e6e2d1,0x8493bb050e9199882e19c94f5f3a23dbd3c57f98,0x7d1afa7b718fb893db30a3abc0cfc608aacfebb0,0x3f5ce5fbfe3e9af3971dd833d26ba9b5c936f0be,113904000000000000000000,Matic Token,MATIC,18,48,74184,20000000000,22092,1666829,deprecated,0xa9059cbb,"transfer(address _to, uint256 _value)",17417734
7643824,1556292594,0x67abb6f5ae03b7de8c74842a5b621f8b129a996983efa87f15f1949fc1262639,8,0x4537ddbaa981c6ebe7b0196d1ce37b8428eb5d7e95d09ee1137b69e471e6e2d1,0xcf4ab85b56eb84bfe23d38bdc3a2d515f7802ec5,0x7d1afa7b718fb893db30a3abc0cfc608aacfebb0,0x3f5ce5fbfe3e9af3971dd833d26ba9b5c936f0be,458326693000000000000000,Matic Token,MATIC,18,50,74312,20000000000,22156,1711971,deprecated,0xa9059cbb,"transfer(address _to, uint256 _value)",17417734
7643824,1556292594,0x478d62228874e4c79c36262c1d1c7525a0c575fb3cbda2e397d066962c9212b7,4,0x4537ddbaa981c6ebe7b0196d1ce37b8428eb5d7e95d09ee1137b69e471e6e2d1,0xdf350cec26e18f70ea2c8c607c4c8c1d7a0e4d17,0x7d1afa7b718fb893db30a3abc0cfc608aacfebb0,0x3f5ce5fbfe3e9af3971dd833d26ba9b5c936f0be,139226534000000000000000,Matic Token,MATIC,18,52,74184,20000000000,22092,1756705,deprecated,0xa9059cbb,"transfer(address _to, uint256 _value)",17417734
7643824,1556292594,0xfeb324d107a74a604c374762033109fcad5ed3671544608b7e2044e043023dbc,16,0x4537ddbaa981c6ebe7b0196d1ce37b8428eb5d7e95d09ee1137b69e471e6e2d1,0xe91c5c1fd041bbfb497bc917dbf67bc0f3914b01,0x7d1afa7b718fb893db30a3abc0cfc608aacfebb0,0x3f5ce5fbfe3e9af3971dd833d26ba9b5c936f0be,569522800000000000000000,Matic Token,MATIC,18,54,74184,20000000000,22092,1801783,deprecated,0xa9059cbb,"transfer(address _to, uint256 _value)",17417734
7643824,1556292594,0x5541ef46301f7286f494a94697e793c5cf061b5114de6d5531b831d5261a5908,8,0x4537ddbaa981c6ebe7b0196d1ce37b8428eb5d7e95d09ee1137b69e471e6e2d1,0xea56ba73650cff405199645319a8cd017f96037a,0x7d1afa7b718fb893db30a3abc0cfc608aacfebb0,0x3f5ce5fbfe3e9af3971dd833d26ba9b5c936f0be,27261094400000000000000,Matic Token,MATIC,18,58,74184,20000000000,22092,1918875,deprecated,0xa9059cbb,"transfer(address _to, uint256 _value)",17417734
7643824,1556292594,0xc718b02607bf38e3e345dc8731de2d455f11a2a7eab9d0ea69518c6c0418269d,4,0x4537ddbaa981c6ebe7b0196d1ce37b8428eb5d7e95d09ee1137b69e471e6e2d1,0xce304fc42a6daee31a9c95697e49531d21d21796,0x7d1afa7b718fb893db30a3abc0cfc608aacfebb0,0x3f5ce5fbfe3e9af3971dd833d26ba9b5c936f0be,227809120000000000000000,Matic Token,MATIC,18,62,74184,20000000000,22092,2038923,deprecated,0xa9059cbb,"transfer(address _to, uint256 _value)",17417734
7643824,1556292594,0x4f17e5bf9544961042d50857db2687962926e65e17c0506411dcf5594b73d79e,33,0x4537ddbaa981c6ebe7b0196d1ce37b8428eb5d7e95d09ee1137b69e471e6e2d1,0xbe487457bf996a847401f86ec3617d6c0db670aa,0x7d1afa7b718fb893db30a3abc0cfc608aacfebb0,0x3f5ce5fbfe3e9af3971dd833d26ba9b5c936f0be,1481659280000000000000000,Matic Token,MATIC,18,63,74312,20000000000,22156,2061079,deprecated,0xa9059cbb,"transfer(address _to, uint256 _value)",17417734
7643824,1556292594,0xf9513d63bc524e89a0cd86617393d8ab62b08d5c825f7293b3553ac24cd5a0ed,19,0x4537ddbaa981c6ebe7b0196d1ce37b8428eb5d7e95d09ee1137b69e471e6e2d1,0x7f849c92e48e3c0a5dd8e5b9b53f91aae8b6c1c1,0x7d1afa7b718fb893db30a3abc0cfc608aacfebb0,0x3f5ce5fbfe3e9af3971dd833d26ba9b5c936f0be,518131682500000000000000,Matic Token,MATIC,18,65,74312,20000000000,22156,2113498,deprecated,0xa9059cbb,"transfer(address _to, uint256 _value)",17417734
7643824,1556292594,0xdf3ecd43e9bdc989f39d8e722619ba29bfafe633eaa5e112e05eded65bc82a85,2,0x4537ddbaa981c6ebe7b0196d1ce37b8428eb5d7e95d09ee1137b69e471e6e2d1,0xce21f712cfdc2b2a77e53fd1386780588f7ea64a,0x7d1afa7b718fb893db30a3abc0cfc608aacfebb0,0x3f5ce5fbfe3e9af3971dd833d26ba9b5c936f0be,227909120000000000000000,Matic Token,MATIC,18,66,74056,20000000000,22028,2135526,deprecated,0xa9059cbb,"transfer(address _to, uint256 _value)",17417734
7643824,1556292594,0x77afd6a35fb085a61826e601bb20528d18a86df05248a2300620d320edaed5a9,26,0x4537ddbaa981c6ebe7b0196d1ce37b8428eb5d7e95d09ee1137b69e471e6e2d1,0x30700f5580f9e7011831014e58950f9f0e99875c,0x7d1afa7b718fb893db30a3abc0cfc608aacfebb0,0x3f5ce5fbfe3e9af3971dd833d26ba9b5c936f0be,113904560000000000000000,Matic Token,MATIC,18,68,74184,20000000000,22092,2180260,deprecated,0xa9059cbb,"transfer(address _to, uint256 _value)",17417734
7643824,1556292594,0x23005a1b0f35b2f63214ee090f404590665caa8d7ec9f4c6612410032efc1437,293,0x4537ddbaa981c6ebe7b0196d1ce37b8428eb5d7e95d09ee1137b69e471e6e2d1,0xb4a4f3fe3d3fae144b2815064a9e595f293b90cd,0x7d1afa7b718fb893db30a3abc0cfc608aacfebb0,0x3f5ce5fbfe3e9af3971dd833d26ba9b5c936f0be,606032354000000000000000,Matic Token,MATIC,18,69,74184,20000000000,22092,2202352,deprecated,0xa9059cbb,"transfer(address _to, uint256 _value)",17417734
7643824,1556292594,0xb41c6ac64f135687128b6f2e43edd49a5755c37b7de7a50a2369c8f5e2548f99,17,0x4537ddbaa981c6ebe7b0196d1ce37b8428eb5d7e95d09ee1137b69e471e6e2d1,0x8bb7da6a24b0f167626265069d9808f89a13549c,0x7d1afa7b718fb893db30a3abc0cfc608aacfebb0,0x3f5ce5fbfe3e9af3971dd833d26ba9b5c936f0be,455818240000000000000000,Matic Token,MATIC,18,70,74056,20000000000,22028,2224380,deprecated,0xa9059cbb,"transfer(address _to, uint256 _value)",17417734
7643824,1556292594,0xaef308dd5b235d9d7c52527c4803be2329b273d4fd4c505f6d8e4609d87aa921,0,0x4537ddbaa981c6ebe7b0196d1ce37b8428eb5d7e95d09ee1137b69e471e6e2d1,0xbd9e1745694b77004128e77f5d316d8eb818a6e2,0x7d1afa7b718fb893db30a3abc0cfc608aacfebb0,0xf7793d27a1b76cdf14db7c83e82c772cf7c92910,37635000000000000000000,Matic Token,MATIC,18,114,60000,7000000000,37092,4044203,deprecated,0xa9059cbb,"transfer(address _to, uint256 _value)",17417734
7643825,1556292613,0xe578235c0927450b9df4d607317d24ac5725d30fb756e79f8b6eea8cc74589af,1335080,0xe406c8017bc052007be2ebd49b28864fdef5bba6cfaeea75742f18ac21e1b0dc,0x564286362092d8e7936f0549571a803b203aaced,0x7d1afa7b718fb893db30a3abc0cfc608aacfebb0,0x92bd9a85fda3b5f80988437e77cb56084d89ca05,113904560000000000000000,Matic Token,MATIC,18,15,74184,40000000000,37092,385190,deprecated,0xa9059cbb,"transfer(address _to, uint256 _value)",17417733
7643825,1556292613,0xf4c9ac4071fad6b1286a86a2ecd8a22aa9a5712e1ba703f0f25df96c8ea0001c,1335081,0xe406c8017bc052007be2ebd49b28864fdef5bba6cfaeea75742f18ac21e1b0dc,0x564286362092d8e7936f0549571a803b203aaced,0x7d1afa7b718fb893db30a3abc0cfc608aacfebb0,0xc3ffed0d4db9707c7916062dc3ea9ae6344c96fd,341913680000000000000000,Matic Token,MATIC,18,16,74184,40000000000,37092,422282,deprecated,0xa9059cbb,"transfer(address _to, uint256 _value)",17417733
7643825,1556292613,0x856bf50f806c99e887ddd853c223e7fed43912499b7b1d755cd74c6ef74e74e1,1335082,0xe406c8017bc052007be2ebd49b28864fdef5bba6cfaeea75742f18ac21e1b0dc,0x564286362092d8e7936f0549571a803b203aaced,0x7d1afa7b718fb893db30a3abc0cfc608aacfebb0,0x2b45f1734509265fca0298d18fa9b14c68bf5335,113904560000000000000000,Matic Token,MATIC,18,17,74184,40000000000,52092,474374,deprecated,0xa9059cbb,"transfer(address _to, uint256 _value)",17417733
7643825,1556292613,0x27a273f0281da5dc5827c7563c569f5715cbfa78b748f5acfc8fc3b050d2c3f3,1425311,0xe406c8017bc052007be2ebd49b28864fdef5bba6cfaeea75742f18ac21e1b0dc,0xd551234ae421e3bcba99a0da6d736074f22192ff,0x7d1afa7b718fb893db30a3abc0cfc608aacfebb0,0xb141d28bed3a8c8cdedcea664affa10a36b22655,341913680000000000000000,Matic Token,MATIC,18,20,104184,40000000000,52092,631222,deprecated,0xa9059cbb,"transfer(address _to, uint256 _value)",17417733
7643825,1556292613,0x48611558f0de44682111e393615e95a5cb9cb6b80ecde7cfcc16a8856192bc89,1425312,0xe406c8017bc052007be2ebd49b28864fdef5bba6cfaeea75742f18ac21e1b0dc,0xd551234ae421e3bcba99a0da6d736074f22192ff,0x7d1afa7b718fb893db30a3abc0cfc608aacfebb0,0x911addf45d330822e415a931e9dfd239b55be6c2,113904560000000000000000,Matic Token,MATIC,18,21,104184,40000000000,52092,683314,deprecated,0xa9059cbb,"transfer(address _to, uint256 _value)",17417733
7643825,1556292613,0xbea8419539c90cac2ab25548caad726979a7b95e0d23cf0984bc5091d73b1337,1399796,0xe406c8017bc052007be2ebd49b28864fdef5bba6cfaeea75742f18ac21e1b0dc,0x0681d8db095565fe8a346fa0277bffde9c0edbbf,0x7d1afa7b718fb893db30a3abc0cfc608aacfebb0,0x92bd9a85fda3b5f80988437e77cb56084d89ca05,341913680000000000000000,Matic Token,MATIC,18,22,74184,40000000000,37092,720406,deprecated,0xa9059cbb,"transfer(address _to, uint256 _value)",17417733
7643825,1556292613,0xb1500e8c85e22f66cd22049e54677fdc8f647d48eedd154c9bcf82c35c868d00,3104461,0xe406c8017bc052007be2ebd49b28864fdef5bba6cfaeea75742f18ac21e1b0dc,0x3f5ce5fbfe3e9af3971dd833d26ba9b5c936f0be,0x7d1afa7b718fb893db30a3abc0cfc608aacfebb0,0x67778e5db3d5f7da18bab29c77055502429d9be4,258290030000000000000000,Matic Token,MATIC,18,24,74184,40000000000,52092,827231,deprecated,0xa9059cbb,"transfer(address _to, uint256 _value)",17417733
7643825,1556292613,0x3d015b70d9c5f5441c23ee7c74830b238fe4b37902e148b230ecdbc3718a9e53,46,0xe406c8017bc052007be2ebd49b28864fdef5bba6cfaeea75742f18ac21e1b0dc,0x9944dbe4b123192b3133b7ab5dbb4d2ff5eacc34,0x7d1afa7b718fb893db30a3abc0cfc608aacfebb0,0x3f5ce5fbfe3e9af3971dd833d26ba9b5c936f0be,273715050000000000000000,Matic Token,MATIC,18,49,74184,20000000000,22092,7286143,deprecated,0xa9059cbb,"transfer(address _to, uint256 _value)",17417733
7643825,1556292613,0x38fcba0d8225a25280b04b8a5a5b5640f7c9b82dd996f203917fcc03c50b5a83,45,0xe406c8017bc052007be2ebd49b28864fdef5bba6cfaeea75742f18ac21e1b0dc,0x161fd72dce15c24521e3753c34f6c9f4d2fe230a,0x7d1afa7b718fb893db30a3abc0cfc608aacfebb0,0x3f5ce5fbfe3e9af3971dd833d26ba9b5c936f0be,156556120000000000000000,Matic Token,MATIC,18,50,74184,20000000000,22092,7308235,deprecated,0xa9059cbb,"transfer(address _to, uint256 _value)",17417733
7643825,1556292613,0x72e257f0b10f3a76141da3df2b88c1a4f6249157f3e56fe8e9190e8528d1f456,29,0xe406c8017bc052007be2ebd49b28864fdef5bba6cfaeea75742f18ac21e1b0dc,0xc3ffed0d4db9707c7916062dc3ea9ae6344c96fd,0x7d1afa7b718fb893db30a3abc0cfc608aacfebb0,0x3f5ce5fbfe3e9af3971dd833d26ba9b5c936f0be,341813680000000000000000,Matic Token,MATIC,18,63,74184,20000000000,37092,7624947,deprecated,0xa9059cbb,"transfer(address _to, uint256 _value)",17417733
7643825,1556292613,0xe04bcf2099d06db1b8c38679f017452c8385438c04f577c8f2bf6ee768f21277,55,0xe406c8017bc052007be2ebd49b28864fdef5bba6cfaeea75742f18ac21e1b0dc,0x0e31266b978225fbcca0825deca75ae78eeab25f,0x7d1afa7b718fb893db30a3abc0cfc608aacfebb0,0x3f5ce5fbfe3e9af3971dd833d26ba9b5c936f0be,56902280000000000000000,Matic Token,MATIC,18,71,74184,20000000000,22092,7826039,deprecated,0xa9059cbb,"transfer(address _to, uint256 _value)",17417733
7643825,1556292613,0x2b4e76a61658d317f09cece54e9f721f565ebaab5fd28b6e095daa5c27d325c4,86,0xe406c8017bc052007be2ebd49b28864fdef5bba6cfaeea75742f18ac21e1b0dc,0x80cbdc9d14f900c776034fb1bcc008b9b0df8a2d,0x7d1afa7b718fb893db30a3abc0cfc608aacfebb0,0x3f5ce5fbfe3e9af3971dd833d26ba9b5c936f0be,329136373000000000000000,Matic Token,MATIC,18,76,74312,20000000000,22156,7933837,deprecated,0xa9059cbb,"transfer(address _to, uint256 _value)",17417733
7643826,1556292624,0x6187929dc8bab1c4560c5ff0e6c1d1be303742d46e53b9eed4de406644da8774,6,0x3e648539bcf97ac38aa5f1b3c7f2b17678f7f86a6851feb3848c65fcee98b9fe,0x58a6f532c74573d0b682c4266386ff6cb7646b29,0x7d1afa7b718fb893db30a3abc0cfc608aacfebb0,0x3f5ce5fbfe3e9af3971dd833d26ba9b5c936f0be,683827360000000000000000,Matic Token,MATIC,18,20,74184,20000000000,22092,7378259,deprecated,0xa9059cbb,"transfer(address _to, uint256 _value)",17417732
7643826,1556292624,0xd86c5390e451646ecb7284a5c6dc2d1b46f5a5458096cbd77a2f99e4e427ab28,7,0x3e648539bcf97ac38aa5f1b3c7f2b17678f7f86a6851feb3848c65fcee98b9fe,0xd60c3f2b21a61fe68cf4a5db212573bac73b0170,0x7d1afa7b718fb893db30a3abc0cfc608aacfebb0,0x3f5ce5fbfe3e9af3971dd833d26ba9b5c936f0be,113968000000000000000000,Matic Token,MATIC,18,25,74184,20000000000,22092,7528005,deprecated,0xa9059cbb,"transfer(address _to, uint256 _value)",17417732
7643826,1556292624,0x13e4fc56f4d62b2fb5b5b7fc2dc1ff2f23a0652914dbe18d38f47bc2a4513bbb,53,0x3e648539bcf97ac38aa5f1b3c7f2b17678f7f86a6851feb3848c65fcee98b9fe,0xb4c2c05aaf8c9f0608e4e595273e5a838434e23f,0x7d1afa7b718fb893db30a3abc0cfc608aacfebb0,0x3f5ce5fbfe3e9af3971dd833d26ba9b5c936f0be,615614480000000000000000,Matic Token,MATIC,18,26,74184,20000000000,22092,7550097,deprecated,0xa9059cbb,"transfer(address _to, uint256 _value)",17417732
7643826,1556292624,0x0f96596ec5f2bb189eb759be0b989d65aa81c282c996666c035de55342d32f60,5,0x3e648539bcf97ac38aa5f1b3c7f2b17678f7f86a6851feb3848c65fcee98b9fe,0xa358a8e27e86559baf85fcb424b2b6b00ddaf9d0,0x7d1afa7b718fb893db30a3abc0cfc608aacfebb0,0x3f5ce5fbfe3e9af3971dd833d26ba9b5c936f0be,113904560000000000000000,Matic Token,MATIC,18,30,74184,20000000000,22092,7647672,deprecated,0xa9059cbb,"transfer(address _to, uint256 _value)",17417732
7643826,1556292624,0xe8b082d6d5cbca9ac1a227eaa86e1990b90b1457431822d961409b4c71b4ddde,18,0x3e648539bcf97ac38aa5f1b3c7f2b17678f7f86a6851feb3848c65fcee98b9fe,0xe915eca66b6384dc2d57b0048fcffc85f4fafe25,0x7d1afa7b718fb893db30a3abc0cfc608aacfebb0,0x3f5ce5fbfe3e9af3971dd833d26ba9b5c936f0be,113904560000000000000000,Matic Token,MATIC,18,31,74184,20000000000,22092,7669764,deprecated,0xa9059cbb,"transfer(address _to, uint256 _value)",17417732
7643826,1556292624,0x3e4aa96a16434e4cf562f5a0de417e242242d64fa73ff2a86b9b2e2a510260ab,82,0x3e648539bcf97ac38aa5f1b3c7f2b17678f7f86a6851feb3848c65fcee98b9fe,0xcdf94220ba0b7c4dfcddcb8000154ea1ceced672,0x7d1afa7b718fb893db30a3abc0cfc608aacfebb0,0x3f5ce5fbfe3e9af3971dd833d26ba9b5c936f0be,113904560000000000000000,Matic Token,MATIC,18,32,74184,20000000000,22092,7691856,deprecated,0xa9059cbb,"transfer(address _to, uint256 _value)",17417732
7643826,1556292624,0xd92c1e9582e475a82688292b031d46bb20fbfd3a80289ac88d5bb33b17bface9,47,0x3e648539bcf97ac38aa5f1b3c7f2b17678f7f86a6851feb3848c65fcee98b9fe,0x7490405ce3a7f0692b7b8860dc11903b946b8088,0x7d1afa7b718fb893db30a3abc0cfc608aacfebb0,0x3f5ce5fbfe3e9af3971dd833d26ba9b5c936f0be,80980043100000000000000,Matic Token,MATIC,18,34,74312,20000000000,22156,7751471,deprecated,0xa9059cbb,"transfer(address _to, uint256 _value)",17417732
7643826,1556292624,0xca73d79982a471833f36ae5d20606ddf8d087debca75e67c4bd61ae6992eae02,3,0x3e648539bcf97ac38aa5f1b3c7f2b17678f7f86a6851feb3848c65fcee98b9fe,0xd6f3d19b92fcbff2597d5c67c8dcff95bd94c228,0x7d1afa7b718fb893db30a3abc0cfc608aacfebb0,0x3f5ce5fbfe3e9af3971dd833d26ba9b5c936f0be,227909120000000000000000,Matic Token,MATIC,18,35,74056,20000000000,22028,7773499,deprecated,0xa9059cbb,"transfer(address _to, uint256 _value)",17417732
7643826,1556292624,0x407a96af135245a0b11ed22586c1f9880441dbc88b2beeb6e606c56490c0d24f,10,0x3e648539bcf97ac38aa5f1b3c7f2b17678f7f86a6851feb3848c65fcee98b9fe,0xab484aa36ad40b61a41912abccc3ef3083684642,0x7d1afa7b718fb893db30a3abc0cfc608aacfebb0,0x3f5ce5fbfe3e9af3971dd833d26ba9b5c936f0be,11300000000000000000000,Matic Token,MATIC,18,40,74056,20000000000,22028,7883027,deprecated,0xa9059cbb,"transfer(address _to, uint256 _value)",17417732
7643826,1556292624,0x17bf3ce712e6906fb4ac62cadeae3b3fb4bda1598477186edafdbb540f67649e,82,0x3e648539bcf97ac38aa5f1b3c7f2b17678f7f86a6851feb3848c65fcee98b9fe,0x758eae6e8417147d6f255c458ca5c8a181993b9c,0x7d1afa7b718fb893db30a3abc0cfc608aacfebb0,0x3f5ce5fbfe3e9af3971dd833d26ba9b5c936f0be,227809120000000000000000,Matic Token,MATIC,18,42,74184,20000000000,22092,7926119,deprecated,0xa9059cbb,"transfer(address _to, uint256 _value)",17417732
7643833,1556292754,0x73762a164b3b12386dd47c485e6c10c7a5f0a1392b0b66d00a533d3180000ebf,3104468,0x8b1a90247795b22e763b17c458cf71fb78077cec02e990b60a357d98d1ee43e0,0x3f5ce5fbfe3e9af3971dd833d26ba9b5c936f0be,0x7d1afa7b718fb893db30a3abc0cfc608aacfebb0,0x92bd9a85fda3b5f80988437e77cb56084d89ca05,113904560000000000000000,Matic Token,MATIC,18,11,74184,40000000000,37092,398429,deprecated,0xa9059cbb,"transfer(address _to, uint256 _value)",17417725
7643833,1556292754,0xf6c12427ab920ef1b74171fb850dda202dd205f1730410410747ede43599aee3,3104469,0x8b1a90247795b22e763b17c458cf71fb78077cec02e990b60a357d98d1ee43e0,0x3f5ce5fbfe3e9af3971dd833d26ba9b5c936f0be,0x7d1afa7b718fb893db30a3abc0cfc608aacfebb0,0xce304fc42a6daee31a9c95697e49531d21d21796,113904560000000000000000,Matic Token,MATIC,18,12,104184,40000000000,52092,450521,deprecated,0xa9059cbb,"transfer(address _to, uint256 _value)",17417725
7643833,1556292754,0xde545019f5ffb4feabc76d6d8a6b21f76d1de839256d6fcf4f721da17105cf8d,1399801,0x8b1a90247795b22e763b17c458cf71fb78077cec02e990b60a357d98d1ee43e0,0x0681d8db095565fe8a346fa0277bffde9c0edbbf,0x7d1afa7b718fb893db30a3abc0cfc608aacfebb0,0x4f93f42f9bf7f90d9ba1a018c6789afb87bc1932,113904560000000000000000,Matic Token,MATIC,18,14,104184,40000000000,52092,523613,deprecated,0xa9059cbb,"transfer(address _to, uint256 _value)",17417725
7643833,1556292754,0x8d05167dd307509b66349b002e51fcce4423e9f713ae9fef711a7893d24238cc,1399802,0x8b1a90247795b22e763b17c458cf71fb78077cec02e990b60a357d98d1ee43e0,0x0681d8db095565fe8a346fa0277bffde9c0edbbf,0x7d1afa7b718fb893db30a3abc0cfc608aacfebb0,0x92bd9a85fda3b5f80988437e77cb56084d89ca05,113904560000000000000000,Matic Token,MATIC,18,15,74184,40000000000,37092,560705,deprecated,0xa9059cbb,"transfer(address _to, uint256 _value)",17417725
7643833,1556292754,0x7b43ec782c20a1d1d024596e98c6b52f7ce242df2079676477bc3330e80ed5df,1399803,0x8b1a90247795b22e763b17c458cf71fb78077cec02e990b60a357d98d1ee43e0,0x0681d8db095565fe8a346fa0277bffde9c0edbbf,0x7d1afa7b718fb893db30a3abc0cfc608aacfebb0,0xd1ddabcc8ea76a9b72dedafa4b301e7f1297d69e,113904560000000000000000,Matic Token,MATIC,18,16,104184,40000000000,52092,612797,deprecated,0xa9059cbb,"transfer(address _to, uint256 _value)",17417725
7643833,1556292754,0x2c9e82ef6bf3ade2b0899673a02c671ee7bcd59574a7580ff54fa2f813043e7c,1335089,0x8b1a90247795b22e763b17c458cf71fb78077cec02e990b60a357d98d1ee43e0,0x564286362092d8e7936f0549571a803b203aaced,0x7d1afa7b718fb893db30a3abc0cfc608aacfebb0,0x2b45f1734509265fca0298d18fa9b14c68bf5335,455918240000000000000000,Matic Token,MATIC,18,17,74184,40000000000,37092,649889,deprecated,0xa9059cbb,"transfer(address _to, uint256 _value)",17417725
7643833,1556292754,0x0dff7ecff65b1fb261a5355e40da7435e7b4c51dea264057b3cfe4459637da52,1335090,0x8b1a90247795b22e763b17c458cf71fb78077cec02e990b60a357d98d1ee43e0,0x564286362092d8e7936f0549571a803b203aaced,0x7d1afa7b718fb893db30a3abc0cfc608aacfebb0,0xebdf69e87ae9f04fb21a961262165e58500d5caa,56902280000000000000000,Matic Token,MATIC,18,18,104184,40000000000,52092,701981,deprecated,0xa9059cbb,"transfer(address _to, uint256 _value)",17417725
7643833,1556292754,0x8aa695d901220731fdc4ada3c2f2b212feaf064abd89bc49bbfe78cdfe9d90a3,1425315,0x8b1a90247795b22e763b17c458cf71fb78077cec02e990b60a357d98d1ee43e0,0xd551234ae421e3bcba99a0da6d736074f22192ff,0x7d1afa7b718fb893db30a3abc0cfc608aacfebb0,0x2b45f1734509265fca0298d18fa9b14c68bf5335,113904560000000000000000,Matic Token,MATIC,18,19,74184,40000000000,37092,739073,deprecated,0xa9059cbb,"transfer(address _to, uint256 _value)",17417725
7643833,1556292754,0xf64d2fb613e03c6316a7d91183b6be731cb63208f9c95c47a3156d441bff9b64,1425316,0x8b1a90247795b22e763b17c458cf71fb78077cec02e990b60a357d98d1ee43e0,0xd551234ae421e3bcba99a0da6d736074f22192ff,0x7d1afa7b718fb893db30a3abc0cfc608aacfebb0,0xe9cef4b10b7461fc0db63bc55b01721583b4a620,113904560000000000000000,Matic Token,MATIC,18,20,104184,40000000000,52092,791165,deprecated,0xa9059cbb,"transfer(address _to, uint256 _value)",17417725
7643833,1556292754,0xc74ca4ad3ee94a7eb6142431c30d310fccfdedb6aa1c3520dbe2e68ee631a340,1425317,0x8b1a90247795b22e763b17c458cf71fb78077cec02e990b60a357d98d1ee43e0,0xd551234ae421e3bcba99a0da6d736074f22192ff,0x7d1afa7b718fb893db30a3abc0cfc608aacfebb0,0xce304fc42a6daee31a9c95697e49531d21d21796,113904560000000000000000,Matic Token,MATIC,18,21,104184,40000000000,37092,828257,deprecated,0xa9059cbb,"transfer(address _to, uint256 _value)",17417725
7643833,1556292754,0xa1b46f109b09aadd36bf51fc44218e0beca6c509c0ff679e678857625955b789,1425318,0x8b1a90247795b22e763b17c458cf71fb78077cec02e990b60a357d98d1ee43e0,0xd551234ae421e3bcba99a0da6d736074f22192ff,0x7d1afa7b718fb893db30a3abc0cfc608aacfebb0,0x90f15bae2510d0815a8002d657b1b52e563ec8b1,227909120000000000000000,Matic Token,MATIC,18,22,104056,40000000000,52028,880285,deprecated,0xa9059cbb,"transfer(address _to, uint256 _value)",17417725
7643833,1556292754,0x2680f2c7f8b7f7097dbf063d41ca68ba8eaea03b39adf399646e7df31740de62,1425319,0x8b1a90247795b22e763b17c458cf71fb78077cec02e990b60a357d98d1ee43e0,0xd551234ae421e3bcba99a0da6d736074f22192ff,0x7d1afa7b718fb893db30a3abc0cfc608aacfebb0,0x2b45f1734509265fca0298d18fa9b14c68bf5335,227909000000000000000000,Matic Token,MATIC,18,23,74184,40000000000,37092,917377,deprecated,0xa9059cbb,"transfer(address _to, uint256 _value)",17417725
7643833,1556292754,0xf3d29efbcf482f486b0bfa874994671b6c1e51b9c3dc2203abc12c1c2bc8bb6d,1425320,0x8b1a90247795b22e763b17c458cf71fb78077cec02e990b60a357d98d1ee43e0,0xd551234ae421e3bcba99a0da6d736074f22192ff,0x7d1afa7b718fb893db30a3abc0cfc608aacfebb0,0xc345c5e5fe561b595faebea777fbeafec63597a7,57224560000000000000000,Matic Token,MATIC,18,24,104184,40000000000,52092,969469,deprecated,0xa9059cbb,"transfer(address _to, uint256 _value)",17417725
7643839,1556292861,0x051c21dcb7f6ac736631cf87e550afbccc58b781b1ba4b0b06a93b5795430830,1399812,0x0a3ad3bd852664d6eb40c74a1c10148d24ab13fe2d98530b9f828dc31b853595,0x0681d8db095565fe8a346fa0277bffde9c0edbbf,0x7d1afa7b718fb893db30a3abc0cfc608aacfebb0,0xbee8845cd016350af73e4cc1ae6d24b832218037,113904560000000000000000,Matic Token,MATIC,18,1,104184,40000000000,52092,74681,deprecated,0xa9059cbb,"transfer(address _to, uint256 _value)",17417719
7643839,1556292861,0x96807c0199894884fb0b69f6706ba8c1c7343f4fc64e4d62e59864f06cc41ee2,1399813,0x0a3ad3bd852664d6eb40c74a1c10148d24ab13fe2d98530b9f828dc31b853595,0x0681d8db095565fe8a346fa0277bffde9c0edbbf,0x7d1afa7b718fb893db30a3abc0cfc608aacfebb0,0x92bd9a85fda3b5f80988437e77cb56084d89ca05,341913680000000000000000,Matic Token,MATIC,18,2,74184,40000000000,37092,111773,deprecated,0xa9059cbb,"transfer(address _to, uint256 _value)",17417719
7643839,1556292861,0x21161e6c82c5d41c4c69e9917071181572f114ba2e68c79d900d4491e383fa18,1335096,0x0a3ad3bd852664d6eb40c74a1c10148d24ab13fe2d98530b9f828dc31b853595,0x564286362092d8e7936f0549571a803b203aaced,0x7d1afa7b718fb893db30a3abc0cfc608aacfebb0,0x1d482a33790e22443bf392f6d21ed6c2c366ac3a,80950259999990000000000,Matic Token,MATIC,18,3,104312,40000000000,52156,163929,deprecated,0xa9059cbb,"transfer(address _to, uint256 _value)",17417719
7643839,1556292861,0xd93c037504b97f7db6492c96122eee77bd2243a8c8c3223e31e26e0cb6ed1cf6,1335097,0x0a3ad3bd852664d6eb40c74a1c10148d24ab13fe2d98530b9f828dc31b853595,0x564286362092d8e7936f0549571a803b203aaced,0x7d1afa7b718fb893db30a3abc0cfc608aacfebb0,0xce21f712cfdc2b2a77e53fd1386780588f7ea64a,341913680000000000000000,Matic Token,MATIC,18,4,104184,40000000000,52092,216021,deprecated,0xa9059cbb,"transfer(address _to, uint256 _value)",17417719
7643839,1556292861,0xd3629c0d7c2ce479fd4de70d108453807bb3b3791f4a7860da354ca2221aa134,1335098,0x0a3ad3bd852664d6eb40c74a1c10148d24ab13fe2d98530b9f828dc31b853595,0x564286362092d8e7936f0549571a803b203aaced,0x7d1afa7b718fb893db30a3abc0cfc608aacfebb0,0x95291ed3166e6d96790ea7337d55e208a63ec9d6,999900000000000000000000,Matic Token,MATIC,18,5,104184,40000000000,52092,268113,deprecated,0xa9059cbb,"transfer(address _to, uint256 _value)",17417719
7643839,1556292861,0x3b553ab2194652877bcf8949d78293e6b8529666cf1720ee35054180a6691c0a,1335099,0x0a3ad3bd852664d6eb40c74a1c10148d24ab13fe2d98530b9f828dc31b853595,0x564286362092d8e7936f0549571a803b203aaced,0x7d1afa7b718fb893db30a3abc0cfc608aacfebb0,0xc548a1bb36eff7325c39211b5a65228d7cedcfbf,113904560000000000000000,Matic Token,MATIC,18,6,104184,40000000000,52092,320205,deprecated,0xa9059cbb,"transfer(address _to, uint256 _value)",17417719
7643839,1556292861,0xeb37c4b4cfaebb258f461c47c87fa583ff898e8caf67d43e8c739266fac1dc81,1335100,0x0a3ad3bd852664d6eb40c74a1c10148d24ab13fe2d98530b9f828dc31b853595,0x564286362092d8e7936f0549571a803b203aaced,0x7d1afa7b718fb893db30a3abc0cfc608aacfebb0,0xb141d28bed3a8c8cdedcea664affa10a36b22655,113904560000000000000000,Matic Token,MATIC,18,7,74184,40000000000,37092,357297,deprecated,0xa9059cbb,"transfer(address _to, uint256 _value)",17417719
7643839,1556292861,0xa4179434c24e86f13e309142c25fcf77ed971586167d6a1893d8a6cf8ae7a47c,1425327,0x0a3ad3bd852664d6eb40c74a1c10148d24ab13fe2d98530b9f828dc31b853595,0xd551234ae421e3bcba99a0da6d736074f22192ff,0x7d1afa7b718fb893db30a3abc0cfc608aacfebb0,0x92bd9a85fda3b5f80988437e77cb56084d89ca05,113904560000000000000000,Matic Token,MATIC,18,8,74184,40000000000,37092,394389,deprecated,0xa9059cbb,"transfer(address _to, uint256 _value)",17417719
7643839,1556292861,0x53ab9b829072981a204720d92128fc3fd64fc761c6b2819579de82f3841f9426,3104475,0x0a3ad3bd852664d6eb40c74a1c10148d24ab13fe2d98530b9f828dc31b853595,0x3f5ce5fbfe3e9af3971dd833d26ba9b5c936f0be,0x7d1afa7b718fb893db30a3abc0cfc608aacfebb0,0x2b45f1734509265fca0298d18fa9b14c68bf5335,227909120000000000000000,Matic Token,MATIC,18,9,74056,40000000000,37028,431417,deprecated,0xa9059cbb,"transfer(address _to, uint256 _value)",17417719
7643839,1556292861,0x2dda4c1393421e937d774aeb4c35f0b12f2aeb6c196888704782d6d9c1a20d0e,3104476,0x0a3ad3bd852664d6eb40c74a1c10148d24ab13fe2d98530b9f828dc31b853595,0x3f5ce5fbfe3e9af3971dd833d26ba9b5c936f0be,0x7d1afa7b718fb893db30a3abc0cfc608aacfebb0,0xbee8845cd016350af73e4cc1ae6d24b832218037,113904560000000000000000,Matic Token,MATIC,18,10,104184,40000000000,37092,468509,deprecated,0xa9059cbb,"transfer(address _to, uint256 _value)",17417719
7643839,1556292861,0xf3e2bce62942b844ad1fc6a725f094cb3d3b53359ad8784436400cde4fa26306,3104477,0x0a3ad3bd852664d6eb40c74a1c10148d24ab13fe2d98530b9f828dc31b853595,0x3f5ce5fbfe3e9af3971dd833d26ba9b5c936f0be,0x7d1afa7b718fb893db30a3abc0cfc608aacfebb0,0xd107ce90419342381d2296afa75703c19b06578f,341913680000000000000000,Matic Token,MATIC,18,11,104184,40000000000,52092,520601,deprecated,0xa9059cbb,"transfer(address _to, uint256 _value)",17417719
7643839,1556292861,0x8db29033858ba0b40796cfd87fb8d45c7520a0044acd8b194d8bd6b828ac947e,3104478,0x0a3ad3bd852664d6eb40c74a1c10148d24ab13fe2d98530b9f828dc31b853595,0x3f5ce5fbfe3e9af3971dd833d26ba9b5c936f0be,0x7d1afa7b718fb893db30a3abc0cfc608aacfebb0,0x5c3182c8d4abd9906c661d14858bc51b6e08b4f4,91100560000000000000000,Matic Token,MATIC,18,12,104184,40000000000,52092,572693,deprecated,0xa9059cbb,"transfer(address _to, uint256 _value)",17417719
7643839,1556292861,0x747b18db5b544688a2f5de287a10f36ff3d48619723dda71fbfed7f0ee514d1d,3104479,0x0a3ad3bd852664d6eb40c74a1c10148d24ab13fe2d98530b9f828dc31b853595,0x3f5ce5fbfe3e9af3971dd833d26ba9b5c936f0be,0x7d1afa7b718fb893db30a3abc0cfc608aacfebb0,0x8dd81090747d9370787beff9c6ba6d04bfa3e2bb,83900000000000000000000,Matic Token,MATIC,18,13,104184,40000000000,52092,624785,deprecated,0xa9059cbb,"transfer(address _to, uint256 _value)",17417719
7643839,1556292861,0x13369f51b22264b1eec927140cbffbc915d66de3f99c43f1b35b12d81960fe9f,3104480,0x0a3ad3bd852664d6eb40c74a1c10148d24ab13fe2d98530b9f828dc31b853595,0x3f5ce5fbfe3e9af3971dd833d26ba9b5c936f0be,0x7d1afa7b718fb893db30a3abc0cfc608aacfebb0,0x2b45f1734509265fca0298d18fa9b14c68bf5335,341913680000000000000000,Matic Token,MATIC,18,14,74184,40000000000,37092,661877,deprecated,0xa9059cbb,"transfer(address _to, uint256 _value)",17417719
7643845,1556292929,0x89e4d261052d7cfe40925aa91f8e73d4c860e0625af0b87edeb2b8dbd1f065bb,6,0xecd668b840864c5b85c52ee93644981fec3f421c07bb77b7b55d075621e3109e,0xe9cef4b10b7461fc0db63bc55b01721583b4a620,0x7d1afa7b718fb893db30a3abc0cfc608aacfebb0,0x9d19aa0d24e604f77aba4cd250ffbaf6b15819b7,113904560000000000000000,Matic Token,MATIC,18,113,37092,5000000000,22092,7758056,deprecated,0xa9059cbb,"transfer(address _to, uint256 _value)",17417713
7643848,1556293010,0x8b250e7641bc44505bcc5e6d27b0c1aa24047be8da88c63039ed60623d03abaa,1399819,0xec06490217725c542d37ad444ae13959eaa67dc5159f634e1d16e78c04b8bb93,0x0681d8db095565fe8a346fa0277bffde9c0edbbf,0x7d1afa7b718fb893db30a3abc0cfc608aacfebb0,0x47f2c882075f666db7152a246a540105ab2bf519,113904560000000000000000,Matic Token,MATIC,18,9,104184,40000000000,52092,431204,deprecated,0xa9059cbb,"transfer(address _to, uint256 _value)",17417710
7643848,1556293010,0x8b0ff3f8d1ed1f0cdbc70f696db594e2525f76f3ca7a559d6fabf6b35569a21d,1335106,0xec06490217725c542d37ad444ae13959eaa67dc5159f634e1d16e78c04b8bb93,0x564286362092d8e7936f0549571a803b203aaced,0x7d1afa7b718fb893db30a3abc0cfc608aacfebb0,0x749dac2ba18b4683201fdad63c4a7a39adc0ab2f,56902360000000000000000,Matic Token,MATIC,18,10,104184,40000000000,52092,483296,deprecated,0xa9059cbb,"transfer(address _to, uint256 _value)",17417710
7643848,1556293010,0x061c18ae5961591c83521b621322ff01674f9b29c22a17f7fa37ba098cc7ec21,1425330,0xec06490217725c542d37ad444ae13959eaa67dc5159f634e1d16e78c04b8bb93,0xd551234ae421e3bcba99a0da6d736074f22192ff,0x7d1afa7b718fb893db30a3abc0cfc608aacfebb0,0x1d482a33790e22443bf392f6d21ed6c2c366ac3a,113904560000000000000000,Matic Token,MATIC,18,11,74184,40000000000,37092,520388,deprecated,0xa9059cbb,"transfer(address _to, uint256 _value)",17417710
7643848,1556293010,0x1488fdd8443e24800be3db8e2437e649213ab814e6729a96041eb84762ae2c61,1425331,0xec06490217725c542d37ad444ae13959eaa67dc5159f634e1d16e78c04b8bb93,0xd551234ae421e3bcba99a0da6d736074f22192ff,0x7d1afa7b718fb893db30a3abc0cfc608aacfebb0,0xe888529cd98de8cfb1e6e76ed6fb464cb76745d4,79814000000000000000000,Matic Token,MATIC,18,12,104184,40000000000,52092,572480,deprecated,0xa9059cbb,"transfer(address _to, uint256 _value)",17417710
7643848,1556293010,0x66445af6ceb82eb30f8a4094d7c33ff5d27854aa34a80d4ce29dfb4d3f528b15,1335107,0xec06490217725c542d37ad444ae13959eaa67dc5159f634e1d16e78c04b8bb93,0x564286362092d8e7936f0549571a803b203aaced,0x7d1afa7b718fb893db30a3abc0cfc608aacfebb0,0x4be57095f8227c50ea1637d4933ce9ab0a5475fc,455918240000000000000000,Matic Token,MATIC,18,14,104184,40000000000,52092,645572,deprecated,0xa9059cbb,"transfer(address _to, uint256 _value)",17417710
7643848,1556293010,0xffa7a281feadf5eac20a2c7ae6a4a3a893a436e925f7333ff410c23fede8362e,1335108,0xec06490217725c542d37ad444ae13959eaa67dc5159f634e1d16e78c04b8bb93,0x564286362092d8e7936f0549571a803b203aaced,0x7d1afa7b718fb893db30a3abc0cfc608aacfebb0,0xbee8845cd016350af73e4cc1ae6d24b832218037,113904560000000000000000,Matic Token,MATIC,18,15,74184,40000000000,37092,682664,deprecated,0xa9059cbb,"transfer(address _to, uint256 _value)",17417710
7643848,1556293010,0x0c38b9d270f55cdec1a55034215a1830a342c12a67a096960e989b062b9472a2,1399820,0xec06490217725c542d37ad444ae13959eaa67dc5159f634e1d16e78c04b8bb93,0x0681d8db095565fe8a346fa0277bffde9c0edbbf,0x7d1afa7b718fb893db30a3abc0cfc608aacfebb0,0xab985836d41c42f959b828367e3317121541688b,227909120000000000000000,Matic Token,MATIC,18,16,104056,40000000000,52028,734692,deprecated,0xa9059cbb,"transfer(address _to, uint256 _value)",17417710
7643848,1556293010,0x56ecb6e5da42cc1c0b3f968c2ed970fc2b4e2d2033f2efe66fff4dfdb5e69380,3104486,0xec06490217725c542d37ad444ae13959eaa67dc5159f634e1d16e78c04b8bb93,0x3f5ce5fbfe3e9af3971dd833d26ba9b5c936f0be,0x7d1afa7b718fb893db30a3abc0cfc608aacfebb0,0x6cabe296e0cd1e0a12105a8c063a51d54de65cdf,113904560000000000000000,Matic Token,MATIC,18,17,104184,40000000000,52092,786784,deprecated,0xa9059cbb,"transfer(address _to, uint256 _value)",17417710
7643848,1556293010,0x4d7a93ac123ecfa013873025dcdd5588c2240c0c9ed3c59ec1a3e9ad42041623,3104487,0xec06490217725c542d37ad444ae13959eaa67dc5159f634e1d16e78c04b8bb93,0x3f5ce5fbfe3e9af3971dd833d26ba9b5c936f0be,0x7d1afa7b718fb893db30a3abc0cfc608aacfebb0,0xce304fc42a6daee31a9c95697e49531d21d21796,113904560000000000000000,Matic Token,MATIC,18,18,74184,40000000000,37092,823876,deprecated,0xa9059cbb,"transfer(address _to, uint256 _value)",17417710
7643858,1556293118,0x48872128908c513481ff9113123d455d177b3da00878165826a81c404bea5b89,3104492,0xe13b752cf03a4a0125ab153bdb02802be9010c234b6cc25f7b45a04e244ec511,0x3f5ce5fbfe3e9af3971dd833d26ba9b5c936f0be,0x7d1afa7b718fb893db30a3abc0cfc608aacfebb0,0x2b45f1734509265fca0298d18fa9b14c68bf5335,227909120000000000000000,Matic Token,MATIC,18,8,74056,40000000000,37028,206063,deprecated,0xa9059cbb,"transfer(address _to, uint256 _value)",17417700
7643858,1556293118,0xca3d7f751eb4b8a19470f5dd51af97e9e7175386f233ed2e3d9cd522b029955d,3104493,0xe13b752cf03a4a0125ab153bdb02802be9010c234b6cc25f7b45a04e244ec511,0x3f5ce5fbfe3e9af3971dd833d26ba9b5c936f0be,0x7d1afa7b718fb893db30a3abc0cfc608aacfebb0,0x9b40a2c7351354c467f22d0029b4d9cee7f190c9,113904560000000000000000,Matic Token,MATIC,18,9,104056,40000000000,52028,258091,deprecated,0xa9059cbb,"transfer(address _to, uint256 _value)",17417700
7643858,1556293118,0xccc3cb496a044e0978a1a7ec54a7747f755eb10b432f222fc414730b92f588f5,3104494,0xe13b752cf03a4a0125ab153bdb02802be9010c234b6cc25f7b45a04e244ec511,0x3f5ce5fbfe3e9af3971dd833d26ba9b5c936f0be,0x7d1afa7b718fb893db30a3abc0cfc608aacfebb0,0xd26a41c65fc9e42078c6ba93f83417e10cf0c753,113904560000000000000000,Matic Token,MATIC,18,10,104184,40000000000,52092,310183,deprecated,0xa9059cbb,"transfer(address _to, uint256 _value)",17417700
7643858,1556293118,0xa54d90696bfa26d45a41ea03bbb494329628071bd8874a3d267c1f5798a34867,3104496,0xe13b752cf03a4a0125ab153bdb02802be9010c234b6cc25f7b45a04e244ec511,0x3f5ce5fbfe3e9af3971dd833d26ba9b5c936f0be,0x7d1afa7b718fb893db30a3abc0cfc608aacfebb0,0x2b45f1734509265fca0298d18fa9b14c68bf5335,227909120000000000000000,Matic Token,MATIC,18,12,74056,40000000000,37028,399670,deprecated,0xa9059cbb,"transfer(address _to, uint256 _value)",17417700
7643858,1556293118,0x2d11937150ea43563975c0965e0a24d1d970cb423860fa1b64b05451d9b7662b,3104497,0xe13b752cf03a4a0125ab153bdb02802be9010c234b6cc25f7b45a04e244ec511,0x3f5ce5fbfe3e9af3971dd833d26ba9b5c936f0be,0x7d1afa7b718fb893db30a3abc0cfc608aacfebb0,0x32671ee694a9e1348f0919377419f23036c74b3f,341913680000000000000000,Matic Token,MATIC,18,13,104184,40000000000,52092,451762,deprecated,0xa9059cbb,"transfer(address _to, uint256 _value)",17417700
7643858,1556293118,0x3b579ecc0bdfecec67802925eb29c354cef15f3d08aef865626041b21a184f1e,1425335,0xe13b752cf03a4a0125ab153bdb02802be9010c234b6cc25f7b45a04e244ec511,0xd551234ae421e3bcba99a0da6d736074f22192ff,0x7d1afa7b718fb893db30a3abc0cfc608aacfebb0,0xab08f9e6d992b09d6afbd11a70519af58c62310c,553095931000000000000000,Matic Token,MATIC,18,16,104312,40000000000,52156,580916,deprecated,0xa9059cbb,"transfer(address _to, uint256 _value)",17417700
7643858,1556293118,0x8371fedba57714fcf51ef8717929ada1c23e99c7a32794525935398ed3591e14,1425336,0xe13b752cf03a4a0125ab153bdb02802be9010c234b6cc25f7b45a04e244ec511,0xd551234ae421e3bcba99a0da6d736074f22192ff,0x7d1afa7b718fb893db30a3abc0cfc608aacfebb0,0xb4a4f3fe3d3fae144b2815064a9e595f293b90cd,227869357000000000000000,Matic Token,MATIC,18,17,104312,40000000000,52156,633072,deprecated,0xa9059cbb,"transfer(address _to, uint256 _value)",17417700
7643858,1556293118,0xd96f17b5fdb35c519fc80f4fa69e10288cd4f5f4052290f3cad845cd233ec5f9,1335116,0xe13b752cf03a4a0125ab153bdb02802be9010c234b6cc25f7b45a04e244ec511,0x564286362092d8e7936f0549571a803b203aaced,0x7d1afa7b718fb893db30a3abc0cfc608aacfebb0,0xd26a41c65fc9e42078c6ba93f83417e10cf0c753,113904560000000000000000,Matic Token,MATIC,18,18,104184,40000000000,37092,670164,deprecated,0xa9059cbb,"transfer(address _to, uint256 _value)",17417700
7643858,1556293118,0xa428b9e41e5aedf8d0c8f7d9b28cd1654a0cc0e46d78cc3121a8e4cc56ec50e8,1335117,0xe13b752cf03a4a0125ab153bdb02802be9010c234b6cc25f7b45a04e244ec511,0x564286362092d8e7936f0549571a803b203aaced,0x7d1afa7b718fb893db30a3abc0cfc608aacfebb0,0xedd44144b19c63e47ad734bf0b04702fdc7f5cec,113904560000000000000000,Matic Token,MATIC,18,19,104184,40000000000,52092,722256,deprecated,0xa9059cbb,"transfer(address _to, uint256 _value)",17417700
7643858,1556293118,0xfe1ed113a80e5a2977d2c5232d8b4b46b918bf54ebc3e0c80cfc564faaee97fa,1335118,0xe13b752cf03a4a0125ab153bdb02802be9010c234b6cc25f7b45a04e244ec511,0x564286362092d8e7936f0549571a803b203aaced,0x7d1afa7b718fb893db30a3abc0cfc608aacfebb0,0x0ced80e89889c45f6f5f745556ba1ae4b625b959,113904560000000000000000,Matic Token,MATIC,18,20,104184,40000000000,52092,774348,deprecated,0xa9059cbb,"transfer(address _to, uint256 _value)",17417700
7643858,1556293118,0x5e220feb922892058965b4ec083e29404ecb4d8d78031538bbeec8e5394f1817,1399827,0xe13b752cf03a4a0125ab153bdb02802be9010c234b6cc25f7b45a04e244ec511,0x0681d8db095565fe8a346fa0277bffde9c0edbbf,0x7d1afa7b718fb893db30a3abc0cfc608aacfebb0,0x2f21111a656951f724285f9c7f7b5bd31c02dea4,56900000000000000000000,Matic Token,MATIC,18,21,104184,40000000000,52092,826440,deprecated,0xa9059cbb,"transfer(address _to, uint256 _value)",17417700
7643858,1556293118,0xb75cf1934e9dd7a4cd8ff3958b89980dd65dd4588b6d3c77cf8ceb54cc5ff7be,1399828,0xe13b752cf03a4a0125ab153bdb02802be9010c234b6cc25f7b45a04e244ec511,0x0681d8db095565fe8a346fa0277bffde9c0edbbf,0x7d1afa7b718fb893db30a3abc0cfc608aacfebb0,0xbee8845cd016350af73e4cc1ae6d24b832218037,113904560000000000000000,Matic Token,MATIC,18,22,74184,40000000000,37092,863532,deprecated,0xa9059cbb,"transfer(address _to, uint256 _value)",17417700
7643864,1556293265,0x9537f68911ad40303bf350838b1ba6e8f55393ab69446e895bcedc6aa56c76f6,1399833,0xb7d19c0c2eebc3bede15aa2321a2a5c5ea27b6b3099efa66e85df013f0585595,0x0681d8db095565fe8a346fa0277bffde9c0edbbf,0x7d1afa7b718fb893db30a3abc0cfc608aacfebb0,0x81d366f00c81ac18ed778bb26b878bfe5aacec92,113904560000000000000000,Matic Token,MATIC,18,32,104184,40000000000,52092,1173634,deprecated,0xa9059cbb,"transfer(address _to, uint256 _value)",17417694
7643864,1556293265,0xbd948577d209157fff6f51053ab1fdc0f2982205e326d315aea0faf235240c1b,1425344,0xb7d19c0c2eebc3bede15aa2321a2a5c5ea27b6b3099efa66e85df013f0585595,0xd551234ae421e3bcba99a0da6d736074f22192ff,0x7d1afa7b718fb893db30a3abc0cfc608aacfebb0,0x610babd57f142120b5c5e8b28316bcd4f0e500f7,227909120000000000000000,Matic Token,MATIC,18,33,103928,40000000000,51964,1225598,deprecated,0xa9059cbb,"transfer(address _to, uint256 _value)",17417694
7643864,1556293265,0xb222706922f1a515cf5458cb8cf65c7eb67d77b561bc6915ca3dd4ac6abf33c7,1425345,0xb7d19c0c2eebc3bede15aa2321a2a5c5ea27b6b3099efa66e85df013f0585595,0xd551234ae421e3bcba99a0da6d736074f22192ff,0x7d1afa7b718fb893db30a3abc0cfc608aacfebb0,0xd26a41c65fc9e42078c6ba93f83417e10cf0c753,113904560000000000000000,Matic Token,MATIC,18,34,74184,40000000000,37092,1262690,deprecated,0xa9059cbb,"transfer(address _to, uint256 _value)",17417694
7643864,1556293265,0x923d3653163b8d86b753a5787e193290cadec4f790b401a352d7b184f96279ed,3104503,0xb7d19c0c2eebc3bede15aa2321a2a5c5ea27b6b3099efa66e85df013f0585595,0x3f5ce5fbfe3e9af3971dd833d26ba9b5c936f0be,0x7d1afa7b718fb893db30a3abc0cfc608aacfebb0,0x610babd57f142120b5c5e8b28316bcd4f0e500f7,308021000000000000000000,Matic Token,MATIC,18,35,104056,40000000000,37028,1299718,deprecated,0xa9059cbb,"transfer(address _to, uint256 _value)",17417694
7643864,1556293265,0x4929e7402ffff4664697e67805ca3ac51a457df2bdb57e8fe881e237709fac22,3104504,0xb7d19c0c2eebc3bede15aa2321a2a5c5ea27b6b3099efa66e85df013f0585595,0x3f5ce5fbfe3e9af3971dd833d26ba9b5c936f0be,0x7d1afa7b718fb893db30a3abc0cfc608aacfebb0,0x610babd57f142120b5c5e8b28316bcd4f0e500f7,341913680000000000000000,Matic Token,MATIC,18,36,104056,40000000000,37028,1336746,deprecated,0xa9059cbb,"transfer(address _to, uint256 _value)",17417694
7643864,1556293265,0x4749887f91b6aded28533f9cd73a9b70ee3e7ba986eca37d18fbc3ca53de47a1,1335124,0xb7d19c0c2eebc3bede15aa2321a2a5c5ea27b6b3099efa66e85df013f0585595,0x564286362092d8e7936f0549571a803b203aaced,0x7d1afa7b718fb893db30a3abc0cfc608aacfebb0,0xd26a41c65fc9e42078c6ba93f83417e10cf0c753,113904560000000000000000,Matic Token,MATIC,18,37,74184,40000000000,37092,1373838,deprecated,0xa9059cbb,"transfer(address _to, uint256 _value)",17417694
7643864,1556293265,0x7aede4773d4e141d3e261ed2d5e319313613432d216d5e5660a513be973d7a33,1399834,0xb7d19c0c2eebc3bede15aa2321a2a5c5ea27b6b3099efa66e85df013f0585595,0x0681d8db095565fe8a346fa0277bffde9c0edbbf,0x7d1afa7b718fb893db30a3abc0cfc608aacfebb0,0xeb0870fcdafced95dab10445563c779ef7156e8c,113904560000000000000000,Matic Token,MATIC,18,38,104184,40000000000,52092,1425930,deprecated,0xa9059cbb,"transfer(address _to, uint256 _value)",17417694
7643864,1556293265,0x49bd542ad229465c5934fc7a257d7faee781e8800da8ba2b6eea5f48e48b9ca4,3104505,0xb7d19c0c2eebc3bede15aa2321a2a5c5ea27b6b3099efa66e85df013f0585595,0x3f5ce5fbfe3e9af3971dd833d26ba9b5c936f0be,0x7d1afa7b718fb893db30a3abc0cfc608aacfebb0,0x610babd57f142120b5c5e8b28316bcd4f0e500f7,455918240000000000000000,Matic Token,MATIC,18,39,104056,40000000000,37028,1462958,deprecated,0xa9059cbb,"transfer(address _to, uint256 _value)",17417694
7643864,1556293265,0xc5aa4d94eb0b3c36e55b7232bc302e74d48282115cdd324663be063fb08cef55,3104506,0xb7d19c0c2eebc3bede15aa2321a2a5c5ea27b6b3099efa66e85df013f0585595,0x3f5ce5fbfe3e9af3971dd833d26ba9b5c936f0be,0x7d1afa7b718fb893db30a3abc0cfc608aacfebb0,0x2b45f1734509265fca0298d18fa9b14c68bf5335,227909120000000000000000,Matic Token,MATIC,18,40,74056,40000000000,37028,1499986,deprecated,0xa9059cbb,"transfer(address _to, uint256 _value)",17417694
7643864,1556293265,0x26899868aa0964774bf1c7cdda09c4693533b6ee6271b1041df892ecbad77eff,3104507,0xb7d19c0c2eebc3bede15aa2321a2a5c5ea27b6b3099efa66e85df013f0585595,0x3f5ce5fbfe3e9af3971dd833d26ba9b5c936f0be,0x7d1afa7b718fb893db30a3abc0cfc608aacfebb0,0xedd44144b19c63e47ad734bf0b04702fdc7f5cec,113904560000000000000000,Matic Token,MATIC,18,41,74184,40000000000,37092,1537078,deprecated,0xa9059cbb,"transfer(address _to, uint256 _value)",17417694
7643864,1556293265,0x3b4ede20edd0849a87418d773af3b0d5c464cc8391f8f1b55d86e5b37c8b3a15,1335125,0xb7d19c0c2eebc3bede15aa2321a2a5c5ea27b6b3099efa66e85df013f0585595,0x564286362092d8e7936f0549571a803b203aaced,0x7d1afa7b718fb893db30a3abc0cfc608aacfebb0,0x2b45f1734509265fca0298d18fa9b14c68bf5335,113904560000000000000000,Matic Token,MATIC,18,42,74184,40000000000,37092,1574170,deprecated,0xa9059cbb,"transfer(address _to, uint256 _value)",17417694
7643864,1556293265,0x506996efd8bd3ff7ddcafafc1f11786eb30b7202f56a4fd101e9efae838ecc85,3104508,0xb7d19c0c2eebc3bede15aa2321a2a5c5ea27b6b3099efa66e85df013f0585595,0x3f5ce5fbfe3e9af3971dd833d26ba9b5c936f0be,0x7d1afa7b718fb893db30a3abc0cfc608aacfebb0,0xc548a1bb36eff7325c39211b5a65228d7cedcfbf,341913680000000000000000,Matic Token,MATIC,18,43,74184,40000000000,37092,1611262,deprecated,0xa9059cbb,"transfer(address _to, uint256 _value)",17417694
7643865,1556293288,0x9689dbf58984f89820bc55fba0d763d996c3c01dbb729466ded3dba33f93bc62,9,0x7723155a04365ca24889ea30f72aefa61981fcdf6d2da354ccc726ed0de386c9,0x95291ed3166e6d96790ea7337d55e208a63ec9d6,0x7d1afa7b718fb893db30a3abc0cfc608aacfebb0,0x9cb8b96256e67976f3337001b88da95e1bfb41a0,999900000000000000000000,Matic Token,MATIC,18,100,52092,10000000000,37092,3527681,deprecated,0xa9059cbb,"transfer(address _to, uint256 _value)",17417693
7643865,1556293288,0x86cfaf8954ebe3812a8deb08823e8372ac4e000d5004691cd0e48b9f8553065d,2,0x7723155a04365ca24889ea30f72aefa61981fcdf6d2da354ccc726ed0de386c9,0x6cabe296e0cd1e0a12105a8c063a51d54de65cdf,0x7d1afa7b718fb893db30a3abc0cfc608aacfebb0,0x9d19aa0d24e604f77aba4cd250ffbaf6b15819b7,113904560000000000000000,Matic Token,MATIC,18,155,37092,5000000000,22092,6521546,deprecated,0xa9059cbb,"transfer(address _to, uint256 _value)",17417693
7643877,1556293393,0xdef3f6d990666a3dc21e78290102d202f7ea7139e0bb7f2f183cfbe55e01c3c1,1399842,0xe3f89a23afc660b1801c0b6ea8d221ba5c7636ee7336588691f408e19f0132b1,0x0681d8db095565fe8a346fa0277bffde9c0edbbf,0x7d1afa7b718fb893db30a3abc0cfc608aacfebb0,0xd1ddabcc8ea76a9b72dedafa4b301e7f1297d69e,113904560000000000000000,Matic Token,MATIC,18,36,74184,40000000000,37092,1413192,deprecated,0xa9059cbb,"transfer(address _to, uint256 _value)",17417681
7643877,1556293393,0x1eaa5ea3db8fb6d31b9a91fde2a8b22cda22976d19574bf52a0663b14d59c81f,1399843,0xe3f89a23afc660b1801c0b6ea8d221ba5c7636ee7336588691f408e19f0132b1,0x0681d8db095565fe8a346fa0277bffde9c0edbbf,0x7d1afa7b718fb893db30a3abc0cfc608aacfebb0,0xd107ce90419342381d2296afa75703c19b06578f,341913680000000000000000,Matic Token,MATIC,18,37,74184,40000000000,37092,1450284,deprecated,0xa9059cbb,"transfer(address _to, uint256 _value)",17417681
7643877,1556293393,0x5919b895cff2cea0f8deece7aed0b5a28b2299aa4e8203c7f7a1c42fd683f06a,3104512,0xe3f89a23afc660b1801c0b6ea8d221ba5c7636ee7336588691f408e19f0132b1,0x3f5ce5fbfe3e9af3971dd833d26ba9b5c936f0be,0x7d1afa7b718fb893db30a3abc0cfc608aacfebb0,0xd26a41c65fc9e42078c6ba93f83417e10cf0c753,113904560000000000000000,Matic Token,MATIC,18,38,74184,40000000000,37092,1487376,deprecated,0xa9059cbb,"transfer(address _to, uint256 _value)",17417681
7643877,1556293393,0x401e7c507bd09067046032a08286f0323aebf195cda515ea3f2347c203ad8ad9,3104513,0xe3f89a23afc660b1801c0b6ea8d221ba5c7636ee7336588691f408e19f0132b1,0x3f5ce5fbfe3e9af3971dd833d26ba9b5c936f0be,0x7d1afa7b718fb893db30a3abc0cfc608aacfebb0,0x5c3182c8d4abd9906c661d14858bc51b6e08b4f4,36199560000000000000000,Matic Token,MATIC,18,39,74184,40000000000,37092,1524468,deprecated,0xa9059cbb,"transfer(address _to, uint256 _value)",17417681
7643877,1556293393,0xc50991f2943a5184a9f1cda4366284a18c30d22f26d858a6dfadc24bdfa45011,1335130,0xe3f89a23afc660b1801c0b6ea8d221ba5c7636ee7336588691f408e19f0132b1,0x564286362092d8e7936f0549571a803b203aaced,0x7d1afa7b718fb893db30a3abc0cfc608aacfebb0,0xd0b3ec4dca227d1fe15115ab482b6e355a4cd3a8,113904560000000000000000,Matic Token,MATIC,18,40,104184,40000000000,52092,1576560,deprecated,0xa9059cbb,"transfer(address _to, uint256 _value)",17417681
7643877,1556293393,0x39e059b25032c1508bc16b3de337f7b637ba5c1527c9283f49ea4d52f1cee175,1399844,0xe3f89a23afc660b1801c0b6ea8d221ba5c7636ee7336588691f408e19f0132b1,0x0681d8db095565fe8a346fa0277bffde9c0edbbf,0x7d1afa7b718fb893db30a3abc0cfc608aacfebb0,0x610babd57f142120b5c5e8b28316bcd4f0e500f7,341913680000000000000000,Matic Token,MATIC,18,41,74056,40000000000,37028,1613588,deprecated,0xa9059cbb,"transfer(address _to, uint256 _value)",17417681
7643877,1556293393,0xaffe8d4765a5a9494386d6dbc85f70a754be520c0388c99ad7223f0fe60317dd,1335131,0xe3f89a23afc660b1801c0b6ea8d221ba5c7636ee7336588691f408e19f0132b1,0x564286362092d8e7936f0549571a803b203aaced,0x7d1afa7b718fb893db30a3abc0cfc608aacfebb0,0x610babd57f142120b5c5e8b28316bcd4f0e500f7,455918240000000000000000,Matic Token,MATIC,18,42,74056,40000000000,37028,1650616,deprecated,0xa9059cbb,"transfer(address _to, uint256 _value)",17417681
7643888,1556293524,0x7055f43ebaf87e0e4f3599abce99c58c994c1d5c5d6484431baf445eef9a0568,1425362,0x28bdc2fb34925a2252e856c8fbda167178b14ad4fd66244b2a0d6756daaebe96,0xd551234ae421e3bcba99a0da6d736074f22192ff,0x7d1afa7b718fb893db30a3abc0cfc608aacfebb0,0x9b40a2c7351354c467f22d0029b4d9cee7f190c9,102232460000000000000000,Matic Token,MATIC,18,10,74056,40000000000,37028,285222,deprecated,0xa9059cbb,"transfer(address _to, uint256 _value)",17417670
7643888,1556293524,0x254e7e6a0045fa300925e08d994a462ecc2f25156b104f970b2dcc54e544c895,3104524,0x28bdc2fb34925a2252e856c8fbda167178b14ad4fd66244b2a0d6756daaebe96,0x3f5ce5fbfe3e9af3971dd833d26ba9b5c936f0be,0x7d1afa7b718fb893db30a3abc0cfc608aacfebb0,0xb63cd166b1108c7a4ed72d44c4676d46f088e079,113904560000000000000000,Matic Token,MATIC,18,11,104184,40000000000,52092,337314,deprecated,0xa9059cbb,"transfer(address _to, uint256 _value)",17417670
7643888,1556293524,0x24402973d75e7a7d94016d83ff7b606a62bbe567ee6afed5887500997e02800f,3104525,0x28bdc2fb34925a2252e856c8fbda167178b14ad4fd66244b2a0d6756daaebe96,0x3f5ce5fbfe3e9af3971dd833d26ba9b5c936f0be,0x7d1afa7b718fb893db30a3abc0cfc608aacfebb0,0xd26a41c65fc9e42078c6ba93f83417e10cf0c753,113904560000000000000000,Matic Token,MATIC,18,12,74184,40000000000,37092,374406,deprecated,0xa9059cbb,"transfer(address _to, uint256 _value)",17417670
7643888,1556293524,0xe424b5714d3a8f474c67b51ae1fb5ea2cfc709af3bef8dfec1bd09c97d370594,1335142,0x28bdc2fb34925a2252e856c8fbda167178b14ad4fd66244b2a0d6756daaebe96,0x564286362092d8e7936f0549571a803b203aaced,0x7d1afa7b718fb893db30a3abc0cfc608aacfebb0,0xd0b3ec4dca227d1fe15115ab482b6e355a4cd3a8,64028560000000000000000,Matic Token,MATIC,18,13,74184,40000000000,37092,411498,deprecated,0xa9059cbb,"transfer(address _to, uint256 _value)",17417670
7643888,1556293524,0x8e37848373dfbc461cc371c98bc50b5b618ef72b0f2cbbed787929184087406c,1335143,0x28bdc2fb34925a2252e856c8fbda167178b14ad4fd66244b2a0d6756daaebe96,0x564286362092d8e7936f0549571a803b203aaced,0x7d1afa7b718fb893db30a3abc0cfc608aacfebb0,0x607e631ddf2df00150f52897318f5225ad13f095,113904560000000000000000,Matic Token,MATIC,18,14,104184,40000000000,52092,463590,deprecated,0xa9059cbb,"transfer(address _to, uint256 _value)",17417670
7643892,1556293578,0x0004f2f6c9adbd968d55458e6b037b8d5bb8dbe58599f55d5b4f131687321e30,1335144,0x1a6059f796a3dc33a05ac82dc0680b473bff0834cbcff5aad457e99708d30c46,0x564286362092d8e7936f0549571a803b203aaced,0x7d1afa7b718fb893db30a3abc0cfc608aacfebb0,0xce304fc42a6daee31a9c95697e49531d21d21796,113904560000000000000000,Matic Token,MATIC,18,141,74184,40000000000,37092,7957664,deprecated,0xa9059cbb,"transfer(address _to, uint256 _value)",17417666
7643893,1556293597,0x6dd3242d08d1c102ec9dc8fb09157f30ffeb6be55341d896c2d0699d2bad3f18,1425363,0x3058c6b44ab2fdf53549b77ba8e34606911cdb416080e5daed4e8f0612d08fd3,0xd551234ae421e3bcba99a0da6d736074f22192ff,0x7d1afa7b718fb893db30a3abc0cfc608aacfebb0,0x0fb767201f616b1e5db0fa7ab027ff944309dd2f,113904560000000000000000,Matic Token,MATIC,18,1,104184,40000000000,52092,89401,deprecated,0xa9059cbb,"transfer(address _to, uint256 _value)",17417665
7643893,1556293597,0xcb4086eb7dc3eb9a9cd88f55c11600e090d5e8d9e85638531b697f7e3b20deca,1425364,0x3058c6b44ab2fdf53549b77ba8e34606911cdb416080e5daed4e8f0612d08fd3,0xd551234ae421e3bcba99a0da6d736074f22192ff,0x7d1afa7b718fb893db30a3abc0cfc608aacfebb0,0x9b40a2c7351354c467f22d0029b4d9cee7f190c9,114478660000000000000000,Matic Token,MATIC,18,2,74056,40000000000,37028,126429,deprecated,0xa9059cbb,"transfer(address _to, uint256 _value)",17417665
7643893,1556293597,0x2c195965ed0899ff327e37e8f3864b8e797b7929ca7aa83a70bfa979e7152891,12,0x3058c6b44ab2fdf53549b77ba8e34606911cdb416080e5daed4e8f0612d08fd3,0xbf4fa54286507c1e2f6f1201424d903e3267a988,0x7d1afa7b718fb893db30a3abc0cfc608aacfebb0,0x9d19aa0d24e604f77aba4cd250ffbaf6b15819b7,113904560000000000000000,Matic Token,MATIC,18,46,37092,5000000000,22092,3112627,deprecated,0xa9059cbb,"transfer(address _to, uint256 _value)",17417665
7643894,1556293602,0x73d59afba57ca57cd25bdf2f7ff61689120f4823703276139d8ec145871fb08f,3104528,0x4bbe4d4a08583b6b96f4e84d01a57fd0205621f1c2b160d4c06ec6a03b74c2a6,0x3f5ce5fbfe3e9af3971dd833d26ba9b5c936f0be,0x7d1afa7b718fb893db30a3abc0cfc608aacfebb0,0x04df67ba68c632954dd5c869f14c9806889f303f,227909120000000000000000,Matic Token,MATIC,18,4,104056,40000000000,52028,154851,deprecated,0xa9059cbb,"transfer(address _to, uint256 _value)",17417664
7643894,1556293602,0x1c869b2c1330f254d470fb589d9293443b194cfd1f6aafec2d5102bd0731c95d,3104529,0x4bbe4d4a08583b6b96f4e84d01a57fd0205621f1c2b160d4c06ec6a03b74c2a6,0x3f5ce5fbfe3e9af3971dd833d26ba9b5c936f0be,0x7d1afa7b718fb893db30a3abc0cfc608aacfebb0,0x7f849c92e48e3c0a5dd8e5b9b53f91aae8b6c1c1,510582164000000000000000,Matic Token,MATIC,18,5,104184,40000000000,52092,206943,deprecated,0xa9059cbb,"transfer(address _to, uint256 _value)",17417664
7643897,1556293671,0x546cbbb0c503bbe6d2dc70f3855acf6a1385b581dda71f4af511dbab652820f8,1,0xcf1a50440093dc0639d9f813ad25339f6f41911306ca8205bbe3699b4b111636,0xb63cd166b1108c7a4ed72d44c4676d46f088e079,0x7d1afa7b718fb893db30a3abc0cfc608aacfebb0,0x9d19aa0d24e604f77aba4cd250ffbaf6b15819b7,113904560000000000000000,Matic Token,MATIC,18,61,37092,5000000000,22092,4360395,deprecated,0xa9059cbb,"transfer(address _to, uint256 _value)",17417661
7643899,1556293722,0xe6e4a7bf3f6b873f81296b95f11af770a82c8c27f2e4fc9ecc03249303a8ab9a,3104536,0x747d5ab60c680a2a4cd5a8e1da9f0d8ebd3a5cf6e8a511aa148bf5cd0cce95c4,0x3f5ce5fbfe3e9af3971dd833d26ba9b5c936f0be,0x7d1afa7b718fb893db30a3abc0cfc608aacfebb0,0xde6fd10ba7990507e4328094a51c36fbe338ca28,258581738000000000000000,Matic Token,MATIC,18,14,104184,40000000000,52092,473940,deprecated,0xa9059cbb,"transfer(address _to, uint256 _value)",17417659
7643899,1556293722,0x45870d938b582629ba1e12d478d9063ecdb2afd46d1eace12ce0548f64d3b262,3104537,0x747d5ab60c680a2a4cd5a8e1da9f0d8ebd3a5cf6e8a511aa148bf5cd0cce95c4,0x3f5ce5fbfe3e9af3971dd833d26ba9b5c936f0be,0x7d1afa7b718fb893db30a3abc0cfc608aacfebb0,0xf81240896e82aeebda0e48d03de9ffbdba4ea4ef,350000000000000000000000,Matic Token,MATIC,18,15,104184,40000000000,52092,526032,deprecated,0xa9059cbb,"transfer(address _to, uint256 _value)",17417659
7643899,1556293722,0xf7ae246e3aa1d9220089344920fe0ff39dea7fc69e2d8a0cb9f997eb555d32d6,1399857,0x747d5ab60c680a2a4cd5a8e1da9f0d8ebd3a5cf6e8a511aa148bf5cd0cce95c4,0x0681d8db095565fe8a346fa0277bffde9c0edbbf,0x7d1afa7b718fb893db30a3abc0cfc608aacfebb0,0x604de8c597e3ce8e7fa702431b8ac66175e4a812,18206000000000000000000,Matic Token,MATIC,18,16,104184,40000000000,52092,578124,deprecated,0xa9059cbb,"transfer(address _to, uint256 _value)",17417659
7643899,1556293722,0x29bf4c66b0fb024c43db391f9bdf6f2b6410861ac85924a776f2951b68198169,1399858,0x747d5ab60c680a2a4cd5a8e1da9f0d8ebd3a5cf6e8a511aa148bf5cd0cce95c4,0x0681d8db095565fe8a346fa0277bffde9c0edbbf,0x7d1afa7b718fb893db30a3abc0cfc608aacfebb0,0x48b233d1f8efe5f77f31f64436622e2fd9bfd43a,17100000000000000000000,Matic Token,MATIC,18,17,104184,40000000000,52092,630216,deprecated,0xa9059cbb,"transfer(address _to, uint256 _value)",17417659
7643899,1556293722,0x965ff4bc31e95954be7413f654d32adc05285e6c7e9c79fb805df576f242cdc1,1399859,0x747d5ab60c680a2a4cd5a8e1da9f0d8ebd3a5cf6e8a511aa148bf5cd0cce95c4,0x0681d8db095565fe8a346fa0277bffde9c0edbbf,0x7d1afa7b718fb893db30a3abc0cfc608aacfebb0,0x0fb767201f616b1e5db0fa7ab027ff944309dd2f,113904560000000000000000,Matic Token,MATIC,18,18,74184,40000000000,37092,667308,deprecated,0xa9059cbb,"transfer(address _to, uint256 _value)",17417659
7643908,1556293850,0x5ed7154ce368d208e6a1a85a5acf09fe88681d1bf0556adb0b1c3a7d31955eb6,1399866,0x54476ca865733e0dabb47e24315db74f01b919ae1185d6992d03921b693ca70e,0x0681d8db095565fe8a346fa0277bffde9c0edbbf,0x7d1afa7b718fb893db30a3abc0cfc608aacfebb0,0xc43b4678c78c3c87929ec2dfa7caffa36dcfb5b2,247924766000000000000000,Matic Token,MATIC,18,12,104184,40000000000,52092,320203,deprecated,0xa9059cbb,"transfer(address _to, uint256 _value)",17417650
7643908,1556293850,0x13aeb26a0003a8ad7b2f90c871551fe03e8760fa04abe7ec5c29fb3124230cb4,1335154,0x54476ca865733e0dabb47e24315db74f01b919ae1185d6992d03921b693ca70e,0x564286362092d8e7936f0549571a803b203aaced,0x7d1afa7b718fb893db30a3abc0cfc608aacfebb0,0x0ec6f7a6b489585c026427fcb6ab9667f882c784,341913680000000000000000,Matic Token,MATIC,18,14,104184,40000000000,52092,410268,deprecated,0xa9059cbb,"transfer(address _to, uint256 _value)",17417650
7643908,1556293850,0x8b3f8492a47e39c3c64447aea506e043b100fd4d679d76cbf5ec09adda52fa84,1335155,0x54476ca865733e0dabb47e24315db74f01b919ae1185d6992d03921b693ca70e,0x564286362092d8e7936f0549571a803b203aaced,0x7d1afa7b718fb893db30a3abc0cfc608aacfebb0,0xd26a41c65fc9e42078c6ba93f83417e10cf0c753,113904560000000000000000,Matic Token,MATIC,18,15,74184,40000000000,37092,447360,deprecated,0xa9059cbb,"transfer(address _to, uint256 _value)",17417650
7643908,1556293850,0x6d23b74911135d60250c5178675eae0f74e08a96d8766bb4d64076faf8834503,3104544,0x54476ca865733e0dabb47e24315db74f01b919ae1185d6992d03921b693ca70e,0x3f5ce5fbfe3e9af3971dd833d26ba9b5c936f0be,0x7d1afa7b718fb893db30a3abc0cfc608aacfebb0,0xa04d468f10dd0e126ca42bc42a2cc38ec8d5b3f4,341913680000000000000000,Matic Token,MATIC,18,17,104184,40000000000,52092,536993,deprecated,0xa9059cbb,"transfer(address _to, uint256 _value)",17417650
7643908,1556293850,0xda5e5ffe75e87b08a303f80ffb9eab08563cc330c554c271b507e9f6f02c9d79,1425370,0x54476ca865733e0dabb47e24315db74f01b919ae1185d6992d03921b693ca70e,0xd551234ae421e3bcba99a0da6d736074f22192ff,0x7d1afa7b718fb893db30a3abc0cfc608aacfebb0,0x558e6e2bc08d81ccb4a1cf8ce3f6c76ddcf6d622,28401140000000000000000,Matic Token,MATIC,18,18,104184,40000000000,52092,589085,deprecated,0xa9059cbb,"transfer(address _to, uint256 _value)",17417650
7643908,1556293850,0xfd699395a39a29cba665e54448ab0ea4bb10ced1e86f10dd2d331907931d5f5c,1425371,0x54476ca865733e0dabb47e24315db74f01b919ae1185d6992d03921b693ca70e,0xd551234ae421e3bcba99a0da6d736074f22192ff,0x7d1afa7b718fb893db30a3abc0cfc608aacfebb0,0x2dad84af471eb4e850abd4e7735c7e0747c8c64a,61504560000000000000000,Matic Token,MATIC,18,19,104184,40000000000,52092,641177,deprecated,0xa9059cbb,"transfer(address _to, uint256 _value)",17417650
7643908,1556293850,0x7ebe584ba4d4b1f1c141babae318c2ae06d16a7d30af984d5fe8a71f7cec13c6,1425372,0x54476ca865733e0dabb47e24315db74f01b919ae1185d6992d03921b693ca70e,0xd551234ae421e3bcba99a0da6d736074f22192ff,0x7d1afa7b718fb893db30a3abc0cfc608aacfebb0,0x558e6e2bc08d81ccb4a1cf8ce3f6c76ddcf6d622,85403420000000000000000,Matic Token,MATIC,18,20,104184,40000000000,37092,678269,deprecated,0xa9059cbb,"transfer(address _to, uint256 _value)",17417650
7643911,1556293877,0x68f0c807152a0c06491368a706e5ecdda98b273b35b924ee6f4b76c4d90289e8,20,0xbbb591ff4ef3f8beb56132a3ac0049b6fa1c819d8fda9ce203d0cca473a74f4d,0x1df46555484302c19ec69377ab684576e5288560,0x7d1afa7b718fb893db30a3abc0cfc608aacfebb0,0x93bdaaff3dc40f2c295487c092c1c8f32347bd89,1223434276000000000000000,Matic Token,MATIC,18,54,60000,5000000000,37156,3701505,deprecated,0xa9059cbb,"transfer(address _to, uint256 _value)",17417647
7643912,1556293916,0x4700886041e3fef7d8c5c9f468a22205ce8bd43b69c9ab49a5385cd429a2a4d4,695,0xcc17077f641595494c146a3b53a47e704c96bf8ce7e7cc6e090276636fd6f8a2,0x9d19aa0d24e604f77aba4cd250ffbaf6b15819b7,0x7d1afa7b718fb893db30a3abc0cfc608aacfebb0,0x790f6127490c638a534d359cdec7ccfcddb092af,569522800000000000000000,Matic Token,MATIC,18,156,52092,5000000000,37092,7485548,deprecated,0xa9059cbb,"transfer(address _to, uint256 _value)",17417646
7643913,1556293937,0x2b41625be29ea0901f15d887bd310c774165fd9bab57a30286563329dd0441ef,372,0x03ce75ea10b5f7f62b6c4e8e4449a10ee125d9503dd0555084352be941eff3fa,0x9cb8b96256e67976f3337001b88da95e1bfb41a0,0x7d1afa7b718fb893db30a3abc0cfc608aacfebb0,0xd6038023888747865afc6ed7ee28a4888baaf002,999900000000000000000000,Matic Token,MATIC,18,59,60000,10395000000,37092,1943921,deprecated,0xa9059cbb,"transfer(address _to, uint256 _value)",17417645
7643928,1556294170,0x91642c36f3d053cbb4e75897f80919167b9d2be3caa4cf878d5f7ff91ea05081,1399873,0x8c76ef569a8d10df51612a0f8d488edf7ec4b3ac8a4d3c2f53213400f917faee,0x0681d8db095565fe8a346fa0277bffde9c0edbbf,0x7d1afa7b718fb893db30a3abc0cfc608aacfebb0,0xc43b4678c78c3c87929ec2dfa7caffa36dcfb5b2,261615042460000000000000,Matic Token,MATIC,18,10,74312,40000000000,37156,387173,deprecated,0xa9059cbb,"transfer(address _to, uint256 _value)",17417630
7643928,1556294170,0x76167f3ef2734dcf41a03f32bac3d689a8ad17ea7012aba494a718aa85aeb9d4,1399874,0x8c76ef569a8d10df51612a0f8d488edf7ec4b3ac8a4d3c2f53213400f917faee,0x0681d8db095565fe8a346fa0277bffde9c0edbbf,0x7d1afa7b718fb893db30a3abc0cfc608aacfebb0,0xce304fc42a6daee31a9c95697e49531d21d21796,113904560000000000000000,Matic Token,MATIC,18,11,74184,40000000000,37092,424265,deprecated,0xa9059cbb,"transfer(address _to, uint256 _value)",17417630
7643928,1556294170,0xde132d4b1c6e4ae126243385b7e94086cdd67e4a7e3bfa21e5ad4b6f124167bb,1335161,0x8c76ef569a8d10df51612a0f8d488edf7ec4b3ac8a4d3c2f53213400f917faee,0x564286362092d8e7936f0549571a803b203aaced,0x7d1afa7b718fb893db30a3abc0cfc608aacfebb0,0xfc48ce7bffb7a09eaa5210f572d04dd439b1018a,341913000000000000000000,Matic Token,MATIC,18,16,104184,40000000000,52092,608126,deprecated,0xa9059cbb,"transfer(address _to, uint256 _value)",17417630
7643928,1556294170,0x24b300335c4cdb4d10065374e9a8a9278bba4a60a3ba967adf19a9c67edd7866,1335162,0x8c76ef569a8d10df51612a0f8d488edf7ec4b3ac8a4d3c2f53213400f917faee,0x564286362092d8e7936f0549571a803b203aaced,0x7d1afa7b718fb893db30a3abc0cfc608aacfebb0,0xc43b4678c78c3c87929ec2dfa7caffa36dcfb5b2,258506813000000000000000,Matic Token,MATIC,18,17,74312,40000000000,37156,645282,deprecated,0xa9059cbb,"transfer(address _to, uint256 _value)",17417630
7643939,1556294337,0x7f204738f424919890008fa8953a0e65841846cb89376ff887543eb40aedfc42,1425388,0xe394a5aeb6087988731699ba884e25547e3253349c2f4092fa5a574718baa6d3,0xd551234ae421e3bcba99a0da6d736074f22192ff,0x7d1afa7b718fb893db30a3abc0cfc608aacfebb0,0x6caad728025d9c1b562f3403a87a5923d325dbc1,341913680000000000000000,Matic Token,MATIC,18,16,104184,40000000000,52092,570861,deprecated,0xa9059cbb,"transfer(address _to, uint256 _value)",17417619
7643939,1556294337,0x4c5b62da712f495fa682ffeed6da6256fbcd3da894de75536b64d949d1341f72,1425389,0xe394a5aeb6087988731699ba884e25547e3253349c2f4092fa5a574718baa6d3,0xd551234ae421e3bcba99a0da6d736074f22192ff,0x7d1afa7b718fb893db30a3abc0cfc608aacfebb0,0xbee8845cd016350af73e4cc1ae6d24b832218037,113904560000000000000000,Matic Token,MATIC,18,17,74184,40000000000,37092,607953,deprecated,0xa9059cbb,"transfer(address _to, uint256 _value)",17417619
7643939,1556294337,0x983c5f3b6f8b6180e0d191fa4c503e13901a3ff564bb7aa8c59c085469bf0f25,1425390,0xe394a5aeb6087988731699ba884e25547e3253349c2f4092fa5a574718baa6d3,0xd551234ae421e3bcba99a0da6d736074f22192ff,0x7d1afa7b718fb893db30a3abc0cfc608aacfebb0,0x73ce0a40a7b1571b12aaa44ebe05a64e2fcaa8d4,394934869700000000000000,Matic Token,MATIC,18,18,104312,40000000000,52156,660109,deprecated,0xa9059cbb,"transfer(address _to, uint256 _value)",17417619
7643939,1556294337,0xe6e23190c67dc35a889f395e2fd22b55f956f6932a4ae3466b5211baab8fd223,1425391,0xe394a5aeb6087988731699ba884e25547e3253349c2f4092fa5a574718baa6d3,0xd551234ae421e3bcba99a0da6d736074f22192ff,0x7d1afa7b718fb893db30a3abc0cfc608aacfebb0,0x32431b524e575aca1f1f78064e4576c176b255b3,900000000000000000000,Matic Token,MATIC,18,19,104056,40000000000,52028,712137,deprecated,0xa9059cbb,"transfer(address _to, uint256 _value)",17417619
7643939,1556294337,0xce2359186b3b989c48926b9c6d82067c6976b58dbe6e22a72ef20843ccc4459e,1335173,0xe394a5aeb6087988731699ba884e25547e3253349c2f4092fa5a574718baa6d3,0x564286362092d8e7936f0549571a803b203aaced,0x7d1afa7b718fb893db30a3abc0cfc608aacfebb0,0xb6a13719cdaff3c38bc88bbcf88b5385c97b9219,113904560000000000000000,Matic Token,MATIC,18,20,104184,40000000000,52092,764229,deprecated,0xa9059cbb,"transfer(address _to, uint256 _value)",17417619
7643939,1556294337,0xd4769cf2428db5f0538721f22bce1efa064416cd472b459a10de2cbeae735ce0,1335174,0xe394a5aeb6087988731699ba884e25547e3253349c2f4092fa5a574718baa6d3,0x564286362092d8e7936f0549571a803b203aaced,0x7d1afa7b718fb893db30a3abc0cfc608aacfebb0,0x5a2191ac07a5134ff2aa2a526bd57d2e33f7131e,341913680000000000000000,Matic Token,MATIC,18,21,104184,40000000000,52092,816321,deprecated,0xa9059cbb,"transfer(address _to, uint256 _value)",17417619
7643940,1556294340,0x7d0d79d9a6ff3c8b84f6134c85df3fdfbd8a4b779b96232d493cde8fdb42f89f,1399882,0x0cce8a72a69bc54255cdad937e9126146630367215ee1a9a856f005f8fb3bb7c,0x0681d8db095565fe8a346fa0277bffde9c0edbbf,0x7d1afa7b718fb893db30a3abc0cfc608aacfebb0,0x6717e1193c0d3090346d2e8975a6922f00d919bf,56904560000000000000000,Matic Token,MATIC,18,1,104056,40000000000,52028,89990,deprecated,0xa9059cbb,"transfer(address _to, uint256 _value)",17417618
7643946,1556294405,0xa06bce85dd0b0a7970b8faa51199ca4b306f93106baf8f7c1d696e3cf93d3f25,45,0x5d1ede75a0e52ef4412e65b62486176207578dc83a8f62accc38e215fe6dd7dc,0xab08f9e6d992b09d6afbd11a70519af58c62310c,0x7d1afa7b718fb893db30a3abc0cfc608aacfebb0,0x3f5ce5fbfe3e9af3971dd833d26ba9b5c936f0be,553095931000000000000000,Matic Token,MATIC,18,24,74312,20000000000,22156,4941696,deprecated,0xa9059cbb,"transfer(address _to, uint256 _value)",17417612
7643946,1556294405,0x92583744f8dd46c923255eae2b091e50f7589bd9bc9a383ea2c5e2ee339755e1,12,0x5d1ede75a0e52ef4412e65b62486176207578dc83a8f62accc38e215fe6dd7dc,0xebdf69e87ae9f04fb21a961262165e58500d5caa,0x7d1afa7b718fb893db30a3abc0cfc608aacfebb0,0x3f5ce5fbfe3e9af3971dd833d26ba9b5c936f0be,56902280000000000000000,Matic Token,MATIC,18,26,74184,20000000000,22092,4986430,deprecated,0xa9059cbb,"transfer(address _to, uint256 _value)",17417612
7643946,1556294405,0x447c226fd896a56dfa0620569796217e3cd8acfedc5c8bc497ccd2d879d47fdd,23,0x5d1ede75a0e52ef4412e65b62486176207578dc83a8f62accc38e215fe6dd7dc,0xb40e94b07307fc4bc40b668ae27f29e03226f380,0x7d1afa7b718fb893db30a3abc0cfc608aacfebb0,0x3f5ce5fbfe3e9af3971dd833d26ba9b5c936f0be,79703192000000000000000,Matic Token,MATIC,18,29,74184,20000000000,22092,5136544,deprecated,0xa9059cbb,"transfer(address _to, uint256 _value)",17417612
7643946,1556294405,0x741fc22205ba7d4f3f528f0540b34cf259c834b0f24478e50aad05266de795d9,12,0x5d1ede75a0e52ef4412e65b62486176207578dc83a8f62accc38e215fe6dd7dc,0x93bdaaff3dc40f2c295487c092c1c8f32347bd89,0x7d1afa7b718fb893db30a3abc0cfc608aacfebb0,0x3f5ce5fbfe3e9af3971dd833d26ba9b5c936f0be,1223434276000000000000000,Matic Token,MATIC,18,30,74312,20000000000,22156,5158700,deprecated,0xa9059cbb,"transfer(address _to, uint256 _value)",17417612
7643946,1556294405,0xb04dd7e6006387d92d51a034ccefc9167e30fd62d2aac713c61671bc0c641202,20,0x5d1ede75a0e52ef4412e65b62486176207578dc83a8f62accc38e215fe6dd7dc,0x7f849c92e48e3c0a5dd8e5b9b53f91aae8b6c1c1,0x7d1afa7b718fb893db30a3abc0cfc608aacfebb0,0x3f5ce5fbfe3e9af3971dd833d26ba9b5c936f0be,510582164000000000000000,Matic Token,MATIC,18,32,74184,20000000000,22092,5203251,deprecated,0xa9059cbb,"transfer(address _to, uint256 _value)",17417612
7643946,1556294405,0xa4a9011b0b63679b1155eb07900ba49158c3412e897548499da4be518a47b7c6,26,0x5d1ede75a0e52ef4412e65b62486176207578dc83a8f62accc38e215fe6dd7dc,0x13052e70496235f139bd5e5000714582aae3f48a,0x7d1afa7b718fb893db30a3abc0cfc608aacfebb0,0x3f5ce5fbfe3e9af3971dd833d26ba9b5c936f0be,341913680000000000000000,Matic Token,MATIC,18,33,74184,20000000000,22092,5225343,deprecated,0xa9059cbb,"transfer(address _to, uint256 _value)",17417612
7643946,1556294405,0x8b69a71fbafb33e4baac3388f3a2e951fc3bb3cd99789a0854b0d94862ce3e36,5,0x5d1ede75a0e52ef4412e65b62486176207578dc83a8f62accc38e215fe6dd7dc,0x47f2c882075f666db7152a246a540105ab2bf519,0x7d1afa7b718fb893db30a3abc0cfc608aacfebb0,0x3f5ce5fbfe3e9af3971dd833d26ba9b5c936f0be,113904560000000000000000,Matic Token,MATIC,18,34,74184,20000000000,22092,5247435,deprecated,0xa9059cbb,"transfer(address _to, uint256 _value)",17417612
7643946,1556294405,0x429a2909e93cf6eac8390619881602c0b98873416384a6f7fa9b5a7d7e24b479,56,0x5d1ede75a0e52ef4412e65b62486176207578dc83a8f62accc38e215fe6dd7dc,0xc43b4678c78c3c87929ec2dfa7caffa36dcfb5b2,0x7d1afa7b718fb893db30a3abc0cfc608aacfebb0,0x3f5ce5fbfe3e9af3971dd833d26ba9b5c936f0be,768046621460000000000000,Matic Token,MATIC,18,37,74312,20000000000,22156,5314606,deprecated,0xa9059cbb,"transfer(address _to, uint256 _value)",17417612
7643946,1556294405,0x296dfe3e0a02000059b5b62984e19c3ff485e31be4039bb3e8a042796fa9aa84,3591,0x5d1ede75a0e52ef4412e65b62486176207578dc83a8f62accc38e215fe6dd7dc,0x86904e32b0d7a8e1ab4dc4a02bae7ff93e9a2d33,0x7d1afa7b718fb893db30a3abc0cfc608aacfebb0,0x3f5ce5fbfe3e9af3971dd833d26ba9b5c936f0be,569922800000000000000000,Matic Token,MATIC,18,38,74184,20000000000,22092,5336698,deprecated,0xa9059cbb,"transfer(address _to, uint256 _value)",17417612
7643946,1556294405,0x26b97e787afa510ac668e68a710afc482b7a61582e5bde27d4af95f304a9772d,22,0x5d1ede75a0e52ef4412e65b62486176207578dc83a8f62accc38e215fe6dd7dc,0xb141d28bed3a8c8cdedcea664affa10a36b22655,0x7d1afa7b718fb893db30a3abc0cfc608aacfebb0,0x3f5ce5fbfe3e9af3971dd833d26ba9b5c936f0be,455818240000000000000000,Matic Token,MATIC,18,39,74056,20000000000,22028,5358726,deprecated,0xa9059cbb,"transfer(address _to, uint256 _value)",17417612
7643946,1556294405,0xe4d1e966d18bee897a0a91dbb7188c302e432039f855bea73439fefe70b869fd,7,0x5d1ede75a0e52ef4412e65b62486176207578dc83a8f62accc38e215fe6dd7dc,0xedd44144b19c63e47ad734bf0b04702fdc7f5cec,0x7d1afa7b718fb893db30a3abc0cfc608aacfebb0,0x3f5ce5fbfe3e9af3971dd833d26ba9b5c936f0be,227809120000000000000000,Matic Token,MATIC,18,40,74184,20000000000,22092,5380818,deprecated,0xa9059cbb,"transfer(address _to, uint256 _value)",17417612
7643946,1556294405,0x47a56b2873d2a94917f0af5da97590a4c9f7d6859b256c5f1ddb36b6fa386eed,1,0x5d1ede75a0e52ef4412e65b62486176207578dc83a8f62accc38e215fe6dd7dc,0x0fb767201f616b1e5db0fa7ab027ff944309dd2f,0x7d1afa7b718fb893db30a3abc0cfc608aacfebb0,0x3f5ce5fbfe3e9af3971dd833d26ba9b5c936f0be,227809120000000000000000,Matic Token,MATIC,18,41,74184,20000000000,22092,5402910,deprecated,0xa9059cbb,"transfer(address _to, uint256 _value)",17417612
7643946,1556294405,0x6fd813af7273137a1a4ebdcc0e744572737490183656a0ee4bee5773b97a8803,8,0x5d1ede75a0e52ef4412e65b62486176207578dc83a8f62accc38e215fe6dd7dc,0x1d482a33790e22443bf392f6d21ed6c2c366ac3a,0x7d1afa7b718fb893db30a3abc0cfc608aacfebb0,0x3f5ce5fbfe3e9af3971dd833d26ba9b5c936f0be,194854819999990000000000,Matic Token,MATIC,18,42,74312,20000000000,22156,5425066,deprecated,0xa9059cbb,"transfer(address _to, uint256 _value)",17417612
7643946,1556294405,0x02830beefaca27ad9bb40ee9c368ac4d6986dabd980eaba83221a55ae7d555c9,18,0x5d1ede75a0e52ef4412e65b62486176207578dc83a8f62accc38e215fe6dd7dc,0x4f93f42f9bf7f90d9ba1a018c6789afb87bc1932,0x7d1afa7b718fb893db30a3abc0cfc608aacfebb0,0x3f5ce5fbfe3e9af3971dd833d26ba9b5c936f0be,113904560000000000000000,Matic Token,MATIC,18,43,74184,20000000000,22092,5447158,deprecated,0xa9059cbb,"transfer(address _to, uint256 _value)",17417612
7643946,1556294405,0x8555ccd6b55797d8ced01ab76045c81a0b73a094d25fba6fd29be1ebd7c30e38,126,0x5d1ede75a0e52ef4412e65b62486176207578dc83a8f62accc38e215fe6dd7dc,0xd107ce90419342381d2296afa75703c19b06578f,0x7d1afa7b718fb893db30a3abc0cfc608aacfebb0,0x3f5ce5fbfe3e9af3971dd833d26ba9b5c936f0be,683827360000000000000000,Matic Token,MATIC,18,44,74184,20000000000,22092,5469250,deprecated,0xa9059cbb,"transfer(address _to, uint256 _value)",17417612
7643946,1556294405,0xbc57496ee5b2935713102c386da144b906deb826e1bf06e94cacaf9775ca54de,9,0x5d1ede75a0e52ef4412e65b62486176207578dc83a8f62accc38e215fe6dd7dc,0xbee8845cd016350af73e4cc1ae6d24b832218037,0x7d1afa7b718fb893db30a3abc0cfc608aacfebb0,0x3f5ce5fbfe3e9af3971dd833d26ba9b5c936f0be,569522800000000000000000,Matic Token,MATIC,18,46,74184,20000000000,22092,5546605,deprecated,0xa9059cbb,"transfer(address _to, uint256 _value)",17417612
7643946,1556294405,0xa552de33cfcb9e99328de6c7f7d75d37218b8b44e988b473a677fb6f90d72361,294,0x5d1ede75a0e52ef4412e65b62486176207578dc83a8f62accc38e215fe6dd7dc,0xb4a4f3fe3d3fae144b2815064a9e595f293b90cd,0x7d1afa7b718fb893db30a3abc0cfc608aacfebb0,0x3f5ce5fbfe3e9af3971dd833d26ba9b5c936f0be,227869357000000000000000,Matic Token,MATIC,18,47,74312,20000000000,22156,5568761,deprecated,0xa9059cbb,"transfer(address _to, uint256 _value)",17417612
7643946,1556294405,0xd0068cd25eae13fd4e9c5892faf56dfa86c55ae6b4731f356fa0c02ca6296bf2,1,0x5d1ede75a0e52ef4412e65b62486176207578dc83a8f62accc38e215fe6dd7dc,0xd26a41c65fc9e42078c6ba93f83417e10cf0c753,0x7d1afa7b718fb893db30a3abc0cfc608aacfebb0,0x3f5ce5fbfe3e9af3971dd833d26ba9b5c936f0be,797331920000000000000000,Matic Token,MATIC,18,49,74184,20000000000,22092,5646180,deprecated,0xa9059cbb,"transfer(address _to, uint256 _value)",17417612
7643946,1556294405,0xc036c72c7a6992cf792acf768738c4606a5c86e33e8f10c9452bbc40ceafd8fa,8,0x5d1ede75a0e52ef4412e65b62486176207578dc83a8f62accc38e215fe6dd7dc,0x4be57095f8227c50ea1637d4933ce9ab0a5475fc,0x7d1afa7b718fb893db30a3abc0cfc608aacfebb0,0x3f5ce5fbfe3e9af3971dd833d26ba9b5c936f0be,455918240000000000000000,Matic Token,MATIC,18,50,74184,20000000000,22092,5668272,deprecated,0xa9059cbb,"transfer(address _to, uint256 _value)",17417612
7643946,1556294405,0x5e6f70139f52058a7274b9a876ba0eec993b04697c1e6023e393baa3d37d0eb7,56,0x5d1ede75a0e52ef4412e65b62486176207578dc83a8f62accc38e215fe6dd7dc,0x610babd57f142120b5c5e8b28316bcd4f0e500f7,0x7d1afa7b718fb893db30a3abc0cfc608aacfebb0,0x3f5ce5fbfe3e9af3971dd833d26ba9b5c936f0be,2131593960000000000000000,Matic Token,MATIC,18,51,74312,20000000000,22156,5690428,deprecated,0xa9059cbb,"transfer(address _to, uint256 _value)",17417612
7643946,1556294405,0x1dd3e9776c2c35daf269cb42009f707112352bff1e083cf8b5e2a6e065a35be4,22,0x5d1ede75a0e52ef4412e65b62486176207578dc83a8f62accc38e215fe6dd7dc,0x92bd9a85fda3b5f80988437e77cb56084d89ca05,0x7d1afa7b718fb893db30a3abc0cfc608aacfebb0,0x3f5ce5fbfe3e9af3971dd833d26ba9b5c936f0be,2051082080000000000000000,Matic Token,MATIC,18,52,74312,20000000000,22156,5712584,deprecated,0xa9059cbb,"transfer(address _to, uint256 _value)",17417612
7643946,1556294405,0x2ca18d43abfba53e5517226741176cb74b809665973986386b7202dadc61f81c,6,0x5d1ede75a0e52ef4412e65b62486176207578dc83a8f62accc38e215fe6dd7dc,0xddb66410fcb9ee913a7cb196471038f426ece9dd,0x7d1afa7b718fb893db30a3abc0cfc608aacfebb0,0x3f5ce5fbfe3e9af3971dd833d26ba9b5c936f0be,113904560000000000000000,Matic Token,MATIC,18,54,74184,20000000000,22092,5765003,deprecated,0xa9059cbb,"transfer(address _to, uint256 _value)",17417612
7643947,1556294419,0x41229ccfa564d03f8b6f3efaf307c54b9da3b8a249da46f6af253eddb512f5a6,0,0xa9b12d2a364ec389da061c4dd77c77f6c8535e3e3539cea30f2ff4f5a402cfb6,0x246a16c63ac8c76924e9b90a0f3e69c8daed6723,0x7d1afa7b718fb893db30a3abc0cfc608aacfebb0,0x3f5ce5fbfe3e9af3971dd833d26ba9b5c936f0be,49900000000000000000000,Matic Token,MATIC,18,35,74184,20000000000,22092,7460668,deprecated,0xa9059cbb,"transfer(address _to, uint256 _value)",17417611
7643947,1556294419,0x7bc7ed65b0edde560a2ba98d40ff800a96c0d16c2ef91f917d4f2491d5b624b8,42,0xa9b12d2a364ec389da061c4dd77c77f6c8535e3e3539cea30f2ff4f5a402cfb6,0x81d366f00c81ac18ed778bb26b878bfe5aacec92,0x7d1afa7b718fb893db30a3abc0cfc608aacfebb0,0x3f5ce5fbfe3e9af3971dd833d26ba9b5c936f0be,113904560000000000000000,Matic Token,MATIC,18,39,74184,20000000000,22092,7545760,deprecated,0xa9059cbb,"transfer(address _to, uint256 _value)",17417611
7643947,1556294419,0x1ae8d63961522aa126229f63c0190682df06927004ce9f217885692af33f1ccd,6,0xa9b12d2a364ec389da061c4dd77c77f6c8535e3e3539cea30f2ff4f5a402cfb6,0x5c3182c8d4abd9906c661d14858bc51b6e08b4f4,0x7d1afa7b718fb893db30a3abc0cfc608aacfebb0,0x3f5ce5fbfe3e9af3971dd833d26ba9b5c936f0be,127300120000000000000000,Matic Token,MATIC,18,41,74184,20000000000,22092,7588852,deprecated,0xa9059cbb,"transfer(address _to, uint256 _value)",17417611
7643947,1556294419,0x18736339a4c9c1fa3c0fe99dc92233a583f5ecd6cf9a2f8612f2bb7445b30472,5,0xa9b12d2a364ec389da061c4dd77c77f6c8535e3e3539cea30f2ff4f5a402cfb6,0xce304fc42a6daee31a9c95697e49531d21d21796,0x7d1afa7b718fb893db30a3abc0cfc608aacfebb0,0x3f5ce5fbfe3e9af3971dd833d26ba9b5c936f0be,569522800000000000000000,Matic Token,MATIC,18,44,74184,20000000000,22092,7652944,deprecated,0xa9059cbb,"transfer(address _to, uint256 _value)",17417611
7643947,1556294419,0x96a804d85dc6ed05bdf4e957495ea6f9ffd0fc53d9dde365c5757476e643bd96,1,0xa9b12d2a364ec389da061c4dd77c77f6c8535e3e3539cea30f2ff4f5a402cfb6,0x0ced80e89889c45f6f5f745556ba1ae4b625b959,0x7d1afa7b718fb893db30a3abc0cfc608aacfebb0,0x3f5ce5fbfe3e9af3971dd833d26ba9b5c936f0be,113904560000000000000000,Matic Token,MATIC,18,51,74184,20000000000,22092,7801036,deprecated,0xa9059cbb,"transfer(address _to, uint256 _value)",17417611
7643947,1556294419,0x422a98122c52be3492ed943d33d1eea09f0544990e0176e45d0600dc43d77727,20,0xa9b12d2a364ec389da061c4dd77c77f6c8535e3e3539cea30f2ff4f5a402cfb6,0xe888529cd98de8cfb1e6e76ed6fb464cb76745d4,0x7d1afa7b718fb893db30a3abc0cfc608aacfebb0,0x3f5ce5fbfe3e9af3971dd833d26ba9b5c936f0be,79814000000000000000000,Matic Token,MATIC,18,54,74184,20000000000,22092,7865128,deprecated,0xa9059cbb,"transfer(address _to, uint256 _value)",17417611
7643947,1556294419,0xf02bcfa0590c80ad876921268d4bc56a7cdbe37ecb1692a5098ab57f0cc38456,69,0xa9b12d2a364ec389da061c4dd77c77f6c8535e3e3539cea30f2ff4f5a402cfb6,0x97d5b96b73ded9a42a28b86a68a319636c973253,0x7d1afa7b718fb893db30a3abc0cfc608aacfebb0,0x3f5ce5fbfe3e9af3971dd833d26ba9b5c936f0be,113904560000000000000000,Matic Token,MATIC,18,57,74184,20000000000,22092,7929220,deprecated,0xa9059cbb,"transfer(address _to, uint256 _value)",17417611
7643948,1556294428,0xc70fce8c3a19ff8bb7c36ee09043b97efc2a88ceb71fba676f10e748168bbbe5,19,0x3a10f8c179920540f637a7f1e3944127717646215e650d2b8d87afa73d75a30e,0x911addf45d330822e415a931e9dfd239b55be6c2,0x7d1afa7b718fb893db30a3abc0cfc608aacfebb0,0x3f5ce5fbfe3e9af3971dd833d26ba9b5c936f0be,113904560000000000000000,Matic Token,MATIC,18,42,74184,20000000000,22092,7261989,deprecated,0xa9059cbb,"transfer(address _to, uint256 _value)",17417610
7643948,1556294428,0x990b09abc74bcd20f96cd09df518b05c29a95588f805349610bfddf6ec20542e,28,0x3a10f8c179920540f637a7f1e3944127717646215e650d2b8d87afa73d75a30e,0x790f6127490c638a534d359cdec7ccfcddb092af,0x7d1afa7b718fb893db30a3abc0cfc608aacfebb0,0x3f5ce5fbfe3e9af3971dd833d26ba9b5c936f0be,569522800000000000000000,Matic Token,MATIC,18,44,74184,20000000000,22092,7305081,deprecated,0xa9059cbb,"transfer(address _to, uint256 _value)",17417610
7643948,1556294428,0x2289b91034e7feda2dfcee1eb1b73ea62571016d9a35bd702f621784e0603153,5,0x3a10f8c179920540f637a7f1e3944127717646215e650d2b8d87afa73d75a30e,0xa8907e00dd09a844e03143720b241e8b3bf62582,0x7d1afa7b718fb893db30a3abc0cfc608aacfebb0,0x3f5ce5fbfe3e9af3971dd833d26ba9b5c936f0be,227909120000000000000000,Matic Token,MATIC,18,52,74056,20000000000,22028,7474109,deprecated,0xa9059cbb,"transfer(address _to, uint256 _value)",17417610
7643948,1556294428,0x671b9a8e62755141cd9637cff72ddb255b829815a27b8de1182cd6797aae6ee2,2,0x3a10f8c179920540f637a7f1e3944127717646215e650d2b8d87afa73d75a30e,0x558e6e2bc08d81ccb4a1cf8ce3f6c76ddcf6d622,0x7d1afa7b718fb893db30a3abc0cfc608aacfebb0,0x3f5ce5fbfe3e9af3971dd833d26ba9b5c936f0be,113804560000000000000000,Matic Token,MATIC,18,54,74184,20000000000,22092,7517201,deprecated,0xa9059cbb,"transfer(address _to, uint256 _value)",17417610
7643948,1556294428,0x355e8651ba9a75c7f62e22c18928b224f450e53cefe45ff829ca54068433f74b,9,0x3a10f8c179920540f637a7f1e3944127717646215e650d2b8d87afa73d75a30e,0x8dd81090747d9370787beff9c6ba6d04bfa3e2bb,0x7d1afa7b718fb893db30a3abc0cfc608aacfebb0,0x3f5ce5fbfe3e9af3971dd833d26ba9b5c936f0be,83900000000000000000000,Matic Token,MATIC,18,56,74184,20000000000,22092,7560293,deprecated,0xa9059cbb,"transfer(address _to, uint256 _value)",17417610
7643948,1556294428,0x565cc128dfb5a4bb1539698edcbc38f366aa8d38315b401bdf8f09be1de0996d,11,0x3a10f8c179920540f637a7f1e3944127717646215e650d2b8d87afa73d75a30e,0x48b233d1f8efe5f77f31f64436622e2fd9bfd43a,0x7d1afa7b718fb893db30a3abc0cfc608aacfebb0,0x3f5ce5fbfe3e9af3971dd833d26ba9b5c936f0be,17100000000000000000000,Matic Token,MATIC,18,60,74184,20000000000,22092,7647786,deprecated,0xa9059cbb,"transfer(address _to, uint256 _value)",17417610
7643948,1556294428,0xba0ab56318feeb3b086f52308cf92601c28c5bd58b5960fbe33c838ec8cf7472,1,0x3a10f8c179920540f637a7f1e3944127717646215e650d2b8d87afa73d75a30e,0x604de8c597e3ce8e7fa702431b8ac66175e4a812,0x7d1afa7b718fb893db30a3abc0cfc608aacfebb0,0x3f5ce5fbfe3e9af3971dd833d26ba9b5c936f0be,18206000000000000000000,Matic Token,MATIC,18,68,74184,20000000000,22092,7816878,deprecated,0xa9059cbb,"transfer(address _to, uint256 _value)",17417610
7643949,1556294435,0x0e5f2284aa690c7460b43517e8345efb0fb1a870d90d91d536b061a0aeabb085,1335181,0x65ab7c71cd604234169d358bb249693b8ee4856dd0ea0c50700c1f5cf42f7cb8,0x564286362092d8e7936f0549571a803b203aaced,0x7d1afa7b718fb893db30a3abc0cfc608aacfebb0,0xb4343045dc635566f14068265b42dbe579e2d921,102051000000000000000000,Matic Token,MATIC,18,5,104184,40000000000,52092,194352,deprecated,0xa9059cbb,"transfer(address _to, uint256 _value)",17417609
7643949,1556294435,0xb05de62051b2ad096e74975fd4a4ad70c8ccebd813d2d9b61976d1ce24c6e5cb,1335182,0x65ab7c71cd604234169d358bb249693b8ee4856dd0ea0c50700c1f5cf42f7cb8,0x564286362092d8e7936f0549571a803b203aaced,0x7d1afa7b718fb893db30a3abc0cfc608aacfebb0,0x73ce0a40a7b1571b12aaa44ebe05a64e2fcaa8d4,435871271000000000000000,Matic Token,MATIC,18,6,74312,40000000000,37156,231508,deprecated,0xa9059cbb,"transfer(address _to, uint256 _value)",17417609
7643949,1556294435,0x3b551eda61448a714ec04ea1f0753d15f3c15efc875a642b79af3ce6aee674c4,3104554,0x65ab7c71cd604234169d358bb249693b8ee4856dd0ea0c50700c1f5cf42f7cb8,0x3f5ce5fbfe3e9af3971dd833d26ba9b5c936f0be,0x7d1afa7b718fb893db30a3abc0cfc608aacfebb0,0xe461ce1522f6da82a6a36381a03dd2d60b9148d3,96900000000000000000000,Matic Token,MATIC,18,7,104184,40000000000,52092,283600,deprecated,0xa9059cbb,"transfer(address _to, uint256 _value)",17417609
7643949,1556294435,0x33924dfcaebc9adf14abc9d328536cb83c644eeded6c9282a2962c0c5fabf0dc,19,0x65ab7c71cd604234169d358bb249693b8ee4856dd0ea0c50700c1f5cf42f7cb8,0x90f15bae2510d0815a8002d657b1b52e563ec8b1,0x7d1afa7b718fb893db30a3abc0cfc608aacfebb0,0x3f5ce5fbfe3e9af3971dd833d26ba9b5c936f0be,227909120000000000000000,Matic Token,MATIC,18,23,74056,20000000000,22028,4652839,deprecated,0xa9059cbb,"transfer(address _to, uint256 _value)",17417609
7643949,1556294435,0x151d487772151e828bc3db48d667d3961d2ea1213d117fe59677b1fd10f07dae,17,0x65ab7c71cd604234169d358bb249693b8ee4856dd0ea0c50700c1f5cf42f7cb8,0xd0b3ec4dca227d1fe15115ab482b6e355a4cd3a8,0x7d1afa7b718fb893db30a3abc0cfc608aacfebb0,0x3f5ce5fbfe3e9af3971dd833d26ba9b5c936f0be,177933120000000000000000,Matic Token,MATIC,18,34,74184,20000000000,22092,4900867,deprecated,0xa9059cbb,"transfer(address _to, uint256 _value)",17417609
7643949,1556294435,0xefa6c62e76704c4cc0d89fbb429bcff9ebf0594c15cd42ac377971578fd4dda1,4,0x65ab7c71cd604234169d358bb249693b8ee4856dd0ea0c50700c1f5cf42f7cb8,0xa04d468f10dd0e126ca42bc42a2cc38ec8d5b3f4,0x7d1afa7b718fb893db30a3abc0cfc608aacfebb0,0x3f5ce5fbfe3e9af3971dd833d26ba9b5c936f0be,341913680000000000000000,Matic Token,MATIC,18,39,74184,20000000000,22092,5008601,deprecated,0xa9059cbb,"transfer(address _to, uint256 _value)",17417609
7643949,1556294435,0xd50d5d7a45bea8be3e099cf3ff127767de4555819ee71dc2cec14abe397fc41c,15,0x65ab7c71cd604234169d358bb249693b8ee4856dd0ea0c50700c1f5cf42f7cb8,0xfc48ce7bffb7a09eaa5210f572d04dd439b1018a,0x7d1afa7b718fb893db30a3abc0cfc608aacfebb0,0x3f5ce5fbfe3e9af3971dd833d26ba9b5c936f0be,341913000000000000000000,Matic Token,MATIC,18,54,74184,20000000000,22092,5356582,deprecated,0xa9059cbb,"transfer(address _to, uint256 _value)",17417609
7643949,1556294435,0x745489551b0d248d8160ba405da16dbed9db0e3b7d9d09405700ff4da6614c85,20,0x65ab7c71cd604234169d358bb249693b8ee4856dd0ea0c50700c1f5cf42f7cb8,0xc345c5e5fe561b595faebea777fbeafec63597a7,0x7d1afa7b718fb893db30a3abc0cfc608aacfebb0,0x3f5ce5fbfe3e9af3971dd833d26ba9b5c936f0be,57224560000000000000000,Matic Token,MATIC,18,55,74184,20000000000,22092,5378674,deprecated,0xa9059cbb,"transfer(address _to, uint256 _value)",17417609
7643949,1556294435,0x2dd7c9c89c5968e17e001058db04a7bc0f94f39496ac1195cf115653d69e464e,11,0x65ab7c71cd604234169d358bb249693b8ee4856dd0ea0c50700c1f5cf42f7cb8,0x8e96a231947c27caa7fe008831c37edf2fb22c72,0x7d1afa7b718fb893db30a3abc0cfc608aacfebb0,0x3f5ce5fbfe3e9af3971dd833d26ba9b5c936f0be,113904560000000000000000,Matic Token,MATIC,18,57,74184,20000000000,22092,5421766,deprecated,0xa9059cbb,"transfer(address _to, uint256 _value)",17417609
7643949,1556294435,0x70c8ecbf0466e84abb25dde4084c4c1e3c60733293054fe91f9f1c7259c7c4f7,3,0x65ab7c71cd604234169d358bb249693b8ee4856dd0ea0c50700c1f5cf42f7cb8,0xc31aa2162d0efc66e349fc2d2ed1ace4d136eb50,0x7d1afa7b718fb893db30a3abc0cfc608aacfebb0,0x3f5ce5fbfe3e9af3971dd833d26ba9b5c936f0be,119570770000000000000000,Matic Token,MATIC,18,65,74184,20000000000,22092,5626763,deprecated,0xa9059cbb,"transfer(address _to, uint256 _value)",17417609
7643949,1556294435,0xcb089a3571258193701b39e987ed5ef3eaf4ab058ee4d09c221b785d57e1c56d,2,0x65ab7c71cd604234169d358bb249693b8ee4856dd0ea0c50700c1f5cf42f7cb8,0x749dac2ba18b4683201fdad63c4a7a39adc0ab2f,0x7d1afa7b718fb893db30a3abc0cfc608aacfebb0,0x3f5ce5fbfe3e9af3971dd833d26ba9b5c936f0be,56902360000000000000000,Matic Token,MATIC,18,69,74184,20000000000,22092,5711855,deprecated,0xa9059cbb,"transfer(address _to, uint256 _value)",17417609
7643949,1556294435,0x5922cfd4cd1f58ef1a2e97a409024090bd29f0bc00f9b2d1879f4e348a1564a4,17,0x65ab7c71cd604234169d358bb249693b8ee4856dd0ea0c50700c1f5cf42f7cb8,0x1807b656cf306cb64905d38a2a087b72c3b08680,0x7d1afa7b718fb893db30a3abc0cfc608aacfebb0,0x3f5ce5fbfe3e9af3971dd833d26ba9b5c936f0be,113904560000000000000000,Matic Token,MATIC,18,76,74184,20000000000,22092,5859947,deprecated,0xa9059cbb,"transfer(address _to, uint256 _value)",17417609
7643949,1556294435,0xe24fe5a1cb22f73905cfae3172ac6877edd82c3dcf4b177f10f8a02e968e8edd,48,0x65ab7c71cd604234169d358bb249693b8ee4856dd0ea0c50700c1f5cf42f7cb8,0xf81240896e82aeebda0e48d03de9ffbdba4ea4ef,0x7d1afa7b718fb893db30a3abc0cfc608aacfebb0,0x3f5ce5fbfe3e9af3971dd833d26ba9b5c936f0be,350000000000000000000000,Matic Token,MATIC,18,77,74184,20000000000,22092,5882039,deprecated,0xa9059cbb,"transfer(address _to, uint256 _value)",17417609
7643949,1556294435,0xf27e0103de20eb901e8bfb66bfdf78923c59766601c57b458b5b47e077cd9fb2,31,0x65ab7c71cd604234169d358bb249693b8ee4856dd0ea0c50700c1f5cf42f7cb8,0xeb0870fcdafced95dab10445563c779ef7156e8c,0x7d1afa7b718fb893db30a3abc0cfc608aacfebb0,0x3f5ce5fbfe3e9af3971dd833d26ba9b5c936f0be,113904560000000000000000,Matic Token,MATIC,18,79,74184,20000000000,22092,5925131,deprecated,0xa9059cbb,"transfer(address _to, uint256 _value)",17417609
7643949,1556294435,0x23510e2b0d1559c47cd47ed45e7aeed6fd545e786e1e9846772ff2ed77ada319,1234,0x65ab7c71cd604234169d358bb249693b8ee4856dd0ea0c50700c1f5cf42f7cb8,0x0ec6f7a6b489585c026427fcb6ab9667f882c784,0x7d1afa7b718fb893db30a3abc0cfc608aacfebb0,0x3f5ce5fbfe3e9af3971dd833d26ba9b5c936f0be,341913680000000000000000,Matic Token,MATIC,18,80,74184,20000000000,22092,5947223,deprecated,0xa9059cbb,"transfer(address _to, uint256 _value)",17417609
7643949,1556294435,0xc9b299e11fd2db4567d7b4f4e16c86e045a377dfe23629833bb0a185c8317487,14,0x65ab7c71cd604234169d358bb249693b8ee4856dd0ea0c50700c1f5cf42f7cb8,0xd1ddabcc8ea76a9b72dedafa4b301e7f1297d69e,0x7d1afa7b718fb893db30a3abc0cfc608aacfebb0,0x3f5ce5fbfe3e9af3971dd833d26ba9b5c936f0be,227809120000000000000000,Matic Token,MATIC,18,91,74184,20000000000,22092,6179315,deprecated,0xa9059cbb,"transfer(address _to, uint256 _value)",17417609
7643949,1556294435,0x2e439f33828150a06c7b81af47460ae29ddc7790e30d09b935acbcb338337c48,11,0x65ab7c71cd604234169d358bb249693b8ee4856dd0ea0c50700c1f5cf42f7cb8,0x607e631ddf2df00150f52897318f5225ad13f095,0x7d1afa7b718fb893db30a3abc0cfc608aacfebb0,0x3f5ce5fbfe3e9af3971dd833d26ba9b5c936f0be,113904560000000000000000,Matic Token,MATIC,18,93,74184,20000000000,22092,6222407,deprecated,0xa9059cbb,"transfer(address _to, uint256 _value)",17417609
7643949,1556294435,0x68ca09334b4873b1c2863d9b8178d4b390b8cf3c74b446cc6c941ad07c060b71,60,0x65ab7c71cd604234169d358bb249693b8ee4856dd0ea0c50700c1f5cf42f7cb8,0xde6fd10ba7990507e4328094a51c36fbe338ca28,0x7d1afa7b718fb893db30a3abc0cfc608aacfebb0,0x3f5ce5fbfe3e9af3971dd833d26ba9b5c936f0be,258581738000000000000000,Matic Token,MATIC,18,104,74184,20000000000,22092,6454499,deprecated,0xa9059cbb,"transfer(address _to, uint256 _value)",17417609
7643949,1556294435,0xe9711b1eba54508a04565be2c47ccd355de6af8121df01160e53f85c939f4d7e,30,0x65ab7c71cd604234169d358bb249693b8ee4856dd0ea0c50700c1f5cf42f7cb8,0xc3ffed0d4db9707c7916062dc3ea9ae6344c96fd,0x7d1afa7b718fb893db30a3abc0cfc608aacfebb0,0x3f5ce5fbfe3e9af3971dd833d26ba9b5c936f0be,341913680000000000000000,Matic Token,MATIC,18,105,74184,20000000000,22092,6476591,deprecated,0xa9059cbb,"transfer(address _to, uint256 _value)",17417609
7643949,1556294435,0x512f3b4300a54c8b256475bc94a57097e5b536f2d62aa07216879ce92320fc67,132,0x65ab7c71cd604234169d358bb249693b8ee4856dd0ea0c50700c1f5cf42f7cb8,0x04df67ba68c632954dd5c869f14c9806889f303f,0x7d1afa7b718fb893db30a3abc0cfc608aacfebb0,0x3f5ce5fbfe3e9af3971dd833d26ba9b5c936f0be,227909120000000000000000,Matic Token,MATIC,18,111,74056,20000000000,22028,6617052,deprecated,0xa9059cbb,"transfer(address _to, uint256 _value)",17417609
7643962,1556294556,0xe01d13b969b200a86c58a9906d94e2c4136b965b6240597a354e40f5125bfe11,1425402,0xade56a924b8c8b9d547f2fcf749b7608dc17f9dc83704df1ee65b07d288a3203,0xd551234ae421e3bcba99a0da6d736074f22192ff,0x7d1afa7b718fb893db30a3abc0cfc608aacfebb0,0xf426fe5bc417ad8778dde13474764d7a7862e925,190645064000000000000000,Matic Token,MATIC,18,19,104184,40000000000,52092,735677,deprecated,0xa9059cbb,"transfer(address _to, uint256 _value)",17417596
7643962,1556294556,0x68013150f86dd6652d0b723ab415f83befe6cfb09f202656b2eda626d4579e55,1335187,0xade56a924b8c8b9d547f2fcf749b7608dc17f9dc83704df1ee65b07d288a3203,0x564286362092d8e7936f0549571a803b203aaced,0x7d1afa7b718fb893db30a3abc0cfc608aacfebb0,0xbee8845cd016350af73e4cc1ae6d24b832218037,113904560000000000000000,Matic Token,MATIC,18,21,104184,40000000000,52092,825008,deprecated,0xa9059cbb,"transfer(address _to, uint256 _value)",17417596
7643962,1556294556,0x8b86a43667379f087a6b390eb2745ab69136a37a6e94ca8a4cb81519bd545ae7,3104558,0xade56a924b8c8b9d547f2fcf749b7608dc17f9dc83704df1ee65b07d288a3203,0x3f5ce5fbfe3e9af3971dd833d26ba9b5c936f0be,0x7d1afa7b718fb893db30a3abc0cfc608aacfebb0,0x6caad728025d9c1b562f3403a87a5923d325dbc1,341913680000000000000000,Matic Token,MATIC,18,25,74184,40000000000,37092,989244,deprecated,0xa9059cbb,"transfer(address _to, uint256 _value)",17417596
7643962,1556294556,0xc6d4103603842447f348fb8e441a2bfbc4d3edd2e32efb903bfe0375dc73602b,3104559,0xade56a924b8c8b9d547f2fcf749b7608dc17f9dc83704df1ee65b07d288a3203,0x3f5ce5fbfe3e9af3971dd833d26ba9b5c936f0be,0x7d1afa7b718fb893db30a3abc0cfc608aacfebb0,0x6717e1193c0d3090346d2e8975a6922f00d919bf,257399921000000000000000,Matic Token,MATIC,18,26,74184,40000000000,37092,1026336,deprecated,0xa9059cbb,"transfer(address _to, uint256 _value)",17417596
7643962,1556294556,0x5baa706a2434ea2d11238410e46edd35f10dc1a7f00d66d9aee934ff037afd90,4482,0xade56a924b8c8b9d547f2fcf749b7608dc17f9dc83704df1ee65b07d288a3203,0xd6038023888747865afc6ed7ee28a4888baaf002,0x7d1afa7b718fb893db30a3abc0cfc608aacfebb0,0x2fe911f5df2820ca3d28a1fdfb13f63aa90bfd4c,99900000000000000000000,Matic Token,MATIC,18,151,52028,10000000000,52028,7829519,deprecated,0xa9059cbb,"transfer(address _to, uint256 _value)",17417596
7643976,1556294704,0x65a6353ec170e3b723b06c479b97c68d4165c96808d18af90a586cdda59a4fb5,1335194,0xb77d4b093932bd549e6d115ffe8ff2edb7512b022ad5945ed06d96216e7aa97e,0x564286362092d8e7936f0549571a803b203aaced,0x7d1afa7b718fb893db30a3abc0cfc608aacfebb0,0xb6a13719cdaff3c38bc88bbcf88b5385c97b9219,260647670000000000000000,Matic Token,MATIC,18,2,74184,40000000000,37092,79804,deprecated,0xa9059cbb,"transfer(address _to, uint256 _value)",17417582
7643976,1556294704,0x2e232078982f845bc083f6edef29451395bc983f9eb7ca489b848ffd70dcd8b5,1335195,0xb77d4b093932bd549e6d115ffe8ff2edb7512b022ad5945ed06d96216e7aa97e,0x564286362092d8e7936f0549571a803b203aaced,0x7d1afa7b718fb893db30a3abc0cfc608aacfebb0,0x023782ba96413ddc99d91710aaa33cbbe0892cfa,92222000000000000000000,Matic Token,MATIC,18,3,104184,40000000000,52092,131896,deprecated,0xa9059cbb,"transfer(address _to, uint256 _value)",17417582
7643976,1556294704,0x3280eb09e24f0b8029c82dc5e5bbbc2e3f69b1686dc89ef905eb8e7041c95eac,1425408,0xb77d4b093932bd549e6d115ffe8ff2edb7512b022ad5945ed06d96216e7aa97e,0xd551234ae421e3bcba99a0da6d736074f22192ff,0x7d1afa7b718fb893db30a3abc0cfc608aacfebb0,0xd1ddabcc8ea76a9b72dedafa4b301e7f1297d69e,113904560000000000000000,Matic Token,MATIC,18,4,104184,40000000000,52092,183988,deprecated,0xa9059cbb,"transfer(address _to, uint256 _value)",17417582
7643989,1556294831,0xfc220347a66d89ceea9e77fda5d4aa6b506dd962938f2833731116d7ae1b8902,3104578,0x477a677fa380f187a9e1fc93989173161d1c42e1d2838558e40c041727b30cf7,0x3f5ce5fbfe3e9af3971dd833d26ba9b5c936f0be,0x7d1afa7b718fb893db30a3abc0cfc608aacfebb0,0xf426fe5bc417ad8778dde13474764d7a7862e925,190121588000000000000000,Matic Token,MATIC,18,3,74184,40000000000,37092,121268,deprecated,0xa9059cbb,"transfer(address _to, uint256 _value)",17417569
7643989,1556294831,0xd8bd1f99f7af13b6f96dcc617cdf7330689eb8cb2c56a1bbaf09e7547ffb5a83,1425418,0x477a677fa380f187a9e1fc93989173161d1c42e1d2838558e40c041727b30cf7,0xd551234ae421e3bcba99a0da6d736074f22192ff,0x7d1afa7b718fb893db30a3abc0cfc608aacfebb0,0xcd6bdf994d8e149672296e05d31c05a195682879,113904560000000000000000,Matic Token,MATIC,18,4,104184,40000000000,52092,173360,deprecated,0xa9059cbb,"transfer(address _to, uint256 _value)",17417569
7644001,1556295020,0xacef79f3d52a82e43de0fbc8d1125ebe0779982498048d33f125f5749c37bbc2,1335210,0x97e479b98a877ee31b1fb69c806a5f29a21c4f740dab26be543d0ab15c16713e,0x564286362092d8e7936f0549571a803b203aaced,0x7d1afa7b718fb893db30a3abc0cfc608aacfebb0,0x17ded2649ce3b3fb99e6e34f84c71a0b6d04275c,250972355000000000000000,Matic Token,MATIC,18,60,104312,40000000000,52156,1621387,deprecated,0xa9059cbb,"transfer(address _to, uint256 _value)",17417557
7644001,1556295020,0x83945cc9adfbc3df7936347f834150453ccaa4ce6a0bbd67816f29031969cc36,1425425,0x97e479b98a877ee31b1fb69c806a5f29a21c4f740dab26be543d0ab15c16713e,0xd551234ae421e3bcba99a0da6d736074f22192ff,0x7d1afa7b718fb893db30a3abc0cfc608aacfebb0,0x2b45f1734509265fca0298d18fa9b14c68bf5335,227909120000000000000000,Matic Token,MATIC,18,61,74056,40000000000,37028,1658415,deprecated,0xa9059cbb,"transfer(address _to, uint256 _value)",17417557
7644001,1556295020,0x685767a24e440a22410f624d2ed7b6067147036daf3cd3068bcd44d5f82f6ebb,1399911,0x97e479b98a877ee31b1fb69c806a5f29a21c4f740dab26be543d0ab15c16713e,0x0681d8db095565fe8a346fa0277bffde9c0edbbf,0x7d1afa7b718fb893db30a3abc0cfc608aacfebb0,0x6caad728025d9c1b562f3403a87a5923d325dbc1,227909120000000000000000,Matic Token,MATIC,18,63,74056,40000000000,37028,1718677,deprecated,0xa9059cbb,"transfer(address _to, uint256 _value)",17417557
7644001,1556295020,0x72b4ca55492f7b81cdcf83bdde08c3271bb5abcd6c0225017a23f03deaa5aa46,3104589,0x97e479b98a877ee31b1fb69c806a5f29a21c4f740dab26be543d0ab15c16713e,0x3f5ce5fbfe3e9af3971dd833d26ba9b5c936f0be,0x7d1afa7b718fb893db30a3abc0cfc608aacfebb0,0x6717e1193c0d3090346d2e8975a6922f00d919bf,189783926000000000000000,Matic Token,MATIC,18,64,74056,40000000000,37028,1755705,deprecated,0xa9059cbb,"transfer(address _to, uint256 _value)",17417557
7644001,1556295020,0x1a31094b208960821104815800cd9ce5a19f96f6ae580a96260a12db4418c85f,3104590,0x97e479b98a877ee31b1fb69c806a5f29a21c4f740dab26be543d0ab15c16713e,0x3f5ce5fbfe3e9af3971dd833d26ba9b5c936f0be,0x7d1afa7b718fb893db30a3abc0cfc608aacfebb0,0xbee8845cd016350af73e4cc1ae6d24b832218037,113904560000000000000000,Matic Token,MATIC,18,65,74184,40000000000,37092,1792797,deprecated,0xa9059cbb,"transfer(address _to, uint256 _value)",17417557
7644001,1556295020,0x50b8ea07a28268c83e0b376ae0815e6698fd460d702a90049774421ea29cbf04,1425430,0x97e479b98a877ee31b1fb69c806a5f29a21c4f740dab26be543d0ab15c16713e,0xd551234ae421e3bcba99a0da6d736074f22192ff,0x7d1afa7b718fb893db30a3abc0cfc608aacfebb0,0x90f15bae2510d0815a8002d657b1b52e563ec8b1,341913680000000000000000,Matic Token,MATIC,18,83,104184,40000000000,52092,2272102,deprecated,0xa9059cbb,"transfer(address _to, uint256 _value)",17417557
7644002,1556295044,0x32118831b1fe045353504002722650dbff00ffa799628677595cf004fe5e1944,1399916,0x47b12656b09215c9e5c4ef7600a2c04c422ba64b68174adf67cc04b82f0a2b3b,0x0681d8db095565fe8a346fa0277bffde9c0edbbf,0x7d1afa7b718fb893db30a3abc0cfc608aacfebb0,0x17508f54576c821175fc5113855698b3c6a7690f,7609283000000000000000,Matic Token,MATIC,18,12,104312,40000000000,52156,386551,deprecated,0xa9059cbb,"transfer(address _to, uint256 _value)",17417556
7644002,1556295044,0x6aad8416f4368e89152d6be54484f70a69d45ab8a0ded7875b30932e7b9339d8,1425431,0x47b12656b09215c9e5c4ef7600a2c04c422ba64b68174adf67cc04b82f0a2b3b,0xd551234ae421e3bcba99a0da6d736074f22192ff,0x7d1afa7b718fb893db30a3abc0cfc608aacfebb0,0xf426fe5bc417ad8778dde13474764d7a7862e925,192592115000000000000000,Matic Token,MATIC,18,14,74312,40000000000,37156,475491,deprecated,0xa9059cbb,"transfer(address _to, uint256 _value)",17417556
7644002,1556295044,0xffc09119697a713074e13780f8a73f831247e59f70aee3c4457c293117232c8a,1335216,0x47b12656b09215c9e5c4ef7600a2c04c422ba64b68174adf67cc04b82f0a2b3b,0x564286362092d8e7936f0549571a803b203aaced,0x7d1afa7b718fb893db30a3abc0cfc608aacfebb0,0x6caad728025d9c1b562f3403a87a5923d325dbc1,227909120000000000000000,Matic Token,MATIC,18,16,74056,40000000000,37028,549508,deprecated,0xa9059cbb,"transfer(address _to, uint256 _value)",17417556
7644008,1556295155,0xc33c8331eb37590a7cd1b80a909881d83673ca03b2cd273b7b60df009854fa38,1425435,0x0646068d76d0063bde3420061b360cf883a43c57b003ae4f04ac8cec09885533,0xd551234ae421e3bcba99a0da6d736074f22192ff,0x7d1afa7b718fb893db30a3abc0cfc608aacfebb0,0x20babe5c2b06dfb85f2d7046955fe96511cc759f,92222000000000000000000,Matic Token,MATIC,18,3,104184,40000000000,52092,146203,deprecated,0xa9059cbb,"transfer(address _to, uint256 _value)",17417550
7644008,1556295155,0x9a58aeaa3c9261ba21280f8fb67a20ef8ce264f183a8ab14a67783868582e040,1399919,0x0646068d76d0063bde3420061b360cf883a43c57b003ae4f04ac8cec09885533,0x0681d8db095565fe8a346fa0277bffde9c0edbbf,0x7d1afa7b718fb893db30a3abc0cfc608aacfebb0,0xab5b90c3c47db533a05787aea43ee0df7b8a7a56,262185131000000000000000,Matic Token,MATIC,18,5,104312,40000000000,52156,251037,deprecated,0xa9059cbb,"transfer(address _to, uint256 _value)",17417550
7644008,1556295155,0x907191b9a89ad1c77f15d09e9bbeddf364dca5e3b0daa9eaa9bca649e6600938,3104600,0x0646068d76d0063bde3420061b360cf883a43c57b003ae4f04ac8cec09885533,0x3f5ce5fbfe3e9af3971dd833d26ba9b5c936f0be,0x7d1afa7b718fb893db30a3abc0cfc608aacfebb0,0xc476f2f1848ff6342413e6ed79196639f14b17ec,113904560000000000000000,Matic Token,MATIC,18,11,104184,40000000000,52092,456679,deprecated,0xa9059cbb,"transfer(address _to, uint256 _value)",17417550
7644018,1556295255,0xac68e567ad023ed531faf4d99b2e2243be000e0a77535be121511cc12b02445c,3104609,0xe813da377752ae08caf5a22f8d9fafe4a93acde3bbcb0dcae96d39da61681182,0x3f5ce5fbfe3e9af3971dd833d26ba9b5c936f0be,0x7d1afa7b718fb893db30a3abc0cfc608aacfebb0,0x6caad728025d9c1b562f3403a87a5923d325dbc1,227909120000000000000000,Matic Token,MATIC,18,10,74056,40000000000,37028,301923,deprecated,0xa9059cbb,"transfer(address _to, uint256 _value)",17417540
7644018,1556295255,0xd9fbcef6667ec88886b1ac6564b2bf69a63bf1d859b84224f1029a0979d94a76,1399926,0xe813da377752ae08caf5a22f8d9fafe4a93acde3bbcb0dcae96d39da61681182,0x0681d8db095565fe8a346fa0277bffde9c0edbbf,0x7d1afa7b718fb893db30a3abc0cfc608aacfebb0,0xab5b90c3c47db533a05787aea43ee0df7b8a7a56,256559560000000000000000,Matic Token,MATIC,18,12,74184,40000000000,37092,391346,deprecated,0xa9059cbb,"transfer(address _to, uint256 _value)",17417540
7644018,1556295255,0x75be1d95fef50cba373bb8b5366124b9d8290e0f6aea3387905c357ecc2a9627,1425444,0xe813da377752ae08caf5a22f8d9fafe4a93acde3bbcb0dcae96d39da61681182,0xd551234ae421e3bcba99a0da6d736074f22192ff,0x7d1afa7b718fb893db30a3abc0cfc608aacfebb0,0xab5b90c3c47db533a05787aea43ee0df7b8a7a56,250877450000000000000000,Matic Token,MATIC,18,14,74184,40000000000,37092,456160,deprecated,0xa9059cbb,"transfer(address _to, uint256 _value)",17417540
7644018,1556295255,0xb66b9337afc2279c98d70af4f6c1b987abccc10f31610c81520f444bea64b2a9,1425445,0xe813da377752ae08caf5a22f8d9fafe4a93acde3bbcb0dcae96d39da61681182,0xd551234ae421e3bcba99a0da6d736074f22192ff,0x7d1afa7b718fb893db30a3abc0cfc608aacfebb0,0xa8907e00dd09a844e03143720b241e8b3bf62582,341913680000000000000000,Matic Token,MATIC,18,15,104056,40000000000,52028,508188,deprecated,0xa9059cbb,"transfer(address _to, uint256 _value)",17417540
7644029,1556295406,0x00c18fdff3afe7f996cf762327b359f402856f686c79df40dc85e31b0f48f6f1,97,0x1090873a929bdaec38629b4e15189ff1c49b54f20ff945e552bc4f93bd2391e4,0x00c8bf90e55fb2b5242ecd147cf638f2f94a45d9,0x7d1afa7b718fb893db30a3abc0cfc608aacfebb0,0x789e8dd02ffccd7a753b048559d4fbea1e1a1b7c,1520914620000000000000000,Matic Token,MATIC,18,9,100000,20000000000,37156,257533,deprecated,0xa9059cbb,"transfer(address _to, uint256 _value)",17417529
7644030,1556295407,0x4b9a015b7273be5c3866f6f5e1741c6149b94560f4727d5c75884637243038f1,1399929,0x9310be2cc2edf838251065c4be29bb0eea961868697cc16680fc02dc539840d8,0x0681d8db095565fe8a346fa0277bffde9c0edbbf,0x7d1afa7b718fb893db30a3abc0cfc608aacfebb0,0x2fe9d0d48641acdb9a18d1d98b58b9034bc0cc3b,55293000000000000000000,Matic Token,MATIC,18,22,104184,40000000000,52092,1474183,deprecated,0xa9059cbb,"transfer(address _to, uint256 _value)",17417528
7644030,1556295407,0xaa2fe8aec8e69a47caeb0889723523b61813b59227969e332cac0b4378057dff,3104614,0x9310be2cc2edf838251065c4be29bb0eea961868697cc16680fc02dc539840d8,0x3f5ce5fbfe3e9af3971dd833d26ba9b5c936f0be,0x7d1afa7b718fb893db30a3abc0cfc608aacfebb0,0xdb1f930e242063866193307411241314aecf99e6,113904560000000000000000,Matic Token,MATIC,18,23,104184,40000000000,52092,1526275,deprecated,0xa9059cbb,"transfer(address _to, uint256 _value)",17417528
7644030,1556295407,0x4855d7752d10d5679854af0469c9e847f640d5af912f2ca3fc16ff1f87c20f11,1399930,0x9310be2cc2edf838251065c4be29bb0eea961868697cc16680fc02dc539840d8,0x0681d8db095565fe8a346fa0277bffde9c0edbbf,0x7d1afa7b718fb893db30a3abc0cfc608aacfebb0,0xc476f2f1848ff6342413e6ed79196639f14b17ec,113904560000000000000000,Matic Token,MATIC,18,24,74184,40000000000,37092,1563367,deprecated,0xa9059cbb,"transfer(address _to, uint256 _value)",17417528
7644030,1556295407,0xfe0a88d81a4ff73629473d0e8a5b635bb29c2c663953c29fe4d9b58d116f629e,3104615,0x9310be2cc2edf838251065c4be29bb0eea961868697cc16680fc02dc539840d8,0x3f5ce5fbfe3e9af3971dd833d26ba9b5c936f0be,0x7d1afa7b718fb893db30a3abc0cfc608aacfebb0,0x0d5c911af68fa396d2f504c27aa19a23780e780a,113904560000000000000000,Matic Token,MATIC,18,25,104184,40000000000,52092,1615459,deprecated,0xa9059cbb,"transfer(address _to, uint256 _value)",17417528
7644030,1556295407,0xcd6ee8291885488d6ba48e5a747f28d1bf5f6695a1f890e68095a85f6ff10d60,1335236,0x9310be2cc2edf838251065c4be29bb0eea961868697cc16680fc02dc539840d8,0x564286362092d8e7936f0549571a803b203aaced,0x7d1afa7b718fb893db30a3abc0cfc608aacfebb0,0xc43b4678c78c3c87929ec2dfa7caffa36dcfb5b2,246501107000000000000000,Matic Token,MATIC,18,26,104312,40000000000,52156,1667615,deprecated,0xa9059cbb,"transfer(address _to, uint256 _value)",17417528
7644030,1556295407,0x14fd23c42e531ffcd52e61b1143ab6d2ca115f6b99922387dc7fc9dc3606871d,1425451,0x9310be2cc2edf838251065c4be29bb0eea961868697cc16680fc02dc539840d8,0xd551234ae421e3bcba99a0da6d736074f22192ff,0x7d1afa7b718fb893db30a3abc0cfc608aacfebb0,0x78a015606576aa32db9682d770d8ca225acc0b0c,100000000000000000000000,Matic Token,MATIC,18,27,104184,40000000000,52092,1719707,deprecated,0xa9059cbb,"transfer(address _to, uint256 _value)",17417528
7644030,1556295407,0x76f5c42e2a92d9b2fb87be73745f45e3b913c5cf72f70999ce6d27e0cdfbe58f,1425452,0x9310be2cc2edf838251065c4be29bb0eea961868697cc16680fc02dc539840d8,0xd551234ae421e3bcba99a0da6d736074f22192ff,0x7d1afa7b718fb893db30a3abc0cfc608aacfebb0,0xec43094e9be025a5c44d795640d74de5e502d736,56900000000000000000000,Matic Token,MATIC,18,28,104184,40000000000,52092,1771799,deprecated,0xa9059cbb,"transfer(address _to, uint256 _value)",17417528
7644030,1556295407,0xf01b5aaf2de97fb071ca385598f4484277c37850af8214f4d468c8199f92016a,1399931,0x9310be2cc2edf838251065c4be29bb0eea961868697cc16680fc02dc539840d8,0x0681d8db095565fe8a346fa0277bffde9c0edbbf,0x7d1afa7b718fb893db30a3abc0cfc608aacfebb0,0x6717e1193c0d3090346d2e8975a6922f00d919bf,189482228000000000000000,Matic Token,MATIC,18,29,74056,40000000000,37028,1808827,deprecated,0xa9059cbb,"transfer(address _to, uint256 _value)",17417528
7644030,1556295407,0xe7c2978b1cb2c6343d307d43a00ce36ab58df4503e88f47b61a2b41a334d2b9d,3104616,0x9310be2cc2edf838251065c4be29bb0eea961868697cc16680fc02dc539840d8,0x3f5ce5fbfe3e9af3971dd833d26ba9b5c936f0be,0x7d1afa7b718fb893db30a3abc0cfc608aacfebb0,0x6caad728025d9c1b562f3403a87a5923d325dbc1,227909120000000000000000,Matic Token,MATIC,18,30,74056,40000000000,37028,1845855,deprecated,0xa9059cbb,"transfer(address _to, uint256 _value)",17417528
7644030,1556295407,0xc492526e874d2c96abd523a189a7371be00cd95c8f038b7575be3e64e10ae9d8,1335237,0x9310be2cc2edf838251065c4be29bb0eea961868697cc16680fc02dc539840d8,0x564286362092d8e7936f0549571a803b203aaced,0x7d1afa7b718fb893db30a3abc0cfc608aacfebb0,0x45bf5d238f6385c653f03e6d65925311e843bc33,113904560000000000000000,Matic Token,MATIC,18,31,104184,40000000000,52092,1897947,deprecated,0xa9059cbb,"transfer(address _to, uint256 _value)",17417528
7644036,1556295541,0xfad54d8bc08140c8ad6ecd59e6b41c3b14f5885c7e48831f83065dcf91638643,1335248,0xc4106461b19c07558cb7a063a3a04bbffcb95952f69e080f644e34174024412b,0x564286362092d8e7936f0549571a803b203aaced,0x7d1afa7b718fb893db30a3abc0cfc608aacfebb0,0x3671ff85fef9569d773b291997c1ab40d95dc082,113904560000000000000000,Matic Token,MATIC,18,13,104184,40000000000,52092,1592104,deprecated,0xa9059cbb,"transfer(address _to, uint256 _value)",17417522
7644044,1556295684,0xf6f4d920ab485b5bd4c486fa63bfd9bd2309a966d8b6c0d0eb993fc15ee9c926,1335251,0xed6b2dcf564585b650a1a49a8909d497b25e7b384ae2da619d10d43498405da3,0x564286362092d8e7936f0549571a803b203aaced,0x7d1afa7b718fb893db30a3abc0cfc608aacfebb0,0x3671ff85fef9569d773b291997c1ab40d95dc082,113904560000000000000000,Matic Token,MATIC,18,9,74184,40000000000,37092,310007,deprecated,0xa9059cbb,"transfer(address _to, uint256 _value)",17417514
7644044,1556295684,0x8b6892b1f5c4affe33380c0532f360836db840621b2ec09d9354ba2eb6d08214,1335252,0xed6b2dcf564585b650a1a49a8909d497b25e7b384ae2da619d10d43498405da3,0x564286362092d8e7936f0549571a803b203aaced,0x7d1afa7b718fb893db30a3abc0cfc608aacfebb0,0xc476f2f1848ff6342413e6ed79196639f14b17ec,113904560000000000000000,Matic Token,MATIC,18,10,74184,40000000000,37092,347099,deprecated,0xa9059cbb,"transfer(address _to, uint256 _value)",17417514
7644044,1556295684,0x73646f2c8b56be4c6687b91c63161e032f641573b26f84c219f876edebb2ee5c,3104628,0xed6b2dcf564585b650a1a49a8909d497b25e7b384ae2da619d10d43498405da3,0x3f5ce5fbfe3e9af3971dd833d26ba9b5c936f0be,0x7d1afa7b718fb893db30a3abc0cfc608aacfebb0,0x0d5c911af68fa396d2f504c27aa19a23780e780a,113904560000000000000000,Matic Token,MATIC,18,13,74184,40000000000,37092,426191,deprecated,0xa9059cbb,"transfer(address _to, uint256 _value)",17417514
7644044,1556295684,0xa742495a608f0285d900e57f7f1098338473016b14e7646ae58bd91d4c2272a1,3104629,0xed6b2dcf564585b650a1a49a8909d497b25e7b384ae2da619d10d43498405da3,0x3f5ce5fbfe3e9af3971dd833d26ba9b5c936f0be,0x7d1afa7b718fb893db30a3abc0cfc608aacfebb0,0xd9a71ede37d8387f7c69bee263f97a3b61029b66,5008000000000000000000,Matic Token,MATIC,18,14,104184,40000000000,52092,478283,deprecated,0xa9059cbb,"transfer(address _to, uint256 _value)",17417514
7644053,1556295806,0x05319b56e3312a4e012271e4dac26c948069236583f0966ee3d348b1873824cf,1399941,0x2429197323aa78b69e22d5f3d6685706d960cf723657ea3391b2a0876571b073,0x0681d8db095565fe8a346fa0277bffde9c0edbbf,0x7d1afa7b718fb893db30a3abc0cfc608aacfebb0,0x9b806f7924fc0d604486d987d65be081e0413fae,113904560000000000000000,Matic Token,MATIC,18,5,104184,40000000000,52092,305420,deprecated,0xa9059cbb,"transfer(address _to, uint256 _value)",17417505
7644053,1556295806,0xde87e470b55b111db2ab9ed3ef724780229e7d475750303fcc2f8234e9abd3ea,1335254,0x2429197323aa78b69e22d5f3d6685706d960cf723657ea3391b2a0876571b073,0x564286362092d8e7936f0549571a803b203aaced,0x7d1afa7b718fb893db30a3abc0cfc608aacfebb0,0xa8907e00dd09a844e03143720b241e8b3bf62582,455918240000000000000000,Matic Token,MATIC,18,6,74056,40000000000,37028,342448,deprecated,0xa9059cbb,"transfer(address _to, uint256 _value)",17417505
7644053,1556295806,0xf8fc57025b629533083508ae2945e44ee12c59b1e5162609c51b7ab09a131cfd,1335255,0x2429197323aa78b69e22d5f3d6685706d960cf723657ea3391b2a0876571b073,0x564286362092d8e7936f0549571a803b203aaced,0x7d1afa7b718fb893db30a3abc0cfc608aacfebb0,0xf665242e9582f0df8fe86ef98a71cd9d16ea188b,253904560000000000000000,Matic Token,MATIC,18,7,104184,40000000000,52092,394540,deprecated,0xa9059cbb,"transfer(address _to, uint256 _value)",17417505
7644053,1556295806,0xb2d4ac0a3c7abb3f9ff67a8fdece059b9a76589f606a10e1c26dee6eb3dad4f4,11,0x2429197323aa78b69e22d5f3d6685706d960cf723657ea3391b2a0876571b073,0x9b40a2c7351354c467f22d0029b4d9cee7f190c9,0x7d1afa7b718fb893db30a3abc0cfc608aacfebb0,0x7494eb2916cad8649f4f91eb1db6e20be605dad6,330615680000000000000000,Matic Token,MATIC,18,25,54870,10000000000,37092,1165784,deprecated,0xa9059cbb,"transfer(address _to, uint256 _value)",17417505
7644054,1556295810,0x958e81c2adde6c47ec382a1ac27fb9ea60bef25bc55ca07b59c5b7b915be7f89,1425473,0x0e8a7f57486e40b064eb95ade500cac3fa720fa6642b1894d163b1f1eb263b07,0xd551234ae421e3bcba99a0da6d736074f22192ff,0x7d1afa7b718fb893db30a3abc0cfc608aacfebb0,0x3671ff85fef9569d773b291997c1ab40d95dc082,113904560000000000000000,Matic Token,MATIC,18,56,74184,40000000000,37092,1327176,deprecated,0xa9059cbb,"transfer(address _to, uint256 _value)",17417504
7644067,1556295941,0x7973a4c3307ea1aa6ec2d64b58a41b24ad26ac078d1bddfc86fb9ff4403b2c2d,1399944,0x0c0bf770d3f9af03fdd49ddd35f36b8367e5abd68d7b7e9282a4ff147e63c6a6,0x0681d8db095565fe8a346fa0277bffde9c0edbbf,0x7d1afa7b718fb893db30a3abc0cfc608aacfebb0,0x0f5e747938ad7c9cdb7d6d9c43080bede7bcd7c1,77615000000000000000000,Matic Token,MATIC,18,12,104184,40000000000,52092,583696,deprecated,0xa9059cbb,"transfer(address _to, uint256 _value)",17417491
7644067,1556295941,0xa08544df7095e063c62c33bf0e9a5f59f3307d6b8fb0ca3137ecc50eef761efa,1425477,0x0c0bf770d3f9af03fdd49ddd35f36b8367e5abd68d7b7e9282a4ff147e63c6a6,0xd551234ae421e3bcba99a0da6d736074f22192ff,0x7d1afa7b718fb893db30a3abc0cfc608aacfebb0,0xf665242e9582f0df8fe86ef98a71cd9d16ea188b,113904560000000000000000,Matic Token,MATIC,18,13,74184,40000000000,37092,620788,deprecated,0xa9059cbb,"transfer(address _to, uint256 _value)",17417491
7644067,1556295941,0xa23f24cad88ad2156e2744458e991847ba9a27b2fb992406f5459db4d8cd0f96,3104642,0x0c0bf770d3f9af03fdd49ddd35f36b8367e5abd68d7b7e9282a4ff147e63c6a6,0x3f5ce5fbfe3e9af3971dd833d26ba9b5c936f0be,0x7d1afa7b718fb893db30a3abc0cfc608aacfebb0,0x6caad728025d9c1b562f3403a87a5923d325dbc1,341913680000000000000000,Matic Token,MATIC,18,14,74184,40000000000,37092,657880,deprecated,0xa9059cbb,"transfer(address _to, uint256 _value)",17417491
7644067,1556295941,0x632f058fed5938b3ffc923082a34ad4dd7f244047b51500d94771ef6402bdc19,1335262,0x0c0bf770d3f9af03fdd49ddd35f36b8367e5abd68d7b7e9282a4ff147e63c6a6,0x564286362092d8e7936f0549571a803b203aaced,0x7d1afa7b718fb893db30a3abc0cfc608aacfebb0,0xbee8845cd016350af73e4cc1ae6d24b832218037,113904560000000000000000,Matic Token,MATIC,18,16,74184,40000000000,37092,753809,deprecated,0xa9059cbb,"transfer(address _to, uint256 _value)",17417491
7644067,1556295941,0x750dedb32cb1405c40bf3abbc8a33d01b5d31c8f21698f1642f3fc3beb041045,1425478,0x0c0bf770d3f9af03fdd49ddd35f36b8367e5abd68d7b7e9282a4ff147e63c6a6,0xd551234ae421e3bcba99a0da6d736074f22192ff,0x7d1afa7b718fb893db30a3abc0cfc608aacfebb0,0x6caad728025d9c1b562f3403a87a5923d325dbc1,455918240000000000000000,Matic Token,MATIC,18,17,74184,40000000000,37092,790901,deprecated,0xa9059cbb,"transfer(address _to, uint256 _value)",17417491
7644067,1556295941,0xe832c6c381466941e02059ae0bf4318145abf2c699c9463c60703e746ba517ff,1057,0x0c0bf770d3f9af03fdd49ddd35f36b8367e5abd68d7b7e9282a4ff147e63c6a6,0x7494eb2916cad8649f4f91eb1db6e20be605dad6,0x7d1afa7b718fb893db30a3abc0cfc608aacfebb0,0x0d6d0579bb2861618e7187ee3f7d41a7093781fe,330615680000000000000000,Matic Token,MATIC,18,67,54870,10000000000,37092,2764257,deprecated,0xa9059cbb,"transfer(address _to, uint256 _value)",17417491
7644079,1556296060,0x48ef52fb28ec5f978a4bdcfed94ef3b740cf72abda90cd4581e0f4ba98030b75,1399953,0x695889e23dd382eb2b6e17f1429ff144a7ae18df0cba06ec92f310ea55786cc5,0x0681d8db095565fe8a346fa0277bffde9c0edbbf,0x7d1afa7b718fb893db30a3abc0cfc608aacfebb0,0x45b8b2ec5af6549ca0100e9a538a3c88e6285fad,270812816000000000000000,Matic Token,MATIC,18,7,104184,40000000000,52092,210603,deprecated,0xa9059cbb,"transfer(address _to, uint256 _value)",17417479
7644079,1556296060,0x5f885debdb4bde7ba8c753f484c6866fcdd8e22b65754bb343c1059e79a642e2,1425485,0x695889e23dd382eb2b6e17f1429ff144a7ae18df0cba06ec92f310ea55786cc5,0xd551234ae421e3bcba99a0da6d736074f22192ff,0x7d1afa7b718fb893db30a3abc0cfc608aacfebb0,0xc476f2f1848ff6342413e6ed79196639f14b17ec,113904560000000000000000,Matic Token,MATIC,18,8,74184,40000000000,37092,247695,deprecated,0xa9059cbb,"transfer(address _to, uint256 _value)",17417479
7644079,1556296060,0x8c460da407ad8cdb789693d85a6dc28b0805b1c5374664566c578ff6f603bee8,1425486,0x695889e23dd382eb2b6e17f1429ff144a7ae18df0cba06ec92f310ea55786cc5,0xd551234ae421e3bcba99a0da6d736074f22192ff,0x7d1afa7b718fb893db30a3abc0cfc608aacfebb0,0xa8907e00dd09a844e03143720b241e8b3bf62582,341913680000000000000000,Matic Token,MATIC,18,9,74056,40000000000,37028,284723,deprecated,0xa9059cbb,"transfer(address _to, uint256 _value)",17417479
7644079,1556296060,0x6a17cd46d79b4535b0a6c43fdae2e248e109d48fb1332adcb2c9d11cbfc8288f,1399954,0x695889e23dd382eb2b6e17f1429ff144a7ae18df0cba06ec92f310ea55786cc5,0x0681d8db095565fe8a346fa0277bffde9c0edbbf,0x7d1afa7b718fb893db30a3abc0cfc608aacfebb0,0x6caad728025d9c1b562f3403a87a5923d325dbc1,227909120000000000000000,Matic Token,MATIC,18,10,74056,40000000000,37028,321751,deprecated,0xa9059cbb,"transfer(address _to, uint256 _value)",17417479
7644088,1556296223,0xfb0c37261e158a5f741e5f3c35eb5a91a30bdf2783f1deee58bf6aa160e904bf,1335268,0x0ffd8f2641f6878306d252d085db7dc73d9258ab7084a0f7045e3a40fdee21f5,0x564286362092d8e7936f0549571a803b203aaced,0x7d1afa7b718fb893db30a3abc0cfc608aacfebb0,0xf665242e9582f0df8fe86ef98a71cd9d16ea188b,253822705000000000000000,Matic Token,MATIC,18,18,74312,40000000000,37156,779955,deprecated,0xa9059cbb,"transfer(address _to, uint256 _value)",17417470
7644088,1556296223,0x0310629f2023f2104333d04e5bf75dd8f214e492107a79989e7ca791b4299524,1425489,0x0ffd8f2641f6878306d252d085db7dc73d9258ab7084a0f7045e3a40fdee21f5,0xd551234ae421e3bcba99a0da6d736074f22192ff,0x7d1afa7b718fb893db30a3abc0cfc608aacfebb0,0x3671ff85fef9569d773b291997c1ab40d95dc082,113904560000000000000000,Matic Token,MATIC,18,23,74184,40000000000,37092,968157,deprecated,0xa9059cbb,"transfer(address _to, uint256 _value)",17417470
7644088,1556296223,0x953963c2045079f7e7812294467b1c590dbcd28045231a19809594351d42ae02,54,0x0ffd8f2641f6878306d252d085db7dc73d9258ab7084a0f7045e3a40fdee21f5,0x73ce0a40a7b1571b12aaa44ebe05a64e2fcaa8d4,0x7d1afa7b718fb893db30a3abc0cfc608aacfebb0,0x3f5ce5fbfe3e9af3971dd833d26ba9b5c936f0be,830806140700000000000000,Matic Token,MATIC,18,62,74312,20000000000,22156,7609278,deprecated,0xa9059cbb,"transfer(address _to, uint256 _value)",17417470
7644088,1556296223,0xa8244baa9f71aeb5b8dd8028480e41114f48e6c6842b1b439e4d6df62218c3aa,39,0x0ffd8f2641f6878306d252d085db7dc73d9258ab7084a0f7045e3a40fdee21f5,0xab985836d41c42f959b828367e3317121541688b,0x7d1afa7b718fb893db30a3abc0cfc608aacfebb0,0x3f5ce5fbfe3e9af3971dd833d26ba9b5c936f0be,227909120000000000000000,Matic Token,MATIC,18,65,74056,20000000000,22028,7673306,deprecated,0xa9059cbb,"transfer(address _to, uint256 _value)",17417470
7644088,1556296223,0xa38791845e95dcd2c54cc17b1f9fc5fa480beeffd738340f8e0a23f860a3e0b3,22,0x0ffd8f2641f6878306d252d085db7dc73d9258ab7084a0f7045e3a40fdee21f5,0xe461ce1522f6da82a6a36381a03dd2d60b9148d3,0x7d1afa7b718fb893db30a3abc0cfc608aacfebb0,0x3f5ce5fbfe3e9af3971dd833d26ba9b5c936f0be,96900000000000000000000,Matic Token,MATIC,18,66,74184,20000000000,22092,7695398,deprecated,0xa9059cbb,"transfer(address _to, uint256 _value)",17417470
7644089,1556296242,0xa9fd40dac43c318f1c911e560541bcedc947e43451e080198802717f641c8683,1,0xa4ef3d9c6841d3f8b32b2c5cf9a942f6a5266ddc0b2422c060f85fbccd817ef5,0x20babe5c2b06dfb85f2d7046955fe96511cc759f,0x7d1afa7b718fb893db30a3abc0cfc608aacfebb0,0x3f5ce5fbfe3e9af3971dd833d26ba9b5c936f0be,92222000000000000000000,Matic Token,MATIC,18,13,74184,20000000000,22092,4769058,deprecated,0xa9059cbb,"transfer(address _to, uint256 _value)",17417469
7644089,1556296242,0xe973cc009efaaf16825aea307de84646d741500925b0206f93ec0cdd88d36027,78,0xa4ef3d9c6841d3f8b32b2c5cf9a942f6a5266ddc0b2422c060f85fbccd817ef5,0xb6a13719cdaff3c38bc88bbcf88b5385c97b9219,0x7d1afa7b718fb893db30a3abc0cfc608aacfebb0,0x3f5ce5fbfe3e9af3971dd833d26ba9b5c936f0be,374552230000000000000000,Matic Token,MATIC,18,40,74184,20000000000,22092,5348797,deprecated,0xa9059cbb,"transfer(address _to, uint256 _value)",17417469
7644089,1556296242,0xce9ce1a9f75a6b61c72deded2a63c6567613524ef240446c96650b8a456935ba,57,0xa4ef3d9c6841d3f8b32b2c5cf9a942f6a5266ddc0b2422c060f85fbccd817ef5,0xc43b4678c78c3c87929ec2dfa7caffa36dcfb5b2,0x7d1afa7b718fb893db30a3abc0cfc608aacfebb0,0x3f5ce5fbfe3e9af3971dd833d26ba9b5c936f0be,246501107000000000000000,Matic Token,MATIC,18,46,74312,20000000000,22156,5478418,deprecated,0xa9059cbb,"transfer(address _to, uint256 _value)",17417469
7644089,1556296242,0xd447c289f0e309b8416df4f428ef7683ee3131d88c20552b25fbcc05e4b2df97,19,0xa4ef3d9c6841d3f8b32b2c5cf9a942f6a5266ddc0b2422c060f85fbccd817ef5,0x32671ee694a9e1348f0919377419f23036c74b3f,0x7d1afa7b718fb893db30a3abc0cfc608aacfebb0,0x3f5ce5fbfe3e9af3971dd833d26ba9b5c936f0be,341913680000000000000000,Matic Token,MATIC,18,60,74184,20000000000,22092,5853069,deprecated,0xa9059cbb,"transfer(address _to, uint256 _value)",17417469
7644089,1556296242,0x4cede2679ad0c3b4aad1e17f8a666fc144e9eefaa8b1a38a3eaf56a808b1a57d,1,0xa4ef3d9c6841d3f8b32b2c5cf9a942f6a5266ddc0b2422c060f85fbccd817ef5,0x0f5e747938ad7c9cdb7d6d9c43080bede7bcd7c1,0x7d1afa7b718fb893db30a3abc0cfc608aacfebb0,0x3f5ce5fbfe3e9af3971dd833d26ba9b5c936f0be,77615000000000000000000,Matic Token,MATIC,18,66,74184,20000000000,22092,5980161,deprecated,0xa9059cbb,"transfer(address _to, uint256 _value)",17417469
7644089,1556296242,0x264c9a42929b767116417692fca5245039dcd4788fd370fd6e9c49dd47ee1fb8,73,0xa4ef3d9c6841d3f8b32b2c5cf9a942f6a5266ddc0b2422c060f85fbccd817ef5,0x0d6d0579bb2861618e7187ee3f7d41a7093781fe,0x7d1afa7b718fb893db30a3abc0cfc608aacfebb0,0x3f5ce5fbfe3e9af3971dd833d26ba9b5c936f0be,330615680000000000000000,Matic Token,MATIC,18,67,74184,20000000000,22092,6002253,deprecated,0xa9059cbb,"transfer(address _to, uint256 _value)",17417469
7644089,1556296242,0xd6af96ef7b9bd28ed636f58241e8a945abb248c2ee5a5991531148e7ca464704,5,0xa4ef3d9c6841d3f8b32b2c5cf9a942f6a5266ddc0b2422c060f85fbccd817ef5,0x17ded2649ce3b3fb99e6e34f84c71a0b6d04275c,0x7d1afa7b718fb893db30a3abc0cfc608aacfebb0,0x3f5ce5fbfe3e9af3971dd833d26ba9b5c936f0be,250972355000000000000000,Matic Token,MATIC,18,78,74312,20000000000,22156,6291087,deprecated,0xa9059cbb,"transfer(address _to, uint256 _value)",17417469
7644089,1556296242,0x0d5bc386c38e979bedf04636a837c30269c60be2b8dd15f57f5340b4437c417f,20,0xa4ef3d9c6841d3f8b32b2c5cf9a942f6a5266ddc0b2422c060f85fbccd817ef5,0xc476f2f1848ff6342413e6ed79196639f14b17ec,0x7d1afa7b718fb893db30a3abc0cfc608aacfebb0,0x3f5ce5fbfe3e9af3971dd833d26ba9b5c936f0be,455618240000000000000000,Matic Token,MATIC,18,83,74184,20000000000,22092,6431670,deprecated,0xa9059cbb,"transfer(address _to, uint256 _value)",17417469
7644089,1556296242,0xe65c52cbd3cb99d85972fec83887cdd0f41f9fe695674fd3681df7f824b62f96,21,0xa4ef3d9c6841d3f8b32b2c5cf9a942f6a5266ddc0b2422c060f85fbccd817ef5,0xc548a1bb36eff7325c39211b5a65228d7cedcfbf,0x7d1afa7b718fb893db30a3abc0cfc608aacfebb0,0x3f5ce5fbfe3e9af3971dd833d26ba9b5c936f0be,455818240000000000000000,Matic Token,MATIC,18,84,74056,20000000000,22028,6453698,deprecated,0xa9059cbb,"transfer(address _to, uint256 _value)",17417469
7644089,1556296242,0xd5bb4f2e242c07348add8bde5a1c2f6544e1f7948c156d9a650928a314dca56a,59,0xa4ef3d9c6841d3f8b32b2c5cf9a942f6a5266ddc0b2422c060f85fbccd817ef5,0x2b45f1734509265fca0298d18fa9b14c68bf5335,0x7d1afa7b718fb893db30a3abc0cfc608aacfebb0,0x3f5ce5fbfe3e9af3971dd833d26ba9b5c936f0be,2507000200000000000000000,Matic Token,MATIC,18,85,74312,20000000000,22156,6475854,deprecated,0xa9059cbb,"transfer(address _to, uint256 _value)",17417469
7644089,1556296242,0x6d98ed14ed7530bd71f5498974d564b29793abc27d62428bed97be5fd867c156,1,0xa4ef3d9c6841d3f8b32b2c5cf9a942f6a5266ddc0b2422c060f85fbccd817ef5,0xcd6bdf994d8e149672296e05d31c05a195682879,0x7d1afa7b718fb893db30a3abc0cfc608aacfebb0,0x3f5ce5fbfe3e9af3971dd833d26ba9b5c936f0be,113904560000000000000000,Matic Token,MATIC,18,87,74184,20000000000,22092,6518946,deprecated,0xa9059cbb,"transfer(address _to, uint256 _value)",17417469
7644089,1556296242,0xa480cee3dc7b1c5a27e54a15b64c989c8cbf8ba4e52a202b3a908cc87c807aea,22,0xa4ef3d9c6841d3f8b32b2c5cf9a942f6a5266ddc0b2422c060f85fbccd817ef5,0xab5b90c3c47db533a05787aea43ee0df7b8a7a56,0x7d1afa7b718fb893db30a3abc0cfc608aacfebb0,0x3f5ce5fbfe3e9af3971dd833d26ba9b5c936f0be,769622141000000000000000,Matic Token,MATIC,18,97,74312,20000000000,22156,6748412,deprecated,0xa9059cbb,"transfer(address _to, uint256 _value)",17417469
7644089,1556296242,0xdc105f52e3deb5658d975ec1dfcb3ea99204988d569b7b2c0572c66513bd9248,10,0xa4ef3d9c6841d3f8b32b2c5cf9a942f6a5266ddc0b2422c060f85fbccd817ef5,0xbee8845cd016350af73e4cc1ae6d24b832218037,0x7d1afa7b718fb893db30a3abc0cfc608aacfebb0,0x3f5ce5fbfe3e9af3971dd833d26ba9b5c936f0be,341713680000000000000000,Matic Token,MATIC,18,99,74184,20000000000,22092,6791504,deprecated,0xa9059cbb,"transfer(address _to, uint256 _value)",17417469
7644089,1556296242,0x1533a4b131ff5162a63e5070b651a3546462466df839d819785a906520d51d3a,56,0xa4ef3d9c6841d3f8b32b2c5cf9a942f6a5266ddc0b2422c060f85fbccd817ef5,0x78a015606576aa32db9682d770d8ca225acc0b0c,0x7d1afa7b718fb893db30a3abc0cfc608aacfebb0,0x3f5ce5fbfe3e9af3971dd833d26ba9b5c936f0be,100000000000000000000000,Matic Token,MATIC,18,110,74184,20000000000,22092,7025582,deprecated,0xa9059cbb,"transfer(address _to, uint256 _value)",17417469
7644089,1556296242,0xa6052fc0fa1eb935f59ec53721986e10e0ec882de2b780a23b658f1fa47ee821,20,0xa4ef3d9c6841d3f8b32b2c5cf9a942f6a5266ddc0b2422c060f85fbccd817ef5,0x90f15bae2510d0815a8002d657b1b52e563ec8b1,0x7d1afa7b718fb893db30a3abc0cfc608aacfebb0,0x3f5ce5fbfe3e9af3971dd833d26ba9b5c936f0be,341913680000000000000000,Matic Token,MATIC,18,111,74184,20000000000,22092,7047674,deprecated,0xa9059cbb,"transfer(address _to, uint256 _value)",17417469
7644089,1556296242,0xcd3e53f4f8bb5e4ca82aa4f00b4015071bd5c571a9a116d3482992ecf503a40a,13,0xa4ef3d9c6841d3f8b32b2c5cf9a942f6a5266ddc0b2422c060f85fbccd817ef5,0x3671ff85fef9569d773b291997c1ab40d95dc082,0x7d1afa7b718fb893db30a3abc0cfc608aacfebb0,0x3f5ce5fbfe3e9af3971dd833d26ba9b5c936f0be,341713680000000000000000,Matic Token,MATIC,18,116,74184,20000000000,37092,7178093,deprecated,0xa9059cbb,"transfer(address _to, uint256 _value)",17417469
7644089,1556296242,0xb5acc064fb95a53944fc584f280009656d61a5f11104018e12988fe828c9a337,1,0xa4ef3d9c6841d3f8b32b2c5cf9a942f6a5266ddc0b2422c060f85fbccd817ef5,0xb4343045dc635566f14068265b42dbe579e2d921,0x7d1afa7b718fb893db30a3abc0cfc608aacfebb0,0x3f5ce5fbfe3e9af3971dd833d26ba9b5c936f0be,102051000000000000000000,Matic Token,MATIC,18,119,74184,20000000000,22092,7251512,deprecated,0xa9059cbb,"transfer(address _to, uint256 _value)",17417469
7644089,1556296242,0x6951bb8752e57b50fe21494f8e6c57e6ab67ff8c62686c8163652a34d72d869e,48,0xa4ef3d9c6841d3f8b32b2c5cf9a942f6a5266ddc0b2422c060f85fbccd817ef5,0x0d5c911af68fa396d2f504c27aa19a23780e780a,0x7d1afa7b718fb893db30a3abc0cfc608aacfebb0,0x3f5ce5fbfe3e9af3971dd833d26ba9b5c936f0be,227809120000000000000000,Matic Token,MATIC,18,123,74184,20000000000,22092,7336604,deprecated,0xa9059cbb,"transfer(address _to, uint256 _value)",17417469
7644089,1556296242,0xec26a5fe3d039ee9b6cf7008fe54d190a66c2f98abf1898a9ed902655a64ddab,7,0xa4ef3d9c6841d3f8b32b2c5cf9a942f6a5266ddc0b2422c060f85fbccd817ef5,0x5a2191ac07a5134ff2aa2a526bd57d2e33f7131e,0x7d1afa7b718fb893db30a3abc0cfc608aacfebb0,0x3f5ce5fbfe3e9af3971dd833d26ba9b5c936f0be,341913680000000000000000,Matic Token,MATIC,18,128,74184,20000000000,22092,7444477,deprecated,0xa9059cbb,"transfer(address _to, uint256 _value)",17417469
7644089,1556296242,0xb50e29f7d80dba66b6a19bc4e0ff15d875a5cc67bb47bf3292fb3d348f64c75e,21,0xa4ef3d9c6841d3f8b32b2c5cf9a942f6a5266ddc0b2422c060f85fbccd817ef5,0x45bf5d238f6385c653f03e6d65925311e843bc33,0x7d1afa7b718fb893db30a3abc0cfc608aacfebb0,0x3f5ce5fbfe3e9af3971dd833d26ba9b5c936f0be,113904560000000000000000,Matic Token,MATIC,18,131,74184,20000000000,22092,7508569,deprecated,0xa9059cbb,"transfer(address _to, uint256 _value)",17417469
7644089,1556296242,0x7e2e33cd7514328c810e0e2561fa07bfcf5bb423a8e77018bcd0c76556860320,15,0xa4ef3d9c6841d3f8b32b2c5cf9a942f6a5266ddc0b2422c060f85fbccd817ef5,0xd1ddabcc8ea76a9b72dedafa4b301e7f1297d69e,0x7d1afa7b718fb893db30a3abc0cfc608aacfebb0,0x3f5ce5fbfe3e9af3971dd833d26ba9b5c936f0be,113904560000000000000000,Matic Token,MATIC,18,135,74184,20000000000,22092,7593661,deprecated,0xa9059cbb,"transfer(address _to, uint256 _value)",17417469
7644089,1556296242,0x5664ad2ad34587dfee7caad0421e0dec0b5dd6ca61f5d26662355b86c51eca52,35,0xa4ef3d9c6841d3f8b32b2c5cf9a942f6a5266ddc0b2422c060f85fbccd817ef5,0x6717e1193c0d3090346d2e8975a6922f00d919bf,0x7d1afa7b718fb893db30a3abc0cfc608aacfebb0,0x3f5ce5fbfe3e9af3971dd833d26ba9b5c936f0be,693570635000000000000000,Matic Token,MATIC,18,144,74312,20000000000,22156,7786282,deprecated,0xa9059cbb,"transfer(address _to, uint256 _value)",17417469
7644089,1556296242,0xe1fab943da2b4ea2debd623a1227d7c8de080bf9b48535d0e3ea43977fbb0088,2,0xa4ef3d9c6841d3f8b32b2c5cf9a942f6a5266ddc0b2422c060f85fbccd817ef5,0xf426fe5bc417ad8778dde13474764d7a7862e925,0x7d1afa7b718fb893db30a3abc0cfc608aacfebb0,0x3f5ce5fbfe3e9af3971dd833d26ba9b5c936f0be,573358767000000000000000,Matic Token,MATIC,18,146,74312,20000000000,22156,7829438,deprecated,0xa9059cbb,"transfer(address _to, uint256 _value)",17417469
7644089,1556296242,0xeeba2f8e3b9a2797a01348745a3cca4930043c43eb181aaaafebdce25da77c35,3,0xa4ef3d9c6841d3f8b32b2c5cf9a942f6a5266ddc0b2422c060f85fbccd817ef5,0xce21f712cfdc2b2a77e53fd1386780588f7ea64a,0x7d1afa7b718fb893db30a3abc0cfc608aacfebb0,0x3f5ce5fbfe3e9af3971dd833d26ba9b5c936f0be,341913680000000000000000,Matic Token,MATIC,18,147,74184,20000000000,22092,7851530,deprecated,0xa9059cbb,"transfer(address _to, uint256 _value)",17417469
7644090,1556296253,0x58b082cdbfbd0d736509cfec2309aae24f58dda3fb8c02ba41fb51c08f2de4e8,6,0x1cd835288efab6e2618e04c6b1d1f149f255e25c69117d65f3f04ce9064902ef,0xd9a71ede37d8387f7c69bee263f97a3b61029b66,0x7d1afa7b718fb893db30a3abc0cfc608aacfebb0,0x3f5ce5fbfe3e9af3971dd833d26ba9b5c936f0be,5008000000000000000000,Matic Token,MATIC,18,102,74184,20000000000,22092,3332137,deprecated,0xa9059cbb,"transfer(address _to, uint256 _value)",17417468
7644090,1556296253,0xff16fb393b845479a487c83d86efac36ac13129ce44464fc5e0efbcd6893e4f9,0,0x1cd835288efab6e2618e04c6b1d1f149f255e25c69117d65f3f04ce9064902ef,0x2f21111a656951f724285f9c7f7b5bd31c02dea4,0x7d1afa7b718fb893db30a3abc0cfc608aacfebb0,0x3f5ce5fbfe3e9af3971dd833d26ba9b5c936f0be,56900000000000000000000,Matic Token,MATIC,18,109,74184,20000000000,22092,3675645,deprecated,0xa9059cbb,"transfer(address _to, uint256 _value)",17417468
7644090,1556296253,0x7743ba45e10953d7419cd4a86a8be2cfa14501475abaf6d887b65bdf83d7d844,109,0x1cd835288efab6e2618e04c6b1d1f149f255e25c69117d65f3f04ce9064902ef,0xec43094e9be025a5c44d795640d74de5e502d736,0x7d1afa7b718fb893db30a3abc0cfc608aacfebb0,0x3f5ce5fbfe3e9af3971dd833d26ba9b5c936f0be,56900000000000000000000,Matic Token,MATIC,18,121,74184,20000000000,22092,4000434,deprecated,0xa9059cbb,"transfer(address _to, uint256 _value)",17417468
7644090,1556296253,0x268c67405b6db0dca3f78c40309a63afee67ee1c4d280b883287b17774f64896,6,0x1cd835288efab6e2618e04c6b1d1f149f255e25c69117d65f3f04ce9064902ef,0xa8907e00dd09a844e03143720b241e8b3bf62582,0x7d1afa7b718fb893db30a3abc0cfc608aacfebb0,0x3f5ce5fbfe3e9af3971dd833d26ba9b5c936f0be,1139745600000000000000000,Matic Token,MATIC,18,136,74184,20000000000,22092,4378612,deprecated,0xa9059cbb,"transfer(address _to, uint256 _value)",17417468
7644090,1556296253,0xb3bb3bd8a9da2e09d6979851613475ab97ffe3302d5cc917746765554394b47f,1,0x1cd835288efab6e2618e04c6b1d1f149f255e25c69117d65f3f04ce9064902ef,0xdb1f930e242063866193307411241314aecf99e6,0x7d1afa7b718fb893db30a3abc0cfc608aacfebb0,0x3f5ce5fbfe3e9af3971dd833d26ba9b5c936f0be,113904560000000000000000,Matic Token,MATIC,18,137,74184,20000000000,22092,4400704,deprecated,0xa9059cbb,"transfer(address _to, uint256 _value)",17417468
7644090,1556296253,0xe01f9cd9de95607dcdb47c1b8cbe40da9295a6ba1148f0b59bec06ea9d405818,26,0x1cd835288efab6e2618e04c6b1d1f149f255e25c69117d65f3f04ce9064902ef,0x67778e5db3d5f7da18bab29c77055502429d9be4,0x7d1afa7b718fb893db30a3abc0cfc608aacfebb0,0x3f5ce5fbfe3e9af3971dd833d26ba9b5c936f0be,258290030000000000000000,Matic Token,MATIC,18,146,74184,20000000000,22092,4645902,deprecated,0xa9059cbb,"transfer(address _to, uint256 _value)",17417468
7644091,1556296279,0x870790c872cd4067d053dd3fb25eaa7da06d9770250579759fa12587b010ff9b,1399960,0xe0cdbfdf4d15e9a4968d58e6572fabe12621f294d9e0a03e724be668238ded38,0x0681d8db095565fe8a346fa0277bffde9c0edbbf,0x7d1afa7b718fb893db30a3abc0cfc608aacfebb0,0x3671ff85fef9569d773b291997c1ab40d95dc082,113904560000000000000000,Matic Token,MATIC,18,13,74184,40000000000,37092,433291,deprecated,0xa9059cbb,"transfer(address _to, uint256 _value)",17417467
7644091,1556296279,0x2494d2e3a5e3825b8209e82fbcd6deed380b4ba8f808ee5f1215299c83569b09,1335277,0xe0cdbfdf4d15e9a4968d58e6572fabe12621f294d9e0a03e724be668238ded38,0x564286362092d8e7936f0549571a803b203aaced,0x7d1afa7b718fb893db30a3abc0cfc608aacfebb0,0xde6fd10ba7990507e4328094a51c36fbe338ca28,201055643000000000000000,Matic Token,MATIC,18,24,104312,40000000000,52156,728592,deprecated,0xa9059cbb,"transfer(address _to, uint256 _value)",17417467
7644091,1556296279,0x25bf2fd369183dac78dadfd0b871e652351ca74a40e70b2bec7b8e8d452f510b,1335278,0xe0cdbfdf4d15e9a4968d58e6572fabe12621f294d9e0a03e724be668238ded38,0x564286362092d8e7936f0549571a803b203aaced,0x7d1afa7b718fb893db30a3abc0cfc608aacfebb0,0xf665242e9582f0df8fe86ef98a71cd9d16ea188b,113904560000000000000000,Matic Token,MATIC,18,25,74184,40000000000,37092,765684,deprecated,0xa9059cbb,"transfer(address _to, uint256 _value)",17417467
7644101,1556296456,0x9ce462ea1b1e910e135038aecd7d5bed4479d541518cf47c6b65627b6a1495cb,1335284,0x66cdaf0e0b29af1d2f237504d985f8d37e534d4a835f913b454c96b5aa587613,0x564286362092d8e7936f0549571a803b203aaced,0x7d1afa7b718fb893db30a3abc0cfc608aacfebb0,0xa8907e00dd09a844e03143720b241e8b3bf62582,341913680000000000000000,Matic Token,MATIC,18,0,104056,40000000000,52028,52028,deprecated,0xa9059cbb,"transfer(address _to, uint256 _value)",17417457
7644109,1556296596,0x513b9aa0315fd2bf00700329b07d29e1f30e5deac5d2bb06c7231b87527a2464,1335296,0x9d672315c6819adb964e94b2d892884d5e6f49abeff6d2b67cc1d554f8f52860,0x564286362092d8e7936f0549571a803b203aaced,0x7d1afa7b718fb893db30a3abc0cfc608aacfebb0,0xa8907e00dd09a844e03143720b241e8b3bf62582,455918240000000000000000,Matic Token,MATIC,18,86,74056,40000000000,37028,2313634,deprecated,0xa9059cbb,"transfer(address _to, uint256 _value)",17417449
7644109,1556296596,0x90cc8d13e1c3f1bb506d83e6dd60daa9ba3a3104c6934614b9d76e076ad39826,1335297,0x9d672315c6819adb964e94b2d892884d5e6f49abeff6d2b67cc1d554f8f52860,0x564286362092d8e7936f0549571a803b203aaced,0x7d1afa7b718fb893db30a3abc0cfc608aacfebb0,0xbfea3fa4c83c131e141e96f775241a7c35db1d2e,463680466000000000000000,Matic Token,MATIC,18,87,104184,40000000000,52092,2365726,deprecated,0xa9059cbb,"transfer(address _to, uint256 _value)",17417449
7644109,1556296596,0x5ed6beb4513bb271e57ce042140c44b45367fce45a2b868326c0047ddfa447a5,1425506,0x9d672315c6819adb964e94b2d892884d5e6f49abeff6d2b67cc1d554f8f52860,0xd551234ae421e3bcba99a0da6d736074f22192ff,0x7d1afa7b718fb893db30a3abc0cfc608aacfebb0,0xc476f2f1848ff6342413e6ed79196639f14b17ec,113904560000000000000000,Matic Token,MATIC,18,91,104184,40000000000,52092,2515556,deprecated,0xa9059cbb,"transfer(address _to, uint256 _value)",17417449
7644119,1556296713,0x90f899a6e97632c8b2f7d237fd5256c1012032d140851d0e57bc269304581f60,1399979,0x0dae716aa08b97303b80e87b2d9459dc987e67f523838a26e6ba1a3040ffe263,0x0681d8db095565fe8a346fa0277bffde9c0edbbf,0x7d1afa7b718fb893db30a3abc0cfc608aacfebb0,0x8529742e43ef066df4ccc9b5077a0bdb827dcc72,456046120000000000000000,Matic Token,MATIC,18,10,104184,40000000000,52092,473259,deprecated,0xa9059cbb,"transfer(address _to, uint256 _value)",17417439
7644125,1556296878,0xed20bc78a7b3dc104c5b97a77470930227df9d9b40f2ba4d0ebef1ca811df7e4,3104679,0x7170f67e9c226773fec87d3106b52302ed9c0c672817e41ce0911ba87ba35126,0x3f5ce5fbfe3e9af3971dd833d26ba9b5c936f0be,0x7d1afa7b718fb893db30a3abc0cfc608aacfebb0,0xd13a9a317e9f76b4ec76090d53f78d522c11e1c1,100000000000000000000,Matic Token,MATIC,18,10,104056,40000000000,52028,394604,deprecated,0xa9059cbb,"transfer(address _to, uint256 _value)",17417433
7644133,1556296981,0x5b8e1f287d282c53034e4bb7ca015f6fc87354697e683665b55b521e7631b401,3104684,0x49fa41cc7e6ea31fca2b460307ebcdf4eca82fb643cd1c1716a0acd8565ea239,0x3f5ce5fbfe3e9af3971dd833d26ba9b5c936f0be,0x7d1afa7b718fb893db30a3abc0cfc608aacfebb0,0x861a3a8d4108dc45d0643e92065fb4216d2151ad,13000000000000000000000,Matic Token,MATIC,18,24,104184,40000000000,52092,1751038,deprecated,0xa9059cbb,"transfer(address _to, uint256 _value)",17417425
7644133,1556296981,0x5ea69c9b0055a990901da110c84820ef8a0dd535b38dc6523edb3afc5eaa30b4,1399994,0x49fa41cc7e6ea31fca2b460307ebcdf4eca82fb643cd1c1716a0acd8565ea239,0x0681d8db095565fe8a346fa0277bffde9c0edbbf,0x7d1afa7b718fb893db30a3abc0cfc608aacfebb0,0xde6fd10ba7990507e4328094a51c36fbe338ca28,197136566000000000000000,Matic Token,MATIC,18,25,74184,40000000000,37092,1788130,deprecated,0xa9059cbb,"transfer(address _to, uint256 _value)",17417425
7644143,1556297125,0x2a12fcfaf18feed2fc1b696aa5bc365c96b947f223198b848290c7a0d5cecc0d,1425530,0x336d03b4ba18260b9fe73f55b58b030243225d487ab18201706fe024ecb577a7,0xd551234ae421e3bcba99a0da6d736074f22192ff,0x7d1afa7b718fb893db30a3abc0cfc608aacfebb0,0xd280cc9ce175b33a361c439bc3c533972bc6da2c,64027580000000000000000,Matic Token,MATIC,18,25,104184,40000000000,52092,959913,deprecated,0xa9059cbb,"transfer(address _to, uint256 _value)",17417415
7644145,1556297200,0xbd4ccf6f43e73c95152827427f49608f7c86f05051bcfb25b6f2cc32b2ae70aa,0,0x4ab5e7b75f866ef01539b9cd2a730d8f82190587fc0cc254d41030efdc24b01b,0x45b8b2ec5af6549ca0100e9a538a3c88e6285fad,0x7d1afa7b718fb893db30a3abc0cfc608aacfebb0,0xf7793d27a1b76cdf14db7c83e82c772cf7c92910,270812816000000000000000,Matic Token,MATIC,18,74,60000,7000000000,22092,4920498,deprecated,0xa9059cbb,"transfer(address _to, uint256 _value)",17417413
7644153,1556297255,0x91808ba878a9875cb9b5496cbc1ca78dc871452ed52b81daa2c9ec774c4c9ed7,1425534,0xd9bb81b3ee3eb3a554a940d7bf0c57d9c39fd4089a6aa3698561f9d2bbe4d504,0xd551234ae421e3bcba99a0da6d736074f22192ff,0x7d1afa7b718fb893db30a3abc0cfc608aacfebb0,0x948938228a89977ce57f39e5be467fa2feb618a6,113904560000000000000000,Matic Token,MATIC,18,3,104184,40000000000,52092,173206,deprecated,0xa9059cbb,"transfer(address _to, uint256 _value)",17417405
7644160,1556297397,0x27fc43d77d31cbb938185195728581ba93b6ace6b36f6bb01ff2cb2d881d5e9d,3104696,0xec0062e02d8286dd265da75a5b154e7dacc962f808d7db003c87ddcc152a302a,0x3f5ce5fbfe3e9af3971dd833d26ba9b5c936f0be,0x7d1afa7b718fb893db30a3abc0cfc608aacfebb0,0xe20de8fc343cc0a5de19383dd26220664fb13731,74994560000000000000000,Matic Token,MATIC,18,21,104184,40000000000,52092,732391,deprecated,0xa9059cbb,"transfer(address _to, uint256 _value)",17417398
7644160,1556297397,0xddf4dbe4f4642844b7c58e4c6ea37ef644cc808776379a708dfd10c039dc1e28,3104697,0xec0062e02d8286dd265da75a5b154e7dacc962f808d7db003c87ddcc152a302a,0x3f5ce5fbfe3e9af3971dd833d26ba9b5c936f0be,0x7d1afa7b718fb893db30a3abc0cfc608aacfebb0,0xf87ed016c19ada8fc16e188f70414e2c8b5ea60f,113904560000000000000000,Matic Token,MATIC,18,22,104184,40000000000,52092,784483,deprecated,0xa9059cbb,"transfer(address _to, uint256 _value)",17417398
7644160,1556297397,0xa29797cfdf5818f341eb2a16e62a18d402c25a861f0e63944a533fadb98233b3,1425545,0xec0062e02d8286dd265da75a5b154e7dacc962f808d7db003c87ddcc152a302a,0xd551234ae421e3bcba99a0da6d736074f22192ff,0x7d1afa7b718fb893db30a3abc0cfc608aacfebb0,0xbfea3fa4c83c131e141e96f775241a7c35db1d2e,350269316000000000000000,Matic Token,MATIC,18,150,74184,40000000000,37092,6728368,deprecated,0xa9059cbb,"transfer(address _to, uint256 _value)",17417398
7644169,1556297538,0x3d7b38b5e73834343768915692ef8d073b4918592cd2df2da1031fa4acdc5ccd,1425549,0x46f95930a2a87eafb497cc976692c934e13bec39164b9ac34558d1f12c13dc7f,0xd551234ae421e3bcba99a0da6d736074f22192ff,0x7d1afa7b718fb893db30a3abc0cfc608aacfebb0,0xbfea3fa4c83c131e141e96f775241a7c35db1d2e,349853732000000000000000,Matic Token,MATIC,18,11,74184,40000000000,37092,499878,deprecated,0xa9059cbb,"transfer(address _to, uint256 _value)",17417389
7644169,1556297538,0x36a394fbd8343fdab1a02534b43dad0dccb63760cba30583b947874661dfdcc0,1425550,0x46f95930a2a87eafb497cc976692c934e13bec39164b9ac34558d1f12c13dc7f,0xd551234ae421e3bcba99a0da6d736074f22192ff,0x7d1afa7b718fb893db30a3abc0cfc608aacfebb0,0xce47a54e0f793b926a62a9637909bda8bebd97aa,113904560000000000000000,Matic Token,MATIC,18,12,104184,40000000000,52092,551970,deprecated,0xa9059cbb,"transfer(address _to, uint256 _value)",17417389
7644169,1556297538,0x6f54e61fcf6ac276311becb51e954f5b2bb2c3e6c1caf8b592c550dd3141965a,1425551,0x46f95930a2a87eafb497cc976692c934e13bec39164b9ac34558d1f12c13dc7f,0xd551234ae421e3bcba99a0da6d736074f22192ff,0x7d1afa7b718fb893db30a3abc0cfc608aacfebb0,0xb9c45af0a362a8af82107a93da7456986270f3b9,57000000000000000000000,Matic Token,MATIC,18,13,104184,40000000000,52092,604062,deprecated,0xa9059cbb,"transfer(address _to, uint256 _value)",17417389
7644173,1556297632,0x7a1213bcd8351af881291dd2263d3ef6bb596d30dd8919f87c2c81ca65c8e5f7,1400008,0xc59047671a0ba1a974cf98368e63f6690bbc235f3b8becf646069bd8f1c26263,0x0681d8db095565fe8a346fa0277bffde9c0edbbf,0x7d1afa7b718fb893db30a3abc0cfc608aacfebb0,0x48b0bf2a5c8f93985bf4981a85b8a8417a7f8fa6,113904560000000000000000,Matic Token,MATIC,18,5,104184,40000000000,52092,165914,deprecated,0xa9059cbb,"transfer(address _to, uint256 _value)",17417385
7644173,1556297632,0x3f05157710ce68893585716d5a5c1f017f10654ef0bf4e6d8be1893a2806b419,1425558,0xc59047671a0ba1a974cf98368e63f6690bbc235f3b8becf646069bd8f1c26263,0xd551234ae421e3bcba99a0da6d736074f22192ff,0x7d1afa7b718fb893db30a3abc0cfc608aacfebb0,0x48b0bf2a5c8f93985bf4981a85b8a8417a7f8fa6,113904560000000000000000,Matic Token,MATIC,18,6,104184,40000000000,37092,203006,deprecated,0xa9059cbb,"transfer(address _to, uint256 _value)",17417385
7644178,1556297702,0xef2b29a9f424fd6c50241c3778a6175115ca28a0399989a4f2caac6a2ddbb531,1400012,0x06bd7d90fc1c8ead26a81edaf19fa255f667f9f773c60a09a9d10bd64d610457,0x0681d8db095565fe8a346fa0277bffde9c0edbbf,0x7d1afa7b718fb893db30a3abc0cfc608aacfebb0,0xbbe74c2a79a85c1dcace1a301af744dc2bc8458a,341913680000000000000000,Matic Token,MATIC,18,8,104184,40000000000,52092,237511,deprecated,0xa9059cbb,"transfer(address _to, uint256 _value)",17417380
7644178,1556297702,0x924966a54ff26e4297c9b48c8cf45dcef1fe6eb8df173d7b1f29bbd30d9fccdc,1400013,0x06bd7d90fc1c8ead26a81edaf19fa255f667f9f773c60a09a9d10bd64d610457,0x0681d8db095565fe8a346fa0277bffde9c0edbbf,0x7d1afa7b718fb893db30a3abc0cfc608aacfebb0,0xce304fc42a6daee31a9c95697e49531d21d21796,113904560000000000000000,Matic Token,MATIC,18,9,104184,40000000000,52092,289603,deprecated,0xa9059cbb,"transfer(address _to, uint256 _value)",17417380
7644178,1556297702,0xc4f6979fb4d4522489a52bcccf61cc5b0a97906ec057e3baab94f1b5e2c2651c,3104707,0x06bd7d90fc1c8ead26a81edaf19fa255f667f9f773c60a09a9d10bd64d610457,0x3f5ce5fbfe3e9af3971dd833d26ba9b5c936f0be,0x7d1afa7b718fb893db30a3abc0cfc608aacfebb0,0x37132d9ca8eb9f3111930cd50e8ac1c4f0b6434b,341913680000000000000000,Matic Token,MATIC,18,12,104184,40000000000,52092,399962,deprecated,0xa9059cbb,"transfer(address _to, uint256 _value)",17417380
7644179,1556297719,0x1c9b416f84d33606e9c9fca14edf77f0ce4ed077b4ea309b86fbbd1748c39476,86399,0xf9ffcd81f077b97fb25b67691c765303c9cf6dde88541c7b94d479a05f115bb3,0xf7793d27a1b76cdf14db7c83e82c772cf7c92910,0x7d1afa7b718fb893db30a3abc0cfc608aacfebb0,0xdce35cfe91cc20faf633851956a50fbb75f76ffe,270812000000000000000000,Matic Token,MATIC,18,20,60000,22000000000,52092,779076,deprecated,0xa9059cbb,"transfer(address _to, uint256 _value)",17417379
7644186,1556297833,0x7eac44dd0c90309be34e8e20b3e1b7d36fe16c5fae09df7d1f64b2c86398e15f,3104715,0x3c073b7b58b3f4510daf9e1442d19691543ae19065a2a2edef7933c981ca2b16,0x3f5ce5fbfe3e9af3971dd833d26ba9b5c936f0be,0x7d1afa7b718fb893db30a3abc0cfc608aacfebb0,0xc813fc11a4d4fc0f8962e38f1b19202b89ed1b54,900000000000000000000,Matic Token,MATIC,18,9,104056,40000000000,52028,266255,deprecated,0xa9059cbb,"transfer(address _to, uint256 _value)",17417372
7644186,1556297833,0x1ef18da53a4264781d220e3c8b8a27b549312281fea0a2da98ff21e868944f88,1425566,0x3c073b7b58b3f4510daf9e1442d19691543ae19065a2a2edef7933c981ca2b16,0xd551234ae421e3bcba99a0da6d736074f22192ff,0x7d1afa7b718fb893db30a3abc0cfc608aacfebb0,0xbec894c08c8f7ce50ff12eb0ffc504fdad127816,113904560000000000000000,Matic Token,MATIC,18,11,104184,40000000000,52092,371373,deprecated,0xa9059cbb,"transfer(address _to, uint256 _value)",17417372
7644192,1556297913,0x542a98395da4792f1031034961ede845ef4e1493841b13f95604353b4758b947,356,0xf26e53426237b5fde28902588ff648e77ec30136e32d12c191bf8129897ad8dd,0xbfea3fa4c83c131e141e96f775241a7c35db1d2e,0x7d1afa7b718fb893db30a3abc0cfc608aacfebb0,0x1fc2099bdd4c6b441accc40b1170d4a320b2365d,1163803514000000000000000,Matic Token,MATIC,18,58,54870,20000000000,37092,3529434,deprecated,0xa9059cbb,"transfer(address _to, uint256 _value)",17417366
7644196,1556297940,0x2b6431598dd437f4555a3d01fc506e7f7add092870c49aa573e1052a0ee4b866,1400022,0x0bfeebef0078691110dd95fa215db1b15d2dc64b617036e14a954894521d4cd5,0x0681d8db095565fe8a346fa0277bffde9c0edbbf,0x7d1afa7b718fb893db30a3abc0cfc608aacfebb0,0xce47a54e0f793b926a62a9637909bda8bebd97aa,113904000000000000000000,Matic Token,MATIC,18,104,74184,40000000000,37092,4029606,deprecated,0xa9059cbb,"transfer(address _to, uint256 _value)",17417362
7644196,1556297940,0xde6299ba283476c2aeaf2d3a112efd487df521fcd31f4327f1be998861a797a7,1335333,0x0bfeebef0078691110dd95fa215db1b15d2dc64b617036e14a954894521d4cd5,0x564286362092d8e7936f0549571a803b203aaced,0x7d1afa7b718fb893db30a3abc0cfc608aacfebb0,0xe998fa39bc1f12ad340906ccb2263ae0f317724e,113904560000000000000000,Matic Token,MATIC,18,105,104184,40000000000,52092,4081698,deprecated,0xa9059cbb,"transfer(address _to, uint256 _value)",17417362
7644196,1556297940,0x396cea8251bf335ade625ee23e14174bcdbce8ad51cfb427f097ff75642a7456,1400023,0x0bfeebef0078691110dd95fa215db1b15d2dc64b617036e14a954894521d4cd5,0x0681d8db095565fe8a346fa0277bffde9c0edbbf,0x7d1afa7b718fb893db30a3abc0cfc608aacfebb0,0x42cb55007b2e3be20d3ca83e8f2fe54f22a04014,4322573000000000000000,Matic Token,MATIC,18,106,104056,40000000000,52028,4133726,deprecated,0xa9059cbb,"transfer(address _to, uint256 _value)",17417362
7644200,1556298006,0x7c7f7fbc2b354618dcf1dd38bc2e5e69a47fca709f8ff412875f55fd40097ca2,31,0xd71f5efbb6a8f17bfd58b4548921281d0ab71b6d403c7fa1e006f5bea257d780,0xce47a54e0f793b926a62a9637909bda8bebd97aa,0x7d1afa7b718fb893db30a3abc0cfc608aacfebb0,0x3f5ce5fbfe3e9af3971dd833d26ba9b5c936f0be,227808560000000000000000,Matic Token,MATIC,18,10,74184,20000000000,22092,335020,deprecated,0xa9059cbb,"transfer(address _to, uint256 _value)",17417358
7644200,1556298006,0x9086cc6d4b2a5c38cf9fa829b38ca17677f3a991184bdd4d8a45c0fe03cdffee,55,0xd71f5efbb6a8f17bfd58b4548921281d0ab71b6d403c7fa1e006f5bea257d780,0x948938228a89977ce57f39e5be467fa2feb618a6,0x7d1afa7b718fb893db30a3abc0cfc608aacfebb0,0x3f5ce5fbfe3e9af3971dd833d26ba9b5c936f0be,113904560000000000000000,Matic Token,MATIC,18,11,74184,20000000000,22092,357112,deprecated,0xa9059cbb,"transfer(address _to, uint256 _value)",17417358
7644200,1556298006,0xae00cb511537a1bbd5d42c29447b3b9288baec65c9843856910a38eb1778dce3,0,0xd71f5efbb6a8f17bfd58b4548921281d0ab71b6d403c7fa1e006f5bea257d780,0x023782ba96413ddc99d91710aaa33cbbe0892cfa,0x7d1afa7b718fb893db30a3abc0cfc608aacfebb0,0x3f5ce5fbfe3e9af3971dd833d26ba9b5c936f0be,92222000000000000000000,Matic Token,MATIC,18,18,74184,20000000000,22092,581238,deprecated,0xa9059cbb,"transfer(address _to, uint256 _value)",17417358
7644200,1556298006,0xa8990460fd619c6afd85774f3e82eaae5df33da09f108a3cbf1fcdcee81cb23f,7,0xd71f5efbb6a8f17bfd58b4548921281d0ab71b6d403c7fa1e006f5bea257d780,0xa8907e00dd09a844e03143720b241e8b3bf62582,0x7d1afa7b718fb893db30a3abc0cfc608aacfebb0,0x3f5ce5fbfe3e9af3971dd833d26ba9b5c936f0be,797831920000000000000000,Matic Token,MATIC,18,19,74184,20000000000,22092,603330,deprecated,0xa9059cbb,"transfer(address _to, uint256 _value)",17417358
7644200,1556298006,0x8121e09962f998f9cf9703ac6c522e01e6903e594443dd7b43e1a6cf3b9af2b1,9,0xd71f5efbb6a8f17bfd58b4548921281d0ab71b6d403c7fa1e006f5bea257d780,0x8529742e43ef066df4ccc9b5077a0bdb827dcc72,0x7d1afa7b718fb893db30a3abc0cfc608aacfebb0,0x3f5ce5fbfe3e9af3971dd833d26ba9b5c936f0be,456046120000000000000000,Matic Token,MATIC,18,20,74184,20000000000,22092,625422,deprecated,0xa9059cbb,"transfer(address _to, uint256 _value)",17417358
7644200,1556298006,0x1e3bba3338dccf0943df9d0d5f82505c1f2c6a93ddc308c1766653141e2ad0c3,32,0xd71f5efbb6a8f17bfd58b4548921281d0ab71b6d403c7fa1e006f5bea257d780,0x48b0bf2a5c8f93985bf4981a85b8a8417a7f8fa6,0x7d1afa7b718fb893db30a3abc0cfc608aacfebb0,0x3f5ce5fbfe3e9af3971dd833d26ba9b5c936f0be,227809120000000000000000,Matic Token,MATIC,18,24,74184,20000000000,22092,741125,deprecated,0xa9059cbb,"transfer(address _to, uint256 _value)",17417358
7644200,1556298006,0xa644467634f9f496c808964cf641bda8f926cc2f0b56bb62e94c70c6e189c878,0,0xd71f5efbb6a8f17bfd58b4548921281d0ab71b6d403c7fa1e006f5bea257d780,0x2fe911f5df2820ca3d28a1fdfb13f63aa90bfd4c,0x7d1afa7b718fb893db30a3abc0cfc608aacfebb0,0x3f5ce5fbfe3e9af3971dd833d26ba9b5c936f0be,99900000000000000000000,Matic Token,MATIC,18,29,74056,20000000000,22028,865027,deprecated,0xa9059cbb,"transfer(address _to, uint256 _value)",17417358
7644200,1556298006,0x8700421d4a5407915121e241df14ebc00f925ddfb50938e86d5ad55dfadd8452,14,0xd71f5efbb6a8f17bfd58b4548921281d0ab71b6d403c7fa1e006f5bea257d780,0x3671ff85fef9569d773b291997c1ab40d95dc082,0x7d1afa7b718fb893db30a3abc0cfc608aacfebb0,0x3f5ce5fbfe3e9af3971dd833d26ba9b5c936f0be,227809120000000000000000,Matic Token,MATIC,18,30,74184,20000000000,22092,887119,deprecated,0xa9059cbb,"transfer(address _to, uint256 _value)",17417358
7644200,1556298006,0x05d9acca6dcddc2edfc4226bcf90488822876207b3e38804b9e96713a9fa6065,61,0xd71f5efbb6a8f17bfd58b4548921281d0ab71b6d403c7fa1e006f5bea257d780,0xde6fd10ba7990507e4328094a51c36fbe338ca28,0x7d1afa7b718fb893db30a3abc0cfc608aacfebb0,0x3f5ce5fbfe3e9af3971dd833d26ba9b5c936f0be,398192209000000000000000,Matic Token,MATIC,18,33,74312,20000000000,22156,986923,deprecated,0xa9059cbb,"transfer(address _to, uint256 _value)",17417358
7644200,1556298006,0x144e46a27b7d836bafe87698a2ba45a04fd2d233f622d50a916b9c021b63e8d8,2,0xd71f5efbb6a8f17bfd58b4548921281d0ab71b6d403c7fa1e006f5bea257d780,0x861a3a8d4108dc45d0643e92065fb4216d2151ad,0x7d1afa7b718fb893db30a3abc0cfc608aacfebb0,0x3f5ce5fbfe3e9af3971dd833d26ba9b5c936f0be,13000000000000000000000,Matic Token,MATIC,18,34,74184,20000000000,22092,1009015,deprecated,0xa9059cbb,"transfer(address _to, uint256 _value)",17417358
7644200,1556298006,0x6dcc916f09ee04bf957405ee012a23ac62f6a627784557a4f9ce11c85ecca945,47,0xd71f5efbb6a8f17bfd58b4548921281d0ab71b6d403c7fa1e006f5bea257d780,0xdce35cfe91cc20faf633851956a50fbb75f76ffe,0x7d1afa7b718fb893db30a3abc0cfc608aacfebb0,0x3f5ce5fbfe3e9af3971dd833d26ba9b5c936f0be,270812000000000000000000,Matic Token,MATIC,18,35,74184,20000000000,22092,1031107,deprecated,0xa9059cbb,"transfer(address _to, uint256 _value)",17417358
7644200,1556298006,0x5297be3e8a22fb826c79407f9402097ab4818183560e708dc8bed33844ff0feb,35,0xd71f5efbb6a8f17bfd58b4548921281d0ab71b6d403c7fa1e006f5bea257d780,0xd280cc9ce175b33a361c439bc3c533972bc6da2c,0x7d1afa7b718fb893db30a3abc0cfc608aacfebb0,0x3f5ce5fbfe3e9af3971dd833d26ba9b5c936f0be,64027580000000000000000,Matic Token,MATIC,18,36,74184,20000000000,22092,1053199,deprecated,0xa9059cbb,"transfer(address _to, uint256 _value)",17417358
7644200,1556298006,0x9d70bb3717a1d5cbe2803ff1f209b7965606041f29f9beaf8828bcc18dbcb1cd,82,0xd71f5efbb6a8f17bfd58b4548921281d0ab71b6d403c7fa1e006f5bea257d780,0xbbe74c2a79a85c1dcace1a301af744dc2bc8458a,0x7d1afa7b718fb893db30a3abc0cfc608aacfebb0,0x3f5ce5fbfe3e9af3971dd833d26ba9b5c936f0be,341913680000000000000000,Matic Token,MATIC,18,37,74184,20000000000,22092,1075291,deprecated,0xa9059cbb,"transfer(address _to, uint256 _value)",17417358
7644200,1556298006,0x8c3b978ebf13c934148cdea63bbc5a4709b52f8792e13e306a89a3e78fb5c8db,20,0xd71f5efbb6a8f17bfd58b4548921281d0ab71b6d403c7fa1e006f5bea257d780,0x6caad728025d9c1b562f3403a87a5923d325dbc1,0x7d1afa7b718fb893db30a3abc0cfc608aacfebb0,0x3f5ce5fbfe3e9af3971dd833d26ba9b5c936f0be,2621204880000000000000000,Matic Token,MATIC,18,43,74312,20000000000,22156,1237603,deprecated,0xa9059cbb,"transfer(address _to, uint256 _value)",17417358
7644200,1556298006,0x3b24207ed126c8fec566a8def681829fc6f852b8e4a404f1361a41144385e016,16,0xd71f5efbb6a8f17bfd58b4548921281d0ab71b6d403c7fa1e006f5bea257d780,0x37132d9ca8eb9f3111930cd50e8ac1c4f0b6434b,0x7d1afa7b718fb893db30a3abc0cfc608aacfebb0,0x3f5ce5fbfe3e9af3971dd833d26ba9b5c936f0be,341913680000000000000000,Matic Token,MATIC,18,44,74184,20000000000,22092,1259695,deprecated,0xa9059cbb,"transfer(address _to, uint256 _value)",17417358
7644200,1556298006,0x5792aa9f3af3afafd1e1d30240248a3fe3f4b8e5581778ed17fbbb85d87cfaaa,11,0xd71f5efbb6a8f17bfd58b4548921281d0ab71b6d403c7fa1e006f5bea257d780,0x9b806f7924fc0d604486d987d65be081e0413fae,0x7d1afa7b718fb893db30a3abc0cfc608aacfebb0,0x3f5ce5fbfe3e9af3971dd833d26ba9b5c936f0be,113904560000000000000000,Matic Token,MATIC,18,45,74184,20000000000,22092,1281787,deprecated,0xa9059cbb,"transfer(address _to, uint256 _value)",17417358
7644200,1556298006,0xabd4ce183ad605a74aa9c0a4254b37af801ab3392cbee21a765bb486df99df4f,0,0xd71f5efbb6a8f17bfd58b4548921281d0ab71b6d403c7fa1e006f5bea257d780,0x2fe9d0d48641acdb9a18d1d98b58b9034bc0cc3b,0x7d1afa7b718fb893db30a3abc0cfc608aacfebb0,0x3f5ce5fbfe3e9af3971dd833d26ba9b5c936f0be,55293000000000000000000,Matic Token,MATIC,18,46,74184,20000000000,22092,1303879,deprecated,0xa9059cbb,"transfer(address _to, uint256 _value)",17417358
7644200,1556298006,0x05d29ece7124aabf8ddbc73747d99b9d5210ee6777b498ddff3d411db162e9fb,6,0xd71f5efbb6a8f17bfd58b4548921281d0ab71b6d403c7fa1e006f5bea257d780,0xce304fc42a6daee31a9c95697e49531d21d21796,0x7d1afa7b718fb893db30a3abc0cfc608aacfebb0,0x3f5ce5fbfe3e9af3971dd833d26ba9b5c936f0be,113904560000000000000000,Matic Token,MATIC,18,50,74184,20000000000,22092,1395251,deprecated,0xa9059cbb,"transfer(address _to, uint256 _value)",17417358
7644200,1556298006,0xe272a90588a1332d84e7cbf0b206c71ed5f79f7e62c0ab23d5a4c4d197b7f478,15,0xd71f5efbb6a8f17bfd58b4548921281d0ab71b6d403c7fa1e006f5bea257d780,0xb9c45af0a362a8af82107a93da7456986270f3b9,0x7d1afa7b718fb893db30a3abc0cfc608aacfebb0,0x3f5ce5fbfe3e9af3971dd833d26ba9b5c936f0be,57000000000000000000000,Matic Token,MATIC,18,53,74184,20000000000,22092,1460652,deprecated,0xa9059cbb,"transfer(address _to, uint256 _value)",17417358
7644200,1556298006,0x566b78e42ff45af72a4bfb2e4650f541fa98a4742f40b25934864fbbbefc4561,3,0xd71f5efbb6a8f17bfd58b4548921281d0ab71b6d403c7fa1e006f5bea257d780,0xf665242e9582f0df8fe86ef98a71cd9d16ea188b,0x7d1afa7b718fb893db30a3abc0cfc608aacfebb0,0x3f5ce5fbfe3e9af3971dd833d26ba9b5c936f0be,735536385000000000000000,Matic Token,MATIC,18,54,74312,20000000000,22156,1482808,deprecated,0xa9059cbb,"transfer(address _to, uint256 _value)",17417358
7644200,1556298006,0xa511ff7f8ab7f8a57ef6f37dc6f0a48e6a70201ed707923002dd0497c74535b2,21,0xd71f5efbb6a8f17bfd58b4548921281d0ab71b6d403c7fa1e006f5bea257d780,0xc476f2f1848ff6342413e6ed79196639f14b17ec,0x7d1afa7b718fb893db30a3abc0cfc608aacfebb0,0x3f5ce5fbfe3e9af3971dd833d26ba9b5c936f0be,113904560000000000000000,Matic Token,MATIC,18,57,74184,20000000000,22092,1548478,deprecated,0xa9059cbb,"transfer(address _to, uint256 _value)",17417358
7644217,1556298222,0x812dcc0d3a4f25ba05f4ff8f4ac3f316f5c50bb05984661bcb1608cf289fd08c,1400029,0x04a31121693bab3421f080c51ec9937268ce319a4f47d2e3b1c9dc2361743258,0x0681d8db095565fe8a346fa0277bffde9c0edbbf,0x7d1afa7b718fb893db30a3abc0cfc608aacfebb0,0xd26a41c65fc9e42078c6ba93f83417e10cf0c753,120169535000000000000000,Matic Token,MATIC,18,4,104312,40000000000,52156,136156,deprecated,0xa9059cbb,"transfer(address _to, uint256 _value)",17417341
7644217,1556298222,0x03a75a602b95c3d24bc2f57cffaaf5dc3b5b8ea15ca1555a7df34fce1c231bbd,1335342,0x04a31121693bab3421f080c51ec9937268ce319a4f47d2e3b1c9dc2361743258,0x564286362092d8e7936f0549571a803b203aaced,0x7d1afa7b718fb893db30a3abc0cfc608aacfebb0,0x948938228a89977ce57f39e5be467fa2feb618a6,113904560000000000000000,Matic Token,MATIC,18,5,104184,40000000000,52092,188248,deprecated,0xa9059cbb,"transfer(address _to, uint256 _value)",17417341
7644225,1556298341,0xcd6e260203894b9c335e5e1d8f5506312eca6b1e7e95abdc1d0c7753fe266d3c,1335349,0xeb59283e49545031e5cd7178881277f99b4888f6770e37a1e94d1178a17c9eed,0x564286362092d8e7936f0549571a803b203aaced,0x7d1afa7b718fb893db30a3abc0cfc608aacfebb0,0x50fb4dabd6e62f25e54477850f26d8829b9c8071,122909120000000000000000,Matic Token,MATIC,18,12,104184,40000000000,52092,865976,deprecated,0xa9059cbb,"transfer(address _to, uint256 _value)",17417333
7644235,1556298493,0x01857a7a1a28537e0582aa790254015877235beecdfc77c6e34f059f2384eca1,1335356,0x16e5ff6c02f4392ed7a1d92d6b4bd0fbf82ea98a0016ec5a89a3cc7e62397c90,0x564286362092d8e7936f0549571a803b203aaced,0x7d1afa7b718fb893db30a3abc0cfc608aacfebb0,0xd26a41c65fc9e42078c6ba93f83417e10cf0c753,111255269000000000000000,Matic Token,MATIC,18,0,74312,40000000000,37156,37156,deprecated,0xa9059cbb,"transfer(address _to, uint256 _value)",17417323
7644235,1556298493,0x7b08e7ecd25d2325bf0e09fc26dbff9fc43f5db31026f0857a15899409d840bf,1335357,0x16e5ff6c02f4392ed7a1d92d6b4bd0fbf82ea98a0016ec5a89a3cc7e62397c90,0x564286362092d8e7936f0549571a803b203aaced,0x7d1afa7b718fb893db30a3abc0cfc608aacfebb0,0xbee8845cd016350af73e4cc1ae6d24b832218037,455918240000000000000000,Matic Token,MATIC,18,1,104184,40000000000,52092,89248,deprecated,0xa9059cbb,"transfer(address _to, uint256 _value)",17417323
7644242,1556298589,0xd3fd1a2761f57a51fd07770b9dc32af1fe10a64166407016ce76c75fdb5ed78f,1400047,0xd66132ef454d35310bde1fc504b76fc87d89600b07ae9748d65191f4c04d3e65,0x0681d8db095565fe8a346fa0277bffde9c0edbbf,0x7d1afa7b718fb893db30a3abc0cfc608aacfebb0,0xb4c2c05aaf8c9f0608e4e595273e5a838434e23f,205107000000000000000000,Matic Token,MATIC,18,113,104184,40000000000,52092,6154155,deprecated,0xa9059cbb,"transfer(address _to, uint256 _value)",17417316
7644253,1556298721,0xd3adb781a989b9e08253998b4188118e199894dbfdcfa9bde599df588cba4c23,6,0x5910c12bd8d9dc35f2a0d8f9b2ad7d6658e6c162a8e3b69745222f243bcd612e,0xe20de8fc343cc0a5de19383dd26220664fb13731,0x7d1afa7b718fb893db30a3abc0cfc608aacfebb0,0x993f4722727099e104e8164d6fc4ae46154fcf93,74994560000000000000000,Matic Token,MATIC,18,42,52092,7500000000,37092,2247766,deprecated,0xa9059cbb,"transfer(address _to, uint256 _value)",17417305
7644267,1556298873,0xc8e0e212499175727031bd9a57f6cc5c195d1efd25ea7852eeba899933db37e1,1400056,0x422f66b54d42efbf841d138bb784bf6b4a3ed73c4d9b688311d19bd0995a7829,0x0681d8db095565fe8a346fa0277bffde9c0edbbf,0x7d1afa7b718fb893db30a3abc0cfc608aacfebb0,0xa8907e00dd09a844e03143720b241e8b3bf62582,341913680000000000000000,Matic Token,MATIC,18,5,104056,40000000000,52028,261231,deprecated,0xa9059cbb,"transfer(address _to, uint256 _value)",17417291
7644267,1556298873,0xf468d449c121ebe515ae90fb1d0b8ace006af7291b59636216dc5bcdfdb67e17,3104737,0x422f66b54d42efbf841d138bb784bf6b4a3ed73c4d9b688311d19bd0995a7829,0x3f5ce5fbfe3e9af3971dd833d26ba9b5c936f0be,0x7d1afa7b718fb893db30a3abc0cfc608aacfebb0,0xb4d9d84063707502ea3fc26c5f2c36cb15de8b25,411000000000000000000000,Matic Token,MATIC,18,9,104184,40000000000,52092,453949,deprecated,0xa9059cbb,"transfer(address _to, uint256 _value)",17417291
7644281,1556298990,0x2bb58b34b180cf98ad27d3fcd974a86906bb9df598b56890e5bbe991e7de7f5b,1425609,0xd4884de40eca34792bcd408dae6d872b6582bb12f9976bfaa9241301ab131c9e,0xd551234ae421e3bcba99a0da6d736074f22192ff,0x7d1afa7b718fb893db30a3abc0cfc608aacfebb0,0xa8907e00dd09a844e03143720b241e8b3bf62582,227909120000000000000000,Matic Token,MATIC,18,8,73928,40000000000,36964,265266,deprecated,0xa9059cbb,"transfer(address _to, uint256 _value)",17417277
7644281,1556298990,0x8e07d2f9248345f1f2b4c5599209cc389d1d2125f154135ae0699728598e1edf,1425610,0xd4884de40eca34792bcd408dae6d872b6582bb12f9976bfaa9241301ab131c9e,0xd551234ae421e3bcba99a0da6d736074f22192ff,0x7d1afa7b718fb893db30a3abc0cfc608aacfebb0,0xc813fc11a4d4fc0f8962e38f1b19202b89ed1b54,1332746000000000000000000,Matic Token,MATIC,18,9,74312,40000000000,37156,302422,deprecated,0xa9059cbb,"transfer(address _to, uint256 _value)",17417277
7644281,1556298990,0xb09ea914ce55d07d8b1c7207c99ff7c3b7635c501f22b76cf4a161d181cba4c9,3104740,0xd4884de40eca34792bcd408dae6d872b6582bb12f9976bfaa9241301ab131c9e,0x3f5ce5fbfe3e9af3971dd833d26ba9b5c936f0be,0x7d1afa7b718fb893db30a3abc0cfc608aacfebb0,0xbbe74c2a79a85c1dcace1a301af744dc2bc8458a,113904560000000000000000,Matic Token,MATIC,18,13,104184,40000000000,52092,449055,deprecated,0xa9059cbb,"transfer(address _to, uint256 _value)",17417277
7644295,1556299146,0x00afdb0622bddd1ec846d740ad86fe1cab051515d0a028be282a21be628d912a,1335371,0x6b8a9423fbcd37af6b5f39d1f526f168e4bf2609fbcd3ea6bb39ea01020f9591,0x564286362092d8e7936f0549571a803b203aaced,0x7d1afa7b718fb893db30a3abc0cfc608aacfebb0,0xbee8845cd016350af73e4cc1ae6d24b832218037,341913680000000000000000,Matic Token,MATIC,18,17,74184,40000000000,37092,1020967,deprecated,0xa9059cbb,"transfer(address _to, uint256 _value)",17417263
7644295,1556299146,0xd2017b6761672392946090cb2d677c6c3396eb1c47b7594e88ab7ed612eb45e7,1400072,0x6b8a9423fbcd37af6b5f39d1f526f168e4bf2609fbcd3ea6bb39ea01020f9591,0x0681d8db095565fe8a346fa0277bffde9c0edbbf,0x7d1afa7b718fb893db30a3abc0cfc608aacfebb0,0x710cbae8890a4d1ff3e5706b7f87c7d7ee4f51d5,227909120000000000000000,Matic Token,MATIC,18,18,104056,40000000000,52028,1072995,deprecated,0xa9059cbb,"transfer(address _to, uint256 _value)",17417263
7644304,1556299256,0x80786a18c66cdd7f13804e6a42082de6a5ac0884b3857e31c9dd0d7379545428,1400077,0xf4f80014b7f24df1b40d997bb0563ed236d818fb8892f700e4cf7d1842eebb10,0x0681d8db095565fe8a346fa0277bffde9c0edbbf,0x7d1afa7b718fb893db30a3abc0cfc608aacfebb0,0xce47a54e0f793b926a62a9637909bda8bebd97aa,80204560000000000000000,Matic Token,MATIC,18,5,104184,40000000000,52092,157092,deprecated,0xa9059cbb,"transfer(address _to, uint256 _value)",17417254
7644304,1556299256,0xc9033fef8de58867af559927825b9be134b0ed7dd0ebf5df8cbc592c8681410f,3104751,0xf4f80014b7f24df1b40d997bb0563ed236d818fb8892f700e4cf7d1842eebb10,0x3f5ce5fbfe3e9af3971dd833d26ba9b5c936f0be,0x7d1afa7b718fb893db30a3abc0cfc608aacfebb0,0xa8907e00dd09a844e03143720b241e8b3bf62582,341913680000000000000000,Matic Token,MATIC,18,8,74056,40000000000,37028,298771,deprecated,0xa9059cbb,"transfer(address _to, uint256 _value)",17417254
7644304,1556299256,0xa4176bf0d4c95b7111abd45b4332e0f61330603516fa47b9c47776b0d72e2b95,1425619,0xf4f80014b7f24df1b40d997bb0563ed236d818fb8892f700e4cf7d1842eebb10,0xd551234ae421e3bcba99a0da6d736074f22192ff,0x7d1afa7b718fb893db30a3abc0cfc608aacfebb0,0xe461ce1522f6da82a6a36381a03dd2d60b9148d3,341913680000000000000000,Matic Token,MATIC,18,9,104184,40000000000,52092,350863,deprecated,0xa9059cbb,"transfer(address _to, uint256 _value)",17417254
7644304,1556299256,0x30814d1c70fbe0fadcf417e333026c5b362a1543f47f18115e1f690d81026db8,1335380,0xf4f80014b7f24df1b40d997bb0563ed236d818fb8892f700e4cf7d1842eebb10,0x564286362092d8e7936f0549571a803b203aaced,0x7d1afa7b718fb893db30a3abc0cfc608aacfebb0,0x0fb767201f616b1e5db0fa7ab027ff944309dd2f,113904560000000000000000,Matic Token,MATIC,18,12,104184,40000000000,52092,461404,deprecated,0xa9059cbb,"transfer(address _to, uint256 _value)",17417254
7644304,1556299256,0xbc33d1afa695d178aadee5a1de6a650f0dcf2a8451067f97fe0f2af3eb8efeea,1335381,0xf4f80014b7f24df1b40d997bb0563ed236d818fb8892f700e4cf7d1842eebb10,0x564286362092d8e7936f0549571a803b203aaced,0x7d1afa7b718fb893db30a3abc0cfc608aacfebb0,0xce47a54e0f793b926a62a9637909bda8bebd97aa,113904560000000000000000,Matic Token,MATIC,18,13,104184,40000000000,37092,498496,deprecated,0xa9059cbb,"transfer(address _to, uint256 _value)",17417254
7644315,1556299386,0x64840a1466ead1ecb1607f869d62f569a07b446f3a71381b44df7b756937b61b,3104752,0xfb1d5cbe1d699cee2e76b5e567d4c2f69431887bc100e9cbf5af000832b2c19a,0x3f5ce5fbfe3e9af3971dd833d26ba9b5c936f0be,0x7d1afa7b718fb893db30a3abc0cfc608aacfebb0,0x97d5b96b73ded9a42a28b86a68a319636c973253,341913680000000000000000,Matic Token,MATIC,18,7,104184,40000000000,52092,200392,deprecated,0xa9059cbb,"transfer(address _to, uint256 _value)",17417243
7644323,1556299540,0x769dcc3723814e20df21174fc06371e56a45416ee3e219158a6fac7f05e58a14,3104756,0x1db0365def0777dd7d456bb9b63b37351ab51a5801031b9fa2497410c0be131b,0x3f5ce5fbfe3e9af3971dd833d26ba9b5c936f0be,0x7d1afa7b718fb893db30a3abc0cfc608aacfebb0,0xbbe74c2a79a85c1dcace1a301af744dc2bc8458a,113904560000000000000000,Matic Token,MATIC,18,38,74184,40000000000,37092,1343170,deprecated,0xa9059cbb,"transfer(address _to, uint256 _value)",17417235
7644323,1556299540,0xe552544c364ac9a7b9b435d5485ed18cf3af424463409a12647fa2132be14251,3104757,0x1db0365def0777dd7d456bb9b63b37351ab51a5801031b9fa2497410c0be131b,0x3f5ce5fbfe3e9af3971dd833d26ba9b5c936f0be,0x7d1afa7b718fb893db30a3abc0cfc608aacfebb0,0xbee8845cd016350af73e4cc1ae6d24b832218037,113904560000000000000000,Matic Token,MATIC,18,39,74184,40000000000,37092,1380262,deprecated,0xa9059cbb,"transfer(address _to, uint256 _value)",17417235
7644341,1556299768,0xf9ff1c62ee9d333afcc199a788c24a33244a449ac275806dd715d474bda747b7,1400088,0x0365cb91a10176dc40223d64040bbf5f5c3277e2f27c3bdc39b3b8945798b08d,0x0681d8db095565fe8a346fa0277bffde9c0edbbf,0x7d1afa7b718fb893db30a3abc0cfc608aacfebb0,0xbee8845cd016350af73e4cc1ae6d24b832218037,113904560000000000000000,Matic Token,MATIC,18,27,74184,40000000000,37092,7833207,deprecated,0xa9059cbb,"transfer(address _to, uint256 _value)",17417217
7644343,1556299801,0xcf50f5bf43e024f12233f0e3a3e00de15b7e57ae64b058ce919c931f70514478,2,0x0b52ab561ac5fbf70da6b2a50b212ae81470f5fd12f5187272aab5d09ba47c81,0x0fb767201f616b1e5db0fa7ab027ff944309dd2f,0x7d1afa7b718fb893db30a3abc0cfc608aacfebb0,0x3f5ce5fbfe3e9af3971dd833d26ba9b5c936f0be,113904560000000000000000,Matic Token,MATIC,18,42,74184,20000000000,22092,7629382,deprecated,0xa9059cbb,"transfer(address _to, uint256 _value)",17417215
7644343,1556299801,0xc2f671a1efaa77f26defd33058fd9a4684488dbeec7eeb653eae9aacd972e066,7,0x0b52ab561ac5fbf70da6b2a50b212ae81470f5fd12f5187272aab5d09ba47c81,0xbec894c08c8f7ce50ff12eb0ffc504fdad127816,0x7d1afa7b718fb893db30a3abc0cfc608aacfebb0,0x3f5ce5fbfe3e9af3971dd833d26ba9b5c936f0be,113904560000000000000000,Matic Token,MATIC,18,43,74184,20000000000,22092,7651474,deprecated,0xa9059cbb,"transfer(address _to, uint256 _value)",17417215
7644343,1556299801,0xa19b3da607f9da5db1dfe0fc4f8dc065dce52ad1bad074c0c46fd94b3757fe22,215,0x0b52ab561ac5fbf70da6b2a50b212ae81470f5fd12f5187272aab5d09ba47c81,0x1fc2099bdd4c6b441accc40b1170d4a320b2365d,0x7d1afa7b718fb893db30a3abc0cfc608aacfebb0,0x3f5ce5fbfe3e9af3971dd833d26ba9b5c936f0be,1163803514000000000000000,Matic Token,MATIC,18,46,74184,20000000000,22092,7715566,deprecated,0xa9059cbb,"transfer(address _to, uint256 _value)",17417215
7644343,1556299801,0x7fd8fb51b750f34d66191e354cae834e203ee226cd3eb9fc18f218a9ec3b9310,8,0x0b52ab561ac5fbf70da6b2a50b212ae81470f5fd12f5187272aab5d09ba47c81,0xa8907e00dd09a844e03143720b241e8b3bf62582,0x7d1afa7b718fb893db30a3abc0cfc608aacfebb0,0x3f5ce5fbfe3e9af3971dd833d26ba9b5c936f0be,911736480000000000000000,Matic Token,MATIC,18,47,74184,20000000000,22092,7737658,deprecated,0xa9059cbb,"transfer(address _to, uint256 _value)",17417215
7644343,1556299801,0xa6ce1597e820085fbd7ddbe513a0c48e5b266ee61197bbaca662bbf21af027af,83,0x0b52ab561ac5fbf70da6b2a50b212ae81470f5fd12f5187272aab5d09ba47c81,0xbbe74c2a79a85c1dcace1a301af744dc2bc8458a,0x7d1afa7b718fb893db30a3abc0cfc608aacfebb0,0x3f5ce5fbfe3e9af3971dd833d26ba9b5c936f0be,227809120000000000000000,Matic Token,MATIC,18,48,74184,20000000000,22092,7759750,deprecated,0xa9059cbb,"transfer(address _to, uint256 _value)",17417215
7644343,1556299801,0xee34048c2b5925d7738d602a2aca510587f82f0d9ac8dec2a1e1f749bb03a681,34,0x0b52ab561ac5fbf70da6b2a50b212ae81470f5fd12f5187272aab5d09ba47c81,0x993f4722727099e104e8164d6fc4ae46154fcf93,0x7d1afa7b718fb893db30a3abc0cfc608aacfebb0,0x3f5ce5fbfe3e9af3971dd833d26ba9b5c936f0be,74994560000000000000000,Matic Token,MATIC,18,49,74184,20000000000,22092,7781842,deprecated,0xa9059cbb,"transfer(address _to, uint256 _value)",17417215
7644344,1556299828,0x1d203bb8ae86fb815d5524ddae2ef7b47b2d04d84b1574e96329691a734295e6,4,0x6287e56d4039713a4438b91b19d1ddac3d606cafc1cf6b639bbbd8d72c1608b9,0xe998fa39bc1f12ad340906ccb2263ae0f317724e,0x7d1afa7b718fb893db30a3abc0cfc608aacfebb0,0x3f5ce5fbfe3e9af3971dd833d26ba9b5c936f0be,113904560000000000000000,Matic Token,MATIC,18,17,74184,20000000000,22092,4403660,deprecated,0xa9059cbb,"transfer(address _to, uint256 _value)",17417214
7644344,1556299828,0x365305c034670b7a92354e1cde85a264c0f7c7cc4e04594fc4a6f28ffce793f1,54,0x6287e56d4039713a4438b91b19d1ddac3d606cafc1cf6b639bbbd8d72c1608b9,0xb4c2c05aaf8c9f0608e4e595273e5a838434e23f,0x7d1afa7b718fb893db30a3abc0cfc608aacfebb0,0x3f5ce5fbfe3e9af3971dd833d26ba9b5c936f0be,205107000000000000000000,Matic Token,MATIC,18,27,74184,20000000000,22092,4663883,deprecated,0xa9059cbb,"transfer(address _to, uint256 _value)",17417214
7644344,1556299828,0xa8df2dab751cc4c82b474c550aae2bafea0b33ad7d7d1597fe10e3f06995d256,1,0x6287e56d4039713a4438b91b19d1ddac3d606cafc1cf6b639bbbd8d72c1608b9,0xb4d9d84063707502ea3fc26c5f2c36cb15de8b25,0x7d1afa7b718fb893db30a3abc0cfc608aacfebb0,0x3f5ce5fbfe3e9af3971dd833d26ba9b5c936f0be,411000000000000000000000,Matic Token,MATIC,18,41,74184,20000000000,22092,5030516,deprecated,0xa9059cbb,"transfer(address _to, uint256 _value)",17417214
7644344,1556299828,0xef6ceb66532d1e7ca4ef4d32c6c0edf58ff04c874ddf674ef934abeb9347edf8,11,0x6287e56d4039713a4438b91b19d1ddac3d606cafc1cf6b639bbbd8d72c1608b9,0xbee8845cd016350af73e4cc1ae6d24b832218037,0x7d1afa7b718fb893db30a3abc0cfc608aacfebb0,0x3f5ce5fbfe3e9af3971dd833d26ba9b5c936f0be,1025641040000000000000000,Matic Token,MATIC,18,45,74184,20000000000,22092,5115608,deprecated,0xa9059cbb,"transfer(address _to, uint256 _value)",17417214
7644344,1556299828,0x335d590110bd2d71f2108618d3c90a40f337d0a7d3c552fce20fe524dcd9cd14,7,0x6287e56d4039713a4438b91b19d1ddac3d606cafc1cf6b639bbbd8d72c1608b9,0x50fb4dabd6e62f25e54477850f26d8829b9c8071,0x7d1afa7b718fb893db30a3abc0cfc608aacfebb0,0x3f5ce5fbfe3e9af3971dd833d26ba9b5c936f0be,122909120000000000000000,Matic Token,MATIC,18,58,74184,20000000000,22092,5391108,deprecated,0xa9059cbb,"transfer(address _to, uint256 _value)",17417214
7644344,1556299828,0x3930a5dffe20a5d63752a187c8cbdbe44cb26a262048a6983751182a45cc8cf7,12,0x6287e56d4039713a4438b91b19d1ddac3d606cafc1cf6b639bbbd8d72c1608b9,0xc813fc11a4d4fc0f8962e38f1b19202b89ed1b54,0x7d1afa7b718fb893db30a3abc0cfc608aacfebb0,0x3f5ce5fbfe3e9af3971dd833d26ba9b5c936f0be,1333646000000000000000000,Matic Token,MATIC,18,59,74312,20000000000,22156,5413264,deprecated,0xa9059cbb,"transfer(address _to, uint256 _value)",17417214
7644344,1556299828,0x959cb0257d54aed4c4fc3e9b81c12fb0135f7c59888dc06c16f1995d0907dbca,70,0x6287e56d4039713a4438b91b19d1ddac3d606cafc1cf6b639bbbd8d72c1608b9,0x97d5b96b73ded9a42a28b86a68a319636c973253,0x7d1afa7b718fb893db30a3abc0cfc608aacfebb0,0x3f5ce5fbfe3e9af3971dd833d26ba9b5c936f0be,341913680000000000000000,Matic Token,MATIC,18,61,74184,20000000000,22092,5456356,deprecated,0xa9059cbb,"transfer(address _to, uint256 _value)",17417214
7644344,1556299828,0x687d2a30fc3e78834d1bb5ce13e784605293212c87e496297d306a308002fbd8,23,0x6287e56d4039713a4438b91b19d1ddac3d606cafc1cf6b639bbbd8d72c1608b9,0xe461ce1522f6da82a6a36381a03dd2d60b9148d3,0x7d1afa7b718fb893db30a3abc0cfc608aacfebb0,0x3f5ce5fbfe3e9af3971dd833d26ba9b5c936f0be,341913680000000000000000,Matic Token,MATIC,18,62,74184,20000000000,22092,5478448,deprecated,0xa9059cbb,"transfer(address _to, uint256 _value)",17417214
7644344,1556299828,0xf2dc4d38d3625179ff30ab9e59c16585900f9e61dce37f2d751072a048b20cb0,32,0x6287e56d4039713a4438b91b19d1ddac3d606cafc1cf6b639bbbd8d72c1608b9,0xce47a54e0f793b926a62a9637909bda8bebd97aa,0x7d1afa7b718fb893db30a3abc0cfc608aacfebb0,0x3f5ce5fbfe3e9af3971dd833d26ba9b5c936f0be,194109120000000000000000,Matic Token,MATIC,18,64,74184,20000000000,22092,5521540,deprecated,0xa9059cbb,"transfer(address _to, uint256 _value)",17417214
7644344,1556299828,0xe1595026b8480cb59ea85b78d278182423d17ccb068787c3a1b7da0a5ac6d7ac,8,0x6287e56d4039713a4438b91b19d1ddac3d606cafc1cf6b639bbbd8d72c1608b9,0xf87ed016c19ada8fc16e188f70414e2c8b5ea60f,0x7d1afa7b718fb893db30a3abc0cfc608aacfebb0,0x3f5ce5fbfe3e9af3971dd833d26ba9b5c936f0be,113904560000000000000000,Matic Token,MATIC,18,66,74184,20000000000,22092,5564632,deprecated,0xa9059cbb,"transfer(address _to, uint256 _value)",17417214
7644344,1556299828,0x48ee675d54966dd0ab656883c6a71fb71c2a4dbd4f779cbca033d6ac6f85fdd7,2,0x6287e56d4039713a4438b91b19d1ddac3d606cafc1cf6b639bbbd8d72c1608b9,0xd26a41c65fc9e42078c6ba93f83417e10cf0c753,0x7d1afa7b718fb893db30a3abc0cfc608aacfebb0,0x3f5ce5fbfe3e9af3971dd833d26ba9b5c936f0be,231424804000000000000000,Matic Token,MATIC,18,67,74184,20000000000,22092,5586724,deprecated,0xa9059cbb,"transfer(address _to, uint256 _value)",17417214
7644344,1556299828,0x1b512646479efc85e8b1db45cc93d448ba7c11dd7cefd7b55b1650c2a8abbb90,26,0x6287e56d4039713a4438b91b19d1ddac3d606cafc1cf6b639bbbd8d72c1608b9,0x710cbae8890a4d1ff3e5706b7f87c7d7ee4f51d5,0x7d1afa7b718fb893db30a3abc0cfc608aacfebb0,0x3f5ce5fbfe3e9af3971dd833d26ba9b5c936f0be,227909120000000000000000,Matic Token,MATIC,18,68,74056,20000000000,22028,5608752,deprecated,0xa9059cbb,"transfer(address _to, uint256 _value)",17417214
7644352,1556299900,0x81f98c9ec856c9f606b47b2ec04cf23f80c7c9185dffa46d3488da0227ca637d,1400093,0xfce64d0103b5f1b42019ef569eb083c85f8205f14b7cd0c9ad27834faecf8ed7,0x0681d8db095565fe8a346fa0277bffde9c0edbbf,0x7d1afa7b718fb893db30a3abc0cfc608aacfebb0,0x4d011dccbe7ecdd7655ea13a02c0cba9491f279a,113904560000000000000000,Matic Token,MATIC,18,12,104184,40000000000,52092,542890,deprecated,0xa9059cbb,"transfer(address _to, uint256 _value)",17417206
7644352,1556299900,0x7edd57a2b8ea6953177617238ff7754be9f8f7e43651ca13a18792c5ab380dec,1400094,0xfce64d0103b5f1b42019ef569eb083c85f8205f14b7cd0c9ad27834faecf8ed7,0x0681d8db095565fe8a346fa0277bffde9c0edbbf,0x7d1afa7b718fb893db30a3abc0cfc608aacfebb0,0xa8907e00dd09a844e03143720b241e8b3bf62582,227909120000000000000000,Matic Token,MATIC,18,13,103928,40000000000,51964,594854,deprecated,0xa9059cbb,"transfer(address _to, uint256 _value)",17417206
7644359,1556300027,0xb53abed22d6817d416c514f949b6f67416c0f87fe4f5292f5ec1c8c99ac926e1,1400100,0xa91b0be26947c75ce803f40c85970f557ddc4be64312d611ecce6c82aeedaf6a,0x0681d8db095565fe8a346fa0277bffde9c0edbbf,0x7d1afa7b718fb893db30a3abc0cfc608aacfebb0,0x558e6e2bc08d81ccb4a1cf8ce3f6c76ddcf6d622,28401000000000000000000,Matic Token,MATIC,18,4,104184,40000000000,52092,208840,deprecated,0xa9059cbb,"transfer(address _to, uint256 _value)",17417199
7644367,1556300160,0x4186c545836e1217d3ad7280f096544f7b0875086801b3888a563d95a8ba34dc,3104776,0xd57d3f596f7a779a182f4e9501760551353ec8d7babb46d6c51e101fea09ced2,0x3f5ce5fbfe3e9af3971dd833d26ba9b5c936f0be,0x7d1afa7b718fb893db30a3abc0cfc608aacfebb0,0x8688d8b70d7fca1e896b21aabfa5e61af7c2ba96,2559000000000000000000,Matic Token,MATIC,18,1,104056,40000000000,52028,73028,deprecated,0xa9059cbb,"transfer(address _to, uint256 _value)",17417191
7644368,1556300170,0xe79632e5653a74936a75d5f75c2bd90284b8ba87b7ee2da3d48b2a8b01a9c016,1335401,0xa2b8cf969c8b094304b50fac56ab85ae463844ec2b9487aef2a3c18cf3cc5c7b,0x564286362092d8e7936f0549571a803b203aaced,0x7d1afa7b718fb893db30a3abc0cfc608aacfebb0,0x4d011dccbe7ecdd7655ea13a02c0cba9491f279a,113904560000000000000000,Matic Token,MATIC,18,2,74184,40000000000,37092,112419,deprecated,0xa9059cbb,"transfer(address _to, uint256 _value)",17417190
7644368,1556300170,0xa8ffcc9b5b80cc21ef3f82639af7a80981b1b2b76c39600b95637fb30d00a5af,1335402,0xa2b8cf969c8b094304b50fac56ab85ae463844ec2b9487aef2a3c18cf3cc5c7b,0x564286362092d8e7936f0549571a803b203aaced,0x7d1afa7b718fb893db30a3abc0cfc608aacfebb0,0xa8907e00dd09a844e03143720b241e8b3bf62582,227909120000000000000000,Matic Token,MATIC,18,3,73928,40000000000,36964,149383,deprecated,0xa9059cbb,"transfer(address _to, uint256 _value)",17417190
7644372,1556300280,0x8e318a667409faf546a9c6f580e9244294d7d117c5f0f70daebd9f036c3fc56f,1425646,0x26ac2f398e7abdc41af693817e7e8797f2007b02977f3a8a0de172d636f6df13,0xd551234ae421e3bcba99a0da6d736074f22192ff,0x7d1afa7b718fb893db30a3abc0cfc608aacfebb0,0xbee8845cd016350af73e4cc1ae6d24b832218037,113904560000000000000000,Matic Token,MATIC,18,6,104184,40000000000,52092,227150,deprecated,0xa9059cbb,"transfer(address _to, uint256 _value)",17417186
7644378,1556300344,0x34cf56a2a257cfd1dbbdc157af36fb59afbf73467048afaf7325dd028feb1ee9,3104786,0x64eb1fd72e978fae6529a5b33d37d9c03fe7765c526af585bf3b8bd240dc1a2d,0x3f5ce5fbfe3e9af3971dd833d26ba9b5c936f0be,0x7d1afa7b718fb893db30a3abc0cfc608aacfebb0,0x4e9ce36e442e55ecd9025b9a6e0d88485d628a67,91487184523759990000000000,Matic Token,MATIC,18,29,74440,40000000000,37220,2322399,deprecated,0xa9059cbb,"transfer(address _to, uint256 _value)",17417180
7644387,1556300413,0xb110f2b9ec3c859844cee7b8dccc90a287b6a8b63b5da42bd630e5ce906c613e,1400115,0x1525a4973cca07c0bd552ac8daa9bc244890399ba00608f17f3a138b4b6187a3,0x0681d8db095565fe8a346fa0277bffde9c0edbbf,0x7d1afa7b718fb893db30a3abc0cfc608aacfebb0,0xbbe74c2a79a85c1dcace1a301af744dc2bc8458a,227909120000000000000000,Matic Token,MATIC,18,62,104056,40000000000,52028,5170716,deprecated,0xa9059cbb,"transfer(address _to, uint256 _value)",17417171
7644387,1556300413,0x23e7e6cdae90b5da877b3d9a45dc45d9368897ad15495106e441bcef1dc1a5a2,3104788,0x1525a4973cca07c0bd552ac8daa9bc244890399ba00608f17f3a138b4b6187a3,0x3f5ce5fbfe3e9af3971dd833d26ba9b5c936f0be,0x7d1afa7b718fb893db30a3abc0cfc608aacfebb0,0xa8907e00dd09a844e03143720b241e8b3bf62582,341913680000000000000000,Matic Token,MATIC,18,63,74056,40000000000,37028,5207744,deprecated,0xa9059cbb,"transfer(address _to, uint256 _value)",17417171
7644390,1556300485,0x84d85b62b8f81ad72805c848c41cc7c906cb47b74e0c19fe828ffec09ab27303,1425655,0xa63a79c8c103c7bdec2249647628369f5d1b7e7a88702d0d10cf0f4270c7cc1a,0xd551234ae421e3bcba99a0da6d736074f22192ff,0x7d1afa7b718fb893db30a3abc0cfc608aacfebb0,0xce47a54e0f793b926a62a9637909bda8bebd97aa,113904560000000000000000,Matic Token,MATIC,18,3,104184,40000000000,52092,115092,deprecated,0xa9059cbb,"transfer(address _to, uint256 _value)",17417168
7644406,1556300614,0x3b826dff3a6a75c37a910d59eb811ab4a8fee0efb0d75a77097cf5418cfca4ff,1400123,0x3fbb3757953f47bd70ccc3b15e9d67ddadd57e873befd61eeb3a8a3e6d6db4f1,0x0681d8db095565fe8a346fa0277bffde9c0edbbf,0x7d1afa7b718fb893db30a3abc0cfc608aacfebb0,0xa8907e00dd09a844e03143720b241e8b3bf62582,455918240000000000000000,Matic Token,MATIC,18,18,74056,40000000000,37028,671516,deprecated,0xa9059cbb,"transfer(address _to, uint256 _value)",17417152
7644417,1556300746,0xc4c61fd5d422b5ee23305fe220bc5a6d6633315bdfd173f634de799a1943a2dd,1335421,0xb88785fba4a8f7cc0be2cb655852d0e87db23e803988636b42f746958a057d68,0x564286362092d8e7936f0549571a803b203aaced,0x7d1afa7b718fb893db30a3abc0cfc608aacfebb0,0xa8907e00dd09a844e03143720b241e8b3bf62582,455918240000000000000000,Matic Token,MATIC,18,4,74056,40000000000,37028,151361,deprecated,0xa9059cbb,"transfer(address _to, uint256 _value)",17417141
7644435,1556301064,0xcdebea93203be974006af7a76a71ef6e565fbddf372b61312723215388a41ea0,1335430,0xa26c778c8c29e120ed58bbbd9a40284edbf0f7361851fbfd2593346120042038,0x564286362092d8e7936f0549571a803b203aaced,0x7d1afa7b718fb893db30a3abc0cfc608aacfebb0,0xa8907e00dd09a844e03143720b241e8b3bf62582,227909120000000000000000,Matic Token,MATIC,18,21,73928,40000000000,36964,960032,deprecated,0xa9059cbb,"transfer(address _to, uint256 _value)",17417123
7644435,1556301064,0xdfbd72d4082463e340f74e2bd97351d43ed1320d38369ea201ae2fbb1632613b,1335431,0xa26c778c8c29e120ed58bbbd9a40284edbf0f7361851fbfd2593346120042038,0x564286362092d8e7936f0549571a803b203aaced,0x7d1afa7b718fb893db30a3abc0cfc608aacfebb0,0xba4ba169cec798746fe717629444cb66fdc05234,113904560000000000000000,Matic Token,MATIC,18,22,104184,40000000000,52092,1012124,deprecated,0xa9059cbb,"transfer(address _to, uint256 _value)",17417123
7644456,1556301321,0xc2b36eb4ca012c87ec9138d47ffb67411a3ad82a0e513500c3d89a135dfaa9dc,1335442,0x7b21d320addb27ee6726552dbd49f5e25e554460e18a171a630f59d9be862143,0x564286362092d8e7936f0549571a803b203aaced,0x7d1afa7b718fb893db30a3abc0cfc608aacfebb0,0xa8907e00dd09a844e03143720b241e8b3bf62582,341913680000000000000000,Matic Token,MATIC,18,6,74056,40000000000,37028,199505,deprecated,0xa9059cbb,"transfer(address _to, uint256 _value)",17417102
7644477,1556301505,0x39f58dc5cc17d1170c71fe968e0ac915a3f1a5576943c7373a1bc53dba4e4c0e,1425679,0x8e85b939ebee7c0ae993306fb30fe68fbe89504775974c551f04b5c9d491557a,0xd551234ae421e3bcba99a0da6d736074f22192ff,0x7d1afa7b718fb893db30a3abc0cfc608aacfebb0,0xa8907e00dd09a844e03143720b241e8b3bf62582,227909120000000000000000,Matic Token,MATIC,18,4,73928,40000000000,36964,140160,deprecated,0xa9059cbb,"transfer(address _to, uint256 _value)",17417081
7644477,1556301505,0xbfc41c16272342054d15bde981caeeba5724f86daa4b996993e8f085db363ff6,1400159,0x8e85b939ebee7c0ae993306fb30fe68fbe89504775974c551f04b5c9d491557a,0x0681d8db095565fe8a346fa0277bffde9c0edbbf,0x7d1afa7b718fb893db30a3abc0cfc608aacfebb0,0x04210b80718478c8ac60f5d59af86643c790c8e6,85403560000000000000000,Matic Token,MATIC,18,6,104184,40000000000,52092,244711,deprecated,0xa9059cbb,"transfer(address _to, uint256 _value)",17417081
7644477,1556301505,0x5c56f824a2f3b8fb4a74de65ba03f7866c6c66ad49d236cfb7ff34f3886f5552,1400160,0x8e85b939ebee7c0ae993306fb30fe68fbe89504775974c551f04b5c9d491557a,0x0681d8db095565fe8a346fa0277bffde9c0edbbf,0x7d1afa7b718fb893db30a3abc0cfc608aacfebb0,0x04210b80718478c8ac60f5d59af86643c790c8e6,113904560000000000000000,Matic Token,MATIC,18,7,104184,40000000000,37092,281803,deprecated,0xa9059cbb,"transfer(address _to, uint256 _value)",17417081
7644483,1556301604,0x45756aa2586783d4e1194f33552badf96fa3bfe74f985a50fbb851a3e207b82b,9,0x33dbb5810f2714a8467afb8dad0a583c203899c049a2814f513e2e7e88342bdf,0xa8907e00dd09a844e03143720b241e8b3bf62582,0x7d1afa7b718fb893db30a3abc0cfc608aacfebb0,0x3f5ce5fbfe3e9af3971dd833d26ba9b5c936f0be,2507300320000000000000000,Matic Token,MATIC,18,6,74312,20000000000,22156,181764,deprecated,0xa9059cbb,"transfer(address _to, uint256 _value)",17417075
7644483,1556301604,0xea29cc4f03108a93f0b70f1a9941c3e2f7c8c14176059c81067994064632778d,9,0x33dbb5810f2714a8467afb8dad0a583c203899c049a2814f513e2e7e88342bdf,0x4d011dccbe7ecdd7655ea13a02c0cba9491f279a,0x7d1afa7b718fb893db30a3abc0cfc608aacfebb0,0x3f5ce5fbfe3e9af3971dd833d26ba9b5c936f0be,227809120000000000000000,Matic Token,MATIC,18,9,74184,20000000000,22092,248056,deprecated,0xa9059cbb,"transfer(address _to, uint256 _value)",17417075
7644483,1556301604,0x1100f54e0462fe3c035dffd0ed22f5cfca46e2bbae00f89c045962bc28625159,12,0x33dbb5810f2714a8467afb8dad0a583c203899c049a2814f513e2e7e88342bdf,0xbee8845cd016350af73e4cc1ae6d24b832218037,0x7d1afa7b718fb893db30a3abc0cfc608aacfebb0,0x3f5ce5fbfe3e9af3971dd833d26ba9b5c936f0be,113904560000000000000000,Matic Token,MATIC,18,51,74184,20000000000,22092,2635998,deprecated,0xa9059cbb,"transfer(address _to, uint256 _value)",17417075
7644483,1556301604,0x05caee4edf01a957eeee8084367d1563204da017610ef3035e536a91bd6c062d,56,0x33dbb5810f2714a8467afb8dad0a583c203899c049a2814f513e2e7e88342bdf,0x948938228a89977ce57f39e5be467fa2feb618a6,0x7d1afa7b718fb893db30a3abc0cfc608aacfebb0,0x3f5ce5fbfe3e9af3971dd833d26ba9b5c936f0be,113904560000000000000000,Matic Token,MATIC,18,52,74184,20000000000,22092,2658090,deprecated,0xa9059cbb,"transfer(address _to, uint256 _value)",17417075
7644483,1556301604,0xc212f0a2d281f873ae04a2f92516ff3ba4e9b403ca928e83df310ab63768f3ad,100,0x33dbb5810f2714a8467afb8dad0a583c203899c049a2814f513e2e7e88342bdf,0xba4ba169cec798746fe717629444cb66fdc05234,0x7d1afa7b718fb893db30a3abc0cfc608aacfebb0,0x3f5ce5fbfe3e9af3971dd833d26ba9b5c936f0be,113904560000000000000000,Matic Token,MATIC,18,55,74184,20000000000,22092,2754118,deprecated,0xa9059cbb,"transfer(address _to, uint256 _value)",17417075
7644483,1556301604,0xba4c5e16317ec89a1c2b7cf962d6626352a4aec2d8286449dbf5b545090a3f18,3,0x33dbb5810f2714a8467afb8dad0a583c203899c049a2814f513e2e7e88342bdf,0x558e6e2bc08d81ccb4a1cf8ce3f6c76ddcf6d622,0x7d1afa7b718fb893db30a3abc0cfc608aacfebb0,0x3f5ce5fbfe3e9af3971dd833d26ba9b5c936f0be,28401000000000000000000,Matic Token,MATIC,18,57,74184,20000000000,22092,2798852,deprecated,0xa9059cbb,"transfer(address _to, uint256 _value)",17417075
7644483,1556301604,0x052f8f07fdb8c0c5b55b28baf71c467964cd6911625d32d185bc839e22ff25f1,7,0x33dbb5810f2714a8467afb8dad0a583c203899c049a2814f513e2e7e88342bdf,0x8688d8b70d7fca1e896b21aabfa5e61af7c2ba96,0x7d1afa7b718fb893db30a3abc0cfc608aacfebb0,0x3f5ce5fbfe3e9af3971dd833d26ba9b5c936f0be,2559000000000000000000,Matic Token,MATIC,18,61,74056,20000000000,22028,2909207,deprecated,0xa9059cbb,"transfer(address _to, uint256 _value)",17417075
7644486,1556301652,0xeb2d25cadbd0914786228a94321e823996c211ae24c78cce3e9c6af6983ebaaa,1425684,0x7a5a4b55644d4c43245177abbcd705dcaa5b3eecf546e85a6f1d6bbc9bb251ef,0xd551234ae421e3bcba99a0da6d736074f22192ff,0x7d1afa7b718fb893db30a3abc0cfc608aacfebb0,0xa8907e00dd09a844e03143720b241e8b3bf62582,341913680000000000000000,Matic Token,MATIC,18,3,104056,40000000000,52028,163014,deprecated,0xa9059cbb,"transfer(address _to, uint256 _value)",17417072
7644491,1556301771,0x0ae025a775ca9bf0a20f8cdb3b586476663844d973c30daddd6b945ab4a4432f,1400170,0x1d494d68d75d5f88ad8a282136be295dbe269c5bf225cf39c42b10cf1625e552,0x0681d8db095565fe8a346fa0277bffde9c0edbbf,0x7d1afa7b718fb893db30a3abc0cfc608aacfebb0,0x30700f5580f9e7011831014e58950f9f0e99875c,113904560000000000000000,Matic Token,MATIC,18,125,104184,40000000000,52092,7022643,deprecated,0xa9059cbb,"transfer(address _to, uint256 _value)",17417067
7644491,1556301771,0xe3b6e0fc31152fd6312c87e50a7ec91c0f6555ec6ecf09bc7879fd5f320f40f6,3104827,0x1d494d68d75d5f88ad8a282136be295dbe269c5bf225cf39c42b10cf1625e552,0x3f5ce5fbfe3e9af3971dd833d26ba9b5c936f0be,0x7d1afa7b718fb893db30a3abc0cfc608aacfebb0,0xbbe74c2a79a85c1dcace1a301af744dc2bc8458a,227909120000000000000000,Matic Token,MATIC,18,126,74056,40000000000,37028,7059671,deprecated,0xa9059cbb,"transfer(address _to, uint256 _value)",17417067
7644491,1556301771,0x5b895d73e845ef446c975b3a6e914626530b85fad7348a6b83bde9d86d4c960d,1425690,0x1d494d68d75d5f88ad8a282136be295dbe269c5bf225cf39c42b10cf1625e552,0xd551234ae421e3bcba99a0da6d736074f22192ff,0x7d1afa7b718fb893db30a3abc0cfc608aacfebb0,0xce47a54e0f793b926a62a9637909bda8bebd97aa,113904560000000000000000,Matic Token,MATIC,18,127,74184,40000000000,37092,7096763,deprecated,0xa9059cbb,"transfer(address _to, uint256 _value)",17417067
7644502,1556301933,0x435e734d88908d51480003081ca85c751e4c7b35eb242755256b4a9924161126,1400171,0x3cab11f89db7f88a34acfe88f5fd827d67fb9ed1f57c16b1ce3eda4c412c495e,0x0681d8db095565fe8a346fa0277bffde9c0edbbf,0x7d1afa7b718fb893db30a3abc0cfc608aacfebb0,0xa8907e00dd09a844e03143720b241e8b3bf62582,341913680000000000000000,Matic Token,MATIC,18,20,74056,40000000000,37028,919977,deprecated,0xa9059cbb,"transfer(address _to, uint256 _value)",17417056
7644510,1556302037,0x3ee42464e574fab558e31406113dcc3c9e2d3fa64b7ff272e08afab513140f2d,3104832,0xecb3a53e012a1ee9ff2e9b138ce2c564792841ae7234743fd64dae7b5b6a371e,0x3f5ce5fbfe3e9af3971dd833d26ba9b5c936f0be,0x7d1afa7b718fb893db30a3abc0cfc608aacfebb0,0x0ec04886600462e16ad1c5594ea1176c1f1154f6,113904560000000000000000,Matic Token,MATIC,18,12,104184,40000000000,52092,501584,deprecated,0xa9059cbb,"transfer(address _to, uint256 _value)",17417048
7644510,1556302037,0x4ac2f447be452afed6ed87839f7e34c67bba6dc8e76694dba804376f07ce8d7b,1400174,0xecb3a53e012a1ee9ff2e9b138ce2c564792841ae7234743fd64dae7b5b6a371e,0x0681d8db095565fe8a346fa0277bffde9c0edbbf,0x7d1afa7b718fb893db30a3abc0cfc608aacfebb0,0xaac5940b75aaf9c3d056f4535df6669778ed8521,113904560000000000000000,Matic Token,MATIC,18,13,104184,40000000000,52092,553676,deprecated,0xa9059cbb,"transfer(address _to, uint256 _value)",17417048
7644517,1556302141,0x37f73264288a8731667758f52212f2fd70f2f0acc379fbb6096c4340def8a698,3104836,0x883417e968dbee7f8a4206905a5eb59a5f74074abc137d55d301f736c261be1c,0x3f5ce5fbfe3e9af3971dd833d26ba9b5c936f0be,0x7d1afa7b718fb893db30a3abc0cfc608aacfebb0,0xa8907e00dd09a844e03143720b241e8b3bf62582,227909120000000000000000,Matic Token,MATIC,18,18,73928,40000000000,36964,664456,deprecated,0xa9059cbb,"transfer(address _to, uint256 _value)",17417041
7644528,1556302308,0x34357e1812f1e2a34efd5bdbac8fdf60b15387f9db2e82810f9e9e10308ae7e3,1425701,0x2eb3aab7efb250e52866f89e57140ba55b9868a93df496b48dd811d4ae7dfd17,0xd551234ae421e3bcba99a0da6d736074f22192ff,0x7d1afa7b718fb893db30a3abc0cfc608aacfebb0,0xa8907e00dd09a844e03143720b241e8b3bf62582,569922800000000000000000,Matic Token,MATIC,18,4,74056,40000000000,37028,166156,deprecated,0xa9059cbb,"transfer(address _to, uint256 _value)",17417030
7644534,1556302443,0x3274c5482accaeb039dfdfc5abdbf7536ac81046f44212a8bf14abe4730cdc50,3104846,0x2b89b39e5b0e0bf21e232c44a999174648f1cdcd17880886616519bfbe4a34c1,0x3f5ce5fbfe3e9af3971dd833d26ba9b5c936f0be,0x7d1afa7b718fb893db30a3abc0cfc608aacfebb0,0xbfea3fa4c83c131e141e96f775241a7c35db1d2e,227909120000000000000000,Matic Token,MATIC,18,7,104056,40000000000,52028,259819,deprecated,0xa9059cbb,"transfer(address _to, uint256 _value)",17417024
7644546,1556302575,0xc336af5f46d2648030b6b260a75adf2f05ad988174004a09e49cf33657ead530,3104852,0x78b5f7677e53b064c2f2a23a97554b6a75230fcbac20d4e3918592ce26079268,0x3f5ce5fbfe3e9af3971dd833d26ba9b5c936f0be,0x7d1afa7b718fb893db30a3abc0cfc608aacfebb0,0xa8907e00dd09a844e03143720b241e8b3bf62582,341913680000000000000000,Matic Token,MATIC,18,9,74056,40000000000,37028,604873,deprecated,0xa9059cbb,"transfer(address _to, uint256 _value)",17417012
7644546,1556302575,0x98c99b9a717efc7c3066a8ad30001385482ccc66d1817c7aaae4c849e28a0424,1335472,0x78b5f7677e53b064c2f2a23a97554b6a75230fcbac20d4e3918592ce26079268,0x564286362092d8e7936f0549571a803b203aaced,0x7d1afa7b718fb893db30a3abc0cfc608aacfebb0,0xb7dc1ad30ccb9a65f89a0415cb2388f50f661af0,100000000000000000000,Matic Token,MATIC,18,10,104056,40000000000,52028,656901,deprecated,0xa9059cbb,"transfer(address _to, uint256 _value)",17417012
7644554,1556302699,0x6d817d4261556c541e9560150925d9e5e7f4e32df24927403219fe0c44baba0d,1335476,0xe4857e9475f7fc4eafd73fa7f48f30cbf89b9649812af6dd4f6f1504da0a96f9,0x564286362092d8e7936f0549571a803b203aaced,0x7d1afa7b718fb893db30a3abc0cfc608aacfebb0,0xbee8845cd016350af73e4cc1ae6d24b832218037,227909120000000000000000,Matic Token,MATIC,18,9,104056,40000000000,52028,420458,deprecated,0xa9059cbb,"transfer(address _to, uint256 _value)",17417004
7644563,1556302871,0x9aaa6af8d967572dda265aaee087089887f2b37abbdf690b1fd36d5edd8f23b5,1425711,0xa1eaef57598ba21c977f108845afb9c28027ab37e46d52a00625cc2ea2a066e4,0xd551234ae421e3bcba99a0da6d736074f22192ff,0x7d1afa7b718fb893db30a3abc0cfc608aacfebb0,0x30700f5580f9e7011831014e58950f9f0e99875c,227909120000000000000000,Matic Token,MATIC,18,10,74056,40000000000,37028,294534,deprecated,0xa9059cbb,"transfer(address _to, uint256 _value)",17416995
7644563,1556302871,0xef7aab87142d115a3fa16766e5999c2439d29e8e15f7b5857672473122511d82,1425712,0xa1eaef57598ba21c977f108845afb9c28027ab37e46d52a00625cc2ea2a066e4,0xd551234ae421e3bcba99a0da6d736074f22192ff,0x7d1afa7b718fb893db30a3abc0cfc608aacfebb0,0xa8907e00dd09a844e03143720b241e8b3bf62582,341913680000000000000000,Matic Token,MATIC,18,11,74056,40000000000,37028,331562,deprecated,0xa9059cbb,"transfer(address _to, uint256 _value)",17416995
7644571,1556302967,0xd25a86e0c81a770dfb00348d476e2f048df91bac131469c343a315dce25a4e15,3104863,0x3dfb86c20c9796e42d22a7957fd5cda0183159fb63e5b61a112f8ac313146233,0x3f5ce5fbfe3e9af3971dd833d26ba9b5c936f0be,0x7d1afa7b718fb893db30a3abc0cfc608aacfebb0,0xbbe74c2a79a85c1dcace1a301af744dc2bc8458a,227909120000000000000000,Matic Token,MATIC,18,10,74056,40000000000,37028,322912,deprecated,0xa9059cbb,"transfer(address _to, uint256 _value)",17416987
7644571,1556302967,0x54c71add2eab83151cc775dfb889856605b4034d0f2b55b46d72ded57d50a2a2,3104864,0x3dfb86c20c9796e42d22a7957fd5cda0183159fb63e5b61a112f8ac313146233,0x3f5ce5fbfe3e9af3971dd833d26ba9b5c936f0be,0x7d1afa7b718fb893db30a3abc0cfc608aacfebb0,0xbfea3fa4c83c131e141e96f775241a7c35db1d2e,8413477999990000000000,Matic Token,MATIC,18,11,74312,40000000000,37156,360068,deprecated,0xa9059cbb,"transfer(address _to, uint256 _value)",17416987
7644580,1556303092,0x867cdb165d6df3bb00f6c03d83af6a02b9aadd7bd19b6668c77321ee9533da7d,3104877,0x11acef7393b22e4db5f2cad5d2a93598bc234a4f0bb5bbd1c60859d25d83e22a,0x3f5ce5fbfe3e9af3971dd833d26ba9b5c936f0be,0x7d1afa7b718fb893db30a3abc0cfc608aacfebb0,0xbee8845cd016350af73e4cc1ae6d24b832218037,113904560000000000000000,Matic Token,MATIC,18,55,74184,40000000000,37092,3733190,deprecated,0xa9059cbb,"transfer(address _to, uint256 _value)",17416978
7644580,1556303092,0xfb101de110b38111d84a0a936aaec5bf1f12b05e375ce3964c2ee180c6205468,1400193,0x11acef7393b22e4db5f2cad5d2a93598bc234a4f0bb5bbd1c60859d25d83e22a,0x0681d8db095565fe8a346fa0277bffde9c0edbbf,0x7d1afa7b718fb893db30a3abc0cfc608aacfebb0,0xa8907e00dd09a844e03143720b241e8b3bf62582,569922800000000000000000,Matic Token,MATIC,18,56,74056,40000000000,37028,3770218,deprecated,0xa9059cbb,"transfer(address _to, uint256 _value)",17416978
7644587,1556303169,0x69f112ae48c3899b9d6b457b1ce2f3d78369c71f3d63ae7933b5fcf81e8a534f,1335492,0x471d3ceb3c72ece3077bc37d89fe6d83efdbb78e89e222efc0639b7e5e554295,0x564286362092d8e7936f0549571a803b203aaced,0x7d1afa7b718fb893db30a3abc0cfc608aacfebb0,0xaac5940b75aaf9c3d056f4535df6669778ed8521,113904560000000000000000,Matic Token,MATIC,18,6,74184,40000000000,37092,193944,deprecated,0xa9059cbb,"transfer(address _to, uint256 _value)",17416971
7644595,1556303299,0xf194f4cfb7e1eed332a9e187fe66df18d2a1df7148d8bae54e6bfcca4145020f,1425720,0xd6666d734eab839f0bd74e0d568228a6718c901b509147b5f19263af92fde9dc,0xd551234ae421e3bcba99a0da6d736074f22192ff,0x7d1afa7b718fb893db30a3abc0cfc608aacfebb0,0xbbe74c2a79a85c1dcace1a301af744dc2bc8458a,227909120000000000000000,Matic Token,MATIC,18,13,74056,40000000000,37028,515317,deprecated,0xa9059cbb,"transfer(address _to, uint256 _value)",17416963
7644595,1556303299,0x73c8e000a2e2fc13dd8d6d9d3e9b4b7df987eaf0a19e94f2a1dee0ce257bb2ba,1400199,0xd6666d734eab839f0bd74e0d568228a6718c901b509147b5f19263af92fde9dc,0x0681d8db095565fe8a346fa0277bffde9c0edbbf,0x7d1afa7b718fb893db30a3abc0cfc608aacfebb0,0xb7dc1ad30ccb9a65f89a0415cb2388f50f661af0,121709120000000000000000,Matic Token,MATIC,18,16,74184,40000000000,37092,656597,deprecated,0xa9059cbb,"transfer(address _to, uint256 _value)",17416963
7644595,1556303299,0x58255c602a3237cf0d6eb5d0f0939200f9dade94f114366d75854902869d01f7,1400200,0xd6666d734eab839f0bd74e0d568228a6718c901b509147b5f19263af92fde9dc,0x0681d8db095565fe8a346fa0277bffde9c0edbbf,0x7d1afa7b718fb893db30a3abc0cfc608aacfebb0,0xbfea3fa4c83c131e141e96f775241a7c35db1d2e,237442577000000000000000,Matic Token,MATIC,18,17,74312,40000000000,37156,693753,deprecated,0xa9059cbb,"transfer(address _to, uint256 _value)",17416963
7644603,1556303365,0x40385c7257d9a4650ee5826bc82aa8a620885ffc46be2d68cbb591b9fe228821,8,0x9fae54b29d6e8c6da307f1f5b14ade146913dd703b93313dce740d036ab5a398,0x0ec04886600462e16ad1c5594ea1176c1f1154f6,0x7d1afa7b718fb893db30a3abc0cfc608aacfebb0,0x3f5ce5fbfe3e9af3971dd833d26ba9b5c936f0be,113904560000000000000000,Matic Token,MATIC,18,51,74184,20000000000,22092,1194134,deprecated,0xa9059cbb,"transfer(address _to, uint256 _value)",17416955
7644603,1556303365,0x1c49ccfc5695546eed55f1a1e14ec6b63c00774a5d50176fea6dcda2b501afba,15,0x9fae54b29d6e8c6da307f1f5b14ade146913dd703b93313dce740d036ab5a398,0x04210b80718478c8ac60f5d59af86643c790c8e6,0x7d1afa7b718fb893db30a3abc0cfc608aacfebb0,0x3f5ce5fbfe3e9af3971dd833d26ba9b5c936f0be,199308120000000000000000,Matic Token,MATIC,18,53,74184,20000000000,22092,1238868,deprecated,0xa9059cbb,"transfer(address _to, uint256 _value)",17416955
7644603,1556303365,0xf4960b4c4302031df34960898bade4fdc3572c69923d03188c29251dea4ea0ed,84,0x9fae54b29d6e8c6da307f1f5b14ade146913dd703b93313dce740d036ab5a398,0xbbe74c2a79a85c1dcace1a301af744dc2bc8458a,0x7d1afa7b718fb893db30a3abc0cfc608aacfebb0,0x3f5ce5fbfe3e9af3971dd833d26ba9b5c936f0be,911636480000000000000000,Matic Token,MATIC,18,54,74056,20000000000,22028,1260896,deprecated,0xa9059cbb,"transfer(address _to, uint256 _value)",17416955
7644603,1556303365,0xa82815faca8ef172fb566cd3a8640ea9e4e2c124978b1431220ce0c80aa8746b,10,0x9fae54b29d6e8c6da307f1f5b14ade146913dd703b93313dce740d036ab5a398,0xa8907e00dd09a844e03143720b241e8b3bf62582,0x7d1afa7b718fb893db30a3abc0cfc608aacfebb0,0x3f5ce5fbfe3e9af3971dd833d26ba9b5c936f0be,2735409440000000000000000,Matic Token,MATIC,18,56,74312,20000000000,22156,1306038,deprecated,0xa9059cbb,"transfer(address _to, uint256 _value)",17416955
7644603,1556303365,0xceef8d2b32bb4332c86c6f25b9d61d5e34a88c584b979b848b8679e587920eb8,12,0x9fae54b29d6e8c6da307f1f5b14ade146913dd703b93313dce740d036ab5a398,0xaac5940b75aaf9c3d056f4535df6669778ed8521,0x7d1afa7b718fb893db30a3abc0cfc608aacfebb0,0x3f5ce5fbfe3e9af3971dd833d26ba9b5c936f0be,227809120000000000000000,Matic Token,MATIC,18,57,74184,20000000000,22092,1328130,deprecated,0xa9059cbb,"transfer(address _to, uint256 _value)",17416955
7644603,1556303365,0xcbbfe89d1d42b7e0909787e468fcea8df1b559ed287cefc53e95bc40c7364cbb,13,0x9fae54b29d6e8c6da307f1f5b14ade146913dd703b93313dce740d036ab5a398,0xbee8845cd016350af73e4cc1ae6d24b832218037,0x7d1afa7b718fb893db30a3abc0cfc608aacfebb0,0x3f5ce5fbfe3e9af3971dd833d26ba9b5c936f0be,341813680000000000000000,Matic Token,MATIC,18,61,74184,20000000000,22092,1447454,deprecated,0xa9059cbb,"transfer(address _to, uint256 _value)",17416955
7644603,1556303365,0xf0f18a64b6ac1160576b8843ad5102d4a19fcf4014c1c4bfca4c1ab1d936ed05,33,0x9fae54b29d6e8c6da307f1f5b14ade146913dd703b93313dce740d036ab5a398,0xce47a54e0f793b926a62a9637909bda8bebd97aa,0x7d1afa7b718fb893db30a3abc0cfc608aacfebb0,0x3f5ce5fbfe3e9af3971dd833d26ba9b5c936f0be,227809120000000000000000,Matic Token,MATIC,18,62,74184,20000000000,22092,1469546,deprecated,0xa9059cbb,"transfer(address _to, uint256 _value)",17416955
7644603,1556303365,0xeacec48ec8859cd9a41258ec7feb0b39192427add3b8149b4763486a0f084acf,27,0x9fae54b29d6e8c6da307f1f5b14ade146913dd703b93313dce740d036ab5a398,0x30700f5580f9e7011831014e58950f9f0e99875c,0x7d1afa7b718fb893db30a3abc0cfc608aacfebb0,0x3f5ce5fbfe3e9af3971dd833d26ba9b5c936f0be,341813680000000000000000,Matic Token,MATIC,18,63,74184,20000000000,22092,1491638,deprecated,0xa9059cbb,"transfer(address _to, uint256 _value)",17416955
7644649,1556303878,0x50ca0a339286cbd8dc4e805621d979d41768292156d6d33fcfdb3cf73a1c2f27,1400214,0x28f1ecb8661c23f37acd26b4f728a3ff3bc071c356cadad81dc1652cf7ca3766,0x0681d8db095565fe8a346fa0277bffde9c0edbbf,0x7d1afa7b718fb893db30a3abc0cfc608aacfebb0,0xa8907e00dd09a844e03143720b241e8b3bf62582,227909120000000000000000,Matic Token,MATIC,18,0,103928,40000000000,51964,51964,deprecated,0xa9059cbb,"transfer(address _to, uint256 _value)",17416909
7644662,1556304062,0xcca589ed6670cb775634826b6dbf381551baaf5c6bbb7147affa823962bfdcc3,1400221,0x58d816befc75c80ab99d308ecd137fc558f19cccb0124c89e1e10ef96c92351f,0x0681d8db095565fe8a346fa0277bffde9c0edbbf,0x7d1afa7b718fb893db30a3abc0cfc608aacfebb0,0xbbe74c2a79a85c1dcace1a301af744dc2bc8458a,113904560000000000000000,Matic Token,MATIC,18,11,104184,40000000000,52092,394955,deprecated,0xa9059cbb,"transfer(address _to, uint256 _value)",17416896
7644663,1556304065,0x96a47d8713219c4e56514c0af07d4686760e5692ce0aa25ff0066ce5a992a383,3104894,0x9b69d9e5d47b93cf2d617ae80d647ae00111748cc45bee7379f1524dec8ac26f,0x3f5ce5fbfe3e9af3971dd833d26ba9b5c936f0be,0x7d1afa7b718fb893db30a3abc0cfc608aacfebb0,0xa8907e00dd09a844e03143720b241e8b3bf62582,341913680000000000000000,Matic Token,MATIC,18,1,74056,40000000000,37028,58028,deprecated,0xa9059cbb,"transfer(address _to, uint256 _value)",17416895
7644663,1556304065,0xdffd6ee5f3326d9fe97c8904899869b7bf847d1f7aa80130ea35e2474b649f11,3104895,0x9b69d9e5d47b93cf2d617ae80d647ae00111748cc45bee7379f1524dec8ac26f,0x3f5ce5fbfe3e9af3971dd833d26ba9b5c936f0be,0x7d1afa7b718fb893db30a3abc0cfc608aacfebb0,0x0b8d10c691532238117268eab8abe51eeb4d1b1c,44215000000000000000000,Matic Token,MATIC,18,2,104184,40000000000,52092,110120,deprecated,0xa9059cbb,"transfer(address _to, uint256 _value)",17416895
7644672,1556304146,0xcae24ed18236a3ec5f1bd71505341516af0051078e4854db8be0d84924dc23b6,1400228,0xbf0fc695ca3c0e22665f83d9bf3a522db3f2df2169c89a66371ece0f212a8089,0x0681d8db095565fe8a346fa0277bffde9c0edbbf,0x7d1afa7b718fb893db30a3abc0cfc608aacfebb0,0x160259b371540f1d2295044d86dee8b1e16dac61,11290000000000000000000,Matic Token,MATIC,18,6,104184,40000000000,52092,356389,deprecated,0xa9059cbb,"transfer(address _to, uint256 _value)",17416886
7644672,1556304146,0x79e19eb48beb483f1853ffdadbe668eaee7fe971d7cc64cfed440b4644bd883b,3104903,0xbf0fc695ca3c0e22665f83d9bf3a522db3f2df2169c89a66371ece0f212a8089,0x3f5ce5fbfe3e9af3971dd833d26ba9b5c936f0be,0x7d1afa7b718fb893db30a3abc0cfc608aacfebb0,0xbfea3fa4c83c131e141e96f775241a7c35db1d2e,236841179000000000000000,Matic Token,MATIC,18,8,74312,40000000000,37156,446154,deprecated,0xa9059cbb,"transfer(address _to, uint256 _value)",17416886
7644680,1556304208,0xc2eb146052aad879901a4332d670efe47a5f1e1f5d22bda34a8f79593cdd1970,1335512,0x28601ea5735bb14fac0aec3e4392c1d4412c172f46d2eb6b57a6cd6425679c3a,0x564286362092d8e7936f0549571a803b203aaced,0x7d1afa7b718fb893db30a3abc0cfc608aacfebb0,0xa8907e00dd09a844e03143720b241e8b3bf62582,569922800000000000000000,Matic Token,MATIC,18,3,74056,40000000000,37028,111973,deprecated,0xa9059cbb,"transfer(address _to, uint256 _value)",17416878
7644690,1556304335,0x1346b7f920ea7f0a9889f16ed0864d6808d30894cc68d825ef8881bc6ae84b3a,1425747,0x4a14c84cd5fdd49eebf83bfbcbe8d928f04f32fa8d380f5250b202aabe0233b4,0xd551234ae421e3bcba99a0da6d736074f22192ff,0x7d1afa7b718fb893db30a3abc0cfc608aacfebb0,0xa8907e00dd09a844e03143720b241e8b3bf62582,455918240000000000000000,Matic Token,MATIC,18,15,74056,40000000000,37028,965954,deprecated,0xa9059cbb,"transfer(address _to, uint256 _value)",17416868
7644690,1556304335,0x8ab65d773da4b903a9a164d58c5000fa873c89e04fab0f5c6904017b1616f9d0,1335517,0x4a14c84cd5fdd49eebf83bfbcbe8d928f04f32fa8d380f5250b202aabe0233b4,0x564286362092d8e7936f0549571a803b203aaced,0x7d1afa7b718fb893db30a3abc0cfc608aacfebb0,0xbe60163cc7682471cdbda3f0f0062badb71fab26,113904560000000000000000,Matic Token,MATIC,18,16,104184,40000000000,52092,1018046,deprecated,0xa9059cbb,"transfer(address _to, uint256 _value)",17416868
7644694,1556304397,0xcbf394218e082088d3aa07dfc1716ff6e3a1833aeebf70b1dceb52503b7ba1f0,364,0x696d713e46a9e30d2a6afe4c10080decbf2172f23fd09ba1d47c0309d3feb788,0xbfea3fa4c83c131e141e96f775241a7c35db1d2e,0x7d1afa7b718fb893db30a3abc0cfc608aacfebb0,0x1fc2099bdd4c6b441accc40b1170d4a320b2365d,710606353999990000000000,Matic Token,MATIC,18,9,54870,10000000000,37156,583841,deprecated,0xa9059cbb,"transfer(address _to, uint256 _value)",17416864
7644700,1556304475,0xd0f4bb484b0f15ab6ca85b0d34973c39e15a45da5e4d66cd4e5b67ff46a724eb,1425748,0x5d7acb064a3c304952fbd72a7de412264aeed340768f0000334d7a363b8de793,0xd551234ae421e3bcba99a0da6d736074f22192ff,0x7d1afa7b718fb893db30a3abc0cfc608aacfebb0,0xaac5940b75aaf9c3d056f4535df6669778ed8521,113904560000000000000000,Matic Token,MATIC,18,1,104184,40000000000,52092,73092,deprecated,0xa9059cbb,"transfer(address _to, uint256 _value)",17416858
7644710,1556304608,0xdd26d6396180871d37d372d02f00b768cd1c0d699ffeb5d6801c873f8ead097e,1400241,0x0481cc21cb1f0e22558e4c3d215f0e0f89bbd271ec88f2d343765d40b63527ce,0x0681d8db095565fe8a346fa0277bffde9c0edbbf,0x7d1afa7b718fb893db30a3abc0cfc608aacfebb0,0x73c97bbdd61913f6d130488293a3cd840449a851,200000000000000000000,Matic Token,MATIC,18,1,104056,40000000000,52028,114841,deprecated,0xa9059cbb,"transfer(address _to, uint256 _value)",17416848
7644710,1556304608,0x5a7616d2194026c99144ec2edf577d7bdee514fdfb806d668084d63fe35c15e1,1425753,0x0481cc21cb1f0e22558e4c3d215f0e0f89bbd271ec88f2d343765d40b63527ce,0xd551234ae421e3bcba99a0da6d736074f22192ff,0x7d1afa7b718fb893db30a3abc0cfc608aacfebb0,0x149b9ec933440b0540589d7e36395e737bd43f51,227909120000000000000000,Matic Token,MATIC,18,3,104056,40000000000,52028,187869,deprecated,0xa9059cbb,"transfer(address _to, uint256 _value)",17416848
7644723,1556304849,0xf8ccbde79d5aa63160d88fb57f3ce6cc1561b3f0f919ae132d6199fedfa90df4,9,0x09f9e36776b6e38850586c30d900353d8986486e69f2b0152e2c731d1e387db0,0x73c97bbdd61913f6d130488293a3cd840449a851,0x7d1afa7b718fb893db30a3abc0cfc608aacfebb0,0x4616d0e891d337d7f96e1e77550062fe2efa414d,200000000000000000000,Matic Token,MATIC,18,75,51964,4000000000,36964,4030556,deprecated,0xa9059cbb,"transfer(address _to, uint256 _value)",17416835
7644742,1556305147,0x5b5c45572e62a25fc3ce6accb5e8f31cb38628e86dd5b7f02a40d35fe582d00e,3104934,0xefaab29b43558b2089c1867162b376e0e54886480974e29ab3644bd89e0d2024,0x3f5ce5fbfe3e9af3971dd833d26ba9b5c936f0be,0x7d1afa7b718fb893db30a3abc0cfc608aacfebb0,0xe69e7d52c133f1fe56fe80613cb158037c509254,191913680000000000000000,Matic Token,MATIC,18,2,104184,40000000000,52092,125500,deprecated,0xa9059cbb,"transfer(address _to, uint256 _value)",17416816
7644750,1556305195,0x4e942d18b6482d81a032216588906fdf4852fdbb414660ebff1c341d89163218,9,0xb23b832acad2d803fdf0f6396967490079628b896328a28cdabe4305a09bfc57,0x149b9ec933440b0540589d7e36395e737bd43f51,0x7d1afa7b718fb893db30a3abc0cfc608aacfebb0,0x3f5ce5fbfe3e9af3971dd833d26ba9b5c936f0be,227909120000000000000000,Matic Token,MATIC,18,18,74056,20000000000,22028,421865,deprecated,0xa9059cbb,"transfer(address _to, uint256 _value)",17416808
7644750,1556305195,0x5cf3b1758258170cb1d62340f1918893a81d1d22618a22e3f6cb7248fa035909,13,0xb23b832acad2d803fdf0f6396967490079628b896328a28cdabe4305a09bfc57,0xaac5940b75aaf9c3d056f4535df6669778ed8521,0x7d1afa7b718fb893db30a3abc0cfc608aacfebb0,0x3f5ce5fbfe3e9af3971dd833d26ba9b5c936f0be,113904560000000000000000,Matic Token,MATIC,18,20,74184,20000000000,22092,474284,deprecated,0xa9059cbb,"transfer(address _to, uint256 _value)",17416808
7644750,1556305195,0x323b0a501f2f73b9ed4521fa9f379700e59131cbaeed26b089fe7b5086783d29,85,0xb23b832acad2d803fdf0f6396967490079628b896328a28cdabe4305a09bfc57,0xbbe74c2a79a85c1dcace1a301af744dc2bc8458a,0x7d1afa7b718fb893db30a3abc0cfc608aacfebb0,0x3f5ce5fbfe3e9af3971dd833d26ba9b5c936f0be,113904560000000000000000,Matic Token,MATIC,18,22,74184,20000000000,22092,517376,deprecated,0xa9059cbb,"transfer(address _to, uint256 _value)",17416808
7644750,1556305195,0xe616d6a9748664b5daaac058446734de486f49888590877b78f21e9372b9ed19,2,0xb23b832acad2d803fdf0f6396967490079628b896328a28cdabe4305a09bfc57,0x0b8d10c691532238117268eab8abe51eeb4d1b1c,0x7d1afa7b718fb893db30a3abc0cfc608aacfebb0,0x3f5ce5fbfe3e9af3971dd833d26ba9b5c936f0be,44215000000000000000000,Matic Token,MATIC,18,24,74184,20000000000,22092,562110,deprecated,0xa9059cbb,"transfer(address _to, uint256 _value)",17416808
7644750,1556305195,0x3423662921e5f2e8913af54d2978f9d0dc32c9f9585e5d927b3d8e9ec5f1c578,5,0xb23b832acad2d803fdf0f6396967490079628b896328a28cdabe4305a09bfc57,0x4616d0e891d337d7f96e1e77550062fe2efa414d,0x7d1afa7b718fb893db30a3abc0cfc608aacfebb0,0x3f5ce5fbfe3e9af3971dd833d26ba9b5c936f0be,200000000000000000000,Matic Token,MATIC,18,30,74056,20000000000,22028,789792,deprecated,0xa9059cbb,"transfer(address _to, uint256 _value)",17416808
7644750,1556305195,0xc43754cdaede0667a2500e802df8ed4f3fcd869de3029b6c3d9413da8e7d78db,10,0xb23b832acad2d803fdf0f6396967490079628b896328a28cdabe4305a09bfc57,0xbe60163cc7682471cdbda3f0f0062badb71fab26,0x7d1afa7b718fb893db30a3abc0cfc608aacfebb0,0x3f5ce5fbfe3e9af3971dd833d26ba9b5c936f0be,113904560000000000000000,Matic Token,MATIC,18,31,74184,20000000000,22092,811884,deprecated,0xa9059cbb,"transfer(address _to, uint256 _value)",17416808
7644750,1556305195,0x395a6e82ba796b1f8d4981fcccc91086bc1ed2c797422aac19170b6dc26b5f7c,1,0xb23b832acad2d803fdf0f6396967490079628b896328a28cdabe4305a09bfc57,0x160259b371540f1d2295044d86dee8b1e16dac61,0x7d1afa7b718fb893db30a3abc0cfc608aacfebb0,0x3f5ce5fbfe3e9af3971dd833d26ba9b5c936f0be,11290000000000000000000,Matic Token,MATIC,18,32,74184,20000000000,22092,833976,deprecated,0xa9059cbb,"transfer(address _to, uint256 _value)",17416808
7644750,1556305195,0xe7657f2ccc5376a95967fe6e0646693aaf50948e874501ca296235811538fedb,11,0xb23b832acad2d803fdf0f6396967490079628b896328a28cdabe4305a09bfc57,0xa8907e00dd09a844e03143720b241e8b3bf62582,0x7d1afa7b718fb893db30a3abc0cfc608aacfebb0,0x3f5ce5fbfe3e9af3971dd833d26ba9b5c936f0be,1595663840000000000000000,Matic Token,MATIC,18,35,74312,20000000000,22156,898132,deprecated,0xa9059cbb,"transfer(address _to, uint256 _value)",17416808
7644754,1556305266,0xb75da87ba05fc993d97e5017c69687ee75a246fbd5a40e0ea7ec062a95db9c0c,1425769,0xbd58a6e709cf341af00408d8577b439f50a6e6943ef7907ff08a15f3474244ef,0xd551234ae421e3bcba99a0da6d736074f22192ff,0x7d1afa7b718fb893db30a3abc0cfc608aacfebb0,0x73c97bbdd61913f6d130488293a3cd840449a851,113604560000000000000000,Matic Token,MATIC,18,5,104184,40000000000,52092,203744,deprecated,0xa9059cbb,"transfer(address _to, uint256 _value)",17416804
7644754,1556305266,0x04328056d458fde3ca8251b75672b9469f6e98f25595e5ec4d4e7c5f62446ade,3104936,0xbd58a6e709cf341af00408d8577b439f50a6e6943ef7907ff08a15f3474244ef,0x3f5ce5fbfe3e9af3971dd833d26ba9b5c936f0be,0x7d1afa7b718fb893db30a3abc0cfc608aacfebb0,0xbb0521ada5f137cb39c72efc112ff60c26ca443f,1999000000000000000000,Matic Token,MATIC,18,7,104056,40000000000,52028,329673,deprecated,0xa9059cbb,"transfer(address _to, uint256 _value)",17416804
7644788,1556305641,0xfdd42a3399fdb17847347535f9da4e63cde9f4f134f13628917e3d4c80b4f8e8,1425779,0x9df16c87b9caaaf9c7047a299acbb1ca3214b56c9f11f957a6cf95a1e94ce497,0xd551234ae421e3bcba99a0da6d736074f22192ff,0x7d1afa7b718fb893db30a3abc0cfc608aacfebb0,0x21591b0cdb81f898bdee7913edd4cef9531821dd,119863276700000000000000,Matic Token,MATIC,18,22,104312,40000000000,52156,6526969,deprecated,0xa9059cbb,"transfer(address _to, uint256 _value)",17416770
7644811,1556305977,0x2567452bdbce302ad8b3c3098e26cd56c2b081451029b84659c04c216d17c440,3104950,0x3b0e122b0266759d83f648bbcc11548a0732cbe7da0e4e881dfb444ecd1e7457,0x3f5ce5fbfe3e9af3971dd833d26ba9b5c936f0be,0x7d1afa7b718fb893db30a3abc0cfc608aacfebb0,0x10a34949e305e0f722b58524a3f6f86092f51a7b,43904560000000000000000,Matic Token,MATIC,18,4,104184,40000000000,52092,252064,deprecated,0xa9059cbb,"transfer(address _to, uint256 _value)",17416747
7644821,1556306118,0x94924a8ae556aa2c9f27f1aa60d521e7cd712efb982705ac3d8ad1342a66d237,1335551,0xeec1d748c38976fcdaf6a4ac21107b4aed7912f9c2c84a729065e3b62a21282a,0x564286362092d8e7936f0549571a803b203aaced,0x7d1afa7b718fb893db30a3abc0cfc608aacfebb0,0x3ef498e7f978793b3da6930abcc416a86ca6ee18,113904560000000000000000,Matic Token,MATIC,18,16,104184,40000000000,52092,633305,deprecated,0xa9059cbb,"transfer(address _to, uint256 _value)",17416737
7644837,1556306383,0x129be89c258dc8929600405f614d49b89c44b985a313a1575add35339dafc932,1335565,0xe8bf043b12054f566fbf384f2b78ca3f6127df7b11b0a8d70e99eded4c0c0e52,0x564286362092d8e7936f0549571a803b203aaced,0x7d1afa7b718fb893db30a3abc0cfc608aacfebb0,0x818356eee8c585a4a9f1f3ffb9ca6141e948d9cf,8615602000000000000000000,Matic Token,MATIC,18,4,104312,40000000000,52156,161850,deprecated,0xa9059cbb,"transfer(address _to, uint256 _value)",17416721
7644884,1556307002,0x3ac6e31b3739f69e7f94f3838a9f5774d09e97670d970aab4c41cda9021e656c,14,0x7364406033050aecc223e364dae2b2311ceab3a93d995835cf16fc05ea21e13a,0x21591b0cdb81f898bdee7913edd4cef9531821dd,0x7d1afa7b718fb893db30a3abc0cfc608aacfebb0,0x3f5ce5fbfe3e9af3971dd833d26ba9b5c936f0be,119863276700000000000000,Matic Token,MATIC,18,6,74312,20000000000,22156,250259,deprecated,0xa9059cbb,"transfer(address _to, uint256 _value)",17416674
7644884,1556307002,0x1c6bb6db0933bbfe2fa78133372d84c83dc74bf638b18322a97eb4364d2028cc,1,0x7364406033050aecc223e364dae2b2311ceab3a93d995835cf16fc05ea21e13a,0x10a34949e305e0f722b58524a3f6f86092f51a7b,0x7d1afa7b718fb893db30a3abc0cfc608aacfebb0,0x3f5ce5fbfe3e9af3971dd833d26ba9b5c936f0be,43904560000000000000000,Matic Token,MATIC,18,9,74184,20000000000,22092,346223,deprecated,0xa9059cbb,"transfer(address _to, uint256 _value)",17416674
7644884,1556307002,0xa7ffeac8ac9201157a153ad0e28ad7003bffc09a3701efcb34a6e453478b1166,216,0x7364406033050aecc223e364dae2b2311ceab3a93d995835cf16fc05ea21e13a,0x1fc2099bdd4c6b441accc40b1170d4a320b2365d,0x7d1afa7b718fb893db30a3abc0cfc608aacfebb0,0x3f5ce5fbfe3e9af3971dd833d26ba9b5c936f0be,710606353999990000000000,Matic Token,MATIC,18,10,74312,20000000000,22156,368379,deprecated,0xa9059cbb,"transfer(address _to, uint256 _value)",17416674
7644884,1556307002,0x2c7136c38cb4b1d0aeccd08b5f523a3c4c0ae8f335cf792d3f132d2b47071411,39,0x7364406033050aecc223e364dae2b2311ceab3a93d995835cf16fc05ea21e13a,0x818356eee8c585a4a9f1f3ffb9ca6141e948d9cf,0x7d1afa7b718fb893db30a3abc0cfc608aacfebb0,0x3f5ce5fbfe3e9af3971dd833d26ba9b5c936f0be,8615602000000000000000000,Matic Token,MATIC,18,12,74312,20000000000,22156,413113,deprecated,0xa9059cbb,"transfer(address _to, uint256 _value)",17416674
7644906,1556307277,0x71d2c8810a14ef7d6ba47ddf933ae7f271e78a6800d235e644180613ed2b59ac,1335582,0x22ee51aa77a4fb0e29a84b6294173fab643692fcc575464926aba06e2ed2047d,0x564286362092d8e7936f0549571a803b203aaced,0x7d1afa7b718fb893db30a3abc0cfc608aacfebb0,0x96c62a21f9e72386ad3e424c368d2add1da3589d,259571747000000000000000,Matic Token,MATIC,18,2,104312,40000000000,52156,97226,deprecated,0xa9059cbb,"transfer(address _to, uint256 _value)",17416652
7644917,1556307381,0x5e72f221818416b11f1ef4f31e0a1f28ab1714dfffe10f632418e22dac72b074,1335587,0xc5c42814954f103ed654df255dc8f58081a37b0010c4d15d1e44a6e4df70c909,0x564286362092d8e7936f0549571a803b203aaced,0x7d1afa7b718fb893db30a3abc0cfc608aacfebb0,0xaac5940b75aaf9c3d056f4535df6669778ed8521,455918240000000000000000,Matic Token,MATIC,18,97,104184,40000000000,52092,5443708,deprecated,0xa9059cbb,"transfer(address _to, uint256 _value)",17416641
7644917,1556307381,0xccc7d938571ee165d8ee8256300247dd982de26da84c2f0d795e8a829125add1,1335588,0xc5c42814954f103ed654df255dc8f58081a37b0010c4d15d1e44a6e4df70c909,0x564286362092d8e7936f0549571a803b203aaced,0x7d1afa7b718fb893db30a3abc0cfc608aacfebb0,0x3ef498e7f978793b3da6930abcc416a86ca6ee18,113904000000000000000000,Matic Token,MATIC,18,98,74184,40000000000,37092,5480800,deprecated,0xa9059cbb,"transfer(address _to, uint256 _value)",17416641
7644927,1556307560,0x70dfde8260d0f4f25f971dfbeb760dfa2e771c011e3544d091a8246d9ccc0dad,3104986,0x1e1b08638c1bae6be641452bcfed10627341e9de41f5b908a8b47ecaeea46ccc,0x3f5ce5fbfe3e9af3971dd833d26ba9b5c936f0be,0x7d1afa7b718fb893db30a3abc0cfc608aacfebb0,0xbee8845cd016350af73e4cc1ae6d24b832218037,113904560000000000000000,Matic Token,MATIC,18,0,104184,40000000000,52092,52092,deprecated,0xa9059cbb,"transfer(address _to, uint256 _value)",17416631
7644927,1556307560,0xda246fb5bd82425146da6bfc94b65682039fc02f2508dd18e55878484c3b2680,3104987,0x1e1b08638c1bae6be641452bcfed10627341e9de41f5b908a8b47ecaeea46ccc,0x3f5ce5fbfe3e9af3971dd833d26ba9b5c936f0be,0x7d1afa7b718fb893db30a3abc0cfc608aacfebb0,0x96c62a21f9e72386ad3e424c368d2add1da3589d,259611707000000000000000,Matic Token,MATIC,18,1,74312,40000000000,37156,89248,deprecated,0xa9059cbb,"transfer(address _to, uint256 _value)",17416631
7644933,1556307617,0xc098a3d4a796b2bcfb379be26b069f88bbd65dc7652d754de2a5d2f0f32f0a0e,1425841,0x67e7feba73a4976c4fd0a30493523a16d76e2fb6a5ba3886762c541301b4553e,0xd551234ae421e3bcba99a0da6d736074f22192ff,0x7d1afa7b718fb893db30a3abc0cfc608aacfebb0,0x8118a4f351d56e0568e67a72816afd31209c2562,341913680000000000000000,Matic Token,MATIC,18,0,104184,40000000000,52092,52092,deprecated,0xa9059cbb,"transfer(address _to, uint256 _value)",17416625
7644933,1556307617,0xda98b0048774371bfd162af150892ef047025a66831420c40d5c0c39e09978c1,3104990,0x67e7feba73a4976c4fd0a30493523a16d76e2fb6a5ba3886762c541301b4553e,0x3f5ce5fbfe3e9af3971dd833d26ba9b5c936f0be,0x7d1afa7b718fb893db30a3abc0cfc608aacfebb0,0x96c62a21f9e72386ad3e424c368d2add1da3589d,269660648000000000000000,Matic Token,MATIC,18,2,74184,40000000000,37092,141481,deprecated,0xa9059cbb,"transfer(address _to, uint256 _value)",17416625
7644955,1556307869,0x88f255a0292135718cd4caa06c133cdad4d4e0a49ec0b2c9226e32d426754fd1,1425847,0x86dbb8b16e677ee6484f7ea257ba28b20cddb949c32efa9e02d11a68414a7665,0xd551234ae421e3bcba99a0da6d736074f22192ff,0x7d1afa7b718fb893db30a3abc0cfc608aacfebb0,0x96c62a21f9e72386ad3e424c368d2add1da3589d,272241065000000000000000,Matic Token,MATIC,18,1,74312,40000000000,37156,58156,deprecated,0xa9059cbb,"transfer(address _to, uint256 _value)",17416603
7644963,1556307999,0x90df120f2e90b5d69c6efa87e1fab02709ccf0771e8cc3487cc00ce8eb0597fc,3104996,0x84d569e8972e72b94c476f0ea078d4c06ae7b773fd36c33188b091ec4746927c,0x3f5ce5fbfe3e9af3971dd833d26ba9b5c936f0be,0x7d1afa7b718fb893db30a3abc0cfc608aacfebb0,0xaac5940b75aaf9c3d056f4535df6669778ed8521,227909120000000000000000,Matic Token,MATIC,18,31,74056,40000000000,37028,1458162,deprecated,0xa9059cbb,"transfer(address _to, uint256 _value)",17416595
7644965,1556308051,0xaf5322d7e1b95c621a33a3442ec2cd2c1dcfcff8c86c398baa95809fca447877,381,0x530ef40e4462931ec8f41703092e980268ae57a2f234ce5e562c0e8552dc22db,0xe69e7d52c133f1fe56fe80613cb158037c509254,0x7d1afa7b718fb893db30a3abc0cfc608aacfebb0,0x7b0b12d3009a8c9acfb87f861dbb34d43d7746cc,191913680000000000000000,Matic Token,MATIC,18,38,52028,11000000000,37028,7834436,deprecated,0xa9059cbb,"transfer(address _to, uint256 _value)",17416593
7644993,1556308335,0xf4c0db40936aa93440c02db58d04ff5e03c020d270275f9c735c84d907e45df6,1335605,0xd10073886c317db192c776d9e50b2f6ecf39f01b96cade3b3d0fc97be4eb6ce9,0x564286362092d8e7936f0549571a803b203aaced,0x7d1afa7b718fb893db30a3abc0cfc608aacfebb0,0x8118a4f351d56e0568e67a72816afd31209c2562,341913680000000000000000,Matic Token,MATIC,18,1,74184,40000000000,37092,129617,deprecated,0xa9059cbb,"transfer(address _to, uint256 _value)",17416565
7645002,1556308475,0xb79df527bfd1db298bfe7d7dfc911b571ed8e8d919367aa49acece56a62070de,1400319,0x6844ca8dd2a85908e2f8e0727ebcdd7fedac3f8f73f6151f16810cf371d67552,0x0681d8db095565fe8a346fa0277bffde9c0edbbf,0x7d1afa7b718fb893db30a3abc0cfc608aacfebb0,0x3ef498e7f978793b3da6930abcc416a86ca6ee18,113904000000000000000000,Matic Token,MATIC,18,1,74184,40000000000,37092,63017,deprecated,0xa9059cbb,"transfer(address _to, uint256 _value)",17416556
7645002,1556308475,0x6b6be7ba9494615cea58fe685d96c7590290d1d1df66159432bba000f4b228f0,1335609,0x6844ca8dd2a85908e2f8e0727ebcdd7fedac3f8f73f6151f16810cf371d67552,0x564286362092d8e7936f0549571a803b203aaced,0x7d1afa7b718fb893db30a3abc0cfc608aacfebb0,0xaac5940b75aaf9c3d056f4535df6669778ed8521,227909120000000000000000,Matic Token,MATIC,18,2,74056,40000000000,37028,100045,deprecated,0xa9059cbb,"transfer(address _to, uint256 _value)",17416556
7645020,1556308785,0x77ecade01a2faa73e5200e829845a6a01e121e23edc0e9a97a551c9ccd9095c9,14,0x0767af3cdfe72248598514e6364b8d397124bb5e6838cac2ba23875ccb48477c,0xbee8845cd016350af73e4cc1ae6d24b832218037,0x7d1afa7b718fb893db30a3abc0cfc608aacfebb0,0x3f5ce5fbfe3e9af3971dd833d26ba9b5c936f0be,113904560000000000000000,Matic Token,MATIC,18,3,74184,20000000000,22092,101008,deprecated,0xa9059cbb,"transfer(address _to, uint256 _value)",17416538
7645020,1556308785,0x1140093878ecdc22c3a659b540986265bbeeeb4eef6e353f3315734c3d04051d,137,0x0767af3cdfe72248598514e6364b8d397124bb5e6838cac2ba23875ccb48477c,0x7b0b12d3009a8c9acfb87f861dbb34d43d7746cc,0x7d1afa7b718fb893db30a3abc0cfc608aacfebb0,0x3f5ce5fbfe3e9af3971dd833d26ba9b5c936f0be,191913680000000000000000,Matic Token,MATIC,18,8,74184,20000000000,22092,241614,deprecated,0xa9059cbb,"transfer(address _to, uint256 _value)",17416538
7645020,1556308785,0x98b5d6416c3045b0e655fd5e9adfaf4a928705cdb5affc16abc61d85e6c2ad92,0,0x0767af3cdfe72248598514e6364b8d397124bb5e6838cac2ba23875ccb48477c,0xbb0521ada5f137cb39c72efc112ff60c26ca443f,0x7d1afa7b718fb893db30a3abc0cfc608aacfebb0,0x3f5ce5fbfe3e9af3971dd833d26ba9b5c936f0be,1999000000000000000000,Matic Token,MATIC,18,9,74056,20000000000,22028,263642,deprecated,0xa9059cbb,"transfer(address _to, uint256 _value)",17416538
7645021,1556308806,0x8c241240f0de542390dc6b8f2f5c0a84ce868684f11301140059054143831b0a,1400327,0x0835c8585cb884bbfb6ec1503f3c0704760425e066552a75ff9892bb4f1173cd,0x0681d8db095565fe8a346fa0277bffde9c0edbbf,0x7d1afa7b718fb893db30a3abc0cfc608aacfebb0,0xbee8845cd016350af73e4cc1ae6d24b832218037,113904560000000000000000,Matic Token,MATIC,18,5,74184,40000000000,52092,188076,deprecated,0xa9059cbb,"transfer(address _to, uint256 _value)",17416537
7645021,1556308806,0x3e99d9c51228ab555dc084f8a1a7b9fb91371e11191e5edbc96b909974dfcc6b,75,0x0835c8585cb884bbfb6ec1503f3c0704760425e066552a75ff9892bb4f1173cd,0x8118a4f351d56e0568e67a72816afd31209c2562,0x7d1afa7b718fb893db30a3abc0cfc608aacfebb0,0x3f5ce5fbfe3e9af3971dd833d26ba9b5c936f0be,683827360000000000000000,Matic Token,MATIC,18,15,74184,20000000000,22092,556765,deprecated,0xa9059cbb,"transfer(address _to, uint256 _value)",17416537
7645021,1556308806,0x921c5ffd9153ecdc201358a90da8846ca0df7c032fbd12b9a42f3e2f81920765,14,0x0835c8585cb884bbfb6ec1503f3c0704760425e066552a75ff9892bb4f1173cd,0xaac5940b75aaf9c3d056f4535df6669778ed8521,0x7d1afa7b718fb893db30a3abc0cfc608aacfebb0,0x3f5ce5fbfe3e9af3971dd833d26ba9b5c936f0be,911736480000000000000000,Matic Token,MATIC,18,20,74184,20000000000,22092,668976,deprecated,0xa9059cbb,"transfer(address _to, uint256 _value)",17416537
7645021,1556308806,0x8308b5e46a69fb48e9a92e1e0d581c76042d93fb7a45524f0baab1d906cb750b,43,0x0835c8585cb884bbfb6ec1503f3c0704760425e066552a75ff9892bb4f1173cd,0x96c62a21f9e72386ad3e424c368d2add1da3589d,0x7d1afa7b718fb893db30a3abc0cfc608aacfebb0,0x3f5ce5fbfe3e9af3971dd833d26ba9b5c936f0be,1061085167000000000000000,Matic Token,MATIC,18,22,74312,20000000000,22156,721459,deprecated,0xa9059cbb,"transfer(address _to, uint256 _value)",17416537
7645090,1556309705,0x0d44d98020922beb8b6903fc561bb03f8c902c44a1cd8fdb4454e33aac5060c4,1425890,0x8fdb44f82e9f27e1d386030e32264743edb89ddde1c08438f828f97dbb888186,0xd551234ae421e3bcba99a0da6d736074f22192ff,0x7d1afa7b718fb893db30a3abc0cfc608aacfebb0,0xbee8845cd016350af73e4cc1ae6d24b832218037,113904560000000000000000,Matic Token,MATIC,18,6,74184,40000000000,37092,402931,deprecated,0xa9059cbb,"transfer(address _to, uint256 _value)",17416468
7645103,1556309846,0x19f88926b025f7bf2b4567536223ddda161b591a7e9eb464436e15ce33eb5092,1400346,0x2b6ff8fd503bb50e65599c9f158b152cc6e43b6976b3502d20f6711ce3080271,0x0681d8db095565fe8a346fa0277bffde9c0edbbf,0x7d1afa7b718fb893db30a3abc0cfc608aacfebb0,0xbee8845cd016350af73e4cc1ae6d24b832218037,227909120000000000000000,Matic Token,MATIC,18,18,74056,40000000000,37028,7103272,deprecated,0xa9059cbb,"transfer(address _to, uint256 _value)",17416455
7645110,1556309962,0xcace669679a1c0c71ca6ddc7b0937cd4c51abb9be8f34bbca93e4b1b5bc71277,3105042,0xd964bcf4707248f8be127fd990837445d3a926c525daf617665a70d18d024b9a,0x3f5ce5fbfe3e9af3971dd833d26ba9b5c936f0be,0x7d1afa7b718fb893db30a3abc0cfc608aacfebb0,0xdea6ead0b481e1e5f18f44a1d7dfb69d0ca86c03,113904560000000000000000,Matic Token,MATIC,18,51,104184,40000000000,52092,2496655,deprecated,0xa9059cbb,"transfer(address _to, uint256 _value)",17416448
7645110,1556309962,0xb0d9c344076e00d5ff0cffcd546fe162c9efe3b5be7a36245401355efc596cb2,3105043,0xd964bcf4707248f8be127fd990837445d3a926c525daf617665a70d18d024b9a,0x3f5ce5fbfe3e9af3971dd833d26ba9b5c936f0be,0x7d1afa7b718fb893db30a3abc0cfc608aacfebb0,0xaac5940b75aaf9c3d056f4535df6669778ed8521,113904560000000000000000,Matic Token,MATIC,18,52,104184,40000000000,52092,2548747,deprecated,0xa9059cbb,"transfer(address _to, uint256 _value)",17416448
7645152,1556310504,0x00d2ac1c1cad2575d0dbeedef8f858dbe6951bac9ff5d70d20aeba74ee184e31,1400357,0xd2b615c5ea285f5bb963f37179b19c6ef1d0bccc81490a4829f5e6dbb1607df8,0x0681d8db095565fe8a346fa0277bffde9c0edbbf,0x7d1afa7b718fb893db30a3abc0cfc608aacfebb0,0xd191fde6e7cc7a672f8c979f290ce166394ec236,121252205000000000000000,Matic Token,MATIC,18,2,104312,40000000000,52156,141095,deprecated,0xa9059cbb,"transfer(address _to, uint256 _value)",17416406
7645162,1556310604,0xceb4997ee7a6311db70235ee36d4fba7971b921c34518f5f081d8d182d73df88,31,0xf320695180b695bd33b629758962bd83c0c39a5b663fa19043a3b2a06086edfe,0xdea6ead0b481e1e5f18f44a1d7dfb69d0ca86c03,0x7d1afa7b718fb893db30a3abc0cfc608aacfebb0,0x3f5ce5fbfe3e9af3971dd833d26ba9b5c936f0be,113904560000000000000000,Matic Token,MATIC,18,3,74184,20000000000,22092,85092,deprecated,0xa9059cbb,"transfer(address _to, uint256 _value)",17416396
7645162,1556310604,0xd9b07e0bbd039478967ed2c0a27640d781461f533a2802e0a2a6ba4d5ba6ec16,15,0xf320695180b695bd33b629758962bd83c0c39a5b663fa19043a3b2a06086edfe,0xbee8845cd016350af73e4cc1ae6d24b832218037,0x7d1afa7b718fb893db30a3abc0cfc608aacfebb0,0x3f5ce5fbfe3e9af3971dd833d26ba9b5c936f0be,455718240000000000000000,Matic Token,MATIC,18,5,74184,20000000000,22092,135642,deprecated,0xa9059cbb,"transfer(address _to, uint256 _value)",17416396
7645162,1556310604,0x1a740ade5e144992dbb4167ee82e56190db2741aa58813aa0086c6d76dbb6e77,15,0xf320695180b695bd33b629758962bd83c0c39a5b663fa19043a3b2a06086edfe,0xaac5940b75aaf9c3d056f4535df6669778ed8521,0x7d1afa7b718fb893db30a3abc0cfc608aacfebb0,0x3f5ce5fbfe3e9af3971dd833d26ba9b5c936f0be,113904560000000000000000,Matic Token,MATIC,18,9,74184,20000000000,22092,234104,deprecated,0xa9059cbb,"transfer(address _to, uint256 _value)",17416396
7645164,1556310624,0x7f169a9b615c34114c3b0d9d5e3afe1f34bffe59720f6d1a2dc81a62da54350f,1400362,0xdd7181909744042dc1c0d9f18fd0359d89cd17cff9dab30012d963de885ef059,0x0681d8db095565fe8a346fa0277bffde9c0edbbf,0x7d1afa7b718fb893db30a3abc0cfc608aacfebb0,0x94549348ad488967b6001f56084b13c7eda12a66,22860635000000000000000000,Matic Token,MATIC,18,19,104184,40000000000,52092,866529,deprecated,0xa9059cbb,"transfer(address _to, uint256 _value)",17416394
7645186,1556310909,0x35d688788c481cb8cd432f89dec229fbdf8cd6d1c3c7694f8543db65bcb5e042,3105055,0xa7ddc7f9d6bc8936365013b658508741e0d5adcf790427d7273189fb837cf298,0x3f5ce5fbfe3e9af3971dd833d26ba9b5c936f0be,0x7d1afa7b718fb893db30a3abc0cfc608aacfebb0,0x0681d8db095565fe8a346fa0277bffde9c0edbbf,37494527000000000000000000,Matic Token,MATIC,18,4,74312,40000000000,37156,170993,deprecated,0xa9059cbb,"transfer(address _to, uint256 _value)",17416372
7645199,1556311201,0x0fb154e1fcf05fa1c9525f783daeb9a509edd0f8370d788b2da8236cbf8d2c7c,1425925,0xa0ec9920969ac30c5e4495d4fb7470a14a13b9e32de4cbc555ede49acff9db47,0xd551234ae421e3bcba99a0da6d736074f22192ff,0x7d1afa7b718fb893db30a3abc0cfc608aacfebb0,0x94549348ad488967b6001f56084b13c7eda12a66,5635337000000000000000000,Matic Token,MATIC,18,62,74184,40000000000,37092,5588511,deprecated,0xa9059cbb,"transfer(address _to, uint256 _value)",17416359
7645209,1556311362,0x8cbeda64c351226494c9c891ee98e459c0010aad6b4e1b776d7eddf7995d250f,1335663,0x5e138e76d83fd610ef1a6c78c7e44e2d8a37933a5d2141f6cfb1de439909cc89,0x564286362092d8e7936f0549571a803b203aaced,0x7d1afa7b718fb893db30a3abc0cfc608aacfebb0,0x4abb039a0653d91f04ddb320954a581c5e0fd33e,108889462000000000000000,Matic Token,MATIC,18,5,104184,40000000000,52092,168511,deprecated,0xa9059cbb,"transfer(address _to, uint256 _value)",17416349
7645219,1556311518,0xd05cd6eae986747fbc45b7519566f310795dfb5c06ecca08f30ce6f9f3bce1e9,1425933,0x1cbd2ae4439cabf73701de5e359a45ddb6e0a4d8f4defffc04991a9e960aa85b,0xd551234ae421e3bcba99a0da6d736074f22192ff,0x7d1afa7b718fb893db30a3abc0cfc608aacfebb0,0xe87167fafcc0a66c609e25dab262739b056ae5ec,42756000000000000000000,Matic Token,MATIC,18,10,104056,40000000000,52028,552001,deprecated,0xa9059cbb,"transfer(address _to, uint256 _value)",17416339
7645219,1556311518,0x8b16f1d9d2e7764289c5903aa087496646aed8a01876ac81abee0897e308f226,3105063,0x1cbd2ae4439cabf73701de5e359a45ddb6e0a4d8f4defffc04991a9e960aa85b,0x3f5ce5fbfe3e9af3971dd833d26ba9b5c936f0be,0x7d1afa7b718fb893db30a3abc0cfc608aacfebb0,0xae27318289612cd04c7907b5c2218c1ba2aa69db,267979331000000000000000,Matic Token,MATIC,18,11,104312,40000000000,52156,604157,deprecated,0xa9059cbb,"transfer(address _to, uint256 _value)",17416339
7645224,1556311678,0x0b308b4404fac9fad06c9ef11c43f9b3fc312db1073f5bd7bb3688bafd903bfc,3105067,0xb50e0195be6f80cb862d31405b155102ccbc0baf6ff68ee87eb67fc6c27215f8,0x3f5ce5fbfe3e9af3971dd833d26ba9b5c936f0be,0x7d1afa7b718fb893db30a3abc0cfc608aacfebb0,0x7ab2417356d8df31459613f87d795a67073b7f91,56290000000000000000000,Matic Token,MATIC,18,0,104184,40000000000,52092,52092,deprecated,0xa9059cbb,"transfer(address _to, uint256 _value)",17416334
7645238,1556311787,0x30e95836b55a7ae3e16154a94a299aba37eb4a63437c0298b28c74b0edafeb6f,1335672,0xddb418185cae12a5d4face492a6b016ed7d43e8aae835fd0471e9eb69e5559ec,0x564286362092d8e7936f0549571a803b203aaced,0x7d1afa7b718fb893db30a3abc0cfc608aacfebb0,0xae27318289612cd04c7907b5c2218c1ba2aa69db,213801884000000000000000,Matic Token,MATIC,18,3,74184,40000000000,37092,118680,deprecated,0xa9059cbb,"transfer(address _to, uint256 _value)",17416320
7645261,1556312091,0xc879226e9c470b19bb3179174ae0912ac6e5bb3127bb0b861230d99f3cef7807,369,0x5a1f232b4fc4094913214d14108945a251dfe3325c7660884961941d1900b809,0x789e8dd02ffccd7a753b048559d4fbea1e1a1b7c,0x7d1afa7b718fb893db30a3abc0cfc608aacfebb0,0xaf59592fcb3aeb0dd0be2ae17f8017c18974be81,0,Matic Token,MATIC,18,9,54870,20000000000,36580,323997,deprecated,0xa9059cbb,"transfer(address _to, uint256 _value)",17416297
7645290,1556312403,0x4bc5f4ea95f1181a1e6228fefda3b1e36b3b69e57edab419ec6cbad5fec41a70,60,0x67a77dd60cc5e25e12a4636d48589e4597eeff9162faa042f24ce63a15f6feaa,0x94549348ad488967b6001f56084b13c7eda12a66,0x7d1afa7b718fb893db30a3abc0cfc608aacfebb0,0x3f5ce5fbfe3e9af3971dd833d26ba9b5c936f0be,28495972000000000000000000,Matic Token,MATIC,18,5,74312,20000000000,22156,161946,deprecated,0xa9059cbb,"transfer(address _to, uint256 _value)",17416268
7645291,1556312421,0xc3580b5ef2229f339c58cff9ca4adbb54c26c3893ec8001f14e0f32b2a29e9dd,45,0xf9512f75f374a68c1fafeec6738ea10489b1e2c42466fe92f534b8081a73753d,0xd191fde6e7cc7a672f8c979f290ce166394ec236,0x7d1afa7b718fb893db30a3abc0cfc608aacfebb0,0x3f5ce5fbfe3e9af3971dd833d26ba9b5c936f0be,121252205000000000000000,Matic Token,MATIC,18,23,74312,20000000000,22156,851078,deprecated,0xa9059cbb,"transfer(address _to, uint256 _value)",17416267
7645291,1556312421,0xf2fafefbbe37fff1ade81d04e690e16cd2a90dc05ad5149a0501d6c0c97682bd,15,0xf9512f75f374a68c1fafeec6738ea10489b1e2c42466fe92f534b8081a73753d,0x4abb039a0653d91f04ddb320954a581c5e0fd33e,0x7d1afa7b718fb893db30a3abc0cfc608aacfebb0,0x3f5ce5fbfe3e9af3971dd833d26ba9b5c936f0be,108889462000000000000000,Matic Token,MATIC,18,29,74184,20000000000,22092,1021820,deprecated,0xa9059cbb,"transfer(address _to, uint256 _value)",17416267
7645291,1556312421,0xa3edfc10ed2260abaa510a87b1ad689b563f3300f616028b4c354d58225196a5,26,0xf9512f75f374a68c1fafeec6738ea10489b1e2c42466fe92f534b8081a73753d,0xae27318289612cd04c7907b5c2218c1ba2aa69db,0x7d1afa7b718fb893db30a3abc0cfc608aacfebb0,0x3f5ce5fbfe3e9af3971dd833d26ba9b5c936f0be,481781215000000000000000,Matic Token,MATIC,18,32,74312,20000000000,22156,1129630,deprecated,0xa9059cbb,"transfer(address _to, uint256 _value)",17416267
7645307,1556312696,0xed75c144d6f88335e972a34685fdb8f62fd8e6e9a3e09b27fe42829eddef9a0b,370,0x80e7a315344b6a6f19ec006582f47e6e44dedbc4dc6a377cd3381410b78ce8e9,0x789e8dd02ffccd7a753b048559d4fbea1e1a1b7c,0x7d1afa7b718fb893db30a3abc0cfc608aacfebb0,0xaf59592fcb3aeb0dd0be2ae17f8017c18974be81,1520914620000000000000000,Matic Token,MATIC,18,84,54870,20000000000,37156,5980897,deprecated,0xa9059cbb,"transfer(address _to, uint256 _value)",17416251
7645432,1556314196,0x931011e19ec29d9f5525f7bc0ae613fdfe594b83581fbcb8de80dfad3d5a0c79,0,0x8aa575c3205d5939817d0d8152deaee1c13274230c1c47c38ed7c2900612115a,0xe87167fafcc0a66c609e25dab262739b056ae5ec,0x7d1afa7b718fb893db30a3abc0cfc608aacfebb0,0x3f5ce5fbfe3e9af3971dd833d26ba9b5c936f0be,42756000000000000000000,Matic Token,MATIC,18,36,74056,20000000000,22028,1659364,deprecated,0xa9059cbb,"transfer(address _to, uint256 _value)",17416126
7645432,1556314196,0x004767ad55128148f0a18c2fa80e12bde58dca647beed3afed19e99771f66b04,6,0x8aa575c3205d5939817d0d8152deaee1c13274230c1c47c38ed7c2900612115a,0xaf59592fcb3aeb0dd0be2ae17f8017c18974be81,0x7d1afa7b718fb893db30a3abc0cfc608aacfebb0,0x3f5ce5fbfe3e9af3971dd833d26ba9b5c936f0be,1520914620000000000000000,Matic Token,MATIC,18,39,74312,20000000000,22156,1725667,deprecated,0xa9059cbb,"transfer(address _to, uint256 _value)",17416126
7645432,1556314196,0x237b9e10de1af0707d5808e0e89abb343eaa77358a6acb087aea309f6438e333,23,0x8aa575c3205d5939817d0d8152deaee1c13274230c1c47c38ed7c2900612115a,0x7ab2417356d8df31459613f87d795a67073b7f91,0x7d1afa7b718fb893db30a3abc0cfc608aacfebb0,0x3f5ce5fbfe3e9af3971dd833d26ba9b5c936f0be,56290000000000000000000,Matic Token,MATIC,18,45,74184,20000000000,22092,1875071,deprecated,0xa9059cbb,"transfer(address _to, uint256 _value)",17416126
7645483,1556314721,0x1d667225c756627ce11ee46c1aa2c4ca5b1c950a205eeebfcacf65a357a12108,1400457,0x8833da36ea4314c81bbf0a20de7acf3e58f3b6422358e34afa5e56bbdb8ca640,0x0681d8db095565fe8a346fa0277bffde9c0edbbf,0x7d1afa7b718fb893db30a3abc0cfc608aacfebb0,0xab985836d41c42f959b828367e3317121541688b,113904560000000000000000,Matic Token,MATIC,18,6,104184,40000000000,52092,211279,deprecated,0xa9059cbb,"transfer(address _to, uint256 _value)",17416075
7645489,1556314829,0x7a7e720f562f93ee7d680d840b7125d51a533919174a559075a655a55050b83e,1400463,0x67757d494c208e4a7455a67ff31b5921681f3b661248fed18d2b1ccce5ffdf27,0x0681d8db095565fe8a346fa0277bffde9c0edbbf,0x7d1afa7b718fb893db30a3abc0cfc608aacfebb0,0xeea585d768cbbc1c0446b7d070d6aacdc95f65cd,113904560000000000000000,Matic Token,MATIC,18,4,104184,40000000000,52092,201535,deprecated,0xa9059cbb,"transfer(address _to, uint256 _value)",17416069
7645577,1556315996,0x757afceb4794e4c21b6a94f808c1beaa0f428c7b744c2d566cf7c69111d92bc4,1426020,0x03c9f5b7550fd19d6a46c705e8f8dd01b1aaafeafd42e1138727549d38ac6321,0xd551234ae421e3bcba99a0da6d736074f22192ff,0x7d1afa7b718fb893db30a3abc0cfc608aacfebb0,0xba507528a968ca351161438132272ad3b48a0f62,774186000000000000000000,Matic Token,MATIC,18,2,104184,40000000000,52092,111065,deprecated,0xa9059cbb,"transfer(address _to, uint256 _value)",17415981
7645578,1556316009,0x3cfe3b7f1930474a21c9e6f8f2c43bf397ffbb24f7eba6cb0498414376758c8a,40,0x40e39ce260571b4c296feb22f378dc46fcb08ea48af36718d9970a656e08b50e,0xab985836d41c42f959b828367e3317121541688b,0x7d1afa7b718fb893db30a3abc0cfc608aacfebb0,0x3f5ce5fbfe3e9af3971dd833d26ba9b5c936f0be,113904560000000000000000,Matic Token,MATIC,18,8,74184,20000000000,22092,346536,deprecated,0xa9059cbb,"transfer(address _to, uint256 _value)",17415980
7645594,1556316184,0x056ce1b7ee20d84dd9f8e0f45e2baa2347b927037d01bd993f1d1c7b5541d32b,1119,0x81886cfec9491686b533799435682515a87d68305fe91a9eb371d90853f379cb,0xba507528a968ca351161438132272ad3b48a0f62,0x7d1afa7b718fb893db30a3abc0cfc608aacfebb0,0xd2a6c231a078a8c824eb433a39f763fe25c9f6ea,46363000000000000000000,Matic Token,MATIC,18,39,67719,4800000000,52092,1726270,deprecated,0xa9059cbb,"transfer(address _to, uint256 _value)",17415964
7645609,1556316368,0x66a95d8dd61184cabef808d1e581bd719695391afa5a98145524c4db7f876a35,3105156,0xabf22e445c7f1c3255173552a3cf212340aa46e926c4975bd310836527aa4000,0x3f5ce5fbfe3e9af3971dd833d26ba9b5c936f0be,0x7d1afa7b718fb893db30a3abc0cfc608aacfebb0,0x73c97bbdd61913f6d130488293a3cd840449a851,113904560000000000000000,Matic Token,MATIC,18,9,74184,40000000000,37092,295347,deprecated,0xa9059cbb,"transfer(address _to, uint256 _value)",17415949
7645786,1556318889,0x7132be9e437d8a43dc6a67ff032ed230865cc5e65928d01de823b6c151ef00cb,1400538,0xa28d10eb955c6e17489a7ddb09b6979f34e0d21658c56cf65df547a58912f5ba,0x0681d8db095565fe8a346fa0277bffde9c0edbbf,0x7d1afa7b718fb893db30a3abc0cfc608aacfebb0,0x9fddcc82cf0bb93d70b3742b15f6a0c5c8d72716,880497030000000000000000,Matic Token,MATIC,18,7,104184,40000000000,52092,256328,deprecated,0xa9059cbb,"transfer(address _to, uint256 _value)",17415772
7645845,1556319606,0xe5db3ff082b31c939f93fd6e7d7c175e83d7f63ac0488d65f90beb1470077a44,47,0x88da85b0cce3a2d6e1cb8c83345df7301b1a127d7dabdaaa51846ff0b4945420,0x9fddcc82cf0bb93d70b3742b15f6a0c5c8d72716,0x7d1afa7b718fb893db30a3abc0cfc608aacfebb0,0x3f5ce5fbfe3e9af3971dd833d26ba9b5c936f0be,880497030000000000000000,Matic Token,MATIC,18,0,74184,20000000000,22092,22092,deprecated,0xa9059cbb,"transfer(address _to, uint256 _value)",17415713
7645914,1556320594,0x7912fb7e054f5c3158cb9e75f94004a907db68071ba1a5d4c2e6980aa2ead982,3105213,0x094fa00ed2c1fd294df0bf29503c1a6e563294a73023b4fb87a26ca81dc2a409,0x3f5ce5fbfe3e9af3971dd833d26ba9b5c936f0be,0x7d1afa7b718fb893db30a3abc0cfc608aacfebb0,0xa61ed46dd960b44d40bfee4dedfc229e93535279,455918000000000000000000,Matic Token,MATIC,18,89,104184,40000000000,52092,2265557,deprecated,0xa9059cbb,"transfer(address _to, uint256 _value)",17415644
7645964,1556321256,0xbc4e34daecd3630345e723a89c8337609daf59379993a8ccb15250fea5fd196c,1426120,0x3ff03f821ce7035936ca6a9429e4861eebe9e9781075589124bf9458587ced40,0xd551234ae421e3bcba99a0da6d736074f22192ff,0x7d1afa7b718fb893db30a3abc0cfc608aacfebb0,0xa61ed46dd960b44d40bfee4dedfc229e93535279,341913000000000000000000,Matic Token,MATIC,18,10,74184,40000000000,37092,345578,deprecated,0xa9059cbb,"transfer(address _to, uint256 _value)",17415594
7645977,1556321404,0x608adeb441b17af2af61e93eeb23c9f1d3fe48917b025cd0135a362ba2add72c,14,0xbdd81951d46fd45842627a7f05492cfc885f9d72d7bf7557dea69eb3d9ee1170,0xa61ed46dd960b44d40bfee4dedfc229e93535279,0x7d1afa7b718fb893db30a3abc0cfc608aacfebb0,0x3f5ce5fbfe3e9af3971dd833d26ba9b5c936f0be,797831000000000000000000,Matic Token,MATIC,18,22,74184,20000000000,22092,1269265,deprecated,0xa9059cbb,"transfer(address _to, uint256 _value)",17415581
7646000,1556321740,0x37fb0c193ba7f83bed32fac42eb309cb40e6fd2223bb7bf9d9f9a7d16ce43194,1426124,0x99dbdccce909305291fb62cd397dfa805fc60819a0e7d2b89407c43529b9b197,0xd551234ae421e3bcba99a0da6d736074f22192ff,0x7d1afa7b718fb893db30a3abc0cfc608aacfebb0,0xa61ed46dd960b44d40bfee4dedfc229e93535279,341913000000000000000000,Matic Token,MATIC,18,8,104184,40000000000,52092,374931,deprecated,0xa9059cbb,"transfer(address _to, uint256 _value)",17415558
7646091,1556322861,0x4149fa0af1d50a7d6f910320cd2f4b9e13536098c0858e28ab8c2a1d1ed47ef3,1426142,0x6fc31561126ad8063e4ca8f04ac976cdeac1ed305add3209fdabadbcedde4fbf,0xd551234ae421e3bcba99a0da6d736074f22192ff,0x7d1afa7b718fb893db30a3abc0cfc608aacfebb0,0xa61ed46dd960b44d40bfee4dedfc229e93535279,227909000000000000000000,Matic Token,MATIC,18,44,74184,40000000000,37092,2328270,deprecated,0xa9059cbb,"transfer(address _to, uint256 _value)",17415467
7646121,1556323203,0x642a43d37a85f82b60c25b72bf97734c72fef51eb1b85fa2e14a69680dcc4817,15,0x4e1409a2d6dc91667f89f101a12ca978bcc1d839ed51580a44d961b69416f363,0xa61ed46dd960b44d40bfee4dedfc229e93535279,0x7d1afa7b718fb893db30a3abc0cfc608aacfebb0,0x3f5ce5fbfe3e9af3971dd833d26ba9b5c936f0be,569822000000000000000000,Matic Token,MATIC,18,22,74184,20000000000,22092,3296730,deprecated,0xa9059cbb,"transfer(address _to, uint256 _value)",17415437
7646166,1556323673,0xee46f7137c2c601c52bb67427a3bbeac164e3d3fe0797b313f8297f6f5b4ed31,1335868,0xa78f2eacd01521ed04b5a6d5d3244d8f9d89f064892077164b7726bc6b5349dc,0x564286362092d8e7936f0549571a803b203aaced,0x7d1afa7b718fb893db30a3abc0cfc608aacfebb0,0xa61ed46dd960b44d40bfee4dedfc229e93535279,341913000000000000000000,Matic Token,MATIC,18,22,104184,40000000000,52092,1134018,deprecated,0xa9059cbb,"transfer(address _to, uint256 _value)",17415392
7646235,1556324675,0x45637d08f4d5edee49c71bd3bb75e87ba01bc4f041f428d4daf67310cb78678c,1400620,0x76505e9ccd1df8778c6f16b834e59a16fd40d00ef709c010bd4fe1ea8d249dd0,0x0681d8db095565fe8a346fa0277bffde9c0edbbf,0x7d1afa7b718fb893db30a3abc0cfc608aacfebb0,0xbf4a3f1d76425511b22d7c9710ed882cbaf484c8,341913680000000000000000,Matic Token,MATIC,18,8,104184,40000000000,52092,317993,deprecated,0xa9059cbb,"transfer(address _to, uint256 _value)",17415323
7646267,1556325061,0x6078d4dd8eb5a7cc13c349a1022dbc32f0aee675e8c044771513ba8e726721a0,6,0x596d08ca521add17efce2274a6d1f13985f44418ac74586c7a0577b42fb1ad19,0xbf4a3f1d76425511b22d7c9710ed882cbaf484c8,0x7d1afa7b718fb893db30a3abc0cfc608aacfebb0,0x3f5ce5fbfe3e9af3971dd833d26ba9b5c936f0be,341913680000000000000000,Matic Token,MATIC,18,56,74184,20000000000,22092,7600447,deprecated,0xa9059cbb,"transfer(address _to, uint256 _value)",17415291
7646299,1556325322,0x7b0ce3ba5ce908765c91697dab9480a077c9b011411f722df320ef4be9770b43,1335883,0x16164924c5f9fe9690a7ff8c7a6893f7e3c856733796755bad94bcfe8c24b30c,0x564286362092d8e7936f0549571a803b203aaced,0x7d1afa7b718fb893db30a3abc0cfc608aacfebb0,0x99628c2eff518dccab7f9a27bbdc7f46cf0f8016,200000000000000000000,Matic Token,MATIC,18,9,104056,40000000000,52028,435646,deprecated,0xa9059cbb,"transfer(address _to, uint256 _value)",17415259
7646427,1556326805,0x4f3a81037d3d7189f99cfd161d8afb60aa921b68ba5cd1316d678f25f48eeb0a,16,0x7b681708ee9afe526e39c5253e919f8da9517b06f5c4c6847159580676943c8e,0xa61ed46dd960b44d40bfee4dedfc229e93535279,0x7d1afa7b718fb893db30a3abc0cfc608aacfebb0,0x3f5ce5fbfe3e9af3971dd833d26ba9b5c936f0be,341913000000000000000000,Matic Token,MATIC,18,25,74184,20000000000,22092,7663540,deprecated,0xa9059cbb,"transfer(address _to, uint256 _value)",17415131
7646439,1556326949,0xeb757aabfc4624a4943c09f9b6984597ae5946707cd4958ad6f9d97d8b330c76,3105308,0x51c58eeaaffe595abc67851e905c47f8c57ca05701577c548a6d33ef0fb02c36,0x3f5ce5fbfe3e9af3971dd833d26ba9b5c936f0be,0x7d1afa7b718fb893db30a3abc0cfc608aacfebb0,0xa6211db0bb815528f4b1ffb63e2137bbcf639d10,227909120000000000000000,Matic Token,MATIC,18,7,104056,40000000000,52028,215548,deprecated,0xa9059cbb,"transfer(address _to, uint256 _value)",17415119
7646559,1556328508,0xb17037472dcb3b37dcd09eacf8007150b48c99e7abee54c5137699824e93385f,1400682,0xe80b94ca025f6aead94b3054a3c94fcd0618243b61f298abd602164d4f2e574f,0x0681d8db095565fe8a346fa0277bffde9c0edbbf,0x7d1afa7b718fb893db30a3abc0cfc608aacfebb0,0xef856fba3bc85fa446eba09a77ba3dbf54e6ff9e,79948871000000000000000,Matic Token,MATIC,18,11,104312,40000000000,52156,331866,deprecated,0xa9059cbb,"transfer(address _to, uint256 _value)",17414999
7646562,1556328578,0x741a118ba1d1162aeb7e1f1832c0181c4fba00a579501d82b215cdfdc73dc5b8,22,0x21aa988284841812b184b2b36183241d91932167795eb4f3a79b54b34ed34a82,0xa6211db0bb815528f4b1ffb63e2137bbcf639d10,0x7d1afa7b718fb893db30a3abc0cfc608aacfebb0,0x3f5ce5fbfe3e9af3971dd833d26ba9b5c936f0be,227909120000000000000000,Matic Token,MATIC,18,35,74056,20000000000,22028,1454516,deprecated,0xa9059cbb,"transfer(address _to, uint256 _value)",17414996
7646616,1556329327,0x3edc076fd9f55c941426bb0152587a148223c7632890049a879c14962af41eff,4486,0xfceabc32cfb160e72665c2addce03f0f18aec1797058dd89182b8412bf02b37d,0xd6038023888747865afc6ed7ee28a4888baaf002,0x7d1afa7b718fb893db30a3abc0cfc608aacfebb0,0x3c751a6257210978d9fb7038c1fb0ea3d82ebd0b,15828647400000000000000,Matic Token,MATIC,18,105,52156,10000000000,52156,3781508,deprecated,0xa9059cbb,"transfer(address _to, uint256 _value)",17414942
7646625,1556329457,0xa5b5fcc1d2f8bb5a6da74fdf89af49353a74425581c3e39a00c2c4e6e8a9e837,1426224,0x3ea313557abc5e716b75d90acb4922c0a107accdbfd5300a24eec6b3e4766fa4,0xd551234ae421e3bcba99a0da6d736074f22192ff,0x7d1afa7b718fb893db30a3abc0cfc608aacfebb0,0xf3d542edf0ebb97aa47f5423d013e21ca64e4efa,113904560000000000000000,Matic Token,MATIC,18,0,104184,40000000000,52092,52092,deprecated,0xa9059cbb,"transfer(address _to, uint256 _value)",17414933
7646651,1556329728,0x4b7d6cf692299b8b1efd86f9260b988b86d7ead596a202423cb383c86c9b3dc4,1426229,0xae64c3d6da6f416ca07ca6608b406abc021907287d89d18fb50ebbed24d1a9bf,0xd551234ae421e3bcba99a0da6d736074f22192ff,0x7d1afa7b718fb893db30a3abc0cfc608aacfebb0,0xf3d542edf0ebb97aa47f5423d013e21ca64e4efa,113904560000000000000000,Matic Token,MATIC,18,2,74184,40000000000,37092,109844,deprecated,0xa9059cbb,"transfer(address _to, uint256 _value)",17414907
7646667,1556330069,0xd455f512dc88f63925d833308d54ed75cb21fe6aec32bf4da69d410c3bb80f9a,1426232,0x11837ff7324d82241a8e178788514a5a5c041cbfec1703a36f46a2f582e2c456,0xd551234ae421e3bcba99a0da6d736074f22192ff,0x7d1afa7b718fb893db30a3abc0cfc608aacfebb0,0x223333f724c6f07d04fa78f246815b43e7788834,100799017000000000000000,Matic Token,MATIC,18,20,104312,40000000000,52156,584930,deprecated,0xa9059cbb,"transfer(address _to, uint256 _value)",17414891
7646674,1556330180,0xfb6c18770626ecb22b212afe0a062b1450a3f78c4066d77d633df424bd527817,3105353,0x806b44ec5d1315544afc4dd9d463b28e0dc48fdefaaa0c17eefaffbbf274ce86,0x3f5ce5fbfe3e9af3971dd833d26ba9b5c936f0be,0x7d1afa7b718fb893db30a3abc0cfc608aacfebb0,0xf3d542edf0ebb97aa47f5423d013e21ca64e4efa,113904560000000000000000,Matic Token,MATIC,18,0,74184,40000000000,37092,37092,deprecated,0xa9059cbb,"transfer(address _to, uint256 _value)",17414884
7646694,1556330411,0x50987ef70ec0f037bfd1ab8795f6f48d7c1fa28458452a0b88bd54ea85756a6a,1,0x0427fe799fa25e751a911cad64b1dad07cc54d49d54c27a3a7a8b7f31ad9e5c5,0x3c751a6257210978d9fb7038c1fb0ea3d82ebd0b,0x7d1afa7b718fb893db30a3abc0cfc608aacfebb0,0x3f5ce5fbfe3e9af3971dd833d26ba9b5c936f0be,15828647400000000000000,Matic Token,MATIC,18,68,74312,20000000000,22156,7914773,deprecated,0xa9059cbb,"transfer(address _to, uint256 _value)",17414864
7646756,1556331304,0x2d4f54d597e6bad39c7621f8f3f95a69591dfe1ac742a73cc6fbea58807cf835,4491,0x48d5c2f9a0b5091884a9577b16382ce4db74d0b0a5ac9e026f5c2209e3a75ddd,0xd6038023888747865afc6ed7ee28a4888baaf002,0x7d1afa7b718fb893db30a3abc0cfc608aacfebb0,0xf364b8cda5f6cf0f6fb52e9b8b148ab72c9c7321,19660000000000000000000,Matic Token,MATIC,18,36,52092,10000000000,52092,2185043,deprecated,0xa9059cbb,"transfer(address _to, uint256 _value)",17414802
7646794,1556331752,0x0a1ec116e8dc3853b353793d685d117d7d9d259aaeb5f51afa05a5e798845bf8,1426256,0xc2648cc4c4d9d7be24acc1006359a01e38e2f738e200285565b0bb6be44e01cf,0xd551234ae421e3bcba99a0da6d736074f22192ff,0x7d1afa7b718fb893db30a3abc0cfc608aacfebb0,0xf3d542edf0ebb97aa47f5423d013e21ca64e4efa,113904560000000000000000,Matic Token,MATIC,18,3,74184,40000000000,37092,100092,deprecated,0xa9059cbb,"transfer(address _to, uint256 _value)",17414764
7646794,1556331752,0x90cfa11966d0fe63f37ec7c21b8ecfb20e26793ad72eaaffcb76bc857acb9536,1335978,0xc2648cc4c4d9d7be24acc1006359a01e38e2f738e200285565b0bb6be44e01cf,0x564286362092d8e7936f0549571a803b203aaced,0x7d1afa7b718fb893db30a3abc0cfc608aacfebb0,0xf3d542edf0ebb97aa47f5423d013e21ca64e4efa,113904560000000000000000,Matic Token,MATIC,18,53,74184,40000000000,37092,2009277,deprecated,0xa9059cbb,"transfer(address _to, uint256 _value)",17414764
7646836,1556332201,0xd87679b99722386acc61d022bd2b66de6db81474c97c6b9a2c6ae156d93352c8,716,0x111543163e916c3bdefbc7dd8d655bea19e15f74d4497fd581924fad7745472c,0xf364b8cda5f6cf0f6fb52e9b8b148ab72c9c7321,0x7d1afa7b718fb893db30a3abc0cfc608aacfebb0,0x3f5ce5fbfe3e9af3971dd833d26ba9b5c936f0be,19660000000000000000000,Matic Token,MATIC,18,21,74184,20000000000,22092,6200770,deprecated,0xa9059cbb,"transfer(address _to, uint256 _value)",17414722
7646836,1556332201,0xe1426694893add76ca444fb2595e85ac855db40813c66848484523b2388b269c,3,0x111543163e916c3bdefbc7dd8d655bea19e15f74d4497fd581924fad7745472c,0xf3d542edf0ebb97aa47f5423d013e21ca64e4efa,0x7d1afa7b718fb893db30a3abc0cfc608aacfebb0,0x3f5ce5fbfe3e9af3971dd833d26ba9b5c936f0be,569522800000000000000000,Matic Token,MATIC,18,28,74184,20000000000,22092,6402186,deprecated,0xa9059cbb,"transfer(address _to, uint256 _value)",17414722
7646937,1556333584,0x57e6abb4bdaf652220363cf79253799e9474ed92b86a0b4bd2ca0842f2c4e600,4493,0x306147765499d03a447d1709dd117b2e7c73290b218b0190a15e1432bc2ea99a,0xd6038023888747865afc6ed7ee28a4888baaf002,0x7d1afa7b718fb893db30a3abc0cfc608aacfebb0,0x6eb68bee9549919861ace61464f51e4086d8fb59,19669000000000000000000,Matic Token,MATIC,18,5,52092,10000000000,52092,294869,deprecated,0xa9059cbb,"transfer(address _to, uint256 _value)",17414621
7646950,1556333780,0xf0c7b54588d6179848dc8fe7a99c459dcd7ee176147cabcf39df693fd201e3b6,3105407,0x5724699e696ff2cbb33f632d21c6d966418d989b9bccc76db639ab48d90720c0,0x3f5ce5fbfe3e9af3971dd833d26ba9b5c936f0be,0x7d1afa7b718fb893db30a3abc0cfc608aacfebb0,0x17d6972292fcb7a2a3ef61b2affbd29f7b359398,366125560000000000000000,Matic Token,MATIC,18,7,104184,40000000000,52092,233085,deprecated,0xa9059cbb,"transfer(address _to, uint256 _value)",17414608
7647073,1556335790,0xa0999924e955c2d2118218126e85b2c4acc59eac37ce16e8e2e45d83e3c7c75c,0,0x1e427a403663e7b2b353b65b7150494b47aa4844d1f5d1e0a48aa68a61b85fb7,0x6eb68bee9549919861ace61464f51e4086d8fb59,0x7d1afa7b718fb893db30a3abc0cfc608aacfebb0,0x3f5ce5fbfe3e9af3971dd833d26ba9b5c936f0be,19669000000000000000000,Matic Token,MATIC,18,48,74184,20000000000,22092,2403811,deprecated,0xa9059cbb,"transfer(address _to, uint256 _value)",17414485
7647073,1556335790,0xd42450b56eb9ce8bd76bd6c9b68ca3bed4c670ce65f02772f702d7fcd71284fd,39,0x1e427a403663e7b2b353b65b7150494b47aa4844d1f5d1e0a48aa68a61b85fb7,0x17d6972292fcb7a2a3ef61b2affbd29f7b359398,0x7d1afa7b718fb893db30a3abc0cfc608aacfebb0,0x3f5ce5fbfe3e9af3971dd833d26ba9b5c936f0be,366125560000000000000000,Matic Token,MATIC,18,62,74184,20000000000,22092,2754501,deprecated,0xa9059cbb,"transfer(address _to, uint256 _value)",17414485
7647203,1556337443,0x0f6833e35146f1f5b026247e1f78a05c92c7db3eba9e99844f3e62b7f06a9c52,3105456,0x2bd5c9a1f18b5812933bbc80ea08cab708508824957867594eddb39c9ed36b29,0x3f5ce5fbfe3e9af3971dd833d26ba9b5c936f0be,0x7d1afa7b718fb893db30a3abc0cfc608aacfebb0,0x658c36adf12119646c91cde690a26f6d0532245e,18307296000000000000000,Matic Token,MATIC,18,0,104184,40000000000,52092,52092,deprecated,0xa9059cbb,"transfer(address _to, uint256 _value)",17414355
7647241,1556338025,0xb110a041d170c61cbf40781a5e3172778e570a5e8f95db022193995b3e3b3727,1426337,0x7643e6baaed7184a5d477fee59853a89ddb27a5e11d86da7af2f4a05a539ddd3,0xd551234ae421e3bcba99a0da6d736074f22192ff,0x7d1afa7b718fb893db30a3abc0cfc608aacfebb0,0x3671ff85fef9569d773b291997c1ab40d95dc082,113904560000000000000000,Matic Token,MATIC,18,7,104184,40000000000,52092,247459,deprecated,0xa9059cbb,"transfer(address _to, uint256 _value)",17414317
7647336,1556339393,0xcbbc0d0f3c4e9b9c6239755c604730e34a094ccad1fad5307b2bb47e72084c51,15,0xf8d6cbbf0246d8880e7061758b92d2b199d35bce792a96c8176a412d64387dcd,0x3671ff85fef9569d773b291997c1ab40d95dc082,0x7d1afa7b718fb893db30a3abc0cfc608aacfebb0,0x3f5ce5fbfe3e9af3971dd833d26ba9b5c936f0be,113904560000000000000000,Matic Token,MATIC,18,32,74184,20000000000,22092,1272193,deprecated,0xa9059cbb,"transfer(address _to, uint256 _value)",17414222
7647336,1556339393,0xfb82af09ccfe5ad62e7c76b129099d52a602f39808bbd8133cce745651697975,36,0xf8d6cbbf0246d8880e7061758b92d2b199d35bce792a96c8176a412d64387dcd,0x658c36adf12119646c91cde690a26f6d0532245e,0x7d1afa7b718fb893db30a3abc0cfc608aacfebb0,0x3f5ce5fbfe3e9af3971dd833d26ba9b5c936f0be,18307296000000000000000,Matic Token,MATIC,18,33,74184,20000000000,22092,1294285,deprecated,0xa9059cbb,"transfer(address _to, uint256 _value)",17414222
7647461,1556340939,0x15e44d9b7505db575e075a4f11b3856708893758399d7ee50f4699771c05a58e,1336072,0xc9529720ac64d5b129e164f89340543433ca02716769d1f1015b85d3fc4cccbe,0x564286362092d8e7936f0549571a803b203aaced,0x7d1afa7b718fb893db30a3abc0cfc608aacfebb0,0xa99813c97231fea1b2416535f26bf9760e7e45d7,100000000000000000000,Matic Token,MATIC,18,62,104056,40000000000,52028,2239215,deprecated,0xa9059cbb,"transfer(address _to, uint256 _value)",17414097
7647485,1556341206,0x96270e6a4a3d3d64f9e8350aa1313f8dec251833ee4dc15c27cc7cd1e29f6e1e,58,0x1a16bf122cbd970d005bb517590dc647ff2775297042c17e7f52235213299fbe,0xa99813c97231fea1b2416535f26bf9760e7e45d7,0x7d1afa7b718fb893db30a3abc0cfc608aacfebb0,0x3f5ce5fbfe3e9af3971dd833d26ba9b5c936f0be,100000000000000000000,Matic Token,MATIC,18,14,74056,20000000000,22028,7036061,deprecated,0xa9059cbb,"transfer(address _to, uint256 _value)",17414073
7647630,1556343292,0x0e92c78f23769faaaefd640a8c5e60b1b41f5f5e21b8c3069b132821d5e4ad89,1426402,0x372f6b81e724daf9146c11fb673a8d52e550034dfe65f6bb827f354243b3eff1,0xd551234ae421e3bcba99a0da6d736074f22192ff,0x7d1afa7b718fb893db30a3abc0cfc608aacfebb0,0x012a44e0ff0ba15fd86748f5a87972494f1c45e4,56902560000000000000000,Matic Token,MATIC,18,16,104184,40000000000,52092,767230,deprecated,0xa9059cbb,"transfer(address _to, uint256 _value)",17413928
7647668,1556343939,0xc329b1379943b85f7fe2401ea412b1ab662e104917956f014a86da123e840e74,3105554,0x44b947c40e58c92ec8cd85f04b6681ce940b653f6e1018f394e65abf10b5690f,0x3f5ce5fbfe3e9af3971dd833d26ba9b5c936f0be,0x7d1afa7b718fb893db30a3abc0cfc608aacfebb0,0xa99813c97231fea1b2416535f26bf9760e7e45d7,569722800000000000000000,Matic Token,MATIC,18,34,104184,40000000000,52092,1620154,deprecated,0xa9059cbb,"transfer(address _to, uint256 _value)",17413890
7647668,1556343939,0xe9523a1adf3c37f0724db0a4aa6eb69d4d74fb563c45331d48e77747146cecab,1400869,0x44b947c40e58c92ec8cd85f04b6681ce940b653f6e1018f394e65abf10b5690f,0x0681d8db095565fe8a346fa0277bffde9c0edbbf,0x7d1afa7b718fb893db30a3abc0cfc608aacfebb0,0x06c8b9b7fd77f36a551e294858a9cdc6dd005317,2552552101100000000000000,Matic Token,MATIC,18,35,104312,40000000000,52156,1672310,deprecated,0xa9059cbb,"transfer(address _to, uint256 _value)",17413890
7647692,1556344206,0xe4745489d654ddf1360164eb21f2a9d4b1642d66f92edcead4b9ae6078d96ecb,1400876,0x5c334954e436a08912e44085ea162c25fe13f7844305c239ee1144223edfc789,0x0681d8db095565fe8a346fa0277bffde9c0edbbf,0x7d1afa7b718fb893db30a3abc0cfc608aacfebb0,0x4225e2ef14c8000a8103f0f0339ca048e9316558,8200000000000000000000,Matic Token,MATIC,18,2,104056,40000000000,52028,109634,deprecated,0xa9059cbb,"transfer(address _to, uint256 _value)",17413866
7647731,1556344793,0x19289e4047f7ab363f1d30ba0a00250b04357d1f5529a59b1a91ddef16578c35,59,0x27dc119bad9e3462932d95a8358a8b85657f64ad504f93d1e4ecab38d73da84c,0xa99813c97231fea1b2416535f26bf9760e7e45d7,0x7d1afa7b718fb893db30a3abc0cfc608aacfebb0,0x3f5ce5fbfe3e9af3971dd833d26ba9b5c936f0be,569722800000000000000000,Matic Token,MATIC,18,161,74184,20000000000,22092,6384787,deprecated,0xa9059cbb,"transfer(address _to, uint256 _value)",17413827
7647731,1556344793,0xae119ab59bcc9e75f80e3d88109d6aa16d576c2ed0badea1e924a253bead0a0d,1,0x27dc119bad9e3462932d95a8358a8b85657f64ad504f93d1e4ecab38d73da84c,0x4225e2ef14c8000a8103f0f0339ca048e9316558,0x7d1afa7b718fb893db30a3abc0cfc608aacfebb0,0x3f5ce5fbfe3e9af3971dd833d26ba9b5c936f0be,8200000000000000000000,Matic Token,MATIC,18,203,74184,20000000000,22092,7306235,deprecated,0xa9059cbb,"transfer(address _to, uint256 _value)",17413827
7647731,1556344793,0x76bd705e2fa04e8288eeab0f15f627a78b14907e1b33e380f992c287c80479eb,27,0x27dc119bad9e3462932d95a8358a8b85657f64ad504f93d1e4ecab38d73da84c,0x06c8b9b7fd77f36a551e294858a9cdc6dd005317,0x7d1afa7b718fb893db30a3abc0cfc608aacfebb0,0x3f5ce5fbfe3e9af3971dd833d26ba9b5c936f0be,2552552101100000000000000,Matic Token,MATIC,18,224,74440,20000000000,22220,7866641,deprecated,0xa9059cbb,"transfer(address _to, uint256 _value)",17413827
7647732,1556344843,0xb2d3a6938a16fb68712e42fff0161e3a59c766be365829be76af5a0210e62771,50,0x8254a63ef0001c8c202b4284b8e489cc9c577014e3129f729d7cbc598e49532e,0x012a44e0ff0ba15fd86748f5a87972494f1c45e4,0x7d1afa7b718fb893db30a3abc0cfc608aacfebb0,0x3f5ce5fbfe3e9af3971dd833d26ba9b5c936f0be,56902560000000000000000,Matic Token,MATIC,18,9,74184,20000000000,22092,279936,deprecated,0xa9059cbb,"transfer(address _to, uint256 _value)",17413826
7647808,1556345976,0x1647d199bdaa45662d29e5722b3d432160c3d6fc8a131e5e9ce19409e21b3e18,1400901,0xd2fc03835d6e8add66a1a9f5da623fd8e32d92cff553b67a124c3f0f7426c59c,0x0681d8db095565fe8a346fa0277bffde9c0edbbf,0x7d1afa7b718fb893db30a3abc0cfc608aacfebb0,0x0334d5635090901a8bf7b9bad5dfa27f63334f68,170906680000000000000000,Matic Token,MATIC,18,8,104184,40000000000,52092,248985,deprecated,0xa9059cbb,"transfer(address _to, uint256 _value)",17413750
7647808,1556345976,0x03f6a3aa4fd0e8ac97a372f3b2bf403cee6f3fc1d3226471e8f232e30f7eb297,1400902,0xd2fc03835d6e8add66a1a9f5da623fd8e32d92cff553b67a124c3f0f7426c59c,0x0681d8db095565fe8a346fa0277bffde9c0edbbf,0x7d1afa7b718fb893db30a3abc0cfc608aacfebb0,0xcdda937aec741ea0d9c9227459891c181bc49df8,113904560000000000000000,Matic Token,MATIC,18,9,104184,40000000000,52092,301077,deprecated,0xa9059cbb,"transfer(address _to, uint256 _value)",17413750
7647808,1556345976,0x8bbac8773c2f3b8bd1883882538f45acdf61f36cca9aaef50d596e07657f0aef,1426436,0xd2fc03835d6e8add66a1a9f5da623fd8e32d92cff553b67a124c3f0f7426c59c,0xd551234ae421e3bcba99a0da6d736074f22192ff,0x7d1afa7b718fb893db30a3abc0cfc608aacfebb0,0x0334d5635090901a8bf7b9bad5dfa27f63334f68,284911800000000000000000,Matic Token,MATIC,18,10,104184,40000000000,37092,338169,deprecated,0xa9059cbb,"transfer(address _to, uint256 _value)",17413750
7647816,1556346094,0x6b7cb7db04b7748bb795774f5b786d47ca0b746073d761f6a513cdbde80210b2,3105586,0xbc27a2fb5725084479b742595994593d8446d70503deb537ca9f6d5aff9e1932,0x3f5ce5fbfe3e9af3971dd833d26ba9b5c936f0be,0x7d1afa7b718fb893db30a3abc0cfc608aacfebb0,0xcdda937aec741ea0d9c9227459891c181bc49df8,341913680000000000000000,Matic Token,MATIC,18,6,74184,40000000000,37092,212429,deprecated,0xa9059cbb,"transfer(address _to, uint256 _value)",17413742
7647864,1556346607,0xcc18aa61fc09c8ab0a83e2cd869292e9b5eb39faae99dbe4e0d698a92bea51ac,4,0x9283fa3fbe9bea2c90a68e56d00560cd8a3b766218d655f3436fe9aa30d0fd83,0x0334d5635090901a8bf7b9bad5dfa27f63334f68,0x7d1afa7b718fb893db30a3abc0cfc608aacfebb0,0x3f5ce5fbfe3e9af3971dd833d26ba9b5c936f0be,455818480000000000000000,Matic Token,MATIC,18,22,74184,20000000000,22092,7054989,deprecated,0xa9059cbb,"transfer(address _to, uint256 _value)",17413694
7647998,1556348387,0xe6d9f6db627ae388de3b081418015e79c1a9e05cd65e5b377259da36635d5509,3,0x45abc026cf7754c8bdb19ca8499b9a40e3dd2e47cf76aa6477b33e7ff45b7e1f,0xcdda937aec741ea0d9c9227459891c181bc49df8,0x7d1afa7b718fb893db30a3abc0cfc608aacfebb0,0x3f5ce5fbfe3e9af3971dd833d26ba9b5c936f0be,455818240000000000000000,Matic Token,MATIC,18,181,74056,20000000000,22028,7279471,deprecated,0xa9059cbb,"transfer(address _to, uint256 _value)",17413560
7648013,1556348559,0x32c7f3e6b8cd7438cb840329d67d254ca4e0964eb90bd63c947bbd423e3e2007,1336181,0xd7a0a3a580c13aff6645ed3817c4cba1f062481d4afbc16873af6bad7513369b,0x564286362092d8e7936f0549571a803b203aaced,0x7d1afa7b718fb893db30a3abc0cfc608aacfebb0,0xb64141e82a531bba9159014f38d5216d850aee1a,113900000000000000000000,Matic Token,MATIC,18,17,104184,40000000000,52092,426725,deprecated,0xa9059cbb,"transfer(address _to, uint256 _value)",17413545
7648059,1556349223,0xa11013157e833275c88c31841afb8aafd1561828b2c18fa6e65d9513747dca88,1426490,0xf3ca5b17c1bba8e8d35aa8f01a5b8256d9fbc8a812337730bc0bb9a945647ba8,0xd551234ae421e3bcba99a0da6d736074f22192ff,0x7d1afa7b718fb893db30a3abc0cfc608aacfebb0,0x68c3890d84a28468767ba13ed0872ef63847856d,19880000000000000000000,Matic Token,MATIC,18,6,104184,40000000000,52092,196891,deprecated,0xa9059cbb,"transfer(address _to, uint256 _value)",17413499
7648110,1556349917,0x1d2ff2daeb9e39cd720bbb7faf47cf8ed7ea3fc7a7ea38d89a7526173f28837a,1400963,0x3339424d49962dabd33c6b5e12f9b1c7f7e5ac06efe348285e4f752a65558ba5,0x0681d8db095565fe8a346fa0277bffde9c0edbbf,0x7d1afa7b718fb893db30a3abc0cfc608aacfebb0,0xc68e1df69637a5006550308860e22a48104985c5,341913680000000000000000,Matic Token,MATIC,18,12,104056,40000000000,52028,351487,deprecated,0xa9059cbb,"transfer(address _to, uint256 _value)",17413448
7648136,1556350212,0x6dc03d3bcc6a201470b041522d32952517d2f714a77215e161ba73cc06167b3b,40,0x87637505c4e6c68377c2c41ce676c8c01e7908a380941d123bb8904038996916,0xc68e1df69637a5006550308860e22a48104985c5,0x7d1afa7b718fb893db30a3abc0cfc608aacfebb0,0x3f5ce5fbfe3e9af3971dd833d26ba9b5c936f0be,341913680000000000000000,Matic Token,MATIC,18,58,74184,20000000000,22092,7939479,deprecated,0xa9059cbb,"transfer(address _to, uint256 _value)",17413422
7648174,1556350749,0x72c96092f4a6afc2d1968d318701ca002eab27e3b2a43729ad42ec842f0f104b,3105677,0x2a8c6f53c1ea2e5d6fa9693a95936c4107f63e200f0f90f5c085efaa9df14c06,0x3f5ce5fbfe3e9af3971dd833d26ba9b5c936f0be,0x7d1afa7b718fb893db30a3abc0cfc608aacfebb0,0x866712f6797fa0249e299954712ec118d75faa58,341913680000000000000000,Matic Token,MATIC,18,9,104184,40000000000,52092,273836,deprecated,0xa9059cbb,"transfer(address _to, uint256 _value)",17413384
7648183,1556350884,0x53d7a7958ceba6967dc03de87b9b730cba1a4fae78a7510e87b47244a8849e5c,1336219,0xfc3206c43aff98271eb232fffa5ce64b582bf9cc85dd05ca10eafbd831004ac7,0x564286362092d8e7936f0549571a803b203aaced,0x7d1afa7b718fb893db30a3abc0cfc608aacfebb0,0xab943d6fb4a54f9132f942d6396662da5e24724c,113904560000000000000000,Matic Token,MATIC,18,10,104184,40000000000,52092,280584,deprecated,0xa9059cbb,"transfer(address _to, uint256 _value)",17413375
7648205,1556351285,0xb0479719a98738492489b2b2250fe71ce52bcc3b72d519f67b76ab715604e92d,1426524,0x1373dcc5fdf74fa76f9f2d846edf05553f8104a26049015d82d7ef598b8138f8,0xd551234ae421e3bcba99a0da6d736074f22192ff,0x7d1afa7b718fb893db30a3abc0cfc608aacfebb0,0x8c0cd875b68b8adb40ff032b46d6d9205560033b,455918240000000000000000,Matic Token,MATIC,18,3,104184,40000000000,52092,259068,deprecated,0xa9059cbb,"transfer(address _to, uint256 _value)",17413353
7648259,1556351979,0x1091ee20d4d8e4f352817bc9d8e6dc4f0a9aa935bc73284145c14595c74b4811,1401011,0xa64f39907ad86086ef5c17ef843894e5b5c582184816cdf1c267f2f8aebfcee0,0x0681d8db095565fe8a346fa0277bffde9c0edbbf,0x7d1afa7b718fb893db30a3abc0cfc608aacfebb0,0x8c0cd875b68b8adb40ff032b46d6d9205560033b,341913680000000000000000,Matic Token,MATIC,18,20,74184,40000000000,37092,766108,deprecated,0xa9059cbb,"transfer(address _to, uint256 _value)",17413299
7648263,1556352004,0x2f37856d0d721bf2bb6138723891e5e16ea3887f44ed6015268f1636287e1014,42,0x749b506975619f7535eaeda2ef969cfa5265a530e4b78106bf9e25d57a40be38,0x8c0cd875b68b8adb40ff032b46d6d9205560033b,0x7d1afa7b718fb893db30a3abc0cfc608aacfebb0,0x3f5ce5fbfe3e9af3971dd833d26ba9b5c936f0be,797831920000000000000000,Matic Token,MATIC,18,20,74184,20000000000,22092,442092,deprecated,0xa9059cbb,"transfer(address _to, uint256 _value)",17413295
7648263,1556352004,0xbab197595060080f76d264dfe341a719fa02fff644137188a7c05d1dea5780ec,3,0x749b506975619f7535eaeda2ef969cfa5265a530e4b78106bf9e25d57a40be38,0xb64141e82a531bba9159014f38d5216d850aee1a,0x7d1afa7b718fb893db30a3abc0cfc608aacfebb0,0x3f5ce5fbfe3e9af3971dd833d26ba9b5c936f0be,113900000000000000000000,Matic Token,MATIC,18,31,74184,20000000000,22092,679046,deprecated,0xa9059cbb,"transfer(address _to, uint256 _value)",17413295
7648277,1556352206,0xd58aacacdc32b1b05dbc697db2cfa98a196e978f261eb9beee76037f27f728b3,1401014,0x804caddc25e1dd41edd6db6b156cf57bed657c4a1411cb2aa982b98c3f052409,0x0681d8db095565fe8a346fa0277bffde9c0edbbf,0x7d1afa7b718fb893db30a3abc0cfc608aacfebb0,0x051d0eafa8d4870aa6d1310b683fe26bbc2a0a8f,850000000000000000000,Matic Token,MATIC,18,1,104056,40000000000,52028,73028,deprecated,0xa9059cbb,"transfer(address _to, uint256 _value)",17413281
7648288,1556352328,0x30066e9e1f679088745fc1039c00c7d0eef61b59d012e991b5fd2e33b1161154,1426558,0x63e6a2e734986fd4502d74365fdf39a9ea191439c0e8635638ed13d232874487,0xd551234ae421e3bcba99a0da6d736074f22192ff,0x7d1afa7b718fb893db30a3abc0cfc608aacfebb0,0xab943d6fb4a54f9132f942d6396662da5e24724c,113904560000000000000000,Matic Token,MATIC,18,7,74184,40000000000,37092,184092,deprecated,0xa9059cbb,"transfer(address _to, uint256 _value)",17413270
7648297,1556352460,0x3f0c753b49c9eba4be14a66c46b41dcd67646f67c788bb984ba3603748dbb310,1,0xb30cb252e0e5e18de08d97c3b0226e2d5948626e4833853f73fd81a682f059cb,0x866712f6797fa0249e299954712ec118d75faa58,0x7d1afa7b718fb893db30a3abc0cfc608aacfebb0,0xa989c979e71501bd22ac168949b81a1c0b887f7c,341913680000000000000000,Matic Token,MATIC,18,140,80000,5000000000,37092,6934505,deprecated,0xa9059cbb,"transfer(address _to, uint256 _value)",17413261
7648302,1556352599,0x85c754c3c8440122a7b5f953c5debd7d83746ae8f99da5b0ce1f57e8a5d168ed,1426563,0x0b19c27890c9a244c872dc050cfa63d28c23a1cbcfa7d35f7193d256121349a6,0xd551234ae421e3bcba99a0da6d736074f22192ff,0x7d1afa7b718fb893db30a3abc0cfc608aacfebb0,0x8c0cd875b68b8adb40ff032b46d6d9205560033b,341913680000000000000000,Matic Token,MATIC,18,11,104184,40000000000,52092,368407,deprecated,0xa9059cbb,"transfer(address _to, uint256 _value)",17413256
7648306,1556352674,0x5a6b47a7722f7d908a2eb3dc9fe6c62cfcb7ff8c1bad77d30b4f2b4a8590b830,1426564,0x7257464b865c99736dfca8bc4fee57a23518230df29e2db0e9122c5a896117ba,0xd551234ae421e3bcba99a0da6d736074f22192ff,0x7d1afa7b718fb893db30a3abc0cfc608aacfebb0,0xab943d6fb4a54f9132f942d6396662da5e24724c,113904560000000000000000,Matic Token,MATIC,18,6,74184,40000000000,37092,279384,deprecated,0xa9059cbb,"transfer(address _to, uint256 _value)",17413252
7648344,1556353043,0xe36346ecc821e37f80329a7946b7d6d9ccb483a23201e5915f28f4a680b833af,1426570,0x8acc5edd1cdbc0684836a7c761b64a8de884162b220e10fdbf36bfd46ac44f3b,0xd551234ae421e3bcba99a0da6d736074f22192ff,0x7d1afa7b718fb893db30a3abc0cfc608aacfebb0,0xaac5940b75aaf9c3d056f4535df6669778ed8521,113904560000000000000000,Matic Token,MATIC,18,19,104184,40000000000,52092,798349,deprecated,0xa9059cbb,"transfer(address _to, uint256 _value)",17413214
7648345,1556353063,0x5f7a4d3ea9314aecbb376fbe5d93a3e5d0a236bb46465c24456043c08ff28f38,1426571,0x74f17d94461c4ce2842b68ade693b3941a80dd49e84e2dcfef752f515d834474,0xd551234ae421e3bcba99a0da6d736074f22192ff,0x7d1afa7b718fb893db30a3abc0cfc608aacfebb0,0x8c0cd875b68b8adb40ff032b46d6d9205560033b,341913680000000000000000,Matic Token,MATIC,18,4,74184,40000000000,37092,204592,deprecated,0xa9059cbb,"transfer(address _to, uint256 _value)",17413213
7648372,1556353463,0xd569cbfb5d04db09049ecdc617e64d0dcfb28ddd7f26983ef8f62e8e76cf97c2,3105720,0x9640aeae5d3fc332ff30f5fe130189335ef60fd4be3ddf1b1f5d8e245339cf4c,0x3f5ce5fbfe3e9af3971dd833d26ba9b5c936f0be,0x7d1afa7b718fb893db30a3abc0cfc608aacfebb0,0x4e4bbd0dfa08d0cc400e86e1a0ada9b450c34758,341913680000000000000000,Matic Token,MATIC,18,116,104184,40000000000,52092,2757033,deprecated,0xa9059cbb,"transfer(address _to, uint256 _value)",17413186
7648379,1556353587,0xf06e92d0a46a5c415fd25a83a3d6024004b52ffc9db98fb99102253fb984d72b,1401047,0x572e1b1ac7b51b1c27181dc97353252aa76789bc7fc92de394a8d8143519b86b,0x0681d8db095565fe8a346fa0277bffde9c0edbbf,0x7d1afa7b718fb893db30a3abc0cfc608aacfebb0,0xab943d6fb4a54f9132f942d6396662da5e24724c,113904560000000000000000,Matic Token,MATIC,18,20,74184,40000000000,37092,549528,deprecated,0xa9059cbb,"transfer(address _to, uint256 _value)",17413179
7648396,1556353792,0x226382adad88e1dac57072e3934cfb134c8aac5a1cd9e9ae31178789395e0969,43,0x6ac0fd3a80dfda97ca70000fd13f8fa44d487b5ec4963e27119198d46f751a5c,0x8c0cd875b68b8adb40ff032b46d6d9205560033b,0x7d1afa7b718fb893db30a3abc0cfc608aacfebb0,0x3f5ce5fbfe3e9af3971dd833d26ba9b5c936f0be,683827360000000000000000,Matic Token,MATIC,18,79,74184,20000000000,22092,3357896,deprecated,0xa9059cbb,"transfer(address _to, uint256 _value)",17413162
7648396,1556353792,0xee193b0d9e4bc832ecb066870be3fa00570943242f96386cb096ff5e4274be5c,31,0x6ac0fd3a80dfda97ca70000fd13f8fa44d487b5ec4963e27119198d46f751a5c,0xa989c979e71501bd22ac168949b81a1c0b887f7c,0x7d1afa7b718fb893db30a3abc0cfc608aacfebb0,0x3f5ce5fbfe3e9af3971dd833d26ba9b5c936f0be,341913680000000000000000,Matic Token,MATIC,18,82,74184,20000000000,22092,3553609,deprecated,0xa9059cbb,"transfer(address _to, uint256 _value)",17413162
7648396,1556353792,0x48a5c2027104062ab91bdc7c7330fda053569ca201a45fcd4268ba7120f51dfc,16,0x6ac0fd3a80dfda97ca70000fd13f8fa44d487b5ec4963e27119198d46f751a5c,0xaac5940b75aaf9c3d056f4535df6669778ed8521,0x7d1afa7b718fb893db30a3abc0cfc608aacfebb0,0x3f5ce5fbfe3e9af3971dd833d26ba9b5c936f0be,113904560000000000000000,Matic Token,MATIC,18,83,74184,20000000000,22092,3575701,deprecated,0xa9059cbb,"transfer(address _to, uint256 _value)",17413162
7648411,1556354046,0x3096211585c9fa882be9bb9746549183c5a235be8f36c0558d399abb0cf993e9,1336292,0x4d61d4f79ebcf84ff974736fb3ce8b2ad5c3d9cf213ab1d78db5c10fa0adf8ba,0x564286362092d8e7936f0549571a803b203aaced,0x7d1afa7b718fb893db30a3abc0cfc608aacfebb0,0x3d978a4fa096a487ca1ef440a6a2073341101566,900000000000000000000,Matic Token,MATIC,18,0,104056,40000000000,52028,52028,deprecated,0xa9059cbb,"transfer(address _to, uint256 _value)",17413147
7648427,1556354192,0x4dcde2d116a4c5d4d66ea2acb65b93889c2c6e2a5ef4fb6cdfb85889c06fd340,1,0x87778d26c71b5bc20a3596a4008cc17c238644f3c250c8986e7cda2161db77a3,0x4e4bbd0dfa08d0cc400e86e1a0ada9b450c34758,0x7d1afa7b718fb893db30a3abc0cfc608aacfebb0,0xa989c979e71501bd22ac168949b81a1c0b887f7c,341913680000000000000000,Matic Token,MATIC,18,26,80000,5000000000,37092,1047341,deprecated,0xa9059cbb,"transfer(address _to, uint256 _value)",17413131
7648448,1556354462,0xa3c8f6c413321e3acccbb50e6e3bb0bcca215bd28151f29dc6a4e4e108285b28,1401066,0x88a2168765f2d18254540f643721408d8da83ba5157e6d7a5724755e307722cd,0x0681d8db095565fe8a346fa0277bffde9c0edbbf,0x7d1afa7b718fb893db30a3abc0cfc608aacfebb0,0xae27318289612cd04c7907b5c2218c1ba2aa69db,113904560000000000000000,Matic Token,MATIC,18,9,104184,40000000000,52092,287452,deprecated,0xa9059cbb,"transfer(address _to, uint256 _value)",17413110
7648452,1556354557,0xdca1a257f16a6ee98e1f403547f09689851a0d6475d641c6867e5c32c7f11300,1401071,0x0a1a9df87516fbd29adb02217495e7ef8efa215ad1acbd010e9bd956d1f0b3f0,0x0681d8db095565fe8a346fa0277bffde9c0edbbf,0x7d1afa7b718fb893db30a3abc0cfc608aacfebb0,0x3d978a4fa096a487ca1ef440a6a2073341101566,340913680000000000000000,Matic Token,MATIC,18,46,74184,40000000000,37092,1343755,deprecated,0xa9059cbb,"transfer(address _to, uint256 _value)",17413106
7648470,1556354823,0xb3a62dacdc31794c274bd7e082a5656d208d7fdfe70a6dc110281330ac06eb05,1336308,0x9715f71dc3c4b6cbb0b442f7a249fa4c809ae5ce1b0b94726724791649b623f2,0x564286362092d8e7936f0549571a803b203aaced,0x7d1afa7b718fb893db30a3abc0cfc608aacfebb0,0xeea585d768cbbc1c0446b7d070d6aacdc95f65cd,113904560000000000000000,Matic Token,MATIC,18,5,74184,40000000000,37092,142092,deprecated,0xa9059cbb,"transfer(address _to, uint256 _value)",17413088
7648477,1556354924,0x3db085785dd71becdd355a1e4fdf97b369ac5a55db7cd68747185ecb05130a95,11,0x1e7ed22d2250a43abe369e0538d9e646c7949a1bd5378ebe3e23779c10b80fb2,0x73c97bbdd61913f6d130488293a3cd840449a851,0x7d1afa7b718fb893db30a3abc0cfc608aacfebb0,0x84ec97b311e32a2908e0df4e1ceb82e00f766b16,227509120000000000000000,Matic Token,MATIC,18,79,52092,6000000000,37092,3416598,deprecated,0xa9059cbb,"transfer(address _to, uint256 _value)",17413081
7648492,1556355086,0xd50dd66e9be9a2d4d8d84ae25d72aaa2a0bace65da53883dd57850a7b37b42e1,1336315,0xd601453489e7cb99b94158cbce19cc7a10e902b4b56538c555fb3842eab38710,0x564286362092d8e7936f0549571a803b203aaced,0x7d1afa7b718fb893db30a3abc0cfc608aacfebb0,0x87dc7dddd36cb83cae3831713271ba4a9775aec7,113904560000000000000000,Matic Token,MATIC,18,12,104184,40000000000,52092,4543665,deprecated,0xa9059cbb,"transfer(address _to, uint256 _value)",17413066
7648510,1556355355,0xa4b467cfcbd178da39d361d28a3ca081bfd8151876ab05e12050b24a1e6219b8,1401088,0xe9af0cb089ace08562f25460ff9d4bd59ef6f0067d8c30c53acc89e0f49485df,0x0681d8db095565fe8a346fa0277bffde9c0edbbf,0x7d1afa7b718fb893db30a3abc0cfc608aacfebb0,0xaac5940b75aaf9c3d056f4535df6669778ed8521,113904560000000000000000,Matic Token,MATIC,18,3,104184,40000000000,52092,115092,deprecated,0xa9059cbb,"transfer(address _to, uint256 _value)",17413048
7648511,1556355367,0x504f59c48904dd5a80154cab0aaff1ae5130df2f562eeaa9d055a5d36f975bd0,1336323,0x00801b029a7332593cbdcba72e4324d79f561653f34ca22b3aff1cf65f3c72d3,0x564286362092d8e7936f0549571a803b203aaced,0x7d1afa7b718fb893db30a3abc0cfc608aacfebb0,0x87dc7dddd36cb83cae3831713271ba4a9775aec7,113904560000000000000000,Matic Token,MATIC,18,44,74184,40000000000,37092,1184845,deprecated,0xa9059cbb,"transfer(address _to, uint256 _value)",17413047
7648520,1556355485,0x2b20322d4dfbb60ff99c83fff2dc7a224d1509492daaf6cbd55d6d01397d17b4,1336325,0x6b3af94ae867734bc3ce3c0873c4b8c3f46cd4b7e7738ba766271022c17a9d86,0x564286362092d8e7936f0549571a803b203aaced,0x7d1afa7b718fb893db30a3abc0cfc608aacfebb0,0x67778e5db3d5f7da18bab29c77055502429d9be4,113904560000000000000000,Matic Token,MATIC,18,1,104184,40000000000,52092,103871,deprecated,0xa9059cbb,"transfer(address _to, uint256 _value)",17413038
7648531,1556355591,0xee72cf460ce76c897a0c0a19c937ba6f1ca7fd02cfbafb5dbb07299bde0ba3d8,29,0xb69ad14429dec8ebaf44af721a6c6ce28ffe510b2348d312b38bb44efa3275bd,0x87dc7dddd36cb83cae3831713271ba4a9775aec7,0x7d1afa7b718fb893db30a3abc0cfc608aacfebb0,0x3f5ce5fbfe3e9af3971dd833d26ba9b5c936f0be,227809120000000000000000,Matic Token,MATIC,18,83,74184,20000000000,22092,3021729,deprecated,0xa9059cbb,"transfer(address _to, uint256 _value)",17413027
7648531,1556355591,0x0308947d643501ede13cb58ee1983de8dbab7ad48948ed775ea54ba6596647d0,32,0xb69ad14429dec8ebaf44af721a6c6ce28ffe510b2348d312b38bb44efa3275bd,0xa989c979e71501bd22ac168949b81a1c0b887f7c,0x7d1afa7b718fb893db30a3abc0cfc608aacfebb0,0x3f5ce5fbfe3e9af3971dd833d26ba9b5c936f0be,341913680000000000000000,Matic Token,MATIC,18,94,74184,20000000000,22092,3254215,deprecated,0xa9059cbb,"transfer(address _to, uint256 _value)",17413027
7648531,1556355591,0x2439a4fbd897600a87984499586c2ac333a41955119497c030b82e49e853125b,27,0xb69ad14429dec8ebaf44af721a6c6ce28ffe510b2348d312b38bb44efa3275bd,0xae27318289612cd04c7907b5c2218c1ba2aa69db,0x7d1afa7b718fb893db30a3abc0cfc608aacfebb0,0x3f5ce5fbfe3e9af3971dd833d26ba9b5c936f0be,113904560000000000000000,Matic Token,MATIC,18,136,74184,20000000000,22092,4227174,deprecated,0xa9059cbb,"transfer(address _to, uint256 _value)",17413027
7648531,1556355591,0x354aa48c360187e1f386462d7a79c992a502121e35014ee026a9784f31e290e3,20,0xb69ad14429dec8ebaf44af721a6c6ce28ffe510b2348d312b38bb44efa3275bd,0x3d978a4fa096a487ca1ef440a6a2073341101566,0x7d1afa7b718fb893db30a3abc0cfc608aacfebb0,0x3f5ce5fbfe3e9af3971dd833d26ba9b5c936f0be,341813680000000000000000,Matic Token,MATIC,18,150,74184,20000000000,22092,4524302,deprecated,0xa9059cbb,"transfer(address _to, uint256 _value)",17413027
7648531,1556355591,0x4b11edc32c02bd5ac5380733aec609e01a525308f2260e37a1aa76c30cbda56a,17,0xb69ad14429dec8ebaf44af721a6c6ce28ffe510b2348d312b38bb44efa3275bd,0xaac5940b75aaf9c3d056f4535df6669778ed8521,0x7d1afa7b718fb893db30a3abc0cfc608aacfebb0,0x3f5ce5fbfe3e9af3971dd833d26ba9b5c936f0be,113904560000000000000000,Matic Token,MATIC,18,174,74184,20000000000,22092,5107703,deprecated,0xa9059cbb,"transfer(address _to, uint256 _value)",17413027
7648541,1556355748,0x64ab800e338c7e0922c2ef54676fa352448b108e0ce63c86580d9d92b7e84e92,1426631,0xcdf3397f8682f66a4ccaf802df67a5d629e672af22b0dbbb30615aef25d4ddcb,0xd551234ae421e3bcba99a0da6d736074f22192ff,0x7d1afa7b718fb893db30a3abc0cfc608aacfebb0,0xeea585d768cbbc1c0446b7d070d6aacdc95f65cd,113904560000000000000000,Matic Token,MATIC,18,0,74184,40000000000,37092,37092,deprecated,0xa9059cbb,"transfer(address _to, uint256 _value)",17413017
7648558,1556355973,0x47258325dd07e3ca372ff3b52aac4173b14e865e893a291ef5421fca837feafe,39,0x8743292be64fbeb2b537cc2f6718fc685742ec66e1ee0d12cc271151656c1eb0,0x3ef498e7f978793b3da6930abcc416a86ca6ee18,0x7d1afa7b718fb893db30a3abc0cfc608aacfebb0,0x84ec97b311e32a2908e0df4e1ceb82e00f766b16,341712560000000000000000,Matic Token,MATIC,18,88,37092,6000000000,22092,3842911,deprecated,0xa9059cbb,"transfer(address _to, uint256 _value)",17413000
7648564,1556356041,0x434ea012093ec3da6a5a897bb828a7fced45fac219a950f3ca852fd31fd2bc11,39,0x18050b5761ebb6e762d8d37b009995107063fc553875b702b0e6d6af8ec32f60,0xab943d6fb4a54f9132f942d6396662da5e24724c,0x7d1afa7b718fb893db30a3abc0cfc608aacfebb0,0x84ec97b311e32a2908e0df4e1ceb82e00f766b16,455618240000000000000000,Matic Token,MATIC,18,55,37092,6000000000,22092,2291034,deprecated,0xa9059cbb,"transfer(address _to, uint256 _value)",17412994
7648572,1556356106,0xd1fd6e057eb685cacfadbcd43d93ee9bea9a23898a9824940e9685fc9b821130,141,0xcb95d8ff06d0df318f1aad9b6aa742de8d0212d810c120faec639548d4b0a1bc,0xeea585d768cbbc1c0446b7d070d6aacdc95f65cd,0x7d1afa7b718fb893db30a3abc0cfc608aacfebb0,0x84ec97b311e32a2908e0df4e1ceb82e00f766b16,341713680000000000000000,Matic Token,MATIC,18,127,37092,6000000000,22092,6236914,deprecated,0xa9059cbb,"transfer(address _to, uint256 _value)",17412986
7648573,1556356128,0xf33bdbc5feb905f81883e4d5c84dd6706a4b7d9ac844c02f7097416b834cfea4,1401104,0x99cfeff392df5db1801889a4d3be4049edff77758c77639650bc843f2c104d2e,0x0681d8db095565fe8a346fa0277bffde9c0edbbf,0x7d1afa7b718fb893db30a3abc0cfc608aacfebb0,0x8c0cd875b68b8adb40ff032b46d6d9205560033b,227909120000000000000000,Matic Token,MATIC,18,13,104056,40000000000,52028,406274,deprecated,0xa9059cbb,"transfer(address _to, uint256 _value)",17412985
7648576,1556356191,0xfe81febb578cf751d4bae31e637d19eaa952dafc8ce4e5960f7bbbca1518df23,3105769,0x483343c7f76f7ea0e484c2bd6c73658b267b3c2d761648b65de7bb915733c970,0x3f5ce5fbfe3e9af3971dd833d26ba9b5c936f0be,0x7d1afa7b718fb893db30a3abc0cfc608aacfebb0,0x8c0cd875b68b8adb40ff032b46d6d9205560033b,341913680000000000000000,Matic Token,MATIC,18,113,74184,40000000000,37092,2470540,deprecated,0xa9059cbb,"transfer(address _to, uint256 _value)",17412982
7648589,1556356347,0x1c671b9d50bdae76e137c9a8ddd7b699ee26c7e0186788611c7433450170a985,1426644,0x517acee050f0876d6cded0a206f7b067378903a922828adaac2a0a5ac68b2297,0xd551234ae421e3bcba99a0da6d736074f22192ff,0x7d1afa7b718fb893db30a3abc0cfc608aacfebb0,0x8c0cd875b68b8adb40ff032b46d6d9205560033b,455918240000000000000000,Matic Token,MATIC,18,6,74184,40000000000,37092,174299,deprecated,0xa9059cbb,"transfer(address _to, uint256 _value)",17412969
7648609,1556356606,0x24303912b4f48b814ff06a218d276066039c06d179b1e17667f563b24891f1f5,1401111,0xdbf0e7a8489dc63a10cc637df280adbd950053d114016fad09094ffb65f3822f,0x0681d8db095565fe8a346fa0277bffde9c0edbbf,0x7d1afa7b718fb893db30a3abc0cfc608aacfebb0,0x30a7eab01132b4d171ce5649d75314ff82cdec60,284911000000000000000000,Matic Token,MATIC,18,25,104184,40000000000,52092,658371,deprecated,0xa9059cbb,"transfer(address _to, uint256 _value)",17412949
7648620,1556356767,0x2d5bdadbbbd2952b7c52e74ef1ee65bc9973b732f8b0a642a45d10a81d88ed6a,1401113,0x5abe964098305147a8e6f6a5bad709b60c8141f7bfb9222588dda41efcaaf15c,0x0681d8db095565fe8a346fa0277bffde9c0edbbf,0x7d1afa7b718fb893db30a3abc0cfc608aacfebb0,0x8c0cd875b68b8adb40ff032b46d6d9205560033b,341913680000000000000000,Matic Token,MATIC,18,22,74184,40000000000,37092,655360,deprecated,0xa9059cbb,"transfer(address _to, uint256 _value)",17412938
7648620,1556356767,0x550e84eb8bf764a237d1b764117a46267183d8461c929ee0fbe29674279031b3,1426654,0x5abe964098305147a8e6f6a5bad709b60c8141f7bfb9222588dda41efcaaf15c,0xd551234ae421e3bcba99a0da6d736074f22192ff,0x7d1afa7b718fb893db30a3abc0cfc608aacfebb0,0x8c0cd875b68b8adb40ff032b46d6d9205560033b,341913680000000000000000,Matic Token,MATIC,18,24,74184,40000000000,37092,747057,deprecated,0xa9059cbb,"transfer(address _to, uint256 _value)",17412938
7648647,1556357138,0xf9ef5b69e02276fc32126ac6bf4b41b2a438d6ca5c29715d25be2454db9a6074,1336348,0x82a71e497b2686726ea596df0723a29dfa15f61d34bcda0f26a813d2406f87f9,0x564286362092d8e7936f0549571a803b203aaced,0x7d1afa7b718fb893db30a3abc0cfc608aacfebb0,0xeb7a5577ae82f25db85e29035daeed2b35d0cadb,341913680000000000000000,Matic Token,MATIC,18,21,104184,40000000000,52092,621420,deprecated,0xa9059cbb,"transfer(address _to, uint256 _value)",17412911
7648656,1556357266,0xed953a2ae50d32508d0620968d1eb447ca076aa7574f57f8af16965840946ce7,1426669,0x175c2c18ecd1462a75615d7c054c894848618f67a2e75bb633c42094ec98b795,0xd551234ae421e3bcba99a0da6d736074f22192ff,0x7d1afa7b718fb893db30a3abc0cfc608aacfebb0,0x8c0cd875b68b8adb40ff032b46d6d9205560033b,569922800000000000000000,Matic Token,MATIC,18,38,74184,40000000000,37092,1150743,deprecated,0xa9059cbb,"transfer(address _to, uint256 _value)",17412902
7648663,1556357369,0x7935f9c031198035c56af3a8d99cb6cf67e79cc4d003c59466550a55cae69dd5,1401127,0xe3e9063d0634055859ed2174aed03cd4dd5a0138f26cec2b04b9123a46c41211,0x0681d8db095565fe8a346fa0277bffde9c0edbbf,0x7d1afa7b718fb893db30a3abc0cfc608aacfebb0,0x8c0cd875b68b8adb40ff032b46d6d9205560033b,341913680000000000000000,Matic Token,MATIC,18,116,74184,40000000000,37092,2774362,deprecated,0xa9059cbb,"transfer(address _to, uint256 _value)",17412895
7648663,1556357369,0x3fc9fb6d731bebf0d212edc130bf2b8a4689b76dfcf62a361f8c6719e0dbdb7b,44,0xe3e9063d0634055859ed2174aed03cd4dd5a0138f26cec2b04b9123a46c41211,0x8c0cd875b68b8adb40ff032b46d6d9205560033b,0x7d1afa7b718fb893db30a3abc0cfc608aacfebb0,0x3f5ce5fbfe3e9af3971dd833d26ba9b5c936f0be,2279491200000000000000000,Matic Token,MATIC,18,156,74312,20000000000,37156,4260631,deprecated,0xa9059cbb,"transfer(address _to, uint256 _value)",17412895
7648663,1556357369,0xa361a73d635e6f0d11f54c51be420e4f1b3656ce6a02fab427ca80d383884d9c,27,0xe3e9063d0634055859ed2174aed03cd4dd5a0138f26cec2b04b9123a46c41211,0x67778e5db3d5f7da18bab29c77055502429d9be4,0x7d1afa7b718fb893db30a3abc0cfc608aacfebb0,0x3f5ce5fbfe3e9af3971dd833d26ba9b5c936f0be,113904560000000000000000,Matic Token,MATIC,18,206,74184,20000000000,22092,5428378,deprecated,0xa9059cbb,"transfer(address _to, uint256 _value)",17412895
7648677,1556357647,0x7811d480732782ad7783634f4fa51e9e2eb0ce0ccf675f140701a9655cf6ea9b,3105796,0xeaf7c5108e931af04c66fb109c427865a29d90617b2d48ce692e91db1ef5908a,0x3f5ce5fbfe3e9af3971dd833d26ba9b5c936f0be,0x7d1afa7b718fb893db30a3abc0cfc608aacfebb0,0x8c0cd875b68b8adb40ff032b46d6d9205560033b,341913680000000000000000,Matic Token,MATIC,18,15,74184,40000000000,37092,1027886,deprecated,0xa9059cbb,"transfer(address _to, uint256 _value)",17412881
7648682,1556357769,0xf5b64b8c2f377b0dc76a2a6cc8daeece454ecc97c0a94af91703ee10f8db8485,1336355,0x64a670a93f7c8edcedbfed240e9a867ae7068b5d370d08cc55b20b5398af4990,0x564286362092d8e7936f0549571a803b203aaced,0x7d1afa7b718fb893db30a3abc0cfc608aacfebb0,0x8c0cd875b68b8adb40ff032b46d6d9205560033b,227909120000000000000000,Matic Token,MATIC,18,70,74056,40000000000,37028,1673733,deprecated,0xa9059cbb,"transfer(address _to, uint256 _value)",17412876
7648711,1556358184,0xb6427fb0b199eedd55ea930f24f70e5b3ec9cd9b696a427406e4354efd709337,1336362,0x8b66fb2806dd172dbb6afa6d50f15c96ae0b1b2666624364f1f81b263e591b08,0x564286362092d8e7936f0549571a803b203aaced,0x7d1afa7b718fb893db30a3abc0cfc608aacfebb0,0xeeaec502d8b53eb1f5a574585c9aee4e2c375c4b,19900000000000000000000,Matic Token,MATIC,18,9,104184,40000000000,52092,414627,deprecated,0xa9059cbb,"transfer(address _to, uint256 _value)",17412847
7648723,1556358283,0xaa8db0d7b703a75abe34d670d0c937b654df451a2635327e014fa622d49f0708,3105807,0x9bb57a4d261a0a89c4b12d0151eb82f76a9c68df14c47d49ca66e12a49407fa8,0x3f5ce5fbfe3e9af3971dd833d26ba9b5c936f0be,0x7d1afa7b718fb893db30a3abc0cfc608aacfebb0,0x8c0cd875b68b8adb40ff032b46d6d9205560033b,341913680000000000000000,Matic Token,MATIC,18,2,74184,40000000000,37092,236739,deprecated,0xa9059cbb,"transfer(address _to, uint256 _value)",17412835
7648723,1556358283,0xa2c1cf31d4f43bff0715f300f8d3b7e7d5f246e3ac711c3235ae5ab2514bcfbb,3105808,0x9bb57a4d261a0a89c4b12d0151eb82f76a9c68df14c47d49ca66e12a49407fa8,0x3f5ce5fbfe3e9af3971dd833d26ba9b5c936f0be,0x7d1afa7b718fb893db30a3abc0cfc608aacfebb0,0x8c0cd875b68b8adb40ff032b46d6d9205560033b,341913680000000000000000,Matic Token,MATIC,18,3,74184,40000000000,37092,273831,deprecated,0xa9059cbb,"transfer(address _to, uint256 _value)",17412835
7648723,1556358283,0xaa42750824bc90b97cfa20bf1036ba1b27e7edf600a755aeecc5b8787886ee6e,1336366,0x9bb57a4d261a0a89c4b12d0151eb82f76a9c68df14c47d49ca66e12a49407fa8,0x564286362092d8e7936f0549571a803b203aaced,0x7d1afa7b718fb893db30a3abc0cfc608aacfebb0,0x8c0cd875b68b8adb40ff032b46d6d9205560033b,227909120000000000000000,Matic Token,MATIC,18,4,74056,40000000000,37028,310859,deprecated,0xa9059cbb,"transfer(address _to, uint256 _value)",17412835
7648723,1556358283,0x608a0aa5be90cf459343a65a692f5c427bde56dfae83ab6ac037752d01eac64c,1401139,0x9bb57a4d261a0a89c4b12d0151eb82f76a9c68df14c47d49ca66e12a49407fa8,0x0681d8db095565fe8a346fa0277bffde9c0edbbf,0x7d1afa7b718fb893db30a3abc0cfc608aacfebb0,0x8c0cd875b68b8adb40ff032b46d6d9205560033b,341913680000000000000000,Matic Token,MATIC,18,5,74184,40000000000,37092,347951,deprecated,0xa9059cbb,"transfer(address _to, uint256 _value)",17412835
7648746,1556358561,0x5778fde167f7f481caa935982bfe9fdbddde4d2afbec2b65100455a8b3d4dbf7,0,0xf00a233da6bbd93647504a7c5e0a5a6afc5f49f2ce6581be74e45603b3c2eae5,0xeeaec502d8b53eb1f5a574585c9aee4e2c375c4b,0x7d1afa7b718fb893db30a3abc0cfc608aacfebb0,0xf7793d27a1b76cdf14db7c83e82c772cf7c92910,19900000000000000000000,Matic Token,MATIC,18,69,60000,6000000000,22092,2872421,deprecated,0xa9059cbb,"transfer(address _to, uint256 _value)",17412812
7648780,1556358940,0xbc77145b4b318dcc49058f6dde793e24764eed7b45987d09bd70430cafec835a,1401165,0x75adc2b79043e2c3abfbac292d2c7b1c09b006202b410b6ee31f57fd545d8134,0x0681d8db095565fe8a346fa0277bffde9c0edbbf,0x7d1afa7b718fb893db30a3abc0cfc608aacfebb0,0xbee8845cd016350af73e4cc1ae6d24b832218037,113904560000000000000000,Matic Token,MATIC,18,64,104184,40000000000,52092,1471589,deprecated,0xa9059cbb,"transfer(address _to, uint256 _value)",17412778
7648786,1556359029,0x20f685adb5de60033775313b0633931816759e2046f6b263da58754939fa698e,1401168,0xcabd40e20c11bc5f3a5ee71d3d00a058cc377beb7a7aab4abf71317ce79552c8,0x0681d8db095565fe8a346fa0277bffde9c0edbbf,0x7d1afa7b718fb893db30a3abc0cfc608aacfebb0,0x37132d9ca8eb9f3111930cd50e8ac1c4f0b6434b,1832631434000000000000000,Matic Token,MATIC,18,26,104312,40000000000,52156,720403,deprecated,0xa9059cbb,"transfer(address _to, uint256 _value)",17412772
7648803,1556359202,0x516cc3e8ae6cb060256b4c2c84428ae2a93e94492d1a315993bf24765c3a5813,45,0x30b0ebc6d197fb8cf73210e182bddc17696b6b40dfea64dd0a5d41103c277877,0x8c0cd875b68b8adb40ff032b46d6d9205560033b,0x7d1afa7b718fb893db30a3abc0cfc608aacfebb0,0x3f5ce5fbfe3e9af3971dd833d26ba9b5c936f0be,2165386640000000000000000,Matic Token,MATIC,18,86,74312,20000000000,22156,7880429,deprecated,0xa9059cbb,"transfer(address _to, uint256 _value)",17412755
7648804,1556359230,0xab3f4c8ded2645ecc949d6f70d05351154813d96d7fa4566ad7c6e6071643c95,16,0xe55207561b57298b37a10296db1d93bfe0ffa7bc16855eba8903a531ae58d084,0xbee8845cd016350af73e4cc1ae6d24b832218037,0x7d1afa7b718fb893db30a3abc0cfc608aacfebb0,0x3f5ce5fbfe3e9af3971dd833d26ba9b5c936f0be,113904560000000000000000,Matic Token,MATIC,18,49,74184,20000000000,22092,7701088,deprecated,0xa9059cbb,"transfer(address _to, uint256 _value)",17412754
7648805,1556359234,0x31205856e34e0e06fcab574c245cf66b432361d3da1e502a1601efcb5f7c9645,0,0x420abe0034604975bcb78b5665e37a9864abd2a492bc350ba81c9e58b8eada63,0x30a7eab01132b4d171ce5649d75314ff82cdec60,0x7d1afa7b718fb893db30a3abc0cfc608aacfebb0,0x3f5ce5fbfe3e9af3971dd833d26ba9b5c936f0be,284911000000000000000000,Matic Token,MATIC,18,12,74184,20000000000,22092,2462862,deprecated,0xa9059cbb,"transfer(address _to, uint256 _value)",17412753
7648835,1556359442,0x0bbc13d279524c35f53d2ca95caaa0fe64efe788317f5c6e22b460f041e05721,1401183,0xf53887b2f83c4051bb225178bdc05c43818adceaa404f813b5b9e06c4b66658c,0x0681d8db095565fe8a346fa0277bffde9c0edbbf,0x7d1afa7b718fb893db30a3abc0cfc608aacfebb0,0xa89de71517c02bae31cf08bebd6ae83123b2169e,615600000000000000000000,Matic Token,MATIC,18,5,104184,40000000000,52092,188005,deprecated,0xa9059cbb,"transfer(address _to, uint256 _value)",17412723
7648935,1556360675,0x224fdc0ec5207e4ea639d45afccc970931a09ef365df77eecfd6945a00da4fc3,1336415,0x786bba7d6fe9b551f79b93f75f579e862c102061a429c7050c4ea8d90872f98d,0x564286362092d8e7936f0549571a803b203aaced,0x7d1afa7b718fb893db30a3abc0cfc608aacfebb0,0x0aa8ba486388e5e3a25df7689a3668687fd91f76,58900000000000000000000,Matic Token,MATIC,18,49,104184,40000000000,52092,1231088,deprecated,0xa9059cbb,"transfer(address _to, uint256 _value)",17412623
7648935,1556360675,0xd590c8d4d0eda58ef40fabae4d0da961ceb13f16eae7eab6dba1a0b737d4c532,1426719,0x786bba7d6fe9b551f79b93f75f579e862c102061a429c7050c4ea8d90872f98d,0xd551234ae421e3bcba99a0da6d736074f22192ff,0x7d1afa7b718fb893db30a3abc0cfc608aacfebb0,0x0aad7c583a10e4c8b1761ac6c3c9f832b1c5b05f,58900000000000000000000,Matic Token,MATIC,18,52,104184,40000000000,52092,1374394,deprecated,0xa9059cbb,"transfer(address _to, uint256 _value)",17412623
7648935,1556360675,0x9127a8868dd2fc6df7ea540b61c07682cbc789986d73272749a1c704b4608fde,3105859,0x786bba7d6fe9b551f79b93f75f579e862c102061a429c7050c4ea8d90872f98d,0x3f5ce5fbfe3e9af3971dd833d26ba9b5c936f0be,0x7d1afa7b718fb893db30a3abc0cfc608aacfebb0,0xbee8845cd016350af73e4cc1ae6d24b832218037,113904560000000000000000,Matic Token,MATIC,18,56,104184,40000000000,52092,1508521,deprecated,0xa9059cbb,"transfer(address _to, uint256 _value)",17412623
7648955,1556360952,0xe6c8e444d4a143da63cbf6c9307f1adf85e8db8a2754e8f70c303668bedfa6af,1,0xb2196a28a8bf4d9a528e3cabf050a61b9d9c3dd8857e76cfe46c7715f38e4caa,0x0aa8ba486388e5e3a25df7689a3668687fd91f76,0x7d1afa7b718fb893db30a3abc0cfc608aacfebb0,0x3f5ce5fbfe3e9af3971dd833d26ba9b5c936f0be,58900000000000000000000,Matic Token,MATIC,18,87,74184,20000000000,22092,2596054,deprecated,0xa9059cbb,"transfer(address _to, uint256 _value)",17412603
7648955,1556360952,0x878f9fa8e55e21accf92ba918db1ab920ffcccb9d90c55c2f38df8160d65c485,22,0xb2196a28a8bf4d9a528e3cabf050a61b9d9c3dd8857e76cfe46c7715f38e4caa,0xa89de71517c02bae31cf08bebd6ae83123b2169e,0x7d1afa7b718fb893db30a3abc0cfc608aacfebb0,0x3f5ce5fbfe3e9af3971dd833d26ba9b5c936f0be,615600000000000000000000,Matic Token,MATIC,18,88,74184,20000000000,22092,2618146,deprecated,0xa9059cbb,"transfer(address _to, uint256 _value)",17412603
7648955,1556360952,0xb09caabf62901a93e8fec3f2783a1ed772641f96651f209948bad30a81fa6f69,17,0xb2196a28a8bf4d9a528e3cabf050a61b9d9c3dd8857e76cfe46c7715f38e4caa,0x37132d9ca8eb9f3111930cd50e8ac1c4f0b6434b,0x7d1afa7b718fb893db30a3abc0cfc608aacfebb0,0x3f5ce5fbfe3e9af3971dd833d26ba9b5c936f0be,1832631434000000000000000,Matic Token,MATIC,18,93,74312,20000000000,22156,2803925,deprecated,0xa9059cbb,"transfer(address _to, uint256 _value)",17412603
7648956,1556361008,0x25329db42fb11f059af3a1e654c8dd383908440ee6093f185d67c5f0cac9909c,17,0x15f87b829da635def212b6d99725f7d4fac7c3cc086d149861025660a75ff325,0xbee8845cd016350af73e4cc1ae6d24b832218037,0x7d1afa7b718fb893db30a3abc0cfc608aacfebb0,0x3f5ce5fbfe3e9af3971dd833d26ba9b5c936f0be,113904560000000000000000,Matic Token,MATIC,18,43,74184,20000000000,22092,1035104,deprecated,0xa9059cbb,"transfer(address _to, uint256 _value)",17412602
7648956,1556361008,0xad99acde8cc1e4ec68ce786fa0241ba5e2726f92e30954e1529caccf78b735f4,1,0x15f87b829da635def212b6d99725f7d4fac7c3cc086d149861025660a75ff325,0x0aad7c583a10e4c8b1761ac6c3c9f832b1c5b05f,0x7d1afa7b718fb893db30a3abc0cfc608aacfebb0,0x3f5ce5fbfe3e9af3971dd833d26ba9b5c936f0be,58900000000000000000000,Matic Token,MATIC,18,51,74184,20000000000,22092,1275207,deprecated,0xa9059cbb,"transfer(address _to, uint256 _value)",17412602
7648962,1556361100,0xc10259c5dc1875f325f3a544112e7e5649aa4dfe19c1736187dee080dc820683,1401218,0x305e6aa4c4c58d049285b3b93d016aca7f92a09816bf3ef633f2d6804de8dd11,0x0681d8db095565fe8a346fa0277bffde9c0edbbf,0x7d1afa7b718fb893db30a3abc0cfc608aacfebb0,0x63b6dee7793f79667023c06711a670b0e958c193,683827360000000000000000,Matic Token,MATIC,18,2,104184,40000000000,52092,100814,deprecated,0xa9059cbb,"transfer(address _to, uint256 _value)",17412596
7648966,1556361254,0x77c24b4d3792d7786b02a538e65fbbd424327ba00299751fed8347ee0a15f2ad,3105877,0x819bbe5e49e3fbea5b9a38f20bf025a6cc08abd262c86f1a4252f539ca1609f1,0x3f5ce5fbfe3e9af3971dd833d26ba9b5c936f0be,0x7d1afa7b718fb893db30a3abc0cfc608aacfebb0,0xa89de71517c02bae31cf08bebd6ae83123b2169e,113904560000000000000000,Matic Token,MATIC,18,43,104184,40000000000,52092,1336872,deprecated,0xa9059cbb,"transfer(address _to, uint256 _value)",17412592
7649037,1556362009,0x1b8ccd9d3cb8ebc6422905e2403d64cf23f29c9d33c9583a58f24035272ef360,1336437,0x5555a6e4812d1be7b0ca945c83708f2c9b4ad977d87995bf95955f2dca068d6c,0x564286362092d8e7936f0549571a803b203aaced,0x7d1afa7b718fb893db30a3abc0cfc608aacfebb0,0x9959de3e5e99ed36b2923543fb2f158e93e098af,91103648000000000000000,Matic Token,MATIC,18,2,104184,40000000000,52092,94092,deprecated,0xa9059cbb,"transfer(address _to, uint256 _value)",17412521
7649091,1556362803,0x1b0b79ceb4dd45c2613a6338c08e4531f46256df59ec3965718dad19e1653cb1,4,0x9e34da66c7572fffa2cf4a7dbaf2281d23782394630a5e6a21e35cc2c1d9ec66,0x9959de3e5e99ed36b2923543fb2f158e93e098af,0x7d1afa7b718fb893db30a3abc0cfc608aacfebb0,0x3f5ce5fbfe3e9af3971dd833d26ba9b5c936f0be,91103648000000000000000,Matic Token,MATIC,18,15,74184,20000000000,22092,2076182,deprecated,0xa9059cbb,"transfer(address _to, uint256 _value)",17412467
7649091,1556362803,0x2852632c258a4e8d271eefef5ec30fd54c71c5400f55df80a23698dc00c08648,34,0x9e34da66c7572fffa2cf4a7dbaf2281d23782394630a5e6a21e35cc2c1d9ec66,0x63b6dee7793f79667023c06711a670b0e958c193,0x7d1afa7b718fb893db30a3abc0cfc608aacfebb0,0x3f5ce5fbfe3e9af3971dd833d26ba9b5c936f0be,683827360000000000000000,Matic Token,MATIC,18,16,74184,20000000000,22092,2098274,deprecated,0xa9059cbb,"transfer(address _to, uint256 _value)",17412467
7649092,1556362809,0xb21e7201c3b5e039c7a579ed32cc8dc65135cc83b62febcf309ac8922f78112c,23,0x2eed202092bf22f1ef1bb3508f9eed2f9ff6e6b8cfa1d29b06f75f6aecc6d97e,0xa89de71517c02bae31cf08bebd6ae83123b2169e,0x7d1afa7b718fb893db30a3abc0cfc608aacfebb0,0x3f5ce5fbfe3e9af3971dd833d26ba9b5c936f0be,113904560000000000000000,Matic Token,MATIC,18,87,74184,20000000000,22092,7358322,deprecated,0xa9059cbb,"transfer(address _to, uint256 _value)",17412466
7649147,1556363735,0xb40c646bb814781767076a1f1a9581e94463c3378483bc99f8cc168f76bb4dd0,3105923,0x46dc88ad51dd5c533482d1d38069b0a760cf707c4c621b1aaa045a2c8badac74,0x3f5ce5fbfe3e9af3971dd833d26ba9b5c936f0be,0x7d1afa7b718fb893db30a3abc0cfc608aacfebb0,0x0943a6a60abb5bf77ca84eaf92d8db295fbcc077,41635123100000000000000,Matic Token,MATIC,18,10,104312,40000000000,52156,330454,deprecated,0xa9059cbb,"transfer(address _to, uint256 _value)",17412411
7649147,1556363735,0xf76f0a67dbac5bb800198666c33cb43d135c12707660c59401ab81d377201b0e,1426788,0x46dc88ad51dd5c533482d1d38069b0a760cf707c4c621b1aaa045a2c8badac74,0xd551234ae421e3bcba99a0da6d736074f22192ff,0x7d1afa7b718fb893db30a3abc0cfc608aacfebb0,0xa89de71517c02bae31cf08bebd6ae83123b2169e,113904560000000000000000,Matic Token,MATIC,18,11,104184,40000000000,52092,382546,deprecated,0xa9059cbb,"transfer(address _to, uint256 _value)",17412411
7649223,1556364600,0x5afda20aa27453318be182092005f91880908b2b6aa5ce85bd3ec4830ec2b9d0,1,0x9cf2aabe6f109c6fe2ddc5cb9e8588a49e01677c65f53085311aa62a4e676303,0x0943a6a60abb5bf77ca84eaf92d8db295fbcc077,0x7d1afa7b718fb893db30a3abc0cfc608aacfebb0,0x3f5ce5fbfe3e9af3971dd833d26ba9b5c936f0be,41635123100000000000000,Matic Token,MATIC,18,25,74312,20000000000,22156,818399,deprecated,0xa9059cbb,"transfer(address _to, uint256 _value)",17412335
7649223,1556364600,0x90d867d843ac879f077f74cc5ec040ce89040f7e9eb1d2cd6556ab3a32c4bfe2,24,0x9cf2aabe6f109c6fe2ddc5cb9e8588a49e01677c65f53085311aa62a4e676303,0xa89de71517c02bae31cf08bebd6ae83123b2169e,0x7d1afa7b718fb893db30a3abc0cfc608aacfebb0,0x3f5ce5fbfe3e9af3971dd833d26ba9b5c936f0be,113904560000000000000000,Matic Token,MATIC,18,29,74184,20000000000,22092,937434,deprecated,0xa9059cbb,"transfer(address _to, uint256 _value)",17412335
7649243,1556364800,0x811ef9b4b1d434088e7c201d61306cd704ec674270fe4d15e53fb77305525f32,3105945,0x2b75d51da0adb9255de010a9990529b40b939d28023349a561adeefe3c2f4847,0x3f5ce5fbfe3e9af3971dd833d26ba9b5c936f0be,0x7d1afa7b718fb893db30a3abc0cfc608aacfebb0,0xa89de71517c02bae31cf08bebd6ae83123b2169e,113904560000000000000000,Matic Token,MATIC,18,2,104184,40000000000,52092,94092,deprecated,0xa9059cbb,"transfer(address _to, uint256 _value)",17412315
7649302,1556365651,0x62570dc9006de262ba37843e7d0adf72f3c305e097ee367c90e3219fd09dbe71,1336505,0xbfced0f2e84c5565066300f3a50e506ae1d931d4cd5a2b42da9f1baa7c5de8ba,0x564286362092d8e7936f0549571a803b203aaced,0x7d1afa7b718fb893db30a3abc0cfc608aacfebb0,0xa89de71517c02bae31cf08bebd6ae83123b2169e,113904560000000000000000,Matic Token,MATIC,18,15,74184,40000000000,37092,475425,deprecated,0xa9059cbb,"transfer(address _to, uint256 _value)",17412256
7649317,1556365973,0x092c4640900ffb527a15ffa346ad72ba3d982a97e73603c69119fe01158d0d42,3105978,0xba01f078b603a1220c3c6fd3053868c75525bec02d5633ed378dfda9e500920e,0x3f5ce5fbfe3e9af3971dd833d26ba9b5c936f0be,0x7d1afa7b718fb893db30a3abc0cfc608aacfebb0,0xa89de71517c02bae31cf08bebd6ae83123b2169e,113904560000000000000000,Matic Token,MATIC,18,8,74184,40000000000,37092,306179,deprecated,0xa9059cbb,"transfer(address _to, uint256 _value)",17412241
7649330,1556366167,0x24db64d849494bd5d006d45f4e43566875ee9998a36c6a9978b02a6a11fcb43b,1336517,0xcfab6424798b6148506fd332f0981be7f23325cc4bfeb6aeb1663efb3c8b767a,0x564286362092d8e7936f0549571a803b203aaced,0x7d1afa7b718fb893db30a3abc0cfc608aacfebb0,0xfc567245fcdee424ae242a2609034deaf48dab99,227909120000000000000000,Matic Token,MATIC,18,32,104056,40000000000,52028,995503,deprecated,0xa9059cbb,"transfer(address _to, uint256 _value)",17412228
7649336,1556366227,0x65bb1f8ffd95cb59c1a807e02b280c44d5f4d0b9f5f912cd7284228b9a21aa5e,1401334,0x028703aadf6ef8e96fc0592f9d11cb8f3a59ecc0a5fb36ac89b8fc7be30c72de,0x0681d8db095565fe8a346fa0277bffde9c0edbbf,0x7d1afa7b718fb893db30a3abc0cfc608aacfebb0,0xa89de71517c02bae31cf08bebd6ae83123b2169e,113904560000000000000000,Matic Token,MATIC,18,42,74184,40000000000,37092,949502,deprecated,0xa9059cbb,"transfer(address _to, uint256 _value)",17412222
7649352,1556366418,0x3ff0f46a742a61062e50de992bc107c2bc9507ddfe19d2bb9b6be99f859eb91a,25,0x355cd07a0e6da738e29d0a5950414b4b3ce3b8b897151d5bfb48505fbb629ae4,0xa89de71517c02bae31cf08bebd6ae83123b2169e,0x7d1afa7b718fb893db30a3abc0cfc608aacfebb0,0x3f5ce5fbfe3e9af3971dd833d26ba9b5c936f0be,455618240000000000000000,Matic Token,MATIC,18,9,74184,20000000000,22092,3219803,deprecated,0xa9059cbb,"transfer(address _to, uint256 _value)",17412206
7649357,1556366499,0xf66d80a5a09a4fdb64f4555177728625cc3d601838aa64533c860ac0f77bf505,1426851,0xcd4aa8623522326258f0492e4277af8b46c183b7842c3ea88463199a16efe0e2,0xd551234ae421e3bcba99a0da6d736074f22192ff,0x7d1afa7b718fb893db30a3abc0cfc608aacfebb0,0xa89de71517c02bae31cf08bebd6ae83123b2169e,113904560000000000000000,Matic Token,MATIC,18,22,104184,40000000000,52092,514092,deprecated,0xa9059cbb,"transfer(address _to, uint256 _value)",17412201
7649453,1556367793,0x4e93c321065caf20b0ea1e2763621f4bde42b786f2751a5435ea17073102d37b,4501,0xd70263b7229db8671f6c10c32f455ea38c829c055545bbf735ecf17019aa8f35,0xd6038023888747865afc6ed7ee28a4888baaf002,0x7d1afa7b718fb893db30a3abc0cfc608aacfebb0,0x0f2d7a0f7aa4c013145eb569bcbef16665da4386,19001539700000000000000,Matic Token,MATIC,18,11,52156,10000000000,52156,410709,deprecated,0xa9059cbb,"transfer(address _to, uint256 _value)",17412105
7649459,1556367849,0xec68fadecc0fcf5d8df21410f1f66d48d4b68b2ac4e8da4e1361328087bf27f9,1,0xb68f85411cf1024a587b899ceac7a418fa728aed440e6ff57b7bace5fc3cbbb3,0xfc567245fcdee424ae242a2609034deaf48dab99,0x7d1afa7b718fb893db30a3abc0cfc608aacfebb0,0xa989c979e71501bd22ac168949b81a1c0b887f7c,227909120000000000000000,Matic Token,MATIC,18,23,80000,5000000000,37028,778640,deprecated,0xa9059cbb,"transfer(address _to, uint256 _value)",17412099
7649462,1556367867,0xdcea29e1cda789b7d1b6ee0c2994dc1866a526ad9bbcac47853625f84c4194c9,1401374,0xb08ff358ed5fa9881a2b97caee1ef435cc7614c41755f4f7d68dc165324809a8,0x0681d8db095565fe8a346fa0277bffde9c0edbbf,0x7d1afa7b718fb893db30a3abc0cfc608aacfebb0,0x4dd7b9a6c8117f99b7849ee685fc8f4214dd5d47,25683000000000000000000,Matic Token,MATIC,18,2,104184,40000000000,52092,94092,deprecated,0xa9059cbb,"transfer(address _to, uint256 _value)",17412096
7649492,1556368223,0x16a78d2fcb64b6ba3a42e40617c33a816dbdf053a9d52663292c654c826617f0,33,0xee8fe51db2c9adaf920e5f583de0c8b533ee034da97abe373919162b5cc5d7ad,0xa989c979e71501bd22ac168949b81a1c0b887f7c,0x7d1afa7b718fb893db30a3abc0cfc608aacfebb0,0x3f5ce5fbfe3e9af3971dd833d26ba9b5c936f0be,227909120000000000000000,Matic Token,MATIC,18,71,74056,20000000000,22028,7325914,deprecated,0xa9059cbb,"transfer(address _to, uint256 _value)",17412066
7649492,1556368223,0x47e522b531bd143c6829b7f0c31a898c9c9c156ea055d709ff4ae022c14fd6a7,1,0xee8fe51db2c9adaf920e5f583de0c8b533ee034da97abe373919162b5cc5d7ad,0x4dd7b9a6c8117f99b7849ee685fc8f4214dd5d47,0x7d1afa7b718fb893db30a3abc0cfc608aacfebb0,0x3f5ce5fbfe3e9af3971dd833d26ba9b5c936f0be,25683000000000000000000,Matic Token,MATIC,18,93,74184,20000000000,22092,7902242,deprecated,0xa9059cbb,"transfer(address _to, uint256 _value)",17412066
7649493,1556368232,0x0e2ff0a6db6f0040028b0aaa3f87f56bbd94f28258e8b6ca949e119c08fae877,26,0x7ee0128ad396c2b8a2a94f2c0f8fd899971fc52828156e0d7ac6b383fac2ce12,0xa89de71517c02bae31cf08bebd6ae83123b2169e,0x7d1afa7b718fb893db30a3abc0cfc608aacfebb0,0x3f5ce5fbfe3e9af3971dd833d26ba9b5c936f0be,113904560000000000000000,Matic Token,MATIC,18,21,74184,20000000000,22092,4606006,deprecated,0xa9059cbb,"transfer(address _to, uint256 _value)",17412065
7649498,1556368265,0xbdaed7253c228dbc8bf8d50f90e1c030e03fedce7906afb80f17d905377490c7,1426887,0x6e8a3f0cff6cbdda9753113a438069677561ba915f8002726321a0dd673eed2c,0xd551234ae421e3bcba99a0da6d736074f22192ff,0x7d1afa7b718fb893db30a3abc0cfc608aacfebb0,0x8e5c397e63b82af5f4bebfc73201b6f4a5ab8879,227909120000000000000000,Matic Token,MATIC,18,9,104056,40000000000,52028,303434,deprecated,0xa9059cbb,"transfer(address _to, uint256 _value)",17412060
7649504,1556368369,0x10c2f4384bb60c4518384e5390e1293b11fc0cfca177e9ac6e9230e0cef07cd1,1336564,0x9690dcf1d25f8f0771addc83034b132d888d10e98c769405c2392f602aae7bba,0x564286362092d8e7936f0549571a803b203aaced,0x7d1afa7b718fb893db30a3abc0cfc608aacfebb0,0xaf364b4d47768221910149f4e5d0f27da065208c,113904560000000000000000,Matic Token,MATIC,18,25,104184,40000000000,52092,1052062,deprecated,0xa9059cbb,"transfer(address _to, uint256 _value)",17412054
7649619,1556370004,0xe6b0ba29407993505c8cb29f7416d644b9bd723434121c00d22b4f16528997b9,36,0x2e432999c489062a20eed259eaf94c843cbb8cee957dfd2d39cd6445dd3ef183,0x8e5c397e63b82af5f4bebfc73201b6f4a5ab8879,0x7d1afa7b718fb893db30a3abc0cfc608aacfebb0,0x3f5ce5fbfe3e9af3971dd833d26ba9b5c936f0be,227909120000000000000000,Matic Token,MATIC,18,43,74056,20000000000,22028,3951484,deprecated,0xa9059cbb,"transfer(address _to, uint256 _value)",17411939
7649619,1556370004,0x01fb24ba648c3edf5baa5210a7f806083837e8133a06f1a589afa51d57861f2b,0,0x2e432999c489062a20eed259eaf94c843cbb8cee957dfd2d39cd6445dd3ef183,0x0f2d7a0f7aa4c013145eb569bcbef16665da4386,0x7d1afa7b718fb893db30a3abc0cfc608aacfebb0,0x3f5ce5fbfe3e9af3971dd833d26ba9b5c936f0be,19001539700000000000000,Matic Token,MATIC,18,46,74312,20000000000,22156,4018924,deprecated,0xa9059cbb,"transfer(address _to, uint256 _value)",17411939
7649619,1556370004,0x515c12bee383e00faf9de7d7471d2a4bc038607f922b78ca8fe33481567d827c,72,0x2e432999c489062a20eed259eaf94c843cbb8cee957dfd2d39cd6445dd3ef183,0xaf364b4d47768221910149f4e5d0f27da065208c,0x7d1afa7b718fb893db30a3abc0cfc608aacfebb0,0x3f5ce5fbfe3e9af3971dd833d26ba9b5c936f0be,113904560000000000000000,Matic Token,MATIC,18,56,74184,20000000000,22092,4230016,deprecated,0xa9059cbb,"transfer(address _to, uint256 _value)",17411939
7649813,1556372420,0x71d77afb0142f43a5fa6869610eead43fad246bd371c071bfe3b91dcbd779ce5,1336647,0xd333aab2460834c5219691ebcf76930c5b29e6fe7817191a0036648f304ac670,0x564286362092d8e7936f0549571a803b203aaced,0x7d1afa7b718fb893db30a3abc0cfc608aacfebb0,0x012d9419fafada4afbf2f5a7efcd7bdf5309f5cc,111673020000000000000000,Matic Token,MATIC,18,95,104184,40000000000,52092,4230402,deprecated,0xa9059cbb,"transfer(address _to, uint256 _value)",17411745
7649838,1556372704,0xe1b963b3e99ec594017677ae6a9c1e103c598708175a170b36f131ca7a393413,1401483,0xaaf4e468b90883ed390542ab7c2384b94aa59c1ba87293613eef93d5494d0403,0x0681d8db095565fe8a346fa0277bffde9c0edbbf,0x7d1afa7b718fb893db30a3abc0cfc608aacfebb0,0x0c81f22d9ace56cbda078476d65cea06c635214b,227909120000000000000000,Matic Token,MATIC,18,2,104056,40000000000,52028,126978,deprecated,0xa9059cbb,"transfer(address _to, uint256 _value)",17411720
7649857,1556373088,0x23f8ec23777bef68e78bd614b8172c13d27ed76fe5320b08d42348ba08dd1443,3106112,0xfcc8ddaabe7fc0d53fa3827bd0cf9c3e690b9a631dedaec65e50ff66fefa5720,0x3f5ce5fbfe3e9af3971dd833d26ba9b5c936f0be,0x7d1afa7b718fb893db30a3abc0cfc608aacfebb0,0x0c81f22d9ace56cbda078476d65cea06c635214b,227909120000000000000000,Matic Token,MATIC,18,4,74056,40000000000,37028,278607,deprecated,0xa9059cbb,"transfer(address _to, uint256 _value)",17411701
7649896,1556373595,0x5b3842d272ff52816145a0ea9a5e2df7f73584bee0c882e5e8b0419807de8334,1426997,0x248e04806a7c75297a08ee3d49c3267793f372f7485a3cdd52e8aaa8ad2f2746,0xd551234ae421e3bcba99a0da6d736074f22192ff,0x7d1afa7b718fb893db30a3abc0cfc608aacfebb0,0x0c81f22d9ace56cbda078476d65cea06c635214b,113904560000000000000000,Matic Token,MATIC,18,13,74184,40000000000,37092,370344,deprecated,0xa9059cbb,"transfer(address _to, uint256 _value)",17411662
7649896,1556373595,0xda893033ad5379e5e2dafff2676d08871bc44bd479653613e6ad4f1e4e1fdb0b,37,0x248e04806a7c75297a08ee3d49c3267793f372f7485a3cdd52e8aaa8ad2f2746,0x012d9419fafada4afbf2f5a7efcd7bdf5309f5cc,0x7d1afa7b718fb893db30a3abc0cfc608aacfebb0,0x3f5ce5fbfe3e9af3971dd833d26ba9b5c936f0be,111673020000000000000000,Matic Token,MATIC,18,86,74184,20000000000,22092,2929124,deprecated,0xa9059cbb,"transfer(address _to, uint256 _value)",17411662
7649896,1556373595,0x1023e51a034510688d27137292de3e9a4a19754981d3bf45ad7d493aa02dcafa,73,0x248e04806a7c75297a08ee3d49c3267793f372f7485a3cdd52e8aaa8ad2f2746,0x0c81f22d9ace56cbda078476d65cea06c635214b,0x7d1afa7b718fb893db30a3abc0cfc608aacfebb0,0x3f5ce5fbfe3e9af3971dd833d26ba9b5c936f0be,455818240000000000000000,Matic Token,MATIC,18,89,74056,20000000000,37028,3044465,deprecated,0xa9059cbb,"transfer(address _to, uint256 _value)",17411662
7649954,1556374417,0x6db096f83d50e1c694006e6717231a174ae44dc5b4dcf0347cfd3d7b0693292e,1336688,0x5bd3c5ed92ea340d4e4c9a9eeb17d63bdbf5937f1630aa834d666100ec3c6b75,0x564286362092d8e7936f0549571a803b203aaced,0x7d1afa7b718fb893db30a3abc0cfc608aacfebb0,0xa6b8d5ce16a3243dee485020b361dadd38ec0785,13943426000000000000000,Matic Token,MATIC,18,21,104184,40000000000,52092,1182091,deprecated,0xa9059cbb,"transfer(address _to, uint256 _value)",17411604
7649961,1556374517,0xb15732a3f943728845028fe174b3f6a2113c3a5af547dc2e26ce6637c5ec33ce,1336692,0x8053637ef8e629da33d5766736b2273a4a3fab15b368861ca7fc0d7c5e742776,0x564286362092d8e7936f0549571a803b203aaced,0x7d1afa7b718fb893db30a3abc0cfc608aacfebb0,0x0ca5a04835a805676f1221bd2edb052195e6f90b,341913680000000000000000,Matic Token,MATIC,18,9,104184,40000000000,52092,274142,deprecated,0xa9059cbb,"transfer(address _to, uint256 _value)",17411597
7649983,1556374770,0x50c27cb99ec7aa802ecb937ea89d2006b3b488627f8c2edda861e261e56bc316,1336699,0x67ebd63ecd930138eb6e3f49089d84ba1314cbb0e1277c0baf6abcce7a6b9fab,0x564286362092d8e7936f0549571a803b203aaced,0x7d1afa7b718fb893db30a3abc0cfc608aacfebb0,0x0ca5a04835a805676f1221bd2edb052195e6f90b,341913680000000000000000,Matic Token,MATIC,18,3,74184,40000000000,37092,130941,deprecated,0xa9059cbb,"transfer(address _to, uint256 _value)",17411575
7650004,1556375035,0x93f7d26b9803d4c230a94a7049ad0031e1e202120e0eca9b350ae7218530c2e9,1427025,0x072c3cca9055bc9e1c49221b42f10c20c041ce29b610fbf4240270a0ff9b0e33,0xd551234ae421e3bcba99a0da6d736074f22192ff,0x7d1afa7b718fb893db30a3abc0cfc608aacfebb0,0x012d9419fafada4afbf2f5a7efcd7bdf5309f5cc,171358180000000000000000,Matic Token,MATIC,18,0,104184,40000000000,52092,52092,deprecated,0xa9059cbb,"transfer(address _to, uint256 _value)",17411554
7650004,1556375035,0xb07acfeca451b2f39343df92907045694e47ac71b5a606d0b96bf1abe6733df6,1427026,0x072c3cca9055bc9e1c49221b42f10c20c041ce29b610fbf4240270a0ff9b0e33,0xd551234ae421e3bcba99a0da6d736074f22192ff,0x7d1afa7b718fb893db30a3abc0cfc608aacfebb0,0x0c81f22d9ace56cbda078476d65cea06c635214b,113904560000000000000000,Matic Token,MATIC,18,1,74184,40000000000,37092,89184,deprecated,0xa9059cbb,"transfer(address _to, uint256 _value)",17411554
7650011,1556375156,0x12bb28a687e3990cd1d1e662038035477edb5c5f34b15fc32dde8c527fdac18f,1401529,0xabe7ebbc9e0bb9a5e8e7bcf669e4494e2c3354be49d6aebd4800ac5f28779433,0x0681d8db095565fe8a346fa0277bffde9c0edbbf,0x7d1afa7b718fb893db30a3abc0cfc608aacfebb0,0xc171122212c7ad069f038682e4609df3e74f6b9d,666000000000000000000,Matic Token,MATIC,18,11,104056,40000000000,52028,558991,deprecated,0xa9059cbb,"transfer(address _to, uint256 _value)",17411547
7650011,1556375156,0x7408c4062de12d81abc35baa37c94859be7c7d82a581fd83c6fbb1ca77c065ff,3106155,0xabe7ebbc9e0bb9a5e8e7bcf669e4494e2c3354be49d6aebd4800ac5f28779433,0x3f5ce5fbfe3e9af3971dd833d26ba9b5c936f0be,0x7d1afa7b718fb893db30a3abc0cfc608aacfebb0,0x0ca5a04835a805676f1221bd2edb052195e6f90b,227909120000000000000000,Matic Token,MATIC,18,13,74056,40000000000,37028,635842,deprecated,0xa9059cbb,"transfer(address _to, uint256 _value)",17411547
7650011,1556375156,0xa52d2a1cde274667adf7cf209e17e380882b362ea5688852da55dafe18335cdd,1427030,0xabe7ebbc9e0bb9a5e8e7bcf669e4494e2c3354be49d6aebd4800ac5f28779433,0xd551234ae421e3bcba99a0da6d736074f22192ff,0x7d1afa7b718fb893db30a3abc0cfc608aacfebb0,0x0505c767b528c88e4c56c362708fd5f96d292b3a,113904560000000000000000,Matic Token,MATIC,18,14,104184,40000000000,52092,687934,deprecated,0xa9059cbb,"transfer(address _to, uint256 _value)",17411547
7650016,1556375235,0xfc7e392d9c4037eaf7e5274abf52a255f6c551eb09871bb17afb43a9feb2e73f,1336713,0xe5287a4bc993079f767cf39c06b14c16f4b52327bc6e43207d5ea826018071e8,0x564286362092d8e7936f0549571a803b203aaced,0x7d1afa7b718fb893db30a3abc0cfc608aacfebb0,0x0ca5a04835a805676f1221bd2edb052195e6f90b,113904560000000000000000,Matic Token,MATIC,18,10,74184,40000000000,37092,294729,deprecated,0xa9059cbb,"transfer(address _to, uint256 _value)",17411542
7650018,1556375314,0x961f2bdfdc580c64de0a3fec34bf3be2e73b69d187b5a3928cc5e7b7a398ab09,1401531,0x805fe056838406eefd74ca74c42fb25119504939ad41f89783eb45f5524081b6,0x0681d8db095565fe8a346fa0277bffde9c0edbbf,0x7d1afa7b718fb893db30a3abc0cfc608aacfebb0,0x0ca5a04835a805676f1221bd2edb052195e6f90b,113904560000000000000000,Matic Token,MATIC,18,8,74184,40000000000,37092,266304,deprecated,0xa9059cbb,"transfer(address _to, uint256 _value)",17411540
7650019,1556375317,0x70750ee231b32e18f973c0094ceb8029307c2525878e57cdb31ef8d010c07cec,86503,0x2eee9023ed365b75308988d9bdf33d7a2b6f3cfe203c0c196fec1559d263617b,0xf7793d27a1b76cdf14db7c83e82c772cf7c92910,0x7d1afa7b718fb893db30a3abc0cfc608aacfebb0,0xd5070c7c3bec710b5ff8735f00741fdd3e14b2f6,18754000000000000000000,Matic Token,MATIC,18,32,60000,23000000000,52028,1019091,deprecated,0xa9059cbb,"transfer(address _to, uint256 _value)",17411539
7650021,1556375372,0x50382b81f8bd5b4fcfb3fb42694d2919e6673b45694baab7c09731049dfa4591,1336716,0x5bea291c3a15483e2c776c1f4f47189b35f33a7ffe7dedbd67a4ac851ec96667,0x564286362092d8e7936f0549571a803b203aaced,0x7d1afa7b718fb893db30a3abc0cfc608aacfebb0,0x012d9419fafada4afbf2f5a7efcd7bdf5309f5cc,188124480000000000000000,Matic Token,MATIC,18,6,74184,40000000000,37092,210899,deprecated,0xa9059cbb,"transfer(address _to, uint256 _value)",17411537
7650021,1556375372,0x154fb0b169107c7018de0bfbcf26f2fefec6b1635b6c8d75170a78345c51305a,1336717,0x5bea291c3a15483e2c776c1f4f47189b35f33a7ffe7dedbd67a4ac851ec96667,0x564286362092d8e7936f0549571a803b203aaced,0x7d1afa7b718fb893db30a3abc0cfc608aacfebb0,0x0ca5a04835a805676f1221bd2edb052195e6f90b,113904560000000000000000,Matic Token,MATIC,18,7,74184,40000000000,37092,247991,deprecated,0xa9059cbb,"transfer(address _to, uint256 _value)",17411537
7650025,1556375396,0x76de5ea422f179b1bfa4ba900375431a3610f7ee87192ad1418a87e0576e86fc,38,0xaa03d06dc6a04b0b9cb4e4be2f6b04ad5f6681ddca22eda3da77a08eca7b4711,0x012d9419fafada4afbf2f5a7efcd7bdf5309f5cc,0x7d1afa7b718fb893db30a3abc0cfc608aacfebb0,0x3f5ce5fbfe3e9af3971dd833d26ba9b5c936f0be,359482660000000000000000,Matic Token,MATIC,18,200,74184,20000000000,22092,5428883,deprecated,0xa9059cbb,"transfer(address _to, uint256 _value)",17411533
7650064,1556375902,0x705bcb36f037ab6e821acc2830f229de53bacc7bdd3f55c9bc84dd90764b041c,3106169,0xe4de998539a835a40ec508db3db7deabbf44bc523b09ce02046b229375e6dbde,0x3f5ce5fbfe3e9af3971dd833d26ba9b5c936f0be,0x7d1afa7b718fb893db30a3abc0cfc608aacfebb0,0x0ca5a04835a805676f1221bd2edb052195e6f90b,113904560000000000000000,Matic Token,MATIC,18,7,74184,40000000000,37092,247101,deprecated,0xa9059cbb,"transfer(address _to, uint256 _value)",17411494
7650074,1556376012,0xd426bfbaee6bdf70ebb67efdd960cb03fffac4c362c6058a4ad75a6b29ef6ebf,3106174,0x983fb6e30f817976d3dd3731a39f7753a9c23f4d7a2517dd03f16bce01017734,0x3f5ce5fbfe3e9af3971dd833d26ba9b5c936f0be,0x7d1afa7b718fb893db30a3abc0cfc608aacfebb0,0x0ca5a04835a805676f1221bd2edb052195e6f90b,113904560000000000000000,Matic Token,MATIC,18,7,74184,40000000000,37092,357576,deprecated,0xa9059cbb,"transfer(address _to, uint256 _value)",17411484
7650087,1556376140,0xe74b58de1b3bdd927c45a2c34274c4bb8a7e9d1565acf764a5c607ee1fe265dc,1336736,0xc200d727fdca4583407aa4132b0826e3899c445941d2f56018263aadbc50f23d,0x564286362092d8e7936f0549571a803b203aaced,0x7d1afa7b718fb893db30a3abc0cfc608aacfebb0,0x012d9419fafada4afbf2f5a7efcd7bdf5309f5cc,168865980000000000000000,Matic Token,MATIC,18,6,104184,40000000000,52092,294893,deprecated,0xa9059cbb,"transfer(address _to, uint256 _value)",17411471
7650175,1556377185,0x4080629bd04dadf7ba5add79f7040deaf50de176fdc30264df17405a5aa4cef3,39,0xc0e4390adb62740bfeb37f0e2ce12c30ad65dad4882d79e508820e6dd23a79af,0x012d9419fafada4afbf2f5a7efcd7bdf5309f5cc,0x7d1afa7b718fb893db30a3abc0cfc608aacfebb0,0x3f5ce5fbfe3e9af3971dd833d26ba9b5c936f0be,168865980000000000000000,Matic Token,MATIC,18,127,74184,20000000000,22092,7426010,deprecated,0xa9059cbb,"transfer(address _to, uint256 _value)",17411383
7650176,1556377221,0xe93f9e76a634b56e18e260eefd830e91d01938bf05adf28176a371237400de82,74,0x42d098876f5c62a946d8b0589625991e15d21eeeac84d1de8b8161226f216cff,0x0c81f22d9ace56cbda078476d65cea06c635214b,0x7d1afa7b718fb893db30a3abc0cfc608aacfebb0,0x3f5ce5fbfe3e9af3971dd833d26ba9b5c936f0be,227809120000000000000000,Matic Token,MATIC,18,27,74184,20000000000,22092,7524566,deprecated,0xa9059cbb,"transfer(address _to, uint256 _value)",17411382
7650176,1556377221,0xbf92af35c07d857b1cd58eb919b486e9629741c1663d59a0f459909cb0741b1d,34,0x42d098876f5c62a946d8b0589625991e15d21eeeac84d1de8b8161226f216cff,0xd5070c7c3bec710b5ff8735f00741fdd3e14b2f6,0x7d1afa7b718fb893db30a3abc0cfc608aacfebb0,0x3f5ce5fbfe3e9af3971dd833d26ba9b5c936f0be,18754000000000000000000,Matic Token,MATIC,18,40,74184,20000000000,22092,7907611,deprecated,0xa9059cbb,"transfer(address _to, uint256 _value)",17411382
7650267,1556378819,0x86162a61e1c68d55a2f2c814bde2a897c92e14ada3d139af4a462fa6d37fc3da,1401613,0x77cf0587ae166a612da3a7438c1b6568fab23ab6260be1a191888c266c7e35ca,0x0681d8db095565fe8a346fa0277bffde9c0edbbf,0x7d1afa7b718fb893db30a3abc0cfc608aacfebb0,0xe9ca351c469ab7d7b56ae62ed34dd15ffedc2348,113904560000000000000000,Matic Token,MATIC,18,2,104184,40000000000,52092,111193,deprecated,0xa9059cbb,"transfer(address _to, uint256 _value)",17411291
7650338,1556379608,0x63fe18ccf243a20d12fb6d6f1ff51f0422694a61b98e2fc76ddadbfa0b4577cb,1401631,0x2198cea4a802797f2794df8862bf58e9dfb911a8bfd9d0441aba2d714f72a6de,0x0681d8db095565fe8a346fa0277bffde9c0edbbf,0x7d1afa7b718fb893db30a3abc0cfc608aacfebb0,0xeea585d768cbbc1c0446b7d070d6aacdc95f65cd,113904560000000000000000,Matic Token,MATIC,18,0,104184,40000000000,52092,52092,deprecated,0xa9059cbb,"transfer(address _to, uint256 _value)",17411220
7650418,1556380642,0xe419a52d3a2e0a042660a0d4c92b2ffc0ca4635aee7f04aa1698f5392c467664,3106268,0xf44cba92d5a35f80b4baeddd5efec8f0e175480450e93c8ae13ff2a063bd45ce,0x3f5ce5fbfe3e9af3971dd833d26ba9b5c936f0be,0x7d1afa7b718fb893db30a3abc0cfc608aacfebb0,0x7aacef6dbee0202fd9358cd889df468dc2119f6a,227909120000000000000000,Matic Token,MATIC,18,1,104056,40000000000,52028,73028,deprecated,0xa9059cbb,"transfer(address _to, uint256 _value)",17411140
7650432,1556380793,0x6746c13f0eac3275244461217b7da2769c0c17170fbb6f545f705f0f5678b3a4,3,0x355b2fe008b0b8bf4244e756f98e2d97033715c2079c43bd981f1ed8bd755439,0xe9ca351c469ab7d7b56ae62ed34dd15ffedc2348,0x7d1afa7b718fb893db30a3abc0cfc608aacfebb0,0x3f5ce5fbfe3e9af3971dd833d26ba9b5c936f0be,113904560000000000000000,Matic Token,MATIC,18,9,74184,20000000000,22092,428747,deprecated,0xa9059cbb,"transfer(address _to, uint256 _value)",17411126
7650506,1556381752,0x60d89ea047792ef9e4c21aff8aae7a6625ce6f4c8530b2fb28b14977c194b17d,1401684,0xd5a45f5c6e79fe40ff0f49505a173aa47605684f5de0824f5b6b3a368a97d933,0x0681d8db095565fe8a346fa0277bffde9c0edbbf,0x7d1afa7b718fb893db30a3abc0cfc608aacfebb0,0x68c3890d84a28468767ba13ed0872ef63847856d,4895000000000000000000,Matic Token,MATIC,18,27,74184,40000000000,37092,638866,deprecated,0xa9059cbb,"transfer(address _to, uint256 _value)",17411052
7650581,1556382606,0xa6454a908821980d0d4f1c4578accddbae368b6cead7b169a37c420f18445411,93,0x92d002098721c10a53679012fa3b1ae55d9475f75513720f79d719dad106a553,0x7aacef6dbee0202fd9358cd889df468dc2119f6a,0x7d1afa7b718fb893db30a3abc0cfc608aacfebb0,0x3f5ce5fbfe3e9af3971dd833d26ba9b5c936f0be,227909120000000000000000,Matic Token,MATIC,18,14,74056,20000000000,22028,375781,deprecated,0xa9059cbb,"transfer(address _to, uint256 _value)",17410977
7650595,1556382806,0x01e7529b0b11343dca30a2de87b9030ae3e7ac7de90105e083f61c0a9af2a143,1,0x466bb13aeba73bafc47d13f64007ebf00ea1ff5596e0e5e9baa473e3710eb2d9,0xeb7a5577ae82f25db85e29035daeed2b35d0cadb,0x7d1afa7b718fb893db30a3abc0cfc608aacfebb0,0xa989c979e71501bd22ac168949b81a1c0b887f7c,341913680000000000000000,Matic Token,MATIC,18,23,80000,5000000000,37092,1307323,deprecated,0xa9059cbb,"transfer(address _to, uint256 _value)",17410963
7650672,1556383956,0xe4bc8b8f9d712cc731f117a4faebf63022b590c9b1086e45cdd54d7431cbfb56,3106339,0xed9a831103c12499b09624058adff4d98e3a7cf12f244de66d80d3b3066a63f6,0x3f5ce5fbfe3e9af3971dd833d26ba9b5c936f0be,0x7d1afa7b718fb893db30a3abc0cfc608aacfebb0,0x300dcd932f2d36f943d4eb9e6bc4fbde980d267d,5600000000000000000000,Matic Token,MATIC,18,3,104184,40000000000,52092,149102,deprecated,0xa9059cbb,"transfer(address _to, uint256 _value)",17410886
7650691,1556384260,0x07bec6a5a7eba577094f02cbdef932c4529d9639bd5c4fe1b87b2ec04a3146ae,1427204,0x51d132ca2358e54bc06f42c7d90d0e5708bd4661c075620137b0a2576d80625c,0xd551234ae421e3bcba99a0da6d736074f22192ff,0x7d1afa7b718fb893db30a3abc0cfc608aacfebb0,0xc9d2bfaa633897e4146b91e879ac80842e1e5c9c,113904560000000000000000,Matic Token,MATIC,18,97,104184,40000000000,52092,4528589,deprecated,0xa9059cbb,"transfer(address _to, uint256 _value)",17410867
7650700,1556384407,0x4ea258bc3765b20e5b138f4ec2828600e95e8312463c89f86adc56193875e134,34,0x9470c5ab1a39ed15a64ae036be7b3d39093e0bfedf6e979bf06ed38dffbe39fe,0xa989c979e71501bd22ac168949b81a1c0b887f7c,0x7d1afa7b718fb893db30a3abc0cfc608aacfebb0,0x3f5ce5fbfe3e9af3971dd833d26ba9b5c936f0be,341913680000000000000000,Matic Token,MATIC,18,12,74184,20000000000,22092,457977,deprecated,0xa9059cbb,"transfer(address _to, uint256 _value)",17410858
7650709,1556384527,0x10b22534d4a912f2ee37ff348b6e40c9b4b6341f6a22ff20845b02b888bf5002,1401745,0xbd93cda01b88852d601edf6b17a55dbff1385af205770702a9543ea83ed46376,0x0681d8db095565fe8a346fa0277bffde9c0edbbf,0x7d1afa7b718fb893db30a3abc0cfc608aacfebb0,0xc9d2bfaa633897e4146b91e879ac80842e1e5c9c,113904560000000000000000,Matic Token,MATIC,18,11,74184,40000000000,37092,382830,deprecated,0xa9059cbb,"transfer(address _to, uint256 _value)",17410849
7650721,1556384669,0xff82090576857db1aa1db1943f7aa6b3d249c7448f45651e6b5a5edeb4d56a47,1336874,0x23883782dcef0fe2e4c10687fffa14b82b463493a3f0d2c63daababaf65185d7,0x564286362092d8e7936f0549571a803b203aaced,0x7d1afa7b718fb893db30a3abc0cfc608aacfebb0,0x68c8e5063e8574a25e52fd4b2ec67457d5f797cd,1018993886000000000000000,Matic Token,MATIC,18,5,104184,40000000000,52092,209113,deprecated,0xa9059cbb,"transfer(address _to, uint256 _value)",17410837
7650743,1556384936,0x1bde62254ac45fefc6e770f1a2f2ec5ef72b9ffdd9f6d51ca1c535890e47393b,1401753,0x48c3aafd1d09ffcbb138c834ebe2d0a00fb618c5c351e3b7e57395bf9f0e4465,0x0681d8db095565fe8a346fa0277bffde9c0edbbf,0x7d1afa7b718fb893db30a3abc0cfc608aacfebb0,0x594ff0a82b99a2a5a59e45fe5c934ded2a3876c4,900000000000000000000,Matic Token,MATIC,18,8,104056,40000000000,52028,278741,deprecated,0xa9059cbb,"transfer(address _to, uint256 _value)",17410815
7650743,1556384936,0xb61d0f90b05b2272ff8b38df4f34c01f97c7d3de6c09852d65fdf4b206d056d9,1401754,0x48c3aafd1d09ffcbb138c834ebe2d0a00fb618c5c351e3b7e57395bf9f0e4465,0x0681d8db095565fe8a346fa0277bffde9c0edbbf,0x7d1afa7b718fb893db30a3abc0cfc608aacfebb0,0xc9d2bfaa633897e4146b91e879ac80842e1e5c9c,227909120000000000000000,Matic Token,MATIC,18,9,74056,40000000000,37028,315769,deprecated,0xa9059cbb,"transfer(address _to, uint256 _value)",17410815
7650752,1556385070,0x866c40ab13138691b9459a759aaa4d4c870431e75bdbb89a316515f8bd3a3363,3106376,0xc7a9ce546a268ddc9791be604931eb242dd1c47247057fd4f3308a08fc5e2205,0x3f5ce5fbfe3e9af3971dd833d26ba9b5c936f0be,0x7d1afa7b718fb893db30a3abc0cfc608aacfebb0,0x3105e69db38d7cec90dcf1190ac8498c787d9b13,12809000000000000000000,Matic Token,MATIC,18,127,104184,40000000000,52092,4418485,deprecated,0xa9059cbb,"transfer(address _to, uint256 _value)",17410806
7650764,1556385310,0xf368f72019dde432cde17cd290fe338060675577dbf9f02d4c7ec9e63d7c899c,0,0xcd507123b27cc4c8e94dec105be1a79c585a8aeb9be2748ca6743d2471ec26d2,0x594ff0a82b99a2a5a59e45fe5c934ded2a3876c4,0x7d1afa7b718fb893db30a3abc0cfc608aacfebb0,0xf7793d27a1b76cdf14db7c83e82c772cf7c92910,900000000000000000000,Matic Token,MATIC,18,18,60000,6000000000,22028,1224164,deprecated,0xa9059cbb,"transfer(address _to, uint256 _value)",17410794
7650825,1556386195,0x43ab17f4364d88af45a59c1a2be1d9561b1fccc15174914db7c4d080f30a3acd,0,0x038091680b306bccd04cc20d6a368849f50d3daf3c9f95ef643941e8d7374cc6,0x300dcd932f2d36f943d4eb9e6bc4fbde980d267d,0x7d1afa7b718fb893db30a3abc0cfc608aacfebb0,0x3f5ce5fbfe3e9af3971dd833d26ba9b5c936f0be,5600000000000000000000,Matic Token,MATIC,18,92,74184,20000000000,22092,2488028,deprecated,0xa9059cbb,"transfer(address _to, uint256 _value)",17410733
7650825,1556386195,0x3526193ae39771e1d5e724d89ed738652fbff9cd74862ed307734fa25167830a,12,0x038091680b306bccd04cc20d6a368849f50d3daf3c9f95ef643941e8d7374cc6,0xc9d2bfaa633897e4146b91e879ac80842e1e5c9c,0x7d1afa7b718fb893db30a3abc0cfc608aacfebb0,0x3f5ce5fbfe3e9af3971dd833d26ba9b5c936f0be,455718240000000000000000,Matic Token,MATIC,18,104,74184,20000000000,22092,2745597,deprecated,0xa9059cbb,"transfer(address _to, uint256 _value)",17410733
7650842,1556386437,0xda0432816ed47bccf473f87184e16bca85007bb09f95cc733022fc1e10285152,422,0xd05110e5e844709f909ab2d75c0854567ef98a20725bf433cd7739b434a48251,0x223333f724c6f07d04fa78f246815b43e7788834,0x7d1afa7b718fb893db30a3abc0cfc608aacfebb0,0xccf97642daf9e6fdd982827de40cad304be1bca3,100799017000000000000000,Matic Token,MATIC,18,88,52156,3000000000,37156,5536073,deprecated,0xa9059cbb,"transfer(address _to, uint256 _value)",17410716
7650962,1556387998,0x96a5fd4b86802a92c6b8ab4d41f9ade33c66b457878ceaafb791a0f670b9338f,68,0xc9c4575a9d47d3d57c531c232eb664a38565e806e1b4ec87de57756e969bd455,0xccf97642daf9e6fdd982827de40cad304be1bca3,0x7d1afa7b718fb893db30a3abc0cfc608aacfebb0,0x3f5ce5fbfe3e9af3971dd833d26ba9b5c936f0be,100799017000000000000000,Matic Token,MATIC,18,8,74312,20000000000,22156,398883,deprecated,0xa9059cbb,"transfer(address _to, uint256 _value)",17410596
7650962,1556387998,0x04cece1428ea5d2748453c2ce02ea2ce8d3edf06d4b22d193ad870f7c780d93e,0,0xc9c4575a9d47d3d57c531c232eb664a38565e806e1b4ec87de57756e969bd455,0x3105e69db38d7cec90dcf1190ac8498c787d9b13,0x7d1afa7b718fb893db30a3abc0cfc608aacfebb0,0x3f5ce5fbfe3e9af3971dd833d26ba9b5c936f0be,12809000000000000000000,Matic Token,MATIC,18,11,74184,20000000000,22092,464617,deprecated,0xa9059cbb,"transfer(address _to, uint256 _value)",17410596
7651131,1556389899,0xe76f283dcb3691d855a1523027582090c4e93cbb6e3a67558ed54f26b1399d7d,1401850,0xf59b6cdb7a29f9eced74140f7dd6a0e1d054c91354d32d76eea28120972e0ff6,0x0681d8db095565fe8a346fa0277bffde9c0edbbf,0x7d1afa7b718fb893db30a3abc0cfc608aacfebb0,0x59d6ec1d1c44d7c802de623ca3b262b0495173d7,9400000000000000000000,Matic Token,MATIC,18,0,104184,40000000000,52092,52092,deprecated,0xa9059cbb,"transfer(address _to, uint256 _value)",17410427
7651217,1556390995,0xe3f5c7e4dadd0711c4d78cea350f2506c6f94f78528fd542f17924a97064ba59,1,0x3e42d29637e5fabb875709f1cfbc60b0fafff985ededa394e2507fc95a806adb,0x0505c767b528c88e4c56c362708fd5f96d292b3a,0x7d1afa7b718fb893db30a3abc0cfc608aacfebb0,0xa989c979e71501bd22ac168949b81a1c0b887f7c,113904560000000000000000,Matic Token,MATIC,18,140,80000,3000000000,37092,6209156,deprecated,0xa9059cbb,"transfer(address _to, uint256 _value)",17410341
7651234,1556391234,0x9b796ff07c2148018d59e4971aeb1f89fac9d70644f8c16ca5933ce04e847a3b,3106491,0x51aa27e6906e64a1c7c5e9b794ad1dd7be458c0c46fc89858e11bc1898b4beb3,0x3f5ce5fbfe3e9af3971dd833d26ba9b5c936f0be,0x7d1afa7b718fb893db30a3abc0cfc608aacfebb0,0x99b58e924a9db695620f81ce94b93f1590395560,28500000000000000000000,Matic Token,MATIC,18,147,104184,40000000000,52092,7151423,deprecated,0xa9059cbb,"transfer(address _to, uint256 _value)",17410324
7651262,1556391598,0x7470ad96b11901d64da60a615fb484cf23ce12335d58e19d14df87198b176c57,22,0x012b845acc2a0d80560c4f9b474135c283a8a5438aaad1e1d8e444df8d13001c,0x99b58e924a9db695620f81ce94b93f1590395560,0x7d1afa7b718fb893db30a3abc0cfc608aacfebb0,0x3f5ce5fbfe3e9af3971dd833d26ba9b5c936f0be,28500000000000000000000,Matic Token,MATIC,18,12,74184,20000000000,22092,1252174,deprecated,0xa9059cbb,"transfer(address _to, uint256 _value)",17410296
7651262,1556391598,0xc9fa48cd894de9bb10b8518211a7b6458581f55663fa4c448072d0bd1d985a48,28,0x012b845acc2a0d80560c4f9b474135c283a8a5438aaad1e1d8e444df8d13001c,0x59d6ec1d1c44d7c802de623ca3b262b0495173d7,0x7d1afa7b718fb893db30a3abc0cfc608aacfebb0,0x3f5ce5fbfe3e9af3971dd833d26ba9b5c936f0be,9400000000000000000000,Matic Token,MATIC,18,15,74184,20000000000,22092,1318742,deprecated,0xa9059cbb,"transfer(address _to, uint256 _value)",17410296
7651262,1556391598,0x7576a59a097f2711b703460013d59387195ec0f174f5477fb4c96aa72476a295,35,0x012b845acc2a0d80560c4f9b474135c283a8a5438aaad1e1d8e444df8d13001c,0xa989c979e71501bd22ac168949b81a1c0b887f7c,0x7d1afa7b718fb893db30a3abc0cfc608aacfebb0,0x3f5ce5fbfe3e9af3971dd833d26ba9b5c936f0be,113904560000000000000000,Matic Token,MATIC,18,26,74184,20000000000,22092,1576381,deprecated,0xa9059cbb,"transfer(address _to, uint256 _value)",17410296
7651308,1556392213,0xe5f1cb53924c23fdde46c23c68406b6d3a62965d51f0ad7d9650dadaa348bcbd,3106507,0xc0d5b78db23c3d3617cfb8f73b1726e5c1afa7d7451036f2095bd255930b21a6,0x3f5ce5fbfe3e9af3971dd833d26ba9b5c936f0be,0x7d1afa7b718fb893db30a3abc0cfc608aacfebb0,0x8dd0e8a1509a88ab2542caa10686f1c63a39596f,115909120000000000000000,Matic Token,MATIC,18,0,104056,40000000000,52028,52028,deprecated,0xa9059cbb,"transfer(address _to, uint256 _value)",17410250
7651414,1556393392,0xacad5d225cde2608f03f15fb875affdf8a8a79a7cdccbf5307da69b3c5b7c38b,13,0x097d49dc1ddd7c83a01b1d6011e7c06572de3e81c9a473a5b7909d06b28ead33,0x8dd0e8a1509a88ab2542caa10686f1c63a39596f,0x7d1afa7b718fb893db30a3abc0cfc608aacfebb0,0x3f5ce5fbfe3e9af3971dd833d26ba9b5c936f0be,115909120000000000000000,Matic Token,MATIC,18,4,74056,20000000000,22028,185465,deprecated,0xa9059cbb,"transfer(address _to, uint256 _value)",17410144
7651466,1556394124,0xc8d6c49f8ce46e02b10bb2b258c9be2e07f68df38727f3292118dd0aa8a73abc,1401925,0xe198058fec5728461e94bf2251da6be0739d9d16cd4646ea531064f49ad5af02,0x0681d8db095565fe8a346fa0277bffde9c0edbbf,0x7d1afa7b718fb893db30a3abc0cfc608aacfebb0,0x8b615acc6b0ee498dccd7c561e9bd6f0c06b97ec,113904560000000000000000,Matic Token,MATIC,18,37,104184,40000000000,52092,1427485,deprecated,0xa9059cbb,"transfer(address _to, uint256 _value)",17410092
7651495,1556394514,0x34b97e478535e54653e8d5d341594c21e9df14c857bf96ff9da1f40b854d9a6c,1401929,0x1c755b23832e330f730f85dbe14f13f6b6fb91b96d5f2cc9d93455792a1363f5,0x0681d8db095565fe8a346fa0277bffde9c0edbbf,0x7d1afa7b718fb893db30a3abc0cfc608aacfebb0,0xae7bbe55b3ba6869728f1240f9caa170ade0dad5,212508000000000000000000,Matic Token,MATIC,18,5,104056,40000000000,52028,306203,deprecated,0xa9059cbb,"transfer(address _to, uint256 _value)",17410063
7651509,1556394661,0xf117348511e0d5d1c75b954e31b06cee75c154509df45dc3e3b085c3eb93ad50,3106545,0x0cd3ff8e16a5b25de6cd5b4b74b8e3fb0629f43c925703059a00d16958b5b4d2,0x3f5ce5fbfe3e9af3971dd833d26ba9b5c936f0be,0x7d1afa7b718fb893db30a3abc0cfc608aacfebb0,0x26d9b36d0398c292f8a96b5e4427a2b0b7983a90,318812000000000000000000,Matic Token,MATIC,18,1,104184,40000000000,52092,73092,deprecated,0xa9059cbb,"transfer(address _to, uint256 _value)",17410049
7651509,1556394661,0x07c026c193a75808fe880ccca1109cec834c9de7038a42cc8666d0761f410801,1427398,0x0cd3ff8e16a5b25de6cd5b4b74b8e3fb0629f43c925703059a00d16958b5b4d2,0xd551234ae421e3bcba99a0da6d736074f22192ff,0x7d1afa7b718fb893db30a3abc0cfc608aacfebb0,0xc2e64b67a13e0e935ed8b8d7e0fa6318a9c5d4d9,531420000000000000000000,Matic Token,MATIC,18,2,104184,40000000000,52092,125184,deprecated,0xa9059cbb,"transfer(address _to, uint256 _value)",17410049
7651519,1556394794,0x3814d8690427ddfdd848b300ce5e1ce4c4c182089bdae95277b4d3986c674c2a,1427401,0x4ba3387f3a9c282c8cd19e796d9ef7a7116c1098ddb81c1be7da4691fb463e60,0xd551234ae421e3bcba99a0da6d736074f22192ff,0x7d1afa7b718fb893db30a3abc0cfc608aacfebb0,0xe3937bbce5f381512febf5a9bf18402d0b253584,212508000000000000000000,Matic Token,MATIC,18,4,104056,40000000000,52028,190977,deprecated,0xa9059cbb,"transfer(address _to, uint256 _value)",17410039
7651534,1556394923,0x14d5a7591a52d4e3e96897f42c9b573a673e54fe30fdd5d5fec521500eac13be,3106556,0x1c1f62486fdf315d0dd2d94ed65d0928ca6b79093456848b60383cb031982bf5,0x3f5ce5fbfe3e9af3971dd833d26ba9b5c936f0be,0x7d1afa7b718fb893db30a3abc0cfc608aacfebb0,0xcbb29861a82324eeda4f7b1020edf1a4388ce700,318812000000000000000000,Matic Token,MATIC,18,5,104056,40000000000,52028,185026,deprecated,0xa9059cbb,"transfer(address _to, uint256 _value)",17410024
7651534,1556394923,0x353b80106ab79ba311ca50ce86b849b08da03c0c365ec11c5e9eb5ada11ef4e8,3106557,0x1c1f62486fdf315d0dd2d94ed65d0928ca6b79093456848b60383cb031982bf5,0x3f5ce5fbfe3e9af3971dd833d26ba9b5c936f0be,0x7d1afa7b718fb893db30a3abc0cfc608aacfebb0,0x391a25c65e5031fe995faedbaa3b669dfd426354,318812000000000000000000,Matic Token,MATIC,18,6,104184,40000000000,52092,237118,deprecated,0xa9059cbb,"transfer(address _to, uint256 _value)",17410024
7651547,1556395053,0x76256b05f5f1ff884cf179ae41c19c6abc0230402ca105fd0dcdf0dae83fc1f6,1401942,0x80d3e139760391375fce8199e5e5bf1973eebed90f9c6f7e2969496997854e9c,0x0681d8db095565fe8a346fa0277bffde9c0edbbf,0x7d1afa7b718fb893db30a3abc0cfc608aacfebb0,0x8554addb43a4e31d805f67c41f7673e41ed061ad,106204000000000000000000,Matic Token,MATIC,18,0,104184,40000000000,52092,52092,deprecated,0xa9059cbb,"transfer(address _to, uint256 _value)",17410011
7651560,1556395161,0x5f41b11b139061e361a39e0419c21f9189f0abc93f85128c4ec5301e9df5eae9,3106564,0x23e9ae7d716d3ed81a370ab93308ea8451f73749ee35825076b8935747ed49ae,0x3f5ce5fbfe3e9af3971dd833d26ba9b5c936f0be,0x7d1afa7b718fb893db30a3abc0cfc608aacfebb0,0xa0abc795a6b3edce4a9e87d94d9ede0c818e6271,159356000000000000000000,Matic Token,MATIC,18,3,104184,40000000000,52092,147966,deprecated,0xa9059cbb,"transfer(address _to, uint256 _value)",17409998
7651560,1556395161,0x6250f66854cde4d1a7bcb37b24484dfa53914d3807415080ec48a317fc12619b,1337050,0x23e9ae7d716d3ed81a370ab93308ea8451f73749ee35825076b8935747ed49ae,0x564286362092d8e7936f0549571a803b203aaced,0x7d1afa7b718fb893db30a3abc0cfc608aacfebb0,0x3347fe4a82cd9b5c1493d3c5d9d238d05aa0fa72,53052000000000000000000,Matic Token,MATIC,18,5,104184,40000000000,52092,251452,deprecated,0xa9059cbb,"transfer(address _to, uint256 _value)",17409998
7651560,1556395161,0xeb50fca2869a9bb86c4dc7a60cb4da1a49e5ab4c4dd98f823f3ecddd60dd3ed2,1401948,0x23e9ae7d716d3ed81a370ab93308ea8451f73749ee35825076b8935747ed49ae,0x0681d8db095565fe8a346fa0277bffde9c0edbbf,0x7d1afa7b718fb893db30a3abc0cfc608aacfebb0,0x16c685340c56c542a24b0e7ee71a64a3e11f2685,106204000000000000000000,Matic Token,MATIC,18,8,104184,40000000000,52092,376288,deprecated,0xa9059cbb,"transfer(address _to, uint256 _value)",17409998
7651560,1556395161,0xfda78a94ad4a8348c8fdb81909a67f864817e91f0d345dd7996ab8eaaf857fad,1401949,0x23e9ae7d716d3ed81a370ab93308ea8451f73749ee35825076b8935747ed49ae,0x0681d8db095565fe8a346fa0277bffde9c0edbbf,0x7d1afa7b718fb893db30a3abc0cfc608aacfebb0,0xfc053c26d725241531422dc07b17553b3b23fb3a,106204000000000000000000,Matic Token,MATIC,18,9,104184,40000000000,52092,428380,deprecated,0xa9059cbb,"transfer(address _to, uint256 _value)",17409998
7651561,1556395196,0x968fbc3ea6cc7dde59b38d2c290c4e33d8da87e72468299cfd81e421f3bf1a3a,21,0x360761871ad4cf5ce0279e67f2293a1e783ada2a8d594c279bfaeb26247e9ab3,0x8b615acc6b0ee498dccd7c561e9bd6f0c06b97ec,0x7d1afa7b718fb893db30a3abc0cfc608aacfebb0,0x3f5ce5fbfe3e9af3971dd833d26ba9b5c936f0be,113904560000000000000000,Matic Token,MATIC,18,27,74184,20000000000,22092,633446,deprecated,0xa9059cbb,"transfer(address _to, uint256 _value)",17409997
7651561,1556395196,0x1e5bad4ef32466ac44204a34e662940409907940e05b814bfa7193cbafe3efcc,27,0x360761871ad4cf5ce0279e67f2293a1e783ada2a8d594c279bfaeb26247e9ab3,0xe3937bbce5f381512febf5a9bf18402d0b253584,0x7d1afa7b718fb893db30a3abc0cfc608aacfebb0,0x3f5ce5fbfe3e9af3971dd833d26ba9b5c936f0be,212508000000000000000000,Matic Token,MATIC,18,28,74056,20000000000,22028,655474,deprecated,0xa9059cbb,"transfer(address _to, uint256 _value)",17409997
7651561,1556395196,0xc2603f789e8e10456d1c402e23d804f96a189c25b184b92c8b496a11eddce8a6,13,0x360761871ad4cf5ce0279e67f2293a1e783ada2a8d594c279bfaeb26247e9ab3,0xcbb29861a82324eeda4f7b1020edf1a4388ce700,0x7d1afa7b718fb893db30a3abc0cfc608aacfebb0,0x3f5ce5fbfe3e9af3971dd833d26ba9b5c936f0be,318812000000000000000000,Matic Token,MATIC,18,42,74184,20000000000,22092,995862,deprecated,0xa9059cbb,"transfer(address _to, uint256 _value)",17409997
7651561,1556395196,0x6ffa8a949758ce33b3fe0abeba88020f9b240794837bdd126a5f73319ace41a4,21,0x360761871ad4cf5ce0279e67f2293a1e783ada2a8d594c279bfaeb26247e9ab3,0xc2e64b67a13e0e935ed8b8d7e0fa6318a9c5d4d9,0x7d1afa7b718fb893db30a3abc0cfc608aacfebb0,0x3f5ce5fbfe3e9af3971dd833d26ba9b5c936f0be,531420000000000000000000,Matic Token,MATIC,18,68,74184,20000000000,22092,1563955,deprecated,0xa9059cbb,"transfer(address _to, uint256 _value)",17409997
7651561,1556395196,0xc0975d186ee60c77466c8be56f95bfbd111bda26d1552ff6f895a9376be64b7d,12,0x360761871ad4cf5ce0279e67f2293a1e783ada2a8d594c279bfaeb26247e9ab3,0xae7bbe55b3ba6869728f1240f9caa170ade0dad5,0x7d1afa7b718fb893db30a3abc0cfc608aacfebb0,0x3f5ce5fbfe3e9af3971dd833d26ba9b5c936f0be,212508000000000000000000,Matic Token,MATIC,18,72,74056,20000000000,22028,1652090,deprecated,0xa9059cbb,"transfer(address _to, uint256 _value)",17409997
7651561,1556395196,0xeea7d7e4e5b4d1f9c755996af641f8f90b115ce93fc0f8f4dcba6c24a4afb902,10,0x360761871ad4cf5ce0279e67f2293a1e783ada2a8d594c279bfaeb26247e9ab3,0x26d9b36d0398c292f8a96b5e4427a2b0b7983a90,0x7d1afa7b718fb893db30a3abc0cfc608aacfebb0,0x3f5ce5fbfe3e9af3971dd833d26ba9b5c936f0be,318812000000000000000000,Matic Token,MATIC,18,83,74184,20000000000,22092,1893509,deprecated,0xa9059cbb,"transfer(address _to, uint256 _value)",17409997
7651561,1556395196,0xcf15b3990538b7d4e16b58dbd54614e4ca0cb328046ff84d6a92b1e26de52bd2,10,0x360761871ad4cf5ce0279e67f2293a1e783ada2a8d594c279bfaeb26247e9ab3,0x8554addb43a4e31d805f67c41f7673e41ed061ad,0x7d1afa7b718fb893db30a3abc0cfc608aacfebb0,0x3f5ce5fbfe3e9af3971dd833d26ba9b5c936f0be,106204000000000000000000,Matic Token,MATIC,18,85,74184,20000000000,22092,1936601,deprecated,0xa9059cbb,"transfer(address _to, uint256 _value)",17409997
7651584,1556395600,0xd336d7475a78c10e3db0ee0ff7a0fa3cf81803b8dde865dca9d760011219bb22,142,0xd34577d089b294f3b5fae4bd406733cc47dd1e9ad16ef4e52a85ade57ae4d996,0xeea585d768cbbc1c0446b7d070d6aacdc95f65cd,0x7d1afa7b718fb893db30a3abc0cfc608aacfebb0,0x84ec97b311e32a2908e0df4e1ceb82e00f766b16,113904560000000000000000,Matic Token,MATIC,18,79,37092,3900000000,22092,4845823,deprecated,0xa9059cbb,"transfer(address _to, uint256 _value)",17409974
7651680,1556396996,0x365d2a3acb9b39241aa0cd6c36c0cdbe2d0ebbae458cbf361516449b1bc25e0b,1427449,0x517f8eb5b1d62757bb39d371ab7b5b9ea3013f8c9adbf1f54bac26f24a1f0702,0xd551234ae421e3bcba99a0da6d736074f22192ff,0x7d1afa7b718fb893db30a3abc0cfc608aacfebb0,0x53d4d328a9b0ff8e5a084abdb10561231097a30a,113904560000000000000000,Matic Token,MATIC,18,12,104184,40000000000,52092,471549,deprecated,0xa9059cbb,"transfer(address _to, uint256 _value)",17409878
7651680,1556396996,0xea5aaa921364301636c42c516e4d6721b7f9ff636430f43421765227a6f07d43,3,0x517f8eb5b1d62757bb39d371ab7b5b9ea3013f8c9adbf1f54bac26f24a1f0702,0x3347fe4a82cd9b5c1493d3c5d9d238d05aa0fa72,0x7d1afa7b718fb893db30a3abc0cfc608aacfebb0,0x3f5ce5fbfe3e9af3971dd833d26ba9b5c936f0be,53052000000000000000000,Matic Token,MATIC,18,24,74184,20000000000,22092,785912,deprecated,0xa9059cbb,"transfer(address _to, uint256 _value)",17409878
7651680,1556396996,0xe21497a3d2c2131ee4b6957489f6a35da3986ad6e7e2613c63f27077ec6476e6,14,0x517f8eb5b1d62757bb39d371ab7b5b9ea3013f8c9adbf1f54bac26f24a1f0702,0xa0abc795a6b3edce4a9e87d94d9ede0c818e6271,0x7d1afa7b718fb893db30a3abc0cfc608aacfebb0,0x3f5ce5fbfe3e9af3971dd833d26ba9b5c936f0be,159356000000000000000000,Matic Token,MATIC,18,41,74184,20000000000,22092,1159974,deprecated,0xa9059cbb,"transfer(address _to, uint256 _value)",17409878
7651680,1556396996,0x85061a33fc19973cbdf5530d72613f75ca9e28846b0e1b1773c665495ab5244b,16,0x517f8eb5b1d62757bb39d371ab7b5b9ea3013f8c9adbf1f54bac26f24a1f0702,0xfc053c26d725241531422dc07b17553b3b23fb3a,0x7d1afa7b718fb893db30a3abc0cfc608aacfebb0,0x3f5ce5fbfe3e9af3971dd833d26ba9b5c936f0be,106204000000000000000000,Matic Token,MATIC,18,54,74184,20000000000,22092,1596273,deprecated,0xa9059cbb,"transfer(address _to, uint256 _value)",17409878
7651680,1556396996,0x45887bd342fbb179621cf5275c0fb543cc5f51b3cd3ad19d8f509b972a2ff4c8,12,0x517f8eb5b1d62757bb39d371ab7b5b9ea3013f8c9adbf1f54bac26f24a1f0702,0x16c685340c56c542a24b0e7ee71a64a3e11f2685,0x7d1afa7b718fb893db30a3abc0cfc608aacfebb0,0x3f5ce5fbfe3e9af3971dd833d26ba9b5c936f0be,106204000000000000000000,Matic Token,MATIC,18,69,74184,20000000000,22092,1946007,deprecated,0xa9059cbb,"transfer(address _to, uint256 _value)",17409878
7651680,1556396996,0xcbbaf5ad132b0c60c027288b34c476b0831eeea5053654eb90e40ed621cddb47,9,0x517f8eb5b1d62757bb39d371ab7b5b9ea3013f8c9adbf1f54bac26f24a1f0702,0x391a25c65e5031fe995faedbaa3b669dfd426354,0x7d1afa7b718fb893db30a3abc0cfc608aacfebb0,0x3f5ce5fbfe3e9af3971dd833d26ba9b5c936f0be,318812000000000000000000,Matic Token,MATIC,18,93,74184,20000000000,22092,2547593,deprecated,0xa9059cbb,"transfer(address _to, uint256 _value)",17409878
7651722,1556397580,0x0d58970ea7152277cde6b5973ca9e82fe7ebe51255f8352e76c940c18151463d,1401997,0x83441b8df503f3936f9a7f70716e8c94f1cdfb71a24169bcbd9aecd917f01f20,0x0681d8db095565fe8a346fa0277bffde9c0edbbf,0x7d1afa7b718fb893db30a3abc0cfc608aacfebb0,0xe9d51877f7fbaefb30c022f8531c636c78a21949,113904560000000000000000,Matic Token,MATIC,18,0,104184,40000000000,52092,52092,deprecated,0xa9059cbb,"transfer(address _to, uint256 _value)",17409836
7651742,1556397838,0x5fd562249bfe99ec1cfe4498b855878dfa0f17c5979bb803aab5d8ff793fb086,1402002,0xbbd92b5b10c40d2fb815ef90bb65cbaa4c7bae46d7e2d47c46e94f24af8ae67f,0x0681d8db095565fe8a346fa0277bffde9c0edbbf,0x7d1afa7b718fb893db30a3abc0cfc608aacfebb0,0xbc2b564b65b7361b83f4b582c75051578e026f2b,113904560000000000000000,Matic Token,MATIC,18,0,104184,40000000000,52092,52092,deprecated,0xa9059cbb,"transfer(address _to, uint256 _value)",17409816
7651768,1556398216,0xaf3abe502af99da726b61b288aeacc3c9fba7cfc5e2c11775f94a3f437f91a24,1337106,0xa6490f93b56f4643137c8475eee06897bb74b5cef1d9ba615d178cd0d10e667d,0x564286362092d8e7936f0549571a803b203aaced,0x7d1afa7b718fb893db30a3abc0cfc608aacfebb0,0x4bb4414552a1065339ba214ab6ee19826272bee7,113904560000000000000000,Matic Token,MATIC,18,2,104184,40000000000,52092,125497,deprecated,0xa9059cbb,"transfer(address _to, uint256 _value)",17409790
7651812,1556398803,0x0ac9ab3b52eb1a12c65a967979567a58a24740054ad447c1b60b7ee66e1792f5,17,0x2c5cb10fc47dc6f1d9b0dfe701ac05fe18accac9bd7eb2c87ad1aa2c1b7b82e7,0x53d4d328a9b0ff8e5a084abdb10561231097a30a,0x7d1afa7b718fb893db30a3abc0cfc608aacfebb0,0x3f5ce5fbfe3e9af3971dd833d26ba9b5c936f0be,113904560000000000000000,Matic Token,MATIC,18,1,74184,20000000000,22092,52419,deprecated,0xa9059cbb,"transfer(address _to, uint256 _value)",17409746
7651820,1556398858,0xab154b9264a7532800dbd4bb6cf7ef1a8a42858452ed861a0bf453806038df59,3106653,0xa59cab3b5045fe548ae9bcaf046135e60ad3ffb72ca93ec4c9bde6e78337f83e,0x3f5ce5fbfe3e9af3971dd833d26ba9b5c936f0be,0x7d1afa7b718fb893db30a3abc0cfc608aacfebb0,0x6181848f443d336c4343c112a45cd642d9140c6f,227909120000000000000000,Matic Token,MATIC,18,6,104056,40000000000,52028,178028,deprecated,0xa9059cbb,"transfer(address _to, uint256 _value)",17409738
7652025,1556401524,0x874563f64601888c4a06758c9ef31ee22a2c32ed6eaefd8912606661bfa226b6,3106697,0x7be7ca16e0e872a94301ee76d56c5030eb1cc8d369a721061f447afe2ebac588,0x3f5ce5fbfe3e9af3971dd833d26ba9b5c936f0be,0x7d1afa7b718fb893db30a3abc0cfc608aacfebb0,0x0e860ba00a966d06705718265d6933e47accda5f,113904560000000000000000,Matic Token,MATIC,18,15,104184,40000000000,52092,561424,deprecated,0xa9059cbb,"transfer(address _to, uint256 _value)",17409533
7652081,1556402401,0x0021bcc539fd7a3800d6d6e8269e682d0b55dd1543ede9f85f45daf6183cde9b,1,0x8183e1c56ec6a0295a4756361f3d7d478111a0a90f07dad235b34d9f82513af3,0x0e860ba00a966d06705718265d6933e47accda5f,0x7d1afa7b718fb893db30a3abc0cfc608aacfebb0,0x3f5ce5fbfe3e9af3971dd833d26ba9b5c936f0be,113904560000000000000000,Matic Token,MATIC,18,15,74184,20000000000,22092,471916,deprecated,0xa9059cbb,"transfer(address _to, uint256 _value)",17409477
7652153,1556403482,0x82bcdf7c2e0673d92dcc5d58d97188637aa1771b054e899de096700cb1127125,10,0x58cdf664e5ff6f28331da6f94091e74c41378bf76591f78abae1b142501c3db3,0xbc2b564b65b7361b83f4b582c75051578e026f2b,0x7d1afa7b718fb893db30a3abc0cfc608aacfebb0,0x0ea1cf8647638944af5b8e57fb24cbb7b516771c,113904560000000000000000,Matic Token,MATIC,18,46,52092,10000000000,37092,1926280,deprecated,0xa9059cbb,"transfer(address _to, uint256 _value)",17409405
7652156,1556403565,0x5bd79232961914d71d8e9556eda0ae5a101e23bcdd825f5ba54851168abaa7e7,10,0x812035924d9e37aef4f5682a56db8dbc70d6ba73c8a08a8c42fe5d4d1da0a30d,0x4bb4414552a1065339ba214ab6ee19826272bee7,0x7d1afa7b718fb893db30a3abc0cfc608aacfebb0,0x0ea1cf8647638944af5b8e57fb24cbb7b516771c,113904560000000000000000,Matic Token,MATIC,18,11,52092,10000000000,22092,460501,deprecated,0xa9059cbb,"transfer(address _to, uint256 _value)",17409402
7652201,1556404131,0x4e52f17fd3e0e02cb1543da68610329bdc0f59cf314835c0f46b67ebdec608f7,0,0xf3d8798db6369e086c879836948d66c138ad3bca20f158baf8391a49101e6fb0,0xe9d51877f7fbaefb30c022f8531c636c78a21949,0x7d1afa7b718fb893db30a3abc0cfc608aacfebb0,0x0ea1cf8647638944af5b8e57fb24cbb7b516771c,113904560000000000000000,Matic Token,MATIC,18,33,48219,5280000000,22092,1590351,deprecated,0xa9059cbb,"transfer(address _to, uint256 _value)",17409357
7652204,1556404180,0xb72fbd0f3ba9c219d80085b4f8b9d4aedac450c382adec898cfae33019725aca,3,0xa97d5e5ce78c47c5f09a3942cc7c4fbf5f0fde4b905a2ecc86a0a83cef0a6b00,0x0ea1cf8647638944af5b8e57fb24cbb7b516771c,0x7d1afa7b718fb893db30a3abc0cfc608aacfebb0,0x3f5ce5fbfe3e9af3971dd833d26ba9b5c936f0be,341713680000000000000000,Matic Token,MATIC,18,23,74184,20000000000,22092,677784,deprecated,0xa9059cbb,"transfer(address _to, uint256 _value)",17409354
7652206,1556404238,0xac6a392e4367fc2bb429363039d8f7b946e719959c4ee5c2519274c1936f3963,0,0x9b25c059270f74486b0ef2106375f4c5f6da00fc80224505bf46e6c27685a05f,0x6181848f443d336c4343c112a45cd642d9140c6f,0x7d1afa7b718fb893db30a3abc0cfc608aacfebb0,0x0ea1cf8647638944af5b8e57fb24cbb7b516771c,227909120000000000000000,Matic Token,MATIC,18,56,67636,5280000000,37028,2943678,deprecated,0xa9059cbb,"transfer(address _to, uint256 _value)",17409352
7652331,1556405985,0xdd0c2c8b3031f4e471b7d5a7a0a6e6e9e2692a3a672fcbe502b511222d48cf6c,4,0x2985695256e39cf2da2af52a09022c4d90d8b6cc828641c2e50e166e5c9fe187,0x0ea1cf8647638944af5b8e57fb24cbb7b516771c,0x7d1afa7b718fb893db30a3abc0cfc608aacfebb0,0x3f5ce5fbfe3e9af3971dd833d26ba9b5c936f0be,227909120000000000000000,Matic Token,MATIC,18,37,74056,20000000000,22028,980784,deprecated,0xa9059cbb,"transfer(address _to, uint256 _value)",17409227
7652889,1556413444,0x82c85a91606db7619edcd8211d209e768ab096e0d83e6e866707b8f08deb98cc,1337298,0x9b1d82ec5ec2784b4534a946c3ef3b1520a61efcb88032ed67dffb9d23a608c8,0x564286362092d8e7936f0549571a803b203aaced,0x7d1afa7b718fb893db30a3abc0cfc608aacfebb0,0xf3746639bc376019e21589d37d2837ffa0ab2e0e,100000000000000000000,Matic Token,MATIC,18,66,104056,40000000000,52028,3632307,deprecated,0xa9059cbb,"transfer(address _to, uint256 _value)",17408669
7652997,1556415002,0x1e38fe1c7b495bb46c03fd9cbb1223a6516b135a5106b89125950d64d2c82014,1,0x953e0f8b2a79516d545912c877f2a6b33c8efd8109874b47447c389bf9596016,0xf3746639bc376019e21589d37d2837ffa0ab2e0e,0x7d1afa7b718fb893db30a3abc0cfc608aacfebb0,0x3f5ce5fbfe3e9af3971dd833d26ba9b5c936f0be,100000000000000000000,Matic Token,MATIC,18,11,74056,20000000000,22028,282840,deprecated,0xa9059cbb,"transfer(address _to, uint256 _value)",17408561
7653013,1556415222,0x783ba42b8ce767ae13e6e9b7c18b4b83bb3b9c63cfb18859b00513baccf9a556,3106869,0x4e6ff206d3055220e0f32b799a3eaeedb12f81514407a594e729cc6f0f68479d,0x3f5ce5fbfe3e9af3971dd833d26ba9b5c936f0be,0x7d1afa7b718fb893db30a3abc0cfc608aacfebb0,0xb590d154630faaa35ed596e9d9ff59d6b8034f6e,900000000000000000000,Matic Token,MATIC,18,66,104056,40000000000,52028,1637350,deprecated,0xa9059cbb,"transfer(address _to, uint256 _value)",17408545
7653067,1556415887,0xb02b26f8b8965fc45165a6c4a181710c12682d9604d3d7f69b2474782454433e,3106880,0xb21831ed2d5c7f77b781e9c0dc972c716cce48c89145bf62534ac3ef9a19a8a9,0x3f5ce5fbfe3e9af3971dd833d26ba9b5c936f0be,0x7d1afa7b718fb893db30a3abc0cfc608aacfebb0,0x7fc0a8d4d727868bdf136f11ebb87f789014690c,900000000000000000000,Matic Token,MATIC,18,0,104056,40000000000,52028,52028,deprecated,0xa9059cbb,"transfer(address _to, uint256 _value)",17408491
7653076,1556415995,0x5c86c25eec2d019adaeb61acf5361da5f03b2be9731ff45094511a1162e1becc,4513,0x76c0b85317271c144efa4c490a8d308ef7160e8d87e7bb148ef6a138bc854404,0xd6038023888747865afc6ed7ee28a4888baaf002,0x7d1afa7b718fb893db30a3abc0cfc608aacfebb0,0xcbd8a6caae568a8187afd9acddc5088f1702b2a0,113513088700000000000000,Matic Token,MATIC,18,40,52156,10000000000,52156,3093169,deprecated,0xa9059cbb,"transfer(address _to, uint256 _value)",17408482
7653088,1556416140,0x8d457d9abe8706325a3d77efd12abede6151f306dfbe8364e8f90a00a78724ae,1427700,0x63e2aa346a5458052c884eb3ed6f8ba2977bdafc9edf4b9da44dff8de467aa24,0xd551234ae421e3bcba99a0da6d736074f22192ff,0x7d1afa7b718fb893db30a3abc0cfc608aacfebb0,0xb173d5e7c9408bd70db36b10bbf56bf7b6b6c9e4,87603209000000000000000,Matic Token,MATIC,18,21,104312,40000000000,52156,524546,deprecated,0xa9059cbb,"transfer(address _to, uint256 _value)",17408470
7653091,1556416286,0x7f26c19bf2ad5aeb8abb7f62983121dc7df6063ae16896150a7ee9060c9de3cf,1337336,0x39fbdabc542c3bd044bd06f2319f7b9afbf35530b1435db8b2329cc793bdb588,0x564286362092d8e7936f0549571a803b203aaced,0x7d1afa7b718fb893db30a3abc0cfc608aacfebb0,0x7fc0a8d4d727868bdf136f11ebb87f789014690c,1876392000000000000000000,Matic Token,MATIC,18,9,74312,40000000000,37156,242136,deprecated,0xa9059cbb,"transfer(address _to, uint256 _value)",17408467
7653097,1556416343,0x18076bed3bd54a6a3ce9eb77708bfe5bc165b44255d4d2fc606e604647bef23b,3106888,0xfb946a5a9d4b7924bd28a0192a8ef4d6eda2629d4a1e4d68e713b32a2a6d0781,0x3f5ce5fbfe3e9af3971dd833d26ba9b5c936f0be,0x7d1afa7b718fb893db30a3abc0cfc608aacfebb0,0x564286362092d8e7936f0549571a803b203aaced,37202261000000000000000000,Matic Token,MATIC,18,28,74312,40000000000,37156,997826,deprecated,0xa9059cbb,"transfer(address _to, uint256 _value)",17408461
7653121,1556416771,0xbdca48bfe512e4e31e962f10a6330e45acf9b02d8f3a139621b49cde3f4a1a72,11,0x910193369d51f94c3b331b9374d7a14adfb0cd100f4dc36e0e5f71009e915ade,0xcbd8a6caae568a8187afd9acddc5088f1702b2a0,0x7d1afa7b718fb893db30a3abc0cfc608aacfebb0,0x3f5ce5fbfe3e9af3971dd833d26ba9b5c936f0be,113513088700000000000000,Matic Token,MATIC,18,129,74312,20000000000,22156,5033798,deprecated,0xa9059cbb,"transfer(address _to, uint256 _value)",17408437
7653206,1556417846,0xdcfda5fc6de584a23d9abe842977a536700d51ab59b73506cfa4ec90cbf177c2,3106909,0xe4cb7022eece8b22f6132304bf3b2ae640bee91aaf25b997830cf4b6d8cf7393,0x3f5ce5fbfe3e9af3971dd833d26ba9b5c936f0be,0x7d1afa7b718fb893db30a3abc0cfc608aacfebb0,0xeeaec502d8b53eb1f5a574585c9aee4e2c375c4b,9900000000000000000000,Matic Token,MATIC,18,5,104184,40000000000,52092,157092,deprecated,0xa9059cbb,"transfer(address _to, uint256 _value)",17408352
7653222,1556418005,0xe2797538f4e2c6cc4cbd075d29ad31cc577a5b6614287279643fe8de1b8f5f6b,1,0x218a5f5683f35679d2367762f9950b8c122d8fbfed5e1b456850bc4eebc55dc4,0xeeaec502d8b53eb1f5a574585c9aee4e2c375c4b,0x7d1afa7b718fb893db30a3abc0cfc608aacfebb0,0xf7793d27a1b76cdf14db7c83e82c772cf7c92910,9900000000000000000000,Matic Token,MATIC,18,69,60000,5000000000,22092,2052886,deprecated,0xa9059cbb,"transfer(address _to, uint256 _value)",17408336
7653380,1556420123,0x42275a9335ef6265ed7e5222d29c0b06bf7db86378562a4c8600b5bd6cc0604d,1402253,0x7f230286afdb4abe9091c62a0ba2ebf056343968b5e11daab8fb2fad759d1018,0x0681d8db095565fe8a346fa0277bffde9c0edbbf,0x7d1afa7b718fb893db30a3abc0cfc608aacfebb0,0x008c70a9913ab501ebdd358601cf0478542c250a,241462295900000000000000,Matic Token,MATIC,18,8,104184,40000000000,52092,316563,deprecated,0xa9059cbb,"transfer(address _to, uint256 _value)",17408178
7653423,1556420702,0x238e609d65723af1c823cc8647339bb820b903686d6df7c0f5725f1513efcc08,1427758,0x11992796070d847eeef0864bd6b2e0e262fe532b5b61a3e21ebd602f8f1abf80,0xd551234ae421e3bcba99a0da6d736074f22192ff,0x7d1afa7b718fb893db30a3abc0cfc608aacfebb0,0xb173d5e7c9408bd70db36b10bbf56bf7b6b6c9e4,171757970000000000000000,Matic Token,MATIC,18,11,74184,40000000000,37092,284880,deprecated,0xa9059cbb,"transfer(address _to, uint256 _value)",17408135
7653539,1556422577,0x486e7a1f1c19a3a422bc0648d83e2fddd993c96b15c8915538d19af345a7ea51,3106977,0xcd973b6e82e40aba362555ac542d362719ca06822b2d881b5349f8e4e754f033,0x3f5ce5fbfe3e9af3971dd833d26ba9b5c936f0be,0x7d1afa7b718fb893db30a3abc0cfc608aacfebb0,0x5c25a97ed8e9e15714871f1d8fd4f5ef9986d3d7,477947474000000000000000,Matic Token,MATIC,18,2,104184,40000000000,52092,128395,deprecated,0xa9059cbb,"transfer(address _to, uint256 _value)",17408019
7653594,1556423232,0x5189e329bdba8d769e5cb8ce978dfbce511e7b94d05a7cfc97301d334b3b9c3c,3106985,0x01cdf0fcd7c7f01f4535d7d8fc4b2cd79755866eb9945b377a7936d56efb3706,0x3f5ce5fbfe3e9af3971dd833d26ba9b5c936f0be,0x7d1afa7b718fb893db30a3abc0cfc608aacfebb0,0xb12ea54768a7b84f95bebe1dbb9e48e4b2c529b3,7675900000000000000000,Matic Token,MATIC,18,2,104184,40000000000,52092,94092,deprecated,0xa9059cbb,"transfer(address _to, uint256 _value)",17407964
7653621,1556423526,0x96e1674c0183fc9f1fd80c62433151e1fae2d312b6bb16aad9a8e6f6dbcada4d,1337426,0x8a2898a59c4867ecdd9f9215149528158d376ec2cb94af45e41aa8793db370e2,0x564286362092d8e7936f0549571a803b203aaced,0x7d1afa7b718fb893db30a3abc0cfc608aacfebb0,0x68c3890d84a28468767ba13ed0872ef63847856d,39860000000000000000000,Matic Token,MATIC,18,119,74184,40000000000,37092,4573816,deprecated,0xa9059cbb,"transfer(address _to, uint256 _value)",17407937
7653648,1556423939,0xb661b5a4aeb0682c2f38bcbe6565259a32d30b7685cd82e1b707c0226b0ad54f,1427789,0x208b9fcc912a533570fca793931b71dcd88fa1c6405ad55393ea8db5a4877822,0xd551234ae421e3bcba99a0da6d736074f22192ff,0x7d1afa7b718fb893db30a3abc0cfc608aacfebb0,0x68c3890d84a28468767ba13ed0872ef63847856d,383189726600000000000000,Matic Token,MATIC,18,10,74184,40000000000,37092,247143,deprecated,0xa9059cbb,"transfer(address _to, uint256 _value)",17407910
7653656,1556424028,0x74da9c18a7beee981363b890aeb59cdb18944a97bc79d2b7251cff0bd853740a,20,0x4e39d3593f36825e54787fe002525619f2ba0ede360e18ead158804fa7fe8323,0xb12ea54768a7b84f95bebe1dbb9e48e4b2c529b3,0x7d1afa7b718fb893db30a3abc0cfc608aacfebb0,0x3f5ce5fbfe3e9af3971dd833d26ba9b5c936f0be,7675900000000000000000,Matic Token,MATIC,18,35,74184,20000000000,22092,6610384,deprecated,0xa9059cbb,"transfer(address _to, uint256 _value)",17407902
7653667,1556424191,0xc0d93189ea1bababa8506ad3684024d03fc7b99202569f932dfd0b48a08a1212,1427793,0x1d8c2db074d13cbc1ccf63a9fb217c970727509096217185a588365596181003,0xd551234ae421e3bcba99a0da6d736074f22192ff,0x7d1afa7b718fb893db30a3abc0cfc608aacfebb0,0x226801f9ca5fa1332cbe233b420462debefcb6c7,199700000000000000000000,Matic Token,MATIC,18,132,104184,40000000000,52092,4731217,deprecated,0xa9059cbb,"transfer(address _to, uint256 _value)",17407891
7653679,1556424325,0x87f20833898f5afa33f5e3bdfd269419e35284b643de3706e9ad0c965f668288,1427799,0x71379d951e7042e5b36a12d168db0f0d245e4ba4ee3d85a7d9b6160700459f00,0xd551234ae421e3bcba99a0da6d736074f22192ff,0x7d1afa7b718fb893db30a3abc0cfc608aacfebb0,0x68c3890d84a28468767ba13ed0872ef63847856d,199700000000000000000000,Matic Token,MATIC,18,3,74184,40000000000,37092,100092,deprecated,0xa9059cbb,"transfer(address _to, uint256 _value)",17407879
7653693,1556424538,0x402219c705e8250be61322a006dfaf0193e57ea165136d479bf01c69cedef3ef,1427803,0xc0bf2a3f12bf9724d62b2ffb35ac403d4d683d25a867504d147e4ed8a5c25c7b,0xd551234ae421e3bcba99a0da6d736074f22192ff,0x7d1afa7b718fb893db30a3abc0cfc608aacfebb0,0x5c25a97ed8e9e15714871f1d8fd4f5ef9986d3d7,403321175000000000000000,Matic Token,MATIC,18,5,74312,40000000000,37156,159625,deprecated,0xa9059cbb,"transfer(address _to, uint256 _value)",17407865
7653702,1556424653,0xf5ba7f9548cca33c78d7d1ac041d5a50a2758ed1996ed7d100415e67c576f271,3107003,0xcaad9a9c23477c7777631fa3061b36955c6d8b40cce187810d4d0bd0b47460cf,0x3f5ce5fbfe3e9af3971dd833d26ba9b5c936f0be,0x7d1afa7b718fb893db30a3abc0cfc608aacfebb0,0x226801f9ca5fa1332cbe233b420462debefcb6c7,14850000000000000000000,Matic Token,MATIC,18,8,74184,40000000000,37092,469151,deprecated,0xa9059cbb,"transfer(address _to, uint256 _value)",17407856
7653714,1556424782,0x798137731419815009763446ae10b176abfc6646b1cf469c86af339690e4913b,1402303,0x380cfe2eee472b4faf7c2d9072fcf62248214c85430ee0dc061c1c1b51fe896a,0x0681d8db095565fe8a346fa0277bffde9c0edbbf,0x7d1afa7b718fb893db30a3abc0cfc608aacfebb0,0x226801f9ca5fa1332cbe233b420462debefcb6c7,134800000000000000000000,Matic Token,MATIC,18,76,74184,40000000000,37092,3464040,deprecated,0xa9059cbb,"transfer(address _to, uint256 _value)",17407844
7653746,1556425192,0xe87a9e02393b3c896339e8e1bb8d37ad97b3b8f71bc7fd996136b818404dbbb2,1337448,0x9530410f6d9dfea73881aeb7c622cdcb9a8d911f66f1c667fb3d92b51a1636f7,0x564286362092d8e7936f0549571a803b203aaced,0x7d1afa7b718fb893db30a3abc0cfc608aacfebb0,0x226801f9ca5fa1332cbe233b420462debefcb6c7,59840000000000000000000,Matic Token,MATIC,18,14,74056,40000000000,37028,2408365,deprecated,0xa9059cbb,"transfer(address _to, uint256 _value)",17407812
