blockNumber,timeStamp,hash,nonce,blockHash,from,contractAddress,to,value,tokenName,tokenSymbol,tokenDecimal,transactionIndex,gas,gasPrice,gasUsed,cumulativeGasUsed,input,methodId,functionName,confirmations
13181137,1631050967,0x3e1eb6d8251091f0d4cfbc5f68c3cc7052bc6ba167ad254f494252fcfc1fa140,63,0x41a4f66b477be6c9b9300f5e7c7e812da97f18b90f202b4ded47d2e516f427f3,0x0000000000000000000000000000000000000000,0x41545f8b9472d758bb669ed8eaeeecd7a9c4ec29,0xaaa23226797a9e6838e81e901d5688a305de9409,200000000000000000000000,Forta,FORT,18,131,667115,102005877382,667115,13969291,deprecated,0x3601d735,"relay(address target, bytes[] data)",11880390
13181137,1631050967,0x3e1eb6d8251091f0d4cfbc5f68c3cc7052bc6ba167ad254f494252fcfc1fa140,63,0x41a4f66b477be6c9b9300f5e7c7e812da97f18b90f202b4ded47d2e516f427f3,0x0000000000000000000000000000000000000000,0x41545f8b9472d758bb669ed8eaeeecd7a9c4ec29,0xe8c8eb012e9268140b6a0697eb598c8e9af260f8,200000000000000000000000,Forta,FORT,18,131,667115,102005877382,667115,13969291,deprecated,0x3601d735,"relay(address target, bytes[] data)",11880390
13181137,1631050967,0x3e1eb6d8251091f0d4cfbc5f68c3cc7052bc6ba167ad254f494252fcfc1fa140,63,0x41a4f66b477be6c9b9300f5e7c7e812da97f18b90f202b4ded47d2e516f427f3,0x0000000000000000000000000000000000000000,0x41545f8b9472d758bb669ed8eaeeecd7a9c4ec29,0xe6454a6da7da0f87757329a8ee1675f8140b931b,16000000000000000000000000,Forta,FORT,18,131,667115,102005877382,667115,13969291,deprecated,0x3601d735,"relay(address target, bytes[] data)",11880390
13181137,1631050967,0x3e1eb6d8251091f0d4cfbc5f68c3cc7052bc6ba167ad254f494252fcfc1fa140,63,0x41a4f66b477be6c9b9300f5e7c7e812da97f18b90f202b4ded47d2e516f427f3,0x0000000000000000000000000000000000000000,0x41545f8b9472d758bb669ed8eaeeecd7a9c4ec29,0xa2f1ca1a8de4dc47026440efc429d1b5fcb11318,13000000000000000000000000,Forta,FORT,18,131,667115,102005877382,667115,13969291,deprecated,0x3601d735,"relay(address target, bytes[] data)",11880390
13181137,1631050967,0x3e1eb6d8251091f0d4cfbc5f68c3cc7052bc6ba167ad254f494252fcfc1fa140,63,0x41a4f66b477be6c9b9300f5e7c7e812da97f18b90f202b4ded47d2e516f427f3,0x0000000000000000000000000000000000000000,0x41545f8b9472d758bb669ed8eaeeecd7a9c4ec29,0xaea52eb3a6cb760f5d2b30ca0b13c181a4beffb3,180000000000000000000000,Forta,FORT,18,131,667115,102005877382,667115,13969291,deprecated,0x3601d735,"relay(address target, bytes[] data)",11880390
13181137,1631050967,0x3e1eb6d8251091f0d4cfbc5f68c3cc7052bc6ba167ad254f494252fcfc1fa140,63,0x41a4f66b477be6c9b9300f5e7c7e812da97f18b90f202b4ded47d2e516f427f3,0x0000000000000000000000000000000000000000,0x41545f8b9472d758bb669ed8eaeeecd7a9c4ec29,0x32d571935883ed0ad59d44e1d2be60815fa6781d,100000000000000000000000,Forta,FORT,18,131,667115,102005877382,667115,13969291,deprecated,0x3601d735,"relay(address target, bytes[] data)",11880390
13181137,1631050967,0x3e1eb6d8251091f0d4cfbc5f68c3cc7052bc6ba167ad254f494252fcfc1fa140,63,0x41a4f66b477be6c9b9300f5e7c7e812da97f18b90f202b4ded47d2e516f427f3,0x0000000000000000000000000000000000000000,0x41545f8b9472d758bb669ed8eaeeecd7a9c4ec29,0x2612373fdb8392fdf8549bcb3c5a79e20f086df1,303800000000000000000000,Forta,FORT,18,131,667115,102005877382,667115,13969291,deprecated,0x3601d735,"relay(address target, bytes[] data)",11880390
13181137,1631050967,0x3e1eb6d8251091f0d4cfbc5f68c3cc7052bc6ba167ad254f494252fcfc1fa140,63,0x41a4f66b477be6c9b9300f5e7c7e812da97f18b90f202b4ded47d2e516f427f3,0x0000000000000000000000000000000000000000,0x41545f8b9472d758bb669ed8eaeeecd7a9c4ec29,0xb21899a4189e1d1da70069c194a40a913b30775b,2500000000000000000000000,Forta,FORT,18,131,667115,102005877382,667115,13969291,deprecated,0x3601d735,"relay(address target, bytes[] data)",11880390
13181137,1631050967,0x3e1eb6d8251091f0d4cfbc5f68c3cc7052bc6ba167ad254f494252fcfc1fa140,63,0x41a4f66b477be6c9b9300f5e7c7e812da97f18b90f202b4ded47d2e516f427f3,0x0000000000000000000000000000000000000000,0x41545f8b9472d758bb669ed8eaeeecd7a9c4ec29,0x93cd9c7176835fd6e3fc4ceaa84b7602344cd58a,40000000000000000000000,Forta,FORT,18,131,667115,102005877382,667115,13969291,deprecated,0x3601d735,"relay(address target, bytes[] data)",11880390
13181137,1631050967,0x3e1eb6d8251091f0d4cfbc5f68c3cc7052bc6ba167ad254f494252fcfc1fa140,63,0x41a4f66b477be6c9b9300f5e7c7e812da97f18b90f202b4ded47d2e516f427f3,0x0000000000000000000000000000000000000000,0x41545f8b9472d758bb669ed8eaeeecd7a9c4ec29,0x3445ca4a6e9adad93bff508dbfa83d3d78d796b0,920000000000000000000000,Forta,FORT,18,131,667115,102005877382,667115,13969291,deprecated,0x3601d735,"relay(address target, bytes[] data)",11880390
13181137,1631050967,0x3e1eb6d8251091f0d4cfbc5f68c3cc7052bc6ba167ad254f494252fcfc1fa140,63,0x41a4f66b477be6c9b9300f5e7c7e812da97f18b90f202b4ded47d2e516f427f3,0x0000000000000000000000000000000000000000,0x41545f8b9472d758bb669ed8eaeeecd7a9c4ec29,0x33444701d081b5e30fb62c522a7552681e19d7d9,12000000000000000000000000,Forta,FORT,18,131,667115,102005877382,667115,13969291,deprecated,0x3601d735,"relay(address target, bytes[] data)",11880390
13181137,1631050967,0x3e1eb6d8251091f0d4cfbc5f68c3cc7052bc6ba167ad254f494252fcfc1fa140,63,0x41a4f66b477be6c9b9300f5e7c7e812da97f18b90f202b4ded47d2e516f427f3,0x0000000000000000000000000000000000000000,0x41545f8b9472d758bb669ed8eaeeecd7a9c4ec29,0x092b4d0bea57e82cdb968ea7f76ae12ae0537d22,833333000000000000000000,Forta,FORT,18,131,667115,102005877382,667115,13969291,deprecated,0x3601d735,"relay(address target, bytes[] data)",11880390
13181137,1631050967,0x3e1eb6d8251091f0d4cfbc5f68c3cc7052bc6ba167ad254f494252fcfc1fa140,63,0x41a4f66b477be6c9b9300f5e7c7e812da97f18b90f202b4ded47d2e516f427f3,0x0000000000000000000000000000000000000000,0x41545f8b9472d758bb669ed8eaeeecd7a9c4ec29,0x7974c44dea5a8a3288b899aa017e97a19d3b13be,833333330000000000000000,Forta,FORT,18,131,667115,102005877382,667115,13969291,deprecated,0x3601d735,"relay(address target, bytes[] data)",11880390
13181137,1631050967,0x3e1eb6d8251091f0d4cfbc5f68c3cc7052bc6ba167ad254f494252fcfc1fa140,63,0x41a4f66b477be6c9b9300f5e7c7e812da97f18b90f202b4ded47d2e516f427f3,0x0000000000000000000000000000000000000000,0x41545f8b9472d758bb669ed8eaeeecd7a9c4ec29,0x409e86653dcd1c537b0cfd62cf145421ce271b26,40000000000000000000000,Forta,FORT,18,131,667115,102005877382,667115,13969291,deprecated,0x3601d735,"relay(address target, bytes[] data)",11880390
13181137,1631050967,0x3e1eb6d8251091f0d4cfbc5f68c3cc7052bc6ba167ad254f494252fcfc1fa140,63,0x41a4f66b477be6c9b9300f5e7c7e812da97f18b90f202b4ded47d2e516f427f3,0x0000000000000000000000000000000000000000,0x41545f8b9472d758bb669ed8eaeeecd7a9c4ec29,0x10e4c502990fbf0d46d66285a384ed6b531ab2ca,500000000000000000000000,Forta,FORT,18,131,667115,102005877382,667115,13969291,deprecated,0x3601d735,"relay(address target, bytes[] data)",11880390
13181137,1631050967,0x3e1eb6d8251091f0d4cfbc5f68c3cc7052bc6ba167ad254f494252fcfc1fa140,63,0x41a4f66b477be6c9b9300f5e7c7e812da97f18b90f202b4ded47d2e516f427f3,0x0000000000000000000000000000000000000000,0x41545f8b9472d758bb669ed8eaeeecd7a9c4ec29,0x88be60baa5a471b7cf36257b5c4db990079f300d,4000000000000000000000000,Forta,FORT,18,131,667115,102005877382,667115,13969291,deprecated,0x3601d735,"relay(address target, bytes[] data)",11880390
13181137,1631050967,0x8b74e54f125b8278e7d497b6e47559f43838b95d9008476a748f737246d4b986,64,0x41a4f66b477be6c9b9300f5e7c7e812da97f18b90f202b4ded47d2e516f427f3,0x0000000000000000000000000000000000000000,0x41545f8b9472d758bb669ed8eaeeecd7a9c4ec29,0x0d8b0aa977f4c9066724036f3991b296380aaaa5,100000000000000000000000,Forta,FORT,18,132,667115,102005877382,613684,14582975,deprecated,0x3601d735,"relay(address target, bytes[] data)",11880390
13181137,1631050967,0x8b74e54f125b8278e7d497b6e47559f43838b95d9008476a748f737246d4b986,64,0x41a4f66b477be6c9b9300f5e7c7e812da97f18b90f202b4ded47d2e516f427f3,0x0000000000000000000000000000000000000000,0x41545f8b9472d758bb669ed8eaeeecd7a9c4ec29,0x2ca03dbc6330cd54203adf4cad29bd7aa53f959f,170000000000000000000000,Forta,FORT,18,132,667115,102005877382,613684,14582975,deprecated,0x3601d735,"relay(address target, bytes[] data)",11880390
13181137,1631050967,0x8b74e54f125b8278e7d497b6e47559f43838b95d9008476a748f737246d4b986,64,0x41a4f66b477be6c9b9300f5e7c7e812da97f18b90f202b4ded47d2e516f427f3,0x0000000000000000000000000000000000000000,0x41545f8b9472d758bb669ed8eaeeecd7a9c4ec29,0x70e582fbd0e4229d2ed2ae483f131f945313177d,1000000000000000000000000,Forta,FORT,18,132,667115,102005877382,613684,14582975,deprecated,0x3601d735,"relay(address target, bytes[] data)",11880390
13181137,1631050967,0x8b74e54f125b8278e7d497b6e47559f43838b95d9008476a748f737246d4b986,64,0x41a4f66b477be6c9b9300f5e7c7e812da97f18b90f202b4ded47d2e516f427f3,0x0000000000000000000000000000000000000000,0x41545f8b9472d758bb669ed8eaeeecd7a9c4ec29,0x752cd8e3a9c484e694f61732f5ca0e76c8b8e900,426900000000000000000000,Forta,FORT,18,132,667115,102005877382,613684,14582975,deprecated,0x3601d735,"relay(address target, bytes[] data)",11880390
13181137,1631050967,0x8b74e54f125b8278e7d497b6e47559f43838b95d9008476a748f737246d4b986,64,0x41a4f66b477be6c9b9300f5e7c7e812da97f18b90f202b4ded47d2e516f427f3,0x0000000000000000000000000000000000000000,0x41545f8b9472d758bb669ed8eaeeecd7a9c4ec29,0x60613f8f7b82fbda29bf48be64905b0d673862c5,426900000000000000000000,Forta,FORT,18,132,667115,102005877382,613684,14582975,deprecated,0x3601d735,"relay(address target, bytes[] data)",11880390
13181137,1631050967,0x8b74e54f125b8278e7d497b6e47559f43838b95d9008476a748f737246d4b986,64,0x41a4f66b477be6c9b9300f5e7c7e812da97f18b90f202b4ded47d2e516f427f3,0x0000000000000000000000000000000000000000,0x41545f8b9472d758bb669ed8eaeeecd7a9c4ec29,0xcbc35f3544ff8d93902885e439a09ed82e768fd1,40000000000000000000000,Forta,FORT,18,132,667115,102005877382,613684,14582975,deprecated,0x3601d735,"relay(address target, bytes[] data)",11880390
13181137,1631050967,0x8b74e54f125b8278e7d497b6e47559f43838b95d9008476a748f737246d4b986,64,0x41a4f66b477be6c9b9300f5e7c7e812da97f18b90f202b4ded47d2e516f427f3,0x0000000000000000000000000000000000000000,0x41545f8b9472d758bb669ed8eaeeecd7a9c4ec29,0xd31f4cd94f3f0b87519f544fc0d720c1b3a5e49b,10000000000000000000000000,Forta,FORT,18,132,667115,102005877382,613684,14582975,deprecated,0x3601d735,"relay(address target, bytes[] data)",11880390
13181137,1631050967,0x8b74e54f125b8278e7d497b6e47559f43838b95d9008476a748f737246d4b986,64,0x41a4f66b477be6c9b9300f5e7c7e812da97f18b90f202b4ded47d2e516f427f3,0x0000000000000000000000000000000000000000,0x41545f8b9472d758bb669ed8eaeeecd7a9c4ec29,0x72d3cd67de8ae8ec7e08eafd174d14ff34f3c4d5,1000000000000000000000000,Forta,FORT,18,132,667115,102005877382,613684,14582975,deprecated,0x3601d735,"relay(address target, bytes[] data)",11880390
13181137,1631050967,0x8b74e54f125b8278e7d497b6e47559f43838b95d9008476a748f737246d4b986,64,0x41a4f66b477be6c9b9300f5e7c7e812da97f18b90f202b4ded47d2e516f427f3,0x0000000000000000000000000000000000000000,0x41545f8b9472d758bb669ed8eaeeecd7a9c4ec29,0xcd345bbcd05608b26fd4c38b8de44e0f8cacb772,30000000000000000000000000,Forta,FORT,18,132,667115,102005877382,613684,14582975,deprecated,0x3601d735,"relay(address target, bytes[] data)",11880390
13181137,1631050967,0x8b74e54f125b8278e7d497b6e47559f43838b95d9008476a748f737246d4b986,64,0x41a4f66b477be6c9b9300f5e7c7e812da97f18b90f202b4ded47d2e516f427f3,0x0000000000000000000000000000000000000000,0x41545f8b9472d758bb669ed8eaeeecd7a9c4ec29,0xfd44ae06f278b8f4d8a116a5a3360292aad38ee1,964000000000000000000000,Forta,FORT,18,132,667115,102005877382,613684,14582975,deprecated,0x3601d735,"relay(address target, bytes[] data)",11880390
13181137,1631050967,0x8b74e54f125b8278e7d497b6e47559f43838b95d9008476a748f737246d4b986,64,0x41a4f66b477be6c9b9300f5e7c7e812da97f18b90f202b4ded47d2e516f427f3,0x0000000000000000000000000000000000000000,0x41545f8b9472d758bb669ed8eaeeecd7a9c4ec29,0x813cef79191c68c9840b43ef3bf87aecc1771185,36000000000000000000000,Forta,FORT,18,132,667115,102005877382,613684,14582975,deprecated,0x3601d735,"relay(address target, bytes[] data)",11880390
13181137,1631050967,0x8b74e54f125b8278e7d497b6e47559f43838b95d9008476a748f737246d4b986,64,0x41a4f66b477be6c9b9300f5e7c7e812da97f18b90f202b4ded47d2e516f427f3,0x0000000000000000000000000000000000000000,0x41545f8b9472d758bb669ed8eaeeecd7a9c4ec29,0x224140fb9308a00ec605348feab7545c46dd76b4,2000000000000000000000000,Forta,FORT,18,132,667115,102005877382,613684,14582975,deprecated,0x3601d735,"relay(address target, bytes[] data)",11880390
13181137,1631050967,0x8b74e54f125b8278e7d497b6e47559f43838b95d9008476a748f737246d4b986,64,0x41a4f66b477be6c9b9300f5e7c7e812da97f18b90f202b4ded47d2e516f427f3,0x0000000000000000000000000000000000000000,0x41545f8b9472d758bb669ed8eaeeecd7a9c4ec29,0xa901e6c73c00cbf0f4cd1ffeaa2eb137a08135b2,40000000000000000000000,Forta,FORT,18,132,667115,102005877382,613684,14582975,deprecated,0x3601d735,"relay(address target, bytes[] data)",11880390
13181137,1631050967,0x8b74e54f125b8278e7d497b6e47559f43838b95d9008476a748f737246d4b986,64,0x41a4f66b477be6c9b9300f5e7c7e812da97f18b90f202b4ded47d2e516f427f3,0x0000000000000000000000000000000000000000,0x41545f8b9472d758bb669ed8eaeeecd7a9c4ec29,0x2e6ae9f7dfacb4b2fa4e71255907018bbb5ef39a,100000000000000000000000,Forta,FORT,18,132,667115,102005877382,613684,14582975,deprecated,0x3601d735,"relay(address target, bytes[] data)",11880390
13181137,1631050967,0x8b74e54f125b8278e7d497b6e47559f43838b95d9008476a748f737246d4b986,64,0x41a4f66b477be6c9b9300f5e7c7e812da97f18b90f202b4ded47d2e516f427f3,0x0000000000000000000000000000000000000000,0x41545f8b9472d758bb669ed8eaeeecd7a9c4ec29,0xab1870b9240ba43b432e79588e74fa9ff88d0d02,303800000000000000000000,Forta,FORT,18,132,667115,102005877382,613684,14582975,deprecated,0x3601d735,"relay(address target, bytes[] data)",11880390
13181137,1631050967,0x8b74e54f125b8278e7d497b6e47559f43838b95d9008476a748f737246d4b986,64,0x41a4f66b477be6c9b9300f5e7c7e812da97f18b90f202b4ded47d2e516f427f3,0x0000000000000000000000000000000000000000,0x41545f8b9472d758bb669ed8eaeeecd7a9c4ec29,0x84e59f49ec24ce1cac7f859b38f51101e79ada48,100000000000000000000000,Forta,FORT,18,132,667115,102005877382,613684,14582975,deprecated,0x3601d735,"relay(address target, bytes[] data)",11880390
13181137,1631050967,0xaf01d319dd2dae3ddde8cac644bde32e1f74ff7a257accabd377b18dea480b4b,65,0x41a4f66b477be6c9b9300f5e7c7e812da97f18b90f202b4ded47d2e516f427f3,0x0000000000000000000000000000000000000000,0x41545f8b9472d758bb669ed8eaeeecd7a9c4ec29,0xdb4761708a17886a18e7f26b8c6d003672a7b133,100000000000000000000000,Forta,FORT,18,133,667151,102005877382,613720,15196695,deprecated,0x3601d735,"relay(address target, bytes[] data)",11880390
13181137,1631050967,0xaf01d319dd2dae3ddde8cac644bde32e1f74ff7a257accabd377b18dea480b4b,65,0x41a4f66b477be6c9b9300f5e7c7e812da97f18b90f202b4ded47d2e516f427f3,0x0000000000000000000000000000000000000000,0x41545f8b9472d758bb669ed8eaeeecd7a9c4ec29,0xabb7f5d1e5fe210d4ff65250657812ed9661ff98,5700000000000000000000000,Forta,FORT,18,133,667151,102005877382,613720,15196695,deprecated,0x3601d735,"relay(address target, bytes[] data)",11880390
13181137,1631050967,0xaf01d319dd2dae3ddde8cac644bde32e1f74ff7a257accabd377b18dea480b4b,65,0x41a4f66b477be6c9b9300f5e7c7e812da97f18b90f202b4ded47d2e516f427f3,0x0000000000000000000000000000000000000000,0x41545f8b9472d758bb669ed8eaeeecd7a9c4ec29,0x64ca8e290724f4c5acef706ae0f3965a81ddc1e3,1000000000000000000000000,Forta,FORT,18,133,667151,102005877382,613720,15196695,deprecated,0x3601d735,"relay(address target, bytes[] data)",11880390
13181137,1631050967,0xaf01d319dd2dae3ddde8cac644bde32e1f74ff7a257accabd377b18dea480b4b,65,0x41a4f66b477be6c9b9300f5e7c7e812da97f18b90f202b4ded47d2e516f427f3,0x0000000000000000000000000000000000000000,0x41545f8b9472d758bb669ed8eaeeecd7a9c4ec29,0x181b0e49c4fa0e61185e7bb1dadfef2f99ae965a,825000000000000000000000,Forta,FORT,18,133,667151,102005877382,613720,15196695,deprecated,0x3601d735,"relay(address target, bytes[] data)",11880390
13181137,1631050967,0xaf01d319dd2dae3ddde8cac644bde32e1f74ff7a257accabd377b18dea480b4b,65,0x41a4f66b477be6c9b9300f5e7c7e812da97f18b90f202b4ded47d2e516f427f3,0x0000000000000000000000000000000000000000,0x41545f8b9472d758bb669ed8eaeeecd7a9c4ec29,0xa314f01bb9f5a50c694fdf62ea65960f2a738343,500000000000000000000000,Forta,FORT,18,133,667151,102005877382,613720,15196695,deprecated,0x3601d735,"relay(address target, bytes[] data)",11880390
13181137,1631050967,0xaf01d319dd2dae3ddde8cac644bde32e1f74ff7a257accabd377b18dea480b4b,65,0x41a4f66b477be6c9b9300f5e7c7e812da97f18b90f202b4ded47d2e516f427f3,0x0000000000000000000000000000000000000000,0x41545f8b9472d758bb669ed8eaeeecd7a9c4ec29,0x6c3c00adfb704c2758741713bdb0093ced29fb2d,250000000000000000000000,Forta,FORT,18,133,667151,102005877382,613720,15196695,deprecated,0x3601d735,"relay(address target, bytes[] data)",11880390
13181137,1631050967,0xaf01d319dd2dae3ddde8cac644bde32e1f74ff7a257accabd377b18dea480b4b,65,0x41a4f66b477be6c9b9300f5e7c7e812da97f18b90f202b4ded47d2e516f427f3,0x0000000000000000000000000000000000000000,0x41545f8b9472d758bb669ed8eaeeecd7a9c4ec29,0x91b58f2668bdea75ab3a18d3048b751008107668,40000000000000000000000,Forta,FORT,18,133,667151,102005877382,613720,15196695,deprecated,0x3601d735,"relay(address target, bytes[] data)",11880390
13181137,1631050967,0xaf01d319dd2dae3ddde8cac644bde32e1f74ff7a257accabd377b18dea480b4b,65,0x41a4f66b477be6c9b9300f5e7c7e812da97f18b90f202b4ded47d2e516f427f3,0x0000000000000000000000000000000000000000,0x41545f8b9472d758bb669ed8eaeeecd7a9c4ec29,0x449dbe6c3e58ea03a3f57a104c6256eaa1b1aa6c,10000000000000000000000000,Forta,FORT,18,133,667151,102005877382,613720,15196695,deprecated,0x3601d735,"relay(address target, bytes[] data)",11880390
13181137,1631050967,0xaf01d319dd2dae3ddde8cac644bde32e1f74ff7a257accabd377b18dea480b4b,65,0x41a4f66b477be6c9b9300f5e7c7e812da97f18b90f202b4ded47d2e516f427f3,0x0000000000000000000000000000000000000000,0x41545f8b9472d758bb669ed8eaeeecd7a9c4ec29,0xd928739aa3656662a04803efd947f90d8dee1ccf,863400000000000000000000,Forta,FORT,18,133,667151,102005877382,613720,15196695,deprecated,0x3601d735,"relay(address target, bytes[] data)",11880390
13181137,1631050967,0xaf01d319dd2dae3ddde8cac644bde32e1f74ff7a257accabd377b18dea480b4b,65,0x41a4f66b477be6c9b9300f5e7c7e812da97f18b90f202b4ded47d2e516f427f3,0x0000000000000000000000000000000000000000,0x41545f8b9472d758bb669ed8eaeeecd7a9c4ec29,0x55d688c92f5b618d432b9b85b3863bbcb221532b,6349000000000000000000000,Forta,FORT,18,133,667151,102005877382,613720,15196695,deprecated,0x3601d735,"relay(address target, bytes[] data)",11880390
13181137,1631050967,0xaf01d319dd2dae3ddde8cac644bde32e1f74ff7a257accabd377b18dea480b4b,65,0x41a4f66b477be6c9b9300f5e7c7e812da97f18b90f202b4ded47d2e516f427f3,0x0000000000000000000000000000000000000000,0x41545f8b9472d758bb669ed8eaeeecd7a9c4ec29,0x274eb813b8762cd2408fa5d013931976e1877863,1200000000000000000000000,Forta,FORT,18,133,667151,102005877382,613720,15196695,deprecated,0x3601d735,"relay(address target, bytes[] data)",11880390
13181137,1631050967,0xaf01d319dd2dae3ddde8cac644bde32e1f74ff7a257accabd377b18dea480b4b,65,0x41a4f66b477be6c9b9300f5e7c7e812da97f18b90f202b4ded47d2e516f427f3,0x0000000000000000000000000000000000000000,0x41545f8b9472d758bb669ed8eaeeecd7a9c4ec29,0x3f4adf0801b37b298808ca645268327f3fa93451,100000000000000000000000,Forta,FORT,18,133,667151,102005877382,613720,15196695,deprecated,0x3601d735,"relay(address target, bytes[] data)",11880390
13181137,1631050967,0xaf01d319dd2dae3ddde8cac644bde32e1f74ff7a257accabd377b18dea480b4b,65,0x41a4f66b477be6c9b9300f5e7c7e812da97f18b90f202b4ded47d2e516f427f3,0x0000000000000000000000000000000000000000,0x41545f8b9472d758bb669ed8eaeeecd7a9c4ec29,0xf701399f73613aeac1e4dbda0e65dfee6911553a,100000000000000000000000,Forta,FORT,18,133,667151,102005877382,613720,15196695,deprecated,0x3601d735,"relay(address target, bytes[] data)",11880390
13181137,1631050967,0xaf01d319dd2dae3ddde8cac644bde32e1f74ff7a257accabd377b18dea480b4b,65,0x41a4f66b477be6c9b9300f5e7c7e812da97f18b90f202b4ded47d2e516f427f3,0x0000000000000000000000000000000000000000,0x41545f8b9472d758bb669ed8eaeeecd7a9c4ec29,0x60ec605a364d03e915398029b4a536db5dc829f3,833333330000000000000000,Forta,FORT,18,133,667151,102005877382,613720,15196695,deprecated,0x3601d735,"relay(address target, bytes[] data)",11880390
13181137,1631050967,0xaf01d319dd2dae3ddde8cac644bde32e1f74ff7a257accabd377b18dea480b4b,65,0x41a4f66b477be6c9b9300f5e7c7e812da97f18b90f202b4ded47d2e516f427f3,0x0000000000000000000000000000000000000000,0x41545f8b9472d758bb669ed8eaeeecd7a9c4ec29,0x2a76887089513d1959387a1ff889e3bc2ac58511,500000000000000000000000,Forta,FORT,18,133,667151,102005877382,613720,15196695,deprecated,0x3601d735,"relay(address target, bytes[] data)",11880390
13181137,1631050967,0xaf01d319dd2dae3ddde8cac644bde32e1f74ff7a257accabd377b18dea480b4b,65,0x41a4f66b477be6c9b9300f5e7c7e812da97f18b90f202b4ded47d2e516f427f3,0x0000000000000000000000000000000000000000,0x41545f8b9472d758bb669ed8eaeeecd7a9c4ec29,0xf0c9f3faae216aee136e4e64e73dd4a65bf39778,43400000000000000000000,Forta,FORT,18,133,667151,102005877382,613720,15196695,deprecated,0x3601d735,"relay(address target, bytes[] data)",11880390
13245521,1631912112,0xf1574aa334dd78c44e96f9c79934843518a8efca2dca3f3136e552bd2549857b,81,0x5f3ad023ee3be118b78c97e401a4c2fb950f3979652af51543fe16e94eecaa61,0x0000000000000000000000000000000000000000,0x41545f8b9472d758bb669ed8eaeeecd7a9c4ec29,0xeb22c5f2db804841e29fd602e5ed7c301624151b,50000000000000000000000000,Forta,FORT,18,154,494099,80392821612,494099,11613978,deprecated,0x3601d735,"relay(address target, bytes[] data)",11816006
13245521,1631912112,0xf1574aa334dd78c44e96f9c79934843518a8efca2dca3f3136e552bd2549857b,81,0x5f3ad023ee3be118b78c97e401a4c2fb950f3979652af51543fe16e94eecaa61,0x0000000000000000000000000000000000000000,0x41545f8b9472d758bb669ed8eaeeecd7a9c4ec29,0xb7cf7d5d012ce1204b6eb5771cfb4e029361820b,7000000000000000000000000,Forta,FORT,18,154,494099,80392821612,494099,11613978,deprecated,0x3601d735,"relay(address target, bytes[] data)",11816006
13245521,1631912112,0xf1574aa334dd78c44e96f9c79934843518a8efca2dca3f3136e552bd2549857b,81,0x5f3ad023ee3be118b78c97e401a4c2fb950f3979652af51543fe16e94eecaa61,0x0000000000000000000000000000000000000000,0x41545f8b9472d758bb669ed8eaeeecd7a9c4ec29,0x27489e4176c7d5fb28d79ce44f44329e9d5cecdf,3600000000000000000000000,Forta,FORT,18,154,494099,80392821612,494099,11613978,deprecated,0x3601d735,"relay(address target, bytes[] data)",11816006
13245521,1631912112,0xf1574aa334dd78c44e96f9c79934843518a8efca2dca3f3136e552bd2549857b,81,0x5f3ad023ee3be118b78c97e401a4c2fb950f3979652af51543fe16e94eecaa61,0x0000000000000000000000000000000000000000,0x41545f8b9472d758bb669ed8eaeeecd7a9c4ec29,0x5847e14b61147678c691f27a8e2da9a098eb8f99,1000000000000000000000000,Forta,FORT,18,154,494099,80392821612,494099,11613978,deprecated,0x3601d735,"relay(address target, bytes[] data)",11816006
13245521,1631912112,0xf1574aa334dd78c44e96f9c79934843518a8efca2dca3f3136e552bd2549857b,81,0x5f3ad023ee3be118b78c97e401a4c2fb950f3979652af51543fe16e94eecaa61,0x0000000000000000000000000000000000000000,0x41545f8b9472d758bb669ed8eaeeecd7a9c4ec29,0x62768edbaf6eba71b2793a54453b7d0028bdf9e5,220000000000000000000000,Forta,FORT,18,154,494099,80392821612,494099,11613978,deprecated,0x3601d735,"relay(address target, bytes[] data)",11816006
13245521,1631912112,0xf1574aa334dd78c44e96f9c79934843518a8efca2dca3f3136e552bd2549857b,81,0x5f3ad023ee3be118b78c97e401a4c2fb950f3979652af51543fe16e94eecaa61,0x0000000000000000000000000000000000000000,0x41545f8b9472d758bb669ed8eaeeecd7a9c4ec29,0xd84b863f24b92dc0ad6e1da10c8b85325d4f3901,100000000000000000000000,Forta,FORT,18,154,494099,80392821612,494099,11613978,deprecated,0x3601d735,"relay(address target, bytes[] data)",11816006
13245521,1631912112,0xf1574aa334dd78c44e96f9c79934843518a8efca2dca3f3136e552bd2549857b,81,0x5f3ad023ee3be118b78c97e401a4c2fb950f3979652af51543fe16e94eecaa61,0x0000000000000000000000000000000000000000,0x41545f8b9472d758bb669ed8eaeeecd7a9c4ec29,0x6044153ec87099e838227022572500c50ac41bff,40000000000000000000000000,Forta,FORT,18,154,494099,80392821612,494099,11613978,deprecated,0x3601d735,"relay(address target, bytes[] data)",11816006
13245521,1631912112,0xf1574aa334dd78c44e96f9c79934843518a8efca2dca3f3136e552bd2549857b,81,0x5f3ad023ee3be118b78c97e401a4c2fb950f3979652af51543fe16e94eecaa61,0x0000000000000000000000000000000000000000,0x41545f8b9472d758bb669ed8eaeeecd7a9c4ec29,0x2950a166a0535c98057e6af73f37132ea3d16e31,6666667000000000000000000,Forta,FORT,18,154,494099,80392821612,494099,11613978,deprecated,0x3601d735,"relay(address target, bytes[] data)",11816006
13245521,1631912112,0xf1574aa334dd78c44e96f9c79934843518a8efca2dca3f3136e552bd2549857b,81,0x5f3ad023ee3be118b78c97e401a4c2fb950f3979652af51543fe16e94eecaa61,0x0000000000000000000000000000000000000000,0x41545f8b9472d758bb669ed8eaeeecd7a9c4ec29,0x0277dd6961fc3b9b7d6d89dc275888b11465b4a5,1250000000000000000000000,Forta,FORT,18,154,494099,80392821612,494099,11613978,deprecated,0x3601d735,"relay(address target, bytes[] data)",11816006
13245521,1631912112,0xf1574aa334dd78c44e96f9c79934843518a8efca2dca3f3136e552bd2549857b,81,0x5f3ad023ee3be118b78c97e401a4c2fb950f3979652af51543fe16e94eecaa61,0x0000000000000000000000000000000000000000,0x41545f8b9472d758bb669ed8eaeeecd7a9c4ec29,0x54401dabd025b39dab4d2be5d122ae400b46a53d,1000000000000000000000000,Forta,FORT,18,154,494099,80392821612,494099,11613978,deprecated,0x3601d735,"relay(address target, bytes[] data)",11816006
13245521,1631912112,0xf1574aa334dd78c44e96f9c79934843518a8efca2dca3f3136e552bd2549857b,81,0x5f3ad023ee3be118b78c97e401a4c2fb950f3979652af51543fe16e94eecaa61,0x0000000000000000000000000000000000000000,0x41545f8b9472d758bb669ed8eaeeecd7a9c4ec29,0x2c4c2b8ad4d59a9f59e9ff9178f465d7f8263e4b,100000000000000000000000,Forta,FORT,18,154,494099,80392821612,494099,11613978,deprecated,0x3601d735,"relay(address target, bytes[] data)",11816006
13245521,1631912112,0xf1574aa334dd78c44e96f9c79934843518a8efca2dca3f3136e552bd2549857b,81,0x5f3ad023ee3be118b78c97e401a4c2fb950f3979652af51543fe16e94eecaa61,0x0000000000000000000000000000000000000000,0x41545f8b9472d758bb669ed8eaeeecd7a9c4ec29,0x842519a174133efc3d0e78d3d78fa348f9fce7cf,50000000000000000000000,Forta,FORT,18,154,494099,80392821612,494099,11613978,deprecated,0x3601d735,"relay(address target, bytes[] data)",11816006
13628645,1637093840,0xbd7a26d1a26f3ed23cd4d056850c441f9267f5e9ced05fb43be1aff5d9f7e935,1,0x9edb305fdb20d56ec0dbaa9780514e106f297d0de06ed3d8ee32eb6d3a4e1c96,0x0000000000000000000000000000000000000000,0x41545f8b9472d758bb669ed8eaeeecd7a9c4ec29,0x20e591c0910c58242cbdc57a525c3c2c554d675b,400000000000000000000000,Forta,FORT,18,143,337729,140613630499,287625,9016520,deprecated,0x6a761202,"execTransaction(address to, uint256 value, bytes data, uint8 operation, uint256 safeTxGas, uint256 baseGas, uint256 gasPrice, address gasToken, address refundReceiver, bytes signatures)",11432882
13628645,1637093840,0xbd7a26d1a26f3ed23cd4d056850c441f9267f5e9ced05fb43be1aff5d9f7e935,1,0x9edb305fdb20d56ec0dbaa9780514e106f297d0de06ed3d8ee32eb6d3a4e1c96,0x0000000000000000000000000000000000000000,0x41545f8b9472d758bb669ed8eaeeecd7a9c4ec29,0x732e7de12aa95bfcff11e1238f704c3898d4735d,400000000000000000000000,Forta,FORT,18,143,337729,140613630499,287625,9016520,deprecated,0x6a761202,"execTransaction(address to, uint256 value, bytes data, uint8 operation, uint256 safeTxGas, uint256 baseGas, uint256 gasPrice, address gasToken, address refundReceiver, bytes signatures)",11432882
14430615,1647877687,0xed10c4a6b41f3ae7f51e08d4d5b690a7df8c177b333602850876d773849649ea,2,0xe363332b39507389697eaa0484eeac81e9ab428b4aeebf5833ddf34ff35d0cc9,0x0000000000000000000000000000000000000000,0x41545f8b9472d758bb669ed8eaeeecd7a9c4ec29,0x8f1454885e548f6f1305474a8b90d8784d0dd70f,100000000000000000000000,Forta,FORT,18,287,142152,31249703826,139867,19631308,deprecated,0x6a761202,"execTransaction(address to, uint256 value, bytes data, uint8 operation, uint256 safeTxGas, uint256 baseGas, uint256 gasPrice, address gasToken, address refundReceiver, bytes signatures)",10630912
14476041,1648489289,0x34899ed347bd2099f09f197190c14b42d7b8e98ddb87a3a2780fcb712373b074,0,0xc0825a2526ac307f7b7a11d257c0684edb10da6b44696755d013cafa663966e6,0x8f1454885e548f6f1305474a8b90d8784d0dd70f,0x41545f8b9472d758bb669ed8eaeeecd7a9c4ec29,0x9b0a8a8e6b2c23d572d7145f3da14438fed35374,30000000000000000000000,Forta,FORT,18,185,120461,91932646464,119097,9666897,deprecated,0x6a761202,"execTransaction(address to, uint256 value, bytes data, uint8 operation, uint256 safeTxGas, uint256 baseGas, uint256 gasPrice, address gasToken, address refundReceiver, bytes signatures)",10585486
14480055,1648542425,0x98c8832db27520285b25bed39825d35788e4d36e0a7ce707cf8d53c13fcf5b82,8,0xe287aedb13d8992938ac7b07bfa1e448ce86ba201664a8205d547df4cd879b31,0x9b0a8a8e6b2c23d572d7145f3da14438fed35374,0x41545f8b9472d758bb669ed8eaeeecd7a9c4ec29,0x40ec5b33f54e0e8a33a975908c5ba1c14e5bbbdf,1000000000000000000,Forta,FORT,18,8,135216,49872830749,122947,1618744,deprecated,0xe3dec8fb,"depositFor(address user, address rootToken, bytes depositData)",10581472
14480186,1648544129,0x18b064bc721d6ae994d1fe64a987e61f6b6c4513e3b6691e556c960dec795fda,10,0xa82023e911d9014adbf33e0107ed68fedcd22b349173412063c43bcabe9ff6ba,0x9b0a8a8e6b2c23d572d7145f3da14438fed35374,0x41545f8b9472d758bb669ed8eaeeecd7a9c4ec29,0x40ec5b33f54e0e8a33a975908c5ba1c14e5bbbdf,29999000000000000000000,Forta,FORT,18,5,118140,56041139623,101071,429406,deprecated,0xe3dec8fb,"depositFor(address user, address rootToken, bytes depositData)",10581341
14591267,1650043424,0x943ea238b5aa091b3767c9ef9a408b192b2d12b0921a7c94b4c998d18f942eba,1,0x6dc0d8f74d13972f5fb751259d69993f3187c92cef05f4777ee305017b9eba6b,0x8f1454885e548f6f1305474a8b90d8784d0dd70f,0x41545f8b9472d758bb669ed8eaeeecd7a9c4ec29,0xbbc25b5fa9a0a1b757d7b72888e8089657bdc383,40000000000000000000,Forta,FORT,18,224,103253,49780349687,102157,11874500,deprecated,0x6a761202,"execTransaction(address to, uint256 value, bytes data, uint8 operation, uint256 safeTxGas, uint256 baseGas, uint256 gasPrice, address gasToken, address refundReceiver, bytes signatures)",10470260
14592190,1650055557,0x0ebc1bbd8d60d4f12e50d5bd37753e85f14ed2f47226760e75e22261bd048fda,0,0x080459db290a6dee38c44a677aadb77c27b32bfe43064f8266993440fc14067d,0xbbc25b5fa9a0a1b757d7b72888e8089657bdc383,0x41545f8b9472d758bb669ed8eaeeecd7a9c4ec29,0x872c217f195d1d01677eabdbaeaf6fd83956fc1c,40000000000000000000,Forta,FORT,18,90,200000,59098360267,62875,7434276,deprecated,0xa9059cbb,"transfer(address _to, uint256 _value)",10469337
14635899,1650647060,0x92256f1d2c51e002bf68b8a7f2dbfa805577fbba610e6e2859cb1a58ddf3ecff,0,0x1a94a233080926e2efb6990a9fe17fdced31e032d52366ecf8e6b65ec86e8dc0,0x8f1454885e548f6f1305474a8b90d8784d0dd70f,0x41545f8b9472d758bb669ed8eaeeecd7a9c4ec29,0xeaec420b7337b2f4ce1378f043aa50f56b1029ae,60000000000000000000,Forta,FORT,18,158,106948,99858561971,105803,8993333,deprecated,0x6a761202,"execTransaction(address to, uint256 value, bytes data, uint8 operation, uint256 safeTxGas, uint256 baseGas, uint256 gasPrice, address gasToken, address refundReceiver, bytes signatures)",10425628
14643695,1650752180,0x3c71012a9b38030ad2aeab01c74fa0372a157e533394e6d5e314599d05e9fd27,0,0x150047eca9cf7144636d77117ff2ca8f4d3bb59e293bfa6d66490e39e1444ea8,0xeaec420b7337b2f4ce1378f043aa50f56b1029ae,0x41545f8b9472d758bb669ed8eaeeecd7a9c4ec29,0x8f1454885e548f6f1305474a8b90d8784d0dd70f,30000000000000000000,Forta,FORT,18,114,200000,28968716318,50575,14521651,deprecated,0xa9059cbb,"transfer(address _to, uint256 _value)",10417832
14648832,1650822038,0x02346a76e4cb4f9caf23f0900f9c59c7d19829c5fe093852f9728c0b7fef2716,9,0x36cf61a67c04bf432c70d5b7c3eb4a8a41db62dc8a11c99baf912cd70d37730c,0x0000000000000000000000000000000000000000,0x41545f8b9472d758bb669ed8eaeeecd7a9c4ec29,0x8f1454885e548f6f1305474a8b90d8784d0dd70f,500000000000000000000000,Forta,FORT,18,164,124261,45736873612,122803,12334051,deprecated,0x6a761202,"execTransaction(address to, uint256 value, bytes data, uint8 operation, uint256 safeTxGas, uint256 baseGas, uint256 gasPrice, address gasToken, address refundReceiver, bytes signatures)",10412695
14654334,1650897065,0xe79ac5615ee0bcc3834880403ac307eb66355bdd51ac0915aec4d958a826f075,4,0x23d613177fe3823dca7ddf6234ff80d36b11d537f213e2045fdfa966d644b911,0x8f1454885e548f6f1305474a8b90d8784d0dd70f,0x41545f8b9472d758bb669ed8eaeeecd7a9c4ec29,0x9b0a8a8e6b2c23d572d7145f3da14438fed35374,150000000000000000000000,Forta,FORT,18,118,103277,50716085428,102181,8996317,deprecated,0x6a761202,"execTransaction(address to, uint256 value, bytes data, uint8 operation, uint256 safeTxGas, uint256 baseGas, uint256 gasPrice, address gasToken, address refundReceiver, bytes signatures)",10407193
14654407,1650898150,0xdb139abb2d084c10d8ef8ba5fa54c87f59237b382c43b2e0ffc3ad4bdcd0fe3e,13,0xe1cfb4ca8e1cb5b98519b4937814dfc1c78b8dbdd20be50b17e76f0187b98beb,0x9b0a8a8e6b2c23d572d7145f3da14438fed35374,0x41545f8b9472d758bb669ed8eaeeecd7a9c4ec29,0x40ec5b33f54e0e8a33a975908c5ba1c14e5bbbdf,1000000000000000000,Forta,FORT,18,5,118116,113987593075,105847,331104,deprecated,0xe3dec8fb,"depositFor(address user, address rootToken, bytes depositData)",10407120
14654527,1650899800,0x3780938ad7ef077a52bc80aaa0d9bc578f3b0e08ecdcebd08e1dc3cce8efc3fb,15,0x2325a0c1d23b8a85a72a145cb362782a255b47ba861ca33cb1203d1786611de4,0x9b0a8a8e6b2c23d572d7145f3da14438fed35374,0x41545f8b9472d758bb669ed8eaeeecd7a9c4ec29,0x40ec5b33f54e0e8a33a975908c5ba1c14e5bbbdf,149999000000000000000000,Forta,FORT,18,9,118140,93169482108,101071,1253788,deprecated,0xe3dec8fb,"depositFor(address user, address rootToken, bytes depositData)",10407000
14662983,1651014809,0xc369cccf34ec547636dd2dc78790ddca17e4d369cee862b6ed0e1824eece6787,1,0x5095fbf87c3370363db1a99793500360f068c89c4f7f4797afc00059e243c3d1,0x8f1454885e548f6f1305474a8b90d8784d0dd70f,0x41545f8b9472d758bb669ed8eaeeecd7a9c4ec29,0xb50bd72630d621ddad2b56d6d50f8827cb0a12c1,100000000000000000000,Forta,FORT,18,90,103078,42348098766,101985,7068210,deprecated,0x6a761202,"execTransaction(address to, uint256 value, bytes data, uint8 operation, uint256 safeTxGas, uint256 baseGas, uint256 gasPrice, address gasToken, address refundReceiver, bytes signatures)",10398544
14663032,1651015448,0x377fc393698de927a06715568723c8efa1a2cf3dddb0f3afb0f3725aa348ee29,2,0xac3799dd6734942fcfcb969a65e4fd97e8cf6b240050b0c936df828aad721cf3,0x8f1454885e548f6f1305474a8b90d8784d0dd70f,0x41545f8b9472d758bb669ed8eaeeecd7a9c4ec29,0xb38cc7d5920a0b5a7cd2ba618980c4e15d2e84a8,100000000000000000000,Forta,FORT,18,69,103090,46540015143,101997,8267984,deprecated,0x6a761202,"execTransaction(address to, uint256 value, bytes data, uint8 operation, uint256 safeTxGas, uint256 baseGas, uint256 gasPrice, address gasToken, address refundReceiver, bytes signatures)",10398495
14673654,1651159974,0x1cc64300b5ef469a5f1a1f4d195e5a2a98d1462523edc9e5ff03be31e86e6872,5,0x2f744f9a415e6ea8fafa9b76b93b8571d41ed801854e5dd5c13d592f18c03c11,0x8f1454885e548f6f1305474a8b90d8784d0dd70f,0x41545f8b9472d758bb669ed8eaeeecd7a9c4ec29,0x9b0a8a8e6b2c23d572d7145f3da14438fed35374,75000000000000000000000,Forta,FORT,18,117,103277,56059327826,102181,9645124,deprecated,0x6a761202,"execTransaction(address to, uint256 value, bytes data, uint8 operation, uint256 safeTxGas, uint256 baseGas, uint256 gasPrice, address gasToken, address refundReceiver, bytes signatures)",10387873
14674205,1651167544,0xe38cdd0efeeb678339e7330f5aa2bc0f870639420bac45602859afa2773cf865,17,0x7aded7a7cf57eabc296d6c640b2a8facb328064ccb65970c63190b8a706655bc,0x9b0a8a8e6b2c23d572d7145f3da14438fed35374,0x41545f8b9472d758bb669ed8eaeeecd7a9c4ec29,0x40ec5b33f54e0e8a33a975908c5ba1c14e5bbbdf,1000000000000000000,Forta,FORT,18,4,118116,79939707480,105847,304801,deprecated,0xe3dec8fb,"depositFor(address user, address rootToken, bytes depositData)",10387322
14674376,1651169791,0x335d185c9e72482dbd67b28db14dff4b2bccb68d9749b685c351c8bc5aeef580,19,0xfb27701e3fe31bc7de16303c342c4b89d8e08eaa3facb3d0ee3341c67870e93f,0x9b0a8a8e6b2c23d572d7145f3da14438fed35374,0x41545f8b9472d758bb669ed8eaeeecd7a9c4ec29,0x40ec5b33f54e0e8a33a975908c5ba1c14e5bbbdf,74999000000000000000000,Forta,FORT,18,5,118140,75051260691,101071,464595,deprecated,0xe3dec8fb,"depositFor(address user, address rootToken, bytes depositData)",10387151
14688499,1651361515,0xb9e631c158a9c741b2197111772a4efcfbf96d28953fcb31dd0db7c134161fe8,6,0x61b5b258190249e0e55407aecac2b6267d54d66e5a2ec7f39fce57cc4a2d49c8,0x8f1454885e548f6f1305474a8b90d8784d0dd70f,0x41545f8b9472d758bb669ed8eaeeecd7a9c4ec29,0x9b0a8a8e6b2c23d572d7145f3da14438fed35374,50000000000000000000000,Forta,FORT,18,144,103277,100892715395,102181,8683321,deprecated,0x6a761202,"execTransaction(address to, uint256 value, bytes data, uint8 operation, uint256 safeTxGas, uint256 baseGas, uint256 gasPrice, address gasToken, address refundReceiver, bytes signatures)",10373028
14698434,1651497045,0x3445d86d91e8f5dd912205f0b55a11a31de06f023c75acec41aa5cbce7c36470,23,0x856965f519e6932dbf722919a1eaaa04cd309f3b0f690fd6bbc70f755881ff51,0x9b0a8a8e6b2c23d572d7145f3da14438fed35374,0x41545f8b9472d758bb669ed8eaeeecd7a9c4ec29,0x40ec5b33f54e0e8a33a975908c5ba1c14e5bbbdf,50000000000000000000000,Forta,FORT,18,10,118140,88771771997,101071,607580,deprecated,0xe3dec8fb,"depositFor(address user, address rootToken, bytes depositData)",10363093
14700044,1651518432,0xb90e2ea4d94f091c5f54f1450ad03df9960ac5c7628a422a521f874c5208869f,24,0x63ff17802a17422a7d16c227f1d90de189b20f289d67a852a450c40a283b6b4f,0x40ec5b33f54e0e8a33a975908c5ba1c14e5bbbdf,0x41545f8b9472d758bb669ed8eaeeecd7a9c4ec29,0x9b0a8a8e6b2c23d572d7145f3da14438fed35374,1000000000000000000,Forta,FORT,18,207,385319,90437930381,268472,11825582,deprecated,0x3805550f,exit(bytes inputData),10361483
14700176,1651520215,0x09d0db1d813b2081a794f8a5cbb3e24eb841f60d7e7c0108b05d32888f86e009,25,0x96387fcf580042c0d2813bcb73f22fd9d5de3aaa81d862b380af573b16bbcaae,0x9b0a8a8e6b2c23d572d7145f3da14438fed35374,0x41545f8b9472d758bb669ed8eaeeecd7a9c4ec29,0x243daa239c68a2f3c29082c560d8d85ac7872149,1000000000000000000,Forta,FORT,18,396,102411,66885025564,62863,24543699,deprecated,0xa9059cbb,"transfer(address _to, uint256 _value)",10361351
14705174,1651588464,0x326070dab9bbc2e46daf97ee69b3476c7a90bf7b937a751b3d586bd69fb3109b,7,0xa03b3006c618e3e02d0d84a39c288ce2674526f8a704dcae849b0d7c0512d09e,0x8f1454885e548f6f1305474a8b90d8784d0dd70f,0x41545f8b9472d758bb669ed8eaeeecd7a9c4ec29,0x9b0a8a8e6b2c23d572d7145f3da14438fed35374,75000000000000000000000,Forta,FORT,18,31,103277,82613360941,102181,2170382,deprecated,0x6a761202,"execTransaction(address to, uint256 value, bytes data, uint8 operation, uint256 safeTxGas, uint256 baseGas, uint256 gasPrice, address gasToken, address refundReceiver, bytes signatures)",10356353
14705314,1651590162,0xd745358c791fb4f5a60b9e19beb3f5985a7d5b74c8c9e6152d798ec603b5d693,28,0x3f720ea4c760c5593357b4ef1769ccdf294f0796bb16e4ce08047d0c5aa1772b,0x9b0a8a8e6b2c23d572d7145f3da14438fed35374,0x41545f8b9472d758bb669ed8eaeeecd7a9c4ec29,0x40ec5b33f54e0e8a33a975908c5ba1c14e5bbbdf,75000000000000000000000,Forta,FORT,18,6,118140,93903764607,101071,577144,deprecated,0xe3dec8fb,"depositFor(address user, address rootToken, bytes depositData)",10356213
14713184,1651698351,0x2f5fcfda37627ca4f3d3eab910a5984d8ad1a003df186e819bb8fa12a92e9166,29,0x5f07169fe3fb617ceb9692506455762db7d0b36d22043b6d34f3a524f40bc971,0x243daa239c68a2f3c29082c560d8d85ac7872149,0x41545f8b9472d758bb669ed8eaeeecd7a9c4ec29,0x40ec5b33f54e0e8a33a975908c5ba1c14e5bbbdf,1000000000000000000,Forta,FORT,18,129,278338,51339493995,152744,11386969,deprecated,0x90fd50b3,bridge(uint256 amount),10348343
14713652,1651704375,0xf116bbb074815188c5328f148fc3c3f38e2437f699de5e0ad82fdb1e4223e98a,9,0x5ba88cb3ebc77fc126d3eda580443420daad0bc1ffa2e8d7d6d6eeaaa7fe69ca,0x8f1454885e548f6f1305474a8b90d8784d0dd70f,0x41545f8b9472d758bb669ed8eaeeecd7a9c4ec29,0x9b0a8a8e6b2c23d572d7145f3da14438fed35374,75000000000000000000000,Forta,FORT,18,34,103265,40837611154,102169,3102359,deprecated,0x6a761202,"execTransaction(address to, uint256 value, bytes data, uint8 operation, uint256 safeTxGas, uint256 baseGas, uint256 gasPrice, address gasToken, address refundReceiver, bytes signatures)",10347875
14717291,1651754202,0xff5f173dc8020152231a2bccc4848f93d8a264aa9294ff801ca63dfaf29d50b2,31,0x58e0c861468a90b1558882bd86ec5afda4b18076cb58478dc655329ae1232554,0x9b0a8a8e6b2c23d572d7145f3da14438fed35374,0x41545f8b9472d758bb669ed8eaeeecd7a9c4ec29,0x40ec5b33f54e0e8a33a975908c5ba1c14e5bbbdf,75000000000000000000000,Forta,FORT,18,57,118140,133669251036,101071,3592358,deprecated,0xe3dec8fb,"depositFor(address user, address rootToken, bytes depositData)",10344236
14717775,1651761076,0x7bacde0eb76ed1897335f02e904a27c34ec020c1629813532a83211a2ed6bce3,32,0x2f598b7f0876820731625c1b29e984c75aa863a3b3b320a55f47b11e6c863ff4,0x40ec5b33f54e0e8a33a975908c5ba1c14e5bbbdf,0x41545f8b9472d758bb669ed8eaeeecd7a9c4ec29,0x243daa239c68a2f3c29082c560d8d85ac7872149,500000000000000000,Forta,FORT,18,130,302423,71927283311,285576,7565203,deprecated,0x3805550f,exit(bytes inputData),10343752
14724350,1651851293,0x79d9a1f062cef45df6707cb350d7ba25faabded09dff1ee90dc838a83bb871d8,12,0x648eef02c99d97bd455be639f526fa1e5599ce1e7d18dd24c4c8839af44498e3,0x0000000000000000000000000000000000000000,0x41545f8b9472d758bb669ed8eaeeecd7a9c4ec29,0x200daf0a67b91bda59b57d436a3538e60c87c381,2500000000000000000000000,Forta,FORT,18,58,255123,61454065351,247541,3187679,deprecated,0x6a761202,"execTransaction(address to, uint256 value, bytes data, uint8 operation, uint256 safeTxGas, uint256 baseGas, uint256 gasPrice, address gasToken, address refundReceiver, bytes signatures)",10337177
14724350,1651851293,0x79d9a1f062cef45df6707cb350d7ba25faabded09dff1ee90dc838a83bb871d8,12,0x648eef02c99d97bd455be639f526fa1e5599ce1e7d18dd24c4c8839af44498e3,0x0000000000000000000000000000000000000000,0x41545f8b9472d758bb669ed8eaeeecd7a9c4ec29,0xb2eb9ba9944910b8b9437b5866cc6bae7f03f65f,4000000000000000000000000,Forta,FORT,18,58,255123,61454065351,247541,3187679,deprecated,0x6a761202,"execTransaction(address to, uint256 value, bytes data, uint8 operation, uint256 safeTxGas, uint256 baseGas, uint256 gasPrice, address gasToken, address refundReceiver, bytes signatures)",10337177
14724350,1651851293,0x79d9a1f062cef45df6707cb350d7ba25faabded09dff1ee90dc838a83bb871d8,12,0x648eef02c99d97bd455be639f526fa1e5599ce1e7d18dd24c4c8839af44498e3,0x0000000000000000000000000000000000000000,0x41545f8b9472d758bb669ed8eaeeecd7a9c4ec29,0xa6cc23fad3a52deed9902489de2fb4f822e6287d,205127000000000000000000,Forta,FORT,18,58,255123,61454065351,247541,3187679,deprecated,0x6a761202,"execTransaction(address to, uint256 value, bytes data, uint8 operation, uint256 safeTxGas, uint256 baseGas, uint256 gasPrice, address gasToken, address refundReceiver, bytes signatures)",10337177
14724350,1651851293,0x79d9a1f062cef45df6707cb350d7ba25faabded09dff1ee90dc838a83bb871d8,12,0x648eef02c99d97bd455be639f526fa1e5599ce1e7d18dd24c4c8839af44498e3,0x0000000000000000000000000000000000000000,0x41545f8b9472d758bb669ed8eaeeecd7a9c4ec29,0xbbd6944e0cca259eb7cfde862d0532ccc3d20407,76000000000000000000000,Forta,FORT,18,58,255123,61454065351,247541,3187679,deprecated,0x6a761202,"execTransaction(address to, uint256 value, bytes data, uint8 operation, uint256 safeTxGas, uint256 baseGas, uint256 gasPrice, address gasToken, address refundReceiver, bytes signatures)",10337177
14744647,1652130719,0x4971924bc1f9b514fca8496338936a7fedf768d8f19018da3315fd9c621d9fcf,13,0x0320859cfa1bd2f081152e3bff608baa5fe642bda9411c7ffa1176756bf0ed9c,0x0000000000000000000000000000000000000000,0x41545f8b9472d758bb669ed8eaeeecd7a9c4ec29,0x8f1454885e548f6f1305474a8b90d8784d0dd70f,400000000000000000000000,Forta,FORT,18,197,124249,63870062473,122791,18350885,deprecated,0x6a761202,"execTransaction(address to, uint256 value, bytes data, uint8 operation, uint256 safeTxGas, uint256 baseGas, uint256 gasPrice, address gasToken, address refundReceiver, bytes signatures)",10316880
14744858,1652133665,0x75c2c80182512c194f5cd80f1a531ec5958cf55e980d493f43b020887df7f417,10,0x6b59222f07db396f76be2805449c670e7d1ba24d5c78e3700d585167f7d938da,0x8f1454885e548f6f1305474a8b90d8784d0dd70f,0x41545f8b9472d758bb669ed8eaeeecd7a9c4ec29,0x9b0a8a8e6b2c23d572d7145f3da14438fed35374,265000000000000000000000,Forta,FORT,18,208,103102,57603494664,102009,15165371,deprecated,0x6a761202,"execTransaction(address to, uint256 value, bytes data, uint8 operation, uint256 safeTxGas, uint256 baseGas, uint256 gasPrice, address gasToken, address refundReceiver, bytes signatures)",10316669
14745062,1652136722,0x10fd6fe754b7bbda3e22afb2c6215ed83ea9e37b10cdc750b3faef413fa9be40,38,0x248d92b1071df23e6ed8495d0c9cbe16d1e02dfc221d38756aa9c33fd347698b,0x9b0a8a8e6b2c23d572d7145f3da14438fed35374,0x41545f8b9472d758bb669ed8eaeeecd7a9c4ec29,0x40ec5b33f54e0e8a33a975908c5ba1c14e5bbbdf,1000000000000000000,Forta,FORT,18,52,118116,103436767179,105847,3246723,deprecated,0xe3dec8fb,"depositFor(address user, address rootToken, bytes depositData)",10316465
14745349,1652140769,0x5c6489377957b01e18e37a08a47c62502cf4b6d40118d6bda6f3fdd1a6ea4d42,40,0x6d3e82975db7c9aa30ba845201977ba56729e3e15f0a0d72afe16adf60046a02,0x9b0a8a8e6b2c23d572d7145f3da14438fed35374,0x41545f8b9472d758bb669ed8eaeeecd7a9c4ec29,0x40ec5b33f54e0e8a33a975908c5ba1c14e5bbbdf,264999000000000000000000,Forta,FORT,18,21,118140,170389176562,101071,2982454,deprecated,0xe3dec8fb,"depositFor(address user, address rootToken, bytes depositData)",10316178
14755548,1652281808,0x26220ec6dd4b715dcdc47808706feb7ff04d01298dfe997422ea973ca8a6cd83,11,0xaed8c966eda792e3522c5ca208f84cf0d433c6f850147e6f28df5651f235cc6d,0x8f1454885e548f6f1305474a8b90d8784d0dd70f,0x41545f8b9472d758bb669ed8eaeeecd7a9c4ec29,0x9b0a8a8e6b2c23d572d7145f3da14438fed35374,75000000000000000000000,Forta,FORT,18,156,103277,233723403981,102181,14803214,deprecated,0x6a761202,"execTransaction(address to, uint256 value, bytes data, uint8 operation, uint256 safeTxGas, uint256 baseGas, uint256 gasPrice, address gasToken, address refundReceiver, bytes signatures)",10305979
14755565,1652282132,0x2d7e9d88de08a5b417916641c57de4f3e17df409d8b79e94077dbcea5dce362f,42,0x78f51d8368cc0fe087b543d0689619333d8e703b65d0bf460be295b006b91302,0x9b0a8a8e6b2c23d572d7145f3da14438fed35374,0x41545f8b9472d758bb669ed8eaeeecd7a9c4ec29,0x40ec5b33f54e0e8a33a975908c5ba1c14e5bbbdf,75000000000000000000000,Forta,FORT,18,14,118140,299383525002,101071,2701937,deprecated,0xe3dec8fb,"depositFor(address user, address rootToken, bytes depositData)",10305962
14763232,1652388252,0x6b8238cbd1872d7a8d6cbf074cce7820e44e1437a0efc4513549c469e37b5256,11,0xfbc444db406631ffefaa22b600a3bb8ec8c5202f64140a6415f39851ac79530f,0x0000000000000000000000000000000000000000,0x41545f8b9472d758bb669ed8eaeeecd7a9c4ec29,0x51762391ca1aec99b6a99f7360f0b55b6de3f43e,1000000000000000000,Forta,FORT,18,180,506375,69878065047,491347,13629109,deprecated,0x6a761202,"execTransaction(address to, uint256 value, bytes data, uint8 operation, uint256 safeTxGas, uint256 baseGas, uint256 gasPrice, address gasToken, address refundReceiver, bytes signatures)",10298295
14763232,1652388252,0x6b8238cbd1872d7a8d6cbf074cce7820e44e1437a0efc4513549c469e37b5256,11,0xfbc444db406631ffefaa22b600a3bb8ec8c5202f64140a6415f39851ac79530f,0x0000000000000000000000000000000000000000,0x41545f8b9472d758bb669ed8eaeeecd7a9c4ec29,0x1a6d44c47586e6b3ea1abc55070df44b98c69beb,1000000000000000000,Forta,FORT,18,180,506375,69878065047,491347,13629109,deprecated,0x6a761202,"execTransaction(address to, uint256 value, bytes data, uint8 operation, uint256 safeTxGas, uint256 baseGas, uint256 gasPrice, address gasToken, address refundReceiver, bytes signatures)",10298295
14763232,1652388252,0x6b8238cbd1872d7a8d6cbf074cce7820e44e1437a0efc4513549c469e37b5256,11,0xfbc444db406631ffefaa22b600a3bb8ec8c5202f64140a6415f39851ac79530f,0x0000000000000000000000000000000000000000,0x41545f8b9472d758bb669ed8eaeeecd7a9c4ec29,0xebe9ec90f05941f47274978d773333604151e168,1000000000000000000,Forta,FORT,18,180,506375,69878065047,491347,13629109,deprecated,0x6a761202,"execTransaction(address to, uint256 value, bytes data, uint8 operation, uint256 safeTxGas, uint256 baseGas, uint256 gasPrice, address gasToken, address refundReceiver, bytes signatures)",10298295
14763232,1652388252,0x6b8238cbd1872d7a8d6cbf074cce7820e44e1437a0efc4513549c469e37b5256,11,0xfbc444db406631ffefaa22b600a3bb8ec8c5202f64140a6415f39851ac79530f,0x0000000000000000000000000000000000000000,0x41545f8b9472d758bb669ed8eaeeecd7a9c4ec29,0xda9cd97296bc7a6bdd27900f94d997eb43a8cb03,1000000000000000000,Forta,FORT,18,180,506375,69878065047,491347,13629109,deprecated,0x6a761202,"execTransaction(address to, uint256 value, bytes data, uint8 operation, uint256 safeTxGas, uint256 baseGas, uint256 gasPrice, address gasToken, address refundReceiver, bytes signatures)",10298295
14763232,1652388252,0x6b8238cbd1872d7a8d6cbf074cce7820e44e1437a0efc4513549c469e37b5256,11,0xfbc444db406631ffefaa22b600a3bb8ec8c5202f64140a6415f39851ac79530f,0x0000000000000000000000000000000000000000,0x41545f8b9472d758bb669ed8eaeeecd7a9c4ec29,0x7a389f24c9d384412a64f1472ff5cbac63d2413d,1000000000000000000,Forta,FORT,18,180,506375,69878065047,491347,13629109,deprecated,0x6a761202,"execTransaction(address to, uint256 value, bytes data, uint8 operation, uint256 safeTxGas, uint256 baseGas, uint256 gasPrice, address gasToken, address refundReceiver, bytes signatures)",10298295
14763232,1652388252,0x6b8238cbd1872d7a8d6cbf074cce7820e44e1437a0efc4513549c469e37b5256,11,0xfbc444db406631ffefaa22b600a3bb8ec8c5202f64140a6415f39851ac79530f,0x0000000000000000000000000000000000000000,0x41545f8b9472d758bb669ed8eaeeecd7a9c4ec29,0x256c08ad3cce2bec413e2042aa7b52ebd9c9e28b,1000000000000000000,Forta,FORT,18,180,506375,69878065047,491347,13629109,deprecated,0x6a761202,"execTransaction(address to, uint256 value, bytes data, uint8 operation, uint256 safeTxGas, uint256 baseGas, uint256 gasPrice, address gasToken, address refundReceiver, bytes signatures)",10298295
14763232,1652388252,0x6b8238cbd1872d7a8d6cbf074cce7820e44e1437a0efc4513549c469e37b5256,11,0xfbc444db406631ffefaa22b600a3bb8ec8c5202f64140a6415f39851ac79530f,0x0000000000000000000000000000000000000000,0x41545f8b9472d758bb669ed8eaeeecd7a9c4ec29,0x9be82095d2699a7437ab0e74383aa5ac0d19180f,1000000000000000000,Forta,FORT,18,180,506375,69878065047,491347,13629109,deprecated,0x6a761202,"execTransaction(address to, uint256 value, bytes data, uint8 operation, uint256 safeTxGas, uint256 baseGas, uint256 gasPrice, address gasToken, address refundReceiver, bytes signatures)",10298295
14763232,1652388252,0x6b8238cbd1872d7a8d6cbf074cce7820e44e1437a0efc4513549c469e37b5256,11,0xfbc444db406631ffefaa22b600a3bb8ec8c5202f64140a6415f39851ac79530f,0x0000000000000000000000000000000000000000,0x41545f8b9472d758bb669ed8eaeeecd7a9c4ec29,0xe97ec30a7fa39653e0426ca632bf900ff79515b6,1000000000000000000,Forta,FORT,18,180,506375,69878065047,491347,13629109,deprecated,0x6a761202,"execTransaction(address to, uint256 value, bytes data, uint8 operation, uint256 safeTxGas, uint256 baseGas, uint256 gasPrice, address gasToken, address refundReceiver, bytes signatures)",10298295
14763232,1652388252,0x6b8238cbd1872d7a8d6cbf074cce7820e44e1437a0efc4513549c469e37b5256,11,0xfbc444db406631ffefaa22b600a3bb8ec8c5202f64140a6415f39851ac79530f,0x0000000000000000000000000000000000000000,0x41545f8b9472d758bb669ed8eaeeecd7a9c4ec29,0x369cb2bb9649018ec108dcfbdf551adc3c42d180,1000000000000000000,Forta,FORT,18,180,506375,69878065047,491347,13629109,deprecated,0x6a761202,"execTransaction(address to, uint256 value, bytes data, uint8 operation, uint256 safeTxGas, uint256 baseGas, uint256 gasPrice, address gasToken, address refundReceiver, bytes signatures)",10298295
14763232,1652388252,0x6b8238cbd1872d7a8d6cbf074cce7820e44e1437a0efc4513549c469e37b5256,11,0xfbc444db406631ffefaa22b600a3bb8ec8c5202f64140a6415f39851ac79530f,0x0000000000000000000000000000000000000000,0x41545f8b9472d758bb669ed8eaeeecd7a9c4ec29,0x987c10bd99c710f15f5c340c1887e4c731034629,1000000000000000000,Forta,FORT,18,180,506375,69878065047,491347,13629109,deprecated,0x6a761202,"execTransaction(address to, uint256 value, bytes data, uint8 operation, uint256 safeTxGas, uint256 baseGas, uint256 gasPrice, address gasToken, address refundReceiver, bytes signatures)",10298295
14763232,1652388252,0x6b8238cbd1872d7a8d6cbf074cce7820e44e1437a0efc4513549c469e37b5256,11,0xfbc444db406631ffefaa22b600a3bb8ec8c5202f64140a6415f39851ac79530f,0x0000000000000000000000000000000000000000,0x41545f8b9472d758bb669ed8eaeeecd7a9c4ec29,0xead00d6c36a3f54d82a3a4cfd6d536c877e42369,1000000000000000000,Forta,FORT,18,180,506375,69878065047,491347,13629109,deprecated,0x6a761202,"execTransaction(address to, uint256 value, bytes data, uint8 operation, uint256 safeTxGas, uint256 baseGas, uint256 gasPrice, address gasToken, address refundReceiver, bytes signatures)",10298295
14788269,1652731795,0x6289bd7acb9f487b97ddc571f8b56f584e085e711857a7c37705c2fd59aa4416,5,0x56342f0d84d1c725b664ac643314efba606cb145f3b8e38e6eb680df7712a237,0x0000000000000000000000000000000000000000,0x41545f8b9472d758bb669ed8eaeeecd7a9c4ec29,0x8f1454885e548f6f1305474a8b90d8784d0dd70f,500000000000000000000000,Forta,FORT,18,69,124249,30598804680,122791,5975301,deprecated,0x6a761202,"execTransaction(address to, uint256 value, bytes data, uint8 operation, uint256 safeTxGas, uint256 baseGas, uint256 gasPrice, address gasToken, address refundReceiver, bytes signatures)",10273258
14789555,1652749436,0xf4cefc22defebbc51930b098d8ab5f2168b1899af35a23e390920b7fb67e5e6a,12,0xa42b85f299bdf8f44823c77ec028e97938d4bd68a475d37b4d7907c519b2c99f,0x8f1454885e548f6f1305474a8b90d8784d0dd70f,0x41545f8b9472d758bb669ed8eaeeecd7a9c4ec29,0x9b0a8a8e6b2c23d572d7145f3da14438fed35374,300000000000000000000000,Forta,FORT,18,151,103277,29562088005,102181,13406764,deprecated,0x6a761202,"execTransaction(address to, uint256 value, bytes data, uint8 operation, uint256 safeTxGas, uint256 baseGas, uint256 gasPrice, address gasToken, address refundReceiver, bytes signatures)",10271972
14792853,1652795019,0x91f1b0d5ff05bec97d23fb9d00e52dcddf65ef49695da17972fa1a8a5ddca096,44,0x3f608d474f4726fac5e56e8a59769f1a86db4eaf4aa07d07f0f2f1f54f6c4671,0x9b0a8a8e6b2c23d572d7145f3da14438fed35374,0x41545f8b9472d758bb669ed8eaeeecd7a9c4ec29,0x40ec5b33f54e0e8a33a975908c5ba1c14e5bbbdf,1000000000000000000,Forta,FORT,18,8,118116,60791092361,105847,1367556,deprecated,0xe3dec8fb,"depositFor(address user, address rootToken, bytes depositData)",10268674
14792948,1652796369,0x68cac450ae80f5335b1881b8a193a718438bd275eaf102a01083654a76d36217,46,0x0fb35000f5b0725645fd526885db41ded581ccf77bb375552a34d288f7bbe174,0x9b0a8a8e6b2c23d572d7145f3da14438fed35374,0x41545f8b9472d758bb669ed8eaeeecd7a9c4ec29,0x40ec5b33f54e0e8a33a975908c5ba1c14e5bbbdf,299999000000000000000000,Forta,FORT,18,6,118140,65059347992,101071,933185,deprecated,0xe3dec8fb,"depositFor(address user, address rootToken, bytes depositData)",10268579
14793150,1652799274,0xb31f5605856f6857291f7f48f503b1610a49e18797eaae73727b197593073189,14,0xcc9388cf372431f2be3472e762408d18cdda468d451e96cb47187c3923a3c94b,0x0000000000000000000000000000000000000000,0x41545f8b9472d758bb669ed8eaeeecd7a9c4ec29,0xb38cc7d5920a0b5a7cd2ba618980c4e15d2e84a8,25000000000000000000000000,Forta,FORT,18,135,343802,91665034028,334390,7652107,deprecated,0x6a761202,"execTransaction(address to, uint256 value, bytes data, uint8 operation, uint256 safeTxGas, uint256 baseGas, uint256 gasPrice, address gasToken, address refundReceiver, bytes signatures)",10268377
14793150,1652799274,0xb31f5605856f6857291f7f48f503b1610a49e18797eaae73727b197593073189,14,0xcc9388cf372431f2be3472e762408d18cdda468d451e96cb47187c3923a3c94b,0x0000000000000000000000000000000000000000,0x41545f8b9472d758bb669ed8eaeeecd7a9c4ec29,0x51762391ca1aec99b6a99f7360f0b55b6de3f43e,24999999000000000000000000,Forta,FORT,18,135,343802,91665034028,334390,7652107,deprecated,0x6a761202,"execTransaction(address to, uint256 value, bytes data, uint8 operation, uint256 safeTxGas, uint256 baseGas, uint256 gasPrice, address gasToken, address refundReceiver, bytes signatures)",10268377
14793150,1652799274,0xb31f5605856f6857291f7f48f503b1610a49e18797eaae73727b197593073189,14,0xcc9388cf372431f2be3472e762408d18cdda468d451e96cb47187c3923a3c94b,0x0000000000000000000000000000000000000000,0x41545f8b9472d758bb669ed8eaeeecd7a9c4ec29,0x1a6d44c47586e6b3ea1abc55070df44b98c69beb,24999999000000000000000000,Forta,FORT,18,135,343802,91665034028,334390,7652107,deprecated,0x6a761202,"execTransaction(address to, uint256 value, bytes data, uint8 operation, uint256 safeTxGas, uint256 baseGas, uint256 gasPrice, address gasToken, address refundReceiver, bytes signatures)",10268377
14793150,1652799274,0xb31f5605856f6857291f7f48f503b1610a49e18797eaae73727b197593073189,14,0xcc9388cf372431f2be3472e762408d18cdda468d451e96cb47187c3923a3c94b,0x0000000000000000000000000000000000000000,0x41545f8b9472d758bb669ed8eaeeecd7a9c4ec29,0xebe9ec90f05941f47274978d773333604151e168,14999999000000000000000000,Forta,FORT,18,135,343802,91665034028,334390,7652107,deprecated,0x6a761202,"execTransaction(address to, uint256 value, bytes data, uint8 operation, uint256 safeTxGas, uint256 baseGas, uint256 gasPrice, address gasToken, address refundReceiver, bytes signatures)",10268377
14793150,1652799274,0xb31f5605856f6857291f7f48f503b1610a49e18797eaae73727b197593073189,14,0xcc9388cf372431f2be3472e762408d18cdda468d451e96cb47187c3923a3c94b,0x0000000000000000000000000000000000000000,0x41545f8b9472d758bb669ed8eaeeecd7a9c4ec29,0xb50bd72630d621ddad2b56d6d50f8827cb0a12c1,20000000000000000000000000,Forta,FORT,18,135,343802,91665034028,334390,7652107,deprecated,0x6a761202,"execTransaction(address to, uint256 value, bytes data, uint8 operation, uint256 safeTxGas, uint256 baseGas, uint256 gasPrice, address gasToken, address refundReceiver, bytes signatures)",10268377
14793150,1652799274,0xb31f5605856f6857291f7f48f503b1610a49e18797eaae73727b197593073189,14,0xcc9388cf372431f2be3472e762408d18cdda468d451e96cb47187c3923a3c94b,0x0000000000000000000000000000000000000000,0x41545f8b9472d758bb669ed8eaeeecd7a9c4ec29,0xda9cd97296bc7a6bdd27900f94d997eb43a8cb03,14999999000000000000000000,Forta,FORT,18,135,343802,91665034028,334390,7652107,deprecated,0x6a761202,"execTransaction(address to, uint256 value, bytes data, uint8 operation, uint256 safeTxGas, uint256 baseGas, uint256 gasPrice, address gasToken, address refundReceiver, bytes signatures)",10268377
14793150,1652799274,0xb31f5605856f6857291f7f48f503b1610a49e18797eaae73727b197593073189,14,0xcc9388cf372431f2be3472e762408d18cdda468d451e96cb47187c3923a3c94b,0x0000000000000000000000000000000000000000,0x41545f8b9472d758bb669ed8eaeeecd7a9c4ec29,0x7a389f24c9d384412a64f1472ff5cbac63d2413d,14999999000000000000000000,Forta,FORT,18,135,343802,91665034028,334390,7652107,deprecated,0x6a761202,"execTransaction(address to, uint256 value, bytes data, uint8 operation, uint256 safeTxGas, uint256 baseGas, uint256 gasPrice, address gasToken, address refundReceiver, bytes signatures)",10268377
14793150,1652799274,0xb31f5605856f6857291f7f48f503b1610a49e18797eaae73727b197593073189,14,0xcc9388cf372431f2be3472e762408d18cdda468d451e96cb47187c3923a3c94b,0x0000000000000000000000000000000000000000,0x41545f8b9472d758bb669ed8eaeeecd7a9c4ec29,0x256c08ad3cce2bec413e2042aa7b52ebd9c9e28b,24999999000000000000000000,Forta,FORT,18,135,343802,91665034028,334390,7652107,deprecated,0x6a761202,"execTransaction(address to, uint256 value, bytes data, uint8 operation, uint256 safeTxGas, uint256 baseGas, uint256 gasPrice, address gasToken, address refundReceiver, bytes signatures)",10268377
14793150,1652799274,0xb31f5605856f6857291f7f48f503b1610a49e18797eaae73727b197593073189,14,0xcc9388cf372431f2be3472e762408d18cdda468d451e96cb47187c3923a3c94b,0x0000000000000000000000000000000000000000,0x41545f8b9472d758bb669ed8eaeeecd7a9c4ec29,0x9be82095d2699a7437ab0e74383aa5ac0d19180f,24999999000000000000000000,Forta,FORT,18,135,343802,91665034028,334390,7652107,deprecated,0x6a761202,"execTransaction(address to, uint256 value, bytes data, uint8 operation, uint256 safeTxGas, uint256 baseGas, uint256 gasPrice, address gasToken, address refundReceiver, bytes signatures)",10268377
14793150,1652799274,0xb31f5605856f6857291f7f48f503b1610a49e18797eaae73727b197593073189,14,0xcc9388cf372431f2be3472e762408d18cdda468d451e96cb47187c3923a3c94b,0x0000000000000000000000000000000000000000,0x41545f8b9472d758bb669ed8eaeeecd7a9c4ec29,0xe97ec30a7fa39653e0426ca632bf900ff79515b6,24999999000000000000000000,Forta,FORT,18,135,343802,91665034028,334390,7652107,deprecated,0x6a761202,"execTransaction(address to, uint256 value, bytes data, uint8 operation, uint256 safeTxGas, uint256 baseGas, uint256 gasPrice, address gasToken, address refundReceiver, bytes signatures)",10268377
14793150,1652799274,0xb31f5605856f6857291f7f48f503b1610a49e18797eaae73727b197593073189,14,0xcc9388cf372431f2be3472e762408d18cdda468d451e96cb47187c3923a3c94b,0x0000000000000000000000000000000000000000,0x41545f8b9472d758bb669ed8eaeeecd7a9c4ec29,0x369cb2bb9649018ec108dcfbdf551adc3c42d180,24999999000000000000000000,Forta,FORT,18,135,343802,91665034028,334390,7652107,deprecated,0x6a761202,"execTransaction(address to, uint256 value, bytes data, uint8 operation, uint256 safeTxGas, uint256 baseGas, uint256 gasPrice, address gasToken, address refundReceiver, bytes signatures)",10268377
14793150,1652799274,0xb31f5605856f6857291f7f48f503b1610a49e18797eaae73727b197593073189,14,0xcc9388cf372431f2be3472e762408d18cdda468d451e96cb47187c3923a3c94b,0x0000000000000000000000000000000000000000,0x41545f8b9472d758bb669ed8eaeeecd7a9c4ec29,0x987c10bd99c710f15f5c340c1887e4c731034629,29999999000000000000000000,Forta,FORT,18,135,343802,91665034028,334390,7652107,deprecated,0x6a761202,"execTransaction(address to, uint256 value, bytes data, uint8 operation, uint256 safeTxGas, uint256 baseGas, uint256 gasPrice, address gasToken, address refundReceiver, bytes signatures)",10268377
14793150,1652799274,0xb31f5605856f6857291f7f48f503b1610a49e18797eaae73727b197593073189,14,0xcc9388cf372431f2be3472e762408d18cdda468d451e96cb47187c3923a3c94b,0x0000000000000000000000000000000000000000,0x41545f8b9472d758bb669ed8eaeeecd7a9c4ec29,0xead00d6c36a3f54d82a3a4cfd6d536c877e42369,29999999000000000000000000,Forta,FORT,18,135,343802,91665034028,334390,7652107,deprecated,0x6a761202,"execTransaction(address to, uint256 value, bytes data, uint8 operation, uint256 safeTxGas, uint256 baseGas, uint256 gasPrice, address gasToken, address refundReceiver, bytes signatures)",10268377
14836305,1653402706,0x51e817375067d48c6f26679d764894743da3f5bc37476359aa69a1f94d8dba2d,16,0x0e28053f94e3032b9aeeabe6d73e17806d6d45f20fc78fb0bec4d04380a1182c,0x0000000000000000000000000000000000000000,0x41545f8b9472d758bb669ed8eaeeecd7a9c4ec29,0xcf7b521dc1a0c9c52f5455ec44f64da3555ab9f0,1000000000000000000,Forta,FORT,18,418,1068547,32986466352,1036663,27686859,deprecated,0x6a761202,"execTransaction(address to, uint256 value, bytes data, uint8 operation, uint256 safeTxGas, uint256 baseGas, uint256 gasPrice, address gasToken, address refundReceiver, bytes signatures)",10225222
14836305,1653402706,0x51e817375067d48c6f26679d764894743da3f5bc37476359aa69a1f94d8dba2d,16,0x0e28053f94e3032b9aeeabe6d73e17806d6d45f20fc78fb0bec4d04380a1182c,0x0000000000000000000000000000000000000000,0x41545f8b9472d758bb669ed8eaeeecd7a9c4ec29,0x6eb1d001a4a0d8a41f3ba4d6e6cef11d6d1789a0,1000000000000000000,Forta,FORT,18,418,1068547,32986466352,1036663,27686859,deprecated,0x6a761202,"execTransaction(address to, uint256 value, bytes data, uint8 operation, uint256 safeTxGas, uint256 baseGas, uint256 gasPrice, address gasToken, address refundReceiver, bytes signatures)",10225222
14836305,1653402706,0x51e817375067d48c6f26679d764894743da3f5bc37476359aa69a1f94d8dba2d,16,0x0e28053f94e3032b9aeeabe6d73e17806d6d45f20fc78fb0bec4d04380a1182c,0x0000000000000000000000000000000000000000,0x41545f8b9472d758bb669ed8eaeeecd7a9c4ec29,0x54716b0e8263e6797cfc3fe075fe347256c9411c,1000000000000000000,Forta,FORT,18,418,1068547,32986466352,1036663,27686859,deprecated,0x6a761202,"execTransaction(address to, uint256 value, bytes data, uint8 operation, uint256 safeTxGas, uint256 baseGas, uint256 gasPrice, address gasToken, address refundReceiver, bytes signatures)",10225222
14836305,1653402706,0x51e817375067d48c6f26679d764894743da3f5bc37476359aa69a1f94d8dba2d,16,0x0e28053f94e3032b9aeeabe6d73e17806d6d45f20fc78fb0bec4d04380a1182c,0x0000000000000000000000000000000000000000,0x41545f8b9472d758bb669ed8eaeeecd7a9c4ec29,0x8c417caecd9371d122c5b7eb38e642405c397fc8,1000000000000000000,Forta,FORT,18,418,1068547,32986466352,1036663,27686859,deprecated,0x6a761202,"execTransaction(address to, uint256 value, bytes data, uint8 operation, uint256 safeTxGas, uint256 baseGas, uint256 gasPrice, address gasToken, address refundReceiver, bytes signatures)",10225222
14836305,1653402706,0x51e817375067d48c6f26679d764894743da3f5bc37476359aa69a1f94d8dba2d,16,0x0e28053f94e3032b9aeeabe6d73e17806d6d45f20fc78fb0bec4d04380a1182c,0x0000000000000000000000000000000000000000,0x41545f8b9472d758bb669ed8eaeeecd7a9c4ec29,0x5d82be8081c1eebb14d7d051b22546ef216d6719,1000000000000000000,Forta,FORT,18,418,1068547,32986466352,1036663,27686859,deprecated,0x6a761202,"execTransaction(address to, uint256 value, bytes data, uint8 operation, uint256 safeTxGas, uint256 baseGas, uint256 gasPrice, address gasToken, address refundReceiver, bytes signatures)",10225222
14836305,1653402706,0x51e817375067d48c6f26679d764894743da3f5bc37476359aa69a1f94d8dba2d,16,0x0e28053f94e3032b9aeeabe6d73e17806d6d45f20fc78fb0bec4d04380a1182c,0x0000000000000000000000000000000000000000,0x41545f8b9472d758bb669ed8eaeeecd7a9c4ec29,0x54426ee68cdf8f6d76c5f456b8ac3c221a6053cf,1000000000000000000,Forta,FORT,18,418,1068547,32986466352,1036663,27686859,deprecated,0x6a761202,"execTransaction(address to, uint256 value, bytes data, uint8 operation, uint256 safeTxGas, uint256 baseGas, uint256 gasPrice, address gasToken, address refundReceiver, bytes signatures)",10225222
14836305,1653402706,0x51e817375067d48c6f26679d764894743da3f5bc37476359aa69a1f94d8dba2d,16,0x0e28053f94e3032b9aeeabe6d73e17806d6d45f20fc78fb0bec4d04380a1182c,0x0000000000000000000000000000000000000000,0x41545f8b9472d758bb669ed8eaeeecd7a9c4ec29,0x88a9e5319bb7f8c445c9cc8cfab7734c78f9b1f3,1000000000000000000,Forta,FORT,18,418,1068547,32986466352,1036663,27686859,deprecated,0x6a761202,"execTransaction(address to, uint256 value, bytes data, uint8 operation, uint256 safeTxGas, uint256 baseGas, uint256 gasPrice, address gasToken, address refundReceiver, bytes signatures)",10225222
14836305,1653402706,0x51e817375067d48c6f26679d764894743da3f5bc37476359aa69a1f94d8dba2d,16,0x0e28053f94e3032b9aeeabe6d73e17806d6d45f20fc78fb0bec4d04380a1182c,0x0000000000000000000000000000000000000000,0x41545f8b9472d758bb669ed8eaeeecd7a9c4ec29,0x96eac357346aabe9af0e9ca6c9d1d8d2464f2cf0,1000000000000000000,Forta,FORT,18,418,1068547,32986466352,1036663,27686859,deprecated,0x6a761202,"execTransaction(address to, uint256 value, bytes data, uint8 operation, uint256 safeTxGas, uint256 baseGas, uint256 gasPrice, address gasToken, address refundReceiver, bytes signatures)",10225222
14836305,1653402706,0x51e817375067d48c6f26679d764894743da3f5bc37476359aa69a1f94d8dba2d,16,0x0e28053f94e3032b9aeeabe6d73e17806d6d45f20fc78fb0bec4d04380a1182c,0x0000000000000000000000000000000000000000,0x41545f8b9472d758bb669ed8eaeeecd7a9c4ec29,0xf0d9fce0fc5211b3dbf51a054ad38e881cdf72cb,1000000000000000000,Forta,FORT,18,418,1068547,32986466352,1036663,27686859,deprecated,0x6a761202,"execTransaction(address to, uint256 value, bytes data, uint8 operation, uint256 safeTxGas, uint256 baseGas, uint256 gasPrice, address gasToken, address refundReceiver, bytes signatures)",10225222
14836305,1653402706,0x51e817375067d48c6f26679d764894743da3f5bc37476359aa69a1f94d8dba2d,16,0x0e28053f94e3032b9aeeabe6d73e17806d6d45f20fc78fb0bec4d04380a1182c,0x0000000000000000000000000000000000000000,0x41545f8b9472d758bb669ed8eaeeecd7a9c4ec29,0x3b02d7e4ef64ce583473a92a2277a4a28682ef5f,1000000000000000000,Forta,FORT,18,418,1068547,32986466352,1036663,27686859,deprecated,0x6a761202,"execTransaction(address to, uint256 value, bytes data, uint8 operation, uint256 safeTxGas, uint256 baseGas, uint256 gasPrice, address gasToken, address refundReceiver, bytes signatures)",10225222
14836305,1653402706,0x51e817375067d48c6f26679d764894743da3f5bc37476359aa69a1f94d8dba2d,16,0x0e28053f94e3032b9aeeabe6d73e17806d6d45f20fc78fb0bec4d04380a1182c,0x0000000000000000000000000000000000000000,0x41545f8b9472d758bb669ed8eaeeecd7a9c4ec29,0xf393eae178fe233c42e3882bab1e1c5e0e2a334e,1000000000000000000,Forta,FORT,18,418,1068547,32986466352,1036663,27686859,deprecated,0x6a761202,"execTransaction(address to, uint256 value, bytes data, uint8 operation, uint256 safeTxGas, uint256 baseGas, uint256 gasPrice, address gasToken, address refundReceiver, bytes signatures)",10225222
14836305,1653402706,0x51e817375067d48c6f26679d764894743da3f5bc37476359aa69a1f94d8dba2d,16,0x0e28053f94e3032b9aeeabe6d73e17806d6d45f20fc78fb0bec4d04380a1182c,0x0000000000000000000000000000000000000000,0x41545f8b9472d758bb669ed8eaeeecd7a9c4ec29,0xa0ad30961202b5f185a5ef6bb5bee9e865a256df,1000000000000000000,Forta,FORT,18,418,1068547,32986466352,1036663,27686859,deprecated,0x6a761202,"execTransaction(address to, uint256 value, bytes data, uint8 operation, uint256 safeTxGas, uint256 baseGas, uint256 gasPrice, address gasToken, address refundReceiver, bytes signatures)",10225222
14836305,1653402706,0x51e817375067d48c6f26679d764894743da3f5bc37476359aa69a1f94d8dba2d,16,0x0e28053f94e3032b9aeeabe6d73e17806d6d45f20fc78fb0bec4d04380a1182c,0x0000000000000000000000000000000000000000,0x41545f8b9472d758bb669ed8eaeeecd7a9c4ec29,0x7bff857242164e9d65a6ceee5c7695c8fd8413bf,1000000000000000000,Forta,FORT,18,418,1068547,32986466352,1036663,27686859,deprecated,0x6a761202,"execTransaction(address to, uint256 value, bytes data, uint8 operation, uint256 safeTxGas, uint256 baseGas, uint256 gasPrice, address gasToken, address refundReceiver, bytes signatures)",10225222
14836305,1653402706,0x51e817375067d48c6f26679d764894743da3f5bc37476359aa69a1f94d8dba2d,16,0x0e28053f94e3032b9aeeabe6d73e17806d6d45f20fc78fb0bec4d04380a1182c,0x0000000000000000000000000000000000000000,0x41545f8b9472d758bb669ed8eaeeecd7a9c4ec29,0x1f389801c2aeab36cddf8772e2a3bb0e60f27bd8,1000000000000000000,Forta,FORT,18,418,1068547,32986466352,1036663,27686859,deprecated,0x6a761202,"execTransaction(address to, uint256 value, bytes data, uint8 operation, uint256 safeTxGas, uint256 baseGas, uint256 gasPrice, address gasToken, address refundReceiver, bytes signatures)",10225222
14836305,1653402706,0x51e817375067d48c6f26679d764894743da3f5bc37476359aa69a1f94d8dba2d,16,0x0e28053f94e3032b9aeeabe6d73e17806d6d45f20fc78fb0bec4d04380a1182c,0x0000000000000000000000000000000000000000,0x41545f8b9472d758bb669ed8eaeeecd7a9c4ec29,0xe3d194c60d5a64b8dd9bd70fd23f8247d3cba0af,1000000000000000000,Forta,FORT,18,418,1068547,32986466352,1036663,27686859,deprecated,0x6a761202,"execTransaction(address to, uint256 value, bytes data, uint8 operation, uint256 safeTxGas, uint256 baseGas, uint256 gasPrice, address gasToken, address refundReceiver, bytes signatures)",10225222
14836305,1653402706,0x51e817375067d48c6f26679d764894743da3f5bc37476359aa69a1f94d8dba2d,16,0x0e28053f94e3032b9aeeabe6d73e17806d6d45f20fc78fb0bec4d04380a1182c,0x0000000000000000000000000000000000000000,0x41545f8b9472d758bb669ed8eaeeecd7a9c4ec29,0xd565094564d0c841f5bce2c48597267b7dbdd3ac,1000000000000000000,Forta,FORT,18,418,1068547,32986466352,1036663,27686859,deprecated,0x6a761202,"execTransaction(address to, uint256 value, bytes data, uint8 operation, uint256 safeTxGas, uint256 baseGas, uint256 gasPrice, address gasToken, address refundReceiver, bytes signatures)",10225222
14836305,1653402706,0x51e817375067d48c6f26679d764894743da3f5bc37476359aa69a1f94d8dba2d,16,0x0e28053f94e3032b9aeeabe6d73e17806d6d45f20fc78fb0bec4d04380a1182c,0x0000000000000000000000000000000000000000,0x41545f8b9472d758bb669ed8eaeeecd7a9c4ec29,0x3813bbc4414e75d66e9e4c6902b184b4cba87a05,1000000000000000000,Forta,FORT,18,418,1068547,32986466352,1036663,27686859,deprecated,0x6a761202,"execTransaction(address to, uint256 value, bytes data, uint8 operation, uint256 safeTxGas, uint256 baseGas, uint256 gasPrice, address gasToken, address refundReceiver, bytes signatures)",10225222
14836305,1653402706,0x51e817375067d48c6f26679d764894743da3f5bc37476359aa69a1f94d8dba2d,16,0x0e28053f94e3032b9aeeabe6d73e17806d6d45f20fc78fb0bec4d04380a1182c,0x0000000000000000000000000000000000000000,0x41545f8b9472d758bb669ed8eaeeecd7a9c4ec29,0x5fd8e9a538eb3da7f8a8139609fb988809acaf33,1000000000000000000,Forta,FORT,18,418,1068547,32986466352,1036663,27686859,deprecated,0x6a761202,"execTransaction(address to, uint256 value, bytes data, uint8 operation, uint256 safeTxGas, uint256 baseGas, uint256 gasPrice, address gasToken, address refundReceiver, bytes signatures)",10225222
14836305,1653402706,0x51e817375067d48c6f26679d764894743da3f5bc37476359aa69a1f94d8dba2d,16,0x0e28053f94e3032b9aeeabe6d73e17806d6d45f20fc78fb0bec4d04380a1182c,0x0000000000000000000000000000000000000000,0x41545f8b9472d758bb669ed8eaeeecd7a9c4ec29,0x6f6ca2ffc1d616d4093e849475a4ff880108af78,1000000000000000000,Forta,FORT,18,418,1068547,32986466352,1036663,27686859,deprecated,0x6a761202,"execTransaction(address to, uint256 value, bytes data, uint8 operation, uint256 safeTxGas, uint256 baseGas, uint256 gasPrice, address gasToken, address refundReceiver, bytes signatures)",10225222
14836305,1653402706,0x51e817375067d48c6f26679d764894743da3f5bc37476359aa69a1f94d8dba2d,16,0x0e28053f94e3032b9aeeabe6d73e17806d6d45f20fc78fb0bec4d04380a1182c,0x0000000000000000000000000000000000000000,0x41545f8b9472d758bb669ed8eaeeecd7a9c4ec29,0x208b858528b8623989dbbdc4db17d96d32af1f46,1000000000000000000,Forta,FORT,18,418,1068547,32986466352,1036663,27686859,deprecated,0x6a761202,"execTransaction(address to, uint256 value, bytes data, uint8 operation, uint256 safeTxGas, uint256 baseGas, uint256 gasPrice, address gasToken, address refundReceiver, bytes signatures)",10225222
14836305,1653402706,0x51e817375067d48c6f26679d764894743da3f5bc37476359aa69a1f94d8dba2d,16,0x0e28053f94e3032b9aeeabe6d73e17806d6d45f20fc78fb0bec4d04380a1182c,0x0000000000000000000000000000000000000000,0x41545f8b9472d758bb669ed8eaeeecd7a9c4ec29,0x1dbe75c7cbd436b33402c0fcd30bb3ec06169eb8,1000000000000000000,Forta,FORT,18,418,1068547,32986466352,1036663,27686859,deprecated,0x6a761202,"execTransaction(address to, uint256 value, bytes data, uint8 operation, uint256 safeTxGas, uint256 baseGas, uint256 gasPrice, address gasToken, address refundReceiver, bytes signatures)",10225222
14836305,1653402706,0x51e817375067d48c6f26679d764894743da3f5bc37476359aa69a1f94d8dba2d,16,0x0e28053f94e3032b9aeeabe6d73e17806d6d45f20fc78fb0bec4d04380a1182c,0x0000000000000000000000000000000000000000,0x41545f8b9472d758bb669ed8eaeeecd7a9c4ec29,0xe9e4b34c79b89d6d472cac66fd8fe97c4d9d7cfe,1000000000000000000,Forta,FORT,18,418,1068547,32986466352,1036663,27686859,deprecated,0x6a761202,"execTransaction(address to, uint256 value, bytes data, uint8 operation, uint256 safeTxGas, uint256 baseGas, uint256 gasPrice, address gasToken, address refundReceiver, bytes signatures)",10225222
14836305,1653402706,0x51e817375067d48c6f26679d764894743da3f5bc37476359aa69a1f94d8dba2d,16,0x0e28053f94e3032b9aeeabe6d73e17806d6d45f20fc78fb0bec4d04380a1182c,0x0000000000000000000000000000000000000000,0x41545f8b9472d758bb669ed8eaeeecd7a9c4ec29,0xc06a88ac3e2ce18ee0f81944730b7162a4a48348,1000000000000000000,Forta,FORT,18,418,1068547,32986466352,1036663,27686859,deprecated,0x6a761202,"execTransaction(address to, uint256 value, bytes data, uint8 operation, uint256 safeTxGas, uint256 baseGas, uint256 gasPrice, address gasToken, address refundReceiver, bytes signatures)",10225222
14836305,1653402706,0x51e817375067d48c6f26679d764894743da3f5bc37476359aa69a1f94d8dba2d,16,0x0e28053f94e3032b9aeeabe6d73e17806d6d45f20fc78fb0bec4d04380a1182c,0x0000000000000000000000000000000000000000,0x41545f8b9472d758bb669ed8eaeeecd7a9c4ec29,0xf26c7c5d87596e3e87349d0c5620104d3b8d9462,1000000000000000000,Forta,FORT,18,418,1068547,32986466352,1036663,27686859,deprecated,0x6a761202,"execTransaction(address to, uint256 value, bytes data, uint8 operation, uint256 safeTxGas, uint256 baseGas, uint256 gasPrice, address gasToken, address refundReceiver, bytes signatures)",10225222
14836305,1653402706,0x51e817375067d48c6f26679d764894743da3f5bc37476359aa69a1f94d8dba2d,16,0x0e28053f94e3032b9aeeabe6d73e17806d6d45f20fc78fb0bec4d04380a1182c,0x0000000000000000000000000000000000000000,0x41545f8b9472d758bb669ed8eaeeecd7a9c4ec29,0x1e935be22db414d8bbd9dfff7f9689ee44c1b51b,1000000000000000000,Forta,FORT,18,418,1068547,32986466352,1036663,27686859,deprecated,0x6a761202,"execTransaction(address to, uint256 value, bytes data, uint8 operation, uint256 safeTxGas, uint256 baseGas, uint256 gasPrice, address gasToken, address refundReceiver, bytes signatures)",10225222
14836305,1653402706,0x51e817375067d48c6f26679d764894743da3f5bc37476359aa69a1f94d8dba2d,16,0x0e28053f94e3032b9aeeabe6d73e17806d6d45f20fc78fb0bec4d04380a1182c,0x0000000000000000000000000000000000000000,0x41545f8b9472d758bb669ed8eaeeecd7a9c4ec29,0xd1987604195e67a7f161ca678e46d4e9622a726b,1000000000000000000,Forta,FORT,18,418,1068547,32986466352,1036663,27686859,deprecated,0x6a761202,"execTransaction(address to, uint256 value, bytes data, uint8 operation, uint256 safeTxGas, uint256 baseGas, uint256 gasPrice, address gasToken, address refundReceiver, bytes signatures)",10225222
14836305,1653402706,0x51e817375067d48c6f26679d764894743da3f5bc37476359aa69a1f94d8dba2d,16,0x0e28053f94e3032b9aeeabe6d73e17806d6d45f20fc78fb0bec4d04380a1182c,0x0000000000000000000000000000000000000000,0x41545f8b9472d758bb669ed8eaeeecd7a9c4ec29,0xdfc59481659a1acd949a8fa520c206f6ec221ed6,1000000000000000000,Forta,FORT,18,418,1068547,32986466352,1036663,27686859,deprecated,0x6a761202,"execTransaction(address to, uint256 value, bytes data, uint8 operation, uint256 safeTxGas, uint256 baseGas, uint256 gasPrice, address gasToken, address refundReceiver, bytes signatures)",10225222
14848090,1653570021,0xdb0645242813b79656b26cb22920aa4637807fa7a1b740b9ed469d02daa63636,17,0xda576f3f6d3cf740eacaca9276da60c3500e9c731186e41386ec0f784e0afeed,0x0000000000000000000000000000000000000000,0x41545f8b9472d758bb669ed8eaeeecd7a9c4ec29,0x8f1454885e548f6f1305474a8b90d8784d0dd70f,1000000000000000000000000,Forta,FORT,18,36,124249,54682482489,122791,2193897,deprecated,0x6a761202,"execTransaction(address to, uint256 value, bytes data, uint8 operation, uint256 safeTxGas, uint256 baseGas, uint256 gasPrice, address gasToken, address refundReceiver, bytes signatures)",10213437
14848137,1653570751,0x86358fc867b14f0c6f75f6d94b1f56fb102dea55f13b3e8d974a088345ce2c9e,18,0xd567f214afa089890c5aa61e6aedc4c811b655e669fb1aa1f534b26f80c15dfe,0x0000000000000000000000000000000000000000,0x41545f8b9472d758bb669ed8eaeeecd7a9c4ec29,0xcf7b521dc1a0c9c52f5455ec44f64da3555ab9f0,29999999000000000000000000,Forta,FORT,18,130,596327,68193427012,579730,13597747,deprecated,0x6a761202,"execTransaction(address to, uint256 value, bytes data, uint8 operation, uint256 safeTxGas, uint256 baseGas, uint256 gasPrice, address gasToken, address refundReceiver, bytes signatures)",10213390
14848137,1653570751,0x86358fc867b14f0c6f75f6d94b1f56fb102dea55f13b3e8d974a088345ce2c9e,18,0xd567f214afa089890c5aa61e6aedc4c811b655e669fb1aa1f534b26f80c15dfe,0x0000000000000000000000000000000000000000,0x41545f8b9472d758bb669ed8eaeeecd7a9c4ec29,0x6eb1d001a4a0d8a41f3ba4d6e6cef11d6d1789a0,29999999000000000000000000,Forta,FORT,18,130,596327,68193427012,579730,13597747,deprecated,0x6a761202,"execTransaction(address to, uint256 value, bytes data, uint8 operation, uint256 safeTxGas, uint256 baseGas, uint256 gasPrice, address gasToken, address refundReceiver, bytes signatures)",10213390
14848137,1653570751,0x86358fc867b14f0c6f75f6d94b1f56fb102dea55f13b3e8d974a088345ce2c9e,18,0xd567f214afa089890c5aa61e6aedc4c811b655e669fb1aa1f534b26f80c15dfe,0x0000000000000000000000000000000000000000,0x41545f8b9472d758bb669ed8eaeeecd7a9c4ec29,0x54716b0e8263e6797cfc3fe075fe347256c9411c,15999999000000000000000000,Forta,FORT,18,130,596327,68193427012,579730,13597747,deprecated,0x6a761202,"execTransaction(address to, uint256 value, bytes data, uint8 operation, uint256 safeTxGas, uint256 baseGas, uint256 gasPrice, address gasToken, address refundReceiver, bytes signatures)",10213390
14848137,1653570751,0x86358fc867b14f0c6f75f6d94b1f56fb102dea55f13b3e8d974a088345ce2c9e,18,0xd567f214afa089890c5aa61e6aedc4c811b655e669fb1aa1f534b26f80c15dfe,0x0000000000000000000000000000000000000000,0x41545f8b9472d758bb669ed8eaeeecd7a9c4ec29,0x8c417caecd9371d122c5b7eb38e642405c397fc8,15999999000000000000000000,Forta,FORT,18,130,596327,68193427012,579730,13597747,deprecated,0x6a761202,"execTransaction(address to, uint256 value, bytes data, uint8 operation, uint256 safeTxGas, uint256 baseGas, uint256 gasPrice, address gasToken, address refundReceiver, bytes signatures)",10213390
14848137,1653570751,0x86358fc867b14f0c6f75f6d94b1f56fb102dea55f13b3e8d974a088345ce2c9e,18,0xd567f214afa089890c5aa61e6aedc4c811b655e669fb1aa1f534b26f80c15dfe,0x0000000000000000000000000000000000000000,0x41545f8b9472d758bb669ed8eaeeecd7a9c4ec29,0x5d82be8081c1eebb14d7d051b22546ef216d6719,15999999000000000000000000,Forta,FORT,18,130,596327,68193427012,579730,13597747,deprecated,0x6a761202,"execTransaction(address to, uint256 value, bytes data, uint8 operation, uint256 safeTxGas, uint256 baseGas, uint256 gasPrice, address gasToken, address refundReceiver, bytes signatures)",10213390
14848137,1653570751,0x86358fc867b14f0c6f75f6d94b1f56fb102dea55f13b3e8d974a088345ce2c9e,18,0xd567f214afa089890c5aa61e6aedc4c811b655e669fb1aa1f534b26f80c15dfe,0x0000000000000000000000000000000000000000,0x41545f8b9472d758bb669ed8eaeeecd7a9c4ec29,0x54426ee68cdf8f6d76c5f456b8ac3c221a6053cf,15999999000000000000000000,Forta,FORT,18,130,596327,68193427012,579730,13597747,deprecated,0x6a761202,"execTransaction(address to, uint256 value, bytes data, uint8 operation, uint256 safeTxGas, uint256 baseGas, uint256 gasPrice, address gasToken, address refundReceiver, bytes signatures)",10213390
14848137,1653570751,0x86358fc867b14f0c6f75f6d94b1f56fb102dea55f13b3e8d974a088345ce2c9e,18,0xd567f214afa089890c5aa61e6aedc4c811b655e669fb1aa1f534b26f80c15dfe,0x0000000000000000000000000000000000000000,0x41545f8b9472d758bb669ed8eaeeecd7a9c4ec29,0x88a9e5319bb7f8c445c9cc8cfab7734c78f9b1f3,15999999000000000000000000,Forta,FORT,18,130,596327,68193427012,579730,13597747,deprecated,0x6a761202,"execTransaction(address to, uint256 value, bytes data, uint8 operation, uint256 safeTxGas, uint256 baseGas, uint256 gasPrice, address gasToken, address refundReceiver, bytes signatures)",10213390
14848137,1653570751,0x86358fc867b14f0c6f75f6d94b1f56fb102dea55f13b3e8d974a088345ce2c9e,18,0xd567f214afa089890c5aa61e6aedc4c811b655e669fb1aa1f534b26f80c15dfe,0x0000000000000000000000000000000000000000,0x41545f8b9472d758bb669ed8eaeeecd7a9c4ec29,0x96eac357346aabe9af0e9ca6c9d1d8d2464f2cf0,15999999000000000000000000,Forta,FORT,18,130,596327,68193427012,579730,13597747,deprecated,0x6a761202,"execTransaction(address to, uint256 value, bytes data, uint8 operation, uint256 safeTxGas, uint256 baseGas, uint256 gasPrice, address gasToken, address refundReceiver, bytes signatures)",10213390
14848137,1653570751,0x86358fc867b14f0c6f75f6d94b1f56fb102dea55f13b3e8d974a088345ce2c9e,18,0xd567f214afa089890c5aa61e6aedc4c811b655e669fb1aa1f534b26f80c15dfe,0x0000000000000000000000000000000000000000,0x41545f8b9472d758bb669ed8eaeeecd7a9c4ec29,0xf0d9fce0fc5211b3dbf51a054ad38e881cdf72cb,15999999000000000000000000,Forta,FORT,18,130,596327,68193427012,579730,13597747,deprecated,0x6a761202,"execTransaction(address to, uint256 value, bytes data, uint8 operation, uint256 safeTxGas, uint256 baseGas, uint256 gasPrice, address gasToken, address refundReceiver, bytes signatures)",10213390
14848137,1653570751,0x86358fc867b14f0c6f75f6d94b1f56fb102dea55f13b3e8d974a088345ce2c9e,18,0xd567f214afa089890c5aa61e6aedc4c811b655e669fb1aa1f534b26f80c15dfe,0x0000000000000000000000000000000000000000,0x41545f8b9472d758bb669ed8eaeeecd7a9c4ec29,0x3b02d7e4ef64ce583473a92a2277a4a28682ef5f,15999999000000000000000000,Forta,FORT,18,130,596327,68193427012,579730,13597747,deprecated,0x6a761202,"execTransaction(address to, uint256 value, bytes data, uint8 operation, uint256 safeTxGas, uint256 baseGas, uint256 gasPrice, address gasToken, address refundReceiver, bytes signatures)",10213390
14848137,1653570751,0x86358fc867b14f0c6f75f6d94b1f56fb102dea55f13b3e8d974a088345ce2c9e,18,0xd567f214afa089890c5aa61e6aedc4c811b655e669fb1aa1f534b26f80c15dfe,0x0000000000000000000000000000000000000000,0x41545f8b9472d758bb669ed8eaeeecd7a9c4ec29,0xf393eae178fe233c42e3882bab1e1c5e0e2a334e,15999999000000000000000000,Forta,FORT,18,130,596327,68193427012,579730,13597747,deprecated,0x6a761202,"execTransaction(address to, uint256 value, bytes data, uint8 operation, uint256 safeTxGas, uint256 baseGas, uint256 gasPrice, address gasToken, address refundReceiver, bytes signatures)",10213390
14848137,1653570751,0x86358fc867b14f0c6f75f6d94b1f56fb102dea55f13b3e8d974a088345ce2c9e,18,0xd567f214afa089890c5aa61e6aedc4c811b655e669fb1aa1f534b26f80c15dfe,0x0000000000000000000000000000000000000000,0x41545f8b9472d758bb669ed8eaeeecd7a9c4ec29,0xa0ad30961202b5f185a5ef6bb5bee9e865a256df,15999999000000000000000000,Forta,FORT,18,130,596327,68193427012,579730,13597747,deprecated,0x6a761202,"execTransaction(address to, uint256 value, bytes data, uint8 operation, uint256 safeTxGas, uint256 baseGas, uint256 gasPrice, address gasToken, address refundReceiver, bytes signatures)",10213390
14848137,1653570751,0x86358fc867b14f0c6f75f6d94b1f56fb102dea55f13b3e8d974a088345ce2c9e,18,0xd567f214afa089890c5aa61e6aedc4c811b655e669fb1aa1f534b26f80c15dfe,0x0000000000000000000000000000000000000000,0x41545f8b9472d758bb669ed8eaeeecd7a9c4ec29,0x7bff857242164e9d65a6ceee5c7695c8fd8413bf,15999999000000000000000000,Forta,FORT,18,130,596327,68193427012,579730,13597747,deprecated,0x6a761202,"execTransaction(address to, uint256 value, bytes data, uint8 operation, uint256 safeTxGas, uint256 baseGas, uint256 gasPrice, address gasToken, address refundReceiver, bytes signatures)",10213390
14848137,1653570751,0x86358fc867b14f0c6f75f6d94b1f56fb102dea55f13b3e8d974a088345ce2c9e,18,0xd567f214afa089890c5aa61e6aedc4c811b655e669fb1aa1f534b26f80c15dfe,0x0000000000000000000000000000000000000000,0x41545f8b9472d758bb669ed8eaeeecd7a9c4ec29,0x1f389801c2aeab36cddf8772e2a3bb0e60f27bd8,15999999000000000000000000,Forta,FORT,18,130,596327,68193427012,579730,13597747,deprecated,0x6a761202,"execTransaction(address to, uint256 value, bytes data, uint8 operation, uint256 safeTxGas, uint256 baseGas, uint256 gasPrice, address gasToken, address refundReceiver, bytes signatures)",10213390
14848137,1653570751,0x86358fc867b14f0c6f75f6d94b1f56fb102dea55f13b3e8d974a088345ce2c9e,18,0xd567f214afa089890c5aa61e6aedc4c811b655e669fb1aa1f534b26f80c15dfe,0x0000000000000000000000000000000000000000,0x41545f8b9472d758bb669ed8eaeeecd7a9c4ec29,0xe3d194c60d5a64b8dd9bd70fd23f8247d3cba0af,15999999000000000000000000,Forta,FORT,18,130,596327,68193427012,579730,13597747,deprecated,0x6a761202,"execTransaction(address to, uint256 value, bytes data, uint8 operation, uint256 safeTxGas, uint256 baseGas, uint256 gasPrice, address gasToken, address refundReceiver, bytes signatures)",10213390
14848137,1653570751,0x86358fc867b14f0c6f75f6d94b1f56fb102dea55f13b3e8d974a088345ce2c9e,18,0xd567f214afa089890c5aa61e6aedc4c811b655e669fb1aa1f534b26f80c15dfe,0x0000000000000000000000000000000000000000,0x41545f8b9472d758bb669ed8eaeeecd7a9c4ec29,0xd565094564d0c841f5bce2c48597267b7dbdd3ac,15999999000000000000000000,Forta,FORT,18,130,596327,68193427012,579730,13597747,deprecated,0x6a761202,"execTransaction(address to, uint256 value, bytes data, uint8 operation, uint256 safeTxGas, uint256 baseGas, uint256 gasPrice, address gasToken, address refundReceiver, bytes signatures)",10213390
14848137,1653570751,0x86358fc867b14f0c6f75f6d94b1f56fb102dea55f13b3e8d974a088345ce2c9e,18,0xd567f214afa089890c5aa61e6aedc4c811b655e669fb1aa1f534b26f80c15dfe,0x0000000000000000000000000000000000000000,0x41545f8b9472d758bb669ed8eaeeecd7a9c4ec29,0x3813bbc4414e75d66e9e4c6902b184b4cba87a05,15999999000000000000000000,Forta,FORT,18,130,596327,68193427012,579730,13597747,deprecated,0x6a761202,"execTransaction(address to, uint256 value, bytes data, uint8 operation, uint256 safeTxGas, uint256 baseGas, uint256 gasPrice, address gasToken, address refundReceiver, bytes signatures)",10213390
14848137,1653570751,0x86358fc867b14f0c6f75f6d94b1f56fb102dea55f13b3e8d974a088345ce2c9e,18,0xd567f214afa089890c5aa61e6aedc4c811b655e669fb1aa1f534b26f80c15dfe,0x0000000000000000000000000000000000000000,0x41545f8b9472d758bb669ed8eaeeecd7a9c4ec29,0x5fd8e9a538eb3da7f8a8139609fb988809acaf33,15999999000000000000000000,Forta,FORT,18,130,596327,68193427012,579730,13597747,deprecated,0x6a761202,"execTransaction(address to, uint256 value, bytes data, uint8 operation, uint256 safeTxGas, uint256 baseGas, uint256 gasPrice, address gasToken, address refundReceiver, bytes signatures)",10213390
14848137,1653570751,0x86358fc867b14f0c6f75f6d94b1f56fb102dea55f13b3e8d974a088345ce2c9e,18,0xd567f214afa089890c5aa61e6aedc4c811b655e669fb1aa1f534b26f80c15dfe,0x0000000000000000000000000000000000000000,0x41545f8b9472d758bb669ed8eaeeecd7a9c4ec29,0x6f6ca2ffc1d616d4093e849475a4ff880108af78,15999999000000000000000000,Forta,FORT,18,130,596327,68193427012,579730,13597747,deprecated,0x6a761202,"execTransaction(address to, uint256 value, bytes data, uint8 operation, uint256 safeTxGas, uint256 baseGas, uint256 gasPrice, address gasToken, address refundReceiver, bytes signatures)",10213390
14848137,1653570751,0x86358fc867b14f0c6f75f6d94b1f56fb102dea55f13b3e8d974a088345ce2c9e,18,0xd567f214afa089890c5aa61e6aedc4c811b655e669fb1aa1f534b26f80c15dfe,0x0000000000000000000000000000000000000000,0x41545f8b9472d758bb669ed8eaeeecd7a9c4ec29,0x208b858528b8623989dbbdc4db17d96d32af1f46,15999999000000000000000000,Forta,FORT,18,130,596327,68193427012,579730,13597747,deprecated,0x6a761202,"execTransaction(address to, uint256 value, bytes data, uint8 operation, uint256 safeTxGas, uint256 baseGas, uint256 gasPrice, address gasToken, address refundReceiver, bytes signatures)",10213390
14848137,1653570751,0x86358fc867b14f0c6f75f6d94b1f56fb102dea55f13b3e8d974a088345ce2c9e,18,0xd567f214afa089890c5aa61e6aedc4c811b655e669fb1aa1f534b26f80c15dfe,0x0000000000000000000000000000000000000000,0x41545f8b9472d758bb669ed8eaeeecd7a9c4ec29,0x1dbe75c7cbd436b33402c0fcd30bb3ec06169eb8,15999999000000000000000000,Forta,FORT,18,130,596327,68193427012,579730,13597747,deprecated,0x6a761202,"execTransaction(address to, uint256 value, bytes data, uint8 operation, uint256 safeTxGas, uint256 baseGas, uint256 gasPrice, address gasToken, address refundReceiver, bytes signatures)",10213390
14848137,1653570751,0x86358fc867b14f0c6f75f6d94b1f56fb102dea55f13b3e8d974a088345ce2c9e,18,0xd567f214afa089890c5aa61e6aedc4c811b655e669fb1aa1f534b26f80c15dfe,0x0000000000000000000000000000000000000000,0x41545f8b9472d758bb669ed8eaeeecd7a9c4ec29,0xe9e4b34c79b89d6d472cac66fd8fe97c4d9d7cfe,15999999000000000000000000,Forta,FORT,18,130,596327,68193427012,579730,13597747,deprecated,0x6a761202,"execTransaction(address to, uint256 value, bytes data, uint8 operation, uint256 safeTxGas, uint256 baseGas, uint256 gasPrice, address gasToken, address refundReceiver, bytes signatures)",10213390
14848137,1653570751,0x86358fc867b14f0c6f75f6d94b1f56fb102dea55f13b3e8d974a088345ce2c9e,18,0xd567f214afa089890c5aa61e6aedc4c811b655e669fb1aa1f534b26f80c15dfe,0x0000000000000000000000000000000000000000,0x41545f8b9472d758bb669ed8eaeeecd7a9c4ec29,0xc06a88ac3e2ce18ee0f81944730b7162a4a48348,15999999000000000000000000,Forta,FORT,18,130,596327,68193427012,579730,13597747,deprecated,0x6a761202,"execTransaction(address to, uint256 value, bytes data, uint8 operation, uint256 safeTxGas, uint256 baseGas, uint256 gasPrice, address gasToken, address refundReceiver, bytes signatures)",10213390
14848137,1653570751,0x86358fc867b14f0c6f75f6d94b1f56fb102dea55f13b3e8d974a088345ce2c9e,18,0xd567f214afa089890c5aa61e6aedc4c811b655e669fb1aa1f534b26f80c15dfe,0x0000000000000000000000000000000000000000,0x41545f8b9472d758bb669ed8eaeeecd7a9c4ec29,0xf26c7c5d87596e3e87349d0c5620104d3b8d9462,15999999000000000000000000,Forta,FORT,18,130,596327,68193427012,579730,13597747,deprecated,0x6a761202,"execTransaction(address to, uint256 value, bytes data, uint8 operation, uint256 safeTxGas, uint256 baseGas, uint256 gasPrice, address gasToken, address refundReceiver, bytes signatures)",10213390
14848137,1653570751,0x86358fc867b14f0c6f75f6d94b1f56fb102dea55f13b3e8d974a088345ce2c9e,18,0xd567f214afa089890c5aa61e6aedc4c811b655e669fb1aa1f534b26f80c15dfe,0x0000000000000000000000000000000000000000,0x41545f8b9472d758bb669ed8eaeeecd7a9c4ec29,0x1e935be22db414d8bbd9dfff7f9689ee44c1b51b,15999999000000000000000000,Forta,FORT,18,130,596327,68193427012,579730,13597747,deprecated,0x6a761202,"execTransaction(address to, uint256 value, bytes data, uint8 operation, uint256 safeTxGas, uint256 baseGas, uint256 gasPrice, address gasToken, address refundReceiver, bytes signatures)",10213390
14848137,1653570751,0x86358fc867b14f0c6f75f6d94b1f56fb102dea55f13b3e8d974a088345ce2c9e,18,0xd567f214afa089890c5aa61e6aedc4c811b655e669fb1aa1f534b26f80c15dfe,0x0000000000000000000000000000000000000000,0x41545f8b9472d758bb669ed8eaeeecd7a9c4ec29,0xd1987604195e67a7f161ca678e46d4e9622a726b,15999999000000000000000000,Forta,FORT,18,130,596327,68193427012,579730,13597747,deprecated,0x6a761202,"execTransaction(address to, uint256 value, bytes data, uint8 operation, uint256 safeTxGas, uint256 baseGas, uint256 gasPrice, address gasToken, address refundReceiver, bytes signatures)",10213390
14848137,1653570751,0x86358fc867b14f0c6f75f6d94b1f56fb102dea55f13b3e8d974a088345ce2c9e,18,0xd567f214afa089890c5aa61e6aedc4c811b655e669fb1aa1f534b26f80c15dfe,0x0000000000000000000000000000000000000000,0x41545f8b9472d758bb669ed8eaeeecd7a9c4ec29,0xdfc59481659a1acd949a8fa520c206f6ec221ed6,6999999000000000000000000,Forta,FORT,18,130,596327,68193427012,579730,13597747,deprecated,0x6a761202,"execTransaction(address to, uint256 value, bytes data, uint8 operation, uint256 safeTxGas, uint256 baseGas, uint256 gasPrice, address gasToken, address refundReceiver, bytes signatures)",10213390
14848255,1653572463,0xe641739c135ed6a67156c1047b0b6dd114be5cf6ed4b27891eaf98d9a1e6928f,13,0x3715561e0bedd587846944dba4a73b41421fe14c5300de34c21156ccd1465c5d,0x8f1454885e548f6f1305474a8b90d8784d0dd70f,0x41545f8b9472d758bb669ed8eaeeecd7a9c4ec29,0x064a25126a0d6b28ea9489cd9949030807ac332e,160000000000000000000,Forta,FORT,18,135,103265,80345173573,102169,8211493,deprecated,0x6a761202,"execTransaction(address to, uint256 value, bytes data, uint8 operation, uint256 safeTxGas, uint256 baseGas, uint256 gasPrice, address gasToken, address refundReceiver, bytes signatures)",10213272
14849442,1653588577,0x7950fb1df185dac4ce0e8e0dfdcc0441b09f015c190d5841b07fa0b9b5b90916,14,0xc335956f3781594486efdda9aec5894d97f4f8d033d28941e69e0524ad5af815,0x8f1454885e548f6f1305474a8b90d8784d0dd70f,0x41545f8b9472d758bb669ed8eaeeecd7a9c4ec29,0x9b0a8a8e6b2c23d572d7145f3da14438fed35374,330000000000000000000000,Forta,FORT,18,70,107112,39613714840,105964,6665107,deprecated,0x6a761202,"execTransaction(address to, uint256 value, bytes data, uint8 operation, uint256 safeTxGas, uint256 baseGas, uint256 gasPrice, address gasToken, address refundReceiver, bytes signatures)",10212085
14849469,1653588883,0x6533651f1a035247dfdad662490a84d2131932e4f26f616a3efc60b4386f45b5,48,0xe31a7326d1e6f568692d39f5db0fea8eb7350b9bb1a019cb42151cd1a5b75236,0x9b0a8a8e6b2c23d572d7145f3da14438fed35374,0x41545f8b9472d758bb669ed8eaeeecd7a9c4ec29,0x40ec5b33f54e0e8a33a975908c5ba1c14e5bbbdf,1000000000000000000,Forta,FORT,18,2,118116,65905230046,105847,529814,deprecated,0xe3dec8fb,"depositFor(address user, address rootToken, bytes depositData)",10212058
14849600,1653590591,0x87c25200d676361ff935d56f24df7cd0bb87c0af06852df6001f5045fc808ddd,50,0x90fd89bbdf68c52a8662938e8629979889d85b66ad6d7fdb7025fea42483ad14,0x9b0a8a8e6b2c23d572d7145f3da14438fed35374,0x41545f8b9472d758bb669ed8eaeeecd7a9c4ec29,0x40ec5b33f54e0e8a33a975908c5ba1c14e5bbbdf,329999000000000000000000,Forta,FORT,18,3,118140,64328307336,101071,186924,deprecated,0xe3dec8fb,"depositFor(address user, address rootToken, bytes depositData)",10211927
14855932,1653679404,0x76b7d0a5b7786104f9068ea7445b0f72a277ca4991cd901fe29c233eeafbe84f,4,0x6233afa9586f444bb8819c7ed6bea9a6f8fe733beee98cbed3e0c2bdd5a8feb5,0x8f1454885e548f6f1305474a8b90d8784d0dd70f,0x41545f8b9472d758bb669ed8eaeeecd7a9c4ec29,0x9b0a8a8e6b2c23d572d7145f3da14438fed35374,14500000000000000000000,Forta,FORT,18,92,103102,40920710874,102009,8154630,deprecated,0x6a761202,"execTransaction(address to, uint256 value, bytes data, uint8 operation, uint256 safeTxGas, uint256 baseGas, uint256 gasPrice, address gasToken, address refundReceiver, bytes signatures)",10205595
14855971,1653679982,0x2ee148c64df196b45eb11c632309767852f9d9eda8cd551ff07be2c336b17e9d,52,0x7e2717e5a99cef857c7cb4d61eaa5e5236c59bacf169c673f3b3002e2ddb3166,0x9b0a8a8e6b2c23d572d7145f3da14438fed35374,0x41545f8b9472d758bb669ed8eaeeecd7a9c4ec29,0x40ec5b33f54e0e8a33a975908c5ba1c14e5bbbdf,1000000000000000000,Forta,FORT,18,68,118116,72007966327,105847,1880725,deprecated,0xe3dec8fb,"depositFor(address user, address rootToken, bytes depositData)",10205556
14856227,1653683620,0x251ef134cfe088ff3860ad24a655ef41b638120f41a3432b0d6eb1da7f1d5f46,54,0x745bff59af9e24daa99af863bbe37c8566169b5e56a8a9409b19f5492aa21f17,0x9b0a8a8e6b2c23d572d7145f3da14438fed35374,0x41545f8b9472d758bb669ed8eaeeecd7a9c4ec29,0x40ec5b33f54e0e8a33a975908c5ba1c14e5bbbdf,14499000000000000000000,Forta,FORT,18,51,118140,91316881610,101071,2271555,deprecated,0xe3dec8fb,"depositFor(address user, address rootToken, bytes depositData)",10205300
14874571,1653941041,0xbdf7f99858076a3b8c5cef4ee21bdbff76485a591836e0496471207689c391b8,1,0x5b821a7e1e65de0cefcc937ba360618310d6a5e139c6116543b8cc54e731bd73,0x0000000000000000000000000000000000000000,0x41545f8b9472d758bb669ed8eaeeecd7a9c4ec29,0x8f1454885e548f6f1305474a8b90d8784d0dd70f,170006340000000000000000,Forta,FORT,18,157,124237,33329076623,122779,8315598,deprecated,0x6a761202,"execTransaction(address to, uint256 value, bytes data, uint8 operation, uint256 safeTxGas, uint256 baseGas, uint256 gasPrice, address gasToken, address refundReceiver, bytes signatures)",10186956
14876064,1653962134,0xc797d16c6437f37f9e876f33f583b8944eddfda3b6382657040fafe3aedf4cf2,6,0xd9426f5ac868940144942b4b50b63a26ef7aa1c771ee37038219051058acf480,0x0000000000000000000000000000000000000000,0x41545f8b9472d758bb669ed8eaeeecd7a9c4ec29,0x8f1454885e548f6f1305474a8b90d8784d0dd70f,1000000000000000000000000,Forta,FORT,18,32,124237,21033487914,122779,3767642,deprecated,0x6a761202,"execTransaction(address to, uint256 value, bytes data, uint8 operation, uint256 safeTxGas, uint256 baseGas, uint256 gasPrice, address gasToken, address refundReceiver, bytes signatures)",10185463
14879301,1654008546,0x4cd6d6e28f787f6f19914d67737b69a16c23fcbb4f78e93bda05f241e7bc729c,15,0x1b9f1a2d20538142f3d317ff0b8bc42975f77c33ba8770ac26fa0c541390ca06,0x8f1454885e548f6f1305474a8b90d8784d0dd70f,0x41545f8b9472d758bb669ed8eaeeecd7a9c4ec29,0x9b0a8a8e6b2c23d572d7145f3da14438fed35374,425000000000000000000000,Forta,FORT,18,187,103265,37617390994,102169,16108243,deprecated,0x6a761202,"execTransaction(address to, uint256 value, bytes data, uint8 operation, uint256 safeTxGas, uint256 baseGas, uint256 gasPrice, address gasToken, address refundReceiver, bytes signatures)",10182226
14879333,1654009106,0x2ee7d75bbe0bfe699cca9f5e4546de558ca4bec1fe9a3d4cd5bca294bcf4fde6,56,0xc1bae917e95be9bdc39d1b899b0443759c427076fa214518c2b9e0454e73d3b3,0x9b0a8a8e6b2c23d572d7145f3da14438fed35374,0x41545f8b9472d758bb669ed8eaeeecd7a9c4ec29,0x40ec5b33f54e0e8a33a975908c5ba1c14e5bbbdf,1000000000000000000,Forta,FORT,18,3,118116,114938946403,105847,221718,deprecated,0xe3dec8fb,"depositFor(address user, address rootToken, bytes depositData)",10182194
14879479,1654011119,0x4961c0d2ba0cdb35486b13de898a25757790c30343924ec4e6ffdd60b235909f,58,0x4014e1abd921bd5e79640463128c0f55cd62f79e6cd95ae040c4381987de5c06,0x9b0a8a8e6b2c23d572d7145f3da14438fed35374,0x41545f8b9472d758bb669ed8eaeeecd7a9c4ec29,0x40ec5b33f54e0e8a33a975908c5ba1c14e5bbbdf,424999000000000000000000,Forta,FORT,18,30,118140,84834425285,101071,2252679,deprecated,0xe3dec8fb,"depositFor(address user, address rootToken, bytes depositData)",10182048
14921886,1654619867,0x3737b85d5bb441514bd3bee42bca367585843495970dc383b3b91749ed8b4649,16,0xdfe11c16b6c1ad85612717fb1a0d0c0eefb2101aadd3b1d4cbe5b5dd63b6ba80,0x8f1454885e548f6f1305474a8b90d8784d0dd70f,0x41545f8b9472d758bb669ed8eaeeecd7a9c4ec29,0x9b0a8a8e6b2c23d572d7145f3da14438fed35374,400000000000000000000000,Forta,FORT,18,68,103265,52033057526,102169,7882913,deprecated,0x6a761202,"execTransaction(address to, uint256 value, bytes data, uint8 operation, uint256 safeTxGas, uint256 baseGas, uint256 gasPrice, address gasToken, address refundReceiver, bytes signatures)",10139641
14921913,1654620274,0x59fa5ed9292815e02b87a8e8dabf8fc2a4fe976286e8f6586ce97d053570bf54,61,0x16f032616d6e723cea5bbe293f2885e9017a90dbd77316a6812d633f5bbcd965,0x9b0a8a8e6b2c23d572d7145f3da14438fed35374,0x41545f8b9472d758bb669ed8eaeeecd7a9c4ec29,0x40ec5b33f54e0e8a33a975908c5ba1c14e5bbbdf,1000000000000000000,Forta,FORT,18,26,118116,117107297421,105847,2367470,deprecated,0xe3dec8fb,"depositFor(address user, address rootToken, bytes depositData)",10139614
14922279,1654625993,0x6b608a02050e45da99ac204110c03dc92eeca14eb649593ed54d68e67b3268b2,63,0x4fcf0b8a2b9c5ce8095a369abf041540318707207c33352c0657e9f80a8df10b,0x9b0a8a8e6b2c23d572d7145f3da14438fed35374,0x41545f8b9472d758bb669ed8eaeeecd7a9c4ec29,0x40ec5b33f54e0e8a33a975908c5ba1c14e5bbbdf,1000000000000000000,Forta,FORT,18,18,118116,89556954661,105847,1610240,deprecated,0xe3dec8fb,"depositFor(address user, address rootToken, bytes depositData)",10139248
14922335,1654626802,0xac6cdb7640a558ccee32aa5a500dd2f74f923e6c86b7e5bc02b2cf8378852f52,65,0x49eb0b0445c5c1bae130ca5ea2de9e3b203d6350a6444ee68c5626ec0d12eb00,0x9b0a8a8e6b2c23d572d7145f3da14438fed35374,0x41545f8b9472d758bb669ed8eaeeecd7a9c4ec29,0x40ec5b33f54e0e8a33a975908c5ba1c14e5bbbdf,399998000000000000000000,Forta,FORT,18,14,118140,114577976487,101071,1300030,deprecated,0xe3dec8fb,"depositFor(address user, address rootToken, bytes depositData)",10139192
14939533,1654879632,0xd223e7a4317a5c3571a5f5d343fd63c547351c5a4ba3c4605949fb9362c1aec7,17,0xbfc47be5d0f755bc010075448e2160e3c878c85cbd72e2a8146708d21f68b004,0x8f1454885e548f6f1305474a8b90d8784d0dd70f,0x41545f8b9472d758bb669ed8eaeeecd7a9c4ec29,0xcc261ab4be137eacf57c19ed97c186b4d88004ca,1000000000000000000,Forta,FORT,18,241,103253,86140213154,102157,12847590,deprecated,0x6a761202,"execTransaction(address to, uint256 value, bytes data, uint8 operation, uint256 safeTxGas, uint256 baseGas, uint256 gasPrice, address gasToken, address refundReceiver, bytes signatures)",10121994
14944598,1654955234,0x8cdfdde9f02eb97d473b9f0ed0a22c940d73a158728deca5f306c5ce828b0661,18,0x48fe25ace91756e13c7104ddd7fa7ab372b2c31a41d696c336909ea54dabc12a,0x8f1454885e548f6f1305474a8b90d8784d0dd70f,0x41545f8b9472d758bb669ed8eaeeecd7a9c4ec29,0x0dd858e7e1cc0430364d8bb3d72cf30ba3537542,10000000000000000000000,Forta,FORT,18,44,103277,24000000000,102181,4049346,deprecated,0x6a761202,"execTransaction(address to, uint256 value, bytes data, uint8 operation, uint256 safeTxGas, uint256 baseGas, uint256 gasPrice, address gasToken, address refundReceiver, bytes signatures)",10116929
14946586,1654983734,0x899716c715114b23e513908a35b8f0054ab1e2978caea028823d61a6372becfb,0,0xc3f026db536430dab1c5d6f94365722c6fe59098b4505397c9725e894cfce1f0,0xd1987604195e67a7f161ca678e46d4e9622a726b,0x41545f8b9472d758bb669ed8eaeeecd7a9c4ec29,0x8f1454885e548f6f1305474a8b90d8784d0dd70f,16000000000000000000000000,Forta,FORT,18,129,200000,21099618725,45787,10045053,deprecated,0xa9059cbb,"transfer(address _to, uint256 _value)",10114941
14956309,1655128232,0x3369edcac395720f35084edeba200175ac5f1ed1e37348dc76ffa78b9ec6ca9a,66,0x645332ced785381642e9b1286a2b45107544e2b6f3ffffbbf60a08999ec72888,0x40ec5b33f54e0e8a33a975908c5ba1c14e5bbbdf,0x41545f8b9472d758bb669ed8eaeeecd7a9c4ec29,0x9b0a8a8e6b2c23d572d7145f3da14438fed35374,5000000000000000000,Forta,FORT,18,109,289116,64263852926,272269,10461192,deprecated,0x3805550f,exit(bytes inputData),10105218
14956543,1655131640,0x4dea18b67f078796be97ba02bb3f30c20f25f08eb116415569f3857f5e86372e,67,0x9c93fa306efbe74bf6b26fb735992ee30d43ecda4130cd8f085ed72e6002d8de,0x9b0a8a8e6b2c23d572d7145f3da14438fed35374,0x41545f8b9472d758bb669ed8eaeeecd7a9c4ec29,0x4aeebb991de49369ef5b87eb786c3172115a2d88,5000000000000000000,Forta,FORT,18,122,102411,140165736555,62863,8062768,deprecated,0xa9059cbb,"transfer(address _to, uint256 _value)",10104984
14957936,1655152199,0xc4d95530f56a8c05b46616f6e71a0bb0566db278edaca371fcfab874bc1b92f2,0,0x5daa61fae6687b80dd97c57a66b9a853e28089d6530c0ad75b5fc908924740b7,0xf26c7c5d87596e3e87349d0c5620104d3b8d9462,0x41545f8b9472d758bb669ed8eaeeecd7a9c4ec29,0x8f1454885e548f6f1305474a8b90d8784d0dd70f,16000000000000000000000000,Forta,FORT,18,335,200000,53186029795,45787,18563799,deprecated,0xa9059cbb,"transfer(address _to, uint256 _value)",10103591
14957936,1655152199,0x5f29ec91b924e0fa35bbdf99cedb27a3c1f11d235f0f803ba519bc9858e1aeff,0,0x5daa61fae6687b80dd97c57a66b9a853e28089d6530c0ad75b5fc908924740b7,0xdfc59481659a1acd949a8fa520c206f6ec221ed6,0x41545f8b9472d758bb669ed8eaeeecd7a9c4ec29,0x8f1454885e548f6f1305474a8b90d8784d0dd70f,7000000000000000000000000,Forta,FORT,18,413,200000,52686029795,45787,29314680,deprecated,0xa9059cbb,"transfer(address _to, uint256 _value)",10103591
14957938,1655152236,0xa6743720e7fc18047f6eb633a78046211ef58bafbc4d0fe9398fcdf6ff19606f,0,0xca691b18fbcd7fe28214a67e6328eaba9bdd4ed412dcb52771b4be7d55cbef4e,0x1e935be22db414d8bbd9dfff7f9689ee44c1b51b,0x41545f8b9472d758bb669ed8eaeeecd7a9c4ec29,0x8f1454885e548f6f1305474a8b90d8784d0dd70f,16000000000000000000000000,Forta,FORT,18,377,200000,60335489031,45787,29633683,deprecated,0xa9059cbb,"transfer(address _to, uint256 _value)",10103589
14958445,1655159792,0xce5188d9a7ac2941cdecf947f5b2334b1092fe090bd57175e8d0d6a76680397a,19,0x2712ad049dbba993344c5fd4f7d31add30ce2e3d36a2fd0e0429407772d9f0d3,0x8f1454885e548f6f1305474a8b90d8784d0dd70f,0x41545f8b9472d758bb669ed8eaeeecd7a9c4ec29,0xcc261ab4be137eacf57c19ed97c186b4d88004ca,10000000000000000000000000,Forta,FORT,18,18,85905,57605175690,85081,915685,deprecated,0x6a761202,"execTransaction(address to, uint256 value, bytes data, uint8 operation, uint256 safeTxGas, uint256 baseGas, uint256 gasPrice, address gasToken, address refundReceiver, bytes signatures)",10103082
14962108,1655215397,0xaeb4b434489fb5c23a449fc831d1196de21d424a2262a468bebb2ece9178e4b2,2,0xc2f5f8a0bf6a684d9fa6266cda50e2ff55966220367db324d6c6323681271669,0x4aeebb991de49369ef5b87eb786c3172115a2d88,0x41545f8b9472d758bb669ed8eaeeecd7a9c4ec29,0x40ec5b33f54e0e8a33a975908c5ba1c14e5bbbdf,1000000000000000000,Forta,FORT,18,32,118116,102000000000,105847,2133027,deprecated,0xe3dec8fb,"depositFor(address user, address rootToken, bytes depositData)",10099419
14962394,1655219776,0xd7f4595eef6252a71ea5e61a4125fe1589357147738251ab00ccc58d01242d21,20,0xd958a89a4fa570aa32e135029c6d9c85bd7f15308aa461a714742b3d034afdb3,0x8f1454885e548f6f1305474a8b90d8784d0dd70f,0x41545f8b9472d758bb669ed8eaeeecd7a9c4ec29,0x4aeebb991de49369ef5b87eb786c3172115a2d88,400000000000000000000000,Forta,FORT,18,137,85893,80299648825,85069,9023101,deprecated,0x6a761202,"execTransaction(address to, uint256 value, bytes data, uint8 operation, uint256 safeTxGas, uint256 baseGas, uint256 gasPrice, address gasToken, address refundReceiver, bytes signatures)",10099133
14962472,1655221137,0xaca7940b0b5834c6c9a8684ada1f03719200c5d5d49e5ccb8ec193bddb0ea87f,4,0x8a6b8ff9c6adbe2a09b8ba5ae524d78c59d313d93ee6fd974ac4fbf4b7f6ef8e,0x4aeebb991de49369ef5b87eb786c3172115a2d88,0x41545f8b9472d758bb669ed8eaeeecd7a9c4ec29,0x40ec5b33f54e0e8a33a975908c5ba1c14e5bbbdf,400000000000000000000000,Forta,FORT,18,88,118128,139000000000,105859,5352530,deprecated,0xe3dec8fb,"depositFor(address user, address rootToken, bytes depositData)",10099055
14963833,1655240506,0x2b92dd739e67c84d25ac6911c221bc7ce9c70aab56cbb13dbc0dd8aba3a0991c,22,0x6ba8b3d5f9ee58ee3a34e54e758984016de8d546b6cd05da79339756912cf563,0x8f1454885e548f6f1305474a8b90d8784d0dd70f,0x41545f8b9472d758bb669ed8eaeeecd7a9c4ec29,0x988a7bc24a9d0fa49989fb9734bda30f55760ceb,100000000000000000000000,Forta,FORT,18,392,103277,29133519888,102181,22646117,deprecated,0x6a761202,"execTransaction(address to, uint256 value, bytes data, uint8 operation, uint256 safeTxGas, uint256 baseGas, uint256 gasPrice, address gasToken, address refundReceiver, bytes signatures)",10097694
14964142,1655244925,0x7df70285fd47be198411206dc581c65eb3c11bb7c88a1c552d58613b8649a91b,0,0xce368dc1d4ed8a52da0aa424b67c6b9dd454de218457505975d0d6f67a507f25,0x988a7bc24a9d0fa49989fb9734bda30f55760ceb,0x41545f8b9472d758bb669ed8eaeeecd7a9c4ec29,0x8c882da2d294a5df72b32286cb2425545d742b6a,2000000000000000000000,Forta,FORT,18,25,156966,35949685671,134934,1641064,deprecated,0xae0b51df,"claim(uint256 index, uint256 amount, bytes32[] merkleProof)",10097385
14964187,1655245709,0x3520114fd87ba503cfcf68f689483b67ecf5ef4b4da9997bf5a602248032eb26,241,0x84322d8ec3d47f227951f8c89c53c3deec5bab2f8badd8704357e5bbc5c90193,0x988a7bc24a9d0fa49989fb9734bda30f55760ceb,0x41545f8b9472d758bb669ed8eaeeecd7a9c4ec29,0xdfe435e074e9830036aea0ea5c4fc506b7a11d5f,4000000000000000000000,Forta,FORT,18,31,174767,51278842808,150088,2037134,deprecated,0xdf948001,"externalClaim(tuple _claim,bytes _signature)",10097340
14964875,1655256171,0xbd2be2c907eaa14edb6ea1fb82bc1417b47274dc882a793f125231c36c8da681,23,0x73f1261f6677321d747ca38623b4d955090c741043af37842d811c5f2fa19e7e,0x8f1454885e548f6f1305474a8b90d8784d0dd70f,0x41545f8b9472d758bb669ed8eaeeecd7a9c4ec29,0xdeda9d73378248ee7f8418cd678a501a7d6387b1,20000000000000000000,Forta,FORT,18,155,103265,32191014767,102169,15013352,deprecated,0x6a761202,"execTransaction(address to, uint256 value, bytes data, uint8 operation, uint256 safeTxGas, uint256 baseGas, uint256 gasPrice, address gasToken, address refundReceiver, bytes signatures)",10096652
14966245,1655277161,0x00b1cdb5f0e1eaf9ede1d6fa3801c914ceb1933157b8e44496e195e0f32d2df2,91,0xd4633d62805bdb3a9cf18820f5df88cbebe9879840ddb3089306035e1f8539ac,0x988a7bc24a9d0fa49989fb9734bda30f55760ceb,0x41545f8b9472d758bb669ed8eaeeecd7a9c4ec29,0x7859821024e633c5dc8a4fcf86fc52e7720ce525,4000000000000000000000,Forta,FORT,18,131,174757,24233370796,150080,14842042,deprecated,0xdf948001,"externalClaim(tuple _claim,bytes _signature)",10095282
14966283,1655277675,0x82eb84e70cc96a5c14d01457463459575b5dbc45fa25dfd11e22838512414d27,92,0xdf96dcb376601b9a84994de2023e82acc69a05f6e97cb75d1c856402813bd370,0x988a7bc24a9d0fa49989fb9734bda30f55760ceb,0x41545f8b9472d758bb669ed8eaeeecd7a9c4ec29,0x7859821024e633c5dc8a4fcf86fc52e7720ce525,1000000000000000000000,Forta,FORT,18,274,136949,20270362619,117800,23995433,deprecated,0xae0b51df,"claim(uint256 index, uint256 amount, bytes32[] merkleProof)",10095244
14967510,1655296483,0xd9cb9a42ad1319de2d786948df56ad02e67acc74bf4ad658eef124c8a4fd668c,65,0x6b2e5916b961ca269f6c4644caef6a95644598b1951088dc643247b79075ef3e,0x988a7bc24a9d0fa49989fb9734bda30f55760ceb,0x41545f8b9472d758bb669ed8eaeeecd7a9c4ec29,0x661fc05d4b38ea3602596c1e5ee9cfc0730ff552,1000000000000000000000,Forta,FORT,18,8,156914,62853559430,134890,1282118,deprecated,0xae0b51df,"claim(uint256 index, uint256 amount, bytes32[] merkleProof)",10094017
14967764,1655300559,0x6deaa3b4f3118f6af74e06cff941a10b77ee574315344eafba561d94868d8160,24,0xd1a9c4a9a5ad600b292eda468d5e51a30639bcce6a6977c9cf7f5654c3b735b7,0x8f1454885e548f6f1305474a8b90d8784d0dd70f,0x41545f8b9472d758bb669ed8eaeeecd7a9c4ec29,0x195ff84ff4af1015a42f4020ff2a25d0cba93b80,1000000000000000000,Forta,FORT,18,164,98676,29993306085,97652,17653052,deprecated,0x6a761202,"execTransaction(address to, uint256 value, bytes data, uint8 operation, uint256 safeTxGas, uint256 baseGas, uint256 gasPrice, address gasToken, address refundReceiver, bytes signatures)",10093763
14967792,1655300925,0xbad9def2a8b70b7e22ea7d7e715da504b78afb090da69e0b57d1566a027a3fd2,8,0x4294e5dc952ebe7ac9dca4a9f5d77f40843c306334d0c84b045b6e7361721c4a,0xdeda9d73378248ee7f8418cd678a501a7d6387b1,0x41545f8b9472d758bb669ed8eaeeecd7a9c4ec29,0xeabf6debf0cff915ef1b5eaacc8b0c6cfae71d32,20000000000000000000,Forta,FORT,18,99,95565,41694874112,58370,8081944,deprecated,0xa9059cbb,"transfer(address _to, uint256 _value)",10093735
14967819,1655301231,0x4edb83be535241791d3ff07efab13d91d5ae5e80739720ddb6282a85b0016ca3,25,0xec3d2a41052a9dcc0df4f65172c43c6d680a709448f51ec53303fe86b8c81ea5,0x8f1454885e548f6f1305474a8b90d8784d0dd70f,0x41545f8b9472d758bb669ed8eaeeecd7a9c4ec29,0x195ff84ff4af1015a42f4020ff2a25d0cba93b80,319999000000000000000000,Forta,FORT,18,329,81329,41459493045,80576,25435018,deprecated,0x6a761202,"execTransaction(address to, uint256 value, bytes data, uint8 operation, uint256 safeTxGas, uint256 baseGas, uint256 gasPrice, address gasToken, address refundReceiver, bytes signatures)",10093708
14967828,1655301336,0x78a4e35e24f2e15ea1b24326c055307aabf694884aa2cd3660b69ea3cb619a09,37,0x70cfaaa70ee0728828cfadf3326940b4fc4d04c7493035ae4b89f65bffe618e3,0xeabf6debf0cff915ef1b5eaacc8b0c6cfae71d32,0x41545f8b9472d758bb669ed8eaeeecd7a9c4ec29,0xf89d7b9c864f589bbf53a82105107622b35eaa40,20000000000000000000,Forta,FORT,18,131,90000,44563212286,58370,8635017,deprecated,0xa9059cbb,"transfer(address _to, uint256 _value)",10093699
14967852,1655301755,0x038d11cee6f495675dd17e407dc76e43fc59d75084163f64a514d1fac931f0b9,26,0xda34b6f0e4489cf27908cecaec0b693d7fafa2c9ad253b047e602c48a0a334e3,0x8f1454885e548f6f1305474a8b90d8784d0dd70f,0x41545f8b9472d758bb669ed8eaeeecd7a9c4ec29,0x988a7bc24a9d0fa49989fb9734bda30f55760ceb,9900000000000000000000000,Forta,FORT,18,384,81341,57629908180,80588,28151585,deprecated,0x6a761202,"execTransaction(address to, uint256 value, bytes data, uint8 operation, uint256 safeTxGas, uint256 baseGas, uint256 gasPrice, address gasToken, address refundReceiver, bytes signatures)",10093675
14967864,1655301971,0x3976c3a67f73b720e3a351dc8828fddc3e6492e68c09ad1bcaab57e7e7ead881,46602,0x68191ff43d67bf81262a9bbb84ce8d196caee407dcbf8c6215765dadc33f2c4c,0xf89d7b9c864f589bbf53a82105107622b35eaa40,0x41545f8b9472d758bb669ed8eaeeecd7a9c4ec29,0x93a7f890ebaf5b41760487fc7b2042dc770a2d39,20000000000000000000,Forta,FORT,18,36,90000,59377274748,58370,2948703,deprecated,0xa9059cbb,"transfer(address _to, uint256 _value)",10093663
14967865,1655301982,0x747539c1d28b7a869d29925385a73b7ce678001c4ec65243fbc3bd5ca0ae7070,0,0x9aeb4af5a165ca51384c26d15ea3cae7df77721aac6b29aed25545c3bf255b93,0x988a7bc24a9d0fa49989fb9734bda30f55760ceb,0x41545f8b9472d758bb669ed8eaeeecd7a9c4ec29,0x6392b9d9ed8667533204a33761e237b7ec176a7c,2000000000000000000000,Forta,FORT,18,6,151661,95921672930,130393,648167,deprecated,0xae0b51df,"claim(uint256 index, uint256 amount, bytes32[] merkleProof)",10093662
14967884,1655302206,0x37f28f96d538e9b96331545c19f99eb4460179d2fee8d013e52de6c36efd695f,0,0xe68c9a919aac4a84ea9c5d9c7c0bb4508c0cfbbde366bffe971583d4b293e66b,0x988a7bc24a9d0fa49989fb9734bda30f55760ceb,0x41545f8b9472d758bb669ed8eaeeecd7a9c4ec29,0x5d8543faa52157de5eaeeb4b209ef09dbd47cad3,3000000000000000000000,Forta,FORT,18,29,131700,68295324360,113307,2756913,deprecated,0xae0b51df,"claim(uint256 index, uint256 amount, bytes32[] merkleProof)",10093643
14967918,1655302702,0x43c2c2f99ac0134b837370a423bc79717529563d905a493863cf1bb0b8fc1fc7,83,0x28f8229a10f0b2bb0e944b797dba2f81581933245e6e14ba94cea4db718fb39f,0x93a7f890ebaf5b41760487fc7b2042dc770a2d39,0x41545f8b9472d758bb669ed8eaeeecd7a9c4ec29,0x1c601b6400755f5e506589356d1c1ac6e34fe221,20000000000000000000,Forta,FORT,18,114,95547,148578323228,58358,7542167,deprecated,0xa9059cbb,"transfer(address _to, uint256 _value)",10093609
14967954,1655303157,0xb5bf089a7ff78d7e3e8351281d99a110b4688fe26729057ebfd090c2dcd1ca63,37,0x99fb1737015a7648f40cf17796fdce9a0d394a107812aa633609e16d6846ba06,0x1c601b6400755f5e506589356d1c1ac6e34fe221,0x41545f8b9472d758bb669ed8eaeeecd7a9c4ec29,0xf89d7b9c864f589bbf53a82105107622b35eaa40,20000000000000000000,Forta,FORT,18,220,90000,90085210152,58370,14743768,deprecated,0xa9059cbb,"transfer(address _to, uint256 _value)",10093573
14967961,1655303260,0x777b10be42b8a6a137938f0f3c5cd7d40b17552a581687ad4a3935fb5174d261,210,0x62cfefc8eb89643a4427d2a916086010d61f9cdebea6af148d127439618f5891,0x988a7bc24a9d0fa49989fb9734bda30f55760ceb,0x41545f8b9472d758bb669ed8eaeeecd7a9c4ec29,0x5040356780ff3b3a419b966b7a0b013af814dcbe,4000000000000000000000,Forta,FORT,18,17,169494,141665385347,145575,1845150,deprecated,0xdf948001,"externalClaim(tuple _claim,bytes _signature)",10093566
14968035,1655304265,0xa050a295426534f9d35a8b319596f0a9ae326a0780947c48341306ed6fb91872,94,0x79a817550d40fa9ec2cdf441b70401ea0af412e64f964bce15170a583e095ee5,0xcc261ab4be137eacf57c19ed97c186b4d88004ca,0x41545f8b9472d758bb669ed8eaeeecd7a9c4ec29,0x6643887784cb89cc9537dbb7ea20b00c45abeefb,501000000000000000000,Forta,FORT,18,262,95565,59277483664,63170,22931970,deprecated,0xa9059cbb,"transfer(address _to, uint256 _value)",10093492
14968076,1655304850,0x8977e80a17eeab560bda590f1a957be71d648413a04c3caaa96910f9934a808a,2768,0x5c038dee28dcb34075951433f490030609c78d6969678b585fdfdf7854662f55,0x6643887784cb89cc9537dbb7ea20b00c45abeefb,0x41545f8b9472d758bb669ed8eaeeecd7a9c4ec29,0xbaed383ede0e5d9d72430661f3285daa77e9439f,501000000000000000000,Forta,FORT,18,24,90000,58731111479,58370,1835520,deprecated,0xa9059cbb,"transfer(address _to, uint256 _value)",10093451
14968083,1655304956,0x8baa28cecfd271c2f4e394c4ad8f49aaa1efa6a2660790faf7aaf2f83ad85194,95,0x7123b5f621ada980a64809a298ff20d9786e6159673d4fe3e06bf120ae8a8d47,0xcc261ab4be137eacf57c19ed97c186b4d88004ca,0x41545f8b9472d758bb669ed8eaeeecd7a9c4ec29,0x6643887784cb89cc9537dbb7ea20b00c45abeefb,500000000000000000000000,Forta,FORT,18,104,69525,82986522500,63182,8836516,deprecated,0xa9059cbb,"transfer(address _to, uint256 _value)",10093444
14968092,1655305116,0xaad0896e40d9b2ba31ce191a38020d57ee39aabaae045abfb93b464e766690fc,242,0xac36c46946102a6cd7ba3d1648a9f1ecff0a7646c7ecf34b9d09d3e18ce09037,0xdfe435e074e9830036aea0ea5c4fc506b7a11d5f,0x41545f8b9472d758bb669ed8eaeeecd7a9c4ec29,0x47a126d5d914de68f715330e2c4e9722c0e2f3a6,1000000000000000000,Forta,FORT,18,239,95547,86951234324,63158,19437348,deprecated,0xa9059cbb,"transfer(address _to, uint256 _value)",10093435
14968115,1655305466,0xc7c05bd802a0660b2f26e20698e0c32638770355cd5cdf8ffd39a697943dea0b,16,0x8f1b7f3e6a4d4f1483160c6ffce47a0572beb60e83e049c26bd9354b5726226c,0x47a126d5d914de68f715330e2c4e9722c0e2f3a6,0x41545f8b9472d758bb669ed8eaeeecd7a9c4ec29,0xdfe435e074e9830036aea0ea5c4fc506b7a11d5f,1000000000000000000,Forta,FORT,18,100,69471,111669857981,41246,8611213,deprecated,0xa9059cbb,"transfer(address _to, uint256 _value)",10093412
14968120,1655305500,0xedb07591a5f3f3ae4458ef7b3e63f04d3ab5b153e82a08bdeae9966e6df78267,2769,0x5dde2741683150025ebf8b65b7d8b7e66ac833430517c2820614a347606e54d6,0x6643887784cb89cc9537dbb7ea20b00c45abeefb,0x41545f8b9472d758bb669ed8eaeeecd7a9c4ec29,0x3d5202a0564de9b05ecd07c955bcca964585ea03,500000000000000000000000,Forta,FORT,18,221,90000,82169156184,58382,13929477,deprecated,0xa9059cbb,"transfer(address _to, uint256 _value)",10093407
14968146,1655305832,0x83fcbbe826c3a852cfb93d01e49ab08d4282948fb4724c1775fbef5f45606c6d,27,0x0e85e4212fbd154a5143855facbe23fee879b557fd8a6fba5bebd7dfa1ed4899,0x8f1454885e548f6f1305474a8b90d8784d0dd70f,0x41545f8b9472d758bb669ed8eaeeecd7a9c4ec29,0x988a7bc24a9d0fa49989fb9734bda30f55760ceb,10000000000000000000000000,Forta,FORT,18,118,81329,70714593036,80576,10479575,deprecated,0x6a761202,"execTransaction(address to, uint256 value, bytes data, uint8 operation, uint256 safeTxGas, uint256 baseGas, uint256 gasPrice, address gasToken, address refundReceiver, bytes signatures)",10093381
14968244,1655307199,0x42f2981407902e962b7cfaa8a8a511e2f45b664455f5dcd4856242f08007f616,0,0x06fad509a388cd595e7e4368487a2db044d6c0a8d8df025c67044e6dc4945a00,0x988a7bc24a9d0fa49989fb9734bda30f55760ceb,0x41545f8b9472d758bb669ed8eaeeecd7a9c4ec29,0x095dfedee8eba221f82e692694ee9dad4ff7d47b,2000000000000000000000,Forta,FORT,18,43,129874,94415323707,111728,5295023,deprecated,0xae0b51df,"claim(uint256 index, uint256 amount, bytes32[] merkleProof)",10093283
14968252,1655307280,0xa603daa6270279ab2f96d5e9cdfcf51d2606be298bb9440903d00262e76668b0,195,0x67953ff2e2c8d927f05ebb50b1acad5f936226606f1a120b342142a3d9c04e5c,0x988a7bc24a9d0fa49989fb9734bda30f55760ceb,0x41545f8b9472d758bb669ed8eaeeecd7a9c4ec29,0x71009d3f03d26cde045ca548a45e377632459425,4000000000000000000000,Forta,FORT,18,12,169504,91936512144,145583,831883,deprecated,0xdf948001,"externalClaim(tuple _claim,bytes _signature)",10093275
14968255,1655307348,0xefa2c7ec1f2eac9ad0aaa80dac8b78f97289840ea332b8e474d8b50e4b38cbcd,0,0x4284aa9bb252af853d8d267b152c23482468d9678ef47808be97eac4bfe7fe75,0x988a7bc24a9d0fa49989fb9734bda30f55760ceb,0x41545f8b9472d758bb669ed8eaeeecd7a9c4ec29,0x82b0bc872597da480072e6d631ed0828b8814f98,2000000000000000000000,Forta,FORT,18,28,151626,98338741593,130363,3525953,deprecated,0xae0b51df,"claim(uint256 index, uint256 amount, bytes32[] merkleProof)",10093272
14968258,1655307400,0xe9b64e3bad4631451beb60b4de5e6f44f4209cacb7480a10721dd2ec86584971,6,0xf3266e5ba145f9a348fb00cf7197c4c2bc6941b245def8bbe1dfc9f15888d373,0x988a7bc24a9d0fa49989fb9734bda30f55760ceb,0x41545f8b9472d758bb669ed8eaeeecd7a9c4ec29,0x2835a787d8d74724181f97ec97d9882dd7b3f2be,3000000000000000000000,Forta,FORT,18,7,129844,117651050378,111702,1908376,deprecated,0xae0b51df,"claim(uint256 index, uint256 amount, bytes32[] merkleProof)",10093269
14968291,1655307924,0x7b871b70aa5b2349cc339f390138ae6ee1f4fc566be32d9d27eab66d69ebd138,0,0xe6045aa023689b5637d334ff1b5ae3289969e456bf725bf15ba5690efbcf30b7,0x988a7bc24a9d0fa49989fb9734bda30f55760ceb,0x41545f8b9472d758bb669ed8eaeeecd7a9c4ec29,0x30c2c4f2106f12241e3d741ba330658f2f4a3da9,40000000000000000000000,Forta,FORT,18,81,131723,88028506721,113327,6713636,deprecated,0xae0b51df,"claim(uint256 index, uint256 amount, bytes32[] merkleProof)",10093236
14968306,1655308280,0xa792f557ef92064d0f81ffa19de5a82fd8cccf9bd7dfbbf8b9ddde0f8d4253ff,105,0x0ff989d9c721ccd91de347b91d21c564884296a8a83b50393c91763824a7c875,0x988a7bc24a9d0fa49989fb9734bda30f55760ceb,0x41545f8b9472d758bb669ed8eaeeecd7a9c4ec29,0x98ab20307fdaba1ce8b16d69d22461c6dbe85459,1000000000000000000000,Forta,FORT,18,7,151705,198135097997,130431,446701,deprecated,0xae0b51df,"claim(uint256 index, uint256 amount, bytes32[] merkleProof)",10093221
14968309,1655308325,0x563caba4d39eab87c253e0f3ff3950994beb2ea8b2df9faf07b5ddb64e206f5d,0,0x7939faaf38e98cff76b1a79bbb4bbb5c6feb9941784c3f7ec1de98d7982459ae,0x988a7bc24a9d0fa49989fb9734bda30f55760ceb,0x41545f8b9472d758bb669ed8eaeeecd7a9c4ec29,0xe691eef8702ceb5f695a92003478b5ec2745f5cb,2000000000000000000000,Forta,FORT,18,1,151710,180171669533,130435,328132,deprecated,0xae0b51df,"claim(uint256 index, uint256 amount, bytes32[] merkleProof)",10093218
14968310,1655308328,0x3eb2a3e8bacd745450128de81434942ca3db96eef886cd11847ab59991e8196c,106,0xe5daa92f76482c702c0eb81b8a7ba924d21724ad113705e8788a526f54500c4c,0x988a7bc24a9d0fa49989fb9734bda30f55760ceb,0x41545f8b9472d758bb669ed8eaeeecd7a9c4ec29,0x98ab20307fdaba1ce8b16d69d22461c6dbe85459,2000000000000000000000,Forta,FORT,18,20,149513,175991126244,128471,2120870,deprecated,0xdf948001,"externalClaim(tuple _claim,bytes _signature)",10093217
14968322,1655308489,0x6b36b7eba83d3da883e3ff72e96666bb3786fd21130db8762bc9e567a3011ed2,375,0x60a45f4bb77282b77d83f21409252fb28e3eae9b8564e4eef8526284c565008c,0x988a7bc24a9d0fa49989fb9734bda30f55760ceb,0x41545f8b9472d758bb669ed8eaeeecd7a9c4ec29,0xacdd1b77d5dc617585b1e22ede4cbea816c0d847,2000000000000000000000,Forta,FORT,18,28,151679,122143633413,130409,2080607,deprecated,0xae0b51df,"claim(uint256 index, uint256 amount, bytes32[] merkleProof)",10093205
14968325,1655308581,0x2ab951c46bc3a086bdf647651b260d63be5a3d9a8ec5bb5424bdb31355a3da01,5338,0x28eebc8ed019d658e71cac6373f42205533dff0404a097e251b5355d8f3a555d,0x988a7bc24a9d0fa49989fb9734bda30f55760ceb,0x41545f8b9472d758bb669ed8eaeeecd7a9c4ec29,0x511dbe9e6b7ede607f47d00a681bd5c7a6d397a1,1000000000000000000000,Forta,FORT,18,4,151675,125717599850,130405,245880,deprecated,0xae0b51df,"claim(uint256 index, uint256 amount, bytes32[] merkleProof)",10093202
14968332,1655308710,0x4874b1d99b524acea2e865cfcd346c8db967845a2676ce8c46772fa009dc48af,95,0x29e244beacb34ad303669e0724c77273458f3dac56e299251b339cb59867dae7,0x988a7bc24a9d0fa49989fb9734bda30f55760ceb,0x41545f8b9472d758bb669ed8eaeeecd7a9c4ec29,0x01d83d49a4a69bd5be68ea3a2580cc72d13daf09,2000000000000000000000,Forta,FORT,18,7,169401,158000000000,111728,1345985,deprecated,0xae0b51df,"claim(uint256 index, uint256 amount, bytes32[] merkleProof)",10093195
14968333,1655308716,0x9eac7622ee1b81bbdc04e90407f935cd5569da7f321f85c1cc804b166e616abc,96,0x9a2a5477b8b07950d8ba90e4078ba18ef32efc393e3ab4e8fdeb899ec31e323f,0x01d83d49a4a69bd5be68ea3a2580cc72d13daf09,0x41545f8b9472d758bb669ed8eaeeecd7a9c4ec29,0xca0637f8a3106f3eef860ea9738ce6ed677f6fc1,2000000000000000000000,Forta,FORT,18,384,95565,99402040147,58370,26761400,deprecated,0xa9059cbb,"transfer(address _to, uint256 _value)",10093194
14968344,1655308923,0x9aef92e42143031ec76178ad0e53707212fffec8c96755749bfce18a6f11a97a,96,0x79f6b8725401d2b964ecf8f8b03505b9ea63893517c6ca14eeff5b24f1876c1c,0xcc261ab4be137eacf57c19ed97c186b4d88004ca,0x41545f8b9472d758bb669ed8eaeeecd7a9c4ec29,0xbd58e8dcafb19f25429bd09a3245b0cd52db4725,504000000000000000000,Forta,FORT,18,216,95565,104234420252,63170,16468275,deprecated,0xa9059cbb,"transfer(address _to, uint256 _value)",10093183
14968352,1655308992,0x617094364444b62a4e5343b03b78012e81ee8e3a903cbbeeb3d62bf9159d116a,55,0xf5edfb7965eb73491325ed41e9bc7c9bed0ebc579d48796bf5c162a2f5efc18c,0x988a7bc24a9d0fa49989fb9734bda30f55760ceb,0x41545f8b9472d758bb669ed8eaeeecd7a9c4ec29,0x38b31174038efe00a7bb3eb1f7e2ba40c218229f,2000000000000000000000,Forta,FORT,18,8,169490,126587306355,145571,911280,deprecated,0xdf948001,"externalClaim(tuple _claim,bytes _signature)",10093175
14968356,1655309057,0x7684e72a289e3bc60113868ab3947ac4de6dcb6c3a7b1d059d63699dd7ccb060,111,0x670c00c69b93203ed9aca89de424c55abe6d7c22ac8fecc59b8da1912053b013,0x98ab20307fdaba1ce8b16d69d22461c6dbe85459,0x41545f8b9472d758bb669ed8eaeeecd7a9c4ec29,0x1673888242bad06cc87a7bcaff392cb27218b3e3,2999999999999999406029,Forta,FORT,18,21,6209660,83467002325,5108688,6160290,deprecated,0xac9650d8,multicall(bytes[] data),10093171
14968358,1655309070,0x3520d3fc5842a81fe28bfb8b92137077cbc8435a40cfaa073f4c1fc556f0622a,0,0xa0c2d70f6b2f6896a3b4ab4bad5b04641a335aefc18b554f9ee120f39316fdb9,0x988a7bc24a9d0fa49989fb9734bda30f55760ceb,0x41545f8b9472d758bb669ed8eaeeecd7a9c4ec29,0xfdfe68525502d85d7bea30a59068ac6a0fe89f2c,2000000000000000000000,Forta,FORT,18,50,131726,124450503488,113329,3398045,deprecated,0xae0b51df,"claim(uint256 index, uint256 amount, bytes32[] merkleProof)",10093169
14968358,1655309070,0xcf60bca9df06d7b5a90346710f07e09962cc951fcc859be36ac45fce622f0c33,74,0xa0c2d70f6b2f6896a3b4ab4bad5b04641a335aefc18b554f9ee120f39316fdb9,0x988a7bc24a9d0fa49989fb9734bda30f55760ceb,0x41545f8b9472d758bb669ed8eaeeecd7a9c4ec29,0x983870b758641cac5474e0fb558307729c136160,2000000000000000000000,Forta,FORT,18,51,151679,124450503488,130409,3528454,deprecated,0xae0b51df,"claim(uint256 index, uint256 amount, bytes32[] merkleProof)",10093169
14968359,1655309087,0xb6087491cd681a134cef122107fe2233210dc93f74dc51b3396e128bfe10018e,289,0x7cc5de4562a88a026645317db2032505c14af0ff45bcecd24ffd182df832ffcf,0x40ec5b33f54e0e8a33a975908c5ba1c14e5bbbdf,0x41545f8b9472d758bb669ed8eaeeecd7a9c4ec29,0xb817f347cc5dc77dabeb45dc071dc4ca80b28e16,2037237399500000038912,Forta,FORT,18,236,381514,83047572058,264885,15144241,deprecated,0x3805550f,exit(bytes inputData),10093168
14968361,1655309120,0x17aaaf57e3c10cb8aabddd9ee539243d5b12b6dda89c6d79a80feebe5bbc7ae7,1947,0x24385b84ad5a5b5b369cd6af285d04ba24b64713bcaffec1211c0f0980f0d1bc,0x988a7bc24a9d0fa49989fb9734bda30f55760ceb,0x41545f8b9472d758bb669ed8eaeeecd7a9c4ec29,0x74fac75dfd8f2b75aaebed2614455e670be807af,1000000000000000000000,Forta,FORT,18,14,151716,135688598232,130441,756539,deprecated,0xae0b51df,"claim(uint256 index, uint256 amount, bytes32[] merkleProof)",10093166
14968364,1655309148,0xf30845bdad5dd97abfc8f532f0a89e85e0460c4c8f2c3bd5b13a72aa3ccaf4b8,442,0x4ceaefa2959e45e0e3a33f50e3ca667cc0883c9c7c624ecdccae67a636f67bf5,0x1673888242bad06cc87a7bcaff392cb27218b3e3,0x41545f8b9472d758bb669ed8eaeeecd7a9c4ec29,0x2bea3a2922f094433ec24478958c7c3404c25b44,216713093919068285904,Forta,FORT,18,69,291772,71424887079,235670,6054327,deprecated,0x5ae401dc,"multicall(uint256 deadline, bytes[] data)",10093163
14968365,1655309152,0x0876dc18ed4e57a977f686a64b2e5bc8405a0aeaf891b854b81ea8f807d6aa99,62327,0x55288e1b82a1e7381d1bf0039dc0e6fc449ca0f57daefe0d335e4d4b1b855f51,0x1673888242bad06cc87a7bcaff392cb27218b3e3,0x41545f8b9472d758bb669ed8eaeeecd7a9c4ec29,0x46c4128981525aa446e02ffb2ff762f1d6a49170,568691634712391213719,Forta,FORT,18,3,241229,69034406366,141229,994913,deprecated,0x662d0200,,10093162
14968365,1655309152,0x4639b1c4a7457146136a814a9a3e1cfa1708a3fb17d77b6c6f394ffd719d39a3,1862,0x55288e1b82a1e7381d1bf0039dc0e6fc449ca0f57daefe0d335e4d4b1b855f51,0x1673888242bad06cc87a7bcaff392cb27218b3e3,0x41545f8b9472d758bb669ed8eaeeecd7a9c4ec29,0xe24b12be60a82502d43bd5ee248867fc0101560b,486065730904029085972,Forta,FORT,18,4,322440,71034406366,223816,1218729,deprecated,0x5ae401dc,"multicall(uint256 deadline, bytes[] data)",10093162
14968365,1655309152,0x364e6f7ab9bf14bc32a9b3c2c05b2aaa62f76912442e115cdf0936cb20beb8fa,62328,0x55288e1b82a1e7381d1bf0039dc0e6fc449ca0f57daefe0d335e4d4b1b855f51,0x46c4128981525aa446e02ffb2ff762f1d6a49170,0x41545f8b9472d758bb669ed8eaeeecd7a9c4ec29,0x1673888242bad06cc87a7bcaff392cb27218b3e3,568691634712391213718,Forta,FORT,18,5,236919,112534495869,136909,1355638,deprecated,0x662d0600,,10093162
14968365,1655309152,0xaa2e2d7d957c5a5a25df89fc2c81a5c16cc4fd859d1363df76093e47be929016,383,0x55288e1b82a1e7381d1bf0039dc0e6fc449ca0f57daefe0d335e4d4b1b855f51,0x988a7bc24a9d0fa49989fb9734bda30f55760ceb,0x41545f8b9472d758bb669ed8eaeeecd7a9c4ec29,0xa8541e4b65bae5a703c333970be1bb85f2658591,3000000000000000000000,Forta,FORT,18,22,129860,118364690573,111716,3058450,deprecated,0xae0b51df,"claim(uint256 index, uint256 amount, bytes32[] merkleProof)",10093162
14968367,1655309185,0x65aec2c596d172788bf53c45a08ad4a786f8731f4858926b7484cb879bcbacd2,58,0xfa766935c039fa783ed4ea28e1b2f7ab02da353dbcac3633b40783c2c0fe1f07,0x1673888242bad06cc87a7bcaff392cb27218b3e3,0x41545f8b9472d758bb669ed8eaeeecd7a9c4ec29,0x4614aa98c9b0e8c5a66dcb2bdaa1a809dbdde18a,149247352391738635294,Forta,FORT,18,147,295249,76468206321,219397,9323286,deprecated,0x5ae401dc,"multicall(uint256 deadline, bytes[] data)",10093160
14968367,1655309185,0xc8f3cb2e5e810039656762dd420f364a87021204938b9e5aebaaff9953428755,97,0xfa766935c039fa783ed4ea28e1b2f7ab02da353dbcac3633b40783c2c0fe1f07,0xcc261ab4be137eacf57c19ed97c186b4d88004ca,0x41545f8b9472d758bb669ed8eaeeecd7a9c4ec29,0xbd58e8dcafb19f25429bd09a3245b0cd52db4725,1000000000000000000000000,Forta,FORT,18,169,69507,76468206321,46070,11089558,deprecated,0xa9059cbb,"transfer(address _to, uint256 _value)",10093160
14968369,1655309220,0x18b65072f73b25f1d55169145768d8a5eaaec5ed497a996a92d127aebff391c3,157,0xd8d24f22725b97644f8cfa822df64175cc33253222156a12de0b4be5616e2fde,0x988a7bc24a9d0fa49989fb9734bda30f55760ceb,0x41545f8b9472d758bb669ed8eaeeecd7a9c4ec29,0x72bf07f4a11e9657f56250b560be11a63ca16757,8000000000000000000000,Forta,FORT,18,14,131688,113952309482,113297,1180853,deprecated,0xae0b51df,"claim(uint256 index, uint256 amount, bytes32[] merkleProof)",10093158
14968369,1655309220,0x6cf959c01ecd76893feb5c53e99b1997dbbbb77b1c956bfa5379f8df2bbbcfe1,300,0xd8d24f22725b97644f8cfa822df64175cc33253222156a12de0b4be5616e2fde,0x988a7bc24a9d0fa49989fb9734bda30f55760ceb,0x41545f8b9472d758bb669ed8eaeeecd7a9c4ec29,0xcdb2de3c7e3523f943904bdaab94e316853601ee,3000000000000000000000,Forta,FORT,18,15,151675,104593069217,130405,1311258,deprecated,0xae0b51df,"claim(uint256 index, uint256 amount, bytes32[] merkleProof)",10093158
14968369,1655309220,0x7697f7e073ad4200d90f26b21bfb92d99bb93569a5403bb7451dcbaf97f4e425,207,0xd8d24f22725b97644f8cfa822df64175cc33253222156a12de0b4be5616e2fde,0x988a7bc24a9d0fa49989fb9734bda30f55760ceb,0x41545f8b9472d758bb669ed8eaeeecd7a9c4ec29,0xbbdf98d77a99a1551d8841cc93ab5004fd1802ef,1000000000000000000000,Forta,FORT,18,16,151640,104593069217,130375,1441633,deprecated,0xae0b51df,"claim(uint256 index, uint256 amount, bytes32[] merkleProof)",10093158
14968372,1655309240,0xa4692c631df7472353d69222beb6c17b00f30f88c8012a0eb10c7b6c7b6c8c66,1,0x3232316768d17b39806c681377c32a002d887e3bf4ba1b923fbb1b0d5dfad3f0,0x988a7bc24a9d0fa49989fb9734bda30f55760ceb,0x41545f8b9472d758bb669ed8eaeeecd7a9c4ec29,0x91878ec5288e944fd4a357022d60dbe9ab49c46f,2000000000000000000000,Forta,FORT,18,11,131737,113952309482,113339,1518526,deprecated,0xae0b51df,"claim(uint256 index, uint256 amount, bytes32[] merkleProof)",10093155
14968372,1655309240,0xc5c3f2696dccda51aff93a43346633d308bc4370729e0f9435e0871d961b9ee0,28,0x3232316768d17b39806c681377c32a002d887e3bf4ba1b923fbb1b0d5dfad3f0,0x988a7bc24a9d0fa49989fb9734bda30f55760ceb,0x41545f8b9472d758bb669ed8eaeeecd7a9c4ec29,0x0ada32f4f7be8dfc1daef23d996f553d6f042a06,2000000000000000000000,Forta,FORT,18,15,131714,98195355705,113319,1773685,deprecated,0xae0b51df,"claim(uint256 index, uint256 amount, bytes32[] merkleProof)",10093155
14968373,1655309267,0x600f2b32450d2f44ef1d112d0c97998c6860937e8879ed02b06d6fd561d75353,201,0xa81fc2880141bc37f6c7350c0d690091051da5dc83e913e8562047313cdc98bf,0x988a7bc24a9d0fa49989fb9734bda30f55760ceb,0x41545f8b9472d758bb669ed8eaeeecd7a9c4ec29,0x77f167cdc43b967658eb8ae473f94402c1672986,3000000000000000000000,Forta,FORT,18,4,151728,113952309482,113351,994841,deprecated,0xae0b51df,"claim(uint256 index, uint256 amount, bytes32[] merkleProof)",10093154
14968374,1655309270,0x94bd2656b4b40e90c6010b3e5e8de7b0b21616ff34b70d315dc52f8bc9287117,19,0x521d77eba958c6a5fb9b6ba5b19aef371c180ee92f37ea316815b98b07b39513,0x988a7bc24a9d0fa49989fb9734bda30f55760ceb,0x41545f8b9472d758bb669ed8eaeeecd7a9c4ec29,0x416b547fad37db443271a0d1473893434a4724ef,1000000000000000000000,Forta,FORT,18,6,151663,104593069217,130395,463082,deprecated,0xae0b51df,"claim(uint256 index, uint256 amount, bytes32[] merkleProof)",10093153
14968374,1655309270,0x6761ffa7e4bbbe61ce8935643e0506f4b0b48532d20689500363192cf8ab58c9,0,0x521d77eba958c6a5fb9b6ba5b19aef371c180ee92f37ea316815b98b07b39513,0x988a7bc24a9d0fa49989fb9734bda30f55760ceb,0x41545f8b9472d758bb669ed8eaeeecd7a9c4ec29,0x0c0cbcf5d86e21f62d159b8a9f415b3343466e88,2000000000000000000000,Forta,FORT,18,11,131712,101377864533,113317,765519,deprecated,0xae0b51df,"claim(uint256 index, uint256 amount, bytes32[] merkleProof)",10093153
14968374,1655309270,0x814cd2cfa9e2e124f8ad7d478d13ec61803af92a34d8e3bd4060a2e2f4e5d884,1,0x521d77eba958c6a5fb9b6ba5b19aef371c180ee92f37ea316815b98b07b39513,0x988a7bc24a9d0fa49989fb9734bda30f55760ceb,0x41545f8b9472d758bb669ed8eaeeecd7a9c4ec29,0x37787397d6e0e1789324027b8559bed096359c14,2000000000000000000000,Forta,FORT,18,12,149839,101377864533,128818,894337,deprecated,0xae0b51df,"claim(uint256 index, uint256 amount, bytes32[] merkleProof)",10093153
14968374,1655309270,0x6782f073dcec2b663bb4bb3c7e5b7e20a5bc761a65203df9ce0e61c4731a36ed,71,0x521d77eba958c6a5fb9b6ba5b19aef371c180ee92f37ea316815b98b07b39513,0x988a7bc24a9d0fa49989fb9734bda30f55760ceb,0x41545f8b9472d758bb669ed8eaeeecd7a9c4ec29,0xf611ae235b17d1678bbe50210e1b2e4f6a695677,2000000000000000000000,Forta,FORT,18,15,129858,93265701573,111714,1077379,deprecated,0xae0b51df,"claim(uint256 index, uint256 amount, bytes32[] merkleProof)",10093153
14968374,1655309270,0x92e63af7e78d20fc91f39202c837bb7823c39f86abc3c5f1fc8d9f897c46c63a,1864,0x521d77eba958c6a5fb9b6ba5b19aef371c180ee92f37ea316815b98b07b39513,0x1673888242bad06cc87a7bcaff392cb27218b3e3,0x41545f8b9472d758bb669ed8eaeeecd7a9c4ec29,0xe24b12be60a82502d43bd5ee248867fc0101560b,653930335629294719132,Forta,FORT,18,101,307344,64195664699,210592,6311269,deprecated,0x5ae401dc,"multicall(uint256 deadline, bytes[] data)",10093153
14968376,1655309294,0xc8f484cef7ad4c5465a325955874461a942a3aa62c60e2ee93227bb58a7ae04a,43,0x92039bc711b1a5f686c2271c2cadfce7be6f9bdabcf70de8bdc5e33770e0275d,0x988a7bc24a9d0fa49989fb9734bda30f55760ceb,0x41545f8b9472d758bb669ed8eaeeecd7a9c4ec29,0x7f732b548ca3e3c00c14817f5d6c2eb08fc50884,2000000000000000000000,Forta,FORT,18,31,131728,93257753145,113331,1502550,deprecated,0xae0b51df,"claim(uint256 index, uint256 amount, bytes32[] merkleProof)",10093151
14968377,1655309345,0xfff0dd875579fca784ad616bcf1d6ea27fc249cd59d6175feb9e56e3d4915b74,818,0x96d2f78e4254c2ef62ce4b3de98504789c4789a91f74a76f85722f93c3f24399,0x1673888242bad06cc87a7bcaff392cb27218b3e3,0x41545f8b9472d758bb669ed8eaeeecd7a9c4ec29,0x81b15c11fd0c736399485307faecd13bdd58185d,1176382464882446783943,Forta,FORT,18,37,441109,69610979812,388457,1734490,deprecated,0x0f3b31b2,"multiplexMultiHopSellTokenForToken(address[] tokens,tuple[] calls,uint256 sellAmount,uint256 minBuyAmount)",10093150
14968378,1655309350,0xf8dcb2ccb87cf0417b414bbd24aa86da1d4cfbcbc60a1ba4e52a5702f39a513e,5,0x47521ad054610d9584fc048356b12c5c748e3c7b0f7342a08d2ace013038e4bd,0x988a7bc24a9d0fa49989fb9734bda30f55760ceb,0x41545f8b9472d758bb669ed8eaeeecd7a9c4ec29,0x1e0eb92bdd060c9386d5b43943cf5f2b083f90db,2000000000000000000000,Forta,FORT,18,22,131726,93257753145,113329,1550763,deprecated,0xae0b51df,"claim(uint256 index, uint256 amount, bytes32[] merkleProof)",10093149
14968379,1655309367,0x7073fa484cc937979c7f663cb203cdf06240e552ce7a60934d967e30248d7f99,292,0x6bc0bd50b6d4cb71103ccf7602bbac91a42ae2035ac7d224ecd5f90fbd8f67c3,0x988a7bc24a9d0fa49989fb9734bda30f55760ceb,0x41545f8b9472d758bb669ed8eaeeecd7a9c4ec29,0xb817f347cc5dc77dabeb45dc071dc4ca80b28e16,2000000000000000000000,Forta,FORT,18,11,111672,102916469718,96163,1605469,deprecated,0xae0b51df,"claim(uint256 index, uint256 amount, bytes32[] merkleProof)",10093148
14968381,1655309388,0xa065b7e7cf2b53878336f4ed16ea8b9900b15a4e34c9178315eceb13a094355e,77,0xd4e972d7f83656bd04bf6d761c3ebbfc969541da9565a02367d6dc2841649201,0x988a7bc24a9d0fa49989fb9734bda30f55760ceb,0x41545f8b9472d758bb669ed8eaeeecd7a9c4ec29,0x14d2dd43c06335a5efdff3ccda9915ba160318d0,2000000000000000000000,Forta,FORT,18,94,129856,65000000000,111712,5462233,deprecated,0xae0b51df,"claim(uint256 index, uint256 amount, bytes32[] merkleProof)",10093146
14968382,1655309404,0x2163621d78d55edbbc82c89af7cb2c0c4435184d92b39b7c70ea24240de2b793,51,0xeeb994be2908a7393687fd1ec954b89d439646943f02ff004a5d40818adc1755,0x988a7bc24a9d0fa49989fb9734bda30f55760ceb,0x41545f8b9472d758bb669ed8eaeeecd7a9c4ec29,0x33ad909b6713dd839f46a798a12d2fd68b26d328,1000000000000000000000,Forta,FORT,18,10,151652,99104658236,130385,689201,deprecated,0xae0b51df,"claim(uint256 index, uint256 amount, bytes32[] merkleProof)",10093145
14968382,1655309404,0xd3b913d0e740a870d3f2f385a03eb15685c8b7fccd89518c26b3a3919be3b9e9,10,0xeeb994be2908a7393687fd1ec954b89d439646943f02ff004a5d40818adc1755,0x988a7bc24a9d0fa49989fb9734bda30f55760ceb,0x41545f8b9472d758bb669ed8eaeeecd7a9c4ec29,0x085b5b41c558c28b950b59a42fe409440a6f78b7,2000000000000000000000,Forta,FORT,18,13,129836,96211524455,111696,896719,deprecated,0xae0b51df,"claim(uint256 index, uint256 amount, bytes32[] merkleProof)",10093145
14968383,1655309422,0x9d69418b388a8d6b0fc881ce67f537b30570fb405db4277290d7052397049042,131,0x9213036daed888ac2140777f546d88b05b42ab32f9f7fb6bd37a452a52cd61a2,0x988a7bc24a9d0fa49989fb9734bda30f55760ceb,0x41545f8b9472d758bb669ed8eaeeecd7a9c4ec29,0x1c0ec596303ce6666f5a4d24c29e78cf881cb5d3,2000000000000000000000,Forta,FORT,18,30,129814,96211524455,111676,2325606,deprecated,0xae0b51df,"claim(uint256 index, uint256 amount, bytes32[] merkleProof)",10093144
14968383,1655309422,0xd98ca6f2c80c8e1163a48cd89010a47984353eb608daddb70b9b707bc029f490,332,0x9213036daed888ac2140777f546d88b05b42ab32f9f7fb6bd37a452a52cd61a2,0x988a7bc24a9d0fa49989fb9734bda30f55760ceb,0x41545f8b9472d758bb669ed8eaeeecd7a9c4ec29,0x03402e62e9be0eab6354532a3c2fd9ec8797588c,2000000000000000000000,Forta,FORT,18,31,131714,96211524455,113319,2438925,deprecated,0xae0b51df,"claim(uint256 index, uint256 amount, bytes32[] merkleProof)",10093144
14968383,1655309422,0x08b251d0a4370fd74766ae006522486e903eef17eb3e39092eb97cf591044385,38,0x9213036daed888ac2140777f546d88b05b42ab32f9f7fb6bd37a452a52cd61a2,0x988a7bc24a9d0fa49989fb9734bda30f55760ceb,0x41545f8b9472d758bb669ed8eaeeecd7a9c4ec29,0x64f3b48733b268ca9ef319b6cbdf1b00e411c39d,2000000000000000000000,Forta,FORT,18,34,131701,92189671419,113309,2600837,deprecated,0xae0b51df,"claim(uint256 index, uint256 amount, bytes32[] merkleProof)",10093144
14968383,1655309422,0x6781191735aa5b465bd585808207f493bd84793e54babc0f89cc27823a72fb49,1128,0x9213036daed888ac2140777f546d88b05b42ab32f9f7fb6bd37a452a52cd61a2,0x1673888242bad06cc87a7bcaff392cb27218b3e3,0x41545f8b9472d758bb669ed8eaeeecd7a9c4ec29,0x7f463290f429118add2f8d7df4c41485916f3be4,1102003566554691776,Forta,FORT,18,218,241580,64699576883,177282,18248212,deprecated,0x5ae401dc,"multicall(uint256 deadline, bytes[] data)",10093144
14968383,1655309422,0x94ba5be34f8458b5e5f1c8fabbcae637c04c07b6d96c4c97a3a086908b6e27e8,651,0x9213036daed888ac2140777f546d88b05b42ab32f9f7fb6bd37a452a52cd61a2,0x1673888242bad06cc87a7bcaff392cb27218b3e3,0x41545f8b9472d758bb669ed8eaeeecd7a9c4ec29,0x5ddedcdb58d34d58ae47746ff302a6a83f3fc137,121020553541603242462,Forta,FORT,18,221,328501,64699576883,222804,18667662,deprecated,0x5ae401dc,"multicall(uint256 deadline, bytes[] data)",10093144
14968383,1655309422,0xcc97ab6bccfb1cb2ec12968de614d9312046c748f8d03097f40fa5bc7c40ca9c,18,0x9213036daed888ac2140777f546d88b05b42ab32f9f7fb6bd37a452a52cd61a2,0x988a7bc24a9d0fa49989fb9734bda30f55760ceb,0x41545f8b9472d758bb669ed8eaeeecd7a9c4ec29,0xa658f3689388556b6cfa5fb99969a568e452a352,2000000000000000000000,Forta,FORT,18,338,151691,64404576883,130419,28959177,deprecated,0xae0b51df,"claim(uint256 index, uint256 amount, bytes32[] merkleProof)",10093144
14968384,1655309445,0x97643cde1d551397a658a9a1106bce4ec5fe008c0b7ed11b2d6f3a3e6e2bd023,114,0x6fe0018800a0f6c5bdc942e8bc55e1ea7d0b993ba0c2a0ba17924c5959277b05,0x988a7bc24a9d0fa49989fb9734bda30f55760ceb,0x41545f8b9472d758bb669ed8eaeeecd7a9c4ec29,0x351b24e425052d644efdf7add29312a7f5864ddf,2000000000000000000000,Forta,FORT,18,13,169504,92189671419,145583,1493442,deprecated,0xdf948001,"externalClaim(tuple _claim,bytes _signature)",10093143
14968385,1655309463,0x56438fb7131f7b788c852db2281067b46fef1332deca5c891a3c9b539dc8c7de,8,0xe6baab275f77704170320cde095767a2c4ad188f389ffc666cbf04ca84a648d1,0x988a7bc24a9d0fa49989fb9734bda30f55760ceb,0x41545f8b9472d758bb669ed8eaeeecd7a9c4ec29,0x8901a24d7319e575e3a1474b1edbe5f698ea265f,2000000000000000000000,Forta,FORT,18,1,131712,96299365325,113317,159426,deprecated,0xae0b51df,"claim(uint256 index, uint256 amount, bytes32[] merkleProof)",10093142
14968385,1655309463,0x819ea3bd820e6ec94699e1e8516359c5153b7b2ffa5b7e59ed445fa06a4b0514,209,0xe6baab275f77704170320cde095767a2c4ad188f389ffc666cbf04ca84a648d1,0xbbdf98d77a99a1551d8841cc93ab5004fd1802ef,0x41545f8b9472d758bb669ed8eaeeecd7a9c4ec29,0x1673888242bad06cc87a7bcaff392cb27218b3e3,250000000000000000000,Forta,FORT,18,49,321378,75169917747,231449,1787698,deprecated,0x5ae401dc,"multicall(uint256 deadline, bytes[] data)",10093142
14968387,1655309477,0xa45b707b516af4bd8354026577e7e4eff43155e91362524575e3d45edc95c8a5,0,0xdafcf424678294387e02a8ad7f463819128cd9e59fd034a3ec46af979f11789b,0x988a7bc24a9d0fa49989fb9734bda30f55760ceb,0x41545f8b9472d758bb669ed8eaeeecd7a9c4ec29,0x797fcc7aadb930b606612e844280bbfef208d910,2000000000000000000000,Forta,FORT,18,7,131726,96299365325,113329,467103,deprecated,0xae0b51df,"claim(uint256 index, uint256 amount, bytes32[] merkleProof)",10093140
14968388,1655309486,0x6d335c7c508355468c25ebe5fcaf18eb7cdc85ebd1a644a56973cccc500c9271,364,0x5202b82234048e388a506ffba2eb780e8d80b14185b9a79ec6353bb874c0043d,0x988a7bc24a9d0fa49989fb9734bda30f55760ceb,0x41545f8b9472d758bb669ed8eaeeecd7a9c4ec29,0x0161d1cc10116bb2a073a0c293d5e4f1a97a00b6,2000000000000000000000,Forta,FORT,18,17,129874,96299365325,111728,987152,deprecated,0xae0b51df,"claim(uint256 index, uint256 amount, bytes32[] merkleProof)",10093139
14968389,1655309490,0xffeca4cae43f8addfd55065fbee223636252415c9462b36cce3e7bd5c74516c7,1949,0x940b23939092f41d82d230555efdad44ae175e06d89819f06605b2de93ea40a2,0x74fac75dfd8f2b75aaebed2614455e670be807af,0x41545f8b9472d758bb669ed8eaeeecd7a9c4ec29,0x1673888242bad06cc87a7bcaff392cb27218b3e3,500000000000000000000,Forta,FORT,18,10,327195,59323525885,231433,1480241,deprecated,0x5ae401dc,"multicall(uint256 deadline, bytes[] data)",10093138
14968389,1655309490,0xcb3e9f3d6d851967c7e769521db68955df59ff61fce96957d0b0f17ab8ce900b,32,0x940b23939092f41d82d230555efdad44ae175e06d89819f06605b2de93ea40a2,0x988a7bc24a9d0fa49989fb9734bda30f55760ceb,0x41545f8b9472d758bb669ed8eaeeecd7a9c4ec29,0xf9abe3d036ceb4cb3c6416ef1c7bb2a18b34f167,2000000000000000000000,Forta,FORT,18,27,131676,94793497049,113287,2275261,deprecated,0xae0b51df,"claim(uint256 index, uint256 amount, bytes32[] merkleProof)",10093138
14968391,1655309525,0x3b163a109ab10cbe4a0621db5f9ba4cc45971ea8156161f0b38f874c6b6dd14a,779,0xf265ffb072ef042ae0c000a126b987597668e30f20a44279dec703e3fe9dcbd2,0x988a7bc24a9d0fa49989fb9734bda30f55760ceb,0x41545f8b9472d758bb669ed8eaeeecd7a9c4ec29,0x8660406a6302ae7c726cb4f3c24442b8ba49748b,2000000000000000000000,Forta,FORT,18,149,131674,60893751937,113285,10553236,deprecated,0xae0b51df,"claim(uint256 index, uint256 amount, bytes32[] merkleProof)",10093136
14968393,1655309540,0x546cd69f4fa6030f1f2cee00ccb5ce013bb06822bac44220ff0d1304d64d3e6a,0,0xcd4d227f2d74874b99673913c39d10ee1128028a276890411fec7552067b46f5,0x988a7bc24a9d0fa49989fb9734bda30f55760ceb,0x41545f8b9472d758bb669ed8eaeeecd7a9c4ec29,0x2434bd6b52a5add5c46c5b38d3b3548942eb8632,2000000000000000000000,Forta,FORT,18,40,131674,89387010185,113285,4002711,deprecated,0xae0b51df,"claim(uint256 index, uint256 amount, bytes32[] merkleProof)",10093134
14968393,1655309540,0xd96626f8bce6d3d6ee93fda47266cdb23d8cb89817ef5e41c147ca5636d37463,134,0xcd4d227f2d74874b99673913c39d10ee1128028a276890411fec7552067b46f5,0x988a7bc24a9d0fa49989fb9734bda30f55760ceb,0x41545f8b9472d758bb669ed8eaeeecd7a9c4ec29,0xee5ef49a82d2d8f426afa680c7c3c2ba3603313a,2000000000000000000000,Forta,FORT,18,41,131674,89387010185,113285,4115996,deprecated,0xae0b51df,"claim(uint256 index, uint256 amount, bytes32[] merkleProof)",10093134
14968393,1655309540,0x7ace1e49d2f2621c28046ba6858732b823a08d557e965f0302764acd82819abb,49,0xcd4d227f2d74874b99673913c39d10ee1128028a276890411fec7552067b46f5,0x988a7bc24a9d0fa49989fb9734bda30f55760ceb,0x41545f8b9472d758bb669ed8eaeeecd7a9c4ec29,0xa0286326581c3212044cd361ef706eac15caea00,4000000000000000000000,Forta,FORT,18,42,169504,89387010185,145583,4261579,deprecated,0xdf948001,"externalClaim(tuple _claim,bytes _signature)",10093134
14968393,1655309540,0x34f3c0b8bd0739561e972feab1d07a7aa7ff9938707f540d79744ac794c4b07b,24,0xcd4d227f2d74874b99673913c39d10ee1128028a276890411fec7552067b46f5,0x988a7bc24a9d0fa49989fb9734bda30f55760ceb,0x41545f8b9472d758bb669ed8eaeeecd7a9c4ec29,0xb4e327390bcb6d1cfd74bdceadf47b20b937dbdd,2000000000000000000000,Forta,FORT,18,46,131701,88235288828,113309,4525202,deprecated,0xae0b51df,"claim(uint256 index, uint256 amount, bytes32[] merkleProof)",10093134
14968393,1655309540,0xc30dcd485d64ab8c74b296f29cd153328da1798d66d0993be6288cc1263c7680,462,0xcd4d227f2d74874b99673913c39d10ee1128028a276890411fec7552067b46f5,0x1673888242bad06cc87a7bcaff392cb27218b3e3,0x41545f8b9472d758bb669ed8eaeeecd7a9c4ec29,0x22f9dcf4647084d6c31b2765f6910cd85c178c18,130807445307677615088,Forta,FORT,18,373,938766,54246257630,749673,26315681,deprecated,0x415565b0,0x415565b0(),10093134
14968393,1655309540,0xc30dcd485d64ab8c74b296f29cd153328da1798d66d0993be6288cc1263c7680,462,0xcd4d227f2d74874b99673913c39d10ee1128028a276890411fec7552067b46f5,0x22f9dcf4647084d6c31b2765f6910cd85c178c18,0x41545f8b9472d758bb669ed8eaeeecd7a9c4ec29,0xf2954c8e25425a78aca97fb08605542cf0324496,130807445307677615088,Forta,FORT,18,373,938766,54246257630,749673,26315681,deprecated,0x415565b0,0x415565b0(),10093134
14968394,1655309576,0x59dd841546abab5fab20f6f279c6cac3d1a9a545ac4be49eebf96eb3ebbd2909,60,0xd37923981c24089794178c6e91b9eeaacbda8570e3d0f00d1c32c1df8961e0d0,0x4614aa98c9b0e8c5a66dcb2bdaa1a809dbdde18a,0x41545f8b9472d758bb669ed8eaeeecd7a9c4ec29,0x1673888242bad06cc87a7bcaff392cb27218b3e3,149247352391738635294,Forta,FORT,18,125,308486,60387537153,225607,9394357,deprecated,0x5ae401dc,"multicall(uint256 deadline, bytes[] data)",10093133
14968397,1655309604,0xfc33ab34733795177b11ea65e4adba6afff439b439ddee8d88998ccf81baee28,105,0x3e6cf34693b7abef00009756e8bf9d08684f4805b0ac8a8fb65789a31eb41afa,0x1673888242bad06cc87a7bcaff392cb27218b3e3,0x41545f8b9472d758bb669ed8eaeeecd7a9c4ec29,0x4bcb5bc7ecc00a046965fe3fa281ea7cd0474c6b,672759917722123557249,Forta,FORT,18,147,328551,56073920731,227718,10128604,deprecated,0x5ae401dc,"multicall(uint256 deadline, bytes[] data)",10093130
14968398,1655309615,0xc5477bfc6e05f9ce473a2cd709f2d86a457c780147c2e9d76ada96c01050afe5,12,0x1ad895dcc3c4335e3df58788a65e18d037a05ce69e684b2e62ee02494bb3629b,0x988a7bc24a9d0fa49989fb9734bda30f55760ceb,0x41545f8b9472d758bb669ed8eaeeecd7a9c4ec29,0xa5ac42eabd3c5e79b70faf5d334f50718d200c5a,2000000000000000000000,Forta,FORT,18,7,129822,89831305730,111684,452405,deprecated,0xae0b51df,"claim(uint256 index, uint256 amount, bytes32[] merkleProof)",10093129
14968398,1655309615,0xd996bac99cb663057bc6a66a4133f590e965d786a89ced5fba61829a3ecfa096,6,0x1ad895dcc3c4335e3df58788a65e18d037a05ce69e684b2e62ee02494bb3629b,0x988a7bc24a9d0fa49989fb9734bda30f55760ceb,0x41545f8b9472d758bb669ed8eaeeecd7a9c4ec29,0x15658dc3676b44dd693b8bf5fd2d8806681a0007,3000000000000000000000,Forta,FORT,18,8,131665,89831305730,113277,565682,deprecated,0xae0b51df,"claim(uint256 index, uint256 amount, bytes32[] merkleProof)",10093129
14968398,1655309615,0x3413dc23abc4da20d384907129f920a0e6d8fcd907880ce2d0addb03ccd24b0f,0,0x1ad895dcc3c4335e3df58788a65e18d037a05ce69e684b2e62ee02494bb3629b,0x988a7bc24a9d0fa49989fb9734bda30f55760ceb,0x41545f8b9472d758bb669ed8eaeeecd7a9c4ec29,0x216588c4a395db0b28a494d0745abc0eac5e9783,3000000000000000000000,Forta,FORT,18,9,131723,89451987618,113327,679009,deprecated,0xae0b51df,"claim(uint256 index, uint256 amount, bytes32[] merkleProof)",10093129
14968399,1655309623,0x6581752bbdf841f62904be069c4764c0d648badbd44f6ce0594b2490f1b47b8b,0,0x346138a5a6ac381b85caf85fbcbef6d5f94496a8ede8e686fe302850f1b3a260,0x988a7bc24a9d0fa49989fb9734bda30f55760ceb,0x41545f8b9472d758bb669ed8eaeeecd7a9c4ec29,0x1b5251158a60aeebf7736bc070c47c897c41aede,2000000000000000000000,Forta,FORT,18,42,151716,83800664082,130441,1860833,deprecated,0xae0b51df,"claim(uint256 index, uint256 amount, bytes32[] merkleProof)",10093128
14968399,1655309623,0x52c915e5be8bf16ecb2bf6b789a85959d5cdda8ca5658f6245e927344b286026,0,0x346138a5a6ac381b85caf85fbcbef6d5f94496a8ede8e686fe302850f1b3a260,0x988a7bc24a9d0fa49989fb9734bda30f55760ceb,0x41545f8b9472d758bb669ed8eaeeecd7a9c4ec29,0x44564539dff085843f15d8b7466d5cdcd4939388,2000000000000000000000,Forta,FORT,18,43,129872,83800664082,111726,1972559,deprecated,0xae0b51df,"claim(uint256 index, uint256 amount, bytes32[] merkleProof)",10093128
14968399,1655309623,0x992ef33002d53c8f8376790e9d27c5da00663c3cb0897fe7d689b840930e6ca8,0,0x346138a5a6ac381b85caf85fbcbef6d5f94496a8ede8e686fe302850f1b3a260,0x988a7bc24a9d0fa49989fb9734bda30f55760ceb,0x41545f8b9472d758bb669ed8eaeeecd7a9c4ec29,0x52b0e465e7a1887bf6b035569f12d59a9d68a8a3,2000000000000000000000,Forta,FORT,18,45,131774,83800664082,113371,2106930,deprecated,0xae0b51df,"claim(uint256 index, uint256 amount, bytes32[] merkleProof)",10093128
14968400,1655309651,0x277bbff23731843906763ae1e3a545c96192003a63b90423bcae2c942b2ad9b1,0,0x92d7ee46f21cf60c1618bea2525bebd6d081f07a463b235b4dee161977505292,0x988a7bc24a9d0fa49989fb9734bda30f55760ceb,0x41545f8b9472d758bb669ed8eaeeecd7a9c4ec29,0xfcae835979dc7977bb0482e8c50fb0210b12c8f8,2000000000000000000000,Forta,FORT,18,26,131712,75900143936,113317,1312330,deprecated,0xae0b51df,"claim(uint256 index, uint256 amount, bytes32[] merkleProof)",10093127
14968400,1655309651,0xa6d5424b5086f6e3afc8541cbb4340e65269af1723d44036c62aaf80e75273f6,12,0x92d7ee46f21cf60c1618bea2525bebd6d081f07a463b235b4dee161977505292,0x085b5b41c558c28b950b59a42fe409440a6f78b7,0x41545f8b9472d758bb669ed8eaeeecd7a9c4ec29,0x1673888242bad06cc87a7bcaff392cb27218b3e3,2000000000000000000000,Forta,FORT,18,178,197061,57299982298,154380,12707229,deprecated,0x5ae401dc,"multicall(uint256 deadline, bytes[] data)",10093127
14968402,1655309681,0x538860f1ad871fe2f966f6b3926759a8e99c5849de4fc9e0464b13ca99790699,13,0x921d0d21de84d3c6303d2891ff3d54034d530385ca8f7a30b3d96c8ad1952f5a,0x988a7bc24a9d0fa49989fb9734bda30f55760ceb,0x41545f8b9472d758bb669ed8eaeeecd7a9c4ec29,0x2300f68064bfaafa381cd36f2695cdfeaac09231,3000000000000000000000,Forta,FORT,18,12,131712,75900143936,113317,700429,deprecated,0xae0b51df,"claim(uint256 index, uint256 amount, bytes32[] merkleProof)",10093125
14968406,1655309724,0x9eaa18b7e9f2c93eb78fdcc2961ca8609a1336c2b6350e46dc7343d57852f784,1,0x90895b77c0688247b6ba8cd96b71c3523f1c3d0bb3c5c9ac0db0087155557a23,0x1b5251158a60aeebf7736bc070c47c897c41aede,0x41545f8b9472d758bb669ed8eaeeecd7a9c4ec29,0x65bef05a96e09ef3f75bf4c6007dde62901d0c78,2000000000000000000000,Forta,FORT,18,192,95547,54969443471,58358,12310462,deprecated,0xa9059cbb,"transfer(address _to, uint256 _value)",10093121
14968407,1655309739,0x732f8b838fd572dac123f401bdced1b977f207ad4479fa34702943e062a564a5,626,0x94c17c36ed53c975958090e2fd9a2571b409426d43630390e49552a597f6642c,0x988a7bc24a9d0fa49989fb9734bda30f55760ceb,0x41545f8b9472d758bb669ed8eaeeecd7a9c4ec29,0x8358e0f54179ec00736411244489c60c0c14436b,2000000000000000000000,Forta,FORT,18,30,131714,81704165207,113319,3166973,deprecated,0xae0b51df,"claim(uint256 index, uint256 amount, bytes32[] merkleProof)",10093120
14968409,1655309759,0xe675c961dac7c89967d4b2e7fd1441427a40f1f89359d9c6c3b5a2728062e64c,223,0x20ac97f9142af94f2d6fa6a67f70293a8a951d4e6228db7efd07284ab5dd8fc4,0x988a7bc24a9d0fa49989fb9734bda30f55760ceb,0x41545f8b9472d758bb669ed8eaeeecd7a9c4ec29,0xfdc09c96e5b7ebe2f6c36e1bc0b6a6a8c6571c82,2000000000000000000000,Forta,FORT,18,18,129895,81704165207,111746,2085684,deprecated,0xae0b51df,"claim(uint256 index, uint256 amount, bytes32[] merkleProof)",10093118
14968412,1655309788,0xbfd73d20f85438c060e61645ecdff6bc00ece81f705c409fbd8e3e04951be063,13,0xcddd6716d1b5b397d977ba6b01bf093c1505c61ad8bfb6c8db65304be6e736c1,0xa5ac42eabd3c5e79b70faf5d334f50718d200c5a,0x41545f8b9472d758bb669ed8eaeeecd7a9c4ec29,0x14d2dd43c06335a5efdff3ccda9915ba160318d0,2000000000000000000000,Forta,FORT,18,21,69507,54666745576,41270,1502496,deprecated,0xa9059cbb,"transfer(address _to, uint256 _value)",10093115
14968413,1655309791,0xd36b95ade705eaf12e0952e3685eeb82fed6d5ec4eae628d26b8fec058721aa0,377,0x8bebee030da659061acbba29b414c13e9737f3bcec92d2ac3e8a760e38bacc85,0x988a7bc24a9d0fa49989fb9734bda30f55760ceb,0x41545f8b9472d758bb669ed8eaeeecd7a9c4ec29,0xf1c5729c0ae1c7ddfde34b75815023130a66fe6d,2000000000000000000000,Forta,FORT,18,19,129844,84153961490,111702,1863106,deprecated,0xae0b51df,"claim(uint256 index, uint256 amount, bytes32[] merkleProof)",10093114
14968413,1655309791,0x393ec1d59f3738cac6c594163f9db8e0ea377f2dbfcf9dec582b865c045a62b6,0,0x8bebee030da659061acbba29b414c13e9737f3bcec92d2ac3e8a760e38bacc85,0x988a7bc24a9d0fa49989fb9734bda30f55760ceb,0x41545f8b9472d758bb669ed8eaeeecd7a9c4ec29,0x7a8984c208e0866eebc3a8493c9172c7a327221a,8000000000000000000000,Forta,FORT,18,20,131674,84153961490,113285,1976391,deprecated,0xae0b51df,"claim(uint256 index, uint256 amount, bytes32[] merkleProof)",10093114
14968414,1655309808,0x68188baf19a97fb66c3a9f6294eba29becbff459870f3c5768c8ed93095a0457,3,0xa795cdeb9f168324bf04719cd3309afa111723d39389ba565a3adbac6c1eb121,0x988a7bc24a9d0fa49989fb9734bda30f55760ceb,0x41545f8b9472d758bb669ed8eaeeecd7a9c4ec29,0xdcdd3ca0fe2d6852723d7740efc7bfc8d9bdedb9,3000000000000000000000,Forta,FORT,18,35,131690,81704165207,113299,3822293,deprecated,0xae0b51df,"claim(uint256 index, uint256 amount, bytes32[] merkleProof)",10093113
14968414,1655309808,0xc85e4ab20b62d2cec43e4eaaa3ba87985b493ae206c07241e466e65a1e558dff,17,0xa795cdeb9f168324bf04719cd3309afa111723d39389ba565a3adbac6c1eb121,0x988a7bc24a9d0fa49989fb9734bda30f55760ceb,0x41545f8b9472d758bb669ed8eaeeecd7a9c4ec29,0x73817f82028a65ee0959cf5b1c1244b6063bea99,3000000000000000000000,Forta,FORT,18,37,131688,81250118364,113297,4027470,deprecated,0xae0b51df,"claim(uint256 index, uint256 amount, bytes32[] merkleProof)",10093113
14968414,1655309808,0x50501a29fa5270c95258ae5a4b28b681ef590605e8d0110288622bd7a7a4f26a,3,0xa795cdeb9f168324bf04719cd3309afa111723d39389ba565a3adbac6c1eb121,0x988a7bc24a9d0fa49989fb9734bda30f55760ceb,0x41545f8b9472d758bb669ed8eaeeecd7a9c4ec29,0xfd2ae44009605d43b3fecdbcc311ab60104b0e66,1000000000000000000000,Forta,FORT,18,47,151714,74328967241,130439,4452041,deprecated,0xae0b51df,"claim(uint256 index, uint256 amount, bytes32[] merkleProof)",10093113
14968414,1655309808,0xa42add14612fdc8652ff2f2215cd3794b962e2342ff384e518cf9a08ee603f17,0,0xa795cdeb9f168324bf04719cd3309afa111723d39389ba565a3adbac6c1eb121,0x988a7bc24a9d0fa49989fb9734bda30f55760ceb,0x41545f8b9472d758bb669ed8eaeeecd7a9c4ec29,0x942b671a3e043821186c61e8b65c77e54f338ba6,2000000000000000000000,Forta,FORT,18,111,131726,54270444262,113329,9622963,deprecated,0xae0b51df,"claim(uint256 index, uint256 amount, bytes32[] merkleProof)",10093113
14968415,1655309842,0x6d35ad0432c9edecc46cf79dd971804c87a095cafad4a3cae77ac9eb11fba814,104,0xb66961524c2f32ab6dc3e51ff6f1eb83af4d1d01352dbb01852971e827172a99,0x988a7bc24a9d0fa49989fb9734bda30f55760ceb,0x41545f8b9472d758bb669ed8eaeeecd7a9c4ec29,0xe8c7881faa68bcc9dad7681d8e9b182453c4d6ee,3000000000000000000000,Forta,FORT,18,9,131700,74328967241,113307,566093,deprecated,0xae0b51df,"claim(uint256 index, uint256 amount, bytes32[] merkleProof)",10093112
14968415,1655309842,0xd26aa531c42946fe42ed5b2d4934dbf7718a87c4347bc040641af18f5fc3a6b4,0,0xb66961524c2f32ab6dc3e51ff6f1eb83af4d1d01352dbb01852971e827172a99,0x1673888242bad06cc87a7bcaff392cb27218b3e3,0x41545f8b9472d758bb669ed8eaeeecd7a9c4ec29,0x3c971b13ff8e1d49c3cd5fa8fc8b41f5195965c5,203963248096421881400,Forta,FORT,18,149,289519,58673695627,227728,27732895,deprecated,0x5ae401dc,"multicall(uint256 deadline, bytes[] data)",10093112
14968419,1655309867,0x2b4088eb1e72b9796e7f9550251b54f07d1e3aee5722625c9841a054b128afd7,62,0xc015d2bfed1dc17a3bff687f1fcae65fb83130fa46596ecc0169b39b4604a4d7,0x988a7bc24a9d0fa49989fb9734bda30f55760ceb,0x41545f8b9472d758bb669ed8eaeeecd7a9c4ec29,0xdc14f891346f298e0187720cc744572d3db11ea2,2000000000000000000000,Forta,FORT,18,20,131698,85150298331,113305,1319589,deprecated,0xae0b51df,"claim(uint256 index, uint256 amount, bytes32[] merkleProof)",10093108
14968419,1655309867,0x290a9434807850c81c967a2049deab30cba7031a4a2a0f7940fb72a57dc9698e,0,0xc015d2bfed1dc17a3bff687f1fcae65fb83130fa46596ecc0169b39b4604a4d7,0x988a7bc24a9d0fa49989fb9734bda30f55760ceb,0x41545f8b9472d758bb669ed8eaeeecd7a9c4ec29,0x10b9c513e6e42aaef9dd6ce6b8701853cdc313ac,2000000000000000000000,Forta,FORT,18,21,131726,85150298331,113329,1432918,deprecated,0xae0b51df,"claim(uint256 index, uint256 amount, bytes32[] merkleProof)",10093108
14968419,1655309867,0x62d463dfb29a0a4bca764a4d9b1cae48abd312480a9ae85df10f446fb1969780,0,0xc015d2bfed1dc17a3bff687f1fcae65fb83130fa46596ecc0169b39b4604a4d7,0x988a7bc24a9d0fa49989fb9734bda30f55760ceb,0x41545f8b9472d758bb669ed8eaeeecd7a9c4ec29,0xcbe971f1b7c135164dcbde4c7f48a820a861bfce,2000000000000000000000,Forta,FORT,18,22,131723,85150298331,113327,1546245,deprecated,0xae0b51df,"claim(uint256 index, uint256 amount, bytes32[] merkleProof)",10093108
14968422,1655309894,0xe0279637085aeaa1c342f20e7e60a5bebac746ed047def7f6a8adc67ee703cd2,0,0x11c34ae74af71958bb8871ad332bdfa3da61e2ec42eeca785e1f36aadb9f1c08,0x988a7bc24a9d0fa49989fb9734bda30f55760ceb,0x41545f8b9472d758bb669ed8eaeeecd7a9c4ec29,0x3686cce964e8b7cc0761c83f6c799b606cf4969c,2000000000000000000000,Forta,FORT,18,20,131688,80516067753,113297,778995,deprecated,0xae0b51df,"claim(uint256 index, uint256 amount, bytes32[] merkleProof)",10093105
14968428,1655309929,0x2b8df35251785e5d0d66fcffc19fb88c55cdd6aee012a4468374aa162d4b413e,17,0xb68a28ecd445f18962c2cc0c652a0f5cf22028b13d891a7e17bf29d40f66470a,0x988a7bc24a9d0fa49989fb9734bda30f55760ceb,0x41545f8b9472d758bb669ed8eaeeecd7a9c4ec29,0x276c8e5361932d400bbd0efa92b08ecabaab4cd7,3000000000000000000000,Forta,FORT,18,35,131700,72756409254,113307,3909954,deprecated,0xae0b51df,"claim(uint256 index, uint256 amount, bytes32[] merkleProof)",10093099
14968428,1655309929,0x144bf97ca9c66b01a44ee8ae4d44747056962c10b12c9be8016014868b2ec91c,3,0xb68a28ecd445f18962c2cc0c652a0f5cf22028b13d891a7e17bf29d40f66470a,0x988a7bc24a9d0fa49989fb9734bda30f55760ceb,0x41545f8b9472d758bb669ed8eaeeecd7a9c4ec29,0xba3b1aee2b4c5441a6fa820a8d622196f98c8792,2000000000000000000000,Forta,FORT,18,43,129895,69456170319,111746,4196062,deprecated,0xae0b51df,"claim(uint256 index, uint256 amount, bytes32[] merkleProof)",10093099
14968428,1655309929,0xa53e7a034c18802b62ce042654e3639576d0268cb326d9438463c4a08d02dd4d,0,0xb68a28ecd445f18962c2cc0c652a0f5cf22028b13d891a7e17bf29d40f66470a,0x988a7bc24a9d0fa49989fb9734bda30f55760ceb,0x41545f8b9472d758bb669ed8eaeeecd7a9c4ec29,0x6315ac7fffb095c091ed396a2a8471a5d7332e14,3000000000000000000000,Forta,FORT,18,46,129909,67228689872,111758,4614084,deprecated,0xae0b51df,"claim(uint256 index, uint256 amount, bytes32[] merkleProof)",10093099
14968429,1655309956,0x1fad1014153f40c88ae1f662c24bfbc5294778d82b626d18f6855c1fd32f7ac9,0,0x13c1e62d8dd6df2ccd245a84e77ce79161472462d06cc4dd583bf57e85963188,0x988a7bc24a9d0fa49989fb9734bda30f55760ceb,0x41545f8b9472d758bb669ed8eaeeecd7a9c4ec29,0x8a29a6b8847025b86b6710a42445c9c10f0aaea1,3000000000000000000000,Forta,FORT,18,145,131712,64597482636,113317,3895448,deprecated,0xae0b51df,"claim(uint256 index, uint256 amount, bytes32[] merkleProof)",10093098
14968429,1655309956,0x3894ab8e467632533d678e990c6343b0d8f6acf2eb605cb98ce3a1513729760a,0,0x13c1e62d8dd6df2ccd245a84e77ce79161472462d06cc4dd583bf57e85963188,0x988a7bc24a9d0fa49989fb9734bda30f55760ceb,0x41545f8b9472d758bb669ed8eaeeecd7a9c4ec29,0x39de5332c53b89e011cd0e565f090991ed57c638,2000000000000000000000,Forta,FORT,18,146,131637,64597482636,113253,4008701,deprecated,0xae0b51df,"claim(uint256 index, uint256 amount, bytes32[] merkleProof)",10093098
14968429,1655309956,0x5131c77293019f565a3f93a490c194967d9b8eaf06b968c7ebeb611194c46246,188,0x13c1e62d8dd6df2ccd245a84e77ce79161472462d06cc4dd583bf57e85963188,0x988a7bc24a9d0fa49989fb9734bda30f55760ceb,0x41545f8b9472d758bb669ed8eaeeecd7a9c4ec29,0x26a74e056eb4e3607792dcd87070e468878d14e9,2000000000000000000000,Forta,FORT,18,151,131749,59243732519,113349,4489724,deprecated,0xae0b51df,"claim(uint256 index, uint256 amount, bytes32[] merkleProof)",10093098
14968429,1655309956,0xa30d248f57a002d78f73297864659c756e3a2d88693972f6584fc925f0518d0b,80,0x13c1e62d8dd6df2ccd245a84e77ce79161472462d06cc4dd583bf57e85963188,0x988a7bc24a9d0fa49989fb9734bda30f55760ceb,0x41545f8b9472d758bb669ed8eaeeecd7a9c4ec29,0xaca732e6ba7280d69a4f173b74aa153483d93c8e,2000000000000000000000,Forta,FORT,18,305,131660,44807576112,113273,15342465,deprecated,0xae0b51df,"claim(uint256 index, uint256 amount, bytes32[] merkleProof)",10093098
14968429,1655309956,0xcd5e3ab2feb5134479e658bd4c38d4757c7beccbc3583cd1b522ec6f64668ea5,14,0x13c1e62d8dd6df2ccd245a84e77ce79161472462d06cc4dd583bf57e85963188,0x2300f68064bfaafa381cd36f2695cdfeaac09231,0x41545f8b9472d758bb669ed8eaeeecd7a9c4ec29,0x4e9a2f4568d9fba43b38fd27257213b49fe7a0a4,100000000000000000000,Forta,FORT,18,422,95565,44807576112,63170,28490412,deprecated,0xa9059cbb,"transfer(address _to, uint256 _value)",10093098
14968429,1655309956,0xbcb0dee87d0c999d42a627290d96555685e017a9ff5b432170a03b5ce2638055,30,0x13c1e62d8dd6df2ccd245a84e77ce79161472462d06cc4dd583bf57e85963188,0x0ada32f4f7be8dfc1daef23d996f553d6f042a06,0x41545f8b9472d758bb669ed8eaeeecd7a9c4ec29,0x1673888242bad06cc87a7bcaff392cb27218b3e3,500000000000000000000,Forta,FORT,18,431,321505,44807576112,241934,29321982,deprecated,0x5ae401dc,"multicall(uint256 deadline, bytes[] data)",10093098
14968434,1655309995,0x822822dea5c2eee9fd49f9207dd92b6d3071b6821a0e2373295d7924814f2513,62329,0xe8f292047548045f6a2ee02311e4ef35b3d0b88500c0ef9ef8c72b1907059aa9,0x1673888242bad06cc87a7bcaff392cb27218b3e3,0x41545f8b9472d758bb669ed8eaeeecd7a9c4ec29,0x46c4128981525aa446e02ffb2ff762f1d6a49170,419506860943970230552,Forta,FORT,18,2,224117,43073672559,124117,516906,deprecated,0x66720200,,10093093
14968434,1655309995,0x4d95e961afd4dfa4e00f4115665d5e685028a4e585dc3301696c79d8982ffad2,1865,0xe8f292047548045f6a2ee02311e4ef35b3d0b88500c0ef9ef8c72b1907059aa9,0x1673888242bad06cc87a7bcaff392cb27218b3e3,0x41545f8b9472d758bb669ed8eaeeecd7a9c4ec29,0xe24b12be60a82502d43bd5ee248867fc0101560b,822493153796176242405,Forta,FORT,18,3,307341,45073672559,205742,722648,deprecated,0x5ae401dc,"multicall(uint256 deadline, bytes[] data)",10093093
14968434,1655309995,0xb11acd7fd6f87cd16b5e09dd1a6518fad6f26673705355dca1ace37d39ccd759,62330,0xe8f292047548045f6a2ee02311e4ef35b3d0b88500c0ef9ef8c72b1907059aa9,0x46c4128981525aa446e02ffb2ff762f1d6a49170,0x41545f8b9472d758bb669ed8eaeeecd7a9c4ec29,0x1673888242bad06cc87a7bcaff392cb27218b3e3,419506860943970230551,Forta,FORT,18,4,219853,252595024228,119849,842497,deprecated,0x66720600,,10093093
14968434,1655309995,0x704c320cdbe5d1750271d0d6e616c4a24e078955f74023b03decee2724141ed4,339,0xe8f292047548045f6a2ee02311e4ef35b3d0b88500c0ef9ef8c72b1907059aa9,0x988a7bc24a9d0fa49989fb9734bda30f55760ceb,0x41545f8b9472d758bb669ed8eaeeecd7a9c4ec29,0x2f1e4b9644a9ee9ec5a786d8aa8e900ad2085058,2000000000000000000000,Forta,FORT,18,12,131710,71857343660,113315,1763086,deprecated,0xae0b51df,"claim(uint256 index, uint256 amount, bytes32[] merkleProof)",10093093
14968434,1655309995,0x3a4bafb4952c3534353698e50d6bddaadd3e875a6b998accaab40621eb523e55,51,0xe8f292047548045f6a2ee02311e4ef35b3d0b88500c0ef9ef8c72b1907059aa9,0x988a7bc24a9d0fa49989fb9734bda30f55760ceb,0x41545f8b9472d758bb669ed8eaeeecd7a9c4ec29,0x8f35e0e0d1c92480f7120e23be5d215be8c9577b,2000000000000000000000,Forta,FORT,18,22,129860,80516067753,111716,2766606,deprecated,0xae0b51df,"claim(uint256 index, uint256 amount, bytes32[] merkleProof)",10093093
14968434,1655309995,0x67b56f58164af0fb2ab7296a19b760282fbcf75525c8edfb271db0bfae014010,398,0xe8f292047548045f6a2ee02311e4ef35b3d0b88500c0ef9ef8c72b1907059aa9,0x988a7bc24a9d0fa49989fb9734bda30f55760ceb,0x41545f8b9472d758bb669ed8eaeeecd7a9c4ec29,0x2ef2284a784c1fa06f95919fab978e87da18bc66,2000000000000000000000,Forta,FORT,18,34,131674,71857343660,113285,3304934,deprecated,0xae0b51df,"claim(uint256 index, uint256 amount, bytes32[] merkleProof)",10093093
14968436,1655310032,0xe6499a7541e40b702169c40121e805f423a0d79352b6597587dd50e73730a23d,143,0xe33ca5251976def60af38d9e0fe0d58b2c398c0c6e7f34fd57cf5694198b928f,0x988a7bc24a9d0fa49989fb9734bda30f55760ceb,0x41545f8b9472d758bb669ed8eaeeecd7a9c4ec29,0x6092d838dcda30c3a2ef2f81616018c99b0c37a4,2000000000000000000000,Forta,FORT,18,5,131751,71857343660,113351,333429,deprecated,0xae0b51df,"claim(uint256 index, uint256 amount, bytes32[] merkleProof)",10093091
14968439,1655310059,0xfdd14f4c3eea8d58320ef0ae7325bb8a14b9dd42000d14f50e9434366101cc22,0,0xabe6cb5b7f479c9d8b3823f30832d6b871ec86d84ae2ffd0f1f84a0eb6673813,0x988a7bc24a9d0fa49989fb9734bda30f55760ceb,0x41545f8b9472d758bb669ed8eaeeecd7a9c4ec29,0xb733eabfda59064d5ab6fafbc66f074ea99464f3,3000000000000000000000,Forta,FORT,18,38,131667,67216574912,113279,2347906,deprecated,0xae0b51df,"claim(uint256 index, uint256 amount, bytes32[] merkleProof)",10093088
14968439,1655310059,0xde4d82d007c8e46f23506c01110a961754f1020d5d468cd655b2bbdc9d82d850,494,0xabe6cb5b7f479c9d8b3823f30832d6b871ec86d84ae2ffd0f1f84a0eb6673813,0x988a7bc24a9d0fa49989fb9734bda30f55760ceb,0x41545f8b9472d758bb669ed8eaeeecd7a9c4ec29,0x8822645150ae7e252c404381e07bc9c44552e9f5,2000000000000000000000,Forta,FORT,18,39,131684,67216574912,113293,2461199,deprecated,0xae0b51df,"claim(uint256 index, uint256 amount, bytes32[] merkleProof)",10093088
14968439,1655310059,0xb51f55ee4b3bc4de60e0979baf9de3a71049ab54462c33234da42b2308f8e641,7,0xabe6cb5b7f479c9d8b3823f30832d6b871ec86d84ae2ffd0f1f84a0eb6673813,0x988a7bc24a9d0fa49989fb9734bda30f55760ceb,0x41545f8b9472d758bb669ed8eaeeecd7a9c4ec29,0xf7337f95a2d5202e5dc783e1224b74a510b5dfa4,2000000000000000000000,Forta,FORT,18,61,131674,59002003049,113285,3177217,deprecated,0xae0b51df,"claim(uint256 index, uint256 amount, bytes32[] merkleProof)",10093088
14968439,1655310059,0x2dc0840922f9e2828b08f500eb1ec602e70dc8a420badfcc15ce7df353dd3a5b,4,0xabe6cb5b7f479c9d8b3823f30832d6b871ec86d84ae2ffd0f1f84a0eb6673813,0x988a7bc24a9d0fa49989fb9734bda30f55760ceb,0x41545f8b9472d758bb669ed8eaeeecd7a9c4ec29,0x62bc5a67efc9778a85c86ae5caf218f6ca76b519,2000000000000000000000,Forta,FORT,18,62,129897,59002003049,111748,3288965,deprecated,0xae0b51df,"claim(uint256 index, uint256 amount, bytes32[] merkleProof)",10093088
14968439,1655310059,0x304c9eb732231575945bb9c95886b0096e2e20cce1292e4a3a5b37eaaad4e422,0,0xabe6cb5b7f479c9d8b3823f30832d6b871ec86d84ae2ffd0f1f84a0eb6673813,0x988a7bc24a9d0fa49989fb9734bda30f55760ceb,0x41545f8b9472d758bb669ed8eaeeecd7a9c4ec29,0x29415f25c4d4e4715d5d4c13c605537885887341,2000000000000000000000,Forta,FORT,18,63,131726,59002003049,113329,3402294,deprecated,0xae0b51df,"claim(uint256 index, uint256 amount, bytes32[] merkleProof)",10093088
14968440,1655310094,0xc7f1e38db9376bcd638e7bd89631dd3d6c32d11ebec6c4ba5eb071fcb5444cf3,1186,0x3d099ae7ed3fac8b8be762be7c1eea70a9b5bde3e7d0ea95b73296300aa180db,0x988a7bc24a9d0fa49989fb9734bda30f55760ceb,0x41545f8b9472d758bb669ed8eaeeecd7a9c4ec29,0x5241aa99a776866296d1d695c02bb2e31b3ff998,2000000000000000000000,Forta,FORT,18,10,131651,59002003049,113265,616409,deprecated,0xae0b51df,"claim(uint256 index, uint256 amount, bytes32[] merkleProof)",10093087
14968440,1655310094,0xb26bbe2370804f113a83840b505cf63a548bee649ced0c539cde391c28281fd5,4,0x3d099ae7ed3fac8b8be762be7c1eea70a9b5bde3e7d0ea95b73296300aa180db,0xfd2ae44009605d43b3fecdbcc311ab60104b0e66,0x41545f8b9472d758bb669ed8eaeeecd7a9c4ec29,0xa0286326581c3212044cd361ef706eac15caea00,1000000000000000000000,Forta,FORT,18,90,69489,47094310277,41258,6568073,deprecated,0xa9059cbb,"transfer(address _to, uint256 _value)",10093087
14968440,1655310094,0xbc3d697781272d518f9782e7b6593b9bdc009faa81a2e2403397060592a8e9d8,1,0x3d099ae7ed3fac8b8be762be7c1eea70a9b5bde3e7d0ea95b73296300aa180db,0x44564539dff085843f15d8b7466d5cdcd4939388,0x41545f8b9472d758bb669ed8eaeeecd7a9c4ec29,0xe6556b684a2eb3308e9c973bf2400530c43a4968,1000000000000000000,Forta,FORT,18,134,95547,47094310277,63158,12109238,deprecated,0xa9059cbb,"transfer(address _to, uint256 _value)",10093087
14968441,1655310099,0xa4372822c814da5036723b423f6d2dc4b51bce52cf27c5687e85a3630d9dbf0f,0,0x5c8ad1824ff20e54fc9a31a66b1d5bac1026568716ac7d018ef8cf5a5f0b6c1f,0x988a7bc24a9d0fa49989fb9734bda30f55760ceb,0x41545f8b9472d758bb669ed8eaeeecd7a9c4ec29,0x33b848530029929365a4e1a956a9b962e6bc47ce,2000000000000000000000,Forta,FORT,18,18,131726,59002003049,113329,1834846,deprecated,0xae0b51df,"claim(uint256 index, uint256 amount, bytes32[] merkleProof)",10093086
14968443,1655310126,0xe310a433b8eaadacd495715f99101a6ed94236150d07699ef9a5b22a8aaa7efe,22,0xc3eddfd0c4806d217b745fee5bdcec93fcd51c664994b4fa45b64db01ab86b79,0x988a7bc24a9d0fa49989fb9734bda30f55760ceb,0x41545f8b9472d758bb669ed8eaeeecd7a9c4ec29,0xa75cdeb01f9cac60ccc07f2b7db3942a1b4c9903,2000000000000000000000,Forta,FORT,18,39,131632,83333301780,113249,2737113,deprecated,0xae0b51df,"claim(uint256 index, uint256 amount, bytes32[] merkleProof)",10093084
14968443,1655310126,0x38733db212798cc26fdbfa364e37ee6889586223d3cb2b07a3ba2f2618c946d4,7,0xc3eddfd0c4806d217b745fee5bdcec93fcd51c664994b4fa45b64db01ab86b79,0x988a7bc24a9d0fa49989fb9734bda30f55760ceb,0x41545f8b9472d758bb669ed8eaeeecd7a9c4ec29,0x529a30434e5ba167623e7adbe82e158680bdd997,2000000000000000000000,Forta,FORT,18,44,131700,78439295210,113307,2998564,deprecated,0xae0b51df,"claim(uint256 index, uint256 amount, bytes32[] merkleProof)",10093084
14968443,1655310126,0x76341d25f409a80b62d257152b4b09f8458e64e9c0b33e32b0882c9cfc23bde4,820,0xc3eddfd0c4806d217b745fee5bdcec93fcd51c664994b4fa45b64db01ab86b79,0x1673888242bad06cc87a7bcaff392cb27218b3e3,0x41545f8b9472d758bb669ed8eaeeecd7a9c4ec29,0x22f9dcf4647084d6c31b2765f6910cd85c178c18,1354965284971723356114,Forta,FORT,18,138,558833,58523459051,421169,10569351,deprecated,0x415565b0,0x415565b0(),10093084
14968443,1655310126,0x76341d25f409a80b62d257152b4b09f8458e64e9c0b33e32b0882c9cfc23bde4,820,0xc3eddfd0c4806d217b745fee5bdcec93fcd51c664994b4fa45b64db01ab86b79,0x22f9dcf4647084d6c31b2765f6910cd85c178c18,0x41545f8b9472d758bb669ed8eaeeecd7a9c4ec29,0x81b15c11fd0c736399485307faecd13bdd58185d,1354965284971723356114,Forta,FORT,18,138,558833,58523459051,421169,10569351,deprecated,0x415565b0,0x415565b0(),10093084
14968443,1655310126,0x19013cc1ab850804e133a7b611077c4b179927a27f95bf2b64281997eac59600,1,0xc3eddfd0c4806d217b745fee5bdcec93fcd51c664994b4fa45b64db01ab86b79,0x29415f25c4d4e4715d5d4c13c605537885887341,0x41545f8b9472d758bb669ed8eaeeecd7a9c4ec29,0x3686cce964e8b7cc0761c83f6c799b606cf4969c,2000000000000000000000,Forta,FORT,18,246,69507,58023459051,41270,20432021,deprecated,0xa9059cbb,"transfer(address _to, uint256 _value)",10093084
14968444,1655310154,0x7fa8ad2ac345f3bf853580713a243c7614737b0f9f6f5fbb10f7537b77f7d47b,366,0x7e5e277e1f6f99636ecd84a8ee27ff55cfd1a7127a22215f3f5082307ca772dd,0x0161d1cc10116bb2a073a0c293d5e4f1a97a00b6,0x41545f8b9472d758bb669ed8eaeeecd7a9c4ec29,0x1673888242bad06cc87a7bcaff392cb27218b3e3,1000000000000000000000,Forta,FORT,18,130,327122,64868481972,231433,10129021,deprecated,0x5ae401dc,"multicall(uint256 deadline, bytes[] data)",10093083
14968445,1655310166,0x2202abba7e591ed8bb0a6661d49a0bc027296d9ef1722fcb4dffad2d4211e320,0,0x79747eee40caca2d9d53daa945732d27d34660d56083aee0c55dd43549778782,0x988a7bc24a9d0fa49989fb9734bda30f55760ceb,0x41545f8b9472d758bb669ed8eaeeecd7a9c4ec29,0x987db9d38d60cc3be2e8912e4c23be0eef4fa9e4,3000000000000000000000,Forta,FORT,18,9,131721,96552722958,113325,1254915,deprecated,0xae0b51df,"claim(uint256 index, uint256 amount, bytes32[] merkleProof)",10093082
14968445,1655310166,0xf52a4ca79da13613e9e682431817da5f40e2df303b2788c9459eedda4d1ae6ae,0,0x79747eee40caca2d9d53daa945732d27d34660d56083aee0c55dd43549778782,0x988a7bc24a9d0fa49989fb9734bda30f55760ceb,0x41545f8b9472d758bb669ed8eaeeecd7a9c4ec29,0xdc8525f6eae752c6ab1ccddbd09aa522aa37e64c,2000000000000000000000,Forta,FORT,18,15,131688,86285188577,113297,1628575,deprecated,0xae0b51df,"claim(uint256 index, uint256 amount, bytes32[] merkleProof)",10093082
14968447,1655310187,0xbf3d1c7e1be4ef400ec8ef921c4a73eff125814f29be0c01a12cdd0b3ef5b58a,5,0x0be453678e9f3a7eb5480a4517bef616b08734bf9110287292dd5f6c65bd3d92,0x1673888242bad06cc87a7bcaff392cb27218b3e3,0x41545f8b9472d758bb669ed8eaeeecd7a9c4ec29,0x40c25ad3b62e9ad5a11df6ed978c432c5ddb3a31,317364738249971223264,Forta,FORT,18,116,328526,59837640204,226720,8789156,deprecated,0x5ae401dc,"multicall(uint256 deadline, bytes[] data)",10093080
14968448,1655310198,0x39f38a12a49248ed1d8b3f8efa8d442ee174be4914ecfed132d27071d422861f,7,0xc1ca8ca26d3f31c5a474af81cffceb684ddb1b9d4fa9035bc4a7f4f470149665,0x988a7bc24a9d0fa49989fb9734bda30f55760ceb,0x41545f8b9472d758bb669ed8eaeeecd7a9c4ec29,0xe8f3b134a23cc234fd89b0dc179c179d94184296,3000000000000000000000,Forta,FORT,18,17,131639,88256460306,113255,768020,deprecated,0xae0b51df,"claim(uint256 index, uint256 amount, bytes32[] merkleProof)",10093079
14968449,1655310217,0x86374ff01b533318b1309c584fb3275da3135d27d98b6e66d732ac4b6d2a1809,0,0x723a7f677d5ad7f1628374536c1738e2c6c94bd9c9e75073cb470c892abaa920,0x988a7bc24a9d0fa49989fb9734bda30f55760ceb,0x41545f8b9472d758bb669ed8eaeeecd7a9c4ec29,0x78dbcd193b9bf8a06e86bffe38c901c1fe91dd71,2000000000000000000000,Forta,FORT,18,30,131676,88314001326,113287,1943913,deprecated,0xae0b51df,"claim(uint256 index, uint256 amount, bytes32[] merkleProof)",10093078
14968449,1655310217,0x83e206443ee12f184373442a8f5d987aaac6f8de7fbf508def8c27610d76cada,422,0x723a7f677d5ad7f1628374536c1738e2c6c94bd9c9e75073cb470c892abaa920,0x988a7bc24a9d0fa49989fb9734bda30f55760ceb,0x41545f8b9472d758bb669ed8eaeeecd7a9c4ec29,0x20874a5975d5dd69a9e88a1b7e2fe8d666e8005a,1000000000000000000000,Forta,FORT,18,31,151652,88314001326,130385,2074298,deprecated,0xae0b51df,"claim(uint256 index, uint256 amount, bytes32[] merkleProof)",10093078
14968449,1655310217,0x0fa41618e2714627c6e39f1b5eeef7a267eb499cf319320d0e4d617dbaf97e42,0,0x723a7f677d5ad7f1628374536c1738e2c6c94bd9c9e75073cb470c892abaa920,0x988a7bc24a9d0fa49989fb9734bda30f55760ceb,0x41545f8b9472d758bb669ed8eaeeecd7a9c4ec29,0x44e702f1e0021ded27632f0ee5a871ef5e6f7537,2000000000000000000000,Forta,FORT,18,33,131649,88314001326,113263,2239261,deprecated,0xae0b51df,"claim(uint256 index, uint256 amount, bytes32[] merkleProof)",10093078
14968449,1655310217,0x389c58a2ee93fca561b9578f41e460e047b36aab5ea44e1e9cd3b5b2adbe315b,54,0x723a7f677d5ad7f1628374536c1738e2c6c94bd9c9e75073cb470c892abaa920,0x988a7bc24a9d0fa49989fb9734bda30f55760ceb,0x41545f8b9472d758bb669ed8eaeeecd7a9c4ec29,0x7ae205d877efa46dae1b6905a92fbbb439f9d805,2000000000000000000000,Forta,FORT,18,34,131676,88314001326,113287,2352548,deprecated,0xae0b51df,"claim(uint256 index, uint256 amount, bytes32[] merkleProof)",10093078
14968449,1655310217,0x0bbb8069c4fd769480c4e53672d458ad86b3cc470a8d3a0f1e57609b29657c68,16,0x723a7f677d5ad7f1628374536c1738e2c6c94bd9c9e75073cb470c892abaa920,0x1673888242bad06cc87a7bcaff392cb27218b3e3,0x41545f8b9472d758bb669ed8eaeeecd7a9c4ec29,0x22f9dcf4647084d6c31b2765f6910cd85c178c18,689147061504933788533,Forta,FORT,18,246,593637,65817074379,446979,17476899,deprecated,0x415565b0,0x415565b0(),10093078
14968449,1655310217,0x0bbb8069c4fd769480c4e53672d458ad86b3cc470a8d3a0f1e57609b29657c68,16,0x723a7f677d5ad7f1628374536c1738e2c6c94bd9c9e75073cb470c892abaa920,0x22f9dcf4647084d6c31b2765f6910cd85c178c18,0x41545f8b9472d758bb669ed8eaeeecd7a9c4ec29,0x4d7caacfdac729a4e2495e60dd6b3b1ac442b1e1,689147061504933788533,Forta,FORT,18,246,593637,65817074379,446979,17476899,deprecated,0x415565b0,0x415565b0(),10093078
14968451,1655310263,0xaec4bbec5dba149cc905996a3d15abbd126733135bb8652b78a86ca6a6a8ff03,144,0x1b2d12ff7a1d38821d0addb966a2d3185a27347b8cf7a6a46dfc2eaa3cc0c637,0x988a7bc24a9d0fa49989fb9734bda30f55760ceb,0x41545f8b9472d758bb669ed8eaeeecd7a9c4ec29,0x66a01f728fc1921c9cae7fd1615b201c682bb194,2000000000000000000000,Forta,FORT,18,56,131749,97225611569,113349,2144896,deprecated,0xae0b51df,"claim(uint256 index, uint256 amount, bytes32[] merkleProof)",10093076
14968451,1655310263,0x3a12d7352e4b2b6d6bc4ab055943fc535bf8668d4986c7fec091f770ab19956e,7,0x1b2d12ff7a1d38821d0addb966a2d3185a27347b8cf7a6a46dfc2eaa3cc0c637,0x988a7bc24a9d0fa49989fb9734bda30f55760ceb,0x41545f8b9472d758bb669ed8eaeeecd7a9c4ec29,0x27ea377e9019629d2f5ada8c5312a83cc100b3ae,3000000000000000000000,Forta,FORT,18,65,131688,88314001326,113297,2572327,deprecated,0xae0b51df,"claim(uint256 index, uint256 amount, bytes32[] merkleProof)",10093076
14968452,1655310273,0x068b984b498905758cace4596793d6c739676b1eb561b3aeb4e74fb2ff03348a,11,0x6687d0c6800ee02c8e509d12cbdbd5d109357af1600d2ec1421b77722b6b2360,0x988a7bc24a9d0fa49989fb9734bda30f55760ceb,0x41545f8b9472d758bb669ed8eaeeecd7a9c4ec29,0x99d6b2caabf5798803f3539ec9a386e9dbc907ec,2000000000000000000000,Forta,FORT,18,30,129848,97225611569,111706,3174448,deprecated,0xae0b51df,"claim(uint256 index, uint256 amount, bytes32[] merkleProof)",10093075
14968452,1655310273,0x004c5e8ce36401c63909b1fe39a2ff3f408a31f727472d9846f3b29f5de85ae7,7,0x6687d0c6800ee02c8e509d12cbdbd5d109357af1600d2ec1421b77722b6b2360,0x988a7bc24a9d0fa49989fb9734bda30f55760ceb,0x41545f8b9472d758bb669ed8eaeeecd7a9c4ec29,0x1418559ea8b2d5a29ce34a8c512c764f80a68d4a,2000000000000000000000,Forta,FORT,18,39,129806,88314001326,111670,3628728,deprecated,0xae0b51df,"claim(uint256 index, uint256 amount, bytes32[] merkleProof)",10093075
14968453,1655310308,0x9b66fe9c0b0de2127465ae9a333fec5faa86df2f1ac37665162472b199051d43,5,0xe86c95432208516549db4fcfbd5b88ea339a3e0b9a912f58d0fe4811fa26b29a,0x988a7bc24a9d0fa49989fb9734bda30f55760ceb,0x41545f8b9472d758bb669ed8eaeeecd7a9c4ec29,0xce4b720c407d3ffbe545006089d8e8fd55b13670,3000000000000000000000,Forta,FORT,18,18,131688,101307772391,113297,1364638,deprecated,0xae0b51df,"claim(uint256 index, uint256 amount, bytes32[] merkleProof)",10093074
14968453,1655310308,0xc83ee2bdf98ba64be9729da041a646cd01087ffce8f6adfa3457309063e96c58,0,0xe86c95432208516549db4fcfbd5b88ea339a3e0b9a912f58d0fe4811fa26b29a,0x988a7bc24a9d0fa49989fb9734bda30f55760ceb,0x41545f8b9472d758bb669ed8eaeeecd7a9c4ec29,0xa61b314b27a2dc06eeb8c7c80d866d07453522dd,3000000000000000000000,Forta,FORT,18,26,129819,97294931369,111680,1798192,deprecated,0xae0b51df,"claim(uint256 index, uint256 amount, bytes32[] merkleProof)",10093074
14968454,1655310336,0x8ecec7a9c81eda052d0880dc466250ddc5fa40c5609099fd28b01b5f73a2c7b6,3,0xa46fa47d993febd6e536af50fdafe6aa0da003ea2592831e01162c18d8d7aa3e,0x988a7bc24a9d0fa49989fb9734bda30f55760ceb,0x41545f8b9472d758bb669ed8eaeeecd7a9c4ec29,0x13b48d6b16f10883fe9246edc61d3be1b9cbbc78,2000000000000000000000,Forta,FORT,18,19,131712,97294931369,113317,867837,deprecated,0xae0b51df,"claim(uint256 index, uint256 amount, bytes32[] merkleProof)",10093073
14968454,1655310336,0x810abb6767fcee2300a688a0bbff6d4414019d4026cdc7591831bd186333b92e,6,0xa46fa47d993febd6e536af50fdafe6aa0da003ea2592831e01162c18d8d7aa3e,0x988a7bc24a9d0fa49989fb9734bda30f55760ceb,0x41545f8b9472d758bb669ed8eaeeecd7a9c4ec29,0x57056fac13334eb0a499c798aec945f4d4815f50,3000000000000000000000,Forta,FORT,18,20,131635,97294931369,113251,981088,deprecated,0xae0b51df,"claim(uint256 index, uint256 amount, bytes32[] merkleProof)",10093073
14968454,1655310336,0xda9a9fecbd6a0954562ae82bf661cbde8ae37edfeaff63c54307fe895fe4a753,1,0xa46fa47d993febd6e536af50fdafe6aa0da003ea2592831e01162c18d8d7aa3e,0xfcae835979dc7977bb0482e8c50fb0210b12c8f8,0x41545f8b9472d758bb669ed8eaeeecd7a9c4ec29,0x44564539dff085843f15d8b7466d5cdcd4939388,2000000000000000000000,Forta,FORT,18,155,69507,79276304642,41270,10021090,deprecated,0xa9059cbb,"transfer(address _to, uint256 _value)",10093073
14968454,1655310336,0xbe999d4c0b5155299f2b52279772f3c7df2d6cffd43fac437f1cb2d0b3809de6,8,0xa46fa47d993febd6e536af50fdafe6aa0da003ea2592831e01162c18d8d7aa3e,0xe8f3b134a23cc234fd89b0dc179c179d94184296,0x41545f8b9472d758bb669ed8eaeeecd7a9c4ec29,0x8822645150ae7e252c404381e07bc9c44552e9f5,3000000000000000000000,Forta,FORT,18,161,69507,79276304642,41270,10368938,deprecated,0xa9059cbb,"transfer(address _to, uint256 _value)",10093073
14968454,1655310336,0x2d79564260b626f4aa8b6f2aa8c6ee983159d5b7ded2a8cdbcd497ce7ef597cb,1,0xa46fa47d993febd6e536af50fdafe6aa0da003ea2592831e01162c18d8d7aa3e,0x52b0e465e7a1887bf6b035569f12d59a9d68a8a3,0x41545f8b9472d758bb669ed8eaeeecd7a9c4ec29,0x44564539dff085843f15d8b7466d5cdcd4939388,2000000000000000000000,Forta,FORT,18,166,69507,79276304642,41270,10813485,deprecated,0xa9059cbb,"transfer(address _to, uint256 _value)",10093073
14968454,1655310336,0xfef35507520fd6d187535bce94d69eab475a5d8e210009b8a42c182c359a3c96,8,0xa46fa47d993febd6e536af50fdafe6aa0da003ea2592831e01162c18d8d7aa3e,0xf7337f95a2d5202e5dc783e1224b74a510b5dfa4,0x41545f8b9472d758bb669ed8eaeeecd7a9c4ec29,0x045aa3b8068d1b2e436cb0fd2410d6d3b7c0775f,2000000000000000000000,Forta,FORT,18,198,95565,79276304642,58370,14530745,deprecated,0xa9059cbb,"transfer(address _to, uint256 _value)",10093073
14968456,1655310368,0x5a0538edfd9ccdf8b9726bfd9225ec87ad39961b2bf73ea1034e6d964ad389f4,13,0x8912587372578b46251bbbe527ef5ca5c3a03294208f6e32e84b53659e43ee25,0x988a7bc24a9d0fa49989fb9734bda30f55760ceb,0x41545f8b9472d758bb669ed8eaeeecd7a9c4ec29,0x050c372082e448fd5a20e142cf7fd74d1239c0d6,1000000000000000000000,Forta,FORT,18,4,131700,118164456963,113307,513944,deprecated,0xae0b51df,"claim(uint256 index, uint256 amount, bytes32[] merkleProof)",10093071
14968456,1655310368,0x66214ccb5b537e7ecfd5b33d5b25c5f445556d9d1a4caeebcc2a8b348e8c6824,0,0x8912587372578b46251bbbe527ef5ca5c3a03294208f6e32e84b53659e43ee25,0x988a7bc24a9d0fa49989fb9734bda30f55760ceb,0x41545f8b9472d758bb669ed8eaeeecd7a9c4ec29,0xa46849fda39c8373e92b30310bc74e51bdb4eb81,3000000000000000000000,Forta,FORT,18,6,131698,109255957245,113305,661915,deprecated,0xae0b51df,"claim(uint256 index, uint256 amount, bytes32[] merkleProof)",10093071
14968456,1655310368,0xcbdd010c36c77a7bf297cbe14ec4ae3b5d455afaf01987a406905b795c747cfd,6,0x8912587372578b46251bbbe527ef5ca5c3a03294208f6e32e84b53659e43ee25,0x1673888242bad06cc87a7bcaff392cb27218b3e3,0x41545f8b9472d758bb669ed8eaeeecd7a9c4ec29,0x40c25ad3b62e9ad5a11df6ed978c432c5ddb3a31,121851768695493266478,Forta,FORT,18,34,307315,74462311007,210574,2117976,deprecated,0x5ae401dc,"multicall(uint256 deadline, bytes[] data)",10093071
14968457,1655310371,0x29a57e3ce947c50e267d5092ea1ff8dfaf120257ec454b7d5401ff690aa52d8d,0,0xe8852fa4c781c8bb50f6ce926ad9cc7cf47b8a26c4b36744589b689042892394,0x988a7bc24a9d0fa49989fb9734bda30f55760ceb,0x41545f8b9472d758bb669ed8eaeeecd7a9c4ec29,0x4b19436f01203065390fd715a6f3de76b69563a2,2000000000000000000000,Forta,FORT,18,18,131733,118164456963,113335,1432071,deprecated,0xae0b51df,"claim(uint256 index, uint256 amount, bytes32[] merkleProof)",10093070
14968457,1655310371,0xe1a2dfde16f11d64c3d18045cef0c782acd3f8d7e8036db2f34659a5275093d4,550,0xe8852fa4c781c8bb50f6ce926ad9cc7cf47b8a26c4b36744589b689042892394,0x988a7bc24a9d0fa49989fb9734bda30f55760ceb,0x41545f8b9472d758bb669ed8eaeeecd7a9c4ec29,0x0b096d1f0ba7ef2b3c7ecb8d4a5848043cdebd50,21000000000000000000000,Forta,FORT,18,24,131690,110193466511,113299,1745127,deprecated,0xae0b51df,"claim(uint256 index, uint256 amount, bytes32[] merkleProof)",10093070
14968457,1655310371,0xf89a2b314dfb5ef7a72cfb7631cbb800cbca1e5e76f743161cae5fd0985d4982,145,0xe8852fa4c781c8bb50f6ce926ad9cc7cf47b8a26c4b36744589b689042892394,0x988a7bc24a9d0fa49989fb9734bda30f55760ceb,0x41545f8b9472d758bb669ed8eaeeecd7a9c4ec29,0xceebc6d157f0281757d0c97f8978cdf60b86dfb7,2000000000000000000000,Forta,FORT,18,319,131700,67025911154,113307,20471535,deprecated,0xae0b51df,"claim(uint256 index, uint256 amount, bytes32[] merkleProof)",10093070
14968457,1655310371,0x2aad69478896c0f19bcf7c80aae0f95647f5784b98fb9fcd60925784143ed598,367,0xe8852fa4c781c8bb50f6ce926ad9cc7cf47b8a26c4b36744589b689042892394,0x0161d1cc10116bb2a073a0c293d5e4f1a97a00b6,0x41545f8b9472d758bb669ed8eaeeecd7a9c4ec29,0x1673888242bad06cc87a7bcaff392cb27218b3e3,1000000000000000000000,Forta,FORT,18,415,322060,67025911154,226562,28745820,deprecated,0x5ae401dc,"multicall(uint256 deadline, bytes[] data)",10093070
14968458,1655310409,0x8609b2bfc29cdce2a9f8482c60b3293b48af8fed74aef5a9d9530e91159d429f,16,0x28db066823bb278188870017ffdad10948294d9d5d1e70e56b923dee458daae8,0x988a7bc24a9d0fa49989fb9734bda30f55760ceb,0x41545f8b9472d758bb669ed8eaeeecd7a9c4ec29,0x19ed32b30b8960df1bb7724d77bdc1954e0086da,2000000000000000000000,Forta,FORT,18,3,129805,110193466511,111668,252325,deprecated,0xae0b51df,"claim(uint256 index, uint256 amount, bytes32[] merkleProof)",10093069
14968458,1655310409,0xb303e82ec94336ae827fdcebe223a0a9a87b47559b065626a6912d296f791ea7,11,0x28db066823bb278188870017ffdad10948294d9d5d1e70e56b923dee458daae8,0x988a7bc24a9d0fa49989fb9734bda30f55760ceb,0x41545f8b9472d758bb669ed8eaeeecd7a9c4ec29,0x89fd97b1616b842b224688315dc81b1b9dbbbfd1,2000000000000000000000,Forta,FORT,18,8,131676,99788866731,113287,508775,deprecated,0xae0b51df,"claim(uint256 index, uint256 amount, bytes32[] merkleProof)",10093069
14968458,1655310409,0x45aa5ccce615d42967d2a3d27eabcf56763c8d74b3fb3db064dcd8d185bb5707,6,0x28db066823bb278188870017ffdad10948294d9d5d1e70e56b923dee458daae8,0xce4b720c407d3ffbe545006089d8e8fd55b13670,0x41545f8b9472d758bb669ed8eaeeecd7a9c4ec29,0x8822645150ae7e252c404381e07bc9c44552e9f5,3000000000000000000000,Forta,FORT,18,267,60849,75206242349,41270,12410489,deprecated,0xa9059cbb,"transfer(address _to, uint256 _value)",10093069
14968458,1655310409,0xd74684ce9c129a3bc32ad648d7ecdccc265d904d07b211c0750667d9861b57d4,44,0x28db066823bb278188870017ffdad10948294d9d5d1e70e56b923dee458daae8,0x7f732b548ca3e3c00c14817f5d6c2eb08fc50884,0x41545f8b9472d758bb669ed8eaeeecd7a9c4ec29,0xcdb2de3c7e3523f943904bdaab94e316853601ee,2000000000000000000000,Forta,FORT,18,303,69507,75206242349,41270,15409114,deprecated,0xa9059cbb,"transfer(address _to, uint256 _value)",10093069
14968459,1655310438,0xb3d9bc0d1a7ba113c790d3c950345ffda6979986297d26b3e15e506a7d98184d,1068,0xf511412873d87efb582b5cbd36d5e19d45b216865ba3f59a766f81eea9c41a85,0x1673888242bad06cc87a7bcaff392cb27218b3e3,0x41545f8b9472d758bb669ed8eaeeecd7a9c4ec29,0x5bf6681a73a33a076c5569a4e729f41ae20bd901,1200084804596741831403,Forta,FORT,18,18,235576,78599345596,176310,1320166,deprecated,0x5ae401dc,"multicall(uint256 deadline, bytes[] data)",10093068
14968461,1655310445,0xe18bd45c6fa9db2287ed03487d939c650484e66d1174070efcfac7adcd8bb4fe,11,0x7d2bf7e1f5dcff6cf6980fc0f2381caca136b912bfd8460b0a13d3e120ea7bda,0x988a7bc24a9d0fa49989fb9734bda30f55760ceb,0x41545f8b9472d758bb669ed8eaeeecd7a9c4ec29,0xf956f08fed42c82a54558a2cc11a38496b6f2185,2000000000000000000000,Forta,FORT,18,4,169504,110193466511,145583,330955,deprecated,0xdf948001,"externalClaim(tuple _claim,bytes _signature)",10093066
14968462,1655310448,0x67154a1486d0e71965a9376ae12e3247a613dcdfad96956e1df65d6e038c5956,30,0x7dae256d98ccaf21eab1de3d0b0cfc7a8fba2e4ea0f275e2961edc54b72e4e8f,0x988a7bc24a9d0fa49989fb9734bda30f55760ceb,0x41545f8b9472d758bb669ed8eaeeecd7a9c4ec29,0xbf6b707a6f1a0fed91d275fca440c0685ddd659b,3000000000000000000000,Forta,FORT,18,1,131674,112059363524,113285,253205,deprecated,0xae0b51df,"claim(uint256 index, uint256 amount, bytes32[] merkleProof)",10093065
14968463,1655310450,0xa82e5f84a15c3aa8019a6175db2d3acafc2139c4c6df21d9aca93bba5405c1d8,0,0x5664df9aae94882724b9b090b82afae5ffe816b803abbc0118b096cb512aaaed,0x988a7bc24a9d0fa49989fb9734bda30f55760ceb,0x41545f8b9472d758bb669ed8eaeeecd7a9c4ec29,0x22a379e7ade260fc50c92ea92d899afe6e119704,3000000000000000000000,Forta,FORT,18,7,131635,117074018394,113251,1078123,deprecated,0xae0b51df,"claim(uint256 index, uint256 amount, bytes32[] merkleProof)",10093064
14968463,1655310450,0xb696c026d5bba2ef5528da6657dd599029a94a5caaeb9ebc0187a133c40e6ce3,242,0x5664df9aae94882724b9b090b82afae5ffe816b803abbc0118b096cb512aaaed,0x988a7bc24a9d0fa49989fb9734bda30f55760ceb,0x41545f8b9472d758bb669ed8eaeeecd7a9c4ec29,0xc7f34f09416de766e03003e50dcf6f27e072ce73,10000000000000000000000,Forta,FORT,18,9,131700,112059363524,113307,1238710,deprecated,0xae0b51df,"claim(uint256 index, uint256 amount, bytes32[] merkleProof)",10093064
14968463,1655310450,0x16fb8b88bde9271dc4438f1d8b05e5df14a72ed8d25dd01d09f45d7e1d380198,0,0x5664df9aae94882724b9b090b82afae5ffe816b803abbc0118b096cb512aaaed,0x988a7bc24a9d0fa49989fb9734bda30f55760ceb,0x41545f8b9472d758bb669ed8eaeeecd7a9c4ec29,0x18e42619178e071e76dde3229f102b13175022a8,2000000000000000000000,Forta,FORT,18,13,131721,99788866731,113325,1498283,deprecated,0xae0b51df,"claim(uint256 index, uint256 amount, bytes32[] merkleProof)",10093064
14968464,1655310460,0x01469c42f1d87e458c59cf8d055ec3ef59fac64ce1cb16958677db5bca480a5e,0,0x1c5c308d119abbd6133dfea711ee5edbb97227550c557b08a619114fd4342fef,0x988a7bc24a9d0fa49989fb9734bda30f55760ceb,0x41545f8b9472d758bb669ed8eaeeecd7a9c4ec29,0xa7ad566fa01483338b5a6baeec529e61dc6374b1,2000000000000000000000,Forta,FORT,18,34,131676,89894841735,113287,3090593,deprecated,0xae0b51df,"claim(uint256 index, uint256 amount, bytes32[] merkleProof)",10093063
14968464,1655310460,0x0890b721ea2e8e9cc510253e85c83acb60bbadb400e98a1a93a10f81816491cb,0,0x1c5c308d119abbd6133dfea711ee5edbb97227550c557b08a619114fd4342fef,0x988a7bc24a9d0fa49989fb9734bda30f55760ceb,0x41545f8b9472d758bb669ed8eaeeecd7a9c4ec29,0x9706e445dab17a2169c6df526a36eb1b4d1992fb,2000000000000000000000,Forta,FORT,18,39,131688,88121240585,113297,3358902,deprecated,0xae0b51df,"claim(uint256 index, uint256 amount, bytes32[] merkleProof)",10093063
14968464,1655310460,0x452d06e5facd7ba5ee5c24acdf473ae2346b56f11597e90a0dc4806f852062e7,0,0x1c5c308d119abbd6133dfea711ee5edbb97227550c557b08a619114fd4342fef,0x988a7bc24a9d0fa49989fb9734bda30f55760ceb,0x41545f8b9472d758bb669ed8eaeeecd7a9c4ec29,0x80c88c2e77742ee0f165731b812752d7be81549d,2000000000000000000000,Forta,FORT,18,196,131728,58128093303,113331,13343340,deprecated,0xae0b51df,"claim(uint256 index, uint256 amount, bytes32[] merkleProof)",10093063
14968464,1655310460,0x6bf7de99337cd18f0eaaf05a3363ecfbbcbd796cc3873fe1e2e9a08cf4a61ea7,400,0x1c5c308d119abbd6133dfea711ee5edbb97227550c557b08a619114fd4342fef,0x2ef2284a784c1fa06f95919fab978e87da18bc66,0x41545f8b9472d758bb669ed8eaeeecd7a9c4ec29,0x1673888242bad06cc87a7bcaff392cb27218b3e3,1000000000000000000000,Forta,FORT,18,237,327100,58128093303,234181,21800796,deprecated,0x5ae401dc,"multicall(uint256 deadline, bytes[] data)",10093063
14968465,1655310480,0x445b9b4ca731fba728855abef68f1e81614f730cfcdc89c482c15afe333cb5fd,193,0xfc0dab039f2c9f90c01b039ccecddc2b9421cb3d91ddb950fde7befd25b64fb0,0x988a7bc24a9d0fa49989fb9734bda30f55760ceb,0x41545f8b9472d758bb669ed8eaeeecd7a9c4ec29,0x8d292bd248f8f756ff5aaabacda9d465bceae6c3,3000000000000000000000,Forta,FORT,18,33,131660,89894841735,113273,2552876,deprecated,0xae0b51df,"claim(uint256 index, uint256 amount, bytes32[] merkleProof)",10093062
14968465,1655310480,0x6807fc7aa0185f562abe40134f83a19f5be44f7e937142a85a0df91def6d4f24,0,0xfc0dab039f2c9f90c01b039ccecddc2b9421cb3d91ddb950fde7befd25b64fb0,0x988a7bc24a9d0fa49989fb9734bda30f55760ceb,0x41545f8b9472d758bb669ed8eaeeecd7a9c4ec29,0x368381c36033ceb2c2e718163dbb7e965111ac98,2000000000000000000000,Forta,FORT,18,34,131690,89894841735,113299,2666175,deprecated,0xae0b51df,"claim(uint256 index, uint256 amount, bytes32[] merkleProof)",10093062
14968465,1655310480,0x78ba7660c3eef300e10303a19f5fa6a4efb5de8c6a6b6f02d9d6406da15ff521,31,0xfc0dab039f2c9f90c01b039ccecddc2b9421cb3d91ddb950fde7befd25b64fb0,0xbf6b707a6f1a0fed91d275fca440c0685ddd659b,0x41545f8b9472d758bb669ed8eaeeecd7a9c4ec29,0x8822645150ae7e252c404381e07bc9c44552e9f5,3000000000000000000000,Forta,FORT,18,249,60849,62207780923,41270,22427041,deprecated,0xa9059cbb,"transfer(address _to, uint256 _value)",10093062
14968465,1655310480,0xc04348670b686e8f68bff27e4ebace3baa11c15464ac89f383bbfed321d011f2,4,0xfc0dab039f2c9f90c01b039ccecddc2b9421cb3d91ddb950fde7befd25b64fb0,0x13b48d6b16f10883fe9246edc61d3be1b9cbbc78,0x41545f8b9472d758bb669ed8eaeeecd7a9c4ec29,0x4aa0d19dd9f3bf115b5e73d611ffed8cafc81711,200000000000000000000,Forta,FORT,18,315,95565,61808780924,63170,27199931,deprecated,0xa9059cbb,"transfer(address _to, uint256 _value)",10093062
14968466,1655310505,0xd96975e7966864e6ee186c4bf059f9c269c25d1a48e7ad4150f58988f9d638a0,22,0x39865ca0ab40e3621f3140ebc4445de49a18968f61e324fe011331a73fd439d8,0x1673888242bad06cc87a7bcaff392cb27218b3e3,0x41545f8b9472d758bb669ed8eaeeecd7a9c4ec29,0x367edc2387e7eafbd96a2266f12ccf8e55f05372,132706747415539841499,Forta,FORT,18,71,387421,70286118870,236285,6600480,deprecated,0x5ae401dc,"multicall(uint256 deadline, bytes[] data)",10093061
14968466,1655310505,0x8f6195df1d9f096121f9bb376f9b9c7d11136c7ee4d5527b4e57eb48f5228164,79,0x39865ca0ab40e3621f3140ebc4445de49a18968f61e324fe011331a73fd439d8,0x14d2dd43c06335a5efdff3ccda9915ba160318d0,0x41545f8b9472d758bb669ed8eaeeecd7a9c4ec29,0xc47a529e30d07c4e6098bf42f54e1b8f21ec1ab7,4000000000000000000000,Forta,FORT,18,108,95565,69786118870,58370,8610577,deprecated,0xa9059cbb,"transfer(address _to, uint256 _value)",10093061
14968467,1655310517,0xc34f4411c218fcc14bc0f3474770c3c69e1a73c798c824afbc45267420220f7c,0,0xcfb5923d6c76c0088ff262bd05f41d5eeba41a7267f49140a4c90d98dc0ee0ba,0x988a7bc24a9d0fa49989fb9734bda30f55760ceb,0x41545f8b9472d758bb669ed8eaeeecd7a9c4ec29,0x97bb6a3764a3a84c1c17bf8d8da354e40bef7273,3000000000000000000000,Forta,FORT,18,28,131660,92561671385,113273,3644476,deprecated,0xae0b51df,"claim(uint256 index, uint256 amount, bytes32[] merkleProof)",10093060
14968467,1655310517,0x21f14569cddf672854d0234da51d4cf3baa7902ae8bcd5677f7d0b6d2b225af0,95,0xcfb5923d6c76c0088ff262bd05f41d5eeba41a7267f49140a4c90d98dc0ee0ba,0x988a7bc24a9d0fa49989fb9734bda30f55760ceb,0x41545f8b9472d758bb669ed8eaeeecd7a9c4ec29,0xc370d7c682634e540d8b8220729d63f5c398c0bc,2000000000000000000000,Forta,FORT,18,36,131737,86442139955,113339,3980142,deprecated,0xae0b51df,"claim(uint256 index, uint256 amount, bytes32[] merkleProof)",10093060
14968467,1655310517,0x3c1aa7444fa9be19efe18f77981c9d5778f35bcc2a678f298b0af6780c0a5fb5,1,0xcfb5923d6c76c0088ff262bd05f41d5eeba41a7267f49140a4c90d98dc0ee0ba,0x4b19436f01203065390fd715a6f3de76b69563a2,0x41545f8b9472d758bb669ed8eaeeecd7a9c4ec29,0x3686cce964e8b7cc0761c83f6c799b606cf4969c,2000000000000000000000,Forta,FORT,18,149,69507,69664989342,41270,10886020,deprecated,0xa9059cbb,"transfer(address _to, uint256 _value)",10093060
14968467,1655310517,0x4d6fed4f80251ab4228b3bc56311f90fd6571cd4e7cc96cb5edf7f0a8b322c92,1,0xcfb5923d6c76c0088ff262bd05f41d5eeba41a7267f49140a4c90d98dc0ee0ba,0xa7ad566fa01483338b5a6baeec529e61dc6374b1,0x41545f8b9472d758bb669ed8eaeeecd7a9c4ec29,0x44564539dff085843f15d8b7466d5cdcd4939388,2000000000000000000000,Forta,FORT,18,161,69507,69664989342,41270,12039342,deprecated,0xa9059cbb,"transfer(address _to, uint256 _value)",10093060
14968468,1655310540,0x4f2e9cdca926f04817aaaa7f60da1d3714a605c606e913c1f1807da6b3f3a740,0,0xe6e8f25130486e2139738cda46845e92e67567efdd5d80ebb57305f60314e368,0x988a7bc24a9d0fa49989fb9734bda30f55760ceb,0x41545f8b9472d758bb669ed8eaeeecd7a9c4ec29,0x00510b7d59fba6c18487cfad0856a5e3e2265b9f,2000000000000000000000,Forta,FORT,18,1,131710,103929178305,113315,150243,deprecated,0xae0b51df,"claim(uint256 index, uint256 amount, bytes32[] merkleProof)",10093059
14968469,1655310550,0x1bd7b67afa79a59a9977c6d5ea617f2d0493ac8da3d516953dc1ac10038fa5c1,0,0x53b592e33824d52d1ac89c313038deb35d59888351091309b4757ea144d78de1,0x988a7bc24a9d0fa49989fb9734bda30f55760ceb,0x41545f8b9472d758bb669ed8eaeeecd7a9c4ec29,0xf4616f2c8af9f6d2cbea84bb6fd15ebf8d72e2b1,2000000000000000000000,Forta,FORT,18,5,131676,103929178305,113287,291180,deprecated,0xae0b51df,"claim(uint256 index, uint256 amount, bytes32[] merkleProof)",10093058
14968469,1655310550,0x751a4c5febb25829472183094893af7e3d4b80bf46247d6402d2c27f8a235e4a,0,0x53b592e33824d52d1ac89c313038deb35d59888351091309b4757ea144d78de1,0x988a7bc24a9d0fa49989fb9734bda30f55760ceb,0x41545f8b9472d758bb669ed8eaeeecd7a9c4ec29,0xc9198c78c5795b46b8d70c8cf66e340021c81479,2000000000000000000000,Forta,FORT,18,6,129825,103929178305,111686,402866,deprecated,0xae0b51df,"claim(uint256 index, uint256 amount, bytes32[] merkleProof)",10093058
14968469,1655310550,0xb8dec3609e1bb87523f8f52580c7a10e9e52db2dd34d1c4fe80b03637eb69cf7,1,0x53b592e33824d52d1ac89c313038deb35d59888351091309b4757ea144d78de1,0xa46849fda39c8373e92b30310bc74e51bdb4eb81,0x41545f8b9472d758bb669ed8eaeeecd7a9c4ec29,0x276c8e5361932d400bbd0efa92b08ecabaab4cd7,3000000000000000000000,Forta,FORT,18,105,69507,66473881063,41270,11499212,deprecated,0xa9059cbb,"transfer(address _to, uint256 _value)",10093058
14968470,1655310575,0xc74b17fa45df068d2546c9d748099ed528f1c4def0e78e443ab57170db3b0c57,43,0x3df47b4c9cb9ac0aa3c3f7d5a99c0d1fb981ffcaf40936e37cf8486960179622,0x988a7bc24a9d0fa49989fb9734bda30f55760ceb,0x41545f8b9472d758bb669ed8eaeeecd7a9c4ec29,0xa541d70fa461f97abd107f1de0ac0dd26a378d32,2000000000000000000000,Forta,FORT,18,12,131649,103929178305,113263,842186,deprecated,0xae0b51df,"claim(uint256 index, uint256 amount, bytes32[] merkleProof)",10093057
14968470,1655310575,0x5e3515e24bf371b9366f33d33ea301547abe063107d3a35cd4e3361964d87c2a,2,0x3df47b4c9cb9ac0aa3c3f7d5a99c0d1fb981ffcaf40936e37cf8486960179622,0x6315ac7fffb095c091ed396a2a8471a5d7332e14,0x41545f8b9472d758bb669ed8eaeeecd7a9c4ec29,0x1673888242bad06cc87a7bcaff392cb27218b3e3,800000000000000000000,Forta,FORT,18,244,320306,66373703692,240950,15736786,deprecated,0x5ae401dc,"multicall(uint256 deadline, bytes[] data)",10093057
14968470,1655310575,0x635a60ba1fbd6eca466f30c97d7bd882b1e35210d41b5e0f30e8bce24e1d8ed3,1,0x3df47b4c9cb9ac0aa3c3f7d5a99c0d1fb981ffcaf40936e37cf8486960179622,0xe691eef8702ceb5f695a92003478b5ec2745f5cb,0x41545f8b9472d758bb669ed8eaeeecd7a9c4ec29,0x4c63ee054cdf8049f3204e17ea850ae6f887d66c,2000000000000000000000,Forta,FORT,18,258,95565,66373703692,58370,16727678,deprecated,0xa9059cbb,"transfer(address _to, uint256 _value)",10093057
14968470,1655310575,0xce49a34808cb9496e3a962f11cc04eb160d519a0ff70d86282b2c255b846937c,320,0x3df47b4c9cb9ac0aa3c3f7d5a99c0d1fb981ffcaf40936e37cf8486960179622,0x1673888242bad06cc87a7bcaff392cb27218b3e3,0x41545f8b9472d758bb669ed8eaeeecd7a9c4ec29,0xc8e77992c7e27cd76d6383d719284574a0710662,384286038475568104100,Forta,FORT,18,301,241570,65873703692,173382,19927026,deprecated,0x5ae401dc,"multicall(uint256 deadline, bytes[] data)",10093057
14968470,1655310575,0x027a984957554f95fe0536c33d27693b2a8ddfaf1b284bb67522f48564acce96,1,0x3df47b4c9cb9ac0aa3c3f7d5a99c0d1fb981ffcaf40936e37cf8486960179622,0x9706e445dab17a2169c6df526a36eb1b4d1992fb,0x41545f8b9472d758bb669ed8eaeeecd7a9c4ec29,0x44564539dff085843f15d8b7466d5cdcd4939388,2000000000000000000000,Forta,FORT,18,310,69507,65873703692,41270,20591997,deprecated,0xa9059cbb,"transfer(address _to, uint256 _value)",10093057
14968471,1655310599,0xbaf83d5f5fe378c74a27f465a42282090658035f485291155fa179bc6cda56da,0,0x63ab9eda70f7fac4356c1a6407dbace79266fa7e34a9d19cdfd06968325f3128,0x988a7bc24a9d0fa49989fb9734bda30f55760ceb,0x41545f8b9472d758bb669ed8eaeeecd7a9c4ec29,0x45f7d566cc938c3dd4fec6246d4e040a69f14899,3000000000000000000000,Forta,FORT,18,3,131723,110193466511,113327,226594,deprecated,0xae0b51df,"claim(uint256 index, uint256 amount, bytes32[] merkleProof)",10093056
14968471,1655310599,0x350990c30b5a70a5d6de30c67ee08485eda5bf80f61ff23f6df09f7d8076b747,291,0x63ab9eda70f7fac4356c1a6407dbace79266fa7e34a9d19cdfd06968325f3128,0x988a7bc24a9d0fa49989fb9734bda30f55760ceb,0x41545f8b9472d758bb669ed8eaeeecd7a9c4ec29,0x8eda47b1d76ae28e6ca44b48c1a882e8daace290,2000000000000000000000,Forta,FORT,18,10,131723,98960821595,113327,565058,deprecated,0xae0b51df,"claim(uint256 index, uint256 amount, bytes32[] merkleProof)",10093056
14968471,1655310599,0xcd7d74038f505abd9672df82c86d3275e47d2944448b601fbce74cb4b2ae7d1c,148,0x63ab9eda70f7fac4356c1a6407dbace79266fa7e34a9d19cdfd06968325f3128,0x988a7bc24a9d0fa49989fb9734bda30f55760ceb,0x41545f8b9472d758bb669ed8eaeeecd7a9c4ec29,0x5c7a433e4bf6300b6ca314ac58dd0ad656ebce5b,2000000000000000000000,Forta,FORT,18,12,131701,98060555538,113309,705970,deprecated,0xae0b51df,"claim(uint256 index, uint256 amount, bytes32[] merkleProof)",10093056
14968471,1655310599,0x02e65e7368b15e677b2330a137b5c2cc371c6cd30ebd2700c2e121a6a189e158,189,0x63ab9eda70f7fac4356c1a6407dbace79266fa7e34a9d19cdfd06968325f3128,0x26a74e056eb4e3607792dcd87070e468878d14e9,0x41545f8b9472d758bb669ed8eaeeecd7a9c4ec29,0x120a5b4b4e84c8b5d34d257477f6334c43842574,2000000000000000000000,Forta,FORT,18,80,95565,74416305856,58370,4738149,deprecated,0xa9059cbb,"transfer(address _to, uint256 _value)",10093056
14968471,1655310599,0x3b9342f163ee080366a4d55e634772d971acee4f151b9b94d9ef76d34c594ed4,0,0x63ab9eda70f7fac4356c1a6407dbace79266fa7e34a9d19cdfd06968325f3128,0xca0637f8a3106f3eef860ea9738ce6ed677f6fc1,0x41545f8b9472d758bb669ed8eaeeecd7a9c4ec29,0xb739d0895772dbb71a89a3754a160269068f0d45,2000000000000000000000,Forta,FORT,18,109,250000,74416305856,58370,5908489,deprecated,0xa9059cbb,"transfer(address _to, uint256 _value)",10093056
14968471,1655310599,0x84964ea1966551e4dbe38c940899282099e3bd65779ba31a56b66c11d24d3cb6,0,0x63ab9eda70f7fac4356c1a6407dbace79266fa7e34a9d19cdfd06968325f3128,0xbd58e8dcafb19f25429bd09a3245b0cd52db4725,0x41545f8b9472d758bb669ed8eaeeecd7a9c4ec29,0xb739d0895772dbb71a89a3754a160269068f0d45,1000504000000000000000000,Forta,FORT,18,114,250000,74416305856,41282,6202022,deprecated,0xa9059cbb,"transfer(address _to, uint256 _value)",10093056
14968471,1655310599,0x67d4b8a9a04acab0e4bd300cd7b6838c7c0eeac8275c5a9e9e8aeec0fd80eaba,1,0x63ab9eda70f7fac4356c1a6407dbace79266fa7e34a9d19cdfd06968325f3128,0x942b671a3e043821186c61e8b65c77e54f338ba6,0x41545f8b9472d758bb669ed8eaeeecd7a9c4ec29,0x0bf62640551b7abebfb890aa9a94659a0053cc52,2000000000000000000000,Forta,FORT,18,291,95547,73916305856,58358,17046720,deprecated,0xa9059cbb,"transfer(address _to, uint256 _value)",10093056
14968473,1655310628,0x03be9a23d974d5a319189632a5ca6e0c3dcfd3d451d4b3230bde2e58d2288bda,0,0xb5402d5f24c5c4e31d02b2876ab9f3ccfdadbfd5a9a32620792d9bc304b9656c,0x988a7bc24a9d0fa49989fb9734bda30f55760ceb,0x41545f8b9472d758bb669ed8eaeeecd7a9c4ec29,0xed731eb43f1b6c135d2c4e80bdc905589eb5ba03,2000000000000000000000,Forta,FORT,18,40,131714,98060555538,113319,3566255,deprecated,0xae0b51df,"claim(uint256 index, uint256 amount, bytes32[] merkleProof)",10093054
14968473,1655310628,0x7f4b878ddb5d24d206ba574c88eadc2ef325c265b033eb3ad283b890a5df1bc8,821,0xb5402d5f24c5c4e31d02b2876ab9f3ccfdadbfd5a9a32620792d9bc304b9656c,0x1673888242bad06cc87a7bcaff392cb27218b3e3,0x41545f8b9472d758bb669ed8eaeeecd7a9c4ec29,0x81b15c11fd0c736399485307faecd13bdd58185d,1224896732006831148676,Forta,FORT,18,143,449505,77397826332,401898,13308049,deprecated,0x0f3b31b2,"multiplexMultiHopSellTokenForToken(address[] tokens,tuple[] calls,uint256 sellAmount,uint256 minBuyAmount)",10093054
14968473,1655310628,0xc2792f5f703364207952fa64633fb5e399b214e30d6c7e3c5d32735664130987,1866,0xb5402d5f24c5c4e31d02b2876ab9f3ccfdadbfd5a9a32620792d9bc304b9656c,0xe24b12be60a82502d43bd5ee248867fc0101560b,0x41545f8b9472d758bb669ed8eaeeecd7a9c4ec29,0xa0e8a6deb9945ceaf369fcaf465d67f162cf5fac,62480000000000000000,Forta,FORT,18,248,95565,76897826332,63170,19138426,deprecated,0xa9059cbb,"transfer(address _to, uint256 _value)",10093054
14968476,1655310654,0x187dbfab60a8dbc2e43823d784a913413fdba5efbf0ccc35dac8003df5d2a8a7,6,0x8c0fed551189e7f5f3416b25c4b703e9579eda9b98188b92ffdffe4cf08c148e,0x988a7bc24a9d0fa49989fb9734bda30f55760ceb,0x41545f8b9472d758bb669ed8eaeeecd7a9c4ec29,0x4158c7c3e80be7c9ae2cbd81a67e5a560bb9cae4,2000000000000000000000,Forta,FORT,18,13,129825,123066730146,111686,2599937,deprecated,0xae0b51df,"claim(uint256 index, uint256 amount, bytes32[] merkleProof)",10093051
14968476,1655310654,0xf8e473772e63296a829c2e726c4603a03451880b9c6c02010d349e1b1bc948d3,7,0x8c0fed551189e7f5f3416b25c4b703e9579eda9b98188b92ffdffe4cf08c148e,0x988a7bc24a9d0fa49989fb9734bda30f55760ceb,0x41545f8b9472d758bb669ed8eaeeecd7a9c4ec29,0x835f8521bac9597e0ebd3b0ae9f757bdf12f7362,2000000000000000000000,Forta,FORT,18,27,129792,109312747637,111658,3289793,deprecated,0xae0b51df,"claim(uint256 index, uint256 amount, bytes32[] merkleProof)",10093051
14968476,1655310654,0xcb87153fa6ef206517ea0f69700cb16086f790ab8b6b2f2097dba91d64c5f5d2,47,0x8c0fed551189e7f5f3416b25c4b703e9579eda9b98188b92ffdffe4cf08c148e,0x988a7bc24a9d0fa49989fb9734bda30f55760ceb,0x41545f8b9472d758bb669ed8eaeeecd7a9c4ec29,0x2ddef5a127989f7060f72beb6bc19332d39bd61b,2000000000000000000000,Forta,FORT,18,64,149862,75000000000,128838,4937279,deprecated,0xae0b51df,"claim(uint256 index, uint256 amount, bytes32[] merkleProof)",10093051
14968476,1655310654,0xc1c7dec49279d13529e054fbefce6e90c4cf7c022f6d2aeaeb671b2af1346264,53,0x8c0fed551189e7f5f3416b25c4b703e9579eda9b98188b92ffdffe4cf08c148e,0xa0286326581c3212044cd361ef706eac15caea00,0x41545f8b9472d758bb669ed8eaeeecd7a9c4ec29,0x1673888242bad06cc87a7bcaff392cb27218b3e3,4999999999999999979515,Forta,FORT,18,261,508236,68753986913,420730,18637714,deprecated,0x88316456,mint(tuple params),10093051
14968476,1655310654,0xae3d3870a40c69730832a42b15026d3091d137e8f5fadd9807b6944b969601b4,225,0x8c0fed551189e7f5f3416b25c4b703e9579eda9b98188b92ffdffe4cf08c148e,0xfdc09c96e5b7ebe2f6c36e1bc0b6a6a8c6571c82,0x41545f8b9472d758bb669ed8eaeeecd7a9c4ec29,0x1673888242bad06cc87a7bcaff392cb27218b3e3,2000000000000000000000,Forta,FORT,18,288,175939,68753986913,137324,21560110,deprecated,0x5ae401dc,"multicall(uint256 deadline, bytes[] data)",10093051
14968479,1655310685,0xb0b91c0d11d36e60e63e437c9651bba95c6e66a7010e7d3c7f03f5883876cb00,0,0x01618277021c8c7f8e17e12f0e9f675c04236e760b1723240460f487737121e2,0x988a7bc24a9d0fa49989fb9734bda30f55760ceb,0x41545f8b9472d758bb669ed8eaeeecd7a9c4ec29,0x3e63b1d51e7663f9e129822cdb1737f5afb6a231,2000000000000000000000,Forta,FORT,18,11,129842,102380980370,111700,1455222,deprecated,0xae0b51df,"claim(uint256 index, uint256 amount, bytes32[] merkleProof)",10093048
14968479,1655310685,0xdaf300509baf585cb69cce1699047fb7980543d560dfbfc183146a105f3a23d7,2661,0x01618277021c8c7f8e17e12f0e9f675c04236e760b1723240460f487737121e2,0x988a7bc24a9d0fa49989fb9734bda30f55760ceb,0x41545f8b9472d758bb669ed8eaeeecd7a9c4ec29,0x25659eefd7cae21566a257420bbcb0c8317ef94f,2000000000000000000000,Forta,FORT,18,22,129799,97893608850,111664,2205971,deprecated,0xae0b51df,"claim(uint256 index, uint256 amount, bytes32[] merkleProof)",10093048
14968479,1655310685,0x754eec04830563f11bb6e08c12ffaa67f7d99605316b6ffaebe137b88387a666,822,0x01618277021c8c7f8e17e12f0e9f675c04236e760b1723240460f487737121e2,0x1673888242bad06cc87a7bcaff392cb27218b3e3,0x41545f8b9472d758bb669ed8eaeeecd7a9c4ec29,0x81b15c11fd0c736399485307faecd13bdd58185d,1468878690233946879602,Forta,FORT,18,228,444919,67437824608,375800,17388386,deprecated,0x0f3b31b2,"multiplexMultiHopSellTokenForToken(address[] tokens,tuple[] calls,uint256 sellAmount,uint256 minBuyAmount)",10093048
14968479,1655310685,0x8afe1b3dcab2c0dd3adc24333a8b84a0f778f7d3a6dd840bb319d00284beb440,1,0x01618277021c8c7f8e17e12f0e9f675c04236e760b1723240460f487737121e2,0xb733eabfda59064d5ab6fafbc66f074ea99464f3,0x41545f8b9472d758bb669ed8eaeeecd7a9c4ec29,0x275060f36f9685c7c05be10af9d3064f2d3eec2a,3000000000000000000000,Forta,FORT,18,324,95565,66937824608,58370,26394081,deprecated,0xa9059cbb,"transfer(address _to, uint256 _value)",10093048
14968480,1655310718,0x13d1fb68a58ec57f65f8381cf0e410f49f115c89bc458be045684363d0c2b08a,260,0xb135203d6df57a84c4fc94948c5833d720f3aec01107db7aa07801e5ad7c25a4,0x988a7bc24a9d0fa49989fb9734bda30f55760ceb,0x41545f8b9472d758bb669ed8eaeeecd7a9c4ec29,0xec30dbfc670eaee44d681a4dd6bbf92b99dd8409,1000000000000000000000,Forta,FORT,18,12,151725,97893608850,130449,2312265,deprecated,0xae0b51df,"claim(uint256 index, uint256 amount, bytes32[] merkleProof)",10093047
14968480,1655310718,0xcfc8d92810c1f5c7a27f2ba9b3a07ea4203bb6036c058e350f7038304831eb3d,279,0xb135203d6df57a84c4fc94948c5833d720f3aec01107db7aa07801e5ad7c25a4,0x988a7bc24a9d0fa49989fb9734bda30f55760ceb,0x41545f8b9472d758bb669ed8eaeeecd7a9c4ec29,0x718c0921aa01b75e40ed972f17152f4471d4a461,1000000000000000000000,Forta,FORT,18,24,129860,109312747637,111716,3818997,deprecated,0xae0b51df,"claim(uint256 index, uint256 amount, bytes32[] merkleProof)",10093047
14968480,1655310718,0xae4e76aa1f25c19d88c47b86b52936a74a8f501561213598ad5a56d7a7ff96e3,97,0xb135203d6df57a84c4fc94948c5833d720f3aec01107db7aa07801e5ad7c25a4,0xc370d7c682634e540d8b8220729d63f5c398c0bc,0x41545f8b9472d758bb669ed8eaeeecd7a9c4ec29,0x1673888242bad06cc87a7bcaff392cb27218b3e3,2000000000000000000000,Forta,FORT,18,223,321363,75607353653,225651,18334986,deprecated,0x5ae401dc,"multicall(uint256 deadline, bytes[] data)",10093047
14968480,1655310718,0x9248325460d5377ce7e4a2f0479f2cf0839cbaf5ae8e7976108ec6e2c8c197e2,1,0xb135203d6df57a84c4fc94948c5833d720f3aec01107db7aa07801e5ad7c25a4,0x80c88c2e77742ee0f165731b812752d7be81549d,0x41545f8b9472d758bb669ed8eaeeecd7a9c4ec29,0xceebc6d157f0281757d0c97f8978cdf60b86dfb7,2000000000000000000000,Forta,FORT,18,319,60849,75107353653,41270,28336519,deprecated,0xa9059cbb,"transfer(address _to, uint256 _value)",10093047
14968481,1655310753,0xeaa770e22ceb92b9080a8743305d6e86caa21206877f58c054a962cc2ab1c826,8,0xd685f9a16ddbf5372376b33e0021f8b6c34103355cdbe4c101fd4708e89c58c3,0x835f8521bac9597e0ebd3b0ae9f757bdf12f7362,0x41545f8b9472d758bb669ed8eaeeecd7a9c4ec29,0xd3f1a6c45b8f1889860db41baa0550ea635a6a76,2000000000000000000000,Forta,FORT,18,127,95565,84299086048,58370,14697077,deprecated,0xa9059cbb,"transfer(address _to, uint256 _value)",10093046
14968481,1655310753,0x71b761fc8ff039f2e771934861d72be0de2ac9dc6dc9a39252e3855f5fe327b2,1,0xd685f9a16ddbf5372376b33e0021f8b6c34103355cdbe4c101fd4708e89c58c3,0x3e63b1d51e7663f9e129822cdb1737f5afb6a231,0x41545f8b9472d758bb669ed8eaeeecd7a9c4ec29,0x3686cce964e8b7cc0761c83f6c799b606cf4969c,2000000000000000000000,Forta,FORT,18,128,69507,84299086048,41270,14738347,deprecated,0xa9059cbb,"transfer(address _to, uint256 _value)",10093046
14968482,1655310769,0x5dfd306eaae711a625958afc5a630f7f0f1221159f177bde673cab559e8e968d,3,0x01e23bab0f5b49e60814de100856f102fc1e1e03bb8efd4fdc77432e225c8529,0x988a7bc24a9d0fa49989fb9734bda30f55760ceb,0x41545f8b9472d758bb669ed8eaeeecd7a9c4ec29,0x5cf80fb4779b062db2eee39f343ccedbb5983c5d,2000000000000000000000,Forta,FORT,18,42,131662,91000000000,113275,4240270,deprecated,0xae0b51df,"claim(uint256 index, uint256 amount, bytes32[] merkleProof)",10093045
14968483,1655310782,0x775adedd4b621471435ed642b93f63f3a947bfa681ac136235bd256b4de95a07,25,0xa8d7fec3ebe102e0304dbf32d83e76563539165595ec24294d7984bae3b597cb,0x1673888242bad06cc87a7bcaff392cb27218b3e3,0x41545f8b9472d758bb669ed8eaeeecd7a9c4ec29,0xa356867fdcea8e71aeaf87805808803806231fdc,1585415268906691073808,Forta,FORT,18,4,722329,85974894624,424611,1151818,deprecated,0x54bacd13,"externalSwap(address fromToken, address toToken, address approveTarget, address swapTarget, uint256 fromTokenAmount, uint256 minReturnAmount, bytes callDataConcat, bool isIncentive, uint256 deadLine)",10093044
14968483,1655310782,0x775adedd4b621471435ed642b93f63f3a947bfa681ac136235bd256b4de95a07,25,0xa8d7fec3ebe102e0304dbf32d83e76563539165595ec24294d7984bae3b597cb,0xa356867fdcea8e71aeaf87805808803806231fdc,0x41545f8b9472d758bb669ed8eaeeecd7a9c4ec29,0x367edc2387e7eafbd96a2266f12ccf8e55f05372,1585415268906691073808,Forta,FORT,18,4,722329,85974894624,424611,1151818,deprecated,0x54bacd13,"externalSwap(address fromToken, address toToken, address approveTarget, address swapTarget, uint256 fromTokenAmount, uint256 minReturnAmount, bytes callDataConcat, bool isIncentive, uint256 deadLine)",10093044
14968483,1655310782,0xa0de6ebc42709f7d9dda9cabfff34e94f4e737ab9ddb768147488bb4faaa5ec0,0,0xa8d7fec3ebe102e0304dbf32d83e76563539165595ec24294d7984bae3b597cb,0x988a7bc24a9d0fa49989fb9734bda30f55760ceb,0x41545f8b9472d758bb669ed8eaeeecd7a9c4ec29,0xcf8160995fee04eed002b00629e1d6fd7aa89102,3000000000000000000000,Forta,FORT,18,15,131710,135057883793,113315,1875235,deprecated,0xae0b51df,"claim(uint256 index, uint256 amount, bytes32[] merkleProof)",10093044
14968483,1655310782,0xec6218f4f112c5c663753067d54d5e5a770951e2966945ef96751b755efdf0c3,38,0xa8d7fec3ebe102e0304dbf32d83e76563539165595ec24294d7984bae3b597cb,0x988a7bc24a9d0fa49989fb9734bda30f55760ceb,0x41545f8b9472d758bb669ed8eaeeecd7a9c4ec29,0xa2fe76ebc8c4c49323fa37149bd7944067047a3e,3000000000000000000000,Forta,FORT,18,16,131726,135057883793,113329,1988564,deprecated,0xae0b51df,"claim(uint256 index, uint256 amount, bytes32[] merkleProof)",10093044
14968483,1655310782,0x11654116380ea05286b9c5bbed36073c0c4db77f80918eb0ae168cfb6d5ddcd8,0,0xa8d7fec3ebe102e0304dbf32d83e76563539165595ec24294d7984bae3b597cb,0x988a7bc24a9d0fa49989fb9734bda30f55760ceb,0x41545f8b9472d758bb669ed8eaeeecd7a9c4ec29,0x9de791a53b771dcbce8d7d169550e417f077e6e3,2000000000000000000000,Forta,FORT,18,33,131700,111911030480,113307,2582170,deprecated,0xae0b51df,"claim(uint256 index, uint256 amount, bytes32[] merkleProof)",10093044
14968484,1655310808,0x11c0ae3bfb42626395ffe2842b2cbecfae1ac747b0797c981b43c0ac512d7220,261,0x3f6fefa8e66208d1f24846bb2c0dfb57b5e32e7f77c75cd0b542e9420d833ee7,0xec30dbfc670eaee44d681a4dd6bbf92b99dd8409,0x41545f8b9472d758bb669ed8eaeeecd7a9c4ec29,0x3ea150cb1d594dc75070242b8b0245ba63aedd97,0,Forta,FORT,18,162,60849,90451606318,40386,12921467,deprecated,0xa9059cbb,"transfer(address _to, uint256 _value)",10093043
14968484,1655310808,0xacfdc471d2262a2a83244303d82602b0714816798247a087ef1f7b4ad8971adb,1205,0x3f6fefa8e66208d1f24846bb2c0dfb57b5e32e7f77c75cd0b542e9420d833ee7,0x1673888242bad06cc87a7bcaff392cb27218b3e3,0x41545f8b9472d758bb669ed8eaeeecd7a9c4ec29,0x53e262aa44d9fd193be60ab035c41f97ef4eea2a,143324870564868270856,Forta,FORT,18,193,331864,90000000000,227678,15877415,deprecated,0x5ae401dc,"multicall(uint256 deadline, bytes[] data)",10093043
14968484,1655310808,0x7d8ed54c13598a4e7f48a7645d9cc6dc239a9fd031a858bd8ad68d9cfb98d547,21,0x3f6fefa8e66208d1f24846bb2c0dfb57b5e32e7f77c75cd0b542e9420d833ee7,0xa658f3689388556b6cfa5fb99969a568e452a352,0x41545f8b9472d758bb669ed8eaeeecd7a9c4ec29,0x1673888242bad06cc87a7bcaff392cb27218b3e3,2000000000000000000000,Forta,FORT,18,200,171123,89951606318,133432,16579922,deprecated,0x5ae401dc,"multicall(uint256 deadline, bytes[] data)",10093043
14968487,1655310839,0x29480b84417a0dbf28fa5edbe41bd0ca854b3b2fa04e94cfe276f7079afce13b,215,0xe3913713101527765b79184119660ad7adc46c6bdada024eadf7f0ff42089484,0x988a7bc24a9d0fa49989fb9734bda30f55760ceb,0x41545f8b9472d758bb669ed8eaeeecd7a9c4ec29,0x58e02a7aa5fcf710358bcf26d93d80dae782c6fa,2000000000000000000000,Forta,FORT,18,24,131721,84000000000,113325,2734946,deprecated,0xae0b51df,"claim(uint256 index, uint256 amount, bytes32[] merkleProof)",10093040
14968487,1655310839,0xdaf906e50bb6fa457134b3bd88495d9ddc1c39f7e6b37a52ad6ab8836782a7dd,280,0xe3913713101527765b79184119660ad7adc46c6bdada024eadf7f0ff42089484,0x718c0921aa01b75e40ed972f17152f4471d4a461,0x41545f8b9472d758bb669ed8eaeeecd7a9c4ec29,0x8993801b6afc20cfeb9d2c0a354e154cd1d79d80,1000000000000000000000,Forta,FORT,18,63,95565,74906018039,58370,6306006,deprecated,0xa9059cbb,"transfer(address _to, uint256 _value)",10093040
14968488,1655310842,0xce74e3606dac151de0e84a7e80fb2633d60762dda69ca27caabdb626e091f30f,48,0x89e7a25c06a04df201c37e6af9b1f2bf58c2f99105ff5d29d09aedb7b82eb661,0x2ddef5a127989f7060f72beb6bc19332d39bd61b,0x41545f8b9472d758bb669ed8eaeeecd7a9c4ec29,0x85332be5e648e37a6470e0e7cbf73df41852c7d6,2000000000000000000000,Forta,FORT,18,102,95565,90000000000,58370,3958172,deprecated,0xa9059cbb,"transfer(address _to, uint256 _value)",10093039
14968488,1655310842,0xba43b50baf0ab44183db857f7539d12f31889cf6a1cffdf4d7c7e9644649a6f5,3,0x89e7a25c06a04df201c37e6af9b1f2bf58c2f99105ff5d29d09aedb7b82eb661,0x988a7bc24a9d0fa49989fb9734bda30f55760ceb,0x41545f8b9472d758bb669ed8eaeeecd7a9c4ec29,0x372cb19f042b3a62e3a0538a522ce4ddada56d55,2000000000000000000000,Forta,FORT,18,109,129836,84000000000,111696,4705910,deprecated,0xae0b51df,"claim(uint256 index, uint256 amount, bytes32[] merkleProof)",10093039
14968488,1655310842,0x68b802cb02c2a2e202adfe02d2255fa478385438da573f67124bec0e3acb12b0,823,0x89e7a25c06a04df201c37e6af9b1f2bf58c2f99105ff5d29d09aedb7b82eb661,0x1673888242bad06cc87a7bcaff392cb27218b3e3,0x41545f8b9472d758bb669ed8eaeeecd7a9c4ec29,0x81b15c11fd0c736399485307faecd13bdd58185d,1724103659862678985382,Forta,FORT,18,244,399521,72033612998,351777,16141319,deprecated,0x0f3b31b2,"multiplexMultiHopSellTokenForToken(address[] tokens,tuple[] calls,uint256 sellAmount,uint256 minBuyAmount)",10093039
14968488,1655310842,0x4c4c2cbb449326657e153e632ec13d242a6d3b6842636d823282dd4e02a6a5f0,627,0x89e7a25c06a04df201c37e6af9b1f2bf58c2f99105ff5d29d09aedb7b82eb661,0x8358e0f54179ec00736411244489c60c0c14436b,0x41545f8b9472d758bb669ed8eaeeecd7a9c4ec29,0x60c743d7dd2d05d219eea662ba1459a83fbb185d,2000000000000000000000,Forta,FORT,18,333,70081,71533612998,58370,22271054,deprecated,0xa9059cbb,"transfer(address _to, uint256 _value)",10093039
14968489,1655310873,0xfe0bd0a1a45d32ae31e0f2b0850e88e47aa6e8e4699e79edf02933485bf037e2,4,0xb481ee5edffebb5e5bcc639aba4a2e9cd9edeaf6d79b9c6acda1e5cf8b33733c,0x5cf80fb4779b062db2eee39f343ccedbb5983c5d,0x41545f8b9472d758bb669ed8eaeeecd7a9c4ec29,0x91a7781356735a74aa69bde618b5872c18328754,2000000000000000000000,Forta,FORT,18,68,95565,78699202296,58370,5706413,deprecated,0xa9059cbb,"transfer(address _to, uint256 _value)",10093038
14968489,1655310873,0xfb67b7dceceec6d93bfeab9215e296b929740f600f43126ebfc15d7c5ef42f02,216,0xb481ee5edffebb5e5bcc639aba4a2e9cd9edeaf6d79b9c6acda1e5cf8b33733c,0x58e02a7aa5fcf710358bcf26d93d80dae782c6fa,0x41545f8b9472d758bb669ed8eaeeecd7a9c4ec29,0x3e634357d0ae613007ec0ce3a70b0bcfa80e0fba,2000000000000000000000,Forta,FORT,18,80,95565,78699202296,58370,6462999,deprecated,0xa9059cbb,"transfer(address _to, uint256 _value)",10093038
14968490,1655310885,0xd0cd2cb4f413040b958ac58b74435f4d43778d4a4707e4691e41f495a2f82050,118,0x7b717983aae90f95f35945466946a05b66dcbd104602e12a6ec9c6cb1390bd8c,0x988a7bc24a9d0fa49989fb9734bda30f55760ceb,0x41545f8b9472d758bb669ed8eaeeecd7a9c4ec29,0xda50beb6279f1b18e7fa5e061483d0dceb2af064,2000000000000000000000,Forta,FORT,18,8,129856,111609027059,111712,527387,deprecated,0xae0b51df,"claim(uint256 index, uint256 amount, bytes32[] merkleProof)",10093037
14968490,1655310885,0x130a693b8dea13df064fbd9d2e2ed9d039324ac3b02f2c1055ee5da792729835,63,0x7b717983aae90f95f35945466946a05b66dcbd104602e12a6ec9c6cb1390bd8c,0xdc14f891346f298e0187720cc744572d3db11ea2,0x41545f8b9472d758bb669ed8eaeeecd7a9c4ec29,0x60c743d7dd2d05d219eea662ba1459a83fbb185d,2000000000000000000000,Forta,FORT,18,62,50971,74267812856,41270,6065897,deprecated,0xa9059cbb,"transfer(address _to, uint256 _value)",10093037
14968491,1655310887,0x2e8c82f05f7d88f596a64b9a51e80e8d464b1fea6f14696b8bf751d9a9971d8e,458,0x572b4b11cec050be1d590a1211a975e6825d1e8be0839d35be93e461dab65be6,0x988a7bc24a9d0fa49989fb9734bda30f55760ceb,0x41545f8b9472d758bb669ed8eaeeecd7a9c4ec29,0xf5e0bdb055aeb55a450172533b78869660862234,1000000000000000000000,Forta,FORT,18,25,129860,106550419497,111716,2837984,deprecated,0xae0b51df,"claim(uint256 index, uint256 amount, bytes32[] merkleProof)",10093036
14968492,1655310897,0xe7a928800a27b41aff204c5e002fb73ee13f68ced073a35ed211b4c6e0355c8d,7,0xbbc0997e2941b1890661ef94c250b1263a8b2a77758aad2022070643397ddfbb,0x988a7bc24a9d0fa49989fb9734bda30f55760ceb,0x41545f8b9472d758bb669ed8eaeeecd7a9c4ec29,0x770ae9a0a5f2869d774b07177e10c6dd811e9809,2000000000000000000000,Forta,FORT,18,8,129869,111609027059,111724,1228502,deprecated,0xae0b51df,"claim(uint256 index, uint256 amount, bytes32[] merkleProof)",10093035
14968494,1655310900,0x33ddb327e787c6e3cf0de55bb39cbdf1ff7e80a8d50bda643a87ee00bde12084,398,0x69cc354371b543c6f4dbfb39593a87175028d75cc986d175d56e5592aeb66636,0x988a7bc24a9d0fa49989fb9734bda30f55760ceb,0x41545f8b9472d758bb669ed8eaeeecd7a9c4ec29,0xa5b7922f058b4675dce7acfdc6d43e9b8ec68de6,2000000000000000000000,Forta,FORT,18,5,131762,110651719284,113361,344442,deprecated,0xae0b51df,"claim(uint256 index, uint256 amount, bytes32[] merkleProof)",10093033
14968495,1655310901,0x8bce7af13a3871409b446dfeff27ce592407c4641e98b97eb519dd1e88686979,8,0x917f9260b8eb7c4667a72fca438167edcb4727a3010bf8cd79d7259220d4988a,0x988a7bc24a9d0fa49989fb9734bda30f55760ceb,0x41545f8b9472d758bb669ed8eaeeecd7a9c4ec29,0x524987dc402e16364a431fd185b99f434b5725d3,2000000000000000000000,Forta,FORT,18,96,131676,60000000000,113287,6780367,deprecated,0xae0b51df,"claim(uint256 index, uint256 amount, bytes32[] merkleProof)",10093032
14968495,1655310901,0x3fd56ff8d604f87cd5a39e8d97d45f1fcb359a2ada55058293acfe8011c085da,0,0x917f9260b8eb7c4667a72fca438167edcb4727a3010bf8cd79d7259220d4988a,0x988a7bc24a9d0fa49989fb9734bda30f55760ceb,0x41545f8b9472d758bb669ed8eaeeecd7a9c4ec29,0x1e8559b5e794528d0324a02a94d31f2e8d76b4ef,2000000000000000000000,Forta,FORT,18,295,129838,51873719742,111698,27910370,deprecated,0xae0b51df,"claim(uint256 index, uint256 amount, bytes32[] merkleProof)",10093032
14968498,1655310908,0xc8a91cd3c2b2082f4cb247d619e656b176b18f08715296e097aab86fc036d624,340,0x609edbe56284bc395dbe2e187667862725feacca9337caec3928d6df8e5b9d49,0x2f1e4b9644a9ee9ec5a786d8aa8e900ad2085058,0x41545f8b9472d758bb669ed8eaeeecd7a9c4ec29,0x868e582d094a81b5d124a2730f7eb4def766347d,2000000000000000000000,Forta,FORT,18,153,95565,44960670970,58370,13442344,deprecated,0xa9059cbb,"transfer(address _to, uint256 _value)",10093029
14968498,1655310908,0xa25ffce9429b33521c87843a55748c6881b555c5259f66558060de1aa9035222,0,0x609edbe56284bc395dbe2e187667862725feacca9337caec3928d6df8e5b9d49,0x988a7bc24a9d0fa49989fb9734bda30f55760ceb,0x41545f8b9472d758bb669ed8eaeeecd7a9c4ec29,0xe37bb41513d09e7fcc50b018275a28ce4958e78c,2000000000000000000000,Forta,FORT,18,194,129842,44460670970,111700,30019912,deprecated,0xae0b51df,"claim(uint256 index, uint256 amount, bytes32[] merkleProof)",10093029
14968499,1655310921,0xa27d9360315dbeb56a88b02bd81add7f706c1f901528a77986af5408380537ef,0,0x83e82ca4921ab7a9719214031a3465a54a0338e605190de274a661c70f4bc099,0x988a7bc24a9d0fa49989fb9734bda30f55760ceb,0x41545f8b9472d758bb669ed8eaeeecd7a9c4ec29,0x9741a29d68c9808a79553ed0cc637178c4ab2b1f,2000000000000000000000,Forta,FORT,18,74,131700,76004007377,113307,10066605,deprecated,0xae0b51df,"claim(uint256 index, uint256 amount, bytes32[] merkleProof)",10093028
14968499,1655310921,0xb594f34ebad0fd002abbe67ea0aa968df621f77d4b38b4d6bf684417ec73da4a,0,0x83e82ca4921ab7a9719214031a3465a54a0338e605190de274a661c70f4bc099,0x988a7bc24a9d0fa49989fb9734bda30f55760ceb,0x41545f8b9472d758bb669ed8eaeeecd7a9c4ec29,0x3437d08b923614cd0ff8c31dc08581be14737962,3000000000000000000000,Forta,FORT,18,104,129874,66691006455,111728,12176623,deprecated,0xae0b51df,"claim(uint256 index, uint256 amount, bytes32[] merkleProof)",10093028
14968499,1655310921,0xdd03552e7c49bdc49663a677587b9ba2699967e32358c25352a41e196eaa21a1,8,0x83e82ca4921ab7a9719214031a3465a54a0338e605190de274a661c70f4bc099,0x988a7bc24a9d0fa49989fb9734bda30f55760ceb,0x41545f8b9472d758bb669ed8eaeeecd7a9c4ec29,0x9058ca40fe32685d820b8d9f5d835d0ff54346bc,3000000000000000000000,Forta,FORT,18,105,129860,66691006455,111716,12288339,deprecated,0xae0b51df,"claim(uint256 index, uint256 amount, bytes32[] merkleProof)",10093028
14968499,1655310921,0x56983e0ad54b8a9a0b776aa525511b5435c5c3809fbbe569dc7d0672a032cdab,75,0x83e82ca4921ab7a9719214031a3465a54a0338e605190de274a661c70f4bc099,0x988a7bc24a9d0fa49989fb9734bda30f55760ceb,0x41545f8b9472d758bb669ed8eaeeecd7a9c4ec29,0x0528736e8c49d92ad78c448d4d6ca959ce7a6036,2000000000000000000000,Forta,FORT,18,106,131651,66691006455,113265,12401604,deprecated,0xae0b51df,"claim(uint256 index, uint256 amount, bytes32[] merkleProof)",10093028
14968499,1655310921,0x4c4863d8dc960deb5f28c0a290e073055bf4311280b3ad7f37f5a12aaa6883d7,0,0x83e82ca4921ab7a9719214031a3465a54a0338e605190de274a661c70f4bc099,0x988a7bc24a9d0fa49989fb9734bda30f55760ceb,0x41545f8b9472d758bb669ed8eaeeecd7a9c4ec29,0x009c5f1f3762b102316db53a49c15182a393d62a,2000000000000000000000,Forta,FORT,18,107,131700,66691006455,113307,12514911,deprecated,0xae0b51df,"claim(uint256 index, uint256 amount, bytes32[] merkleProof)",10093028
14968499,1655310921,0xedc3376562076588335ab2540c1e123a8835d9fa8e4e5a2f73193e03394b6680,261,0x83e82ca4921ab7a9719214031a3465a54a0338e605190de274a661c70f4bc099,0x988a7bc24a9d0fa49989fb9734bda30f55760ceb,0x41545f8b9472d758bb669ed8eaeeecd7a9c4ec29,0x79af750f319ba1ec6691cdc7fdcd03b012af6f61,1000000000000000000000,Forta,FORT,18,108,151652,66691006455,130385,12645296,deprecated,0xae0b51df,"claim(uint256 index, uint256 amount, bytes32[] merkleProof)",10093028
14968499,1655310921,0xc2c3e26c247efc87bb335d8545ade2eb95cebd12f0d172954e639965813032ac,5,0x83e82ca4921ab7a9719214031a3465a54a0338e605190de274a661c70f4bc099,0x13b48d6b16f10883fe9246edc61d3be1b9cbbc78,0x41545f8b9472d758bb669ed8eaeeecd7a9c4ec29,0x4aa0d19dd9f3bf115b5e73d611ffed8cafc81711,1800000000000000000000,Forta,FORT,18,235,69507,53152805164,41270,24262647,deprecated,0xa9059cbb,"transfer(address _to, uint256 _value)",10093028
14968500,1655310973,0x36344e6ae6067e9e62aadbeee2294247f988e666ab927647098abbc91ea1a0f1,0,0xa333c4775bc45d6f3bf37d5f569447d5cfe688d248270437e391d111499beaaa,0x988a7bc24a9d0fa49989fb9734bda30f55760ceb,0x41545f8b9472d758bb669ed8eaeeecd7a9c4ec29,0xebae5e792e9a60e47e2ffcc323854b77f3fe16c5,2000000000000000000000,Forta,FORT,18,62,131749,66691006455,113349,5166920,deprecated,0xae0b51df,"claim(uint256 index, uint256 amount, bytes32[] merkleProof)",10093027
14968500,1655310973,0x6f81ee8e3b010e2ac90b6ebc37b82c02d7ff5392861463ed4c7d49d3ea59852a,2,0xa333c4775bc45d6f3bf37d5f569447d5cfe688d248270437e391d111499beaaa,0x22a379e7ade260fc50c92ea92d899afe6e119704,0x41545f8b9472d758bb669ed8eaeeecd7a9c4ec29,0x2631a433adee9e3f3335af5cc873e46e014e47ad,3000000000000000000000,Forta,FORT,18,293,95565,57192478374,58370,28045093,deprecated,0xa9059cbb,"transfer(address _to, uint256 _value)",10093027
14968501,1655310999,0xf333c33d075bfd2f154fba75c0ad2c4489497fef1af97085d14ba4ec9e65ae29,4,0x940ec5bf20ed8c7a2d95eee0d28047c9630b068b74059f3f349b6f2c7673af9f,0x988a7bc24a9d0fa49989fb9734bda30f55760ceb,0x41545f8b9472d758bb669ed8eaeeecd7a9c4ec29,0x9bf8f33e79300b767a1ede35660ec6ca1064c1bd,1000000000000000000000,Forta,FORT,18,30,129860,83988717561,111716,4147356,deprecated,0xae0b51df,"claim(uint256 index, uint256 amount, bytes32[] merkleProof)",10093026
14968501,1655310999,0x4e49cce9b53d1e219803ec0335d1aee6515bf1ca9b0fb7717a176b30e9ec7a57,377,0x940ec5bf20ed8c7a2d95eee0d28047c9630b068b74059f3f349b6f2c7673af9f,0xacdd1b77d5dc617585b1e22ede4cbea816c0d847,0x41545f8b9472d758bb669ed8eaeeecd7a9c4ec29,0xa3e8ce225aa49fb829b69f25dbafd68da7a9b6c5,2000000000000000000000,Forta,FORT,18,267,95565,63862186432,58370,19718857,deprecated,0xa9059cbb,"transfer(address _to, uint256 _value)",10093026
14968502,1655311027,0x2ffc1025db82ab98e42df63471c3355678d56b7f8539571e3fc6c6752600d940,378,0x28a64e344187c894c3398d654d23b593aa85065651fd57136cdf922069d46a65,0xf1c5729c0ae1c7ddfde34b75815023130a66fe6d,0x41545f8b9472d758bb669ed8eaeeecd7a9c4ec29,0xffb8d9dd7516b907a1576c677710eea184bf78f8,2000000000000000000000,Forta,FORT,18,93,95565,70868305964,58370,16504429,deprecated,0xa9059cbb,"transfer(address _to, uint256 _value)",10093025
14968502,1655311027,0x3ade233b403db7e3592d998ff0d83472aac6c37e64302e607638f4be5238fbd0,2664,0x28a64e344187c894c3398d654d23b593aa85065651fd57136cdf922069d46a65,0x25659eefd7cae21566a257420bbcb0c8317ef94f,0x41545f8b9472d758bb669ed8eaeeecd7a9c4ec29,0x1673888242bad06cc87a7bcaff392cb27218b3e3,300000000000000000000,Forta,FORT,18,107,327176,70868305964,231453,18175539,deprecated,0x5ae401dc,"multicall(uint256 deadline, bytes[] data)",10093025
14968502,1655311027,0xe773f8d896def50111d745f2e9c08708d475121421e22ac863302392dc19747a,1,0x28a64e344187c894c3398d654d23b593aa85065651fd57136cdf922069d46a65,0xed731eb43f1b6c135d2c4e80bdc905589eb5ba03,0x41545f8b9472d758bb669ed8eaeeecd7a9c4ec29,0x5825f84c8e70da85885e32f14ea0104698db951a,2000000000000000000000,Forta,FORT,18,123,95565,70868305964,58370,22343309,deprecated,0xa9059cbb,"transfer(address _to, uint256 _value)",10093025
14968502,1655311027,0x9ad3a55fc42f04a7d8d27e02fb252c75f93fbda150bc2916665b35bf60b7ca8d,3,0x28a64e344187c894c3398d654d23b593aa85065651fd57136cdf922069d46a65,0xdc8525f6eae752c6ab1ccddbd09aa522aa37e64c,0x41545f8b9472d758bb669ed8eaeeecd7a9c4ec29,0x51f9e280101a7cdb22db3bef3f78179a6eab72c2,2000000000000000000000,Forta,FORT,18,131,95565,70868305964,58370,23255830,deprecated,0xa9059cbb,"transfer(address _to, uint256 _value)",10093025
14968505,1655311046,0x0b6b59733342b462dd08617315119cd8ee0c8adb0f481b133687f4d3a0404081,0,0x1536d7e13ed2eb8385e3df2f5f18cd6a81b7d099b5b59594c4d184b32a28837c,0x988a7bc24a9d0fa49989fb9734bda30f55760ceb,0x41545f8b9472d758bb669ed8eaeeecd7a9c4ec29,0x91d6bf11608ed2dd40f44a95f3ef222840746577,2000000000000000000000,Forta,FORT,18,15,131676,105552458946,113287,3349479,deprecated,0xae0b51df,"claim(uint256 index, uint256 amount, bytes32[] merkleProof)",10093022
14968505,1655311046,0x6884869e5baeebf1f269eab5a72cfda6ebaa99cebd4e0d4f9c17d5c7244e758d,879,0x1536d7e13ed2eb8385e3df2f5f18cd6a81b7d099b5b59594c4d184b32a28837c,0x988a7bc24a9d0fa49989fb9734bda30f55760ceb,0x41545f8b9472d758bb669ed8eaeeecd7a9c4ec29,0xd442deb96b90e3b3135653705c3ef1feefb346be,1000000000000000000000,Forta,FORT,18,85,149812,72714269676,128794,9210804,deprecated,0xae0b51df,"claim(uint256 index, uint256 amount, bytes32[] merkleProof)",10093022
14968507,1655311059,0x68c5f24d39f00813f4e6c219a28f215e5282ae3b8a83d3ebb71c03d664f5f2f5,3,0x132c35af38b899c52ebee9f293d880cc6bdd8571300c684293a71eebc7841614,0x44564539dff085843f15d8b7466d5cdcd4939388,0x41545f8b9472d758bb669ed8eaeeecd7a9c4ec29,0x0a85b73902c2629f5730e311eb1c24d5c11b4d30,1000000000000000000,Forta,FORT,18,85,95547,66006616497,63158,6344493,deprecated,0xa9059cbb,"transfer(address _to, uint256 _value)",10093020
14968507,1655311059,0x9babae102f65070a659a41c3ecce6ef38efb941fdeda69f5183089213f3294f7,1,0x132c35af38b899c52ebee9f293d880cc6bdd8571300c684293a71eebc7841614,0x9741a29d68c9808a79553ed0cc637178c4ab2b1f,0x41545f8b9472d758bb669ed8eaeeecd7a9c4ec29,0x8eda47b1d76ae28e6ca44b48c1a882e8daace290,2000000000000000000000,Forta,FORT,18,110,69507,66006616497,41270,7771270,deprecated,0xa9059cbb,"transfer(address _to, uint256 _value)",10093020
14968509,1655311064,0x4d98555f3335b7d7f7d8fdb226c01231aa1493eb3f68a7a545460bb2ab1ce1cd,29576,0xfca438a04f8b8c5f8a4606e8b27a1bcb6615a30ab76cdfaec522fe25a733a64f,0x1673888242bad06cc87a7bcaff392cb27218b3e3,0x41545f8b9472d758bb669ed8eaeeecd7a9c4ec29,0x00000000008c4fb1c916e0c88fd4cc402d935e7d,646343066865073043828,Forta,FORT,18,0,2000000,56129075929,140996,140996,deprecated,0x0300e466,,10093018
14968509,1655311064,0x686adbb02ceaa789b5dca370724ba0fe34a4d7c8391b6e4964773bbef1b02334,5342,0xfca438a04f8b8c5f8a4606e8b27a1bcb6615a30ab76cdfaec522fe25a733a64f,0x1673888242bad06cc87a7bcaff392cb27218b3e3,0x41545f8b9472d758bb669ed8eaeeecd7a9c4ec29,0x511dbe9e6b7ede607f47d00a681bd5c7a6d397a1,726516216252377171000,Forta,FORT,18,1,272241,57629075929,200163,341159,deprecated,0xc04b8d59,exactInput(tuple params),10093018
14968509,1655311064,0x582030902f7cd487d79b4a6387e9dc058875efe639d305d40e07c6eed4674385,29577,0xfca438a04f8b8c5f8a4606e8b27a1bcb6615a30ab76cdfaec522fe25a733a64f,0x00000000008c4fb1c916e0c88fd4cc402d935e7d,0x41545f8b9472d758bb669ed8eaeeecd7a9c4ec29,0x1673888242bad06cc87a7bcaff392cb27218b3e3,646343066865073043826,Forta,FORT,18,2,213882,648555264479,122214,463373,deprecated,0x0400e466,,10093018
14968509,1655311064,0x455d40f21b8f792fcce104df04dadc1c717ba7e8eb2e8fc3df09938b05f0987d,3,0xfca438a04f8b8c5f8a4606e8b27a1bcb6615a30ab76cdfaec522fe25a733a64f,0xcbe971f1b7c135164dcbde4c7f48a820a861bfce,0x41545f8b9472d758bb669ed8eaeeecd7a9c4ec29,0x1673888242bad06cc87a7bcaff392cb27218b3e3,500000000000000000000,Forta,FORT,18,29,197083,80614948856,154378,4332668,deprecated,0x5ae401dc,"multicall(uint256 deadline, bytes[] data)",10093018
14968509,1655311064,0xb7ca23e1ef6982b96375a76c9e831409792c657b95746cc3a9fe3fe47374e180,26,0xfca438a04f8b8c5f8a4606e8b27a1bcb6615a30ab76cdfaec522fe25a733a64f,0x367edc2387e7eafbd96a2266f12ccf8e55f05372,0x41545f8b9472d758bb669ed8eaeeecd7a9c4ec29,0x0478ec2d8823957c2c24c9e125852aa9087fd266,1718122016322230915307,Forta,FORT,18,159,95601,58129075929,58394,12022869,deprecated,0xa9059cbb,"transfer(address _to, uint256 _value)",10093018
14968509,1655311064,0xf8fb6514feb6fa0ff323acb90bf08c0c88040e32ab94ffedab9f988ccea9c243,461,0xfca438a04f8b8c5f8a4606e8b27a1bcb6615a30ab76cdfaec522fe25a733a64f,0xf5e0bdb055aeb55a450172533b78869660862234,0x41545f8b9472d758bb669ed8eaeeecd7a9c4ec29,0x74de5d4fcbf63e00296fd95d33236b9794016631,1000000000000000000000,Forta,FORT,18,169,430910,58129075929,311081,12925695,deprecated,0x5f575529,"swap(string aggregatorId, address tokenFrom, uint256 amount, bytes data)",10093018
14968509,1655311064,0xf8fb6514feb6fa0ff323acb90bf08c0c88040e32ab94ffedab9f988ccea9c243,461,0xfca438a04f8b8c5f8a4606e8b27a1bcb6615a30ab76cdfaec522fe25a733a64f,0x74de5d4fcbf63e00296fd95d33236b9794016631,0x41545f8b9472d758bb669ed8eaeeecd7a9c4ec29,0x1673888242bad06cc87a7bcaff392cb27218b3e3,1000000000000000000000,Forta,FORT,18,169,430910,58129075929,311081,12925695,deprecated,0x5f575529,"swap(string aggregatorId, address tokenFrom, uint256 amount, bytes data)",10093018
14968509,1655311064,0xbdd5b9b855bdc7a35053804e0d0528dc189145bcb5cbb10fd76750b314896591,911,0xfca438a04f8b8c5f8a4606e8b27a1bcb6615a30ab76cdfaec522fe25a733a64f,0x1673888242bad06cc87a7bcaff392cb27218b3e3,0x41545f8b9472d758bb669ed8eaeeecd7a9c4ec29,0xfb8e156f2ef3def6634072b950f2a2f816014a58,1483220300987654921672,Forta,FORT,18,205,314804,58069075929,232465,14607190,deprecated,0x5ae401dc,"multicall(uint256 deadline, bytes[] data)",10093018
14968509,1655311064,0x22d3f7faf6fa58b99cc91a850164c3c558d055cd58843f7ef8188271966a773b,14,0xfca438a04f8b8c5f8a4606e8b27a1bcb6615a30ab76cdfaec522fe25a733a64f,0x050c372082e448fd5a20e142cf7fd74d1239c0d6,0x41545f8b9472d758bb669ed8eaeeecd7a9c4ec29,0x83ef9d0959d3f6f5bc82259e93d9088a252ab925,1000000000000000000000,Forta,FORT,18,275,95565,57629075929,58370,21164571,deprecated,0xa9059cbb,"transfer(address _to, uint256 _value)",10093018
14968510,1655311081,0xce529b04ec31695ca2a23d0ee5c0e62c40ff7b9f8ad2a01873549716409f0877,0,0xdf4ad8340be96e2cb393bcafad93730ea5f5a09e4ab12d1223ea2d9c43635889,0x988a7bc24a9d0fa49989fb9734bda30f55760ceb,0x41545f8b9472d758bb669ed8eaeeecd7a9c4ec29,0x5b16b59aafd17d782932ea63c2b5391c0215b3c4,3000000000000000000000,Forta,FORT,18,11,131712,96922423284,113317,2363349,deprecated,0xae0b51df,"claim(uint256 index, uint256 amount, bytes32[] merkleProof)",10093017
14968510,1655311081,0x9f407251174b9d63f0235e413cb695a7ecb5eb98ef14aa48ac46cca77e55fdf5,3,0xdf4ad8340be96e2cb393bcafad93730ea5f5a09e4ab12d1223ea2d9c43635889,0x6315ac7fffb095c091ed396a2a8471a5d7332e14,0x41545f8b9472d758bb669ed8eaeeecd7a9c4ec29,0x1673888242bad06cc87a7bcaff392cb27218b3e3,1100000000000000000000,Forta,FORT,18,126,197066,65141013836,159214,10090741,deprecated,0x5ae401dc,"multicall(uint256 deadline, bytes[] data)",10093017
14968511,1655311094,0x1f2cc4eb1b543656babf0c2ccf34a67011202396963edc5355270aa73c6f663c,217,0xf5f9644ee2a1a3433e3e38081543f0c42ff703cfe27c8ec70c891549a66bdd2c,0x988a7bc24a9d0fa49989fb9734bda30f55760ceb,0x41545f8b9472d758bb669ed8eaeeecd7a9c4ec29,0x4e7f666cd88254377a2b3b87d301a38ca440da9f,3000000000000000000000,Forta,FORT,18,15,131749,85693613894,113349,1715597,deprecated,0xae0b51df,"claim(uint256 index, uint256 amount, bytes32[] merkleProof)",10093016
14968511,1655311094,0xd2f98e6f4f5deb1b741aa1bad616c750278efa03404f75e2cdd2a77e42ed8290,1867,0xf5f9644ee2a1a3433e3e38081543f0c42ff703cfe27c8ec70c891549a66bdd2c,0xe24b12be60a82502d43bd5ee248867fc0101560b,0x41545f8b9472d758bb669ed8eaeeecd7a9c4ec29,0x8bcf136366c9070858408436e1a370bc0320e7fb,938000000000000000000,Forta,FORT,18,99,95565,66484392132,63170,8708665,deprecated,0xa9059cbb,"transfer(address _to, uint256 _value)",10093016
14968512,1655311107,0xfc92adc625fb769c49cbf38f3bfc5ffc353375fb34fe5f19b0aee32fa11f1d3e,0,0x27a3421e9c4fd252f4d5e477552c0dcd97ef3d64d84485e2d230d8aae7112b3f,0x988a7bc24a9d0fa49989fb9734bda30f55760ceb,0x41545f8b9472d758bb669ed8eaeeecd7a9c4ec29,0xc8d5b6bad27918f17d98af3b9e9df77da47f9a16,3000000000000000000000,Forta,FORT,18,4,131688,96211520754,113297,336944,deprecated,0xae0b51df,"claim(uint256 index, uint256 amount, bytes32[] merkleProof)",10093015
14968512,1655311107,0xf9b756c71d13c8915dc1a77e8ac6cbfc6f69b33d329c5353428bf789f5e36835,322,0x27a3421e9c4fd252f4d5e477552c0dcd97ef3d64d84485e2d230d8aae7112b3f,0x1673888242bad06cc87a7bcaff392cb27218b3e3,0x41545f8b9472d758bb669ed8eaeeecd7a9c4ec29,0xc8e77992c7e27cd76d6383d719284574a0710662,390475829616279731907,Forta,FORT,18,94,215574,64435581259,160158,7347549,deprecated,0x5ae401dc,"multicall(uint256 deadline, bytes[] data)",10093015
14968514,1655311129,0x8d92f6ae0be7a17c85416ce6b9c049ab72c284ef99cdb1291c463f362f629888,387,0x22f8cc3a9b2352578fa2c93979204483980e6a6a506d4ca07635e64160944d02,0x988a7bc24a9d0fa49989fb9734bda30f55760ceb,0x41545f8b9472d758bb669ed8eaeeecd7a9c4ec29,0xd05b9dd5a631b48dfa7bdfff7a3fb700f08aac82,3000000000000000000000,Forta,FORT,18,6,131674,98976588198,113285,507562,deprecated,0xae0b51df,"claim(uint256 index, uint256 amount, bytes32[] merkleProof)",10093013
14968514,1655311129,0xdb773708afe7d206648084be79771d8ec220171a11daf84c139f59fc86476ada,4,0x22f8cc3a9b2352578fa2c93979204483980e6a6a506d4ca07635e64160944d02,0xcbe971f1b7c135164dcbde4c7f48a820a861bfce,0x41545f8b9472d758bb669ed8eaeeecd7a9c4ec29,0x1673888242bad06cc87a7bcaff392cb27218b3e3,500000000000000000000,Forta,FORT,18,53,174736,63188801814,141154,2785219,deprecated,0x5ae401dc,"multicall(uint256 deadline, bytes[] data)",10093013
14968514,1655311129,0x5143c0926f9b3f893beaded8f12969f8988f8019f83ddf5b52bf1e2a2c176ece,1,0x22f8cc3a9b2352578fa2c93979204483980e6a6a506d4ca07635e64160944d02,0x5b16b59aafd17d782932ea63c2b5391c0215b3c4,0x41545f8b9472d758bb669ed8eaeeecd7a9c4ec29,0x8a29a6b8847025b86b6710a42445c9c10f0aaea1,3000000000000000000000,Forta,FORT,18,154,69507,61465038573,41270,10735589,deprecated,0xa9059cbb,"transfer(address _to, uint256 _value)",10093013
14968514,1655311129,0xa01fce549563c4d1480bad483b382b72e5b64adff871d6a3a0611209d8382c8b,7,0x22f8cc3a9b2352578fa2c93979204483980e6a6a506d4ca07635e64160944d02,0x2835a787d8d74724181f97ec97d9882dd7b3f2be,0x41545f8b9472d758bb669ed8eaeeecd7a9c4ec29,0xd23e26e0fff30a5b58e5cf94dd0a84dd1ffd8b99,3000000000000000000000,Forta,FORT,18,156,95565,61465038573,58370,10823901,deprecated,0xa9059cbb,"transfer(address _to, uint256 _value)",10093013
14968514,1655311129,0x007fc56af302b197591966e82904966c3c3e36c132837daf7a1df723f0fd49e5,1,0x22f8cc3a9b2352578fa2c93979204483980e6a6a506d4ca07635e64160944d02,0x44e702f1e0021ded27632f0ee5a871ef5e6f7537,0x41545f8b9472d758bb669ed8eaeeecd7a9c4ec29,0xb974f30334be2fa0d30eb52d759d30dd84446245,2000000000000000000000,Forta,FORT,18,158,95565,61465038573,58370,10964228,deprecated,0xa9059cbb,"transfer(address _to, uint256 _value)",10093013
14968515,1655311143,0x09aa0f0001ee205eb2464053ffb79f094c3931037d2fb3c3a59ea52ec2ac4652,73,0xd216d196e3045325ab4baae8ce3bbca2852679eb3b2cc097af95298a17ab8c69,0xf611ae235b17d1678bbe50210e1b2e4f6a695677,0x41545f8b9472d758bb669ed8eaeeecd7a9c4ec29,0x24415ad8d317f9e6859160a9acebe906d8b40415,10000000000000000000,Forta,FORT,18,28,95547,61504972809,63158,2221643,deprecated,0xa9059cbb,"transfer(address _to, uint256 _value)",10093012
14968515,1655311143,0x59aa2e2c70d0b0336218c9a1d3b3a6a4a53ea9a33f9db51c245fa22cce3a881f,9,0xd216d196e3045325ab4baae8ce3bbca2852679eb3b2cc097af95298a17ab8c69,0x4158c7c3e80be7c9ae2cbd81a67e5a560bb9cae4,0x41545f8b9472d758bb669ed8eaeeecd7a9c4ec29,0x1673888242bad06cc87a7bcaff392cb27218b3e3,500000000000000000000,Forta,FORT,18,82,320197,61504972809,231475,6118220,deprecated,0x5ae401dc,"multicall(uint256 deadline, bytes[] data)",10093012
14968517,1655311149,0x011abde7fe8230dfa986ad21bb364d27f20901ea8e7f07e0e8e7e26c683c844a,11,0xd3a80ae5f2c0a6e10da01c2ba55f41a094c86e5ea71441671e787fa4efa5bacc,0x988a7bc24a9d0fa49989fb9734bda30f55760ceb,0x41545f8b9472d758bb669ed8eaeeecd7a9c4ec29,0x9dd8210ff9b5b9d2ab5a34faad687d2f995d1c4d,2000000000000000000000,Forta,FORT,18,38,131700,94783202720,113307,3014025,deprecated,0xae0b51df,"claim(uint256 index, uint256 amount, bytes32[] merkleProof)",10093010
14968517,1655311149,0xdbe52c965fd58904ebd0ca766f4b1dc13809169aaf5f303a06930de2399e4a7a,912,0xd3a80ae5f2c0a6e10da01c2ba55f41a094c86e5ea71441671e787fa4efa5bacc,0xfb8e156f2ef3def6634072b950f2a2f816014a58,0x41545f8b9472d758bb669ed8eaeeecd7a9c4ec29,0x191c9def53394ae5e265ae174f14846a98e10bc9,1483000000000000000000,Forta,FORT,18,210,95565,55328966255,63170,14864676,deprecated,0xa9059cbb,"transfer(address _to, uint256 _value)",10093010
14968517,1655311149,0x7790c56ce09d455efd20dbf6475b19ff3dcefbbe4c456fa0235016b935667aae,8,0xd3a80ae5f2c0a6e10da01c2ba55f41a094c86e5ea71441671e787fa4efa5bacc,0x1673888242bad06cc87a7bcaff392cb27218b3e3,0x41545f8b9472d758bb669ed8eaeeecd7a9c4ec29,0x40c25ad3b62e9ad5a11df6ed978c432c5ddb3a31,391485180066705449572,Forta,FORT,18,213,307381,55328966255,209670,15141455,deprecated,0x5ae401dc,"multicall(uint256 deadline, bytes[] data)",10093010
14968518,1655311174,0xf236b6f3df04c7e0de1c4063f035ee921df376843e51c2ee0344ab6bba60eebb,560,0x2cb9f08714b938718c151dd8d4da069a38c63119e7bba792f60b1d0ff75008a2,0x988a7bc24a9d0fa49989fb9734bda30f55760ceb,0x41545f8b9472d758bb669ed8eaeeecd7a9c4ec29,0xa12c8eaced4109a836011d7e88a4d658e03a20b9,3000000000000000000000,Forta,FORT,18,11,131751,90159044208,113351,2498577,deprecated,0xae0b51df,"claim(uint256 index, uint256 amount, bytes32[] merkleProof)",10093009
14968518,1655311174,0xb46a93e4e31d27539bf02eaf0e1d792cac152ad55d83df1608dbb81c1d9239eb,0,0x2cb9f08714b938718c151dd8d4da069a38c63119e7bba792f60b1d0ff75008a2,0x988a7bc24a9d0fa49989fb9734bda30f55760ceb,0x41545f8b9472d758bb669ed8eaeeecd7a9c4ec29,0x6752b8fce9522d3e2da7a252abb86c1ae2cdb959,2000000000000000000000,Forta,FORT,18,12,129886,90159044208,111738,2610315,deprecated,0xae0b51df,"claim(uint256 index, uint256 amount, bytes32[] merkleProof)",10093009
14968518,1655311174,0x5ad667e213ccebaa66f96cd05b18384470e4e2b30513ce5cf761304ea40e7cb0,0,0x2cb9f08714b938718c151dd8d4da069a38c63119e7bba792f60b1d0ff75008a2,0x988a7bc24a9d0fa49989fb9734bda30f55760ceb,0x41545f8b9472d758bb669ed8eaeeecd7a9c4ec29,0x2523a6b01d0b8dda7a4d6415f259ba1194c9a962,2000000000000000000000,Forta,FORT,18,129,129838,55506430333,111698,12172985,deprecated,0xae0b51df,"claim(uint256 index, uint256 amount, bytes32[] merkleProof)",10093009
14968518,1655311174,0xf145a4fa6fcdfa13f2b21d22dbe852a15486b777d168895b8f56d6f8e7274b77,1,0x2cb9f08714b938718c151dd8d4da069a38c63119e7bba792f60b1d0ff75008a2,0x45f7d566cc938c3dd4fec6246d4e040a69f14899,0x41545f8b9472d758bb669ed8eaeeecd7a9c4ec29,0x8a29a6b8847025b86b6710a42445c9c10f0aaea1,3000000000000000000000,Forta,FORT,18,190,69507,55506430333,41270,17849423,deprecated,0xa9059cbb,"transfer(address _to, uint256 _value)",10093009
14968518,1655311174,0xf2dadc2cf9e2587343a40518d05c6158504756299a89b86cd474e8a80efb10ac,159,0x2cb9f08714b938718c151dd8d4da069a38c63119e7bba792f60b1d0ff75008a2,0x72bf07f4a11e9657f56250b560be11a63ca16757,0x41545f8b9472d758bb669ed8eaeeecd7a9c4ec29,0x157fda0a30623d5e335e20e0d6dcd92564b39885,5000000000000000000,Forta,FORT,18,191,95547,55506430333,63158,17912581,deprecated,0xa9059cbb,"transfer(address _to, uint256 _value)",10093009
14968520,1655311179,0xe482e5632d4d0ec91686b992145ce172b56c65196752c57d20ca6a1420168f5e,519,0x49a70dbf6c8ad080ad3280abc54953e6b4e12779244c280f57ed0e8a1d8a940b,0x988a7bc24a9d0fa49989fb9734bda30f55760ceb,0x41545f8b9472d758bb669ed8eaeeecd7a9c4ec29,0x21caa3351430944cb7f31998b0eb199bc2c3112c,2000000000000000000000,Forta,FORT,18,207,131649,56951873040,113263,17224248,deprecated,0xae0b51df,"claim(uint256 index, uint256 amount, bytes32[] merkleProof)",10093007
14968521,1655311198,0x0bd36ba4e290b0435d8e561525ebff5dc23058e92428a92f3b7ffb3a17b53c78,21,0x8d5acc244a160eb4a8675c83e2edbe51e1f163062c2a47f9e43195bc8e6ecedb,0x988a7bc24a9d0fa49989fb9734bda30f55760ceb,0x41545f8b9472d758bb669ed8eaeeecd7a9c4ec29,0xe4aee5e5ba3819da487f6279ad9b94704e9c2f84,1000000000000000000000,Forta,FORT,18,35,151656,92186669579,130389,4976656,deprecated,0xae0b51df,"claim(uint256 index, uint256 amount, bytes32[] merkleProof)",10093006
14968521,1655311198,0xe89d8f1ee16decf84cd10e68e73b892076f93915e72cdd15e86457f4fe2c5f17,1206,0x8d5acc244a160eb4a8675c83e2edbe51e1f163062c2a47f9e43195bc8e6ecedb,0x1673888242bad06cc87a7bcaff392cb27218b3e3,0x41545f8b9472d758bb669ed8eaeeecd7a9c4ec29,0x53e262aa44d9fd193be60ab035c41f97ef4eea2a,356795116526433702670,Forta,FORT,18,100,315483,64400000000,217284,8433252,deprecated,0x5ae401dc,"multicall(uint256 deadline, bytes[] data)",10093006
14968521,1655311198,0xea64f58f8b10e63746b79fea9e98d53100093bfd762fc39cecc8e5825d24c0b7,0,0x8d5acc244a160eb4a8675c83e2edbe51e1f163062c2a47f9e43195bc8e6ecedb,0x4c63ee054cdf8049f3204e17ea850ae6f887d66c,0x41545f8b9472d758bb669ed8eaeeecd7a9c4ec29,0xb739d0895772dbb71a89a3754a160269068f0d45,2000000000000000000000,Forta,FORT,18,232,250000,61314994317,41270,17971829,deprecated,0xa9059cbb,"transfer(address _to, uint256 _value)",10093006
14968521,1655311198,0xf4fb80952671461b490533a1ff449811e750d49cb90f633c5ddebdec0ef59431,0,0x8d5acc244a160eb4a8675c83e2edbe51e1f163062c2a47f9e43195bc8e6ecedb,0x120a5b4b4e84c8b5d34d257477f6334c43842574,0x41545f8b9472d758bb669ed8eaeeecd7a9c4ec29,0xb739d0895772dbb71a89a3754a160269068f0d45,2000000000000000000000,Forta,FORT,18,233,250000,61314994317,41270,18013099,deprecated,0xa9059cbb,"transfer(address _to, uint256 _value)",10093006
14968522,1655311226,0x9457abd6108c8a391cad7436dad8fb3753c6aa6d758e7e53dbcb2779a9913630,4,0x22766aa07160601774915d44b31e4a2f5a35e3765ea390695937e37d58185266,0x988a7bc24a9d0fa49989fb9734bda30f55760ceb,0x41545f8b9472d758bb669ed8eaeeecd7a9c4ec29,0xec4e25cd600cbe3e301a2b73587fb7781b6780f1,2000000000000000000000,Forta,FORT,18,33,131690,84677809560,113299,3784753,deprecated,0xae0b51df,"claim(uint256 index, uint256 amount, bytes32[] merkleProof)",10093005
14968522,1655311226,0x7784d555d02b81b3363d3a9f0cee5dcaca9f993d05eeb42d03c6d4e8453d3696,52,0x22766aa07160601774915d44b31e4a2f5a35e3765ea390695937e37d58185266,0x988a7bc24a9d0fa49989fb9734bda30f55760ceb,0x41545f8b9472d758bb669ed8eaeeecd7a9c4ec29,0xc0a25b15e77add0dc12e52e4e2f610498e2aa869,3000000000000000000000,Forta,FORT,18,34,131728,84677809560,113331,3898084,deprecated,0xae0b51df,"claim(uint256 index, uint256 amount, bytes32[] merkleProof)",10093005
14968522,1655311226,0x23a886212599080e4b8ea4b6e9d6f2e362544266af2f2ea372df7f6edf2822ae,1,0x22766aa07160601774915d44b31e4a2f5a35e3765ea390695937e37d58185266,0x91d6bf11608ed2dd40f44a95f3ef222840746577,0x41545f8b9472d758bb669ed8eaeeecd7a9c4ec29,0x174da899806e47898f3ac36b8f01d3985089bbf7,2000000000000000000000,Forta,FORT,18,242,95565,68218298451,58370,18178741,deprecated,0xa9059cbb,"transfer(address _to, uint256 _value)",10093005
14968522,1655311226,0x5992cb7e6ee53106d3e93fdddf3cc6c0a193cfe5630d5794ff092a1109823039,24,0x22766aa07160601774915d44b31e4a2f5a35e3765ea390695937e37d58185266,0xa75cdeb01f9cac60ccc07f2b7db3942a1b4c9903,0x41545f8b9472d758bb669ed8eaeeecd7a9c4ec29,0xd25da4e95195e24efcc8ac6351e08117afabb2cd,2000000000000000000000,Forta,FORT,18,249,95565,68218298451,58370,18793719,deprecated,0xa9059cbb,"transfer(address _to, uint256 _value)",10093005
14968522,1655311226,0x40c781cd1e7e4c4cacf4f4c1d4170a8c8d070e9c82c8eaa1107e7b9f14391023,1,0x22766aa07160601774915d44b31e4a2f5a35e3765ea390695937e37d58185266,0x2523a6b01d0b8dda7a4d6415f259ba1194c9a962,0x41545f8b9472d758bb669ed8eaeeecd7a9c4ec29,0xceebc6d157f0281757d0c97f8978cdf60b86dfb7,2000000000000000000000,Forta,FORT,18,262,69507,68218298451,41270,19417561,deprecated,0xa9059cbb,"transfer(address _to, uint256 _value)",10093005
14968522,1655311226,0x10a6bf0f8645d38dfdd7cd7c774283e3d0c96482a8cadaf7290f4f9b4453dbba,10,0x22766aa07160601774915d44b31e4a2f5a35e3765ea390695937e37d58185266,0x4158c7c3e80be7c9ae2cbd81a67e5a560bb9cae4,0x41545f8b9472d758bb669ed8eaeeecd7a9c4ec29,0x1673888242bad06cc87a7bcaff392cb27218b3e3,500000000000000000000,Forta,FORT,18,277,321316,68218298451,230426,21136472,deprecated,0x5ae401dc,"multicall(uint256 deadline, bytes[] data)",10093005
14968523,1655311260,0x841a0c0af3db85c60aee1f0c7d0d23267686ab9caac242602cb95116f3881a71,31,0x9f0e757b395eb4dee0567ab312668ac86910ffd772ba6ef029c9ee9bef175b70,0x0ada32f4f7be8dfc1daef23d996f553d6f042a06,0x41545f8b9472d758bb669ed8eaeeecd7a9c4ec29,0x941a587fa8ca564140604d738123448c8cdd8f3a,500000000000000000000,Forta,FORT,18,99,95565,73587546115,63170,9966477,deprecated,0xa9059cbb,"transfer(address _to, uint256 _value)",10093004
14968523,1655311260,0x8657944847d04f13008298c8343ab0437755469b1ceac7c3554b5a5ab82c21d3,1,0x9f0e757b395eb4dee0567ab312668ac86910ffd772ba6ef029c9ee9bef175b70,0x3437d08b923614cd0ff8c31dc08581be14737962,0x41545f8b9472d758bb669ed8eaeeecd7a9c4ec29,0xa61b314b27a2dc06eeb8c7c80d866d07453522dd,3000000000000000000000,Forta,FORT,18,108,69507,73587546115,41270,10806288,deprecated,0xa9059cbb,"transfer(address _to, uint256 _value)",10093004
14968524,1655311263,0x6a423ae78cf5bdc010c4958b4e83a0c17a701cb8cb470f8bfb6121c28e8405cd,13,0xa45c091f9c26b974f1ce8dc4038d285f17545fe27f0513ccb99eefb6c2366e34,0x988a7bc24a9d0fa49989fb9734bda30f55760ceb,0x41545f8b9472d758bb669ed8eaeeecd7a9c4ec29,0x9bcc34268f3e9dcf96fbb209b0f827c7c09dbf44,2000000000000000000000,Forta,FORT,18,15,129897,90472491476,111748,996901,deprecated,0xae0b51df,"claim(uint256 index, uint256 amount, bytes32[] merkleProof)",10093003
14968524,1655311263,0x06246eba1de45c164492f3c7dc7f7365e07642188d3ae48bafd629e8d298f318,0,0xa45c091f9c26b974f1ce8dc4038d285f17545fe27f0513ccb99eefb6c2366e34,0x988a7bc24a9d0fa49989fb9734bda30f55760ceb,0x41545f8b9472d758bb669ed8eaeeecd7a9c4ec29,0x379d21350111b2cd318b2e70c081918fb51afe6a,2000000000000000000000,Forta,FORT,18,16,131687,90472491476,113295,1110196,deprecated,0xae0b51df,"claim(uint256 index, uint256 amount, bytes32[] merkleProof)",10093003
14968524,1655311263,0x184d9ec151061b51b3d42f97e4f9bef771a3ccd254750398064144becd44ab18,1,0xa45c091f9c26b974f1ce8dc4038d285f17545fe27f0513ccb99eefb6c2366e34,0x095dfedee8eba221f82e692694ee9dad4ff7d47b,0x41545f8b9472d758bb669ed8eaeeecd7a9c4ec29,0x81342cab9c242f6bc76543b40c3e8450107516b6,2000000000000000000000,Forta,FORT,18,146,95565,73718140035,58370,8771079,deprecated,0xa9059cbb,"transfer(address _to, uint256 _value)",10093003
14968525,1655311278,0xc84d12afc15553830f63347494ef00a0da5b0fe7c870fdc195b3ce95c7da94ca,62331,0xe2b9911e97f69dddde70a8e95c5ed37d30e202e247a1fa14bff388661e932492,0x1673888242bad06cc87a7bcaff392cb27218b3e3,0x41545f8b9472d758bb669ed8eaeeecd7a9c4ec29,0x46c4128981525aa446e02ffb2ff762f1d6a49170,635983642215740622349,Forta,FORT,18,8,224055,70200039619,124055,1234615,deprecated,0x66cd0200,,10093002
14968525,1655311278,0x95481ebb48094e06540d5e1484f2f30e62b99004120bdf52c5a43baf0b19d469,5344,0xe2b9911e97f69dddde70a8e95c5ed37d30e202e247a1fa14bff388661e932492,0x1673888242bad06cc87a7bcaff392cb27218b3e3,0x41545f8b9472d758bb669ed8eaeeecd7a9c4ec29,0x511dbe9e6b7ede607f47d00a681bd5c7a6d397a1,875924979163654105512,Forta,FORT,18,9,272268,71700039619,200183,1434798,deprecated,0xc04b8d59,exactInput(tuple params),10093002
14968525,1655311278,0x4dd8bc01dbf143eb7997e2df2e3569a6166b7e438737e79d1c08184e2ec5d3fb,62332,0xe2b9911e97f69dddde70a8e95c5ed37d30e202e247a1fa14bff388661e932492,0x46c4128981525aa446e02ffb2ff762f1d6a49170,0x41545f8b9472d758bb669ed8eaeeecd7a9c4ec29,0x1673888242bad06cc87a7bcaff392cb27218b3e3,635983642215740622348,Forta,FORT,18,10,219825,562140766847,118879,1553677,deprecated,0x66cd0600,,10093002
14968525,1655311278,0xe5ae3a8b52442da772672a9b27f49350173010150d294cbf479e3220dfb489c0,11,0xe2b9911e97f69dddde70a8e95c5ed37d30e202e247a1fa14bff388661e932492,0x4158c7c3e80be7c9ae2cbd81a67e5a560bb9cae4,0x41545f8b9472d758bb669ed8eaeeecd7a9c4ec29,0x1673888242bad06cc87a7bcaff392cb27218b3e3,500000000000000000000,Forta,FORT,18,261,327150,71700039619,226573,20158760,deprecated,0x5ae401dc,"multicall(uint256 deadline, bytes[] data)",10093002
14968525,1655311278,0x74bbe75ec0b2c6dc0dc9c477fdf442bd1bf862b444e7991a810f95b9962602f6,7,0xe2b9911e97f69dddde70a8e95c5ed37d30e202e247a1fa14bff388661e932492,0x1e0eb92bdd060c9386d5b43943cf5f2b083f90db,0x41545f8b9472d758bb669ed8eaeeecd7a9c4ec29,0xc6a70f17da8bb67ca592007025cc13a3d0305c88,500000000000000000000,Forta,FORT,18,274,95547,71700039619,63158,21800792,deprecated,0xa9059cbb,"transfer(address _to, uint256 _value)",10093002
14968525,1655311278,0xa11124029b66c5991eb7796b5cdb112dc716ae3f78056b02cde6652693f067b3,258,0xe2b9911e97f69dddde70a8e95c5ed37d30e202e247a1fa14bff388661e932492,0x1673888242bad06cc87a7bcaff392cb27218b3e3,0x41545f8b9472d758bb669ed8eaeeecd7a9c4ec29,0x9eb9bd0e9a1fb4a4da715928bce50f4fe5b8288f,87016613857042218920,Forta,FORT,18,280,328466,71700039619,222812,22464515,deprecated,0x5ae401dc,"multicall(uint256 deadline, bytes[] data)",10093002
14968525,1655311278,0xb1d6ec5c9b1f9bc43856dc19d0e4f7b820dfaae19771dd5657864f8d7bef9ae5,1,0xe2b9911e97f69dddde70a8e95c5ed37d30e202e247a1fa14bff388661e932492,0xc8d5b6bad27918f17d98af3b9e9df77da47f9a16,0x41545f8b9472d758bb669ed8eaeeecd7a9c4ec29,0xa61b314b27a2dc06eeb8c7c80d866d07453522dd,3000000000000000000000,Forta,FORT,18,284,69507,71700039619,41270,22701757,deprecated,0xa9059cbb,"transfer(address _to, uint256 _value)",10093002
14968526,1655311310,0x6caaca68ca7423a2faf15d84c10d6e4324a4234a3e1311e1fb6da53575d15dcf,0,0xb1b45defff7e6c8b95972f787495f2bef86f0469e7346fefbb1abf29ba71a283,0x988a7bc24a9d0fa49989fb9734bda30f55760ceb,0x41545f8b9472d758bb669ed8eaeeecd7a9c4ec29,0xd5eb54a13eb7ff99ea57393e6e2158229f34398e,3000000000000000000000,Forta,FORT,18,14,129848,109827210053,111706,1768171,deprecated,0xae0b51df,"claim(uint256 index, uint256 amount, bytes32[] merkleProof)",10093001
14968526,1655311310,0x299b0a5735c246d63906fe597c77933fccf618ea504bf8996e086bd55c784bf1,242,0xb1b45defff7e6c8b95972f787495f2bef86f0469e7346fefbb1abf29ba71a283,0x988a7bc24a9d0fa49989fb9734bda30f55760ceb,0x41545f8b9472d758bb669ed8eaeeecd7a9c4ec29,0x038d335db120ab59daabe13822421a4210a749fd,1000000000000000000000,Forta,FORT,18,15,129822,109827210053,111684,1879855,deprecated,0xae0b51df,"claim(uint256 index, uint256 amount, bytes32[] merkleProof)",10093001
14968526,1655311310,0x96cb7042732ecbe1f13ce0f21473804ecc7e6806c5bde580c7c76265a6fa5b81,0,0xb1b45defff7e6c8b95972f787495f2bef86f0469e7346fefbb1abf29ba71a283,0x988a7bc24a9d0fa49989fb9734bda30f55760ceb,0x41545f8b9472d758bb669ed8eaeeecd7a9c4ec29,0x1c9b7577802f0caf351a3e07b4c7c6d5f47c0b7e,2000000000000000000000,Forta,FORT,18,16,131712,109827210053,113317,1993172,deprecated,0xae0b51df,"claim(uint256 index, uint256 amount, bytes32[] merkleProof)",10093001
14968526,1655311310,0x843ee3ef14070139ac056ef025d3ee009f4ac8c05eecf9957b8dadb1546a3656,1868,0xb1b45defff7e6c8b95972f787495f2bef86f0469e7346fefbb1abf29ba71a283,0xe24b12be60a82502d43bd5ee248867fc0101560b,0x41545f8b9472d758bb669ed8eaeeecd7a9c4ec29,0x8bcf136366c9070858408436e1a370bc0320e7fb,962009220329500047509,Forta,FORT,18,89,69543,80412909739,41294,7698512,deprecated,0xa9059cbb,"transfer(address _to, uint256 _value)",10093001
14968526,1655311310,0x1970623ace052599b06190155be7ca20746b89917a61064f8456546ae92430ee,1,0xb1b45defff7e6c8b95972f787495f2bef86f0469e7346fefbb1abf29ba71a283,0x18e42619178e071e76dde3229f102b13175022a8,0x41545f8b9472d758bb669ed8eaeeecd7a9c4ec29,0xb974f30334be2fa0d30eb52d759d30dd84446245,2000000000000000000000,Forta,FORT,18,143,69507,79912909739,41270,10277777,deprecated,0xa9059cbb,"transfer(address _to, uint256 _value)",10093001
14968526,1655311310,0x410531768b80eee13a4f55a946079c3a8bce7c4880a7d040b2c417a12b4fe137,1,0xb1b45defff7e6c8b95972f787495f2bef86f0469e7346fefbb1abf29ba71a283,0xebae5e792e9a60e47e2ffcc323854b77f3fe16c5,0x41545f8b9472d758bb669ed8eaeeecd7a9c4ec29,0x91a7781356735a74aa69bde618b5872c18328754,2000000000000000000000,Forta,FORT,18,147,69507,79912909739,41270,10456238,deprecated,0xa9059cbb,"transfer(address _to, uint256 _value)",10093001
14968526,1655311310,0xf1b0376f4d8aaf04fe423b551728a138521db0538bc95eb480f39bcf46fe9b33,14,0xb1b45defff7e6c8b95972f787495f2bef86f0469e7346fefbb1abf29ba71a283,0x9bcc34268f3e9dcf96fbb209b0f827c7c09dbf44,0x41545f8b9472d758bb669ed8eaeeecd7a9c4ec29,0xaf819c7d5b9e98afd3b59561a33067a94393e9d2,2000000000000000000000,Forta,FORT,18,166,95565,79912909739,58370,12441579,deprecated,0xa9059cbb,"transfer(address _to, uint256 _value)",10093001
14968526,1655311310,0xc0037c29885a6d353bebeff7b7b734b6711fbf991497ac76d84b115fcb708976,3,0xb1b45defff7e6c8b95972f787495f2bef86f0469e7346fefbb1abf29ba71a283,0x37787397d6e0e1789324027b8559bed096359c14,0x41545f8b9472d758bb669ed8eaeeecd7a9c4ec29,0x0c9fdd1a24116ff05e9563975385edac5dcd02b7,1000000000000000000000,Forta,FORT,18,169,95565,79912909739,63170,12614691,deprecated,0xa9059cbb,"transfer(address _to, uint256 _value)",10093001
14968526,1655311310,0x3fb69e156ce37bc41fa49ca0680adaeb94161436a6ef4b0481bae41d692ab7ce,1,0xb1b45defff7e6c8b95972f787495f2bef86f0469e7346fefbb1abf29ba71a283,0x6752b8fce9522d3e2da7a252abb86c1ae2cdb959,0x41545f8b9472d758bb669ed8eaeeecd7a9c4ec29,0x5c9848f937550161759e0f4afde5f4b0ace4b6df,2000000000000000000,Forta,FORT,18,181,95547,79912909739,63158,13871866,deprecated,0xa9059cbb,"transfer(address _to, uint256 _value)",10093001
14968528,1655311328,0xe3ea87ea190e29911136bb65157d702f9d4464686f0c04c3deb09b03c42aa8a7,123,0x3328290fa2e78c045ca704ed13f92b74d55819ae7d309d6d5b0ac915c8aac25b,0x988a7bc24a9d0fa49989fb9734bda30f55760ceb,0x41545f8b9472d758bb669ed8eaeeecd7a9c4ec29,0x67149c6a2aa490636948b084d88dde8a958ca269,2000000000000000000000,Forta,FORT,18,10,131726,109827210053,113329,973821,deprecated,0xae0b51df,"claim(uint256 index, uint256 amount, bytes32[] merkleProof)",10092999
14968528,1655311328,0xd6aabdc44ceabec14510ba1ab70411cc7aaa0b2272592e9a7053a406d9634cbf,34,0x3328290fa2e78c045ca704ed13f92b74d55819ae7d309d6d5b0ac915c8aac25b,0x988a7bc24a9d0fa49989fb9734bda30f55760ceb,0x41545f8b9472d758bb669ed8eaeeecd7a9c4ec29,0x016935c4a0faf521530f919cfe3576f8523a835a,2000000000000000000000,Forta,FORT,18,17,131676,106800059429,113287,1318216,deprecated,0xae0b51df,"claim(uint256 index, uint256 amount, bytes32[] merkleProof)",10092999
14968528,1655311328,0xf2ea4f3fcdc777362f9bc93082c3737e4a540ceb7746aba2b9f069ed4d1494e3,20,0x3328290fa2e78c045ca704ed13f92b74d55819ae7d309d6d5b0ac915c8aac25b,0x988a7bc24a9d0fa49989fb9734bda30f55760ceb,0x41545f8b9472d758bb669ed8eaeeecd7a9c4ec29,0x677e563ba5dd39165b982d23ee54aaa3b6d63776,2000000000000000000000,Forta,FORT,18,43,171795,78000000000,113315,2702392,deprecated,0xae0b51df,"claim(uint256 index, uint256 amount, bytes32[] merkleProof)",10092999
14968528,1655311328,0xb9df8db373d09303a85139bc871e098cc641c838e98bb55fef03bd101098a853,219,0x3328290fa2e78c045ca704ed13f92b74d55819ae7d309d6d5b0ac915c8aac25b,0x4e7f666cd88254377a2b3b87d301a38ca440da9f,0x41545f8b9472d758bb669ed8eaeeecd7a9c4ec29,0x1673888242bad06cc87a7bcaff392cb27218b3e3,600000000000000000000,Forta,FORT,18,151,191113,71141672684,158254,9252626,deprecated,0x5ae401dc,"multicall(uint256 deadline, bytes[] data)",10092999
14968530,1655311354,0x872fc3dc2dc0bb13126f48d20d9de8649e8a9b7500b5bd55a5c70044e7b5a380,1554,0x69577e6ccead0821dc920270c213a2dd7f3ec668af371e60f3eeeb77d7488ed0,0x988a7bc24a9d0fa49989fb9734bda30f55760ceb,0x41545f8b9472d758bb669ed8eaeeecd7a9c4ec29,0x5b191f5a2b4a867c4ed71858daccc51fc59c69c0,2000000000000000000000,Forta,FORT,18,6,131687,105962509026,113295,732463,deprecated,0xae0b51df,"claim(uint256 index, uint256 amount, bytes32[] merkleProof)",10092997
14968531,1655311357,0x5e26712c39ce992c29de90164202b5dc90e1f950148889230cdb9356cc75495e,62333,0xeea4fbaa44c0f983072890794f80a6af1215dc77950698e73336bde26d28211f,0x1673888242bad06cc87a7bcaff392cb27218b3e3,0x41545f8b9472d758bb669ed8eaeeecd7a9c4ec29,0x46c4128981525aa446e02ffb2ff762f1d6a49170,331684602780941758077,Forta,FORT,18,5,224097,60609203955,124097,936823,deprecated,0x66d30200,,10092996
14968531,1655311357,0x110d0b9e1107e426a42586a2c32635ec2527a9f0eb84e9c472acd0bcf19dfc9e,1924,0xeea4fbaa44c0f983072890794f80a6af1215dc77950698e73336bde26d28211f,0x1673888242bad06cc87a7bcaff392cb27218b3e3,0x41545f8b9472d758bb669ed8eaeeecd7a9c4ec29,0x4ba68123a0ffb26c58ba863b28403611a2d87c3f,767329059718977107925,Forta,FORT,18,6,301849,62109203955,229389,1166212,deprecated,0xc04b8d59,exactInput(tuple params),10092996
14968531,1655311357,0xcc2b6d52c538be6718867724791f906283009108ab69379c23995dba3938c115,62334,0xeea4fbaa44c0f983072890794f80a6af1215dc77950698e73336bde26d28211f,0x46c4128981525aa446e02ffb2ff762f1d6a49170,0x41545f8b9472d758bb669ed8eaeeecd7a9c4ec29,0x1673888242bad06cc87a7bcaff392cb27218b3e3,331684602780941758076,Forta,FORT,18,7,219791,196278325766,119791,1286003,deprecated,0x66d30600,,10092996
14968531,1655311357,0x81a6592fdb744f6c4b0c6388860739151a74e956bed2ababbc78517bc51795c1,30,0xeea4fbaa44c0f983072890794f80a6af1215dc77950698e73336bde26d28211f,0x988a7bc24a9d0fa49989fb9734bda30f55760ceb,0x41545f8b9472d758bb669ed8eaeeecd7a9c4ec29,0xea2b48a6f5c1dc10d2b2ae2fe09d60b55f12dde3,3000000000000000000000,Forta,FORT,18,8,131700,90472491476,113307,1399310,deprecated,0xae0b51df,"claim(uint256 index, uint256 amount, bytes32[] merkleProof)",10092996
14968532,1655311369,0xb972daafec8e8bceeb7c77cde4466c38276fc7b5f78d0f87f9d33278690822bf,0,0xef4091b3dcdec9131707140129dbefcccec7842563462fb995fcc9a58cab0434,0x988a7bc24a9d0fa49989fb9734bda30f55760ceb,0x41545f8b9472d758bb669ed8eaeeecd7a9c4ec29,0x0bae81bf6b518c20eddff63f181c49cdd3411c3b,3000000000000000000000,Forta,FORT,18,93,131673,59643068063,113283,6867773,deprecated,0xae0b51df,"claim(uint256 index, uint256 amount, bytes32[] merkleProof)",10092995
14968532,1655311369,0xa165505908c169b1f542101857eacf25383d432712c5c20693a0f19512dccf5d,0,0xef4091b3dcdec9131707140129dbefcccec7842563462fb995fcc9a58cab0434,0x988a7bc24a9d0fa49989fb9734bda30f55760ceb,0x41545f8b9472d758bb669ed8eaeeecd7a9c4ec29,0x1fe9bb8af73d0b853c64df987d2b422d001da0c5,2000000000000000000000,Forta,FORT,18,94,149851,59643068063,128828,6996601,deprecated,0xae0b51df,"claim(uint256 index, uint256 amount, bytes32[] merkleProof)",10092995
14968532,1655311369,0x6b373734d6a53d21bc5573b44bb078c2eafd548aacd058cddd21397fdb84f68c,0,0xef4091b3dcdec9131707140129dbefcccec7842563462fb995fcc9a58cab0434,0x988a7bc24a9d0fa49989fb9734bda30f55760ceb,0x41545f8b9472d758bb669ed8eaeeecd7a9c4ec29,0xc4e5894df60a4e0a14fd60099ce215fcd3bc936e,2000000000000000000000,Forta,FORT,18,121,131707,59143068063,113313,10392224,deprecated,0xae0b51df,"claim(uint256 index, uint256 amount, bytes32[] merkleProof)",10092995
14968533,1655311374,0xc409f86eccababd24506d5ebcc61d0fa03f948de43d138099fc26ea86f32a77f,150,0x9dc10f6ea4f335355b8ecd2ff8ab34f7b5a653ef4e8f33232047ce78900e5764,0x988a7bc24a9d0fa49989fb9734bda30f55760ceb,0x41545f8b9472d758bb669ed8eaeeecd7a9c4ec29,0x4789f8ed86858dd6879104781293a98569b46b16,2000000000000000000000,Forta,FORT,18,0,131714,99927058281,113319,113319,deprecated,0xae0b51df,"claim(uint256 index, uint256 amount, bytes32[] merkleProof)",10092994
14968534,1655311375,0xa69c5eecce7cbcce1e01086046ab70ff6ac8b97bff6cb683c36dd1591e101e60,0,0x1ecdf00f23b91f0979306ef52ce96f96d073c81a25a5f352b738b7d06976d1ac,0x988a7bc24a9d0fa49989fb9734bda30f55760ceb,0x41545f8b9472d758bb669ed8eaeeecd7a9c4ec29,0x0a36f88b3a80460d57319b7c8fbef424a3372908,2000000000000000000000,Forta,FORT,18,7,131687,99927058281,113295,1685098,deprecated,0xae0b51df,"claim(uint256 index, uint256 amount, bytes32[] merkleProof)",10092993
14968534,1655311375,0x0b0c3be015ffa5073623de3551956aaa2544798e22d88bc47365988089bce073,1,0x1ecdf00f23b91f0979306ef52ce96f96d073c81a25a5f352b738b7d06976d1ac,0x988a7bc24a9d0fa49989fb9734bda30f55760ceb,0x41545f8b9472d758bb669ed8eaeeecd7a9c4ec29,0xf9305e0d41405956c1a87f6c4a8548b7f8a8c76a,2000000000000000000000,Forta,FORT,18,15,131662,87300788126,113275,2066410,deprecated,0xae0b51df,"claim(uint256 index, uint256 amount, bytes32[] merkleProof)",10092993
14968535,1655311386,0x393d01a8bffa41f45a1b60e1c0a815f4fd59059354e2d5339f4955c2dd4eb615,609,0xd2dcfbdef6a32e1e44d3ee400042ce66bfee70d1256ce1a9e64e090842fa0188,0x25659eefd7cae21566a257420bbcb0c8317ef94f,0x41545f8b9472d758bb669ed8eaeeecd7a9c4ec29,0x220bda5c8994804ac96ebe4df184d25e5c2196d4,163487097000000000000,Forta,FORT,18,301,775873,48777949817,441949,26107935,deprecated,0x7c025200,0x7c025200(),10092992
14968535,1655311386,0x393d01a8bffa41f45a1b60e1c0a815f4fd59059354e2d5339f4955c2dd4eb615,609,0xd2dcfbdef6a32e1e44d3ee400042ce66bfee70d1256ce1a9e64e090842fa0188,0x220bda5c8994804ac96ebe4df184d25e5c2196d4,0x41545f8b9472d758bb669ed8eaeeecd7a9c4ec29,0x1111111254fb6c44bac0bed2854e76f90643097d,163487097000000000000,Forta,FORT,18,301,775873,48777949817,441949,26107935,deprecated,0x7c025200,0x7c025200(),10092992
14968535,1655311386,0x393d01a8bffa41f45a1b60e1c0a815f4fd59059354e2d5339f4955c2dd4eb615,609,0xd2dcfbdef6a32e1e44d3ee400042ce66bfee70d1256ce1a9e64e090842fa0188,0x1111111254fb6c44bac0bed2854e76f90643097d,0x41545f8b9472d758bb669ed8eaeeecd7a9c4ec29,0x946dc40199ff4f0324dfb379f01c2949023a5a31,163487097000000000000,Forta,FORT,18,301,775873,48777949817,441949,26107935,deprecated,0x7c025200,0x7c025200(),10092992
14968536,1655311414,0x3d15610d5b8f1982c27dfdb4c8cbf3f21499c8a7bf8af60cd4d87d4be11a7aa0,0,0x394a046b35aef1e5dd44f9e867fda780a5b6c8a0e51c1aa31fd8d15adbefde34,0x988a7bc24a9d0fa49989fb9734bda30f55760ceb,0x41545f8b9472d758bb669ed8eaeeecd7a9c4ec29,0xc5d8d1ed65e76a00100d64a54f7be8d6c066ed1f,3000000000000000000000,Forta,FORT,18,16,131687,87300788126,113295,3116425,deprecated,0xae0b51df,"claim(uint256 index, uint256 amount, bytes32[] merkleProof)",10092991
14968536,1655311414,0x8b3af722f6088feee17aeef5f26fad1f9fbb3244106753f415f37168d5a0f721,0,0x394a046b35aef1e5dd44f9e867fda780a5b6c8a0e51c1aa31fd8d15adbefde34,0x988a7bc24a9d0fa49989fb9734bda30f55760ceb,0x41545f8b9472d758bb669ed8eaeeecd7a9c4ec29,0x2565f601eb9f6fc6112d28849ddf88962db8a68d,2000000000000000000000,Forta,FORT,18,34,131737,71666924726,113339,4535240,deprecated,0xae0b51df,"claim(uint256 index, uint256 amount, bytes32[] merkleProof)",10092991
14968536,1655311414,0xb25759550ab8b8df76f761eb6f97d3a8dd17bc8981a0dd365596fce8ed8a54d1,21,0x394a046b35aef1e5dd44f9e867fda780a5b6c8a0e51c1aa31fd8d15adbefde34,0x988a7bc24a9d0fa49989fb9734bda30f55760ceb,0x41545f8b9472d758bb669ed8eaeeecd7a9c4ec29,0x715acc4a912f979279b9b3d3a46a3cf1e006c033,2000000000000000000000,Forta,FORT,18,61,169504,55623719527,145583,6297145,deprecated,0xdf948001,"externalClaim(tuple _claim,bytes _signature)",10092991
14968536,1655311414,0x1cc5070978f91416dccc6c156f6760b3320989c52b4c65f909b4164b77a22f87,0,0x394a046b35aef1e5dd44f9e867fda780a5b6c8a0e51c1aa31fd8d15adbefde34,0x4aa0d19dd9f3bf115b5e73d611ffed8cafc81711,0x41545f8b9472d758bb669ed8eaeeecd7a9c4ec29,0x4230c402c08cb66dcf3820649a115e54661fce9d,2000000000000000000000,Forta,FORT,18,120,90000,54623719527,58370,16128197,deprecated,0xa9059cbb,"transfer(address _to, uint256 _value)",10092991
14968536,1655311414,0xe76aa664760dae0f6a2a5b856b61d0d45854f926e841f4eda1c3e3a2bb3d7a08,0,0x394a046b35aef1e5dd44f9e867fda780a5b6c8a0e51c1aa31fd8d15adbefde34,0xc47a529e30d07c4e6098bf42f54e1b8f21ec1ab7,0x41545f8b9472d758bb669ed8eaeeecd7a9c4ec29,0x4230c402c08cb66dcf3820649a115e54661fce9d,4000000000000000000000,Forta,FORT,18,122,90000,54623719527,41270,16199419,deprecated,0xa9059cbb,"transfer(address _to, uint256 _value)",10092991
14968536,1655311414,0xda2c801a0f38d5c2192caca9d9c6a33a776423fc10f84e4559df017d69044ba5,1575,0x394a046b35aef1e5dd44f9e867fda780a5b6c8a0e51c1aa31fd8d15adbefde34,0x8993801b6afc20cfeb9d2c0a354e154cd1d79d80,0x41545f8b9472d758bb669ed8eaeeecd7a9c4ec29,0x1673888242bad06cc87a7bcaff392cb27218b3e3,1000000000000000000000,Forta,FORT,18,134,175908,54623719527,137300,16744843,deprecated,0x5ae401dc,"multicall(uint256 deadline, bytes[] data)",10092991
14968536,1655311414,0x79b4e74073a0024b82529a40251bf0041874ae9f29dc2d043d6b5466400f1c1b,304,0x394a046b35aef1e5dd44f9e867fda780a5b6c8a0e51c1aa31fd8d15adbefde34,0xcdb2de3c7e3523f943904bdaab94e316853601ee,0x41545f8b9472d758bb669ed8eaeeecd7a9c4ec29,0x6b2e207615aa7891ee3f157d32fa98570e7c7ad6,3000000000000000000000,Forta,FORT,18,163,95565,54563719527,63170,18272849,deprecated,0xa9059cbb,"transfer(address _to, uint256 _value)",10092991
14968536,1655311414,0xba02db9e938e332ffd2c13a11506a1a0efb835ba188d04ae946e9f366a0d9aed,19,0x394a046b35aef1e5dd44f9e867fda780a5b6c8a0e51c1aa31fd8d15adbefde34,0x19ed32b30b8960df1bb7724d77bdc1954e0086da,0x41545f8b9472d758bb669ed8eaeeecd7a9c4ec29,0x3eb401b5eee373f5afe0162a14a06d5ae5f840cc,2000000000000000000000,Forta,FORT,18,164,95565,54563719527,58370,18331219,deprecated,0xa9059cbb,"transfer(address _to, uint256 _value)",10092991
14968537,1655311439,0x2d26736ec1ac5239760491319129dc3093a94b50e1064dc97eb80b65b68e6c44,6942,0xb790c0fd265b94412d3dbbb9e995eadfcb381cde0c314cb33d93908b37c4da1b,0x1673888242bad06cc87a7bcaff392cb27218b3e3,0x41545f8b9472d758bb669ed8eaeeecd7a9c4ec29,0x0000000000d9455cc7eb92d06e00582a982f68fe,1136490733802561715498,Forta,FORT,18,11,1972000,59199673803,159113,390113,deprecated,0x5c19a95c,delegate(address to),10092990
14968537,1655311439,0x885cdebf42a23ecc6331ed7ac3763e5afde3c3cbff94f8f445701863465fd274,5346,0xb790c0fd265b94412d3dbbb9e995eadfcb381cde0c314cb33d93908b37c4da1b,0x1673888242bad06cc87a7bcaff392cb27218b3e3,0x41545f8b9472d758bb669ed8eaeeecd7a9c4ec29,0x511dbe9e6b7ede607f47d00a681bd5c7a6d397a1,836570323181888936653,Forta,FORT,18,12,306134,60699673803,205754,595867,deprecated,0x5ae401dc,"multicall(uint256 deadline, bytes[] data)",10092990
14968537,1655311439,0x1077d8081cb7913643fcd6fbfc4e0c62d61cc5bc17341a8df568e06f4836e123,4705,0xb790c0fd265b94412d3dbbb9e995eadfcb381cde0c314cb33d93908b37c4da1b,0x0000000000d9455cc7eb92d06e00582a982f68fe,0x41545f8b9472d758bb669ed8eaeeecd7a9c4ec29,0x1673888242bad06cc87a7bcaff392cb27218b3e3,1136490733802561715497,Forta,FORT,18,13,1972000,59199673803,139145,735012,deprecated,0x5c19a95c,delegate(address to),10092990
14968537,1655311439,0xb86f5b7783dbda59ce4a4e1bb77f218987f2909d910550c0aa94a49608f3f01c,0,0xb790c0fd265b94412d3dbbb9e995eadfcb381cde0c314cb33d93908b37c4da1b,0x988a7bc24a9d0fa49989fb9734bda30f55760ceb,0x41545f8b9472d758bb669ed8eaeeecd7a9c4ec29,0xe810627d859dece57a9c49aeab1d2708747bc4f8,3000000000000000000000,Forta,FORT,18,45,129861,71666924726,111718,3578726,deprecated,0xae0b51df,"claim(uint256 index, uint256 amount, bytes32[] merkleProof)",10092990
14968537,1655311439,0x1dfe6a93cfe57e213911d4144164a40a542fcd093f2be1306cb291c23a721f30,3,0xb790c0fd265b94412d3dbbb9e995eadfcb381cde0c314cb33d93908b37c4da1b,0x988a7bc24a9d0fa49989fb9734bda30f55760ceb,0x41545f8b9472d758bb669ed8eaeeecd7a9c4ec29,0xdd3c39f06c735feb7c0b6b1dc7ed95ccfaea030e,2000000000000000000000,Forta,FORT,18,173,131676,61199673803,113287,13287864,deprecated,0xae0b51df,"claim(uint256 index, uint256 amount, bytes32[] merkleProof)",10092990
14968537,1655311439,0xaa581b19783e06d6019c10ea4cdc74be8d680e7d63fa66201624b783eff5f289,2,0xb790c0fd265b94412d3dbbb9e995eadfcb381cde0c314cb33d93908b37c4da1b,0xf9305e0d41405956c1a87f6c4a8548b7f8a8c76a,0x41545f8b9472d758bb669ed8eaeeecd7a9c4ec29,0xb974f30334be2fa0d30eb52d759d30dd84446245,2000000000000000000000,Forta,FORT,18,286,69507,61139673803,41270,23171723,deprecated,0xa9059cbb,"transfer(address _to, uint256 _value)",10092990
14968537,1655311439,0x6b787b05e2eed27e979907ec48d4b30ab8ca01915959780bff2fb71b82bfacf7,4,0xb790c0fd265b94412d3dbbb9e995eadfcb381cde0c314cb33d93908b37c4da1b,0x37787397d6e0e1789324027b8559bed096359c14,0x41545f8b9472d758bb669ed8eaeeecd7a9c4ec29,0x0c9fdd1a24116ff05e9563975385edac5dcd02b7,1000000000000000000000,Forta,FORT,18,292,69507,61139673803,41270,23385331,deprecated,0xa9059cbb,"transfer(address _to, uint256 _value)",10092990
14968537,1655311439,0x781baecdb66430750005d7722a0ed30575ed2b1ee19bfbff362614eb76b9bae1,2666,0xb790c0fd265b94412d3dbbb9e995eadfcb381cde0c314cb33d93908b37c4da1b,0x25659eefd7cae21566a257420bbcb0c8317ef94f,0x41545f8b9472d758bb669ed8eaeeecd7a9c4ec29,0x1673888242bad06cc87a7bcaff392cb27218b3e3,300000000000000000000,Forta,FORT,18,341,325981,60699673803,226474,29335196,deprecated,0x5ae401dc,"multicall(uint256 deadline, bytes[] data)",10092990
14968538,1655311462,0x10f5f9f58bc17767cabf90c16e2c48fd39a7f0a7cacfd484186b84c839438e79,0,0xbd096a8b74a81c0d617b192d56f8461f50f0fec5af2161d69745d6b9aa4c7b2a,0x988a7bc24a9d0fa49989fb9734bda30f55760ceb,0x41545f8b9472d758bb669ed8eaeeecd7a9c4ec29,0xf5a293a14e7817b145528f1106861eb449352621,2000000000000000000000,Forta,FORT,18,91,131701,90299510705,113309,4478685,deprecated,0xae0b51df,"claim(uint256 index, uint256 amount, bytes32[] merkleProof)",10092989
14968538,1655311462,0x9112007c9e22b12d8bc14dccc9f40ffcb25db70277ed3be05f2b02cdbff328f2,1555,0xbd096a8b74a81c0d617b192d56f8461f50f0fec5af2161d69745d6b9aa4c7b2a,0x5b191f5a2b4a867c4ed71858daccc51fc59c69c0,0x41545f8b9472d758bb669ed8eaeeecd7a9c4ec29,0x1aa1506a77f46137935f7e1a8fcb78869c520195,2000000000000000000000,Forta,FORT,18,259,95565,68532398828,58370,15234661,deprecated,0xa9059cbb,"transfer(address _to, uint256 _value)",10092989
14968538,1655311462,0xe9720c9fcef717685251922e59c19071b93ad8ca84ceb616cfc3cc4a7efed5a9,1,0xbd096a8b74a81c0d617b192d56f8461f50f0fec5af2161d69745d6b9aa4c7b2a,0x82b0bc872597da480072e6d631ed0828b8814f98,0x41545f8b9472d758bb669ed8eaeeecd7a9c4ec29,0xa5b8de6ef8b3bbec549ddf63c65c8f238fd47130,2000000000000000000000,Forta,FORT,18,285,95565,68532398828,58370,17146881,deprecated,0xa9059cbb,"transfer(address _to, uint256 _value)",10092989
14968538,1655311462,0x1ec7e2415621981ded897cd60d6040eaebb682b163323c7533d0fa3cdfd378b2,15,0xbd096a8b74a81c0d617b192d56f8461f50f0fec5af2161d69745d6b9aa4c7b2a,0x2300f68064bfaafa381cd36f2695cdfeaac09231,0x41545f8b9472d758bb669ed8eaeeecd7a9c4ec29,0xc4955439772791a3bac2986b217d74bdc3abbad4,2900000000000000000000,Forta,FORT,18,299,95565,68532398828,58370,18828526,deprecated,0xa9059cbb,"transfer(address _to, uint256 _value)",10092989
14968538,1655311462,0x812a70ab02ea5135e407c504db6943c8f9d33ee1b659b9227dc972bce0f470ab,32,0xbd096a8b74a81c0d617b192d56f8461f50f0fec5af2161d69745d6b9aa4c7b2a,0x0ada32f4f7be8dfc1daef23d996f553d6f042a06,0x41545f8b9472d758bb669ed8eaeeecd7a9c4ec29,0x941a587fa8ca564140604d738123448c8cdd8f3a,1000000000000000000000,Forta,FORT,18,361,69507,68092398828,41270,25440022,deprecated,0xa9059cbb,"transfer(address _to, uint256 _value)",10092989
14968538,1655311462,0x05bb29bfa019828713203c88d4215219ac32df415015844f8aa253cf1a61e05c,1,0xbd096a8b74a81c0d617b192d56f8461f50f0fec5af2161d69745d6b9aa4c7b2a,0xc4e5894df60a4e0a14fd60099ce215fcd3bc936e,0x41545f8b9472d758bb669ed8eaeeecd7a9c4ec29,0xceebc6d157f0281757d0c97f8978cdf60b86dfb7,2000000000000000000000,Forta,FORT,18,378,69507,68092398828,41270,26807150,deprecated,0xa9059cbb,"transfer(address _to, uint256 _value)",10092989
14968539,1655311493,0x3404f12601f96c6026c80446af12fa1ae19fd48e164cc9db22126be4882794ce,653,0x218f242fbcad633000ea3066dd3a594e5e8861a3cf3222d4d02c0f460f8e0b36,0x5ddedcdb58d34d58ae47746ff302a6a83f3fc137,0x41545f8b9472d758bb669ed8eaeeecd7a9c4ec29,0x5644facd69d501bd1fb9f6942ca80507674ca5f9,121020553541603242462,Forta,FORT,18,87,95601,76854833173,58394,6091026,deprecated,0xa9059cbb,"transfer(address _to, uint256 _value)",10092988
14968540,1655311505,0x1449a2eb06f7da8b7e79e257b0d6ec476edb74e86866bbae64ee20dbf84294be,0,0xd1a4175b80c808f6ec66f2966c13b1a353f4857e0088c13ffb73c9c0229fd3d5,0x868e582d094a81b5d124a2730f7eb4def766347d,0x41545f8b9472d758bb669ed8eaeeecd7a9c4ec29,0xb739d0895772dbb71a89a3754a160269068f0d45,2000000000000000000000,Forta,FORT,18,28,250000,77736196230,41270,2383210,deprecated,0xa9059cbb,"transfer(address _to, uint256 _value)",10092987
14968540,1655311505,0xa7126b4a4c79b8cab438988c62425a5f03c2cbb4726086c836cc91747dbb9743,0,0xd1a4175b80c808f6ec66f2966c13b1a353f4857e0088c13ffb73c9c0229fd3d5,0xffb8d9dd7516b907a1576c677710eea184bf78f8,0x41545f8b9472d758bb669ed8eaeeecd7a9c4ec29,0xb739d0895772dbb71a89a3754a160269068f0d45,2000000000000000000000,Forta,FORT,18,30,250000,77736196230,41270,2456778,deprecated,0xa9059cbb,"transfer(address _to, uint256 _value)",10092987
14968540,1655311505,0x6f9e49d16ce5c8bb8b95a88925ccb4e987544f0b64690fb2dcd83580fa7895b7,0,0xd1a4175b80c808f6ec66f2966c13b1a353f4857e0088c13ffb73c9c0229fd3d5,0xa3e8ce225aa49fb829b69f25dbafd68da7a9b6c5,0x41545f8b9472d758bb669ed8eaeeecd7a9c4ec29,0xb739d0895772dbb71a89a3754a160269068f0d45,2000000000000000000000,Forta,FORT,18,31,250000,77736196230,41270,2498048,deprecated,0xa9059cbb,"transfer(address _to, uint256 _value)",10092987
14968541,1655311510,0x3c43da79f12900d22257005783cef60d057051a4b210f6c337fbfa34dd02e62b,0,0x42a24c39eb2c64462b5e896e58db7cd006cc3f07d805ca74200beff2a43afccd,0x988a7bc24a9d0fa49989fb9734bda30f55760ceb,0x41545f8b9472d758bb669ed8eaeeecd7a9c4ec29,0x6e8a89b8106b1d0180ed4ddc1e04b56936442dc5,2000000000000000000000,Forta,FORT,18,22,131714,90299510705,113319,999393,deprecated,0xae0b51df,"claim(uint256 index, uint256 amount, bytes32[] merkleProof)",10092986
14968542,1655311524,0x25c634efd86335a91fea8c5cfc17800a6df09cd0116b2ca75810d64ddf785097,0,0x2af1037fb8365d8f561c12d835d5bafdffeafdb3fd6645219300628e7c552e2d,0x988a7bc24a9d0fa49989fb9734bda30f55760ceb,0x41545f8b9472d758bb669ed8eaeeecd7a9c4ec29,0x3669c78c8706b5806e90a11ef46f27c9214c6b1a,2000000000000000000000,Forta,FORT,18,10,129833,112104294345,111692,1285686,deprecated,0xae0b51df,"claim(uint256 index, uint256 amount, bytes32[] merkleProof)",10092985
14968542,1655311524,0xa2e8877e0a6549e67b6ae1d3dcc518fd0326c1c92f8be1065f9001a95647b614,5347,0x2af1037fb8365d8f561c12d835d5bafdffeafdb3fd6645219300628e7c552e2d,0x1673888242bad06cc87a7bcaff392cb27218b3e3,0x41545f8b9472d758bb669ed8eaeeecd7a9c4ec29,0x511dbe9e6b7ede607f47d00a681bd5c7a6d397a1,964395324206537826861,Forta,FORT,18,195,307308,66831660518,210614,11985268,deprecated,0x5ae401dc,"multicall(uint256 deadline, bytes[] data)",10092985
14968542,1655311524,0x407c178a6213f3b342ffb51625112dcea9a520d9beae067c1dc76d8a07a1c9b3,2,0x2af1037fb8365d8f561c12d835d5bafdffeafdb3fd6645219300628e7c552e2d,0x6752b8fce9522d3e2da7a252abb86c1ae2cdb959,0x41545f8b9472d758bb669ed8eaeeecd7a9c4ec29,0x5c9848f937550161759e0f4afde5f4b0ace4b6df,1998000000000000000000,Forta,FORT,18,197,69507,66773460518,41270,12237661,deprecated,0xa9059cbb,"transfer(address _to, uint256 _value)",10092985
14968542,1655311524,0x4050d20c895d04a5796fc85fe0a43e2ec05d63d015c67a5a41add6810924e2f7,1,0x2af1037fb8365d8f561c12d835d5bafdffeafdb3fd6645219300628e7c552e2d,0x987db9d38d60cc3be2e8912e4c23be0eef4fa9e4,0x41545f8b9472d758bb669ed8eaeeecd7a9c4ec29,0xf825c32c91393848a153dc64eaeeba04e401f312,3000000000000000000000,Forta,FORT,18,228,95565,66391660518,58370,20103614,deprecated,0xa9059cbb,"transfer(address _to, uint256 _value)",10092985
14968542,1655311524,0x138b09a6fbc5c01a22b01e2ffe006d1e284f59661f11c82d8a4c17cf3a36d8c1,12,0x2af1037fb8365d8f561c12d835d5bafdffeafdb3fd6645219300628e7c552e2d,0x4158c7c3e80be7c9ae2cbd81a67e5a560bb9cae4,0x41545f8b9472d758bb669ed8eaeeecd7a9c4ec29,0x27e801ab83b96811c95fef81a5d5aeeca2787f8b,500000000000000000000,Forta,FORT,18,234,95565,66391660518,58370,21124523,deprecated,0xa9059cbb,"transfer(address _to, uint256 _value)",10092985
14968542,1655311524,0xfcdded439a76024070ae4924254bfd09c0cf32c1e29de1098f7d74a3996fbbbb,35,0x2af1037fb8365d8f561c12d835d5bafdffeafdb3fd6645219300628e7c552e2d,0x016935c4a0faf521530f919cfe3576f8523a835a,0x41545f8b9472d758bb669ed8eaeeecd7a9c4ec29,0xc9c72bc3afa7df23f0a9dbb407132a1b32c21f80,1000000000000000000000,Forta,FORT,18,243,95565,66391660518,63170,22134486,deprecated,0xa9059cbb,"transfer(address _to, uint256 _value)",10092985
14968542,1655311524,0x0c181493b54519902adb012ffdab901d882bd0406b71c23c908e48a84214c62e,5,0x2af1037fb8365d8f561c12d835d5bafdffeafdb3fd6645219300628e7c552e2d,0x62bc5a67efc9778a85c86ae5caf218f6ca76b519,0x41545f8b9472d758bb669ed8eaeeecd7a9c4ec29,0xb49fbb6deca2000f08706881d1aa43cab1215c50,700000000000000000000,Forta,FORT,18,271,95547,66301660518,63158,24585639,deprecated,0xa9059cbb,"transfer(address _to, uint256 _value)",10092985
14968542,1655311524,0x9807b4895b7397f665bb27920b20953c76a42795c48666a15c7b8a27230a4387,772,0x2af1037fb8365d8f561c12d835d5bafdffeafdb3fd6645219300628e7c552e2d,0x988a7bc24a9d0fa49989fb9734bda30f55760ceb,0x41545f8b9472d758bb669ed8eaeeecd7a9c4ec29,0x6f6c0194a67c2727c61370e76042b3d92f3ac35e,1000000000000000000000,Forta,FORT,18,283,151691,65891660518,130419,25472454,deprecated,0xae0b51df,"claim(uint256 index, uint256 amount, bytes32[] merkleProof)",10092985
14968543,1655311541,0xcc6e258b79f785c3787d0a977a3f820a20e55e066b19969d2be1981a152fe53e,5,0x6dbe1a7c2706697ff752bc0b50b2024c6e5ce43feaccedf09050a9e4be9c231b,0x988a7bc24a9d0fa49989fb9734bda30f55760ceb,0x41545f8b9472d758bb669ed8eaeeecd7a9c4ec29,0x6fce222540015290fb572c82622dc73a431cdf3f,2000000000000000000000,Forta,FORT,18,5,169504,106920383444,145583,794733,deprecated,0xdf948001,"externalClaim(tuple _claim,bytes _signature)",10092984
14968544,1655311550,0xf38f8b2edd71deb24539dbecfc516b1f2c05699dd651505b6681d56d64a94a3b,290,0xee51a2df7790221d8f86b8f4d4e794c8f31bd54583046e60af4fcf8bc4c8433b,0x988a7bc24a9d0fa49989fb9734bda30f55760ceb,0x41545f8b9472d758bb669ed8eaeeecd7a9c4ec29,0x938d18b5bfb3d03d066052d6e513d2915d8797a0,4000000000000000000000,Forta,FORT,18,7,169480,108206283503,145563,484374,deprecated,0xdf948001,"externalClaim(tuple _claim,bytes _signature)",10092983
14968544,1655311550,0x88c0f257fabd32dd2c9589e18e0609562388a4e0fdf0700668068e1cee1c74a5,0,0xee51a2df7790221d8f86b8f4d4e794c8f31bd54583046e60af4fcf8bc4c8433b,0x988a7bc24a9d0fa49989fb9734bda30f55760ceb,0x41545f8b9472d758bb669ed8eaeeecd7a9c4ec29,0xe26226e6f93e90b246d0f433cf2603bb4a960c93,2000000000000000000000,Forta,FORT,18,8,131665,106920383444,113277,597651,deprecated,0xae0b51df,"claim(uint256 index, uint256 amount, bytes32[] merkleProof)",10092983
14968544,1655311550,0x4dd31b816a836f005ff835f3b1bde5002de0064fec4cdac9b017e3504cef44c7,788,0xee51a2df7790221d8f86b8f4d4e794c8f31bd54583046e60af4fcf8bc4c8433b,0x988a7bc24a9d0fa49989fb9734bda30f55760ceb,0x41545f8b9472d758bb669ed8eaeeecd7a9c4ec29,0x16faa6e97aec501eb03d692eb5751e37519cdbb3,2000000000000000000000,Forta,FORT,18,13,131749,98837490777,113349,900108,deprecated,0xae0b51df,"claim(uint256 index, uint256 amount, bytes32[] merkleProof)",10092983
14968544,1655311550,0xc9972b5439ca6b757c528144e07e77acd77504fced3463bd247aa838bd573d03,243,0xee51a2df7790221d8f86b8f4d4e794c8f31bd54583046e60af4fcf8bc4c8433b,0x038d335db120ab59daabe13822421a4210a749fd,0x41545f8b9472d758bb669ed8eaeeecd7a9c4ec29,0xb8833b4ab1755a28e56e289fde725df06b024640,1000000000000000000000,Forta,FORT,18,125,95565,69106777912,58370,6994529,deprecated,0xa9059cbb,"transfer(address _to, uint256 _value)",10092983
14968544,1655311550,0x369107cf0e8f28e8bed72334a582f96d1b3e44ef809b3f481ae7628162d78473,293,0xee51a2df7790221d8f86b8f4d4e794c8f31bd54583046e60af4fcf8bc4c8433b,0xb817f347cc5dc77dabeb45dc071dc4ca80b28e16,0x41545f8b9472d758bb669ed8eaeeecd7a9c4ec29,0x4b33db33db3e76e48f5db937dba00deb3f1736f9,4037237399500000038912,Forta,FORT,18,132,95583,68781431912,58382,8350270,deprecated,0xa9059cbb,"transfer(address _to, uint256 _value)",10092983
14968544,1655311550,0x8a214bc9dc3c1a5333315fbd40fc09297138cfda51de90047af8869f28a16833,1,0xee51a2df7790221d8f86b8f4d4e794c8f31bd54583046e60af4fcf8bc4c8433b,0xcf8160995fee04eed002b00629e1d6fd7aa89102,0x41545f8b9472d758bb669ed8eaeeecd7a9c4ec29,0xa61b314b27a2dc06eeb8c7c80d866d07453522dd,3000000000000000000000,Forta,FORT,18,168,69507,68781431912,41270,15604893,deprecated,0xa9059cbb,"transfer(address _to, uint256 _value)",10092983
14968545,1655311565,0xd99f427d8e186b314b266d646404851bd7b9f73a4be3bdd6a5c3cf380dc676e4,16,0xb885ebf8b84b0956f54e6ed67203222c0029d0241d5a3173c12be6507f91a8fb,0x988a7bc24a9d0fa49989fb9734bda30f55760ceb,0x41545f8b9472d758bb669ed8eaeeecd7a9c4ec29,0x4b2f6d3a23badb60c8405d50289ef3dab9109936,2000000000000000000000,Forta,FORT,18,7,131690,108206283503,113299,1375058,deprecated,0xae0b51df,"claim(uint256 index, uint256 amount, bytes32[] merkleProof)",10092982
14968545,1655311565,0x38a8de7ee72167c308f586fc1f0a9c7485bc286229b7ad3ed4881bd3135bca49,1253,0xb885ebf8b84b0956f54e6ed67203222c0029d0241d5a3173c12be6507f91a8fb,0x988a7bc24a9d0fa49989fb9734bda30f55760ceb,0x41545f8b9472d758bb669ed8eaeeecd7a9c4ec29,0xe5ee2b9d5320f2d1492e16567f36b578372b3d9f,1000000000000000000000,Forta,FORT,18,101,151711,70248316443,130437,7033205,deprecated,0xae0b51df,"claim(uint256 index, uint256 amount, bytes32[] merkleProof)",10092982
14968545,1655311565,0xac2a368f7bc76747c97a6cac8e24eb00fa3e20a5844b5b47ecd916acd29ded0e,252,0xb885ebf8b84b0956f54e6ed67203222c0029d0241d5a3173c12be6507f91a8fb,0x91a7781356735a74aa69bde618b5872c18328754,0x41545f8b9472d758bb669ed8eaeeecd7a9c4ec29,0x1b300c0c2778dcd10715a32384bdec2db4ea5c26,100000000000000000000,Forta,FORT,18,106,95565,70248316443,63170,7566940,deprecated,0xa9059cbb,"transfer(address _to, uint256 _value)",10092982
14968545,1655311565,0x2d16efb28d0235c37ec359eaeca7e65151539735b7fd4edf4c1049b2e7ea433c,151,0xb885ebf8b84b0956f54e6ed67203222c0029d0241d5a3173c12be6507f91a8fb,0x4789f8ed86858dd6879104781293a98569b46b16,0x41545f8b9472d758bb669ed8eaeeecd7a9c4ec29,0xaa9a47fcfdfad9084af98d5ecb23c15b7ad0dfcf,100000000000000000000,Forta,FORT,18,127,95565,70248316443,63170,9391973,deprecated,0xa9059cbb,"transfer(address _to, uint256 _value)",10092982
14968547,1655311585,0x193ef5a49a771f2c55f467ede16b21b209ed526066b5d936ce5db7ae8e8dc107,304,0x58873d160026742c49d5677cebd2e35b256936262ac1a5d93251c3a9928a263b,0x988a7bc24a9d0fa49989fb9734bda30f55760ceb,0x41545f8b9472d758bb669ed8eaeeecd7a9c4ec29,0x3a06bdcad90aebee845b08f28b3995e9b5373a2d,2000000000000000000000,Forta,FORT,18,23,129834,108844663545,111694,3477609,deprecated,0xae0b51df,"claim(uint256 index, uint256 amount, bytes32[] merkleProof)",10092980
14968547,1655311585,0x5a0a8d11528deb44f035004e240e739818a4b624173d5c1bd1bf94e003122402,0,0x58873d160026742c49d5677cebd2e35b256936262ac1a5d93251c3a9928a263b,0x988a7bc24a9d0fa49989fb9734bda30f55760ceb,0x41545f8b9472d758bb669ed8eaeeecd7a9c4ec29,0x0a30a4138e4df846072b3242a3b63ca2d51f8bd6,3000000000000000000000,Forta,FORT,18,28,131712,102422147868,113317,3676055,deprecated,0xae0b51df,"claim(uint256 index, uint256 amount, bytes32[] merkleProof)",10092980
14968547,1655311585,0x2e3580abaf7e00f59974e206a9035f9e1a18e560fd8b2051cae22a64d7c38791,0,0x58873d160026742c49d5677cebd2e35b256936262ac1a5d93251c3a9928a263b,0x0bf62640551b7abebfb890aa9a94659a0053cc52,0x41545f8b9472d758bb669ed8eaeeecd7a9c4ec29,0x4230c402c08cb66dcf3820649a115e54661fce9d,2000000000000000000000,Forta,FORT,18,280,90000,66360947746,41270,23770781,deprecated,0xa9059cbb,"transfer(address _to, uint256 _value)",10092980
14968547,1655311585,0x757f8231890bb9fb2e8ea8b16d20e004a69b039ac318449bfbdd7be2e311f5a8,7,0x58873d160026742c49d5677cebd2e35b256936262ac1a5d93251c3a9928a263b,0x1673888242bad06cc87a7bcaff392cb27218b3e3,0x41545f8b9472d758bb669ed8eaeeecd7a9c4ec29,0x43f08aaac525b75263982b1171ef32495efa2ec0,643465496315675731098,Forta,FORT,18,331,327324,66360947746,227724,25327270,deprecated,0x5ae401dc,"multicall(uint256 deadline, bytes[] data)",10092980
14968548,1655311629,0x0718e5bdb79511e0a009d00f0c07e2c38be5d9a63bea13eb14658c521360bcd6,1207,0xcc794e34ced125b4e01b8fbadb18716993f732940f4d817f864000b3e393d8a8,0x53e262aa44d9fd193be60ab035c41f97ef4eea2a,0x41545f8b9472d758bb669ed8eaeeecd7a9c4ec29,0xfc113c3c96dac8fe5a78c617da35fb1ddd2a8cbd,500119987091301973526,Forta,FORT,18,29,95601,74405087388,58394,2466032,deprecated,0xa9059cbb,"transfer(address _to, uint256 _value)",10092979
14968548,1655311629,0x70056b3ab5fd10610158d3f7262630d8e12209b934ab39679b53acbbdc628050,2,0xcc794e34ced125b4e01b8fbadb18716993f732940f4d817f864000b3e393d8a8,0x0c0cbcf5d86e21f62d159b8a9f415b3343466e88,0x41545f8b9472d758bb669ed8eaeeecd7a9c4ec29,0x9aa9537d6174a2ffc426b819189dacd413bfc851,2000000000000000000000,Forta,FORT,18,57,95565,73905087388,58370,4967800,deprecated,0xa9059cbb,"transfer(address _to, uint256 _value)",10092979
14968548,1655311629,0x69cf4cf03258e360b5f358ce78b67b691edce2054a1815e602045492a5cb2197,74,0xcc794e34ced125b4e01b8fbadb18716993f732940f4d817f864000b3e393d8a8,0xf611ae235b17d1678bbe50210e1b2e4f6a695677,0x41545f8b9472d758bb669ed8eaeeecd7a9c4ec29,0x24415ad8d317f9e6859160a9acebe906d8b40415,1990000000000000000000,Forta,FORT,18,99,69507,73905087388,41270,14018075,deprecated,0xa9059cbb,"transfer(address _to, uint256 _value)",10092979
14968548,1655311629,0x04bd1a83c94c347475d9c13eb4be8a2cb85cbca0aeae3b5756ad9c366c1bba50,1,0xcc794e34ced125b4e01b8fbadb18716993f732940f4d817f864000b3e393d8a8,0xf5a293a14e7817b145528f1106861eb449352621,0x41545f8b9472d758bb669ed8eaeeecd7a9c4ec29,0x6b66ae38ef96f2c34a1e4dd806e8d044a2dd7aa6,2000000000000000000000,Forta,FORT,18,104,95565,73905087388,58370,14211236,deprecated,0xa9059cbb,"transfer(address _to, uint256 _value)",10092979
14968548,1655311629,0x51f650d78ba1002cd39b4d488f4f7c31488b4c6f99d5582e0a3a0c1cc6b449a2,399,0xcc794e34ced125b4e01b8fbadb18716993f732940f4d817f864000b3e393d8a8,0xa5b7922f058b4675dce7acfdc6d43e9b8ec68de6,0x41545f8b9472d758bb669ed8eaeeecd7a9c4ec29,0x9f5c4b231ad045e2b73399fd9c7fd72eb307607f,2000000000000000000000,Forta,FORT,18,144,95565,73905087388,58370,17977846,deprecated,0xa9059cbb,"transfer(address _to, uint256 _value)",10092979
14968551,1655311643,0x6e945f95139aa040986a994abc5bc72c948b844357c79e3702ff30fbb6f894a9,0,0xe64e94ce87f87804e6c3b2e8962266679cb9689748f829a96c42882a1e747cf8,0x988a7bc24a9d0fa49989fb9734bda30f55760ceb,0x41545f8b9472d758bb669ed8eaeeecd7a9c4ec29,0x946c3685038bab4414c70e58287d963d9fc22621,3000000000000000000000,Forta,FORT,18,12,131616,108844663545,113235,964443,deprecated,0xae0b51df,"claim(uint256 index, uint256 amount, bytes32[] merkleProof)",10092976
14968551,1655311643,0xb5317f99ab4cb2fefa5afa80fed38122dc32ac95aa1948b938312e9975f8b1ee,1,0xe64e94ce87f87804e6c3b2e8962266679cb9689748f829a96c42882a1e747cf8,0x988a7bc24a9d0fa49989fb9734bda30f55760ceb,0x41545f8b9472d758bb669ed8eaeeecd7a9c4ec29,0x3f0db4b4030194b134b071967297fecea8d3c529,1000000000000000000000,Forta,FORT,18,14,129825,104307624224,111686,1117001,deprecated,0xae0b51df,"claim(uint256 index, uint256 amount, bytes32[] merkleProof)",10092976
14968551,1655311643,0x6051706e0c8646a70f16c36501d746da4709e745e5af21ae6f1f02c7b844ce9c,1,0xe64e94ce87f87804e6c3b2e8962266679cb9689748f829a96c42882a1e747cf8,0x988a7bc24a9d0fa49989fb9734bda30f55760ceb,0x41545f8b9472d758bb669ed8eaeeecd7a9c4ec29,0xe17acf13bdd7d2ef5a9c8b9f43a1aa03b8333e94,2000000000000000000000,Forta,FORT,18,15,129860,98041421619,111716,1228717,deprecated,0xae0b51df,"claim(uint256 index, uint256 amount, bytes32[] merkleProof)",10092976
14968552,1655311662,0xf4682b65ae7272bf6230268949c0e89874efaff1aeb1aa6b4a16dcbd3817b039,175,0xaba9c8833bda9603757a5859367d6faedf438d507a4153860d003cff4394d52d,0x988a7bc24a9d0fa49989fb9734bda30f55760ceb,0x41545f8b9472d758bb669ed8eaeeecd7a9c4ec29,0x7453019b806919563eac33870fe5f8e5154fdf38,3000000000000000000000,Forta,FORT,18,4,131635,104307624224,113251,301386,deprecated,0xae0b51df,"claim(uint256 index, uint256 amount, bytes32[] merkleProof)",10092975
14968552,1655311662,0xea8b341f6f48127e7b4de390ac612bac6697c2fc0b9ec145ed9ef014c9f427bc,558,0xaba9c8833bda9603757a5859367d6faedf438d507a4153860d003cff4394d52d,0x988a7bc24a9d0fa49989fb9734bda30f55760ceb,0x41545f8b9472d758bb669ed8eaeeecd7a9c4ec29,0xae8ec0f2279440c23fa776696198679e4ddce0c7,2000000000000000000000,Forta,FORT,18,5,131701,104307624224,113309,414695,deprecated,0xae0b51df,"claim(uint256 index, uint256 amount, bytes32[] merkleProof)",10092975
14968552,1655311662,0x3031377fab7ff8aa7b220b28329a18c6193328c9e3cbcebd5bdaecf8588430b5,774,0xaba9c8833bda9603757a5859367d6faedf438d507a4153860d003cff4394d52d,0x6f6c0194a67c2727c61370e76042b3d92f3ac35e,0x41545f8b9472d758bb669ed8eaeeecd7a9c4ec29,0x1673888242bad06cc87a7bcaff392cb27218b3e3,1000000000000000000000,Forta,FORT,18,124,325958,66126258956,225604,7803355,deprecated,0x5ae401dc,"multicall(uint256 deadline, bytes[] data)",10092975
14968553,1655311683,0xd39c53a717648e55ed493debb850dcf5d0af246d0a91e24d1a85c860092e8b58,371,0x00fee784bbd14256fed44a3005280683f816091b8a937228130aad3482295015,0x988a7bc24a9d0fa49989fb9734bda30f55760ceb,0x41545f8b9472d758bb669ed8eaeeecd7a9c4ec29,0x583d2a5621366bd20877908357dc0924deb1da91,1000000000000000000000,Forta,FORT,18,16,151654,92610349193,130387,1774376,deprecated,0xae0b51df,"claim(uint256 index, uint256 amount, bytes32[] merkleProof)",10092974
14968553,1655311683,0xaf92a3a0a68691ba59d3f93db66d2bac0582ed9f2adae79c15061c25e4dbf3f0,29,0x00fee784bbd14256fed44a3005280683f816091b8a937228130aad3482295015,0x988a7bc24a9d0fa49989fb9734bda30f55760ceb,0x41545f8b9472d758bb669ed8eaeeecd7a9c4ec29,0x2418183efe551c65ec5525f8195c63d6473865ea,2000000000000000000000,Forta,FORT,18,17,131735,92610349193,113337,1887713,deprecated,0xae0b51df,"claim(uint256 index, uint256 amount, bytes32[] merkleProof)",10092974
14968553,1655311683,0x18745b37c9ac9499030136c57d0264937a94338d595861d4f0d9ff2b5dde7235,1,0x00fee784bbd14256fed44a3005280683f816091b8a937228130aad3482295015,0x946c3685038bab4414c70e58287d963d9fc22621,0x41545f8b9472d758bb669ed8eaeeecd7a9c4ec29,0xa61b314b27a2dc06eeb8c7c80d866d07453522dd,3000000000000000000000,Forta,FORT,18,116,69507,73407765005,41270,12008891,deprecated,0xa9059cbb,"transfer(address _to, uint256 _value)",10092974
14968554,1655311695,0xb2ec72b0cc92f031b1c75ae351a13a94bbcf5db3a5265c36cdbd02d7e4582280,29578,0x3eefa40c06298db7d1966f9eef2c62105f1d83b11bc6461539c40fe644ba426a,0x1673888242bad06cc87a7bcaff392cb27218b3e3,0x41545f8b9472d758bb669ed8eaeeecd7a9c4ec29,0x00000000008c4fb1c916e0c88fd4cc402d935e7d,150935023206602409138,Forta,FORT,18,3,2000000,70391958606,123912,565966,deprecated,0x0300e466,,10092973
14968554,1655311695,0x9098fe9b71b5096e6b77ef869db34d1e601616a704344c02c60f6d7dff0943e8,5348,0x3eefa40c06298db7d1966f9eef2c62105f1d83b11bc6461539c40fe644ba426a,0x1673888242bad06cc87a7bcaff392cb27218b3e3,0x41545f8b9472d758bb669ed8eaeeecd7a9c4ec29,0x511dbe9e6b7ede607f47d00a681bd5c7a6d397a1,798059725386848138707,Forta,FORT,18,4,307410,71891958606,206786,772752,deprecated,0x5ae401dc,"multicall(uint256 deadline, bytes[] data)",10092973
14968554,1655311695,0x65ecf5716d8309eb86e4c1857ade57513d8429fe54c1170d48e7e064448b32f4,29579,0x3eefa40c06298db7d1966f9eef2c62105f1d83b11bc6461539c40fe644ba426a,0x00000000008c4fb1c916e0c88fd4cc402d935e7d,0x41545f8b9472d758bb669ed8eaeeecd7a9c4ec29,0x1673888242bad06cc87a7bcaff392cb27218b3e3,150935023206602409138,Forta,FORT,18,5,213836,78142189144,122188,894940,deprecated,0x0400e466,,10092973
14968554,1655311695,0x477bf5e66aa2edd719fd4f53136871b8cc10c012a6382b9a1cd0e3a8a8169208,0,0x3eefa40c06298db7d1966f9eef2c62105f1d83b11bc6461539c40fe644ba426a,0x988a7bc24a9d0fa49989fb9734bda30f55760ceb,0x41545f8b9472d758bb669ed8eaeeecd7a9c4ec29,0x92fe2334db6daed23346995988cb4fdfa8b83433,2000000000000000000000,Forta,FORT,18,16,131700,109361647508,113307,1409437,deprecated,0xae0b51df,"claim(uint256 index, uint256 amount, bytes32[] merkleProof)",10092973
14968554,1655311695,0x84f8616b0d60c6a4f5282f2e88230e14cc2aaf7e16009862d7eb8d2a311059d0,9,0x3eefa40c06298db7d1966f9eef2c62105f1d83b11bc6461539c40fe644ba426a,0x988a7bc24a9d0fa49989fb9734bda30f55760ceb,0x41545f8b9472d758bb669ed8eaeeecd7a9c4ec29,0x88fed84dbabd43b7336042beae1eed9a78463a8e,2000000000000000000000,Forta,FORT,18,17,129850,109361647508,111708,1521145,deprecated,0xae0b51df,"claim(uint256 index, uint256 amount, bytes32[] merkleProof)",10092973
14968554,1655311695,0x9c3c35978882f7a55ef0b44468a7f06730731fb4f7ac0b77acc4a7690361eb9d,3,0x3eefa40c06298db7d1966f9eef2c62105f1d83b11bc6461539c40fe644ba426a,0x988a7bc24a9d0fa49989fb9734bda30f55760ceb,0x41545f8b9472d758bb669ed8eaeeecd7a9c4ec29,0x17c7c3062ee53e869ef8f607b93b02df9e45f0b2,1000000000000000000000,Forta,FORT,18,18,131737,109361647508,113339,1634484,deprecated,0xae0b51df,"claim(uint256 index, uint256 amount, bytes32[] merkleProof)",10092973
14968554,1655311695,0xef6441f3b75843118707185130f3f0655be4ed09e2106b9d83c46ce56e222be8,0,0x3eefa40c06298db7d1966f9eef2c62105f1d83b11bc6461539c40fe644ba426a,0x988a7bc24a9d0fa49989fb9734bda30f55760ceb,0x41545f8b9472d758bb669ed8eaeeecd7a9c4ec29,0x830ae9d3348df93dd38d66cae22dc8c20b1dfa4a,2000000000000000000000,Forta,FORT,18,22,131726,104307624224,113329,1966308,deprecated,0xae0b51df,"claim(uint256 index, uint256 amount, bytes32[] merkleProof)",10092973
14968554,1655311695,0x34757ce748eade3fce0a293b012415b37bfcb1ce9635c31a8722bff8489aff3f,33,0x3eefa40c06298db7d1966f9eef2c62105f1d83b11bc6461539c40fe644ba426a,0x988a7bc24a9d0fa49989fb9734bda30f55760ceb,0x41545f8b9472d758bb669ed8eaeeecd7a9c4ec29,0x386f6b908640d9f394ef37bc1b8c3a4018fa3db1,4000000000000000000000,Forta,FORT,18,36,169518,97689388434,145595,2600550,deprecated,0xdf948001,"externalClaim(tuple _claim,bytes _signature)",10092973
14968554,1655311695,0x6115b9e52e28c9a22ba7ab2003eda17105fd0a963a14f849bea9d5f2079be8d4,9,0x3eefa40c06298db7d1966f9eef2c62105f1d83b11bc6461539c40fe644ba426a,0x524987dc402e16364a431fd185b99f434b5725d3,0x41545f8b9472d758bb669ed8eaeeecd7a9c4ec29,0x7f4bb44a3628a3f59fd929264cfe6439bbe90216,1000000000000000000,Forta,FORT,18,37,95547,95000000000,63158,2663708,deprecated,0xa9059cbb,"transfer(address _to, uint256 _value)",10092973
14968554,1655311695,0x32a13f776c6d7b667ba41d4077768273edda60222b68525dbb4488055f7751cd,0,0x3eefa40c06298db7d1966f9eef2c62105f1d83b11bc6461539c40fe644ba426a,0x275060f36f9685c7c05be10af9d3064f2d3eec2a,0x41545f8b9472d758bb669ed8eaeeecd7a9c4ec29,0x4230c402c08cb66dcf3820649a115e54661fce9d,3000000000000000000000,Forta,FORT,18,227,90000,72391958606,41270,16952042,deprecated,0xa9059cbb,"transfer(address _to, uint256 _value)",10092973
14968554,1655311695,0xf62b0974853859f3c5dee753e7d340a157d16b2a287e0272c05f93fb2f7eba3b,0,0x3eefa40c06298db7d1966f9eef2c62105f1d83b11bc6461539c40fe644ba426a,0xd3f1a6c45b8f1889860db41baa0550ea635a6a76,0x41545f8b9472d758bb669ed8eaeeecd7a9c4ec29,0x4230c402c08cb66dcf3820649a115e54661fce9d,2000000000000000000000,Forta,FORT,18,304,90000,72391958606,41270,19668634,deprecated,0xa9059cbb,"transfer(address _to, uint256 _value)",10092973
14968554,1655311695,0xbdb70ceb755e2bc240476fb08760c791d81d91b04e018565d2459464cd9bda08,1,0x3eefa40c06298db7d1966f9eef2c62105f1d83b11bc6461539c40fe644ba426a,0x1c9b7577802f0caf351a3e07b4c7c6d5f47c0b7e,0x41545f8b9472d758bb669ed8eaeeecd7a9c4ec29,0x8e155d81d613c8d6379ac96e801e3b3845588755,1000000000000000000000,Forta,FORT,18,364,95565,71891958606,63170,25612932,deprecated,0xa9059cbb,"transfer(address _to, uint256 _value)",10092973
14968555,1655311747,0x3808893f99a850ffbe62308b7bf4786a2177d6ab9435646fed28f2d2a320e647,0,0x1274295e942120b62fbf07547e4e90df2dd27977bade33ed4d5778859ca2633f,0x988a7bc24a9d0fa49989fb9734bda30f55760ceb,0x41545f8b9472d758bb669ed8eaeeecd7a9c4ec29,0xe5200c42061e90a3dbadbdfa60cbd9d31bcde76b,2000000000000000000000,Forta,FORT,18,28,131684,109361647508,113293,3870278,deprecated,0xae0b51df,"claim(uint256 index, uint256 amount, bytes32[] merkleProof)",10092972
14968555,1655311747,0x79b32e5e8229a6234cabe40f941382086e84769ab7ba91f96ef5276a12daf86f,5,0x1274295e942120b62fbf07547e4e90df2dd27977bade33ed4d5778859ca2633f,0x988a7bc24a9d0fa49989fb9734bda30f55760ceb,0x41545f8b9472d758bb669ed8eaeeecd7a9c4ec29,0x5dbcf858bf48b487eb61c83bf7fab66215d1e07f,2000000000000000000000,Forta,FORT,18,114,131688,81493449383,113297,9390605,deprecated,0xae0b51df,"claim(uint256 index, uint256 amount, bytes32[] merkleProof)",10092972
14968555,1655311747,0x8a7af1f12dd989c6c7c7b46ddf86c9329a7b06266f4e4e30b175dbd14c8ec9f0,4,0x1274295e942120b62fbf07547e4e90df2dd27977bade33ed4d5778859ca2633f,0x6315ac7fffb095c091ed396a2a8471a5d7332e14,0x41545f8b9472d758bb669ed8eaeeecd7a9c4ec29,0x15d29fc965d37318cb41a0b6ae4d52579f7ea1de,1100000000000000000000,Forta,FORT,18,137,95565,81181567837,58370,10851754,deprecated,0xa9059cbb,"transfer(address _to, uint256 _value)",10092972
14968555,1655311747,0xb58299255084eb42fec79b4137a93da8cfaafa72bd33d6daf20a13aade138c63,1255,0x1274295e942120b62fbf07547e4e90df2dd27977bade33ed4d5778859ca2633f,0xe5ee2b9d5320f2d1492e16567f36b578372b3d9f,0x41545f8b9472d758bb669ed8eaeeecd7a9c4ec29,0x1673888242bad06cc87a7bcaff392cb27218b3e3,1000000000000000000000,Forta,FORT,18,163,326036,81181567837,225642,12584300,deprecated,0x5ae401dc,"multicall(uint256 deadline, bytes[] data)",10092972
14968555,1655311747,0x5a31ee1e5af69450f7cbfca222a0c1e1d0731025e0614ebc03276ccbc4dea4d2,176,0x1274295e942120b62fbf07547e4e90df2dd27977bade33ed4d5778859ca2633f,0x7453019b806919563eac33870fe5f8e5154fdf38,0x41545f8b9472d758bb669ed8eaeeecd7a9c4ec29,0x6aa0d8cab42b5afe4f3e66ed31ee5f10180a14dd,3000000000000000000000,Forta,FORT,18,194,95565,80681567837,58370,14476094,deprecated,0xa9059cbb,"transfer(address _to, uint256 _value)",10092972
14968555,1655311747,0x941139e515ab3653cbeca4e6e206a4a2cee0fa94070117425242c91c83f7b464,1131,0x1274295e942120b62fbf07547e4e90df2dd27977bade33ed4d5778859ca2633f,0x1673888242bad06cc87a7bcaff392cb27218b3e3,0x41545f8b9472d758bb669ed8eaeeecd7a9c4ec29,0x7f463290f429118add2f8d7df4c41485916f3be4,690772993641155119501,Forta,FORT,18,205,292443,80681567837,215353,15535857,deprecated,0x5ae401dc,"multicall(uint256 deadline, bytes[] data)",10092972
14968555,1655311747,0xe7851f92f08cbf341efa182c4309e334d620cfba7e45bf43e69333684027e6de,789,0x1274295e942120b62fbf07547e4e90df2dd27977bade33ed4d5778859ca2633f,0x16faa6e97aec501eb03d692eb5751e37519cdbb3,0x41545f8b9472d758bb669ed8eaeeecd7a9c4ec29,0x1aa1506a77f46137935f7e1a8fcb78869c520195,2000000000000000000000,Forta,FORT,18,233,69507,80681567837,41270,18721074,deprecated,0xa9059cbb,"transfer(address _to, uint256 _value)",10092972
14968555,1655311747,0x6b2cb0cc574aaa7c585a6fe3c1eb8a8373515f778f08482b2752493804b1dcff,1,0x1274295e942120b62fbf07547e4e90df2dd27977bade33ed4d5778859ca2633f,0x2565f601eb9f6fc6112d28849ddf88962db8a68d,0x41545f8b9472d758bb669ed8eaeeecd7a9c4ec29,0xe8eece320d7b1af7f3dc17d494d221f62fa7aabd,2000000000000000000000,Forta,FORT,18,316,95565,80681567837,58370,24841227,deprecated,0xa9059cbb,"transfer(address _to, uint256 _value)",10092972
14968555,1655311747,0xfd08a208646df3c7c2a7fbbdb421ab70839056bda4948b1e0f60aa2d96da63ed,8,0x1274295e942120b62fbf07547e4e90df2dd27977bade33ed4d5778859ca2633f,0x1e0eb92bdd060c9386d5b43943cf5f2b083f90db,0x41545f8b9472d758bb669ed8eaeeecd7a9c4ec29,0xc6a70f17da8bb67ca592007025cc13a3d0305c88,1500000000000000000000,Forta,FORT,18,335,69489,80681567837,41258,26555385,deprecated,0xa9059cbb,"transfer(address _to, uint256 _value)",10092972
14968556,1655311782,0x42bb7e4be928605f3575e4df206718003dac877d64e8b0f1280b9e72d0bc11f9,4039,0x7279c99773a2432e4649f664b146ddfef42c4bff0327d5357f672f795d4a77e2,0x988a7bc24a9d0fa49989fb9734bda30f55760ceb,0x41545f8b9472d758bb669ed8eaeeecd7a9c4ec29,0x93cdb0a93fc36f6a53ed21ecf6305ab80d06beca,4000000000000000000000,Forta,FORT,18,3,169518,120272351756,145595,412031,deprecated,0xdf948001,"externalClaim(tuple _claim,bytes _signature)",10092971
14968556,1655311782,0x3f01c180676e3568ab5ab0d0673bc140c4c1dd72da6e041f2eb8842f19320206,4,0x7279c99773a2432e4649f664b146ddfef42c4bff0327d5357f672f795d4a77e2,0x988a7bc24a9d0fa49989fb9734bda30f55760ceb,0x41545f8b9472d758bb669ed8eaeeecd7a9c4ec29,0x78d7e99116ca8c5ae8adb1299813fc9c638545bb,1000000000000000000000,Forta,FORT,18,6,151688,107087937909,130417,636996,deprecated,0xae0b51df,"claim(uint256 index, uint256 amount, bytes32[] merkleProof)",10092971
14968556,1655311782,0x234bcfd6d59af053ca8bf760c009b3e549a4ec88e65288dcce810927797d0951,0,0x7279c99773a2432e4649f664b146ddfef42c4bff0327d5357f672f795d4a77e2,0x988a7bc24a9d0fa49989fb9734bda30f55760ceb,0x41545f8b9472d758bb669ed8eaeeecd7a9c4ec29,0x22f316df090c6f0ec4e92deb71fb8cc6582f9780,2000000000000000000000,Forta,FORT,18,7,131688,107087937909,113297,750293,deprecated,0xae0b51df,"claim(uint256 index, uint256 amount, bytes32[] merkleProof)",10092971
14968556,1655311782,0x69553273d27c874622ebdcf59429b50d396019c228396aa50454d313f4e5d1b0,927,0x7279c99773a2432e4649f664b146ddfef42c4bff0327d5357f672f795d4a77e2,0x1673888242bad06cc87a7bcaff392cb27218b3e3,0x41545f8b9472d758bb669ed8eaeeecd7a9c4ec29,0x36bc2a779283b0581728c1a52b1eeab4e2585b08,283435159940119130089,Forta,FORT,18,94,257272,90438773280,189560,8051687,deprecated,0x5ae401dc,"multicall(uint256 deadline, bytes[] data)",10092971
14968557,1655311792,0xa8d589280a22707c894307b6e1529f7f414bd71fc03ded7628000755585564aa,334,0xc32d53faf917b36d6eb72d9f16c0977cec8cdfb6956d6d721dd6b8f904236a02,0x988a7bc24a9d0fa49989fb9734bda30f55760ceb,0x41545f8b9472d758bb669ed8eaeeecd7a9c4ec29,0x1b12a86b6747772eb526b88f57b319b48279726d,1000000000000000000000,Forta,FORT,18,9,131707,134908159920,113313,2084389,deprecated,0xae0b51df,"claim(uint256 index, uint256 amount, bytes32[] merkleProof)",10092970
14968557,1655311792,0x7e3d8b9fd1b02ef108fe96b2f1010c5c3618241191e0070243a4647d8afbd0c8,17,0xc32d53faf917b36d6eb72d9f16c0977cec8cdfb6956d6d721dd6b8f904236a02,0x988a7bc24a9d0fa49989fb9734bda30f55760ceb,0x41545f8b9472d758bb669ed8eaeeecd7a9c4ec29,0x528534c9f7942515c3a1906cf43f1004d18bedc6,2000000000000000000000,Forta,FORT,18,11,169490,134908159920,145571,2250960,deprecated,0xdf948001,"externalClaim(tuple _claim,bytes _signature)",10092970
14968557,1655311792,0xe313637e4edbf317bd8b1b21e3c6d32cfa5917c5525700228e4b95bc645249ea,2,0xc32d53faf917b36d6eb72d9f16c0977cec8cdfb6956d6d721dd6b8f904236a02,0x988a7bc24a9d0fa49989fb9734bda30f55760ceb,0x41545f8b9472d758bb669ed8eaeeecd7a9c4ec29,0xf38d67df58ca63a87f3cdf0cb15af6aa363af520,2000000000000000000000,Forta,FORT,18,18,131712,120272351756,113317,2599816,deprecated,0xae0b51df,"claim(uint256 index, uint256 amount, bytes32[] merkleProof)",10092970
14968557,1655311792,0xec85952e920de5432a0b9de49eb6d7e9f8bd82c9261f64dc0b2f0d4a8d4339d7,0,0xc32d53faf917b36d6eb72d9f16c0977cec8cdfb6956d6d721dd6b8f904236a02,0x988a7bc24a9d0fa49989fb9734bda30f55760ceb,0x41545f8b9472d758bb669ed8eaeeecd7a9c4ec29,0x6169e1c59d3d1d2155cd5c95f12ec4089cf76d60,2000000000000000000000,Forta,FORT,18,19,131688,120272351756,113297,2713113,deprecated,0xae0b51df,"claim(uint256 index, uint256 amount, bytes32[] merkleProof)",10092970
14968557,1655311792,0xb60de783debe77795c78fd6317855eb7e6c394dbf2e5c53a2c03a9110493810a,7,0xc32d53faf917b36d6eb72d9f16c0977cec8cdfb6956d6d721dd6b8f904236a02,0x988a7bc24a9d0fa49989fb9734bda30f55760ceb,0x41545f8b9472d758bb669ed8eaeeecd7a9c4ec29,0xfc5a2c0652374e4a0eb9a6a10bb7d6c686e4b36b,3000000000000000000000,Forta,FORT,18,20,131726,120272351756,113329,2826442,deprecated,0xae0b51df,"claim(uint256 index, uint256 amount, bytes32[] merkleProof)",10092970
14968557,1655311792,0xb13ae0308d485579a8dbde2b9fbe7d85e60413901b9502f7062884c2284d5817,57,0xc32d53faf917b36d6eb72d9f16c0977cec8cdfb6956d6d721dd6b8f904236a02,0x988a7bc24a9d0fa49989fb9734bda30f55760ceb,0x41545f8b9472d758bb669ed8eaeeecd7a9c4ec29,0x6523a8b507c189a6640095afe5a72c743acc587f,2000000000000000000000,Forta,FORT,18,41,131749,107087937909,113349,4033544,deprecated,0xae0b51df,"claim(uint256 index, uint256 amount, bytes32[] merkleProof)",10092970
14968557,1655311792,0x9afdda61e9670851855b99b497798c910ecf8964b2d71457eb6cf3281003fcd6,0,0xc32d53faf917b36d6eb72d9f16c0977cec8cdfb6956d6d721dd6b8f904236a02,0xd25da4e95195e24efcc8ac6351e08117afabb2cd,0x41545f8b9472d758bb669ed8eaeeecd7a9c4ec29,0xb739d0895772dbb71a89a3754a160269068f0d45,2000000000000000000000,Forta,FORT,18,188,250000,87031679303,41270,14569647,deprecated,0xa9059cbb,"transfer(address _to, uint256 _value)",10092970
14968557,1655311792,0x3362c2f6d6871595482f033ceaa9fce44ed25980d1d2168022fd8a5b654c713c,0,0xc32d53faf917b36d6eb72d9f16c0977cec8cdfb6956d6d721dd6b8f904236a02,0x81342cab9c242f6bc76543b40c3e8450107516b6,0x41545f8b9472d758bb669ed8eaeeecd7a9c4ec29,0xb739d0895772dbb71a89a3754a160269068f0d45,2000000000000000000000,Forta,FORT,18,191,250000,87031679303,41270,14670716,deprecated,0xa9059cbb,"transfer(address _to, uint256 _value)",10092970
14968557,1655311792,0x2326bf638c0f2cac30be4049241d05fa381816d47f658d89b59cd678e82dbc08,0,0xc32d53faf917b36d6eb72d9f16c0977cec8cdfb6956d6d721dd6b8f904236a02,0x4e9a2f4568d9fba43b38fd27257213b49fe7a0a4,0x41545f8b9472d758bb669ed8eaeeecd7a9c4ec29,0xb739d0895772dbb71a89a3754a160269068f0d45,100000000000000000000,Forta,FORT,18,193,250000,87031679303,41270,14874276,deprecated,0xa9059cbb,"transfer(address _to, uint256 _value)",10092970
14968557,1655311792,0x2aa26b028ed4360e8c9cbd6604ec979c7f4e6650d1e60ef726441a4c2737a236,0,0xc32d53faf917b36d6eb72d9f16c0977cec8cdfb6956d6d721dd6b8f904236a02,0x8bcf136366c9070858408436e1a370bc0320e7fb,0x41545f8b9472d758bb669ed8eaeeecd7a9c4ec29,0xb739d0895772dbb71a89a3754a160269068f0d45,938000000000000000000,Forta,FORT,18,214,250000,87031679303,46070,16136462,deprecated,0xa9059cbb,"transfer(address _to, uint256 _value)",10092970
14968557,1655311792,0x3a35cb9946f2be16cf3dca6080e795258d9378dc888699623090d6aa375a572a,0,0xc32d53faf917b36d6eb72d9f16c0977cec8cdfb6956d6d721dd6b8f904236a02,0x0478ec2d8823957c2c24c9e125852aa9087fd266,0x41545f8b9472d758bb669ed8eaeeecd7a9c4ec29,0xb739d0895772dbb71a89a3754a160269068f0d45,1718122016322230915307,Forta,FORT,18,222,250000,87031679303,41294,16557008,deprecated,0xa9059cbb,"transfer(address _to, uint256 _value)",10092970
14968557,1655311792,0x77aa579c50afd12ee8fc5753409191d420b42e89c3c5b85a672c932e41d8ad75,0,0xc32d53faf917b36d6eb72d9f16c0977cec8cdfb6956d6d721dd6b8f904236a02,0xd23e26e0fff30a5b58e5cf94dd0a84dd1ffd8b99,0x41545f8b9472d758bb669ed8eaeeecd7a9c4ec29,0xb739d0895772dbb71a89a3754a160269068f0d45,3000000000000000000000,Forta,FORT,18,223,250000,87031679303,41270,16598278,deprecated,0xa9059cbb,"transfer(address _to, uint256 _value)",10092970
14968557,1655311792,0xb8d8f75093a578e69057f6568b5ea74a031ab269e149b786e3c727aeb630c508,654,0xc32d53faf917b36d6eb72d9f16c0977cec8cdfb6956d6d721dd6b8f904236a02,0x1673888242bad06cc87a7bcaff392cb27218b3e3,0x41545f8b9472d758bb669ed8eaeeecd7a9c4ec29,0x5ddedcdb58d34d58ae47746ff302a6a83f3fc137,568781125410141137376,Forta,FORT,18,381,473888,86531679303,349476,26476322,deprecated,0x5ae401dc,"multicall(uint256 deadline, bytes[] data)",10092970
14968557,1655311792,0x5cf7fd5a94d83d2005e3303a0850a9278c6692b1df84eaae36a6d23790f938ff,30,0xc32d53faf917b36d6eb72d9f16c0977cec8cdfb6956d6d721dd6b8f904236a02,0x2418183efe551c65ec5525f8195c63d6473865ea,0x41545f8b9472d758bb669ed8eaeeecd7a9c4ec29,0x0fafd80e9a043cceddb81f3c066f6ff6eaaab7a5,2000000000000000000000,Forta,FORT,18,422,95565,86441679303,58370,28727400,deprecated,0xa9059cbb,"transfer(address _to, uint256 _value)",10092970
14968558,1655311838,0xcecb174af60dc18b8d37d248cc82599bfacb7a9156ea2e985e557e10b039935d,0,0x05e11295196c14be8676d2ea8bedda07ebb2cfd44b212db3854c141f78731aff,0x988a7bc24a9d0fa49989fb9734bda30f55760ceb,0x41545f8b9472d758bb669ed8eaeeecd7a9c4ec29,0x0b478d31559ffe8ef80eaefdf6da82d750f96358,3000000000000000000000,Forta,FORT,18,14,129846,134908159920,111704,1580079,deprecated,0xae0b51df,"claim(uint256 index, uint256 amount, bytes32[] merkleProof)",10092969
14968558,1655311838,0xfab87c6f991bbf4163a3b45ae71b891edefd7418ab79d52b56e8986e8e85116b,154,0x05e11295196c14be8676d2ea8bedda07ebb2cfd44b212db3854c141f78731aff,0x988a7bc24a9d0fa49989fb9734bda30f55760ceb,0x41545f8b9472d758bb669ed8eaeeecd7a9c4ec29,0x31b6f2771e2e56aa754b319b7ee8134d9bd66cc0,2000000000000000000000,Forta,FORT,18,15,131673,134908159920,113283,1693362,deprecated,0xae0b51df,"claim(uint256 index, uint256 amount, bytes32[] merkleProof)",10092969
14968558,1655311838,0x529252f9a925402142f778f114fd0aa6a803fa4a172375e9831cba4fa28f3415,45,0x05e11295196c14be8676d2ea8bedda07ebb2cfd44b212db3854c141f78731aff,0x988a7bc24a9d0fa49989fb9734bda30f55760ceb,0x41545f8b9472d758bb669ed8eaeeecd7a9c4ec29,0x0ea3a94701239ad50ea268248e5f168bcea1606f,2000000000000000000000,Forta,FORT,18,16,131662,134908159920,113275,1806637,deprecated,0xae0b51df,"claim(uint256 index, uint256 amount, bytes32[] merkleProof)",10092969
14968558,1655311838,0xd9ddd05a1728d971c246a48a67e9b6322f1a3c503b0e3b6a3f43dd42bd14bc5d,0,0x05e11295196c14be8676d2ea8bedda07ebb2cfd44b212db3854c141f78731aff,0x988a7bc24a9d0fa49989fb9734bda30f55760ceb,0x41545f8b9472d758bb669ed8eaeeecd7a9c4ec29,0xf491bea48c1ef708811e71b9d4f6a3661d1b9ee1,2000000000000000000000,Forta,FORT,18,17,131690,134908159920,113299,1919936,deprecated,0xae0b51df,"claim(uint256 index, uint256 amount, bytes32[] merkleProof)",10092969
14968558,1655311838,0x559a2a4397fa59d38f331e38d07eee7228977150fb5cd2a6ba1bae418c8f8547,3,0x05e11295196c14be8676d2ea8bedda07ebb2cfd44b212db3854c141f78731aff,0x988a7bc24a9d0fa49989fb9734bda30f55760ceb,0x41545f8b9472d758bb669ed8eaeeecd7a9c4ec29,0x34a9cec496ff1f90c9caa81a0fee1ebd628281f8,2000000000000000000000,Forta,FORT,18,19,131721,129047518955,113325,2080541,deprecated,0xae0b51df,"claim(uint256 index, uint256 amount, bytes32[] merkleProof)",10092969
14968558,1655311838,0x867b397d619e67b4604d7aa40b3332d355142e51402f412cb93a747d58dc8cd0,0,0x05e11295196c14be8676d2ea8bedda07ebb2cfd44b212db3854c141f78731aff,0x988a7bc24a9d0fa49989fb9734bda30f55760ceb,0x41545f8b9472d758bb669ed8eaeeecd7a9c4ec29,0x17bb4c6990df05a401115c16c119a5eb36a9c585,2000000000000000000000,Forta,FORT,18,20,129850,129047518955,111708,2192249,deprecated,0xae0b51df,"claim(uint256 index, uint256 amount, bytes32[] merkleProof)",10092969
14968558,1655311838,0x6aba761ae2971ceb4ea30b8621045894f3606025ca18f0867a7949da98aeea13,14,0x05e11295196c14be8676d2ea8bedda07ebb2cfd44b212db3854c141f78731aff,0x988a7bc24a9d0fa49989fb9734bda30f55760ceb,0x41545f8b9472d758bb669ed8eaeeecd7a9c4ec29,0x2743488eed09dcdd7ba87306908876f656a407c8,2000000000000000000000,Forta,FORT,18,21,169504,129047518955,145583,2337832,deprecated,0xdf948001,"externalClaim(tuple _claim,bytes _signature)",10092969
14968558,1655311838,0xe606e9df3bba1b979aef66435666110ad4ac5a1c4f1d7347b43c35af7f6920a5,1132,0x05e11295196c14be8676d2ea8bedda07ebb2cfd44b212db3854c141f78731aff,0x7f463290f429118add2f8d7df4c41485916f3be4,0x41545f8b9472d758bb669ed8eaeeecd7a9c4ec29,0x47fb4e71afd9971d7f80b2acf1b1f074bae1e5b1,690000000000000000000,Forta,FORT,18,198,95565,97655088767,63170,11995759,deprecated,0xa9059cbb,"transfer(address _to, uint256 _value)",10092969
14968558,1655311838,0x48a55cc0534cdd32f8e981f1d392401eb29cfbfa9355b0b13dd125dc02ffcf26,316,0x05e11295196c14be8676d2ea8bedda07ebb2cfd44b212db3854c141f78731aff,0x988a7bc24a9d0fa49989fb9734bda30f55760ceb,0x41545f8b9472d758bb669ed8eaeeecd7a9c4ec29,0x00fda08b1b0a63db0078c641604d5f7f6fe4723b,1000000000000000000000,Forta,FORT,18,253,251665,97155088767,130397,16225364,deprecated,0xae0b51df,"claim(uint256 index, uint256 amount, bytes32[] merkleProof)",10092969
14968558,1655311838,0xc38f80c921dcd42d90e8921a7750c51b02364e361b501ae79c42eac764635b0e,9,0x05e11295196c14be8676d2ea8bedda07ebb2cfd44b212db3854c141f78731aff,0x770ae9a0a5f2869d774b07177e10c6dd811e9809,0x41545f8b9472d758bb669ed8eaeeecd7a9c4ec29,0x1673888242bad06cc87a7bcaff392cb27218b3e3,2000000000000000000000,Forta,FORT,18,261,256440,97155088767,206709,16698026,deprecated,0x5ae401dc,"multicall(uint256 deadline, bytes[] data)",10092969
14968559,1655311870,0xf91d1827822175b12311306949bc7f1867c00c40ea01bd3eab49e2bd70ed58af,0,0xd9c17ce4a5c21665f3b2fb810b7fb319bcf0633ff4df023b143c30896004d332,0x988a7bc24a9d0fa49989fb9734bda30f55760ceb,0x41545f8b9472d758bb669ed8eaeeecd7a9c4ec29,0xfed7d23b7bd6909684318638f65797affda5bc90,3000000000000000000000,Forta,FORT,18,6,129895,129047518955,111746,820827,deprecated,0xae0b51df,"claim(uint256 index, uint256 amount, bytes32[] merkleProof)",10092968
14968559,1655311870,0x0e9cf0ab34a5cf78634a50b87807278ea253bba46d81453db6a70f43814f1224,5,0xd9c17ce4a5c21665f3b2fb810b7fb319bcf0633ff4df023b143c30896004d332,0x988a7bc24a9d0fa49989fb9734bda30f55760ceb,0x41545f8b9472d758bb669ed8eaeeecd7a9c4ec29,0x4cf40107f03bdb0ab3cf854d6fe3c22f137f7e90,2000000000000000000000,Forta,FORT,18,7,129860,129047518955,111716,932543,deprecated,0xae0b51df,"claim(uint256 index, uint256 amount, bytes32[] merkleProof)",10092968
14968559,1655311870,0x810f2431b030730f59550f0e564a5a407600e4d1dd0b42dc2011421879b61fa1,0,0xd9c17ce4a5c21665f3b2fb810b7fb319bcf0633ff4df023b143c30896004d332,0x60c743d7dd2d05d219eea662ba1459a83fbb185d,0x41545f8b9472d758bb669ed8eaeeecd7a9c4ec29,0x4230c402c08cb66dcf3820649a115e54661fce9d,4000000000000000000000,Forta,FORT,18,76,90000,103709085783,41270,5317942,deprecated,0xa9059cbb,"transfer(address _to, uint256 _value)",10092968
14968559,1655311870,0xd4ebed6365ee037f0448ada1227d3dfc9f91e8b5f3d0b402809c196a2472d2eb,160,0xd9c17ce4a5c21665f3b2fb810b7fb319bcf0633ff4df023b143c30896004d332,0x72bf07f4a11e9657f56250b560be11a63ca16757,0x41545f8b9472d758bb669ed8eaeeecd7a9c4ec29,0x157fda0a30623d5e335e20e0d6dcd92564b39885,2995000000000000000000,Forta,FORT,18,124,69507,103209085783,46070,8477208,deprecated,0xa9059cbb,"transfer(address _to, uint256 _value)",10092968
14968559,1655311870,0x7b39304c9fffa04df912c5d7285eafe5955b336194eb9329f057f31c58fd0181,10,0xd9c17ce4a5c21665f3b2fb810b7fb319bcf0633ff4df023b143c30896004d332,0x88fed84dbabd43b7336042beae1eed9a78463a8e,0x41545f8b9472d758bb669ed8eaeeecd7a9c4ec29,0xd4b964f9c9161bdc3b6922a0acba0af626d72124,2000000000000000000000,Forta,FORT,18,143,95565,103209085783,58370,10724457,deprecated,0xa9059cbb,"transfer(address _to, uint256 _value)",10092968
14968562,1655311891,0x3da2a2b5ba9dd53d4fe169265a86770efc1442fec2b55a588d4629eabf643347,810,0xfb680c257145d2f928eae0cba91c4b90a941db08a59b61f185dbd3d19075d539,0x1673888242bad06cc87a7bcaff392cb27218b3e3,0x41545f8b9472d758bb669ed8eaeeecd7a9c4ec29,0xae743e1ca3ac1ff72b9be5943f4cba41535bd692,3204798468856705753943,Forta,FORT,18,83,389247,78655632947,281124,5624140,deprecated,0x5ae401dc,"multicall(uint256 deadline, bytes[] data)",10092965
14968563,1655311893,0x8898bb07377c57430b4b4569131d6c766cb1f8d1bed74ed64e3deba2ce42c2d0,0,0x4a35a598dcdb9c1c266c9d426941e4abebaf218559200cbdba5ddb7c772410b0,0x988a7bc24a9d0fa49989fb9734bda30f55760ceb,0x41545f8b9472d758bb669ed8eaeeecd7a9c4ec29,0x433926018905745dd465fbea865760c8abb12ef3,2000000000000000000000,Forta,FORT,18,49,131739,117233449421,113341,3570501,deprecated,0xae0b51df,"claim(uint256 index, uint256 amount, bytes32[] merkleProof)",10092964
14968563,1655311893,0xd710e1792e9417d0fa203561702e88fa7570f49f0b7973dda0fb3c8eb2fb9f09,16,0x4a35a598dcdb9c1c266c9d426941e4abebaf218559200cbdba5ddb7c772410b0,0x988a7bc24a9d0fa49989fb9734bda30f55760ceb,0x41545f8b9472d758bb669ed8eaeeecd7a9c4ec29,0x4effba37e8c7e34fc4241995b3380f2b9033c99f,2000000000000000000000,Forta,FORT,18,50,131714,117233449421,113319,3683820,deprecated,0xae0b51df,"claim(uint256 index, uint256 amount, bytes32[] merkleProof)",10092964
14968563,1655311893,0xe999b3b6a8da7ca121f367702ec2e4dcec7408caf3c3d45ae4a714b2eda19302,38,0x4a35a598dcdb9c1c266c9d426941e4abebaf218559200cbdba5ddb7c772410b0,0x988a7bc24a9d0fa49989fb9734bda30f55760ceb,0x41545f8b9472d758bb669ed8eaeeecd7a9c4ec29,0x87122a7385fd61720d72290a6f2ed25b7eca7af7,4000000000000000000000,Forta,FORT,18,51,169518,117233449421,145595,3829415,deprecated,0xdf948001,"externalClaim(tuple _claim,bytes _signature)",10092964
14968563,1655311893,0x891727d913fb590f8e65ffb09fb4179b89c94f48ef6acce468194b9368292621,4,0x4a35a598dcdb9c1c266c9d426941e4abebaf218559200cbdba5ddb7c772410b0,0xdd3c39f06c735feb7c0b6b1dc7ed95ccfaea030e,0x41545f8b9472d758bb669ed8eaeeecd7a9c4ec29,0x030125e194127359871730a3043b922d456a57d9,2000000000000000000000,Forta,FORT,18,211,95565,74935110332,58370,13849074,deprecated,0xa9059cbb,"transfer(address _to, uint256 _value)",10092964
14968563,1655311893,0x40ac113774d2c6ab4aa64a77ff3ccb313913dc119f1b747ecdf1fb3435ac77e0,0,0x4a35a598dcdb9c1c266c9d426941e4abebaf218559200cbdba5ddb7c772410b0,0x3e634357d0ae613007ec0ce3a70b0bcfa80e0fba,0x41545f8b9472d758bb669ed8eaeeecd7a9c4ec29,0x4230c402c08cb66dcf3820649a115e54661fce9d,2000000000000000000000,Forta,FORT,18,226,90000,74735110332,41270,14912515,deprecated,0xa9059cbb,"transfer(address _to, uint256 _value)",10092964
14968563,1655311893,0x309797824a5f279e0fcc7190e0d212dac608ce482833bf14f28eefd1c03ec2e3,36,0x4a35a598dcdb9c1c266c9d426941e4abebaf218559200cbdba5ddb7c772410b0,0x386f6b908640d9f394ef37bc1b8c3a4018fa3db1,0x41545f8b9472d758bb669ed8eaeeecd7a9c4ec29,0x1673888242bad06cc87a7bcaff392cb27218b3e3,1000000000000000000000,Forta,FORT,18,318,171146,74735110332,142131,18715760,deprecated,0x5ae401dc,"multicall(uint256 deadline, bytes[] data)",10092964
14968563,1655311893,0x06466771eb8b8af5a3ee116c70f73f73e5f030c5443a17c77a3ae65fccf13957,31,0x4a35a598dcdb9c1c266c9d426941e4abebaf218559200cbdba5ddb7c772410b0,0xea2b48a6f5c1dc10d2b2ae2fe09d60b55f12dde3,0x41545f8b9472d758bb669ed8eaeeecd7a9c4ec29,0x354bf0f88be46dcd9272e0811d2570252ce4b4bf,3000000000000000000000,Forta,FORT,18,330,95565,74735110332,58370,19502462,deprecated,0xa9059cbb,"transfer(address _to, uint256 _value)",10092964
14968563,1655311893,0xe7f14a548962c41db82bc8544c31fa26c94649ce724142c1fde2ea8d03b95cce,58,0x4a35a598dcdb9c1c266c9d426941e4abebaf218559200cbdba5ddb7c772410b0,0x6523a8b507c189a6640095afe5a72c743acc587f,0x41545f8b9472d758bb669ed8eaeeecd7a9c4ec29,0x67fffd6c43cecd89db5f2d5a39a2a0cc14374ef1,2000000000000000000000,Forta,FORT,18,426,95565,74235110332,58370,26503784,deprecated,0xa9059cbb,"transfer(address _to, uint256 _value)",10092964
14968563,1655311893,0xd96f33afe302dfa5b2537eccde334a8335060427c821ecd9f0c756d91390cecf,1,0x4a35a598dcdb9c1c266c9d426941e4abebaf218559200cbdba5ddb7c772410b0,0x009c5f1f3762b102316db53a49c15182a393d62a,0x41545f8b9472d758bb669ed8eaeeecd7a9c4ec29,0xf2bab3426b1045dbf45fa29262edbd9da0fdfe70,100000000000000000000,Forta,FORT,18,428,95565,74235110332,63170,26867272,deprecated,0xa9059cbb,"transfer(address _to, uint256 _value)",10092964
14968563,1655311893,0x46c1fe78cd7909db0a9306b045ac970aaa7722ad5128cfd06050b21386a53751,1,0x4a35a598dcdb9c1c266c9d426941e4abebaf218559200cbdba5ddb7c772410b0,0xfed7d23b7bd6909684318638f65797affda5bc90,0x41545f8b9472d758bb669ed8eaeeecd7a9c4ec29,0xa61b314b27a2dc06eeb8c7c80d866d07453522dd,3000000000000000000000,Forta,FORT,18,443,69507,74235110332,41270,28113505,deprecated,0xa9059cbb,"transfer(address _to, uint256 _value)",10092964
14968563,1655311893,0xc51b42f13e37bcb7caf1992be03a0e15d51521077bc3c23b1ef1a048034b5711,8,0x4a35a598dcdb9c1c266c9d426941e4abebaf218559200cbdba5ddb7c772410b0,0x43f08aaac525b75263982b1171ef32495efa2ec0,0x41545f8b9472d758bb669ed8eaeeecd7a9c4ec29,0x8862f65fde9eadae18fa778489130323c864637c,643465496315675731098,Forta,FORT,18,453,95601,74235110332,58394,28957344,deprecated,0xa9059cbb,"transfer(address _to, uint256 _value)",10092964
14968563,1655311893,0xf6344fde795c9e337773edcd1ec8d97b7dc1d7448b929478efa45d41fbf66b11,305,0x4a35a598dcdb9c1c266c9d426941e4abebaf218559200cbdba5ddb7c772410b0,0xcdb2de3c7e3523f943904bdaab94e316853601ee,0x41545f8b9472d758bb669ed8eaeeecd7a9c4ec29,0x6b2e207615aa7891ee3f157d32fa98570e7c7ad6,2000000000000000000000,Forta,FORT,18,457,69507,74235110332,41270,29213029,deprecated,0xa9059cbb,"transfer(address _to, uint256 _value)",10092964
14968564,1655311942,0x3b925cf7d66a9f020b5aebf772a923a4ca9383d85acfb4c95031a0c61670b2b4,155,0x18151a522846f897d51a9b8c14434e8b1dd2d72c012e18f2cb6b0a056fa669af,0x31b6f2771e2e56aa754b319b7ee8134d9bd66cc0,0x41545f8b9472d758bb669ed8eaeeecd7a9c4ec29,0x1aa1506a77f46137935f7e1a8fcb78869c520195,2000000000000000000000,Forta,FORT,18,42,69507,83315308155,41270,3831214,deprecated,0xa9059cbb,"transfer(address _to, uint256 _value)",10092963
14968564,1655311942,0x368ec4231a5258bb232e59989b3aeff9b85e5b5ff01f42bb1c827b674b64a4f2,2671,0x18151a522846f897d51a9b8c14434e8b1dd2d72c012e18f2cb6b0a056fa669af,0x25659eefd7cae21566a257420bbcb0c8317ef94f,0x41545f8b9472d758bb669ed8eaeeecd7a9c4ec29,0x1673888242bad06cc87a7bcaff392cb27218b3e3,236000000000000000000,Forta,FORT,18,54,322588,83315308155,230458,7492722,deprecated,0x5ae401dc,"multicall(uint256 deadline, bytes[] data)",10092963
14968564,1655311942,0x8ea0f440f923ef85fe1e851f0de51a93868c72a8bca5ecf36620fed0a6ef7dea,1,0x18151a522846f897d51a9b8c14434e8b1dd2d72c012e18f2cb6b0a056fa669af,0x6e8a89b8106b1d0180ed4ddc1e04b56936442dc5,0x41545f8b9472d758bb669ed8eaeeecd7a9c4ec29,0x337e4384125c58c28f92dcda55e2233d7894b0c6,2000000000000000000000,Forta,FORT,18,60,95565,83315308155,58370,7773845,deprecated,0xa9059cbb,"transfer(address _to, uint256 _value)",10092963
14968566,1655311949,0xf33bf1826fa422a7c76767fdbf878ecc8f8faf9de2573eaa68893208945146a2,4,0x08f304973685f038cf40a77b187e445640674ad89425b0465cbb320d0d2ab8e4,0x988a7bc24a9d0fa49989fb9734bda30f55760ceb,0x41545f8b9472d758bb669ed8eaeeecd7a9c4ec29,0x1c620d02286e983bb92262eb23e8cb4ca9e3ab30,2000000000000000000000,Forta,FORT,18,80,131684,73815817011,113293,9648652,deprecated,0xae0b51df,"claim(uint256 index, uint256 amount, bytes32[] merkleProof)",10092961
14968566,1655311949,0xfa04aab8ea153301f46e5585f9f3673cfbc49cb499ff84e560d4af7180a1c2b0,0,0x08f304973685f038cf40a77b187e445640674ad89425b0465cbb320d0d2ab8e4,0x988a7bc24a9d0fa49989fb9734bda30f55760ceb,0x41545f8b9472d758bb669ed8eaeeecd7a9c4ec29,0xde515a08301b24d6bef27744ec6a4d8fdb53902c,3000000000000000000000,Forta,FORT,18,93,129836,73725817011,111696,10840292,deprecated,0xae0b51df,"claim(uint256 index, uint256 amount, bytes32[] merkleProof)",10092961
14968566,1655311949,0xa567a2d89feab2603a184f3869c8c5947a2ae55a7e54a22907fe1003d7f94a37,0,0x08f304973685f038cf40a77b187e445640674ad89425b0465cbb320d0d2ab8e4,0x988a7bc24a9d0fa49989fb9734bda30f55760ceb,0x41545f8b9472d758bb669ed8eaeeecd7a9c4ec29,0x973ad036683be971a5228b29ba0f4cf0d4dfaf7a,2000000000000000000000,Forta,FORT,18,96,131662,73725817011,113275,11247504,deprecated,0xae0b51df,"claim(uint256 index, uint256 amount, bytes32[] merkleProof)",10092961
14968566,1655311949,0x254dceb4060da0d7aae2fb642fcf20a3bad268cb03e18b17ae5623d2bd04c0ec,6,0x08f304973685f038cf40a77b187e445640674ad89425b0465cbb320d0d2ab8e4,0x988a7bc24a9d0fa49989fb9734bda30f55760ceb,0x41545f8b9472d758bb669ed8eaeeecd7a9c4ec29,0xefc0d892656eeb59a0b54a6b4f2a0d2fad4b66c8,1000000000000000000000,Forta,FORT,18,111,151691,73315817011,130419,12314755,deprecated,0xae0b51df,"claim(uint256 index, uint256 amount, bytes32[] merkleProof)",10092961
14968567,1655311955,0xc8709515c3158b1b96c6de337ab0b75005c0ab83a4dc571e0d7200efebb30b1d,171,0xe8846ceb4e1ad88d67370efa6a991c8120f944490cb1f043f5f46bb4fc0a88d0,0x1673888242bad06cc87a7bcaff392cb27218b3e3,0x41545f8b9472d758bb669ed8eaeeecd7a9c4ec29,0xcc45dd70afe884219586111e36252bc54ac76678,105468676814744017236,Forta,FORT,18,159,328456,73448318881,227634,10877058,deprecated,0x5ae401dc,"multicall(uint256 deadline, bytes[] data)",10092960
14968567,1655311955,0x10c585f6319368474ed2c6db411daf27f318fb36372d7ff6c00f6de1f99cbc36,655,0xe8846ceb4e1ad88d67370efa6a991c8120f944490cb1f043f5f46bb4fc0a88d0,0x5ddedcdb58d34d58ae47746ff302a6a83f3fc137,0x41545f8b9472d758bb669ed8eaeeecd7a9c4ec29,0x3bab3dc18695e432c80c3cabc68a77e609ff27a6,568781125410141137376,Forta,FORT,18,219,95601,72948318881,58394,14377381,deprecated,0xa9059cbb,"transfer(address _to, uint256 _value)",10092960
14968567,1655311955,0x0dd07911de7931b5b7a932f29ca8f6be5a4a68673c6263bc25f55e32e96c8c14,334,0xe8846ceb4e1ad88d67370efa6a991c8120f944490cb1f043f5f46bb4fc0a88d0,0x03402e62e9be0eab6354532a3c2fd9ec8797588c,0x41545f8b9472d758bb669ed8eaeeecd7a9c4ec29,0x3554ab45d53cad9cbd2c1c8281bf140473bdea8e,2000000000000000000000,Forta,FORT,18,261,95565,72948318881,58370,18454595,deprecated,0xa9059cbb,"transfer(address _to, uint256 _value)",10092960
14968568,1655311984,0x0012c800956ee8e95b88b22fdd6d64672922d5f9def9a250708b68d478602f39,2920,0xf2caafe73bb772130a6036666ad21e680f96876eb3e3688faa908cb32654291f,0xd442deb96b90e3b3135653705c3ef1feefb346be,0x41545f8b9472d758bb669ed8eaeeecd7a9c4ec29,0x9008d19f58aabd9ed0d60971565aa8510560ab41,1000000000000000000000,Forta,FORT,18,11,822302,85205196690,644088,2540052,deprecated,0x13d79a0b,MoooZ1089603480(),10092959
14968568,1655311984,0x0012c800956ee8e95b88b22fdd6d64672922d5f9def9a250708b68d478602f39,2920,0xf2caafe73bb772130a6036666ad21e680f96876eb3e3688faa908cb32654291f,0x9008d19f58aabd9ed0d60971565aa8510560ab41,0x41545f8b9472d758bb669ed8eaeeecd7a9c4ec29,0x1673888242bad06cc87a7bcaff392cb27218b3e3,938468710777065635840,Forta,FORT,18,11,822302,85205196690,644088,2540052,deprecated,0x13d79a0b,MoooZ1089603480(),10092959
14968568,1655311984,0xf2dab4155437005a1fff1143f43660103afdb10780f5607709ff2b3c5ad4e9ce,4,0xf2caafe73bb772130a6036666ad21e680f96876eb3e3688faa908cb32654291f,0x988a7bc24a9d0fa49989fb9734bda30f55760ceb,0x41545f8b9472d758bb669ed8eaeeecd7a9c4ec29,0x4a511876050a5e91faf8621b0167614f0fb39d7c,2000000000000000000000,Forta,FORT,18,29,131674,110602665498,113285,3479679,deprecated,0xae0b51df,"claim(uint256 index, uint256 amount, bytes32[] merkleProof)",10092959
14968568,1655311984,0x8f45569ce4d5cde664cec011f0a733ee711d6d5b4daea88589e9eb63dfd949c8,14,0xf2caafe73bb772130a6036666ad21e680f96876eb3e3688faa908cb32654291f,0x988a7bc24a9d0fa49989fb9734bda30f55760ceb,0x41545f8b9472d758bb669ed8eaeeecd7a9c4ec29,0xed4f343a0c87d260c59c6371279245c15346e9bb,10000000000000000000000,Forta,FORT,18,30,131662,109973725517,113275,3592954,deprecated,0xae0b51df,"claim(uint256 index, uint256 amount, bytes32[] merkleProof)",10092959
14968568,1655311984,0x10105d075300fda16cf4b4acd6784eacf33b56b82b0dba31813f319c1b39bd73,3,0xf2caafe73bb772130a6036666ad21e680f96876eb3e3688faa908cb32654291f,0x988a7bc24a9d0fa49989fb9734bda30f55760ceb,0x41545f8b9472d758bb669ed8eaeeecd7a9c4ec29,0xe327e8372e886440b661f26df3a3918b2f540e7c,2000000000000000000000,Forta,FORT,18,34,131737,108672478322,113339,3811490,deprecated,0xae0b51df,"claim(uint256 index, uint256 amount, bytes32[] merkleProof)",10092959
14968571,1655312011,0x16dd1cfc62796c4d49970dff88b0d783f1dcbba7040cc7ed881daab30288473b,0,0xeabe25071a859880daf081bda81b16f9d22c8f851a42fe990ef48dba2984ad57,0x85332be5e648e37a6470e0e7cbf73df41852c7d6,0x41545f8b9472d758bb669ed8eaeeecd7a9c4ec29,0xd23ce735b78acdd5352e0917e88b05a7cba78f18,2000000000000000000000,Forta,FORT,18,36,95565,70000000000,58370,3361415,deprecated,0xa9059cbb,"transfer(address _to, uint256 _value)",10092956
14968571,1655312011,0x111b488783a5a079d9b538f27358078701ba74f59c19739fb8cb62895bef05fb,0,0xeabe25071a859880daf081bda81b16f9d22c8f851a42fe990ef48dba2984ad57,0x988a7bc24a9d0fa49989fb9734bda30f55760ceb,0x41545f8b9472d758bb669ed8eaeeecd7a9c4ec29,0x27dec48160a6d374da1add30eec0bfed72f9869d,2000000000000000000000,Forta,FORT,18,136,131684,65000000000,113293,9916720,deprecated,0xae0b51df,"claim(uint256 index, uint256 amount, bytes32[] merkleProof)",10092956
14968572,1655312014,0x948a4530dcd0466cce62a0cafac1642a0e4d2bf15ffceeb33133eac77b93fe7a,0,0x41af731165e0d52aea868d7d85a947db107186db6b607de91ff7802d7828eeac,0x988a7bc24a9d0fa49989fb9734bda30f55760ceb,0x41545f8b9472d758bb669ed8eaeeecd7a9c4ec29,0x688e0626708447e971a0785223685c28bd0e6980,3000000000000000000000,Forta,FORT,18,0,131690,117307792697,113299,113299,deprecated,0xae0b51df,"claim(uint256 index, uint256 amount, bytes32[] merkleProof)",10092955
14968572,1655312014,0xb137b396fb4b4987dcf469ccbfbf602f5fa1bb7710275996b42d8e2a48a6d0d5,0,0x41af731165e0d52aea868d7d85a947db107186db6b607de91ff7802d7828eeac,0x988a7bc24a9d0fa49989fb9734bda30f55760ceb,0x41545f8b9472d758bb669ed8eaeeecd7a9c4ec29,0x8320503f9bec13abcf1e3cf02b799d5024f5d1b9,3000000000000000000000,Forta,FORT,18,1,131670,108672478322,113281,226580,deprecated,0xae0b51df,"claim(uint256 index, uint256 amount, bytes32[] merkleProof)",10092955
14968572,1655312014,0x8cfe67e68e433da1723e88bf2bb1783ec66e06af4c099f3a49a1d5b60a622ebd,6205,0x41af731165e0d52aea868d7d85a947db107186db6b607de91ff7802d7828eeac,0x988a7bc24a9d0fa49989fb9734bda30f55760ceb,0x41545f8b9472d758bb669ed8eaeeecd7a9c4ec29,0xc50eaaee441566b4ef4f1e3270d19f24223cddf4,1000000000000000000000,Forta,FORT,18,16,149802,63482174079,128786,857667,deprecated,0xae0b51df,"claim(uint256 index, uint256 amount, bytes32[] merkleProof)",10092955
14968574,1655312021,0x1950814c1d233e5cb486b0e585e69e260c8a381d93a2b2045f72588b90a650c4,4,0x9acc459b4f4bdf1234da87808bde74b74b5d1dc5db5ae7fdb30a92797a756b05,0x372cb19f042b3a62e3a0538a522ce4ddada56d55,0x41545f8b9472d758bb669ed8eaeeecd7a9c4ec29,0x7ae205d877efa46dae1b6905a92fbbb439f9d805,2000000000000000000000,Forta,FORT,18,103,46338,54000000000,41270,7033315,deprecated,0xa9059cbb,"transfer(address _to, uint256 _value)",10092953
14968574,1655312021,0x8f0a2a47909d20a38333a559666a92a8bf846708acaeda22b08fa3372cbfbb31,0,0x9acc459b4f4bdf1234da87808bde74b74b5d1dc5db5ae7fdb30a92797a756b05,0x988a7bc24a9d0fa49989fb9734bda30f55760ceb,0x41545f8b9472d758bb669ed8eaeeecd7a9c4ec29,0x04a7b27fc9ece181b030aff529a5e2e333b6156d,2000000000000000000000,Forta,FORT,18,136,129836,50000000000,111696,10011257,deprecated,0xae0b51df,"claim(uint256 index, uint256 amount, bytes32[] merkleProof)",10092953
14968574,1655312021,0xce5ab05e6e10300c0e36338f440e1f628b3d589b5c10daea64ef36706c6f72ed,1,0x9acc459b4f4bdf1234da87808bde74b74b5d1dc5db5ae7fdb30a92797a756b05,0x1fe9bb8af73d0b853c64df987d2b422d001da0c5,0x41545f8b9472d758bb669ed8eaeeecd7a9c4ec29,0x0bae81bf6b518c20eddff63f181c49cdd3411c3b,2000000000000000000000,Forta,FORT,18,159,69507,49795716952,41270,14775740,deprecated,0xa9059cbb,"transfer(address _to, uint256 _value)",10092953
14968574,1655312021,0xfc5b9c1e1666272456486a040f2ff1b1ebf7a21c8e3f76281b1e50df64baaade,520,0x9acc459b4f4bdf1234da87808bde74b74b5d1dc5db5ae7fdb30a92797a756b05,0x21caa3351430944cb7f31998b0eb199bc2c3112c,0x41545f8b9472d758bb669ed8eaeeecd7a9c4ec29,0xfaafc694b295489ff651d1940ee47e5920348b77,2000000000000000000000,Forta,FORT,18,173,95565,49355716952,58370,17260361,deprecated,0xa9059cbb,"transfer(address _to, uint256 _value)",10092953
14968575,1655312024,0x5b30c8aeb2fb788a990d00813e39806b2e3180c5bd1cc61f9bb287c3e7eef292,6,0x72dfcedc49b0512a14c58d7966b94d31eb027313a1ab8160026a3b98c1f4f423,0x5dbcf858bf48b487eb61c83bf7fab66215d1e07f,0x41545f8b9472d758bb669ed8eaeeecd7a9c4ec29,0x3b6e716ab88fc04ed3a0ce56b3a280045267c9b0,2000000000000000000000,Forta,FORT,18,48,95565,55327337557,58370,4040757,deprecated,0xa9059cbb,"transfer(address _to, uint256 _value)",10092952
14968577,1655312035,0x580968e234a75f36d70356f8690cec262b718a2e90c7d85556dd16333a268f31,51,0x4533e5e7a776620d69a809b84274d530edb1bb8832f67269e90f0ddaa68f5a3d,0x988a7bc24a9d0fa49989fb9734bda30f55760ceb,0x41545f8b9472d758bb669ed8eaeeecd7a9c4ec29,0xf91521aa2ab92b4b5d7cc01349a8b16cc70cff85,2000000000000000000000,Forta,FORT,18,4,131665,83538371918,113277,222398,deprecated,0xae0b51df,"claim(uint256 index, uint256 amount, bytes32[] merkleProof)",10092950
14968577,1655312035,0x0d18bf63062a89a66b9dfec66c8bd584acb56be715a3c45d7af842613021ca06,1,0x4533e5e7a776620d69a809b84274d530edb1bb8832f67269e90f0ddaa68f5a3d,0x9de791a53b771dcbce8d7d169550e417f077e6e3,0x41545f8b9472d758bb669ed8eaeeecd7a9c4ec29,0x7ae205d877efa46dae1b6905a92fbbb439f9d805,2000000000000000000000,Forta,FORT,18,12,46338,65200000000,41270,680149,deprecated,0xa9059cbb,"transfer(address _to, uint256 _value)",10092950
14968577,1655312035,0xc9e56940f11dcec5e69addc069230ebb9cb3a6fbfb108e0f31bf78640a6a68f9,2,0x4533e5e7a776620d69a809b84274d530edb1bb8832f67269e90f0ddaa68f5a3d,0x1c9b7577802f0caf351a3e07b4c7c6d5f47c0b7e,0x41545f8b9472d758bb669ed8eaeeecd7a9c4ec29,0xaa4ca48eda8c2414fb53f83209f1bfd8013785d9,1000000000000000000000,Forta,FORT,18,84,95565,46147699774,58370,4809267,deprecated,0xa9059cbb,"transfer(address _to, uint256 _value)",10092950
14968578,1655312039,0xc058a473a5dba5fd1429311379bd3edef4f8664f2ce02cd21881c92925f9875d,0,0x9822a3c7bfe89d26e5ecba853cad767b604a4b66aa2ce557cd8a0d37a145327f,0x988a7bc24a9d0fa49989fb9734bda30f55760ceb,0x41545f8b9472d758bb669ed8eaeeecd7a9c4ec29,0x1aac57c2204c83a14ebc8c380204a92deda3760b,3000000000000000000000,Forta,FORT,18,8,129874,108672478322,111728,851682,deprecated,0xae0b51df,"claim(uint256 index, uint256 amount, bytes32[] merkleProof)",10092949
14968578,1655312039,0xe36f90d9528acbc2b723c3e4b97626081cfa9fd6c3b822fd5cc888ac5b330424,98,0x9822a3c7bfe89d26e5ecba853cad767b604a4b66aa2ce557cd8a0d37a145327f,0x988a7bc24a9d0fa49989fb9734bda30f55760ceb,0x41545f8b9472d758bb669ed8eaeeecd7a9c4ec29,0x487e1280881b686732b31825a2d869450b46bdba,2000000000000000000000,Forta,FORT,18,26,151677,75000000000,113307,1524389,deprecated,0xae0b51df,"claim(uint256 index, uint256 amount, bytes32[] merkleProof)",10092949
14968578,1655312039,0xe0d6d9f9dd018bf6353028903127366412d5ea6d45e3183c23fa29d22711c59a,0,0x9822a3c7bfe89d26e5ecba853cad767b604a4b66aa2ce557cd8a0d37a145327f,0x988a7bc24a9d0fa49989fb9734bda30f55760ceb,0x41545f8b9472d758bb669ed8eaeeecd7a9c4ec29,0x26cbc2acc131238b1d52a31f769e9df1968a130e,2000000000000000000000,Forta,FORT,18,49,131714,68471549661,113319,2544046,deprecated,0xae0b51df,"claim(uint256 index, uint256 amount, bytes32[] merkleProof)",10092949
14968579,1655312048,0x9a99fd6793e42d311f30012d058cd1ae1cbd22611db7daf5029512c47ca85796,307,0x2b708501b9ecd3644150810fbc6251cd64be79cc87d5b41bf2b570cd34bf4678,0x3a06bdcad90aebee845b08f28b3995e9b5373a2d,0x41545f8b9472d758bb669ed8eaeeecd7a9c4ec29,0x1673888242bad06cc87a7bcaff392cb27218b3e3,2000000000000000000000,Forta,FORT,18,0,327181,42029672727,226623,226623,deprecated,0x5ae401dc,"multicall(uint256 deadline, bytes[] data)",10092948
14968579,1655312048,0xefb00108210ac2f31b49aa137d1b7bd478085b00d1400496c91fe069ea2af259,8811,0x2b708501b9ecd3644150810fbc6251cd64be79cc87d5b41bf2b570cd34bf4678,0x1673888242bad06cc87a7bcaff392cb27218b3e3,0x41545f8b9472d758bb669ed8eaeeecd7a9c4ec29,0x07197a25bf7297c2c41dd09a79160d05b6232bcf,784353465645227353927,Forta,FORT,18,1,471474,40529672727,345957,572580,deprecated,0x13c9b33a,mev(),10092948
14968579,1655312048,0xefb00108210ac2f31b49aa137d1b7bd478085b00d1400496c91fe069ea2af259,8811,0x2b708501b9ecd3644150810fbc6251cd64be79cc87d5b41bf2b570cd34bf4678,0x07197a25bf7297c2c41dd09a79160d05b6232bcf,0x41545f8b9472d758bb669ed8eaeeecd7a9c4ec29,0x511dbe9e6b7ede607f47d00a681bd5c7a6d397a1,784353465645227353927,Forta,FORT,18,1,471474,40529672727,345957,572580,deprecated,0x13c9b33a,mev(),10092948
14968579,1655312048,0xf64ac8fcc382a9b874112de4c5873f244811930355e5fa1126bf0f6d82336f32,7,0x2b708501b9ecd3644150810fbc6251cd64be79cc87d5b41bf2b570cd34bf4678,0x988a7bc24a9d0fa49989fb9734bda30f55760ceb,0x41545f8b9472d758bb669ed8eaeeecd7a9c4ec29,0x1e558dcac22587ff14a04f7a41a05d02ad24e60e,1000000000000000000000,Forta,FORT,18,79,131712,44000000000,113317,7792979,deprecated,0xae0b51df,"claim(uint256 index, uint256 amount, bytes32[] merkleProof)",10092948
14968579,1655312048,0xdd472be750912765bb3cedd4667f9db2906631a2e5c47bdba0736524a61bffe8,1,0x2b708501b9ecd3644150810fbc6251cd64be79cc87d5b41bf2b570cd34bf4678,0x688e0626708447e971a0785223685c28bd0e6980,0x41545f8b9472d758bb669ed8eaeeecd7a9c4ec29,0xa61b314b27a2dc06eeb8c7c80d866d07453522dd,3000000000000000000000,Forta,FORT,18,137,69507,42029672727,41270,17781707,deprecated,0xa9059cbb,"transfer(address _to, uint256 _value)",10092948
14968579,1655312048,0xe701d04f95168b7018d538016d7e753e4339ade1f67f2e3dc0d8fe9ce8f7152a,0,0x2b708501b9ecd3644150810fbc6251cd64be79cc87d5b41bf2b570cd34bf4678,0x988a7bc24a9d0fa49989fb9734bda30f55760ceb,0x41545f8b9472d758bb669ed8eaeeecd7a9c4ec29,0xfac59a912dad5d465b5f4aa01bba6cab4288b101,2000000000000000000000,Forta,FORT,18,140,131735,42029672727,113337,18244995,deprecated,0xae0b51df,"claim(uint256 index, uint256 amount, bytes32[] merkleProof)",10092948
14968579,1655312048,0x3835c4f4fbab86823ea8a34102b48dd837f8bb4abf1bc111b9a31e94e63b2882,33,0x2b708501b9ecd3644150810fbc6251cd64be79cc87d5b41bf2b570cd34bf4678,0x988a7bc24a9d0fa49989fb9734bda30f55760ceb,0x41545f8b9472d758bb669ed8eaeeecd7a9c4ec29,0xc92c4df3dd076d3ef60f2c6c533ee16616f4d8a5,2000000000000000000000,Forta,FORT,18,141,131739,42029672727,113341,18358336,deprecated,0xae0b51df,"claim(uint256 index, uint256 amount, bytes32[] merkleProof)",10092948
14968580,1655312058,0xea78ee38218ab48075bd8f8697f7a74ff597b61fbc1613e3d18f5df19b8c179d,0,0x5de9603a2ba0690da870dc11fe0f41b17d23620b437b1a0d8346668907b5ffcf,0x5825f84c8e70da85885e32f14ea0104698db951a,0x41545f8b9472d758bb669ed8eaeeecd7a9c4ec29,0xf5f3436a05b5ced2490dae07b86eb5bbd02782aa,2000000000000000000000,Forta,FORT,18,75,90000,46772917542,58370,5359277,deprecated,0xa9059cbb,"transfer(address _to, uint256 _value)",10092947
14968580,1655312058,0x8b3caf61e1a4b27146b964a4e5d0c09302e8024ab736d26b67d871ed907d6fb5,0,0x5de9603a2ba0690da870dc11fe0f41b17d23620b437b1a0d8346668907b5ffcf,0x51f9e280101a7cdb22db3bef3f78179a6eab72c2,0x41545f8b9472d758bb669ed8eaeeecd7a9c4ec29,0xf5f3436a05b5ced2490dae07b86eb5bbd02782aa,2000000000000000000000,Forta,FORT,18,76,90000,46772917542,41270,5400547,deprecated,0xa9059cbb,"transfer(address _to, uint256 _value)",10092947
14968580,1655312058,0xa43f57f4bfc8f6d47e34ce447a04e7768fdc09a123b4a872e8a8b144c72aab3d,0,0x5de9603a2ba0690da870dc11fe0f41b17d23620b437b1a0d8346668907b5ffcf,0x2631a433adee9e3f3335af5cc873e46e014e47ad,0x41545f8b9472d758bb669ed8eaeeecd7a9c4ec29,0xf5f3436a05b5ced2490dae07b86eb5bbd02782aa,3000000000000000000000,Forta,FORT,18,79,90000,46772917542,41270,5483817,deprecated,0xa9059cbb,"transfer(address _to, uint256 _value)",10092947
14968580,1655312058,0x7d0affa9f599a7f1a64a20206e2ea7e40ada2ed810f144f45b1f08833c21de5e,0,0x5de9603a2ba0690da870dc11fe0f41b17d23620b437b1a0d8346668907b5ffcf,0x0a85b73902c2629f5730e311eb1c24d5c11b4d30,0x41545f8b9472d758bb669ed8eaeeecd7a9c4ec29,0xf5f3436a05b5ced2490dae07b86eb5bbd02782aa,1000000000000000000,Forta,FORT,18,83,90000,46772917542,41258,5588075,deprecated,0xa9059cbb,"transfer(address _to, uint256 _value)",10092947
14968581,1655312086,0x1cd8a606049aefbf28eb967551674d914decb0b35e7847e933e87b47cb50a722,29,0x5fc006b975b95f06403a4dd56bef85e4e3cc41738c9feb4dfe8f71403e60e85b,0x988a7bc24a9d0fa49989fb9734bda30f55760ceb,0x41545f8b9472d758bb669ed8eaeeecd7a9c4ec29,0xe6abb85fe00c1599d9a4cc64d2869601fd618881,3000000000000000000000,Forta,FORT,18,36,131678,68471549661,113289,1608073,deprecated,0xae0b51df,"claim(uint256 index, uint256 amount, bytes32[] merkleProof)",10092946
14968581,1655312086,0x46f5544bbfb376cb111157e88d7f3f31642376ceebcc19d53fac0c9d473221b4,0,0x5fc006b975b95f06403a4dd56bef85e4e3cc41738c9feb4dfe8f71403e60e85b,0x988a7bc24a9d0fa49989fb9734bda30f55760ceb,0x41545f8b9472d758bb669ed8eaeeecd7a9c4ec29,0x2e78cb87ed51f474191f0daa6a9a057dabde3106,2000000000000000000000,Forta,FORT,18,60,131810,66099620538,113401,2848723,deprecated,0xae0b51df,"claim(uint256 index, uint256 amount, bytes32[] merkleProof)",10092946
14968581,1655312086,0x11fd4b65392535276544e8e1a46411d47eaac85f4a4e2accf2dfdc5e69dcb69c,174,0x5fc006b975b95f06403a4dd56bef85e4e3cc41738c9feb4dfe8f71403e60e85b,0x988a7bc24a9d0fa49989fb9734bda30f55760ceb,0x41545f8b9472d758bb669ed8eaeeecd7a9c4ec29,0x2784a75bd537db56b9ffefa1a6107d654957f5e1,3000000000000000000000,Forta,FORT,18,61,131712,66099620538,113317,2962040,deprecated,0xae0b51df,"claim(uint256 index, uint256 amount, bytes32[] merkleProof)",10092946
14968581,1655312086,0x7f94fe707e61a8545705b4484615592a02d27a96ebec5b6ede37e17629b65eef,4,0x5fc006b975b95f06403a4dd56bef85e4e3cc41738c9feb4dfe8f71403e60e85b,0x988a7bc24a9d0fa49989fb9734bda30f55760ceb,0x41545f8b9472d758bb669ed8eaeeecd7a9c4ec29,0x5f919604fa687ff4238b356fb4d8f7c47f620de6,2000000000000000000000,Forta,FORT,18,66,131737,62294509091,113339,3572183,deprecated,0xae0b51df,"claim(uint256 index, uint256 amount, bytes32[] merkleProof)",10092946
14968581,1655312086,0x45198f4d272af628956da844a36ed02b24c70cfaa8117c32c5cb657c14d3e234,1,0x5fc006b975b95f06403a4dd56bef85e4e3cc41738c9feb4dfe8f71403e60e85b,0xf491bea48c1ef708811e71b9d4f6a3661d1b9ee1,0x41545f8b9472d758bb669ed8eaeeecd7a9c4ec29,0xf223b3047ec346a54678e90ca587941de49618d9,2000000000000000000000,Forta,FORT,18,195,95565,51899297120,58370,12870771,deprecated,0xa9059cbb,"transfer(address _to, uint256 _value)",10092946
14968581,1655312086,0x134d9ee5a58443b5c8080659e67bece3cba89c47c1bfb0e1afad4c3a39c5de18,0,0x5fc006b975b95f06403a4dd56bef85e4e3cc41738c9feb4dfe8f71403e60e85b,0x83ef9d0959d3f6f5bc82259e93d9088a252ab925,0x41545f8b9472d758bb669ed8eaeeecd7a9c4ec29,0xf5f3436a05b5ced2490dae07b86eb5bbd02782aa,1000000000000000000000,Forta,FORT,18,236,90000,51899297120,41270,16341847,deprecated,0xa9059cbb,"transfer(address _to, uint256 _value)",10092946
14968581,1655312086,0xd34c517f2d526dc686b0e7f4d7c654d256c1e95d76fe91002f7b296b56ad4ebb,5,0x5fc006b975b95f06403a4dd56bef85e4e3cc41738c9feb4dfe8f71403e60e85b,0x1c620d02286e983bb92262eb23e8cb4ca9e3ab30,0x41545f8b9472d758bb669ed8eaeeecd7a9c4ec29,0xceebc6d157f0281757d0c97f8978cdf60b86dfb7,2000000000000000000000,Forta,FORT,18,292,69507,51399297120,41270,26646632,deprecated,0xa9059cbb,"transfer(address _to, uint256 _value)",10092946
14968581,1655312086,0x03301532a6b2e72c960c118fb7c7121d3cfdf84faa1a95ef436e2fcadb7b1589,220,0x5fc006b975b95f06403a4dd56bef85e4e3cc41738c9feb4dfe8f71403e60e85b,0x4e7f666cd88254377a2b3b87d301a38ca440da9f,0x41545f8b9472d758bb669ed8eaeeecd7a9c4ec29,0xc66570173545778c03b951a0abbdbd86447559c6,2400000000000000000000,Forta,FORT,18,294,95565,51399297120,58370,26726002,deprecated,0xa9059cbb,"transfer(address _to, uint256 _value)",10092946
14968581,1655312086,0xe0c1802f1dfbab9ca950f564a2030654577277ec80bf69aef493ec620614934d,1,0x5fc006b975b95f06403a4dd56bef85e4e3cc41738c9feb4dfe8f71403e60e85b,0xe810627d859dece57a9c49aeab1d2708747bc4f8,0x41545f8b9472d758bb669ed8eaeeecd7a9c4ec29,0x337e4384125c58c28f92dcda55e2233d7894b0c6,3000000000000000000000,Forta,FORT,18,300,69507,51399297120,41270,27003614,deprecated,0xa9059cbb,"transfer(address _to, uint256 _value)",10092946
14968581,1655312086,0x3470c883ec951f8a726ce59364ef43a90cfab81f13249ea42dd932f4c0f5985b,6206,0x5fc006b975b95f06403a4dd56bef85e4e3cc41738c9feb4dfe8f71403e60e85b,0xc50eaaee441566b4ef4f1e3270d19f24223cddf4,0x41545f8b9472d758bb669ed8eaeeecd7a9c4ec29,0x62c1c23d1a4061fd3b53690a748a84811f3cf012,1000000000000000000000,Forta,FORT,18,315,95565,51399297120,58370,28924519,deprecated,0xa9059cbb,"transfer(address _to, uint256 _value)",10092946
14968581,1655312086,0x48868746a1b36e7cce0c49620657d154bb7458447b7d949122245a92f923e587,5350,0x5fc006b975b95f06403a4dd56bef85e4e3cc41738c9feb4dfe8f71403e60e85b,0x1673888242bad06cc87a7bcaff392cb27218b3e3,0x41545f8b9472d758bb669ed8eaeeecd7a9c4ec29,0x511dbe9e6b7ede607f47d00a681bd5c7a6d397a1,979286671489664271065,Forta,FORT,18,316,307276,51399297120,210554,29135073,deprecated,0x5ae401dc,"multicall(uint256 deadline, bytes[] data)",10092946
14968582,1655312089,0xb77dc5f886857fc3d6db78d405860f29355ff27338634b325f44a7ea6922d27c,1,0xa0f45abb172bde1367f96e54f63ef83cc60e627fa2f828b71d497fdf405801b7,0x988a7bc24a9d0fa49989fb9734bda30f55760ceb,0x41545f8b9472d758bb669ed8eaeeecd7a9c4ec29,0x2fea62ef2b301a8817553ba291b4b776085c2864,2000000000000000000000,Forta,FORT,18,36,131714,62294509091,113319,4814258,deprecated,0xae0b51df,"claim(uint256 index, uint256 amount, bytes32[] merkleProof)",10092945
14968582,1655312089,0xc4c50809c494d832b8981a58cff3806231dfd20ae301889fbe022fde9c2c9e55,0,0xa0f45abb172bde1367f96e54f63ef83cc60e627fa2f828b71d497fdf405801b7,0x988a7bc24a9d0fa49989fb9734bda30f55760ceb,0x41545f8b9472d758bb669ed8eaeeecd7a9c4ec29,0x271ff6bb65dc5fddb3f24a63e73b1eaeb020e430,2000000000000000000000,Forta,FORT,18,37,129860,62294509091,111716,4925974,deprecated,0xae0b51df,"claim(uint256 index, uint256 amount, bytes32[] merkleProof)",10092945
14968583,1655312098,0x18c69cf6120ce4ce9c225cdf8f0ef64b25bb2906646333c8a39bd153f0266a2a,8,0x51d5c11616ac4d16bb7a84519284912e065a9cb0898744ff71632e4612d2a013,0x988a7bc24a9d0fa49989fb9734bda30f55760ceb,0x41545f8b9472d758bb669ed8eaeeecd7a9c4ec29,0x0d423eb81b6ddef3d63779e4d228eec65916c19b,3000000000000000000000,Forta,FORT,18,89,131628,76348945680,113245,2641229,deprecated,0xae0b51df,"claim(uint256 index, uint256 amount, bytes32[] merkleProof)",10092944
14968583,1655312098,0x589d555a22265df09206d78cf508cab03d8f58dd1d12952fbaffecbd3c8cbae1,0,0x51d5c11616ac4d16bb7a84519284912e065a9cb0898744ff71632e4612d2a013,0x9f5c4b231ad045e2b73399fd9c7fd72eb307607f,0x41545f8b9472d758bb669ed8eaeeecd7a9c4ec29,0xb739d0895772dbb71a89a3754a160269068f0d45,2000000000000000000000,Forta,FORT,18,196,250000,57473999075,41270,10003070,deprecated,0xa9059cbb,"transfer(address _to, uint256 _value)",10092944
14968583,1655312098,0xe26b3692f2b4db6cff23a41fd70b5425313ee6ba1ff0e46d5d8f55fb1a5da2fe,0,0x51d5c11616ac4d16bb7a84519284912e065a9cb0898744ff71632e4612d2a013,0xa5b8de6ef8b3bbec549ddf63c65c8f238fd47130,0x41545f8b9472d758bb669ed8eaeeecd7a9c4ec29,0xb739d0895772dbb71a89a3754a160269068f0d45,2000000000000000000000,Forta,FORT,18,220,250000,57473999075,41270,11316895,deprecated,0xa9059cbb,"transfer(address _to, uint256 _value)",10092944
14968583,1655312098,0xfef847ebe143cf3a43a99cbc4fbf1ca998344f778a5a28691ccc8a07d3b3615c,781,0x51d5c11616ac4d16bb7a84519284912e065a9cb0898744ff71632e4612d2a013,0x8660406a6302ae7c726cb4f3c24442b8ba49748b,0x41545f8b9472d758bb669ed8eaeeecd7a9c4ec29,0x6b2e207615aa7891ee3f157d32fa98570e7c7ad6,2000000000000000000000,Forta,FORT,18,301,69507,56973999075,41270,17447400,deprecated,0xa9059cbb,"transfer(address _to, uint256 _value)",10092944
14968583,1655312098,0xfc001075028863a22ff9995cbdc119a77429043beb5c5bf9598817a501f66ef3,99,0x51d5c11616ac4d16bb7a84519284912e065a9cb0898744ff71632e4612d2a013,0x487e1280881b686732b31825a2d869450b46bdba,0x41545f8b9472d758bb669ed8eaeeecd7a9c4ec29,0xbf6cf3ecb8463cfc279eacd2f8538f5b3cd755e7,2000000000000000000000,Forta,FORT,18,303,95565,56973999075,58370,17670649,deprecated,0xa9059cbb,"transfer(address _to, uint256 _value)",10092944
14968583,1655312098,0x599ff21f72fe5aeec8a606bc27c8130f3cac1059d72589e8a667fb455c2676cc,4,0x51d5c11616ac4d16bb7a84519284912e065a9cb0898744ff71632e4612d2a013,0xe327e8372e886440b661f26df3a3918b2f540e7c,0x41545f8b9472d758bb669ed8eaeeecd7a9c4ec29,0x09773a85582f235999a1d2fafff35ac1d0458cca,2000000000000000000000,Forta,FORT,18,382,95565,56215058182,58370,27002215,deprecated,0xa9059cbb,"transfer(address _to, uint256 _value)",10092944
14968583,1655312098,0x439b90a55742d40786cf2a580bfa168a5df0502131d7b498491be8ff6b101bee,317,0x51d5c11616ac4d16bb7a84519284912e065a9cb0898744ff71632e4612d2a013,0x00fda08b1b0a63db0078c641604d5f7f6fe4723b,0x41545f8b9472d758bb669ed8eaeeecd7a9c4ec29,0xf25624a2ed1ff21ed2e281cd67851970fa3572c7,1000000000000000000000,Forta,FORT,18,400,95565,56215058182,58370,29184291,deprecated,0xa9059cbb,"transfer(address _to, uint256 _value)",10092944
14968584,1655312113,0xf51a6b123b8ca7a8ae721ac8395c51e29474b7e4042218b465f8dd55c0ae3a53,0,0xf12ad7c44533a01bbd43a5c10e000307bfe7edafb10fb8f86c6f1bd392d4d15b,0x988a7bc24a9d0fa49989fb9734bda30f55760ceb,0x41545f8b9472d758bb669ed8eaeeecd7a9c4ec29,0xbea23fe0b112a85fafa46b447a77403eb24da82d,2000000000000000000000,Forta,FORT,18,16,131714,85704433313,113319,1315309,deprecated,0xae0b51df,"claim(uint256 index, uint256 amount, bytes32[] merkleProof)",10092943
14968585,1655312128,0x4de00ff1b3425972164f7b8d0e120caa67e664339ff8864ef256b88532ea20bb,7,0xc5d15c93c2ef57b19ac4b7cb2b79b9403dc78745972237f240db5bd7f99b6559,0xefc0d892656eeb59a0b54a6b4f2a0d2fad4b66c8,0x41545f8b9472d758bb669ed8eaeeecd7a9c4ec29,0xf25624a2ed1ff21ed2e281cd67851970fa3572c7,1000000000000000000000,Forta,FORT,18,17,69507,60810971387,41270,1399521,deprecated,0xa9059cbb,"transfer(address _to, uint256 _value)",10092942
14968586,1655312129,0x197429eeb204c3191c92e45fce98638b5afbe07b4bfc54006f14ed4a6e3dc6d8,8,0x97019371f47b67f0f0825286361cd180dd6f98b67157dd9e23ab9a0dc996f52b,0x8a29a6b8847025b86b6710a42445c9c10f0aaea1,0x41545f8b9472d758bb669ed8eaeeecd7a9c4ec29,0x0439af2b43e97a331a223d5cca4bb81d715065dd,9000000000000000000000,Forta,FORT,18,29,95583,55015866920,58382,1685210,deprecated,0xa9059cbb,"transfer(address _to, uint256 _value)",10092941
14968587,1655312132,0x69f20e2671eb767157dde5ddcaa07c17167993c3f126842235c1c6ac93505209,0,0x6171a44267ceef3bebd121542e6d9056700511959672578259f7093900e74b21,0x988a7bc24a9d0fa49989fb9734bda30f55760ceb,0x41545f8b9472d758bb669ed8eaeeecd7a9c4ec29,0x1b0d65d1658ad1417afbdcf6460581f36bab3d04,2000000000000000000000,Forta,FORT,18,16,131678,84710998613,113289,2634249,deprecated,0xae0b51df,"claim(uint256 index, uint256 amount, bytes32[] merkleProof)",10092940
14968587,1655312132,0x43a8f432944544a00e0f1647c7ea23aff117b4c4a35710644caa045478aa2728,0,0x6171a44267ceef3bebd121542e6d9056700511959672578259f7093900e74b21,0x988a7bc24a9d0fa49989fb9734bda30f55760ceb,0x41545f8b9472d758bb669ed8eaeeecd7a9c4ec29,0xfe1c1cceccab539f6095ac07a369cdd669171e9d,3000000000000000000000,Forta,FORT,18,17,131698,84710998613,113305,2747554,deprecated,0xae0b51df,"claim(uint256 index, uint256 amount, bytes32[] merkleProof)",10092940
14968587,1655312132,0x1627f26431defe2c748670810583657d638da892240ef4c1cb2657cc272fdb40,0,0x6171a44267ceef3bebd121542e6d9056700511959672578259f7093900e74b21,0x988a7bc24a9d0fa49989fb9734bda30f55760ceb,0x41545f8b9472d758bb669ed8eaeeecd7a9c4ec29,0x36010049571003674f531037e183e602bc2d1d79,3000000000000000000000,Forta,FORT,18,21,131688,81773800380,113297,2930454,deprecated,0xae0b51df,"claim(uint256 index, uint256 amount, bytes32[] merkleProof)",10092940
14968587,1655312132,0x17b18f6fa15d2a6863886c31abea24005adf5f451544909fcbea8febe13c32ce,27,0x6171a44267ceef3bebd121542e6d9056700511959672578259f7093900e74b21,0x1673888242bad06cc87a7bcaff392cb27218b3e3,0x41545f8b9472d758bb669ed8eaeeecd7a9c4ec29,0xa356867fdcea8e71aeaf87805808803806231fdc,1113045985947238901756,Forta,FORT,18,99,836796,50584295943,503776,8428089,deprecated,0x54bacd13,"externalSwap(address fromToken, address toToken, address approveTarget, address swapTarget, uint256 fromTokenAmount, uint256 minReturnAmount, bytes callDataConcat, bool isIncentive, uint256 deadLine)",10092940
14968587,1655312132,0x17b18f6fa15d2a6863886c31abea24005adf5f451544909fcbea8febe13c32ce,27,0x6171a44267ceef3bebd121542e6d9056700511959672578259f7093900e74b21,0xa356867fdcea8e71aeaf87805808803806231fdc,0x41545f8b9472d758bb669ed8eaeeecd7a9c4ec29,0x367edc2387e7eafbd96a2266f12ccf8e55f05372,1113045985947238901756,Forta,FORT,18,99,836796,50584295943,503776,8428089,deprecated,0x54bacd13,"externalSwap(address fromToken, address toToken, address approveTarget, address swapTarget, uint256 fromTokenAmount, uint256 minReturnAmount, bytes callDataConcat, bool isIncentive, uint256 deadLine)",10092940
14968587,1655312132,0x602cc7328b6eb4e95fc8ef78419125d30b7305cc3d1f9913cf4786ea8f931915,5,0x6171a44267ceef3bebd121542e6d9056700511959672578259f7093900e74b21,0x34a9cec496ff1f90c9caa81a0fee1ebd628281f8,0x41545f8b9472d758bb669ed8eaeeecd7a9c4ec29,0x1673888242bad06cc87a7bcaff392cb27218b3e3,500000000000000000000,Forta,FORT,18,148,327195,50084295943,278329,13264762,deprecated,0x5ae401dc,"multicall(uint256 deadline, bytes[] data)",10092940
14968587,1655312132,0xc556aa3d6db35a330f8b698ef20d160651e3ad40a541a035ea8101193e0e217d,253,0x6171a44267ceef3bebd121542e6d9056700511959672578259f7093900e74b21,0x91a7781356735a74aa69bde618b5872c18328754,0x41545f8b9472d758bb669ed8eaeeecd7a9c4ec29,0x1b300c0c2778dcd10715a32384bdec2db4ea5c26,2900000000000000000000,Forta,FORT,18,156,69507,50084295943,46070,14112443,deprecated,0xa9059cbb,"transfer(address _to, uint256 _value)",10092940
14968589,1655312152,0xd8d1984f30ed8b526ba982eb835260d91ad503666a9f3a7a620eda18fc9109db,5,0x060eb40f4e8c9a6fd5c412ad6b0dd0a0291066a9aa9e7a4a8e3b7dc9a4894447,0x988a7bc24a9d0fa49989fb9734bda30f55760ceb,0x41545f8b9472d758bb669ed8eaeeecd7a9c4ec29,0xd7de0f3f1ba06533305eae8dd626af44e093713e,2000000000000000000000,Forta,FORT,18,25,131726,81773800380,113329,4833336,deprecated,0xae0b51df,"claim(uint256 index, uint256 amount, bytes32[] merkleProof)",10092938
14968589,1655312152,0x8ea85e9cc836c5841dc19752f38be5f359a8584b0e61958575991636a53b4846,121,0x060eb40f4e8c9a6fd5c412ad6b0dd0a0291066a9aa9e7a4a8e3b7dc9a4894447,0x988a7bc24a9d0fa49989fb9734bda30f55760ceb,0x41545f8b9472d758bb669ed8eaeeecd7a9c4ec29,0x7d7b8f35f80098291fa5caa808d1439c732921d1,2000000000000000000000,Forta,FORT,18,26,129886,81773800380,111738,4945074,deprecated,0xae0b51df,"claim(uint256 index, uint256 amount, bytes32[] merkleProof)",10092938
14968589,1655312152,0xf53f502bbee366743906642b9e3bc638671530fc3c9c28d62cf88cc599ee3447,21,0x060eb40f4e8c9a6fd5c412ad6b0dd0a0291066a9aa9e7a4a8e3b7dc9a4894447,0x677e563ba5dd39165b982d23ee54aaa3b6d63776,0x41545f8b9472d758bb669ed8eaeeecd7a9c4ec29,0x94f9871e434cfc800df6f8386f08450baae99f83,500000000000000000000,Forta,FORT,18,28,95565,80000000000,63170,5039721,deprecated,0xa9059cbb,"transfer(address _to, uint256 _value)",10092938
14968589,1655312152,0xe3d69b86d05fd6db4ea4d326ed6cddc0dde68c1b3e4461dfc0354cd9d01d878e,0,0x060eb40f4e8c9a6fd5c412ad6b0dd0a0291066a9aa9e7a4a8e3b7dc9a4894447,0x988a7bc24a9d0fa49989fb9734bda30f55760ceb,0x41545f8b9472d758bb669ed8eaeeecd7a9c4ec29,0xa25fb44b8a1dbf4331b7e69a640e43d83bdf443f,3000000000000000000000,Forta,FORT,18,33,131735,74376443915,113337,5358478,deprecated,0xae0b51df,"claim(uint256 index, uint256 amount, bytes32[] merkleProof)",10092938
14968589,1655312152,0xa36d4d641b0897483cfdead5062e20150427010715754638a1573f1018e07c27,1,0x060eb40f4e8c9a6fd5c412ad6b0dd0a0291066a9aa9e7a4a8e3b7dc9a4894447,0x27dec48160a6d374da1add30eec0bfed72f9869d,0x41545f8b9472d758bb669ed8eaeeecd7a9c4ec29,0xf4d6635a15f79d00700db4d8a40cc7baa655563d,2000000000000000000000,Forta,FORT,18,253,95547,45558810342,58358,19780002,deprecated,0xa9059cbb,"transfer(address _to, uint256 _value)",10092938
14968589,1655312152,0xd7df4a70c1ed12b078e1d16eeb4882c4307b51d77f73dbd882041c320d362f7c,296,0x060eb40f4e8c9a6fd5c412ad6b0dd0a0291066a9aa9e7a4a8e3b7dc9a4894447,0x938d18b5bfb3d03d066052d6e513d2915d8797a0,0x41545f8b9472d758bb669ed8eaeeecd7a9c4ec29,0x1673888242bad06cc87a7bcaff392cb27218b3e3,800000000000000000000,Forta,FORT,18,264,326785,45558810342,231103,21624032,deprecated,0x5ae401dc,"multicall(uint256 deadline, bytes[] data)",10092938
14968589,1655312152,0xed8386442a60263f7d26f52eedb8d0861eb0c3296fb01ecd334069b8afc305df,26,0x060eb40f4e8c9a6fd5c412ad6b0dd0a0291066a9aa9e7a4a8e3b7dc9a4894447,0x988a7bc24a9d0fa49989fb9734bda30f55760ceb,0x41545f8b9472d758bb669ed8eaeeecd7a9c4ec29,0x45fba672eecf7ba2e20931a684aa4d22a85a9551,3000000000000000000000,Forta,FORT,18,292,131737,45058810342,113339,24713509,deprecated,0xae0b51df,"claim(uint256 index, uint256 amount, bytes32[] merkleProof)",10092938
14968590,1655312169,0x00097ac6d94b4f1f9b64aa6c9143234401e33c654e8cddb5900f19e17f0f4efb,737,0x00e6243ce5b73515e279f489dd4b691cb901193d20908eb7b839d66f49caadbc,0x988a7bc24a9d0fa49989fb9734bda30f55760ceb,0x41545f8b9472d758bb669ed8eaeeecd7a9c4ec29,0xc8bc031067bfafaef862dab9cb365a8a9c3572ee,1000000000000000000000,Forta,FORT,18,28,131651,75841084431,113265,2188616,deprecated,0xae0b51df,"claim(uint256 index, uint256 amount, bytes32[] merkleProof)",10092937
14968590,1655312169,0x3ff3488ddd2ac68a1fb685f1a90cb43d051a96844ed202e9411393d4f854d70c,0,0x00e6243ce5b73515e279f489dd4b691cb901193d20908eb7b839d66f49caadbc,0x988a7bc24a9d0fa49989fb9734bda30f55760ceb,0x41545f8b9472d758bb669ed8eaeeecd7a9c4ec29,0x9c5f921e0bb5c411f5bc424c830904bced726877,2000000000000000000000,Forta,FORT,18,30,131662,75841084431,113275,2322891,deprecated,0xae0b51df,"claim(uint256 index, uint256 amount, bytes32[] merkleProof)",10092937
14968590,1655312169,0x1d2a94c496a78a1778f77a4b0a2b8b61e5188466fe60c7f958549be1e1a892ce,0,0x00e6243ce5b73515e279f489dd4b691cb901193d20908eb7b839d66f49caadbc,0x988a7bc24a9d0fa49989fb9734bda30f55760ceb,0x41545f8b9472d758bb669ed8eaeeecd7a9c4ec29,0x7712f81f6eb8b85c3a246147a7aa906b2123e874,3000000000000000000000,Forta,FORT,18,31,131751,75841084431,113351,2436242,deprecated,0xae0b51df,"claim(uint256 index, uint256 amount, bytes32[] merkleProof)",10092937
14968590,1655312169,0xf2e9cc1d7e98537ca79307b84ef2af0e77e873f79678aa1889b0fca630f31d2b,28,0x00e6243ce5b73515e279f489dd4b691cb901193d20908eb7b839d66f49caadbc,0x988a7bc24a9d0fa49989fb9734bda30f55760ceb,0x41545f8b9472d758bb669ed8eaeeecd7a9c4ec29,0xf2d96e20ec3ecfb2d26bcb2dfd3844aea9438d10,2000000000000000000000,Forta,FORT,18,33,131701,74376443915,113309,2578959,deprecated,0xae0b51df,"claim(uint256 index, uint256 amount, bytes32[] merkleProof)",10092937
14968590,1655312169,0x4c32423fbf0989dc97f3999caadb55b2c38acb831a6d3cab7dc46efe473fac6a,431,0x00e6243ce5b73515e279f489dd4b691cb901193d20908eb7b839d66f49caadbc,0x988a7bc24a9d0fa49989fb9734bda30f55760ceb,0x41545f8b9472d758bb669ed8eaeeecd7a9c4ec29,0xc633721c36ddc08850ee332fe315abd25a9b5b5d,2000000000000000000000,Forta,FORT,18,44,131700,67588215513,113307,3060458,deprecated,0xae0b51df,"claim(uint256 index, uint256 amount, bytes32[] merkleProof)",10092937
14968590,1655312169,0x2ce35f50a0358645b6aff296792dd91bcaadd7fb6cf51b3604f1d0503a1baafd,195,0x00e6243ce5b73515e279f489dd4b691cb901193d20908eb7b839d66f49caadbc,0x988a7bc24a9d0fa49989fb9734bda30f55760ceb,0x41545f8b9472d758bb669ed8eaeeecd7a9c4ec29,0xc5924db956e47bfe3e33c00d3147e976638ea0da,5000000000000000000000,Forta,FORT,18,45,131751,67588215513,113351,3173809,deprecated,0xae0b51df,"claim(uint256 index, uint256 amount, bytes32[] merkleProof)",10092937
14968590,1655312169,0x04f3fda8d4263c7e5e8cf9c93f5f59e06a40910f81a7390ac42f1efbdecec4dc,76,0x00e6243ce5b73515e279f489dd4b691cb901193d20908eb7b839d66f49caadbc,0x988a7bc24a9d0fa49989fb9734bda30f55760ceb,0x41545f8b9472d758bb669ed8eaeeecd7a9c4ec29,0xd3ad51f5557d84ef8153745897b05ef9bf9ec80d,1000000000000000000000,Forta,FORT,18,46,131698,67588215513,113305,3287114,deprecated,0xae0b51df,"claim(uint256 index, uint256 amount, bytes32[] merkleProof)",10092937
14968590,1655312169,0x9e1682ef9d14472299d3952cb3e0fa34595098667e959cd2ec9e97c3d77d2c3e,0,0x00e6243ce5b73515e279f489dd4b691cb901193d20908eb7b839d66f49caadbc,0x24415ad8d317f9e6859160a9acebe906d8b40415,0x41545f8b9472d758bb669ed8eaeeecd7a9c4ec29,0xf5f3436a05b5ced2490dae07b86eb5bbd02782aa,2000000000000000000000,Forta,FORT,18,152,90000,51528671171,41270,10466028,deprecated,0xa9059cbb,"transfer(address _to, uint256 _value)",10092937
14968590,1655312169,0xab1cec271a80046da194c89959f93228070dc88595c8fb1e18e6ca7bb5831140,0,0x00e6243ce5b73515e279f489dd4b691cb901193d20908eb7b839d66f49caadbc,0x157fda0a30623d5e335e20e0d6dcd92564b39885,0x41545f8b9472d758bb669ed8eaeeecd7a9c4ec29,0xf5f3436a05b5ced2490dae07b86eb5bbd02782aa,5000000000000000000,Forta,FORT,18,153,90000,51528671171,46058,10512086,deprecated,0xa9059cbb,"transfer(address _to, uint256 _value)",10092937
14968590,1655312169,0x1690833dcf3950d5f63e9d57eed817f6bdbdd4037985c04ee4f49ad894ec1c7d,0,0x00e6243ce5b73515e279f489dd4b691cb901193d20908eb7b839d66f49caadbc,0xb974f30334be2fa0d30eb52d759d30dd84446245,0x41545f8b9472d758bb669ed8eaeeecd7a9c4ec29,0xf5f3436a05b5ced2490dae07b86eb5bbd02782aa,6000000000000000000000,Forta,FORT,18,157,90000,51528671171,41282,10637653,deprecated,0xa9059cbb,"transfer(address _to, uint256 _value)",10092937
14968590,1655312169,0x78708a69e1b43ec6e4e964d21632d158cb34ee7c63264db95e8cc69394476063,0,0x00e6243ce5b73515e279f489dd4b691cb901193d20908eb7b839d66f49caadbc,0x191c9def53394ae5e265ae174f14846a98e10bc9,0x41545f8b9472d758bb669ed8eaeeecd7a9c4ec29,0xf5f3436a05b5ced2490dae07b86eb5bbd02782aa,1483000000000000000000,Forta,FORT,18,170,90000,51528671171,41270,10937861,deprecated,0xa9059cbb,"transfer(address _to, uint256 _value)",10092937
14968590,1655312169,0x295ba4eb0c50678e481d385af73b06fd9ace7479d42802c102897bd2c06f51cf,1,0x00e6243ce5b73515e279f489dd4b691cb901193d20908eb7b839d66f49caadbc,0x830ae9d3348df93dd38d66cae22dc8c20b1dfa4a,0x41545f8b9472d758bb669ed8eaeeecd7a9c4ec29,0xfa49c49a0bd91f148bfbb90c2bc1ff5ab5d6c4c0,2000000000000000000000,Forta,FORT,18,246,95565,51028671171,58370,16042035,deprecated,0xa9059cbb,"transfer(address _to, uint256 _value)",10092937
14968590,1655312169,0x50497e60f48a0f76d62a1547b0d3f96d0b02d50b0ea645a21324c19378e235d4,2,0x00e6243ce5b73515e279f489dd4b691cb901193d20908eb7b839d66f49caadbc,0xf4616f2c8af9f6d2cbea84bb6fd15ebf8d72e2b1,0x41545f8b9472d758bb669ed8eaeeecd7a9c4ec29,0xdc937dce217c162777d28920ad787c606f90fd5f,1000000000000000000000,Forta,FORT,18,261,95565,51028671171,63170,17552967,deprecated,0xa9059cbb,"transfer(address _to, uint256 _value)",10092937
14968590,1655312169,0xfb01189849cd991db66284c6105c4e629b5b76cb0561424255ad8fcb19cfd767,22,0x00e6243ce5b73515e279f489dd4b691cb901193d20908eb7b839d66f49caadbc,0xe4aee5e5ba3819da487f6279ad9b94704e9c2f84,0x41545f8b9472d758bb669ed8eaeeecd7a9c4ec29,0xad18d6e3f50470d89b45e4705d3bb0694ad4a6fe,1000000000000000000000,Forta,FORT,18,281,95565,51028671171,58370,20022643,deprecated,0xa9059cbb,"transfer(address _to, uint256 _value)",10092937
14968592,1655312192,0x36ca54163f3555010a701668f1f447b4e9f13d53f82d1d33dc6fefc2cbefe30f,0,0xc1c0b8fe989acb7a475966c03b8e8cfe31c59f1c20284f6f043025dccaa2fd90,0x988a7bc24a9d0fa49989fb9734bda30f55760ceb,0x41545f8b9472d758bb669ed8eaeeecd7a9c4ec29,0xe895a12ee95bce15f7cfd8c500ad8a844a17580e,2000000000000000000000,Forta,FORT,18,10,131700,98837490777,113307,3706816,deprecated,0xae0b51df,"claim(uint256 index, uint256 amount, bytes32[] merkleProof)",10092935
14968592,1655312192,0xd1bada328a6a804b265bf635cc493435d5ac42bbc1bef3d47ed294fa7f91a525,15,0xc1c0b8fe989acb7a475966c03b8e8cfe31c59f1c20284f6f043025dccaa2fd90,0xed4f343a0c87d260c59c6371279245c15346e9bb,0x41545f8b9472d758bb669ed8eaeeecd7a9c4ec29,0x784c9f1e196b7bb8b357a8117ee6399fb6d5dfbf,10000000000000000000000,Forta,FORT,18,113,95583,49470239036,58382,11924931,deprecated,0xa9059cbb,"transfer(address _to, uint256 _value)",10092935
14968594,1655312201,0x7361072b8ee53d7e709b28812072c0d1c3df635f33835404fd8fdb8771556b0b,2,0x7c29cb3ac9bab724e5caf8b43cab51094eae5d1a7f8654c8c4a9b15c13173dbc,0xfdfe68525502d85d7bea30a59068ac6a0fe89f2c,0x41545f8b9472d758bb669ed8eaeeecd7a9c4ec29,0x33678c656f2b6670a5d35993ce11d9625e831055,2000000000000000000000,Forta,FORT,18,33,95565,44063952907,58370,4180511,deprecated,0xa9059cbb,"transfer(address _to, uint256 _value)",10092933
14968595,1655312205,0xd1b31b9a272734021e0c0ec7d270ff8fbaa66716b049e6d9bac5f39330b07cae,12,0x05aab7ad5cb6ac5a440978db03c60813506b418aa6d0d9b548ea9da7f9b710e8,0x988a7bc24a9d0fa49989fb9734bda30f55760ceb,0x41545f8b9472d758bb669ed8eaeeecd7a9c4ec29,0x2fccfb738326e1b0a043ac985dd2ef77a1f77882,2000000000000000000000,Forta,FORT,18,14,131723,75793006757,113327,2141996,deprecated,0xae0b51df,"claim(uint256 index, uint256 amount, bytes32[] merkleProof)",10092932
14968595,1655312205,0x97fed4d6bc5b8050d7c371f982eefa9f080b5285c6bbfe3d2b4c1e68b67db0ea,5,0x05aab7ad5cb6ac5a440978db03c60813506b418aa6d0d9b548ea9da7f9b710e8,0x4a511876050a5e91faf8621b0167614f0fb39d7c,0x41545f8b9472d758bb669ed8eaeeecd7a9c4ec29,0x31e7e6ef82cbade5415cc57d634c382c75e69ba0,2000000000000000000000,Forta,FORT,18,129,95565,40426095693,58370,10233461,deprecated,0xa9059cbb,"transfer(address _to, uint256 _value)",10092932
14968595,1655312205,0xc903de1f4f2ba215328ccc56893bc0773f5426a3fda1bd9136a5bc92e3df7783,297,0x05aab7ad5cb6ac5a440978db03c60813506b418aa6d0d9b548ea9da7f9b710e8,0x938d18b5bfb3d03d066052d6e513d2915d8797a0,0x41545f8b9472d758bb669ed8eaeeecd7a9c4ec29,0x1673888242bad06cc87a7bcaff392cb27218b3e3,700000000000000000000,Forta,FORT,18,146,324848,40426095693,230489,12979508,deprecated,0x5ae401dc,"multicall(uint256 deadline, bytes[] data)",10092932
14968595,1655312205,0x24cf98620106a0fabbe0ea8843ec3067c7224f1222b723e49592dc64bd20ca6c,0,0x05aab7ad5cb6ac5a440978db03c60813506b418aa6d0d9b548ea9da7f9b710e8,0x988a7bc24a9d0fa49989fb9734bda30f55760ceb,0x41545f8b9472d758bb669ed8eaeeecd7a9c4ec29,0x3b56fc5dfb1ad6811678b8e63bd4c7c168186b79,2000000000000000000000,Forta,FORT,18,166,131721,40426095693,113325,14691095,deprecated,0xae0b51df,"claim(uint256 index, uint256 amount, bytes32[] merkleProof)",10092932
14968595,1655312205,0x341400b035c95115e8d12f57249b97585e59992b9177dfca7d8d2e44fdece8fe,19,0x05aab7ad5cb6ac5a440978db03c60813506b418aa6d0d9b548ea9da7f9b710e8,0x988a7bc24a9d0fa49989fb9734bda30f55760ceb,0x41545f8b9472d758bb669ed8eaeeecd7a9c4ec29,0xa9de903e47443aeefc527cbb025c4f9e04eb0a6f,2000000000000000000000,Forta,FORT,18,201,131712,40000000000,113317,19786039,deprecated,0xae0b51df,"claim(uint256 index, uint256 amount, bytes32[] merkleProof)",10092932
14968595,1655312205,0x1246ab0ece48745b4cec9054f8d42a454bb1b177ff7ab3b89456916fcedcb61c,15,0x05aab7ad5cb6ac5a440978db03c60813506b418aa6d0d9b548ea9da7f9b710e8,0x988a7bc24a9d0fa49989fb9734bda30f55760ceb,0x41545f8b9472d758bb669ed8eaeeecd7a9c4ec29,0x91cf94e36e88f69dccbf0b203e198f2035a79b64,2000000000000000000000,Forta,FORT,18,204,129844,40000000000,111702,20189414,deprecated,0xae0b51df,"claim(uint256 index, uint256 amount, bytes32[] merkleProof)",10092932
14968595,1655312205,0xf063a6abd67e74bbc8a30e5bec1207191b248e19319686ffb11af809ea830960,15,0x05aab7ad5cb6ac5a440978db03c60813506b418aa6d0d9b548ea9da7f9b710e8,0x988a7bc24a9d0fa49989fb9734bda30f55760ceb,0x41545f8b9472d758bb669ed8eaeeecd7a9c4ec29,0x4044773b14ae8a00cfabefe46c398bc14bb8f9e7,2000000000000000000000,Forta,FORT,18,206,131751,40000000000,113351,20527663,deprecated,0xae0b51df,"claim(uint256 index, uint256 amount, bytes32[] merkleProof)",10092932
14968596,1655312212,0x925f082fe494aa549b3ab88fc1628268808c7b4da8bad17d73d446bc0ecc1a6b,76,0x058299fb6bd3b79cf7a406fc5da89e4907d926ae9a26be69982852d27bba6c5d,0x988a7bc24a9d0fa49989fb9734bda30f55760ceb,0x41545f8b9472d758bb669ed8eaeeecd7a9c4ec29,0x8fb292a211fac7ce56ff25a5ad4270eb18abaf01,2000000000000000000000,Forta,FORT,18,21,131653,44066413692,113267,1419864,deprecated,0xae0b51df,"claim(uint256 index, uint256 amount, bytes32[] merkleProof)",10092931
14968597,1655312213,0x037668011a4e4d9882d0a980459638d582d6a09ae33df1eb4b258fb3228f6cdb,10,0x7cc520f9042dc5d490eaa87f0c60df3b4268911c5b5dfce3d8f27b33b5b72e99,0x524987dc402e16364a431fd185b99f434b5725d3,0x41545f8b9472d758bb669ed8eaeeecd7a9c4ec29,0x7f4bb44a3628a3f59fd929264cfe6439bbe90216,1999000000000000000000,Forta,FORT,18,8,69507,100000000000,41270,2046751,deprecated,0xa9059cbb,"transfer(address _to, uint256 _value)",10092930
14968597,1655312213,0x3b67624de95595304614bb26a2e8ed09a55fd3f98a6a3c32268208f805641f45,0,0x7cc520f9042dc5d490eaa87f0c60df3b4268911c5b5dfce3d8f27b33b5b72e99,0x988a7bc24a9d0fa49989fb9734bda30f55760ceb,0x41545f8b9472d758bb669ed8eaeeecd7a9c4ec29,0xf8b4bc212df1efbd8b5725fb8a8991631f6520fe,3000000000000000000000,Forta,FORT,18,28,129848,65345929361,111706,3125995,deprecated,0xae0b51df,"claim(uint256 index, uint256 amount, bytes32[] merkleProof)",10092930
14968597,1655312213,0x8e478502a9ee1c4f2f134b22a0e2b8f206781611be207f5cbb172534e205aeae,0,0x7cc520f9042dc5d490eaa87f0c60df3b4268911c5b5dfce3d8f27b33b5b72e99,0x988a7bc24a9d0fa49989fb9734bda30f55760ceb,0x41545f8b9472d758bb669ed8eaeeecd7a9c4ec29,0x24a7d9c1b505f2a95808450db96da0e2eb076bac,3000000000000000000000,Forta,FORT,18,29,131687,65345929361,113295,3239290,deprecated,0xae0b51df,"claim(uint256 index, uint256 amount, bytes32[] merkleProof)",10092930
14968597,1655312213,0x2e01ff6477ab264bfeb4fc3bcc79c1d59858bdfbb404acb11297250f07633328,0,0x7cc520f9042dc5d490eaa87f0c60df3b4268911c5b5dfce3d8f27b33b5b72e99,0x988a7bc24a9d0fa49989fb9734bda30f55760ceb,0x41545f8b9472d758bb669ed8eaeeecd7a9c4ec29,0x0eeb8d4ea9586c8791195874c213ce7794f17344,3000000000000000000000,Forta,FORT,18,30,129861,65345929361,111718,3351008,deprecated,0xae0b51df,"claim(uint256 index, uint256 amount, bytes32[] merkleProof)",10092930
14968597,1655312213,0xe64062b89a0c2e2d31df87fd2ec350880b0cc0ee6ef10779078924198208b89f,0,0x7cc520f9042dc5d490eaa87f0c60df3b4268911c5b5dfce3d8f27b33b5b72e99,0x988a7bc24a9d0fa49989fb9734bda30f55760ceb,0x41545f8b9472d758bb669ed8eaeeecd7a9c4ec29,0x4e18d6f0ad6613fda08818e64cded9c22e9a0f9d,3000000000000000000000,Forta,FORT,18,31,131714,65345929361,113319,3464327,deprecated,0xae0b51df,"claim(uint256 index, uint256 amount, bytes32[] merkleProof)",10092930
14968597,1655312213,0x8ddeda0f59acdbef3d6fe226e7f6f2653f9669197b3652a58d7f527f265ef075,0,0x7cc520f9042dc5d490eaa87f0c60df3b4268911c5b5dfce3d8f27b33b5b72e99,0x988a7bc24a9d0fa49989fb9734bda30f55760ceb,0x41545f8b9472d758bb669ed8eaeeecd7a9c4ec29,0xdf921bb1c0e0eaa61ab4b942f6c8968eb043ee3d,3000000000000000000000,Forta,FORT,18,32,131698,65345929361,113305,3577632,deprecated,0xae0b51df,"claim(uint256 index, uint256 amount, bytes32[] merkleProof)",10092930
14968597,1655312213,0x2745f4171fbaf18c7f7e9b1b47a0d03d8a20f44526f80b487e5ba1cae6b67e53,0,0x7cc520f9042dc5d490eaa87f0c60df3b4268911c5b5dfce3d8f27b33b5b72e99,0x988a7bc24a9d0fa49989fb9734bda30f55760ceb,0x41545f8b9472d758bb669ed8eaeeecd7a9c4ec29,0x25d598dbebcd89e785a6845d6b672cf3b8f7158c,3000000000000000000000,Forta,FORT,18,33,129850,65345929361,111708,3689340,deprecated,0xae0b51df,"claim(uint256 index, uint256 amount, bytes32[] merkleProof)",10092930
14968597,1655312213,0x491bc5fedbdb55085f5c66585a48bee224e8750f2ed3925ae15bcc6385930f6a,215,0x7cc520f9042dc5d490eaa87f0c60df3b4268911c5b5dfce3d8f27b33b5b72e99,0x988a7bc24a9d0fa49989fb9734bda30f55760ceb,0x41545f8b9472d758bb669ed8eaeeecd7a9c4ec29,0x4dcbb1fe5983ad5b44dc661273a4f11ca812f8b8,1000000000000000000000,Forta,FORT,18,39,195455,60000000000,128826,4145721,deprecated,0xae0b51df,"claim(uint256 index, uint256 amount, bytes32[] merkleProof)",10092930
14968597,1655312213,0x9b2df6fc850e18ce9e54c6934a279febb832afca52a612aaf28b2417002ebb83,28,0x7cc520f9042dc5d490eaa87f0c60df3b4268911c5b5dfce3d8f27b33b5b72e99,0x367edc2387e7eafbd96a2266f12ccf8e55f05372,0x41545f8b9472d758bb669ed8eaeeecd7a9c4ec29,0xe815af277a6e65b70e179b038e3ecd2e629adde4,1113045985947238901756,Forta,FORT,18,141,95601,40852678564,58394,11466122,deprecated,0xa9059cbb,"transfer(address _to, uint256 _value)",10092930
14968597,1655312213,0xe86226fd9ebd1a3f0fe94b5134ea806a23eb7a0eb32bbe3f3ec840dd669c8fcd,107,0x7cc520f9042dc5d490eaa87f0c60df3b4268911c5b5dfce3d8f27b33b5b72e99,0x4bcb5bc7ecc00a046965fe3fa281ea7cd0474c6b,0x41545f8b9472d758bb669ed8eaeeecd7a9c4ec29,0x273b74262be04d301482bea659e6d6e4cc478fb1,672759917722123557249,Forta,FORT,18,296,95601,40352678564,58394,19263497,deprecated,0xa9059cbb,"transfer(address _to, uint256 _value)",10092930
14968597,1655312213,0x8fa80fb2b04b7af5df73369667964009ca6c5b351290ead41a650b7f24c2ae8e,1134,0x7cc520f9042dc5d490eaa87f0c60df3b4268911c5b5dfce3d8f27b33b5b72e99,0x1673888242bad06cc87a7bcaff392cb27218b3e3,0x41545f8b9472d758bb669ed8eaeeecd7a9c4ec29,0x7f463290f429118add2f8d7df4c41485916f3be4,396715199101712230342,Forta,FORT,18,315,293718,40352678564,219313,21550055,deprecated,0x5ae401dc,"multicall(uint256 deadline, bytes[] data)",10092930
14968597,1655312213,0x9771bfb4d054f77d2f89316bc7f7ebb800cd08e8771508ba23d60221a6e67070,9,0x7cc520f9042dc5d490eaa87f0c60df3b4268911c5b5dfce3d8f27b33b5b72e99,0x988a7bc24a9d0fa49989fb9734bda30f55760ceb,0x41545f8b9472d758bb669ed8eaeeecd7a9c4ec29,0x559dbbc9dc6e1553ba3a4780043d1cfe7dcf8819,1000000000000000000000,Forta,FORT,18,338,151642,39852678564,130377,24683909,deprecated,0xae0b51df,"claim(uint256 index, uint256 amount, bytes32[] merkleProof)",10092930
14968598,1655312228,0x3df61d00eb561151a12fd1c43a510b216b53a8190cc14d1532c6d459e0bc55ab,2372,0x725863aca8a3ec7fda14e76512702a0e1ff036c0d9952dd32aa7fb0019ea1403,0x988a7bc24a9d0fa49989fb9734bda30f55760ceb,0x41545f8b9472d758bb669ed8eaeeecd7a9c4ec29,0x8f903cfc0af3c2ec0d872c57538af5e071544a57,1000000000000000000000,Forta,FORT,18,26,131700,67183691456,113307,1825728,deprecated,0xae0b51df,"claim(uint256 index, uint256 amount, bytes32[] merkleProof)",10092929
14968598,1655312228,0x70343426084adb6915bbad1f5df6d56ef6cafb253b32b2f91e86b5c3dce26a3f,0,0x725863aca8a3ec7fda14e76512702a0e1ff036c0d9952dd32aa7fb0019ea1403,0x941a587fa8ca564140604d738123448c8cdd8f3a,0x41545f8b9472d758bb669ed8eaeeecd7a9c4ec29,0xf5f3436a05b5ced2490dae07b86eb5bbd02782aa,1500000000000000000000,Forta,FORT,18,59,90000,45702822581,41270,4141757,deprecated,0xa9059cbb,"transfer(address _to, uint256 _value)",10092929
14968598,1655312228,0x6445117f03010aef19c0f14e281c5d290addf7f9b96a05f48927611debb9f64f,13,0x725863aca8a3ec7fda14e76512702a0e1ff036c0d9952dd32aa7fb0019ea1403,0x47fb4e71afd9971d7f80b2acf1b1f074bae1e5b1,0x41545f8b9472d758bb669ed8eaeeecd7a9c4ec29,0xf5f3436a05b5ced2490dae07b86eb5bbd02782aa,690000000000000000000,Forta,FORT,18,61,90000,45702822581,41270,4204027,deprecated,0xa9059cbb,"transfer(address _to, uint256 _value)",10092929
14968598,1655312228,0xd5bdcd8a3260ba71a50f326f88ab7d0a2313edb767a5a65f217c646844ce7017,0,0x725863aca8a3ec7fda14e76512702a0e1ff036c0d9952dd32aa7fb0019ea1403,0x174da899806e47898f3ac36b8f01d3985089bbf7,0x41545f8b9472d758bb669ed8eaeeecd7a9c4ec29,0xf5f3436a05b5ced2490dae07b86eb5bbd02782aa,2000000000000000000000,Forta,FORT,18,64,90000,45702822581,41270,4308514,deprecated,0xa9059cbb,"transfer(address _to, uint256 _value)",10092929
14968599,1655312233,0xc99934541f73595aeb9ab5b5d54cdcbb2b198365e79593f1a9e921ce775ef0a8,0,0x3ede7b0c16e8778e5e024ecf5219f57915b9a925b365217554eefd54ce7adb4c,0x988a7bc24a9d0fa49989fb9734bda30f55760ceb,0x41545f8b9472d758bb669ed8eaeeecd7a9c4ec29,0x89d4867ae7df4b7b3daf879325abd20dc9900f85,2000000000000000000000,Forta,FORT,18,5,129860,67183691456,111716,460246,deprecated,0xae0b51df,"claim(uint256 index, uint256 amount, bytes32[] merkleProof)",10092928
14968599,1655312233,0x4bf3cbcf6bd02f431dcb8b760e8c964ef63c8214e3702f49f1ec1c2b88d78520,196,0x3ede7b0c16e8778e5e024ecf5219f57915b9a925b365217554eefd54ce7adb4c,0xc5924db956e47bfe3e33c00d3147e976638ea0da,0x41545f8b9472d758bb669ed8eaeeecd7a9c4ec29,0xe5dab8208c1f4cce15883348b72086dbace3e64b,5000000000000000000000,Forta,FORT,18,26,95583,42189260581,58382,2299642,deprecated,0xa9059cbb,"transfer(address _to, uint256 _value)",10092928
14968600,1655312234,0x8c9c725443694b35b3ce305460c294128e951c6e71085b0713275db285cf2989,0,0xd92dbf0518c448c9d90e66a6e8e40aae53c53d47e1d487091a320ee90737dbaf,0x988a7bc24a9d0fa49989fb9734bda30f55760ceb,0x41545f8b9472d758bb669ed8eaeeecd7a9c4ec29,0x82db698448c95cfc67920ab954d1650f97001988,3000000000000000000000,Forta,FORT,18,32,129860,67183691456,111716,2362519,deprecated,0xae0b51df,"claim(uint256 index, uint256 amount, bytes32[] merkleProof)",10092927
14968600,1655312234,0xe9512fa589c4b5d5e8561aed5d10eeec704e1c6456575afdb806db631534b851,8,0xd92dbf0518c448c9d90e66a6e8e40aae53c53d47e1d487091a320ee90737dbaf,0x988a7bc24a9d0fa49989fb9734bda30f55760ceb,0x41545f8b9472d758bb669ed8eaeeecd7a9c4ec29,0xf63954c39956295d9149f637529fe1ad2741c503,2000000000000000000000,Forta,FORT,18,33,131676,67183691456,113287,2475806,deprecated,0xae0b51df,"claim(uint256 index, uint256 amount, bytes32[] merkleProof)",10092927
14968600,1655312234,0x0d25dc2be0512bb5853df09d701a59baf91297027f543dafb681bc593d96375e,966,0xd92dbf0518c448c9d90e66a6e8e40aae53c53d47e1d487091a320ee90737dbaf,0x988a7bc24a9d0fa49989fb9734bda30f55760ceb,0x41545f8b9472d758bb669ed8eaeeecd7a9c4ec29,0x8f99b0b48b23908da9f727b5083052d5099e6aea,2000000000000000000000,Forta,FORT,18,38,169504,62533890872,145583,2736034,deprecated,0xdf948001,"externalClaim(tuple _claim,bytes _signature)",10092927
14968600,1655312234,0xfff6eba2c3ee8a14717531ebcf04190fc5e28e90500ed3aae667d4b3ea93c1c8,29,0xd92dbf0518c448c9d90e66a6e8e40aae53c53d47e1d487091a320ee90737dbaf,0x1673888242bad06cc87a7bcaff392cb27218b3e3,0x41545f8b9472d758bb669ed8eaeeecd7a9c4ec29,0xa356867fdcea8e71aeaf87805808803806231fdc,1253013816480024005085,Forta,FORT,18,214,756670,38576949599,444537,20849414,deprecated,0x54bacd13,"externalSwap(address fromToken, address toToken, address approveTarget, address swapTarget, uint256 fromTokenAmount, uint256 minReturnAmount, bytes callDataConcat, bool isIncentive, uint256 deadLine)",10092927
14968600,1655312234,0xfff6eba2c3ee8a14717531ebcf04190fc5e28e90500ed3aae667d4b3ea93c1c8,29,0xd92dbf0518c448c9d90e66a6e8e40aae53c53d47e1d487091a320ee90737dbaf,0xa356867fdcea8e71aeaf87805808803806231fdc,0x41545f8b9472d758bb669ed8eaeeecd7a9c4ec29,0x367edc2387e7eafbd96a2266f12ccf8e55f05372,1253013816480024005085,Forta,FORT,18,214,756670,38576949599,444537,20849414,deprecated,0x54bacd13,"externalSwap(address fromToken, address toToken, address approveTarget, address swapTarget, uint256 fromTokenAmount, uint256 minReturnAmount, bytes callDataConcat, bool isIncentive, uint256 deadLine)",10092927
14968600,1655312234,0xe561435e5963c806b6c150f7362497e72659f8f39254b92602a36bc2efff4030,0,0xd92dbf0518c448c9d90e66a6e8e40aae53c53d47e1d487091a320ee90737dbaf,0x5c9848f937550161759e0f4afde5f4b0ace4b6df,0x41545f8b9472d758bb669ed8eaeeecd7a9c4ec29,0xf5f3436a05b5ced2490dae07b86eb5bbd02782aa,2000000000000000000000,Forta,FORT,18,267,90000,38576949599,41270,23191396,deprecated,0xa9059cbb,"transfer(address _to, uint256 _value)",10092927
14968600,1655312234,0xff7664e8ccb609ca522056fbbee8f579d8b6758f98f595368d744127a880a23a,0,0xd92dbf0518c448c9d90e66a6e8e40aae53c53d47e1d487091a320ee90737dbaf,0xc6a70f17da8bb67ca592007025cc13a3d0305c88,0x41545f8b9472d758bb669ed8eaeeecd7a9c4ec29,0xf5f3436a05b5ced2490dae07b86eb5bbd02782aa,2000000000000000000000,Forta,FORT,18,268,90000,38576949599,41270,23232666,deprecated,0xa9059cbb,"transfer(address _to, uint256 _value)",10092927
14968600,1655312234,0x98c2233146b458eaf2adb99c58cb9cbefa2dd79de640992ecb22af9734881f2c,1,0xd92dbf0518c448c9d90e66a6e8e40aae53c53d47e1d487091a320ee90737dbaf,0x67fffd6c43cecd89db5f2d5a39a2a0cc14374ef1,0x41545f8b9472d758bb669ed8eaeeecd7a9c4ec29,0xf5f3436a05b5ced2490dae07b86eb5bbd02782aa,2000000000000000000000,Forta,FORT,18,269,90000,38576949599,41270,23273936,deprecated,0xa9059cbb,"transfer(address _to, uint256 _value)",10092927
14968600,1655312234,0x86b29d75e1263a7548bd529e417ce1c02bde6887f9facd6ade1b0f0aa38b11a6,0,0xd92dbf0518c448c9d90e66a6e8e40aae53c53d47e1d487091a320ee90737dbaf,0x0c9fdd1a24116ff05e9563975385edac5dcd02b7,0x41545f8b9472d758bb669ed8eaeeecd7a9c4ec29,0xf5f3436a05b5ced2490dae07b86eb5bbd02782aa,2000000000000000000000,Forta,FORT,18,270,90000,38576949599,41270,23315206,deprecated,0xa9059cbb,"transfer(address _to, uint256 _value)",10092927
14968600,1655312234,0xd010a35f2dcbf5963b639116bf112bca4dc36305d36fb79067c74b349cc3e735,298,0xd92dbf0518c448c9d90e66a6e8e40aae53c53d47e1d487091a320ee90737dbaf,0x938d18b5bfb3d03d066052d6e513d2915d8797a0,0x41545f8b9472d758bb669ed8eaeeecd7a9c4ec29,0x1673888242bad06cc87a7bcaff392cb27218b3e3,300000000000000000000,Forta,FORT,18,296,322530,38076949599,227526,26371918,deprecated,0x5ae401dc,"multicall(uint256 deadline, bytes[] data)",10092927
14968600,1655312234,0xf61b9a025189bdb98bd186a34e9aad50a880ce1dd4afca3405ccb03d4bdab870,175,0xd92dbf0518c448c9d90e66a6e8e40aae53c53d47e1d487091a320ee90737dbaf,0x2784a75bd537db56b9ffefa1a6107d654957f5e1,0x41545f8b9472d758bb669ed8eaeeecd7a9c4ec29,0x09b026a1e6847d4c3cfa9a2372785818e6ed22ec,1500000000000000000000,Forta,FORT,18,309,95565,38076949599,63170,29403949,deprecated,0xa9059cbb,"transfer(address _to, uint256 _value)",10092927
14968601,1655312266,0x58bc83d265bf6b9f1bd40925daeb0493c4dde5458fe6984a14d2c1a6d62d1677,74,0x9361cd808915b2f351b3a287062caae44340642222c6f30877c1554ea2aa990e,0x988a7bc24a9d0fa49989fb9734bda30f55760ceb,0x41545f8b9472d758bb669ed8eaeeecd7a9c4ec29,0xc4591c41e01a7a654b5427f39bbd1dee5bd45d1d,1000000000000000000000,Forta,FORT,18,146,131660,67183691456,113273,7408957,deprecated,0xae0b51df,"claim(uint256 index, uint256 amount, bytes32[] merkleProof)",10092926
14968601,1655312266,0xc079977f833bad63602ad1be18a713c4aba4f8d2c9fd4aebb88ee51ad83205d9,16,0x9361cd808915b2f351b3a287062caae44340642222c6f30877c1554ea2aa990e,0x988a7bc24a9d0fa49989fb9734bda30f55760ceb,0x41545f8b9472d758bb669ed8eaeeecd7a9c4ec29,0x44db04a9d32562be59eb5468d8c685f67905c95c,3000000000000000000000,Forta,FORT,18,161,131646,62533890872,113261,8178388,deprecated,0xae0b51df,"claim(uint256 index, uint256 amount, bytes32[] merkleProof)",10092926
14968601,1655312266,0x0a3b86608b2ce1ca72b70c4a9d99f246ccc3725d8f320644a4ac71b4f2f72742,2,0x9361cd808915b2f351b3a287062caae44340642222c6f30877c1554ea2aa990e,0x009c5f1f3762b102316db53a49c15182a393d62a,0x41545f8b9472d758bb669ed8eaeeecd7a9c4ec29,0xf2bab3426b1045dbf45fa29262edbd9da0fdfe70,1900000000000000000000,Forta,FORT,18,378,69507,42644724176,41270,28200004,deprecated,0xa9059cbb,"transfer(address _to, uint256 _value)",10092926
14968601,1655312266,0x6230aae0d98dbc03cca536775aaa81ab9965de9b2a511f40c8e2cf06fec59bff,52,0x9361cd808915b2f351b3a287062caae44340642222c6f30877c1554ea2aa990e,0x8f35e0e0d1c92480f7120e23be5d215be8c9577b,0x41545f8b9472d758bb669ed8eaeeecd7a9c4ec29,0xcc7c622d45ae44d323f527a17160491718bd1f28,2000000000000000000000,Forta,FORT,18,398,95565,42644724176,58370,29795039,deprecated,0xa9059cbb,"transfer(address _to, uint256 _value)",10092926
14968602,1655312286,0x2c7fa0ce9e3eed03f74653e339a42444ad1415678b01dec87d14686bec5625aa,0,0x1348cdb8bdf4f97cc8c0835d581d89d41e30bdbd53cc8b2eb512cc854103b417,0x988a7bc24a9d0fa49989fb9734bda30f55760ceb,0x41545f8b9472d758bb669ed8eaeeecd7a9c4ec29,0x2802ccde99dca9cb1ddda0814b8eb557d4ac234c,3000000000000000000000,Forta,FORT,18,61,131673,63217086264,113283,4054148,deprecated,0xae0b51df,"claim(uint256 index, uint256 amount, bytes32[] merkleProof)",10092925
14968602,1655312286,0x256b03f0736455f689a70a2b7a86fe376ddafc47170224500f67e15819b0b3ef,2373,0x1348cdb8bdf4f97cc8c0835d581d89d41e30bdbd53cc8b2eb512cc854103b417,0x988a7bc24a9d0fa49989fb9734bda30f55760ceb,0x41545f8b9472d758bb669ed8eaeeecd7a9c4ec29,0x8f903cfc0af3c2ec0d872c57538af5e071544a57,2000000000000000000000,Forta,FORT,18,70,149513,56365424399,128471,4518360,deprecated,0xdf948001,"externalClaim(tuple _claim,bytes _signature)",10092925
14968602,1655312286,0x6e6a5f522d3c7cff9eccacde6d7fc9d3bdec0068a5c2a4a9aec282e4aee9ae0f,538,0x1348cdb8bdf4f97cc8c0835d581d89d41e30bdbd53cc8b2eb512cc854103b417,0x988a7bc24a9d0fa49989fb9734bda30f55760ceb,0x41545f8b9472d758bb669ed8eaeeecd7a9c4ec29,0x12c604e03b9d89b8e5f6b1c65a35752e6c791b64,1000000000000000000000,Forta,FORT,18,71,131651,56365424399,113265,4631625,deprecated,0xae0b51df,"claim(uint256 index, uint256 amount, bytes32[] merkleProof)",10092925
14968602,1655312286,0x377e51caa825955fc7f5a02488fcd93711e3427e8b9dba906cab7114d9fcadd3,211,0x1348cdb8bdf4f97cc8c0835d581d89d41e30bdbd53cc8b2eb512cc854103b417,0xbbdf98d77a99a1551d8841cc93ab5004fd1802ef,0x41545f8b9472d758bb669ed8eaeeecd7a9c4ec29,0x1673888242bad06cc87a7bcaff392cb27218b3e3,500000000000000000000,Forta,FORT,18,218,327156,48283814402,231410,16328924,deprecated,0x5ae401dc,"multicall(uint256 deadline, bytes[] data)",10092925
14968602,1655312286,0xf9951de0795ef8f6874b155af9e5e5bc44a62115d38f686df66a75232051a579,6,0x1348cdb8bdf4f97cc8c0835d581d89d41e30bdbd53cc8b2eb512cc854103b417,0xd7de0f3f1ba06533305eae8dd626af44e093713e,0x41545f8b9472d758bb669ed8eaeeecd7a9c4ec29,0x1aa1506a77f46137935f7e1a8fcb78869c520195,2000000000000000000000,Forta,FORT,18,294,69507,47783814402,41270,24637513,deprecated,0xa9059cbb,"transfer(address _to, uint256 _value)",10092925
14968602,1655312286,0x0e9a7df1223ae1331ff53a1e13ebbabecb9a952c637ce9ae2d3909cbf204d859,1,0x1348cdb8bdf4f97cc8c0835d581d89d41e30bdbd53cc8b2eb512cc854103b417,0x973ad036683be971a5228b29ba0f4cf0d4dfaf7a,0x41545f8b9472d758bb669ed8eaeeecd7a9c4ec29,0xe8d9cdb279d43b2056033eada17e59c1c53b9662,2000000000000000000000,Forta,FORT,18,320,95565,47783814402,58370,27813732,deprecated,0xa9059cbb,"transfer(address _to, uint256 _value)",10092925
14968603,1655312302,0x8733b3db2f51c1d137311bccacc5b642fe5a92ba4df220e0cc5cabb08e4055f4,0,0x37887ccd53ba5f876151c8d3a87175c1de2c7e939177d1aeda22cac5c9da58d0,0x988a7bc24a9d0fa49989fb9734bda30f55760ceb,0x41545f8b9472d758bb669ed8eaeeecd7a9c4ec29,0x4603d0b4621f44db43278b4bb1954c3ee98fef66,3000000000000000000000,Forta,FORT,18,27,129909,70925721603,111758,2348679,deprecated,0xae0b51df,"claim(uint256 index, uint256 amount, bytes32[] merkleProof)",10092924
14968603,1655312302,0x70c3d48f158975c3804453b75449925c2f2aed2257977d73a57f85976624f356,132,0x37887ccd53ba5f876151c8d3a87175c1de2c7e939177d1aeda22cac5c9da58d0,0x1c0ec596303ce6666f5a4d24c29e78cf881cb5d3,0x41545f8b9472d758bb669ed8eaeeecd7a9c4ec29,0x2d0726f76870e61cc58ca2f20e0a1f4de5a4eec5,2000000000000000000000,Forta,FORT,18,123,95565,54061538134,58370,9784436,deprecated,0xa9059cbb,"transfer(address _to, uint256 _value)",10092924
14968603,1655312302,0x44cb7027b382664e553276c1056351ebbe780ef2757bcad41922641b86845c70,39,0x37887ccd53ba5f876151c8d3a87175c1de2c7e939177d1aeda22cac5c9da58d0,0xa2fe76ebc8c4c49323fa37149bd7944067047a3e,0x41545f8b9472d758bb669ed8eaeeecd7a9c4ec29,0x6b5277481a4421f312a4642a1803c994ebcac91f,0,Forta,FORT,18,213,335208,53561538134,40386,16287820,deprecated,0xa9059cbb,"transfer(address _to, uint256 _value)",10092924
14968603,1655312302,0x83012943885cc837e146e2f3f33eb9ddb941b7198286b1a7abee09d6edac8754,1,0x37887ccd53ba5f876151c8d3a87175c1de2c7e939177d1aeda22cac5c9da58d0,0x17bb4c6990df05a401115c16c119a5eb36a9c585,0x41545f8b9472d758bb669ed8eaeeecd7a9c4ec29,0xf2bab3426b1045dbf45fa29262edbd9da0fdfe70,2000000000000000000000,Forta,FORT,18,243,69507,53561538134,41270,19224692,deprecated,0xa9059cbb,"transfer(address _to, uint256 _value)",10092924
14968604,1655312335,0x09f1de3c4789bcb72b6413c663aaa947c04530b2fbbf82a15a2e8e39bd806b00,6,0x2350a922309cd227b1a2a32590cc94797d03c0bf2d83dbdc504d12081317a5d2,0x988a7bc24a9d0fa49989fb9734bda30f55760ceb,0x41545f8b9472d758bb669ed8eaeeecd7a9c4ec29,0x10841e9fc13069d5f79178128e79766da3f8db47,2000000000000000000000,Forta,FORT,18,46,131714,79592307201,113319,2603466,deprecated,0xae0b51df,"claim(uint256 index, uint256 amount, bytes32[] merkleProof)",10092923
14968604,1655312335,0x51e6babcaebbfec3e1294c58b1fc8d13dd91d01e36dd8d1f8a55c02f0e0a0278,0,0x2350a922309cd227b1a2a32590cc94797d03c0bf2d83dbdc504d12081317a5d2,0x988a7bc24a9d0fa49989fb9734bda30f55760ceb,0x41545f8b9472d758bb669ed8eaeeecd7a9c4ec29,0x73e08884aec233dbe1c762767fac3c75c661e456,3000000000000000000000,Forta,FORT,18,48,129861,79592307201,111718,2769212,deprecated,0xae0b51df,"claim(uint256 index, uint256 amount, bytes32[] merkleProof)",10092923
14968604,1655312335,0x756217eb1535d06e47798c1f1254b3cc1a117a461cae09310575ee05f0a9ebfc,0,0x2350a922309cd227b1a2a32590cc94797d03c0bf2d83dbdc504d12081317a5d2,0x988a7bc24a9d0fa49989fb9734bda30f55760ceb,0x41545f8b9472d758bb669ed8eaeeecd7a9c4ec29,0x4745e21516e41857076e00d29644d10e6725639c,2000000000000000000000,Forta,FORT,18,49,129886,79592307201,111738,2880950,deprecated,0xae0b51df,"claim(uint256 index, uint256 amount, bytes32[] merkleProof)",10092923
14968604,1655312335,0x4301fa638076aa3f8932f871b3613e6937fbc5fbf32911a79918443352b38e02,1026,0x2350a922309cd227b1a2a32590cc94797d03c0bf2d83dbdc504d12081317a5d2,0x988a7bc24a9d0fa49989fb9734bda30f55760ceb,0x41545f8b9472d758bb669ed8eaeeecd7a9c4ec29,0xe5dab8208c1f4cce15883348b72086dbace3e64b,1000000000000000000000,Forta,FORT,18,50,131701,79592307201,113309,2994259,deprecated,0xae0b51df,"claim(uint256 index, uint256 amount, bytes32[] merkleProof)",10092923
14968604,1655312335,0xdf5313fdf42373340e29eeb6a1bd15d984957b1143cde0f72f7cf3867d549ed2,0,0x2350a922309cd227b1a2a32590cc94797d03c0bf2d83dbdc504d12081317a5d2,0x988a7bc24a9d0fa49989fb9734bda30f55760ceb,0x41545f8b9472d758bb669ed8eaeeecd7a9c4ec29,0xe9658024f63a7a9a2ab4030df2ca02841252dbd5,3000000000000000000000,Forta,FORT,18,51,131698,79592307201,113305,3107564,deprecated,0xae0b51df,"claim(uint256 index, uint256 amount, bytes32[] merkleProof)",10092923
14968604,1655312335,0xdd30375d0c31607f5b0b419fd24987adb00cbdaff91733399f8809dbd94dbb26,0,0x2350a922309cd227b1a2a32590cc94797d03c0bf2d83dbdc504d12081317a5d2,0x988a7bc24a9d0fa49989fb9734bda30f55760ceb,0x41545f8b9472d758bb669ed8eaeeecd7a9c4ec29,0x9b26821d950ce1b0e992d3f692295fda3a414407,3000000000000000000000,Forta,FORT,18,52,131662,79592307201,113275,3220839,deprecated,0xae0b51df,"claim(uint256 index, uint256 amount, bytes32[] merkleProof)",10092923
14968604,1655312335,0x16416d4fb51d9b6fc4c48f45c3072dfdbf8a931c3edfa3581cfec1b793db6f25,0,0x2350a922309cd227b1a2a32590cc94797d03c0bf2d83dbdc504d12081317a5d2,0x988a7bc24a9d0fa49989fb9734bda30f55760ceb,0x41545f8b9472d758bb669ed8eaeeecd7a9c4ec29,0x6ed42929204d7319fc3f2f7bc50be5a3c8db5ad9,2000000000000000000000,Forta,FORT,18,67,131698,70925721603,113305,4461351,deprecated,0xae0b51df,"claim(uint256 index, uint256 amount, bytes32[] merkleProof)",10092923
14968604,1655312335,0xaa0f1b7c3bda5257cb72fc4e6632e93d6d3660b5002ae86a97051235410c61eb,2,0x2350a922309cd227b1a2a32590cc94797d03c0bf2d83dbdc504d12081317a5d2,0x988a7bc24a9d0fa49989fb9734bda30f55760ceb,0x41545f8b9472d758bb669ed8eaeeecd7a9c4ec29,0xe4b67d79ddcf987de50ec506e0a472112865b20f,2000000000000000000000,Forta,FORT,18,71,131739,70925721603,113341,4679901,deprecated,0xae0b51df,"claim(uint256 index, uint256 amount, bytes32[] merkleProof)",10092923
14968604,1655312335,0x73636892db7f60bfe874d68a9cabf041e0610a811b87e0548a2c83a23f236f7a,75,0x2350a922309cd227b1a2a32590cc94797d03c0bf2d83dbdc504d12081317a5d2,0x988a7bc24a9d0fa49989fb9734bda30f55760ceb,0x41545f8b9472d758bb669ed8eaeeecd7a9c4ec29,0xc4591c41e01a7a654b5427f39bbd1dee5bd45d1d,2000000000000000000000,Forta,FORT,18,72,149503,70925721603,128463,4808364,deprecated,0xdf948001,"externalClaim(tuple _claim,bytes _signature)",10092923
14968604,1655312335,0xee0a7b4dab893c71a5936619da03e5c268e60f8972a2730133752169f1fcd41d,30,0x2350a922309cd227b1a2a32590cc94797d03c0bf2d83dbdc504d12081317a5d2,0x367edc2387e7eafbd96a2266f12ccf8e55f05372,0x41545f8b9472d758bb669ed8eaeeecd7a9c4ec29,0x6618ce863340d99871c9f4d73bdafc70e13f7827,1253013816480024005085,Forta,FORT,18,315,95601,59757506911,58394,21224070,deprecated,0xa9059cbb,"transfer(address _to, uint256 _value)",10092923
14968604,1655312335,0xce7870ecb395c89a305bddacf25fe3db1410f7ec6bb9b337d3566c01a7bc7d3e,350,0x2350a922309cd227b1a2a32590cc94797d03c0bf2d83dbdc504d12081317a5d2,0x988a7bc24a9d0fa49989fb9734bda30f55760ceb,0x41545f8b9472d758bb669ed8eaeeecd7a9c4ec29,0x4cb3fd420555a09ba98845f0b816e45cfb230983,2000000000000000000000,Forta,FORT,18,380,169466,59757506911,145551,27269270,deprecated,0xdf948001,"externalClaim(tuple _claim,bytes _signature)",10092923
14968604,1655312335,0x5dabbf209a54f974e3ef19daf0c7b9d7d0afd196359c512433fb972a3782a5d7,10,0x2350a922309cd227b1a2a32590cc94797d03c0bf2d83dbdc504d12081317a5d2,0x1673888242bad06cc87a7bcaff392cb27218b3e3,0x41545f8b9472d758bb669ed8eaeeecd7a9c4ec29,0xff808b96ea9d522fc2dc67b72e4021c930d9f689,650543834926525913307,Forta,FORT,18,401,323743,59257506911,227744,29680475,deprecated,0x5ae401dc,"multicall(uint256 deadline, bytes[] data)",10092923
14968605,1655312386,0x00678f2eb854bd11ef2a06d4a819805a8a95246573a428c11f00a247a1339f18,4044,0x641108e0d1e6c41e36c28a88624020014e82c2723618fab67df595e97a91ea7b,0x93cdb0a93fc36f6a53ed21ecf6305ab80d06beca,0x41545f8b9472d758bb669ed8eaeeecd7a9c4ec29,0x22f9dcf4647084d6c31b2765f6910cd85c178c18,1000000000000000000000,Forta,FORT,18,61,618531,66970359673,447937,4551124,deprecated,0x415565b0,0x415565b0(),10092922
14968605,1655312386,0x00678f2eb854bd11ef2a06d4a819805a8a95246573a428c11f00a247a1339f18,4044,0x641108e0d1e6c41e36c28a88624020014e82c2723618fab67df595e97a91ea7b,0x22f9dcf4647084d6c31b2765f6910cd85c178c18,0x41545f8b9472d758bb669ed8eaeeecd7a9c4ec29,0x1673888242bad06cc87a7bcaff392cb27218b3e3,230769230769230776924,Forta,FORT,18,61,618531,66970359673,447937,4551124,deprecated,0x415565b0,0x415565b0(),10092922
14968605,1655312386,0x00678f2eb854bd11ef2a06d4a819805a8a95246573a428c11f00a247a1339f18,4044,0x641108e0d1e6c41e36c28a88624020014e82c2723618fab67df595e97a91ea7b,0x22f9dcf4647084d6c31b2765f6910cd85c178c18,0x41545f8b9472d758bb669ed8eaeeecd7a9c4ec29,0x511dbe9e6b7ede607f47d00a681bd5c7a6d397a1,769230769230769223076,Forta,FORT,18,61,618531,66970359673,447937,4551124,deprecated,0x415565b0,0x415565b0(),10092922
14968605,1655312386,0x413781b06727621c49b9863d65131d2e75f00c7ac86120b6fa6cb9db5bea1a89,1,0x641108e0d1e6c41e36c28a88624020014e82c2723618fab67df595e97a91ea7b,0x064a25126a0d6b28ea9489cd9949030807ac332e,0x41545f8b9472d758bb669ed8eaeeecd7a9c4ec29,0xb5ec79c3e4bcf2a4dc3301be9d616186b4a8087d,30000000000000000000,Forta,FORT,18,123,95565,66470359673,63170,10957643,deprecated,0xa9059cbb,"transfer(address _to, uint256 _value)",10092922
14968605,1655312386,0x8a55ca7ccbe824815df523926959c84a0fc1c7992e999340afe46c226974a5e3,1,0x641108e0d1e6c41e36c28a88624020014e82c2723618fab67df595e97a91ea7b,0xa25fb44b8a1dbf4331b7e69a640e43d83bdf443f,0x41545f8b9472d758bb669ed8eaeeecd7a9c4ec29,0x0b478d31559ffe8ef80eaefdf6da82d750f96358,3000000000000000000000,Forta,FORT,18,124,69507,66470359673,41270,10998913,deprecated,0xa9059cbb,"transfer(address _to, uint256 _value)",10092922
14968605,1655312386,0xe73fdae6a93d2a27834e2f8e39ad1be5c8484d66501016f437f442860c33d2f3,1,0x641108e0d1e6c41e36c28a88624020014e82c2723618fab67df595e97a91ea7b,0x22f316df090c6f0ec4e92deb71fb8cc6582f9780,0x41545f8b9472d758bb669ed8eaeeecd7a9c4ec29,0xa74246d675ec424eb4d8197e9a5305ea03903167,2000000000000000000000,Forta,FORT,18,162,95565,66470359673,58370,14711485,deprecated,0xa9059cbb,"transfer(address _to, uint256 _value)",10092922
14968605,1655312386,0xce1ea466a2ed49306114488164ca3d264aea6bbba8b650999108c7338d6de5d3,1,0x641108e0d1e6c41e36c28a88624020014e82c2723618fab67df595e97a91ea7b,0xa61b314b27a2dc06eeb8c7c80d866d07453522dd,0x41545f8b9472d758bb669ed8eaeeecd7a9c4ec29,0x888b7deb1ca588dacf136b0cd1504a08a59f764e,21000000000000000000000,Forta,FORT,18,176,95583,66470359673,58382,15733636,deprecated,0xa9059cbb,"transfer(address _to, uint256 _value)",10092922
14968607,1655312398,0x7e2b2c33071aa4715562165598d0c8a3e7819f89c9eefd4dee36388282ec66e1,0,0x0705cb32fbc0801c802c1e872eb4fad72b38642dcb2c9ca82ce74dbd3ea90c33,0x988a7bc24a9d0fa49989fb9734bda30f55760ceb,0x41545f8b9472d758bb669ed8eaeeecd7a9c4ec29,0x9e5e43ef83154d508df7531a23514941a5af758f,2000000000000000000000,Forta,FORT,18,35,131701,101821463406,113309,2746693,deprecated,0xae0b51df,"claim(uint256 index, uint256 amount, bytes32[] merkleProof)",10092920
14968607,1655312398,0xbc91873f605bcf713a651a953805d310202a65d9289d4d9bb011be89894979d8,0,0x0705cb32fbc0801c802c1e872eb4fad72b38642dcb2c9ca82ce74dbd3ea90c33,0x988a7bc24a9d0fa49989fb9734bda30f55760ceb,0x41545f8b9472d758bb669ed8eaeeecd7a9c4ec29,0xba9643cfbdc5a5a99a5b521dcb0495380f2d9ce3,3000000000000000000000,Forta,FORT,18,36,131687,101821463406,113295,2859988,deprecated,0xae0b51df,"claim(uint256 index, uint256 amount, bytes32[] merkleProof)",10092920
14968607,1655312398,0x7b4c3637a69785f7c614834b36f0d8c946d0ced825793621786f7b601ee9757e,0,0x0705cb32fbc0801c802c1e872eb4fad72b38642dcb2c9ca82ce74dbd3ea90c33,0x988a7bc24a9d0fa49989fb9734bda30f55760ceb,0x41545f8b9472d758bb669ed8eaeeecd7a9c4ec29,0xe4db8044e8436baccfceac93d9007aa277d4e9ac,2000000000000000000000,Forta,FORT,18,41,131701,98955539510,113309,3181111,deprecated,0xae0b51df,"claim(uint256 index, uint256 amount, bytes32[] merkleProof)",10092920
14968607,1655312398,0xde46a4531170488fa324c9bb3400ed73b87a07ffe28f189c091785f45be8047b,1,0x0705cb32fbc0801c802c1e872eb4fad72b38642dcb2c9ca82ce74dbd3ea90c33,0x8bcf136366c9070858408436e1a370bc0320e7fb,0x41545f8b9472d758bb669ed8eaeeecd7a9c4ec29,0xb739d0895772dbb71a89a3754a160269068f0d45,962009220329500047509,Forta,FORT,18,272,250000,61186098097,41294,18987889,deprecated,0xa9059cbb,"transfer(address _to, uint256 _value)",10092920
14968607,1655312398,0x318381aa9be0916b835482ac21054c3f67ab16dc342ed88d8d3d10a3e52fa14e,0,0x0705cb32fbc0801c802c1e872eb4fad72b38642dcb2c9ca82ce74dbd3ea90c33,0x030125e194127359871730a3043b922d456a57d9,0x41545f8b9472d758bb669ed8eaeeecd7a9c4ec29,0xb739d0895772dbb71a89a3754a160269068f0d45,2000000000000000000000,Forta,FORT,18,276,250000,61186098097,41270,19234316,deprecated,0xa9059cbb,"transfer(address _to, uint256 _value)",10092920
14968607,1655312398,0xe0668a0c04c2f246c46d99b266c491e40f2358af154e1ba2a2e7d21bfb191ede,0,0x0705cb32fbc0801c802c1e872eb4fad72b38642dcb2c9ca82ce74dbd3ea90c33,0xe8eece320d7b1af7f3dc17d494d221f62fa7aabd,0x41545f8b9472d758bb669ed8eaeeecd7a9c4ec29,0xb739d0895772dbb71a89a3754a160269068f0d45,2000000000000000000000,Forta,FORT,18,281,250000,61186098097,41270,19744088,deprecated,0xa9059cbb,"transfer(address _to, uint256 _value)",10092920
14968607,1655312398,0xf48468d633b919f5403e99eed0ab3e227da6bdc0b150fd46b916abcf42d3a4e3,1419,0x0705cb32fbc0801c802c1e872eb4fad72b38642dcb2c9ca82ce74dbd3ea90c33,0x1673888242bad06cc87a7bcaff392cb27218b3e3,0x41545f8b9472d758bb669ed8eaeeecd7a9c4ec29,0x52cc71119317abf0b128cba5b5d6c911fd562756,5520563556577925886672,Forta,FORT,18,445,649140,61186098097,516615,28235215,deprecated,0x5ae401dc,"multicall(uint256 deadline, bytes[] data)",10092920
14968608,1655312429,0x3d74ded40dcd2d606eb8ea62750be5ff3208dd416815d5fa0b4f0a0b569fe99f,1355,0xc10c4c42ae2b1d9c53bb6ff7089da5f3cd6e601e47d11937fa72ab037a4fc103,0x988a7bc24a9d0fa49989fb9734bda30f55760ceb,0x41545f8b9472d758bb669ed8eaeeecd7a9c4ec29,0x63a556c75443b176b5a4078e929e38beb37a1ff2,2000000000000000000000,Forta,FORT,18,2,169504,101821463406,145583,531057,deprecated,0xdf948001,"externalClaim(tuple _claim,bytes _signature)",10092919
14968608,1655312429,0x9bd51d415deb3f1124351f2512c74b449d3852398bbe2f85a30004a71035ee5a,351,0xc10c4c42ae2b1d9c53bb6ff7089da5f3cd6e601e47d11937fa72ab037a4fc103,0x988a7bc24a9d0fa49989fb9734bda30f55760ceb,0x41545f8b9472d758bb669ed8eaeeecd7a9c4ec29,0x4cb3fd420555a09ba98845f0b816e45cfb230983,1000000000000000000000,Forta,FORT,18,20,131700,68578441749,113307,1823190,deprecated,0xae0b51df,"claim(uint256 index, uint256 amount, bytes32[] merkleProof)",10092919
14968608,1655312429,0x9e8631f62fb76909847bdac19e4601f3bf396975208cd35ec4e8992b9011fe82,17,0xc10c4c42ae2b1d9c53bb6ff7089da5f3cd6e601e47d11937fa72ab037a4fc103,0x44db04a9d32562be59eb5468d8c685f67905c95c,0x41545f8b9472d758bb669ed8eaeeecd7a9c4ec29,0xd07d5f4efcf656570532c96e1a2914b6f0d55a50,25000000000000000000,Forta,FORT,18,24,95565,68078441749,63170,2226909,deprecated,0xa9059cbb,"transfer(address _to, uint256 _value)",10092919
14968608,1655312429,0x5251540a2f4e8429623f189e15bf96868559998f6dba9587d215c6f8538dbc1e,152,0xc10c4c42ae2b1d9c53bb6ff7089da5f3cd6e601e47d11937fa72ab037a4fc103,0x4789f8ed86858dd6879104781293a98569b46b16,0x41545f8b9472d758bb669ed8eaeeecd7a9c4ec29,0xaa9a47fcfdfad9084af98d5ecb23c15b7ad0dfcf,1900000000000000000000,Forta,FORT,18,49,69507,68078441749,41270,4611682,deprecated,0xa9059cbb,"transfer(address _to, uint256 _value)",10092919
14968608,1655312429,0xd7f12168df3c79b1b184d62dcc45f5f52c855c3dbb8bf19a1234449ae005473b,112,0xc10c4c42ae2b1d9c53bb6ff7089da5f3cd6e601e47d11937fa72ab037a4fc103,0x1673888242bad06cc87a7bcaff392cb27218b3e3,0x41545f8b9472d758bb669ed8eaeeecd7a9c4ec29,0x98ab20307fdaba1ce8b16d69d22461c6dbe85459,333560561618704368759,Forta,FORT,18,90,326056,68078441749,245653,8716549,deprecated,0xfc6f7865,collect(tuple params),10092919
14968608,1655312429,0xc9d200e481cbc3bf4c8c35a1012e67920dcad939f4d20a9bba6742bdf534009a,122,0xc10c4c42ae2b1d9c53bb6ff7089da5f3cd6e601e47d11937fa72ab037a4fc103,0x7d7b8f35f80098291fa5caa808d1439c732921d1,0x41545f8b9472d758bb669ed8eaeeecd7a9c4ec29,0x761c19a3602b97f9b894ac923235629cb5b303e1,2000000000000000000000,Forta,FORT,18,101,95565,68078441749,58370,10354578,deprecated,0xa9059cbb,"transfer(address _to, uint256 _value)",10092919
14968610,1655312436,0x7aa3642225648705b8e994c9ae8a3ce4c3ba24fe9b246ff623efafeb12aa7b6e,0,0x71fde483152f197080b1a57a7a02f35bf98e5ad14d464f71c29e668b80f04a00,0x988a7bc24a9d0fa49989fb9734bda30f55760ceb,0x41545f8b9472d758bb669ed8eaeeecd7a9c4ec29,0x445d3f5bf3ffd94ae1789e26063e3e1a83cbe788,3000000000000000000000,Forta,FORT,18,0,129886,101821463406,111738,111738,deprecated,0xae0b51df,"claim(uint256 index, uint256 amount, bytes32[] merkleProof)",10092917
14968610,1655312436,0x33f8a931a1b844f6887f61634ae72f5c38ee985bb67d55c65fc83fd62380acf9,1,0x71fde483152f197080b1a57a7a02f35bf98e5ad14d464f71c29e668b80f04a00,0x1aac57c2204c83a14ebc8c380204a92deda3760b,0x41545f8b9472d758bb669ed8eaeeecd7a9c4ec29,0x7d612f5030976529ab9dc255580debf7ac28ae4d,3000000000000000000000,Forta,FORT,18,140,95565,62881756578,58370,13180475,deprecated,0xa9059cbb,"transfer(address _to, uint256 _value)",10092917
14968612,1655312445,0xddc36d4fc8455b04adfdeb89e3e319d7678ee7f09b3bf5a3ed2220645c5ae04f,0,0xe4d177539fb56386cf37cd5c58faad846be831bac87cc1e037975b95de6c0bd8,0x988a7bc24a9d0fa49989fb9734bda30f55760ceb,0x41545f8b9472d758bb669ed8eaeeecd7a9c4ec29,0xdc551c0647c6c18a993cf35a9cbcee4fb4367295,2000000000000000000000,Forta,FORT,18,8,129886,90390003606,111738,1454701,deprecated,0xae0b51df,"claim(uint256 index, uint256 amount, bytes32[] merkleProof)",10092915
14968612,1655312445,0x7e6fd5fc53f6b3a359f0827a42e0f2691b6e907307e37e5bc09c370c5ad5d41e,18,0xe4d177539fb56386cf37cd5c58faad846be831bac87cc1e037975b95de6c0bd8,0x4d7caacfdac729a4e2495e60dd6b3b1ac442b1e1,0x41545f8b9472d758bb669ed8eaeeecd7a9c4ec29,0xba39c551c26725def08c094d52a7f01bb4d24232,689147061504933788533,Forta,FORT,18,32,95601,59483931863,58394,3090779,deprecated,0xa9059cbb,"transfer(address _to, uint256 _value)",10092915
14968612,1655312445,0xbf851cd5372d7feaf8fc0e2ffc84290491d9f11c7ef264e7b6f0c38f41277b34,1136,0xe4d177539fb56386cf37cd5c58faad846be831bac87cc1e037975b95de6c0bd8,0x7f463290f429118add2f8d7df4c41485916f3be4,0x41545f8b9472d758bb669ed8eaeeecd7a9c4ec29,0x151883a501dec6ff881616084cc91cc2a22af9a9,397000000000000000000,Forta,FORT,18,60,95565,58983931863,63170,5344530,deprecated,0xa9059cbb,"transfer(address _to, uint256 _value)",10092915
14968612,1655312445,0x4135e3e208ccd0cbaeda87604ca351233201923f68828b52a6ea07ebea80f115,411,0xe4d177539fb56386cf37cd5c58faad846be831bac87cc1e037975b95de6c0bd8,0x988a7bc24a9d0fa49989fb9734bda30f55760ceb,0x41545f8b9472d758bb669ed8eaeeecd7a9c4ec29,0xc6ddca4b715111c210608aecdfa88cb4031b9690,2000000000000000000000,Forta,FORT,18,62,169480,58983931863,145563,5511093,deprecated,0xdf948001,"externalClaim(tuple _claim,bytes _signature)",10092915
14968612,1655312445,0x6ffd71cb3abd9b91ce769ed3df16e0fc7ad6e7d7df50de52179bb2b2a5eface5,324,0xe4d177539fb56386cf37cd5c58faad846be831bac87cc1e037975b95de6c0bd8,0xc8e77992c7e27cd76d6383d719284574a0710662,0x41545f8b9472d758bb669ed8eaeeecd7a9c4ec29,0x1673888242bad06cc87a7bcaff392cb27218b3e3,774761868091847836007,Forta,FORT,18,73,429879,58983931863,332781,6589386,deprecated,0x5ae401dc,"multicall(uint256 deadline, bytes[] data)",10092915
14968614,1655312455,0xa19124fd8def60edfd3cd41ce2a0bbae583aec5cb56f56c581be6d03a15e7b1d,0,0xae6cf7d553fe3a321a9c63dfc102080e93f1feccac6a2baa33a5701865a696c5,0x988a7bc24a9d0fa49989fb9734bda30f55760ceb,0x41545f8b9472d758bb669ed8eaeeecd7a9c4ec29,0x4d3a4f3d07b15f439137389d4fc5df29f01d24b3,3000000000000000000000,Forta,FORT,18,28,131687,87747080268,113295,2286443,deprecated,0xae0b51df,"claim(uint256 index, uint256 amount, bytes32[] merkleProof)",10092913
14968614,1655312455,0xd95f74cd3d142522c180c631255a43ed5869bcb8d3c851e6220413a9aecb2baf,0,0xae6cf7d553fe3a321a9c63dfc102080e93f1feccac6a2baa33a5701865a696c5,0x988a7bc24a9d0fa49989fb9734bda30f55760ceb,0x41545f8b9472d758bb669ed8eaeeecd7a9c4ec29,0xbd6931dff2896e5a8767c27f0dfbee6c764a1946,2000000000000000000000,Forta,FORT,18,36,131684,82501610645,113293,2621527,deprecated,0xae0b51df,"claim(uint256 index, uint256 amount, bytes32[] merkleProof)",10092913
14968614,1655312455,0x9d523250747ad93c1aed98b081ea4dea9a0b71e6a20362e5bada0b487b9d7660,513,0xae6cf7d553fe3a321a9c63dfc102080e93f1feccac6a2baa33a5701865a696c5,0x988a7bc24a9d0fa49989fb9734bda30f55760ceb,0x41545f8b9472d758bb669ed8eaeeecd7a9c4ec29,0x896b91836ac899fbc107c8d496eb1b96ed48d2c8,2000000000000000000000,Forta,FORT,18,37,129850,82501610645,111708,2733235,deprecated,0xae0b51df,"claim(uint256 index, uint256 amount, bytes32[] merkleProof)",10092913
14968614,1655312455,0x77c369a6c3c7a9208656d4641a3d9a841c1a1e3f2ecd42d4d8a44d428869ff74,415634,0xae6cf7d553fe3a321a9c63dfc102080e93f1feccac6a2baa33a5701865a696c5,0xb739d0895772dbb71a89a3754a160269068f0d45,0x41545f8b9472d758bb669ed8eaeeecd7a9c4ec29,0xc10cf63dce9d8a3fc26dd52522fd1b25201b5de4,1999314733090000000000,Forta,FORT,18,210,250000,51329370896,63182,17995365,deprecated,0xa9059cbb,"transfer(address _to, uint256 _value)",10092913
14968614,1655312455,0xd2fde8e6f9733c9d8b69ce4e11b21fd4ba273ea4c6b30ccad93fc8957ce592f0,84,0xae6cf7d553fe3a321a9c63dfc102080e93f1feccac6a2baa33a5701865a696c5,0x988a7bc24a9d0fa49989fb9734bda30f55760ceb,0x41545f8b9472d758bb669ed8eaeeecd7a9c4ec29,0x4666e94300429c6d3340449bc828e4218f360672,2000000000000000000000,Forta,FORT,18,222,169490,51329370896,145571,19008767,deprecated,0xdf948001,"externalClaim(tuple _claim,bytes _signature)",10092913
14968614,1655312455,0xa67c826d250a49396eb6db3b0772c0b650f281206ecdd98dd03b2b54b1ab9a8c,0,0xae6cf7d553fe3a321a9c63dfc102080e93f1feccac6a2baa33a5701865a696c5,0xb5ec79c3e4bcf2a4dc3301be9d616186b4a8087d,0x41545f8b9472d758bb669ed8eaeeecd7a9c4ec29,0xceb69f6342ece283b2f5c9088ff249b5d0ae66ea,30000000000000000000,Forta,FORT,18,279,200000,50891380371,58370,21967161,deprecated,0xa9059cbb,"transfer(address _to, uint256 _value)",10092913
14968615,1655312474,0x99299b988ded1fc953cb0601a3292461f2cc874a9e23fbf8a4a3f9be8b2b5e01,431,0x9a226b135b5fe649fe7486836c8758505b659a9563ed1145d314aefe3ddcab05,0x988a7bc24a9d0fa49989fb9734bda30f55760ceb,0x41545f8b9472d758bb669ed8eaeeecd7a9c4ec29,0x230d31eec85f4063a405b0f95bde509c0d0a8b5d,2000000000000000000000,Forta,FORT,18,4,169490,101821463406,145571,414131,deprecated,0xdf948001,"externalClaim(tuple _claim,bytes _signature)",10092912
14968615,1655312474,0x1b68d573b45fbe6e90bd27818509351b7f2ce782009d2e9c31466c32e5aa173c,1075,0x9a226b135b5fe649fe7486836c8758505b659a9563ed1145d314aefe3ddcab05,0x988a7bc24a9d0fa49989fb9734bda30f55760ceb,0x41545f8b9472d758bb669ed8eaeeecd7a9c4ec29,0x74aa01d162e6dc6a657cac857418c403d48e2d77,4000000000000000000000,Forta,FORT,18,12,169518,82501610645,145595,889577,deprecated,0xdf948001,"externalClaim(tuple _claim,bytes _signature)",10092912
14968615,1655312474,0xb12c773fec4ca4f343dbf99d05d82904e66242e1a9514fe15fcd849810c685ad,0,0x9a226b135b5fe649fe7486836c8758505b659a9563ed1145d314aefe3ddcab05,0x988a7bc24a9d0fa49989fb9734bda30f55760ceb,0x41545f8b9472d758bb669ed8eaeeecd7a9c4ec29,0x886e03438e90a05a2710d0765491a4eced3f5ee2,2000000000000000000000,Forta,FORT,18,25,129836,75733630319,111696,1474173,deprecated,0xae0b51df,"claim(uint256 index, uint256 amount, bytes32[] merkleProof)",10092912
14968615,1655312474,0x06fe004a2a82420c9707071d688eba997caa3bb7e57be20b5d1a1024f779497d,77,0x9a226b135b5fe649fe7486836c8758505b659a9563ed1145d314aefe3ddcab05,0xc4591c41e01a7a654b5427f39bbd1dee5bd45d1d,0x41545f8b9472d758bb669ed8eaeeecd7a9c4ec29,0x1673888242bad06cc87a7bcaff392cb27218b3e3,3000000000000000000000,Forta,FORT,18,76,299637,60493056840,225644,3996521,deprecated,0x5ae401dc,"multicall(uint256 deadline, bytes[] data)",10092912
14968615,1655312474,0x2e201529f38a37cecca08d1bf1a2a54b4087b68beb6087ecefeed694e09d7520,0,0x9a226b135b5fe649fe7486836c8758505b659a9563ed1145d314aefe3ddcab05,0x27e801ab83b96811c95fef81a5d5aeeca2787f8b,0x41545f8b9472d758bb669ed8eaeeecd7a9c4ec29,0xf89d7b9c864f589bbf53a82105107622b35eaa40,500000000000000000000,Forta,FORT,18,266,90000,57493056840,41270,16899207,deprecated,0xa9059cbb,"transfer(address _to, uint256 _value)",10092912
14968615,1655312474,0x7ad8caa7183796378a082f42bf64762249bae0ada30fd479384c6294be741354,0,0x9a226b135b5fe649fe7486836c8758505b659a9563ed1145d314aefe3ddcab05,0xb49fbb6deca2000f08706881d1aa43cab1215c50,0x41545f8b9472d758bb669ed8eaeeecd7a9c4ec29,0xf89d7b9c864f589bbf53a82105107622b35eaa40,700000000000000000000,Forta,FORT,18,268,90000,57493056840,41270,16982694,deprecated,0xa9059cbb,"transfer(address _to, uint256 _value)",10092912
14968615,1655312474,0x8bac41f504c1802a6910b3987042d50e6bcb7306edbd7672d2a71a24413cb62c,0,0x9a226b135b5fe649fe7486836c8758505b659a9563ed1145d314aefe3ddcab05,0xc9c72bc3afa7df23f0a9dbb407132a1b32c21f80,0x41545f8b9472d758bb669ed8eaeeecd7a9c4ec29,0xf89d7b9c864f589bbf53a82105107622b35eaa40,1000000000000000000000,Forta,FORT,18,269,90000,57493056840,41270,17023964,deprecated,0xa9059cbb,"transfer(address _to, uint256 _value)",10092912
14968615,1655312474,0x2221463659302291ed376b1ded0908761f0e285c0114626a24df8c2ee0130bfe,0,0x9a226b135b5fe649fe7486836c8758505b659a9563ed1145d314aefe3ddcab05,0xc4955439772791a3bac2986b217d74bdc3abbad4,0x41545f8b9472d758bb669ed8eaeeecd7a9c4ec29,0xf89d7b9c864f589bbf53a82105107622b35eaa40,2900000000000000000000,Forta,FORT,18,270,90000,57493056840,41270,17065234,deprecated,0xa9059cbb,"transfer(address _to, uint256 _value)",10092912
14968615,1655312474,0xb661559388a56699dc9d0bc30f41fc38f3df5140aa7104b5c8fbeecd4b3294f5,0,0x9a226b135b5fe649fe7486836c8758505b659a9563ed1145d314aefe3ddcab05,0x3eb401b5eee373f5afe0162a14a06d5ae5f840cc,0x41545f8b9472d758bb669ed8eaeeecd7a9c4ec29,0xf89d7b9c864f589bbf53a82105107622b35eaa40,2000000000000000000000,Forta,FORT,18,271,90000,57493056840,41270,17106504,deprecated,0xa9059cbb,"transfer(address _to, uint256 _value)",10092912
14968615,1655312474,0xb0f6d664030e4941783a154206829e84c184d4bf2918586bf7267b3eed1c2284,0,0x9a226b135b5fe649fe7486836c8758505b659a9563ed1145d314aefe3ddcab05,0xf825c32c91393848a153dc64eaeeba04e401f312,0x41545f8b9472d758bb669ed8eaeeecd7a9c4ec29,0xf89d7b9c864f589bbf53a82105107622b35eaa40,3000000000000000000000,Forta,FORT,18,272,90000,57493056840,41270,17147774,deprecated,0xa9059cbb,"transfer(address _to, uint256 _value)",10092912
14968615,1655312474,0x80385ae0364dc8b2cacaafafa94a76f87f012b95d3574e928426dc57ef6513d9,0,0x9a226b135b5fe649fe7486836c8758505b659a9563ed1145d314aefe3ddcab05,0x1aa1506a77f46137935f7e1a8fcb78869c520195,0x41545f8b9472d758bb669ed8eaeeecd7a9c4ec29,0xf89d7b9c864f589bbf53a82105107622b35eaa40,6000000000000000000000,Forta,FORT,18,273,90000,57493056840,46082,17193856,deprecated,0xa9059cbb,"transfer(address _to, uint256 _value)",10092912
14968615,1655312474,0x16f219ab0c6221ee38f88e2bf99673846c6409b3323a2a974fb3f4089d0e0910,0,0x9a226b135b5fe649fe7486836c8758505b659a9563ed1145d314aefe3ddcab05,0x4b33db33db3e76e48f5db937dba00deb3f1736f9,0x41545f8b9472d758bb669ed8eaeeecd7a9c4ec29,0xf89d7b9c864f589bbf53a82105107622b35eaa40,4037237399500000038912,Forta,FORT,18,275,90000,57493056840,41282,17256138,deprecated,0xa9059cbb,"transfer(address _to, uint256 _value)",10092912
14968615,1655312474,0xee5afd13a4255028d5866dfba609cecee54d494abc8d0a00266c0c01a15915a9,0,0x9a226b135b5fe649fe7486836c8758505b659a9563ed1145d314aefe3ddcab05,0x6b2e207615aa7891ee3f157d32fa98570e7c7ad6,0x41545f8b9472d758bb669ed8eaeeecd7a9c4ec29,0xf89d7b9c864f589bbf53a82105107622b35eaa40,5000000000000000000000,Forta,FORT,18,278,90000,57493056840,46082,17364541,deprecated,0xa9059cbb,"transfer(address _to, uint256 _value)",10092912
14968615,1655312474,0x1bf15533d00bc4628d0b9b86832665c4bd9b226f8036b5ed52f8b0901d3a2a35,0,0x9a226b135b5fe649fe7486836c8758505b659a9563ed1145d314aefe3ddcab05,0x1b300c0c2778dcd10715a32384bdec2db4ea5c26,0x41545f8b9472d758bb669ed8eaeeecd7a9c4ec29,0xf89d7b9c864f589bbf53a82105107622b35eaa40,100000000000000000000,Forta,FORT,18,279,90000,57493056840,46070,17410611,deprecated,0xa9059cbb,"transfer(address _to, uint256 _value)",10092912
14968615,1655312474,0xb04477cd9bac49e8bd9b3f9443f5ec95e13abfeacf72240032a409d66ff14965,0,0x9a226b135b5fe649fe7486836c8758505b659a9563ed1145d314aefe3ddcab05,0xaa9a47fcfdfad9084af98d5ecb23c15b7ad0dfcf,0x41545f8b9472d758bb669ed8eaeeecd7a9c4ec29,0xf89d7b9c864f589bbf53a82105107622b35eaa40,100000000000000000000,Forta,FORT,18,280,90000,57493056840,46070,17456681,deprecated,0xa9059cbb,"transfer(address _to, uint256 _value)",10092912
14968615,1655312474,0x9a48b87aa52ea2ddca8ea473d017ff854dfa1f30651a201982d619c6aabbd470,1187,0x9a226b135b5fe649fe7486836c8758505b659a9563ed1145d314aefe3ddcab05,0x5241aa99a776866296d1d695c02bb2e31b3ff998,0x41545f8b9472d758bb669ed8eaeeecd7a9c4ec29,0x95fa828e99bade9d2b55fc8eac7a750743bb76a0,2000000000000000000000,Forta,FORT,18,295,95565,56993056840,58370,19076094,deprecated,0xa9059cbb,"transfer(address _to, uint256 _value)",10092912
14968615,1655312474,0x3a5b30d707368785ee44838e6a1eec9a31e728b29c70d933d2e62b0635ff3c42,664,0x9a226b135b5fe649fe7486836c8758505b659a9563ed1145d314aefe3ddcab05,0x988a7bc24a9d0fa49989fb9734bda30f55760ceb,0x41545f8b9472d758bb669ed8eaeeecd7a9c4ec29,0xfa396090b4dfd2bd86bbf6de63635d6e390b5de1,1000000000000000000000,Forta,FORT,18,296,131688,56993056840,113297,19189391,deprecated,0xae0b51df,"claim(uint256 index, uint256 amount, bytes32[] merkleProof)",10092912
14968615,1655312474,0xf6d1257d5f5e1aea346d77db3aa34e1d79d4271b473ce680a67ad1ead77e357d,29,0x9a226b135b5fe649fe7486836c8758505b659a9563ed1145d314aefe3ddcab05,0xf2d96e20ec3ecfb2d26bcb2dfd3844aea9438d10,0x41545f8b9472d758bb669ed8eaeeecd7a9c4ec29,0xef8511f36e493cca0e5d929416db4d3c1ab11c3c,2000000000000000000000,Forta,FORT,18,329,95565,56993056840,58370,24073004,deprecated,0xa9059cbb,"transfer(address _to, uint256 _value)",10092912
14968615,1655312474,0x7eca9896f4c5c334971fa5079fe8d8b57127cea0de76be82d1b5bc89d09c5ca1,498,0x9a226b135b5fe649fe7486836c8758505b659a9563ed1145d314aefe3ddcab05,0x8822645150ae7e252c404381e07bc9c44552e9f5,0x41545f8b9472d758bb669ed8eaeeecd7a9c4ec29,0xa45c1a6642ff8069ce2fd7603d38e05a4541e302,6000000000000000000000,Forta,FORT,18,332,95583,56993056840,63182,24300219,deprecated,0xa9059cbb,"transfer(address _to, uint256 _value)",10092912
14968615,1655312474,0x9ee7f60952766e82bef3cc8ef2109f54cbff3582ceafb3a64b3050b03f47488f,52,0x9a226b135b5fe649fe7486836c8758505b659a9563ed1145d314aefe3ddcab05,0xf91521aa2ab92b4b5d7cc01349a8b16cc70cff85,0x41545f8b9472d758bb669ed8eaeeecd7a9c4ec29,0x1aa1506a77f46137935f7e1a8fcb78869c520195,2000000000000000000000,Forta,FORT,18,377,69507,56993056840,41270,29960183,deprecated,0xa9059cbb,"transfer(address _to, uint256 _value)",10092912
14968616,1655312505,0x0ad7bd57cc8cf65450345e2282936560e7c4ab47cef9fbde2a73784865d8bbe0,0,0xe7d2c19ab3a8405e1e8e315bec78984ea092e212fce165c5cab62395a2722ae8,0x988a7bc24a9d0fa49989fb9734bda30f55760ceb,0x41545f8b9472d758bb669ed8eaeeecd7a9c4ec29,0x5ff11a2fa577d86ac693597f9d88e92de2b8f312,2000000000000000000000,Forta,FORT,18,35,131687,75733630319,113295,4690489,deprecated,0xae0b51df,"claim(uint256 index, uint256 amount, bytes32[] merkleProof)",10092911
14968616,1655312505,0xf123950052d8cbfb117f2ff347d76332eb1c88fa52deac749feec663216bdf6d,3,0xe7d2c19ab3a8405e1e8e315bec78984ea092e212fce165c5cab62395a2722ae8,0xc5d8d1ed65e76a00100d64a54f7be8d6c066ed1f,0x41545f8b9472d758bb669ed8eaeeecd7a9c4ec29,0x3eb401b5eee373f5afe0162a14a06d5ae5f840cc,1000000000000000000000,Forta,FORT,18,148,69507,63920987171,63170,11913276,deprecated,0xa9059cbb,"transfer(address _to, uint256 _value)",10092911
14968616,1655312505,0x09350d8ff60365582331bed156f0c1cc5206b66915a34c0178b9c0acf95b8366,293,0xe7d2c19ab3a8405e1e8e315bec78984ea092e212fce165c5cab62395a2722ae8,0x8eda47b1d76ae28e6ca44b48c1a882e8daace290,0x41545f8b9472d758bb669ed8eaeeecd7a9c4ec29,0x057147b742e135342be565d1cea185319a326b4e,4000000000000000000000,Forta,FORT,18,150,95565,63920987171,58370,12017755,deprecated,0xa9059cbb,"transfer(address _to, uint256 _value)",10092911
14968616,1655312505,0x6fc67da901915d2fbf45f7c9c3de4bed23a8313d52580e29b2ed091d15af4075,1420,0xe7d2c19ab3a8405e1e8e315bec78984ea092e212fce165c5cab62395a2722ae8,0x52cc71119317abf0b128cba5b5d6c911fd562756,0x41545f8b9472d758bb669ed8eaeeecd7a9c4ec29,0xc55d6f11aabeba16643624d41c960aad267e8040,5520563556577925886672,Forta,FORT,18,183,95619,63920987171,58406,16281807,deprecated,0xa9059cbb,"transfer(address _to, uint256 _value)",10092911
14968616,1655312505,0xec6bed0354f82153f42cad9d03dc5734a1e92ccdd8f9148a08cc45dcf538811c,17,0xe7d2c19ab3a8405e1e8e315bec78984ea092e212fce165c5cab62395a2722ae8,0x4b2f6d3a23badb60c8405d50289ef3dab9109936,0x41545f8b9472d758bb669ed8eaeeecd7a9c4ec29,0x97dc2fb745263558cc56a5b29bf0555fc7980868,2000000000000000000000,Forta,FORT,18,184,95565,63920987171,58370,16340177,deprecated,0xa9059cbb,"transfer(address _to, uint256 _value)",10092911
14968616,1655312505,0x05da0416438c3f462c8e6e4022737f514abd62b558340ebf34615cb945882cfa,301,0xe7d2c19ab3a8405e1e8e315bec78984ea092e212fce165c5cab62395a2722ae8,0x938d18b5bfb3d03d066052d6e513d2915d8797a0,0x41545f8b9472d758bb669ed8eaeeecd7a9c4ec29,0x1673888242bad06cc87a7bcaff392cb27218b3e3,700000000000000000000,Forta,FORT,18,188,326004,63920987171,231371,16724845,deprecated,0x5ae401dc,"multicall(uint256 deadline, bytes[] data)",10092911
14968616,1655312505,0x4d1756ecb1a5feb6409a31ad44c9eb9314966bf7905d952d92c85846fe6920e2,6,0xe7d2c19ab3a8405e1e8e315bec78984ea092e212fce165c5cab62395a2722ae8,0x988a7bc24a9d0fa49989fb9734bda30f55760ceb,0x41545f8b9472d758bb669ed8eaeeecd7a9c4ec29,0xc0de3e8ad81a425231c4bdedf5fbb5a0b697f960,2000000000000000000000,Forta,FORT,18,199,131762,63920987171,113361,18916743,deprecated,0xae0b51df,"claim(uint256 index, uint256 amount, bytes32[] merkleProof)",10092911
14968616,1655312505,0x77ddf90582aad5029855602a68a4932e889f1e19186e4fdb0ad278def445895e,2,0xe7d2c19ab3a8405e1e8e315bec78984ea092e212fce165c5cab62395a2722ae8,0x064a25126a0d6b28ea9489cd9949030807ac332e,0x41545f8b9472d758bb669ed8eaeeecd7a9c4ec29,0xb5ec79c3e4bcf2a4dc3301be9d616186b4a8087d,50000000000000000000,Forta,FORT,18,241,95565,63920987171,63170,24916329,deprecated,0xa9059cbb,"transfer(address _to, uint256 _value)",10092911
14968617,1655312519,0xce66f2734cc9bf2fb24288cf82e9be8d788a27753cbb844cef554ecdefe2cd75,1,0x16932ccb813c5ff00fbfaf8080d175a7bf25339cce8c7b4e539e31a31acf968f,0x886e03438e90a05a2710d0765491a4eced3f5ee2,0x41545f8b9472d758bb669ed8eaeeecd7a9c4ec29,0x3686cce964e8b7cc0761c83f6c799b606cf4969c,2000000000000000000000,Forta,FORT,18,35,69507,71715652411,41270,4111913,deprecated,0xa9059cbb,"transfer(address _to, uint256 _value)",10092910
14968618,1655312525,0x094400e0608742d09b27a78d31891f8271f929fd55d2d763a041209000816f08,0,0x352227fe9545f28dc585a9c0f6720b6b5c4df1967192c8ccd4aab63e7fe0f4c6,0x988a7bc24a9d0fa49989fb9734bda30f55760ceb,0x41545f8b9472d758bb669ed8eaeeecd7a9c4ec29,0xf733a03a88667e4bd91aaff0ab30b59f24dd4ed5,2000000000000000000000,Forta,FORT,18,12,131653,85489585260,113267,653288,deprecated,0xae0b51df,"claim(uint256 index, uint256 amount, bytes32[] merkleProof)",10092909
14968618,1655312525,0x75f201779d6a8d47a3cb7ddf7af49d8e7cb11a908f30d679f629238317ffb2e0,7,0x352227fe9545f28dc585a9c0f6720b6b5c4df1967192c8ccd4aab63e7fe0f4c6,0x988a7bc24a9d0fa49989fb9734bda30f55760ceb,0x41545f8b9472d758bb669ed8eaeeecd7a9c4ec29,0x56665862e6ed4df765381348d28eb774e2935d44,2000000000000000000000,Forta,FORT,18,26,131639,75733630319,113255,1238865,deprecated,0xae0b51df,"claim(uint256 index, uint256 amount, bytes32[] merkleProof)",10092909
14968618,1655312525,0x11f09ff94bb123b894b97e8b00c7093872c9d5a81483e54175c11138c94e6b15,226,0x352227fe9545f28dc585a9c0f6720b6b5c4df1967192c8ccd4aab63e7fe0f4c6,0x40ec5b33f54e0e8a33a975908c5ba1c14e5bbbdf,0x41545f8b9472d758bb669ed8eaeeecd7a9c4ec29,0xfdc09c96e5b7ebe2f6c36e1bc0b6a6a8c6571c82,1610961066699999956992,Forta,FORT,18,150,379133,66915380986,262504,10908991,deprecated,0x3805550f,exit(bytes inputData),10092909
14968618,1655312525,0xb983abdc3b903b81d9fbd83a6853d86064edfffd920974be8feb322e08171a6f,114,0x352227fe9545f28dc585a9c0f6720b6b5c4df1967192c8ccd4aab63e7fe0f4c6,0x98ab20307fdaba1ce8b16d69d22461c6dbe85459,0x41545f8b9472d758bb669ed8eaeeecd7a9c4ec29,0x1673888242bad06cc87a7bcaff392cb27218b3e3,333560561618704962730,Forta,FORT,18,156,171225,66908437826,137395,11411622,deprecated,0x5ae401dc,"multicall(uint256 deadline, bytes[] data)",10092909
14968618,1655312525,0x06d6b3cf3bcd4e6e1e2150d45293cd5accaeb3f6899e5d2d7981d437ab4c5f3f,13,0x352227fe9545f28dc585a9c0f6720b6b5c4df1967192c8ccd4aab63e7fe0f4c6,0x2fccfb738326e1b0a043ac985dd2ef77a1f77882,0x41545f8b9472d758bb669ed8eaeeecd7a9c4ec29,0x568c41299cfe16b32357901f130fa33e823aed94,100000000000000000000,Forta,FORT,18,169,95565,66908437826,63170,12387158,deprecated,0xa9059cbb,"transfer(address _to, uint256 _value)",10092909
14968619,1655312543,0x2cac8605902f28a07a5dd6f644dc7884281561d8267ce968ef7c2d70a810eaf1,0,0xb36cedc22e994291c3681b3c7c0ee8393e23dd8393eb7d67b4a1dd0178fff529,0x988a7bc24a9d0fa49989fb9734bda30f55760ceb,0x41545f8b9472d758bb669ed8eaeeecd7a9c4ec29,0x06c43ffa0a474945debd02f22e3827bd0ae163f4,3000000000000000000000,Forta,FORT,18,0,131639,107573478617,113255,113255,deprecated,0xae0b51df,"claim(uint256 index, uint256 amount, bytes32[] merkleProof)",10092908
14968619,1655312543,0x745a4d0d40d9796bd399353022bef13bd79d842a92a60167447c2534221daeb6,0,0xb36cedc22e994291c3681b3c7c0ee8393e23dd8393eb7d67b4a1dd0178fff529,0x988a7bc24a9d0fa49989fb9734bda30f55760ceb,0x41545f8b9472d758bb669ed8eaeeecd7a9c4ec29,0x105e86ff65b3889dc39449e52f9610d529867a54,2000000000000000000000,Forta,FORT,18,1,131721,107573478617,113325,226580,deprecated,0xae0b51df,"claim(uint256 index, uint256 amount, bytes32[] merkleProof)",10092908
14968619,1655312543,0xbed8dc3d09782e1e0eca2a79a8c952c745cbd86da8edffee94fd3196fbc5b638,0,0xb36cedc22e994291c3681b3c7c0ee8393e23dd8393eb7d67b4a1dd0178fff529,0x988a7bc24a9d0fa49989fb9734bda30f55760ceb,0x41545f8b9472d758bb669ed8eaeeecd7a9c4ec29,0x444c435d26ecc0fdcb01c7207f04467b50f5b5cb,3000000000000000000000,Forta,FORT,18,2,131700,107573478617,113307,339887,deprecated,0xae0b51df,"claim(uint256 index, uint256 amount, bytes32[] merkleProof)",10092908
14968619,1655312543,0xec2966a89c2a7a6cbe379ab7d5fd15d54204e74b27ef720cf737be31f8c0a54f,814,0xb36cedc22e994291c3681b3c7c0ee8393e23dd8393eb7d67b4a1dd0178fff529,0x1673888242bad06cc87a7bcaff392cb27218b3e3,0x41545f8b9472d758bb669ed8eaeeecd7a9c4ec29,0xae743e1ca3ac1ff72b9be5943f4cba41535bd692,1046951222417847911585,Forta,FORT,18,26,307309,67864025671,209564,2303330,deprecated,0x5ae401dc,"multicall(uint256 deadline, bytes[] data)",10092908
14968620,1655312550,0xf7c52f745f8e89a43371f355224894e3a64b38631479add3469c7d0a1bc4a3fa,2,0x325cbdf445bc9659120ec254b909652426f98f671259156ad74f8fdc9c88df4a,0x988a7bc24a9d0fa49989fb9734bda30f55760ceb,0x41545f8b9472d758bb669ed8eaeeecd7a9c4ec29,0x7a50bac9d5bc4653d4c444e5d208b0d1c3911e07,2000000000000000000000,Forta,FORT,18,15,131696,107573478617,113303,1933070,deprecated,0xae0b51df,"claim(uint256 index, uint256 amount, bytes32[] merkleProof)",10092907
14968620,1655312550,0x7201c5261391e5008270aa6ba73990e2274cd28886b2960c0286c84ba2b0f1f4,13,0x325cbdf445bc9659120ec254b909652426f98f671259156ad74f8fdc9c88df4a,0x988a7bc24a9d0fa49989fb9734bda30f55760ceb,0x41545f8b9472d758bb669ed8eaeeecd7a9c4ec29,0xea7185e7d14feada97c05f9551f3761e32ed22dd,30000000000000000000000,Forta,FORT,18,16,131718,107573478617,113323,2046393,deprecated,0xae0b51df,"claim(uint256 index, uint256 amount, bytes32[] merkleProof)",10092907
14968620,1655312550,0x58b217fef5c2850fcb2a092b6838cfdc3d8b7249ed6aa198affbcd36ab22be75,119,0x325cbdf445bc9659120ec254b909652426f98f671259156ad74f8fdc9c88df4a,0x1673888242bad06cc87a7bcaff392cb27218b3e3,0x41545f8b9472d758bb669ed8eaeeecd7a9c4ec29,0x3472ccc4a932cc5c07740781286083048eb4a5f1,2080827554669480556212,Forta,FORT,18,164,328537,61795798227,226666,12063120,deprecated,0x5ae401dc,"multicall(uint256 deadline, bytes[] data)",10092907
14968620,1655312550,0xacdef5490994a6fc733edca45f9f0a3ccf42e8eb7f1f1c7499239051eed688b3,0,0x325cbdf445bc9659120ec254b909652426f98f671259156ad74f8fdc9c88df4a,0xfc113c3c96dac8fe5a78c617da35fb1ddd2a8cbd,0x41545f8b9472d758bb669ed8eaeeecd7a9c4ec29,0xf89d7b9c864f589bbf53a82105107622b35eaa40,500119987091301973526,Forta,FORT,18,206,90000,61795798227,41294,14057283,deprecated,0xa9059cbb,"transfer(address _to, uint256 _value)",10092907
14968620,1655312550,0x98944dfa24b2fde527fac4aa2c6db2cba4aa576d30adb848cdbbdd3e018e1062,0,0x325cbdf445bc9659120ec254b909652426f98f671259156ad74f8fdc9c88df4a,0x9aa9537d6174a2ffc426b819189dacd413bfc851,0x41545f8b9472d758bb669ed8eaeeecd7a9c4ec29,0xf89d7b9c864f589bbf53a82105107622b35eaa40,2000000000000000000000,Forta,FORT,18,207,90000,61795798227,41270,14098553,deprecated,0xa9059cbb,"transfer(address _to, uint256 _value)",10092907
14968620,1655312550,0xc879145dee7e49eed70e633f37895177c45ab385143139aa7597e06e142672e5,3,0x325cbdf445bc9659120ec254b909652426f98f671259156ad74f8fdc9c88df4a,0x40ec5b33f54e0e8a33a975908c5ba1c14e5bbbdf,0x41545f8b9472d758bb669ed8eaeeecd7a9c4ec29,0xfdfe68525502d85d7bea30a59068ac6a0fe89f2c,2055051232700000018432,Forta,FORT,18,251,380616,61387360401,263987,16895215,deprecated,0x3805550f,exit(bytes inputData),10092907
14968620,1655312550,0xc7e301a12d8c2d5ee1233d7d05fc12ff32d29ecca9f47ae5299c0ba727d7d4c0,1,0x325cbdf445bc9659120ec254b909652426f98f671259156ad74f8fdc9c88df4a,0x40ec5b33f54e0e8a33a975908c5ba1c14e5bbbdf,0x41545f8b9472d758bb669ed8eaeeecd7a9c4ec29,0x216588c4a395db0b28a494d0745abc0eac5e9783,2065849845499999959040,Forta,FORT,18,253,361195,61302741387,245394,17369398,deprecated,0x3805550f,exit(bytes inputData),10092907
14968620,1655312550,0x1b267fcc034f74c88058f31c9c2de6c380ee137bf7716f12d6db56636a5e7f35,542,0x325cbdf445bc9659120ec254b909652426f98f671259156ad74f8fdc9c88df4a,0x12c604e03b9d89b8e5f6b1c65a35752e6c791b64,0x41545f8b9472d758bb669ed8eaeeecd7a9c4ec29,0x1673888242bad06cc87a7bcaff392cb27218b3e3,1000000000000000000000,Forta,FORT,18,268,241894,61295798227,132483,18481468,deprecated,0x5ae401dc,"multicall(uint256 deadline, bytes[] data)",10092907
14968620,1655312550,0xd6564b2a1d806dc782f55cf8e005c769d385ee5933d6b42078016b38cd97a37a,302,0x325cbdf445bc9659120ec254b909652426f98f671259156ad74f8fdc9c88df4a,0x938d18b5bfb3d03d066052d6e513d2915d8797a0,0x41545f8b9472d758bb669ed8eaeeecd7a9c4ec29,0x1673888242bad06cc87a7bcaff392cb27218b3e3,450000000000000000000,Forta,FORT,18,273,385778,61295798227,227491,19433214,deprecated,0x5ae401dc,"multicall(uint256 deadline, bytes[] data)",10092907
14968621,1655312575,0x3e8d0388629b2611c89eaec01bab329b80d5e855c73a3f456e58d9e1c35a6a46,222,0x2fb24c4de96ba755905132cf91638fb23d575359b40aa3fa2f514ab3676813c8,0x988a7bc24a9d0fa49989fb9734bda30f55760ceb,0x41545f8b9472d758bb669ed8eaeeecd7a9c4ec29,0xd491e93c6b05e3cda3073482a5651bcfe3dc1cc7,1000000000000000000000,Forta,FORT,18,31,151693,107573478617,130421,4202935,deprecated,0xae0b51df,"claim(uint256 index, uint256 amount, bytes32[] merkleProof)",10092906
14968621,1655312575,0xde472bfe5840eed429c42510965a20b92d14174c1d9346c63ca1c98ce7eacf94,0,0x2fb24c4de96ba755905132cf91638fb23d575359b40aa3fa2f514ab3676813c8,0x988a7bc24a9d0fa49989fb9734bda30f55760ceb,0x41545f8b9472d758bb669ed8eaeeecd7a9c4ec29,0xec9beeb8d400d21e094f5d844dc4a37f64c4dc7d,3000000000000000000000,Forta,FORT,18,51,131760,91433271315,113359,5153775,deprecated,0xae0b51df,"claim(uint256 index, uint256 amount, bytes32[] merkleProof)",10092906
14968621,1655312575,0xb31afddce371a7dae5b0a0ae808d97f3b422cbf979810ff928ae7d8ecdd60841,1,0x2fb24c4de96ba755905132cf91638fb23d575359b40aa3fa2f514ab3676813c8,0x988a7bc24a9d0fa49989fb9734bda30f55760ceb,0x41545f8b9472d758bb669ed8eaeeecd7a9c4ec29,0x349bebb324b61f119b864e00672c6cb1eae336ab,2000000000000000000000,Forta,FORT,18,52,131762,91433271315,113361,5267136,deprecated,0xae0b51df,"claim(uint256 index, uint256 amount, bytes32[] merkleProof)",10092906
14968621,1655312575,0x90b80cc0718a13de417a418699373d0290cbce709bd86ac4f4eb2c238cb5f273,0,0x2fb24c4de96ba755905132cf91638fb23d575359b40aa3fa2f514ab3676813c8,0x988a7bc24a9d0fa49989fb9734bda30f55760ceb,0x41545f8b9472d758bb669ed8eaeeecd7a9c4ec29,0xc5261c203260be716bd0d2365f66142f0c74baa9,3000000000000000000000,Forta,FORT,18,53,131674,91433271315,113285,5380421,deprecated,0xae0b51df,"claim(uint256 index, uint256 amount, bytes32[] merkleProof)",10092906
14968621,1655312575,0x4a2cebd86efe5f338f522004befbedba74ee48183cdea60fd8397f5ec1c0b114,30,0x2fb24c4de96ba755905132cf91638fb23d575359b40aa3fa2f514ab3676813c8,0x988a7bc24a9d0fa49989fb9734bda30f55760ceb,0x41545f8b9472d758bb669ed8eaeeecd7a9c4ec29,0xfe989a7fe9374232ed74ca3b408a3309ed61e1c9,2000000000000000000000,Forta,FORT,18,54,131712,91433271315,113317,5493738,deprecated,0xae0b51df,"claim(uint256 index, uint256 amount, bytes32[] merkleProof)",10092906
14968621,1655312575,0x1d60176c8d628c13a98378cc1ba3ad85b57e146b23aa9959919a992f8556d9c7,0,0x2fb24c4de96ba755905132cf91638fb23d575359b40aa3fa2f514ab3676813c8,0x988a7bc24a9d0fa49989fb9734bda30f55760ceb,0x41545f8b9472d758bb669ed8eaeeecd7a9c4ec29,0xd4e4d8fa478b1df942636b37b2642d465359dea1,3000000000000000000000,Forta,FORT,18,55,131674,91433271315,113285,5607023,deprecated,0xae0b51df,"claim(uint256 index, uint256 amount, bytes32[] merkleProof)",10092906
14968621,1655312575,0x3245c5ddc69f268d101abf9c96a1118450052a043de469497f467bc6b598fa96,5,0x2fb24c4de96ba755905132cf91638fb23d575359b40aa3fa2f514ab3676813c8,0x40ec5b33f54e0e8a33a975908c5ba1c14e5bbbdf,0x41545f8b9472d758bb669ed8eaeeecd7a9c4ec29,0x37787397d6e0e1789324027b8559bed096359c14,1740612884926000008192,Forta,FORT,18,329,379097,68000000000,262468,26035275,deprecated,0x3805550f,exit(bytes inputData),10092906
14968622,1655312663,0x5b2cd4822bf59ceb8f33e48022474c689fadbba6bd9cf66b028073f8fa45bcf6,267,0xe44381a3217c3839616e2db3c2aeec2493c28552bb4a9d134dbbde6083a7d34f,0x79af750f319ba1ec6691cdc7fdcd03b012af6f61,0x41545f8b9472d758bb669ed8eaeeecd7a9c4ec29,0x1673888242bad06cc87a7bcaff392cb27218b3e3,1000000000000000000000,Forta,FORT,18,65,171144,75866790668,137329,4189937,deprecated,0x5ae401dc,"multicall(uint256 deadline, bytes[] data)",10092905
14968622,1655312663,0xbff5f0479308f069ad69e6493d9444905d45f0f65d233ab4013afa82fe584c7c,20,0xe44381a3217c3839616e2db3c2aeec2493c28552bb4a9d134dbbde6083a7d34f,0x4effba37e8c7e34fc4241995b3380f2b9033c99f,0x41545f8b9472d758bb669ed8eaeeecd7a9c4ec29,0x1673888242bad06cc87a7bcaff392cb27218b3e3,2000000000000000000000,Forta,FORT,18,228,384607,75516790668,275476,14744480,deprecated,0x5ae401dc,"multicall(uint256 deadline, bytes[] data)",10092905
14968622,1655312663,0x36f3cce08f95ddfe63138dd8ec94d307677523e11e44f049d25e764606a25dcf,262,0xe44381a3217c3839616e2db3c2aeec2493c28552bb4a9d134dbbde6083a7d34f,0xec30dbfc670eaee44d681a4dd6bbf92b99dd8409,0x41545f8b9472d758bb669ed8eaeeecd7a9c4ec29,0x3ea150cb1d594dc75070242b8b0245ba63aedd97,1000000000000000000000,Forta,FORT,18,239,95565,75366790668,58370,16328420,deprecated,0xa9059cbb,"transfer(address _to, uint256 _value)",10092905
14968622,1655312663,0xd09ae945976b4a1aa7d493457958bcb2a008a4fad28013d05a0e2b2ec342d096,1,0xe44381a3217c3839616e2db3c2aeec2493c28552bb4a9d134dbbde6083a7d34f,0xf733a03a88667e4bd91aaff0ab30b59f24dd4ed5,0x41545f8b9472d758bb669ed8eaeeecd7a9c4ec29,0x1aa1506a77f46137935f7e1a8fcb78869c520195,2000000000000000000000,Forta,FORT,18,293,69507,75366790668,41270,21436639,deprecated,0xa9059cbb,"transfer(address _to, uint256 _value)",10092905
14968624,1655312683,0x1cc80a70fe7b60500e89fa45224824b720c21ffb4ae31bdac6980ec17f67bb9a,77,0x298c75a6b4aef0d731c4a6dff501995f22dfc9c2783c068e1e8124e065c09af7,0x988a7bc24a9d0fa49989fb9734bda30f55760ceb,0x41545f8b9472d758bb669ed8eaeeecd7a9c4ec29,0xaffc70b81d54f229a5f50ec07e2c76d2aaad07ae,1000000000000000000000,Forta,FORT,18,3,131698,126505493195,113305,645530,deprecated,0xae0b51df,"claim(uint256 index, uint256 amount, bytes32[] merkleProof)",10092903
14968624,1655312683,0xba4d64e8e8ae1522b8f7738ed3a038d9295bdb2ef5fabc75b8cd30d7ec141b83,174,0x298c75a6b4aef0d731c4a6dff501995f22dfc9c2783c068e1e8124e065c09af7,0xaf819c7d5b9e98afd3b59561a33067a94393e9d2,0x41545f8b9472d758bb669ed8eaeeecd7a9c4ec29,0x7a8c8c6f23371342e03dbbc1feaeb2a00fec62a4,500000000000000000000,Forta,FORT,18,66,95565,80841932493,63170,8343106,deprecated,0xa9059cbb,"transfer(address _to, uint256 _value)",10092903
14968624,1655312683,0x081df642f2ca40decea37265f206785a9116b91c815b304fcff73bd41b3904a7,1,0x298c75a6b4aef0d731c4a6dff501995f22dfc9c2783c068e1e8124e065c09af7,0xdc551c0647c6c18a993cf35a9cbcee4fb4367295,0x41545f8b9472d758bb669ed8eaeeecd7a9c4ec29,0x265f01d1cf3a567ef76c4b08cc8cffca5b99d05f,2000000000000000000000,Forta,FORT,18,122,95565,80841932493,58370,13324029,deprecated,0xa9059cbb,"transfer(address _to, uint256 _value)",10092903
14968624,1655312683,0xf9743d4df56e73fc8af53afa5b8a0071a4132ff070e0da1a2f3a362cad3e6fb3,31,0x298c75a6b4aef0d731c4a6dff501995f22dfc9c2783c068e1e8124e065c09af7,0xfe989a7fe9374232ed74ca3b408a3309ed61e1c9,0x41545f8b9472d758bb669ed8eaeeecd7a9c4ec29,0x89c13a9a882c3ade24c4573c8d5c2652ca5a86c5,2000000000000000000000,Forta,FORT,18,166,95565,80841932493,58370,19244982,deprecated,0xa9059cbb,"transfer(address _to, uint256 _value)",10092903
14968625,1655312692,0x08611ac2c1007d47b43e1368bc2e518d753f464e79b08f011d29cdd861e3b418,26,0x9fea2912c8cba2646fa71a9246f0863225256276420bd7b5f7ef1144638a3316,0x988a7bc24a9d0fa49989fb9734bda30f55760ceb,0x41545f8b9472d758bb669ed8eaeeecd7a9c4ec29,0x365f74edae47439075ab1c9d8e2386a29ecc5dce,2000000000000000000000,Forta,FORT,18,5,131739,126505493195,113341,678778,deprecated,0xae0b51df,"claim(uint256 index, uint256 amount, bytes32[] merkleProof)",10092902
14968625,1655312692,0xd86251c6df9d1ad247df62063c0ef8f6c46e614ec44b42d58c9714373e162dfa,0,0x9fea2912c8cba2646fa71a9246f0863225256276420bd7b5f7ef1144638a3316,0x988a7bc24a9d0fa49989fb9734bda30f55760ceb,0x41545f8b9472d758bb669ed8eaeeecd7a9c4ec29,0x851f52535bbd1e48813adfa9aeac46daf4f1b9b5,3000000000000000000000,Forta,FORT,18,18,131723,109312747637,113327,1355044,deprecated,0xae0b51df,"claim(uint256 index, uint256 amount, bytes32[] merkleProof)",10092902
14968625,1655312692,0xb54fd64ddba5f63aeffbad78ff31e703aa4a9b4a1b8e09fa87bdd330823db844,528,0x9fea2912c8cba2646fa71a9246f0863225256276420bd7b5f7ef1144638a3316,0x988a7bc24a9d0fa49989fb9734bda30f55760ceb,0x41545f8b9472d758bb669ed8eaeeecd7a9c4ec29,0x73de9385b9209f0759918406cdb0d52a5a73b6b9,2000000000000000000000,Forta,FORT,18,28,131639,91433271315,113255,1951032,deprecated,0xae0b51df,"claim(uint256 index, uint256 amount, bytes32[] merkleProof)",10092902
14968625,1655312692,0x87facac09d806272c8127d2cd54ad3692702499f874f34d182d2ed449aac4fa6,31,0x9fea2912c8cba2646fa71a9246f0863225256276420bd7b5f7ef1144638a3316,0x1673888242bad06cc87a7bcaff392cb27218b3e3,0x41545f8b9472d758bb669ed8eaeeecd7a9c4ec29,0xa356867fdcea8e71aeaf87805808803806231fdc,1147422432779795726785,Forta,FORT,18,85,858447,85694013364,515658,5167035,deprecated,0x54bacd13,"externalSwap(address fromToken, address toToken, address approveTarget, address swapTarget, uint256 fromTokenAmount, uint256 minReturnAmount, bytes callDataConcat, bool isIncentive, uint256 deadLine)",10092902
14968625,1655312692,0x87facac09d806272c8127d2cd54ad3692702499f874f34d182d2ed449aac4fa6,31,0x9fea2912c8cba2646fa71a9246f0863225256276420bd7b5f7ef1144638a3316,0xa356867fdcea8e71aeaf87805808803806231fdc,0x41545f8b9472d758bb669ed8eaeeecd7a9c4ec29,0x367edc2387e7eafbd96a2266f12ccf8e55f05372,1147422432779795726785,Forta,FORT,18,85,858447,85694013364,515658,5167035,deprecated,0x54bacd13,"externalSwap(address fromToken, address toToken, address approveTarget, address swapTarget, uint256 fromTokenAmount, uint256 minReturnAmount, bytes callDataConcat, bool isIncentive, uint256 deadLine)",10092902
14968625,1655312692,0x076461a1fec9979b7ec90c751a9e1265e3d29cda47e4f579743ccfa75a3394c9,0,0x9fea2912c8cba2646fa71a9246f0863225256276420bd7b5f7ef1144638a3316,0xfa49c49a0bd91f148bfbb90c2bc1ff5ab5d6c4c0,0x41545f8b9472d758bb669ed8eaeeecd7a9c4ec29,0xb739d0895772dbb71a89a3754a160269068f0d45,2000000000000000000000,Forta,FORT,18,96,250000,85694013364,41270,6014504,deprecated,0xa9059cbb,"transfer(address _to, uint256 _value)",10092902
14968625,1655312692,0x65eef632b76bbbe800ad7eb98c7cf611384bb62a01c524ddf516d96303a754d2,0,0x9fea2912c8cba2646fa71a9246f0863225256276420bd7b5f7ef1144638a3316,0x33678c656f2b6670a5d35993ce11d9625e831055,0x41545f8b9472d758bb669ed8eaeeecd7a9c4ec29,0xb739d0895772dbb71a89a3754a160269068f0d45,2000000000000000000000,Forta,FORT,18,98,250000,85694013364,41270,6102138,deprecated,0xa9059cbb,"transfer(address _to, uint256 _value)",10092902
14968625,1655312692,0x390b0104b6cf11ba009b51acb3c772546df944b67e1cbb5089b7bc44f2e1c386,0,0x9fea2912c8cba2646fa71a9246f0863225256276420bd7b5f7ef1144638a3316,0xad18d6e3f50470d89b45e4705d3bb0694ad4a6fe,0x41545f8b9472d758bb669ed8eaeeecd7a9c4ec29,0xb739d0895772dbb71a89a3754a160269068f0d45,1000000000000000000000,Forta,FORT,18,99,250000,85694013364,41270,6143408,deprecated,0xa9059cbb,"transfer(address _to, uint256 _value)",10092902
14968625,1655312692,0x74eb0120b855ee83abe9505d2224eb731f84363dd78600266fa09db860febaa6,0,0x9fea2912c8cba2646fa71a9246f0863225256276420bd7b5f7ef1144638a3316,0xe815af277a6e65b70e179b038e3ecd2e629adde4,0x41545f8b9472d758bb669ed8eaeeecd7a9c4ec29,0xb739d0895772dbb71a89a3754a160269068f0d45,1113045985947238901756,Forta,FORT,18,101,250000,85694013364,41294,6214127,deprecated,0xa9059cbb,"transfer(address _to, uint256 _value)",10092902
14968625,1655312692,0x2d300deca79f33b8c9ea64c20aee05f29ee5939fe28d21e6f2a7a2f97feffddd,0,0x9fea2912c8cba2646fa71a9246f0863225256276420bd7b5f7ef1144638a3316,0x0439af2b43e97a331a223d5cca4bb81d715065dd,0x41545f8b9472d758bb669ed8eaeeecd7a9c4ec29,0xb739d0895772dbb71a89a3754a160269068f0d45,9000000000000000000000,Forta,FORT,18,125,250000,85694013364,41282,7666185,deprecated,0xa9059cbb,"transfer(address _to, uint256 _value)",10092902
14968625,1655312692,0xff68804a6ba8a384006a9d5c687b3c7d13ddba9a3385372980ae29306f7a10c5,0,0x9fea2912c8cba2646fa71a9246f0863225256276420bd7b5f7ef1144638a3316,0x3bab3dc18695e432c80c3cabc68a77e609ff27a6,0x41545f8b9472d758bb669ed8eaeeecd7a9c4ec29,0xb739d0895772dbb71a89a3754a160269068f0d45,568781125410141137376,Forta,FORT,18,126,250000,85694013364,41294,7707479,deprecated,0xa9059cbb,"transfer(address _to, uint256 _value)",10092902
14968625,1655312692,0xd364dde5fa81ac2add322b49341ace4f16ae82336fe64d0bb2f73021c0525d19,0,0x9fea2912c8cba2646fa71a9246f0863225256276420bd7b5f7ef1144638a3316,0xaa4ca48eda8c2414fb53f83209f1bfd8013785d9,0x41545f8b9472d758bb669ed8eaeeecd7a9c4ec29,0xb739d0895772dbb71a89a3754a160269068f0d45,1000000000000000000000,Forta,FORT,18,129,250000,85694013364,41270,7962364,deprecated,0xa9059cbb,"transfer(address _to, uint256 _value)",10092902
14968625,1655312692,0x9c562972724d104526ea48ee833c7c0e4ac73e359a31833083638b7db5657bf5,0,0x9fea2912c8cba2646fa71a9246f0863225256276420bd7b5f7ef1144638a3316,0x5644facd69d501bd1fb9f6942ca80507674ca5f9,0x41545f8b9472d758bb669ed8eaeeecd7a9c4ec29,0xb739d0895772dbb71a89a3754a160269068f0d45,121020553541603242462,Forta,FORT,18,135,250000,85694013364,41294,8423721,deprecated,0xa9059cbb,"transfer(address _to, uint256 _value)",10092902
14968626,1655312704,0x93674157b3351fde51e34e9c1a06a6977d65d9859de91efd8e2c77b841259459,424,0x9246a73a2ba6a09e9c38d199fefc5398d512005cdabc114425f41ebf219d8469,0x988a7bc24a9d0fa49989fb9734bda30f55760ceb,0x41545f8b9472d758bb669ed8eaeeecd7a9c4ec29,0x575f0f46c427ee49dc1fe04874e661db161ac54e,1000000000000000000000,Forta,FORT,18,2,131726,120534081213,113329,183483,deprecated,0xae0b51df,"claim(uint256 index, uint256 amount, bytes32[] merkleProof)",10092901
14968626,1655312704,0xa0869778d680fede581cf8c9c2b3d639d019c8a2ba3393ab1bae6d445407d358,0,0x9246a73a2ba6a09e9c38d199fefc5398d512005cdabc114425f41ebf219d8469,0x7f4bb44a3628a3f59fd929264cfe6439bbe90216,0x41545f8b9472d758bb669ed8eaeeecd7a9c4ec29,0xf89d7b9c864f589bbf53a82105107622b35eaa40,1000000000000000000,Forta,FORT,18,93,90000,83767612045,46058,4911881,deprecated,0xa9059cbb,"transfer(address _to, uint256 _value)",10092901
14968626,1655312704,0xd6961f9bdaebf8c397cd7d1e7122890c1d33b9919170ac8d07f724f3403d9711,0,0x9246a73a2ba6a09e9c38d199fefc5398d512005cdabc114425f41ebf219d8469,0x8e155d81d613c8d6379ac96e801e3b3845588755,0x41545f8b9472d758bb669ed8eaeeecd7a9c4ec29,0xf89d7b9c864f589bbf53a82105107622b35eaa40,1000000000000000000000,Forta,FORT,18,94,90000,83767612045,41270,4953151,deprecated,0xa9059cbb,"transfer(address _to, uint256 _value)",10092901
14968626,1655312704,0x9139ca88c007e54a9993da3da0ea0feaaa7a1024fad9439aac43b9f4532d8ece,304,0x9246a73a2ba6a09e9c38d199fefc5398d512005cdabc114425f41ebf219d8469,0x938d18b5bfb3d03d066052d6e513d2915d8797a0,0x41545f8b9472d758bb669ed8eaeeecd7a9c4ec29,0x1673888242bad06cc87a7bcaff392cb27218b3e3,550000000000000000000,Forta,FORT,18,124,384624,83267612045,283673,7723846,deprecated,0x5ae401dc,"multicall(uint256 deadline, bytes[] data)",10092901
14968627,1655312713,0x1ff0258517333ffc1780057911954929367774f34fb77cc11bdf2e43454795b6,34,0xabc4595484303842aecead935799f85bfbd9e9dc53c2ecda4d4a6b7188faaef3,0xc92c4df3dd076d3ef60f2c6c533ee16616f4d8a5,0x41545f8b9472d758bb669ed8eaeeecd7a9c4ec29,0x99b766cefe2553e7a3e1f362343829dcd1356b36,1999000000000000000000,Forta,FORT,18,60,95565,78970993262,63170,3984826,deprecated,0xa9059cbb,"transfer(address _to, uint256 _value)",10092900
14968628,1655312720,0xbfa907a9ef2d16d8b0e05ac6eafdea43ab9ae14c63e5b7e8896d443d321e9790,1,0x1e920470871858f18a03f62be548ddfce429481ab541f07c371d3590dcdf3c87,0x40ec5b33f54e0e8a33a975908c5ba1c14e5bbbdf,0x41545f8b9472d758bb669ed8eaeeecd7a9c4ec29,0xe37bb41513d09e7fcc50b018275a28ce4958e78c,2036364930000000010240,Forta,FORT,18,35,361239,73233985468,245438,2046764,deprecated,0x3805550f,exit(bytes inputData),10092899
14968629,1655312722,0x5ef684048215544f40c9309a628a20671a057028c93cd9fd8a0f31dafab12337,0,0xf426702f6a0ca7ea69e77ccea7df14820bfa0b659ea509447a9c66dac319d40e,0x988a7bc24a9d0fa49989fb9734bda30f55760ceb,0x41545f8b9472d758bb669ed8eaeeecd7a9c4ec29,0x5c071f851c91a7a6d21a20a48d0ae31312b1a82d,3000000000000000000000,Forta,FORT,18,14,131688,109489778202,113297,884010,deprecated,0xae0b51df,"claim(uint256 index, uint256 amount, bytes32[] merkleProof)",10092898
14968629,1655312722,0xb2bf7fdad2a72ecb26352edd1d0060cc5b632bbc5c820c924ab16b5aa23358f8,1,0xf426702f6a0ca7ea69e77ccea7df14820bfa0b659ea509447a9c66dac319d40e,0xe895a12ee95bce15f7cfd8c500ad8a844a17580e,0x41545f8b9472d758bb669ed8eaeeecd7a9c4ec29,0xf898f4dfbeb21c119b0024daf2e9a56346675d12,2000000000000000000000,Forta,FORT,18,62,95547,69300000000,58358,2855316,deprecated,0xa9059cbb,"transfer(address _to, uint256 _value)",10092898
14968629,1655312722,0x5c77cb36046ce25cf5435a76ed712fd33b6d67b5079969351b38dc7c7fc511a8,122,0xf426702f6a0ca7ea69e77ccea7df14820bfa0b659ea509447a9c66dac319d40e,0x1673888242bad06cc87a7bcaff392cb27218b3e3,0x41545f8b9472d758bb669ed8eaeeecd7a9c4ec29,0x3472ccc4a932cc5c07740781286083048eb4a5f1,3895537293783362134063,Forta,FORT,18,146,366865,66348052720,264838,9491220,deprecated,0x5ae401dc,"multicall(uint256 deadline, bytes[] data)",10092898
14968629,1655312722,0x6bda633d7bba1003b5df28fbe7b3117b95451129c3aac01244a2c1039c21def1,1,0xf426702f6a0ca7ea69e77ccea7df14820bfa0b659ea509447a9c66dac319d40e,0xde515a08301b24d6bef27744ec6a4d8fdb53902c,0x41545f8b9472d758bb669ed8eaeeecd7a9c4ec29,0xd59bf3f26589b7a9a3a3dfd215e1d3c85d6f2bf5,3000000000000000000000,Forta,FORT,18,223,95565,65848052720,58370,15735583,deprecated,0xa9059cbb,"transfer(address _to, uint256 _value)",10092898
14968631,1655312745,0x6da1480c5dbb95897c1b92511ef9f1c6b777b4084e2f5344e44a7b4ac6e101f0,160,0x15e7bc7851a3fe3ea1ce67cccc892e48b60ffca0228b0d767c26c3cd7fb616fb,0x988a7bc24a9d0fa49989fb9734bda30f55760ceb,0x41545f8b9472d758bb669ed8eaeeecd7a9c4ec29,0xd4a83e7af7cbbd08f936244c6e467e2bfbefe248,2000000000000000000000,Forta,FORT,18,8,131698,109489778202,113305,2160626,deprecated,0xae0b51df,"claim(uint256 index, uint256 amount, bytes32[] merkleProof)",10092896
14968631,1655312745,0x2ea7fdc2d9d9507daf9d3d067f4c43c94d1a0527ed6151e0b3512603f557edab,22,0x15e7bc7851a3fe3ea1ce67cccc892e48b60ffca0228b0d767c26c3cd7fb616fb,0x988a7bc24a9d0fa49989fb9734bda30f55760ceb,0x41545f8b9472d758bb669ed8eaeeecd7a9c4ec29,0x5ce4a2141a0c14e06e4485f4530fb3e6fc486b3f,2000000000000000000000,Forta,FORT,18,9,129846,109489778202,111704,2272330,deprecated,0xae0b51df,"claim(uint256 index, uint256 amount, bytes32[] merkleProof)",10092896
14968631,1655312745,0x23ff7481e1b3bfd6e1584f2a58da0ef2f14138f89b6d7de3b294557236e5eecf,111,0x15e7bc7851a3fe3ea1ce67cccc892e48b60ffca0228b0d767c26c3cd7fb616fb,0x988a7bc24a9d0fa49989fb9734bda30f55760ceb,0x41545f8b9472d758bb669ed8eaeeecd7a9c4ec29,0x499e5472efac555b5b6dc4bfeb7e8a84a51b5160,1000000000000000000000,Forta,FORT,18,13,151654,101794926063,130387,2544557,deprecated,0xae0b51df,"claim(uint256 index, uint256 amount, bytes32[] merkleProof)",10092896
14968631,1655312745,0x7564df075c7b8fb342d33b3f418417fe9ac13361464b16e75656ba734c64662d,4047,0x15e7bc7851a3fe3ea1ce67cccc892e48b60ffca0228b0d767c26c3cd7fb616fb,0x93cdb0a93fc36f6a53ed21ecf6305ab80d06beca,0x41545f8b9472d758bb669ed8eaeeecd7a9c4ec29,0x1673888242bad06cc87a7bcaff392cb27218b3e3,1000000000000000000000,Forta,FORT,18,98,253145,62518288803,225279,8593072,deprecated,0x803ba26d,"sellTokenForEthToUniswapV3(bytes encodedPath, uint256 sellAmount, uint256 minBuyAmount, address recipient)",10092896
14968631,1655312745,0x3bc7c8f704e7c96c0577955bf50fcf9838b1a091996cacb5c6857f6319fd27e5,33,0x15e7bc7851a3fe3ea1ce67cccc892e48b60ffca0228b0d767c26c3cd7fb616fb,0xf9abe3d036ceb4cb3c6416ef1c7bb2a18b34f167,0x41545f8b9472d758bb669ed8eaeeecd7a9c4ec29,0x196d9d3d2affc4be0f1aaac85b91a0a66cdf653a,2000000000000000000000,Forta,FORT,18,127,95565,62018288803,58370,11559607,deprecated,0xa9059cbb,"transfer(address _to, uint256 _value)",10092896
14968631,1655312745,0x0d5fdf9ee1d36c00f2793cf7526fe8ccc212527ed7538ab4f005fce73da06d6a,305,0x15e7bc7851a3fe3ea1ce67cccc892e48b60ffca0228b0d767c26c3cd7fb616fb,0x938d18b5bfb3d03d066052d6e513d2915d8797a0,0x41545f8b9472d758bb669ed8eaeeecd7a9c4ec29,0x1673888242bad06cc87a7bcaff392cb27218b3e3,500000000000000000000,Forta,FORT,18,141,322542,62018288803,221731,13387275,deprecated,0x5ae401dc,"multicall(uint256 deadline, bytes[] data)",10092896
14968633,1655312758,0x6509158ddfe99a5f733f4464fdd34b2ad37f76954d8cef583f2c08647552fe19,222,0x924d76023e4c80418ab6676559e04a5b335d8f9ec4f54f8a799bb6f9fa510955,0x988a7bc24a9d0fa49989fb9734bda30f55760ceb,0x41545f8b9472d758bb669ed8eaeeecd7a9c4ec29,0xf957869f317d0cfe3a4f91e4f3425d6fe3048fd0,1000000000000000000000,Forta,FORT,18,11,131723,98022079080,113327,919406,deprecated,0xae0b51df,"claim(uint256 index, uint256 amount, bytes32[] merkleProof)",10092894
14968633,1655312758,0x53c3b2e1d0f46e02aa2c4fb963de85e7ef7798625a90827643a3a008e82966ef,16,0x924d76023e4c80418ab6676559e04a5b335d8f9ec4f54f8a799bb6f9fa510955,0x988a7bc24a9d0fa49989fb9734bda30f55760ceb,0x41545f8b9472d758bb669ed8eaeeecd7a9c4ec29,0x07bf3cda34aa78d92949bbdce31520714ab5b228,2000000000000000000000,Forta,FORT,18,93,169504,57438919430,145583,7177097,deprecated,0xdf948001,"externalClaim(tuple _claim,bytes _signature)",10092894
14968633,1655312758,0x9e13ab975b66d04e0a4991323d17134187af4828e7622376e46a7de8c973e975,274,0x924d76023e4c80418ab6676559e04a5b335d8f9ec4f54f8a799bb6f9fa510955,0x988a7bc24a9d0fa49989fb9734bda30f55760ceb,0x41545f8b9472d758bb669ed8eaeeecd7a9c4ec29,0x86d3ee9ff0983bc33b93cc8983371a500f873446,4000000000000000000000,Forta,FORT,18,116,169518,57201919430,145595,16596482,deprecated,0xdf948001,"externalClaim(tuple _claim,bytes _signature)",10092894
14968633,1655312758,0x6d3394eb07660e4c36bf64e3a5b02e8e0f585229e1826787efa70324c56c2263,559,0x924d76023e4c80418ab6676559e04a5b335d8f9ec4f54f8a799bb6f9fa510955,0xae8ec0f2279440c23fa776696198679e4ddce0c7,0x41545f8b9472d758bb669ed8eaeeecd7a9c4ec29,0x9024eca93dbbb2d43a99b38fdc93d27c524b372a,2000000000000000000000,Forta,FORT,18,121,95565,57000000000,58370,16851903,deprecated,0xa9059cbb,"transfer(address _to, uint256 _value)",10092894
14968633,1655312758,0xd90d39b23741ec5d851036a68ada2b7eb44ec0002709059efa3e6558545b12bb,78,0x924d76023e4c80418ab6676559e04a5b335d8f9ec4f54f8a799bb6f9fa510955,0x0528736e8c49d92ad78c448d4d6ca959ce7a6036,0x41545f8b9472d758bb669ed8eaeeecd7a9c4ec29,0x1673888242bad06cc87a7bcaff392cb27218b3e3,2000000000000000000000,Forta,FORT,18,128,381086,56938919430,290500,17665367,deprecated,0x5ae401dc,"multicall(uint256 deadline, bytes[] data)",10092894
14968633,1655312758,0x8dbec224820deb97f94f02f68c8b6931b03f1e6c4bcca114b0fcf5fc55f9571c,16,0x924d76023e4c80418ab6676559e04a5b335d8f9ec4f54f8a799bb6f9fa510955,0x988a7bc24a9d0fa49989fb9734bda30f55760ceb,0x41545f8b9472d758bb669ed8eaeeecd7a9c4ec29,0xbdbaafe12313ca57b11e8c759579365e69a05a7e,4000000000000000000000,Forta,FORT,18,134,169504,56938919430,145583,18920542,deprecated,0xdf948001,"externalClaim(tuple _claim,bytes _signature)",10092894
14968634,1655312763,0x9ebb69f02bae1fd8e7971e3915d4cae27071aa60467bdf42ea9091adec7a5afb,0,0x79f54421c47879c564d5ead58477a90273fd302a7ebc58213ea4a35300c0466b,0x988a7bc24a9d0fa49989fb9734bda30f55760ceb,0x41545f8b9472d758bb669ed8eaeeecd7a9c4ec29,0x025e3c9dd8138692b8ab69ea7d5ff3390b20b721,2000000000000000000000,Forta,FORT,18,8,131687,92277433205,113295,1220118,deprecated,0xae0b51df,"claim(uint256 index, uint256 amount, bytes32[] merkleProof)",10092893
14968634,1655312763,0x476ccac167a0a2d50f6332222ac9d47b5878d5cbe37774bcd92d5b3fe28fc15e,1,0x79f54421c47879c564d5ead58477a90273fd302a7ebc58213ea4a35300c0466b,0xe5200c42061e90a3dbadbdfa60cbd9d31bcde76b,0x41545f8b9472d758bb669ed8eaeeecd7a9c4ec29,0xd7dd78dfae8a70958b90075f52ece013cd5b9929,2000000000000000000000,Forta,FORT,18,80,95565,59761786788,58370,4863515,deprecated,0xa9059cbb,"transfer(address _to, uint256 _value)",10092893
14968634,1655312763,0xa1a2c70a1b13077c2518043a413d4782f7ff3222857a8a5897b0a78ff2032925,1,0x79f54421c47879c564d5ead58477a90273fd302a7ebc58213ea4a35300c0466b,0xb5ec79c3e4bcf2a4dc3301be9d616186b4a8087d,0x41545f8b9472d758bb669ed8eaeeecd7a9c4ec29,0xceb69f6342ece283b2f5c9088ff249b5d0ae66ea,50000000000000000000,Forta,FORT,18,82,200000,59504786788,41270,5010796,deprecated,0xa9059cbb,"transfer(address _to, uint256 _value)",10092893
14968636,1655312768,0xee3bf131bc5c471c8db954f46b13608e19f044b94d260c39db4344d305b3b1f0,307,0x202139508a0c62eca6ded9148566fff920bdfb5205b0822921bfe09b901330b3,0x988a7bc24a9d0fa49989fb9734bda30f55760ceb,0x41545f8b9472d758bb669ed8eaeeecd7a9c4ec29,0xc109636a2b47f8b290cc134dd446fcd7d7e0cc94,1000000000000000000000,Forta,FORT,18,68,131676,50000000000,113287,5184085,deprecated,0xae0b51df,"claim(uint256 index, uint256 amount, bytes32[] merkleProof)",10092891
14968636,1655312768,0x1d909af92a92c223377be0c724cf5f0e49ded32226620f90262c5ece12d83b82,3,0x202139508a0c62eca6ded9148566fff920bdfb5205b0822921bfe09b901330b3,0x988a7bc24a9d0fa49989fb9734bda30f55760ceb,0x41545f8b9472d758bb669ed8eaeeecd7a9c4ec29,0x657e0b58c30db73874e655d20c05af8d484c271b,2000000000000000000000,Forta,FORT,18,97,131710,49856488208,113315,10416671,deprecated,0xae0b51df,"claim(uint256 index, uint256 amount, bytes32[] merkleProof)",10092891
14968637,1655312769,0x955f6611a8b01eb0c2c27ff78b62abdd0fe963dd8b32b00dc67db8e2b01250a3,0,0xfb79df8547db32aab4f053cf42100680fdcc87d5d2de48408f0c1d86cc07af33,0x988a7bc24a9d0fa49989fb9734bda30f55760ceb,0x41545f8b9472d758bb669ed8eaeeecd7a9c4ec29,0x89f5d08666917eaab4f0a4ed1e8893371396264d,2000000000000000000000,Forta,FORT,18,9,131678,92277433205,113289,1246973,deprecated,0xae0b51df,"claim(uint256 index, uint256 amount, bytes32[] merkleProof)",10092890
14968637,1655312769,0xc54325932cf6bbf7b1693d6289174a0f2c1c00ce1caee4e1019895bf68b929b3,0,0xfb79df8547db32aab4f053cf42100680fdcc87d5d2de48408f0c1d86cc07af33,0x988a7bc24a9d0fa49989fb9734bda30f55760ceb,0x41545f8b9472d758bb669ed8eaeeecd7a9c4ec29,0x358e80c2ccaa48408c1de50c7f8e371a3153c090,2000000000000000000000,Forta,FORT,18,15,129822,85408379145,111684,1530995,deprecated,0xae0b51df,"claim(uint256 index, uint256 amount, bytes32[] merkleProof)",10092890
14968637,1655312769,0x7dd30e5e623ac317fceeacae14822c7b547aa49f6fe0f88142a6b3df2bfef262,47,0xfb79df8547db32aab4f053cf42100680fdcc87d5d2de48408f0c1d86cc07af33,0x988a7bc24a9d0fa49989fb9734bda30f55760ceb,0x41545f8b9472d758bb669ed8eaeeecd7a9c4ec29,0xc9ca2ba9a27de1db589d8c33ab8edfa2111b31fb,1000000000000000000000,Forta,FORT,18,46,131701,62533890872,113309,2956333,deprecated,0xae0b51df,"claim(uint256 index, uint256 amount, bytes32[] merkleProof)",10092890
14968637,1655312769,0x03c935697ce322090a3b87cfa5404eecb5c4c25d70040fbeb0e30607a71e7b20,0,0xfb79df8547db32aab4f053cf42100680fdcc87d5d2de48408f0c1d86cc07af33,0x6aa0d8cab42b5afe4f3e66ed31ee5f10180a14dd,0x41545f8b9472d758bb669ed8eaeeecd7a9c4ec29,0xf89d7b9c864f589bbf53a82105107622b35eaa40,3000000000000000000000,Forta,FORT,18,106,90000,50128495553,41270,7285616,deprecated,0xa9059cbb,"transfer(address _to, uint256 _value)",10092890
14968637,1655312769,0xc9a3e993112f2492973335ebd3735be492bf9e889c63579d7b67d5db4f1447ab,0,0xfb79df8547db32aab4f053cf42100680fdcc87d5d2de48408f0c1d86cc07af33,0x15d29fc965d37318cb41a0b6ae4d52579f7ea1de,0x41545f8b9472d758bb669ed8eaeeecd7a9c4ec29,0xf89d7b9c864f589bbf53a82105107622b35eaa40,1100000000000000000000,Forta,FORT,18,108,90000,50128495553,41270,7347886,deprecated,0xa9059cbb,"transfer(address _to, uint256 _value)",10092890
14968637,1655312769,0x5f8cf101723155783e7ee46a978a0bd764123c7d9217daff6687bd8f135b671b,79,0xfb79df8547db32aab4f053cf42100680fdcc87d5d2de48408f0c1d86cc07af33,0x988a7bc24a9d0fa49989fb9734bda30f55760ceb,0x41545f8b9472d758bb669ed8eaeeecd7a9c4ec29,0x9b2d6e2d5ef25c0454abaa392fcd9796e05567c9,1000000000000000000000,Forta,FORT,18,170,131673,49628495553,113283,11623449,deprecated,0xae0b51df,"claim(uint256 index, uint256 amount, bytes32[] merkleProof)",10092890
